:020000040800F2
:1080000000900020198E0108352E01083D2E010830
:108010000000000000000000000000000000000060
:10802000000000000000000000000000452E0108D4
:1080300000000000000000004F2E0108592E01082A
:10804000698E0108698E0108698E0108698E010830
:10805000698E0108698E0108698E0108698E010820
:10806000698E0108692E0108698E0108698E010870
:10807000698E0108698E0108698E0108698E010800
:10808000698E0108812E0108992E0108B12E010880
:10809000698E0108C92E0108E12E0108698E0108C8
:1080A000698E0108698E0108698E0108F92E0108A0
:0C80B000698E0108698E0108698E0108C4
:1080BC0010B5064C2378002B07D1054B002B02D0B2
:1080CC00044800E000BF0123237010BDE80200202B
:1080DC000000000080EC0108044B10B5002B03D00D
:1080EC000349044800E000BF10BDC046000000007A
:1080FC00EC02002080EC0108002243088B4274D370
:10810C0003098B425FD3030A8B4244D3030B8B428C
:10811C0028D3030C8B420DD3FF22090212BA030C95
:10812C008B4202D31212090265D0030B8B4219D376
:10813C0000E0090AC30B8B4201D3CB03C01A524196
:10814C00830B8B4201D38B03C01A5241430B8B42DE
:10815C0001D34B03C01A5241030B8B4201D30B03C7
:10816C00C01A5241C30A8B4201D3CB02C01A5241EE
:10817C00830A8B4201D38B02C01A5241430A8B42B1
:10818C0001D34B02C01A5241030A8B4201D30B029A
:10819C00C01A5241CDD2C3098B4201D3CB01C01AB4
:1081AC00524183098B4201D38B01C01A52414309BE
:1081BC008B4201D34B01C01A524103098B4201D3AC
:1081CC000B01C01A5241C3088B4201D3CB00C01A19
:1081DC00524183088B4201D38B00C01A5241430891
:1081EC008B4201D34B00C01A5241411A00D20146B6
:1081FC00524110467047FFE701B5002000F0F0F83F
:10820C0002BDC0460029F7D076E7704703460B4302
:10821C007FD4002243088B4274D303098B425FD373
:10822C00030A8B4244D3030B8B4228D3030C8B429F
:10823C000DD3FF22090212BA030C8B4202D3121285
:10824C00090265D0030B8B4219D300E0090AC30B5A
:10825C008B4201D3CB03C01A5241830B8B4201D307
:10826C008B03C01A5241430B8B4201D34B03C01AF0
:10827C005241030B8B4201D30B03C01A5241C30A68
:10828C008B4201D3CB02C01A5241830A8B4201D3D9
:10829C008B02C01A5241430A8B4201D34B02C01AC3
:1082AC005241030A8B4201D30B02C01A5241CDD268
:1082BC00C3098B4201D3CB01C01A524183098B42B3
:1082CC0001D38B01C01A524143098B4201D34B019C
:1082DC00C01A524103098B4201D30B01C01A5241FF
:1082EC00C3088B4201D3CB00C01A524183088B4286
:1082FC0001D38B00C01A524143088B4201D34B006F
:10830C00C01A5241411A00D20146524110467047E0
:10831C005DE0CA0F00D04942031000D340425340E5
:10832C0000229C4603098B422DD3030A8B4212D3A5
:10833C00FC22890112BA030A8B420CD389019211D7
:10834C008B4208D3890192118B4204D389013AD014
:10835C00921100E08909C3098B4201D3CB01C01AE9
:10836C00524183098B4201D38B01C01A52414309FC
:10837C008B4201D34B01C01A524103098B4201D3EA
:10838C000B01C01A5241C3088B4201D3CB00C01A57
:10839C00524183088B4201D38B00C01A5241D9D26F
:1083AC0043088B4201D34B00C01A5241411A00D2F0
:1083BC000146634652415B10104601D34042002BEC
:1083CC0000D54942704763465B1000D3404201B56B
:1083DC00002000F005F802BD0029F8D016E7704720
:1083EC007047C0468446100062468C4619006346AE
:1083FC0000E0C0461FB501F0C5FF002801D40021E4
:10840C00C8421FBD10B501F005FF4042013010BD40
:10841C0010B501F0B7FF002801DB002010BD0120D2
:10842C0010BDC04610B501F0ADFF002801DD0020E5
:10843C0010BD012010BDC04610B501F02FFF002863
:10844C0001DC002010BD012010BDC04610B501F0AC
:10845C0025FF002801DA002010BD012010BDC04608
:10846C00844608006146FFE71FB500F077FC002842
:10847C0001D40021C8421FBD10B500F0F7FB4042EB
:10848C00013010BD10B500F069FC002801DB0020A4
:10849C0010BD012010BDC04610B500F05FFC0028D7
:1084AC0001DD002010BD012010BDC04610B500F04C
:1084BC0005FC002801DC002010BD012010BDC046C9
:1084CC0010B500F0FBFB002801DA002010BD0120E4
:1084DC0010BDC046002B11D1002A0FD1002900D1AC
:1084EC00002802D00021C943080007B4024802A1A9
:1084FC004018029003BDC046E9FEFFFF03B4684676
:10850C0001B5029800F03CF8019B9E4602B00CBCF1
:10851C007047C0469E2110B5C905041CFFF7D0FF5B
:10852C00002803D1201C00F049FF10BD9E21201C07
:10853C00C90500F09FFD00F041FF80231B069C46FF
:10854C006044F2E770B500220C4B04000D00FFF7FD
:10855C007DFF002804D12000290002F00BFE70BD25
:10856C00064B00222000290002F046FA02F002FE1F
:10857C0080231B069C466044F1E7C0460000E041A6
:10858C00F0B557464E464546DE46E0B504000D00B4
:10859C009246994683B08B4230D82DD049465046EE
:1085AC0002F060FF29000600200002F05BFF331A86
:1085BC009846203B34D49B4653465A4693404246F9
:1085CC001F00534693401E00AF423BD8AF4200D130
:1085DC0079E05B46A41BBD41002B00DA76E000225B
:1085EC0000230092019301235A46934001930123E7
:1085FC0042469340009329E08242CFD900220023C7
:10860C00009201930C9B002B01D01C605D600098C4
:10861C00019903B0F0BCBB46B246A946A046F0BDDA
:10862C0042469B4620239B1A5246DA404146130091
:10863C004A468A40170042461F43534693401E0049
:10864C00AF42C3D900220023009201934346002B72
:10865C00D8D0FB0772081A4346467B080EE0AB42A3
:10866C0001D1A2420CD8A41A9D41012024196D41BC
:10867C000021013E24184D41002E06D0AB42EED90C
:10868C00013E24196D41002EF8D1009801995B46EA
:10869C0000196941002B24DB2B005A464446D34079
:1086AC002A00E2401C005B461500002B2ADB26004A
:1086BC009E40330026004746BE403200801A994146
:1086CC00009001919EE7A342BCD882E7424620234A
:1086DC0000219B1A0022009101920122DA400192A2
:1086EC0085E7424620239B1A2A0046469A402300DF
:1086FC00F340444613432A00E2401C005B4615003D
:10870C00002BD4DA42462F002023260097409B1AD8
:10871C00DE403B003343CDE7F8B5CE464746430237
:10872C005A0A4E024500C40F480091462D0E720A9B
:10873C00000E944680B59B09C90FB6092A1A8C42C3
:10874C0021D0002A0DDD00282DD1002E00D18DE086
:10875C00511E012A00D11DE1FF2A00D1ABE00A0015
:10876C0027E0002A4DD0421B002D00D0CCE0002B7E
:10877C0000D179E0541E012A00D128E1FF2A00D152
:10878C0097E02200C5E0002A00DC96E000284FD0DC
:10879C00FF2D00D18FE08021C9040E431B2A51DD2F
:1087AC002A00013318E0FF2D00D184E08021C90498
:1087BC000E4301211B2A08DC31002020D140821AF3
:1087CC0096403200501E824111435B1A5A0159D413
:1087DC0007212A00194049D00F211940042900D043
:1087EC000433590142D5501CFE2A3AD09B01C0B229
:1087FC005B0AC0051843E4072043C0BCB946B04629
:10880C00F8BDFE2080466F1C38004746074200D05A
:10881C008EE0002D00D0B4E0002B00D1DBE0002E68
:10882C006CD0981B450100D4F7E00C00F31A3DE026
:10883C00002E1BD0511E012A00D182E0FF2A3AD013
:10884C000A00ABE731002020D140821A964032005A
:10885C00501E82410A439B185A01B9D56A1CFE2D41
:10886C0075D1FF200023C4E70C003300DB08FF2A7E
:10887C0046D1002BF5D08022D20313435B02FF209C
:10888C005B0AB6E79F01BF09380002F0CDFD053841
:10889C008740854224DC3B002021421B0132D3401F
:1088AC008A1A97407A1E974100223B43590793D16D
:1088BC0097E70C003300DB08DBE7002A14D0421BDF
:1088CC00002D4BD1002BD0D0511E012A00D19EE09F
:1088DC00FF2AEFD00A001B2A5FDD0200731C7BE726
:1088EC00504B2A1A3B40E1E7FE216A1C11423BD156
:1088FC00002D5DD1002B7FD0002E7FD10022DB0814
:10890C005B025B0AD0B274E7FF28D2D08024E40467
:10891C00234301241B2A07DC1C002025D440AA1A5F
:10892C0093405A1E93411C43331B05000C004DE72A
:10893C009F1B7A0122D4002FA6D1002400200023F3
:10894C0057E79B1901250132590100D440E7012159
:10895C00354819405B0803400B43A7E7FF28A9D013
:10896C008021C9040B43B6E7FF2A00D179E79B1994
:10897C005B08590700D02FE7DB08C1E70C00F71A9A
:10898C0082E7002B2CD1002E93D180230024FF20D2
:10899C00DB032EE701259B1B18E719002025D1408E
:1089AC00AA1A93405A1E93410B4305009B1953E797
:1089BC00002B00D17EE7002E00D17CE78022D20371
:1089CC00914502D3944500D23300DB0853E70C00E9
:1089DC00F31A0135FAE6002EAFD00C0033008DE708
:1089EC00002E00D167E78022D2039145EDD3944548
:1089FC00EBD20C003300E8E733007FE79B19002231
:108A0C005901B9D5074A1340DB08012278E79B19B5
:108A1C000132013559019AD4DAE6031E8DD0DB08F8
:108A2C006EE7C046FFFFFFFBFFFFFF7DF0B54F4633
:108A3C004646D6464402C0B547000E1C640A3F0E9B
:108A4C00C50F002F3CD0FF2F42D000238022994627
:108A5C009A46E400D20414437F3F73025B0A9846A3
:108A6C0073001B0EF60F002B1BD0FF2B13D04246AE
:108A7C008021D200C9041143884600207F3B290085
:108A8C00FF1A4B467140C9B20F2B00D9B5E0744A9E
:108A9C009B00D3589F464346002B3FD1FF3F0233E8
:108AAC0003E04346002B2DD1012329004A46714097
:108ABC00C9B21A430E2A38D86A489200825897468F
:108ACC00002C13D104239946033B00279A46C4E794
:108ADC00002C05D108239946063BFF279A46BCE794
:108AEC000C239946093BFF279A46B6E7200002F073
:108AFC009BFC7627431F9C4000237F4299469A4655
:108B0C003F1AAAE7404602F08FFC4246431F9A40A8
:108B1C0076235B421B1A90460020B0E703234A469B
:108B2C001A4391460320FC33A9E70D00FF200022D5
:108B3C00C005ED0710432843E0BCBA46B146A84631
:108B4C00F0BD0D0000200022F2E75346022BEDD0C1
:108B5C00032B33D0A046012B05D100200022E7E7E0
:108B6C00350003287AD03B007F33002B2DDD4246A5
:108B7C00520707D00F2241460A40042A02D0042291
:108B8C009446E0444246120105D54246364B1A4003
:108B9C003B0090468033FE2BC8DC42469201520AC1
:108BAC00D8B2C5E780220025FF20D203C0E780227F
:108BBC00D203144202D04346134249D08022D2033E
:108BCC0022435202FF20520AB2E70122D31A1B2B76
:108BDC00C3DC4246DA4043469E37BB40591E8B41AC
:108BEC001A43530704D00F231340042B00D0043234
:108BFC00530129D5012000229AE742466301550111
:108C0C00AB4215D21B200022013F01261C00520052
:108C1C005B00002C01DB9D4201D85B1B3243013809
:108C2C000028F3D1581E8341134398460D009AE750
:108C3C001A2001225B1BE8E7023B5A4253415B427C
:108C4C0035000022D8B273E792010020520A6FE778
:108C5C001A4352023500FF20520A69E74446ADE739
:108C6C00F8EC010838ED0108FFFFFFF770B5420082
:108C7C004E024C0045026D0A120EC30F760A240EEA
:108C8C00C90FFF2A10D0FF2C0CD00120A2420AD110
:108C9C00B54208D18B420FD0002A04D12800431EC4
:108CAC00984100E0012070BD0120FF2CFBD1354321
:108CBC00F9D14B401800F6E70020F4E730B542003C
:108CCC0044024D02C30F4800640A120E6D0A000ED6
:108CDC00C90FFF2A19D0FF280BD0002A1ED100285B
:108CEC000BD1002D27D0002C34D100292FD0080017
:108CFC0030BD002D28D1002A01D1002CF5D08B429B
:108D0C0007D1002B23D01800F2E7002C1CD1FF2830
:108D1C0014D0581E022318400138E9E70028F8D077
:108D2C008B42F6D18242F4DCEBDBAC42F1D8002072
:108D3C00AC42DDD2E5E7002CDAD0EAE7002D03D116
:108D4C008B42E6D10020D3E702204042D0E701203D
:108D5C004042CDE78B42E8D0DBE7C04630B542005D
:108D6C0044024D02C30F4800640A120E6D0A000E35
:108D7C00C90FFF2A1AD0FF280ED0002A1ED10028B6
:108D8C000ED1002D2AD0002C0CD08B421DD0581E99
:108D9C0002231840013810E0002D0DD1002A20D1FB
:108DAC00002C1ED1002923D0080006E0002C03D192
:108DBC00FF28ECD1002D17D0022030BD0028E6D0C2
:108DCC008B42E4D18242E2DC04DBAC42DFD80020EF
:108DDC00AC42F2D2002B0BD01800EEE7002CECD0FA
:108DEC00D5E78B42D3D1F5E700208B42E5D0CEE717
:108DFC0001204042E1E7C046F0B54F464646D64614
:108E0C0043025B0A4500C0B599460F1C2D0EC60FD8
:108E1C00002D00D188E0FF2D00D18DE08022DB00F9
:108E2C00D2041A430023914698469A467F3D7C0211
:108E3C007B00640A1B0EFF0F002B68D0FF2B21D088
:108E4C008022E400D204144342467F3B5B1900218C
:108E5C005D1C0A2A2EDC7E404246022A23DC013AA3
:108E6C00012A00D9BDE002296ED001292CD10020A5
:108E7C000022C005F60710433043E0BCBA46B146A9
:108E8C00A846F0BD2B00FF33002C65D003224146D1
:108E9C0011433200013588467A40FF350A2900DD3E
:108EAC00D8E016000321404601228240A620C000D3
:108EBC00024220D05346022B46D0032B00D1BBE0FC
:108ECC0051464C460129D2D02B007F33002B70DD4C
:108EDC00620704D00F222240042A00D0043422015D
:108EEC0003D5634B1C402B008033FE2B2CDCA201E2
:108EFC00520AD8B2BDE790208000024227D1B9387F
:108F0C00FF3810426DD03E00A1468A46D2E7002CB5
:108F1C0041D1012342461A4390462B00424601217F
:108F2C005D1C0A2A97DDC5E7002B26D10423984641
:108F3C00033B00259A467AE7002B18D10823984664
:108F4C00063BFF259A4672E7FF20002291E780221C
:108F5C000026FF20D2038CE7414602220135114343
:108F6C008846FF350A29A5DC02217E4074E70C23D4
:108F7C009846093BFF259A4659E7180002F054FA27
:108F8C004A46431F76259A4000236D4291469846E7
:108F9C009A462D1A4BE7200002F046FA4246431F30
:108FAC009C402B1A763B00215D1C0A2A00DC52E700
:108FBC0080E70122D31A1B2B00DD58E79E352200D7
:108FCC00AC40DA40631E9C412243530704D00F236C
:108FDC001340042B00D00432530137D5012000225A
:108FEC0047E7210C4A462404240C2700100C1204D9
:108FFC00120C44435743484351433A0C0919521835
:10900C00944203D9802149028C4660443F041104E8
:10901C003F0CC9198C01671EBC41120C890E121829
:10902C000C439201144312010ED5012362081C401B
:10903C00144349E73E00A14680224B46D2031A4313
:10904C005202FF20520A14E71D003DE79201002056
:10905C00520A0EE70F29EDD180224B46D203134260
:10906C00EAD01442E8D13E00FF20224301E7C0467B
:10907C00FFFFFFF7F8B54746CE464E0243024500C8
:10908C00720AC40F480080B594465F0A2D0E9B09E6
:10909C00000EC90FB609FF2824D0012251402A1A0C
:1090AC008C420FD0002A00DC6AE1002835D1002E5A
:1090BC0000D1A2E0511E012A00D124E1FF2A21D0C7
:1090CC000A002FE0002A00DC67E100285ED0FF2DAB
:1090DC0018D08021C9040E431B2A00DC76E02A003C
:1090EC00013332E02A00FF3A9146002E42D08C42E6
:1090FC0055D04A46002A00D19CE0002D00D177E0E3
:10910C000C003300DB08002B00D16EE08022D20370
:10911C0013435B02FF205B0A24E0FF2DF2D0802179
:10912C00C9040E4301211B2A08DC31002020D14048
:10913C00821A96403200501E824111435B1A5A012A
:10914C0060D407212A00194057D00F211940042957
:10915C0000D00433590150D5501CFE2A45D09B0138
:10916C00C0B25B0AC0051843E4072043C0BCB94633
:10917C00B046F8BD012251408C42BAD14A46002A71
:10918C0010D0002D00D198E00023BBE7002E34D086
:10919C00511E012A6ED0FF2AB4D00A009CE7002A87
:1091AC0000D088E0FE206A1C104200D092E0002D16
:1091BC0000D0A4E0002B00D1CBE0002E00D0CAE000
:1091CC000022DB085B025B0AD0B2CBE73100202027
:1091DC00D140821A96403200501E82410A439B189D
:1091EC005A01AED56A1CFE2D4AD1FF200023B9E7E7
:1091FC00FF22002B4BD10C003300DB08FF2A00D1DF
:10920C0081E7DFE79F01BF09380002F00DF905384F
:10921C008740854221DC3B002021421B0132D34098
:10922C008A1A97407A1E974100223B43590700D077
:10923C008BE78FE7FE206A1C104212D1002D52D111
:10924C00002B7CD0002EBBD09A1B500100D48BE09D
:10925C0001240022F31A0C40E8E7564B2A1A3B4033
:10926C00E4E79F1B7A0146D4002FCDD100240020C7
:10927C00002377E79B1901250132590100D460E7DF
:10928C0001214D4819405B0803400B43CEE7571EA4
:10929C00012A5AD00C00FF2A33D001221B2F07DCE5
:1092AC002021C91B1A008B40FA40591E8B411A43CE
:1092BC000500B31A43E7002D23D1FF22002B9BD0CE
:1092CC00511E012AD6D0FF2A1BD01B292CDD0200EF
:1092DC00731C3AE7FF2A88D09B195B08590700D00A
:1092EC0033E7DB086EE7002B10D1002E43D00124AE
:1092FC0033000C4006E70124F71A0C4084E7002BDE
:10930C0004D13300FEE601259B1B18E7002E00D18B
:10931C00F8E68022D203974204D3944502D201246A
:10932C0033000C40DB08F1E61A002025CA40691A0C
:10933C008B40591E8B41134305009B1950E7002E9F
:10934C0094D0012433000C403AE70C000125F31AA9
:10935C00F5E6330034E79B1900225901C1D5154AB3
:10936C001340DB0801222DE7002A00D17EE7130011
:10937C000022DB0826E780230024FF20DB03F1E634
:10938C00002A00D156E7471B3A00002D00D130E7E8
:10939C008022D2040C0013437FE7002A00D101E79E
:1093AC00411B002D01D10A0088E78022D20413430F
:1093BC008BE7C046FFFFFFFBFFFFFF7D4102420032
:1093CC00C30F490A0020120E7E2A03DD9D2A02DDFE
:1093DC00094A98187047802000040143952A07DC3D
:1093EC009620821AD1404842002BF3D10800F1E7B5
:1093FC00963A9140F7E7C046FFFFFF7F70B5002813
:10940C0013D0C317C5185D40C40F280002F00CF828
:10941C009E2301001B1A962B0FDC082834D0083928
:10942C008D406D026D0AD8B202E0002400200025A8
:10943C00C0052843E407204370BD992B16DC421F5E
:10944C00052800D095402A00114802406E0709D02B
:10945C000F263540042D05D00432550102D59F232B
:10946C0002405B1A9201550AD8B2E1E70522121AA2
:10947C002800D040020008001B3085402800451E03
:10948C00A84102431500DEE76D0296206D0ACFE776
:10949C00FFFFFFFB70B5041E0ED001F0C5FF9E232D
:1094AC0001001B1A962B0CDC08282FD008398C4095
:1094BC006402640AD8B201E000200024C0052043F5
:1094CC0070BD992B16DC421F052800D09440220059
:1094DC0010480240650709D00F252C40042C05D0FC
:1094EC000432540102D59F2302405B1A9201540AA4
:1094FC00D8B2E3E7020020001B3290400200501E5D
:10950C0082410520401AC4401443E0E764029620CF
:10951C00640AD3E7FFFFFFFBF0B557464E464546BE
:10952C00DE46E0B583B0009001910C034F00CE0FE6
:10953C00610A009C1D03640F0C4300990092019377
:10954C00C80059004B0D9946009A019B6D0AD90F22
:10955C00530F2B439A46009B7F0DDA0094464A46E4
:10956C00B046BA1A8E4200D1B0E0002A00DC78E096
:10957C004946002900D1E9E0C9498F4200D195E163
:10958C000125382A16DC8021534609040B439A46E0
:10959C001F2A00DDE7E1202155468B1A61469D40CC
:1095AC00D1400D43614699404B1E99415346D340DF
:1095BC000D43E41A451BA84280414042241A230261
:1095CC0000D40FE16402640A002C00D139E12000C0
:1095DC0001F02AFF0300083B20212800CA1AD040C2
:1095EC009C4002009D4022439F4200DD73E1D81B4A
:1095FC000130091A2C008D40C4406B1E9D41130094
:10960C00C2408B402543002714001D436B0709D033
:10961C000F232B40042B05D02B1DAB42AD416D42CB
:10962C0064191D00230200D42DE19D4A0137974295
:10963C0000D1D3E046469B49ED0821404A072A4316
:10964C007C054D022D0B640D24052C43F607344389
:10965C001000210003B0F0BCBB46B246A946A046A0
:10966C00F0BD002A00D184E04A46D21B002F00D066
:10967C006DE12500054300D127E1561E012A00D1DA
:10968C003BE2874DAA4200D16AE20125382E12DC5A
:10969C0032001F2A00DDF8E120262500B61A07004B
:1096AC005346B040D440B540D740461EB0411B1B7A
:1096BC009A463D4305436246551BAC459241534681
:1096CC0052420E004F4688469C1A78E7002A00DC6E
:1096DC008EE04946002975D161465346194300D1A5
:1096EC00F6E0511E012A00D191E16D4DAA4200D144
:1096FC00DCE00125382914DC0A001F2A00DDA2E178
:10970C0020215346891A8B401D006346D3401D43CC
:10971C0063468B4019004B1E99415346D3400D4371
:10972C00E4182D188542804140422418230259D553
:10973C005B4B01379F4251D001215A4B6A081C40A8
:10974C0029400A43E507154364085FE76146534621
:10975C00194300D1BCE0511E012A00D164E1504DE7
:10976C00AA4200D16AE10125382900DD22E70A006E
:10977C000EE74D4A7D1C154200D0D0E02500624614
:10978C00534605431A43002F00D037E1002D00D17A
:10979C00A8E1002A00D16AE16346C51A5346E21AD1
:1097AC00A8429B415B42D31A1A0200D403E26346DF
:1097BC001D1AAC459241534652421C1B0E00884662
:1097CC00A41A23E736498F4270D00125382AA8DC29
:1097DC008021534609040B439A468EE73C00002532
:1097EC00002231E707232B40002B00D010E793E039
:1097FC00002A74D04A46D21B002F00D1C7E028495A
:10980C00894500D185E10125382A12DC8021090423
:10981C000C431F2A00DDABE120212500891A07002B
:10982C0088408D40D740411E8841D4403D4305437C
:10983C00A2446544654592415242524414004F463D
:10984C0074E7280001F0F0FD030018331F2B00DC37
:10985C00C2E62A00083882409F4200DDA9E0DB1BEB
:10986C00581C1F2800DCACE115001F3BDD402028F4
:10987C0005D040231B1A9A40531E9A4115430723C7
:10988C0000272B40B0E7ED08054B62072A43E4089C
:10989C009F420FD02403250B7C05640DD4E6C046F3
:1098AC00FF070000FFFF7FFFFE070000C0086207F4
:1098BC000243E4081300234300D186E180252D03E5
:1098CC0025432D03C34C2D0BBEE6604654460E00BB
:1098DC001700C508D8E7C04CFF1A144096E6BF4ADB
:1098EC00791C11426BD122000243002F00D0DBE027
:1098FC00002A00D12DE1624653461A4300D1B6E04E
:10990C006346C518854280415444404224182302C2
:10991C0002D50F00B04B1C403A002800D8E7624635
:10992C00851AA8429241534652429146E31A1A00B4
:10993C004B46D21A130091461A0254D44A464C464E
:10994C002A4300D040E60026002400257CE6A14DE9
:10995C00A94500D190E00125382A00DDABE6802531
:10996C002D042C4395E6110055462039CD40A946CF
:10997C00202A06D0402153468A1A934062461A4345
:10998C00944665466B1E9D414B461D4312E62100D5
:10999C00014300D1C4E0511E012A00D1FBE08D4DE2
:1099AC00AA4200D1B5E00125382900DD41E70A00C3
:1099BC002FE7894CFF1A14406207E4086AE7854ACE
:1099CC00914200D1E3E06346C218824280412300F9
:1099DC00404253441B18DD075C080723520815430B
:1099EC000F002B4000E763461D1AAC4592415346CD
:1099FC0052421C1B0E008846A41AE5E5002D00D02F
:109A0C0091E0002A38D180240026240356E76346CF
:109A1C00C518854280415444404224180127230232
:109A2C0000D4DFE6022787E66346C51AA8428041C8
:109A3C0053464042E41A0127241AC0E56207C008C5
:109A4C000243E40836E7110053462039CB409946CF
:109A5C00202A06D0402153468A1A934062461A4364
:109A6C00944665466B1E9D414B461D4359E6620765
:109A7C00C0080243E4080DE753465A076346D8086A
:109A8C0053460E000243DC0814E715002600203D67
:109A9C00EE40202A03D04025AA1A94402043421EAF
:109AAC0090410500354306E6002A7CD062465346B9
:109ABC00C0081A4300D1FAE6620710438022E4087A
:109ACC001203144208D0D908114205D16346D808B4
:109ADC0053460C005B071843420FC000C0085207E6
:109AEC000243E7E6002A00D12DE76346D808534627
:109AFC005A070E000243DC08CCE663461D1AAC453F
:109B0C009241534652421C1B0E008846A41A013740
:109B1C0055E56346D90853465A070A43DC08C9E69B
:109B2C0060465446D4E6C008002A00D1BFE662075E
:109B3C0010438022E40812031442CDD0DD081542F4
:109B4C00CAD16346D80853465B070E002C00184355
:109B5C00C2E76346D90853465A070A43DC0899E61C
:109B6C006346D80853465A070E000243DC08A1E6A8
:109B7C00110027002039CF40202A03D040218A1A17
:109B8C0094402043421E904105003D4351E60C0099
:109B9C000025002258E560446045924154445242ED
:109BAC000500A4183AE753465A076346D9085346AA
:109BBC000A43DC087EE61A001C002A4300D0ABE600
:109BCC00C1E620210025091A19E500220025014CC7
:109BDC003AE5C046FF070000FFFF7FFFFE070000CD
:109BEC00F0B5DE46454657464E46E0B587B0009286
:109BFC0001930B031B0B9B46CA0F4B0004008046C2
:109C0C005B0D029200D16AE1D44A934200D18CE1FF
:109C1C005946420FC9000A43802109041143C2006E
:109C2C009046CF4A894692469A44002300240393D7
:109C3C00009E019F3B031B0B9B467B0030005B0D82
:109C4C00FD0F002B00D128E1C44A934200D177E1EB
:109C5C005946720FC9000A438021090411438B46EF
:109C6C00BF49F2008C4651466344CB1A9A460023F6
:109C7C00029E6E400F2C27D8BA49A40009598F4672
:109C8C00CB464246029E039B022B16D0032B00D1DF
:109C9C00A6E2012B00D0DFE0002200230024904636
:109CAC001B052343F60733434046190007B0F0BCAD
:109CBC00BB46B246A946A046F0BD00220024904601
:109CCC00A64BEDE72E00DFE7CB4500D2D4E100D167
:109CDC00CFE101235B429C46444648460027E244C0
:109CEC005B46150E1B021D43190C2B04120200952A
:109CFC001D0C914602910395FEF784FA02006A430B
:109D0C000B04210C804619438A4209D9009D01237A
:109D1C00AC465B4261449C46E0448D4200D8FBE17A
:109D2C00881A0299FEF76EFA039A24044243090436
:109D3C00240C03000C43A24206D90099013B8C462B
:109D4C006444A14200D8E1E1A01A424612041A432D
:109D5C0093464B4659461B0C1D0004930B04494675
:109D6C000904090C0C001B0C5C43120C6B43884659
:109D7C0051436A43250CAC465B186344994203D9A2
:109D8C00802149028C466244190C24041B04240CC7
:109D9C008A181C19904202D316D1A74214D25B46E2
:109DAC00009D013B4F4405934F459B41AC465B42A4
:109DBC006344C018854200D3A1E1824200D9F6E188
:109DCC0000D1F1E1059B9B463C1BA742BF41009D86
:109DDC00801A7F42C01B854200D1D0E10299FEF768
:109DEC0011FA039A0B044243210C070019438A42CF
:109DFC0000D978E1881A0299FEF704FA039A240430
:109E0C0042430904240C03000C43A24200D95DE137
:109E1C004146A41A3A041A43049D13041B0C5943DB
:109E2C0047466B439C46100C47430B0CBC446344A5
:109E3C0068439F4203D980256D02AC4660441F0CD9
:109E4C0009041B04090C3F185B18BC4200D202E148
:109E5C0000D1FDE001231A43434B5344002B00DC9B
:109E6C00AEE0510700D098E15946C90106D55946D4
:109E7C003E4B194080238B46DB0053443C498B42BC
:109E8C0000DD1AE75946D208490711435A465B05CB
:109E9C0054028846240B5B0D02E75A46009B1A437A
:109EAC0000D17EE05B46002B00D100E1584601F06A
:109EBC00BBFA020003000B3A1D27009EBA1A1900C8
:109ECC005846D64008398840320002439346009ADF
:109EDC008A40284953448A469A440023C8E65B4684
:109EEC000343994656D05B46002B00D1CDE0584633
:109EFC0001F09AFA0B235B429C46020084446646AE
:109F0C001D239B1B260011005846DE400839884053
:109F1C0033000343994623008B409846164B00248C
:109F2C009B1A9A460023039382E65A4602439146B3
:109F3C002AD100229A46022390460824039377E6FE
:109F4C005A46009B1A430D4B9C46E244002A17D1FB
:109F5C0002231C4300239B46023389E6FF070000C3
:109F6C0001FCFFFF74ED0108FF030000FFFFFFFE83
:109F7C00FE070000F30300000DFCFFFF01F8FFFFDC
:109F8C00032332001C4373E69A460323D9460C2460
:109F9C0003934DE6002398469A4601330424039319
:109FAC0046E601231C4300239B46013360E6002355
:109FBC00802498460026924B240371E601225242DB
:109FCC000121C91A382900DD66E61F2900DCABE047
:109FDC001F204042C31A5846D8400300202904D001
:109FEC0058468849514488400243511E8A411A43BD
:109FFC00072319000024114013420CD00F231340E7
:10A00C00042B00D1F9E0111D91429B410A005B42E7
:10A01C0059075B021C0BD2080A43904600233FE60B
:10A02C0080244B462403234209D05B46234206D1AD
:10A03C001C4324032E009046714B240B30E68024E5
:10A04C004B4624031C432403029E6D4B240B27E632
:10A05C00002B00D100E70098511E844664448442D2
:10A06C0000D284E0BC4200D2AEE000D1C1E00A00D4
:10A07C00F0E6424500D92CE64B46DC07580843462F
:10A08C005B081C434346DF072AE601F0CDF9152394
:10A09C009C4684440200634620321C2B00DC2EE7D5
:10A0AC0023000838834099460023984636E701F090
:10A0BC00BBF902000300153220331C2A00DCFBE63E
:10A0CC0000990838814000228B4602E70099013B39
:10A0DC008C466444A14200D99AE6A24200D897E685
:10A0EC00831E644494E6AC466144013F8D4200D922
:10A0FC0080E68A4200D87DE6871E61447AE6854276
:10A10C0000D05FE6B94500D95CE656E6A24200D81D
:10A11C001AE6831E644417E68A4200D800E6AC4671
:10A12C00831E98466144FBE5374814005044824036
:10A13C005B4617008340CC407A1E974123433B4338
:10A14C001A005B46CB40510709D00F21114004295E
:10A15C0005D0111D9142924152429B180A001902DE
:10A16C0000D455E7002201230024904698E50A000C
:10A17C00BC4200D06EE64B4500D06BE66CE6234B40
:10A18C00234A5344924500DA18E7012149420A1D3B
:10A19C008A42894149428B4466E60F2111400429C9
:10A1AC0000D161E61100F2E7BC4200D80AE60223B6
:10A1BC005B429C4600994F444F459B41E3448C467F
:10A1CC005B426344C018FFE54946009D4800484582
:10A1DC008941AC46494261448146023A6418C7E75A
:10A1EC0080245B4624031C4324039046044B240B1D
:10A1FC0056E59945E8D30A00BDE7002308E7C046B9
:10A20C00FF0700003E0400001E040000FF030000D6
:10A21C0002FCFFFFF0B55746DE464E464546E0B51C
:10A22C000D000400E80F83460903D80F090B824682
:10A23C0019488C461F0369005E00490D3F0B760DD3
:10A24C00814218D086420FD00120B1420DD1BC45BD
:10A25C000BD1944209D1D3451CD0002905D16046BD
:10A26C002043431E984100E00120F0BCBB46B2469F
:10A27C00A946A046F0BD01208E42F6D16146394375
:10A28C000F0017432743F0D15B465246981A431EE2
:10A29C009841EAE70020E8E7FF070000F0B55746D1
:10A2AC004E464546DE46E0B50D000F03390B83B034
:10A2BC000400804601915800E90F314F400D8C4647
:10A2CC006E00190382469146760D090BD80FBE42DB
:10A2DC001FD0BA450FD0002E2FD15546019E3443C6
:10A2EC00002D27D10A433AD0002C45D100281AD191
:10A2FC000120404217E011433BD1002E02D1019FB7
:10A30C002743F3D0844509D16346002BF0D0604637
:10A31C0009E0019F27432CD1B24524D0634602208B
:10A32C00013B1840013803B0F0BCBB46B246A9460D
:10A33C00A046F0BD002CD9D0E4E75446002CEDD05B
:10A34C008445EBD15645E9DCDEDB019B8B42E5D83D
:10A35C00DAD1C845E2D80020C845E4D2D4E70020C1
:10A36C00002CE0D0DAE7114303D18445D6D100208C
:10A37C00D9E702204042D6E78445E6D0CEE7C04676
:10A38C00FF070000F0B557464E464546DE46E0B5A1
:10A39C000D000F0304008046E80F390B844683B090
:10A3AC005800304F400D01911E03690082469146C2
:10A3BC00490D360BD80FB94220D0BA450FD0002921
:10A3CC002BD101990C435146002937D1324338D057
:10A3DC00002C44D1002819D10120404216E016432C
:10A3EC0013D1002902D1019F2743F3D0844520D0FB
:10A3FC0063460220013B1840013807E0019F2743C8
:10A40C0003D18A45F4D116431FD0022003B0F0BC0F
:10A41C00BB46B246A946A046F0BD5446002CE7D038
:10A42C008445E5D15145E3DC03DB019BB342DFD826
:10A43C000FD06346002BCFD06046E7E7002CC9D085
:10A44C00D4E70020002CE1D0D2E78445D0D1002005
:10A45C00DCE7C845CCD80020C845D7D2E9E784450D
:10A46C00E3D0C5E7FF070000F0B55746DE464E4681
:10A47C004546E0B51F000B031B0B16009A46CA0F8E
:10A48C004B000400934687B05B0D00D1D5E0BB4A6E
:10A49C00934200D1F8E05146420FC9000A43802193
:10A4AC0009041143C2009146B54A8A469D180023FF
:10A4BC00984602933C037B00FA0F3000240B5B0D93
:10A4CC00009200D196E0AD4A934231D0720FE40075
:10A4DC002243802424041443A94AF0009446634484
:10A4EC005B195A1C0192424600260A2A42DC5A4643
:10A4FC0000994A4093464246022A32DC013A012A2C
:10A50C0000D949E1022E00D1CAE0012E3DD1002331
:10A51C000024002210005A461B052343D207134384
:10A52C00190007B0F0BCBB46B246A946A046F0BD28
:10A53C00924B2643EB18002E00D1BBE00322414680
:10A54C0011435A46884600994A40802109018C469D
:10A55C0029006144019141460A2900DD33E293460A
:10A56C000326424601279740A6213A00C9000A401B
:10A57C000F4231D0029E022E00D135E2032E00D1C3
:10A58C00D2E154464846012EC1D0019A7D4B9446E7
:10A59C006344002B00DCC0E0420709D00F220240CC
:10A5AC00042A05D0021D824280414042241810002A
:10A5BC00E20106D5744B019A1C4080239446DB00C3
:10A5CC006344724A93426BDC6207C00864025B0509
:10A5DC000243240B5B0D9DE7902189000F4263D150
:10A5EC0088223A4200D1D7E0009BA2469B46814686
:10A5FC000296BFE72300334300D17FE0002C00D14B
:10A60C00ADE1200000F010FF020003000B3A1D200A
:10A61C001900821A30000839D0408C4004433000B5
:10A62C0088405B4AEB1A944663445A1C019242469A
:10A63C0000260A2A00DC5AE79CE753460343994656
:10A64C0054D05346002B00D177E1504600F0ECFE7D
:10A65C000B235B429C46020084441100504608398F
:10A66C0088401D23804660461B1A2000D8400300FA
:10A67C00404603439A4623008B4099460023444DA1
:10A68C009846AD1A029315E752460243914626D1DD
:10A69C0000221D000223924608329046029309E7DD
:10A6AC0000240022354B35E7002380249B462403ED
:10A6BC00324B2FE70222414611438022120194466D
:10A6CC002A006244884601920A2900DD52E75A4664
:10A6DC000020009904004A40934602260BE70C2206
:10A6EC001D000323814690460293E3E600239A461D
:10A6FC0004339846033B00250293DBE642460133C4
:10A70C001A432B0090465A1C01924246002400200A
:10A71C0001260A2A00DCEAE62CE70122D21A382AA2
:10A72C0000DDF4E61F2A00DC2AE11F214942CB1A86
:10A73C002100D9400B00202A05D0164A019D9446D1
:10A74C006544AC402043421E904118430723190036
:10A75C000024014003420CD00F230340042B00D1F2
:10A76C0040E1031D8342A441180064426107640266
:10A77C00240BC20800230A43CCE6C046FF070000A6
:10A78C0001FCFFFFFF030000FFFFFFFEFE070000C0
:10A79C000DFCFFFF3E04000049464A460904090C23
:10A7AC000D00160C020C0004000C4543AC460500D1
:10A7BC007543A84615000F007543009202952A00B8
:10A7CC00009D6F4365462D0CA94647444F44B84540
:10A7DC0005D91500802252029046454402953D0C45
:10A7EC00039565462D043F042D0CAC463D00654495
:10A7FC000495250C2404240CAC4625007543A8466E
:10A80C0065460F006943414489466743390C494406
:10A81C006E43884503D980225202904646440D0C63
:10A82C00A846350045440595039D3F04A8463F0CBA
:10A83C000904C91988444546039555462E04360C1F
:10A84C002F0C35004543784381463800A8462D0C23
:10A85C00AA46009A504372434A445244914503D944
:10A86C0080256D02A9464844150CA94645462D0481
:10A87C002D0CA84665467D43120448449044A946D5
:10A88C003200654662436E437C43170C3619BF1980
:10A89C00BC4203D980246402A446E144029C039E7A
:10A8AC00A446059D66448E428941AC4612043C0484
:10A8BC00120CA2186244494254184644A446464518
:10A8CC00A44182466442A046AA4292418C458941E9
:10A8DC00E244D044494252420A43A045A441824535
:10A8EC008941644249420C4341463F0CD21912192A
:10A8FC00CC0D049970020843411E884141464A44DC
:10A90C00F60D52023043490214430843D20135D5A7
:10A91C000122430802401343E0071843640834E65D
:10A92C00009BA2469B4681468024534624031C432D
:10A93C0024034A462E4B240BECE500F075FD152341
:10A94C009C4684440200634620321C2B00DC84E6C7
:10A95C00002399462300083883409A468EE600F07F
:10A96C0063FD02000300153220331C2A00DC4EE686
:10A97C0002003400083A0020944052E6019304E6A9
:10A98C001C4B21009C460300019DD3406544A9400B
:10A99C0019430300AB40581E834119430800D440AF
:10A9AC004B0709D00F230B40042B05D00B1D8B42FA
:10A9BC008041404224181800230200D4D6E601231B
:10A9CC0000240022A6E50F29AAD1802352461B039E
:10A9DC001A42A9D01C42A7D11C43009B02009B46E3
:10A9EC00034B97E50024C1E60024014B220091E5BE
:10A9FC00FF0700001E040000F0B54E464546DE463B
:10AA0C005746E0B585B0009001910C034F00CE0F76
:10AA1C00610A009CB046640F0C4300997F0DC8007E
:10AA2C0011001A001B039C460091019251004B0D22
:10AA3C009946019B009DD90F63466A0F5B0A13432D
:10AA4C00EA0094469346C14A03900293914500D183
:10AA5C00CDE0012569404D467D1BAA468E4200D1B2
:10AA6C0080E0002D00DC35E34946002900D1DFE011
:10AA7C00974200D194E152460125382A19DC8022F4
:10AA8C00029B12041343029352461F2A00DDE3E19A
:10AA9C00534620226146029DD21A9540D9400D435F
:10AAAC00614691400A00511E8A411543029ADA40D0
:10AABC00A41A451BA84280414042241A230200D408
:10AACC003DE16402640A002C00D147E1200000F053
:10AADC00ABFC0300083B20212800CA1AD0409C4044
:10AAEC0002009D4022439F4200DD77E1D81B0130DC
:10AAFC00091A2C008D40C4406B1E9D411300C240AE
:10AB0C008B402543002714001D436B0709D00F23EE
:10AB1C002B40042B05D02B1DAB42AD416D4264196B
:10AB2C001D00230200D440E1884A0137974200D12E
:10AB3C0001E1012643468649ED0821404A072A4394
:10AB4C007C054D022D0B640D1E4024052C43F6078D
:10AB5C0034431000210005B0F0BCBB46B246A946F8
:10AB6C00A046F0BD002D00DCD0E24946002900D003
:10AB7C00D4E06146029B194300D12BE1691E012DE3
:10AB8C0000D1D9E1954200D10AE10125382917DC21
:10AB9C008A4653461F2B00DDE7E12022D21A029B86
:10ABAC00614693401D005346D940634693401A00BA
:10ABBC000D43511E8A4153461543029ADA40A4189C
:10ABCC002D188542804140422418230200D4B6E05F
:10ABDC005E4B01379F4200D1ADE001215C4B6A080E
:10ABEC001C4029400A43E507154364088DE7594A80
:10ABFC00029B92466246BA441A432CD08E422ED007
:10AC0C005246002A60D0002F00D1DBE063460E00D4
:10AC1C00029CD80862070243E4081300234300D1C6
:10AC2C0054E280252D0325432D03484C2D0B8CE736
:10AC3C006146029B194300D1CCE029000139012D5A
:10AC4C0000D188E1954200D1AAE00125382900DD28
:10AC5C002FE78A4618E7012251408E42D0D1534645
:10AC6C00002B00D1BEE0002F00D038E1CA462200F4
:10AC7C00024300D1E2E15346591E012B00D10DE2F3
:10AC8C00324A924500D1D2E10127382913DC1F2921
:10AC9C0000DDEEE12022029B521A250007009A46A5
:10ACAC00CC4090409540CF40A244421E9041534628
:10ACBC002F43074302933D00654465459241029B37
:10ACCC0052424F46D41880E7234A7D1C154200D0CF
:10ACDC00AAE062462500029B05431A43002F00D0D0
:10ACEC00F5E0002D00D16BE1002A00D152E1634662
:10ACFC00C51A029BE21AA8429B415B42D31A1A0264
:10AD0C0000D4D5E163461D1AAC4592410126029B45
:10AD1C0052421C1B8846A41A0E40F6E697423FD0BE
:10AD2C0052460125382A00DD4AE78022029B120494
:10AD3C00134302932DE73C000025002205E707236F
:10AD4C002B40002B00D0E2E66BE0C046FF07000072
:10AD5C00FFFF7FFF01F8FFFFFE070000280000F057
:10AD6C0063FB030018331F2B00DCB4E62A00083801
:10AD7C0082409F4200DDB9E0DB1B581C1F2800DC21
:10AD8C00A0E115001F3BDD40202805D040231B1AF5
:10AD9C009A40531E9A411543072300272B40D0E7B6
:10ADAC00C00862070243E40837E7EA0863071A435E
:10ADBC00D34BE4089F4200D12FE72403250B7C05DD
:10ADCC00640DC2E6CA462200024358D163460E0007
:10ADDC00029C0393039B5746DA08E7E7C94CFF1A1A
:10ADEC00144092E6C84D7A1C2A4200D084E022001E
:10ADFC000243002F00D0EFE0002A00D1E5E06246CC
:10AE0C0002990A4300D1C5E06346C5188C468542B9
:10AE1C008041644440422418230202D5B94B0137C7
:10AE2C001C40BA460395D5E76246851AA842924162
:10AE3C0052429146029BE31A1A004B46D21A130057
:10AE4C0091461A026CD44A464C462A4300D03AE644
:10AE5C0000260024002578E6029953460D00203A7E
:10AE6C00D540202B06D04022D21A0B0093406246CC
:10AE7C001A4393465B465A1E93411D4319E65346AB
:10AE8C005A1E012B00D1C6E09D4EB24500D1BDE645
:10AE9C0088460E000125382A10DC1F2A7FDC202171
:10AEAC002500891A070088408D40D740D440411EA8
:10AEBC008841029B3D431B1B054302936246551B75
:10AECC00AC459241029B52424F469C1AF6E5002D2E
:10AEDC0000D0B7E0002A00D1F0E001260E40634616
:10AEEC000298D90842070A43C40896E6854CFF1A13
:10AEFC0014406207E40860E781498A4200D1C9E046
:10AF0C006346C11881428041029B4042E3181B18E2
:10AF1C00DD075C08072349080D4317002B4010E799
:10AF2C0063461D1AAC4592410126029B52421C1BE2
:10AF3C008846A41A0E40C6E56346C518029B854296
:10AF4C0080419C464042644424180127230200D4CB
:10AF5C00F5E6022741E66346C51AA8428041029BEA
:10AF6C004042E41A0127241AA8E5029D52462B0000
:10AF7C00203AD34019005346202B06D04022D21A37
:10AF8C002B00934062461A4393465D466B1E9D41CF
:10AF9C000D4315E66207C0080243E4080DE71100F3
:10AFAC0027002039CF40202A05D040218A1A94400E
:10AFBC00250005430395039D6A1E95413D437DE79E
:10AFCC00002A00D144E701260E406346D908029BB3
:10AFDC005A070A43DC08F0E6002A28D06246029F92
:10AFEC00C0083A4300D1DCE6620710438022E40833
:10AFFC001203144209D0FD08154206D163460126FE
:10B00C002C00D8087B0718430E40420FC000C00824
:10B01C005207024301E663461D1AAC459241029B5E
:10B02C0052421C1B0E0088460127A41A46E56346B3
:10B03C00D908029B5A070A43DC08EEE56346029CDA
:10B04C000393C7E6C008002A00D1AAE662071043A2
:10B05C008022E40812031442D7D0029FFD08154247
:10B06C00D3D163460126D8087B072C0018430E4029
:10B07C00CBE70A002700203AD740202905D04022F0
:10B08C00521A9440250005430395039D6A1E954171
:10B09C002F4310E614000025002256E5029B604465
:10B0AC009946604592414C4452420500A4184CE725
:10B0BC001A001C002A4300D0B3E6C9E680240026FF
:10B0CC002403AEE520210025091A17E500220025EE
:10B0DC000B4C3AE5002D00D1F6E54B46DA1B9246B7
:10B0EC00002F00D16FE6382A05DC80263604344365
:10B0FC0088460E00D1E688460E000125DEE6C046E5
:10B10C00FF070000FFFF7FFFFE070000002D00D1AE
:10B11C0068E64B46D91B002F01D18A46A7E50127CB
:10B12C00382900DDC7E5802212041443AFE5C04680
:10B13C00F0B5C6461E03360BB0460D4E0C034D0043
:10B14C005F0000B5240B6D0D7F0DB5420BD0084987
:10B15C0000208F4204D1464616433000431E9841CE
:10B16C0080BCB846F0BD04430120002CF8D1EEE7BA
:10B17C00FF0700000B00020070B5164D0C0382B0E7
:10B18C004900002000920193240B490DDE0FA942C7
:10B19C0004DD1148814203DD104BF01802B070BD84
:10B1AC008020400320430E4C641A1F2C08DD0D4BED
:10B1BC005B1AD84003005842002EEFD11800EDE77F
:10B1CC00094B009A9C46030061448B40E2401343B8
:10B1DC00F1E7C046FE0300001D040000FFFFFF7FE7
:10B1EC003304000013040000EDFBFFFF70B50028D2
:10B1FC0016D0C317C5185D40C40F280000F014F911
:10B20C00104B1B1A5B055B0D0A2814DC02002E0088
:10B21C00153296400B22121AD5402D032D0B03E04C
:10B22C0000240023002500261B052B43E4072343A1
:10B23C003000190070BD0B3885402D0300262D0BF6
:10B24C00F2E7C0461E04000010B5041E10D000F03A
:10B25C00EBF80E4B1B1A5B055B0D0A280FDC0B225F
:10B26C002100121AD14015300A038440120B01E060
:10B27C00002300221B0513432000190010BD2200DF
:10B28C000B38824012030024120BF3E71E0400005B
:10B29C0070B542024300C40FFE201B0E591C550A08
:10B2AC0008420CD0E02189008C466D07120B6344D8
:10B2BC001B051343E40723432800190070BD002B22
:10B2CC0014D1002D1BD0280000F0AEF80A281CDC8D
:10B2DC000B232A001B1ADA40030015339D400E4B3A
:10B2EC0012031B1A5B05120B5B0DE1E7002D09D055
:10B2FC00130B802212031A436D07084BD8E7002367
:10B30C000022D5E70022054BD2E703002A000B3BB5
:10B31C009A400025E3E7C04689030000FF070000C0
:10B32C00F0B54B000F035B0D3B4C450F83B07F0A10
:10B33C005E1C2F4300900191CA0FC50026420BD012
:10B34C0036495C18FE2C13DDFF200023C005184382
:10B35C00D207104303B0F0BD002B02D10020002314
:10B36C00F4E73D43F0D08023DB03FF203B43EDE7C4
:10B37C00002C14DD009BFF009B01581E8341690FBC
:10B38C003B430B43590741D00F211940042928D0C6
:10B39C000433590125D501340023E0B2D6E721004E
:10B3AC001731DBDB80211E2009043943001B1F28C9
:10B3BC001BDD02267642341B0E00E64034002028AA
:10B3CC0004D017488446634499400D432B00591E02
:10B3DC008B412343590715D00F2100241940042910
:10B3EC0017D19B015B0AE0B2B0E70E4C1C192B0085
:10B3FC00A540C340A140681E854129430B4300244E
:10B40C005907C1D19B0100205B0A9FE7DB08E0B222
:10B41C009CE70433E5E7C046FE07000080FCFFFF15
:10B42C00A2FCFFFF82FCFFFF1C2101231B0498429E
:10B43C0001D3000C10391B0A984201D3000A0839B9
:10B44C001B09984201D30009043902A2105C401870
:10B45C007047C04604030202010101010000000014
:10B46C000000000010B5002903D1FFF7DDFF2030EC
:10B47C0002E00800FFF7D8FF10BDC04682B090B5BF
:10B48C0085B000AFF860381D0160426004221824BA
:10B49C00121908218C46BC4462441360FB683A1DA7
:10B4AC0003CA03C3FB680422121908218C46BC444E
:10B4BC006244083303CA03C3FB680C221219082127
:10B4CC008C46BC446244103303CA03C33B1D0122A7
:10B4DC001868596805F0D8F80C231B1908229446F3
:10B4EC00BC44634401221868596805F0CDF8C04685
:10B4FC00BD4605B090BC08BC02B0184790B585B0ED
:10B50C0000AF786006F00BF8C0467B689B681B693F
:10B51C007A6892891340F8D0C0467B689B681B6997
:10B52C007A6892891340F8D17B68002218685968B0
:10B53C0005F0AAF808243B1901221900032005F094
:10B54C0043FE7B6801221868596805F09DF805F0E8
:10B55C00DFFF21007B181B781A047B185B781B0219
:10B56C0013437A1892781343FB60FB681800BD46AE
:10B57C0005B090BDF0B585B004AF0A4B0A4A0B4C30
:10B58C000B480421694460C860C16946586808606A
:10B59C001B68116852682000FFF770FFC046BD465B
:10B5AC0001B0F0BD10010020280100200403002090
:10B5BC001801002080B582B000AF084B1800FFF7CF
:10B5CC009DFF03007B607B688022120453407B60EC
:10B5DC007B681800BD4602B080BDC0460403002045
:10B5EC0080B582B000AF0C4B1800FFF787FF03004B
:10B5FC007B607B688022120453407B607A688023D6
:10B60C001B049A4203DA7B68044AD31A7B607B687A
:10B61C001800BD4602B080BD04030020FFFF7F0070
:10B62C0080B584B000AFFB1D04221A700023FB60B0
:10B63C000023BB6008E0FFF7BDFF0200FB689B180E
:10B64C00FB60BB680133BB60FB1D1B78BA689A4278
:10B65C00F1DBFB1D1B785B001900F868FCF7D6FDCD
:10B66C0003001800BD4604B080BD0000B0B5A4B006
:10B67C0000AFF860B9607A603B608F23FB18002242
:10B68C001A7001238822BA18136001238422BA1875
:10B69C0013607223FB1800221A808223FB180022ED
:10B6AC001A808023FB18C14A1A800022C04BBA664C
:10B6BC00FB661023FA18BF4B1000190048231A0020
:10B6CC0011F01EFF1423FB6760E0BB4BFA6F5200B6
:10B6DC00D35A1800FFF78AFDBA6EFB6EFFF78CF990
:10B6EC0002000B0010001900FFF744FD0300D917EE
:10B6FC005A184A4072217B181A807A1882203B18FB
:10B70C0012881B889A4203D93B187A1812881A801F
:10B71C0072217A1880203B1812881B889A4203D217
:10B72C003B187A1812881A80A44BFA6F5200D35A1D
:10B73C001800FFF75BFDBA6EFB6EFFF75DF90200B8
:10B74C000B0010001900FFF715FD0300D9175A184C
:10B75C004A4072217B181A807A1882203B18128872
:10B76C001B889A4203D93B187A1812881A807221C6
:10B77C007A1880203B1812881B889A4203D23B18F7
:10B78C007A1812881A80FB6F0133FB67FB68143B35
:10B79C00FA6F9A4299DBA423FB181B6882217A1852
:10B7AC0012881A807B181B881800FFF71FFD0400F5
:10B7BC000D00834A834BB86EF96EFEF755FE0200FE
:10B7CC000B0020002900FCF737FE031E04D08F234A
:10B7DC00FB1801221A7053E07B4A7C4B3A667B665D
:10B7EC000923BB67BB68042B08D10923BB67784BC3
:10B7FC0001221A70774B7A681A6004E0BB68012B3F
:10B80C0001D10923BB67BB6F7B6736E08223FB1832
:10B81C001B881800FFF7EAFC7B6F013B10243A19D8
:10B82C00DB00D3181A685B68FEF71EFE02000B00E3
:10B83C00100019007B68013B3A19DB00D3181A6819
:10B84C005B68FEF7CDF902000B00BA65FB653A6E3A
:10B85C007B6EB86EF96EFEF707FE02000B00B86D3A
:10B86C00F96DFCF7D5FD031E04D07B6F8422BA184A
:10B87C00136005E07B6F013B7B677B6F002BC5DCA6
:10B88C008F23FB181B78002B00D16BE0BB68042BBB
:10B89C0012D1514B1B78002B0ED04D4B1B78002B2B
:10B8AC000AD08822BB181B68013BB9180B60494BA6
:10B8BC00BA1812681A601CE07B68062B04DD06239C
:10B8CC008822BA18136014E07B68052B04DD04236E
:10B8DC008822BA1813600CE07B68032B04DD02236A
:10B8EC008822BA18136004E07B68013B8822BA18DE
:10B8FC001360BB68042B06D1384B00221A70364BF0
:10B90C0001221A7023E0BB68012B20D1344B00229A
:10B91C001A70A023FB181B78002B18D03B68013B36
:10B92C00304AD35CDBB2032B11D82F4B01221A7097
:10B93C002E4B88217A1812681A607B181B689AB2F1
:10B94C002B4B1B889BB2D3189AB2294B1A80284BCD
:10B95C001B889BB2FA229200944663449AB2244B01
:10B96C001A8005E08423FB181B688822BA18136020
:10B97C00BB68042B13D1184B1B78002B0FD0144B26
:10B98C001B78002B0BD0134B1B688422BA1812683F
:10B99C009A4204DD0F4B1B688822BA181360882367
:10B9AC00FB181B681800BD4624B0B0BDFF3F00005B
:10B9BC0080FFCF4098EC0108A80A002098150020C1
:10B9CC00AE47E17A14AEEF3FCDCCCCCCCCCCEC3F37
:10B9DC00156400206002002014640020040500207F
:10B9EC00F40400201C0300201364002064020020D7
:10B9FC00E6650020F0B5B5B000AFB860F9603A600C
:10BA0C007B60CF23FB1800221A700022CC4BC02184
:10BA1C0079180A604B60CB4ACB4BA82439190A60C1
:10BA2C004B600022C94B802179180A604B600022C0
:10BA3C00C74BBA67FB67C74AC74B3A677B67C74AAE
:10BA4C00C74BBA66FB660022C64B3A667B66C64A93
:10BA5C00C64BBA65FB650022C54B38687968FDF7A3
:10BA6C005BFD02000B000020C249FEF7B9F8020092
:10BA7C000B00A02179180A604B600022002398214A
:10BA8C007818026043600022BB4B90203D182A605E
:10BA9C006B600022002388257E1932607360B74AE0
:10BAAC00B74B3A657B65B74AB74BBA64FB64B74A88
:10BABC00B74B3A647B64B74AB74BBA63FB63B74A7C
:10BACC00B74B3A637B63B74AB74BBA62FB62B14A76
:10BADC00B14B3A627B62B14AB14BBA61FB61B14A7C
:10BAEC00B14B3A617B61E02308229B18DB191B6880
:10BAFC00042B20D1BA6EFB6EB826BE19326073606F
:10BB0C003A6E7B6EB026BE1932607360BA6DFB6DF7
:10BB1C003C1922606360BA6BFB6B79180A604B604E
:10BB2C003A6B7B6B39180A604B60BA6AFB6A7919FD
:10BB3C000A604B602CE0E02308229B18DB191B6881
:10BB4C00012B25D18023FB181A685B68B821791862
:10BB5C000A604B60BA6FFB6FB02179180A604B60BA
:10BB6C003A6F7B6FA82179180A604B603A6D7B6D38
:10BB7C00982179180A604B60BA6CFB6C902179188B
:10BB8C000A604B603A6C7B6C882179180A604B60B8
:10BB9C00864B1B7801225340DBB2002B02D00022D3
:10BBAC00674B73E1E02308229B18DB191B68012B00
:10BBBC0005D10022704BA02179180A604B60A0249B
:10BBCC003B191A685B68B868F968FEF74DFC02000F
:10BBDC000B00BA60FB603B191A685B68E825082605
:10BBEC00A919C91908684968FEF73EFC02000B0048
:10BBFC00A919C9190A604B603B191A685B68B02413
:10BC0C00391908684968FEF72FFC02000B00391936
:10BC1C000A604B60AB19DB191A685B68B82179189C
:10BC2C0008684968FEF720FC02000B0010001900A0
:10BC3C00BA68FB68FDF770FC02000B0010001900DD
:10BC4C00A823FB181A685B68FEF70EFC02000B00B9
:10BC5C00391908684968FDF75FFC02000B00C02425
:10BC6C0039190A604B60E0239B19DB191B68042B04
:10BC7C002ED100224E4B391908684968FCF7DCFBC1
:10BC8C00031E25D04B4A4C4B391908684968FCF700
:10BC9C00C9FB031E1CD00022454B391908684968A2
:10BCAC00FEF7AAFE02000B00100019000022434B05
:10BCBC00FEF7DAFB02000B001000190000223C4BCF
:10BCCC00FDF72AFC02000B0039190A604B60B2E048
:10BCDC00E02308229B18DB191B68042B00D077E0AB
:10BCEC00344A354BC024391908684968FCF7A4FB61
:10BCFC00031E6DD00022324B391908684968FCF7D5
:10BD0C0087FB031E64D02B4A2B4B391908684968F2
:10BD1C00FEF772FE02000B00100019000022294BE6
:10BD2C00FEF7A2FB02000B0010001900264A274B5D
:10BD3C00FDF7F2FB02000B0039190A604B607AE048
:10BD4C0000002E40E030D120054F91BF0000E03FB5
:10BD5C00000032408B6CE7FBA9F192BF9A9999993C
:10BD6C009999E93F000036403BDF4F8D976E92BFAB
:10BD7C000010714000A072400000F03F58A835CD73
:10BD8C003B4EA1BF029A081B9E5EF73FFE65F7E48F
:10BD9C0061A1F4BFC217265305A3A2BFAC8BDB680D
:10BDAC00006FF83F8104C58F3177FABFF40400208F
:10BDBC0000001C40CDCCCCCCCCCC1C4000001040A6
:10BDCC00000020400000D03F3333333333331F4067
:10BDDC00C026BB191A685B689821791808684968ED
:10BDEC00FEF742FB02000B0010001900BB191A6889
:10BDFC005B68FEF739FB02000B0014001D00BB1939
:10BE0C001A685B689021791808684968FEF72CFB62
:10BE1C0002000B0020002900FDF77EFB02000B0046
:10BE2C008821791808684968FDF776FB02000B0039
:10BE3C00B9190A604B6000220023C02179180868E8
:10BE4C004968FCF7E5FA031E03D0CF23FB18012247
:10BE5C001A700022104BC021791808684968FCF749
:10BE6C00EBFA031E03D0CF23FB1801221A70CF2349
:10BE7C00FB181B78002B05D00022084BC021791829
:10BE8C000A604B60C023FB181A685B68100019002D
:10BE9C00BD4635B0F0BDC04600002C4000002E4021
:10BEAC00B0B5D0B000AFF8603A607B60C04BA02258
:10BEBC0052009B18DB190A1C1A700022BD4B9C21E6
:10BECC00490079180A604B603821FF317B18002239
:10BEDC001A70B94B1B78DBB2002B02D07B180022F6
:10BEEC001A703823FF33FB181B78002B07D1B04B8B
:10BEFC00A02252009B18DB191B78002B01D00122C9
:10BF0C0000E000223824FF343B191A701A78012102
:10BF1C000A401A700022A94B38687968FCF778FA45
:10BF2C00031E21D00022002338687968FCF784FABC
:10BF3C00031E19D03B191B7801225340DBB2002B96
:10BF4C0012D09F4B1B785BB29E4ADB00D1183A682B
:10BF5C007B680A604B609A4B1B785BB2DBB2013397
:10BF6C00DBB25AB2964B1A70954B1B785BB2002B16
:10BF7C0004DC954B1B78002B00D1A7E21A239624E6
:10BF8C0064003A19136003F08FFD0300022B02D1F9
:10BF9C001A233A19136003F087FD0300012B04D117
:10BFAC000B2396225200BA181360874B1B78002B78
:10BFBC0005D01A2398225200BA18136006E0804B61
:10BFCC001B785BB298225200BA181360002200232F
:10BFDC009021490079180A604B60002200238C21C3
:10BFEC00490079180A604B6000238A225200BA1863
:10BFFC001360764BA02252009B18DB191800D0233B
:10C00C001A00002111F036FA00237A1DFF3213605A
:10C01C005FE06B4B1B785BB21A007B1DFF331B6818
:10C02C0093420DDA664B1B785BB21A0096235B00C9
:10C03C00FB181B68D31A7A1DFF3212689A4212DA67
:10C04C00614B1B78002B3DD05D4B1B785BB21A33D8
:10C05C001A0096235B00FB181B68D31A7A1DFF325B
:10C06C0012689A422EDB574A7B1DFF331B68DB009C
:10C07C00D3181A685B6890246400391908684968F9
:10C08C00FDF74AFA02000B0039190A604B604D4A61
:10C09C007B1DFF331B68DB00D3181A685B684B49A8
:10C0AC00A02040000918C819791DFF310968C90082
:10C0BC0041180A604B608A225200BB181B6801337E
:10C0CC00BA1813607B1DFF331B6801337A1DFF32D6
:10C0DC0013607B1DFF331A6898235B00FB181B68E9
:10C0EC009A4296DB3A4B1022B81808221A2111F00A
:10C0FC0067F88A2149007B181B680122134015D070
:10C10C007B181B68002B00DA01335B1019002F4BD6
:10C11C00A02252009B18DA19CB00D3181A685B685E
:10C12C008421490079180A604B6031E08A235B0056
:10C13C00FB181B68002B00DA01335B10F0243A1952
:10C14C0013603B191B68013B204AA0256D00521956
:10C15C00D219DB00D318186859681C4B5B19DA1913
:10C16C003B191B68DB00D3181A685B68FDF7D4F920
:10C17C0002000B001000190000228023DB05FDF7E4
:10C18C002FFD02000B008421490079180A604B60D6
:10C19C0084235B00FB181A685B689C2149007918A2
:10C1AC000A604B6000237A1CFF32136069E0C046C2
:10C1BC00CBFEFFFF00002E40D265002000002C407B
:10C1CC002A030020D809002029030020D0FEFFFFFD
:10C1DC0069520108CB4B1B785BB21A007B1CFF33F6
:10C1EC001B6893420DDAC74B1B785BB21A0096237F
:10C1FC005B00FB181B68D31A7A1CFF3212689A4238
:10C20C0012DAC14B1B78002B34D0BE4B1B785BB2BF
:10C21C001A331A0096235B00FB181B68D31A7A1C7E
:10C22C00FF3212689A4225DBB84A7B1CFF331B682D
:10C23C00DB00D318186859689C235B00FB181A683C
:10C24C005B68FEF7D9FB02000B00100019000022FE
:10C25C008023DB0511F0A0FA02000B008C24640093
:10C26C00391908684968FDF757F902000B003919AC
:10C27C000A604B607B1CFF331B6801337A1CFF3256
:10C28C0013607B1CFF331A6898235B00FB181B6838
:10C29C009A429FDB8A2464003B191868FEF7A6FFBC
:10C2AC0002000B008C214900791808684968FDF7D9
:10C2BC0097FC02000B001000190011F0DBFA0200D1
:10C2CC000B00E82039180A604B6091493B181A683A
:10C2DC005B680A604B6000233A191360002200234C
:10C2EC009021490079180A604B608A4B00221A7021
:10C2FC0000228023DB05F821781802604360814B13
:10C30C001B785BB2032B0BD17F4B1B780122534064
:10C31C00DBB2002B04D000227F4B79180A604B60F3
:10C32C000023F422BA181360A6E0764B1B785BB29C
:10C33C001A00F4217B181B6893420CDA714B1B78A2
:10C34C005BB21A0096235B00FB181B68D31A7A1891
:10C35C0012689A4214DA6C4B1B78002B00D185E0E2
:10C36C00684B1B785BB21A331A0096235B00FB18E0
:10C37C001B68D31AF422BA1812689A4200DA75E0D4
:10C38C00624AF423FB181B68DB00D3181868596841
:10C39C009C235B00FB181A685B68FEF72DFB020000
:10C3AC000B001100E024381901605B005B08E422EB
:10C3BC00BA181360E823FB181A685B68F82179181F
:10C3CC0008684968FEF750F802000B003919086834
:10C3DC004968FCF71DF8031E08D1504A504B391917
:10C3EC0008684968FCF714F8031E25D04D4A4E4BDB
:10C3FC00E021791808684968FCF70AF8031E1BD07D
:10C40C008A225200BB181B680133BA1813603F4ACA
:10C41C00F423FB181B68DB00D3181A685B689024A4
:10C42C006400391908684968FDF776F802000B00BA
:10C43C0039190A604B6019E0324B1B785BB2013B37
:10C44C00F422BA1812689A4210D1384B1B78002B80
:10C45C000CD0374B1B889BB264339AB2344B1A8086
:10C46C00324B00221A702B4B01221A70F422BB188B
:10C47C001B680133BA181360F423FB181A6898234D
:10C48C005B00FB181B689A4200DA4EE78A225200C6
:10C49C00BB181B68002B19DDBB181868FEF7A6FE2D
:10C4AC0002000B0090214900791808684968FDF7D3
:10C4BC0097FB02000B009C20400039180A604B606F
:10C4CC001C493B181A685B680A604B600D4B1B7863
:10C4DC005BB2192B0BDD0B4B1B785BB2DBB21A3B3F
:10C4EC00DBB25AB2074B1A70074B01221A709C230D
:10C4FC005B00FB181A685B6810001900BD4650B051
:10C50C00B0BDC0462A03002029030020D809002012
:10C51C00080000202C0300200000F03F333333339D
:10C52C003333C33F9A9999999999C93FF4040020E0
:10C53C00E665002000000020B0B590B000AF786038
:10C54C003F23FB1800221A702723FB1806221A70AF
:10C55C002623FB1832221A702523FB184B221A7043
:10C56C003D23FB1800221A703C257B1904221A70FB
:10C57C000022C14BBA61FB611723FC1803F005FBC9
:10C58C0003002370BD4B1B78DBB2002B02D07B1950
:10C59C000C221A70BA4B1A781623FB1803219142FD
:10C5AC00924152421A707B68002B02D07B680F2B91
:10C5BC0001DD01237B60B34B1B78002B22D00023C1
:10C5CC00BB6318E03D217B181A787B1801321A7076
:10C5DC00AD4ABB6BD3181B78DBB22722BA18127882
:10C5EC009A4205D83F217B181A787B1801321A70B1
:10C5FC00BB6B0133BB63A54B1B781A00BB6B93421F
:10C60C00E0DB61E0A24B1B781A00A24B1B78D3181D
:10C61C003B619E4B1B7818000F23FB180122111C49
:10C62C003A69824201DC0022111C197001237B63E0
:10C63C0044E0974B1B781A007B6BD817D10F9342B1
:10C64C0048410300D9B27B6B3A69DC0FD0179A4290
:10C65C0044412300DBB20B40DBB2002B15D10F237E
:10C66C00FB181C78894B1B781A003B6911001800C9
:10C67C00FBF7B2FE0B001A007B6BD80FD1179A4256
:10C68C0048410300DBB2234015D03D217B181A78BA
:10C69C007B1801321A707B6B013B7B4AD35CDBB29B
:10C6AC002722BA1812789A4205D83F217B181A789B
:10C6BC007B1801321A707B6B01337B63734B1B78D5
:10C6CC001A007B6B9342B4DD00220023BA62FB623A
:10C6DC00714B5B6C042B1AD1704B1B68012B16D061
:10C6EC003F23FB181B781800FEF7AEFD00226C4BA5
:10C6FC00FDF7BAFE02000B00100019000022694B76
:10C70C00FDF76EFA02000B00BA62FB6243E0624B6B
:10C71C005B6C042B21D1614B1B68012B1DD13F237A
:10C72C00FB181B781800FEF78FFD00225C4BFDF701
:10C73C009BFE02000B0014001D00544B1B781800CC
:10C74C00FEF782FD02000B0020002900FDF748FADD
:10C75C0002000B00BA62FB621DE03F23FB181B7842
:10C76C001800FEF771FD00224D4BFDF77DFE020017
:10C77C000B0014001D003D23FB181B781800FEF75E
:10C78C0063FD02000B0020002900FDF729FA0200CE
:10C79C000B00BA62FB62444B1B78DBB201225340A4
:10C7AC00DBB2002B04D03E23FB1804221A7087E066
:10C7BC001623FB181B78002B04D03E23FB180322F6
:10C7CC001A707DE0394B1B78002B04D03E23FB18EC
:10C7DC0005221A7074E01723FA183C23FB18127800
:10C7EC001B789A4204D33E23FB1802221A7067E08E
:10C7FC002F4B80331868596800222E4BFBF702FE32
:10C80C00031E04D03E23FB1806221A7058E0262380
:10C81C00FB181B781800FEF7E9FC02000B00B86A45
:10C82C00F96AFBF713FE031E12D02523FB181B78A5
:10C83C001800FEF7DBFC02000B00B86AF96AFBF784
:10C84C00E7FD031E04D03E23FB1801221A7037E0CB
:10C85C002523FB181B781800FEF7C8FC02000B0000
:10C86C00B86AF96AFBF7F2FD031E25D03E23FB18CC
:10C87C0002221A7024E0C04600004940DB6500200B
:10C88C00846200202B0300201C0300207602002071
:10C89C003A01002028620020306200204001002074
:10C8AC000000594000001440D6650020750200209D
:10C8BC003009002000002E403E23FB1800221A7085
:10C8CC0002F028F903001A003E217B181B789342D2
:10C8DC0004D07B181B78180002F00CF91723FA18F7
:10C8EC003C23FB1812781B789A4201D100F076F8A1
:10C8FC000F4B5B6C042B13D1BA69FB69B86AF96AEC
:10C90C00FBF7A4FD031E0BD00A4B1B68012B07D1B0
:10C91C00084B02221A60022003F058F800F0BAF813
:10C92C003E23FB181B781800BD4610B0B0BDC046A6
:10C93C00306200204001002080B586B000AFF86066
:10C94C003A607B601723FB1807221A700022204BD9
:10C95C0038687968FBF756FD031E06D11D4B1B7812
:10C96C0001225340DBB2002B09D0FB68013B1A4A71
:10C97C00D25CD2B20132D1B2174AD1540FE0FB686B
:10C98C00013B154AD35CDBB2002B08D0FB68013BA2
:10C99C00114AD25CD2B2013AD1B20F4AD154FB68DF
:10C9AC00013B0D4AD35CDBB217217A1812789A42FC
:10C9BC0005D2FB68013B084A79180978D154FB6809
:10C9CC00013B054AD35CDBB21800BD4606B080BD06
:10C9DC0000002E40F40400201C03002080B582B01F
:10C9EC0000AF00237B600AE0134A7B68DB00D118A0
:10C9FC00002200230A604B607B6801337B607B68FC
:10CA0C00192BF1DD0D4B00221A700D4B00221A7000
:10CA1C000C4900220C4B0A604B600C490C4A0D4B24
:10CA2C000A604B600C4B00221A7002F0BDFCC04631
:10CA3C00BD4602B080BDC046D80900202A030020A4
:10CA4C00290300200000002000002E4010000020D0
:10CA5C000E2DB29DEFFF58402B03002080B582B005
:10CA6C0000AF00237B600AE0094A7B68DB00D11829
:10CA7C00002200230A604B607B6801337B607B687B
:10CA8C000C2BF1DD02F00CFDC046BD4602B080BDA2
:10CA9C009862002080B582B000AF00237B6007E075
:10CAAC00084A7B68D31800221A707B6801337B60BC
:10CABC007B680C2BF4DD02F06BFDC046BD4602B06A
:10CACC0080BDC0461C03002080B584B000AF7860E8
:10CADC000323FB600023BB6018E07B68012B01D1B2
:10CAEC000523FB607B68022B01D10923FB607B686B
:10CAFC00042B01D10923FB60FB68D9B2094ABB683E
:10CB0C00D3180A1C1A70BB680133BB60BB680C2BB2
:10CB1C00E3DD054B00221A7002F0D8FDC046BD467D
:10CB2C0004B080BD886200208662002080B586B08B
:10CB3C0000AF786039601623FB18012252421A802C
:10CB4C0000233B612EE03B697A68D3181B781900EF
:10CB5C001622BB18BA1812884A401A800823FB60A8
:10CB6C001AE016217B181B88012213400BD07B186E
:10CB7C007A18128852081A807B187A1812880F4972
:10CB8C004A401A8005E01622BB18BA1812885208BF
:10CB9C001A80FB68013BFB60FB68002BE1D13B6911
:10CBAC0001333B613A693B689A42CCDB1623FB1894
:10CBBC001B881800BD4606B080BDC04601A0FFFF13
:10CBCC0080B500AF054B00225A70044B00225A80EE
:10CBDC00024B01221A70C046BD4680BD30030020B6
:10CBEC0080B582B000AF78603960144B1B7801229D
:10CBFC005340DBB2002B01D0FFF7E2FF3A687B68B1
:10CC0C0011001800FFF792FF03001A000B4B5A801B
:10CC1C000A4B5B88DAB2094B1A71084B5B881B0A0A
:10CC2C009BB2DAB2054B5A71044B01225A70034B7A
:10CC3C005B881800BD4602B080BDC04630030020A2
:10CC4C0080B582B000AF786039603A687B681100BB
:10CC5C001800FFF7C5FF034B1B791800BD4602B047
:10CC6C0080BDC0463003002080B500AF054B5B781B
:10CC7C00002B02D0034B5B7900E000231800BD466B
:10CC8C0080BDC0463003002080B582B000AF786014
:10CC9C0039607B6800221868596803F0F5FC3B6822
:10CCAC0001221900032004F0EDF97B6801221868B9
:10CCBC00596803F0E9FCC046BD4602B080BD90B592
:10CCCC0085B000AF78600C217B1828221A707B1875
:10CCDC0000225A707B1801229A700C007A187B681B
:10CCEC0011001800FFF7D0FF21007B1838221A70B2
:10CCFC007B1800225A707B1801229A700C007A184B
:10CD0C007B6811001800FFF7BFFF21007B1802227F
:10CD1C001A707B1800225A707B1803229A700C0030
:10CD2C007A187B6811001800FFF7AEFF21007B1802
:10CD3C0030221A707B1800225A707B1803229A70CA
:10CD4C007A187B6811001800FFF79EFFC046BD469D
:10CD5C0005B090BD80B584B000AFF8603B1D196084
:10CD6C005A60FB683A1D03CA03C33B1D01221868B5
:10CD7C00596803F089FCFB681800FFF7A0FFC04658
:10CD8C00BD4604B080BD80B584B000AF786039601A
:10CD9C003A6890231B029A4202D990231B023B60F3
:10CDAC000C217B1818221A703B681B0ADAB27B180C
:10CDBC005A703B68DAB27B189A707A187B6811004B
:10CDCC001800FFF761FFC046BD4604B080BD80B5BA
:10CDDC0084B000AF786039603A6890231B029A42A5
:10CDEC0002D990231B023B600C217B1819221A706C
:10CDFC003B681B0ADAB27B185A703B68DAB27B18B4
:10CE0C009A707A187B6811001800FFF73DFFC04636
:10CE1C00BD4604B080BD0000F0B5B3B002AFB96040
:10CE2C003A607B600E23FB18021C1A80D84B5B6C9B
:10CE3C007B67D74B5B683B676F23FB1801221A702B
:10CE4C000023BC22BA18136000233B630023FB624F
:10CE5C000023BB6200237B620023BB660023B82245
:10CE6C00BA1813600023B422BA1813600023B0223E
:10CE7C00BA18136000237B6600233B620023FB611E
:10CE8C000023BB6100237B6132233B663223FB65AD
:10CE9C003B6F012B01D1FB6D7B623B6F042B01D1EE
:10CEAC000A237B62BB4B9A88BA4B1A80B94B9A887F
:10CEBC00B84B5A80B84B5A88B74B1A80B64B1B8864
:10CECC001A00B44B1B88D31ADA179B18534018005E
:10CEDC00FCF794FA021CB14B1A60AF4B5B881A003A
:10CEEC00AC4B5B88D31ADA179B1853401800FCF72D
:10CEFC0085FA021CA94B5A60A94B1A680E243B19DF
:10CF0C001B88A849A54801F087FAA74B41221A6053
:10CF1C00A54B1A683B191B88A049A24801F00DFBD0
:10CF2C00A14B21221A60A04B1A683B191B889D4902
:10CF3C009A4801F002FBAF23FB1801221A70DE2382
:10CF4C005A009A4B0021180010F094FA0023A822E2
:10CF5C00BA18136002E2796A0E26BB191A883B6E66
:10CF6C00D21AAF23FC1830203D188E482023FB1812
:10CF7C0000932B0001F070F803002370AF23FB1813
:10CF8C001B78002B00D1E9E1396B2823FA1885486E
:10CF9C001823FB1800931300012201F0C5F8396B1C
:10CFAC00BB191B885A1E2423FC187E481423FB181B
:10CFBC000093230001F025F93B6BBC22BA181360D7
:10CFCC003B6AB8243A191360BB69191C3B191868E1
:10CFDC00FCF750F8031CB422BA1813607B69191CB7
:10CFEC003B191868FCF746F8031CB022BA181360FA
:10CFFC006F23FB181B78002B00D1DFE0BB6AA42148
:10D00C007A1813607B6AA022BA1813603A6B7B18EB
:10D01C001B68D31A642B03DD3B6B643B7A181360DB
:10D02C003B6BA0217A181268D31A642B03DD3B6B7F
:10D03C0064337A181360A0257B191A68A4243B1951
:10D04C001B68D31A01339B0018000FF0BBFF0300C1
:10D05C00BB65544B21007A1812689200D3587B653B
:10D06C00504B7A1912689200D3583B657B181B6899
:10D07C009C22BA18136040E0396D786DFBF7FAFF0B
:10D08C00031C1C1C9C257B191A68A426BB191B6845
:10D09C00D31A1800FCF7B2F9031C191C201CFBF75F
:10D0AC00ABFE031C1C1CA023FB181A68BB191B68C5
:10D0BC00D31A1800FCF7A2F9031C191C201CFBF74F
:10D0CC00B5FC031CBB64374B7A1912689200D35819
:10D0DC00191CB86CFBF720FB031C7B647B191A68CA
:10D0EC00BB191B68D31A9B00BA6DD3187A6C1A60E3
:10D0FC007B191B6801337A1913609C23FB181A687F
:10D10C00A0217B181B689A42B6DD7B181A68A425EF
:10D11C007B191B68D21A4F26BC192C23F918B86D31
:10D12C001C23FB1800930B00002100F095FF03005B
:10D13C002370BB191B78002B3AD0FB6A7A19126842
:10D14C00D318BC22BA181360FB69B822B9180B604B
:10D15C00796DBB181868FBF78DFF031C7B660021EB
:10D16C00786EFBF7ADF9031E09D07B6EB422B918AB
:10D17C000B60BB181B68B022BA18136003E0BC2309
:10D18C00FB181B68BB66BC23FB181B68BB6611E055
:10D19C0030620020A80A002098150020882000206A
:10D1AC0018000020683600201C00002038030020E6
:10D1BC000023BB66BB6D18000FF00EFFBB6ABC25CD
:10D1CC007A191268D31ADA179B185340052B00DC16
:10D1DC00C4E07B6A7A191268D31ADA179B18534089
:10D1EC00052B00DCBAE07A6ABB6AD31ADA179B18F3
:10D1FC005340142B00DCB1E07B191868FCF7FEF8E7
:10D20C00CC49A8243B191B685A1C13009B009B1883
:10D21C00DB00CB1804331860BB6A1800FCF7EEF87F
:10D22C00C4493B191A6813009B009B18DB00CB18F0
:10D23C00303318607B6A1800FCF7E0F8BD493B19E5
:10D24C001A6813009B009B18DB00CB183433186052
:10D25C00B8493B191A6813009B009B18DB00CB18CC
:10D26C003833B822BA1812681A60B2493B191A68D6
:10D27C0013009B009B18DB00CB183C33B422BA186C
:10D28C0012681A60AB493B191A6813009B009B1873
:10D29C00DB00CB184033B022BA1812681A607B1925
:10D2AC001A68A54B1100180001F044F8A1493B196C
:10D2BC001A6813009B009B18DB00CB1844331860D2
:10D2CC00BB6A7A191268D31ADA179B185340052BCC
:10D2DC0012DD7B6A7A191268D31ADA179B1853403D
:10D2EC00052B09DD7A6ABB6AD31ADA179B185340EF
:10D2FC00142B01DD012300E000231800FCF77EF85D
:10D30C008C49A8243B191A6813009B009B18DB005E
:10D31C00CB18483318603B6B1800FCF76FF8854945
:10D32C003B191A6813009B009B18DB00CB184C337D
:10D33C001860824BBC22BA1812689200D1587D48F2
:10D34C003B191A6813009B009B18DB00C318503361
:10D35C0019603B191B6801333A191360AF23FB1892
:10D36C001B78002B05D0A823FB181B68092B00DCAD
:10D37C00F1E500239822BA181360714B9422BA1865
:10D38C00136000239022BA18136000238C22BA1861
:10D39C0013608B23FB1800221A703B6F042B00D0F8
:10D3AC00BDE0684B1B78002B67D000238422BA1891
:10D3BC00136059E05F4984243B191A6813009B00E1
:10D3CC009B18DB00CB1850331B68181CFDF760FF53
:10D3DC003A687B68FDF710FB02000B001000190087
:10D3EC00FDF7C8FE0300DA179B1853401800FCF732
:10D3FC0005F8031CFB6394257B191968F86BFBF784
:10D40C0041F8031E2AD04B493B191A6813009B00A4
:10D41C009B18DB00CB1848331B680021181CFBF74A
:10D42C0045F8031E0CD03B191B689022BA181360E8
:10D43C008B23FB1801221A70FB6B7A1913600DE019
:10D44C008B23FB181B7801225340DBB2002B05D039
:10D45C008423FB181B688C22BA1813608422BB1817
:10D46C001B680133BA1813608423FB181A68A823AD
:10D47C00FB181B689A429DDB51E000238022BA18EE
:10D48C00136044E02B4980243B191A6813009B005D
:10D49C009B18DB00CB1844331B683B6494257B1929
:10D4AC001968386CFAF7EEFF031E2AD021493B1994
:10D4BC001A6813009B009B18DB00CB1848331B68C1
:10D4CC000021181CFAF7F2FF031E0CD03B191B6845
:10D4DC009022BA1813608B23FB1801221A703B6C34
:10D4EC007A1913600DE08B23FB181B780122534033
:10D4FC00DBB2002B05D08023FB181B688C22BA18DA
:10D50C0013608022BB181B680133BA181360802388
:10D51C00FB181A68A823FB181B689A42B2DB3B6FF6
:10D52C00012B00D0E3E0084B1B78002B66D00023C6
:10D53C00FB675CE03803002068360020484C002074
:10D54C0000FEFF4609640020086400209649FA6F2B
:10D55C0013009B009B18DB00CB1850331B68181C66
:10D56C00FDF796FE3A687B68FDF746FA02000B0061
:10D57C0010001900FDF7FEFD0300DA179B1853404D
:10D58C001800FBF73BFF031C7B6394243B191968C1
:10D59C00786BFAF777FF031E26D08349FA6F1300D6
:10D5AC009B009B18DB00CB1848331B680021181C10
:10D5BC00FAF77CFF031E0BD0FB6F9022BA18136096
:10D5CC008B23FB1801221A707B6B3A1913600BE04A
:10D5DC008B23FB181B7801225340DBB2002B03D0AA
:10D5EC00FB6F8C22BA181360FB6F0133FB67FA6F69
:10D5FC00A823FB181B689A42A8DB78E0A823FB1829
:10D60C001B68022B21D1684B9B6C0021181CFAF76C
:10D61C004DFF031E08D000239022BA1813608B23F1
:10D62C00FB1801221A7062E05F4B1B6F0021181C63
:10D63C00FAF73CFF031E5AD001239022BA1813604C
:10D64C008B23FB1801221A7051E00023BB6748E0C2
:10D65C005549BA6F13009B009B18DB00CB183C3369
:10D66C0018685149BA6F13009B009B18DB00CB184C
:10D67C0040331B68191CFBF7BFFB031CBB639824CE
:10D68C003B191968B86BFAF711FF031E26D04649EF
:10D69C00BA6F13009B009B18DB00CB1848331B6838
:10D6AC000021181CFAF702FF031E0BD0BB6F90224F
:10D6BC00BA1813608B23FB1801221A70BB6B3A1932
:10D6CC0013600BE08B23FB181B7801225340DBB259
:10D6DC00002B03D0BB6F8C22BA181360BB6F0133C5
:10D6EC00BB67BA6FA823FB181B689A42B0DB8B236D
:10D6FC00FB181B7801225340DBB2002B05D08C2386
:10D70C00FB181B689022BA181360A823FB181B681F
:10D71C00002B51D1244B00221A60234B00229A601B
:10D72C000E23FB181B885A1E1F4BDA601E4B1A68FF
:10D73C001E4B9200D2581C4B1A611B4B9A681B4B08
:10D74C009200D258184B5A61174BDA68174B92005B
:10D75C00D258154B9A61144B1A68154B9200D3583A
:10D76C00181CFAF7D7FE03009AB20F4B9A830E4B94
:10D77C009A680F4B9200D358181CFAF7CBFE030093
:10D78C009AB2094BDA83084BDA68094B9200D358EA
:10D79C00181CFAF7BFFE03009AB2034B1A84054B10
:10D7AC0000221A60C1E0C04638030020484C00201B
:10D7BC0068360020EC650020DA4990243B191A6881
:10D7CC0013009B009B18DB00CB1838331B68181C0C
:10D7DC00FAF7A0FE03009AB2D24B9A83D1493B19B7
:10D7EC001A6813009B009B18DB00CB1830331B68A6
:10D7FC00181CFBF7E3FD0200CB4B9200D358181C0E
:10D80C00FAF788FE03009AB2C64BDA83C5493B1976
:10D81C001A6813009B009B18DB00CB1834331B6871
:10D82C00181CFBF7CBFD0200BF4B9200D358181C01
:10D83C00FAF770FE03009AB2BA4B1A84B9493B1935
:10D84C001B685A1C13009B009B18DB00CB1804337D
:10D85C001B68181CFBF7B2FD0200B44B9200D258A7
:10D86C00B04B1A61AF493B191A6813009B009B1807
:10D87C00DB00CB1830331B68181CFBF79FFD020034
:10D88C00AA4B9200D258A74B5A61A6493B191A6869
:10D89C0013009B009B18DB00CB1834331B68181C3F
:10D8AC00FBF78CFD0200A14B9200D2589D4B9A6164
:10D8BC009C493B191A6813009B009B18DB00CB1882
:10D8CC003C331B68181CFAF725FE03009AB2954BE3
:10D8DC005A8494493B191A6813009B009B18DB006F
:10D8EC00CB1840331B68181CFAF714FE03009AB2CD
:10D8FC008C4B9A848B493B191A6813009B009B181C
:10D90C00DB00CB184C331B68181CFBF757FD0200CF
:10D91C00864B9200D358181CFBF750FD0300DA1706
:10D92C009B1853401A00824B1A607E4B1B8C1A00BA
:10D93C007C4BDB8BD31ADA179B1853409AB2794B7A
:10D94C001A85784B1B69181CFAF7E4FD0200784B1A
:10D95C001A603B6F012B17D1724B1B69181CFDF71A
:10D96C0097FC744B1B68013B734ADB00D3181A6895
:10D97C005B68FBF7D1FD02000B0010001900FDF7EE
:10D98C00CFFC021C674B1A61664B1A8DBB689A87D9
:10D99C00644B1B69181CFDF77BFC02000B00B9687B
:10D9AC000A644B645F4B5B69181CFDF771FC020049
:10D9BC000B00B9680A654B655A4B9B69181CFDF73F
:10D9CC0067FC02000B00B9680A664B66554B998BD5
:10D9DC00BB686A229952534BD98BBB686E22995201
:10D9EC00504B198CBB68722299524E4B598CBB68A8
:10D9FC00762299524B4B998CBB687A2299524D4B9B
:10DA0C0048229B5C002B05D0BB686A22995ABB68E4
:10DA1C00722299523B6F012B00D0A8E1414B9A8B9B
:10DA2C00FA23DB019A4203D9444B01221A7002E01B
:10DA3C00424B00221A703B4B9B8B414A934203D8BA
:10DA4C00404B01221A7002E03E4B00221A70354BFB
:10DA5C00DB8B3D4A934203D93C4B01221A7002E006
:10DA6C003A4B00221A703A4B00221A702D4B1B8C29
:10DA7C00354A934203D9374B01221A7002E0354BD9
:10DA8C0000221A70344B00221A70264B1A8DFA237E
:10DA9C005B019A4203D9314B01221A7002E02F4BE1
:10DAAC0000221A701F4B5B8C2D4A934203D92D4BCD
:10DABC0001221A7002E02B4B00221A70194B9B8C1E
:10DACC00274A934203D9284B01221A7002E0264BB5
:10DADC0000221A707B6F012B15D1124B5B8C4F2BD4
:10DAEC0003D8224B01221A7002E0204B00221A703C
:10DAFC000C4B9B8C272B03D81D4B01221A7002E078
:10DB0C001B4B00221A707B6F022B02D07B6F042BF5
:10DB1C003ED1044B5B8C092B2CD8144B01221A7070
:10DB2C002BE0C0463803002068360020484C00200B
:10DB3C00EC6500203062002098620020F504002083
:10DB4C0089020000F604002048710000F704002050
:10DB5C00F8040020F9040020FA040020FB04002043
:10DB6C0078690000FC040020FE040020FD04002065
:10DB7C00FF040020C24B00221A70C24B9B8C092B55
:10DB8C0003D8C14B01221A7002E0BF4B00221A705D
:10DB9C007B6F012B0FD1BB4B5B8C4F2B03D9B94B3C
:10DBAC009B8C4F2B03D8B94B01221A7012E0B74B48
:10DBBC0000221A700EE0B34B5B8C182B03D9B14BBF
:10DBCC009B8C182B03D8B24B01221A7002E0B04B7D
:10DBDC0000221A70AF4B01221A70AF4B1B78002B2E
:10DBEC0027D1AE4B1B78002B23D1AD4B1B78002BD0
:10DBFC001FD1AC4B1B78002B1BD1AB4B1B78002BD4
:10DC0C0017D1AA4B1B78002B13D1A94B1B78002BD7
:10DC1C000FD1A84B1B78002B0BD1994B1B78002BE9
:10DC2C0007D1A54B1B78002B03D1974B1B78002BEE
:10DC3C000BD0984B00221A70A04B1B889BB2A04AA9
:10DC4C00944663449AB29D4B1A809E4B00221A70E4
:10DC5C009D4B00221A707B6F012B42D18E4B1B788F
:10DC6C0001225340DBB219008C4B1B78012253402C
:10DC7C00DBB20B408A4A127801214A40D2B21340DF
:10DC8C00884A127801214A40D2B21340864A12784F
:10DC9C0001214A40D2B21340844A127801214A40F1
:10DCAC00D2B21340824A127801214A40D2B21340B8
:10DCBC00804A127801214A40D2B213407E4A12782F
:10DCCC0001214A40D2B21340704A127813404AD014
:10DCDC00A823FB181B68002B45D07A4B01221A7025
:10DCEC0041E06D4B1B7801225340DBB219006B4BAA
:10DCFC001B7801225340DBB20B40694A1278012198
:10DD0C004A40D2B21340674A127801214A40D2B23B
:10DD1C001340654A127801214A40D2B21340634A3B
:10DD2C00127801214A40D2B21340614A1278012183
:10DD3C004A40D2B213405F4A127801214A40D2B213
:10DD4C0013405D4A127801214A40D2B21340504A26
:10DD5C001278134007D0A823FB181B68002B02D0A5
:10DD6C00594B01221A70574B00221A7050E13B6F2D
:10DD7C00042B00D04CE1434B9B8B544A934203D968
:10DD8C00534B01221A7002E0514B00221A703D4B8A
:10DD9C009A8BFA239B009A4203D24E4B01221A70A3
:10DDAC0002E04C4B00221A70364BDB8B4A4A9342F2
:10DDBC0003D94A4B01221A7002E0484B00221A7018
:10DDCC00304BDA8BFA235B009A4203D2444B01228C
:10DDDC001A7002E0424B00221A702A4B1B8C3E4AEE
:10DDEC00934203D93F4B01221A7002E03D4B0022B3
:10DDFC001A70244B1A8CFA235B009A4203D23A4BCA
:10DE0C0001221A7002E0384B00221A701D4B5B8CF9
:10DE1C00364A934203D9364B01221A7002E0344B36
:10DE2C0000221A70174B5B8C092B03D8314B012243
:10DE3C001A7002E02F4B00221A70124B9B8C2B4A4B
:10DE4C00934203D92C4B01221A7002E02A4B002278
:10DE5C001A700C4B9B8C092B03D8284B01221A707F
:10DE6C0002E0264B00221A70064B5B8CC72B03D9A1
:10DE7C00044B9B8CC72B45D8214B01221A7044E0D4
:10DE8C00FD04002038030020FF04002000050020C2
:10DE9C0001050020F4040020F5040020F604002005
:10DEAC00F7040020F8040020F9040020FA040020F4
:10DEBC00FB040020FC040020FE040020E66500208A
:10DECC0010270000020500200305002090E200004E
:10DEDC000505002006050020A8DE0000070500202F
:10DEEC0008050020090500200A05002030750000F7
:10DEFC000B0500200C0500200D0500200E05002050
:10DF0C000F050020444B00221A707B6F042B09D1A3
:10DF1C00424B9B6B022B05DC414B00221A70414B90
:10DF2C0000221A70404B01221A70404B1B78002BB8
:10DF3C0023D13F4B1B78002B1FD13E4B1B78002B62
:10DF4C001BD13D4B1B78002B17D13C4B1B78002B66
:10DF5C0013D13B4B1B78002B0FD1324B1B78002B72
:10DF6C000BD12F4B1B78002B07D1364B1B78002B7A
:10DF7C0003D1354B1B78002B0BD02B4B00221A7086
:10DF8C00324B1B889BB2324A944663449AB22F4B55
:10DF9C001A80304B00221A70244B1B7801225340FC
:10DFAC00DBB21900224B1B7801225340DBB20B4031
:10DFBC00204A127801214A40D2B213401E4A1278EC
:10DFCC0001214A40D2B213401C4A127801214A4026
:10DFDC00D2B213401A4A127801214A40D2B21340ED
:10DFEC00104A127801214A40D2B21340154A1278D5
:10DFFC0001214A40D2B21340074A1278134007D08D
:10E00C00A823FB181B68002B02D0124B01221A709C
:10E01C00C046BD4631B0F0BD0F0500203062002077
:10E02C000C0500200B050020040500200505002030
:10E03C000605002007050020080500200905002022
:10E04C000A0500200D0500200E050020E6650020C5
:10E05C00102700001005002090B589B000AFF860C3
:10E06C00B9607A603B60BB689B00FA68D3181B6888
:10E07C00FB611B23FB1800221A70BB689B00FA681B
:10E08C00D3181A683B6B1A603B6800221A60BB6895
:10E09C007B613EE01B243B191B7801225340DBB211
:10E0AC00002B0ED07B699B00FA68D3181B68191CD7
:10E0BC00F869FAF7E7F9031E22D03B1901221A700E
:10E0CC001EE07B699B00FA68D3181B68191CF86961
:10E0DC00FAF7ECF9031E13D07B695A1E3B681A60E1
:10E0EC007B69104A944663449B00FA68D3181A68FB
:10E0FC003B6B1A601B23FB1800221A7001230DE0E6
:10E10C007B699B00FA68D3181B68FB617B69013340
:10E11C007B617A697B689A42BCDB00231800BD46A0
:10E12C0009B090BDFFFFFF3F80B588B000AFF8602D
:10E13C00B9607A603B60BB689B00FA68D3181B68B7
:10E14C00FB611B23FB1800221A707B687B617B68C8
:10E15C009B00FA68D3181A68BB6A1A603B687A6825
:10E16C001A60BB68013B3B6137E01B23FB181B7833
:10E17C00002B07D03A697B69D31ADA179B185340E6
:10E18C00052B2FDC3B699B00FA68D3181B68191C04
:10E19C00F869FAF777F9031E0ED01B217B181B7850
:10E1AC0001225340DBB2002B0ED03B6901337B6163
:10E1BC007B1801221A7007E01B22BB181B78002B5E
:10E1CC0002D0BB1800221A703B699B00FA68D31866
:10E1DC001B68FB613B69013B3B613A697B689A4276
:10E1EC00C3DC00E0C0463B687A691A607B699B001F
:10E1FC00FA68D3181A68BB6A1A60C046BD4608B0E4
:10E20C0080BD80B588B000AFF860B9607A603B60C3
:10E21C00BB689B00FA68D3181B68FB611B23FB18B7
:10E22C0000221A707B687B617B689B00FA68D318AC
:10E23C001A68BB6A1A603B687A681A60BB6801335B
:10E24C003B6137E01B23FB181B78002B07D03A6986
:10E25C007B69D31ADA179B185340052B2FDC3B69CB
:10E26C009B00FA68D3181B68191CF869FAF70AF9AD
:10E27C00031E0ED01B217B181B7801225340DBB2EE
:10E28C00002B0ED03B69013B7B617B1801221A707D
:10E29C0007E01B22BB181B78002B02D0BB180022F6
:10E2AC001A703B699B00FA68D3181B68FB613B69C9
:10E2BC0001333B613A697B689A42C3DB00E0C0469C
:10E2CC003B687A691A607B699B00FA68D3181A68F4
:10E2DC00BB6A1A60C046BD4608B080BD80B582B02E
:10E2EC0000AF786039603968094B786802220EF00B
:10E2FC0067FF3B68002B00DA01335B109B007A68E8
:10E30C00D3181B689BB21800BD4602B080BDC04636
:10E31C0021E3000880B582B000AF786039607B687B
:10E32C001B881A003B681B88D31A1800BD4602B024
:10E33C0080BD0000B0B588B000AF78603960202394
:10E34C007B610023FB613A687B69D31ABB6137E0C0
:10E35C002F4BBA695200D35A19002E4BBA6952008E
:10E36C00D35ACB1ADA179B1853401800FBF746F810
:10E37C00BB699B007A68D3181B68191CFAF77AFEE4
:10E38C00031CFB60F868FCF783FF00228023DB058D
:10E39C000FF002FA04000D00F869FCF779FF020097
:10E3AC000B0020002900FBF7B7F802000B0010004F
:10E3BC001900FCF7B5FF031CFB61BB690133BB61A2
:10E3CC003A687B69D318BA699A42C1DD7B695B00F4
:10E3DC0001331800FBF712F8031C191CF869FAF743
:10E3EC0025FB031C181CFCF753FF02000B0010004C
:10E3FC0019000FF03FFA02000B0010001900FCF797
:10E40C008FFF031C3B613B69181CBD4608B0B0BDB7
:10E41C00A80A002098150020F0B5C64600B592B0A9
:10E42C0000AF78623962FA61BB61FB69013B002B7A
:10E43C0000DA01335B107B630023FB6372E06B46F5
:10E44C009846FA6B7B6B9A4206DAFB6B5B000133E6
:10E45C007B64FB6B3B6408E0FB697B64FB69013B01
:10E46C00002B00DA01335B103B647B6C5A1E3A6361
:10E47C001A00BA600022FA60B868F9680200D20E7D
:10E48C000E0075011543020054011A003A60002277
:10E49C007A60386879680200D20E0E0076017E61CF
:10E4AC007E6916437E61020052013A619B0007337C
:10E4BC00DB08DB006A46D31A9D466B4603339B0888
:10E4CC009B00FB620023BB6313E0FA6BBB6BD2189F
:10E4DC003B6CD31A9B007A6AD3181B68181CFAF78A
:10E4EC006DFF0100FB6ABA6B9200D150BB6B01331C
:10E4FC00BB63BA6B7B6C9A42E7DB7A6CFB6A1100EC
:10E50C001800FFF7EBFE03001900FB6B9B003A6A47
:10E51C00D6180800FAF7BEFF031C3360C546FB6B28
:10E52C000133FB63FA6BBB699A4288DBC046C04679
:10E53C00BD4612B080BCB846F0BD90B58BB000AFF4
:10E54C00F860B9607A603B607B68013B002B00DAB5
:10E55C0001335B103B610023FB6152E0FA693B69BC
:10E56C009A4206DAFB695B0001337B62FB693B6212
:10E57C001CE03B685A1EFB69D31A3A699A420CDDBF
:10E58C003B685A1EFB69D31A5B0001337B623B6804
:10E59C005A1EFB69D31A3B6208E07B687B627B687E
:10E5AC00013B002B00DA01335B103B620023BB61A3
:10E5BC0000237B6111E0FA697B69D2183B6AD31A9C
:10E5CC009B00FA68D3181B68191CB869FAF7A4F8F1
:10E5DC00031CBB617B6901337B617A697B6A9A425C
:10E5EC00E9DB786AFAF70AFF011CFB699B00BA6841
:10E5FC00D418B869FAF71AFA031C2360FB690133C3
:10E60C00FB61FA693B689A42A8DBC046C046BD462E
:10E61C000BB090BD80B582B000AF0200FB1D1A702C
:10E62C00FB1D1B781900662001F0BAFDC046BD46E3
:10E63C0002B080BD90B583B000AFFB1D00221A70F4
:10E64C00FC1D022302220121662001F095FC03002F
:10E65C002370FB1D1B781800BD4603B090BD80B520
:10E66C0082B000AF0200FB1D1A70FB1D1B78190055
:10E67C00622001F095FDC046BD4602B080BD90B54C
:10E68C0083B000AFFB1D00221A70FC1D072308226B
:10E69C000121622001F070FC03002370FB1D1B782C
:10E6AC001800BD4603B090BD80B582B000AF02002B
:10E6BC00FB1D1A70FB1D1B781900632001F070FD07
:10E6CC00C046BD4602B080BD90B583B000AFFB1D07
:10E6DC0000221A70FC1D0023F0220A21632001F095
:10E6EC004BFC03002370FB1D1B781800BD4603B0C8
:10E6FC0090BD80B582B000AF0200FB1D1A70FB1DEF
:10E70C001B781900602001F04BFDC046BD4602B0DD
:10E71C0080BD90B583B000AFFB1D00221A70FC1DAC
:10E72C000123FF220121602001F026FC030023704D
:10E73C00FB1D1B781800BD4603B090BD80B582B0A0
:10E74C0000AF0200FB1D1A70FB1D1B781900612025
:10E75C0001F026FDC046BD4602B080BD90B583B029
:10E76C0000AFFB1D00221A70FC1D012302220121A7
:10E77C00612001F001FC03002370FB1D1B781800C5
:10E78C00BD4603B090BD80B582B000AF786001F09B
:10E79C008BFD00F082FA7B6806221900012001F043
:10E7AC000FFE7B6806221900102001F009FE7B6821
:10E7BC0006221900302001F003FEC046BD4602B00F
:10E7CC0080BDB0B58EB000AF78602723FB18002257
:10E7DC001A703323FB1801221A703223FB18012202
:10E7EC001A703123FB1801221A703023FB180022F7
:10E7FC001A7000237B635DE07B6B9BB201339BB291
:10E80C00180001F00FFD0300190020243A197B6B4E
:10E81C00D3180A1C1A707B6B9BB210339BB2180076
:10E82C0001F000FD0300190018257A197B6BD31831
:10E83C000A1C1A707B6B9BB230339BB2180001F030
:10E84C00F1FC030019001023FA187B6BD3180A1C77
:10E85C001A703A197B6BD3181A7879197B6BCB1811
:10E86C001B789A4203D03323FB1800221A70202302
:10E87C00FA187B6BD3181A781023F9187B6BCB180A
:10E88C001B789A4203D03223FB1800221A701823EB
:10E89C00FA187B6BD3181A781023F9187B6BCB18EA
:10E8AC001B789A4203D03123FB1800221A707B6B21
:10E8BC0001337B637B6B052B9EDD2023FB181B78C0
:10E8CC00FF2B0DD11823FB181B78FF2B08D110231D
:10E8DC00FB181B78FF2B03D13023FB1801221A7075
:10E8EC0020217B181B78FF2B11D01823FB181B78C9
:10E8FC00FF2B0CD11023FB181B78FF2B07D13123D6
:10E90C00FB1800221A707B181800FFF73CFF00233D
:10E91C007B6334E03323FB181B78002B04D13223A8
:10E92C00FB181B78002B0BD02023FA187B6BD31809
:10E93C0019780823FA187B6BD3180A1C1A701BE081
:10E94C003123FB181B78002B0BD01823FA187B6B88
:10E95C00D31819780823FA187B6BD3180A1C1A7071
:10E96C000AE02023FA187B6BD31819780823FA18BD
:10E97C007B6BD3180A1C1A707B6B01337B637B6B2C
:10E98C00052BC7DD0023FB623DE027203B18082246
:10E99C00B918FA6A8A1812781A703B181B782F2B40
:10E9AC0004D83023FB1801221A7010E02723FB181F
:10E9BC001B78392B04D93023FB1801221A7006E07E
:10E9CC00FB6A7A68D3182722BA1812781A70302387
:10E9DC00FB181B78002B13D00623FB620023BB62B1
:10E9EC0007E0BB6A7A68D31830221A70BB6A01330D
:10E9FC00BB62BB6A052BF4DD7B681800FFF7C3FE16
:10EA0C00FB6A0133FB62FB6A052BBEDDC046C046C8
:10EA1C00BD460EB0B0BD80B582B000AF0200FB1D8C
:10EA2C001A70FB1D1B781900C02001F0B9FBC04601
:10EA3C00BD4602B080BD90B583B000AFFB1D002277
:10EA4C001A70FC1D022302220121C02001F094FA4D
:10EA5C0003002370FB1D1B781800BD4603B090BD4E
:10EA6C0080B582B000AF0200FB1D1A70FB1D1B7835
:10EA7C001900672001F094FBC046BD4602B080BD72
:10EA8C0080B582B000AF0200FB1D1A70FB1D1B7815
:10EA9C0019006B2001F084FBC046BD4602B080BD5E
:10EAAC0090B583B000AFFB1D00221A70FC1D012332
:10EABC0002220121672001F05FFA03002370FB1D85
:10EACC001B781800BD4603B090BD90B583B000AF65
:10EADC00FB1D00221A70FC1D0023F02200216B206C
:10EAEC0001F04AFA03002370FB1D1B781800BD4689
:10EAFC0003B090BD80B582B000AF0200FB1D1A7050
:10EB0C00FB1D1B781900682001F04AFBC046BD466E
:10EB1C0002B080BD90B583B000AFFB1D00221A700F
:10EB2C00FC1D002306220021682001F025FA0300B9
:10EB3C002370FB1D1B781800BD4603B090BD90B52B
:10EB4C0085B000AF0200FB1D1A70BB1D0A1C1A70A9
:10EB5C000C23FB1800221A800F23FB18BA1D127805
:10EB6C001A700E23FB1800221A700BE00F22BB1830
:10EB7C00BA1812783C3A1A700E22BB18BA181278CE
:10EB8C0001321A700F203B181B783B2BEED80E2449
:10EB9C003B193919FA1D097812788A181A703B1921
:10EBAC001B78002B0AD13B181B78002B06D03B1886
:10EBBC001B78002B02D13B1801221A700E22BB18B5
:10EBCC001B78182B06D9BB1818221A700F23FB18A8
:10EBDC0000221A700E23FB181B789BB21B0299B2F1
:10EBEC000F23FB181B789AB20C203B188A181A803A
:10EBFC003B181B881800BD4605B090BDB0B584B05D
:10EC0C0000AF0200FB1D1A70BB1D0A1C1A700E25EA
:10EC1C007C19BB1D1A78FB1D1B7811001800FFF71F
:10EC2C008EFF030023807B191B881B0A9BB2DBB26F
:10EC3C001900642001F0B4FA7B191B88DBB21900AF
:10EC4C00652001F0ADFAC046BD4604B0B0BD90B52C
:10EC5C0083B000AFFB1D00221A70BB1D00221A707E
:10EC6C00FC1D642001F0DEFA03002370BC1D65203E
:10EC7C0001F0D8FA030023703C1DBB1D1A78FB1D54
:10EC8C001B7811001800FFF75AFF030023803B1D6F
:10EC9C001B881800BD4603B090BD80B500AF0021A5
:10ECAC000020FFF7ABFF0120FFF723FD0120FFF74A
:10ECBC0045FD002000F0C0FEC046BD4680BD80B5BD
:10ECCC0082B000AF78607B680C221900C52001F07F
:10ECDC001BFB7B680C221900D12001F015FB796815
:10ECEC008A235B000C22180001F00EFBC046BD46C7
:10ECFC0002B080BD80B584B000AF7860174B5B79F3
:10ED0C00122B06D17B6810221900202001F058FB31
:10ED1C001FE0124B5B79112B1BD8104B5B79013B1D
:10ED2C00FB600AE0FB689BB220339BB20321180006
:10ED3C0001F036FAFB680133FB60FB68112BF1DD47
:10ED4C00064B5B79023BDAB27B681900202001F09C
:10ED5C0037FBC046BD4604B080BDC046140500203C
:10ED6C00B0B586B000AF78600B23FB1800221A7088
:10ED7C001723FB1800221A7000233B619DE03B69AE
:10ED8C009BB220339BB20B257C19180001F04AFA78
:10ED9C000300237029007B181B78032B06D13B69D9
:10EDAC007A68D3187A1812781A706AE00B217B18DB
:10EDBC001B78202B06D13B697A68D3187A18127805
:10EDCC001A705EE00B217B181B782D2B06D13B694A
:10EDDC007A68D3187A1812781A7052E00B217B18C3
:10EDEC001B782E2B06D13B697A68D3187A181278C7
:10EDFC001A7046E00B23FB181B782F2B04D8172313
:10EE0C00FB1801221A703CE00B22BB181B78392B23
:10EE1C0010D9BB181B78402B04D81723FB180122E0
:10EE2C001A702EE03B697A68D3180B22BA18127844
:10EE3C001A7026E00B22BB181B785A2B10D9BB1862
:10EE4C001B78602B04D81723FB1801221A7018E0CA
:10EE5C003B697A68D3180B22BA1812781A7010E032
:10EE6C000B23FB181B787A2B04D91723FB180122D0
:10EE7C001A7006E03B697A68D3180B22BA1812781C
:10EE8C001A701723FB181B78002B13D010233B612F
:10EE9C000023FB6007E0FB687A68D31803221A7022
:10EEAC00FB680133FB60FB680F2BF4DD7B681800FB
:10EEBC00FFF720FF3B6901333B613B690F2B00DC03
:10EECC005DE7C046C046BD4606B0B0BD80B584B057
:10EEDC0000AF7860174B5B79122B06D17B68102240
:10EEEC001900402001F06CFA1FE0124B5B79112BDA
:10EEFC001BD8104B5B79013BFB600AE0FB689BB2B3
:10EF0C0040339BB20321180001F04AF9FB6801332E
:10EF1C00FB60FB68112BF1DD064B5B79023BDAB22F
:10EF2C007B681900402001F04BFAC046BD4604B086
:10EF3C0080BDC04614050020B0B586B000AF786027
:10EF4C000B23FB1800221A701723FB1800221A70CF
:10EF5C0000233B619DE03B699BB240339BB20B2588
:10EF6C007C19180001F05EF90300237029007B184E
:10EF7C001B78032B06D13B697A68D3187A18127860
:10EF8C001A706AE00B217B181B78202B06D13B6989
:10EF9C007A68D3187A1812781A705EE00B217B18F5
:10EFAC001B782D2B06D13B697A68D3187A18127806
:10EFBC001A7052E00B217B181B782E2B06D13B6963
:10EFCC007A68D3187A1812781A7046E00B23FB185B
:10EFDC001B782F2B04D81723FB1801221A703CE046
:10EFEC000B22BB181B78392B10D9BB181B78402B64
:10EFFC0004D81723FB1801221A702EE03B697A689B
:10F00C00D3180B22BA1812781A7026E00B22BB18F0
:10F01C001B785A2B10D9BB181B78602B04D81723DC
:10F02C00FB1801221A7018E03B697A68D3180B227E
:10F03C00BA1812781A7010E00B23FB181B787A2B75
:10F04C0004D91723FB1801221A7006E03B697A6871
:10F05C00D3180B22BA1812781A701723FB181B78C6
:10F06C00002B13D010233B610023FB6007E0FB68EF
:10F07C007A68D31803221A70FB680133FB60FB68B3
:10F08C000F2BF4DD7B681800FFF734FE3B6901336E
:10F09C003B613B690F2B00DC5DE7C046C046BD46BB
:10F0AC0006B0B0BD80B582B000AF0200FB1D1A7077
:10F0BC00FB1D1B781900E02001F072F8C046BD461C
:10F0CC0002B080BD80B582B000AF0200FB1D1A708B
:10F0DC00FB1D1A7893235B001100180001F060F8F7
:10F0EC00C046BD4602B080BD90B583B000AFFB1DDD
:10F0FC0000221A70BB1D00221A70FC1D93235B00AA
:10F10C00180001F08FF803002370FB1D1B78FF2BF8
:10F11C0002D1BB1D01221A70BB1D1B78002B07D01E
:10F12C00FB1D55221A70FB1D1B781800FFF7CAFF38
:10F13C00FB1D1B781800BD4603B090BD90B583B085
:10F14C0000AFFB1D00221A70BB1D00221A70FC1DA3
:10F15C00E02001F067F803002370FB1D1B78FF2BE8
:10F16C0002D1BB1D01221A70BB1D1B78002B07D0CE
:10F17C00FB1D02221A70FB1D1B781800FFF792FF73
:10F18C00FB1D1B781800BD4603B090BD90B583B035
:10F19C0000AFFB1C00221A7000237B6019E07B6817
:10F1AC009BB29B009BB2404A944663449BB21800AE
:10F1BC0000F068FF031C181CFCF76AF802000B0037
:10F1CC003A487968C90041180A604B607B68013382
:10F1DC007B607B68192BE2DDFC1C00231A220021CA
:10F1EC00E22000F0C9FE03002370FB1C00229A569B
:10F1FC002F4B1A70FC1C002301220021E32000F08D
:10F20C00BBFE03002370FB1C1B785A1E9341DAB221
:10F21C00284B1A7000F041FB02000B0026490A60D3
:10F22C004B6000F02BFB02000B0024490A604B6082
:10F23C0000F051FB02000B0021490A604B60FC1CE2
:10F24C00002301220021F42000F096FE030023701D
:10F25C00FB1C1B785A1E9341DAB21A4B1A70FC1C19
:10F26C00002301220021F52000F086FE030023700C
:10F27C00FB1C1B785A1E9341DAB2134B1A70FC1C00
:10F28C009223580000230122002100F075FE030098
:10F29C002370FB1C1B785A1E9341DAB20B4B1A706D
:10F2AC00C046BD4603B090BD3B020000D80900200B
:10F2BC002A03002029030020000000201000002059
:10F2CC00400200200C6400200E6400202B03002060
:10F2DC0080B582B000AF00237B6016E07B6878338A
:10F2EC009BB29B009BB2180000F0CCFE031C181CB8
:10F2FC00FBF7CEFF02000B0008487968C9004118E3
:10F30C000A604B607B6801337B607B680C2BE5DD0E
:10F31C00C046C046BD4602B080BDC04698620020C3
:10F32C0080B582B000AF00237B6011E07B689BB29C
:10F33C00C133FF339BB2180000F074FF03001900B7
:10F34C00074A7B68D3180A1C1A707B6801337B60F0
:10F35C007B680C2BEADDC046C046BD4602B080BDC2
:10F36C006863002080B582B000AF00237B6011E0A1
:10F37C007B689BB2D133FF339BB2180000F052FF75
:10F38C0003001900074A7B68D3180A1C1A707B68A3
:10F39C0001337B607B680C2BEADDC046C046BD4662
:10F3AC0002B080BD7863002080B582B000AF00232E
:10F3BC007B6047E0334A7B68DB00D3181A685B68D4
:10F3CC0010001900FBF7ACFF021C3B00111C1800CD
:10F3DC0008F0B1FF7B689BB29B009BB22A4A944613
:10F3EC0063449AB23B001B781900100000F0D8FE61
:10F3FC007B688F339BB29B009AB23B005B78190001
:10F40C00100000F0CDFE7B689BB29B009BB21F4AA4
:10F41C00944663449AB23B009B781900100000F0AC
:10F42C00BFFE7B689BB29B009BB2194A9446634417
:10F43C009AB23B00DB781900100000F0B1FE7B683B
:10F44C0001337B607B68192BB4DD124B1B781900E0
:10F45C00E32000F0A5FE104B1B785BB2DBB2190069
:10F46C00E22000F09DFE00F07DF90C4B1B781A0099
:10F47C0092235B001100180000F092FEC046BD46BE
:10F48C0002B080BDD80900203B0200003D02000004
:10F49C003E020000290300202A0300202B03002039
:10F4AC0080B582B000AF00237B6044E0264A7B68C5
:10F4BC00DB00D3181A685B6810001900FBF730FFEB
:10F4CC00021C3B00111C180008F035FF7B687833D8
:10F4DC009BB29B009AB23B001B781900100000F005
:10F4EC005FFE7B689BB29B009BB2E233FF339AB208
:10F4FC003B005B781900100000F052FE7B689BB259
:10F50C009B009BB2E333FF339AB23B009B7819000C
:10F51C00100000F045FE7B689BB29B009BB2E4336D
:10F52C00FF339AB23B00DB781900100000F038FE74
:10F53C007B6801337B607B680C2BB7DDC046C04613
:10F54C00BD4602B080BDC0469862002080B582B036
:10F55C0000AF00237B6011E07B689BB22C33FF3340
:10F56C009BB2180000F05EFE03001900074A7B688E
:10F57C00D3180A1C1A707B6801337B607B680C2BD8
:10F58C00EADDC046C046BD4602B080BD1C0300206B
:10F59C0080B582B000AF00237B600FE07B689BB22C
:10F5AC002C33FF3398B2094A7B68D3181B78DBB233
:10F5BC00190000F0F5FD7B6801337B607B680C2B38
:10F5CC00ECDDC046C046BD4602B080BD1C03002029
:10F5DC0080B582B000AF00237B600EE07B689BB2ED
:10F5EC00C133FF3398B2094A7B68D3181B781900D2
:10F5FC0000F0D6FD7B6801337B607B680C2BEDDD66
:10F60C00C046C046BD4602B080BDC04668630020FF
:10F61C0080B582B000AF00237B600EE07B689BB2AC
:10F62C00D133FF3398B2094A7B68D3181B78190081
:10F63C0000F0B6FD7B6801337B607B680C2BEDDD45
:10F64C00C046C046BD4602B080BDC04678630020AF
:10F65C0090B583B000AFFB1D00221A7000233B60F5
:10F66C0029E03B689BB24133FF339BB2FC1D180071
:10F67C0000F0D8FD03002370FB1D1B78002B03D07A
:10F68C00FB1D1B78092B0DD9FB1D05221A703B683D
:10F69C009BB24133FF339AB2FB1D1B78190010004B
:10F6AC0000F07EFD084A3B68D318FA1D12781A70D8
:10F6BC003B6801333B603B680E2BD2DDC046C04635
:10F6CC00BD4603B090BDC0468862002080B582B0B4
:10F6DC0000AF00237B600EE07B689BB24133FF33AD
:10F6EC0098B2094A7B68D3181B78190000F058FDB2
:10F6FC007B6801337B607B680E2BEDDDC046C0461A
:10F70C00BD4602B080BDC0468862002080B582B084
:10F71C0000AF134B1A685B6810001900FBF700FE72
:10F72C00021C3B00111C180008F005FE00237B6036
:10F73C000DE07B689BB2E83398B23A007B68D31833
:10F74C001B78190000F02CFD7B6801337B607B6813
:10F75C00032BEEDDC046C046BD4602B080BDC046A0
:10F76C001000002080B582B000AF134B1A685B68A4
:10F77C0010001900FBF7D4FD021C3B00111C1800F3
:10F78C0008F0D9FD00237B600DE07B689BB2E4336D
:10F79C0098B23A007B68D3181B78190000F000FD72
:10F7AC007B6801337B607B68032BEEDDC046C04673
:10F7BC00BD4602B080BDC0460000002080B582B0BE
:10F7CC0000AF134B1A685B6810001900FBF7A8FD1B
:10F7DC00021C3B00111C180008F0ADFD00237B60DF
:10F7EC000DE07B689BB2EC3398B23A007B68D3187F
:10F7FC001B78190000F0D4FC7B6801337B607B68BC
:10F80C00032BEEDDC046C046BD4602B080BDC046EF
:10F81C003802002080B582B000AF164B1A685B68C6
:10F82C0010001900FBF77CFD021C3B00111C18009A
:10F83C0008F081FD00237B600DE07B689BB2F03308
:10F84C0098B23A007B68D3181B78190000F0A8FC1A
:10F85C007B6801337B607B68032BEEDD064B1B78EA
:10F86C00DBB21900F42000F09BFCC046BD4602B090
:10F87C0080BDC046400200200C64002080B500AF63
:10F88C00E82000F0FFFB031C181CFBF701FD020035
:10F89C000B0010001900BD4680BD80B500AFE42000
:10F8AC0000F0F0FB031C181CFBF7F2FC02000B0031
:10F8BC0010001900BD4680BD80B500AFEC2000F0F3
:10F8CC00E1FB031C181CFBF7E3FC02000B0010000F
:10F8DC001900BD4680BD80B500AFF02000F0D2FB12
:10F8EC00031C181CFBF7D4FC02000B0010001900C1
:10F8FC00BD4680BD80B582B000AF0200FB1D1A7002
:10F90C00FB1D1A782623FF331100180000F048FC69
:10F91C00C046BD4602B080BD80B582B000AF0200CB
:10F92C00FB1D1A70FB1D1B781900692000F038FCB8
:10F93C00C046BD4602B080BD80B582B000AF0200AB
:10F94C00FB1D1A70FB1D1B78044A1900100000F0F7
:10F95C0027FCC046BD4602B080BDC046390200003F
:10F96C0080B582B000AF0200FB1D1A70FB1D1A7827
:10F97C00D1235B001100180000F012FCC046BD46FC
:10F98C0002B080BD80B582B000AF0200FB1D1A70C2
:10F99C00FB1D1A78D4235B001100180000F000FC4A
:10F9AC00C046BD4602B080BD80B582B000AF02003B
:10F9BC00FB1D1A70FB1D1A78AA23FF3311001800C7
:10F9CC0000F0EEFBC046BD4602B080BD80B582B0F3
:10F9DC0000AF0200FB1D1A70FB1D1A78D5235B00CB
:10F9EC001100180000F0DCFBC046BD4602B080BD23
:10F9FC0080B582B000AF0200FB1D1A70FB1D1A7897
:10FA0C00A423FF331100180000F0CAFBC046BD460A
:10FA1C0002B080BD80B582B000AF0200FB1D1A7031
:10FA2C00FB1D1A78D2235B001100180000F0B8FB04
:10FA3C00C046BD4602B080BD80B582B000AF7860D4
:10FA4C007B681B0CDAB2A823FF331100180000F0FE
:10FA5C00A7FB7B681B0ADAB2D3235B0011001800EA
:10FA6C0000F09EFB7B68DAB2A623FF33110018006E
:10FA7C0000F096FBC046BD4602B080BD90B583B089
:10FA8C0000AFFB1D00221A70FC1D01230222012174
:10FA9C00692000F071FA03002370FB1D1B7818001D
:10FAAC00BD4603B090BD000090B583B000AFFB1D08
:10FABC0000221A70FC1D074802230222012100F0CB
:10FACC005BFA03002370FB1D1B781800BD4603B0C6
:10FADC0090BDC0463902000090B583B000AFFB1D4D
:10FAEC0000221A70FC1DD12358000123022201218F
:10FAFC0000F042FA03002370FB1D1B781800BD4672
:10FB0C0003B090BD90B583B000AFFB1D00221A70FE
:10FB1C00FC1DD423580001230222012100F02CFAF1
:10FB2C0003002370FB1D1B781800BD4603B090BD6D
:10FB3C0090B583B000AFFB1D00221A70FC1DAA23E8
:10FB4C00FF33180001230222012100F015FA0300F3
:10FB5C002370FB1D1B781800BD4603B090BD90B5FB
:10FB6C0083B000AFFB1D00221A70FC1DD52358007A
:10FB7C0001230222012100F0FFF903002370FB1D79
:10FB8C001B781800BD4603B090BD90B583B000AF94
:10FB9C00FB1D00221A70FC1DA423FF331800002348
:10FBAC00FE22002100F0E8F903002370FB1D1B78F6
:10FBBC001800BD4603B090BD90B583B000AFFB1DDF
:10FBCC0000221A70FC1DD22358000023FE220021B3
:10FBDC0000F0D2F903002370FB1D1B781800BD4602
:10FBEC0003B090BD90B583B000AFFB1D00221A701E
:10FBFC0000233B60FC1DA823FF3318000023FF22C9
:10FC0C00002100F0B9F903002370FB1D1B781B04C5
:10FC1C003A68D3183B60FC1DD32358000023FF2205
:10FC2C00002100F0A9F903002370FB1D1B781B02B7
:10FC3C003A68D3183B60FC1DA623FF331800002341
:10FC4C00FF22002100F098F903002370FB1D1B78A4
:10FC5C003A68D3183B603B681800BD4603B090BDB2
:10FC6C0090B583B000AFFB1D00221A70FC1D26233B
:10FC7C00FF33180001230222012100F07DF903005B
:10FC8C002370FB1D1B781800BD4603B090BD80B5DA
:10FC9C0082B000AF0200FB1D1A70FB1D1A782823DE
:10FCAC00FF331100180000F07BFAC046BD4602B0CD
:10FCBC0080BD80B582B000AF0200FB1D1A70FB1D29
:10FCCC001A7894235B001100180000F069FAC04602
:10FCDC00BD4602B080BD80B582B000AF0200FB1DF6
:10FCEC001A70FB1D1A782A23FF331100180000F03C
:10FCFC0057FAC046BD4602B080BD80B582B000AF99
:10FD0C000200FB1D1A70FB1D1A7895235B00110075
:10FD1C00180000F045FAC046BD4602B080BD80B563
:10FD2C0082B000AF0200FB1D1A70FB1D1A788E23E7
:10FD3C009B001100180000F033FAC046BD4602B01B
:10FD4C0080BD90B583B000AFFB1D00221A70FC1D66
:10FD5C002823FF33180000230122002100F00CF9A6
:10FD6C0003002370FB1D1B781800BD4603B090BD2B
:10FD7C0090B583B000AFFB1D00221A70FC1D9423BC
:10FD8C00580000230122002100F0F6F80300237034
:10FD9C00FB1D1B781800BD4603B090BD90B583B019
:10FDAC0000AFFB1D00221A70FC1D2A23FF33180024
:10FDBC000F230F220E2100F0DFF803002370FB1D30
:10FDCC001B781800BD4603B090BD90B583B000AF52
:10FDDC00FB1D00221A70FC1D952358000023FF22E6
:10FDEC00002100F0C9F803002370FB1D1B781800DC
:10FDFC00BD4603B090BD90B583B000AFFB1D002293
:10FE0C001A70FC1D8E2398000023FF22002100F0A5
:10FE1C00B3F803002370FB1D1B781800BD4603B01C
:10FE2C0090BD000080B582B000AF0200FB1D1A70BF
:10FE3C00FB1D1B78044A1900100000F0B1F9C046F4
:10FE4C00BD4602B080BDC0463502000090B583B0FF
:10FE5C0000AFFB1D00221A70FC1D074800230D2269
:10FE6C00002100F089F803002370FB1D1B7818009B
:10FE7C00BD4603B090BDC0463502000080B582B0CF
:10FE8C0000AF0200FB1D1A70FB1D1B78044A190001
:10FE9C00100000F085F9C046BD4602B080BDC046DA
:10FEAC003702000090B583B000AFFB1D00221A7022
:10FEBC00FC1D074801230D22012100F05DF8030011
:10FECC002370FB1D1B781800BD4603B090BDC046C7
:10FEDC0037020000B0B584B000AF78600B23FB187C
:10FEEC0000221A700023FB6013E0FB689BB2803386
:10FEFC009BB20B257C19180000F094F903002370B9
:10FF0C00FB687A68D3187A1912781A70FB68013377
:10FF1C00FB60FB680F2BE8DDC046C046BD4604B055
:10FF2C00B0BD80B582B000AF78607B68102219003C
:10FF3C00802000F045FAC046BD4602B080BD80B5B9
:10FF4C0082B000AF0200FB1D1A70BB1D0A1C1A7098
:10FF5C00FB1D1A78D0235B001100180000F020F96B
:10FF6C00BB1D1A78A223FF331100180000F018F9FA
:10FF7C00C046BD4602B080BDF0B585B000AF0500EF
:10FF8C000C0010001900BB1D2A1C1A807B1D221CA2
:10FF9C001A703B1D021C1A70FB1C0A1C1A700F21D4
:10FFAC007B1800221A700D257B1900221A700C2662
:10FFBC00BB1900221A700E23FB1800221A707C1831
:10FFCC00BB1D1B88180000F02DF9030023707C1951
:10FFDC00BB1D1B88180000F025F9030023700F21AE
:10FFEC007A187B1912781B789A421CD0BC19BB1D4D
:04FFFC001B88180046
:020000040801F1
:1000000000F016F903002370BA197B1912781B78D7
:100010009A4208D0BC19BB1D1B88180000F008F9D3
:100020000300237005E00F23FB180C22BA18127886
:100030001A700F23FA187B1D12781B789A4203D28C
:100040000E23FB1801221A700F23FA183B1D127899
:100050001B789A4203D90E23FB1801221A700E2333
:10006000FB181B78002B0CD00F217B18FA1C127880
:100070001A707B181A78BB1D1B881100180000F03D
:1000800095F80F23FB181B781800BD4605B0F0BD8E
:1000900080B584B000AF0200BB1D1A800023FB6056
:1000A00013E0FB689AB2BB1D1B88D3189BB21800E3
:1000B00000F0BEF8030019000823FA18FB68D318F3
:1000C0000A1C1A70FB680133FB60FB68032BE8DD38
:1000D0000823FB180421180008F0F2F8BB68BA687E
:1000E000111C181CF8F7CEF9031E01D10023BB60C8
:1000F000BB68181CBD4604B080BD000090B587B039
:1001000000AF0200BB1D1A807B1D0A1C1A700C2157
:100110007B1806221A707B1802225A70BB1D1B889E
:100120001B0A9BB2DAB27B189A70BB1D1B88DAB22D
:100130007B18DA700C007B187A1D12781A711A4B32
:1001400000221868596800F0A5FA3B191B781800BE
:1001500000F05EFF144B01221868596800F09AFA0B
:10016000114B00221868596800F094FA01237B6152
:100170000AE00C23FA187B69D3181B78180000F0EA
:1001800047FF7B6901337B617B69042BF1DD064B03
:1001900001221868596800F07DFA00F06DF9C04638
:1001A000BD4607B090BDC04630010020B0B586B056
:1001B00000AF0200BB1D1A807B1D0A1C1A700523AC
:1001C0003B610F257C19BB1D1B88180000F030F81F
:1001D000030023707A197B1D12781B789A4220D075
:1001E00000237B6119E07B1D1A78BB1D1B88110061
:1001F0001800FFF783FF0F257C19BB1D1B88180013
:1002000000F016F8030023707A197B1D12781B7812
:100210009A4208D07B6901337B613B69012BE2DCA8
:1002200002E0C04600E0C046BD4606B0B0BD0000DA
:10023000B0B586B000AF0200BB1D1A800C217B1840
:1002400003221A70BB1D1B881B0A9BB2DAB27B18F3
:100250005A70BB1D1B88DAB27B189A70144B0022AF
:100260001868596800F016FA00237B610AE00C2335
:10027000FA187B69D3181B78180000F0C9FE7B6957
:1002800001337B617B69022BF1DD13257C1900F0C2
:100290005DFF03002370064B01221868596800F0C7
:1002A000F9F97B191B781800BD4606B0B0BDC046F1
:1002B0003001002090B58BB000AF00233B6207E017
:1002C0003A003B6AD318FF221A703B6A01333B6243
:1002D0003B6A1F2BF4DD2623FB1800221A800CE05A
:1002E000390026243B191B882022180000F06EF8E4
:1002F0003B193A19128820321A802623FB181A88D3
:100300008023DB009A42EBD3C046C046BD460BB00B
:1003100090BD000090B585B000AF39601100BB1DE5
:10032000021C1A807B1D0A1C1A7008217B180622E9
:100330001A707B1802225A70BB1D1B881B0A9BB2C5
:10034000DAB27B189A70BB1D1B88DAB20C007B18DE
:10035000DA701D4B00221868596800F09BF93B19B0
:100360001B78180000F054FE174B012218685968DA
:1003700000F090F9144B00221868596800F08AF9CF
:100380000123FB600AE00823FA18FB68D3181B78E6
:10039000180000F03DFEFB680133FB60FB68032B97
:1003A000F1DD39687B1D1B780022180000F070FE1B
:1003B000054B01221868596800F06CF900F05CF8F0
:1003C000C046BD4605B090BD30010020B0B588B034
:1003D00000AF39601100BB1D021C1A807B1D0A1C76
:1003E0001A7005233B610023BB613BE01F23FB1810
:1003F00000221A707B1D1A783968BB1D1B881800F3
:10040000FFF788FF00237B611CE07B699AB2BB1D6C
:100410001B88D3189BB20F257C191800FFF708FF23
:10042000030023707B693A68D3181B787A19127815
:100430009A4204D01F23FB1801221A7007E07B693F
:1004400001337B617B1D1B787A699A42DDDB1F23B8
:10045000FB181B7801225340DBB2002B07D1BB698C
:100460000133BB61BA693B699A42BFDB00E0C04619
:10047000C046BD4608B0B0BD80B500AF00F004FF77
:10048000C046BD4680BD000080B500AF614B002274
:100490001868596800F0FEF85F4B00221868596828
:1004A00000F0F8F85D4B00221868596800F0F2F887
:1004B0005B4B00221868596800F0ECF8594B002299
:1004C0001868596800F0E6F8574B00221868596818
:1004D00000F0E0F8554B00221868596800F0DAF88F
:1004E000534B00221868596800F0D4F8514B002291
:1004F0001868596800F0CEF84F4B00221868596808
:1005000000F0C8F84D4B00221868596800F0C2F896
:100510004B4B00221868596800F0BCF8494B002288
:100520001868596800F0B6F8474B002218685968F7
:1005300000F0B0F8454B00221868596800F0AAF89E
:10054000434B00221868596800F0A4F8414B002280
:100550001868596800F09EF83F4B002218685968E7
:1005600000F098F83D4B00221868596800F092F8A6
:100570003B4B00221868596800F08CF8394B002278
:100580001868596800F086F8374B002218685968D7
:1005900000F080F8354B01221868596800F07AF8AD
:1005A000334B01221868596800F074F8314B01226E
:1005B0001868596800F06EF82F4B012218685968C6
:1005C00000F068F82D4B01221868596800F062F8B5
:1005D0002B4B01221868596800F05CF8294B012266
:1005E0001868596800F056F8274B012218685968B6
:1005F00000F050F8254B00221868596800F04AF8BE
:10060000234B01221868596800F044F8C046BD46E3
:1006100080BDC046D0000020D8000020F00000209F
:10062000E0000020F8000020E8000020200000206A
:10063000280000203000002038000020400000206A
:1006400048000020500000205800002060000020DA
:10065000680000207000002078000020800000204A
:100660008800002090000020980000202001002039
:100670002801002030010020A0000020A800002058
:10068000B8000020B0000020000100200801002078
:10069000C000002090B585B000AF08243B19186059
:1006A0005960FB1D1A703B1918683B199988FB1D8E
:1006B0001B781A0009F001FAC046BD4605B090BD8E
:1006C00080B582B000AF3B00186059603B001A68EB
:1006D0003B009B881900100009F0D2F903005A1E54
:1006E0009341DBB21800BD4602B080BD80B500AFBB
:1006F00008F0BCFB00F078F800F01EFB00F0FEFAFA
:1007000000F0D8F800F044F900F07CF900F0A6FA07
:1007100000F02EFA00F052FA00F078FA00F0ECF94E
:1007200000F0AEF900F006F9FFF7AEFE2549264BC2
:10073000282218000CF086FB244B1B78DBB2002B20
:1007400011D0022001F072F9204B00221A70204BC8
:1007500000221A701F4B00221A701F4B00221A70C1
:100760001E4B00221A701E4B1B78DBB2002B11D0DF
:10077000012001F05BF91A4B00221A70144B002281
:100780001A70144B00221A70134B00221A70134B6C
:1007900000221A70134B1B78DBB2002BCCD0042044
:1007A00001F044F90F4B00221A70094B00221A7015
:1007B000084B00221A70084B00221A70074B0022C7
:1007C0001A70B9E7DC080020EC070020D065002093
:1007D000DA650020DB650020DD650020DF65002094
:1007E000D1650020D265002090B593B000AF1024F1
:1007F0003B19180038231A0000210CF041FE3B0081
:10080000180010231A0000210CF03AFE80239B00F0
:10081000180009F0ABFA09F09BFA254BDA6D244B6E
:1008200018218A43DA653B1905221A603B19802298
:1008300052025A6021007B1801229A607B18022222
:10084000DA617B1803221A627B1800225A627B1835
:1008500008229A627B1880229202DA627B18802238
:1008600092041A637B18802292055A637B18180041
:1008700009F0C8FA031E01D000F08EFE3B000722EB
:100880001A603B0002225A603B0000229A603B0043
:100890000022DA603B000121180009F0CDFD031EA3
:1008A00001D000F079FEC046BD4613B090BDC046F1
:1008B0000010024080B500AF1B4B1C4A1A601A4B57
:1008C0001B4A5A60184B00229A60174B0122DA60CB
:1008D000154B00221A61144B00225A61124B002260
:1008E0009A61114B0022DA610F4B00221A620E4B03
:1008F000180009F0FFF8031E01D000F04DFE0A4B6E
:100900000021180009F08CF9031E01D000F044FE0C
:10091000054B0021180009F0CFF9031E01D000F0AB
:100920003BFEC046BD4680BD280500200054004067
:10093000BB7C700080B500AF134B144A1A60124B99
:1009400000229A60104B7F22DA600F4BFF221A615F
:100950000D4B00225A610C4B00229A610A4B002277
:10096000DA61094B8022D2051A62074B00225A62D3
:10097000054B18000AF0C2F8031E01D000F00CFE6F
:10098000C046BD4680BDC0467C0500200028004012
:1009900080B500AF194B1A4A1A60184B00225A60F2
:1009A000164B00229A60154BE022D200DA60134BFE
:1009B00000221A61114B00225A61104B00229A61E9
:1009C0000E4B00221A620D4B00225A620B4B002282
:1009D0009A620A4B0722DA62084B00221A63074B1D
:1009E00000225A63054B18000AF0D8F9031E01D003
:1009F00000F0D2FDC046BD4680BDC046A80500201F
:100A00000030014080B500AF1B4B1C4A1A601A4BE6
:100A1000822252005A60184B00229A60164BE02244
:100A2000D200DA60144B00221A61134B00225A6183
:100A3000114B802292009A610F4B1022DA610E4B0B
:100A400000221A620C4B00225A620B4B00229A625F
:100A5000094B0722DA62084B00221A63064B082270
:100A60005A63054B18000AF099F9031E01D000F0F3
:100A700093FDC046BD4680BD0C06002000380040F6
:100A800080B584B000AF3B1D18000C231A00002174
:100A90000CF0F6FC154B164A1A60144BFF225A60F4
:100AA000124B00229A60114B124ADA600F4B00225F
:100AB0009A610E4B18000AF04FFA031E01D000F0A5
:100AC0006BFD3B1D00221A603B1D00229A603A1DFF
:100AD000064B110018000AF0F3FC031E01D000F0D1
:100AE0005BFDC046BD4604B080BDC0467006002018
:100AF00000100040FFFF000080B584B000AF3B1D38
:100B000018000C231A0000210CF0BAFC154B164AF1
:100B10001A60144BFF225A60124B00229A60114B4C
:100B2000124ADA600F4B00229A610E4B18000AF04D
:100B300013FA031E01D000F02FFD3B1D00221A60A6
:100B40003B1D00229A603A1D064B110018000AF066
:100B5000B7FC031E01D000F01FFDC046BD4604B027
:100B600080BDC046BC06002000140040FFFF00000E
:100B700080B500AF0E4B0F4A1A600D4BFF225A6032
:100B80000B4B00229A600A4B0B4ADA60084B00229A
:100B90001A61074B00229A61054B18000AF0DCF934
:100BA000031E01D000F0F8FCC046BD4680BDC04623
:100BB0000807002000200040FFFF000080B500AFC4
:100BC0000F4B104A1A600E4BFF225A600C4B00224A
:100BD0009A600B4B0C4ADA60094B00221A61084BF1
:100BE00000225A61064B00229A61054B18000AF058
:100BF000B3F9031E01D000F0CFFCC046BD4680BD56
:100C00005407002000440140FFFF000080B500AF02
:100C10000F4B104A1A600E4BFF225A600C4B0022F9
:100C20009A600B4B0C4ADA60094B00221A61084BA0
:100C300000225A61064B00229A61054B18000AF007
:100C40008BF9031E01D000F0A7FCC046BD4680BD55
:100C5000A007002000480140FFFF000080B500AF62
:100C6000244B254A1A60234B962292015A60214B4D
:100C700000229A601F4B0022DA601E4B00221A618C
:100C80001C4B0C225A611B4B00229A61194B00220B
:100C9000DA61184B00221A62164B00225A62154B79
:100CA00000229A6213480023002200210BF084FFE7
:100CB000031E01D000F070FC0E4B002118000CF058
:100CC0003FF8031E01D000F067FC0A4B002118001A
:100CD0000CF076F8031E01D000F05EFC054B180006
:100CE0000BF0F4FF031E01D000F056FCC046BD46D9
:100CF00080BDC046EC0700200038014080B582B0BE
:100D000000AF0C4B9A6B0B4B01210A439A63094BC2
:100D10009B6B012213407B607B680022002109202D
:100D200008F0FAF9092008F00CFAC046BD4602B0F6
:100D300080BDC0460010024090B58BB000AF1424B7
:100D40003B19180014231A0000210CF099FB694B81
:100D50005A6B684B04210A435A63664B5B6B04224F
:100D600013403B613B69634B5A6B624B20210A4342
:100D70005A63604B5B6B20221340FB60FB685D4B4A
:100D80005A6B5C4B01210A435A635A4B5B6B01223D
:100D90001340BB60BB68574B5A6B564B02210A434A
:100DA0005A63544B5B6B022213407B607B68514B50
:100DB0005A6B504B08210A435A634E4B5B6B082217
:100DC00013403B603B684C494C4B0022180008F034
:100DD00074FE4B49A023DB050022180008F06DFECD
:100DE0004849494B0022180008F067FE4749484B24
:100DF0000022180008F061FE3B193F4A1A603B19B7
:100E000001225A603B1900229A603B190022DA60E5
:100E10003B193A4A1900100008F0CEFC3B19052294
:100E20001A603B1900225A603B1900229A603A1955
:100E3000A023DB051100180008F0BEFC3B19304A66
:100E40001A603B1901225A603B1900229A603B1933
:100E50000022DA603A19A023DB051100180008F01F
:100E6000ABFC3B1910221A603B1903225A603B1954
:100E700000229A603A19A023DB051100180008F03F
:100E80009BFC3B191F4A1A603B1901225A603B190F
:100E900000229A603B190022DA603B191A4A1900B5
:100EA000100008F089FC3B19184A1A603B1901220E
:100EB0005A603B1900229A603B190022DA603B1904
:100EC000134A1900100008F077FC21007B18082253
:100ED0001A607B1800225A607B1800229A607B18E7
:100EE000094A1900100008F067FCC046BD460BB067
:100EF00090BDC04600100240FF3F000000080050B7
:100F00002809000034FF00000004005065030000C1
:100F1000000C005080B582B000AF78600A00BB1CA6
:100F20001A80BB1C1A880E490E4B18000CF0EEFA02
:100F30000C4B2821180006F00DFC09490A4B282209
:100F400018000BF07FFF094B1B681A68074B1B68E2
:100F500004218A431A60C046BD4602B080BDC04627
:100F6000DC08002004090020EC0700208008002095
:100F700080B582B000AF0200FB1D1A70F91D044855
:100F8000642301220AF022FBC046BD4602B080BDA8
:100F9000EC07002080B582B000AF78600A00FB1C2F
:100FA0001A70FB1C1B789AB27968044864230AF013
:100FB0000DFBC046BD4602B080BDC046EC07002018
:100FC00080B500AF054B1B681A68044B1B684021B5
:100FD0000A431A60C046BD4680BDC046A805002031
:100FE00080B582B000AF0200FB1D1A70C046064BF0
:100FF0009B6802221340FAD0044AFB1D1B78137031
:10100000C046BD4602B080BD003001400C300140FA
:1010100080B582B000AF0200FB1D1A70194B1B682F
:101020001A68184B1B6840218A431A60154B1B68CD
:101030001A68144B1B6801218A431A60114B1A6805
:10104000104B1B6812681A600E4B1B681A680D4B18
:101050001B6840210A431A60C0460B4B9B68022262
:101060001340FAD0094AFB1D1B781370C046064B8B
:101070009B6880221340FAD1C046C046BD4602B0EC
:1010800080BDC0460C060020003800400C380040EF
:1010900080B586B000AFB9607A600F23FB18021CE0
:1010A0001A70274B1B681A68254B1B6840218A431E
:1010B0001A60234B1B681A68214B1B6801218A4365
:1010C0001A601F4B1B6819681D4B1B687A680A431E
:1010D0001A601B4B1B681A68194B1B6840210A4396
:1010E0001A6000237B6114E0C046164B9B68022205
:1010F0001340FAD0C046134B9B6880221340FAD1AC
:101100007B69BA68D318104A1B7813707B69013366
:101110007B610F23FB181B787A699A42E4DBC04697
:10112000084B9B6802221340FAD0C046054B9B68CF
:1011300080221340FAD1C046C046BD4606B080BDED
:101140000C060020003800400C38004080B582B00A
:1011500000AF1D4B1B681A681B4B1B6840218A435C
:101160001A60194B1B681A68174B1B6801218A43C8
:101170001A60154B1A68144B1B6812681A60124BE0
:101180001B681A68104B1B6840210A431A600E4BFB
:10119000180009F0BBFEC0460C4B9B6802221340AE
:1011A000FAD00B4B00221A70C046084B9B680122F4
:1011B0001340FAD0054BDA68FB1D1A70FB1D1B7833
:1011C0001800BD4602B080BD0C060020003800406B
:1011D0000C38004080B586B000AFB9607A600F234C
:1011E000FB18021C1A70254B180009F08FFE234BC8
:1011F0001B681A68214B1B6840218A431A601F4BE9
:101200001B681A681D4B1B6801218A431A601B4B1F
:101210001B681968194B1B687A680A431A60174BD8
:101220001B681A68154B1B6840210A431A6000238B
:101230007B6118E0C046124B9B6802221340FAD033
:10124000104B00221A70C0460D4B9B6801221340C0
:10125000FAD00B4BD9687B69BA68D318CAB21A7036
:101260007B6901337B610F23FB181B787A699A42F3
:10127000E0DBC046BD4606B080BDC0460C0600207F
:10128000003800400C38004090B583B000AF002318
:101290007B60144B002218685968FFF7FBF90520A2
:1012A000FFF7B6FEFFF752FFFC1CFFF74FFF0300EE
:1012B000237007E07B6801337B60FC1CFFF746FF6F
:1012C00003002370FB1C1B7801221340F2D1054B55
:1012D000012218685968FFF7DDF9C046BD4603B022
:1012E00090BDC0463001002080B582B000AF020042
:1012F000FB1D1A70FB1D1B78062B08D1204B1B68A9
:10130000022252421A611E4B180009F07DFEFB1D9D
:101310001B78072B08D11B4B1B68022252421A6113
:10132000184B180009F070FEFB1D1B780E2B08D11E
:10133000154B1B68022252421A61134B180009F028
:1013400063FEFB1D1B78102B08D1104B1B6802227B
:1013500052421A610D4B180009F056FEFB1D1B7816
:10136000112B08D10A4B1B68022252421A61084B0A
:10137000180009F049FEC046BD4602B080BDC04617
:1013800070060020BC06002008070020540700203B
:10139000A007002080B582B000AF0200FB1D1A70CC
:1013A000FB1D1B78062B03D1134B180009F088FE98
:1013B000FB1D1B78072B03D1104B180009F080FE92
:1013C000FB1D1B780E2B03D10D4B180009F078FE86
:1013D000FB1D1B78102B03D10A4B180009F070FE7F
:1013E000FB1D1B78112B03D1074B180009F068FE79
:1013F000C046BD4602B080BD70060020BC0600207D
:101400000807002054070020A007002080B582B004
:1014100000AF0200FB1D1A703B1D0A1C1A80FB1D49
:101420001B78062B04D1164B1B683A1D1288DA6212
:10143000FB1D1B78072B04D1124B1B683A1D128829
:10144000DA62FB1D1B780E2B04D10F4B1B683A1D73
:101450001288DA62FB1D1B78102B04D10B4B1B6822
:101460003A1D1288DA62FB1D1B78112B04D1084B40
:101470001B683A1D1288DA62C046BD4602B080BDC4
:1014800070060020BC06002008070020540700203A
:10149000A007002080B582B000AF0200FB1D1A70CB
:1014A0003B1D0A1C1A80FB1D1B78062B04D1164B12
:1014B0001B683A1D12885A62FB1D1B78072B04D14A
:1014C000124B1B683A1D12885A62FB1D1B780E2BAB
:1014D00004D10F4B1B683A1D12885A62FB1D1B7802
:1014E000102B04D10B4B1B683A1D12885A62FB1D4E
:1014F0001B78112B04D1084B1B683A1D12885A62C5
:10150000C046BD4602B080BD70060020BC0600206B
:101510000807002054070020A007002080B500AF76
:1015200062B6C046C046BD4680BD80B500AF72B64B
:10153000C046C046BD4680BD80B582B000AF786071
:101540007A68104B9A4201D104F0C8FC7A680E4BBD
:101550009A4201D104F0A2FA7A680C4B9A4201D166
:1015600004F0B2FA7A680A4B9A4201D104F0D4FA34
:101570007A68084B9A4201D104F008FBC046BD4688
:1015800002B080BD70060020BC06002008070020C5
:1015900054070020A007002080B500AF72B6C046F7
:1015A000C046FDE780B582B000AF544B00221A70F0
:1015B000524B00225A70524B1A685B684F49803177
:1015C0000A604B604F4B1A685B684C490A614B617B
:1015D0004A49002200230A624B6248490022002344
:1015E0000A634B634549002200238A62CB62434B66
:1015F000382200219954414B3922002199543F4B04
:101600003A22002199543D4B3B22002199543B4BF7
:1016100000229A87394900223B4B0A644B64374BBE
:101620001A6C5B6C391D080006F0DAF93B1D1B785B
:101630001B029BB23A1D52789B1899B22F4B48223D
:1016400099522E49002200230A654B652B4B1A6DD7
:101650005B6D391D080006F0C3F93B1D1B781B02AA
:101660009BB23A1D52789B1899B2244B582299523A
:101670002249002200230A664B66204B1A6E5B6EDD
:10168000391D080006F0ACF93B1D1B781B029BB20C
:101690003A1D52789B1899B2184B68229952174BF1
:1016A0006A2200219952154B6E2200219952134B48
:1016B000722200219952114B7622002199520F4B30
:1016C0007A22002199520D4B883319000022002301
:1016D0000A604B60094B90331900002200230A6016
:1016E0004B60064B7F2200219954044B7E2200213F
:1016F0009954C046BD4602B080BDC04630090020A6
:101700000000002010000020E0FFEF40B0B598B0CE
:1017100000AFB860F9603A607B60634A634B3A643B
:101720007B64634A634BBA63FB63634A634B3A630C
:101730007B63634A634BBA62FB62634A634BBA657D
:10174000FB65634A634B3A657B653B6F042B08D1AD
:101750003A6B7B6BBA65FB65BA6AFB6A3A657B6577
:101760000AE03B6F012B07D13A6C7B6CBA65FB65D5
:10177000BA6BFB6B3A657B65BB681C00FB6880221B
:1017800012065A4015003A6D7B6D20002900F9F7CA
:1017900039F902000B0014001D004F4A4F4B386806
:1017A0007968F7F7BFFE02000B0020002900F8F768
:1017B0001DFA02000B0010001900474A484BF8F7C9
:1017C00059FE02000B003A627B62BA6DFB6DBA6192
:1017D000FB61BA69FB69386A796AF8F707FA0200AF
:1017E0000B003A617B613A697B69100019000BF0CC
:1017F0006BFF02000B00BA64FB6400220023B86C8C
:10180000F96CF6F70BFE031E03D000220023BA6426
:10181000FB640022334BB86CF96CF6F713FE031E21
:1018200009D03B6F022B06D12F4B01221A702F4A91
:101830002F4BBA64FB6400222A4BB86CF96CF6F7A4
:1018400001FE031E09D03B6F042B06D1264B01225B
:101850001A70264A264BBA64FB640022214BB86CEE
:10186000F96CF6F7EFFD031E05D03B6F012B02D19B
:101870001D4B01221A7000221E4BB86CF96CF6F752
:10188000CDFD031E09D03B6F012B06D1164B012263
:101890001A70164A164BBA64FB64BA6CFB6C1000E3
:1018A0001900BD4618B0B0BDF4FDD478E9564040EB
:1018B00014AE47E17A3889C0E7FBA9F1D2AD3340D5
:1018C000295C8FC2F56489C05A643BDF4F2D3D40CF
:1018D000C3F5285C8F0C89C0666666666612714027
:1018E00066A2724000001E40F06500208FC2F528FD
:1018F0005CFF58400000F03FB0B58AB000AF3860E0
:1019000079601D4A1D4B3A627B621D4A1D4BBA61CC
:10191000FB611D4A1D4B3A617B613A687B68386AFE
:10192000796AF8F7A7FD02000B00100019003A6869
:101930007B68F8F79FFD02000B0014001D003A6859
:101940007B68B869F969F8F795FD02000B00200083
:101950002900F7F7E7FD02000B0038697969F7F70E
:10196000E1FD02000B00BA60FB60BA68FB68100082
:101970001900BD460AB0B0BD865AD3BCE3149DBF62
:10198000454772F90FE9FE3F4A0C022B8716A93F23
:1019900080B58CB000AFB860F9603A607B601D4ADA
:1019A0001D4B3A627B621D4A1D4BBA61FB61BB6BEA
:1019B000012B04D1BA69FB69BA62FB6203E03A6A9F
:1019C0007B6ABA62FB620022164B38687968F9F7C5
:1019D00019F802000B0010001900BA6AFB6AF8F748
:1019E00049FD02000B001000190000220E4BF7F712
:1019F00099FD02000B00B868F968F8F73BFD02009A
:101A00000B003A617B613A697B6910001900BD46A1
:101A10000CB080BD7B14AE47E17A943F9A999999B6
:101A20009999993F000039400000F03FB0B5B6B039
:101A300004AF7865C723FB1800221A7000238422A4
:101A4000BA181360C623FB1800221A708323FB18F0
:101A500000221A700023FB650023B422BA18136019
:101A60000023B022BA1813600023AC22BA18136006
:101A70000023FB67AB23FB1800221A707B6D012B40
:101A800006D10022DB4BA02179180A604B6012E0DE
:101A90007B6D022B06D10022D74BA02179180A605A
:101AA0004B6008E07B6D042B05D10022D24BA021B6
:101AB00079180A604B607B6D012B02D1FDF736FC73
:101AC00001E0FDF755FCFEF750F803001A00CB4B80
:101AD0001A60FEF777F80300BB67FCF7FBFD030015
:101AE0001A00C74B1A70002301220021F420FEF7D0
:101AF00049FA03005A1E9341DAB2C24B1A7000230E
:101B000001220021F520FEF73DFA03005A1E934101
:101B1000DAB2BD4B1A70FDF7FBFF03001A00772005
:101B20003B18013A51424A411A703B181B78012276
:101B30005340DBB2002B02D0B44B00221A70B44BDE
:101B40001B78DBB2002B0AD0AD4B1B783B2B06D9A0
:101B5000B04B01221A70B04B01221A700EE0AC4B50
:101B60001B78DBB2002B09D0A54B1B78092B05D9BC
:101B7000AA4B01221A70A84B01221A70A74B1B789E
:101B8000DBB2002B04D1A34B1B78DBB2002B02D0BD
:101B9000A14B01221A709F4B1B78DBB2002B1ED089
:101BA0009F4BA04A1A80A04B01221A709F4B012222
:101BB0001A60944B00221A70FDF732FEFAF714FFF8
:101BC000914B1B78DBB201225340DBB2002B00D1DA
:101BD00077E0FAF765FF964B01221A7071E0954B9A
:101BE0001B78DBB2002B22D08C4B1B78DBB2002B96
:101BF0001DD08B4B904A1A80834B1B78DBB201229D
:101C00005340DBB2002B5CD0874B01221A70874B0C
:101C100002221A607B4B00221A70FDF701FEFAF7D0
:101C2000E3FE834B01221A70FAF73AFF49E0784B42
:101C30001B78DBB2002B1AD0744B1B78DBB2002B65
:101C400015D0774B7D4A1A80774B01221A70774B5B
:101C500001221A606B4B00221A70FDF7E1FDFAF7C2
:101C6000C3FE734B01221A70FAF71AFF29E0684B82
:101C70001B78DBB2002B24D0644B1B78DBB2012233
:101C80005340DBB2002B1CD05F4B1B78DBB2012230
:101C90005340DBB2002B14D0614B694A1A80624B6F
:101CA00001221A70614B01221A60564B00221A70F1
:101CB000FDF7B6FDFAF798FEFAF7F2FE5C4B01224B
:101CC0001A70514B1B78DBB2002B09D0544B1B8888
:101CD0009BB2FA229200944663449AB2504B1A8007
:101CE000484B1B78DBB2002B06D04D4B1B889BB2B8
:101CF0000A339AB24A4B1A804B4B1B78DBB2002B4B
:101D000006D0474B1B889BB264339AB2444B1A806F
:101D1000BB6F0A2B03D14B4B01221A7002E0494BD7
:101D200000221A7001F02CF97B6D180004F052FDAE
:101D3000FA23DB00180007F01FF9434C3B007A6DD3
:101D40001100180001F0C4FD3B00200019005023D1
:101D50001A000BF0DBFB304B1B78DBB2002B09D0F9
:101D60003A4B1B78B022BA1813600B23B422BA186E
:101D7000136029E07B6D042B19D1204B1B68012BCC
:101D800015D0324B1B785A001C4B1B6819001000F1
:101D9000F6F742FA0300B422B9180B60BB181A68B0
:101DA00013005B009B18B022BA1813600CE0274B9D
:101DB0001B78B422B9180B60BB181A6813005B00BB
:101DC0009B18B022BA181360214B1B78002B0BD044
:101DD0001E4B1B78B4217A1813607B181A68130005
:101DE0005B009B187A18136000239C22BA181360BA
:101DF0003CE0C04600D0864000208C4040010020DE
:101E0000296200200C6400200E640020DF650020A1
:101E1000DA650020DC650020DB650020DD65002040
:101E2000E465002010270000D4650020780200201F
:101E30000D640020DE650020204E0000307500009B
:101E4000409CFFFF106400203062002076020020DA
:101E50005C020020D84A9C217B181B68D318012201
:101E60001A707B181B6801337A181360D34B1B78E8
:101E70001A009C23FB181B689342EBDB03F002FD66
:101E8000FCF7DEFB0300012B03D1AB23FB1801227F
:101E90001A70FDF781F9FDF721FAC94B1B78DBB207
:101EA000002B01D100F026FD7B6D1800FAF712FE21
:101EB00000F020FDC623FB1800221A708323FB18B4
:101EC00000221A70FFF76EFBBE4B5B68043B5A4260
:101ED0005341DAB2BB4B9B6B013B59424B41DBB2E6
:101EE0001340DBB2002B00D176E0B64B5A68B54BFD
:101EF0005B6C1900100004F04FFD0300022B6BD146
:101F0000FCF7D4FD03001A0076203B18013A514239
:101F10004A411A703B181B78002B5DD09B23FB189D
:101F200001221A7000239422BA18136015E0A54B01
:101F30005A68A44B5B6C1900100004F02DFD0300DF
:101F4000012B04D19B23FB1800221A700AE0942273
:101F5000BB181B680133BA1813609423FB181B6865
:101F6000012BE4DD9B23FB181B78002B34D0954B11
:101F70001B68DAB2944B1A70934B3922042199549E
:101F8000914B7E22FF2199548F4B180006F08AF95D
:101F900006F070F900239022BA18136008E00A20B6
:101FA00006F0EAFF9022BB181B680133BA181360D1
:101FB0009023FB181B683122D80FD1179A42484151
:101FC0000300DBB21C0006F02DFC03002340E6D129
:101FD000FAF70AFD00F09AFC7A4B186B596B794BB3
:101FE0001A6A5B6AF7F702FE02000B001000190084
:101FF000F9F7C6F8030084243A191360AF231A01D5
:10200000724B002118000BF03BFAAF231A01704B02
:10201000002118000BF034FAAF235A016D4B002158
:1020200018000BF02DFAAF235A016B4B002118005A
:102030000BF026FAAF235A01684B002118000BF071
:102040001FFA3B191B689BB2644C624A60495F48A7
:102050000093230004F096FB614B1B78DBB2614ACE
:102060001278D2B21340DBB21900564B48229B5C67
:102070000B40544A3D21525C13400ED0A023FB1864
:102080001A685B68796D080004F00EFC554B00225D
:102090001A704D4B3B2201219954534B00221A8058
:1020A00004F0F6F8474B1A695B691000190003F059
:1020B0001FFE03F03FFFC04604F0E0F8031EFBD113
:1020C0004A4B1B78DBB201225340DBB2002B03D01A
:1020D00006F070F800F01AFC454B00221A808423A9
:1020E000FB181B6898B2A023FB181A685B68364976
:1020F000FAF798FE334B1B6CDAB2334B5A70314B04
:102100001B68DAB2304B1A702F493A4A3A4B0A62CE
:102110004B622D49394A3A4B0A634B632A49374A85
:10212000374B8A62CB62274B1B68DAB2264B1A7098
:10213000244B9A6ADB6A244988310A604B60214B40
:10214000986AD96A1F4B1A6B5B6BF8F75BFC02004D
:102150000B0010001900F9F713F80300DA179B18A9
:1021600053401800F9F748F802000B001649903167
:102170000A604B608323FB181B7801225340DBB2BB
:10218000002B00D18EE0164B1B78DBB2002B00D168
:1021900088E05A23FB1800221A800A4B1B6C3B670D
:1021A000084B4A229B5C002B03D1064B5B68042B37
:1021B00028D1012227E0C0466802002076020020D4
:1021C000866200203062002030090020A80A00202A
:1021D000981500208820002068360020484C0020F8
:1021E000D6650020D4650020E66500207702002037
:1021F000E86500208FC2F5285CFF58400E2DB29D87
:10220000EFFF584000228F243B191A701A780121E1
:102210000A401A70A44B5B68012B1ED17B6D012B09
:102220000BD1A14B9869D9690022A04BF6F7F0F8C1
:10223000031E02D13B1900221A707B6D042B0CD1B6
:10224000994B186959690022994BF6F7E1F8031E7A
:1022500003D18F23FB1800221A70934B5968924BBD
:102260001C683A6F8423FB1818685A257B19019360
:102270008F23FB181B7800932300F9F7FDF9030067
:10228000FB667B1919888B4B72229952864B482228
:102290009B5C01225340DBB2002B03D0FB6E180085
:1022A00001F0BAFA804B5B68012B41D17E4B9B6BEE
:1022B000012B09DC7C4B3C229B5C002B04D17A4B2C
:1022C0003E229B5C002B33D07B4B1B78180002F026
:1022D000EFFF03001A00774B9A61774B1B78022BB4
:1022E0000AD1744B9B69180003F02AFA02000B0014
:1022F00070490A614B6109E06E4B9B69180003F05D
:1023000059F802000B006B490A614B61694B1A696D
:102310005B696A490A604B60634B3C229B5C002B03
:1023200006D0664B1A685B68B82179180A604B6062
:102330005D4B5B68042B00D07EE08323FB181B7889
:1023400001225340DBB2002B52D05D4B1B78002B97
:1023500032D0584B1A6C5B6CA02179180A604B6024
:10236000514B1B680F2B09D1564B1B785BB2DBB26C
:10237000013BDBB25AB2534B1A700CE04A4B1B685C
:102380000E2B08D1504B1B785BB2DBB2013BDBB2AA
:102390005AB24D4B1A704B4B1B785BB2002B02DAD2
:1023A000484B00221A70484B1B785BB2002B22DA94
:1023B000454B00221A701EE03B4B1B680F2B09D1C6
:1023C000404B1B785BB2DBB20133DBB25AB23D4B00
:1023D0001A7010E0344B1B680E2B0CD13A4B1B7853
:1023E0005BB2DBB20133DBB25AB2374B1A7002E098
:1023F000334B01221A702C4B1B680F2B07D1314B2A
:102400001B785BB2D9B22B4B382299540AE0264B89
:102410001B680E2B06D12C4B1B785BB2D9B2254B17
:1024200038229954204B3D229B5C002B21D0274B16
:102430001A68274B1A601CE01B4B5B68012B18D1F4
:10244000194B48229B5C01225340DBB2002B10D079
:10245000204B1B78002B09D0164B1A6C5B6CA0210B
:1024600079180A604B600023FB6502E0FB6D0133C5
:10247000FB65194B1B78DBB201225340DBB2002B0A
:102480002CD0094B4A229B5C002B27D0064B9B6B20
:10249000012B04DC044B3E229B5C002B1ED0054B21
:1024A0007E22FF2199541DE030620020000044404C
:1024B00000C05240300900204401002010000020DC
:1024C000040500206165002062650020E0650020B1
:1024D000EC650020F4040020DB650020C64B7E2262
:1024E00000219954C54B5B68012B00D0F9E0C34B28
:1024F00048229B5C01225340DBB2002B00D1F0E06C
:10250000BF4B18685968B823FB181A685B687C6D64
:102510000094FFF7FBF802000B00B7490A624B6218
:10252000B54B1A6A5B6A10001900FFF7E5F9020063
:102530000B00B1490A634B63AF4B186B596BAE4B41
:102540001A695B697C6D0094FFF722FA02000B00A8
:10255000A9498A62CB62A84B186C596CA64B1C69BE
:102560005D69A74B1A685B68029203937B6D0093C9
:1025700022002B00F9F744FA02000B009E498A6002
:10258000CB609E4B4B229B5C002B10D09B4B186862
:102590009A4B4922995C984B9A68DB68F9F786FC5C
:1025A00002000B00944980310A604B6050E0934B6D
:1025B00049229B5C01225340DBB2002B48D0914B57
:1025C0001B78002B44D08C4B9868D9688E4B1A68C6
:1025D0005B68F8F717FA02000B00110039665B0020
:1025E0005B087B66894B1868596802000B00F6F798
:1025F00099FF02000B0001210C1C386E796EF5F773
:102600000DFF031E01D100231C1CE3B20122534025
:10261000DBB2002B11D001231C1C7D4A7D4B386E90
:10262000796EF5F7FBFE031E01D100231C1CE3B2FB
:1026300001225340DBB2002B07D1774A774B386E2B
:10264000796EF5F709FF031E02D0754B00221A7050
:102650006A4B1868684B9A68DB68F96F0091FAF763
:1026600071F903001900644B38229954634B3E22E0
:102670009B5C1A006B4B1B78002B02D17B6D042BEB
:1026800001D1012300E00023134005D05B4B1B6800
:10269000DBB21800FDF7F8FB584B3E229B5C002B89
:1026A00013D0564B49229B5C01225340DBB2002BD6
:1026B0000BD0B422BB181B68013BBA1813605A4BED
:1026C0001B780133DAB2584B1A70B022BB181B6862
:1026D000013BBA181360AC22BB181B680133BA184F
:1026E0001360A0243B191A685B681000190001F000
:1026F0008FFC424B5B68042B0AD1404B3E229B5C13
:10270000002B05D0494B1A685B6839190A604B6089
:102710003A4B1B681800F9F715FF03001900364BF8
:1027200039229954002002F0B9FCB023FB181B6831
:10273000002B00D082E0314B3E229B5C002B00D16D
:102740007CE0C723FB1801221A702E4B01221A705D
:10275000FCF730FEFCF7E0FFFDF736F8344B1B7852
:10276000002B02D0334B01221A70FDF759F8234B8E
:102770005B6C012B02D1FCF731FF01E0FCF74EFF4F
:102780002D4B1B78DBB2002B03D0FCF707FFFCF7C7
:10279000A3FFC623FB1801221A70174B39229B5C3A
:1027A000062B0AD1FDF7F7F903000133DBB218005D
:1027B000FDF724F9FAF718F902E00020FDF71EF9F9
:1027C000BB6FDBB20133DBB21800FDF729F9BB6F39
:1027D000092B05DD012002F061FC0020FDF720F946
:1027E000FDF706FA030001331800FDF72BF9024B41
:1027F0007E22FF21995433E030090020306200200E
:10280000380200202B0300200000002008000020D8
:10281000333333333333C33F9A9999999999C93FE5
:10282000F40400203901002028620020400200202A
:10283000086400200C640020D6650020354B1A780F
:10284000354B1C78A023FB18186859685C23FB18CB
:102850000093230001F0A8FE304B7F22FF21995402
:10286000AB23FB181B78002B12D08423FB181B68AA
:102870009BB22B4D2B4C2C492C48C722BA181278EE
:10288000029201932A4B00932B00220005F060F97D
:10289000284B1B78DBB2002B03D0C623FB18012288
:1028A0001A70C623FB181B78002B23D01B4B180073
:1028B00005F0F8FC05F0DEFC00238822BA1813604E
:1028C00008E00A2006F058FB8822BB181B68013379
:1028D000BA1813608823FB181B683122D80FD11750
:1028E0009A4248410300DBB21C0005F09BFF030045
:1028F0002340E6D1C723FB181B7801225340DBB2EB
:10290000002B01D0FFF7D6FA00F043FBBD4632B0F2
:10291000B0BDC04604050020F404002030090020AA
:10292000683600208820002098150020A80A002082
:10293000484C00203801002080B582B000AF0F4B1A
:102940001A6C0E4B01210A431A640C4B1B6C0122BA
:1029500013407B607B68094BDA6B084B802149058B
:102960000A43DA63054BDA6B80235B0513403B6057
:102970003B68C046BD4602B080BDC0460010024064
:1029800090B597B000AF78604423FB18180014236B
:102990001A0000210AF074FD10243B19180034239A
:1029A0001A0000210AF06CFD7B681B68224A9342E2
:1029B0003DD13B1920221A603B1900221A613B19B4
:1029C000180007F0E3FE031E01D0FEF7E5FD1B4BE8
:1029D0005A6B1A4B02210A435A63184B5B6B022253
:1029E0001340FB60FB6844217B18C0221A607B18EF
:1029F00012225A607B1800229A607B180022DA604B
:102A00007B1806221A617B180D4A1900100006F087
:102A1000D3FE0A4BDA6B094B802189030A43DA6340
:102A2000064BDA6B80239B031340BB60BB68C04638
:102A3000BD4617B090BDC046005400400010024093
:102A40000004005090B591B000AF78600C243B19A1
:102A5000180034231A0000210AF012FD7B681B685D
:102A6000154A934224D13B19802292021A603B19E5
:102A7000802252001A633B19180007F087FE031EDC
:102A800001D0FEF789FD0D4BDA6D0C4B8021090258
:102A90000A43DA65094BDA6B084B8021C9000A4307
:102AA000DA63064BDA6B8023DB001340BB60BB6844
:102AB000C046BD4611B090BD002800400010024045
:102AC00090B58DB000AF78601C243B19180014231A
:102AD0001A0000210AF0D4FC7B681B68364A934236
:102AE00031D1364B1A6C354B802149010A431A64A7
:102AF000324B1A6C80235B011340BB61BB692F4BC7
:102B00005A6B2E4B01210A435A632C4B5B6B0122FB
:102B100013407B617B6921007B18294A1A607B186E
:102B200002225A607B1800229A607B180022DA6029
:102B30007B1800221A617A18A023DB051100180007
:102B400006F03AFE34E07B681B681E4A93422FD1A0
:102B50001A4BDA6B194B8021C9010A43DA63174B10
:102B6000DA6B8023DB0113403B613B69134B5A6BEB
:102B7000124B08210A435A63104B5B6B0822134027
:102B8000FB60FB681C217B181A221A607B1802224A
:102B90005A607B1800229A607B180022DA607B184A
:102BA00001221A617B18084A1900100006F004FE81
:102BB000C046BD460DB090BD00300140001002403F
:102BC000C280000000380040000C005080B588B082
:102BD00000AF78607B681B68444A934214D1444B31
:102BE000DA6B434B10210A43DA63414BDB6B102253
:102BF0001340FB61FB6900220121112006F08CFAD1
:102C0000112006F09EFA6CE07B681B68394A9342FB
:102C100014D1374BDA6B364B20210A43DA63344B3D
:102C2000DB6B20221340BB61BB6900220121122013
:102C300006F072FA122006F084FA52E07B681B68F4
:102C40002D4A934216D12A4B1A6C294B8021090236
:102C50000A431A64264B1A6C80231B0213407B61C3
:102C60007B6900220121132006F056FA132006F09A
:102C700068FA36E07B681B68204A934216D11C4BE9
:102C80001A6C1B4B802189020A431A64184B1A6C78
:102C900080239B0213403B613B69002201211520E8
:102CA00006F03AFA152006F04CFA1AE07B681B6829
:102CB000134A934215D10E4B1A6C0D4B8021C90259
:102CC0000A431A640A4B1A6C8023DB021340FB6030
:102CD000FB6800220121162006F01EFA162006F0DD
:102CE00030FAC046BD4608B080BDC0460010004066
:102CF0000010024000140040002000400044014049
:102D00000048014090B597B000AF78604423FB18AD
:102D1000180014231A0000210AF0B2FB10243B19FA
:102D2000180034231A0000210AF0AAFB7B681B68F4
:102D30003C4A934271D13B1901221A603B1900228F
:102D40005A603B19180007F021FD031E01D0FEF761
:102D500023FC354B1A6C344B8021C9010A431A6499
:102D6000314B1A6C8023DB011340FB60FB682E4B58
:102D70005A6B2D4B01210A435A632B4B5B6B01228B
:102D80001340BB60BB6844217B18B02252011A601B
:102D90007B1802225A607B1800229A607B1800225E
:102DA000DA607B1801221A617A18A023DB05110072
:102DB000180006F001FD1D4B1D4A1A601B4B322204
:102DC0005A601A4B00229A60184B0022DA60174BA7
:102DD00080221A61154B00225A61144B00229A611D
:102DE000124B0022DA61114B00221A620F4B1800BD
:102DF00006F0C4F9031E01D0FEF7CEFB7B688021EC
:102E00000A4A5A50094B7A689A62002200211B2014
:102E100006F082F91B2006F094F9C046BD4617B0B3
:102E200090BDC046003801400010024080080020DC
:102E30000800024080B500AFC046FDE780B500AF96
:102E4000C046FDE780B500AFC046BD4680BD80B539
:102E500000AFC046BD4680BD80B500AF06F070F83B
:102E6000C046BD4680BD000080B500AF034B1800D2
:102E700006F060FBC046BD4680BDC046800800200D
:102E800080B500AF034B180008F048F9C046BD46B6
:102E900080BDC0467006002080B500AF034B18000F
:102EA00008F03CF9C046BD4680BDC046BC060020C7
:102EB00080B500AF034B180008F030F9C046BD469E
:102EC00080BDC0460807002080B500AF034B180046
:102ED00008F024F9C046BD4680BDC0465407002016
:102EE00080B500AF034B180008F018F9C046BD4686
:102EF00080BDC046A007002080B500AF034B18007E
:102F000008F000FCC046BD4680BDC046EC0700206E
:102F100080B500AF044B012218685968FDF7BAFB71
:102F2000C046BD4680BDC046D000002080B500AF81
:102F3000044B002218685968FDF7ACFBC046BD463B
:102F400080BDC046D000002080B500AF044B0122F8
:102F500018685968FDF79EFBC046BD4680BDC04657
:102F6000D800002080B500AF044B002218685968D3
:102F7000FDF790FBC046BD4680BDC046D80000208E
:102F800080B500AFFFF7C4FFFFF7DEFFC046BD46C8
:102F900080BD80B500AFFFF7C9FFFFF7E3FFC04674
:102FA000BD4680BD80B500AF00F0BEF8084B0122E1
:102FB00018685968FDF76EFB064B012218685968BE
:102FC000FDF768FB00F018F8C046BD4680BDC0465E
:102FD000080100200001002080B500AF00F0A4F837
:102FE000044B002218685968FDF754FBC046BD46E3
:102FF00080BDC0460801002080B500AF044B01220F
:1030000018685968FDF746FBC046BD4680BDC046FE
:10301000F000002080B500AF044B0022186859680A
:10302000FDF738FBC046BD4680BDC046A00000206D
:1030300080B500AF044B012218685968FDF72AFBE0
:10304000C046BD4680BDC046A000002080B500AF90
:10305000044B002218685968FDF71CFBC046BD46AA
:1030600080BDC046A800002080B500AF044B0122FF
:1030700018685968FDF70EFBC046BD4680BDC046C6
:10308000A800002080B500AF044B002218685968E2
:10309000FDF700FBC046BD4680BDC046B000002025
:1030A00080B500AF044B012218685968FDF7F2FAA9
:1030B000C046BD4680BDC046B000002080B500AF10
:1030C000044B002218685968FDF7E4FAC046BD4673
:1030D00080BDC046B800002080B500AF044B01227F
:1030E00018685968FDF7D6FAC046BD4680BDC0468F
:1030F000B800002080B500AFFFF78CFFFFF7A6FFF8
:10310000FFF7C0FFFFF7DAFFC046BD4680BD80B5C0
:1031100000AFFFF78DFFFFF7A7FFFFF7C1FFFFF736
:10312000DBFFC046BD4680BD80B500AF314B0022FD
:1031300018685968FDF7AEFA2F4B002218685968D5
:10314000FDF7A8FA2D4B002218685968FDF7A2FA7E
:103150002B4B002218685968FDF79CFA294B002276
:1031600018685968FDF796FA274B002218685968C5
:10317000FDF790FA254B002218685968FDF78AFA86
:10318000234B002218685968FDF784FA214B00226E
:1031900018685968FDF77EFA1F4B002218685968B5
:1031A000FDF778FA1D4B002218685968FDF772FA8E
:1031B0001B4B002218685968FDF76CFA194B002266
:1031C00018685968FDF766FA174B002218685968A5
:1031D000FDF760FA154B002218685968FDF75AFA96
:1031E000134B002218685968FDF754FAC046BD46D3
:1031F00080BDC046200000209800002080000020F4
:10320000280000203000002038000020400000206E
:10321000580000207000002060000020680000209E
:10322000780000205000002088000020900000203E
:103230004800002080B500AF314B00221868596863
:10324000FDF728FA2F4B012218685968FDF722FA7A
:103250002D4B012218685968FDF71CFA2B4B0122EF
:1032600018685968FDF716FA294B01221868596841
:10327000FDF710FA274B012218685968FDF70AFA82
:10328000254B012218685968FDF704FA234B0122E7
:1032900018685968FDF7FEF9214B01221868596832
:1032A000FDF7F8F91F4B012218685968FDF7F2F98C
:1032B0001D4B012218685968FDF7ECF91B4B0122E0
:1032C00018685968FDF7E6F9194B01221868596822
:1032D000FDF7E0F9174B012218685968FDF7DAF994
:1032E000154B002218685968FDF7D4F9134B0022DA
:1032F00018685968FDF7CEF9C046BD4680BDC04686
:1033000020000020980000208000002028000020DD
:10331000300000203800002040000020580000202D
:10332000700000206000002068000020780000206D
:10333000500000208800002090000020480000205D
:1033400080B586B000AF02003960FB1D1A70FFF730
:10335000EBFE00233B613B68012B02D10B237B6119
:1033600008E03B68022B02D03B68042B02D15B4B88
:103370001B787B610023BB60A3E03A697B699A42BA
:1033800000DBA6E00023FB60554ABB68D3181B781E
:10339000002B21D0534B1B7801225340DBB2002B72
:1033A0001AD0BB680133FB604C4B1B781A00FB68DA
:1033B000934205DD494B1B781A00FB689B1AFB60A2
:1033C000FB1D1B78002B04D0454ABB68D318002294
:1033D0001A703B6901333B61FB680F2B6ED8FB68A9
:1033E0009A00414BD3181B689F46404B0122186836
:1033F0005968FDF74FF961E03D4B012218685968A3
:10340000FDF748F95AE03B4B012218685968FDF76F
:1034100041F953E0384B012218685968FDF73AF931
:103420004CE0364B012218685968FDF733F945E046
:10343000334B012218685968FDF72CF93EE0314BF7
:10344000012218685968FDF725F937E02E4B012253
:1034500018685968FDF71EF930E02C4B01221868F6
:103460005968FDF717F929E0294B012218685968B6
:10347000FDF710F922E0274B012218685968FDF783
:1034800009F91BE0244B012218685968FDF702F97D
:1034900014E0224B012218685968FDF7FBF80DE093
:1034A0001F4B012218685968FDF7F4F806E01D4B20
:1034B000012218685968FDF7EDF8C046BB68013372
:1034C000BB60064B1B781A00BB68934200DA54E7D6
:1034D00000E0C046BD4606B080BDC0467602002072
:1034E000680200200F640020B4ED0108980000205D
:1034F00080000020400000202800002070000020F4
:10350000300000206000002068000020380000200B
:103510007800002058000020500000208800002083
:10352000900000204800002080B584B000AF020069
:10353000FB1D1A70BB1D0A1C1A70FFF7F5FDFB1D61
:103540001B780B2B02D1BB1D01221A700023BB601C
:1035500089E0FB1D1B78BA68D318FB60474B5B689A
:10356000012B0BD1464B1B781A00FB68934205DDFB
:10357000434B1B781A00FB689B1AFB60FB680F2B00
:103580006ED8FB689A003F4BD3181B689F463E4B92
:10359000012218685968FDF77DF861E03B4B012274
:1035A00018685968FDF776F85AE0394B0122186817
:1035B0005968FDF76FF853E0364B012218685968D7
:1035C000FDF768F84CE0344B012218685968FDF7A4
:1035D00061F845E0314B012218685968FDF75AF847
:1035E0003EE02F4B012218685968FDF753F837E089
:1035F0002C4B012218685968FDF74CF830E02A4B33
:10360000012218685968FDF745F829E0274B012287
:1036100018685968FDF73EF822E0254B012218682A
:103620005968FDF737F81BE0224B012218685968EA
:10363000FDF730F814E0204B012218685968FDF7B7
:1036400029F80DE01D4B012218685968FDF722F892
:1036500006E01B4B012218685968FDF71BF8C046AD
:10366000BB680133BB60BB1D1B78BA689A4200DAA5
:103670006FE7C046C046BD4604B080BD3062002042
:1036800076020020F4ED0108980000208000002060
:1036900040000020280000207000002030000020A2
:1036A0006000002068000020380000207800002022
:1036B00058000020500000208800002090000020CA
:1036C0004800002080B500AFFFF72EFD044B01221B
:1036D00018685968FCF7DEFFC046BD4680BDC0468D
:1036E0002000002080B586B000AF7860144A154BEA
:1036F000D31A7B617B693B61134B1B68002B02D1A2
:10370000114B124A1A60104B1A687B68D3183A6939
:103710009A4207D209F0CEFE03000C221A60012360
:103720005B4209E0084B1B68FB60074B1A687B682B
:10373000D218054B1A60FB681800BD4606B080BD64
:1037400000900020000400008062002040670020FC
:1037500080B500AFC046BD4680BD000080B500AF5B
:10376000FCF722FB03001A001F4B1A601E4B1B685C
:103770000F2B18D1FCF7EBFA03005A425341DBB28E
:1037800019001A4B1B7801225340DBB20B4003D0C7
:10379000154B0F221A6022E00E20FCF7A2FA124B02
:1037A0000E221A601BE0104B1B680E2B17D1FCF782
:1037B000E5FA03005A425341DBB219000B4B1B7868
:1037C00001225340DBB20B4003D0074B0E221A609C
:1037D00005E00F20FCF785FA034B0F221A600F2338
:1037E0001800BD4680BDC04658020020126400206B
:1037F00080B582B000AF78607B680F2B01DD0123BC
:1038000003E07B68013B034AD35C1800BD4602B06D
:1038100080BDC0468862002080B582B000AF78606D
:10382000294B1B680F2B01DD05237B60264B5B6852
:10383000012B04D17B68082B01DD09237B60224B1F
:103840005B68042B04D17B68082B01DD09237B60B6
:103850007B68002B01DC01237B601B4B5B68013B19
:103860005A425341DAB2184B1B6C0121082B01DC80
:103870000023191CCBB21340DBB21900124B3C22BF
:103880009B5C0B401A00104B1B6C0121081C7968D3
:10389000994201DB0023181CC3B2134004D00A4B29
:1038A0009B685A1C084B9A60074B7A681A64064B4F
:1038B0001A6C054B1B68013BD1B2044AD154C04677
:1038C000BD4602B080BDC046306200208862002044
:1038D00090B597B000AF78603960FBF7BFFEFBF79B
:1038E0003BFEFCF7C3F903001A00234B1A703B6838
:1038F000042B1DD03B68042B24DC3B68012B03D038
:103900003B68022B0AD01DE00823FA181B4B10005D
:10391000190050231A0009F0F9FD13E00823FA18E2
:10392000174B1000190050231A0009F0EFFD09E0B1
:103930000823FA18134B1000190050231A0009F03D
:10394000E5FDC046FFF70AFF020008243B191A6094
:103950003B191B681800FFF74BFF02003B191A6464
:103960007A683B191000190050231A0009F0CEFDA7
:103970007868BD4617B090BD440100204801002082
:1039800098010020E8010020B0B58CB000AF78604D
:103990001723FB1801221A70FCF78AFA03001A0099
:1039A000D24B1A70D14B1B781A007B68110018009B
:1039B00000F0B0FA0300DAB2CC4B1A70CB4B1B7894
:1039C0001A007B681100180000F0A4FA0300DAB2B4
:1039D000C74B1A70C74B01225A60C64B3D220121CA
:1039E0009954C44B3E2200219954C24B48220021D5
:1039F0009954C04B492200219954BE4B4A220021C0
:103A00009954BC4B01229A63BA4B3C220121995430
:103A10007B68042B39D07B68042B4EDC7B68012B40
:103A200003D07B68022B18D047E0B2490022B24B8A
:103A30000A624B62AF490022B04B0A614B61AD494B
:103A40000022AF4B8A61CB61AA490022AD4B0A63C9
:103A50004B63A84B03229A602FE0A6490022A64B95
:103A60000A624B62A3490022A74B0A614B61A1493C
:103A70000022A64B8A61CB619E490022A44B0A63B7
:103A80004B639C4B02229A6017E09A4900229A4BA2
:103A90000A624B62974900229B4B0A614B61954930
:103AA00000229C4B8A61CB61924900229A4B0A63A7
:103AB0004B63904B02229A60C046984B1868596835
:103AC0000022974BF6F79EFF02000B001000190032
:103AD0000022944BF6F7CEFC02000B000020924926
:103AE000F6F790FF02000B0082498A62CB628F4B8F
:103AF0001B78DBB2002B00D1A5E0FBF7E3FE020050
:103B00000B00BA60FB60854B18685968BA68FB689F
:103B1000F6F778FF02000B00BA62FB62BB6A1C007A
:103B2000FB6A5B005D080022814B20002900F4F74E
:103B300089FC031E03D000220023BA62FB627D4B86
:103B40001B889BB201339AB27A4B1A80694B5B6C2B
:103B5000012B25D167490022774B0A634B63774BD2
:103B6000186859680022764BF5F7DCFC02000B0060
:103B700060498A62CB625F4B9C6ADD6A0022694BB6
:103B8000B86AF96AF6F776FC02000B0020002900FB
:103B9000F6F738FF02000B0056498A62CB6252E00A
:103BA000544B5B6C022B25D152490022624B0A63B5
:103BB0004B63624B186859680022614BF5F7B2FC01
:103BC00002000B004B498A62CB624A4B9C6ADD6A59
:103BD0005C4A5D4BB86AF96AF6F74CFC02000B00D0
:103BE00020002900F6F70EFF02000B0041498A620F
:103BF000CB6228E03F4B5B6C042B24D13D49002273
:103C00004D4B0A634B634D4B1868596800224C4B6F
:103C1000F5F788FC02000B0036498A62CB62354B0F
:103C20009C6ADD6A474A484BB86AF96AF6F722FC93
:103C300002000B0020002900F6F7E4FE02000B0052
:103C40002C498A62CB62414B1B78DBB2002B00D13E
:103C500084E03F4B1B78DBB201225340DBB2002BE8
:103C60000AD0234B1B781A00224B1A60214B1B6889
:103C7000DAB21E4B1A702CE007237B6201233B62F1
:103C80001B4B1B78FB610023BB611CE0FB69013B04
:103C9000FB61FB69002B02DC2E4B1B78FB61FB698F
:103CA000013B2D4AD35CDBB21A007B6A934207DDED
:103CB000FB69013B284AD35CDBB27B62FB693B6258
:103CC000BB690133BB61BB69092BDFDD094B3A6A74
:103CD0001A60084B492201219954064B03229A602D
:103CE000044B4B220021995471E0C0463B01002057
:103CF0003A010020306200200000F03F00005940EF
:103D00000000444000908A4000C0524000C0724011
:103D10000000894000406F4000E0854038020020EC
:103D2000004085400000E03F006083400C640020BC
:103D300000006940E465002000407F404002002010
:103D4000003071409A9999999999E93FD46500207A
:103D5000DB650020760200201C0300201723FB18DF
:103D60001B78002B25D05C4B82221A605A4B4822CC
:103D70000121995458490022584B0A624B62564916
:103D80000022574B8A61CB61564B1B78DBB2002B6C
:103D90000BD0554B1B780E2B07D9534B1B783B2B65
:103DA00003D84D4B02229A6011E04B4B01229A60DE
:103DB0000DE0494B4A22012199544C4B1B781A00C3
:103DC000454B1A60444B1B68DAB2494B1A70494B99
:103DD0001B78002B07D0404B4A229B5C002B02D063
:103DE0003D4B01229A603C4B5B6C012B07D13A4B57
:103DF00048229B5C01225340DBB2002B34D1364B6E
:103E00005B6C042B30D1344B48229B5C0122534025
:103E1000DBB2002B28D0304B1B68013B364AD35C09
:103E20001800F7F717FA02000B002B490A614B61E3
:103E3000294B186959690022304BF4F703FB031E24
:103E400012D0254900222E4B0A614B61224B1A6980
:103E50005B69214909684C1E10001900F4F778FBD2
:103E60000300DAB2244B1A551B4B1B681800FFF7EE
:103E7000BFFC0200184B1A64174B9A6B164B9B68D9
:103E80009A4203D1144B3E2201219954124B4822ED
:103E90009B5C01225340DBB2002B19D0194B1B78DD
:103EA000002B15D0184B186859680022174BF4F7EF
:103EB000B5FA031E00D10BE0074B986AD96A0022BD
:103EC000134BF5F72FFB02000B0003498A62CB620C
:103ED000C046BD460CB0B0BD3062002000000840B6
:103EE00000004440DB650020296200203A010020E8
:103EF0003B0100205C020020786300200000694044
:103F000000C05240856300200000002000001440E3
:103F10000000494080B584B000AF786039607B68AC
:103F2000012B03D13B680133FB600EE07B68022B61
:103F300003D13B680133FB6007E07B68042B04D1AD
:103F4000104B1B683A68D318FB600F4B1B781A00A4
:103F5000FB68934205DD0C4B1B781A00FB689B1A2B
:103F6000FB607B68042B08D1064B1B68012B04D037
:103F7000FB68022B01D10123FB60FB681800BD46E2
:103F800004B080BD400100207602002080B582B0E0
:103F900000AF00237B6007E0084A7B68D3184B2200
:103FA0001A707B6801337B607B680C2BF4DDFBF7B8
:103FB00035FBC046BD4602B080BDC04678630020D8
:103FC00080B582B000AF00237B6007E0084A7B68C1
:103FD000D31828221A707B6801337B607B680C2B16
:103FE000F4DDFBF7FBFAC046BD4602B080BDC0461B
:103FF0006863002080B500AF0120FBF7EDFC034BA8
:1040000001221A60C046BD4680BDC0464001002066
:10401000F0B59DB004AF38607960C94AC94BBA6247
:10402000FB62C94B5B68042B00D028E1C74B1B78AF
:10403000002B0DD0C44B9B6B013BC54ADB00D11854
:104040003A687B680A604B60C24B01221A7009E033
:10405000BD4B9B6B013BBE4ADB00D118BA6AFB6AC1
:104060000A604B60B84B3E229B5C002B00D106E1FE
:10407000B54B9B687B627B6A033B3B62002200235B
:10408000BA65FB6500237B643B6A3B641FE0B04A72
:104090003B6CDB00D3181A685B68B86AF96AF4F7FE
:1040A000D1F9031E10D07B6C01337B64A84A3B6CB2
:1040B000DB00D3181A685B68B86DF96DF5F732FA52
:1040C00002000B00BA65FB653B6C01333B643A6C44
:1040D0007B6A9A42DBDB7B6C002B00DCC1E09E4BF1
:1040E00000221A70786CF7F787F802000B00B86DA1
:1040F000F96DF5F77BFD02000B003A657B65002248
:104100000023BA64FB643B6AFB632BE0904AFB6BC1
:10411000DB00D3181A685B68B86AF96AF4F792F999
:10412000031E1CD08A4AFB6BDB00D3181868596841
:104130003A6D7B6DF6F766FC02000B00100019006B
:1041400000228023DB0509F02DFB02000B00B86C78
:10415000F96CF5F7E7F902000B00BA64FB64FB6B3E
:104160000133FB63FA6B7B6A9A42CFDB786CF7F71B
:1041700043F802000B00B86CF96CF5F737FD02004C
:104180000B001000190009F07BFB02000B00BA6164
:10419000FB6100237B6400220023BA65FB653B6A58
:1041A000BB634CE06A4ABB6BDB00D3181A685B68E0
:1041B000B86AF96AF4F746F9031E3DD0644ABB6B4E
:1041C000DB00D318186859683A6D7B6DF6F71AFC56
:1041D00002000B00110039615B005B087B61BA696A
:1041E000FB6938697969F4F723F9031E07D10022C6
:1041F0005A4B38697969F4F711F9031E1CD0544AF7
:10420000BB6BDB00D3181A685B68B86AF96AF4F70D
:1042100019F9031E10D07B6C01337B644C4ABB6BD5
:10422000DB00D3181A685B68B86DF96DF5F77AF999
:1042300002000B00BA65FB65BB6B0133BB63BA6B55
:104240007B6A9A42AEDB786CF6F7D6FF02000B0071
:10425000B86DF96DF5F7CAFC02000B003A657B6595
:1042600008E03A687B683A657B653B4B01221A702F
:10427000F8F7BAFB3A493A6D7B6D0A604B60324BF6
:104280005B68012B00D074E1364B1B78002B08D003
:10429000354B1B78002B04D034493A687B680A60A0
:1042A0004B60314B1B78002B02D0314B00221A702F
:1042B000254B48229B5C01225340DBB2002B00D1EE
:1042C000B4E02B4B1B78002B04D12A4B1B78002B1E
:1042D00000D1ABE0284B1B78DBB2002B07D1274B7A
:1042E0001B7801225340DBB2002B00D19EE0244B0F
:1042F0001B78DBB2002B04D1224B1B78002B00D1A2
:1043000094E0214B1A685B6838687968F6F77AFBA5
:1043100002000B0011000C005B005D0800221B4B2B
:1043200020002900F4F78EF8031E33D0184B1B68C9
:104330005A1C174B1A600E4B00221A7069E0C046D7
:104340000000C0FFFFFFDF413062002004050020B5
:1043500088630020096400207502002000002440CA
:1043600038020020106400200F640020500200205A
:10437000F40400202C030020DB6500202B03002028
:104380000C64002008640020400200200000494026
:1043900018640020794B1B78002B3AD0784B1B789F
:1043A00001225340DBB2002B33D0764B01221A702E
:1043B000754B00221A60F8F717FB744B186C596C98
:1043C000724B1C695D69724B5E6C724B1A685B685C
:1043D00002920393009622002B00F7F711FB0200D4
:1043E0000B006A498A60CB60694B4B229B5C002BB7
:1043F0000FD0674B1868664B4922995C634B9A68EB
:10440000DB68F7F753FD02000B00604980310A605A
:104410004B605D4B1B68032B08DD5A4B01221A7061
:10442000594B00221A60564B01221A70584B4822F1
:104430009B5C01225340DBB2002B18D0514B1B7800
:10444000002B0AD0524B9B6B013B534ADB00D11827
:104450003A687B680A604B6009E04D4B9B6B013BFF
:104460004D4ADB00D118BA6AFB6A0A604B60484BC0
:104470003E229B5C002B00D17BE000237B6400226A
:104480000023BA65FB65424B49229B5C01225340E5
:10449000DBB2002B07D13E4B5B6C022B36D03C4B82
:1044A0005B6C042B32D03A4B9B68FB60FB68023B91
:1044B0007B633A4B1B78002B01D000237B637B6B23
:1044C0003B631FE0344A3B6BDB00D3181A685B6820
:1044D000B86AF96AF3F7B6FF031E10D07B6C01339C
:1044E0007B642D4A3B6BDB00D3181A685B68B86DA0
:1044F000F96DF5F717F802000B00BA65FB653B6B29
:1045000001333B633A6BFB689A42DBDB7B6C002B2D
:1045100017DD786CF6F770FE02000B00B86DF96DD0
:10452000F5F764FB02000B003A657B65184B1B68CE
:10453000013B1B4ADB00D1183A6D7B6D0A604B6072
:1045400003E03A687B683A657B650E4B1B78002B6D
:104550000FD00F4B48229B5C01225340DBB2002B53
:1045600007D010493A6D7B6D0A604B60044B012205
:104570001A70C046BD4619B0F0BDC0462C030020DD
:104580001C640020F404002018640020300900207E
:104590003062002038020020E86300205C02002026
:1045A000006300204002002090B58BB000AFB860DF
:1045B000F9601900FB1D1A70BB1D0A1C1A70D14B43
:1045C0009B6B3B62CF4B5B68042B00D0EEE0CD4B86
:1045D000186959690022CC4BF5F74CFF02000B001B
:1045E00010001900C74B1A6A5B6AF4F79BFF0200C0
:1045F0000B0010001900F3F7ABFF03009AB2C34B96
:104600001A803B6A042B23D1BE4B5B6C042B0BD16D
:10461000BC4900228023DB050A624B62B9490022B3
:10462000BB4B0A614B6113E0B6490022B94B0A62E9
:104630004B62B94B1B78002B0AD0B2490022B74B12
:104640000A614B61AF4900228023DB050A624B629D
:10465000AC4B9B6B012B20DDB14B1B78002B1CD08E
:10466000A84B5B6C012B05D1A6490022AD4B0A6318
:104670004B6312E0A34B5B6C022B05D1A1490022D6
:10468000A94B0A634B6308E09E4B5B6C042B04D17F
:104690009C490022A44B0A634B632723FB1800228A
:1046A0001A70984B5B6C012B15D13B6A022B08D01A
:1046B0003B6A032B05D03B6A042B02D03B6A052BD7
:1046C00001D1012200E000222723FB181A701A787A
:1046D00001210A401A708B4B5B6C022B12D13B6A92
:1046E000022B05D03B6A032B02D03B6A042B01D17D
:1046F000012200E000222723FB181A701A780121FA
:104700000A401A707F4B5B6C042B12D13B6A022B60
:1047100005D03B6A032B02D03B6A042B01D1012256
:1047200000E000222723FB181A701A7801210A40A2
:104730001A707B4B1B78002B26D02723FB181B7885
:10474000002B21D06F4B186B596B0022774BF5F77C
:1047500091FE02000B0010001900BA68FB68F4F724
:10476000E1FE02000B0067498A62CB62654B986AE2
:10477000D96A00226E4BF3F765FE031E04D061492F
:1047800000226B4B8A62CB625E4B3E229B5C002B0D
:1047900001D100F080FB00F02DFC00F055FC594BDE
:1047A0005B6C1800FFF7F0F800F0F6FB554B5B6808
:1047B000012B01D000F06FFB524B5B6C012B0BD136
:1047C000504B9A69DB6910001900F3F7C1FE030032
:1047D0009AB24E4B1A8019E04A4B18695969002267
:1047E000494BF5F747FE02000B0010001900454B3E
:1047F0001A6A5B6AF4F796FE02000B0010001900BB
:10480000F3F7A6FE03009AB2404B1A803D4B4A22B2
:104810009B5C002B42D0474B1B78002B2DD0394B93
:104820001B68013B444AD35C092B26D1C823FB619A
:10483000344B1B68013B414AD35C1A00FB6993422D
:104840000BDD304B1B68013B3C4AD25C2D4B1B6897
:10485000013B5032D1B2394AD1542A4B1B68013B3B
:10486000364AD35C1A00FB69934206DA254B1B6873
:10487000013BFA69D1B2314AD154314B1B78002B3C
:104880000CD0204B1B68013B2B4AD35C092B05D174
:104890001C4B1B68013B2B4A1E21D154194B3C2257
:1048A00000219954174B48229B5C002B02D0BB1D62
:1048B00000221A70134B1B68013B234AD35CDAB207
:1048C0001B23FB1851424A411A700E4B49229B5C34
:1048D000002B46D0BB1D1B7801225340DBB2002BBE
:1048E00036D0084B5A6C194B1B7819001000FFF793
:1048F00011FB0200034B1A60024B1B68DAB2134B28
:104900001A702EE03062002000002440E86500208C
:1049100000003E400000F03F1005002000C0524063
:104920000964002000407F4000E085400000E03F37
:104930000050944002050020886200206863002037
:1049400003050020786300201C0300203B010020A9
:10495000D14B3E2201219954D049BA68FB680A60C4
:104960004B60CF4B1B7801225340DBB2002B28D089
:10497000BB1D1B78002B24D01B23FB181B78002B9E
:104980001FD0C54B5B6C012B05D1C3490022C54B21
:104990000A634B6312E0C04B5B6C022B05D1BE492E
:1049A0000022C04B0A634B6308E0BB4B5B6C042BDB
:1049B00004D1B9490022BB4B0A634B63B84B0122B7
:1049C0001A70B54B9B6B012B06D0B74B1B7801229D
:1049D0005340DBB2002B3AD0BB1D1B78002B36D0E6
:1049E0001B23FB181B78002B31D0AB4B5B6C012BCE
:1049F0000BD10022AD4BB868F968F4F793FD0200C3
:104A00000B00A5498A62CB621EE0A34B5B6C022BB4
:104A10000BD10022A54BB868F968F4F783FD0200BA
:104A20000B009D498A62CB620EE09B4B5B6C042BB2
:104A30000AD100229D4BB868F968F4F773FD0200B3
:104A40000B0095498A62CB62974B01221A70924BF8
:104A50003E229B5C002B00D1DAE1934B00221A70BE
:104A60001B23FB181B78002B39D08B4B48229B5CF7
:104A700001225340DBB2002B31D0874B5B6C012B02
:104A80000CD1864B186859680022884BF4F74AFD10
:104A900002000B0080498A62CB6220E07E4B5B6C97
:104AA000022B0CD17D4B1868596800227F4BF4F71C
:104AB00039FD02000B0078498A62CB620FE0764B29
:104AC0005B6C042B0BD1754B186859680022774B2F
:104AD000F4F728FD02000B006F498A62CB620523C0
:104AE0007B61BB6B1B687A699A4202DC704B0122C6
:104AF0001A706F4B1B78002B41D06E4B18685968A9
:104B000000226D4BF5F77EFF02000B00100019002C
:104B100000226A4BF5F7AEFC02000B00002068494A
:104B2000F5F770FF02000B005B498A62CB625A4BBB
:104B30005B6C012B05D158490022624B0A634B6321
:104B400012E0554B5B6C022B05D1534900225E4BA2
:104B50000A634B6308E0504B5B6C042B04D14E4955
:104B600000225A4B0A634B634D4B00221A70BB6BF9
:104B700000221A604E4B00221A70F7F735FF464BA1
:104B800049229B5C002B1AD0514B1B78DBB2002BC7
:104B900015D0414B82221A603F4B48220121995483
:104BA0003D4B4922002199543B490022494B0A625E
:104BB0004B6239490022484B8A61CB61C9E0364BD0
:104BC00048229B5C002B00D198E0334B5A6C434B3E
:104BD0001B7819001000FFF79DF902002E4B1A6098
:104BE0003F4B00221A703E4B1B78002B0BD03D4BE5
:104BF0001B7801225340DBB2002B04D0264B1B68EC
:104C00005A1C254B1A60244B482200219954224BF0
:104C10004A2201219954204B5B6C042B25D034DCB3
:104C2000012B02D0022B10D02FE01B4900222E4B6B
:104C30000A624B62184900222C4B0A614B611649EB
:104C40000022254B8A61CB611FE013490022264BCD
:104C50000A624B6210490022254B0A614B610E49E2
:104C60000022244B8A61CB610FE00B4900221E4BCE
:104C70000A624B62084900221D4B0A614B610649DA
:104C800000221D4B8A61CB61C046034B1B68DAB220
:104C9000124B1A705DE0C0463062002040020020D6
:104CA0000864002000407F400B6400200030714009
:104CB0000A64002038020020004085400000E03FE8
:104CC0000060834000908A400000894000E08540F9
:104CD000D465002000000840000044403B01002053
:104CE0000F640020106400200000F03F00005940D5
:104CF00000C0524000C0724000406F40A84B5A6C48
:104D0000A84B1B7819001000FFF704F90200A44B10
:104D10001A60A34B4A2201219954A14B4922002138
:104D20009954A14B00221A709F4B1B78002B0BD07B
:104D30009E4B1B7801225340DBB2002B04D0984BD2
:104D40001B685A1C964B1A60954B1B68DAB2954B40
:104D50001A70934B5B6C012B07D1914B48229B5CE3
:104D600001225340DBB2002B52D18D4B5B6C042BE4
:104D70004ED18B4B48229B5C01225340DBB2002B6F
:104D800046D0874B1B68013B894AD35C1800F6F775
:104D900061FA02000B0082490A614B61804B18697D
:104DA00059690022834BF3F74DFB031E08D17C4B5E
:104DB000186959690022804BF3F730FB031E12D0AB
:104DC000774900227D4B0A614B61754B1A695B691B
:104DD000734909684C1E10001900F3F7B9FB030072
:104DE000DAB2734B1A556E4B186959690022744B2D
:104DF000F3F70EFB031E06D0694900228023DB0572
:104E00000A624B6204E0664900226E4B0A624B6202
:104E1000634B49229B5C01225340DBB2002B19D02B
:104E20005F4B48229B5C01225340DBB2002B11D028
:104E30005B4B3E229B5C002B03D1594B9B6B022B9F
:104E400004D1574B4B220121995403E0544B4B2280
:104E500000219954524B48229B5C01225340DBB203
:104E6000002B18D0584B1B78002B14D0574B1868C8
:104E700059680022564BF3F7D1FA031E0BD0484B6A
:104E8000986AD96A0022534BF4F74CFB02000B00DE
:104E900043498A62CB62424B5B68012B45D1404B50
:104EA0003E229B5C002B40D03D4B01229A633C4B41
:104EB0003D2201219954484B1B78002B08D0384BD8
:104EC0004A229B5C002B03D0354B01229A601CE0E8
:104ED000424B1B78DBB2002B14D0314B48229B5C39
:104EE000002B0FD03E4B1B78DBB201225340DBB2CC
:104EF000002B07D03B4B1B78002B03D1284B0A22F9
:104F00009A6002E0264B03229A60254B9A6B244B51
:104F10009B689A4204DB224B3E220121995417E000
:104F20001F4B3E220021995412E01D4B3D220021CF
:104F300099541B4B9B6B5A1C194B9A63184B9A6BD9
:104F4000174B9B689A4203DB154B3E220121995473
:104F5000134B1B681800FEF74BFC0200104B1A6441
:104F60000F4B5B68012B17D11F4B1B78002B13D005
:104F70000B4B1B6C092B0FD11C4B1A68084B1A6486
:104F8000074B1B6C1800FEF747FC194B1B889BB2A4
:104F90000A339AB2164B1A80BD460BB090BDC0467C
:104FA000306200203B0100200F64002010640020CC
:104FB00078630020000069400000344000C0524087
:104FC00000003E400000F03F85630020000000200C
:104FD00000001440000049405C02002011640020E1
:104FE000DB65002029620020136400206402002099
:104FF000E665002080B582B000AFFB1D01221A706B
:105000000F4B1B785BB2022B06DD0E4B1B78013376
:10501000DAB20C4B1A7005E00A4B00221A70FB1D25
:1050200000221A70074B1B781800FAF76CFEFB1D64
:105030001B781800FAF731FEC046BD4602B080BDAD
:10504000616500208462002080B582B000AFFB1D46
:1050500001221A700F4B1B785BB2022B06DD0E4B40
:105060001B780133DAB20C4B1A7005E00A4B0022B0
:105070001A70FB1D00221A70074B1B781800FAF7F4
:1050800054FEFB1D1B781800FAF719FEC046BD46FA
:1050900002B080BD6265002085620020B0B5A2B07C
:1050A00000AF0200FB1D1A70002200238021791836
:1050B0000A604B600023FB670023BB672FE0664A52
:1050C000BB6FDB00D3181A685B6808217818B96FCA
:1050D000C90041180A604B605F4ABB6FDB00D31800
:1050E0001A685B688024391908684968F4F71AFA65
:1050F00002000B0039190A604B60574ABB6FDB0096
:10510000D3181868596800220023F3F781F9031EA9
:1051100002D1FB6F0133FB67BB6F0133BB67BB6F12
:105120000C2BCCDDFB6F002B00DC90E04B4B0822FE
:10513000B81808220D2108F049F8FB6F012213402E
:105140000ED0FB6F002B00DA01335B100822BA1877
:10515000DB00D3181A685B6841490A604B6023E0A2
:10516000FB6F002B00DA01335B103B673B6F013BA9
:1051700008243A19DB00D318186859683A193B6FAC
:10518000DB00D3181A685B68F4F7CCF902000B0057
:105190001000190000228023DB05F4F727FD020030
:1051A0000B002F490A604B60FB1D1B78002B4FD072
:1051B00000237B6745E0284A7B6FDB00D318186823
:1051C000596800220023F3F723F9031E36D1254A3C
:1051D0007B6FDB00D3181C685D68214B1868596829
:1051E0001D4A7B6FDB00D3181A685B68F5F70AFC71
:1051F00002000B0020002900F4F794F902000B00D4
:105200001848796FC90041180A604B60154A7B6FD6
:10521000DB00D3181A685B6810001900F5F7B0FFBF
:105220000300DA179B185340142B07DD0D4A7B6FE0
:10523000DB00D118002200230A604B607B6F013332
:105240007B677B6F0C2BB6DDFAF730F900E0C046C8
:10525000BD4622B0B0BDC0460063002069520108BF
:10526000480200209862002080B582B000AF7860CC
:1052700039607B68186859683B681A685B68F3F79F
:10528000CDF8031E01D001230DE07B681868596832
:105290003B681A685B68F3F7D5F8031E02D0012358
:1052A0005B4200E000231800BD4602B080BD000054
:1052B000F0B58FB000AF02000F26BB191A70394B42
:1052C0003B630023FB62002200233A627B62364B81
:1052D000BB61FDF71CFFFEF7F5F996235B00180094
:1052E00003F04AFEBB191B78022B0BD1FDF702FF1E
:1052F000FA239B00180003F03FFEF6F777F903004E
:105300007B6335E0002200233A627B620023FB616D
:105310001CE0F6F755F903007B617B691C00DB1785
:105320001D003A6A7B6A12196B413A627B627A69A4
:105330003B6B9A4201DA7B693B637A69FB6A9A426A
:1053400001DD7B69FB62FB690133FB61FA69BB69C3
:105350009A42DEDBBB693B60DB177B603A687B68A7
:10536000386A796AF3F7BCF802000B0013007B631C
:105370007B6BFA2291001800F2F74EFF03001AB27D
:105380000A4B1A80FA6A3B6BD31ADA179B18534000
:105390001AB2074B1A80FDF7C7FE7B6B1800BD469B
:1053A0000FB0F0BDFFFFFF00102700006064002079
:1053B00062640020B0B5A0B000AF78604423FB1851
:1053C000A14A13CA13C37B23FB1801221A707A2344
:1053D000FB1801221A707923FB1801221A70782316
:1053E000FB1800221A700023FB675EE0FB6F9BB284
:1053F000C5339BB21800FAF71BFF030019003824CD
:105400003A19FB6FD3180A1C1A70FB6F9BB2D13389
:105410009BB21800FAF70CFF030019002C257A192B
:10542000FB6FD3180A1C1A70FB6F9BB21533FF3346
:105430009BB21800FAF7FCFE030019002023FA18AB
:10544000FB6FD3180A1C1A703A19FB6FD3181A781D
:105450007919FB6FCB181B789A4203D07B23FB187A
:1054600000221A703823FA18FB6FD3181A782023F9
:10547000F918FB6FCB181B789A4203D07A23FB18DC
:1054800000221A702C23FA18FB6FD3181A782023E5
:10549000F918FB6FCB181B789A4203D07923FB18BD
:1054A00000221A70FB6F0133FB67FB6F0B2B9DDD36
:1054B0003823FB181B78FF2B0DD12C23FB181B78EE
:1054C000FF2B08D12023FB181B78FF2B03D1782357
:1054D000FB1801221A7038217B181B78FF2B11D082
:1054E0002C23FB181B78FF2B0CD12023FB181B78D7
:1054F000FF2B07D17923FB1800221A707B181800A4
:10550000F9F7E3FB7823FB181B78002B10D044231A
:10551000FB181800F9F7D9FB7B23FB1800221A703F
:105520007A23FB1800221A707923FB1800221A70C4
:105530007B23FB181B78002B04D17A23FB181B78E4
:10554000002B14D00023FB670DE03823FA18FB6F03
:10555000D31819781423FA18FB6FD3180A1C1A7081
:10556000FB6F0133FB67FB6F0B2BEEDD47E079230D
:10557000FB181B78002B14D00023FB670DE02C23B5
:10558000FA18FB6FD31819781423FA18FB6FD31885
:105590000A1C1A70FB6F0133FB67FB6F0B2BEEDDF0
:1055A0002DE07823FB181B78002B14D00023FB6719
:1055B0000DE04423FA18FB6FD31819781423FA1856
:1055C000FB6FD3180A1C1A70FB6F0133FB67FB6F6C
:1055D0000B2BEEDD13E00023FB670DE03823FA18F8
:1055E000FB6FD31819781423FA18FB6FD3180A1C11
:1055F0001A70FB6F0133FB67FB6F0B2BEEDD7868D6
:10560000F5F7FAFD02000B003A677B6700220F4BAB
:10561000BA66FB6600220E4B3A667B663A6E7B6E7C
:10562000386F796FF5F7EEF902000B0010001900E2
:10563000BA6EFB6EF4F7DAFA02000B00BA65FB658E
:105640000023FB6728E0C046E0EC010880F1FAC0C7
:1056500030C0594114203A18FB6FD3181978102321
:10566000FA18FB6FD3180A1C1A70FB6F04333A1830
:10567000D15C0C23FA18FB6FD3180A1C1A70FB6F4D
:1056800008333A18D15C0823FA18FB6FD3180A1CA8
:105690001A70FB6F0133FB67FB6F032BDADD1023FE
:1056A000FB180421180002F00BFE0C23FB18042148
:1056B000180002F005FE0823FB180421180002F070
:1056C000FFFDBA6DFB6DB86DF96DF4F7D3FE020006
:1056D0000B0014001D003B69181CF5F7DFFD0200EC
:1056E0000B0020002900F4F7C5FE02000B00140097
:1056F0001D00FB68181CF5F7D1FDBA6DFB6DF4F7C2
:10570000B9FE02000B0020002900F3F70BFF020096
:105710000B0014001D00BB68181CF5F7BFFD02004C
:105720000B0020002900F3F7FDFE02000B003A6594
:105730007B653A6D7B6D10001900BD4620B0B0BD91
:10574000B0B582B000AF78607A6813009B079B1AEF
:105750009B009B1A1800F5F74FFD00223B4BF4F716
:1057600045FA02000B003A490A604B6038490022B2
:10577000384B8A60CB6036490022374B0A614B6157
:10578000334B9A68DB6811000C00802109065940F0
:105790000D002F4B1A695B6920002900F4F726FAE7
:1057A00002000B002A498A61CB61294B18685968AD
:1057B000274B9A69DB69F4F719FA02000B002449B8
:1057C0000A624B62224B186A596A244A244BF5F745
:1057D00019F902000B0010001900224A224BF4F7BD
:1057E00005FA02000B001A498A62CB62184B986ACC
:1057F000D96A00221D4BF4F7F9F902000B001000E2
:10580000190007F099FF1A4A1A4BF3F78BFE0200B2
:105810000B0000201849F4F7E9F902000B000C49CD
:105820000A634B630A4B186B596B144A144BF5F718
:10583000E9F802000B0006498A63CB63044B9A6BBC
:10584000DB6B10001900BD4602B0B0BD0000704116
:105850002064002000230E4160301F41FCA9F1D2DA
:105860004D62E03F1AB5F2C8C588DF3E006AF840D5
:10587000F86F702FADFA2B40004BB040666666663D
:105880006612714080B500AF00F0ECF8634B052262
:105890001A81624B624A9A81604B00225A815F4BA7
:1058A0000022DA815D4B00221A825C4B00225A8270
:1058B0005A4B00229A82594B0022DA82574B00221F
:1058C0001A83564B00225A83544B00229A83534921
:1058D0000022544B0A624B6250490022514B8A62AB
:1058E000CB624E490022504B0A634B634B49002266
:1058F0004E4B8A63CB63494900224D4B0A644B648B
:10590000464900224B4B8A64CB64444900228023E1
:10591000DB050A654B65414B01229A653F4B04222A
:10592000DA653E4B01221A663C49002200238A6652
:10593000CB663A49002200230A674B6737490022A9
:1059400000238A67CB67354B803319000022002380
:105950000A604B60314B8822002199522F4B8A22DA
:10596000002199522D4B8C22002199522B4B8E22D3
:1059700000219952294B902201219954274B9122C1
:1059800001219954254B922200219954234B9322B3
:1059900001219954214BD82200219954264B0122F0
:1059A0001A70264B00221A70254B00221A70254BC4
:1059B00001221A70244B00221A70244B00221A7004
:1059C000FAF709FA03001A00214B1A70FAF719FACC
:1059D00003001A001F4B1A701F4B00221A700F4B46
:1059E0009822002199500D4B9C22002199500B4B7D
:1059F000A82200219952094BAA2200219952FDF7B1
:105A000086FB164B164819685A68F7F7A9F9F5F797
:105A1000B7FDFDF789FBC046BD4680BD6864002028
:105A200024F4FFFF00F8914000E0854000207C4016
:105A30000000544000004440606500206165002083
:105A40006265002077020020D565002028620020D2
:105A500084620020856200200B6400202001002069
:105A60004865002080B500AF0B4B01221A700A4B2D
:105A700001225A70084B01229A70074B00229A713A
:105A8000054B0022DA70044B00221A71024B0122EE
:105A90005A71C046BD4680BD6864002080B500AF25
:105AA000084B1B78DBB201225340DBB2002B01D044
:105AB00000F0A8FB00F052FC00F024FEC046BD46FA
:105AC00080BDC0467702002080B500AF114B1B7827
:105AD000DBB2002B17D0FBF728FD0E20FBF75AFC9A
:105AE0000C4B5B8A9BB219000E20FBF78FFC002148
:105AF0000E20FBF7CFFCFBF711FD064B00221A70BE
:105B00000E20FBF7F1FB00F029FC00F0FBFDC04686
:105B1000BD4680BD6864002080B500AF1A4B5B783D
:105B2000DBB2002B17D0FBF700FD1020FBF732FC97
:105B3000154BDB8A9BB219001020FBF767FC002194
:105B40001020FBF7A7FCFBF7E9FC0F4B00225A7073
:105B50001020FBF7C9FBF5F769FD03001B1299B292
:105B6000094B94229952084B98229A58064BAA2125
:105B70005B5A9BB25B00D318034A9421525A92B2EB
:105B80001A80C046BD4680BD68640020B0B500AF35
:105B90003E4B9B78DBB2002B17D0FBF7C6FC1120E5
:105BA000FBF7F8FB394B1B8B9BB219001120FBF75D
:105BB0002DFC00211120FBF76DFCFBF7AFFC334BF4
:105BC00000229A701120FBF78FFBF5F72FFD0300E1
:105BD0001B1299B22D4B942299522C4B9C229A580D
:105BE0002A4BAA215B5A9BB25B00D318274A942107
:105BF000525A92B21A80254BAA229B5A9BB2032B6F
:105C000016D1224B94229B5A9AB2204B9821595874
:105C10001E4BAA201B5A9BB25B00CB181B889A42D2
:105C200003D91B4B01221A7002E0194B00221A7093
:105C3000164B94229B5A9BB21800144B98229A58E8
:105C4000124BAA215B5A9BB25B00D3181B88C31A64
:105C5000DA17991851400D4BA0229A580B4BAA20E5
:105C60001B5A9BB29B00D4180800F3F7CDFB031C12
:105C70002360064BAA229B5A9BB2013399B2034B75
:105C8000AA229952C046BD46B0BDC04668640020F5
:105C90006065002080B500AFFBF747FC0620FBF7EE
:105CA00023FBFBF73BFC044B01229A71024B0022C1
:105CB0005A81C046BD4680BD6864002080B500AFF3
:105CC000FBF733FC0720FBF70FFB0E20FBF70CFB69
:105CD0001020FBF709FB1120FBF706FBFBF71EFC6E
:105CE000024B0122DA70C046BD4680BD68640020C8
:105CF00080B588B000AF386079600022724BBA611D
:105D0000FB610022714BB869F969F4F7B3FB02003B
:105D10000B00100019003A687B68F3F767FF020078
:105D20000B003A617B610022684BB869F969F4F7AE
:105D3000A1FB02000B00100019003A687B68F3F722
:105D400055FF02000B00BA60FB6038697969F5F70E
:105D500017FA03001800F5F74FFA02000B003A613A
:105D60007B61B868F968F5F70BFA03001800F5F7DE
:105D700043FA02000B00BA60FB60BA68FB6838693E
:105D80007969F3F7CFFB02000B0010001900F2F75E
:105D9000DFFB03009AB24E4BDA814D4BDB899AB29E
:105DA0004B4B1A824A4BDB899AB2494B5A8238696B
:105DB0007969F2F7CDFB03009AB2454B9A82444BC6
:105DC000DB899AB2424BDA82414BDB899AB2404B73
:105DD0001A833F4BDB6D042B3AD13D4B9B6D012B5E
:105DE00036D138697969F2F7B3FB03009BB218002A
:105DF000F5F702FA374A384BF4F73CFB02000B0088
:105E000010001900F2F7A4FB03009AB2304B5A833A
:105E1000304A314BB868F968F4F72CFB02000B00EC
:105E200010001900F2F794FB03009BB21800F5F77D
:105E3000E3F93A697B69F3F775FB02000B00100088
:105E40001900F2F785FB03009AB2214B9A8336E0E2
:105E500038697969F2F77CFB03009BB21800F5F70B
:105E6000CBF91C4A1C4BF4F705FB02000B00100099
:105E70001900F2F76DFB03009AB2154B5A83154ACD
:105E8000154BB868F968F4F7F5FA02000B0010003A
:105E90001900F2F75DFB03009BB21800F5F7ACF9AF
:105EA0003A697B69F3F73EFB02000B001000190012
:105EB000F2F74EFB03009AB2054B9A83C046C046E8
:105EC000BD4608B080BDC0468084FE400000E03F73
:105ED000686400205C8FC2F5285CEF3F80B500AF9E
:105EE000124B5B899BB201339AB2104B5A810F4B14
:105EF0005B899AB20D4B1B899BB29A4207D20C4B1D
:105F00001B78DBB201225340DBB2002B0BD0FBF736
:105F10000CFB0620FBF73EFAFBF700FB034B0022CD
:105F20009A7100F02DF9C046BD4680BD686400201E
:105F30007702002080B584B000AF8C4B882200210E
:105F400099528A4B8A220021995200F0DBFBFDF71F
:105F500053F8F9F781FF03001A00854B1A70FB1DF7
:105F6000824AB021525C1A70804BD8229B5CDBB213
:105F7000002B08D07D4B9A6DFB1D1B78110018007B
:105F8000FDF7DEF91FE00123FB60784B1B6EBB6061
:105F9000764B9B6D042B06D1744BDB6D012B02D12C
:105FA000744B1B68FB60714BDB6D042B03D10E231C
:105FB000BB600223FB60BB68DBB2FA68D2B211009F
:105FC0001800FDF7B1FA694BDB6D042B20D1674B4C
:105FD0009A6ADB6A65498A66CB66644B986ED96EAD
:105FE0000022654BF4F746FA02000B00100019007E
:105FF000F2F7AEFA030099B25C4B882299525B49E2
:10600000002200230A674B67584B8A2200219952CD
:10601000564BDB6D012B40D15449002200238A6688
:10602000CB66524B882200219952504B9A6ADB6A08
:106030004E490A674B674D4B186F596F00224E4B04
:10604000F4F718FA02000B0010001900F2F780FABA
:10605000030099B2454B8A229952444BB833190038
:10606000002200230A604B60404BC8220021995255
:106070003E4B1A6F5B6F3D49C0310A604B603B4B32
:106080008A229B5A99B2394BCA229952374B9A6A43
:10609000DB6A3649D0310A604B6000F033FB334B8A
:1060A000AC229B58092B40D89A00344BD3181B685C
:1060B0009F46FDF72CF839E0FDF729F8FCF7AAFF19
:1060C00034E0FDF724F8FCF7C1FF2FE0FDF71FF8DF
:1060D000FCF7A0FFFCF7BAFF28E0FDF718F8FCF783
:1060E000D1FF23E0FDF713F8FCF7B0FFFCF7CAFF80
:1060F0001CE0FDF70CF8FCF78DFFFCF7DFFF15E067
:10610000FDF705F8FCF786FFFCF7A0FFFCF7D6FFCC
:106110000CE0FCF7FCFFFCF77DFFFCF7B3FFFCF79E
:10612000CDFF03E0FCF7E6FF00E0C0460F4B9B7994
:10613000DBB201225340DBB2002B01D0FFF7AAFDF6
:10614000FBF7F3F9094B9B899BB219000620FBF77B
:106150005DF900210620FBF79DF9FBF7DFF9034B02
:1061600001221A71C046BD4604B080BD686400209B
:10617000D96500204001002000403A4094EE01081B
:1061800080B500AF1E4BDB78DBB201225340DBB29F
:10619000002B01D0FFF792FDFBF7C7F9184B1B8AC4
:1061A0009BB219000720FBF731F9154B9B8A9BB274
:1061B00019000E20FBF72AF9114B5B8B9BB21900DB
:1061C0001020FBF723F90E4B9B8B9BB2190011207B
:1061D000FBF71CF900210720FBF75CF900210E20DA
:1061E000FBF758F900211020FBF754F9002111208A
:1061F000FBF750F9FBF792F9C046BD4680BDC0469B
:106200006864002080B500AFFBF78FF900210620FD
:10621000FBF740F900210720FBF73CF900210E2095
:10622000FBF738F900211020FBF734F90021112089
:10623000FBF730F90620FBF7ADF80720FBF7AAF8CB
:106240000E20FBF7A7F81020FBF7A4F81120FBF7AE
:10625000A1F8FBF763F9FFF705FCFCF758FF064BC5
:10626000882200219952044B8A220021995200F081
:1062700049FAC046BD4680BD6864002080B500AFC5
:10628000024B1B79DBB21800BD4680BD686400205C
:1062900080B500AF2F4B9A6ADB6A2F490A624B62C6
:1062A0002C4B1A6B5B6B2C490A634B63294B9A6925
:1062B000DB6929490A644B64264B1A6A5B6A2649E2
:1062C0000A654B65234B5A6C234B9A65214B5A68E0
:1062D000214BDA651F4B1A681F4B1A661D4B1A6C4F
:1062E0001D4BAC215A501B4B3E22995C1A4BB022DD
:1062F0009954194B186A596A174B1A6B5B6BF4F770
:1063000081FB02000B0014498A63CB63124B186AAD
:10631000596A114B1A6D5B6DF3F704F902000B001B
:106320000D498A62CB620C4B186C596C0022802399
:10633000DB05F3F75BFC02000B0007498A64CB64C2
:10634000044B4822995C044BD8229954C046BD4660
:1063500080BDC0463062002068640020B0B500AF48
:10636000D24B5B79DBB2002B00D122E1CF4B002274
:106370005A71CE4B986AD96ACC4B1A6D5B6DF4F7A3
:1063800041FB02000B00C9498A62CB62C74B9A6A83
:10639000DB6AC649A4200858C449AA24095B89B20B
:1063A0008900441810001900F4F7C0FF031C236093
:1063B000BE4B986AD96ABD4B9A6BDB6BF2F738F823
:1063C000031E37D0B94B922201219954B74B986ADA
:1063D000D96AB64B9A6BDB6BF2F720F8031E24D018
:1063E000FFF710FFB14B932200219954AF4BDB6DA7
:1063F000012B14D1AD4BB0229B5CDBB2002B0ED035
:10640000AA49002200238A66CB66A84B8822002175
:10641000995200F077F9A64B180002F0ADFD052067
:1064200002F0AAFDFCF780FE08E0A04B93220121B8
:10643000995403E09D4B9322012199549B4B932245
:106440009B5CDBB2002B55D0984BDB6D042B51D1FC
:10645000964B986AD96A954B1A6A5B6AF1F7D8FF2E
:10646000031E28D0914B986AD96A904B9A6CDB6CCA
:10647000F3F758F802000B008C498A66CB668B4B09
:10648000986ED96E00228B4BF3F7F4FF02000B00DD
:1064900010001900F2F75CF8030099B2834B8822D0
:1064A00099528249002200230A674B677F4B8A2258
:1064B000002199521EE07D4B186F596F7B4B1A6D6E
:1064C0005B6DF3F72FF802000B0078490A674B6702
:1064D000764B186F596F0022764BF3F7CBFF020013
:1064E0000B0010001900F2F733F8030099B26F4B5C
:1064F0008A2299526D4B93229B5CDBB2002B00D118
:10650000F9E06A4BDB6D012B00D0F4E0674B986A31
:10651000D96A664B1A6A5B6AF1F77AFF031E28D0C4
:106520006249002200238A66CB66604B88220021E4
:1065300099525E4B986AD96A5C4B9A6CDB6CF2F7A5
:10654000F1FF02000B0059490A674B67574B186F60
:10655000596F0022574BF3F78DFF02000B0010001C
:106560001900F1F7F5FF030099B2504B8A229952B6
:10657000C1E04E4B986ED96E4C4B1A6D5B6DF2F7C5
:10658000D1FF02000B0049498A66CB66474B986EE3
:10659000D96E0022474BF3F76DFF02000B0010008D
:1065A0001900F1F7D5FF030099B2404B88229952A8
:1065B000A1E03E4B01225A713C4BDB6D042B4AD1CA
:1065C0003A4B986AD96A394B1A6A5B6AF1F720FF2D
:1065D000031E1ED0354B902200219954334B1A6C68
:1065E0005B6C324980310A604B60304B80331868F5
:1065F000596800222F4BF3F73DFF02000B001000FB
:106600001900F1F7A5FF030099B2284B8A2299528D
:1066100021E0264B803318685968244B1A6D5B6D56
:10662000F2F780FF02000B00204980310A604B60C6
:106630001E4B80331868596800221E4BF3F71AFF6F
:1066400002000B0010001900F1F782FF030099B25D
:10665000164B8A229952154BDB6D012B4BD1134BF4
:10666000986AD96A114B1A6A5B6AF1F7D1FE031E68
:1066700022D00E4B9022002199540C4B1A6C5B6C6B
:106680000A498A67CB67094B986FD96F0022094B7B
:10669000F3F7F0FE02000B0010001900F1F758FFAD
:1066A000030099B2014B8822995224E068640020CB
:1066B000C409000000403A40104B986FD96F0F4B4F
:1066C0001A6D5B6DF2F72EFF02000B000B498A6713
:1066D000CB670A4B986FD96F0022094BF3F7CAFEBC
:1066E00002000B0010001900F1F732FF030099B20D
:1066F000024B88229952C046BD46B0BD6864002056
:1067000000403A4080B500AF1C4B8C229B5A9AB295
:106710001A4B88215B5A9BB29A4210D0174B8822A1
:106720009B5A99B2154B8C229952144B88229B5A32
:106730009BB21A00124B11001800F6F72AFB0F4B00
:106740008E229B5A9AB20D4B8A215B5A9BB29A4277
:1067500010D00A4B8A229B5A99B2084B8E2299522A
:10676000064B8A229B5A9BB21A00054B1100180057
:10677000F6F733FBC046BD4680BDC04668640020C6
:106780004865002080B584B000AFF860B9607A60D9
:106790003B600F4B9821FA685A500D4B9C21BA6808
:1067A0005A500B4BA0217A685A50094BA4213A68E1
:1067B0005A50074A1823FB18A8211B885352044B30
:1067C000AA2200219952C046BD4604B080BDC046F1
:1067D0006864002080B584B000AF78600023FB605F
:1067E0007B68042B20D07B68042B29DC7B68012B81
:1067F00003D07B68022B0BD022E0274B1B78DBB247
:10680000002B02D06423FB601AE01423FB6017E026
:10681000214B1B78DBB2002B03D0FA239B00FB60DB
:106820000EE0C823FB600BE01B4B1B78DBB2002B98
:1068300003D0FA239B00FB6001E0C823FB60C04645
:10684000164B012218685968F9F724FF144B0122EE
:1068500018685968F9F71EFF124B0022186859682A
:10686000F9F718FFFB68180002F086FB0B4B0122BA
:1068700018685968F9F70EFF094B00221868596823
:10688000F9F708FF074B002218685968F9F702FF6B
:10689000C046BD4604B080BDD4650020F000002095
:1068A000E0000020F8000020F0B589B000AFF860EB
:1068B0003A607B600022314BBA61FB61304B1B6850
:1068C000012B04D100222D4BBA61FB6107E02C4B58
:1068D0001B68022B03D10022284BBA61FB61FCF735
:1068E000A9FC16257B1900221A803A687B68B869D2
:1068F000F969F2F717FE02000B00100019000022E0
:10690000204BF3F7B7FD02000B001426BC19100052
:106910001900F1F71DFE030023807B191A881A4B1A
:1069200011001800F6F735FABB191A88164B11003A
:106930001800F6F752FA154B180002F01DFB124B27
:1069400000211800F6F725FA0F4B00211800F6F782
:1069500044FAFCF7E9FB0E4B1B78DBB2002B09D0A5
:106960000C4B01221A700B4B1B78DBB21900F5207F
:10697000F9F71CFCC046BD4609B0F0BD00206C40D4
:106980007802002000403A4048650020B80B000023
:106990000D6400200E640020F0B597B000AFF861E0
:1069A000B961FA235B007B63FA235B003B638B4B8B
:1069B0007B6500220023BA64FB642E2318215B1838
:1069C000DB1900221A802C235B18DB1900221A80A5
:1069D0002B235B18DB1902221A70BB69042B01D12F
:1069E0007E4B7B65FB69042B19D1786BF4F704FCB3
:1069F00000227B4BF3F73EFD02000B002C211820F8
:106A00000918CE1910001900F1F7A2FD0300338018
:106A10002E2318229B18DB1900221A801AE0FB692A
:106A2000012B17D12C2318269B19DB1900221A8061
:106A3000786BF4F7E1FB0022694BF3F71BFD0200D2
:106A40000B002E218919CE1910001900F1F780FDD5
:106A500003003380FCF794FAF4F792FD614B62482F
:106A600019685A68F6F77CF9FCF79CFA5E4B00212E
:106A70001800F6F78EF95C4B00211800F6F7ADF917
:106A800000220023BA64FB640023FB6310E0F4F7E8
:106A900097FD03003B61DB177B61BA6CFB6C3869C7
:106AA000796912184B41BA64FB64FB6B0133FB63D9
:106AB000FA6B3B6B9A42EADB3B6BBB60DB17FB601C
:106AC000BA68FB68B86CF96CF1F70AFD02000B00BC
:106AD0001300FB622C2318269B19DB191A88424BE2
:106AE00011001800F6F755F92E239B19DB191A88A7
:106AF0003D4B11001800F6F770F900220023BA642C
:106B0000FB640023BB630EE0F4F75AFD03001C0096
:106B1000DB171D00BA6CFB6C12196B41BA64FB6485
:106B2000BB6B0133BB63BA6B3B6B9A42ECDB3B6BD9
:106B30003B60DB177B603A687B68B86CF96CF1F7F7
:106B4000CFFC02000B001300BB62274B0021180092
:106B5000F6F71FF9244B00211800F6F73EF9FCF771
:106B60003BFAFA235B00180002F006FABA6AFB6AE5
:106B7000D31ADA179B1853407B62786AF4F73CFB10
:106B800000221A4BF3F732F802000B001000190034
:106B9000F1F7DEFC0200164B1A607A6A7B6D9A42AE
:106BA00009DD2B2318229B18DB1901221A70114BC7
:106BB00001221A7008E02B2318229B18DB190222ED
:106BC0001A700C4B00221A702B2318229B18DB1909
:106BD0001B781800BD4617B0F0BDC0461027000056
:106BE00000403A40200100204865002000408F40CE
:106BF000E0650020D665002080B500AF0A4B282252
:106C00000021180006F03CFC084B0022DA72074B0A
:106C100000225A71054B00225A72044B00229A72CC
:106C2000C046BD4680BDC046A865002014050020B2
:106C3000B0B500AFC84B1A78C84B5A71C64B5A78DA
:106C4000C64B5A72C54B5B790233DAB2C34B9A71A9
:106C5000C24B5B791A00C04B9C5CC04B5B791A003D
:106C6000BD4B11001800F5F7F1FF03009C420DD158
:106C7000BA4B5B790133B84AD45CF5F7FBFF0300EC
:106C80009C4207D0FFF7B8FF00F056FDFFF7B4FFB6
:106C900000F052FDB14B5B79052B1BD1AF4B5B7AFA
:106CA000412B17D1AC4B5B78412B13D1AA4B9B786E
:106CB0004E2B0FD1A84BDB78422B0BD1A64B1B7967
:106CC0000D2B07D1A64B01221A70A64B01221A7078
:106CD00001F040F8A14B5B7A012B00D0ECE09E4B19
:106CE0009A789E4B9A729D4B9B7A012B09D19E4BB1
:106CF00001221A709D4B01221A709D4B01221A70BD
:106D00003FE0964B9B7A032B0CD1974B01221A70D4
:106D1000984B01221A70984B01221A70944B012251
:106D20001A702EE08D4B9B7A022B0CD18E4B0122D8
:106D30001A70924B01221A708F4B01221A708C4BE1
:106D400001221A701DE0854B9B7A042B09D18C4BD4
:106D500001221A70854B01221A70854B01221A708C
:106D60000FE07E4B9B7A062B0BD1854B01221A70CC
:106D7000804B01221A70804B01221A707C4B012239
:106D80001A70764B9B7A052B0CD17D4B01221A7021
:106D90007A4B01221A70784B01221A70744B01222F
:106DA0001A7085E06D4B9B7A812B06D16E4B0122C8
:106DB0001A706E4B00221A707AE0684B9B7A832B14
:106DC00009D1694B01221A706A4B01221A706A4B71
:106DD00001221A706CE0614B9B7A822B09D1624BC5
:106DE00001221A70654B01221A70634B01221A703E
:106DF0005EE05A4B9B7A842B06D1614B01221A70BC
:106E00005A4B01221A7053E0544B9B7A862B09D1BE
:106E10005B4B01221A70574B01221A70564B01220C
:106E20001A7045E04D4B9B7A852B09D1544B0122BA
:106E30001A70524B01221A704F4B01221A7037E020
:106E4000464B9B7A072B03D0444B9B7A082B15D1DA
:106E50004C4B01221A70F8F771FE0300012B03D18D
:106E6000474B01221A7002E03F4B01221A703F4B40
:106E700001221A703E4B01221A7019E0374B9B7A9F
:106E8000872B03D0354B9B7A882B11D13D4B0122A8
:106E90001A70F8F753FE0300012B03D1384B01227F
:106EA0001A7002E0304B01221A70304B01221A7026
:106EB00000F02EFF00F03EFC284B5B7A022B04D141
:106EC000314B00221A7000F035FC244B5B7A2E2BDC
:106ED00017D1244B1B78DBB2002B06D001F0C2FE89
:106EE000204B00221A7000F025FC1B4B9B781800E9
:106EF000F8F79EFF01F0B6FE244B01221A7000F055
:106F000019FC164B5B7A052B11D1134B9A78134B56
:106F10009A72124B9B7A002B03D100F0F9FF00F01C
:106F200009FC01F0C3FC00F0F3FF00F003FC0B4B85
:106F30005B7A062B2CD1084B9A78084B9A72074B38
:106F40009B7A002B04D0054B9B7A180001F0E6FCDD
:106F500001F00EF800F0EEFBA865002014050020FB
:106F600038010020D8650020D1650020DA650020B6
:106F7000DF650020DD650020DE650020DC65002087
:106F8000D2650020D365002077020020D76500205D
:106F9000C64B5B7A072B1DD1C54B9A78C34B9A72AF
:106FA000C24B5B79032B09D1C04B9B7A002B01D0DC
:106FB00000F0C0FB00F040FF00F0BCFBBB4B5B7976
:106FC000122B01D900F0B6FB01F046FD00F034FFB2
:106FD00000F0B0FBB54B5B7A082B1DD1B44B9A780F
:106FE000B24B9A72B14B5B79032B09D1AF4B9B7AB1
:106FF000002B01D000F09EFB00F036FF00F09AFB62
:10700000AA4B5B79122B01D900F094FB01F030FD03
:1070100000F02AFF00F08EFBA44B5B7A092B11D104
:10702000A34B9A78A14B9A72A04B9B7A002B03D169
:1070300000F0DAFF00F07EFB01F052FC00F0D4FF1C
:1070400000F078FB994B5B7A0A2B1DD1984B9A780C
:10705000964B9A72954B5B79032B09D1934B9B7A94
:10706000002B01D000F066FB00F09AFF00F062FBFD
:107070008E4B5B79042B01D000F05CFB01F05CFCD3
:1070800000F08EFF00F056FB884B5B7A0B2B19D17A
:10709000874B9A78854B9A72844B9B7A002B0ED043
:1070A000824B9B7A012B03D10120F7F74DFB06E0C1
:1070B0007E4B9B7A022B02D10220F7F745FB00F0B2
:1070C0003FFF37E3794B5B7A0C2B19D1784B9A78D9
:1070D000764B9A72754B5B79032B07D1734B9B7A76
:1070E000002B00D026E300F08FFE23E36F4B5B798B
:1070F000082B00D01EE301F02FFC00F085FE19E301
:107100006A4B5B7A0D2B17D1694B9A78674B9A7251
:10711000664B9B7A002B0CD0644B9B7A012B02D1DF
:1071200001F042FC05E0614B9B7A022B01D101F09A
:107130003BFC00F0F1FFFDE25C4B5B7A0E2B04D1CF
:107140005B4B9A78594B9A72F4E2584B5B7A0F2B4F
:1071500004D1574B9A78554B9A72EBE2534B5B7ABA
:10716000102B16D1524B9A78504B9A724F4B9B7AF8
:10717000002B00D0DEE201F01FFD031C181CF4F709
:107180008DF802000B004B490A614B6101F0F2FCE3
:10719000D0E2464B5B7A112B0BD1454B9A78434B8F
:1071A0009A72424B9B7A002B00D0C3E201F03CFD67
:1071B000C0E23E4B5B7A122B17D13D4B9A783B4B8A
:1071C0009A723A4B9B7A002B0CD0384B9B7A012B4E
:1071D00002D101F031FB05E0344B9B7A022B01D147
:1071E00001F02AFB00F0FAFFA4E2304B5B7A1D2B82
:1071F00017D12F4B9A782D4B9A722C4B9B7A002BE0
:107200000CD02A4B9B7A012B02D101F031FB05E017
:10721000264B9B7A022B01D101F02AFB01F004F8E6
:1072200088E2224B5B7A132B0BD1214B9A781F4BB0
:107230009A721E4B9B7A002B00D07BE200F02CFE52
:1072400078E21A4B5B7A142B0BD1194B9A78174BB7
:107250009A72164B9B7A002B00D06BE200F0DCFE9A
:1072600068E2124B5B7A152B10D1114B9A780F4BB9
:107270009A720E4B9B7A002B05D00C4B5B7A002B3D
:1072800001D000F037FF00F01DFF53E2074B5B7A9F
:10729000162B11D1064B9A78044B9A72034B9B7AAA
:1072A000002B00D046E201F065F843E2140500200F
:1072B000A865002030090020C74B5B7A172B0BD143
:1072C000C64B9A78C44B9A72C34B9B7A002B00D062
:1072D00030E200F057FF2DE2BF4B5B7A1B2B17D13A
:1072E000BE4B9A78BC4B9A72BB4B9B7A002B0CD04E
:1072F000B94B9B7A012B02D101F03AFB05E0B64B6A
:107300009B7A022B01D101F033FB00F023FF11E245
:10731000B14B5B7A1C2B07D1AF4B5B790E2B00D0A6
:1073200008E201F08DFB05E2AB4B5B7A1E2B1AD114
:10733000AA4B9A78A84B9A72A74B9B7A002B0CD039
:10734000A54B9B7A012B02D101F0B8FB05E0A24BC3
:107350009B7A022B01D101F0B1FB01F0DBFBA04BCA
:1073600000221A70E6E19C4B5B7A2F2B17D19B4BC6
:107370009A78994B9A72984B9B7A002B0CD0964B2B
:107380009B7A012B02D101F0B9FB05E0924B9B7A6D
:10739000022B01D101F0B2FB01F0D4FBCAE18E4B0C
:1073A0005B7A1F2B0DD18D4B9A788B4B9A728A4B3F
:1073B0009B7A002B00D1BDE1F5F716FB00F0A8FC8D
:1073C000B8E1854B5B7A242B0BD1844B9A78824BA6
:1073D0009A72814B9B7A002B00D1ABE100F098FCB4
:1073E000A8E17D4B5B7A252B0BD17C4B9A787A4BAD
:1073F0009A72794B9B7A002B00D19BE100F088FCBC
:1074000098E1754B5B7A282B00D0D3E0734B9A78C8
:10741000714B9A72002301220021F420F8F7B2FD8B
:1074200003005A1E9341DAB26E4B1A7000230122F8
:107430000021F520F8F7A6FD03005A1E9341DAB2A9
:10744000694B1A70644B9B7A002B00D188E0624B29
:107450009B7A012B13D1654B654A1A80654B01223B
:107460001A70654B01221A605E4B00221A70F8F701
:10747000D7F9F5F715FB614B01221A7070E0564BF6
:107480009B7A022B09D1594B5D4A1A80594B012234
:107490001A70594B02221A6062E04F4B9B7A032B01
:1074A00013D1524B574A1A80524B01221A70524B39
:1074B00002221A604B4B00221A70F8F7B1F9F5F767
:1074C000EFFA4E4B01221A704AE0434B9B7A042B91
:1074D0001ED1464B4C4A1A80434B1B78DBB201222B
:1074E0005340DBB2002B3BD0424B01221A70424B7F
:1074F00002221A603B4B00221A70F8F791F9434BB5
:1075000001221A70F5F7CCFA3C4B01221A7027E0E1
:10751000314B9B7A052B23D1344B3D4A1A80354B96
:1075200001221A70344B02221A602F4B1B78DBB2F7
:1075300001225340DBB2002B12D02E4B01221A70D5
:107540002D4B02221A60274B00221A70F8F768F9B7
:107550002E4B01221A70F5F7A3FA284B01221A705C
:10756000214B1B78DBB2002B09D0204B1B889BB230
:10757000FA229200944663449AB21C4B1A80194B2B
:107580001B78DBB2002B06D0184B1B889BB20A334A
:107590009AB2164B1A80174B1B78DBB2002B06D021
:1075A000124B1B889BB264339AB2104B1A8000F0C6
:1075B000AFFBBFE0084B5B7A312B04D1F7F773FBCD
:1075C00000F0A6FBB6E0044B5B7A322B24D1114BC2
:1075D00000221A70AEE0C04614050020A865002005
:1075E000D86500200C6400200E640020E4650020B3
:1075F00010270000D4650020780200208662002059
:10760000204E000030750000409CFFFF0D640020FC
:1076100050C3FFFF39010020484B5B7A332B16D152
:10762000474B9A78454B9A72444B9B7A002B0BD070
:10763000424B9B7A012B07D1414BDA78404B1B79A7
:1076400019001000F8F781FC01F024FB72E03B4BBD
:107650005B7A342B0CD13A4B9A78384B9A72374B71
:107660009B7A002B01D001F0BBF901F075FB61E0C2
:10767000324B5B7A352B2BD1F5F712FA314B0122C5
:107680001A70F5F7B1F9F5F7EFF90020F8F7C8F936
:107690002D4B00221A702C4B1B78DBB21900F42002
:1076A000F8F784FD294B00221A70284B1B78DBB2B7
:1076B0001900F520F8F77AFDFCF768FCFCF780FC70
:1076C000FCF798FC224B01221A7000F021FB31E0FC
:1076D0001A4B5B7A362B0CD1194B9A78174B9A724E
:1076E000164B9B7A002B01D001F086F901F04CFB80
:1076F00020E0124B5B7A372B0CD1114B9A780F4B51
:107700009A720E4B9B7A002B01D001F081F901F0A7
:1077100053FB0FE0094B5B7A382B0BD1084B9A785F
:10772000064B9A72054B9B7A002B01D001F07CF935
:1077300001F05AFBFFF760FABD46B0BD140500200A
:10774000A8650020866200200C6400200E640020E2
:107750001164002080B582B000AF78600A00FB1C85
:107760001A70FB1C1A787968044B180005F0CEFEDD
:10777000FFF75EFAC046BD4602B080BDA865002096
:1077800090B585B000AF7860F9F71AFC0F23FB18AD
:1077900000221A7035E00F243B191B787A68D31841
:1077A0001B781800F9F71CFC3B191B78002B05D13E
:1077B000194B002218685968F8F76CFFC046174B40
:1077C0009B6880221340FAD0C046144B9B6802226B
:1077D0001340FAD0C046114B9B6880221340FAD167
:1077E0000F23FB181B78002B05D10B4B01221868C7
:1077F0005968F8F74FFF0F217B181A787B18013270
:107800001A700F23FB181B780B2BC4D9C046C04637
:10781000BD4605B090BDC046C0000020003001400C
:10782000B0B58EB000AFF8603A607B603B681C007A
:107830007B685B005D080022654B20002900F2F7A1
:1078400019FE02000B00BA62FB62B86AF96AF3F72C
:1078500097FC03007B6300237B62002200233A61D4
:107860007B6100220023BA61FB611023FB18B86A18
:10787000F96A1A0005F054FE02000B00BA61FB61C0
:10788000544A554BB869F969F0F7DCFD031E0DD079
:10789000386979690022514BF1F744FE02000B0070
:1078A00010001900F3F76CFC03007B637B6B0A216B
:1078B0001800F0F7B1FC03007B627B6BD9B27B6AE6
:1078C000DBB21A1C9200D318DB18DAB2FB68023361
:1078D0008A1AD2B21A707B6A7B637B6B0A2118000A
:1078E000F0F79AFC03007B62FB68023319787B6B2C
:1078F000DAB27B6ADBB2181C8000C318DB18DBB27B
:10790000D31ADBB21B01DAB2FB6802338A18D2B297
:107910001A707B6A7B637B6B0A211800F0F77CFC92
:1079200003007B627B6BD9B27B6ADBB21A1C9200CC
:10793000D318DB18DAB2FB6801338A1AD2B21A7094
:107940007B6A7B637B6B0A211800F0F765FC030000
:107950007B62FB68013319787B6BDAB27B6ADBB23E
:10796000181C8000C318DB18DBB2D31ADBB21B0172
:10797000DAB2FB6801338A18D2B21A707B6A7B6371
:107980007B6B0A211800F0F747FC03007B627B6BDE
:10799000DAB27B6ADBB2191C8900CB18DB18DBB2C8
:1079A000D31ADAB2FB681A700022002338687968AB
:1079B000F0F734FD031E00D105E0FB681B78103B97
:1079C000DAB2FB681A70C046BD460EB0B0BDC04604
:1079D00000002440CDCCCCCCCCCCEC3F0000F03F20
:1079E000B0B58EB000AFF8603A607B603B681C00B9
:1079F0007B685B005D080022514B20002900F2F7F4
:107A000039FD02000B00BA62FB62B86AF96AF3F74B
:107A1000B7FB03007B6300237B62002200233A61F3
:107A20007B6100220023BA61FB611023FB18B86A56
:107A3000F96A1A0005F074FD02000B00BA61FB61DF
:107A4000404A414BB869F969F0F7FCFC031E0DD0C0
:107A50003869796900223D4BF1F764FD02000B00A3
:107A600010001900F3F78CFB03007B637B6B0A218A
:107A70001800F0F7D1FB03007B627B6BD9B27B6A05
:107A8000DBB21A1C9200D318DB18DAB2FB680133A0
:107A90008A1AD2B21A707B6A7B637B6B0A21180048
:107AA000F0F7BAFB03007B62FB68013319787B6B4C
:107AB000DAB27B6ADBB2181C8000C318DB18DBB2B9
:107AC000D31ADBB21B01DAB2FB6801338A18D2B2D7
:107AD0001A707B6A7B637B6B0A211800F0F79CFBB2
:107AE00003007B627B6BDAB27B6ADBB2191C890014
:107AF000CB18DB18DBB2D31ADAB2FB681A707B6AD8
:107B00007B637B6B0A211800F0F786FB03007B6226
:107B1000FB681A787B6BD9B27B6ADBB2181C8000D9
:107B2000C318DB18DBB2CB1ADBB21B01DBB2D318F4
:107B3000DAB2FB681A70C046BD460EB0B0BDC04692
:107B400000002440CDCCCCCCCCCCEC3F0000F03FAE
:107B5000F0B58DB000AFF860B9607A603B60142476
:107B60003B190C220021180005F08AFC442008254E
:107B70004319DB191B881B0A9BB2DAB221007B1860
:107B80009A704319DB191B88DAB27B18DA707B18FC
:107B90001800FFF7F5FD0023FB626FE014257B1949
:107BA000F0221A70FB6A9B00BA6CD3181B68181C71
:107BB000F3F774FB02000B00791901310800FFF79D
:107BC0002FFEFB6A5B00FA68D3181B881B0A9BB266
:107BD000DAB27B191A71FB6A5B00FA68D3181B884A
:107BE000DAB27B195A71FB6A5B00BA68D3181B883A
:107BF0001B0A9BB2DAB27B199A71FB6A5B00BA6806
:107C0000D3181B88DAB27B19DA71FB6A9B007A6899
:107C1000D3181B682226BC19181CF0F781FC03003E
:107C2000238031007B181B881B0A9BB2DAB27B19B8
:107C30001A727B181B88DAB27B195A72FB6A9B0096
:107C40003A68D3181B682026BC19181CF0F768FC8A
:107C50000300238031007B181B881B0A9BB2DAB219
:107C60007B199A727B181B88DAB27B19DA727B193E
:107C70001800FFF785FDFB6A0133FB6244230824EB
:107C80001B19DB191B88FA6A9A4200DA86E714236B
:107C9000FB180C220021180005F0F2FB48231B19E9
:107CA000DB191B78002B0FD00323BB6208E01423E1
:107CB000FA18BB6AD3182F221A70BB6A0133BB6251
:107CC000BB6A052BF3DD0EE003237B6208E014237F
:107CD000FA187B6AD3182B221A707B6A01337B62F5
:107CE0007B6A052BF3DD1423FB181800FFF748FD12
:107CF000C046064B18685968F8F7E2FC031EF8D135
:107D0000C046C046BD460DB0F0BDC046C80000200C
:107D100080B582B000AFFB1C0D4A12781A700023A8
:107D20007B6009E00A4A7B68D3181B781800F9F7D2
:107D30001FF97B6801337B60FB1C1B7801337A6879
:107D40009A42EFDDC046C046BD4602B080BDC04687
:107D5000A865002080B500AF0F4B5A780F4B5A70C2
:107D60000D4B9A780D4B9A700B4BDA780B4BDA70FF
:107D70000A4B53221A71094B54225A71074B4D2258
:107D80009A71064B0122DA71054B0822DA7100F074
:107D900009F8C046BD4680BDA86500206865002082
:107DA00014050020B0B500AF154BDB790233DAB211
:107DB000134B1A72124BDA79124B1A70104BDB7993
:107DC0001A000F4BDB791C000E4B11001800F4F762
:107DD0003DFF03001A000B4B1A55094BDB795C1C65
:107DE000F4F748FF03001A00064B1A55044B1A7AA1
:107DF000044B11001800F9F7CDF8C046BD46B0BDE0
:107E0000140500206865002080B500AF074B0C22E8
:107E10005A70074B1800F6F7DAFC064B0822DA71A5
:107E2000FFF7C0FFC046BD4680BDC0466865002064
:107E30006A6500201405002080B500AF074B0722BB
:107E40005A70074B1800F6F791FF064B1222DA71B1
:107E5000FFF7A8FFC046BD4680BDC046686500204C
:107E60006A6500201405002080B500AF074B08228A
:107E70005A70074B1800F7F765F8064B1222DA71B3
:107E8000FFF790FFC046BD4680BDC0466865002034
:107E90006A6500201405002080B582B000AF1A4B3F
:107EA00013225A70184B41229A70174B4E22DA70E7
:107EB000154B42221A71144B53225A71124B6522F0
:107EC0009A71114B6E22DA710F4B73221A720E4B9C
:107ED0006F225A720C4B72229A720B4B7322DA7217
:107EE0000A237B607B680A2B01DD0A237B607B68A9
:107EF000DBB20233DAB2054BDA71FFF753FFC0464B
:107F0000BD4602B080BDC046686500201405002053
:107F100080B500AF084B05225A70F6F7B6FB030098
:107F20001A00054B9A70054B0322DA71FFF73AFFEE
:107F3000C046BD4680BDC0466865002014050020CF
:107F400080B500AF084B0B225A70F6F70DFC03000A
:107F50001A00054B9A70054B0322DA71FFF722FFD6
:107F6000C046BD4680BDC04668650020140500209F
:107F700080B500AF084B06225A70F6F7D0FB03001D
:107F80001A00054B9A70054B0322DA71FFF70AFFBE
:107F9000C046BD4680BDC04668650020140500206F
:107FA00090B583B000AF0E4B0A225A70BC1DF6F795
:107FB00054FE03002380BB1D1B881B0A9BB2DAB250
:107FC000074B9A70BB1D1B88DAB2054BDA70054B64
:107FD0000422DA71FFF7E6FEC046BD4603B090BD4D
:107FE000686500201405002080B500AF084B092209
:107FF0005A70F6F76FFB03001A00054B9A70054B99
:108000000322DA71FFF7CEFEC046BD4680BDC046F2
:10801000686500201405002080B586B000AF264BAF
:1080200014225A703B00254A03CA03C312781A70FF
:1080300009237B617B690F2B04DD10237B613B00EF
:108040000D22DA7302233B610023FB601AE03A0041
:10805000FB68D3181B781F2B11D93A00FB68D31883
:108060001B787E2B0BD83A00FB68D3181978124A7C
:108070003B69D3180A1C1A703B6901333B61FB68EA
:108080000133FB60FA687B699A42E0DB3B69102BA5
:1080900007DC094A3B69D3180D221A703B6901338A
:1080A0003B613B69DAB2064BDA71FFF77BFEC046F3
:1080B000BD4606B080BDC04668650020ECEC0108F6
:1080C0001405002080B500AF084B15225A70F7F751
:1080D00011F803001A00054B9A70054B0322DA7160
:1080E000FFF760FEC046BD4680BDC0466865002003
:1080F0001405002080B582B000AFFB1D054A9278C0
:108100001A70FB1D1B781800F6F7E2FFC046BD464B
:1081100002B080BDA865002080B500AF0B4B0D22DA
:108120005A70F6F7C3FC03001A00084B9A70F6F772
:10813000D2FC03001A00054BDA70054B0422DA71F9
:10814000FFF730FEC046BD4680BDC04668650020D2
:108150001405002080B500AF084B1B225A70F6F7BB
:1081600070FC03001A00054B9A70054B0322DA716C
:10817000FFF718FEC046BD4680BDC04668650020BA
:108180001405002080B500AF084B17225A70F6F78F
:10819000C7FC03001A00054B9A70054B0322DA71E5
:1081A000FFF700FEC046BD4680BDC04668650020A2
:1081B0001405002080B500AF064B02225A70054B13
:1081C00000229A70044B0322DA71FFF7EBFDC046E0
:1081D000BD4680BD686500201405002080B500AF55
:1081E0000F4B12225A70F6F72BFA03001A000C4BB1
:1081F0009A700B4B9B78012B03D10A4B01221A7406
:1082000006E0074B9B78022B02D1064B00221A7422
:10821000044B0322DA71FFF7C5FDC046BD4680BDA1
:10822000686500201405002080B500AF0F4B1D22AB
:108230005A70F6F789FF03001A000C4B9A700B4B2B
:108240009B78012B03D10A4B01225A7406E0074B9D
:108250009B78022B02D1064B00225A74044B032256
:10826000DA71FFF79FFDC046BD4680BD68650020FE
:108270001405002080B500AF084B18225A70074B38
:1082800001229A70064B0322DA71FFF78BFD044B33
:1082900001221A71C046BD4680BDC04668650020F7
:1082A0001405002080B582B000AF7860034B7A6877
:1082B0001A60C046BD4602B080BDC046646500205D
:1082C00090B585B000AF786039600F23FB180022AD
:1082D0001A7027E00F203B181B787A68D2180E24FA
:1082E0003B1912781A703B685A1E3B181B78D31A38
:1082F0001A007B689A183B181B787968CB1812789B
:108300001A703B685A1E01007B181B78D31A1A009A
:108310007B689B183A1912781A707B187A181278B1
:1083200001321A700F23FB181A783B68002B00DA11
:1083300001335B109A42CDDBC046C046BD4605B056
:1083400090BD80B584B000AF786039603B68FB6059
:108350007A680C23FB181000190004231A0005F09A
:10836000D5F87B6804211800FFF7AAFFC046BD4678
:1083700004B080BD80B584B000AF974B3E22DA7167
:10838000954BDA79954B1A70944B16225A70944B90
:108390001B681A78914B9A70914B1B6838229B5C32
:1083A0001B01D9B28E4B1B685A780E203B188A18D5
:1083B0001A708A4B3A181278DA700F23FB180022D1
:1083C0001A70874B1B6880331A685B6810001900AD
:1083D000F2F7ACFF031CBB60814B1B68803318684D
:1083E000596800227F4BF0F713F8031E05D17C4B30
:1083F0001B6839229B5C022B10D9784B42221A71E0
:10840000764BC7225A71754BFF229A71734B7D22AE
:10841000DA710F23FB1801221A7005E0BA68724B5B
:10842000111C1800FFF78DFF6D4B1B681A695B6903
:1084300010001900F2F77AFF031CBB60BA686B4B9F
:10844000111C1800FFF77DFF654B1B681A6A5B6AF9
:1084500010001900F2F76AFF031CBB60644B1B7825
:10846000002B04D10F23FB181B78002B0CD05B4B87
:1084700042221A73594BC7225A73584BFF229A73E0
:10848000564B7D22DA7305E0BA685A4B111C18006E
:10849000FFF757FF524B1B681A6B5B6B10001900FC
:1084A000F2F744FF031CBB60514B1B78002B04D137
:1084B0000F23FB181B78002B0CD0484B42221A7458
:1084C000464BC7225A74454BFF229A74434B7D2278
:1084D000DA7405E0BA68484B111C1800FFF731FF49
:1084E0003F4B1B6839229A5C3C4B1A753C4B1B680E
:1084F0003A229A5C394B5A75394B1B683B229A5C7D
:10850000364B9A75364B1B6888331A685B681000C7
:108510001900F0F71DF803009BB21B0A9BB2DAB2F8
:108520002E4BDA752E4B1B6888331A685B68100077
:108530001900F0F70DF803009BB2DAB2274B1A7658
:10854000274B1B681A6C5B6C391D0800FFF748FA53
:108550003B1D1B781B029AB23B1D5B781900204B18
:108560001B68521891B2482299523B1D1A781B4B36
:108570005A763B1D5A78194B9A76204B1B889BB232
:108580001800F2F767FE02000B00391D0800FFF724
:1085900027FA3B1D1B781B029AB23B1D5B78190022
:1085A0000F4B1B68521891B2582299523B1D1A78F2
:1085B0000A4BDA763B1D5A78084B1A77084B1B6832
:1085C0007F229B5C002B1DD10D4B1A685B68391D07
:1085D0000800FFF705FA1CE014050020686500207C
:1085E0006465002000002E406C650020706500204E
:1085F000F06500207465002078650020E8650020A3
:10860000380200207D4B1A685B68391D0800FFF7AF
:10861000E7F93B1D1B781B029AB23B1D5B781900E2
:10862000774B1B68521891B2682299523B1D1A78F9
:10863000744B5A773B1D5A78724B9A77704B196876
:10864000714B1A685B6890310A604B606C4B1B6819
:1086500090331A685B6810001900EFF779FF030088
:108660009BB21B0A9BB2DAB2664BDA77644B1B688B
:1086700090331A685B6810001900EFF769FF030078
:108680009BB2D9B25F4B202299545D4B1A685C4B68
:108690001B686E21515A70229952594B1B685B4AD4
:1086A000128891B270229952554B1B68584A128811
:1086B00091B270229952524B1B6870229B5A1B0A2E
:1086C0009BB2D9B24F4B212299544D4B1B6870225B
:1086D0009B5AD9B24B4B22229954494B1A68484BAA
:1086E0001B687221515A74229952454B1B6874229F
:1086F0009B5A1B0A9BB2D9B2424B23229954404B3E
:108700001B6874229B5AD9B23E4B24229954414B88
:108710001A683B4B1B6891B278229952384B1B6800
:1087200078229B5A1B0A9BB2D9B2364B2522995408
:10873000334B1B6878229B5AD9B2324B262299546C
:108740002F4B1A682E4B1B687A21515A7C22995262
:108750002B4B1B687C229B5A1B0A9BB2D9B2294B1C
:1087600027229954264B1B687C229B5AD9B2254B51
:1087700028229954224B1B687E22995C214B292286
:1087800099541F4B1B689A6ADB6A10001900F2F7B4
:10879000CDFD031CBB60204B1B78002B04D10F23A5
:1087A000FB181B78002B10D0164B2A22422199541B
:1087B000144B2B22C7219954124B2C22FF21995480
:1087C000104B2D227D21995405E0BA68134B111CE2
:1087D0001800FFF7B6FD0A4B1A68114BDB79013B15
:1087E0007F21515C074AD154FFF7DCFA0C4B002281
:1087F0001A71C046BD4604B080BDC0464802002084
:10880000646500206865002038020020E6650020CD
:10881000E4650020EC650020F065002092650020F2
:108820001405002080B500AF024B1B791800BD462F
:1088300080BDC0461405002080B582B000AFFB1D8E
:108840000A4A92781A70FB1D1B78012B03D1012074
:10885000F5F7E6FE06E0FB1D1B78022B02D1022095
:10886000F5F7DEFEC046BD4602B080BDA86500201B
:1088700080B582B000AFFB1D0B4A92781A70FB1DC9
:108880001B78012B03D10120F6F712FC06E0FB1D3B
:108890001B78022B02D10220F6F70AFC00F0F4F854
:1088A000C046BD4602B080BDA865002080B582B03C
:1088B00000AFFB1D094A92781A70FB1D1B78002B34
:1088C00008D0FB1D1B78082B04D8FB1D1B78180053
:1088D000F5F7CBFEC046BD4602B080BDA8650020BE
:1088E00080B582B000AFFB1D0B4A92781A70FB1D59
:1088F0001B78092B03D80020F5F7DCFE08E0FB1DF0
:108900001B78F02B04D8FB1D1B781800F5F7D2FE5E
:10891000C046BD4602B080BDA865002080B582B0CB
:1089200000AF78607B68DBB21800F5F7E8FEC04660
:10893000BD4602B080BD000080B500AF054B9A78FF
:10894000044BDB7819001000F6F75EF9C046BD460F
:1089500080BDC046A865002080B500AF034B18005D
:10896000F5F717FFC046BD4680BDC046AA6500208A
:1089700080B582B000AFFB1D0A4A92781A70FB1DC9
:108980001B78012B03D10120F6F74BF806E0FB1D05
:108990001B78022B02D10220F6F743F8C046BD46F1
:1089A00002B080BDA865002080B582B000AFFB1D7D
:1089B0000A4A92781A70BB1D084AD2781A70FB1DB9
:1089C0001B781800F6F752F8BB1D1B781800F6F755
:1089D0005DF8C046BD4602B080BDC046A865002017
:1089E00080B500AF034B9B781800F6F7ABFFC0468D
:1089F000BD4680BDA865002080B500AF034B9B78C5
:108A00001800F6F7B3FFC046BD4680BDA86500203C
:108A100080B500AF034B9B781800F6F7B9FFC0464E
:108A2000BD4680BDA865002080B500AF034B9B7894
:108A30001800F6F7BFFFC046BD4680BDA865002000
:108A400080B500AF034B1800F6F73FF9C046BD46AE
:108A500080BDC046AA65002080B500AF034B18005A
:108A6000F6F74EF9C046BD4680BDC046AA65002057
:108A700080B500AF034B1800F6F72EFAC046BD468E
:108A800080BDC046AA65002090B583B000AFFC1D34
:108A9000F6F75AFB03002370FB1D1B78012B03D153
:108AA000054B01225A7402E0034B00225A74C0465F
:108AB000BD4603B090BDC0461405002080B582B00D
:108AC00000AF0C4B9B787B607B68DBB21800F6F73D
:108AD00017FF7B68012B02D1074B0B221A707B68B2
:108AE000022B02D1044B0D221A70C046BD4602B0C3
:108AF00080BDC046A86500207602002080B500AF8A
:108B0000034B9B781800F6F70DFFC046BD4680BDAD
:108B1000A865002080B500AF084B1E225A70F7F7F9
:108B2000A5F803001A00054B9A70054B0322DA7171
:108B3000FFF738F9C046BD4680BDC04668650020D5
:108B40001405002080B500AF084B2F225A70F6F7AD
:108B50009BFF03001A00054B9A70054B0322DA7144
:108B6000FFF720F9C046BD4680BDC04668650020BD
:108B70001405002080B500AF0B4B1A695B6910002B
:108B80001900F2F7D3FB021C084B111C1800FFF769
:108B9000D8FB074B10225A70064B0622DA71FFF7FA
:108BA00001F9C046BD4680BD300900206A6500203D
:108BB000686500201405002090B583B000AFFC1D4F
:108BC0002623FF331800F7F733FB03002370FB1D48
:108BD0001B781800FCF76CFB03003B60FB1D1B7847
:108BE000022B09D13B681800FCF7AAFD02000B001C
:108BF0000C490A614B6108E03B681800FCF7DAFB9E
:108C000002000B0007490A614B61064B1A695B6958
:108C100010001900F2F78AFB031C181CBD4603B0B4
:108C200090BDC0463009002080B500AF0A4B11222C
:108C30005A7001210120FDF7AFFE03001A00064B18
:108C40009A70064B0322DA71FFF7ACF8044B01224D
:108C50001A70C046BD4680BD68650020140500201E
:108C6000D565002080B500AF084B2E225A70F7F76B
:108C7000F3F803001A00054B9A70054B0322DA71D2
:108C8000FFF790F8C046BD4680BDC046686500202D
:108C90001405002080B586B000AF1723FB18002212
:108CA0001A701623FB1800221A703B001800F7F701
:108CB00017F900233B6110E03A003B69D3181A789A
:108CC0003969224BCB181B789A4203D01623FB1824
:108CD00001221A703B6901333B613B69072BEBD9D9
:108CE0001623FB181B78002B07D0184B1800F7F73A
:108CF0001EF91723FB18FF221A70154B33225A70E6
:108D0000134B1722BA1812789A70D0235800FF23F9
:108D1000FF220021F7F736F903001A000C4BDA7036
:108D2000A223FF331800FF23FF220021F7F72AF9BF
:108D300003001A00064B1A71064B0522DA71FFF781
:108D400031F8C046BD4606B080BDC046ECEC010817
:108D5000686500201405002080B500AF084B342260
:108D60005A70F6F7A7FE03001A00054B9A70054BE0
:108D70000322DA71FFF716F8C046BD4680BDC04633
:108D8000686500201405002080B500AF084B36222E
:108D90005A70F6F7A7FE03001A00054B9A70054BB0
:108DA0000322DA71FEF7FEFFC046BD4680BDC04615
:108DB000686500201405002080B500AF084B3722FD
:108DC0005A70F6F7A5FE03001A00054B9A70054B82
:108DD0000322DA71FEF7E6FFC046BD4680BDC046FD
:108DE000686500201405002080B500AF084B3822CC
:108DF0005A70F6F7A3FE03001A00054B9A70054B54
:108E00000322DA71FEF7CEFFC046BD4680BDC046E4
:108E100068650020140500200D488546FAF798FC87
:108E20000C480D490D4A002302E0D458C4500433C5
:108E3000C4188C42F9D30A4A0A4C002301E013609B
:108E40000432A242FBD304F03BFBF7F74FFCFEE7F2
:108E50000090002000000020E802002058EF0108E8
:108E6000E802002040670020FEE7000080B582B0E5
:108E700000AFFB1D00221A700B4B1A680A4B8021B1
:108E800049000A431A60002000F010F8031E03D0C6
:108E9000FB1D01221A7001E0F9F74EFDFB1D1B7846
:108EA0001800BD4602B080BD0020024090B585B0DC
:108EB00000AF78600F23FB1800221A701D4B1B783F
:108EC000002B2BD01C4B1C681A4B1B781900FA2363
:108ED0009800EFF717F9030019002000EFF712F9D7
:108EE0000300180000F03DF9031E12D17B68032B2C
:108EF0000AD8796801235B420022180000F00CF9BF
:108F00000E4B7A681A600DE00F23FB1801221A70CD
:108F100008E00F23FB1801221A7003E00F23FB184F
:108F200001221A700F23FB181B781800BD4605B0EC
:108F300090BDC046800200203C0100207C02002041
:108F400080B500AF054B1B781A00054B1B68D21883
:108F5000034B1A60C046BD4680BDC046800200205B
:108F6000F465002080B500AF024B1B681800BD46B9
:108F700080BDC046F465002080B584B000AF786045
:108F8000FFF7F0FF0300BB607B68FB60FB68013309
:108F900005D00A4B1B781A00FB689B18FB60C04683
:108FA000FFF7E0FF0200BB68D31AFA689A42F7D8CD
:108FB000C046C046BD4604B080BDC0468002002009
:108FC00080B582B000AF0200FB1D1A70FB1D1B783C
:108FD0007F2B09D8FB1D1B781A001F231A40044B56
:108FE000012191400A001A60C046BD4602B080BD12
:108FF00000E100E090B583B000AF02003960FB1DD6
:109000001A70FB1D1B787F2B28D82F4AFB1D1B785D
:109010005BB29B08C0339B009B58FA1D127811006D
:1090200003220A40D200FF2191400A00D2431A4095
:1090300011003B689B01FF221A40FB1D1B781800A2
:1090400003230340DB009A401F48FB1D1B785BB2E3
:109050009B080A43C0339B001A5031E01B4AFB1D9A
:109060001B7819000F230B40083B9B0806339B001D
:10907000D31804331B68FA1D1278110003220A402A
:10908000D200FF2191400A00D2431A4011003B68F0
:109090009B01FF221A40FB1D1B781800032303408D
:1090A000DB009A400948FB1D1B781C000F2323405E
:1090B000083B9B080A4306339B00C31804331A601D
:1090C000C046BD4603B090BD00E100E000ED00E009
:1090D00080B582B000AF78607B685A1E80235B0445
:1090E0009A4201D3012310E00A4B7A68013A5A6090
:1090F00001235B4203211800FFF77CFF054B002290
:109100009A60044B07221A6000231800BD4602B083
:1091100080BDC04610E000E080B584B000AFB9600B
:109120007A600F217B18021C1A70BA687B181B78B2
:109130005BB211001800FFF75DFFC046BD4604B0EA
:1091400080BD80B582B000AF0200FB1D1A70FB1D10
:109150001B785BB21800FFF733FFC046BD4602B074
:1091600080BD80B582B000AF78607B681800FFF7E3
:10917000AFFF03001800BD4602B080BD80B582B0CD
:1091800000AF78607B68002B01D1012377E07B681A
:109190001B683D4A9446634414211800EEF7B2FF61
:1091A00003009A007B681A647B6825220221995487
:1091B0007B681B681A687B681B6834490A401A6020
:1091C0007B681B6819687B689A687B68DB681A4350
:1091D0007B681B691A437B685B691A437B689B69E0
:1091E0001A437B68DB691A437B681B6A1A437B68F6
:1091F0001B680A431A607B68180000F08DFA7B68D0
:109200009A688023DB019A4202D17B6800225A606F
:109210007B685A687B685B6C3F210A401A607B68F8
:109220009B6C7A68D26C5A607B685B68002B11D0AB
:109230007B685B68042B0DD87B68180000F098FAF7
:109240007B681B6D00221A607B685B6D7A68926D8B
:109250005A6008E07B6800221A657B6800225A6524
:109260007B6800229A657B680022DA637B6825228E
:10927000012199547B68242200219954002318006D
:10928000BD4602B080BDC046F8FFFDBF0F80FFFFA6
:1092900080B586B000AFF860B9607A603B60172394
:1092A000FB1800221A70FB6824229B5C012B01D161
:1092B00002236FE0FB68242201219954FB682522D8
:1092C0009B5CDBB2012B57D1FB682522022199540C
:1092D000FB680022DA63FB681B681A68FB681B687E
:1092E00001218A431A603B687A68B968F86800F01F
:1092F000D3F9FB681B6B002B08D0FB681B681A684E
:10930000FB681B680E210A431A600FE0FB681B68AC
:109310001A68FB681B6804218A431A60FB681B6893
:109320001A68FB681B680A210A431A60FB685B6CB9
:109330001A6880235B02134008D0FB685B6C1A68D4
:10934000FB685B6C802149000A431A60FB681B6D57
:10935000002B08D0FB681B6D1A68FB681B6D802111
:1093600049000A431A60FB681B681A68FB681B689F
:1093700001210A431A600AE0FB688022DA63FB6875
:109380002422002199541723FB1801221A70172355
:10939000FB181B781800BD4606B080BD80B582B0B2
:1093A00000AF78607B68002B01D1012350E07B681F
:1093B00025229B5CDBB2022B08D07B680422DA6397
:1093C0007B68242200219954012341E07B681B68BB
:1093D0001A687B681B680E218A431A607B685B6C85
:1093E0001A687B685B6C1C490A401A607B681B68C2
:1093F0001A687B681B6801218A431A60174B5968F9
:109400007B681B6C1C22134001229A40134B0A43B9
:109410005A607B689B6C7A68D26C5A607B681B6D63
:10942000002B0CD07B681B6D1A687B681B6D0A498A
:109430000A401A607B685B6D7A68926D5A607B683F
:109440002522012199547B6824220021995400236C
:109450001800BD4602B080BDFFFEFFFF00000240C5
:1094600080B584B000AF78600F217B1800221A709D
:109470007B6825229B5CDBB2022B06D07B68042232
:10948000DA637B1801221A7049E07B681B681A684E
:109490007B681B680E218A431A607B681B681A6808
:1094A0007B681B6801218A431A607B685B6C1A68C1
:1094B0007B685B6C1D490A401A601D4B59687B68CC
:1094C0001B6C1C22134001229A40194B0A435A601C
:1094D0007B689B6C7A68D26C5A607B681B6D002B32
:1094E0000CD07B681B6D1A687B681B6D0F490A40A6
:1094F0001A607B685B6D7A68926D5A607B68252282
:10950000012199547B682422002199547B689B6B2C
:10951000002B04D07B689B6B7A68100098470F2360
:10952000FB181B781800BD4604B080BDFFFEFFFF8E
:109530000000024080B584B000AF7860554B1B68D6
:10954000FB607B681B681B68BB607B681B6C1C2214
:10955000134004229A401300FA68134027D0BB68D6
:109560000422134023D07B681B681B682022134011
:1095700007D17B681B681A687B681B6804218A43D3
:109580001A60444B59687B681B6C1C2213400422F0
:109590009A40404B0A435A607B681B6B002B00D1FA
:1095A00073E07B681B6B7A68100098476DE07B68FE
:1095B0001B6C1C22134002229A401300FA681340CD
:1095C0002ED0BB68022213402AD07B681B681B6820
:1095D000202213400BD17B681B681A687B681B68CC
:1095E0000A218A431A607B68252201219954294B5C
:1095F00059687B681B6C1C22134002229A40254B41
:109600000A435A607B682422002199547B68DB6AF4
:10961000002B3AD07B68DB6A7A681000984734E008
:109620007B681B6C1C22134008229A401300FA68C6
:1096300013402BD0BB680822134027D07B681B68DF
:109640001A687B681B680E218A431A60114B59689F
:109650007B681B6C1C22134001229A400D4B0A436D
:109660005A607B680122DA637B68252201219954C4
:109670007B682422002199547B685B6B002B05D00A
:109680007B685B6B7A6810009847C046C046BD4651
:1096900004B080BD0000024080B584B000AFF86027
:1096A000B9607A603B60FB689B6CFA68D26C5A6068
:1096B000FB681B6D002B04D0FB685B6DFA68926D34
:1096C0005A60144B5968FB681B6C1C221340012222
:1096D0009A40104B0A435A60FB681B683A685A600C
:1096E000FB689B68102B08D1FB681B687A689A603E
:1096F000FB681B68BA68DA6007E0FB681B68BA6839
:109700009A60FB681B687A68DA60C046BD4604B0A0
:1097100080BDC0460000024080B584B000AF7860D4
:109720007B681B6C9B08104A944663449B001A009C
:109730007B685A647B681B681A00FF231340083B50
:1097400014211800EEF7DEFC0300FB607B68074A7B
:109750009A64FB681F22134001229A407B68DA64F6
:10976000C046BD4604B080BD0082001080080240A3
:1097700080B584B000AF78607B685B683F2213409F
:10978000FB60FB680A4A944663449B001A007B68AE
:109790001A657B68074A5A65FB68013B0322134040
:1097A00001229A407B689A65C046BD4604B080BDE0
:1097B0003F8200104009024080B586B000AF78605B
:1097C000396000237B6147E13B681B6801217A69AE
:1097D00091400A001340FB60FB68002B00D138E188
:1097E0003B685B6803221340012B05D03B685B6834
:1097F00003221340022B30D17B689B683B617B695D
:109800005B0003229A401300DA433B6913403B613B
:109810003B68DA687B695B009A4013003A6913433E
:109820003B617B683A699A607B685B683B610122B7
:109830007B699A401300DA433B6913403B613B6804
:109840005B681B0901221A407B699A4013003A6940
:1098500013433B617B683A695A603B685B6803224B
:109860001340032B17D07B68DB683B617B695B008F
:1098700003229A401300DA433B6913403B613B6883
:109880009A687B695B009A4013003A6913433B6115
:109890007B683A69DA603B685B6803221340022BFD
:1098A00023D17B69DA087B6808329200D3583B6188
:1098B0007B69072213409B000F229A401300DA4372
:1098C0003B6913403B613B681A697B6907210B4088
:1098D0009B009A4013003A6913433B617B69DA08A5
:1098E0007B68083292003969D1507B681B683B6104
:1098F0007B695B0003229A401300DA433B69134003
:109900003B613B685B6803221A407B695B009A40BD
:1099100013003A6913433B617B683A691A603B68FC
:109920005A68C0239B02134000D192E0504A7B69E1
:109930009B0818339B009B583B617B6903221340B3
:10994000DB000F229A401300DA433B6913403B616E
:109950007A68A023DB059A4213D07B68454A93427C
:109960000DD07B68444A934207D07B68434A9342B8
:1099700001D1032306E0052304E0022302E00123D2
:1099800000E000237A6903210A40D20093403A693B
:1099900013433B6136497B699B0818339B003A6946
:1099A0005A50334B1B683B61FB68DA433B691340F9
:1099B0003B613B685A6880235B03134003D03A69DC
:1099C000FB6813433B612A4B3A691A60284B5B687A
:1099D0003B61FB68DA433B6913403B613B685A6873
:1099E00080239B03134003D03A69FB6813433B6118
:1099F0001F4B3A695A601E4A8423D3583B61FB6867
:109A0000DA433B6913403B613B685A6880239B0201
:109A1000134003D03A69FB6813433B611449842225
:109A20003B698B50124A8023D3583B61FB68DA4371
:109A30003B6913403B613B685A6880235B021340DB
:109A400003D03A69FB6813433B61094980223B69B3
:109A50008B507B6901337B613B681A687B69DA4014
:109A6000131E00D0B0E6C046C046BD4606B080BD5D
:109A7000001802400004005000080050000C005084
:109A800080B584B000AF78600A00BB1C1A807B6888
:109A90001B69BA1C1288134004D00F23FB18012243
:109AA0001A7003E00F23FB1800221A700F23FB1813
:109AB0001B781800BD4604B080BD80B582B000AFF1
:109AC000786008001100BB1C021C1A807B1C0A1C59
:109AD0001A707B1C1B78002B04D0BB1C1A887B6877
:109AE0009A6103E0BB1C1A887B689A62C046BD4637
:109AF00002B080BD80B582B000AF78607B68002B7B
:109B000001D1012382E07B6841229B5CDBB2002B08
:109B100007D17B684022002199547B681800F8F730
:109B20002FFF7B684122242199547B681B681A68A7
:109B30007B681B6801218A431A607B685A687B68CE
:109B40001B6834490A401A617B681B689A687B6805
:109B50001B6831490A409A607B68DB68012B08D199
:109B60007B689A687B681B68802109020A439A60B7
:109B700007E07B689A687B681B68842109020A43B6
:109B80009A607B68DB68022B04D17B681B688022AB
:109B900012015A607B681B685A687B681B681F4902
:109BA0000A435A607B681B68DA687B681B681A493D
:109BB0000A40DA607B681A697B685B691A431100A6
:109BC0007B689B691A027B681B680A43DA607B68C2
:109BD000D9697B681A6A7B681B680A431A607B68CC
:109BE0001B681A687B681B6801210A431A607B683E
:109BF00000225A647B684122202199547B6800220C
:109C00001A637B6842220021995400231800BD4644
:109C100002B080BDFFFFFFF0FF7FFFFF008000026A
:109C200080B582B000AF786039607B6841229B5C70
:109C3000DBB2202B38D17B6840229B5C012B01D109
:109C4000022332E07B684022012199547B68412243
:109C5000242199547B681B681A687B681B68012162
:109C60008A431A607B681B681A687B681B68114905
:109C70000A401A607B681B6819687B681B683A6831
:109C80000A431A607B681B681A687B681B6801219D
:109C90000A431A607B684122202199547B68402244
:109CA00000219954002300E002231800BD4602B0B1
:109CB00080BDC046FFEFFFFF80B584B000AF786085
:109CC00039607B6841229B5CDBB2202B39D17B68F9
:109CD00040229B5C012B01D1022333E07B684022B0
:109CE000012199547B684122242199547B681B6887
:109CF0001A687B681B6801218A431A607B681B68AD
:109D00001B68FB60FB68114A1340FB603B681B0249
:109D1000FA681343FB607B681B68FA681A607B680B
:109D20001B681A687B681B6801210A431A607B68FC
:109D30004122202199547B6840220021995400231C
:109D400000E002231800BD4604B080BDFFF0FFFF15
:109D500080B500AF044B1A68034B802149000A43C9
:109D60001A60C046BD4680BD0070004080B584B01A
:109D700000AF7860194B1B68194A13401900174B44
:109D80007A680A431A607A6880239B009A421FD13E
:109D9000144B1A6813005B009B185B0012491800F3
:109DA000EEF7B0F903000133FB6008E0FB68002B1D
:109DB00003D0FB68013BFB6001E0032309E0074B94
:109DC0005A698023DB001A408023DB009A42EDD0E1
:109DD00000231800BD4604B080BDC046007000409E
:109DE000FFF9FFFF3C01002040420F0080B500AFAB
:109DF000034B9A68E023DB0113401800BD4680BD89
:109E00000010024080B588B000AF78607B68002BFE
:109E100001D10123FEE27B681B680122134000D1BF
:109E20007CE0C34B9B6838221340BB61C04BDB68AE
:109E3000032213407B61BB69102B02D17B69032B8A
:109E400002D0BB69082B0BD1B94B1A6880239B0247
:109E5000134062D07B685B68002B5ED10123D9E29E
:109E60007B685A6880235B029A4207D1B04B1A681C
:109E7000AF4B802149020A431A6020E07B685A6890
:109E8000A023DB029A420ED1A94B1A68A84B80216D
:109E9000C9020A431A60A64B1A68A54B80214902E1
:109EA0000A431A600BE0A24B1A68A14BA1490A4071
:109EB0001A609F4B1A689E4B9F490A401A607B6844
:109EC0005B68002B14D0FFF74DF803003B6108E0FE
:109ED000FFF748F802003B69D31A642B01D903232A
:109EE00098E2934B1A6880239B021340F0D015E050
:109EF000FFF738F803003B6108E0FFF733F8020092
:109F00003B69D31A642B01D9032383E2884B1A6877
:109F100080239B021340F0D100E0C0467B681B68A1
:109F20000222134000D199E0814B9B6838221340F4
:109F3000BB617F4BDB68032213407B61BB69102B45
:109F400002D17B69022B02D0BB69002B35D1784B43
:109F50001A688023DB00134005D07B68DB68002B88
:109F600001D1012356E2724B5B68744A1340190019
:109F70007B685B691A026E4B0A435A60BB69002B0F
:109F800012D16B4B1B686E4A134019007B681A692B
:109F9000674B0A431A60664B1B68DB0A07221340B3
:109FA000684ADA40684B1A60684B1B681800FEF775
:109FB0007DFF031E51D001232CE27B68DB68002B60
:109FC00030D05B4B1B685E4A134019007B681A69EE
:109FD000574B0A431A60564B1A68554B802149006B
:109FE0000A431A60FEF7BEFF03003B6108E0FEF77C
:109FF000B9FF02003B69D31A022B01D9032309E2FE
:10A000004B4B1A688023DB001340F0D0484B5B6851
:10A010004A4A134019007B685B691A02444B0A43A1
:10A020005A601BE0424B1A68414B49490A401A608A
:10A03000FEF798FF03003B6108E0FEF793FF020084
:10A040003B69D31A022B01D90323E3E1384B1A6889
:10A050008023DB001340F0D100E0C0467B681B6822
:10A060000822134047D0324B9B6838221340182BEC
:10A070000AD12F4B1B6E022213403CD07B689B6998
:10A08000002B38D10123C5E17B689B69002B19D0D7
:10A09000274B1A6E264B01210A431A66FEF762FF10
:10A0A00003003B6108E0FEF75DFF02003B69D31A45
:10A0B000022B01D90323ADE11D4B1B6E022213407D
:10A0C000F1D018E01A4B1A6E194B01218A431A6617
:10A0D000FEF748FF03003B6108E0FEF743FF020084
:10A0E0003B69D31A022B01D9032393E1104B1B6E5A
:10A0F00002221340F1D17B681B680422134000D177
:10A10000C6E01F23FB1800221A70094B9B683822F7
:10A110001340202B1ED1064BDB6D0222134000D1D1
:10A12000B6E07B689B68002B00D0B1E0012371E1B1
:10A1300000100240FFFFFEFFFFFFFBFFFF80FFFF5D
:10A14000FFC7FFFF0024F4003C0100207C02002038
:10A15000FFFEFFFFB14BDA6B80235B05134001D19B
:10A16000012300E00023002B11D0AC4BDA6BAB4B8A
:10A17000802149050A43DA63A84BDA6B80235B052B
:10A180001340FB60FB681F23FB1801221A70A44BCD
:10A190001A6880235B0013401AD1A14B1A68A04BA8
:10A1A000802149000A431A60FEF7DCFE03003B6190
:10A1B00008E0FEF7D7FE02003B69D31A022B01D953
:10A1C000032327E1964B1A6880235B001340F0D0ED
:10A1D0007B689B68012B06D1904BDA6D8F4B012178
:10A1E0000A43DA651CE07B689B68052B0CD18B4B1E
:10A1F000DA6D8A4B04210A43DA65884BDA6D874BA6
:10A2000001210A43DA650BE0844BDA6D834B0121AF
:10A210008A43DA65814BDA6D804B04218A43DA6523
:10A220007B689B68002B14D0FEF79CFE03003B610B
:10A2300009E0FEF797FE02003B69D31A794A934280
:10A2400001D90323E6E0754BDB6D02221340F0D009
:10A2500013E0FEF787FE03003B6109E0FEF782FE94
:10A2600002003B69D31A6F4A934201D90323D1E01C
:10A270006A4BDB6D02221340F0D11F23FB181B78C1
:10A28000012B05D1654BDA6B644B67490A40DA63F1
:10A290007B68DB69002B00D1BBE0604B9B683822F8
:10A2A0001340102B00D17BE07B68DB69022B56D179
:10A2B0005A4B1A68594B5D490A401A60FEF752FE24
:10A2C00003003B6108E0FEF74DFE02003B69D31A34
:10A2D000022B01D903239DE0504B1A6880239B0475
:10A2E0001340F0D14D4BDB68514A134019007B6895
:10A2F0001A6A7B685B6A1A437B689B6A1B021A4373
:10A300007B68DB6A1A437B681B6B1A437B685B6B59
:10A310001A43424B0A43DA60404B1A683F4B802194
:10A3200049040A431A603D4BDA683C4B80214905D9
:10A330000A43DA60FEF716FE03003B6108E0FEF711
:10A3400011FE02003B69D31A022B01D9032361E0FD
:10A35000324B1A6880239B041340F0D059E02F4BF6
:10A360001A682E4B31490A401A60FEF7FBFD0300C4
:10A370003B6108E0FEF7F6FD02003B69D31A022BB1
:10A3800001D9032346E0254B1A6880239B04134020
:10A39000F0D1224BDA68214B26490A40DA6038E0D6
:10A3A0007B68DB69012B01D1012333E01B4BDB68A8
:10A3B0007B617B6903221A407B681B6A9A4226D123
:10A3C0007B6970221A407B685B6A9A421FD17A6966
:10A3D000FE23DB011A407B689B6A1B029A4216D15E
:10A3E0007A69F8239B031A407B68DB6A9A420ED194
:10A3F0007A69E0231B051A407B681B6B9A4206D1E1
:10A400007B695B0F5A077B685B6B9A4201D0012323
:10A4100000E000231800BD4608B080BD00100240D7
:10A420000070004088130000FFFFFFEFFFFFFFFEFA
:10A430008C80C111FCFFFEEE80B584B000AF786067
:10A4400039607B68002B01D10123E9E0764B1B6862
:10A45000072213403A689A421ED9734B1B680722A1
:10A4600093431900704B3A680A431A60FEF77AFD6D
:10A470000300FB6009E0FEF775FD0200FB68D31ADC
:10A480006A4A934201D90323CAE0674B1B6807223B
:10A4900013403A689A42EED17B681B68022213404F
:10A4A00015D07B681B680422134006D0604B9A6865
:10A4B0005F4BE021C9010A439A605D4B9B685D4A8E
:10A4C000134019007B689A68594B0A439A607B686D
:10A4D0001B680122134057D07B685B68012B07D1B2
:10A4E000534B1A6880239B0213402BD1012397E022
:10A4F0007B685B68022B07D14D4B1A6880239B0455
:10A5000013401FD101238BE07B685B68002B07D1D0
:10A51000474B1A688023DB00134013D101237FE0EF
:10A520007B685B68032B06D1414B1B6E02221340F4
:10A5300008D1012374E03E4BDB6D0222134001D1B0
:10A5400001236DE03A4B9B680722934319007B6817
:10A550005A68374B0A439A60FEF704FD0300FB601C
:10A5600009E0FEF7FFFC0200FB68D31A2F4A934272
:10A5700001D9032354E02E4B9B6838221A407B6894
:10A580005B68DB009A42ECD1274B1B680722134023
:10A590003A689A421ED2244B1B6807229343190043
:10A5A000214B3A680A431A60FEF7DCFC0300FB60AB
:10A5B00009E0FEF7D7FC0200FB68D31A1B4A93425E
:10A5C00001D903232CE0184B1B68072213403A687B
:10A5D0009A42EED17B681B680422134009D0144BC9
:10A5E0009B68154A134019007B68DA68104B0A43D0
:10A5F0009A6000F029F801000D4B9B681B0A0F229E
:10A600001A400E4B9200D3581F2213400A00DA4022
:10A610000B4B1A600B4B1B681800FEF747FC03003E
:10A620001800BD4604B080BD002002408813000021
:10A6300000100240FFF0FFFFFF8FFFFF34EE010824
:10A640003C0100207C02002080B586B000AF3C4B6E
:10A650009B68382213400FD1394B1B68DB0A072255
:10A66000134001229A4013003B6039683548EDF7EA
:10A6700049FD03003B615DE0314B9B68382213408C
:10A68000082B02D1304B3B6154E02D4B9B683822A4
:10A690001340102B38D12A4BDB6803221340FB6098
:10A6A000274BDB681B09072213400133BB60FB68A3
:10A6B000032B0DD1B9682448EDF724FD03001900E0
:10A6C0001F4BDB681B0A7F2213404B437B610DE06D
:10A6D000B9681C48EDF716FD03001900184BDB683C
:10A6E0001B0A7F2213404B437B61C046144BDB683F
:10A6F0005B0F0722134001337B6079687869EDF7BF
:10A7000001FD03003B6115E00D4B9B6838221340AF
:10A71000202B03D180231B023B610BE0084B9B687D
:10A7200038221340182B03D1FA23DB013B6101E0EF
:10A7300000233B613B691800BD4606B080BDC046A2
:10A74000001002400024F40000127A0080B500AF2F
:10A75000024B1B681800BD4680BDC0463C0100206E
:10A76000B0B500AFFFF7F2FF0400FFF73FFB0300B7
:10A770001A0B054B9200D3581F221340DC402300D4
:10A780001800BD46B0BDC04674EE010880B586B065
:10A7900000AF78601323FB1800221A701223FB18F5
:10A7A00000221A707B681A6880239B02134000D134
:10A7B000A3E011203B1800221A70C34BDA6B8023F0
:10A7C0005B05134010D1C04BDA6BBF4B80214905AC
:10A7D0000A43DA63BC4BDA6B80235B051340BB6032
:10A7E000BB683B1801221A70B84B1A68B74B80211E
:10A7F00049000A431A60FEF7B5FB0300FB600BE05B
:10A80000FEF7B0FB0200FB68D31A022B04D9132316
:10A81000FB1803221A7005E0AC4B1A6880235B001A
:10A820001340EDD01323FB181B78002B54D1A64BFB
:10A83000DA6DC0239B0013407B617B69002B19D02C
:10A840007B681B6B7A699A4214D09F4BDB6DA04AE0
:10A8500013407B619C4BDA6D9B4B802149020A437C
:10A86000DA65994BDA6D984B9A490A40DA65964B4E
:10A870007A69DA657B690122134016D0FEF772FB14
:10A880000300FB600CE0FEF76DFB0200FB68D31ACF
:10A89000914A934204D91323FB1803221A7004E04F
:10A8A000894BDB6D02221340EDD01323FB181B787C
:10A8B000002B0AD1844BDB6D854A134019007B685D
:10A8C0001A6B814B0A43DA650CE01223FB18132242
:10A8D000BA1812781A7005E01223FB181322BA185E
:10A8E00012781A701123FB181B78012B05D1764BB7
:10A8F000DA6B754B79490A40DA637B681B68012281
:10A90000134009D0704B5B6D0322934319007B68A1
:10A910005A686D4B0A435A657B681B6802221340D4
:10A9200009D0694B5B6D0C22934319007B689A68D0
:10A93000654B0A435A657B681B681022134009D097
:10A94000614B5B6D664A134019007B68DA685E4BA9
:10A950000A435A657B681A6880239B00134009D01C
:10A96000594B5B6D5F4A134019007B689A69564BDF
:10A970000A435A657B681A688023DB00134009D0BC
:10A98000514B5B6D584A134019007B68DA694E4B96
:10A990000A435A657B681B682022134009D04A4B42
:10A9A0005B6D524A134019007B681A69464B0A4393
:10A9B0005A657B681A688023DB01134015D0424B2F
:10A9C0005B6D9B0099087B681A6A3F4B0A435A6586
:10A9D0007B681A6A8023DB059A4206D13A4BDA6813
:10A9E000394B802149020A43DA607B681A68802368
:10A9F0001B03134009D0344B5B6D40229343190075
:10AA00007B685A6A304B0A435A657B681A68802310
:10AA10009B03134016D02C4B5B6D354A1340190035
:10AA20007B689A6A284B0A435A657B689A6A802336
:10AA3000DB039A4206D1244BDA68234B8021490478
:10AA40000A43DA607B681A688023DB03134016D060
:10AA50001D4B5B6D274A134019007B68DA6A1A4B5D
:10AA60000A435A657B68DA6A80235B049A4206D1FE
:10AA7000154BDA68144B802149040A43DA607B687D
:10AA80001A6880231B01134016D00F4B5B6D1A4AC6
:10AA9000134019007B685A690B4B0A435A657B685F
:10AAA0005A698023DB019A4206D1074BDA68064BCC
:10AAB000802149020A43DA601223FB181B78180030
:10AAC000BD4606B080BDC046001002400070004088
:10AAD000FFFCFFFFFFFFFEFF88130000FFFFFFEFFB
:10AAE000FFF3FFFFFFFFF3FFFFFFCFFFFFCFFFFFEE
:10AAF000FFFFBFFFFFFFFFFEFF3FFFFFB0B584B0CA
:10AB000000AF78600F23FB1801221A707B68002BBE
:10AB100000D18CE07B6829229B5CDBB2002B0BD13F
:10AB20007B682822002199547B68882212025A608F
:10AB30007B681800F7F786FF7B6829220221995469
:10AB40007B681B68DB6810221340102B62D07B6887
:10AB50001B68CA225A627B681B6853225A620F25FF
:10AB60007C197B68180000F092F80300237028001D
:10AB70003B181B78002B2CD17B681B689A697B687B
:10AB80001B682E490A409A617B681B6899697B683B
:10AB90009A687B685B691A437B68DB691A437B6848
:10ABA0001B680A439A617B681B687A6812691A619C
:10ABB0007B681B6819697B68DB681A047B681B6803
:10ABC0000A431A613C187B68180000F0A3F80300E0
:10ABD00023700F23FB181B78002B16D17B681B6892
:10ABE0009A697B681B68D200D2089A617B681B68EF
:10ABF00099697B685A6A7B681B6A1A437B689B6900
:10AC00001A437B681B680A439A617B681B68FF22B2
:10AC10005A6203E00F23FB1800221A700F23FB185F
:10AC20001B78002B03D17B682922012199540F2323
:10AC3000FB181B781800BD4604B0B0BDBFFF8FFBEA
:10AC400080B584B000AF78607B681B68DA687B6889
:10AC50001B68A0218A43DA60FEF784F90300FB60D9
:10AC60000AE0FEF77FF90200FB68D21AFA239B0084
:10AC70009A4201D9032306E07B681B68DB68202227
:10AC80001340EED000231800BD4604B080BD80B54F
:10AC900084B000AF78600F23FB1800221A707B6825
:10ACA0001B68DB68402213402CD17B681B68DA6884
:10ACB0007B681B6880210A43DA60FEF753F90300C2
:10ACC000BB6014E0FEF74EF90200BB68D21A0F20F9
:10ACD0003B18391809781970FA239B009A4206D953
:10ACE0003B1803221A707B682922032199547B6840
:10ACF0001B68DB684022134004D10F23FB181B782C
:10AD0000032BDFD10F23FB181B781800BD4604B0BE
:10AD100080BD000090B585B000AF78600F243B196E
:10AD200000221A701C4BDA681B4B80218A43DA60C0
:10AD3000194B9B69202213400DD17B681800FFF747
:10AD40007FFF031E21D07B682922032199543B19E0
:10AD500003221A7019E0104B9A690F4B20218A4385
:10AD60009A617B681800FFF76BFF031E07D07B68B2
:10AD70002922032199540F23FB1803221A70064B32
:10AD80009A69054B20210A439A610F23FB181B780F
:10AD90001800BD4605B090BD0028004080B584B0C5
:10ADA00000AF78607B68002B01D10123A8E07B68AD
:10ADB0005B6A002B09D17B685A6882235B009A4248
:10ADC00009D07B680022DA6105E07B6800221A6105
:10ADD0007B6800225A617B6800229A627B685D2250
:10ADE0009B5CDBB2002B07D17B685C22002199546D
:10ADF0007B681800F7F764FE7B685D220221995496
:10AE00007B681B681A687B681B6840218A431A604C
:10AE10007B68DA68E023DB009A4202D90023FB60FA
:10AE200002E080235B01FB607B68DA68F0231B0192
:10AE30009A4208D07B68DA68E023DB009A4202D0AD
:10AE40007B6800229A627B685A6882235B001A4002
:10AE50007B68996884231B020B401A437B681B693B
:10AE600002210B401A437B685B6901210B401A43A6
:10AE70007B68996980239B000B401A437B68DB69E0
:10AE800038210B401A437B681B6A80210B401A4310
:10AE900011007B689A6A80239B011A407B681B68BB
:10AEA0000A431A607B689B691B0C04221A407B686A
:10AEB0005B6A10210B401A437B685B6B08210B40D7
:10AEC0001A437B68D968F0231B010B401A43110019
:10AED000FA6880235B011A407B681B680A435A604A
:10AEE0007B681B68DA697B681B6807490A40DA617E
:10AEF0007B6800221A667B685D2201219954002339
:10AF00001800BD4604B080BDFFF7FFFF80B584B0D8
:10AF100000AF78600F23FB1800221A7010E00F2199
:10AF20007B181A787B1801321A707B681B68DB6803
:10AF3000BB60BB687B181B78042B01D1032307E09F
:10AF40007B681B689A68C023DB001340E7D10023AD
:10AF50001800BD4604B080BD80B582B000AF7860F7
:10AF60007B68002B01D101234AE07B683D229B5C7A
:10AF7000DBB2002B07D17B683C22002199547B680F
:10AF80001800F7F723FE7B683D22022199547B6865
:10AF90001A687B6804331900100000F011FA7B680E
:10AFA0004822012199547B683E22012199547B68F3
:10AFB0003F22012199547B684022012199547B68EA
:10AFC0004122012199547B684222012199547B68D6
:10AFD0004322012199547B684422012199547B68C2
:10AFE0004522012199547B684622012199547B68AE
:10AFF0004722012199547B683D2201219954002365
:10B000001800BD4602B080BD80B584B000AF786046
:10B010007B683D229B5CDBB2012B01D0012342E027
:10B020007B683D22022199547B681B68DA687B6843
:10B030001B6801210A43DA607B681B681C4A934243
:10B040000FD07B681A688023DB059A4209D07B68A1
:10B050001B68184A934204D07B681B68164A9342C7
:10B0600016D17B681B689B68144A1340FB60FB6821
:10B07000062B16D0FA6880235B029A4211D07B68B7
:10B080001B681A687B681B6801210A431A6008E084
:10B090007B681B681A687B681B6801210A431A6079
:10B0A00000E0C04600231800BD4604B080BDC04685
:10B0B000002C014000040040004001400700010056
:10B0C00080B582B000AF78607B681B68DA687B6807
:10B0D0001B6801218A43DA607B681B681B6A0D4A82
:10B0E00013400DD17B681B681B6A0B4A134007D1C4
:10B0F0007B681B681A687B681B6801218A431A6099
:10B100007B683D220121995400231800BD4602B0FE
:10B1100080BDC046111100004404000080B582B01B
:10B1200000AF78607B681B681B6902221340022B0A
:10B1300024D17B681B68DB6802221340022B1DD1DF
:10B140007B681B68032252421A617B6801221A77CE
:10B150007B681B689B690322134004D07B6818003E
:10B1600000F016F907E07B68180000F009F97B6829
:10B17000180000F015F97B6800221A777B681B68BD
:10B180001B6904221340042B25D17B681B68DB68F4
:10B1900004221340042B1ED17B681B6805225242F7
:10B1A0001A617B6802221A777B681B689A69C02340
:10B1B0009B00134004D07B68180000F0E9F807E01A
:10B1C0007B68180000F0DCF87B68180000F0E8F8F5
:10B1D0007B6800221A777B681B681B690822134072
:10B1E000082B24D17B681B68DB6808221340082BDE
:10B1F0001DD17B681B68092252421A617B680422B8
:10B200001A777B681B68DB690322134004D07B68D4
:10B21000180000F0BDF807E07B68180000F0B0F8F7
:10B220007B68180000F0BCF87B6800221A777B6806
:10B230001B681B6910221340102B25D17B681B68EB
:10B24000DB6810221340102B1ED17B681B68112273
:10B2500052421A617B6808221A777B681B68DA6998
:10B26000C0239B00134004D07B68180000F090F8C6
:10B2700007E07B68180000F083F87B68180000F096
:10B280008FF87B6800221A777B681B681B69012294
:10B290001340012B0FD17B681B68DB680122134030
:10B2A000012B08D17B681B68022252421A617B681D
:10B2B0001800F6F741F97B681B681B698022134070
:10B2C000802B0FD17B681B68DB6880221340802BAA
:10B2D00008D17B681B68812252421A617B68180082
:10B2E00000F064F97B681B681A6980235B001A40D0
:10B2F00080235B009A420ED17B681B68DB6880224A
:10B300001340802B07D17B681B681C4A1A617B683D
:10B31000180000F053F97B681B681B69402213403A
:10B32000402B0FD17B681B68DB6840221340402B09
:10B3300008D17B681B68412252421A617B68180061
:10B3400000F036F87B681B681B6920221340202B15
:10B350000FD17B681B68DB6820221340202B08D1AB
:10B360007B681B68212252421A617B68180000F03A
:10B3700015F9C046BD4602B080BDC046FFFEFFFFC6
:10B3800080B582B000AF7860C046BD4602B080BDD7
:10B3900080B582B000AF7860C046BD4602B080BDC7
:10B3A00080B582B000AF7860C046BD4602B080BDB7
:10B3B00080B582B000AF7860C046BD4602B080BDA7
:10B3C00080B584B000AF786039607B681B68FB6033
:10B3D0007B68344A934208D07A688023DB059A421E
:10B3E00003D07B68304A934208D1FB6870229343B4
:10B3F000FB603B685B68FA681343FB607B68294A23
:10B40000934218D07A688023DB059A4213D07B6878
:10B41000254A93420FD07B68244A93420BD07B6825
:10B42000234A934207D07B68224A934203D07B6829
:10B43000214A934208D1FB68204A1340FB603B68D5
:10B44000DB68FA681343FB60FB68802293431A00B1
:10B450003B685B691343FB607B68FA681A603B6872
:10B460009A687B68DA623B681A687B689A627B68D4
:10B470000C4A93420BD07B680D4A934207D07B68FD
:10B480000C4A934203D07B680B4A934203D13B683A
:10B490001A697B681A637B6801225A61C046BD46FF
:10B4A00004B080BD002C014000040040002000409A
:10B4B000004001400044014000480140FFFCFFFF04
:10B4C00080B584B000AF786039607B683C229B5CBB
:10B4D000012B01D1022355E07B683C2201219954C4
:10B4E0007B683D22022199547B681B685B68FB6086
:10B4F0007B681B689B68BB607B681B68234A934220
:10B5000008D1FB68224A1340FB603B685B68FA681D
:10B510001343FB60FB6870229343FB603B681B682E
:10B52000FA681343FB607B681B68FA685A607B68A3
:10B530001B68164A93420FD07B681A688023DB058C
:10B540009A4209D07B681B68124A934204D07B68F8
:10B550001B68114A93420CD1BB6880229343BB60A5
:10B560003B689B68BA681343BB607B681B68BA681A
:10B570009A607B683D22012199547B683C2200211E
:10B58000995400231800BD4604B080BD002C014032
:10B59000FFFF0FFF000400400040014080B582B073
:10B5A00000AF7860C046BD4602B080BD80B582B0B5
:10B5B00000AF7860C046BD4602B080BD80B582B0A5
:10B5C00000AF7860C046BD4602B080BD80B58AB08D
:10B5D00002AFF860B9603B60BB1D1A80FB6888222F
:10B5E0009B58202B00D088E0BB68002B03D0BB1DEC
:10B5F0001B88002B01D1012380E0FB689A6880231F
:10B600005B019A4209D1FB681B69002B05D1BB681D
:10B610000122134001D0012370E0FB689022002139
:10B620009950FB68882221219950FDF79BFC03006B
:10B630007B61FB68BA1D542112885A52FB68BA1DFF
:10B64000562112885A52FB689A6880235B019A42FD
:10B6500008D1FB681B69002B04D10023FB61BB6888
:10B66000BB6103E0BB68FB610023BB612CE07A692E
:10B67000F8683B68009313000022802100F048FF27
:10B68000031E01D0032339E0FB69002B0BD1BB69FA
:10B690001B881A00FB681B68D205D20D9A62BB6931
:10B6A0000233BB6107E0FB691A78FB681B689A628A
:10B6B000FB690133FB61FB6856229B5A9BB2013B3D
:10B6C00099B2FB6856229952FB6856229B5A9BB24C
:10B6D000002BCCD17A69F8683B68009313000022F4
:10B6E000402100F015FF031E01D0032306E0FB6894
:10B6F000882220219950002300E002231800BD4633
:10B7000008B080BDB0B5AAB000AF78607B681B6898
:10B71000DB69A422B9180B607B681B681B68A0203A
:10B7200039180B607B681B689B689C2439190B6077
:10B730001100BB181B68A24A13409822BD182B6049
:10B74000BB181B68002B1AD17B181B6820221340E2
:10B7500015D03B181B682022134005D13B191A68ED
:10B7600080235B0513400AD07B685B6F002B00D100
:10B77000DCE27B685B6F7A6810009847D6E298231A
:10B78000FB181B68002B00D122E19C23FB181B68CF
:10B790008C4A134006D1A023FB181B688A4A134029
:10B7A00000D115E1A423FB181B680122134012D01D
:10B7B000A023FB181A6880235B0013400BD07B6822
:10B7C0001B6801221A627B6890229B5801221A434F
:10B7D0007B6890215A50A423FB181B680222134057
:10B7E00011D09C23FB181B68012213400BD07B68EF
:10B7F0001B6802221A627B6890229B5804221A431B
:10B800007B6890215A50A423FB181B680422134024
:10B8100011D09C23FB181B68012213400BD07B68BE
:10B820001B6804221A627B6890229B5802221A43EA
:10B830007B6890215A50A423FB181B6808221340F0
:10B8400017D0A023FB181B682022134005D19C238E
:10B85000FB181B685B4A13400BD07B681B680822EF
:10B860001A627B6890229B5808221A437B689021B9
:10B870005A50A423FB181A6880231B01134013D0CD
:10B88000A023FB181A688023DB0413400CD07B68CC
:10B890001B68802212011A627B6890229B5820222A
:10B8A0001A437B6890215A507B6890229B58002B4A
:10B8B00000D13DE2A423FB181B682022134015D0C1
:10B8C000A023FB181B682022134006D19C23FB18E1
:10B8D0001A6880235B05134008D07B685B6F002BE0
:10B8E00004D07B685B6F7A68100098477B68902271
:10B8F0009B5894217A1813607B681B689B684022D0
:10B900001340402B04D07B181B68282213404CD0D6
:10B910007B68180000F0AAFF7B681B689B684022C8
:10B920001340402B3CD1EFF310833B663B6E9020DD
:10B930003A18136001237B667B6E83F31088C04640
:10B940007B681B689A687B681B6840218A439A6001
:10B950003B181B68BB66BB6E83F31088C0467B68D0
:10B9600080229B58002B16D07B6880229B58174A58
:10B970009A637B6880229B581800FDF771FD031EB7
:10B980001CD07B6880229B589B6B7A688021525820
:10B990001000984712E07B68180000F0F1F90DE004
:10B9A0007B68180000F0ECF908E07B68180000F0F4
:10B9B000E7F97B68902200219950B9E1C046B7E1D0
:10B9C0000F080000010000102001000431CB010825
:10B9D0007B68DB6E012B00D03EE1A423FB181B68C3
:10B9E0001022134000D137E1A023FB181B6810225E
:10B9F000134000D130E17B681B6810221A627B681B
:10BA00001B689B6840221340402B00D0A4E07B6859
:10BA100080229B581B685A687E217B181A807B18ED
:10BA20001B88002B00D185E17B685C229B5A7A1829
:10BA300012889A4200D37DE17B687A185E211288D1
:10BA40005A527B6880229B581B681B682022134037
:10BA500070D1EFF310833B633B6BBB6701237B63C8
:10BA60007B6B83F31088C0467B681B681A687B6811
:10BA70001B68B4490A401A60BB6FBB63BB6B83F39E
:10BA80001088C046EFF31083FB63FB6B7B670123D9
:10BA90003B643B6C83F31088C0467B681B689A68E4
:10BAA0007B681B6801218A439A607B6F7B647B6C97
:10BAB00083F31088C046EFF31083BB64BB6C3B6715
:10BAC0000123FB64FB6C83F31088C0467B681B6812
:10BAD0009A687B681B6840218A439A603B6F3B658C
:10BAE0003B6D83F31088C0467B688C2220219950DF
:10BAF0007B680022DA66EFF310837B657B6DFB6663
:10BB00000123BB65BB6D83F31088C0467B681B684F
:10BB10001A687B681B6810218A431A60FB6EFB65FC
:10BB2000FB6D83F31088C0467B6880229B58180009
:10BB3000FDF734FC7B6802221A677B685C229A5A04
:10BB40007B685E215B5A9BB2D31A9AB27B68110064
:10BB50001800F5F7DFF9EDE07B685C22995A7B6805
:10BB60005E229B5A9AB28E203B188A1A1A807B68F2
:10BB70005E229B5A9BB2002B00D1DDE03B181B8854
:10BB8000002B00D1D8E0EFF31083FB60FB68882422
:10BB90003A19136001233B613B6983F31088C04667
:10BBA0007B681B681A687B681B6867490A401A60D3
:10BBB0003B191B687B617B6983F31088C046EFF3F8
:10BBC0001083BB61BB6984243A1913600123FB61B4
:10BBD000FB6983F31088C0467B681B689A687B68A2
:10BBE0001B685A490A409A603B191B683B623B6AD2
:10BBF00083F31088C0467B688C22202199507B6893
:10BC00000022DA667B6800225A67EFF310837B62BA
:10BC10007B6A80243A1913600123BB62BB6A83F3F9
:10BC20001088C0467B681B681A687B681B681021F7
:10BC30008A431A603B191B68FB62FB6A83F3108816
:10BC4000C0467B6802221A673B181A887B6811007D
:10BC50001800F5F75FF96FE0A423FB181A6880233A
:10BC60005B03134010D09C23FB181A688023DB036E
:10BC7000134009D07B681B68802252031A627B68DC
:10BC8000180001F00BF85AE0A423FB181B6880226F
:10BC9000134016D0A023FB181B688022134006D146
:10BCA0009C23FB181A6880231B04134009D07B686F
:10BCB0009B6F002B42D07B689B6F7A68100098477F
:10BCC0003CE0A423FB181B68402213400AD0A023A9
:10BCD000FB181B684022134004D07B68180000F05A
:10BCE0003EFF2CE0A423FB181A6880231B0413409A
:10BCF0000BD0A023FB181A688023DB05134004D067
:10BD00007B68180000F0DAFF19E0A423FB181A681A
:10BD100080235B04134012D0A023FB181B68002B68
:10BD20000DDA7B68180000F0C1FF08E0C04606E0AD
:10BD3000C04604E0C04602E0C04600E0C046BD4642
:10BD40002AB0B0BDFFFEFFFFDFFEFFFFFEFFFFEFEB
:10BD500080B582B000AF7860C046BD4602B080BDFD
:10BD600080B582B000AF7860C046BD4602B080BDED
:10BD700080B582B000AF7860C046BD4602B080BDDD
:10BD800080B582B000AF7860C046BD4602B080BDCD
:10BD9000B0B590B000AF78621A2320229B18DB194F
:10BDA00000221A707B6A9A687B6A1B691A437B6A55
:10BDB0005B691A437B6ADB691343FB637B6A1B681D
:10BDC0001B68AF4A134019007B6A1A68FB6B0B4370
:10BDD00013607B6A1B685B68AA4A134018007B6A81
:10BDE000D9687B6A1A6803000B4353607B6A9B69BE
:10BDF000FB637B6A1B68A44A934204D07B6A1B6A7C
:10BE0000FA6B1343FB637B6A1B689B689F4A134072
:10BE100019007B6A1A68FB6B0B4393607B6A1B6893
:10BE2000DB6A0F22934318007B6A596A7B6A1A689F
:10BE300003000B43D3627B6A1B68954A934231D15E
:10BE4000944B5B6D03221340032B1DD023D8022B90
:10BE50000CD020D8002B02D0012B0ED01BE01B23CE
:10BE600020229B18DB1900221A70B4E01B23202229
:10BE70009B18DB1902221A70ADE01B2320229B18AD
:10BE8000DB1904221A70A6E01B2320229B18DB1961
:10BE900008221A709FE01B2320229B18DB19102216
:10BEA0001A7098E07B6A1B687B4A934231D1794BC8
:10BEB0005B6D0C2213400C2B1DD023D8082B0CD00B
:10BEC00020D8002B02D0042B0ED01BE01B232022F5
:10BED0009B18DB1900221A707DE01B2320229B187F
:10BEE000DB1902221A7076E01B2320229B18DB1933
:10BEF00004221A706FE01B2320229B18DB190822F2
:10BF00001A7068E01B2320229B18DB1910221A707C
:10BF100061E07B6A1B68614A934206D11B232022A1
:10BF20009B18DB1900221A7055E07B6A1B685C4A7B
:10BF3000934206D11B2320229B18DB1900221A7082
:10BF400049E07B6A1B68504A93423ED1514B5A6D7F
:10BF5000C0231B011340C0221201934227D0C022EC
:10BF6000120193422AD880221201934211D08022DA
:10BF70001201934222D8002B04D08022D200934297
:10BF80000ED01BE01B2320229B18DB1900221A7005
:10BF900021E01B2320229B18DB1902221A701AE0D1
:10BFA0001B2320229B18DB1904221A7013E01B2389
:10BFB00020229B18DB1908221A700CE01B23202278
:10BFC0009B18DB1910221A7005E01B2320229B18F6
:10BFD000DB1910221A707B6A1B682B4A934200D02F
:10BFE000A9E01B2320229B18DB191B78082B15D0F6
:10BFF00018DC042B0DD015DC002B02D0022B05D051
:10C0000010E0FEF7ADFB03007B6314E0254B7B6380
:10C0100011E0FEF719FB03007B630CE080231B0299
:10C020007B6308E000237B631A2320229B18DB1923
:10C0300001221A70C0467B6B002B00D14BE17B6A5A
:10C040005A6A194B5200D35A1900786BECF75AF818
:10C050000300BB627B6A5A6813005B009B18BA6AD4
:10C060009A4205D37B6A5B681B03BA6A9A421DD960
:10C070001A2320229B18DB1901221A702BE1C046DB
:10C08000F369FFCFFFCFFFFF00800040FFF4FF11F7
:10C0900000380140001002400044004000480040C9
:10C0A000004C00400024F400BCEE01087B6BBB6137
:10C0B0000023FB617B6A5A6A924B5200D35A3B6160
:10C0C00000237B613A697B69B869F969ECF708FA82
:10C0D00002000B00110E1D020D4314027B6A5B6807
:10C0E0005B08BB600023FB60B868F9680019694110
:10C0F0007B6A5B683B6000237B603A687B68ECF797
:10C10000EFF902000B0013003B633A6BC0239B0066
:10C110009A4209D33A6B80235B039A4204D27B6A2A
:10C120001B683A6BDA60D6E01A2320229B18DB19D1
:10C1300001221A70CFE07B6ADA6980231B029A42DF
:10C1400000D070E01B2320229B18DB191B78082BE2
:10C1500015D018DC042B0DD015DC002B02D0022BDF
:10C1600005D010E0FEF7FCFA03007B6314E0664B99
:10C170007B6311E0FEF768FA03007B630CE0802329
:10C180001B027B6308E000237B631A2320229B1899
:10C19000DB1901221A70C0467B6B002B00D19AE09C
:10C1A0007B6A5A6A574B5200D35A1900786BEBF7E7
:10C1B000A9FF03005A007B6A5B685B08D2187B6AA0
:10C1C0005B6819001000EBF79DFF03003B633B6BBE
:10C1D0000F2B21D93A6B80235B029A421CD23B6B16
:10C1E0009AB20E2020240319DB190F218A431A80EA
:10C1F0003B6B5B089BB20722134099B20319DB1912
:10C200000219D21912880A431A807B6A1B68021924
:10C21000D2191288DA605EE01A2320229B18DB19FB
:10C2200001221A7057E01B2320229B18DB191B7870
:10C23000082B15D018DC042B0DD015DC002B02D0F8
:10C24000022B05D010E0FEF78BFA03007B6314E0AD
:10C250002D4B7B6311E0FEF7F7F903007B630CE0E5
:10C2600080231B027B6308E000237B631A232022C8
:10C270009B18DB1901221A70C0467B6B002B2AD059
:10C280007B6A5A6A1F4B5200D35A1900786BEBF73E
:10C2900039FF03001A007B6A5B685B08D2187B6A6F
:10C2A0005B6819001000EBF72DFF03003B633B6B4D
:10C2B0000F2B0AD93A6B80235B029A4205D23B6B63
:10C2C0009AB27B6A1B68DA6005E01A2320229B1869
:10C2D000DB1901221A707B6A6A22012199527B6A5A
:10C2E0006822012199527B6A00225A677B6A0022E8
:10C2F0009A671A2320229B18DB191B781800BD4669
:10C3000010B0B0BDBCEE01080024F40080B582B0CE
:10C3100000AF78607B689B6A012213400BD07B687A
:10C320001B685B684A4A134019007B68DA6A7B68BD
:10C330001B680A435A607B689B6A022213400BD039
:10C340007B681B685B68434A134019007B681A6B63
:10C350007B681B680A435A607B689B6A042213400F
:10C360000BD07B681B685B683B4A134019007B68F5
:10C370005A6B7B681B680A435A607B689B6A082279
:10C3800013400BD07B681B685B68344A134019006C
:10C390007B689A6B7B681B680A435A607B689B6A60
:10C3A000102213400BD07B681B689B682C4A1340FB
:10C3B00019007B68DA6B7B681B680A439A607B68AC
:10C3C0009B6A202213400BD07B681B689B68254A20
:10C3D000134019007B681A6C7B681B680A439A60DB
:10C3E0007B689B6A402213401DD07B681B685B689A
:10C3F0001D4A134019007B685A6C7B681B680A430E
:10C400005A607B685A6C80235B039A420BD17B682D
:10C410001B685B68154A134019007B689A6C7B683F
:10C420001B680A435A607B689B6A802213400BD0CA
:10C430007B681B685B680E4A134019007B68DA6CE6
:10C440007B681B680A435A60C046BD4602B080BD87
:10C45000FFFFFDFFFFFFFEFFFFFFFBFFFF7FFFFF73
:10C46000FFEFFFFFFFDFFFFFFFFFEFFFFFFF9FFF7C
:10C47000FFFFF7FF80B586B002AF78607B6890223F
:10C4800000219950FCF76EFD0300FB607B681B6880
:10C490001B6808221340082B0CD1FB6880229103F3
:10C4A00078681A4A0092002200F032F8031E01D088
:10C4B000032326E07B681B681B6804221340042BBF
:10C4C0000CD1FB688022D1037868104A00920022C8
:10C4D00000F01EF8031E01D0032312E07B688822BF
:10C4E000202199507B688C22202199507B68002262
:10C4F000DA667B6800221A677B68842200219954DF
:10C5000000231800BD4604B080BDC046FFFFFF01F8
:10C5100080B594B000AFF860B9603B60FB1D1A7045
:10C52000A7E0BB6D013300D1A3E0FCF71BFD0200C7
:10C530003B68D31ABA6D9A4202D3BB6D002B3FD130
:10C54000EFF31083BB62BB6A7B640123FB62FB6A6F
:10C5500083F31088C046FB681B681A68FB681B6879
:10C560004E490A401A607B6C3B633B6B83F3108837
:10C57000C046EFF310837B637B6B3B640123BB639B
:10C58000BB6B83F31088C046FB681B689A68FB6826
:10C590001B6801218A439A603B6CFB63FB6B83F34E
:10C5A0001088C046FB68882220219950FB688C22A5
:10C5B00020219950FB68842200219954032369E0CB
:10C5C000FB681B681B680422134052D0FB681B6881
:10C5D000DA6980231B011A4080231B019A4248D14B
:10C5E000FB681B68802212011A62EFF310833B6123
:10C5F0003B69FB6401237B617B6983F31088C04640
:10C60000FB681B681A68FB681B6824490A401A60AB
:10C61000FB6CBB61BB6983F31088C046EFF31083EA
:10C62000FB61FB69BB6401233B623B6A83F31088B7
:10C63000C046FB681B689A68FB681B6801218A4337
:10C640009A60BB6C7B627B6A83F31088C046FB6890
:10C65000882220219950FB688C2220219950FB6868
:10C66000902220219950FB688422002199540323B1
:10C6700010E0FB681B68DB69BA681340BA68D31A1C
:10C680005A425341DBB21A00FB1D1B789A4200D17B
:10C6900047E700231800BD4614B080BD5FFEFFFFD2
:10C6A00080B590B000AFF860B960BB1D1A80FB6820
:10C6B000BA689A65FB68BA1D5C2112885A52FB68F9
:10C6C000902200219950FB688C2222219950FB680E
:10C6D00080229B58002B2DD0FB6880229B58404A1B
:10C6E000DA62FB6880229B583E4A1A63FB6880220C
:10C6F0009B583D4A5A63FB6880229B5800229A63EC
:10C70000FB6880229858FB681B6824331900FB687B
:10C710009B6D1A00BB1D1B88FCF7BAFD031E09D0D8
:10C72000FB68902210219950FB688C22202199509F
:10C73000012350E0FB681B69002B19D0EFF3108335
:10C74000BB62BB6AFB630123FB62FB6A83F3108855
:10C75000C046FB681B681A68FB681B68802149009B
:10C760000A431A60FB6B3B633B6B83F31088C04644
:10C77000EFF310833B613B69BB6301237B617B6902
:10C7800083F31088C046FB681B689A68FB681B68C7
:10C7900001210A439A60BB6BBB61BB6983F31088BC
:10C7A000C046EFF31083FB61FB697B6301233B62AF
:10C7B0003B6A83F31088C046FB681B689A68FB6875
:10C7C0001B6840210A439A607B6B7B627B6A83F320
:10C7D0001088C04600231800BD4610B080BDC0467A
:10C7E00039C9010869CA0108ABCA010880B58AB015
:10C7F00000AF7860EFF31083BB60BB687B620123FE
:10C80000FB60FB6883F31088C0467B681B681A686E
:10C810007B681B68C0218A431A607B6A3B613B6965
:10C8200083F31088C046EFF310837B617B693B6222
:10C830000123BB61BB6983F31088C0467B681B681A
:10C840009A687B681B6808490A409A603B6AFB61EA
:10C85000FB6983F31088C0467B68882220219950A9
:10C86000C046BD460AB080BDFFFF7FFF80B58EB0D9
:10C8700000AF7860EFF310837B617B697B630123FA
:10C88000BB61BB6983F31088C0467B681B681A686C
:10C890007B681B6826490A401A607B6BFB61FB6959
:10C8A00083F31088C046EFF310833B623B6A3B631F
:10C8B00001237B627B6A83F31088C0467B681B6818
:10C8C0009A687B681B681B490A409A603B6BBB6295
:10C8D000BB6A83F31088C0467B68DB6E012B18D1DE
:10C8E000EFF31083BB60BB68FB620123FB60FB6856
:10C8F00083F31088C0467B681B681A687B681B68D6
:10C9000010218A431A60FB6A3B613B6983F31088FC
:10C91000C0467B688C22202199507B680022DA6611
:10C920007B6800225A67C046BD460EB080BDC04637
:10C93000DFFEFFFFFEFFFFEF80B594B000AF786031
:10C940007B689B6AFB647B681B681B682022134022
:10C950006FD1FB6C5E2200219952EFF31083BB6113
:10C96000BB69BB640123FB61FB6983F31088C0468C
:10C97000FB6C1B681A68FB6C1B683A490A401A601A
:10C98000BB6C3B623B6A83F31088C046EFF31083B5
:10C990007B627B6A7B640123BB62BB6A83F3108882
:10C9A000C046FB6C1B689A68FB6C1B6801218A43BC
:10C9B0009A607B6CFB62FB6A83F31088C046EFF3DE
:10C9C00010833B633B6B3B6401237B637B6B83F393
:10C9D0001088C046FB6C1B689A68FB6C1B68402182
:10C9E0008A439A603B6CBB63BB6B83F31088C04681
:10C9F000FB6C8C2220219950FB6CDB6E012B18D133
:10CA0000EFF31083FB60FB68FB6301233B613B6931
:10CA100083F31088C046FB6C1B681A68FB6C1B68AC
:10CA200010218A431A60FB6B7B617B6983F310885A
:10CA3000C046FB6C00221A67FB6CDB6E012B08D131
:10CA4000FB6C5C229A5AFB6C11001800F4F762FA36
:10CA500003E0FB6C1800FFF783F9C046BD4614B035
:10CA600080BDC046FFFEFFFF80B584B000AF786098
:10CA70007B689B6AFB60FB6801221A67FB68DB6EC0
:10CA8000012B0AD1FB685C229B5A5B089AB2FB68B7
:10CA900011001800F4F73EFA03E0FB681800FFF7F6
:10CAA00067F9C046BD4604B080BD80B586B000AF12
:10CAB00078607B689B6A7B617B6988229B583B61BD
:10CAC0007B698C229B58FB607B691B689B6880227A
:10CAD0001340802B0AD13B69212B07D17B69562259
:10CAE000002199527B691800FFF780FE7B691B6863
:10CAF0009B6840221340402B0AD1FB68222B07D1B0
:10CB00007B695E22002199527B691800FFF7AEFE17
:10CB10007B6990229B5810221A437B6990215A50BE
:10CB20007B691800FFF72CF9C046BD4606B080BDF2
:10CB300080B584B000AF78607B689B6AFB60FB685F
:10CB40005E2200219952FB68562200219952FB680F
:10CB50001800FFF715F9C046BD4604B080BD80B58A
:10CB600086B000AF7860EFF31083BB60BB687B6179
:10CB70000123FB60FB6883F31088C0467B681B6859
:10CB80001A687B681B6840218A431A607B693B6195
:10CB90003B6983F31088C0467B6888222021995026
:10CBA0007B6800229A677B681800FFF7D1F8C046BF
:10CBB000BD4606B080BD000080B586B000AFF8600D
:10CBC000B9607A603B60FB68002B01D101235DE016
:10CBD000FB6888229B58002B07D1FB688422002128
:10CBE0009954FB681800F6F78DF8FB688822242119
:10CBF0009950FB681B681A68FB681B6801218A430F
:10CC00001A60FB681800FFF7C3F80300012B01D17D
:10CC100001233BE0FB689B6A002B03D0FB681800F4
:10CC2000FFF774FBFB681B689A68FB681B68802130
:10CC3000C9010A439A60FB681B689B68154A134048
:10CC40001900FB681B68BA680A439A607B685B0539
:10CC50007B613B681B047A6913437B61FB681B683B
:10CC60001B680D4A13401900FB681B687A690A4368
:10CC70001A60FB681B681A68FB681B6801210A437D
:10CC80001A60FB681800FFF7F5FB03001800BD46AB
:10CC900006B080BDFF7FFFFFFFFF00FC80B582B0C4
:10CCA00000AF7860C046BD4602B080BD80B582B09E
:10CCB00000AF7860C046BD4602B080BD80B582B08E
:10CCC00000AF7860C046BD4602B080BD80B584B07C
:10CCD00000AF78607B6884229B5C012B01D102232A
:10CCE00027E07B688422012199547B6888222421D3
:10CCF00099507B681B681B68FB607B681B681A681F
:10CD00007B681B6801218A431A60FB680B4A134049
:10CD1000FB607B6800225A667B681B68FA681A60B1
:10CD20007B688822202199507B68842200219954B5
:10CD300000231800BD4604B080BDC046FFFFFFDFE2
:10CD400080B584B000AF786039607B6884229B5CDA
:10CD5000012B01D102232EE07B688422012199540A
:10CD60007B688822242199507B681B681B68FB60C4
:10CD70007B681B681A687B681B6801218A431A60FC
:10CD80007B681B689B68DB00D9087B681B683A6876
:10CD90000A439A607B68180000F0BCF87B681B6847
:10CDA000FA681A607B688822202199507B68842267
:10CDB0000021995400231800BD4604B080BD000036
:10CDC00080B584B000AF786039607B6884229B5C5A
:10CDD000012B01D102232FE07B6884220121995489
:10CDE0007B688822242199507B681B681B68FB6044
:10CDF0007B681B681A687B681B6801218A431A607C
:10CE00007B681B689B680E4A134019007B681B688F
:10CE10003A680A439A607B68180000F07BF87B68E8
:10CE20001B68FA681A607B688822202199507B6809
:10CE300084220021995400231800BD4604B080BD0F
:10CE4000FFFFFFF1B0B58AB000AFF860B960BB1D5D
:10CE50001A80FB688C229B58202B56D1BB68002B74
:10CE600003D0BB1D1B88002B01D101234EE0FB68C2
:10CE70009A6880235B019A4209D1FB681B69002BE9
:10CE800005D1BB680122134001D001233EE0FB68BD
:10CE90000122DA66FB6800221A6727257C19BB1D70
:10CEA0001A88B968FB681800FFF7FAFB03002370C3
:10CEB0007B191B78002B24D1FB68DB6E012B1CD166
:10CEC000FB681B6810221A62EFF310837B617B6999
:10CED0003B620123BB61BB6983F31088C046FB68DA
:10CEE0001B681A68FB681B6810210A431A603B6ABA
:10CEF000FB61FB6983F3108803E02723FB18012201
:10CF00001A702723FB181B7800E002231800BD4687
:10CF10000AB0B0BDF0B585B000AF78607B685B6EDD
:10CF2000002B08D17B686A22012199527B68682214
:10CF30000121995243E00F26BB1908221A700E20D6
:10CF40003B1808221A707B681B689B685B0EDAB27C
:10CF50000D243B1907210A401A707B681B689B68E7
:10CF60005B0FDAB20C257B1907210A401A703B18B7
:10CF70001B787A19127814498A5C5A4310007B197D
:10CF80001B78124AD35C1900EBF746F9030099B2FB
:10CF90007B686A229952BB191B783A1912780A49A0
:10CFA0008A5C5A4310003B191B78084AD35C19006D
:10CFB000EBF732F9030099B27B6868229952C046B8
:10CFC000BD4605B0F0BDC046D4EE0108DCEE010858
:10CFD00010B5034B0100186800F030F810BDC046D2
:10CFE0008402002010B5034B0100186800F0F2FA2B
:10CFF00010BDC0468402002070B50F4E0D00316890
:10D000000400002902D100F043FA3060290020001A
:10D0100000F03EFA431C03D101256D42280070BD8B
:10D020000323C51C9D43A842F8D0291A200000F014
:10D030002FFA0130F2D1EFE7F8650020F7B50322AF
:10D04000CB1C9343083305001F000C2B34D20C2754
:10D05000B94233D8280000F071F8374E33681C000D
:10D06000002C2FD139002800FFF7C6FF0400431C15
:10D070005FD134680094009B002B4AD1002C52D021
:10D0800023682800E3180099019300F001FA019B3E
:10D09000834248D123682800FF1A3900FFF7ACFF0C
:10D0A000013040D02368DB19236033685A68002AB6
:10D0B00033D1009B336019E0002BC9DA0C232B60BD
:10D0C0000020FEBD2168C91B20D40B290AD9E21912
:10D0D0002760A34204D1326063681160536005E0A9
:10D0E0005A60F9E76268A3420ED13260280000F06E
:10D0F0002DF8200007220B30231D9043C21A9842BE
:10D10000DFD01B1AA350DCE75A60EFE72300646806
:10D11000A6E7009C63680093ADE71A005B68A34232
:10D12000FBD10023DAE70C2328002B6000F00EF877
:10D13000C6E70760DAE7C046FC65002010B5024884
:10D1400000F0E2F910BDC0463C67002010B502486F
:10D1500000F0DBF910BDC0463C67002030B500246C
:10D16000022B09D0920803590D59013A05510B5170
:10D170000434002AF7DC30BD035D0D5D05550B5509
:10D180000134131B002BF7DCF5E7F8B50F00160090
:10D1900004001D009847310000280DDA3800A84728
:10D1A000002802DA3C002000F8BD31002000A8472A
:10D1B0000028F8DA3400F6E73800A8470028F1DC48
:10D1C00031002000A8470028F4DAECE7F0B599B068
:10D1D00000900393009B1700134302220800019262
:10D1E0009B0704D13B1F1A00531E9A410192002352
:10D1F00004933C00009B4443DB190293009B1B19E2
:10D200000793062828D8029B079A93420CD3049BC5
:10D21000002B00D021E119B0F0BD3A002900200018
:10D22000019BFFF79BFF0FE0029C0EE0E51B210036
:10D230002800039B984700280ADD019B002BECD1B6
:10D2400023682A6822602B602C00009BA342EDD348
:10D25000029BDB190293D6E746087E43009BE41B42
:10D260009E191C19072821D022000593282817D9B8
:10D27000C5087D4359194A19039B0098FFF785FF9C
:10D2800031007219039B0590701BFFF77EFF0600AB
:10D290006800201A2200039B4119FFF776FF020065
:10D2A0003100039B0598FFF770FF0600019B002BE0
:10D2B00021D1009B32681B6800990A603360002608
:10D2C000029D05940695A54252D828000099039B1B
:10D2D000984700282DDC0CD1019B002B12D1069B16
:10D2E0002A681B6806990A602B60069BDB19069367
:10D2F0000126ED19E7E73A003100019B0098FFF79E
:10D300002DFFDCE73A002900019B0698FFF726FF76
:10D31000EBE700280CD1019B002B1BD1059A236859
:10D3200012682260059A13600126059BDB1B05939A
:10D33000E41BAC421CD320000099039B98470028B3
:10D34000E7DA019B002B0CD12B6822682A6023604E
:10D35000E41BCDE73A002000019B0599FFF7FEFE94
:10D36000E2E73A0021002800019BFFF7F7FEEFE714
:10D37000002E23D1029B079A934200D347E7029CD9
:10D3800015E03A0029002000019BFFF7E7FE0DE0C1
:10D39000E51B21002800039B984700280ADD019B1C
:10D3A000002BEED123682A6822602B602C00009BA2
:10D3B000A342EDD3029BDB190293DBE7069B009AA5
:10D3C000EE1A9A1AB24200DD3200002A04D0019B04
:10D3D0000098A91AFFF7C2FE059B059A1C1B079B24
:10D3E0009A1AD21BA24200D92200002A05D0079B1C
:10D3F0002800991A019BFFF7B1FE079B02961D1B9F
:10D40000B44204D9009B0294009534001D00BC4234
:10D410002CD9049B072B13D8009908AADB0099503C
:10D4200002989B1839001E00EAF76CFE049B70609E
:10D430000133390020000493EAF764FE0095D8E632
:10D4400039002000EAF75EFE039B01003A00280045
:10D45000FFF7BCFE029BBB420CD8049B08AA013B11
:10D460000493DB009D589B185868E7E7029BBB427A
:10D4700000D8CCE639000298EAF744FE009DDDE7CB
:10D4800003008218934200D1704719700133F9E705
:10D49000002370B5064D040008002B60F6F722F952
:10D4A000431C03D12B68002B00D0236070BDC04605
:10D4B00038670020014B18687047C046840200207E
:10D4C00070B500260C4C0D4D641BA410A64209D16A
:10D4D000002601F0D5FB0A4C0A4D641BA410A6429D
:10D4E00005D170BDB300EB5898470136EEE7B300A5
:10D4F000EB5898470136F2E750EF010850EF01086A
:10D5000054EF010850EF010870477047002310B531
:10D510009A4200D110BDCC5CC4540133F8E700003E
:10D52000F8B50D0017006B00274A5B0D9A180E0026
:10D5300004000100132A21DC002A07DA0022EE0F82
:10D54000F3073A607B6029002000F8BD1F481041B6
:10D5500003002B40234305D1F60F3C607D601C0087
:10D56000F507F0E7864300223300200029003A60E7
:10D570007B60EDF747FA04000D00E4E7332A15DD80
:10D5800029003C607D6000F06FF800280AD122007D
:10D590002B0020002900EBF7C5FF04000D003C60C4
:10D5A0007D60D0E7EE0F0024F507CCE70120084AA4
:10D5B00040429B18D840030023402042CCD08143F6
:10D5C0002B000A00D1E7C04601FCFFFFFFFF0F0060
:10D5D000EDFBFFFF70B505000C1E10D0043C236866
:10D5E000002B00DAE4182800FFF7A8FD1D4A136895
:10D5F000002B05D1636014602800FFF7A7FD70BD04
:10D60000A34208D9206821188B42F3D119685B68BE
:10D6100009182160EEE71A005B68002B01D0A342D5
:10D62000F9D911685018A0420BD120680918501878
:10D6300011608342E0D118685B6841181160536043
:10D64000DAE7A04202D90C232B60D5E72068211825
:10D650008B4203D119685B680918216063605460CC
:10D66000CAE7C046FC6500200B0070B5040002004C
:10D6700001001C430220002C06D0802000068342BB
:10D6800003D14B1E9941881C70BD0C4859004908B4
:10D690000B4C0E180420A642F6D9802401386403EE
:10D6A000A342F1D380252D065D19A542ECD3054C8C
:10D6B0000020A142E8D150425041E5E70000F0FFD0
:10D6C000FFFFDF7F0000F07FF8B504000D0000F0E1
:10D6D000F3F906000F002000290000F0F7F80028F9
:10D6E0000DD0200029000F4A0F4BEAF7ABFE0028AF
:10D6F00008D0FFF7DFFE222300260C4F0360300026
:10D700003900F8BD20002900094A0A4BEAF786FED5
:10D710000028F4D0FFF7CEFE222300260027036066
:10D72000EDE7C046EF39FAFE422E86400000F07F5A
:10D7300051302DD5104987C0F8B504000D0000F018
:10D7400023FB220006000F002B0020002900EDF72C
:10D75000F5FC002815D10022002320002900EAF75B
:10D7600071FE00280DD10022002320002900EAF7D5
:10D770004FFE002808D0FFF79DFE22230026074F0A
:10D78000036030003900F8BDFFF794FE21230360E9
:10D79000034800F0A3F806000F00F2E70000F0FFD6
:10D7A000E4EE0108F7B514001D000090019100F0AF
:10D7B0009DFC220006000F002B0020002900EDF741
:10D7C000BDFC00283FD10098019900220023EAF710
:10D7D0001FFE002819D00022002320002900EAF7AC
:10D7E00017FE002846D12000290000F06FF800281D
:10D7F00029D00022002320002900EAF70FFE00288C
:10D8000021D0FFF757FE22231CE03000390000F042
:10D810005DF800281BD10098019900F057F8002806
:10D8200015D02000290000F051F800280FD0320058
:10D830003B0030003900EDF781FC0028E1D0FFF714
:10D8400039FE212303603000390003B0F0BD00220F
:10D85000002330003900EAF7DBFD0028F3D0009800
:10D86000019900F033F80028EDD02000290000F0E5
:10D870002DF8C4E70026014FE5E7C0460000F03F61
:10D88000F8B504000D0000F02FF8220006000F008C
:10D890002B0020002900EDF751FC002813D10022B5
:10D8A000002320002900EAF7B9FD00280BD0FFF77C
:10D8B00001FE212300220360002310001900ECF771
:10D8C00095F906000F0030003900F8BD024B480002
:10D8D0004008C018C00F70470000108000200149A8
:10D8E0007047C0460000F87FF0B50A000D006D4992
:10D8F00004000300080087B02840884211D12200AC
:10D900002B0020002900ECF7B5FD02000B002000E1
:10D910002900EBF707FE04000D002000290007B0E6
:10D92000F0BD002D11DC690049082143F5D000202D
:10D93000854210D022002B0020002900EDF762F86C
:10D9400002000B00ECF752F9E5E7281515D1802409
:10D950000021640307E0DA0A15385B05002AFAD0D3
:10D96000F5E7520001312242FBD04C1E001B20245F
:10D970001D00641AE5408B402A434B4912034418AA
:10D980008021120B49031143C00703D4DA0F490069
:10D9900051185B0000256210490080240592DA0FBF
:10D9A0005218162029005B00A4030E19964202DCCF
:10D9B0003119921B2D19DE0F5200013892195B00AC
:10D9C00064080028F1D120268027040004963F0631
:10D9D000C619B446914202DB14D19E4212D8604669
:10D9E0006646C0190091002E03DAC643F60F8E1961
:10D9F0000096521A634589414942521A61465B1AA0
:10DA00000099E419DE0F52009219049E5B00013E5A
:10DA10007F080496002EDBD11A431FD0234E244FDB
:10DA2000306871683A687B68009201933268736865
:10DA300002920393009A019BECF7E4FF02000B00B3
:10DA400002980399EAF7F4FC002807D0306871685F
:10DA50003A687B68671C0FD1049C0135154B6A102E
:10DA6000D2186308ED0702D5802109060B430599FA
:10DA70001C0009058D1850E7EBF754FD77683668F0
:10DA800002000B0030003900EAF7C8FC002804D07F
:10DA9000023463426341ED18E0E7012301349C4303
:10DAA000DCE7C0460000F07F01FCFFFFE002002041
:10DAB000D80200200000E03FF0B54B000F00CC0F73
:10DAC0009149060089B05B088B422ED98F498B4261
:10DAD00011D93B031B0B034306D002003B0030006F
:10DAE0003900EBF71FFD10E0002C00D009E13000F9
:10DAF000390009B0F0BD3900854A864BEAF7A2FC2F
:10DB0000051E05D0002001F0B3F806000F00EEE777
:10DB100030003900804A814BEAF780FC002800D1B0
:10DB20007DE0280001F09DF8EFE77D4A934200D8A0
:10DB30009EE07C4A934272D87B4BE5005B191A68E1
:10DB40005B683900ECF75EFF784B029003915B193C
:10DB50001A685B680492059301231B1B1B1B01932E
:10DB6000049A059B02980399ECF74CFF06000F00FE
:10DB700032003B0030003900ECF77CFC04000D0063
:10DB80006B4A6C4BECF776FC6B4A6C4BECF73AFF4C
:10DB900022002B00ECF76EFC694A6A4BEBF7C2FCE3
:10DBA00022002B00ECF766FC674A684BECF72AFF73
:10DBB00022002B00ECF75EFC654A664BEBF7B2FCEB
:10DBC00022002B00ECF756FC02000B00300039005D
:10DBD000ECF718FF0B00020004000D0030003900C4
:10DBE000ECF748FC019B06900791002B56D180234F
:10DBF000002220002900DB05ECF704FF02000B00E7
:10DC000006980799EBF7F2FF32003B00ECF7FAFEBB
:10DC100002000B0000205049ECF7F4FE75E74F4B73
:10DC2000E4001C194E4A4F4B30003900ECF722FC3F
:10DC300022686368EBF776FCEDF7A2FA0190EDF746
:10DC4000DBFA494A494B04000D00ECF713FC0200D3
:10DC50000B0030003900ECF7D5FE454A02900391E5
:10DC6000444B20002900ECF705FC0490059177E770
:10DC7000414A93420DD8414A414B3900EBF752FCDF
:10DC80000022354BEAF7DEFB002805D00022324B9C
:10DC900025E7002301936BE7019069E780212B00C2
:10DCA00022000020C905ECF7ADFE02000B0006982B
:10DCB0000799EBF79BFF02000B0004980599ECF71E
:10DCC000A1FE029A039BECF79DFE02000B000020D0
:10DCD0002149ECF797FE2B4B019A0D009A4203DB8A
:10DCE000110506004F1902E7FA2292009446019BA3
:10DCF000002263441B055918B8235B04ECF7BAFBF8
:10DD000003E700260027F2E6412E8640FFFFEF7F63
:10DD1000EF39FAFE422E864051302DD5104987C08A
:10DD2000422ED63FB1A2F03FF8EE0108E8EE01081E
:10DD3000D0A4BE726937663EF16BD2C541BDBB3E11
:10DD40002CDE25AF6A56113F93BDBE166CC1663FEF
:10DD50003E5555555555C53F0000F03F08EF0108A9
:10DD6000FE822B654715F73F0000E0FE422EE63F9E
:10DD7000763C7935EF39EA3DFFFFEF3D9C75008831
:10DD80003CE4377E03FCFFFF8023F0B55B030E000D
:10DD90008DB0994223DA4B005B08034307D1002280
:10DDA00000230020B449EBF721FF0DB0F0BD00299E
:10DDB00006DA02000B00ECF725FE00220023F2E752
:10DDC000AE4B0022ECF756FB36230E005B42AC4A0A
:10DDD000964206DD02000B00EBF7A4FBE5E700230B
:10DDE000F5E7A84C321512193603A74CD218330B9D
:10DDF00002931B19802464032340A44C029D5C40C1
:10DE00001B159B1825430022009329009F4BECF71C
:10DE1000F9FD029B060002331B030F0000221B0BBF
:10DE2000022B64DC0023EAF7F3FA002819D0009BE8
:10DE3000002B00D11CE11800EDF7DEF9944A954B58
:10DE400004000D00ECF716FB934A06000F00934BFD
:10DE500020002900ECF70EFB02000B003000390017
:10DE6000BAE78F4A8F4B30003900ECF703FB020012
:10DE70000B0000208C49ECF7C5FD320004000D00BA
:10DE80003B0030003900ECF7F5FA0B0002002900E6
:10DE90002000ECF7EFFA009B02900391002B06D1D3
:10DEA00002000B0030003900ECF7ACFD7DE7009874
:10DEB000EDF7A2F9764A774B04000D00ECF7DAFA99
:10DEC000754A00900191754B20002900ECF7D2FAB9
:10DED00002000B0002980399ECF794FD32003B001E
:10DEE000ECF790FD02000B0000980199DCE780231D
:10DEF000DB05EBF717FB02000B0030003900EBF7F6
:10DF000075FE049005910098EDF776F9049A059B4B
:10DF10000690079110001900ECF7ACFA634A029BD7
:10DF20009446634402000B930B0008900991ECF7B0
:10DF3000A1FA04000D005E4A5E4BECF79BFA5E4AC4
:10DF40005E4BEBF7EFFA22002B00ECF793FA5C4AFA
:10DF50005C4BEBF7E7FA22002B00ECF78BFA5A4AFE
:10DF60005A4BEBF7DFFA089A099BECF783FA584A09
:10DF700008900991574B20002900ECF77BFA564A8C
:10DF8000564BEBF7CFFA22002B00ECF773FA544A0A
:10DF9000544BEBF7C7FA22002B00ECF76BFA0200A8
:10DFA0000B0008980999EBF7BDFA029A4E4B040052
:10DFB0009B1A0B9A0D001343002B34DD00223A4BC1
:10DFC00030003900ECF756FA32003B00ECF752FA19
:10DFD00002000B000290039120002900EBF7A2FA47
:10DFE000049A059BECF746FA009B04000D00002BF9
:10DFF00006D102000B0002980399ECF703FD4FE7EE
:10E00000234A244B06980799ECF734FA224A0090E9
:10E01000019106980799214BECF72CFA22002B006E
:10E02000EBF780FA54E702000B0030003900ECF700
:10E03000E9FC049A059BECF71DFA009B04000D0017
:10E04000002B02D102000B002CE7114A114B06985D
:10E050000799ECF70FFA104A00900191069807997A
:10E060000E4BECF707FA02000B002000290033E703
:10E070000020002199E6C046000050C30000504334
:10E08000FFFFEF7F01FCFFFF645F09000000F03F2E
:10E090000000E0FE422EE63F763C7935EF39EA3D5E
:10E0A000555555555555D53F0000E03F86EBF9FFD6
:10E0B00044523EDF12F1C23FDE03CB966446C73FB7
:10E0C000599322942449D23F935555555555E53FD0
:10E0D0009FC678D0099AC33FAF788E1DC571CC3FDB
:10E0E00004FA97999999D93F51B80600F0B595B0BF
:10E0F00002920393039B039A06935200029B5208D9
:10E1000004921A000F00049906000A4319D18021D5
:10E110000903794002000B0092185B419B498B4236
:10E1200006D801D000F0DEFC002A01D100F0DAFCB4
:10E13000029A039B30003900EBF7F4F9009001914B
:10E14000AFE0934A7C0008970E906408944209D887
:10E1500001D10028ECD104998D4A914202D80CD10A
:10E16000002B0AD08B4BFB183343E1D1802103985D
:10E17000090348400300029ACEE70025089A0A9452
:10E18000AA4268DA844A0499914263D8834A914248
:10E1900010D90A1582495218142A3BDD3421891AF4
:10E1A000029ACA4010008840984203D101210235EA
:10E1B0000A40AD1A002B3DD03000390000F0C2FCFF
:10E1C0000E9B00900191002B00D093E0754ABB009C
:10E1D0009B08934202D0002C00D08BE0069B002BC2
:10E1E00007DA009A019B00206E49EBF7FFFC0090D4
:10E1F0000191089B002B54DA664BE4182C4300D0A5
:10E200006DE0009A019B10001900ECF7FBFB020087
:10E210000B001CE0002BCFD114339A1A049B13413E
:10E22000190091400A0004998A4203D10122022573
:10E230001340ED1A5B4B049A9A4236D1069B009626
:10E240000197002B2DDA32003B0000205549EBF7F7
:10E25000CDFC73E70225002BAED1049B4C4A9342C0
:10E26000E8D14C4BE318334301D100F03BFC4B4B5E
:10E270009C4209D9069B002B01DA00F037FC029B77
:10E28000039C009301940CE0069B002B01DB00F043
:10E290002DFC802212069446029B0093039B63444C
:10E2A00001930098019915B0F0BD8023069ADB0513
:10E2B0009A4206D132003B0030003900ECF7DAF820
:10E2C0003CE7394B069A9A4200D075E7089B002B31
:10E2D00000DA71E730003900FFF706FB2EE7012D69
:10E2E000DFD10098802102000198090643180092AE
:10E2F0000193D6E7FB0F013B1A002A4304D13200F9
:10E300003B003000390080E7013D00221D4315D05D
:10E31000244B089209938423049ADB059A4200D87F
:10E3200002E1224B9A4212D91C4B9C4208D8069B10
:10E33000002B08DA002000F09BFCFFE61C4BE8E70E
:10E34000069B002BF6DC002000F08BFCF6E6194B58
:10E350009C420BD80898099900230022EAF75EF83E
:10E36000431E9841069B002BEEDAE4E70D4B00229A
:10E370009C4221D9089809990023EAF74FF8431ED7
:10E380009841069B002BD6DCDEE7C0460000F0FF7C
:10E390000000F07F000010C0FFFF3F43FFFFEF3F92
:10E3A00001FCFFFF0000F03F0000E03F0000F043F1
:10E3B0000000F0BFFEFFEF3F009801994F4BECF7D4
:10E3C00021FBC0224E4BD20506000F00ECF752F89D
:10E3D0004C4A049005914C4B30003900ECF74AF858
:10E3E000002200900191494B30003900ECF742F8CF
:10E3F00002000B0046484749ECF704FB32003B00A3
:10E40000ECF738F802000B0000204349ECF7FAFA69
:10E41000320004000D003B0030003900ECF72AF810
:10E4200002000B0020002900ECF724F83B4A344B93
:10E43000ECF720F802000B0000980199ECF7E2FAE3
:10E4400002000B0004000D0004980599EBF76AF830
:10E45000049A059B002000900191ECF7D3FA02008A
:10E460000B0020002900ECF7CDFA029B039C0493DB
:10E47000059400230493049C059D06000F00029858
:10E48000039922002B00ECF7BDFA009A019BEBF7F1
:10E49000F1FF029A039B0690079130003900EBF7D9
:10E4A000E9FF02000B0006980799EBF73BF8220002
:10E4B0002B000290039100980199EBF7DBFF0B0012
:10E4C000020006000F0002980399EBF72BF800906A
:10E4D0000191019C124B06949C4200DC22E2114AFD
:10E4E000A318009A134300D1A0E1089809990023CA
:10E4F0000022E9F793FF431E98411CE70000F03F1C
:10E500004715F73F44DF5DF80BAE543E0000D03FA7
:10E51000555555555555D53F0000E03FFE822B65BA
:10E52000FFFF8F40000070BFE04B00223B420BD149
:10E53000009801990022DE4BEBF79CFF35220090FA
:10E540000191019B52420A930A9BDA491B155B1801
:10E550009B180E930A9BD84D1B03D84A1B0B002611
:10E560001D43934209DDD64A0136934205DD0E9BD9
:10E570009B1900260E93D34BED18009801992900A2
:10E58000D14BF2009B185C681B680F920A930B94A6
:10E590001A0023000C900D91ECF734FA0C9A0D9BA5
:10E5A000109011910A980B99EAF7BCFF02000B003A
:10E5B0000020C149EBF71AFB02000B0012901391E7
:10E5C00010981199EBF756FF06900791069B079C50
:10E5D0008021049305948020002300226D1089057A
:10E5E000049329430003049B059C0918009301949C
:10E5F000B6048B190098019914001D00EBF73AFF3F
:10E6000002000B0010981199ECF7FCF90A9A0B9B89
:10E6100006000F0020002900ECF7F4F902000B00BF
:10E620000C980D99ECF7EEF9009A019BEBF722FF9D
:10E6300002000B0030003900ECF7E4F9129A139B4A
:10E64000EBF718FF069A079B0A900B911000190030
:10E65000EBF710FF06000F009C4A9D4BEBF70AFFFB
:10E660009C4A9D4BEAF75EFF32003B00EBF702FF4E
:10E670009A4A9B4BEAF756FF32003B00EBF7FAFE53
:10E68000984A994BEAF74EFF32003B00EBF7F2FE57
:10E69000964A974BEAF746FF32003B00EBF7EAFE5B
:10E6A000944A954BEAF73EFF320004000D003B0010
:10E6B00030003900EBF7DEFE02000B0020002900DD
:10E6C000EBF7D8FE009A019B04000D00069807990D
:10E6D000EAF728FF0A9A0B9BEBF7CCFE22002B00EF
:10E6E000EAF720FF009A019B0C900D911000190091
:10E6F000EBF7C0FE0022814B04000D00EAF712FF89
:10E700000C9A0D9BEAF70EFF00200F000600020096
:10E710000B0000980199EBF7ADFE002200900191EB
:10E72000764B30003900ECF76DF922002B00ECF746
:10E7300069F902000B000C980D99ECF763F9069A41
:10E74000079BEBF797FE320004000D000A980B9927
:10E750003B00EBF78FFE02000B0020002900EAF7D8
:10E76000E1FE04000D0002000B0000980199EAF799
:10E77000D9FEE0220020624B120606000F00EBF7E4
:10E7800079FE06900791009A019B30003900ECF762
:10E7900039F902000B0020002900ECF733F9594A3F
:10E7A000574BEBF767FE584A04000D003000390064
:10E7B000564BEBF75FFE02000B0020002900EAF742
:10E7C000B1FE0F9A524B9B181A685B68EAF7AAFED3
:10E7D0000A900B910E98ECF70FFD04000D000698BF
:10E7E00007990F9A4B4B9B181E685F680A9A0B9B00
:10E7F000EAF798FE32003B00EAF794FE22002B0075
:10E80000EAF790FE002022002B0000900191ECF727
:10E81000F9F832003B00ECF7F5F8069A079BECF7A5
:10E82000F1F802000B000A980B991CE63A4A3B4BA0
:10E8300002980399EAF776FE32003B0004900591B6
:10E8400000980199ECF7DEF802000B000498059996
:10E85000E9F7F8FD002800D047E68025304B6D032E
:10E860002415E4182B002341069A12499B185A00DC
:10E87000144C520D521814411C40210014241B0347
:10E880001B0B2B43A21A13410093069B0020002B65
:10E8900002DA009B5B42009302000B00300039005B
:10E8A000ECF7B0F806000F0065E0C0460000F07F0E
:10E8B0000000404301FCFFFF0000F03F8E98030082
:10E8C00079B60B000000F0FF38EF0108EF4E454A23
:10E8D000287ECA3F65DBC9934A86CD3F01411DA909
:10E8E0006074D13F4D268F515555D53FFFAB6FDB3F
:10E8F000B66DDB3F033333333333E33F000008406F
:10E9000009C7EE3FFD033ADCF5015B14E02F3EBE84
:10E9100018EF010828EF0108FE822B654715973C88
:10E9200002FCFFFF019B5C00724B64089C421CD9F7
:10E93000714A019B9B18009A134308D008980999C3
:10E9400000230022E9F76AFD431E9841FCE43200EF
:10E95000009801993B00ECF755F8029A039BE9F700
:10E960007BFD0028EAD1654C77E7049A644B00925E
:10E970009C4200D971E7029A039B30003900EAF704
:10E98000D1FD002000225F4B04900591EBF772FD52
:10E9900032003B000690079104980599ECF732F895
:10E9A00002000B0002980399ECF72CF8564A574BDB
:10E9B000EBF760FD564A04000D0004980599554B8D
:10E9C000EBF758FD02000B0020002900EAF7AAFD32
:10E9D00004000D0002000B0006980799EAF7A2FD5B
:10E9E000069A079B06000F00ECF70CF802000B00DC
:10E9F00020002900ECF706F83200029003913B005A
:10EA000030003900EBF736FD04000D00424A434B5D
:10EA1000EBF730FD424A434BEBF7F4FF22002B00AB
:10EA2000EBF728FD404A414BEAF77CFD22002B0022
:10EA3000EBF720FD3E4A3F4BEBF7E4FF22002B00B3
:10EA4000EBF718FD3C4A3D4BEAF76CFD22002B002A
:10EA5000EBF710FD02000B0030003900EBF7D2FF9E
:10EA600004000D0002000B0030003900EBF702FD3E
:10EA7000802304900591002220002900DB05EBF79C
:10EA8000C1FF02000B0004980599EBF7AFF8029A5A
:10EA9000039B04000D0030003900EBF7EBFC029AF9
:10EAA000039BEAF73FFD02000B0020002900EBF773
:10EAB000A9FF32003B00EBF7A5FF02000B0000208E
:10EAC0001F49EBF79FFF009B1B055B181A15002AD7
:10EAD00006DC009A00F03AF8089A099BFFF7EEFB73
:10EAE0001900F9E70023164CFFF7CBFB00230024A5
:10EAF000FFF7C7FBFFCB904000346F3F00CC904046
:10EB00000000E03F432EE63FEF39FAFE422EE63F9B
:10EB1000396CA80C615C20BED0A4BE726937663E19
:10EB2000F16BD2C541BDBB3E2CDE25AF6A56113F0D
:10EB300093BDBE166CC1663F3E5555555555C53FF4
:10EB40000000F03F49004B08190070474B0070B5BA
:10EB50005B0D14000D00002B0FD14B005B0803432D
:10EB600012D0234B0022EBF785FC224B9C420CDA9F
:10EB7000214A224BEBF77EFC06E0214A934208D162
:10EB800002000B00EAF7CEFC70BD0D004B005B0DE0
:10EB9000363B1C4A94420ADD1B4C1C4D002901DA0D
:10EBA000194C1B4D184A194B20002900E2E7E218C6
:10EBB000184B9A42F0DC002A05DD174B12052B405A
:10EBC0001A431100E0E71300353308DA0A4C0B4D05
:10EBD000002901DA084C114D074A084BE4E70E4BB7
:10EBE00036321D4012052A4311000D4B0022C1E7A9
:10EBF00000005043B03CFFFF59F3F8C21F6EA5015F
:10EC0000FF07000050C300009C7500883CE4377E7D
:10EC10003CE437FEFE070000FFFF0F801F6EA5815A
:10EC20000000903C70B50D0016000400FEF742FC99
:10EC300029000660200070BD37B514001D000028B3
:10EC400002D0802109065B1800920193009A019B73
:10EC500020002900EBF70EFC2222FFF7E3FF03B0B0
:10EC600030BD802310B500225B05FFF7E5FF10BD26
:10EC7000E02310B50022DB05FFF7DEFF10BD00002A
:10EC8000F8B5C046F8BC08BC9E467047F8B5C0460B
:08EC9000F8BC08BC9E46704769
:10EC9800A089B0E1E995B23FECC039234A7BC33F74
:10ECA8000A68226C787ACD3FB81E85EB51B8DE3FF2
:10ECB800000000000000F03F0F9C33A2B437F93F7A
:10ECC8008A1F63EE5A420140A54E40136143064035
:10ECD800EF38454772790940000000003F80000086
:10ECE8000000000053544D5F31302E30000000000A
:10ECF800068C0008368B00084E8B00086C8B0008C9
:10ED08004E8B0008B08B00084E8B00086C8B0008F7
:10ED1800368B0008368B0008B08B00086C8B000817
:10ED2800568B0008568B0008568B0008BA8B0008D3
:10ED3800368B0008368B00084E8B0008448C000880
:10ED48004E8B0008B08B00084E8B0008448C0008DE
:10ED5800368B0008368B0008B08B0008448C0008FE
:10ED6800568B0008568B0008568B0008D49C000868
:10ED7800C69C0008A49C0008D09C0008A49C00081D
:10ED8800BA9F0008A49C0008D09C0008C69C0008F4
:10ED9800C69C0008BA9F0008D09C00088C9C0008FC
:10EDA8008C9C00088C9C00082CA00008BC3401082E
:10EDB800EA330108F833010806340108143401085D
:10EDC80022340108303401083E3401084C3401086B
:10EDD8005A3401086834010876340108843401087B
:10EDE80092340108A0340108AE34010860360108E5
:10EDF8008E3501089C350108AA350108B835010887
:10EE0800C6350108D4350108E2350108F035010896
:10EE1800FE3501080C3601081A36010828360108A3
:10EE28003636010844360108523601080000000051
:10EE380000000000000000000000000000000000CA
:10EE480000000000000000000000000001000000B9
:10EE5800020000000300000004000000060000009B
:10EE68000700000008000000090000000000000082
:10EE78000000000000000000000000000100000089
:10EE8800020000000300000004000000B260010856
:10EE9800B8600108C2600108CC600108DA600108A6
:10EEA800E4600108F26001080061010812610108CC
:10EEB80024610108010002000400060008000A009D
:10EEC8000C00100020004000800000010101010337
:10EED8000701000008040204080101010000000005
:10EEE800763C7935EF39EA3D763C7935EF39EABD3C
:10EEF8000000E0FE422EE63F0000E0FE422EE6BFA4
:10EF0800000000000000E03F000000000000E0BF3B
:10EF1800000000000000000006D0CF43EBFD4C3E8F
:10EF280000000000000000000000004003B8E23FBD
:10EF3800000000000000F03F000000000000F83F63
:08EF48004496FE7F0100000069
:04EF5000E580000850
:04EF5400BD80000874
:10EF58000000000000002E400000000000002E40CD
:10EF68000E2DB29DEFFF584009000000210000005F
:10EF780000080050010000000008005002000000D6
:10EF880000080050040000000008005008000000BD
:10EF98000008005010000000000800502000000089
:10EFA80000080050400000000008005080000000E9
:10EFB800000400500001000000040050000200009E
:10EFC8000004005000040000000400500008000085
:10EFD8000004005000100000000400500020000051
:10EFE80000040050004000000004005000800000B1
:10EFF800000C005020000000000C005040000000F1
:10F00800000C005000020000000C0050000100003D
:10F01800000000500800000000000050040000003C
:10F02800000C005001000000000400500400000023
:10F038000008005000010000000800500004000013
:10F0480000080050000200000008005000080000FE
:10F058000008005000200000000C005004000000D0
:10F0680000040050080000000000005000080000E4
:10F0780000080050001000000004005010000000BC
:10F088000004005020000000010101010024F400E8
:10F0980001000000010000000F0000000400000053
:10F0A8000700000000000000000000000080614030
:10F0B8000000000000005440000000000000004074
:10F0C8000000000000F891400000000000E08540CA
:10F0D8000100000000010000010000000100000024
:10F0E80000000000000000000F0000000400000005
:10F0F8000600000000000000000000000000394089
:10F108000000000000C06240000000000000004055
:10F118000000000000C0924000000000000089408C
:10F1280001000000000100000100000002000000D2
:10F1380000000000000000000F00000004000000B4
:10F148000800000000000000000000000000394036
:10F158000000000000406F40000000000000084070
:10F1680000000000005094400000000000008940AA
:10F178000100000000010000010000000400000080
:10F1880000000000000000000000000000D08640E1
:10F198000000000000006940000000000000694015
:10F1A80000000000000069400F000000010000009E
:10F1B8000900000009000000010000000000000034
:10F1C8000000000000010B01010000000400000025
:10F1D80001000000880200200000000000660020F6
:10F1E80068660020D06600200000000000000000D3
:10F1F8000000000000000000000000000000000007
:10F2080000000000000000000000000000000000F6
:10F2180000000000000000000000000000000000E6
:10F22800000000000000000059F3F8C21F6EA5019D
:08F23800000000000000F03F9F
:0400000508018E1947
:00000001FF
