:020000040800F2
:1080000000900020514A0108E5080108E70801082E
:108010000000000000000000000000000000000060
:10802000000000000000000000000000E908010856
:108030000000000000000000EB080108ED08010846
:10804000A14A0108A14A0108A14A0108A14A010860
:10805000A14A0108A14A0108A14A0108A14A010850
:10806000A14A0108F5080108A14A0108A14A01082E
:10807000A14A0108A14A0108A14A0108A14A010830
:10808000A14A010805090108150901082509010887
:10809000A14A01083509010845090108A14A01085A
:1080A000A14A0108A14A0108A14A0108550901088D
:0C80B000A14A0108A14A0108A14A0108E8
:1080BC0010B5064C2378002B07D1054B002B02D0B2
:1080CC00044800E000BF0123237010BDA80200206B
:1080DC0000000000288C0108044B10B5002B03D0C5
:1080EC000349044800E000BF10BDC046000000007A
:1080FC00AC020020288C010802B4714649084900E2
:10810C00095C49008E4402BC7047C04603B47146FA
:10811C00490840004900095E49008E4403BC704781
:10812C00002243088B4274D303098B425FD3030AAA
:10813C008B4244D3030B8B4228D3030C8B420DD3BD
:10814C00FF22090212BA030C8B4202D3121209024B
:10815C0065D0030B8B4219D300E0090AC30B8B4289
:10816C0001D3CB03C01A5241830B8B4201D38B0337
:10817C00C01A5241430B8B4201D34B03C01A5241DC
:10818C00030B8B4201D30B03C01A5241C30A8B421F
:10819C0001D3CB02C01A5241830A8B4201D38B020A
:1081AC00C01A5241430A8B4201D34B02C01A5241AE
:1081BC00030A8B4201D30B02C01A5241CDD2C30920
:1081CC008B4201D3CB01C01A524183098B4201D39C
:1081DC008B01C01A524143098B4201D34B01C01A87
:1081EC00524103098B4201D30B01C01A5241C308FF
:1081FC008B4201D3CB00C01A524183088B4201D36E
:10820C008B00C01A524143088B4201D34B00C01A59
:10821C005241411A00D20146524110467047FFE7C5
:10822C0001B5002000F0F0F802BDC0460029F7D0DF
:10823C0076E7704703460B437FD4002243088B42FA
:10824C0074D303098B425FD3030A8B4244D3030BD1
:10825C008B4228D3030C8B420DD3FF22090212BA96
:10826C00030C8B4202D31212090265D0030B8B4212
:10827C0019D300E0090AC30B8B4201D3CB03C01AFC
:10828C005241830B8B4201D38B03C01A5241430BD7
:10829C008B4201D34B03C01A5241030B8B4201D3C7
:1082AC000B03C01A5241C30A8B4201D3CB02C01A32
:1082BC005241830A8B4201D38B02C01A5241430AAA
:1082CC008B4201D34B02C01A5241030A8B4201D399
:1082DC000B02C01A5241CDD2C3098B4201D3CB0140
:1082EC00C01A524183098B4201D38B01C01A5241EF
:1082FC0043098B4201D34B01C01A524103098B42F3
:10830C0001D30B01C01A5241C3088B4201D3CB00DD
:10831C00C01A524183088B4201D38B00C01A5241C0
:10832C0043088B4201D34B00C01A5241411A00D270
:10833C0001465241104670475DE0CA0F00D04942D9
:10834C00031000D34042534000229C4603098B4249
:10835C002DD3030A8B4212D3FC22890112BA030AD1
:10836C008B420CD3890192118B4208D38901921153
:10837C008B4204D389013AD0921100E08909C309D8
:10838C008B4201D3CB01C01A524183098B4201D3DA
:10839C008B01C01A524143098B4201D34B01C01AC5
:1083AC00524103098B4201D30B01C01A5241C3083D
:1083BC008B4201D3CB00C01A524183088B4201D3AC
:1083CC008B00C01A5241D9D243088B4201D34B00C7
:1083DC00C01A5241411A00D20146634652415B1009
:1083EC00104601D34042002B00D5494270476346EA
:1083FC005B1000D3404201B5002000F005F802BD2F
:10840C000029F8D016E770477047C0468446100024
:10841C0062468C461900634600E0C0461FB502F068
:10842C0083F9002801D40021C8421FBD10B502F009
:10843C00C7F84042013010BD10B502F075F90028A4
:10844C0001DB002010BD012010BDC04610B502F0AC
:10845C006BF9002801DD002010BD012010BDC046C5
:10846C0010B502F0F1F8002801DC002010BD01204D
:10847C0010BDC04610B502F0E7F8002801DA002064
:10848C0010BD012010BDC046844608006146FFE7C0
:10849C001FB500F0FBFC002801D40021C8421FBD11
:1084AC0010B500F083FC4042013010BD10B500F057
:1084BC00EDFC002801DB002010BD012010BDC046E2
:1084CC0010B500F0E3FC002801DD002010BD0120F8
:1084DC0010BDC04610B500F091FC002801DC002056
:1084EC0010BD012010BDC04610B500F087FC00285F
:1084FC0001DA002010BD012010BDC046002B11D1A7
:10850C00002A0FD1002900D1002802D00021C94334
:10851C00080007B4024802A14018029003BDC046EF
:10852C00E9FEFFFF03B4684601B5029800F06AF853
:10853C00019B9E4602B00CBC7047C046F0B5CE46BF
:10854C009946030C9C46130447461B0C1D000E0059
:10855C0061460404240C80B50700100C4B436543A2
:10856C00414360432C0CC01824188C46A34203D9F9
:10857C0080235B029846C444494679435643230CF6
:10858C002D042D0C8919634424046019C918C0BC2E
:10859C00B946B046F0BDC0469E2110B5C905041CB5
:1085AC00FFF7A2FF002803D1201C01F075F810BDC5
:1085BC009E21201CC90500F00BFE01F06DF88023F4
:1085CC001B069C466044F2E770B500220C4B04007D
:1085DC000D00FFF74FFF002804D12000290003F005
:1085EC0023F870BD064B00222000290002F0F0FB9E
:1085FC0003F01AF880231B069C466044F1E7C04642
:10860C000000E041F0B557464E464546DE46E0B523
:10861C0004000D009246994683B08B4230D82DD081
:10862C004946504603F076F929000600200003F075
:10863C0071F9331A9846203B34D49B4653465A461C
:10864C00934042461F00534693401E00AF423BD816
:10865C00AF4200D179E05B46A41BBD41002B00DA90
:10866C0076E0002200230092019301235A469340A6
:10867C000193012342469340009329E08242CFD9D3
:10868C0000220023009201930C9B002B01D01C6054
:10869C005D600098019903B0F0BCBB46B246A94698
:1086AC00A046F0BD42469B4620239B1A5246DA4018
:1086BC00414613004A468A40170042461F43534620
:1086CC0093401E00AF42C3D90022002300920193B5
:1086DC004346002BD8D0FB0772081A4346467B084A
:1086EC000EE0AB4201D1A2420CD8A41A9D4101204C
:1086FC0024196D410021013E24184D41002E06D055
:10870C00AB42EED9013E24196D41002EF8D10098F0
:10871C0001995B4600196941002B24DB2B005A465A
:10872C004446D3402A00E2401C005B461500002B57
:10873C002ADB26009E40330026004746BE4032000E
:10874C00801A9941009001919EE7A342BCD882E720
:10875C004246202300219B1A002200910192012203
:10876C00DA40019285E7424620239B1A2A004646AE
:10877C009A402300F340444613432A00E2401C0075
:10878C005B461500002BD4DA42462F00202326002E
:10879C0097409B1ADE403B003343CDE7F8B54B02C4
:1087AC005A0A94464A00C90FCE46474689464500A8
:1087BC0046022D0E120E80B59909770AC40FB60920
:1087CC00AB1A4C4520D0002B0CDD002A34D10029EB
:1087DC002AD05A1E012B00D18FE0FF2B00D1CDE007
:1087EC0013002FE0002B60D0531B002D00D0EEE0C7
:1087FC00002E00D13EE15C1E012B00D16BE1FF2B62
:10880C0000D1B9E02300E7E0002B00DCA4E0002A53
:10881C0069D0FF2D00D1B1E08022D20411431B2B73
:10882C0000DCE9E02B000536F708FF2B00D1A5E0B2
:10883C007A02520AD8B230E0FF2D00D19EE080229D
:10884C00D204114301201B2B08DC08002022D84045
:10885C00D31A99400B005A1E93411843361A7301D0
:10886C0000D471E0B601B709380003F035F83B00CD
:10887C000538834085424DDDB44E2D1A1E405A07F3
:10888C0068D00F221340042B64D00436730161D5D9
:10889C00681CFE2D54D1FF200022C0051043E407B4
:1088AC002043C0BCB946B046F8BDFE229046681CB9
:1088BC000200404610426BD1002D00D0DDE0002EAE
:1088CC0000D102E10029B3D08022771AD2041742DA
:1088DC0000D136E14C468E1B61D00120164230D1BE
:1088EC000023F708A4E700299ED05A1E012B00D1C3
:1088FC00CAE0FF2B42D0130091E7711A4B0100D450
:10890C00D1E08F01BF09380002F0E6FF3B000538CB
:10891C00834001252022401B0130121A1E00934077
:10892C00C6405A1E93411E4339D0730700D11BE138
:10893C000F2300253340042BA7D1012072017CD5D5
:10894C00C0B2B201520AA8E7730703D00F23334019
:10895C00042B9AD12B0067E7002B23D0531B002D3F
:10896C007BD1002E00D186E05D1E012B00D18BE067
:10897C00FF2B02D02B0075E04C466746002F00D130
:10898C0089E78022D2033A435202FF20520A84E73D
:10899C00771A7B016BD4002F00D065E700240020F0
:1089AC0000227AE7FE226B1C1A4249D1002D00D01E
:1089BC009FE0002E00D1BAE0002900D1CFE0721860
:1089CC00530100D4CDE092010120520A65E7FF2A41
:1089DC00D2D08020C004064301201B2B08DC3000C1
:1089EC002024D840E31A9E4033005C1EA341184358
:1089FC004C4615000E1A32E708002022D840D31A34
:108A0C0099400B005A1E93410343F61873019BD5F2
:108A1C000135FF2D00D13EE701234D49720833404B
:108A2C000A401A431600530704D00F231340042B9B
:108A3C0000D02AE7730100D52AE72B00F708F7E6E8
:108A4C00FF2B00D127E7711849084A072FD00F22B6
:108A5C000A40042A2BD00E1DE6E6FF2A8DD080207A
:108A6C00C00406431B2B24DD13004E1DDCE64C46D4
:108A7C008F1BF9E64C460E00D6E6002E49D1002994
:108A8C0068D067464C467CE77018430174D5304972
:108A9C0040080140430709D00F230340042B05D0A5
:108AAC0002230E1DC0E60123CF08C1E60223CF0826
:108ABC00BEE620253000D840EB1A9E4033005D1EE8
:108ACC00AB41034315005E18A0E7002900D165E710
:108ADC004C466746ACE68F1B7B012ED5BF01BF0908
:108AEC00380002F0F9FE3B00053883404C46013556
:108AFC0010E7002E00D140E7002900D141E7802388
:108B0C00DB039F4200D23CE79C4500D339E7674624
:108B1C0037E7002900D134E78023DB039F4200D2E2
:108B2C002FE79C4500D32CE74C46674629E70029E4
:108B3C0000D134E70023CF087AE64C460123FF0826
:108B4C0076E6002F00D129E7FF0871E6FFFFFFFB57
:108B5C00FFFFFF7D80220024FF20D2039DE600232F
:108B6C0066E60023D70863E60120720100D5E7E62C
:108B7C0031000023CF085BE60123C70858E6C04646
:108B8C00F0B546464F46D6464502C0B5C30F470022
:108B9C0098460E1C6D0A3F0E5BD0FF2F21D0802310
:108BAC00ED00DB041D43002399469A467F3F740277
:108BBC007300640A1B0EF60F002B20D0FF2B43D042
:108BCC0080220020E400D20414437F3B4246FF1A6B
:108BDC004B4672400F2B00D99DE071499B00CB583E
:108BEC009F46002D5AD108239946063B74029A469B
:108BFC007300FF27640A1B0EF60F002BDED1002C2E
:108C0C003BD1012342464946724019430E2918D8DC
:108C1C006448890041588F465346022B00D1B8E076
:108C2C00032B6ED042462C00012B40D10020002497
:108C3C00C0052043D2071043E0BCBA46B146A84653
:108C4C00F0BDFF200024F3E7002C20D10223FF3FCE
:108C5C00D8E7002D05D104239946033B00279A46FB
:108C6C00A5E7280002F038FE7627431F9D4000231D
:108C7C007F4299469A463F1A99E7200002F02CFE53
:108C8C00431F9C4076235B421B1A00209EE7032364
:108C9C004A461A4391460320FC3397E70C23994626
:108CAC00093BFF279A4682E703282CD03200380074
:108CBC007F30002847DD630704D00F232340042BAB
:108CCC0000D00434230103D53800374B80301C40CE
:108CDC00FE28B6DCA401640AC0B2A9E780240022F5
:108CEC00FF20E403A4E78023DB031D4201D01C42D8
:108CFC000BD08024E4032C4364024246FF20640A18
:108D0C0096E746462C008023DB031C4364023200AA
:108D1C00FF20640A8CE76D01600185422DD21B2374
:108D2C000024013F0126290064006D00002901DBAD
:108D3C00854201D32D1A3443013B002BF3D16B1E1A
:108D4C009D412C43B3E701231B1A1B2B00DD6DE760
:108D5C0021009E37D940BC400B00611E8C4123433F
:108D6C00590704D00F211940042900D004335901AC
:108D7C0013D49B0100205C0A5AE71A2301242D1AF4
:108D8C00D0E7981E43425841404232000024C0B202
:108D9C004EE74246FF2000244AE70120002447E723
:108DAC00948C0108D48C0108FFFFFFF770B54200CA
:108DBC004E024C0045026D0A120EC30F760A240EA9
:108DCC00C90FFF2A10D0FF2C0CD00120A2420AD1CF
:108DDC00B54208D18B420FD0002A04D12800431E83
:108DEC00984100E0012070BD0120FF2CFBD13543E0
:108DFC00F9D14B401800F6E70020F4E730B54200FB
:108E0C0044024D02C30F4800640A120E6D0A000E94
:108E1C00C90FFF2A18D0FF280AD0002A1ED100281B
:108E2C000AD1002D29D0002C2DD14800013830BD9D
:108E3C00002D25D1002A01D1002CF6D08B4219D05F
:108E4C0001205B421843F2E7002C19D1FF28F7D11F
:108E5C00002D15D100208B42F2D1E8E70028EFD08D
:108E6C008B42EDD18242EBDC04DBAC42E8D8002033
:108E7C00AC42DCD258000138D9E7002CD7D0DFE760
:108E8C0002204042D3E78B42DAD1EEE730B5420004
:108E9C0044024D02C30F4800640A120E6D0A000E04
:108EAC00C90FFF2A17D0FF280AD0002A1BD100288F
:108EBC000AD1002D1DD0002C2DD14800013811E015
:108ECC00002D0ED1002A01D1002CF6D08B420CD1F2
:108EDC005800013806E0002C03D1FF2805D1002DE5
:108EEC0015D0022030BD002806D101205B4218436A
:108EFC00F8E7002CF6D0F8E78B42F6D18242F4DC8E
:108F0C00E6DBAC42F1D80020AC42EBD2E0E700202B
:108F1C008B42EAD1E6E78B42E7D1F2E7F0B54F4658
:108F2C004646D6464400C0B546020F1C760A240EAF
:108F3C00C50F002C00D1DAE0FF2C74D08023F60092
:108F4C00DB041E43002399469A467F3C7B025B0A56
:108F5C0098467B001B0EFF0F002B74D0FF2B00D10B
:108F6C008EE042468021D200C90411437F3B2A0087
:108F7C00E4184B467A408846D2B20A2B75DC4B4635
:108F8C000020022B0FDD494601238B40A621C9008E
:108F9C000B4269D1902189000B4200D000E188215D
:108FAC00194200D0F5E041460904090C434608007B
:108FBC00350C36041B0C360C704369435E435D4321
:108FCC007618030C9B19994203D9802149028C46CF
:108FDC00654400041904000C09188E01701E8641AA
:108FEC001B0C890E5B190E439B011E431B016CD499
:108FFC0023007F33002B00DCB1E0150071070BD090
:10900C000F2021003040042806D00436320103D54D
:10901C006E4B1E400B008033FE2B00DDBDE0B20119
:10902C00520ADBB248E0002E00D092E008239946A9
:10903C00063B9A467B025B0A98467B00FF241B0E7C
:10904C00FF0F002B8AD14246002A64D149460132D7
:10905C00114389460A2908DC7D400120EAB2022925
:10906C0091DC1500002227E015005346022B00D19D
:10907C0093E0032B1AD0012B2CD1002300221BE0F0
:10908C004346FF34002B55D003214B460B431900AC
:10909C000A2B00DC92E00F2B00D08CE08022D20354
:1090AC00164203D04346134200D17DE08022D20306
:1090BC0032435202520AFF23D805ED0710432843CE
:1090CC00E0BCBA46B146A846F0BD012315007108B4
:1090DC001E400E4323008033611C002B41DD7207C0
:1090EC0094D00F223240042A00D08EE78EE7002E57
:1090FC0005D104239946033B00249A4626E7300009
:10910C0002F0EAFB7624431F9E40002364429946FA
:10911C009A46241A1AE7404602F0DEFB4B46241A04
:10912C00763C0A2BA1DC4346053883407D409846AB
:10913C00EAB224E74A46023313432A007A40D2B2F9
:10914C000A2B92DC49461500002926D099460220AC
:10915C0019E70C239946093BFF249A46F6E61500BD
:10916C0021000122D31A1B2B00DD86E79E31320031
:10917C008E40DA40731E9E413243530704D00F23B6
:10918C001340042B00D00432530110D501230022CC
:10919C0092E73D004646824667E7FF2300228BE7B5
:1091AC0080220025D20386E73D001A4383E7920113
:1091BC000023520A80E73D00464677E72A00012348
:1091CC007A408B400320D2B2E9E6C046FFFFFFF79E
:1091DC00F8B54746CE46430280B55F0A9B09450069
:1091EC004A009C464B02C40FCE0F2D0E580A120E8D
:1091FC009909FF2A6BD001235E40AB1AB4424BD0C5
:10920C00002B00DCFFE0002A00D188E0FF2D00D10C
:10921C00EFE08022D204114301201B2B08DC080054
:10922C002022D840D31A99400B005A1E9341184360
:10923C0063461B1A9C4663465B0100D4CDE0634633
:10924C009F01BF09380002F047FB3B000538834003
:10925C00854200DCA2E0B74A2D1A1A4094465A0700
:10926C0000D1C3E00F221340042B00D1BEE0042335
:10927C009846C44463465B0100D4B7E0681CFE2DDD
:10928C0000D0A5E0FF200022C0051043E4072043D6
:10929C00C0BCB946B046F8BD002B00DCEBE1002A9F
:1092AC0046D0FF2D00D1A4E08022D20411431B2B09
:1092BC0000DCFBE0052398462B00C4446246D7082B
:1092CC00FF2B00D195E07A02520AD8B2DCE72B00D2
:1092DC00FF3B9946002918D101235E40B44200D1CE
:1092EC00CAE04B46002B2DD0002D00D03CE1FF23D3
:1092FC006446002C00D15FE15D1E012B00D174E1AE
:10930C003400FF2B74D02B0003E1B44200D19CE05D
:10931C00002B17D0002DEAD0070034006CE0002998
:10932C00CCD05A1E012B2BD0FF2B62D0130073E72D
:10933C000029C3D05A1E012B00D11EE1FF2B58D09F
:10934C001300B4E7FE226B1C1A420DD1002D60D025
:10935C006346002B00D020E1002900D028E18022B8
:10936C000024FF20D2038FE763465F1A7B0100D5F0
:10937C00FEE0002F00D065E700240020002283E7E8
:10938C006346591A4B0100D419E18F01BF0938000B
:10939C0002F0A2FA3B000538834001252022401B35
:1093AC000130121A19009340C1405A1E93411943BF
:1093BC008C460B1EE1D05B0700D152E10F23002538
:1093CC000B40042B00D052E701204A0100D492E05C
:1093DC00C0B263469A01520A56E763465B0705D052
:1093EC000F2362461340042B00D040E72B0065E7A7
:1093FC000700002F00D145E78022D2033A435202E6
:10940C00FF20520A40E7002B79D1FE226B1C1A4236
:10941C00AAD16346002B00D1F5E0002900D1D1E0A0
:10942C005F1A8023DB041F4200D10EE16246012447
:10943C008A1A944600203440002A00D124E70120E7
:10944C001A42C6D10023D7083DE7002B17D0002DB8
:10945C0000D0AFE0FF236546002D00D1ADE05E1ECD
:10946C00012B00D189E0FF2BC2D01B2E00DCABE01E
:10947C004B1D9C46130021E74B46002B70D1FE225E
:10948C006B1C1A425ED1002D00D0C3E06346002B4A
:10949C0000D1D0E0002900D194E00A0062445301CD
:1094AC0000D4D8E092010120520AEDE608002022F7
:1094BC00D840D31A99400B005A1E934103439C4445
:1094CC0063465B0189D50135FF2D00D1DAE6624692
:1094DC0001231949134052080A401A4313009446B9
:1094EC005B0704D00F231340042B00D0BFE6634668
:1094FC005B0100D5C2E66346DF082B00E3E6531B95
:10950C00002D00D1F4E680206446C0040443A44638
:10951C00340001201B2B09DC20256046D840EB1AB7
:10952C0065469D402B005D1EAB4118430B1A9C46B3
:10953C00150080E6FFFFFFFBFFFFFF7DFE226B1C8B
:10954C001342A3D0FF2B00D19CE6614449084A0783
:10955C0049D00F220A40042A45D00A1D9446ADE694
:10956C00002D00D176E78DE63400FF2000228BE63B
:10957C0063460124CF1A344064E661444B016DD537
:10958C0048084449014043072CD00F230340042BC7
:10959C0028D00B1D9C46022390E6002900D12BE716
:1095AC008023DB039F4200D226E7984200D323E7B7
:1095BC000124344007001FE734008C467EE601236B
:1095CC00CF0880E600237EE620206546801B854080
:1095DC0063462800F340451EA84103439C461500F2
:1095EC008C446DE70223CF086DE60F1B7B0128D559
:1095FC00BF01BF09380002F06FF93B00053883400A
:10960C0034000125CAE6002900D1B5E60124070083
:10961C00344058E66346002B00D1E9E6002900D11E
:10962C00EAE68023DB039F4200D2E5E6984200D3B2
:10963C00E2E60700E0E6002900D19EE60023CF0811
:10964C0041E634000123FF083DE6002F00D193E6EC
:10965C000023FF0837E60023D70834E60123CF08A0
:10966C0031E680220B00D20401201340114200D0BD
:10967C00AEE6CF0827E6002B00D15FE7561B002D86
:10968C0001D13300E7E680236046DB0418438446AF
:10969C00EBE6C046FFFFFF7D41024200C30F490AC3
:1096AC000020120E7E2A03DD9D2A02DD094A98183D
:1096BC007047802000040143952A07DC9620821A0B
:1096CC00D1404842002BF3D10800F1E7963A914083
:1096DC00F7E7C046FFFFFF7F70B5002812D0C31715
:1096EC00C5185D40C40F280002F0F6F89E231B1A23
:1096FC00962B0FDC082838D0083885406D026D0A8F
:10970C00D8B202E0002400200025C0052843E4075D
:10971C00204370BD992B14DC421F95402A0015493B
:10972C00114055071CD00F252A40042A18D00431AB
:10973C00CA08490115D59F235202181A550AC0B2FE
:10974C00E3E705222900121AD14002001B32954092
:10975C002A00551EAA410A43064911405507E2D179
:10976C00CA085202550AD8B2CFE76D026D0A8E3084
:10977C00CBE7C046FFFFFFFB10B5041E0DD002F077
:10978C00ABF89E231B1A962B0CDC082834D0083817
:10979C0084406402640AD8B201E000200024C005B1
:1097AC00204310BD992B13DC421F9440144A2240D5
:1097BC0061071CD00F212140042918D00432D40891
:1097CC00520115D59F236402181A640AC0B2E6E749
:1097DC00020021001B3291400A00511E8A410521D2
:1097EC00091ACC401443064A22406107E2D1D4083E
:1097FC006402640AD8B2D2E76402640A8E30CEE7FF
:10980C00FFFFFFFBF0B54F464646D646C0B582B0CB
:10981C00009001910E034C00CD0F710A009E5F0069
:10982C00760F0E43009900920193C90089461903E3
:10983C007B0D9846019B490ADB0F9C46009B009AC6
:10984C005B0F0B434146640DD200611A654500D194
:10985C00A6E0002972DD4746002F00D1DDE0CC4F99
:10986C00BC4200D19AE10127382917DC80273F043C
:10987C003B431F2900DDDDE12027781A1F008740BC
:10988C00BA461700CF408446380057460743604617
:10989C008240CB40501E8241F61A17434B46DF1BC9
:1098AC00B94580414042361A330200D4FFE07602BB
:1098BC00760A002E00D13CE1300002F00DF80300D6
:1098CC00083B20213800CA1AD0409E4002009F401D
:1098DC0032439C4200DDA6E1181B0130091A3E0000
:1098EC008F40C6407B1E9F4113008B4037431F4364
:1098FC00C2403B0016000024134300D1DFE17B077C
:10990C0000D132E30F233A003B40042B04D03A1D24
:10991C00BA42BF417F42F619330200D423E39C4B79
:10992C0001349C4200D1B4E09A4B64051E40640D96
:10993C007707D20876021743360BACE0002900D12A
:10994C007EE04146091B002C00D060E13400484603
:10995C00044300D1C9E14C1E012900D12EE28C4DEB
:10996C00A94200D124E20127382C11DC21001F2947
:10997C0000DD0BE2202437004846641AA740C8409B
:10998C0007434846A040CE40441EA0419B1B0743C2
:10999C00D71BBA4292415242654644469E1A83E70F
:1099AC00002900DC9CE04746002F67D11F001743BD
:1099BC0000D1E4E0481E012900D19BE1744FB9426B
:1099CC0000D1EBE001270100382811DC1F2900DD54
:1099DC00C7E12027781A1F00844687401000C84032
:1099EC00074360468240CB40501E8241F618174315
:1099FC004F444F45804140423618330257D5644B93
:109A0C0001349C4245D00121624B7A081E403940FA
:109A1C000A43F7071743760871E71F00174300D175
:109A2C00ADE04F1EBC46012900D182E1584FB9422E
:109A3C0000D190E161460127382900DD2EE718E7B7
:109A4C00554F611C394200D0D0E0310048461F0010
:109A5C0001431743002C00D03DE1002900D1BCE1AB
:109A6C00002F00D0BFE14B460021D80877070743F1
:109A7C00F00806034C05360B640D0CE0444FBC4259
:109A8C0000D18BE001273829B2DC80273F043B430F
:109A9C009CE70026002724053443ED072C433800AF
:109AAC00210002B0E0BCBA46B146A846F0BD7B0727
:109ABC0004D00F233B40042B00D028E7F808344B8C
:109ACC0077070743F0089C4200D04AE23B0003436F
:109ADC0059D080263603064336032D4C360BDAE775
:109AEC00002961D04146091B002C00D1B9E0284C5B
:109AFC00A04500D1A5E10127382913DC80242404DA
:109B0C0026431F2900DDC8E1202437004846641A8B
:109B1C00A740C84007434846A040CE40441EA04141
:109B2C009B190743BF189742924152424446D6189C
:109B3C0063E7380001F0D0FE030018331F2B00DC64
:109B4C00BFE63A00083882409C4200DD83E01B1BD4
:109B5C00581C1F2800DCB4E117001F3BDF402028F5
:109B6C0005D040231B1A9A40531E9A4117430024D8
:109B7C00002F0AD07B0700D0C4E626009EE74B4698
:109B8C000C00D8089BE70027014C002683E7C04651
:109B9C00FF070000FFFF7FFFFE0700004B46770723
:109BAC00D8080743F00891E7CD4F611C39426BD1BF
:109BBC00310048460143002C00D04BE11F001743F5
:109BCC00002900D181E1002F00D14CE74A444A45DD
:109BDC008041F61840423618330200D5B0E1170028
:109BEC009146374300D03EE7002654E74946891A90
:109BFC008846C145BF41F11A7F42C91B0F0261D48F
:109C0C0047460F4300D1BDE00E00474651E6B54C28
:109C1C00A04500D100E10127382900DDB8E68024F9
:109C2C0024042643A3E6B04EE41A16407B0700D06A
:109C3C003FE743E70F001800203FF84084462029F7
:109C4C0003D04027791A8B401A43531E9A4163461E
:109C5C0017001F4322E6A448E11A10404707C0082A
:109C6C0007E734004846044300D1FAE04C1E0129B2
:109C7C0000D1D7E09B4FB94200D1E2E00127382C4C
:109C8C0000DD4FE721003CE7964CA14200D1DDE01E
:109C9C004A444A458041F31840421818C7075208F5
:109CAC0017434608520705D00F220C003A40042AED
:109CBC0000D02CE67607FF0837430009D9E60027C9
:109CCC000026E8E64946571ABA4292419E1B524278
:109CDC006546B61AEDE5002900D0C6E0002F67D125
:109CEC00802600257F4C3603D5E665460C001E0009
:109CFC00D008E4E64A444A458041F318404218181B
:109D0C001100030200D496E0774B49081840C307B2
:109D1C000B434408490700D129E10F221A40042AB9
:109D2C0000D1EAE01F1D9F42B6417642361902244B
:109D3C00C4E649468F1AB9458041F61A4042361A94
:109D4C00330206D47307FF0801211F43F00890E685
:109D5C0065460124ABE54B467707D8080743F00866
:109D6C00B4E60F001800203FF8408446202903D0A9
:109D7C004027791A8B401A43531E9A4163461700A9
:109D8C001F4335E600250024002684E60C00350030
:109D9C00203CE540202905D04024611A8E404946DC
:109DAC00314389464846411E884107002F43EFE561
:109DBC00D2085F0765461743D80887E6171ABA42D8
:109DCC0092419E1B5242B61A3302C1D47307FF084C
:109DDC00654601211F43F0084BE6002F7BD06546FA
:109DEC001E0091463FE6811A8846C145A441F11AEE
:109DFC006442091B80242404214277D0101A824229
:109E0C00924107009E1B5242B61A374300D0A0E085
:109E1C006546002400263EE65F07D20865461743D8
:109E2C00D80853E6811891429241F018524280189A
:109E3C00030200D568E74707C9080F43C008012192
:109E4C0017E6D2085F071743D8083FE60C00002638
:109E5C00002720E6002956D15F07D2081743D808FF
:109E6C0034E60C001E00D00829E6C1087007014337
:109E7C00F008002F62D080242403204207D0DE0893
:109E8C00264204D165463000D1085B0719434F0FB9
:109E9C00C900C9087F070F4318E60C003000203CAE
:109EAC00E0408446202905D04024611A8E40494662
:109EBC00314389464846411E8841614607000F439D
:109ECC0030E620210027091A0EE51E00002F00D0D5
:109EDC0022E5002458E7002500240026DBE5C046D7
:109EEC00FE070000FF070000FFFF7FFF47460F4300
:109EFC0000D147E70E00C146B5E5DF086407022133
:109F0C0027430009B5E51900C0087707074311433B
:109F1C00F008002900D1D9E580210903084207D0B7
:109F2C00DC080C4204D1D2085B071A43170020004E
:109F3C007B0FFF00FF085B071F43C7E50F00C5E55C
:109F4C00124BD20833405F075B02012417431E0BF0
:109F5C00A1E5264212D00D4B6546020001241E409D
:109F6C00E6E4210085E51700A8E53A00D4E4DB0817
:109F7C0064071C432700022100097AE5C008770713
:109F8C00074365460021F00873E5C046FFFF7FFFDD
:109F9C00F0B5DE46454657464E46E0B587B00092D2
:109FAC0001930B031B0B9B46CA0F4B00040080460E
:109FBC005B0D029200D198E07C4A934237D059460F
:109FCC00420FC9000A43802109041143C200904684
:109FDC00774A894692469A44002300240393009EB4
:109FEC00019F3B031B0B9B467B0030005B0DFD0F61
:109FFC00002B59D06D4A934248D05946720FC90074
:10A00C000A438021090411438B466949F2008C46AE
:10A01C0051466344CB1A9A460021029E6E40F6B21A
:10A02C000F2C00D9CEE0634BA4001B599F465A4617
:10A03C000243914600D090E09A46022390460824B1
:10A04C000393CCE7CB464246029D0399022900D1EB
:10A05C00DEE1032900D18DE0012900D079E12E0049
:10A06C0000220023002490461B052343F6073343AC
:10A07C004046190007B0F0BCBB46B246A946A04604
:10A08C00F0BD002200249046484BEDE75A46009B59
:10A09C001A43494B9C46E244002A59D102231C43E3
:10A0AC00002302219B46B8E75A46009B1A4349D02D
:10A0BC005B46002B00D19CE1584601F00DFC0200E0
:10A0CC0003000B3A1D27009EBA1A19005846D640B9
:10A0DC0008398840320002439346009A8A40374937
:10A0EC0053448A4600219A4497E75B4603439946BA
:10A0FC0021D05B46002B00D169E1584601F0ECFB06
:10A10C000B235B429C460200844466461D239B1B2A
:10A11C00260011005846DE400839884033000343BE
:10A12C00994623008B409846254B00249B1A9A464F
:10A13C000023039353E7002398469A4601330424E3
:10A14C0003934CE701231C43002301219B4664E746
:10A15C000323320003211C435FE79A460323D946AD
:10A16C000C2403933BE700238024984600260F4BD6
:10A17C00240379E780245B4624031C4324032E002C
:10A18C0090460A4B240B6FE780244B462403234252
:10A19C0002D05B462342F0D080244B4624031C4360
:10A1AC002403029E014B240B5EE7C046FF07000010
:10A1BC0001FCFFFF108D010801F8FFFFF303000005
:10A1CC000DFCFFFFCB4500D2F8E000D1F3E00123FA
:10A1DC005B429C46444648460025E2445B46170ECB
:10A1EC001B021F43190C3B04120200971F0C9146D3
:10A1FC0002910397FEF71AF802007A430B04210C24
:10A20C00804619438A4209D9009F0123BC465B4210
:10A21C0061449C46E0448F4200D85CE1881A029964
:10A22C00FEF704F8039A240442430904240C0300A7
:10A23C000C43A24206D90099013B8C466444A142CE
:10A24C0000D842E1A01A424612041A4393464B46E8
:10A25C0059461B0C1F0004930B0449460904090CB6
:10A26C000C001B0C5C43120C7B43884651437A4315
:10A27C00270CBC465B186344994203D980214902E0
:10A28C008C466244190C24041B04240C8A181C19D7
:10A29C00904202D316D1A54214D25B46009F013BDB
:10A2AC004D4405934D459B41BC465B426344C018ED
:10A2BC00874200D302E1824200D929E100D124E196
:10A2CC00059B9B462C1BA542AD41009B801A6D4201
:10A2DC00401B834200D10FE10299FDF7A7FF039ABF
:10A2EC000B044243210C050019438A4200D9CBE0F0
:10A2FC00881A0299FDF79AFF039A24044243090431
:10A30C00240C03000C43A24200D9CAE04146A41A13
:10A31C002A041A43049F13041B0C594340467B43E5
:10A32C009C46150C68430B0C844463447D43984253
:10A33C0003D98020400284466544180C09041B0490
:10A34C00090C40195B18844227D323D00123350014
:10A35C001A43944B5344002B60DD510700D086E028
:10A36C002E00D1085A46D20106D55A468E4B1A40B9
:10A37C0080239346DB0053448C4A934200DD80E6F5
:10A38C005A4652070A4390465A465B055402240B20
:10A39C005B0D69E63500002BDBD0009D511EAC46F1
:10A3AC006444AC4200D29EE0844200D2E1E000D191
:10A3BC00EEE00A00CAE7424500D908E74B46DC0745
:10A3CC00580843465B081C434346DD0706E701F08B
:10A3DC0083FA15239C4684440200634620321C2BCE
:10A3EC0000DC92E623000838834099460023984607
:10A3FC009AE601F071FA02000300153220331C2A90
:10A40C0000DC5FE600990838814000228B4666E646
:10A41C0000222E0000249046654B25E62E000121DB
:10A42C00C91A382900DD1BE61F297EDC614814009F
:10A43C0050445B4682408340CC40501E82412343B3
:10A44C001A435B46CB40510709D00F211140042918
:10A45C0005D0111D9142924152429B180A001902DB
:10A46C0000D49BE00022012300249046FCE50F2140
:10A47C001140042900D173E7111D914292415242BF
:10A48C002E00C90893446DE7009B013D9C46614436
:10A49C008B4200D92CE78A4200D829E7851E6144FB
:10A4AC0026E70099013B8C466444A14200D92DE774
:10A4BC00A24200D82AE7831E644427E7874200D0D3
:10A4CC00FEE6A94500D9FBE6F5E6A24200D8B9E6BE
:10A4DC00831E6444B6E68A4200D89FE6BC46831EBF
:10A4EC00984661449AE60A00844200D02EE74B4518
:10A4FC0000D02BE735002CE72A4B2F4A53449245CA
:10A50C0043DB0122002193442CE7AC4200D8D7E670
:10A51C0002235B429C4600994D444D459B41E344CC
:10A52C008C465B426344C018CCE61F204042C31AE1
:10A53C005846D840202904D05946204B53449940C2
:10A54C000A43531E9A410723190002430024114069
:10A55C00134209D008331340042B1DD0131D934212
:10A56C0089411A0049424907D2080A439046002300
:10A57C007AE54946009F4D004D458941BC4649420C
:10A58C006144A946023A6418AEE70122524246E7FA
:10A59C009945EED30A00AAE70021E5E759075B02CB
:10A5AC001C0BE1E7FF030000FFFFFFFEFE070000AE
:10A5BC00FF0700001E04000002FCFFFF3E04000029
:10A5CC00F0B55746DE464E464546E0B50D00040054
:10A5DC00E80F83460903D80F090B824619488C46AD
:10A5EC001F0369005E00490D3F0B760D814218D0A8
:10A5FC0086420FD00120B1420DD1BC450BD1944203
:10A60C0009D1D3451CD0002905D160462043431EF7
:10A61C00984100E00120F0BCBB46B246A946A046DA
:10A62C00F0BD01208E42F6D1614639430F0017432D
:10A63C002743F0D15B465246981A431E9841EAE7ED
:10A64C000020E8E7FF070000F0B557464E464546A8
:10A65C00DE46E0B50D000E034900490D8A46DF0FBA
:10A66C00E90FBC4683B02F4F04008046019158007F
:10A67C0019039146360B090B400DBA451DD0B84253
:10A68C000DD05746002F2AD13443002824D10A4339
:10A69C0036D0002C41D163465800013815E01143E7
:10A6AC0038D15346002B01D12643F4D0019B63458E
:10A6BC0007D1019B5800013807E026432AD15045A9
:10A6CC0021D00120019B5F42384303B0F0BCBB4654
:10A6DC00B246A946A046F0BD002CDCD0E6E7002827
:10A6EC00EFD0019B6345ECD18245EADCE1DB8E4285
:10A6FC00E7D8DED1C845E4D80020C845E5D2D8E774
:10A70C00002CE2D0DDE7114304D1019B6345D8D185
:10A71C000020DAE702204042D7E7019B6345E6D0F0
:10A72C00CFE7C046FF070000F0B557464E464546FA
:10A73C00DE46E0B50D000E034900490D8A46DF0FD9
:10A74C00E90FBC4683B02E4F04008046019158009F
:10A75C0019039146360B090B400DBA451ED0B84271
:10A76C000DD05746002F27D13443002833D10A434C
:10A77C0034D0002C40D163465800013815E0114309
:10A78C0012D15346002B01D12643F4D0019B6345D3
:10A79C001DD00120019B5F42384306E0264303D1C4
:10A7AC005045F6D111431CD0022003B0F0BCBB467F
:10A7BC00B246A946A046F0BD0028EAD0019B6345ED
:10A7CC00E7D18245E5DC02DB8E42E2D80ED0019B5C
:10A7DC0058000138E9E7002CCDD0D7E7002CE4D0A5
:10A7EC00D7E7019B00206345DFD0D2E7C845D0D81E
:10A7FC000020C845D9D2EAE7019B6345E4D0C8E7FD
:10A80C00FF070000F0B557464E46DE464546E0B51C
:10A81C001F000B031B0B16009A46CA0F4B000400BB
:10A82C00914685B05B0D00D1CFE1CD4A934255D016
:10A83C005146420FC9000A43802109041143C2004A
:10A84C009046C84A8A4693469B44002300250293AF
:10A85C003C037B00FA0F0196240B5B0D009200D198
:10A86C0088E1BF4A934200D192E0BE4A94466344C9
:10A87C009B440A2D42DCE400730F23438024494699
:10A88C0024041C43F3000193009B00205940CBB2DD
:10A89C000393022D00DC94E00123AB401D00A623A2
:10A8AC002A00DB001A401D4200D029E290239B00B5
:10A8BC001D4200D14DE20023802499462403A84B6D
:10A8CC0010004A461B052343D2071343190005B059
:10A8DC00F0BCBB46B246A946A046F0BD5246024368
:10A8EC00904600D0ACE19B46022392460825029389
:10A8FC00AEE7009BA2469946019B9846029B022B11
:10A90C0000D1CAE1032B00D192E1012B10D100231D
:10A91C0000240022D4E701227B083A40134352461C
:10A92C00D2071343984653465B089A46039B9946B5
:10A93C005B46581C8023DB005B44002B00DCB1E140
:10A94C00424652070BD00F2241460A40042A06D039
:10A95C004246111D4145924188465242924452460C
:10A96C00D20106D55246804B1A4080239246DB001A
:10A97C00C3187E4A934200DD8FE14246D10852460D
:10A98C0052070A4351465B054C02240B5B0D97E7BB
:10A99C00734B26439C46E344002E00D16FE1032306
:10A9AC0049461D43009B5940CBB203930A2D00DD51
:10A9BC0033E10123AB401D000323029388222A427A
:10A9CC0097D1424643461204120C160001981D0CF6
:10A9DC00030C0004000C4643B4461E006E43009664
:10A9EC00160007005E436146B0466F430E0CB84438
:10A9FC004644B74205D9802149028846009F474406
:10AA0C00009761460904090C370C36048C4631005A
:10AA1C00614401911100260C2404240C61438C46E2
:10AA2C002100694389466146090C884672434A44B1
:10AA3C0042447543914503D98021490288464544D7
:10AA4C00110C884661460904090C8C4612046244B8
:10AA5C00B91802915146090C8C4651460F043F0C13
:10AA6C003900414345448846614641438A46414644
:10AA7C006046090C894658437B4353444B449A45E2
:10AA8C0003D98021490289464844190C894641461C
:10AA9C000904090C8846390061431B044344884669
:10AAAC0061464C4371438C46414677430E0C3F192B
:10AABC00F6194844B44203D9802149028946CC4452
:10AACC000299009F894631044F448946414697427A
:10AADC0092410C04240C4C44FF1852426419A118E6
:10AAEC009F429B41884682465B42994690459241E3
:10AAFC00AC42A441C244D1445242644214439945ED
:10AB0C009B41824592415B42524213434A46360C6A
:10AB1C00A419E31863445B02D20D1A4301999246BF
:10AB2C007A020A43501E8241FF0D17434A465202D5
:10AB3C001743B846DB0100D5EDE60D4B039A5B4499
:10AB4C009146002B00DCACE03A00520700D110E734
:10AB5C000F2258463A40042A00D0F9E609E7C046CD
:10AB6C00FF07000001FCFFFFFFFFFFFEFE070000D8
:10AB7C00FF030000220032436FD0002C00D1C2E052
:10AB8C00200000F0A9FE020003000B3A1D20821ADF
:10AB9C0030001900D04008398C40020022433400A8
:10ABAC008C405946CB1A86498B469B440A2D00DDB6
:10ABBC00A4E64946009B01945940CBB214000020F6
:10ABCC000393022D00DD67E6FBE6534603439846EC
:10ABDC003CD05346002B00D1A3E0504600F07CFE45
:10ABEC000B235B429C4602008444110050460839FA
:10ABFC0088401D23804660461B1A2000D840030065
:10AC0C00404603439A4623008B4098466C4B0025E4
:10AC1C009B1A9B46002302931AE60F2D00D0C9E025
:10AC2C00802352461B031A4202D01C4200D192E0F0
:10AC3C008024534624031C4324034246240B3EE643
:10AC4C009B46032380460C25029301E600239A467B
:10AC5C009B46013304250293FAE501210D430A2D8D
:10AC6C0000DD4BE6494600984140C9B20391022DE4
:10AC7C0000DC96E000230024012001930CE64946F9
:10AC8C000223009A2B435140CAB203920A2B00DDD7
:10AC9C0034E6002D57D1039B994600240022494BE2
:10ACAC000EE658460121C91A382900DD2FE61F2966
:10ACBC0056DD1F2254465242D31ADC40202907D0BD
:10ACCC00414B42469C465346604483401A4390464F
:10ACDC0042460721531E9A410B0022431340002485
:10ACEC00114209D00F231340042B5DD0111D91424A
:10ACFC009B410A005B425B07D2081A430023DFE545
:10AD0C00039B9946FAE5019800F0E6FD020003006A
:10AD1C00153220331C2A00DC38E7019A08388240AF
:10AD2C003FE700F0D9FD15239C468444020063469E
:10AD3C0020321C2B00DC58E70023984623000838EF
:10AD4C0083409A4662E71D000023002402200193F1
:10AD5C00A2E5029032E61C43009B019A9946AEE5AF
:10AD6C001A4B5246C31840469A40C84002434046CC
:10AD7C0098400300581E834154461A43CC40530755
:10AD8C0009D00F231340042B05D0131D934292417D
:10AD9C005242A4181A00230208D5012300240022D1
:10ADAC008EE5894600248BE50023A5E76307640242
:10ADBC00240BA1E7009BA2469946019B984637E7D6
:10ADCC000DFCFFFFFF0700003E0400001E04000006
:10ADDC00F0B557464E464546DE46E0B583B000908A
:10ADEC0001910C034D00CE0F610A009C5F00640FB3
:10ADFC000C43009900920193C80019037B0D9946EE
:10AE0C00019BCC4FDB0F9C464B0A00998046490FA7
:10AE1C001943009B8B46DA0092466D0DB94500D163
:10AE2C00BFE00123614659404B468C46EB1A8E42DB
:10AE3C0075D0002B00DCA3E24946002900D1CEE0FE
:10AE4C00BD4200D100E20127382B19DC802759467E
:10AE5C003F0439438B461F2B00DDFAE12027F91AFA
:10AE6C008C4659466746B9400F001100D9400F4334
:10AE7C0061468A40511E8A415946D9401743641A8B
:10AE8C00C71BB84280414042241A230200D440E13F
:10AE9C006402640A002C00D154E1200000F01CFD77
:10AEAC000300083B20213800CA1AD0409C40020005
:10AEBC009F4022439D4200DDA6E1581B0130091A38
:10AECC003C008F40C4407B1E9F4113008B402743A6
:10AEDC001F43C2403B0014000025134300D1F7E18F
:10AEEC007B0700D177E30F2338003B40042B04D0C1
:10AEFC00381DB842BF417F42E419230200D468E3F5
:10AF0C008C4B01359D4200D1F4E08B4B6D051C4000
:10AF1C006D0D6707C00864020743240BECE0002B9F
:10AF2C0000DC29E34946002900D0D6E059461143FC
:10AF3C0000D12EE1591E012B00D1E6E1BB4200D11C
:10AF4C0082E101270B00382914DC1F2B00DD3CE2C9
:10AF5C002027F91A8C4659466746B9400F00110054
:10AF6C00D9400F4361468A40511E8A415946D94007
:10AF7C00174364183F18874280414042241823022B
:10AF8C0000D4C6E06B4B01359D4200D1B2E00121EB
:10AF9C00694B7A081C4039400A43E7071743640899
:10AFAC009EE7664B11438A46EB18002928D066456C
:10AFBC002CD0002B5BD0002D00D12CE15B466646DB
:10AFCC005F07D2081743DD083B002B4300D1E2E0BA
:10AFDC00802424032C432403564D240B8CE0594627
:10AFEC00114300D1D5E0591E012B00D1B9E1BB4270
:10AFFC0000D1B1E101270B00382900DD40E72AE739
:10B00C006146012779408C466645D2D1002B00D190
:10B01C00C5E0002D00D055E14B462500054300D17D
:10B02C0012E2591E8C46012B00D149E2414DAB4234
:10B03C0000D18FE20127382911DC63461F2B00DD7C
:10B04C005BE26146202327005B1A050098409F4075
:10B05C00CD40431E9841CC402F430743A344BF1817
:10B06C009742924152425A4414004D4687E7344F5E
:10B07C006B1C3B4200D0B6E05946230011430F0035
:10B08C000343002D00D026E1002B00D1C0E10029A4
:10B09C0000D1A1E0831A98465B464045AD41E31AC6
:10B0AC006D425B1B80252D042B4200D14BE15B468E
:10B0BC00101A824292411C1B070001266346524221
:10B0CC00A41A27431E40002F00D142E12C4200D18C
:10B0DC006DE2194B01251C401BE7BD4200D13BE141
:10B0EC000127382B00DD45E7802759463F043943BB
:10B0FC008B462AE7002400272D052543F607354308
:10B10C003800290003B0F0BCBB46B246A946A046A5
:10B11C00F0BD7B0704D00F233B40042B00D0E7E6A7
:10B12C002B00F808034A67070743E508934200D150
:10B13C004AE7A5E0FF070000FFFF7FFF01F8FFFFD4
:10B14C00FE070000380000F0C7FB030018331F2B6C
:10B15C0000DCA7E63A00083882409D4200DD8AE018
:10B16C005B1B581C1F2800DCD8E117001F3BDF407D
:10B17C00202805D040231B1A9A40531E9A4117438E
:10B18C000025002F00D1E5E07B0700D0ABE62C00BA
:10B19C00C6E7C008C6E700270024D14DACE7D14F65
:10B1AC006B1C3B4271D123000343002D00D04EE1B8
:10B1BC005746002B00D1B5E1002F0DD083188342E8
:10B1CC0080415C4440422418220200D5C8E11F0093
:10B1DC009846274300D1BCE043466707DB081F4372
:10B1EC00E50800234CE0831A98465B464045BF4176
:10B1FC00E31A7F42DB1B1F027CD447461F4300D15E
:10B20C00A6E01C00474645E6B74CED1A14407B07F8
:10B21C0000D080E784E74B462500054366D05F1ECF
:10B22C00012B00D1FCE0AE4DAB4200D15EE1664695
:10B23C00382F00DCB4E00120171ABA4292415B4669
:10B24C0052424D469C1A20E66707C0080743E508A2
:10B25C00BAE61F005946203FF9400F00202B05D0BD
:10B26C004021CB1A594699400A43924653465A1EDE
:10B27C0093411F4304E6EB1A9B4D15406F07ED08F5
:10B28C002C035D05240B6D0D36E7954DAB4200D1BB
:10B29C00D6E082182100824280415944404208186D
:10B2AC00C707520817434408520700D485E10F2200
:10B2BC001D003A40042A00D01AE6FF086407274311
:10B2CC000509DDE75B46D2085F071743DD087BE61F
:10B2DC000027002410E7002B00D0D6E0002900D076
:10B2EC002FE1802400267E4D240305E766465C464C
:10B2FC00D00817E75B46171ABA4292411C1B01266D
:10B30C0063465242A41A1E40C4E58318834280410E
:10B31C005C44404225182A0200D4DAE0724A5B08E9
:10B32C001540EA071A4369085B0700D44AE10F236A
:10B33C001340042B00D1FCE0171D9742A44164423A
:10B34C0002256418ECE647461C001F4300D043E777
:10B35C00002600250024CFE6C00867070743E50850
:10B36C0032E6871A5B46B8428041E41A4042241AFE
:10B37C00230228D46307FF081F43E50801237FE756
:10B38C00002B00D173E64B465F1B3B00002D00D118
:10B39C0042E7382F00DDECE080230E001B041C4339
:10B3AC001F2F25DC20252300ED1B0100A840AB40FE
:10B3BC00F940451EA8410B43FC4018435B461B1B40
:10B3CC009B4639E76646012562E51F005946203F3A
:10B3DC00F9408C46202B05D040275946FB1A994042
:10B3EC000A43924657467B1E9F4163461F43C1E565
:10B3FC003B002500203BDD40202F04D04023DB1BED
:10B40C009C40204380464046431E9841284313E706
:10B41C0000299DD0012663465C4690461E40DBE623
:10B42C00171A5B46BA4292411C1B5242A41A2302C1
:10B43C00C8D46307FF081F4366460123E5081FE7CE
:10B44C001D000024002757E65C46D0086AE6002B56
:10B45C0000D137E75346C00867070743E508002BC0
:10B46C0000D1B1E580231B031D4208D05946C80802
:10B47C00184204D1D20849070A43170005007B0F74
:10B48C00FF00FF085B071F439EE5C00863071843D6
:10B49C00E508002953D080231B031D420AD05946CE
:10B4AC00CC081C4206D1012663462500D00849076A
:10B4BC0008431E40470FC000C0087F07074383E5C1
:10B4CC008318934292415C445242A5182A0200D53B
:10B4DC0024E76F07DB081F43ED080123D0E6C046C5
:10B4EC00FF070000FE070000FFFF7FFF5B46D2084E
:10B4FC005F0766461743DD0866E52500203BDD4007
:10B50C006346202B05D0402361465B1A9C402043A8
:10B51C00804647467B1E9F412F43A0E520210027F4
:10B52C00091AD2E4002F00D113E75C46170000255E
:10B53C00F6E5D708490702230F432D09A0E60700BB
:10B54C0042E55B4601265F07DD086346D2081743D8
:10B55C001E4039E55B46D2085F071743DD0833E52B
:10B56C001E4ADB0822405707520201251F43140BC9
:10B57C00C2E50E0001205FE6002B0DD04B465B1B95
:10B58C009C46002D00D148E50127382B00DD66E5EF
:10B59C0080231B041C4350E56B1C114D2B4200D027
:10B5AC0073E65946230011438A46034300E66707B6
:10B5BC00C00800230743E50862E66407FF08274339
:10B5CC0005095DE6D208490711430F0002232D0936
:10B5DC0056E60700A4E538008FE4C046FFFF7FFF66
:10B5EC00FE070000F0B5C6461E03360BB0460D4EE6
:10B5FC000C034D005F0000B5240B6D0D7F0DB542A3
:10B60C000BD0084900208F4204D146461643300027
:10B61C00431E984180BCB846F0BD04430120002C69
:10B62C00F8D1EEE7FF0700000B00020070B5164DD5
:10B63C000C0382B04900002000920193240B490DA9
:10B64C00DE0FA94204DD1148814203DD104BF018D6
:10B65C0002B070BD8020400320430E4C641A1F2C96
:10B66C0008DD0D4B5B1AD84003005842002EEFD179
:10B67C001800EDE7094B009A9C46030061448B408F
:10B68C00E2401343F1E7C046FE0300001D04000036
:10B69C00FFFFFF7F3304000013040000EDFBFFFFEE
:10B6AC0070B5002816D0C317C5185D40C40F28000C
:10B6BC0000F012F9104B1B1A5B055B0D0A2814DC09
:10B6CC0002002E00153296400B22121AD5402D0383
:10B6DC002D0B03E000240023002500261B052B4323
:10B6EC00E40723433000190070BD0B3885402D034F
:10B6FC0000262D0BF2E7C0461E04000010B5041EF8
:10B70C0010D000F0E9F80E4B1B1A5B055B0D0A28F4
:10B71C000FDC0B222100121AD14015300A03844091
:10B72C00120B01E0002300221B051343200019001B
:10B73C0010BD22000B38824012030024120BF3E7D9
:10B74C001E04000070B542024300C40FFE201B0E05
:10B75C00591C550A08420CD0E02189008C466D0713
:10B76C00120B63441B051343E40723432800190001
:10B77C0070BD002B14D1002D1BD0280000F0ACF8AC
:10B78C000A281CDC0B232A001B1ADA400300153391
:10B79C009D400E4B12031B1A5B05120B5B0DE1E770
:10B7AC00002D09D0130B802212031A436D07084B8E
:10B7BC00D8E700230022D5E70022054BD2E703008F
:10B7CC002A000B3B9A400025E3E7C04689030000A2
:10B7DC00FF070000F0B54B000F035B0D3A4C450F13
:10B7EC0083B07F0A5E1C2F4300900191CA0FC500E5
:10B7FC0026420BD035495C18FE2C13DDFF200023AC
:10B80C00C0051843D207104303B0F0BD3D43002BD5
:10B81C0001D10020F4E7002DF0D08023DB03FF20C2
:10B82C003B43EDE7002C0CDD009BFF009B01581EF9
:10B83C008341690F3B430B43590727D1DB08E0B227
:10B84C00DEE72100173131DB80211E20090439434A
:10B85C00001B1F282DDD02267642341B0E00E6400D
:10B86C003400202804D01A488446634499400D4380
:10B87C002B00591E8B412343590703D00F2119402C
:10B88C0004290BD19B0100205B0AB9E70F21194059
:10B89C00042904D19B015B0AE0B2B1E70024043314
:10B8AC005901F7D501340023E0B2A9E700200023A9
:10B8BC00A6E7084C1C192B00A540C340A140681EEC
:10B8CC00854129430B43D7E7FE07000080FCFFFFAF
:10B8DC00A2FCFFFF82FCFFFF1C2101231B049842EA
:10B8EC0001D3000C10391B0A984201D3000A083905
:10B8FC001B09984201D30009043902A2105C4018BC
:10B90C007047C0460403020201010101000000005F
:10B91C000000000010B5002903D1FFF7DDFF203037
:10B92C0002E00800FFF7D8FF10BDC04682B073B527
:10B93C006C460091079321000300626060C960C3EC
:10B94C0007AA60CA60C313001500103006CB06C0EE
:10B95C0001220098616803F03FFA69680122099896
:10B96C0003F03AFA73BC08BC02B0184737B50400B0
:10B97C0003F040FEA068A38902691342FCD0016960
:10B98C000A001A401942FAD101AD2068616803F02F
:10B99C0023FA29000122032003F05EFD03CC0122CF
:10B9AC0003F01AFA03F024FE28786B7800041B02CB
:10B9BC001843AB7818433EBDF0B5094985B0094B27
:10B9CC0001ACC0CBC0C40B004968074A00911B688E
:10B9DC00064811685268FFF7A9FF05B0F0BDC046D4
:10B9EC00440000203C0000202C000020C402002059
:10B9FC0010B50348FFF7BAFF80231B04584010BD55
:10BA0C00C402002010B50548FFF7B0FF80231B04CB
:10BA1C005840984201DA024B181A10BDC40200209B
:10BA2C00FFFF7F0070B504250024FFF7E1FF013D07
:10BA3C002418002DF9D10723E01718400019C01065
:10BA4C0070BD0000F0B504000525002699B00392E6
:10BA5C000F0048227C4906A804930BF008FE631FD4
:10BA6C0001937A4B02937A4B0593019BAB4257DCC3
:10BA7C0000221E9B1E80774B1A70774A1278029216
:10BA8C00764A964200D874E001251D70714B744AB9
:10BA9C001B782C000192002B1ED0029B714E002BA8
:10BAAC0000D1A0E0704B1B78002B00D19BE06F4BBA
:10BABC001B78002B00D196E06D4B7C1E1C60012284
:10BACC00694B1A70974201D16A4B1F70FA22338866
:10BADC0092009B189BB233805F4B1B78002B0CD0D1
:10BAEC00614B1B78002B08D0604B1B78002B04D0CB
:10BAFC005F4B1B68AB4200DA1C00019B1B78002BD0
:10BB0C0009D05D4B1B78002B05D15C4B039AD35CA1
:10BB1C00A34200DC5C1E201E00DC012019B0F0BD2D
:10BB2C00029B6A00985AFFF7BBFD0022544BFFF7AB
:10BB3C004FF9FFF779FDC317C4185C40059B6A00E9
:10BB4C00985AFFF7ADFD00224D4BFFF741F9FFF777
:10BB5C006BFDC317C018584082B2231CA4B2944288
:10BB6C0000D2031C9AB2B24200D2331C9EB20135F1
:10BB7C007BE7029B002B04D001223C4B1A703C4B00
:10BB8C001F60092301937B1E06ACDB00E3180593B1
:10BB9C00019D30006B1E0193FFF782FD226C636CDC
:10BBAC00FEF730FE059B083C1A685B68FEF7F0F95F
:10BBBC00344A354BFCF740FC002803D1019B002B89
:10BBCC00E6D10125264B1B78002B00D15EE7052F13
:10BBDC0000DC5BE7BD4200DC58E72C4B9E4200D8F2
:10BBEC0054E77D1C52E70624A74207DC023C062FD3
:10BBFC0004D03C00032F00DD0324013C019B029A7E
:10BC0C001B78002A00D05AE7002B00D15EE7049B7A
:10BC1C00002B0ED0039B1E4A013BD35C032B08D890
:10BC2C0001221C4B1A701C4B1C6033881B199BB2D5
:10BC3C003380114B1B78002B00D047E70F4B039A36
:10BC4C00D75402F05FFA41E7408C0108845700207A
:10BC5C00944C002002040020D90100205B3F00001E
:10BC6C005A6300207E670020C2650020C06500205A
:10BC7C0004020020C1650020BC0A0020776300206C
:10BC8C0080FFCF409A99999959CCCC4070170000FD
:10BC9C00D4030020C36500200002002070B506000C
:10BCAC000D0019001D4B10001B781D4C013E002B84
:10BCBC0021D000221B4BFCF7B9FB002803D11A4BF7
:10BCCC001B78002B1AD1A35D0133DBB2A355002DD9
:10BCDC0004D06A1EA35C0133DBB2A354A35D072B13
:10BCEC0001D90723A355002D05D0013D635D072B1A
:10BCFC0001D907236355A05DC0B270BDA35D002BB5
:10BD0C0003D0A35D013BDBB2A355002DE6D06A1E28
:10BD1C00A35C002BE2D0A35C013BDDE75D6300205C
:10BD2C00D403002000002E400104002010B5D022C6
:10BD3C0000210B480BF006FC00230020094A0A499D
:10BD4C0013700A4A13700A4A10605160094A0A4873
:10BD5C000A49106051600A4A137002F055FA10BD7E
:10BD6C0078620020D203002000002E40D303002074
:10BD7C0000000020080000200E2DB29DEFFF58405F
:10BD8C00D103002010B56822002103480BF0DAFB28
:10BD9C0002F0B6F810BDC04638650020002319002B
:10BDAC0010B5044AD15401330D2BFBD102F088F9A4
:10BDBC0010BDC046D4030020F7B502F0B2FC424BD4
:10BDCC0005001B780C27002B00D1083F3F4B404A45
:10BDDC001B78019300231E00019999424CDC3D4BCA
:10BDEC0004241B78002B10D03B4B013C1B78A34246
:10BDFC000BD83A4B1B78002B04D0394B02341B78F0
:10BE0C00002B02D0AF423ED80224200001F074FF78
:10BE1C00AF4207D1334F3B78002B03D1FFF786FF9E
:10BE2C0001233B70304B1B78002B23D03000FFF7E5
:10BE3C0065FC00222D4BFEF7E5FC060001980F0077
:10BE4C00FFF72EFC02000B0030003900FEF7A0F8C3
:10BE5C000022274BFCF70EFB00280BD0254A136859
:10BE6C00012B07D102201060234A137002F078FADC
:10BE7C00FFF794FF2000FEBDD15C022901D90136E9
:10BE8C00F6B20133A8E71D490022086849681C4B2B
:10BE9C00FCF7CCFA002805D002F05EFC022801D891
:10BEAC000624B2E7174B18685968FCF78DFB134949
:10BEBC00C4B2002208684968114BFCF7B7FA002895
:10BECC00A3D0022CECD19FE78C670020410200200C
:10BEDC00D40300208F670020B065002038020020BA
:10BEEC00A1660020B8030020D801002000005940B2
:10BEFC0000004940DC0100205C630020580A00204F
:10BF0C0000002E40C00300200C4B70B518780C4B71
:10BF1C0003221C780525002306260A49002800D098
:10BF2C002A00002C00D03200CA5401330D2BF5D15D
:10BF3C000022054B1A7002F00FF970BD59630020F6
:10BF4C00D8010020A0650020AF650020F0B58DB0B1
:10BF5C000B930E001300069001928A4208D1854A79
:10BF6C0094466344DB00C318186859680DB0F0BDE3
:10BF7C0000240F00019B251C5B1A04930294019B67
:10BF8C009F4200DA87E00498FDF7A6FB071C011C12
:10BF9C000298FCF7F5FD391C0790281CFCF7F0FD06
:10BFAC00391C0890201CFCF7EBFD0024099004942C
:10BFBC00271C03940294019B9E4200DA8EE00499A4
:10BFCC000298FCF7ABFF391C051C381CFCF7A6FFCC
:10BFDC00011C281CFDF7FCF80499061C0398FCF7BF
:10BFEC009DFF211C051C381CFCF798FF011C281C0C
:10BFFC00FDF7EEF8311CFCF7C3FD211C051C029863
:10C00C00FCF78CFF391C041C0398FCF787FF011C00
:10C01C00201CFDF7DDF8311CFCF7B2FD291C041CBB
:10C02C000798FCF77BFF011C0898FDF7D1F8211C41
:10C03C00061C0998FCF772FF011C301CFDF7C8F8B0
:10C04C000B9B061C5A1E9341019AD31A180001939C
:10C05C00FDF742FB291C071CFCF760FF311CFCF7A9
:10C06C009DFB211C051C381CFCF758FF391CFCF7E8
:10C07C0055FF011C281CFCF791FB0021041CFCF74C
:10C08C0015FA002800D000243B49201CFCF746FF81
:10C09C00FFF758FB6AE73800FDF71EFB069AFB001A
:10C0AC00D318039018685968FFF794FB3249FCF7D2
:10C0BC0067FD011C281CFCF771FB0399051C0298F9
:10C0CC00FCF76CFB03990290081CFCF727FF011C82
:10C0DC00201CFCF763FB0137041C50E73000FDF714
:10C0EC00FBFA0799051CFDF773F8011C0590FCF78A
:10C0FC0015FF011C0298FCF751FB069AF300D318AC
:10C10C00029018685968FFF765FB1B49FCF738FD6E
:10C11C000899FDF75DF8011C0A900598FCF7FEFEE6
:10C12C00011C0398FCF73AFB291C0390281CFCF714
:10C13C00F5FE0999FDF74CF8051C011C0598FCF758
:10C14C00EDFE011C381CFCF729FB291C071C281CC4
:10C15C00FCF7E4FE011C0498FCF720FB291C04905E
:10C16C000A98FCF7DBFE011C201CFCF717FB0136C0
:10C17C00041C20E7FFFFFF1F00FEFF46F8B506007A
:10C18C000F0014001D00FCF775F900280CD0069A5E
:10C19C00079B30003900FCF759F900282FD03400E8
:10C1AC003D0029002000F8BD22002B003000390092
:10C1BC00FCF74CF900280FD0069A079B3000390089
:10C1CC00FCF758F90028EAD1069A079B20002900B1
:10C1DC00FCF73CF90028E4D122002B003000390098
:10C1EC00FCF748F9002807D0069A079B2000290085
:10C1FC00FCF740F90028D4D1069C079DD1E722001A
:10C20C002B0030003900FCF711F90028ECD0D3E7F3
:10C21C00F0B589B0069007911900814B10001B787E
:10C22C00002B05D100247F4D2000290009B0F0BD62
:10C23C0000227D4BFDF7E6FA02000B0000207B4943
:10C24C00FDF7A6FE02000B00029003910020784936
:10C25C00FDF79EFE0022774BFEF7BAFD029A039B78
:10C26C0004000D0000207449FDF792FE0022714B72
:10C27C00FEF7AEFD0E9A0F9B009001912000290055
:10C28C00FFF77CFF00246D4D02000B000020009492
:10C29C0001956B49FFF772FF00226A4B04900591E0
:10C2AC00FEF796FD684B694AFEF7ACFA0BF0E8FF17
:10C2BC00674B1B78002B54D10022664BFDF7A2FA7A
:10C2CC0002000B0064486549FDF762FE644A654B49
:10C2DC00FDF798FA06000F00049805990022624BAE
:10C2EC00FEF776FD32003B00FEF78CFA00220400CC
:10C2FC000D00069807995D4BFEF76AFD02000B00D6
:10C30C0020002900FDF77EFA554A04000D00554B1C
:10C31C0030003900FEF75CFD0022554BFEF772FA37
:10C32C0002000B0020002900FDF76CFA514A524B19
:10C33C00FEF768FA029A039BFEF764FA00220023C8
:10C34C0004000D00FCF778F8002800D06AE7002202
:10C35C0020002900494BFCF783F8002800D061E746
:10C36C0062E7009401950E9A0F9B00204449FFF759
:10C37C0005FF069A079B04000D0000204149FEF7BB
:10C38C0027FD220006000F002B0000203E49FEF77F
:10C39C001FFD02000B0030003900FDF733FA3B4A59
:10C3AC0004000D0002980399394BFEF72BFA02009A
:10C3BC000B0020002900FEF725FA04000D00354A79
:10C3CC00354BFEF71FFA22002B00FEF71BFA22005A
:10C3DC002B00FEF717FA314A06000F002000290047
:10C3EC002F4BFEF70FFA22002B00FEF70BFA020080
:10C3FC000B0030003900FDF705FA2A4A06000F0041
:10C40C0020002900284BFEF7FDF902000B0030003C
:10C41C003900FDF7F7F9254A254BFEF7D9FC8DE7D6
:10C42C000104002000002E400010714000A072405A
:10C43C00004C98400000894000A89B4000C08C40F4
:10C44C000080864000E08A409999C9BF9A999999D1
:10C45C00596300200000F03FC01E85EB51B89E3F91
:10C46C00A4703D0AD7A3E83F00488C4000407F40B1
:10C47C0000408F403BDF4F8D976E92BF00002C40E9
:10C48C000008864000908040002889409E12E429D4
:10C49C00419E923F1B0DE02D90A0A83FBA490C0283
:10C4AC002B87F0BF8351499D804620400E2DB29DB5
:10C4BC00EF272F401F4B70B51B781F4E34687568E3
:10C4CC00002B18D122002B0000201C49FEF780FC09
:10C4DC001B4A1C4BFEF796F922002B00FDF792F934
:10C4EC00194A1A4B04000D00FBF7BAFF00281CD1A7
:10C4FC003460756070BD164B1B88002B08D0220071
:10C50C002B0000201349FEF763FC0D4A124BE1E7A8
:10C51C00200029000A4A114BFEF774F902000B00A7
:10C52C0020002900FEF754FCDAE7074B074C336078
:10C53C007460DFE701040020C00300200000084005
:10C54C009A9999999999A93FCBA145B6F3FD0740C2
:10C55C007E6700200000F83F9999B93F9999C93F2F
:10C56C00F0B516001F00364B0C001B78E1B0002212
:10C57C0030003900334BFBF759FF002804D0324B05
:10C58C001868596861B0F0BD0022300039002F4B9B
:10C59C00FBF752FF002846D0002200233000390060
:10C5AC00FBF75EFF00283ED0002C3CD100241A2162
:10C5BC00274A284D14578C46E300013464B2EB181B
:10C5CC001E605F6023001470234AA4441900192BC9
:10C5DC0000DD1A39C900691801330868496803C2BB
:10C5EC006345F3D11D4B1B780693002C3EDC002BCE
:10C5FC0000D0CEE10023134C009301940023144A85
:10C60C00D356192B04DD1A3B13700122134B1A70ED
:10C61C00FFF750FF069A0C4B002AB1D00099019AF3
:10C62C0019605A60ACE7E1210D4A890013885B1848
:10C63C009BB2138000220B4B1A700B4B1A709EE7A7
:10C64C009367002000002E400000002000002C40CA
:10C65C00D203002078620020E0020020D3030020E7
:10C66C007E67002001040020000400201A23189388
:10C67C00069B002B00D11894D02200212CA80AF084
:10C68C0061FF25000023D54A029300921A3D9C427B
:10C69C0000DC98E29D420DDC2CA88446009AD9005F
:10C6AC008C44891862460868496810605160029988
:10C6BC0001310291189A01339A42E8DC08221A21BE
:10C6CC00C74B2CA80AF0C2FC029B029ADB0F9B18EA
:10C6DC0002995B10DA00C90700D45DE12CAB9B1802
:10C6EC005C681B680093019401230693029B052B45
:10C6FC0000DC82E0BB4C002220686168BA4BFBF77F
:10C70C0095FE002801D026606760236864682E9827
:10C71C002F990493059432003B00FBF78DFE002803
:10C72C000BD1049A059B30003900FEF751FB002217
:10C73C00AE4BFBF795FE00280AD0AD4B1A78AD4BEB
:10C74C00002A00D13BE101221A600022A84B1A708A
:10C75C00029B2CAA023BDB00D11808684968320006
:10C76C003B00FBF77DFE00280BD1049A059B3000A3
:10C77C003900FEF72DFB00229F4BFBF75DFE0028D6
:10C78C000AD09E4B1A789B4B002A00D11EE1012245
:10C79C001A600022994B1A70964B00251A68022ACF
:10C7AC0001DD1D6001350298FEF77AFF0022944BE3
:10C7BC00FDF7EEFBFEF738FF2CAAC300D1180400DE
:10C7CC00049A059B08684968FBF736FE002800D0E0
:10C7DC0030E1029B2CAA013B1B1BDB00D118086823
:10C7EC004968049A059BFBF73BFE002800D021E129
:10C7FC00002D00D076E100230693002400260027AC
:10C80C00804B764D1B785BB204931A3B0A937E4B9C
:10C81C001B780C93049BA34200DCD9E10A9BA34236
:10C82C0013DC009A019BE100491908684968FEF77E
:10C83C00CFFA02000B00FDF7E5FF02000B00300001
:10C84C003900FCF7DFFF06000F00189B0134A342F0
:10C85C00E0DC0298FEF724FF02000B0030003900E8
:10C86C00FDF796FB0BF07AFD0A001690179101006C
:10C87C00664B19605A600022654B1A70654B1B7829
:10C88C00934204D1644B1B78934200D04FE1634B2D
:10C89C00634C644E12931394634F049B032B03D18C
:10C8AC000C9B002B00D147E180240023E40510935E
:10C8BC0011940022002300240E920F93474B0A94EC
:10C8CC001993049B013B1A93049B1A3B1B93049BE7
:10C8DC00A34200DC81E11B9BA3423FDC199AE300DD
:10C8EC009B181A685B681492159314981599009A02
:10C8FC00019BFEF76DFA0290039110981199029B1F
:10C90C000893039B5B005B080993169A179BFDF732
:10C91C0079FF02000B0008980999FBF78DFD0028A0
:10C92C0008D1129A139B08980999FBF785FD0028EA
:10C93C0000D104E10898099932003B00FBF77CFD1B
:10C94C00002800D1FBE00E980F990A9B01330A9343
:10C95C00149A159BFCF756FF0E900F91189B0134FF
:10C96C00A342B4DC314B1B78002B02D00022304B9D
:10C97C001A600A9B002B00DC40E61800FEF790FEC4
:10C98C0002000B000E980F99FDF702FB009001912D
:10C99C0034E61A2318936FE6013BDB002CA9C91867
:10C9AC002CAB9B181A685B6808684968FCF72AFF6F
:10C9BC0000220E4BFDF726FF0090019194E61A68B9
:10C9CC0001321A6001220D4B1A70BEE61A68013250
:10C9DC001A600122064B1A70DBE6C0467862002012
:10C9EC005D1701080000002000002E400000E03F11
:10C9FC00B0030020B40300200000E0BFB10300200E
:10CA0C0000001840D2030020D303002010000020A7
:10CA1C00D003002059630020D80100203333333376
:10CA2C003333C33F9A9999999999C93F01040020CE
:10CA3C00FC03002000236B4C0025402200211CA885
:10CA4C00069307940AF07EFD674B1CAC0E932B00EB
:10CA5C000E9AC8339B181A685B680A920B930A9853
:10CA6C000B99009A019BFEF7B3F94B005B080D93F1
:10CA7C000C9006000F000C980D9900225B4BFBF7F5
:10CA8C00EFFC002831D0009A019B22606360083DC6
:10CA9C002B0008344033DAD10123082200211CA8D2
:10CAAC00FFF754FA524B06000F000A930020069A27
:10CABC00079B4E49FEF78CF9049A059BFDF7A2FEE5
:10CACC00320004000D00069807993B00FDF79AFE12
:10CADC000B00020029002000FCF794FE0A9B186052
:10CAEC00596088E6434B444CA6E7424A3000390073
:10CAFC00424BFBF7B5FC3F4A002807D00098019940
:10CB0C003E4BFCF77FFE20606160C0E730003900CF
:10CB1C003B4BFBF791FC002802D10A9A0B9BB4E724
:10CB2C00344A364B00980199FEF752F9EBE7354E33
:10CB3C00354F12961397B0E600232C4CB7E61A9B90
:10CB4C00A34200D00AE7314A1578002D00D105E741
:10CB5C002F490B8864339BB20B80002313702D4A32
:10CB6C00137001222C4B1A702C4B00221B78002BBB
:10CB7C0013D1029803990023FBF75EFC002819D00F
:10CB8C00274A136801331360254B1B68012B00DC0B
:10CB9C00E4E60122234B1A70E0E600230298039985
:10CBAC00FBF75EFC051EEBD101221D4B1A601B4BE3
:10CBBC001D70D3E60022029803990023FBF750FC6A
:10CBCC000028F1D1E0E7069A002A00D172E563E56E
:10CBDC000C9B002B00D138E623E60C9B002B00D1DC
:10CBEC00BCE67BE60000E03FE00200200000F03FE6
:10CBFC00000000209A9999999999C93F9999B93F40
:10CC0C009999B9BF333333333333D33F0104002005
:10CC1C007E67002000040020D003002020000020AC
:10CC2C00FC030020FA030020F0B5002201260400CA
:10CC3C00094F0A488A4200DBF0BD0825A35C584026
:10CC4C00030033405B423B4040085840013D80B2FA
:10CC5C00002DF5D10132EDE701A0FFFFFFFF000031
:10CC6C000122024B1A8000225A807047E2030020F6
:10CC7C0070B5084C050023780E00002B01D1FFF78E
:10CC8C00EFFF31002800FFF7CFFF01236080A08069
:10CC9C00637070BDE203002010B5FFF7E9FF014B94
:10CCAC00187910BDE20300200020034B5A78824211
:10CCBC0000D058797047C046E203002070B50400DC
:10CCCC000D0000226168006802F086F8290001223C
:10CCDC00032002F067FB03CC012202F07DF870BD4B
:10CCEC007FB56B4600915A6019000200050011C90E
:10CCFC0011C201220098596802F06EF8012628230F
:10CD0C0003AC280021002380A670FFF7D7FF38233F
:10CD1C00280021002380A670FFF7D0FF02232800F3
:10CD2C00F61821002380A670FFF7C8FF30232800D7
:10CD3C002100A6702380FFF7C1FF7FBD07B59022AD
:10CD4C000B001202914200D91300182201A90A709B
:10CD5C001A0A4A708B70FFF7B1FF07BD07B5902216
:10CD6C000B001202914200D91300192201A90A707A
:10CD7C001A0A4A708B70FFF7A1FF07BD00880B8859
:10CD8C00C01A7047F0B51F0000250C0085B08B0051
:10CD9C00060018580A9B039218603D60039B9C4246
:10CDAC0001DB00251BE0A3000293F3580193002D37
:10CDBC0008D1191CFBF77AFB431E9841050001981A
:10CDCC000134EBE70199FBF785FB0028F7D0029BB8
:10CDDC000A9AF318043B1B68013C3C601360280062
:10CDEC0005B0F0BDF0B51F0085B08B0006001858DB
:10CDFC000A9B0C0018600023012503923B60039BE7
:10CE0C009C4201DB00201EE0A3000293F358019327
:10CE1C00002D0AD0191CFBF75DFB431E9841012322
:10CE2C0005005D4001980134E9E70199FBF73EFBF1
:10CE3C000028F7D00120029B0A9AF318043B1B68C8
:10CE4C00013C3C60136005B0F0BDF0B50C00060071
:10CE5C00002785B003938B001958930001921B583F
:10CE6C000A9A019D1360013C019B9C4207DD002F37
:10CE7C000DD0631BDA179B185340052B07DD039B62
:10CE8C000A9A1D60AD00AB59136005B0F0BDA3004C
:10CE9C00F358181C0293FBF71DFB002806D0002F3B
:10CEAC0001D1651C01370299013CDDE70700FAE767
:10CEBC00F0B50C000600002785B003938B001958C1
:10CECC00930001921B580A9A019D13600134019B37
:10CEDC009C4207DA002F0DD0631BDA179B185340C6
:10CEEC00052B07DD039B0A9A1D60AD00AB5913603F
:10CEFC0005B0F0BDA300F358181C0293FBF7EAFA37
:10CF0C00002806D0002F01D1651E0137029901348B
:10CF1C00DDE70700FAE7000070B50D0004000222FF
:10CF2C00044B0AF093F8E90F491949108900085984
:10CF3C0080B270BD89CD0008F0B50D0000241F4BE8
:10CF4C0085B002931E4B21310190203D009103933B
:10CF5C00009B9D420BD11B49201CFBF711FEFEF7D9
:10CF6C00F1FB0BF0FBF9FEF735FC05B0F0BD029AB6
:10CF7C006B00D05A039AD35AC01AC317C018584022
:10CF8C00FCF7AAFB019AAB00D158FCF721F9FEF78C
:10CF9C00D9FB02000B00FDF735FC0600201C0F002E
:10CFAC00FEF7D0FB02000B0030003900FCF72AFC26
:10CFBC00FEF710FC0135041CCAE7C046845700205C
:10CFCC00944C002000008242F0B5002689B000AFDE
:10CFDC003A61013A3B60D30F9B185B10B8607960E3
:10CFEC00BB613B689E4202DBBD4609B0F0BD6B469F
:10CFFC00BC69FB603B69FB61A64203DA3400730039
:10D00C000133FB616A460025FB69341B9B00073327
:10D01C00DB08DB00D31A9D467B61BB68A4001C199E
:10D02C00FB69AB420CDC19007869FFF775FFFCF764
:10D03C00A3FB7B68B4001851FB6801369D46D0E712
:10D04C0001CCFCF729FB7B69AA0098500135E7E776
:10D05C00F0B5002489B00492013A0593D30F9B18C4
:10D06C005B100393059B069007915E1E059B9C42EB
:10D07C0001DB09B0F0BD039B9C421ADA230065006A
:10D08C000135069AE31A9B00D7180023029300235C
:10D09C000193029B9D4216DC2800FCF71DFB011C32
:10D0AC000198FBF76DFD079BA700D8510134013E99
:10D0BC00DCE7039A3300964202DA75000135E0E7AB
:10D0CC00039B049DDDE7019802CFFBF767FB029BF6
:10D0DC00019001330293DCE7F8B504000D00002049
:10D0EC00012917DD00268F00231FFF1821686068B7
:10D0FC00FCF76EF841004908301CFBF74FFB043479
:10D10C00061CA742F2D1681EFCF7E6FA011C301C83
:10D11C00FBF736FDF8BD0000F7B5104B00251B687A
:10D12C000F4E019301230F4F5B420093019BAB42C7
:10D13C0001DC0098FEBDF16BB06BFBF7EFFE041C3D
:10D14C00011C381CFBF7B2F9002804D13C1C01353A
:10D15C002836271CEAE70095F9E7C046E8030020CB
:10D16C0004040020000080BFF0B5184B85B01B688C
:10D17C0000250393164B174F5C681B6800930194B2
:10D18C000123154E5B420293039BAB4202DC0298D7
:10D19C0005B0F0BDF86CFEF7D5FA009A019BFDF7CF
:10D1AC0017FEFEF741FAC317C0185840FCF794FA63
:10D1BC00041C011C301CFBF78DF9002804D1341C15
:10D1CC0001352837261CDFE70295F9E7E803002034
:10D1DC00C80A00200404002000FEFF46F7B50E4BE1
:10D1EC0000241B680D4E019301230D4D5B420093EF
:10D1FC00019BA34201DC0098FEBD376C281C391C36
:10D20C00FBF768F9002804D12F1C013428363D1C8B
:10D21C00EEE70094F9E7C046E80300200404002080
:10D22C0000FEFF46F0B5A1B0139326AB1B8800247B
:10D23C000C9327AB1B78129215930023DC221C93C2
:10D24C001D931E931F93D04B03901091CF48210038
:10D25C0052001C60189419941A941B940AF072F9D9
:10D26C00CB4B1C70CB4B1B78A3421ED032231B9391
:10D27C0000230793002300260E930B93C24D2C68BA
:10D28C00092C60DC0C9A15981CAB00931B99323A54
:10D29C0018AB00280FD00398FFF774FD0A90002CF0
:10D2AC0020D00A9B002B20D14DE0BB4B1B78002BD0
:10D2BC00DED01423DBE70398FFF794FD0123189AC3
:10D2CC002B60B64B9200D358109A1C981360002216
:10D2DC00129B1A60FBF760F9139B1880109B18685F
:10D2EC0021B0F0BD0A9B002B29D0AB4B189E1B78AC
:10D2FC00002B00D062E11EAB012231000398009399
:10D30C001AABFFF7A2FD0C9B31005A1E1FAB039802
:10D31C0000931BABFFF7CCFD1C98FBF73DF983B2D8
:10D32C0018000793FCF7D8F91E99041CFBF750FF63
:10D33C001F990B90201CFBF74BFF0E9053E0954B65
:10D34C001B78002B30D1904B904D1E68002E00DDC9
:10D35C006CE100D0B1E10C9C904B013CEC60A40062
:10D36C001A68E3582A61AB61039B6A6118682E60E6
:10D37C00AE60FBF711F9039B80B2A883E883E058F9
:10D38C00FBF70AF92884864B109A1E602B691360F0
:10D39C00A88CFCF7F1F9129B139A1860AB8B300038
:10D3AC001380FCF7E9F99BE77E4B1B78002B00D12F
:10D3BC00DCE07D4B794D1A685B68049205930C9BFD
:10D3CC009C4210DAA300E858FEF7BCF9049A059BBE
:10D3DC00FBF732F8002800D1D3E023001894323B3D
:10D3EC0032341A931B941A9B08931B9B089A09932B
:10D3FC00189B049206939B1A642B02DD069B643BDC
:10D40C000493099B069A099D9B1A642B01DD150058
:10D41C006435049BEB1A581C80000D9309F0AAFC90
:10D42C000700049B039A9B009B58049C1193AB0030
:10D43C009B580F9014935D4B1793A54200DBCDE0E6
:10D44C001DAB009300210D9A0F9819ABFFF79AFCB6
:10D45C00071E1CD01D98FBF79FF883B2180007938A
:10D46C00FCF73AF91199FBF7B3FE0021199E051C44
:10D47C00FBF73AF8002800D0CDE00B9D0A9B002B5F
:10D48C0002D10122424B1A70049B0B95F6180F988F
:10D49C0009F07AFC404B1B78002B0CD0444B1B78CA
:10D4AC00002B00D1B9E03D4B4249B200D058FBF7FC
:10D4BC001BF8002819D0089B0020F31ADA179B18C8
:10D4CC005340052B11DD099BF31ADA179B185340B7
:10D4DC00052B0ADD089A099B9B1ADA179B185340F7
:10D4EC000122142B00DC02001000274B1B68049354
:10D4FC000A9B002B02D1002F00D124E7002830D04A
:10D50C002824049B30005F1C23007B430D93FCF705
:10D51C00E3F81E4D0D9BE850049B08985C43FCF708
:10D52C00DBF82C19E0620998FCF7D6F82063079811
:10D53C00FCF722F90B9B3100A3630E9B60630398ED
:10D54C00E363FFF7F9FCFE239B05206463640698F4
:10D55C00FCF7C2F8114BB200D358A064E3640A4B39
:10D56C001F600A9B002B00D088E6ECE6124B1B7860
:10D57C00002B00D01DE701F0D4F8002800D1E2E622
:10D58C0017E701341BE7C046E80300200404002021
:10D59C00EC0300205A630020D9010020F40A00207B
:10D5AC0068670020C765002028020020D4200020D6
:10D5BC00D801002000801844D3650020404B1B7814
:10D5CC00002B00D197E63F4BB200D058FCF764F823
:10D5DC00C3173D4CC018584020608CE6049BE01AE1
:10D5EC00FCF77AF8149916901198FBF7F1FD011CD1
:10D5FC001698FBF793FC16900D98FCF76DF8011C30
:10D60C001698FBF7BDFA179AA300D158FBF7C6F88A
:10D61C00013401C711E70E9530E7294B1B78002B1D
:10D62C0000D148E7274B2949B2003FE7284B1B782C
:10D63C00002B3AD0274B1B78002B33D0FFF794FDEF
:10D64C000400254B1B78002B08D0002C06DA234B4A
:10D65C001C78002C2CD0FFF787FD040028273E00F7
:10D66C006643AE19706BFAF797FF01346743A883D2
:10D67C00E859FCF711F8134C80000359B06B2B617F
:10D68C00FAF78AFF6884F06BFAF786FFA884B06C0F
:10D69C00FCF702F880000059FBF7FEFFC317C61811
:10D6AC005E4070E6FFF79AFDCAE701246442C8E7C2
:10D6BC00022ED3D0FFF730FDCFE701246442CDE733
:10D6CC0059630020F40A0020686700200000FA4328
:10D6DC00D9010020D26500205A630020D3650020B8
:10D6EC000023F0B58BB00993BB4B049006910593C6
:10D6FC009B88059AB94C13805380B94D63880100FF
:10D70C0028002380FFF7E8FC21220026B54B186087
:10D71C00B54B1A60049BB34200DDBAE0B34F212233
:10D72C0039002800FFF794FC0026049BB34200DD6F
:10D73C00B8E00026049BB34200DDBEE0AB4E2800EF
:10D74C0021223100FFF784FC0025049BAB4200DD55
:10D75C00BDE00026A24D049BB34200DDC1E0059B59
:10D76C0020881B88C01AC317C0185840FBF7B4FF99
:10D77C00059B286060885B88C01AC317C018584086
:10D78C00FBF7AAFF994E9A4A3100049B1268686015
:10D79C002800FFF719FC412229003000049BFFF7F9
:10D7AC0057FC2122904C049B310028002260FFF78B
:10D7BC004FFC904B1A7800239A4203D08E4B1A7868
:10D7CC0001235340012213400293049B01920093C6
:10D7DC00122304AA9B183000884909AAFFF722FDDE
:10D7EC00874B1860834B1B78002B00D0E0E0854BF7
:10D7FC001E78824B002E00D1834B1868FDF7A2FFD8
:10D80C00069B1864596481498B8B0493069B049A7C
:10D81C006A331A80069B8A8C7A331A80754B1B7874
:10D82C00002B00D16EE1C823049C5B009C429B4101
:10D83C0077485B420370774B187800280CD0002394
:10D84C0009271C004E8C744DB7425C412C70734DF3
:10D85C00BA4200D801332B70714B1B78002B00D1CE
:10D86C00DBE1002309271C004E8C6B4DB7425C4159
:10D87C0097425B412C70694D2B70002800D119E147
:10D88C00498C684B4F2902D94F2A00D9D0E001228C
:10D89C00CFE07300E05AFBF76FFFB700EF19386069
:10D8AC00013637E77300E3180793B300F858FAF71B
:10D8BC0073FE079B0136188037E7059A7300D05A20
:10D8CC00FBF75AFFB700EF193860013632E7059BBA
:10D8DC006F00DF19AB00F058FAF75EFE01353880A7
:10D8EC0033E7059A7300E05AD35AB700C01AC3172E
:10D8FC00C0185840FBF7F0FEEF19386001362AE7E4
:10D90C00079A6B00D05AFBF737FF4749FBF760FCCF
:10D91C00AF004000F719400838600135049BAB425A
:10D92C00EEDC324D226829003000FFF791FB012319
:10D93C000193049B00240093122304AA9B1830002B
:10D94C003A49029409AAFFF76DFC254F049BA342A8
:10D95C0033DC254A290038001268FFF779FB0023D5
:10D96C000293049B012600931223274C04AA9B18B4
:10D97C0021002800019609AAFFF754FC23682B4DBF
:10D98C00191C28680593FAF7A5FD002800D12EE78D
:10D99C00059B04AA2B6000230293049B2100009397
:10D9AC00122338009B18019609AAFFF73BFC1EE7CF
:10D9BC000A4B00250A4E0793B0E7059A6300D05A2C
:10D9CC00FBF7DAFE1849FBF703FCA6004000BE1972
:10D9DC00400830600134B9E784570020944C002093
:10D9EC00B43600206067002018000020D4200020EE
:10D9FC001C0000205A630020BC0A00207067002025
:10DA0C006C670020D90100207867002004040020F6
:10DA1C00F903002059630020F8030020F7030020CD
:10DA2C00D8010020F603002000FC7F46746700201C
:10DA3C0000221A707C4B7D491A78012353407C4A92
:10DA4C000B701370C82304985B00984207D3794B72
:10DA5C001B78002B03D1784B1B78002B44D0002370
:10DA6C001370764B764C1A68002A2CD12388754893
:10DA7C000A701B189BB223800022734B1A70734AD6
:10DA8C001278002A11D1724A1278002A0DD0714AEC
:10DA9C001278002A09D1704A1278002A05D0674AF8
:10DAAC001268002A01D001221A7000226B4B1A70E6
:10DABC000BB0F0BD684B182E00D8E8E6182A00D839
:10DACC00E5E61870B6E7664B1B78002B07D000F024
:10DADC00BBFE2388634A9B189BB22380CCE700F0E3
:10DAEC00B3FE2388604AF6E75D4909780029C3D064
:10DAFC00137000F0A9FE524A5A4913885B189BB266
:10DB0C001380B9E7002ED3D0FA20049C8000844205
:10DB1C008041564D40420927287018001C004D8C3E
:10DB2C0097425C41AF4258415149087051480470CA
:10DB3C00C72D03D9C72090425B41DEB24E4B1E70FD
:10DB4C00434B1B78002B05D04C4B1B6B022B01DC81
:10DB5C0000230B700120FA25334B84461B78484C6C
:10DB6C0043400498474F2370AD00A84204D30D786E
:10DB7C00002D01D1092A38D8394B314D1B78002B97
:10DB8C0022D123702D4B1B68002B05D12B882D4ADD
:10DB9C009B189BB22B800EE02B88334A9B180122DA
:10DBAC009BB22B80384B394D1A70394B1868FDF7E6
:10DBBC00C9FD2860696000233B70FA23049A9B001E
:10DBCC009A4200D274E71DE001222F4B1A702F4BA2
:10DBDC0005932F4B1868FDF7B5FD059B2D4A186072
:10DBEC005960002323702B88D2E7002B19D0624692
:10DBFC00254B264C1A70264B1868FDF7A3FD2060A8
:10DC0C0061603D70002E00D152E70C4B1B68002B5D
:10DC1C0000D14DE701233B704AE7002800D02FE6E6
:10DC2C0008E73B70EEE7C046020400200104002028
:10DC3C0000040020F8030020F7030020E803002074
:10DC4C007E67002050C3FFFFF303002059630020C0
:10DC5C00D8010020F9030020F5030020F403002074
:10DC6C00EC030020204E000010270000F1030020E0
:10DC7C00F0030020EF030020EE030020800A0020B8
:10DC8C00F2030020ED030020B1650020F801002014
:10DC9C0070670020409CFFFF10B50100662000F06B
:10DCAC0029FF10BD10B50100622000F023FF10BD4C
:10DCBC0010B50100632000F01DFF10BD10B5010070
:10DCCC00602000F017FF10BD10B50100612000F0BE
:10DCDC0011FF10BD10B50100C02000F00BFF10BDEE
:10DCEC0010B50100672000F005FF10BD10B5010054
:10DCFC006B2000F0FFFE10BD37B50100682000F06E
:10DD0C00F9FE0A4B01AD18685968FDF763FD011C5B
:10DD1C00280005F0F4FF002420006C30295D80B24F
:10DD2C00013400F0E7FE042CF6D137BDC00300200F
:10DD3C0000233B2909D81818C0B2182801D918207B
:10DD4C0000210002081880B270473C390133C9B277
:10DD5C00DBB2EEE710B5FFF7EBFF0400010AC9B226
:10DD6C00642000F0C7FE6520E1B200F0C3FE10BDD8
:10DD7C0010B5642000F0A0FE0400652000F09CFEAD
:10DD8C0001002000FFF7D4FF10BD10B50400010006
:10DD9C000C22C52000F0BCFE21000C22D12000F08A
:10DDAC00B7FE8A200C222100400000F0B1FE10BD0D
:10DDBC0070B50D4E050074791022122C0ED0112C5A
:10DDCC0010D8013C20002030032180B2013400F037
:10DDDC0091FE122CF6D17279023AD2B2290020208F
:10DDEC0000F0C6FE70BDC046BC05002070B5050035
:10DDFC0000242000203080B200F05EFE032804D105
:10DE0C0028550134102CF4D113E02028F8D02D28FB
:10DE1C00F6D02E28F4D02F2803D93928F0D9402851
:10DE2C00EED810220321280009F08CFB2800FFF704
:10DE3C00BFFF70BD70B50D4E050074791022122C09
:10DE4C000ED0112C10D8013C20004030032180B2A0
:10DE5C00013400F04FFE122CF6D17279023AD2B294
:10DE6C002900402000F084FE70BDC046BC05002097
:10DE7C0070B5050000242000403080B200F01CFE7C
:10DE8C00032804D128550134102CF4D113E0202898
:10DE9C00F8D02D28F6D02E28F4D02F2803D93928E5
:10DEAC00F0D94028EED810220321280009F04AFBB3
:10DEBC002800FFF77DFF70BD10B50100E02000F0D9
:10DECC0019FE10BD0100932010B5400000F012FEA9
:10DEDC0010BD932010B5400000F0EEFDFF2803D1DB
:10DEEC00AA38FFF7EFFF552010BD10B5E02000F069
:10DEFC00E3FDFF2803D1FD38FFF7DEFF022010BD44
:10DF0C00F7B5F0248527114E6400BF0003CEFDF752
:10DF1C0061FC01AD011C280005F0F1FE2000297800
:10DF2C0000F0E8FD601C697880B200F0E3FDA01CF5
:10DF3C00A97880B200F0DEFDE01C0434E97880B2F0
:10DF4C00A4B200F0D7FDBC42E0D1F7BD386500208B
:10DF5C0073B5114E114C03CEFDF73CFC01AD011C09
:10DF6C00280005F0CCFE2000297800F0C3FD601CD1
:10DF7C00697880B200F0BEFDA01CA97880B200F0D8
:10DF8C00B9FDE01CE97880B200F0B4FD0434044B18
:10DF9C00A4B29C42DFD173BDD0640020A302000068
:10DFAC00D702000073B5114E114C03CEFDF712FCD5
:10DFBC0001AD011C280005F0A2FE2000297800F01C
:10DFCC0099FD601C697880B200F094FDA01CA978C2
:10DFDC0080B200F08FFDE01CE97880B200F08AFD81
:10DFEC000434044BA4B29C42DFD173BD686400209E
:10DFFC00D70200000B03000073B5114E114C03CE79
:10E00C00FDF7E8FB01AD011C280005F078FE2000AF
:10E01C00297800F06FFD601C697880B200F06AFD11
:10E02C00A01CA97880B200F065FDE01CE97880B2F4
:10E03C0000F060FD0434044BA4B29C42DFD173BDEC
:10E04C00006400200B0300003F03000073B5114E69
:10E05C00114C03CEFDF7BEFB01AD011C280005F0F1
:10E06C004EFE2000297800F045FD601C697880B2D6
:10E07C0000F040FDA01CA97880B200F03BFDE01C34
:10E08C00E97880B200F036FD0434044BA4B29C4213
:10E09C00DFD173BD986300203F03000073030000C1
:10E0AC0010B5002420002C30FF3080B200F004FDAD
:10E0BC00024B185501340D2CF4D110BDD4030020A3
:10E0CC0010B500242000064B2C30195DFF30C9B26E
:10E0DC0080B2013400F00EFD0D2CF3D110BDC04602
:10E0EC00D403002010B500242000054BC130FF30B4
:10E0FC00195D80B2013400F0FDFC0D2CF4D110BD83
:10E10C008563002010B50024054B195D85239B0009
:10E11C00E01880B2013400F0EDFC0D2CF4D110BDF0
:10E12C007863002070B5002425004135FF35ADB271
:10E13C00280000F0C1FC431EDBB2082B04D92800D8
:10E14C00052100F0D7FC0520024B185501340F2C8B
:10E15C00EAD170BDA065002010B500242000054B4D
:10E16C004130FF30195D80B2013400F0C3FC0F2C3C
:10E17C00F4D110BDA06500200A4B37B5186859685A
:10E18C00FDF728FB01AD011C280005F0B8FD0024AB
:10E19C002000E830295D80B2013400F0ABFC042C87
:10E1AC00F6D137BD080000200A4B37B518685968FE
:10E1BC00FDF710FB01AD011C280005F0A0FD0024AB
:10E1CC002000F630295D80B2013400F093FC042C61
:10E1DC00F6D137BDC80300200A4B37B5186859680B
:10E1EC00FDF7F8FA01AD011C280005F088FD0024AC
:10E1FC002000E430295D80B2013400F07BFC042C5B
:10E20C00F6D137BD0000002073B51A4E1A4C03CE60
:10E21C00FDF7E0FA01AD011C280005F070FD2000AF
:10E22C00297800F067FC601C697880B200F062FC11
:10E23C00A01CA97880B200F05DFCE01CE97880B2EB
:10E24C0000F058FC04340D4BA4B29C42DFD10C4BB3
:10E25C00E320197800F04EFC0A4BE220197800F00C
:10E26C0049FCFFF7B9FF9220074B4000197800F0EA
:10E27C0041FC73BD786200203B020000A302000049
:10E28C00D3030020D2030020D10300200A4B37B562
:10E29C0018685968FDF79EFA01AD011C280005F0BD
:10E2AC002EFD00242000EC30295D80B2013400F0FA
:10E2BC0021FC042CF6D137BD300200200D4B37B5B4
:10E2CC0018685968FDF786FA01AD011C280005F0A5
:10E2DC0016FD00242000F030295D80B2013400F0DE
:10E2EC0009FC042CF6D1044BF4201978C9B200F0C7
:10E2FC0001FC37BD28020020C76500200100262044
:10E30C0010B5FF3000F0F6FB10BD10B50100692010
:10E31C0000F0F0FB10BD000010B50100014800F04A
:10E32C00E9FB10BD390200000100D12010B54000FE
:10E33C0000F0E0FB10BD0100D42010B5400000F04F
:10E34C00D9FB10BD0100AA2010B5FF3000F0D2FBA4
:10E35C0010BD0100D72010B5400000F0CBFB10BD64
:10E36C000100D52010B5400000F0C4FB10BD010029
:10E37C00A42010B5FF3000F0BDFB10BD0100AC2097
:10E38C0010B5FF3000F0B6FB10BD0100D22010B567
:10E39C00400000F0AFFB10BD0100AE2010B5FF3007
:10E3AC0000F0A8FB10BD0100D62010B5400000F015
:10E3BC00A1FB10BD10B5010C0400A820C9B2FF30A0
:10E3CC0000F098FBD320210AC9B2400000F092FB68
:10E3DC00A620E1B2FF3000F08DFB10BD002110B57E
:10E3EC000800FFF7B7FC0120FFF768FC0120FFF7DE
:10E3FC006BFC0020FFF7DEFF10BD10B5040000F031
:10E40C00D3FBFFF7EBFF21000622012000F0B0FB4D
:10E41C0021000622102000F0ABFB06222100302048
:10E42C0000F0A6FB10BDF0B5012500272C008FB025
:10E43C0006AB0590019302930395BEB2701C80B29B
:10E44C0000F03AFB029B18703000103080B200F0E4
:10E45C0033FB082206AB9B183036D8550490B0B26B
:10E46C0000F02AFB029A049912780AABF8549142F4
:10E47C0053D1049A904207D00024250004E00024D4
:10E48C00049A03948242F8D1029A01370132029223
:10E49C00062FD2D106AA127A1B78134006AA12783C
:10E4AC00FF2A0DD1FF3B5A425341DEB200230CA987
:10E4BC00002C02D1039A002A0AD0019A12780DE09E
:10E4CC000026FF2BF2D106A8FFF797FF3500EDE7EA
:10E4DC00002DF2D0082006AA1218D25C5A54019AC8
:10E4EC00013301320192062BE2D10023CA5C1000E9
:10E4FC003038092809D906223021059809F022F86C
:10E50C000598FFF77AFF0FB0F0BD0598C254002EA6
:10E51C00F1D10133062BE9D1F5E79042AFD10022BE
:10E52C0015000392B0E70100282010B5FF3000F071
:10E53C00E1FA10BD01002A2010B5FF3000F0DAFA24
:10E54C0010BD0100952010B5400000F0D3FA10BDAD
:10E55C0010B50100014800F0CDFA10BD36020000E4
:10E56C0010B50100014800F0C5FA10BD37020000DB
:10E57C0070B5050000242000803080B200F09CFAB9
:10E58C0028550134102CF6D170BD10B501001022A5
:10E59C00802000F0EDFA10BDD02310B50C00010066
:10E5AC00580000F0A7FAA2202100FF3000F0A2FAD8
:10E5BC0010BDF7B504001D000091019200F07CFA2B
:10E5CC000600200000F078FA07003000BE4208D0A8
:10E5DC00200000F071FA874203D0200000F06CFAA2
:10E5EC003000019B984202D8009B984204D2200034
:10E5FC00290000F07FFA2800FEBD022310B51A0096
:10E60C0001216620FFF7D5FF10BD10B507230822A6
:10E61C0001216220FFF7CDFF10BD10B50023F022C1
:10E62C000A216320FFF7C5FF10BD012310B5FF229F
:10E63C0019006020FFF7BDFF10BD012310B50222A9
:10E64C0019006120FFF7B5FF10BD022310B51A00A9
:10E65C000121C020FFF7ADFF10BD012310B5022230
:10E66C0019006720FFF7A5FF10BD002310B5F0229D
:10E67C0019006B20FFF79DFF10BD000070B5002442
:10E68C00FF2585239B00E0182A002B00012180B276
:10E69C00FFF78FFF024B185501340D2CF1D170BDD3
:10E6AC0078630020012310B5022219006920FFF7BE
:10E6BC0080FF10BD022310B51A0001210148FFF79D
:10E6CC0078FF10BD390200000123D12010B50222C1
:10E6DC0019009840FFF76DFF10BD0123D42010B531
:10E6EC00022219009840FFF764FF10BD0123AA20F5
:10E6FC0010B502221900FF30FFF75BFF10BD01219E
:10E70C00D72010B50B23FE228840FFF752FF10BD17
:10E71C000123D52010B5022219009840FFF749FFBC
:10E72C0010BD0023A42010B5FE221900FF30FFF706
:10E73C0040FF10BD0023AC2010B5FE221900FF30A5
:10E74C00FFF737FF10BD0023D22010B5FE221900B1
:10E75C004000FFF72EFF10BD0023AE2010B5FE22A7
:10E76C001900FF30FFF725FF10BD0023D62010B590
:10E77C000D2219004000FFF71CFF10BD0023FF22E3
:10E78C00A82010B519008018FFF713FF0023040010
:10E79C00D3201900FF224000FFF70BFF24040002D6
:10E7AC000023FF222418A62019008018FFF701FF70
:10E7BC00001910BD0123262010B502221900FF30CC
:10E7CC00FFF7F7FE10BD0F232A2010B51A000E21FB
:10E7DC00FF30FFF7EEFE10BD0023952010B5FF2291
:10E7EC0019004000FFF7E5FE10BD000010B50B232B
:10E7FC000D2201210148FFF7DCFE10BD360200009E
:10E80C00012310B50D2219000148FFF7D2FE10BDEF
:10E81C003702000037B505000024281980B200F03B
:10E82C004BF901AB18550134042CF6D1210018001A
:10E83C0005F054FA0198011CF9F732FE002801D1B9
:10E84C000023019301983EBD002370B506221900E8
:10E85C006820FFF7AEFE04006C20FFF7DBFFFCF72F
:10E86C0071FF024D28606960200070BDC00300205C
:10E87C0070B5F0248526074D6400B6002000FFF724
:10E88C00C9FFFCF75FFF0434A4B203C5B442F5D151
:10E89C0070BDC0463865002070B5074D074C200090
:10E8AC00FFF7B8FFFCF74EFF0434054BA4B203C5C9
:10E8BC009C42F4D170BDC046D0640020A30200007D
:10E8CC00D702000070B5074D074C2000FFF7A2FFE0
:10E8DC00FCF738FF0434054BA4B203C59C42F4D1B9
:10E8EC0070BDC04668640020D70200000B03000016
:10E8FC0070B5074D074C2000FFF78CFFFCF722FF8B
:10E90C000434054BA4B203C59C42F4D170BDC0467F
:10E91C00006400200B0300003F03000070B5074D9E
:10E92C00074C2000FFF776FFFCF70CFF0434054B77
:10E93C00A4B203C59C42F4D170BDC04698630020BC
:10E94C003F0300007303000010B5EC20FFF762FFDB
:10E95C00FCF7F8FE10BD000070B5334D334C2000B1
:10E96C00FFF758FFFCF7EEFE0434314BA4B203C59D
:10E97C009C42F4D1002319001A22E220FFF719FE61
:10E98C002C4B012218700023E3201900FFF711FE15
:10E99C00421E9041284B1870E420FFF73BFFFCF718
:10E9AC00D1FE264B18605960254B18605960E82041
:10E9BC00FFF730FFFCF7C6FE224C20606160F620AA
:10E9CC00FFF728FFFCF7BEFE1F4C20606160F020B3
:10E9DC00FFF720FFFCF7B6FE1C4B012218605960B4
:10E9EC001B4B186059600023F4201900FFF7E1FD60
:10E9FC00431E9841174BC0B2187000230122190016
:10EA0C00F520FFF7D6FD431E9841134BC0B218708A
:10EA1C0000239220012219004000FFF7CAFD421E7C
:10EA2C0090410E4B187070BD786200203B020000C4
:10EA3C00A3020000D2030020D3030020000000201A
:10EA4C00D80A002008000020C8030020280200205B
:10EA5C00E00A0020C7650020C5650020D103002016
:10EA6C0037B502236A46134C40BA5370508011716B
:10EA7C0020680022616800F0AFF9062000F070FCFD
:10EA8C0020680122616800F0A7F920680022616803
:10EA9C0000F0A2F901256B46585D013500F060FCD1
:10EAAC00052DF8D120680122616800F095F900F07D
:10EABC0003FD37BD2400002070B505000C4C00226E
:10EACC002068616800F088F9032000F049FC280AEE
:10EADC0000F046FCE8B200F043FC00F095FC0500A9
:10EAEC0001222068616800F077F9280070BDC046EB
:10EAFC002400002070B505000C002800FFF7DCFF97
:10EB0C00A04204D021002800FFF7AAFFF5E770BD52
:10EB1C00F8B505000F001600144C0022206861683F
:10EB2C0000F05AF9062000F01BFC206801226168F5
:10EB3C0000F052F900222068616800F04DF90220C3
:10EB4C0000F00EFC280A00F00BFCE8B200F008FC08
:10EB5C0039003000002200F025FC20680122616899
:10EB6C0000F03AF900F0A8FCF8BDC04624000020E3
:10EB7C00F7B50D0016000527019032002900019809
:10EB8C00FFF7C6FF0024A64200DCF7BD019B181955
:10EB9C0080B2FFF791FF2B5D834201D10134F2E784
:10EBAC00013F002FE9D1F0E730B589B02022FF21D9
:10EBBC006846802508F0C6FC0024ED0020002034B7
:10EBCC0020226946A4B2FFF7D3FFAC42F6D109B0BC
:10EBDC0030BD0000604B10B518680022596800F079
:10EBEC00FBF85E4B00221868596800F0F5F85C4B96
:10EBFC0000221868596800F0EFF85A4B0022186888
:10EC0C00596800F0E9F8584B00221868596800F070
:10EC1C00E3F8564B00221868596800F0DDF8544BA5
:10EC2C0000221868596800F0D7F8524B0022186877
:10EC3C00596800F0D1F8504B00221868596800F060
:10EC4C00CBF84E4B00221868596800F0C5F84C4BB5
:10EC5C0000221868596800F0BFF84A4B0022186867
:10EC6C00596800F0B9F8484B00221868596800F050
:10EC7C00B3F8464B00221868596800F0ADF8444BC5
:10EC8C0000221868596800F0A7F8424B0022186857
:10EC9C00596800F0A1F8404B00221868596800F040
:10ECAC009BF83E4B00221868596800F095F83C4BD5
:10ECBC0000221868596800F08FF83A4B0022186847
:10ECCC00596800F089F8384B00221868596800F030
:10ECDC0083F8364B00221868596800F07DF8344BE5
:10ECEC0001221868596800F077F8324B0122186835
:10ECFC00596800F071F8304B01221868596800F01F
:10ED0C006BF82E4B01221868596800F065F82C4BF3
:10ED1C0001221868596800F05FF82A4B0122186824
:10ED2C00596800F059F8284B01221868596800F00E
:10ED3C0053F8264B01221868596800F04DF8244B03
:10ED4C0000221868596800F047F8224B0122186815
:10ED5C00596800F041F810BD840000207C000020B0
:10ED6C0064000020740000205C0000206C00002077
:10ED7C00340100202C010020240100201C01002063
:10ED8C00140100200C01002004010020FC000020D4
:10ED9C00F4000020EC000020E4000020DC00002047
:10EDAC00D4000020CC000020C4000020BC000020B7
:10EDBC00340000202C00002024000020B40000208F
:10EDCC00AC0000209C000020A40000205400002077
:10EDDC004C0000209400002007B589B206F068F9B9
:10EDEC0007BD07B589B206F05DF9431E9841C0B264
:10EDFC000EBD000030B593B03822002104A808F0F5
:10EE0C00A1FB10220021684608F09CFB80208000AA
:10EE1C0006F0FEF906F0F2F91821194A0124D36D17
:10EE2C0002258B43D3650523049380235B02059352
:10EE3C0003230C9300230D9308330E9380239B0222
:10EE4C000F9380239B041093802304A89B050694A6
:10EE5C000B95119306F008FA002801D072B6FEE764
:10EE6C00072302900390210068460093019506F059
:10EE7C0063FC002801D072B6FEE713B030BDC0466B
:10EE8C0000100240F0B58FB005F02EFEFFF7B2FF78
:10EE9C001422002109A808F055FB04220126C74DB5
:10EEAC00C74C6B6B210013436B636B6BC5481340F2
:10EEBC000493049B6B6B1C3213436B636B6BC24FE1
:10EECC0013400593059B6B6B1E3A33436B636B6B63
:10EEDC0033400693069B6B6B13436B636B6B134056
:10EEEC000793079B6B6B063213436B636B6B13407F
:10EEFC0008930022089B06F0DBF8A02039000022C2
:10EF0C00C00506F0D5F80022B049B14806F0D0F89B
:10EF1C000022B049B04806F0CBF809940024A94867
:10EF2C0009A90A960B940C9406F00AF8A020052364
:10EF3C0009A9C00509930A940B9406F001F8A020C6
:10EF4C0009A9C00509970A960B940C9405F0F8FFD3
:10EF5C00A0200323102709A9C0050A9309970B9435
:10EF6C0005F0EEFF994B9A4809A909930A960B9460
:10EF7C000C9405F0E5FF974B974809A909930A965D
:10EF8C000B940C9405F0DCFF0822914809A9099216
:10EF9C000A940B9405F0D4FFAB6B21003343AB63A5
:10EFAC00AB6B2200334009200393039B05F0D4FD87
:10EFBC00092005F0FBFD894D894B28002B60894BFE
:10EFCC00AC606B60EE602C616C61AC61EC612C62CE
:10EFDC0006F074F80100A04201D072B6FEE72800DA
:10EFEC0006F0C2F8011E01D072B6FEE7280006F04A
:10EFFC00E1F8031E01D072B6FEE7E02507247A483B
:10F00C007A4AED004360836003614361836103626C
:10F01C0043628362036343630260C560C46206F0AB
:10F02C0009FE031E01D072B6FEE77148714A836077
:10F03C000260822203614361036243628362036361
:10F04C00082352004260FC32C5608261C761C46211
:10F05C00436306F0EFFD011E01D072B6FEE7664C6D
:10F06C00664B0200236096239B0163600C23A06017
:10F07C00E06020616361A0610300E0612062606276
:10F08C00A062200007F09AFD011E01D072B6FEE7C7
:10F09C00200007F0FBFD011E01D072B6FEE7200038
:10F0AC0007F014FE002801D072B6FEE7200007F02E
:10F0BC00CFFD031E01D072B6FEE7FF265048514A21
:10F0CC00514F026046608360C7600361836106F044
:10F0DC008BFF002801D072B6FEE74C484C4B4660C3
:10F0EC0003600023C760836003614361836106F0A2
:10F0FC007BFF031E01D072B6FEE74648464A4660C7
:10F10C0002608360C76003614361836106F06CFF3A
:10F11C000190002801D072B6FEE70C22019909A8D3
:10F12C0008F010FA3D4D3E4B28002B60019B6E60A1
:10F13C00AB60EF60AB6106F057FF002801D072B6F0
:10F14C00FEE709900B9009A9280006F077FF0190C3
:10F15C00002801D072B6FEE70C22019909A808F02C
:10F16C00F1F9304D304B28002B60019B6E60AB6089
:10F17C00EF60AB6106F038FF002801D072B6FEE7F5
:10F18C0009900B9009A9280006F058FF031E01D026
:10F19C0072B6FEE72548264A836002607F22C26071
:10F1AC008022D205066143618361C36102624362BE
:10F1BC0006F0EAFC00283DD072B6FEE700100240D3
:10F1CC00FF3F0000000800502809000034FF000039
:10F1DC000004005065030000000C00508009002062
:10F1EC0000540040BB7C7000F0080020003001404F
:10F1FC008C080020003800407C06002000380140BC
:10F20C00A807002000200040FFFF00005C07002042
:10F21C00004401401007002000480140F407002082
:10F22C000014004040080020001000405409002049
:10F23C0000280040FFF7CEFC28222000194907F0D7
:10F24C0067FD0126184F3B78002B12D0174D2B78F9
:10F25C00DCB2002B0DD102202E7000F019FB144BE8
:10F26C003C701C70134B1C70134B1C70134B1C709C
:10F27C002C70134F3B78002BE4D00C4D2B78DCB268
:10F28C00002BDFD101202E7000F002FB084B3C70EC
:10F29C001C70084B1C70084B1C70084B1C702C709D
:10F2AC00D0E7C046F8050020936700208E67002049
:10F2BC008D6700208C6700208A67002088670020FB
:10F2CC009467002070B50B4D0B4C0A0021002800F0
:10F2DC0008F0CDF92800282105F0A8FB21002822F0
:10F2EC00064807F015FD0421054B1A6813688B437B
:10F2FC00136070BDD0050020F80500207C060020AE
:10F30C002006002007B56B46D91D08706423012226
:10F31C00014807F037FB07BD7C06002010B5044CF4
:10F32C000A0001006423200007F02CFB10BDC0462E
:10F33C007C060020034B1A68402311680B431360B2
:10F34C007047C046F0080020022303498A681A421D
:10F35C00FCD0024B18707047003001400C3001405B
:10F36C00402210B501240C4B1B681968914319609D
:10F37C001968A14319601968196019680A431A6061
:10F38C000222064B99681142FCD0054A107080226B
:10F39C0099681142FCD110BD8C0800200038004047
:10F3AC000C380040F0B540240126144B1B681D6836
:10F3BC00A5431D601D68B5431D601D68104E1543A7
:10F3CC001D601A68802514431C60002202240D4B1A
:10F3DC00904208DC022299681142FCD08022996884
:10F3EC001142FCD1F0BD9F682742FCD09F682F4290
:10F3FC00FCD18F5C01323770EAE7C0468C080020E4
:10F40C000C38004000380040402210B501240F4851
:10F41C0003681968914319601968A1431960196848
:10F42C00196019680A431A6006F07CFC0222084B2A
:10F43C0099681142FCD00021064A1170012299688A
:10F44C001142FCD0D868C0B210BDC0468C08002058
:10F45C00003800400C380040F8B5144F0400380058
:10F46C0016000D0006F05EFC40223B6819689143C3
:10F47C0019600121186888431860186830431860B7
:10F48C0018680B4E02431A6002200023094A9C4262
:10F49C0000DCF8BD97680742FCD0002737709768EE
:10F4AC000F42FCD0D768EF540133F0E78C080020F2
:10F4BC000C3800400038004070B50C4C002220681D
:10F4CC006168FFF789FC0520FFF74AFF0125FFF76C
:10F4DC009BFFFFF799FF284205D120680122616844
:10F4EC00FFF77AFC70BDFFF78FFFF4E724000020D4
:10F4FC0010B5062807D10C480222036852421A6143
:10F50C0006F024FC10BD072801D10848F4E70E28AA
:10F51C0001D10748F0E7102801D10648ECE7112883
:10F52C00F0D10548E8E7C04640080020F407002069
:10F53C00A80700205C0700201007002010B5062843
:10F54C0003D10A4806F036FC10BD072801D1084843
:10F55C00F8E70E2801D10748F4E7102801D1064836
:10F56C00F0E71128F0D10548ECE7C0464008002030
:10F57C00F4070020A80700205C07002010070020DB
:10F58C00084B06280BD0084B072808D0074B0E2831
:10F59C0005D0074B102802D0112802D1054B1B684F
:10F5AC00D962704740080020F4070020A80700200B
:10F5BC005C07002010070020084B06280BD0084BD6
:10F5CC00072808D0074B0E2805D0074B102802D06F
:10F5DC00112802D1054B1B68596270474008002066
:10F5EC00F4070020A80700205C070020100700206B
:10F5FC0062B6704772B670470E4B10B50400984255
:10F60C0007D103F0D1FB0C4B9C4207D103F0B6FAA7
:10F61C000FE00A4B984207D103F08CFE084B9C423A
:10F62C0007D103F0D7FA04E0064B9842EBD103F074
:10F63C008FFE10BD400800205C070020F40700205E
:10F64C0010070020A807002072B6FEE7F7B51B4C88
:10F65C001B4A230010685168803318605960194B9D
:10F66C0000251A685B68002600272261636100226E
:10F67C00154B01A826626762A662E7622663676380
:10F68C00226463642580A56304F082F86B46220033
:10F69C009B8848325BBA138023006A331D80230099
:10F6AC007A331D80230088331E605F6023007E3414
:10F6BC0090331E605F602580F7BDC046D8090020DE
:10F6CC000000002008000020E0FFEF40F8B5002209
:10F6DC00334BFAF797F80022324BFAF759FC040037
:10F6EC000D00314A314BFBF78DF822002B00FBF754
:10F6FC0089F822002B00FBF785F82D4A06000F0035
:10F70C00200029002B4BFBF77DF822002B00FBF788
:10F71C0079F802000B0030003900FAF773F8244A2C
:10F72C0006000F0020002900234BFBF76BF80200AA
:10F73C000B0030003900FAF765F8204A204BFBF734
:10F74C0047FB08F09DFD00221E4B04000D00F8F74E
:10F75C0087FE002812D01C4B1B78002B04D00122F2
:10F76C001A4B1B4C1B4D1A701B4B1B78002B02D0D9
:10F77C000122164B1A7029002000F8BD002220002F
:10F78C002900164BF8F758FE0028F4D0124B1B78C2
:10F79C00002BF0D001220D4B0D4C0E4D1A70EAE7E8
:10F7AC000000894000E09540D7A3703D0AD5814008
:10F7BC006666666666D29EC06672A140295C8FC280
:10F7CC00F5D8894000001E40D80100206467002055
:10F7DC008FC2F5285CFF5840596300200000F03FB1
:10F7EC00F8B50D0004000D4A0D4BFBF70BF82B0080
:10F7FC002200FBF707F80B4A06000F002000290037
:10F80C00094BFAF7FFFF02000B0030003900F9F743
:10F81C00F9FF064A064BF9F7F5FFF8BD865AD3BC3B
:10F82C00E3149DBF454772F90FE9FE3F4A0C022BCA
:10F83C008716A93FF8B50F0019000E4B06001B7870
:10F84C001000002B12D00C4C0C4D00220C4BFBF773
:10F85C00BFFA2B002200FAF7D5FF0022094BF9F76B
:10F86C00D1FF32003B00FAF7CDFFF8BD064C074D37
:10F87C00EBE7C046596300209A9999999999993F59
:10F88C00000039400000F03F7B14AE47E17A943F12
:10F89C000023F0B5B1B0CB4DCB4C09902F93012880
:10F8AC0024D128702370FFF74FF806000F00C74BC8
:10F8BC001E605F60C64B1B78002B23D000220023F8
:10F8CC00F8F7CEFD00281DD0C24B002230003900C5
:10F8DC00F8F7B2FD012300280ED02B700023237003
:10F8EC000020BD4BBD491860596011E0099A022AED
:10F8FC00D9D12B700123D5E7287023700020B64B8B
:10F90C00B749F0E72B78002BEAD12378002BF5D1FF
:10F91C00FEF7D0FE022802D10022B24B1A70FEF77D
:10F92C00C9FE012801D1AF4B1870FEF7A7FEFEF7F8
:10F93C008BFFFEF708FF1890FEF76FFEAA4B05939E
:10F94C001870FEF71BFF3221F8F75AFD002901D180
:10F95C0001F0C4FE002301221900F420FEF729FE59
:10F96C00431E98410023A14FC0B2190038700122E8
:10F97C00F520FEF71EFE431E98419D4EC0B230701E
:10F98C00FEF7ABFE012802D000229A4B1A70FEF74C
:10F99C00D1FE1090022802DD0122974B1A70974B72
:10F9AC001A78002A00D1C4E0059A12783B2A00D8B4
:10F9BC00BFE0934B01221A70924B1A70924B1A783B
:10F9CC00904B002A03D18E4A1278002A01D00122D2
:10F9DC001A701B78002B05D02B78002B02D001223B
:10F9EC00804B1A70FEF794FE884923780860002B30
:10F9FC0005D00122864B022800D0A5E01A707D4C60
:10FA0C007F4D2378002B09D02B78002B06D00020BB
:10FA1C00FEF7B4FC0022784B10921A702A787D4BBA
:10FA2C00002A00D196E07C4A7C491180724A1278F7
:10FA3C00002A01D001221A700124794B1C60FCF7BA
:10FA4C0075F93378D8B2002B03D1764B1C70FEF7C6
:10FA5C00A3FCFEF781FE744B18603378002B06D0A4
:10FA6C00FA216D4A890013885B189BB213803B788E
:10FA7C00002B04D0684A13880A339BB21380654B61
:10FA8C001B78002B04D0644A138864339BB2138018
:10FA9C005C4B664C1B78DAB20C92002B00D1F6E072
:10FAAC00FEF7A4FE22781300083B591E8B41DBB2F3
:10FABC000C93574B05921B78002B06D0032110009A
:10FACC00F8F72EFB0330C3B205930022584B1A7083
:10FADC000823139301200023227856499A4200DD13
:10FAEC00DCE002F07DFF544C09991CA801F090FA5F
:10FAFC0048221CA9200007F0BAFDFEF77EFD1990E4
:10FB0C00FEF72AFFFEF7B4FEFEF7C6FEFEF7DAFE9E
:10FB1C00FEF7EEFEFEF702FF484B1B78002B01D0E0
:10FB2C00FCF7F2F9414B01241A784549002345486A
:10FB3C00BCE01B78002B00D140E7059B1B78092B00
:10FB4C0000D83BE7304B35E702201A700860FEF70F
:10FB5C0007FC54E73C4A1278002A19D02A4A12783A
:10FB6C00002A15D02C4A394911803278D4B2002A97
:10FB7C0000D06EE701251D70294B02321A603C70D3
:10FB8C00FEF79CFBFCF7D2F8264B1D7020005EE7BD
:10FB9C001A4A117800295DD0217800295AD0327880
:10FBAC00002A08D11C4A2A49118001221A701C4BC8
:10FBBC001A601C4B1A7000243C70FEF77FFBFCF79C
:10FBCC00B5F8E3E759630020D8010020E80A0020CB
:10FBDC005863002000708740C80A002000D086407F
:10FBEC0000208C404D630020F10A0020C7650020E6
:10FBFC00C565002088670020F00A00208D67002072
:10FC0C008B6700208C6700208A670020DC010020B5
:10FC1C005C630020916700208067002010270000A3
:10FC2C003C020020C6650020D00A002041020020C2
:10FC3C004C630020E1010020800A0020AF65002009
:10FC4C00D40300206B63002089670020204E000045
:10FC5C00307500001278002A00D1FAE62278002ACA
:10FC6C0000D0F6E63278D5B2002A00D0F1E60124B5
:10FC7C006B4A6C4911801C706B4B1C603D70FEF71D
:10FC8C001DFBFCF753F8694B28001C70DFE6FEF7F0
:10FC9C0036FD0323434305930C9B1AE7C8540133E9
:10FCAC001CE7CD5C022D00D9C45401339A42F8DC18
:10FCBC0000F07AFE03F08AFBFA20C00004F03AFF51
:10FCCC000023119312930B93FFF7C0FC584C236B3A
:10FCDC00012B3DD1574B1B78002B39D003F006FC80
:10FCEC00022835D1FEF7B9FC012831D103F0FEFB17
:10FCFC0001282DD003F0FAFB012829D04E482368A7
:10FD0C0004220370030039331A704C4B00241A6818
:10FD1C00030078331A800300FF227E331A703125DA
:10FD2C0003F0D6FF03F0C2FF04F036F90022E30F14
:10FD3C00A5425341DBB2934201D0904203D1FBF771
:10FD4C00F5FF31B0F0BD0A2004F0F4FE0134EBE70E
:10FD5C00A269E369A06AE16AFAF71AF9FBF764FC95
:10FD6C00AF22374B0021069012011800089307F0C0
:10FD7C00E9FBAF22334D00212800120107F0E2FB12
:10FD8C00AF22314E00215201300007F0DBFBAF22D5
:10FD9C00002152012D4807F0D5FBAF222C4F00213A
:10FDAC005201380007F0CEFB6B461B8B320029004A
:10FDBC000D93009308983B0003F0ECFA254B264D6D
:10FDCC001A782B78134022003C3212781A420DD04C
:10FDDC0035342378002B09D0204B1868596803F070
:10FDEC003DFB002301222B701D4B1A7000221D4B72
:10FDFC001A8002F0FDFF0E4B9868D96802F056FF8E
:10FE0C0003F050F802F0EEFF08900028FAD1164BE0
:10FE1C001B78DAB20A92002B28D103F003FF90E78B
:10FE2C0080670020409CFFFF3C020020C66500203C
:10FE3C00800A0020D9010020D80900208467002006
:10FE4C0084570020944C0020B4360020D42000208D
:10FE5C00F40A00208F67002091670020C80A002058
:10FE6C00130A00207E67002040020020C94B089A2C
:10FE7C00C9491A80C94ACA4B966B176809785E70D3
:10FE8C00FBB2002905D0126C002A02D01B019B1872
:10FE9C00DBB2C34CC34A2370C34BC04D22626362B6
:10FEAC00286A696AC14AC24B22636363A262E36235
:10FEBC002300883318605960AA6AEB6AFAF788FF46
:10FECC00FBF7B2FBC317C0185840FBF7E9FBB94B63
:10FEDC0090341B7820606160002B37D05A2318AA0D
:10FEEC009B1800223E351A802B780124934201D1B5
:10FEFC00B14B1C78B14B1B78002B12D0B04B1B783C
:10FF0C00002B09D0A549AF4B002208694969F8F7C5
:10FF1C008DFA0023984206D0AB4B1B78002B00D0F7
:10FF2C0029E1012323405A2418AAA41831003A00CD
:10FF3C0006980094FBF786FDA44B22881A80A44BEC
:10FF4C001B78002B00D022E101F030F894490D9879
:10FF5C00FDF7C6FB994B1B78002B09D08F4B1A6B06
:10FF6C00012A00DD6CE15A6B9A4B1A4200D067E112
:10FF7C000E9B0F9C06930794904B1A788E4B1B7814
:10FF8C00002B00D17DE19449944B09781B78002912
:10FF9C0000D174E1924C8249086C496C206061601C
:10FFAC00591E0B1C090600D500238C495BB20B7043
:10FFBC008C490B708C4B1B78002B03D08B498C4BD2
:10FFCC000968196000218B4B1B788B4208D18A4839
:10FFDC00724B0078884203D036331B785B42D9B21F
:10FFEC00864B6F4C1970002A59D0794B6B4E1B788D
:04FFFC00002B54D1B1
:020000040801F1
:10000000824D099B286869680093069A079BFFF751
:1000100063FB20626162FFF7E9FB22696369099F64
:10002000206361630097FFF70BFC226963690E92FE
:100030000F932A686B68A062E162206C616C009289
:1000400001930E9A0F9BFCF7E9F80B0002003100B8
:10005000A260E3603F310978002908D031003D31CA
:1000600009783068FCF782FA8034206061600021F2
:100070004E4D4D4CAA68EB680091216C2068FBF74F
:1000800013FE059B624A013B059313783835013313
:100090001370604B28701B78002B06D03D342378FA
:1000A0005A425341119AD318119301F071FB454BF9
:1000B0001B78002B09D0584B1B78002B05D04B4BDD
:1000C000564A1068516818605960374C2068FBF731
:1000D00079FE534B1870002002F078FA0C9B002B2D
:1000E00004D0119B139A934200D1F2E0059B002BA0
:1000F00004DC36342378002B00D0EAE0494B1C782E
:10010000002C00D0E5E0434B2FAA1978354B187826
:1001100001F0F2FEFF22444B0A941A70199B012B46
:100120000BD10A9C414B02940D9C414A0194414CD5
:1001300041494248009403F089FB414B1B78002B56
:1001400002D10A9B002B17D0184803F0C7FD3124B9
:1001500003F0B2FD03F026FF0022089B0899DB0F95
:100160008C425341DBB2934202D0904200D0B6E1C0
:100170000A9B002B00D0B9E1069B079C0E930F94BD
:10018000A8E509492F4B00228868C968F8F754F997
:100190000023984200D0CAE6CBE62B4B1870DBE672
:1001A0007C6700205C630020800A0020D8090020C2
:1001B0008FC2F5285CFF58400E2DB29DEFFF5840CE
:1001C0008F670020D90100205A6300205963002066
:1001D00000004440D80100204A0A0020BC0A002048
:1001E000FF00FF00F2030020A4660020C80A0020E0
:1001F000100A0020B50A00208467002068670020EC
:100200008C670020BE0A0020560A00203002002021
:10021000F20A002001040020B60A00202802002073
:10022000110A00204C630020570A0020D42000202F
:10023000B4360020F40A0020944C0020845700209B
:100240003D01002000003E40E0010020A94D28783B
:1002500002F03EFAA84C2B78A061022B12D102F0DA
:1002600047FB06900791069A079B226163610699F6
:10027000079AA24B19605A60A14B1B78002B00D142
:100280007CE67FE602F078FAEBE7013393E6002A9A
:1002900000D19DE69B4B9C4C1D78002D00D097E62D
:1002A0009A4B1B78002B10D0994B93492F95086CD3
:1002B000496C18605960974B1B78002B00D187E67A
:1002C00023680B93A36B129382E62F9B01332F932A
:1002D0007EE60122904B1A70FDF79CFFFDF752FF5E
:1002E000FDF768FF8D4B1B78002B00D1F0E08C4BA5
:1002F0001B78002B68D08B4B1C685D688A4B2000F4
:100300001A685B680E920F93884B29001E685F681D
:100310000E9A0F9BF9F77CFA854B1A901B911A687D
:100320005B6830003900F9F773FA02000B001A9885
:100330001B99FAF753FD4B005B08159314900022AC
:10034000149815997B4BF8F77DF8002811D13200ED
:100350003B0020002900FAF741FD4B005B08179392
:100360001690002216981799724BF8F77FF800281C
:100370002AD00E9A0F9B704E30687168FAF72EFDE6
:100380006E4A6F4BFAF744FA6E4F3A687B68F9F79A
:100390003FFA0E9A0F9B04000D00326073603C60C0
:1003A0007D6000220023F8F74DF8002807D10022D5
:1003B00020002900644BF8F759F8002804D00020E9
:1003C000604B6249186059600122614B1A70614BA1
:1003D0001B78002B01D0FDF75FFFFDF775FF5E4B2B
:1003E0001B78002B0CD02C226B469B181878FDF73D
:1003F000E0FF0B9B002B03DD584B0B9A1299D15455
:10040000414B1868C0B2FEF7B1F8554B1B78002B72
:1004100003D0FDF75BFEFDF7A5FE524B1B78062BC4
:1004200003D03E4B1B78002B55D1FEF780F90130ED
:10043000C0B2FDF7A2FFFBF77FFC189B581CC0B2AF
:10044000FDF7A9FF0021FA20FEF75AFB464B1B7867
:10045000002B04D1109B581CC0B2FDF795FF189BD0
:10046000092B05D9012002F0B1F80020FDF793FF18
:10047000FDF774FDFDF79CFD2A4B1868596801F0E3
:1004800049F92D4B1868596801F056F9374B18682F
:100490000130FE2800DDFE201860C0B2FDF782FFAB
:1004A000FEF772F90130FDF78BFFFF22304B1A7017
:1004B000304B1B78002B00D130E62F4B1B78002BE4
:1004C00000D12BE6104B2D4A5B6C9BB2138025E6C6
:1004D0001F4A13707BE70020FDF74FFFADE70A20AE
:1004E00004F02EFB089B0133089333E600F068FA12
:1004F000FFF72DFCDA010020D809002008000020B9
:10050000B40A0020BC0A0020800A00200104002058
:10051000C80A002000040020D1030020D365002079
:10052000A06600202802002018020020E00A002017
:10053000E80A002000002440300200203BDF4F8DFD
:10054000976E923F580A002000002C4000002E4079
:10055000C7650020A26600208B6700209F650020F1
:100560008F670020110A0020F00A0020D00A002026
:10057000560A00205A630020D80100207C67002022
:1005800001210A4B82B01A6C0A431A641A6C0A40A1
:1005900080210092009ADA6B49050A43DA63DB6B2B
:1005A0000B400193019B02B07047C046001002400F
:1005B00010B5040094B01422002102A806F0C8FF70
:1005C0003422002107A806F0C3FF174B22689A4285
:1005D00027D1202307A8079305F072F9002801D03E
:1005E000FFF738F80222114C1148636B02A913433C
:1005F0006363636B13400093009BC0230293AE3B85
:1006000003930023049305930633069304F09EFCA2
:100610008022E36B92031343E363E36B1340019384
:10062000019B14B010BDC0460054004000100240B1
:100630000004005010B504008EB03422002101A83F
:1006400006F086FF104B22689A421BD180239B0242
:100650000193802301A85B000D9305F031F9002878
:1006600001D0FEF7F7FF8022084B1202D96D0A4332
:100670008021DA65DA6BC9000A43DA63DB6B0B4071
:100680000093009B0EB010BD0028004000100240F7
:1006900010B504008AB01422002105A806F058FF06
:1006A00023681F4A93421CD180211E4B49011A6CBA
:1006B000A0200A431A641A6CC0050A400121019265
:1006C000019A5A6B0A435A635B6B0B400293029B7D
:1006D000154B05A905930223069304F037FC0AB0D5
:1006E00010BD124A9342FAD180210E4BC901DA6B38
:1006F0000F480A43DA63DA6B0A4008210392039A2F
:100700005A6B0A435A635B6B0B400493049B1A2396
:100710000593183B0693013B099305A9DDE7C04605
:100720000030014000100240C2800000003800404C
:10073000000C00507FB50368324A934212D1102159
:10074000314B1120DA6B0A43DA63DB6B00220B407A
:1007500001930F39019B04F005FA112004F02CFAE3
:1007600007B000BD294A93420FD12021264B122009
:10077000DA6B0A43DA63DB6B00220B4002931F390A
:10078000029B04F0EFF91220E8E7214A934210D1CE
:1007900080211D4B09021A6C13200A431A641B6C3A
:1007A00000220B4003930121039B04F0DBF913208B
:1007B000D4E7184A934210D18021134B89021A6C56
:1007C00015200A431A641B6C00220B40049301217C
:1007D000049B04F0C7F91520C0E70F4A9342BFD12C
:1007E0008021094BC9021A6C16200A431A641B6C3B
:1007F00000220B4005930121059B04F0B3F916205C
:10080000ACE7C04600100040001002400014004059
:1008100000200040004401400048014070B506003F
:1008200094B01422002102A806F092FE3422002186
:1008300007A806F08DFE274B32689A4247D1012364
:1008400007A8079305F03CF8002801D0FEF702FF47
:100850008021214BC9011A6CA0200A431A641A6C2A
:1008600000250A400092009A0122596BC0051143ED
:1008700059635B6B02A913400193019BB0235B0199
:1008800002930223049503930595069204F05EFB00
:10089000124C134B20002360322363604E33A5605B
:1008A000E56023616561A561E561256204F0E4F915
:1008B000A84201D0FEF7CEFE0022331D1B201100FE
:1008C000DC67A66204F04EF91B2004F075F914B041
:1008D00070BDC046003801400010024020060020D4
:1008E00008000240FEE7FEE77047704710B504F0CD
:1008F00015F910BD10B5024804F0D4FA10BDC04679
:100900002006002010B5024805F078FA10BDC04658
:100910004008002010B5024805F070FA10BDC0462E
:10092000F407002010B5024805F068FA10BDC04673
:10093000A807002010B5024805F060FA10BDC046B7
:100940005C07002010B5024805F058FA10BDC046FB
:100950001007002010B5024805F03EFC10BDC0464F
:100960007C06002010B5034B012218685968FEF779
:1009700039FA10BD8400002010B5034B002218681E
:100980005968FEF72FFA10BD8400002010B5034B04
:10099000012218685968FEF725FA10BD7C00002076
:1009A00010B5034B002218685968FEF71BFA10BDFA
:1009B0007C00002010B5FFF7D5FFFFF7E7FF10BD63
:1009C00010B5FFF7D9FFFFF7EBFF10BD10B5034BD4
:1009D000012218685968FEF705FA10BD640000206E
:1009E00010B5034B002218685968FEF7FBF910BDDB
:1009F000B400002010B5034B012218685968FEF7B7
:100A0000F1F910BDB400002010B5034B00221868A6
:100A10005968FEF7E7F910BDAC00002010B5034B94
:100A2000012218685968FEF7DDF910BDAC000020FE
:100A300010B5034B002218685968FEF7D3F910BDB2
:100A4000A400002010B5034B012218685968FEF776
:100A5000C9F910BDA400002010B5034B002218688E
:100A60005968FEF7BFF910BD9C00002010B5034B7C
:100A7000012218685968FEF7B5F910BD9C000020E6
:100A800010B5FFF7ADFFFFF7BFFFFFF7D1FFFFF78F
:100A9000E3FF10BD10B5FFF7ADFFFFF7BFFFFFF796
:100AA000D1FFFFF7E3FF10BD304B10B518680022EF
:100AB0005968FEF797F92E4B002218685968FEF71F
:100AC00091F92C4B002218685968FEF78BF92A4BD4
:100AD000002218685968FEF785F9284B002218682B
:100AE0005968FEF77FF9264B002218685968FEF70F
:100AF00079F9244B002218685968FEF773F9224BE4
:100B0000002218685968FEF76DF9204B002218681A
:100B10005968FEF767F91E4B002218685968FEF7FE
:100B200061F91C4B002218685968FEF75BF91A4BF3
:100B3000002218685968FEF755F9184B002218680A
:100B40005968FEF74FF9164B002218685968FEF7EE
:100B500049F9144B002218685968FEF743F9124B03
:100B6000002218685968FEF73DF910BD34010020D5
:100B7000BC000020D40000202C0100202401002013
:100B80001C01002014010020FC000020E4000020D3
:100B9000F4000020EC000020DC0000200401002014
:100BA000CC000020C40000200C01002010B5FFF78D
:100BB0007BFF074B012218685968FEF713F9054BB4
:100BC000012218685968FEF70DF9FFF7FFFE10BD06
:100BD0004C0000205400002010B5FFF765FF034BC8
:100BE000002218685968FEF7FDF810BD4C0000207F
:100BF000304B10B5186800225968FEF7F3F82E4BF9
:100C0000012218685968FEF7EDF82C4B012218688C
:100C10005968FEF7E7F82A4B012218685968FEF771
:100C2000E1F8284B012218685968FEF7DBF8264BDB
:100C3000012218685968FEF7D5F8244B012218687C
:100C40005968FEF7CFF8224B012218685968FEF761
:100C5000C9F8204B012218685968FEF7C3F81E4BEB
:100C6000012218685968FEF7BDF81C4B012218686C
:100C70005968FEF7B7F81A4B012218685968FEF751
:100C8000B1F8184B012218685968FEF7ABF8164BFB
:100C9000012218685968FEF7A5F8144B002218685D
:100CA0005968FEF79FF8124B002218685968FEF742
:100CB00099F810BD34010020BC000020D4000020B1
:100CC0002C010020240100201C0100201401002020
:100CD000FC000020E4000020F4000020EC000020D4
:100CE000DC00002004010020CC000020C400002013
:100CF0000C01002010B50400002901D0FFF7D4FE3C
:100D0000601E0E280FD8F7F7FDF9080F11131517FD
:100D1000191B1D1F212325272900114B18680122AB
:100D20005968FEF75FF810BD0E4BF7E70E4BF5E77D
:100D30000E4BF3E70E4BF1E70E4BEFE70E4BEDE7F3
:100D40000E4BEBE70E4BE9E70E4BE7E70E4BE5E703
:100D50000E4BE3E70E4BE1E70E4BDFE70E4BDDE713
:100D6000BC000020D4000020140100202C01002031
:100D7000E400002024010020F4000020EC0000200A
:100D80001C010020DC000020FC00002004010020E9
:100D9000CC000020C40000200C010020F7B5019019
:100DA000FFF782FE284B294A1B780B270092002B65
:100DB00004D1274B1B78002B00D017780024260085
:100DC000244D009B1B78A34200DCF7BDB742FCDD3D
:100DD0002A780134002A1CD02000A34200DAE01A4D
:100DE000019B002B01D000232B7002381A4B0C28DA
:100DF00009D8F7F787F90710121416181A1C1E20C5
:100E000022242600154B186801225968FDF7EAFFD5
:100E100001360135D5E7124BF5E7124BF3E7124BDC
:100E2000F1E7124BEFE7124BEDE7124BEBE7124BFA
:100E3000E9E7124BE7E7124BE5E7124BE3E7124B0A
:100E4000E1E7124BDFE7C046596300204102002072
:100E5000D8010020E1010020BC000020D4000020C7
:100E6000140100202C010020E400002024010020B7
:100E7000F4000020EC0000201C010020DC00002019
:100E8000FC00002004010020CC000020C400002051
:100E900010B5FFF709FE034B012218685968FDF7EA
:100EA000A1FF10BD340100200120704710B506F0ED
:100EB000B7FB162303600120404210BD10B506F0B9
:100EC000AFFB16230360FEE770B50E00140000258B
:100ED000A54201DB200070BD00E000BF7055013568
:100EE000F6E770B50E0014000025A54201DB2000D6
:100EF00070BD705D00E000BF0135F6E701204042A3
:100F0000704780239B0100204B6070470120704791
:100F1000002070470B490C4A0300521A0B4910B5C8
:100F20000868002801D10A4808600868C31893427D
:100F300006D906F075FB0C2303600120404210BD6A
:100F40000B60FCE7000400000090002048630020D4
:100F5000586900207047000070B5FDF73AFC0E4C50
:100F60000E4D20602B780F280DD1002B01D10F20C2
:100F700070BD0E20FDF7E4FA0E2323602B78002BC2
:100F8000F5D02068F4E70E28F8D1002BEFD001301F
:100F9000FDF7D6FA0F23F0E70C020020C165002010
:100FA0000F2802DD024B18787047024BC05CFBE74C
:100FB000E00100209F650020144A30B514680F2C12
:100FC00023DC134B1D78002D02D0092800DD0920F9
:100FD000104B1B78002B02D00923082802DC031ECB
:100FE00000DC0123110034310978906B2940012580
:100FF000082800DC0025294204D0984202DD51680F
:10100000013151609363044AA35430BD800A00202B
:101010005A630020D90100209F65002070B50400AC
:10102000FDF786F8FDF742F8FDF7CAFB174B1849A4
:101030001870184B1B78002B04D1174B1B78002B12
:1010400004D016494822200006F017FB144B1B78E9
:10105000002B09D0012213490A70032B04D9180070
:101060001040134200D10870FFF776FF0500FFF72C
:1010700097FF01220C4B25601A7000230B4AA063D6
:10108000137020002364636470BDC046DA01002041
:101090009001002059630020D80100204801002061
:1010A000B0650020C1650020D90100205A630020EE
:1010B000F0B58E4B87B01F780193FDF765FB0B21D0
:1010C000F7F7A4F901238A4D05916B540B00063301
:1010D0000393019B1A78039B9A4201DA9B1A0393AC
:1010E0000121039B0291EB18013B197000238149F8
:1010F0009A4230DCFAF782FC05F008FF00237E4EAE
:10110000336473647D4B1B780093002B31D0019BBB
:101110001A7833003C331B78002B27D13368013316
:10112000934200DD9B1A01223360EB18013B1A70D9
:10113000734A1368013313606C4B714C1A7823683F
:101140009A4206D10D220021280006F001FA002360
:10115000236007B0F0BDE85C0133002802D1C85C11
:10116000002801D0013FC3E70293C1E7654B1B682C
:10117000D9E7654B1A78002ADED0019B604C1B78BA
:1011800062480099049301702368002F3BDD012F12
:101190000FD1029A01333260AA18013A1770236006
:1011A00000200122544B5A4918615961574B1A705B
:1011B000C2E7022F28D10120029A564F3260AA18A6
:1011C000013A10701A1822604948009A04998A421C
:1011D00004DB494B1B6C002B0DD1E1E7815C561CF5
:1011E00000290ED1B95C00290BD1434902330E64AA
:1011F00001212360815400203F4B47491861596108
:101200009AE73200E2E70092049A0499023A481EF3
:101210009A4205D1059B384A013313602060BFE72D
:1012200098420CD1344B039A1A60049B23603B4BC9
:101230001B78002BB4D00122394B1A70B0E705F0AF
:1012400095FE019B1F783900F7F7E0F8284B5B5CAF
:10125000002BF4D12F4B5B5C002B02D0009B002BAA
:10126000EDD04B1C336001236B54236801332360A2
:10127000FB1A022B04DC244B1B78002BBBD0A8E705
:1012800005F074FE019B1F783900F7F7BFF8184B83
:101290005B5C002BF4D11F4B5B5C002B02D0009BEE
:1012A000002BEDD04B1C336401236B5423680133B6
:1012B0002360FB1A022BDEDD05F058FE019B197836
:1012C000F7F7A4F80A4B5B5C002BF5D1114B5B5C84
:1012D000002B02D0009B002BEED04B1C736401232B
:1012E0006B54236801332360C5E7C04641020020E8
:1012F0005E6300206A630020800A0020596300209A
:101300005463002050630020D80100205D6300205A
:10131000000069406B630020000054408C6700208F
:101320004C630020F7B5AA4C002123003E3319700E
:10133000012323630223FF33A38623000D223633C8
:10134000A4481970A1872164616406F001F9A24BD9
:101350001D78002D00D17FE0A04B00221B78002BD0
:1013600078D08023DB05A261E36100229C4BA26060
:10137000E36000229B4B2261636100229A4BA262D0
:10138000E36203236360994B00221E685F68984BF9
:1013900030003900F7F76AF8002801D00026944F92
:1013A000944B1B780093002B02D0934B1E685F6810
:1013B000002230003900914BF9F710FD904A914B13
:1013C000F9F726FA02000B0000208F49F9F706FD15
:1013D00000228E4B06000F00F7F748F8002801D0D6
:1013E00000268A4F8A4B266267621B78002B51D0F9
:1013F000009B002B47D1874B1A685B6800920193D2
:10140000854A138801339BB21380002D3ED0834B55
:1014100000221E685F68824B30003900F8F7F8F947
:10142000804BA062E1621A685B6830003900F8F70F
:10143000EFF9734A06000F0000980199714BF9F714
:10144000E7F902000B0030003900F9F7C7FC206211
:1014500061621FE0744B86E7744B1B78002B92D0BF
:1014600080230022DB05A261E3610022704BA260B1
:10147000E36000226F4B2261636100226E4BA26227
:10148000E36202237EE700220023B7E7674B1B7865
:10149000002BBCD1694B1B78002B00D186E0002DBE
:1014A00000D17BE0FDF767F9002803D0644B1B787F
:1014B000002B06D0634B07221D78002362499D4212
:1014C00063DC0122424B1860604BC254604A1368CF
:1014D0000133136001215F4A3D4B117003225A60B2
:1014E00000223F331A705C4B394C1B78002B06D01E
:1014F00023003E331B78002B01D00123636020685A
:10150000FFF74EFD226B6368A0639A4203D123006C
:10151000012236331A7023003C331B78002B14D180
:101520004E4B1B78002B10D04D49002208684968AB
:101530004C4BF6F787FF002807D0206A616A00222B
:10154000494BF8F765F92062616223003D331B784F
:10155000002B07D0206A616A0022434BF8F758F944
:1015600020626162206A616A0022284BF6F77EFFE2
:10157000002803D00022254B2262636200223B4BED
:101580001A703B4B01321A70F7BDCE5C5C1C964260
:1015900002DC2000CA5CD2B2230090E7234B1B7808
:1015A000002B00D196E7FFF783FD93E70223084C59
:1015B000FF33E387FDF72AF9224B01301B782060C7
:1015C000984201DDC01A2060FFF772FD8BE7C0462C
:1015D000800A00205E630020596300204D630020D4
:1015E000000059400000444000908A403002002032
:1015F00000488C40A0660020E80A0020004085409A
:101600009A9999999999E93F0060834000808640B2
:10161000C7650020C86500208067002010020020F8
:1016200000206C40280200200000F03FD80100207C
:1016300000003E400000544000E0854091670020DB
:101640008867002041020020D40300205D63002051
:1016500054630020BD0A0020080200205B630020C4
:10166000000000200000144000004940D901002083
:101670005A63002010B50D222821034805F068FFA9
:10168000FCF736FD10BDC0468563002010B568220A
:101690000021034805F05CFFFCF78AFC10BDC04642
:1016A0006864002010B5682422000021064805F077
:1016B0004FFF22000021054805F04AFFFCF7A2FC7D
:1016C000FCF7CAFC10BDC0460064002098630020EF
:1016D00010B568220021034805F03AFFFCF73EFCF4
:1016E00010BDC046D064002010B50D22FF21034874
:1016F00005F02EFFFCF70CFD10BDC04678630020FE
:1017000010B50220FCF732FE0222014B1A6010BD18
:10171000DC010020D0B506000F00054C6022054911
:10172000200005F003FF26666766FCF76BFCD0BD62
:101730000064002008640020D0B506000F00054CAE
:1017400060220549200005F0F1FE26666766FCF779
:1017500083FCD0BD98630020A0630020F8B50C681E
:101760004D68066847682B00220030003900F6F704
:1017700069FE03000120002B08D12B00220030005D
:101780003900F6F773FE431E98414042F8BD000051
:10179000F0B5BF4B8FB01B78002B00D1CBE0BD4A1A
:1017A000BD4B116B18780139BC4BC9005B18002880
:1017B00000D12CE1BA4908684968186059601300E3
:1017C00035331B78002B02D10121B64B1970130061
:1017D00036331B78002B00D1ADE053680024029310
:1017E000B14B00261B7800275A425341029A9B189E
:1017F000043B1D000093A94B0893029B9D4200DA15
:101800000AE1AA4B002C00DCC9E1002220001A707A
:10181000F9F74CFF0490059102000B0030003900ED
:10182000F8F7BCFB002400250A900B91009E9B4F0B
:10183000029B9E4200DA09E1049A059B20002900E0
:10184000F8F7ACFB06F090FD002300260027049378
:1018500008900991914B0D93009B029A934200DAF4
:1018600066E10498F9F722FF02000B00300039000E
:10187000F8F794FB00900191009A019B8C4C226038
:1018800063608C4B1D788C4B1B785BB2022B00DDA8
:10189000BCE10127894B1F70002D11D0884E894D66
:1018A0003378002B00D198E1009801990022864BF3
:1018B000F6F7C8FD002800D18FE100232F703370A8
:1018C000824B1B78002B36D020686168804B814D9D
:1018D0001A685B68F9F782FA7F4B286069601B68B9
:1018E00000210C2B01DC0D31C91A00230D227B488D
:1018F000FAF732FB6E4C2668676832003B00F9F756
:101900006DFA00900191019B009A5B00100059084C
:101910000022734BF6F7AAFD00280CD00122714B70
:101920001A70714B1E605F60694B186859686F4B85
:10193000206061601A706E4B1B78002B00D12BE287
:101940006C4B544C1B78002B4FD16B4B1B78002BEE
:101950004BD06A4B1B78002B47D12268684B013A69
:10196000D2009B181E685F680022002330003900F7
:10197000F6F77CFD002838D0624B1B8818000093D6
:10198000F9F794FE0022029003915F4B300039007A
:10199000F8F73EFF02000B0002980399F6F752FD9C
:1019A0005A4D002807D0002230003900584BF6F776
:1019B00067FD00280CD1009B042B00D94CE10022CC
:1019C00030003900534BF6F75BFD002800D143E1AE
:1019D00000222B6801332B60474B1A704E4B1A7054
:1019E0004E4A1388C8339BB21380484A1368042BAD
:1019F00000DC33E101214A4B002019700023002153
:101A00001360484B18605960FFF740FE26E14648D6
:101A1000464918605960DAE6089AEB009B181A6884
:101A20005B6804920593049805993F4A3F4BF6F78B
:101A300009FD002808D0049A059B30003900F7F70B
:101A4000E7FE06000F0001340135D6E6F300DB198E
:101A50001A685B680892099308980999324A334BCF
:101A6000F6F7F0FC002811D00A9A0B9B0898099908
:101A7000F9F7B4F902000B00F8F7CAFE02000B00F8
:101A800020002900F7F7C4FE04000D000136CFE660
:101A9000D9010020800A0020F2030020F865002010
:101AA000C80A0020D2650020C1650020380200204D
:101AB0003002002058630020A4660020A2660020A7
:101AC000D80100205963002000708740C7650020BE
:101AD000E80A0020C8650020D00A00209863002092
:101AE00000002440A066002018020020A16600200B
:101AF0005A630020BC0A0020010400208C670020EB
:101B000068640020520A00200000D03FB465002025
:101B10000000444000003440000400207E670020A4
:101B2000D1650020C80300200000C0FFFFFFDF4197
:101B3000009B0D9ADB009B181C685D68C04A200062
:101B40002900C04BF6F77EFC002824D00A9A0B9B94
:101B500020002900F9F742F94B005B080690079333
:101B6000069A079B08980999F6F78AFC002807D17E
:101B7000069807990022B44BF6F764FC00280AD0B7
:101B8000049B300001333900049322002B00F7F747
:101B90003FFE06000F00009B013300935CE6AB4A5A
:101BA00016685768AA4A1278002A04D000221A70D0
:101BB0000096019760E601241C70A64B1A685B68CA
:101BC000009201930098019900220023F6F74EFC41
:101BD0000028EDD0A04B1C704EE62B78002B00D1D6
:101BE0006EE60098019900229C4BF6F749FC00280C
:101BF00000D165E60023022001222B70984B327041
:101C00001860984B1A70FCF7B1FB59E6964E37787E
:101C1000002F00D1F6E00098019900228F4BF6F7D3
:101C200011FC002810D08B4B1A685B68009201935E
:101C3000009801990022894BF6F722FC002803D076
:101C4000009A019B22606360002D00D0DDE0EEE091
:101C5000002F00D134E6EAE000232B60834B844D53
:101C60001B780093002B60D1824B834F1B78002B95
:101C700004D1824B1B78002B00D193E0804B1B7862
:101C8000002B04D17F4B1B78002B00D086E07E4BCD
:101C90001B78002B04D17D4B1B78002B00D17DE0FD
:101CA0007B497C4B086849681A685B68F9F796F8C5
:101CB00002900391039B029A5B0059081000764B37
:101CC0000022F6F7D3FB6B49744A00280CD0136846
:101CD0007348013313600023037072480B7003884C
:101CE0009133FF339BB203801368032B56DD01232E
:101CF0000B70002111606C4A1370654B6B4A1868B9
:101D00005968236B013BDB00FB181860596023689E
:101D1000674C013BDB00D21810605160E418654B42
:101D20001888F9F7F1FC206061602B0036331B78CE
:101D3000002B31D02B003D331B78002B03D04A4BB6
:101D40001B78002B5AD100246B6804935A4B1B78E4
:101D5000A34201D1049B9C1E002500260027464B70
:101D60000693049B9C422FDB002D47DD2800F9F7EA
:101D70009DFC02000B0030003900F8F70FF93D4BD5
:101D80001B78002B08D0009B002B05D10122414B72
:101D900018605960444B1A700FB0F0BD354B1B787A
:101DA000002BAAD100200021236B254A013BDB0038
:101DB000FF18244B3A607B6022683D4B013AD20009
:101DC0009B1818605960B0E7069AE3009B181A68E0
:101DD0005B680292039302980399194A194BF6F72C
:101DE00031FB002808D0029A039B30003900F7F736
:101DF0000FFD06000F0001350134B2E7244B1868CF
:101E00005968BCE7002D00D15AE52C4D2B78002BEA
:101E100000D11DE7206861680022104BF6F730FB07
:101E2000002800D114E70123337000232B70244BCA
:101E30001B78002B00D043E50122224B1A703FE5AE
:101E40000000C0FFFFFFDF4100002440F801002038
:101E5000B1650020E80A0020A166002000708740DC
:101E6000DC0100205C630020D8010020BC0A0020B7
:101E7000800A002001040020D8650020D003002043
:101E80008C670020D1030020C7650020D3650020A7
:101E9000C80A00202802002000004940B865002040
:101EA000000400207E670020B2650020D06400207E
:101EB00068640020520A00200802002059630020B4
:101EC00038020020A26600200020094B10B51C78C3
:101ED000084B844205D018780130C0B2FF2800D1E9
:101EE00002381870FCF733FB2000FCF722FB10BD12
:101EF00038020020B0650020F0B57D4B7D4C1B788A
:101F000085B00E001700256B0093002B00D123E154
:101F1000A068E1680022784BF8F77AFCA269E369CF
:101F2000F7F776FCF6F756FB744B80B21880744BCB
:101F3000744A1B78744E032D1ED1002B0BD08021C8
:101F40000020C905A061E16100207049A060E16046
:101F500000206F49087030781178002832D00029AD
:101F60005DD000206B49A062E16200220220A91E20
:101F700088425241D1B228E0002B21D0052D0CD14E
:101F80006549097849B20529E5D100206349644FC4
:101F90002062616238607960DDE7042DDBD0062DB8
:101FA00009D15D49097849B20629D4D100205D499B
:101FB00020616161CFE7032DCDDC0020544908701A
:101FC000012DC8DC11780029CFD1002B2DD1337819
:101FD000002B19D0002917D0A06AE16A0022524BC9
:101FE000F8F716FC514B1A685B68F7F711FC4C4B7D
:101FF000206261621E685F6832003B00F6F736FAC5
:10200000002801D026626762230036331B78002B3C
:1020100012D0FFF759FFFFF785F905B0F0BD002B8F
:10202000D5D00022424BA262E36200220223023D8D
:10203000AB425241D1B2CAE7FEF78EFF20603D4B62
:102040001B78002B00D1A7E23B4B2A4D1B78002BBD
:1020500000D1A1E22B00012435331C7000232200A3
:102060001900FA202C63FCF7AAFA431E9841334A60
:10207000334B1278C0B21870002A04D02A003E32C6
:102080001178002912D11B780324002B0ED02B00CD
:102090003C331B78002B09D02A4B1B78002B05D131
:1020A000294B07341B78002B00D0073C2B6B6C604E
:1020B000A34200DA6CE201221F4B1A700D4C20681B
:1020C000FEF76EFF1B4BA0631B78002BA5D01F4BA8
:1020D0001B78002BA1D009289FD11D4B1868A06345
:1020E000FEF76AFF1B4A13880A339BB2138094E7FA
:1020F000D9010020800A0020000024407C670020D5
:10210000D801002059630020D265002000003E4025
:10211000B165002000407F40A4660020005094403C
:10212000F001002000C072400000E03FC80A00201B
:1021300000E085405A630020B60A00200802002013
:10214000C46500208C670020F10A0020C3650020D0
:10215000000200207E670020C44B1B780393002BF5
:1021600000D119E2C24B1B78002B00D102E1A26919
:10217000E369A068E168F7F74BFBF6F72BFABD4B74
:1021800080B218802300002234331A7023003C33BD
:102190001B78934200D100962368B74A013BD35C79
:1021A000DBB2019323003D331B78002B0BD0009B47
:1021B000002B00D0E3E0230036331B78002B00D047
:1021C000DDE0FEF775FFAD4B1B78002B00D0F3E090
:1021D000009B002B14D0019B032B00D9F4E0A44BEF
:1021E0001B78002B00D1E1E0A5490022086849686E
:1021F000A44BF7F70DFBA062E16201229F4B1A701E
:10220000A14CA24D2368042B09DC2B780293002BF0
:1022100005D1009B002B1DD0019B032B1AD8944B9A
:102220001B78002B00D1D4E09949954B0868496888
:102230001A685B68F7F7ECFA964E30627162002319
:10224000954A2B702360954B106C516C1860596047
:10225000039B0293924B1B78002B00D1EAE03B6872
:10226000052B03DC8F4B1B78002B49D08E4B0022B3
:102270001C685D688D4B20002900F6F7F7F80028F0
:1022800001D00024894D002220002900884BF8F756
:10229000A5FD884A884BF8F7BBFA02000B00002026
:1022A0008649F8F79BFD0022854B04000D00F6F7E8
:1022B000DDF8002801D00024814D6D4A754B12785D
:1022C0001C625D62002A00D189E000207D4998628D
:1022D000D9620023734A3B6013707B4B674D1B78B8
:1022E000002B02D02B78002B0AD1784C2678F9F7F6
:1022F00023FD0023764A2B7013702670FBF7E4FF52
:10230000744B644C1B78002B71D0734B1B78002BE3
:102310006DD0822323600023002223646364013391
:10232000A3876E4BA261E36100226D4B2261636162
:102330006C4B584C1B78002B0ED06B4B1B78002B32
:102340000AD1029B002B07D0206A616A0022674BEA
:10235000F7F75EFA20626162206A616A0022584BD8
:10236000F6F784F8002800D169E60022544B226277
:10237000636264E6636C3F4A9BB2138002E723000A
:10238000012236331A70454B414A10685168186073
:102390005960FCF73BFA564A564B127801301860E8
:1023A000904200DC0FE7801A18600CE7524B1B7854
:1023B000002B00D018E720E7009B002B00D11FE77F
:1023C000019B032B00D81BE72F4A136801331360CE
:1023D00016E7494B1B78002B00D025E72FE7464A2C
:1023E0001278002A00D174E7002044496FE72700E3
:1023F00026003C373D783E36002D00D18CE0FEF7BC
:1024000057FE00233B7001333370194B1B78002BB0
:102410001CD03B4B00221B78002B15D08023DB0502
:10242000A261E3610022374BA260E36000222C4BE3
:1024300022616361274A344B12781B78002A71D0DD
:10244000002B00D074E77EE0304BE9E72A4B1B7885
:10245000002BEFD080230022DB05A261E361002284
:102460002B4BA260E36000222A4BE1E75A63002075
:10247000596300207C670020D4030020D36500202E
:102480001002002000206C40BC650020FA030020F0
:10249000C80A0020800A0020D80900202802002055
:1024A000B60A0020D16500203002002000488C4090
:1024B000004085409A9999999999E93F0060834035
:1024C0000080864000908A408C670020D103002065
:1024D000C7650020BD0A0020916700200000084069
:1024E000000044408B670020F00A002000004940B3
:1024F0004102002050630020D801002000E0854008
:102500004D63002000005940BC0A00200000F03F4D
:1025100000003E4000005440FEF7CAFD01233D3458
:1025200033702570224A234B1278002A00D0FFE630
:102530001A0036321278002A02D1196B022925D1ED
:1025400001223F331A701C4B1A4C1B78266A676AAB
:10255000002B00D1ECE61949002208684968184BA5
:10256000F5F770FF002800D1E2E6009B002B00D1B8
:10257000DEE6019B032B00D9DAE6002230003900A9
:10258000104BF7F745F920626162D1E63F33D9E796
:10259000002236352A7091E50021064B0A4A117057
:1025A0001A6B01321A635B689A4200DB83E585E5AA
:1025B000BC0A0020800A00205B630020000000208D
:1025C0000000144000004940B50A0020F0B5002684
:1025D00004003500394F9FB0F31904AA18685968F0
:1025E000B3181860596000220023F5F725FF434215
:1025F000584108362D18682EEED1002D42DD0822F4
:102600002F4B0D2104A804F027FD6B10DA00ED0715
:102610003AD5130004AA9B181A685B6800920193CC
:102620000099019A274B19605A60002C2AD0002586
:10263000224B254C0393039B0022EB181E685F6816
:10264000002330003900F5F7F7FE002814D1009878
:10265000019932003B00F8F7C1FB22686368F7F785
:10266000D7F806000F00F8F7E5FFC317C018584069
:1026700014281EDC2660676008350834682DDAD11E
:10268000FBF744FC1FB0F0BD013B04A9DB005B1865
:10269000190013000868496804AA9B181A685B6847
:1026A000F7F7B6F80022094BF8F7B2F8009001915D
:1026B000B6E70022002322606360DDE7D0640020DB
:1026C0005D17010820020020386500200000E03F6F
:1026D000F0B585B00400FEF7DDF9FEF7D9FB0A205E
:1026E00002F02EFA022C1CD1FEF7CAF9FA20800063
:1026F00002F026FAF9F78CF9002704001B4EFA21A4
:1027000020008900F5F79CFDBB1BD917184D194A0D
:102710005B184B4028801380FEF7C6F9200005B0F7
:10272000F0BDFA230024002500279B000F4E0193E3
:10273000F9F764F9C31702900393029A039BA41854
:102740005D41864200DD0600874200DA0700019BFA
:10275000013B0193002BEBD1FA222000002329003A
:102760009200F5F7D1FE0400C9E7C046FFFFFF0065
:102770005A66002058660020F0B5012700253E006B
:1027800097B003900C22574907A804F076FF0AABD4
:1027900001930097ACB22000C53080B2FCF792F9EB
:1027A000019B18702000D13080B2FCF78BF92422F5
:1027B00004AB15349B18FF3458550290A0B2FCF7B7
:1027C00081F9019A0299127810ABE854914200D035
:1027D00081E0029A904207D00026370004E00026EC
:1027E000029A00968242F8D1019A01350132019293
:1027F0000C2DCFD1242104AA521812781B780AADCF
:1028000013402A7813ACFF2A06D0FF2B06D12800EC
:10281000FBF7C1FA002701E0FF2B55D0009B002BEE
:1028200056D1002E54D1002F52D00DAB23CB23C450
:102830000398F8F73BFF00222B4BF8F7CFFA002262
:102840002A4BF7F7ABFB04000D00139B04A804937D
:10285000149B04210593159B069301F045FA05A8E6
:10286000042101F041FA06A8042101F03DFA2200FA
:102870002B0020002900F7F7CBFF060004980F007B
:10288000F8F766FF02000B0030003900F7F7C0FFD1
:10289000060005980F00F8F75BFF22002B00F7F702
:1028A000B7FF02000B0030003900F6F7B1FF04005B
:1028B00006980D00F8F74CFF02000B0020002900DD
:1028C000F6F7A6FF17B0F0BD07AD2800FBF763FAD7
:1028D00007CD07C4ACE7904200D080E70022170084
:1028E000009281E7888C010830C0594180F1FAC01C
:1028F000F8B505235B425843F8F7D8FE0022264B73
:10290000F7F786FF0022254C254B20606160A2600E
:10291000E36000228025234B2D0622616361A668B7
:10292000E7682269636979193000F7F737FBA0611E
:10293000E16120686168A269E369F7F72FFB206213
:102940006162194A206A616A184BF8F747FA184A17
:10295000184BF7F723FBA062E1620022A06AE16A4C
:10296000154BF7F71BFB05F0C9FC144A144BF6F79F
:102970004FFF02000B0000201249F7F70FFB206306
:102980006163114A206B616B104BF8F727FAA06363
:10299000E163A06BE16BF8BD0000703E6066002053
:1029A00000230E4160301F41FCA9F1D24D62E03F8F
:1029B0001AB5F2C8C588DF3E006AF840F86F702F7C
:1029C000ADFA2B40004BB0406666666666127140F9
:1029D00001220021044B1A705A709A709971D970B3
:1029E00019715A717047C046C066002070B5FFF774
:1029F000EFFF494B494C1B78002B00D189E0484B35
:102A00001B78002B00D184E00323002500222381C2
:102A1000444BA381444B6581E58125826582A58273
:102A2000E58225836583A58322626362A262E362F5
:102A300000223E4B2263636300223D4BA263E363AB
:102A400000223C4B2264636400223B4BA264E3649B
:102A500000223A4B2265636500220023A265E365EC
:102A600022666366A266E3662267636723007833A3
:102A70001D8023007A331D8023007C331D802300BA
:102A800022007E331D8001238032137022008132A8
:102A90001370220082321570220083321370284A8C
:102AA0001570284A1570284A1370284B1D70284B42
:102AB0001D70284B1D60FBF795FE274B1870274BA8
:102AC0001D70274B1D70274B1D70274B1D70274B0A
:102AD0001D70274B1D70274B1D70274B1D70274BFA
:102AE0001D70230088331D6023008C331D6023007C
:102AF0009A3498331D802580FDF7CCFF204B214868
:102B000019685A68FAF7F2F8F8F75CFFFDF7CCFF9E
:102B100070BD052379E7C0464D630020C0660020E4
:102B20005963002024F4FFFF00F8914000E0854045
:102B300000207C4000005440000044400000F03F72
:102B4000A4660020A36600204002002090670020B9
:102B5000F20A002054630020B0650020D0650020F8
:102B6000B1650020D3650020D2650020C265002039
:102B7000C3650020A1660020A2660020A066002098
:102B800034000020A866002010B5144C6378002B98
:102B900014D0FCF735FD1020FCF7D6FCE18A10209C
:102BA00089B2FCF7F3FC10200021FCF70BFDFCF7C9
:102BB00025FD002310206370FCF7A0FCF8F738FF18
:102BC00022002300001280B28432108088339A34AD
:102BD0001968238812885B00CA5210BDC0660020A5
:102BE00070B5204CA378002B14D0FCF709FD112000
:102BF000FCF7AAFC218B112089B2FCF7C7FC11203D
:102C00000021FCF7DFFCFCF7F9FC00231120A37086
:102C1000FCF774FCF8F70CFF2300220025000012DB
:102C2000843380B218809A358C3211682A881888CB
:102C3000520088521888230088331A682B889034F1
:102C40005B009B5A2668C01AC317C0185840F6F795
:102C500049FD2C88A40030512B8801339BB22B8076
:102C600070BDC046C066002010B5FCF7C9FC062048
:102C7000FCF744FCFCF7C2FC0122024B9A710022D3
:102C80005A8110BDC066002010B5FCF7B9FC0720C2
:102C9000FCF734FC0E20FCF731FC1020FCF72EFC76
:102CA0001120FCF72BFCFCF7A9FC0122014BDA7088
:102CB00010BDC046C0660020F8B502000B00002021
:102CC0001F49F7F76BF9F8F7B5FC0500F8F7EEFCCC
:102CD00002000B0006000F00F6F79AFDF5F77AFCEC
:102CE000184C80B2E081E389A8B29BB22382E389C9
:102CF0009BB26382ABB2A382E3899BB2E382E38996
:102D00009BB22383F8F7D2FC0F4A104BF7F780FDF4
:102D1000F5F760FC0C4A0D4B85B239003000F7F72F
:102D200077FDF5F757FC80B2F8F7C0FC32003B00A6
:102D3000F6F76EFDF5F74EFC80B26583A083F8BD13
:102D40008084EE40C06600205C8FC2F5285CEF3FB7
:102D500010B5174CE378002B01D1FFF795FFFCF776
:102D60004FFC218A072089B2FCF710FCA18A0E20B3
:102D700089B2FCF70BFC618B102089B2FCF706FCD2
:102D8000A18B112089B2FCF701FC00210720FCF780
:102D900019FC00210E20FCF715FC00211020FCF787
:102DA00011FC00211120FCF70DFCFCF727FC10BDE5
:102DB000C066002010B50C4C638901339BB263815F
:102DC000628923899A4203D2084B1B78002B0AD1CF
:102DD000FCF716FC0620FCF7B7FBFCF70FFC002302
:102DE000A371FFF7B5FF10BDC066002040020020B0
:102DF000014B1879C0B27047C066002010B5154B62
:102E0000154C186A596A20626162986AD96A20630F
:102E10006163186959699A69DB6920646164226594
:102E20006365206A616A226B636BF7F7D7FFA06363
:102E3000E163206A616A226D636DF6F7E9FCA062C6
:102E4000E1620022206C616C044BF7F7E1FCA064A6
:102E5000E16410BD800A0020C06600200000E03F51
:102E600010B5104C10492300783308881A88904216
:102E700007D01A880D4892B20A80198889B2F9F7EA
:102E800063FF22007A347E3211882388994207D06A
:102E9000238806489BB21380218889B2F9F764FF22
:102EA00010BDC046C06600203C670020A866002018
:102EB0000022F8B5644B654C1A8023007A331A80DF
:102EC000FFF7CEFFFDF782FD614B624D1F78624E2A
:102ED000002F2BD02B0036331878FDF75FFF3378A7
:102EE000002B4DD0A26AE36AA265E3650022A06DC3
:102EF000E16D5A4BF7F78CFCF5F76CFB230080B2C1
:102F000078331880002200232266636623000022A3
:102F10007A331A80FFF7A4FFA86B09284ED8F5F77B
:102F2000F1F84B62676C71767B8289904C4B1B7811
:102F3000002B13D028680121C0B2FDF7DBFE286CFE
:102F4000002803D03900C0B2FDF7D4FE686C002819
:102F5000C5D00021C0B2FDF7CDFEC0E73378002B0D
:102F6000D8D0404B1F78002F06D101210F20FDF74C
:102F7000C1FE39000E20EEE728680121C0B2EAE761
:102F8000374A1278002AC5D0002000212200A0650F
:102F9000E16578321380A26AE36A226663662F4B8A
:102FA0000022206E616EF7F733FCF5F713FB230068
:102FB00080B27A331880ADE7FDF76CFDA379002B62
:102FC00001D1FFF751FEFCF71BFBA189062089B256
:102FD000FCF7DCFA00210620FCF7F4FAFCF70EFB04
:102FE00001232371F8BDFDF755FDFDF7F9FCE5E779
:102FF000FDF750FDFDF708FDE0E7FDF74BFDFDF7A0
:10300000EFFCF7E7FDF746FDFDF712FDD6E7FDF70C
:1030100041FDFDF7F9FCF7E7FDF73CFDFDF7E0FCAE
:10302000FDF71AFDCAE7FDF735FDFDF7D9FCFDF701
:10303000EBFCF5E7FDF72EFDFDF7D2FCFDF7F8FC04
:10304000EEE7FDF71DFDB9E738670020C0660020F8
:10305000BC0A0020800A0020D901002000403A402C
:103060005A630020C165002010B5FCF7C9FA0021A1
:103070000620FCF7A7FA00210720FCF7A3FA00219D
:103080000E20FCF79FFA00211020FCF79BFA00218C
:103090001120FCF797FA0620FCF756FA0720FCF7F8
:1030A00053FA0E20FCF750FA1020FCF74DFA1120CD
:1030B000FCF74AFAFCF7A2FAFFF78AFCFDF7EAFCF4
:1030C0000022034B1A80034B1A80FFF7C9FE10BD84
:1030D000386700203A670020F8B5914C6379DFB279
:1030E000002B00D1D8E000276771A06AE16A226D49
:1030F000636DF7F773FE2300A062E1629433A06A68
:10310000E16A1E6823009A331D88F8F769FBAD0059
:103110007051A06AE16AA26BE36B2500F5F79CF998
:1031200001268335B84200D18EE0230082331E7021
:10313000A06AE16AA26BE36BF5F784F9B84200D1AB
:1031400082E0FFF791FF774B2F701B78BB421AD0BC
:10315000754B1B78BB4216D000220023A265E365A5
:10316000230078331F80FFF77BFE704B1B78BB4238
:1031700000D167E06E4B1B78BB4200D162E0FA20C1
:10318000400001F0DDFC052001F0DAFCFDF78CFCCD
:10319000230083331B78002B27D0664B1B78002B32
:1031A00023D0A06AE16A226A636A2500F5F744F930
:1031B0007A3500284AD0A06AE16AA26CE36CF6F77F
:1031C00027FBA065E1650022A06DE16D5A4BF7F782
:1031D0001FFBF5F7FFF9230080B278331880002237
:1031E00000232266636600232B80230083331B7831
:1031F000002B26D04B4B1B78002B22D0A06AE16A13
:10320000226A636A2500F5F717F97835002830D06F
:1032100000220023A265E36500232B80A06AE16AF7
:10322000A26CE36CF6F7F4FA206661660022206E69
:10323000616E414BF7F7ECFAF5F7CCF97A3480B2CE
:103240002080F8BD3D489CE72E70A1E7206E616E9E
:10325000226D636DF6F7DCFA206661660022206E4F
:10326000616E354BF7F7D4FAF5F7B4F980B22880E0
:10327000BBE7A06DE16D226D636DF6F7C9FAA0653D
:10328000E165A06DE16D00222B4BF7F7C1FAF5F770
:10329000A1F980B22880D4E701236371254B1E7801
:1032A000002E1CD0A06AE16A226A636A2500F5F745
:1032B000C3F87A35002809D0230080331F70226CB0
:1032C000636C22676367206F616FDCE7206F616F5B
:1032D000226D636DF6F79CFA20676167F3E7114B87
:1032E0001B78002BADD0A06AE16A226A636A2500D0
:1032F000F5F7A2F87835002809D0230080331E7036
:10330000226C636CA266E366A06EE16EBBE7A06E02
:10331000E16E226D636DF6F77BFAA066E166F3E776
:10332000C06600205A630020B60A00204D630020CA
:1033300059630020D901002000403A40C409000030
:10334000054B10B51B78002B01D1FFF78DFEFFF761
:10335000C3FEFFF785FD10BD4002002010B50F4CE5
:103360002378002B14D0FCF74BF90E20FCF7ECF877
:10337000618A0E2089B2FCF709F90E200021FCF7C2
:1033800021F9FCF73BF900230E202370FCF7B6F877
:10339000FFF7A2FEFFF764FD10BDC046C066002027
:1033A00070B5040004A80588094E0A48346004007A
:1033B0008C342160010090310A6002009432136065
:1033C000030098331D8000239A30038070BDC046EF
:1033D00048670020C0660020F8B51D4B1C78002C03
:1033E0002AD01C4B64241B78002B00D1503C1A4F70
:1033F000012238687968FBF7F5FC184E0122306825
:103400007168FBF7EFFC164D002228686968FBF72E
:10341000E9FC200001F094FB386801227968FBF791
:10342000E1FC306800227168FBF7DCFC28680022B0
:103430006968FBF7D7FCF8BD0A4B1B78002BD6D088
:10344000044B64241B78002BD1D0FA24A400CEE7CF
:103450005963002091670020640000207400002060
:103460005C000020D80100201C4BD0B51A68060073
:103470000F00012A00D01B68FDF7BAFB184C002191
:103480002000F9F761FC0022164B30003900F6F7F6
:10349000BFF9154B0022F7F7BBF9F5F79BF881B29E
:1034A0002000F9F761FC114801F04AFB00212000DF
:1034B000F9F74AFC00212000F9F756FCFDF7F4FA71
:1034C0000B4B1B78002B07D001220A4BF5201A70FA
:1034D0001978C9B2FBF714FBD0BDC0463C020020EE
:1034E000A866002000206C4000403A40B80B000065
:1034F000C6650020C5650020F0B5444B87B01E7836
:10350000002E00D078E0424A1278002A00D077E0FE
:1035100016000192FDF74EFAF8F754FA3D4A3E4B79
:103520000092196800985A68F9F7E0FBFDF73EFB36
:1035300000210098F9F708FCFA2700210098F9F714
:1035400013FC002400257F00F8F758FAC3170290F7
:103550000393013F029A039BA4185D41002FF3D10E
:10356000FA220023520020002900F4F7CDFF310099
:1035700005000098F9F7E8FBFA2401990098F9F79B
:10358000F3FB002600276400F8F738FAC31704900D
:103590000593013C049A059BB6185F41002CF3D1BA
:1035A00021000098F9F7D0FB21000098F9F7DCFB27
:1035B000FDF712FBFA20400001F0C2FAFA220023C4
:1035C000520030003900F4F79FFF451BEB17ED1850
:1035D0005D402800F8F76AF80022104BF6F7DEFC91
:1035E000F4F7F8FF0E4E0F4A0F4B3060954209DD9D
:1035F0000120187007B0F0BD00230C4E019389E73D
:103600000A4BFBE702201C70F4E7C046D9010020FA
:103610005A630020A86600203400002000408F403C
:1036200084670020102700008F67002045330000CA
:10363000282210B50021054803F08AFF0022044B20
:10364000DA725A715A729A7210BDC046956700209C
:10365000BC050020F8B505000024FBF771FE8026AC
:103660000227285DFBF776FE002C05D10E4B2200C9
:1036700018685968FBF7B6FB0C4B9A683242FCD0CD
:103680009A683A42FCD09A683242FCD1002C07D1A9
:10369000054B012218685968FBF7A4FB0134E0E7E9
:1036A00001340C2CDDD1F8BD940000200030014025
:1036B000F0B589B002920393029B01901800039B1E
:1036C00000225B0059082F4BF7F7A2F800230022D5
:1036D0000692079306AA04000D0003F0D7FF2A4ABA
:1036E0002A4BF4F7C3FE002807D00698079900225A
:1036F000274BF6F78DF804000D0029002000F7F79E
:1037000099FF0A210600F4F79BFD6421C4B2300042
:10371000F4F796FD0A27FA21C3B204937B43E31A18
:103720007C431B01341B1C19E3B289003000059354
:10373000F4F786FD1749C5B23000F4F781FD3B0070
:10374000C4B26343EB1A7D43049A1B01551B124913
:1037500030005D19F4F774FD474302980399E41BA8
:1037600000220023EDB2E4B2F4F76CFE002801D091
:10377000103CE4B2019B059A5D709A701C7009B010
:10378000F0BDC04600002440CDCCCCCCCCCCEC3F2E
:103790000000F03F10270000A0860100F0B51C00DB
:1037A00085B06300019059081000234B0022F7F701
:1037B0002FF8002300220292039302AA04000D00B6
:1037C00003F064FF1D4A1E4BF4F750FE002807D09B
:1037D0000298039900221B4BF6F71AF804000D001B
:1037E00029002000F7F726FF0A210500F4F728FD3D
:1037F0000A27C4B264212800F4F722FD3B00FA2115
:10380000C6B27343E31A7C431B012C1B1C19019B9A
:1038100028005C708900F4F713FD0B49C4B228003E
:10382000F4F70EFD78436743201A019BF61B000155
:103830008019187005B0F0BD00002440CDCCCCCC70
:10384000CCCCEC3F0000F03F10270000F0B58BB06F
:10385000039310AB029204CB07AC1F8812AB1B780A
:1038600000900191049200210C222000059303F0A6
:103870006FFE7BBA200063800025FFF7EBFE07ACEC
:10388000AF4218DC0C220021200003F061FE059AF3
:103890002B23002A00D004332000E37023716371CE
:1038A000FFF7D8FE174B18685968FBF7A0FA0028F5
:1038B000F8D10BB0F0BDF0232370049BAE009859F3
:1038C000F7F746FF0B0006A90200481DFFF7F0FEC0
:1038D000009B6A009B5A01355BBAA380019B9B5AEF
:1038E0005BBAE380029B9859F4F75CFE039B40BAF5
:1038F00020819859F4F756FE40BA60812000FFF706
:10390000A9FEBCE78C00002070B50024044D2E7881
:10391000285DFBF7FDFC230001349E42F8DA70BD00
:103920009567002070B50E4C0E4DE37928000233E8
:10393000DBB22372E3792B70E179E679C9B2F9F74A
:10394000B1F9F6B2A855E679F9F7B4F9F6B2AE19BD
:103950007070217A2800C9B2FBF7E6FC70BDC04642
:10396000BC050020BD67002010B50B4A0B4B5178F9
:10397000597091789970D278DA7053221A710132A5
:103980005A71073A9A714C3ADA71054B0732DA717B
:10399000FFF7C8FF10BDC04695670020BD67002037
:1039A000BC0500200C22064B10B506485A70FAF7E9
:1039B00040FD0822044BDA71FFF7B4FF10BDC0468A
:1039C000BD670020BF670020BC0500200722064B12
:1039D00010B506485A70FAF70FFA1222044BDA7142
:1039E000FFF7A0FF10BDC046BD670020BF670020E5
:1039F000BC0500200822064B10B506485A70FAF79D
:103A00003DFA1222044BDA71FFF78CFF10BDC0465D
:103A1000BD670020BF670020BC05002013226F2176
:103A20000D4B10B55A702E329A700D32DA700C3A76
:103A30001A7111325A7112329A710932DA7159724D
:103A4000053203311A72DA729972044B673ADA71ED
:103A5000FFF768FF10BDC046BD670020BC05002011
:103A6000052310B5054C6370FAF7D5FD0322044B0E
:103A7000A070DA71FFF756FF10BDC046BD67002089
:103A8000BC0500202E2310B5054C6370FAF7B4FE78
:103A90000322044BA070DA71FFF744FF10BDC0464B
:103AA000BD670020BC0500200B2310B5054C6370DA
:103AB000FAF7C9FD0322044BA070DA71FFF732FF59
:103AC00010BDC046BD670020BC050020062310B510
:103AD000054C6370FAF7AFFD0322044BA070DA7156
:103AE000FFF720FF10BDC046BD670020BC050020C9
:103AF0000A2310B5064C6370FAF740F90422030A52
:103B0000A370044BE070DA71FFF70CFF10BDC046E4
:103B1000BD670020BC050020092310B5054C63706B
:103B2000FAF781FD0322044BA070DA71FFF7FAFE69
:103B300010BDC046BD670020BC0500201FB5142382
:103B40000F4C0F2268460F49637003F096FD002268
:103B500002236946895C080020385E2801D8E154B8
:103B6000013301320F2AF4D1102B02DC023AE25465
:103B70000133054ADBB2D371FFF7D4FE1FBDC04647
:103B8000BD670020B08D0108BC050020152310B5CD
:103B9000054C6370FAF7A3F90322044BA070DA71A5
:103BA000FFF7C0FE10BDC046BD670020BC05002069
:103BB00010B5024B9878FAF78BF910BD9567002085
:103BC0000D2310B5064C6370FAF74DFDA070FAF79F
:103BD00052FD0422034BE070DA71FFF7A3FE10BD23
:103BE000BD670020BC0500201B2310B5054C637089
:103BF000FAF731FD0322044BA070DA71FFF792FE51
:103C000010BDC046BD670020BC050020172310B5BD
:103C1000054C6370FAF71EFE0322044BA070DA71A4
:103C2000FFF780FE10BDC046BD670020BC05002028
:103C30000222054B10B55A7000229A70034B0332D2
:103C4000DA71FFF76FFE10BDBD670020BC050020D4
:103C5000122310B5094C6370FAF7D5FC084BA0701D
:103C6000012805D118740322DA71FFF75BFE10BD3D
:103C70000228F8D100221A74F5E7C046BD6700207B
:103C8000BC0500201D2310B5094C6370FAF733F909
:103C9000084BA070012805D158740322DA71FFF790
:103CA00041FE10BD0228F8D100225A74F5E7C04643
:103CB000BD670020BC05002070B518220125054B0A
:103CC000054C9D705A700323E371FFF72BFE25719D
:103CD00070BDC046BD670020BC050020014B1860C8
:103CE0007047C04600680020002370B5CA0F521804
:103CF00052100139934200DB70BDCC1A065DC55CE1
:103D0000C65401330555DBB2F4E710B50B0A017058
:103D100043700B0C090EC17083700421FFF7E4FFA0
:103D200010BD00003E23F0B58E4F85B0FB71FB79CE
:103D30008D4C2370162363708C4B1D682B782E00DE
:103D4000A3702B0038331B786A781B019B18E37033
:103D50002B0080331A685B680092019300980199E8
:103D60000022834BF4F768FB3936002803D13378FF
:103D7000022B00D8D4E0422323718533637138339A
:103D8000A371823BE37128696969F7F729FD794BD3
:103D9000011C1800FFF7B9FF286A696A764B1B7887
:103DA0000093002B00D1C5E0422323738533637356
:103DB0003833A373823BE373009B286B696B002B42
:103DC00000D1BFE042232374853363743833A37476
:103DD000823BE374337803AE23752B003A331B78B0
:103DE00063752B003B331B78A3752B008833186851
:103DF0005968F4F7EFFB80B2030AE37520762A6C6A
:103E00006B6C3000FFF7CAFC2800338848305BBA7F
:103E100072780380594B31781888A276617680B227
:103E2000F7F772FC02000B003000FFF7B7FC280028
:103E3000338858305BBA72780380514B3178300048
:103E400022771A685B68E176FFF7A8FC28003388C0
:103E500068305BBA7278317803804A4B6177A27719
:103E60001868596828666966F4F7B4FB2A0080B2BE
:103E7000030AE377631CD877434B70321B889BB2ED
:103E80001380190AA21CD177E21CD3772B002A00D9
:103E900072331B887432190A1380221DD177621D78
:103EA000D3773A4B1868F4F77DFB2B0080B2783358
:103EB0001880020AA31DDA77E31DD8772B002A00A9
:103EC0007A331B887C3213802200190A0832D1779A
:103ED0002200283213702B0022007E331B782932F7
:103EE0001370009BA86AE96A002B33D0230042229A
:103EF0002A331A70230085322B331A70230038328C
:103F00002C331A707D232D3423707F35FA79204BA2
:103F10002978D154FFF706FD00233B7105B0F0BDB1
:103F200000980199F7F75CFC1A4B011C1800FFF789
:103F3000ECFE28E7F7F754FC174B011C1800FFF7BD
:103F4000E4FE39E7F7F74CFC144B011C1800FFF7AF
:103F5000DCFE3FE7F7F744FC114B011C1800FFF7AC
:103F6000D4FED2E7BC050020BD6700200068002019
:103F700000002E40C5670020646700207C67002099
:103F800030020020180200207E67002070670020A9
:103F9000BC670020C1670020C9670020CD670020F2
:103FA000E7670020014B1879C0B27047BC050020BC
:103FB00010B5054B9878012802D1F9F773FE01E09E
:103FC0000228FAD010BDC0469567002010B5044BFA
:103FD0009878431E072B01D8F9F76AFE10BDC0463A
:103FE0009567002010B5054B9878092803D8002064
:103FF000F9F764FE01E0F028FAD910BD95670020BA
:1040000010B5034BD9789878F9F7AAFE10BDC046D1
:104010009567002010B50248FAF7F5F910BDC046C3
:104020009767002010B5054B9878012802D1F9F761
:1040300057FE01E00228FAD010BDC0469567002067
:1040400010B5044BDC789878F9F750FE2000F9F7AA
:1040500053FE10BD9567002010B5024B9878FAF713
:1040600061F910BD9567002010B5024B9878FAF7FA
:1040700061F910BD9567002010B5024B9878FAF7EA
:1040800060F910BD9567002010B5024B9878FAF7DB
:104090005FF910BD9567002010B5024B9878FAF7CC
:1040A0005EF910BD9567002010B50248F9F773FE60
:1040B00010BDC0469767002010B50248F9F77EFE94
:1040C00010BDC0469767002010B50248F9F7B8FE4A
:1040D00010BDC0469767002010B5F9F70CFF044BE0
:1040E000012801D1587410BD00225A74FBE7C04664
:1040F000BC05002010B5064B9878012802D1F9F7CD
:10410000E1FE01E00228FAD0FFF7E6FF10BDC0464D
:104110009567002010B5084B9C782000FAF7F4F85A
:10412000012C03D10B22054B1A7010BD022CFCD1BF
:104130000D22024BF8E7C04695670020410200209F
:1041400010B5024B9878FAF7E6F810BD9567002095
:104150001E2310B5054C6370FAF732FB0322044BA3
:10416000A070DA71FFF7DEFB10BDC046BD6700200E
:10417000BC0500202F2310B5054C6370FAF798FAA0
:104180000322044BA070DA71FFF7CCFB10BDC046D0
:10419000BD670020BC050020094B10B5186959699E
:1041A000F7F71EFB074B011C1800FFF7AEFD1022AE
:1041B000054B5A70054B0A3ADA71FFF7B3FB10BD95
:1041C000D8090020BF670020BD670020BC05002083
:1041D000262010B5FF30FAF775FC0400FEF778FAD8
:1041E000022C07D1FEF784FB044B18615961F7F7E5
:1041F000F7FA10BDFEF7C0FAF6E7C046D80900206E
:10420000112310B5064C6370FFF776F90322054BB6
:10421000A070DA71FFF786FB0122034B1A7010BD04
:10422000BD670020BC0500209067002030B585B038
:104230006846FAF7A3F9002301211A0015486C46D5
:10424000E55CC45CA54200D00A0001330E2BF6D118
:1042500000239A4202D0FAF79EF9FF230E4C332234
:10426000A370D020FF23627000211A004000FAF7EB
:10427000A6F9FF23E070A2201A000021FF30FAF710
:104280009EF90522054B2071DA71FFF74BFB05B053
:1042900030BDC046B08D0108BD670020BC050020C0
:1042A000342310B5054C6370FAF70AFA0322044B65
:1042B000A070DA71FFF736FB10BDC046BD67002065
:1042C000BC050020362310B5054C6370FAF702FADE
:1042D0000322044BA070DA71FFF724FB10BDC04627
:1042E000BD670020BC050020372310B5054C637066
:1042F000FAF7F9F90322044BA070DA71FFF712FB09
:1043000010BDC046BD670020BC050020382310B595
:10431000054C6370FAF7F0F90322044BA070DA71D0
:10432000FFF700FB10BDC046BD670020BC050020A4
:10433000392310B5054C6370FAF7E7F90322044BF3
:10434000A070DA71FFF7EEFA10BDC046BD6700201D
:10435000BC050020F8B5AE4DAE4C2B78280063713B
:104360006B78637263790233DBB2A371637961792D
:10437000EE5CC9B2F8F796FC864206D16379EB1879
:104380005E78F8F797FC864202D0FFF751F9F8BD46
:104390006379052B13D1637A412B10D16B78412BB4
:1043A0000DD1AB784E2B0AD1EB78422B07D12B796C
:1043B0000D2B04D10122984B1A70FFF7D5FA627ABF
:1043C000D3B2012A00D08CE0AA78A272A17ACAB234
:1043D000012914D1914B1A70914B1A70914B1A709C
:1043E000A37A052B2AD1904A043B13708F4A13708D
:1043F0008F4A13708B4A1370FFF786FAC5E7A27ACB
:10440000032A03D1854A13708A4A05E0A27A022A58
:1044100005D1824A1370854A1370854A05E0A27A55
:10442000042A06D1804A13707D4A13707D4A1370A6
:10443000D6E7A27A062AD3D17B4AE4E7A37A812B76
:1044400005D1764B01221A70754B1A70D4E7A37A06
:10445000832B06D1714A823B1370764A1370744ADB
:10446000C9E7A37A822B04D16C4A813B13706F4A4F
:10447000F4E7A37A842B01D16B4BE3E7A37A862B75
:1044800002D1694A853BE7E7A37A852B02D1664AC8
:10449000843BEBE7A37A072B02D0A37A082B0ED13B
:1044A0000124654B1C70FAF727F95F4BA04200D03E
:1044B0005A4B1C705A4B1C705A4B1C709CE7A37AC9
:1044C000872B02D0A37A882B96D101245A4B1C70DB
:1044D000FAF712F9544BA04200D0504B1C70504BCD
:1044E000EBE7637A022B03D1544B00221A704CE79E
:1044F000637A2E2B08D1A37A002B02D0A878FAF782
:104500002DF8FFF7BFFA40E7637A052B0AD1AB78A5
:10451000A372A37A002B02D1FFF7A2FA35E7FFF7C7
:1045200055FDF9E7637A062B0BD1AB78A372A37A1A
:10453000002B03D0A07AC0B2F9F7C6FBFFF7C6FA8A
:1045400023E7637A072B12D1AB78A3726379032B2D
:1045500006D1A37A002B00D017E7FFF737FA14E74C
:104560006379122B00D910E7FFF7A6FDF5E7637A10
:10457000082B12D1AB78A3726379032B06D1A37AEF
:10458000002B00D001E7FFF735FAFEE66379122B26
:1045900000D9FAE6FFF798FDF5E7637A092B0AD10F
:1045A000AB78A372A37A002B02D1FFF7B5FAECE641
:1045B000FFF718FDF9E7637A0A2B12D1AB78A372E3
:1045C0006379032B06D1A37A002B00D0DDE6FFF739
:1045D0008FFADAE66379042B00D0D6E6FFF710FDF8
:1045E000F5E7637A0B2B2BD1AB78A372A37A002B60
:1045F0000AD0A37AD8B2012B02D1F9F76BFB03E002
:10460000A37AD8B2022BF8D0FFF74EFABDE6C04627
:1046100095670020BC0500203D0100209467002024
:104620008D67002088670020936700208B6700203B
:10463000896700208A6700209267002040020020DE
:10464000637A0C2B12D1AB78A3726379032B06D15A
:10465000A37A002B00D098E6FFF7A4F995E66379DA
:10466000082B00D091E6FFF7D5FCF5E7637A0D2B18
:1046700010D1AB78A372A37A002B04D0A37A012BBC
:1046800004D1FFF7DDFCFFF79BFA7EE6A37A022B4D
:10469000F9D1F6E7637A0E2B03D1AB78A372A37A34
:1046A00073E6637A0F2BF8D0637A102B0FD1AB78B7
:1046B000A372A37A002B00D067E6FFF789FDF7F716
:1046C00047F8BB4C20616161FFF766FD5DE6637AE8
:1046D000112B08D1AB78A372A37A002B00D054E63B
:1046E000FFF78EFD51E6637A122B10D1AB78A372DF
:1046F000A37A002B04D0A37A012B04D1FFF758FC36
:10470000FFF7A6FA41E6A37A022BF9D1F6E7637A1E
:104710001D2B10D1AB78A372A37A002B04D0A37AFF
:10472000012B04D1FFF7E6FCFFF7ACFA2DE6A37AE4
:10473000022BF9D1F6E7637A132B08D1AB78A37279
:10474000A37A002B00D020E6FFF768F91DE6637A14
:10475000142B08D1AB78A372A37A002B00D014E6F7
:10476000FFF7ECF911E6637A152B0CD1AB78A37245
:10477000A37A002B04D0637A002B01D0FFF718FA3C
:10478000FFF704FA01E6637A162B08D1AB78A3721F
:10479000A37A002B00D0F8E5FFF7C4FAF5E5637AB9
:1047A000172B08D1AB78A372A37A002B00D0ECE5CD
:1047B000FFF72CFAE9E5637A1B2B10D1AB78A372D3
:1047C000A37A002B04D0A37A012B04D1FFF72AFC93
:1047D000FFF70AFAD9E5A37A022BF9D1F6E7637A53
:1047E0001C2B06D163790E2B00D0CEE5FFF75CFCC5
:1047F000CBE5637A1E2B10D1AB78A372A37A002B82
:1048000004D0A37A012B04D1FFF784FCFFF7A0FCAE
:10481000BBE5A37A022BF9D1F6E7637A2F2B10D1EF
:10482000AB78A372A37A002B04D0A37A012B04D116
:10483000FFF786FCFFF79EFCA7E5A37A022BF9D1D0
:10484000F6E7637A1F2B09D15A4B9B78A372A37AA0
:10485000002B00D199E5F7F76FFACDE5637A242BA9
:1048600007D1544B9B78A372A37A002B00D18CE51F
:10487000C2E5637A504C252BF3D0637A282B1AD1EA
:104880004C4B01229B78F420A37200231900F9F706
:1048900096FE431E9841494BC0B218700023012276
:1048A0001900F520F9F78BFE431E9841444BC0B226
:1048B0001870A37AA0E5637A312B02D1F9F794FD41
:1048C0009AE5637A322B01D13E4B0EE6637A332BA5
:1048D0000FD1384B9A78A272A27A002A06D0A27A17
:1048E000012A03D11979D878F9F75CFEFFF79EFC0D
:1048F0004BE5637A342B0AD12E4B9B78A372A37AB3
:10490000002B01D0FFF7A8FBFFF7CAFC3DE5637A57
:10491000352B3FD10125002400260027F7F744FA64
:10492000294B1D70F7F708FAF7F732FA0020F9F76C
:1049300032FD224BF4201C701978C9B2FAF7E0F866
:104940001F4BF5201C701978C9B2FAF7D9F8FCF79B
:1049500091FEFCF79BFEFCF7A5FEFCF7B9FEFCF709
:10496000CFFE2000F9F710FD184B1C70FCF7BCFEC1
:10497000174B1E605F60F9F71DFC164B1E605F60F1
:10498000F9F78AFC144BFA201D701978C9B2FAF7AE
:10499000B7F831E5637A362B20D1064B9B78A372AA
:1049A000A37A002B01D0FFF75FFBFFF78BFCECE451
:1049B000D809002095670020BC050020C7650020AD
:1049C000C56500203C010020AF650020F00A0020F2
:1049D000C803002030020020C4650020637A372B12
:1049E0000AD1144B9B78A372A37A002B01D0FFF756
:1049F00043FBFFF779FCC8E4637A382B0AD10D4BEF
:104A00009B78A372A37A002B01D0FFF73DFBFFF741
:104A10007DFCBAE4637A392B00D0B6E4054B9B7871
:104A2000A372A37A002B01D0FFF736FBFFF780FCBF
:104A3000ABE4C0469567002010B5044B0A000100A6
:104A4000180002F01AFEFFF785FC10BD95670020E4
:104A50000D488546FCF77EFA0C480D490D4A0023A7
:104A600002E0D458C4500433C4188C42F9D30A4A23
:104A70000A4C002301E013600432A242FBD302F08F
:104A8000D5FDFAF705FAFEE70090002000000020AF
:104A9000A4020020188F0108A802002054690020F9
:104AA000FEE7000070B5104B05001978002901D110
:104AB000012070BDFA208000F3F738FB0B4C010099
:104AC0002068F3F733FB00F083F8041EF0D1032DC8
:104AD000EED8020001202900404200F043F8044BC8
:104AE00020001D60E5E7C046420200204001002092
:104AF000440200208023084A5B00116810B50B4374
:104B000000201360FFF7CEFF041E03D1FBF738FD32
:104B1000200010BD0124FBE700200240034A044BA3
:104B200011681B785B1813607047C046046800204A
:104B300042020020014B18687047C04604680020FC
:104B400070B50400FFF7F6FF0500631C02D0044BAC
:104B50001B78E418FFF7EEFF401BA042FAD370BDAC
:104B60004202002010B5FF2403220B002100024066
:104B7000D20091409B012340C943934000280ADBA7
:104B8000C0240B4A800880008018A40002590A4003
:104B90001343035110BD0F2210400838054A800806
:104BA00080008018C26911401943C161F2E7C04614
:104BB00000E100E000ED00E0002805DB1F231840C5
:104BC0001E3B8340014A13607047C04600E100E08D
:104BD0008022431E5204012093420DD2C021074A75
:104BE00007485360036A09061B021B0A0B43036252
:104BF00000200723906013607047C04610E000E07B
:104C000000ED00E0F0B5846CC56C6560046D002CAF
:104C100002D0446D856D65601C24056C084E2540EE
:104C20001B3CAC4077683C437460046863608368F5
:104C3000102B02D1A260E160F0BDA160E260FBE751
:104C40000000024010B50400036C094A9B089B1841
:104C50009B00436400681421C0B20838F3F766FA79
:104C6000044BA3641F2318401E3B8340E36410BD24
:104C70000082001080080240F8B504000120002CDA
:104C800046D02568254B1421E818F3F74FFA022384
:104C90008000A61D2064F3772B68214AA768134083
:104CA0002B60E36821693B430B4361692A680B432E
:104CB000A16920000B43E1690B43216A0B431343B5
:104CC0002B60FFF7BFFF8023DB019F4201D1002350
:104CD00063603F236268616C13400B60E06CA16C01
:104CE000013A4860032A14D80E4A0F489918012245
:104CF000013B9A40A265130000228900216560658E
:104D00000A60436000200123E0630534F377E07715
:104D1000F8BD002323656365A365F3E7F8FFFDBFD6
:104D20000F80FFFF3F82001040090240F7B5451D8C
:104D30000193EE7F04000220012E33D00138E87782
:104D4000A71DFE7FB4466346F6B200960026834256
:104D500030D10130F8772568E6632868009B9843D6
:104D60002860019B2000FFF74DFF236BB3421AD050
:104D70000E232A6813432B60636C1A68D20304D590
:104D80008022196852000A431A60236D002B04D058
:104D90008022196852000A431A60012300202A6801
:104DA00013432B60FEBD04222B6893432B602A68BB
:104DB0000A23DFE78023E363EE77F3E7F0B500280B
:104DC00008D0841DE37F411D022B05D00423C3635B
:104DD0000023CB770120F0BD0E250268466C1368D6
:104DE000AB4313603368104D2B40336001231668CA
:104DF0009E431660026C1B331A401B3B93400B4EC4
:104E000077683B437360C26C836C5A60036D002B00
:104E100005D01A682A401A60436D826D5A600123DA
:104E20000020E377C877D6E7FFFEFFFF00000240CF
:104E3000F8B5811DCB7F022B03D00423C36301206F
:104E4000F8BD0E2402681C271368456CA343136049
:104E5000012314689C4314602A68104C22402A6085
:104E6000026C0F4D3A4093406E6833436B60C26CE6
:104E7000836C5A60036D002B05D01A6822401A60BB
:104E8000436D826D5A6001230022CB77431DDA7790
:104E9000836B934200D098470020D1E7FFFEFFFFCD
:104EA00000000240F8B51C240427016C264A21406A
:104EB0003C008C40166803681D6826420FD03D42B6
:104EC0000DD01968890602D41968B943196053686E
:104ED0001C43036B5460002B1BD0984719E002273A
:104EE0003C008C40264215D03D4213D019688906FB
:104EF00006D40A251968A94319600121831DD977B1
:104F000053681C4354600022431DDA77C36A9342FE
:104F1000E3D1F8BD082427008F403E42F9D0254256
:104F2000F7D00E251C68AC431C6001231D008D408A
:104F30002900546821435160821DC363D377002246
:104F4000431DDA77436BE2E7000002400023F0B52F
:104F500085B00A681400DC4001D105B0F0BD012520
:104F600014009D402C4000942A4200D191E04A68F0
:104F70005F0094460322644622400324BC40E4437D
:104F80000194541E012C2ED88668019C2640CC68C2
:104F9000BC403443846044680126AC432500644629
:104FA000240934409C402C434460C568019C254042
:104FB0008C68BC402C43C460022A16D107250F26FA
:104FC0001D40AD00AE40DC08A40004190294246A20
:104FD00003962600039CA64334000E69AE40264388
:104FE000029C266201E0032ADFD1BA400468019DD9
:104FF00025402A43C02402606246A402224248D0CF
:10500000254A03259C08A400A4180F221D40ED008A
:10501000AA40A027266EFF0596430022B8420CD076
:105020001E4F0132B84208D01D4F0132B84204D0A1
:105030001C4F0332B84200D1023AAA4067463243BD
:105040002266154C009A2668009DD2433543FF0224
:1050500001D435001540674625606668009D3543DC
:10506000BF0201D435001540674665600E4C009DB7
:10507000E66F3543BF0301D4350015406746E56749
:105080000A4C009EE56F2E43FF0301D415402E000D
:10509000E66701335DE7C046001802400004005097
:1050A00000080050000C005008180240041802408C
:1050B00000690840431E9841C0B27047002A01D0E1
:1050C000816170478162FCE770B504000120002C0B
:1050D0003FD0250041352B78DAB2002B05D12300D3
:1050E000403320001A70FBF763FA242301212B7050
:1050F0002368E0681A68A6688A431A601A496268D9
:105100000A401A619A6819490A409A60012821D117
:105110008022120232439A605868154A02435A604C
:10512000DA6800200A40DA60616922690A43A169ED
:1051300009020A43DA60216AE2690A431A6001221D
:1051400019680A431A60202360642B70206342347C
:10515000207070BD8422120232439A600228DBD193
:10516000802212015A60D7E7FFFFFFF0FF7FFFFFA9
:1051700000800002F0B504004134227803000F00E3
:105180000220D6B2202A18D11D0040352A78012AE3
:1051900013D0242222701B68233A196807489143D0
:1051A00019601968014000201960196839431960B5
:1051B00019680A431A6026702870F0BDFFEFFFFFE0
:1051C0000200F0B5413214780300E5B20220202C31
:1051D00017D11C0040342678012E12D022301070D6
:1051E0001B6823381E68074F86431E601E6809022D
:1051F0003E4031431960196808431860002015705B
:105200002070F0BDFFF0FFFF8023034A5B001168B0
:105210000B4313607047C0460070004010B5114C3E
:105220001149236802000B400343236080230020C0
:105230009B009A420ED10D4B0D4918680623584326
:10524000F2F774FF8022431CD2006169080010400D
:10525000114200D110BD002B01D0013BF5E7032026
:10526000F8E7C04600700040FFF9FFFF4001002052
:1052700040420F00F0B5040085B0002802D10120A3
:1052800005B0F0BD0368DB0710D423689B075CD42E
:1052900023681B0700D5C1E023685B0700D5F2E057
:1052A000E369002B00D079E10020E9E73822AF4D17
:1052B000AB681340EA68102B09D1D3439B0708D190
:1052C0002B689B03E1D56368002BDED1D7E7082B61
:1052D000F6D0802263685202934211D12A681343A8
:1052E0002B60FFF727FC80270600BF022B683B429C
:1052F000CBD1FFF71FFC801B6428F7D90320BFE741
:10530000A021C9028B4208D180232968DB020B430C
:105310002B602B681A432A60E3E72A6894490A4005
:105320002A602A6893490A402A60002BD9D1FFF7E6
:1053300001FC80270600BF022B683B42A5D0FFF787
:10534000F9FB801B6428F7D9D8E73822874DAB6872
:105350001340EA68102B28D103210A40022A26D1E3
:105360002A68520503D5E268002A00D187E76968F8
:1053700062698148120201400A436A60002B0CD125
:105380002B687E4A7E491340226913432B602B68A9
:105390007C4A9B045B0FDA400A607B4B1868FFF77E
:1053A00081FB002800D173E769E7002BD8D0E368C0
:1053B000002B20D02B68714A802713402269FF0000
:1053C00013432B6080232A685B0013432B60FFF795
:1053D000B1FB06002B683B4207D06A6863696649E7
:1053E0001B020A4013436B6052E7FFF7A3FB801BCD
:1053F0000228EFD982E72B68644A802713402B608C
:10540000FFF798FB0600FF002B683B4200D13FE707
:10541000FFF790FB801B0228F6D96FE73822534D27
:10542000AB681340182B08D12B6E9B0700D433E7D1
:10543000A369002B00D02FE721E7A2690123002AEE
:1054400010D02A6E022713432B66FFF773FB06006A
:105450002B6E3B4200D01FE7FFF76CFB801B02283E
:10546000F6D94BE72A6E02279A432A66FFF762FBBA
:1054700006002B6E3B4200D10EE7FFF75BFB801B63
:105480000228F6D93AE73822384DAB681340202B72
:1054900008D1EB6D9B0700D402E7A368002B00D076
:1054A000FEE6ECE680220021EB6B520500911342F0
:1054B00008D1EB6B1343EB63EB6B13400393039B3C
:1054C000012300938027324E7F0033683B4215D082
:1054D000A368012B22D1EA6D1343EB65FFF72AFB8A
:1054E00002270600EB6D3B4238D0009B012B00D019
:1054F000D6E6EB6B274A1340EB63D1E633683B43B8
:105500003360FFF717FB019033683B42E0D1FFF7B0
:1055100011FB019BC01A0228F6D9EFE6EA6D052BB4
:1055200005D1013B1343EB65EA6D0123D4E701216B
:105530008A43EA65EA6D03318A43EA65002BCDD1DF
:10554000FFF7F8FA02270600EB6D3B42CDD0FFF7DC
:10555000F1FA114B801B9842F6D9CFE6FFF7EAFA31
:105560000D4B801B9842BDD9C8E6C04600100240D2
:10557000FFFFFEFFFFFFFBFFFF80FFFFFFC7FFFFF7
:10558000400100200024F40044020020FFFEFFFF41
:1055900000700040FFFFFFEF881300003821434DEB
:1055A000AA680A40102A53D0414A022B3AD12B68EC
:1055B000802713402B60FFF7BDFA0600BF042B685D
:1055C0003B4229D1616A236AEA680B433949802644
:1055D0000A401343E26AB6041343226B1343626B1F
:1055E0001343A26A12021343EB6080232A685B0410
:1055F00013432B608023EA685B051343EB60FFF7DE
:1056000099FA04002B68334200D04DE6FFF792FA76
:10561000001B0228F6D971E6FFF78CFA801B0228DE
:10562000CDD96BE62B68802613402B60FFF782FAFA
:105630000400B6042B68334204D1EB681E4A1340C1
:10564000EB6031E6FFF776FA001B0228F2D955E647
:10565000012B00D113E60322E868216A02408A4246
:1056600000D00CE67022616A02408A4200D006E651
:10567000FE21A26AC90101401202914200D0FEE55A
:10568000F822E16A920302408A4200D0F7E5E02264
:10569000216B120502408A4200D0F0E5636B400F97
:1056A0004007C01A431E9841C0B2E9E5001002400D
:1056B000FFFFFFFE8C80C111FCFFFEEE382370B5AA
:1056C0001D4CA2681A4205D123681C489B045B0F3D
:1056D000D84070BDA2681A40082A27D0A2681A4094
:1056E000102A17D1E368E168DB43E5684906490FF2
:1056F0006F322D0A013115409B0709D11048F2F78E
:1057000015FDE1686843490F0131F2F70FFDE0E74D
:105710000A48F4E7A2681A40202A09D0A2680020AB
:105720001340182BD5D1FA20C001D2E70448D0E7A6
:1057300080200002CDE7C046001002400024F400A3
:1057400000127A00F7B504000D00002801D10120F5
:10575000FEBD0727484E33683B408B422AD3226860
:1057600093073BD4D20748D4072733683B40AB426A
:105770000AD93368BB432B433360FFF7DBF9019051
:1057800033683B40AB4268D123683C4D5B076CD427
:10579000FFF794FFAB683A491B051B0F9B005B5852
:1057A0001F210B40D840374A374B10601868FFF76D
:1057B00079F9CDE73368BB430B433360FFF7BAF9A0
:1057C000019033683B40AB42C9D0FFF7B3F9019B6E
:1057D000C01A2E4B9842F4D90320B9E72749530742
:1057E00004D5E0238868DB0103438B608B6828487D
:1057F0000340A06803438B60B4E760681F4F032831
:1058000029D8F2F77FFC20021C243B689B039ED51D
:105810000722BB6893430343BB60FFF78BF90190FA
:105820003823BA681A406368DB009A429CD0FFF7BD
:1058300081F9019BC01A154B9842F1D9CCE73B681E
:105840009B01E5D483E73B685B05E1D47FE73B6ED2
:105850009B07DDD47BE7FB6DFAE7FFF76BF9019B54
:10586000C01A0A4B98428BD9B6E7AB68094A134075
:10587000E2681343AB608BE7002002400010024057
:10588000708D0108400100204402002088130000B0
:10589000FFF0FFFFFF8FFFFF064B07499B68074A9A
:1058A0005B045B0F9B005B581F2110680B40D840C6
:1058B0007047C04600100240508D01084001002092
:1058C000F0B50368040085B000209B0352D5802208
:1058D000704D5205EB6B0090134208D1EB6B1343F4
:1058E000EB63EB6B13400393039B0123009380272F
:1058F000694E7F0033683B433360FFF71BF901902B
:1059000033683B4228D0EA6DC02310009B00216B16
:10591000624E18401A4218D0814216D08022EB6D98
:10592000E86D190052020243EA65EA6D5C483140B5
:105930000240EA65E965DB0707D5FFF7FBF80700DA
:105940000222EB6D134200D19CE0EB6D226B3340E1
:1059500013430020EB6506E0FFF7ECF8019BC01A4B
:105960000228CDD90320009B012B03D1EB6B4D4ABC
:105970001340EB632368DA0706D5032545494A6DD2
:10598000AA4365682A434A659A0706D50C2541490A
:105990004A6DAA43A5682A434A65DA0606D53D49F9
:1059A000414D4A6D2A40E5682A434A659A0506D565
:1059B00038493E4D4A6D2A40A5692A434A655A0531
:1059C00006D534493A4D4A6D2A40E5692A434A656D
:1059D0009A0606D52F49374D4A6D2A4025692A4334
:1059E0004A655A040FD52B49256A4A6D92009208E0
:1059F0002A434A658022D205954204D18022CD688F
:105A000052022A43CA601A0306D5402521494A6D2D
:105A1000AA43656A2A434A659A020FD51D49264E54
:105A20004A6DA56A32402A434A658022D2039542D4
:105A300004D18022CD6852042A43CA605A020DD58F
:105A4000144D1E4E696DE26A314011436965802133
:105A500049048A4202D1E9680A43EA601B050FD56E
:105A60000C4A6169536D164C23400B4353658023E8
:105A7000DB01994204D18023D1685B020B43D360E0
:105A800005B0F0BDFFF756F80E4BC01B984200D88A
:105A900056E767E70010024000700040FFFCFFFF80
:105AA000FFFFFEFFFFFFFFEFFFF3FFFFFFFFF3FF2F
:105AB000FFFFCFFFFFCFFFFFFFFFBFFFFFFFFFFE97
:105AC000FF3FFFFF88130000A0210268F8B5D368EC
:105AD00004008B43D360FFF72DF8FA27050020263A
:105AE000BF002368DB68334201D00020F8BDFFF718
:105AF00021F8401BB842F4D90320F7E7F7B5402658
:105B000003680500DA680024324211D18022D96886
:105B1000FA270A43DA60FFF70DF8BF0000902B6800
:105B2000DB681A0032400192334201D1032C01D1CB
:105B30002000FEBDFEF7FEFF009B019CC01AB8428C
:105B4000EDD92B00032429331C70E8E7802270B5BF
:105B50000F4C0500E3689343E360A369603A134286
:105B600007D1FFF7B1FF002802D0032029352870A4
:105B700070BDA3699343A361FFF7A6FF002802D07D
:105B80000320293528702023A2691343A361EFE77E
:105B90000028004070B504000120002C17D025001B
:105BA00029352B78DAB2002B08D1230028331A705C
:105BB00088231B0220006360FAF73CFD02232B7050
:105BC0002368DA68D20603D5012300202B7070BD4C
:105BD000CA225A62773A20005A62FFF78FFF0028E4
:105BE00025D1236815499A6960690A409A61A268BB
:105BF00099690243E06902430A439A6122692000DD
:105C00001A61E268196912040A431A61FFF79EFFDC
:105C100000280CD12268266A9369DB00DB089361B7
:105C2000636A91693343A66933430B439361FF224F
:105C300023685A620028C7D0C9E7C046BFFF8FFB60
:105C4000F8B504000120002C67D0636A002B65D1F1
:105C5000822261685200914200D0E3610023250056
:105C6000A3625D352B78DAB2002B05D123005C33BB
:105C700020001A70FAF70CFD022340222B702168D5
:105C8000E6680B689343E0220B60D2000023964243
:105C900048D9F02218001201964200D0A362822255
:105CA0008427636852001340A2683F023A400227EB
:105CB00013432269A5693A401343012267691740DB
:105CC0003B438027BF002F403B43E76937321740F3
:105CD0003B43276A4832174080223B43A76A920120
:105CE00017403B43102708220B60636A2D0C3B4092
:105CF000676B17403B43F0273F013E403343042688
:105D000035402B4303434B60CB69084803400020D8
:105D1000CB61012320665D342370F8BD002323612D
:105D200063619BE780204001B6E7C046FFF7FFFFB5
:105D3000C022042313B50468D200A16808001040F3
:105D4000114200D116BDE168013B0191DBB201991E
:105D5000002BF2D10320F5E701000300012010B56C
:105D60003D310C78E2B284421FD1001808701B68E4
:105D7000D9681143D9600E498B4209D08021C905E9
:105D80008B4205D00B498B4202D00B498B420DD17F
:105D90009A680A490A40062A06D007398A4203D07F
:105DA000012219680A431A60002010BD1968F9E73A
:105DB000002C0140000400400040014007000100A9
:105DC0000121036810B5DA688A43DA601C6A074A61
:105DD000144206D11C6A064A144202D11A688A4348
:105DE0001A6001233D300370002010BD1111000026
:105DF00044040000704770477047704702220368F0
:105E000010B51969040011420ED0D96811420BD0A7
:105E1000053A1A61043202779B699B0700D186E03C
:105E2000FFF7E9FF00232377042223681969114251
:105E300011D0D96811420ED0093A1A61073222777F
:105E40009A69C0239B0020001A4200D175E0FFF739
:105E5000D2FF0023237708222368196911420ED04C
:105E6000D96811420BD0113A1A610D322277DB69E1
:105E700020009B0767D0FFF7BEFF00232377102287
:105E800023681969114210D0D96811420DD0213A06
:105E90001A6119322277DA69C0239B0020001A4266
:105EA00057D0FFF7A8FF0023237701222368196941
:105EB000114207D0D968114204D0033A20001A6178
:105EC000F9F7A0FB802223681969114208D0D9682C
:105ED000114205D0023AFF3A20001A6100F0EFF8B3
:105EE00023681A69D20507D5DA68120604D51C4A58
:105EF00020001A6100F0E4F8402223681969114279
:105F000007D0D968114204D0813A20001A61FFF706
:105F100074FF202223681969114207D0D968114201
:105F200004D0413A20001A6100F0C8F810BDFFF714
:105F300061FF2000FFF760FF74E7FFF75BFF2000C1
:105F4000FFF75AFF85E7FFF755FF2000FFF754FFE3
:105F500093E7FFF74FFF2000FFF74EFFA3E7C04690
:105F6000FFFEFFFF10B51C4C0368A04206D0802244
:105F7000D205904202D0194A904208D17022934330
:105F80004A681343164A1A40CB6813430BE0154A7C
:105F90009042F7D0144A9042F4D0144A9042F1D083
:105FA000134A9042EED0802293434A691343036020
:105FB0008B68C3620B688362A04208D00A4B984288
:105FC00005D00A4B984202D0094B984201D10B6987
:105FD00003630123436110BD002C01400004004015
:105FE000FFFCFFFF00200040004001400044014052
:105FF0000048014070B504000120002C23D025008A
:106000003D352B78DAB2002B05D123003C3320003C
:106010001A70FAF78FFB02232B702068211DFFF7FF
:10602000A1FF2200012300204832137047340A3AAE
:10603000137053709370D370137153719371D37144
:10604000137223702B7070BDF0B5040002223C3433
:10605000257803001000012D26D01D003D352A7043
:106060001B68124E5A689868B34203D1104F3A40E9
:106070004F683A437027BA430F683A435A60B342B5
:1060800009D08022D205934205D00A4A934202D019
:10609000094A934204D1802290438A681043986051
:1060A000012300202B702070F0BDC046002C014061
:1060B000FFFF0FFF000400400040014070477047A1
:1060C0007047000030B5EFF31084012282F310888E
:1060D000C02501680B68AB430B6084F31088EFF3B5
:1060E000108182F310880268044C93682340936007
:1060F00081F3108820238830036030BDFFFF7FFFCD
:1061000030B5EFF31084012282F310880168134D3B
:106110000B682B400B6084F31088EFF3108182F33F
:10612000108802680E4C93682340936081F31088B6
:10613000C36E012B0AD1EFF3108183F31088102472
:1061400002681368A343136081F3108803002022C0
:106150008C331A600023C366436730BDDFFEFFFF48
:10616000FEFFFFEF704770477047704770B5846A55
:10617000230088331A685D6823689B681B0608D56E
:10618000212A06D123000022563320001A80FFF76F
:1061900099FF23689B685B0608D5222D06D1230052
:1061A00000225E3320001A80FFF7AAFF220010238E
:1061B0009032116820000B431360FFF7D6FF70BDCB
:1061C000806A0023020010B55E321380083A138003
:1061D000FFF7CBFF10BD0000F7B50168C14DCB69DB
:1061E00004000A6888682B4210D120252B4200D178
:1061F0009BE08026760515400640354300D194E0AB
:10620000636F2000002B00D085E085E0B64D05408F
:106210000095B64D009E1540354300D185E0250020
:1062200001269035334205D0D70503D50E622F687D
:106230003E432E60022633420CD0C7070AD5270002
:106240000E6290373E680197B446042667463E4387
:10625000019F3E60042633420CD0C7070AD52700B1
:106260000E6290373E680197B446022667463E4369
:10627000019F3E600826B446334209D02027009E85
:106280001740374304D066460E622F683E432E60A7
:1062900080263601334206D0570104D50E622021F4
:1062A0002E68314329602968002935D020210B420E
:1062B0000AD080235B0511400340194304D0636F6B
:1062C000002B01D02000984722682B684027966851
:1062D00028223E40134020001E4322D0FFF710FF2B
:1062E00023689B683B4218D0EFF31081012383F3AE
:1062F0001088250004CD9368BB43936081F3108818
:10630000E86F002809D07A4B8363FEF791FD0028DF
:1063100002D0E86F836B9847F7BD2000FFF725FF99
:10632000FAE7FFF722FF2E60F6E7E56E012D00D0B9
:106330009FE01026334200D19BE0324200D198E02A
:106340000E62896840230A001A40194257D0211D65
:10635000CA6F1068426892B2002ADDD027005C370D
:106360003F889742D8D927005E373A8002682020BC
:106370008446104000906046024232D1EFF310870D
:1063800085F3108820685B4E02683240026087F314
:106390001088EFF3108785F3108820688268AA437D
:1063A000826087F31088EFF3108785F310882068E8
:1063B00082689A43826087F31088230062468C3398
:1063C0001A60009BE366EFF3108085F31088226863
:1063D0000F351368AB43136080F31088C86FFEF766
:1063E000EDFC02232200236723005C325E331B880E
:1063F0001188C91A89B22000F8F76AFF8CE72300D8
:1064000020005C335E301988038800889BB2002826
:1064100000D181E7C91A89B2002900D17CE7EFF3E6
:10642000108785F310882068334E0368334003607B
:1064300087F31088EFF3108785F3108820682F4EBC
:1064400083683340836087F31088230020208C33D7
:106450001860E2666267EFF3108085F310881025FC
:1064600022681368AB43136080F31088022323670C
:10647000C1E780256D032B4206D0460204D52000DB
:106480000D6200F0E7FB47E780210B4207D0802533
:106490002D0411402840014301D0A36FB1E64021F3
:1064A0000B4216D00A4214D0EFF31080012383F37D
:1064B0001088226813688B43136080F310882300D0
:1064C000202288331A6000232000A367FFF74AFECA
:1064D00022E7190214D5510012D5200000F0BCFBB0
:1064E0001AE7C0460F080000010000102001000458
:1064F000C1610108FFFEFFFFDFFEFFFFFEFFFFEFB0
:10650000DB0100D408E7002A00DB05E7200000F0EB
:10651000A2FB01E70123806A10B50367C36E012B5C
:1065200006D103005C3319884908F8F7D1FE10BD85
:10653000FFF71AFEFBE7000003001B6820221B6820
:1065400070B51900806A1140134234D103005E33E4
:106550001980EFF31085012383F3108804681D4E22
:1065600021683140216085F31088EFF3108583F3B3
:1065700010880468A1689943A16085F31088EFF33F
:10658000108483F31088402501688B68AB438B60CF
:1065900084F3108803008C331A60C36E012B0AD178
:1065A000EFF3108183F31088102402681368A3436B
:1065B000136081F3108800230367C36E012B05D19C
:1065C00003005C331988F8F783FE70BDFFF7CBFD3D
:1065D000FBE7C046FFFEFFFFF8B504002569A2688F
:1065E00023682A4365691968C0692A43734D0243C9
:1065F00029400A431A605A687149A5690A40E1684E
:106600000A4370495A608B4201D0226A15439A6846
:106610006D4E32402A430F259A60DA6AAA43656AB2
:106620002A43DA62694A934225D1694B5A6D0323A2
:106630001A4080231B02022A00D1BBE0032A00D1AA
:10664000B2E0012A00D1A8E0984200D17DE0FFF736
:1066500023F9002845D0626A5E4B5200D15AF1F707
:1066600065FD65686B08C0182900F1F75FFD020041
:10667000594B103A64E0594A934212D10C22544BC0
:106680005B6D1340082B00D192E005D8002B00D0A1
:1066900081E080231B02D7E70C2B00D182E0012090
:1066A00020E04F4A9342F4D04E4A9342F1D08B42BD
:1066B000F5D1C0228021464B12015B6D09011340C8
:1066C0008B4215D004D8002B07D1FFF7E5F806E080
:1066D0009342E4D1802636020BE0FEF7EFFF061E60
:1066E00007D10020404BA36600236367A367F8BD72
:1066F0003E4E626A374B5200D75A30003900F1F7EC
:1067000015FD032365686B438342C8D82B0383427E
:10671000C5D300233A0030001900F1F7F5FE002739
:10672000060E0B02334302026E0892197B411000E1
:1067300019002A003B00F1F7E7FE2D4BC2182D4B44
:106740009A42ACD82368D860CBE7FFF7A5F80028B9
:10675000C7D0626A1F4B5200D15AF1F7E7FC656857
:1067600040006B08C0182900F1F7E0FC02001A4B4A
:10677000103A9A4200D992E70F23020000079A4389
:1067800093B2400F22680343D360AAE71748E0E7BB
:10679000FEF794FF5DE780231B029842F8D1FEF7D5
:1067A0008DFFD4E780231B029842D2D0180052E715
:1067B00080231B029842E9D00C484CE7F369FFCFD5
:1067C000FFCFFFFF00800040FFF4FF1100380140C1
:1067D000001002409E8E0108EFFF000000440040C0
:1067E00000480040004C0040010001000024F4007B
:1067F00000FDFFFFFFFC0F00836A30B5DA0706D506
:106800000168284C4A682240C46A22434A609A07B9
:1068100006D50168244C4A682240046B22434A6032
:106820005A0706D50168214C4A682240446B22432E
:106830004A601A0706D501681D4C4A682240846BDD
:1068400022434A60DA0606D501681A4C8A6822405B
:10685000C46B22438A609A0606D50168164C8A6882
:106860002240046C22438A605A0610D50168134DF9
:106870004A68446C2A4022434A6080225203944270
:1068800005D14A680E4C2240846C22434A601B06A4
:1068900006D502680B4953680B40C16C0B4353602B
:1068A00030BDC046FFFFFDFFFFFFFEFFFFFFFBFF08
:1068B000FF7FFFFFFFEFFFFFFFDFFFFFFFFFEFFFA8
:1068C000FFFF9FFFFFFFF7FFF8B504000D00170063
:1068D0001E002268D3692B405B1B59424B41BB42CF
:1068E00001D0002029E0069B0133F3D0FEF722F906
:1068F000069B801B984201D8002B1FD1EFF310801C
:10690000012282F310882168204D0B682B400B6018
:1069100080F31088EFF3108082F3108821688B6871
:1069200093438B6080F3108823001F3288331A60F2
:106930005A600023032084342370F8BD23681A684A
:106940005207C6D58022D96912011142C1D01A62FC
:10695000EFF31080012282F3108821680B4D0B6841
:106960002B400B6080F31088EFF3108082F31088C7
:1069700021688B6893438B6080F31088220020236A
:106980008832136053609360D3E7C0465FFEFFFF19
:10699000F0B51700020087B0883205931368040031
:1069A0000D000220202B45D10138002942D0002FB4
:1069B00040D08023A1685B01994204D12369002B58
:1069C00001D1054236D12300002690331E602123D9
:1069D0001360FEF7AFF8230054331F800233039394
:1069E0001F808023A26804905B019A4204D123692E
:1069F000B34201D12E001D00230056331B889AB2EA
:106A0000002B0CD1059B402100932000049BFFF735
:106A10005BFF00280DD12023883423600AE0059B0A
:106A20000022009380212000049BFFF74DFF0028E7
:106A300002D0032007B0F0BD2268002D0BD13388AF
:106A40000236DB05DB0D9362039B039A1B88013B37
:106A50009BB21380D0E72B7801359362F4E70000F6
:106A6000030073B50026040090331E60FEF762F841
:106A7000236805001B681B0719D423681B685B0784
:106A80000AD58021104B0022009320002B00C9035F
:106A9000FFF71AFF002815D122000020202388329A
:106AA00013605360E0662067843420700BE080211F
:106AB000054B32000093890303002000FFF704FF19
:106AC0000028DAD0032076BDFFFFFF01F8B51300E0
:106AD0000200060005005C3281650F001380222150
:106AE000002290368C3532602960011D0400C86F89
:106AF000904213D01D498263C1621D493A0001636F
:106B00001C49416321682431FEF710F9002805D0A3
:106B1000102301203360DB182B60F8BD2369002BA4
:106B20000BD0EFF31081012383F310882268FF3329
:106B300010680343136081F31088EFF31080012382
:106B400083F3108821688A681A438A6080F310886A
:106B5000EFF3108183F3108822683F33906803437A
:106B6000936081F310880020D7E7C046396501089B
:106B7000156501086D610108F7B50700436E040053
:106B80006A37002B04D10120388068342080F7BD9B
:106B900003680B4E9A689B680A4D5B0FF05CE95CDA
:106BA000C0000192F1F74CFB019B38801B015B0F89
:106BB000F05CE95CC000F1F743FB80B2E5E7C0465A
:106BC000BE8E0108B68E0108F7B504000E001D0048
:106BD0000192002801D10120FEBD070088373B68E3
:106BE000002B04D1020084321370F9F717FE24231E
:106BF000012122683B60136820008B431360FFF77C
:106C0000EBFC0128E7D0A36A002B02D02000FFF79D
:106C1000F3FD80222368D20199682D040A439A600B
:106C20009A680A4920000A4032439A60019A510545
:106C30000D431A6806490A40154301221D60196870
:106C40000A431A60FFF70CFFC6E7C046FF7FFFFF4D
:106C5000FFFF00FC704770477047000070B50400EC
:106C60008434227803000220012A11D01D0024223E
:106C7000012688352A601A6811681068B0431060D0
:106C80000448014000205866202311602B602070CA
:106C900070BDC046FFFFFFDFF8B5050084350B006F
:106CA00029780222012915D00600012104688836BE
:106CB00022323260276822688A432260A168C900B4
:106CC000C9081943A160FFF757FF2023002227605E
:106CD00033602A701000F8BDF8B5050084350A004D
:106CE00029780223012915D006000121046888367D
:106CF00022333360276823688B432360A168064BE7
:106D000019401143A160FFF737FF2023276033604C
:106D100000232B701800F8BDFFFFFFF103008C3338
:106D20001B6870B504000220202B02D1002901D17C
:106D3000012070BD002AFBD08020A56801234001FE
:106D4000854204D12069002801D11942F0D1E366BF
:106D5000002320002367FFF7B9FE0028E9D1E26E87
:106D6000012AE5D1102321680B62EFF3108182F331
:106D70001088226814682343136081F31088D8E7D1
:106D800010B5034B0100186800F030F810BDC04684
:106D90005402002010B5034B0100186800F0EEFC0F
:106DA00010BDC0465402002070B50F4E0D00316872
:106DB0000400002902D100F00DFC30602900200001
:106DC00000F008FC431C03D101256D42280070BD72
:106DD0000323C51C9D43A842F8D0291A200000F0C7
:106DE000F9FB0130F2D1EFE708680020F7B5032284
:106DF000CB1C9343083305001F000C2B34D20C2707
:106E0000B94233D8280000F071F8374E33681C00BF
:106E1000002C2FD139002800FFF7C6FF0400431CC7
:106E20005FD134680094009B002B4AD1002C52D0D3
:106E300023682800E3180099019300F0CBFB019B25
:106E4000834248D123682800FF1A3900FFF7ACFFBE
:106E5000013040D02368DB19236033685A68002A68
:106E600033D1009B336019E0002BC9DA0C232B606F
:106E70000020FEBD2168C91B20D40B290AD9E219C4
:106E80002760A34204D1326063681160536005E05B
:106E90005A60F9E76268A3420ED13260280000F020
:106EA0002DF8200007220B30231D9043C21A984270
:106EB000DFD01B1AA350DCE75A60EFE723006468B9
:106EC000A6E7009C63680093ADE71A005B68A342E5
:106ED000FBD10023DAE70C2328002B6000F00EF82A
:106EE000C6E70760DAE7C0460C68002010B5024824
:106EF00000F0C1FB10BDC0465069002010B502482B
:106F000000F0BAFB10BDC04650690020114B70B5AF
:106F10001D6804002B6B002B16D11820FFF730FFE3
:106F2000021E286304D146210B4B0C4800F008FCDC
:106F30000B4B002103600B4B43600B4B83600B2317
:106F4000838101201061516100222B6B1C615A6109
:106F500070BDC04654020020BF8D0108D68D0108C7
:106F60000E33CDAB34126DE6ECDE0500164B10B5DA
:106F70001C68236B002B16D11820FFF701FF021E9F
:106F8000206304D15221114B114800F0D9FB114B61
:106F900000210360104B4360104B83600B238381FF
:106FA000012010615161246B0D4A206961690D4B0C
:106FB000F1F7CAFA0122002380185941206161616A
:106FC0004800400810BDC04654020020BF8D010893
:106FD000D68D01080E33CDAB34126DE6ECDE050024
:106FE0002D7F954C2DF4515830B50024022B09D03B
:106FF000920803590D59013A05510B510434002AE6
:10700000F7DC30BD035D0D5D05550B550134131BD9
:10701000002BF7DCF5E7F8B50F00160004001D00A3
:107020009847310000280DDA3800A847002802DA16
:107030003C002000F8BD31002000A8470028F8DA05
:107040003400F6E73800A8470028F1DC31002000C2
:10705000A8470028F4DAECE7F0B599B00090039364
:10706000009B170013430222080001929B0704D1E2
:107070003B1F1A00531E9A410192002304933C00C7
:10708000009B4443DB190293009B1B1906930628BF
:1070900028D8029B069A93420CD3049B002B00D065
:1070A00020E119B0F0BD3A0029002000019BFFF754
:1070B0009BFF0FE0029C0EE0E51B21002800039BD4
:1070C000984700280ADD019B002BECD123682A6831
:1070D00022602B602C00009BA342EDD3029BDB19A6
:1070E0000293D6E746087E43009BE41B9E191C19B9
:1070F000072821D022000593282817D9C5087D43E9
:1071000059194A19039B0098FFF785FF310072193E
:10711000039B0590701BFFF77EFF06006800201A96
:107120002200039B4119FFF776FF02003100039B09
:107130000598FFF770FF0600019B002B23D1009BF1
:1071400032681B6800990A60336000232600029DA4
:1071500007930595A54233D828000099039B9847CB
:1071600000282BDC0DD1019B002B13D1059B2A6835
:107170001B6805990A602B60059BDB1905930123A9
:107180000793ED19E6E73A003100019B0098FFF7FD
:107190002BFFDAE73A002900019B0598FFF724FF4F
:1071A000EAE7002809D1019B002B13D1236832683C
:1071B000226033600123F61B0793E41BAC4210D21C
:1071C000079B002B40D1029B069A934200D364E7B1
:1071D000029C32E03A0031002000019BFFF704FFDF
:1071E000E8E720000099039B98470028D9DA019B23
:1071F000002B05D12B6822682A602360E41BBEE7C0
:107200003A0021002800019BFFF7EEFEF6E73A0066
:1072100029002000019BFFF7E7FE0DE0E51B2100A0
:107220002800039B984700280ADD019B002BEED124
:1072300023682A6822602B602C00009BA342EDD3B8
:10724000029BDB190293BEE7059B009AEB1A02939F
:10725000059B9A1A029B9A4200DD1A00002A04D06C
:10726000019B0098A91AFFF7BFFE069B341B9A1BCF
:10727000D21BA24200D92200002A05D0069B28007A
:10728000991A019BFFF7B0FE069B029E1D1BB4429C
:1072900005D8230034001E002B00009D0093BE4241
:1072A0002BD9049B072B11D808AADB009D5039006D
:1072B0009B1820001D00F0F739FF049B6860013324
:1072C000390030000493F0F731FFD8E63900300080
:1072D000F0F72CFF3A000100039B0098FFF7BCFE7B
:1072E000BC420DD8049B08AA013B0493DB009A58CA
:1072F000009208AA9B185868C1E6BC4200D8CCE6A8
:1073000039002000F0F712FF0095B8E6002310B511
:10731000040003604360836081814366C28103612E
:1073200043618361190008225C3000F011F90B4BB6
:10733000246263620A4BA3620A4BE3620A4B236333
:107340000A4B9C4205D00A4B9C4202D0094B9C42FE
:1073500003D12000583000F08DF910BD957401085C
:10736000BD740108F574010821750108106800203A
:1073700078680020E068002010B5034A03490448FB
:1073800000F06CF810BDC046480200201D790108CD
:107390005802002041680B4B10B50400994201D0FF
:1073A00000F0BCFAA168084B994202D0200000F01E
:1073B000B5FAE168054B994202D0200000F0AEFA20
:1073C00010BDC0461068002078680020E0680020EA
:1073D00010B5094B094A04211A6009480022FFF739
:1073E00095FF012209210748FFF790FF0222122191
:1073F0000548FFF78BFF10BD48690020797301082D
:107400001068002078680020E068002010B502486D
:1074100000F031F910BDC0465169002010B5024896
:1074200000F02AF910BDC0465169002010B50400D3
:10743000FFF7ECFF236A002B02D0FFF7EFFF10BD30
:10744000044B2362044B1B68002BF6D1FFF7C0FFEF
:10745000F3E7C0469573010848690020F7B51400AA
:10746000002600900191A5686768013F04D5246853
:10747000002CF8D13000FEBDAB89012B08D90E22BB
:10748000AB5E013304D029000098019B9847064366
:107490006835EAE770B50C000E25495F00F086F804
:1074A000002803DB636D1B18636570BDA389024A66
:1074B0001340A381F9E7C046FFEFFFFFF8B51F00B7
:1074C0008B8905000C001600DB0505D50E23C95E6F
:1074D0000022022300F056F8A389054A2800134031
:1074E000A38132000E23E15E3B0000F085F8F8BD79
:1074F000FFEFFFFF70B50C000E25495F00F042F86A
:10750000A389421C03D1054A1340A38170BD802288
:1075100052011343A3816065F8E7C046FFEFFFFF08
:1075200010B50E23C95E00F01BF810BD10B58842DF
:1075300002D98B18984208D300239A4207D0CC5C1A
:10754000C4540133F9E78B5C8354013AFBD210BD7C
:1075500003008218934200D1704719700133F9E794
:10756000002370B5064D040008002B60F9F7C6FC37
:10757000431C03D12B68002B00D0236070BDC04694
:107580004C69002070B50400080011001A000023A7
:10759000054D2B60F9F7BCFC431C03D12B68002B75
:1075A00000D0236070BDC0464C69002070B5040057
:1075B000080011001A000023054D2B60F9F784FC28
:1075C000431C03D12B68002B00D0236070BDC04644
:1075D0004C690020002370B5064D040008002B60A4
:1075E000F9F798FC431C03D12B68002B00D02360D3
:1075F00070BDC0464C69002070B504000800110041
:107600001A000023054D2B60F9F76BFC431C03D1D6
:107610002B68002B00D0236070BDC0464C69002051
:10762000014B18687047C0465402002070B5002610
:107630000C4C0D4D641BA410A64209D1002601F08C
:10764000F3FA0A4C0A4D641BA410A64205D170BD82
:10765000B300EB5898470136EEE7B300EB58984774
:107660000136F2E7108F0108108F0108148F01080E
:10767000108F0108704770477047002310B59A4279
:1076800000D110BDCC5CC4540133F8E7F8B50D004F
:1076900017006B00274A5B0D9A180E0004000100CA
:1076A000132A21DC002A07DA0022EE0FF3073A60E2
:1076B0007B6029002000F8BD1F48104103002B40CB
:1076C000234305D1F60F3C607D601C00F507F0E711
:1076D000864300223300200029003A607B60F3F7E4
:1076E0007DFB04000D00E4E7332A15DD29003C6032
:1076F0007D6000F04FF900280AD122002B00200005
:107700002900F2F785F804000D003C607D60D0E7A9
:10771000EE0F0024F507CCE70120084A40429B18F1
:10772000D840030023402042CCD081432B000A00E4
:10773000D1E7C04601FCFFFFFFFF0F00EDFBFFFF9D
:107740007FB514001A00094B05001B680E00D868AD
:10775000074B002C01D1074B1C00074901930294F1
:107760002B00009600F006F900F044F954020020C6
:107770002E8E0108698E01083B8E010870B5050048
:107780000C1E10D0043C2368002B00DAE4182800FB
:10779000FFF7ACFB1D4A1368002B05D16360146032
:1077A0002800FFF7ABFB70BDA34208D92068211861
:1077B0008B42F3D119685B6809182160EEE71A0063
:1077C0005B68002B01D0A342F9D911685018A04280
:1077D0000BD120680918501811608342E0D1186855
:1077E0005B68411811605360DAE7A04202D90C23AC
:1077F0002B60D5E7206821188B4203D119685B689C
:107800000918216063605460CAE7C0460C68002014
:10781000F7B50C228B5E05000C001A0756D44A6897
:10782000002A02DC0A6C002A4EDDE76A002F4BD0EA
:10783000002280202E682A601A004001216A02403E
:10784000034233D0626DA3895B0706D56368D21A01
:10785000636B002B01D0236CD21A00232800E76A47
:10786000216AB847A289431C06D129681D2946D838
:10787000294BCB40DB0742D500236360236923609B
:10788000D20405D5431C02D12B68002B00D16065C2
:10789000616B2E60002917D023004433994202D037
:1078A0002800FFF76BFF002363630DE0012328002E
:1078B000B8470200431CC6D12B68002BC3D01D2B38
:1078C00001D0162B1AD12E6000201EE00E69002E6A
:1078D000FAD00F680E60BA1B019200229B0700D1FC
:1078E0004A69A260019B002BEEDDA36A32001F00F3
:1078F0002800019B216AB847002807DCA2894023A1
:10790000012013431BB2A3814042FEBD019B3618E8
:107910001B1A0193E6E7C046010040200B6970B5D1
:1079200005000C00002B02D10025280070BD0028A6
:1079300004D0036A002B01D1FFF778FD0C22A35E6F
:10794000002BF1D0626ED20704D49B0502D4A06D47
:10795000FFF791FE28002100FFF75AFF636E050034
:10796000DB07E2D4A3899B05DFD4A06DFFF784FE7B
:10797000DBE700000EB417B5054C05AB04CB0100E6
:107980002068019300F064F81EBC08BC03B01847DF
:10799000540200200B0070B50400020001001C43DB
:1079A0000220002C06D080200006834203D14B1E0B
:1079B0009941881C70BD0C48590049080B4C0E18A1
:1079C0000420A642F6D9802401386403A342F1D3EF
:1079D00080252D065D19A542ECD3054C0020A1425F
:1079E000E8D150425041E5E70000F0FFFFFFDF7FA4
:1079F0000000F07F062010B500F08CFB0120F9F7A5
:107A00005DFA936810B5013B9360002B04DA94692A
:107A1000A34207DB0A2905D01368581C10601970AF
:107A2000080010BD00F0ACFA0100F9E7F8B5060057
:107A30000F001400D518AC4201D1002007E02178D6
:107A40003A003000FFF7DDFF0134431CF3D1F8BDED
:107A5000F0B5A1B00F0015001E000390002804D05F
:107A6000036A002B01D1FFF7E1FC7B6EDB0705D435
:107A7000BB899B0502D4B86DFFF7FDFDBB891B07D1
:107A800002D53B69002B13D13900039800F0BAFAF4
:107A900000280DD07B6EDB0703D50120404221B0CA
:107AA000F0BDBB899B05F8D4B86DFFF7E5FDF4E7A1
:107AB000002308AC6361203363761033A376079606
:107AC0002E003378002B01D0252B48D1731B059352
:107AD000AE420BD02A0039000398FFF7A7FF013010
:107AE00000D1AEE06369059A9B1863613378002B7F
:107AF00000D1A6E0012200235242626004A9543260
:107B00005218751C2360E360A3601370A365594B82
:107B1000052218002978059300F01CFB6E1C002834
:107B20001FD12268D30604D5532304A95B18202152
:107B30001970130704D5532304A95B182B2119705E
:107B40002B782A2B16D02E0000210A20E3683278E9
:107B5000751C303A092A50D9002911D117E0013695
:107B6000AFE7059B2268C01A012383401343350009
:107B70002360CCE7079B191D1B680791002B01DBD5
:107B80000B9304E05B42E3600223134323603378EA
:107B90002E2B0CD173782A2B34D1079B02361A1D59
:107BA0001B680792002B01DA01235B420993324DD7
:107BB00003222800317800F0CDFA002806D04023B7
:107BC000401B83402268013613432360317806222C
:107BD0002A48751C217600F0BDFA002840D0284BB9
:107BE000002B22D10722079B0733934308330793C7
:107BF0006369049A9B18636162E743432E00012185
:107C00009B18A4E700230A2019000136636032782C
:107C1000751C303A092A03D9002BC8D00991C6E750
:107C200041432E0001238918F1E707AA00922100A1
:107C30003A00144B039800E000BF0490049B01330A
:107C4000D6D17B6EDB0705D4BB899B0502D4B86D0A
:107C5000FFF712FDBB895B0600D51EE70D981EE7F6
:107C600007AA009221003A00064B039800F07CF826
:107C7000E3E7C0466A8E0108708E0108748E010821
:107C8000000000002D7A0108F7B5160001938A68FC
:107C90000B690C000090934200DA1300220033605D
:107CA00043321278002A01D00133336023689B06E7
:107CB00002D53368023333602268062315001D4065
:107CC0001A4227D0230043331B785A1E934122685F
:107CD000920630D4220001990098089D4332A847AB
:107CE000013025D00622236800251340042B05D13E
:107CF0003368E568ED1AEB43DB171D40A368226982
:107D0000934201DD9B1AED180026B54220D10020D8
:107D100010E00135E36832689B1AAB42D2DD2200E5
:107D2000012301990098089F1932B8470130F0D11A
:107D300001204042FEBD3020E1184331087021008F
:107D40005A1C45310978A218433202331170C1E739
:107D50002200012301990098089F1A32B847013088
:107D6000E6D00136D1E70000F0B58BB006920A00EC
:107D700043320793059003920A7E0C00109B782AE9
:107D800009D8622A0BD8002A00D1BAE07A490491B6
:107D9000582A00D18EE0250042352A7022E01000DA
:107DA00063381528F7D8F0F7B7F916001F00F6FF6B
:107DB000F6FFF6FFF6FF1F00F6FFF6FFF6FFF6FFF1
:107DC0009F0036007E00F6FFF6FFB000F6FF36009B
:107DD000F6FFF6FF820025001A684235111D196072
:107DE00013682B7001239EE018680968021D0D06B8
:107DF0000BD506681A60002E03DA2D23039A76420B
:107E000013705D4B0A27049318E006681A60490650
:107E1000F1D536B2EFE70868196840C9050602D403
:107E2000400600D5B6B21960534B0A2704936F2A57
:107E300000D1023F2300002243331A706368A3601D
:107E4000002B06DB04212268039D8A432260334312
:107E50000CD0039D30003900F0F7EEF9049B013D92
:107E60005B5C2B70330006009F42F3D9082F09D1C9
:107E70002368DB0706D5626823699A4202DC302357
:107E8000013D2B70039B5B1B2361079B210000932B
:107E90000598069B09AAFFF7F7FE013048D101209B
:107EA00040420BB0F0BD202209680A4322607822CC
:107EB00032490491210045310A701968226840C98D
:107EC000100602D4500600D5B6B21960D30702D509
:107ED000202313432360002E01D01027AAE720227D
:107EE000236893432360F8E71A680D68101D4969F9
:107EF000186013682E0601D5196002E06D06FBD5E7
:107F000019800023039D2361BFE71A68111D1960C2
:107F1000156800212800626800F01CF9002801D0D3
:107F2000401B6060636823610023039A1370ACE711
:107F30002A00236906990598079DA8470130AED00D
:107F400023689B0715D4099BE0689842A9DA1800BA
:107F5000A7E72200012306990598079E1932B0472A
:107F600001309CD00135E368099A9B1AAB42F0DCE2
:107F7000E9E70025F7E7C0467B8E01088C8E0108F3
:107F8000F8B506000D001400002804D0036A002B89
:107F900001D1FFF74BFAA369A360A3891B0702D5A0
:107FA0002369002B09D12100300000F02BF80028B4
:107FB00003D001256D422800F8BD23692068EFB287
:107FC000C01A6369EDB2834205DC21003000FFF77F
:107FD000A5FC0028EDD1A3680130013BA360236814
:107FE0005A1C22601F706369834204D0A389DB0797
:107FF000E1D50A2DDFD121003000FFF78FFC0028EA
:10800000D9D0D6E72D4B70B5050018680C000028B4
:1080100004D0036A002B01D1FFF708FA0C22A35EFB
:108020001A0723D4DA0607D409222A604022012045
:108030001343A38140423AE05B0713D5616B0029EB
:1080400008D023004433994202D02800FFF796FB62
:10805000002363632422A3899343A38100236360E5
:10806000236923600823A2891343A3812369002B7A
:108070000BD1A0218022A389890092000B4093425A
:1080800003D02100280000F09BF80C22A35E012100
:108090001A000A400B420BD00022A26062695242D1
:1080A000A26100202269824201D11A06BED470BDAD
:1080B000990700D46269A260F3E7C0465402002029
:1080C00070B504000D001F2904D916230360012098
:1080D000404270BDC36B002B04D08A009B181A6805
:1080E000002A08D1200000F031F82A000100200009
:1080F00000F01AF8EDE7012A09D0511C03D116232C
:1081000003600120E5E70021280019609047002066
:10811000DFE7000010B5034B01001868FFF7D0FF40
:1081200010BDC04654020020002370B5064D040067
:10813000080011002B60F8F7B9FE431C03D12B682F
:10814000002B00D0236070BD4C69002010B5F8F7FB
:10815000ABFE10BDC9B28218904201D10020704719
:1081600003788B42FBD00130F6E7000070B50E00BB
:108170001D000E23C95E140096B000290CDAB289E6
:108180008023110019401A4214D18023DB00002003
:108190002960236016B070BD6A4600F053F80028CD
:1081A000EDDBF02301991B021940044BC9184B4227
:1081B0005941EAE700214023E9E7C04600E0FFFF1C
:1081C000F0B502268B8905000C0085B0334207D03C
:1081D00023004733236023610123636105B0F0BDB1
:1081E00003AB02AAFFF7C2FF029F019039002800EB
:1081F000FEF7FCFD002808D10C22A35E9A05EDD401
:10820000032293431E43A681E2E78023A2892060D4
:108210001343A381039B20616761002B0CD02800CE
:108220000E23E15E00F020F8002805D00323A28988
:108230009A43023B1343A381A389019A1343A38169
:10824000CCE70000002370B5064D040008001100C3
:108250002B60F8F756FE431C03D12B68002B00D08F
:10826000236070BD4C690020002370B5064D0400EA
:1082700008002B60F8F74AFE431C03D12B68002B43
:1082800000D0236070BDC0464C690020F8B50400E2
:108290000D0000F081F906000F002000290000F019
:1082A00089F800280DD0200029000F4A0F4BF0F765
:1082B000DDF8002808D0FFF7B3F9222300260C4F81
:1082C000036030003900F8BD20002900094A0A4B3C
:1082D000F0F7B8F80028F4D0FFF7A2F9222300261F
:1082E00000270360EDE7C046EF39FAFE422E8640D4
:1082F0000000F07F51302DD5104987C0F8B504003B
:108300000D0000F0B1FA220006000F002B00200043
:108310002900F3F76DF9002815D100220023200071
:108320002900F0F7A3F800280DD100220023200037
:108330002900F0F781F8002808D0FFF771F922230F
:108340000026074F036030003900F8BDFFF768F9D9
:1083500021230360034800F035F806000F00F2E720
:108360000000F0FF698E0108F8B504000D0000F070
:108370002FF8220006000F002B0020002900F3F741
:1083800037F9002813D10022002320002900F0F73C
:1083900059F800280BD0FFF743F92123002203608E
:1083A000002310001900F1F7F9FD06000F0030005E
:1083B0003900F8BD024B48004008C018C00F704794
:1083C00000001080002001497047C0460000F87F7F
:1083D000F0B50A000D006B4904000300080087B0E7
:1083E0002840884211D122002B0020002900F2F7FA
:1083F0000FFA02000B0020002900F1F709FA04002F
:108400000D002000290007B0F0BD002D11DC69002F
:1084100049082143F5D00020854210D022002B00CE
:1084200020002900F2F7DAFC02000B00F1F7B6FD9C
:10843000E5E7281515D180240021640307E0DA0A56
:1084400015385B05002AFAD0F5E7520001312242C7
:10845000FBD04C1E001B20241D00641AE5408B40FD
:108460002A434949120344188021120B490311433E
:10847000C00703D4DA0F490051185B0000256210D1
:10848000490080240592DA0F5218162029005B005B
:10849000A4030E19964202DC3119921B2D19DE0F2E
:1084A0005200013892195B0064080028F1D120269F
:1084B0008027040004963F063E18B4468A4202DC38
:1084C00014D19E4212D860466646C0190091002E13
:1084D00003DAC643F60F8E190096521A6345894196
:1084E0004942521A61465B1A0099E419DE0F5200A4
:1084F0009219049E5B00013E7F080496002EDBD19A
:108500001A431FD0214E224F306871683A687B6849
:10851000009201933268736802920393009A019B60
:10852000F2F75CFC02000B0002980399EFF794FF4E
:10853000002807D0306871683A687B68671C0CD1E6
:10854000049C0135134A6B109B18059AED076408CB
:10855000120525432800D11851E7F1F759F977683A
:10856000366802000B0030003900EFF76BFF00287F
:1085700004D0023463426341ED18E3E70123013480
:108580009C43DFE70000F07F01FCFFFFD08E010875
:10859000C88E01080000E03FF0B54B000F00CC0F83
:1085A0009149060089B05B088B422ED98F498B42D6
:1085B00011D93B031B0B034306D002003B003000E4
:1085C0003900F1F725F910E0002C00D009E1300066
:1085D000390009B0F0BD3900854A864BEFF746FFF8
:1085E000051E05D0002000F017FB06000F00EEE787
:1085F00030003900804A814BEFF724FF002800D17A
:108600007DE0280000F001FBEFE77D4A934200D8AF
:108610009EE07C4A934272D87B4BE5005B191A6856
:108620005B683900F2F7DAFB784B029003915B1933
:108630001A685B6804920593012363401B1B019336
:10864000049A059B02980399F2F7C8FB06000F00F5
:1086500032003B0030003900F2F7DAF804000D0078
:108660006B4A6C4BF2F7D4F86B4A6C4BF2F7B6FBE3
:1086700022002B00F2F7CCF8694A6A4BF1F7C8F8F0
:1086800022002B00F2F7C4F8674A684BF2F7A6FB0A
:1086900022002B00F2F7BCF8654A664BF1F7B8F8F8
:1086A00022002B00F2F7B4F802000B003000390072
:1086B000F2F794FB0B00020004000D0030003900BB
:1086C000F2F7A6F8019B06900791002B56D1802364
:1086D000002220002900DB05F2F780FB02000B00DE
:1086E00006980799F1F75AFC32003B00F2F776FB47
:1086F00002000B0000205049F2F770FB75E74F4B6A
:10870000E4001C194E4A4F4B30003900F2F780F854
:1087100022686368F1F77CF8F2F78CFF0190F2F7BA
:10872000C5FF494A494B04000D00F2F771F80200F9
:108730000B0030003900F2F751FB454A02900391DB
:10874000444B20002900F2F763F80490059177E785
:10875000414A93420DD8414A414B3900F1F758F84C
:108760000022354BEFF782FE002805D00022324B65
:1087700025E7002301936BE7019069E780212B0037
:1087800022000020C905F2F729FB02000B00069821
:108790000799F1F703FC02000B0004980599F2F722
:1087A0001DFB029A039BF2F719FB02000B0000204D
:1087B0002149F2F713FB2B4B019A0D009A4203DB80
:1087C000110506004F1902E7FA2292009446019B18
:1087D000002263441B055918B8235B04F2F718F80C
:1087E00003E700260027F2E6412E8640FFFFEF7FD9
:1087F000EF39FAFE422E864051302DD5104987C000
:10880000422ED63FB1A2F03FE88E0108D88E010873
:10881000D0A4BE726937663EF16BD2C541BDBB3E86
:108820002CDE25AF6A56113F93BDBE166CC1663F64
:108830003E5555555555C53F0000F03FF88E01088F
:10884000FE822B654715F73F0000E0FE422EE63F13
:10885000763C7935EF39EA3DFFFFEF3D9C750088A6
:108860003CE4377E03FCFFFF8023F0B55B030E0082
:108870008DB0994223DA4B005B08034307D10022F5
:1088800000230020B449F1F789FB0DB0F0BD0029A9
:1088900006DA02000B00F2F7A1FA00220023F2E749
:1088A000AE4B0022F1F7B4FF36230E005B42AC4A18
:1088B000964206DD02000B00F0F7AAFFE5E7002371
:1088C000F5E7A84C321512193603A74CD218330B12
:1088D00002931B19802464032340A44C029D5C4036
:1088E0001B159B1825430022009329009F4BF2F78C
:1088F00075FA029B060002331B030F0000221B0BBC
:10890000022B64DC0023EFF797FD002819D0009BB1
:10891000002B00D11CE11800F2F7C8FE944A954BD9
:1089200004000D00F1F774FF934A06000F00934B0B
:1089300020002900F1F76CFF02000B003000390025
:10894000BAE78F4A8F4B30003900F1F761FF020020
:108950000B0000208C49F2F741FA320004000D00B0
:108960003B0030003900F1F753FF0B0002002900F3
:108970002000F1F74DFF009B02900391002B06D1E0
:1089800002000B0030003900F2F728FA7DE700986A
:10899000F2F78CFE764A774B04000D00F1F738FFB2
:1089A000754A00900191754B20002900F1F730FFC6
:1089B00002000B0002980399F2F710FA32003B0014
:1089C000F2F70CFA02000B0000980199DCE7802313
:1089D000DB05F0F71DFF02000B0030003900F1F756
:1089E000DDFA049005910098F2F760FE049A059B69
:1089F0000690079110001900F1F70AFF634A029BE5
:108A00009446634402000B930B0008900991F1F720
:108A1000FFFE04000D005E4A5E4BF1F7F9FE5E4A70
:108A20005E4BF0F7F5FE22002B00F1F7F1FE5C4AF9
:108A30005C4BF0F7EDFE22002B00F1F7E9FE5A4AFD
:108A40005A4BF0F7E5FE089A099BF1F7E1FE584A08
:108A500008900991574B20002900F1F7D9FE564A9A
:108A6000564BF0F7D5FE22002B00F1F7D1FE544A09
:108A7000544BF0F7CDFE22002B00F1F7C9FE0200A7
:108A80000B0008980999F0F7C3FE029A4E4B0400B8
:108A90009B1A0B9A0D001343002B34DD00223A4B36
:108AA00030003900F1F7B4FE32003B00F1F7B0FEC0
:108AB00002000B000290039120002900F0F7A8FEAD
:108AC000049A059BF1F7A4FE009B04000D00002B07
:108AD00006D102000B0002980399F2F77FF94FE7E5
:108AE000234A244B06980799F1F792FE224A0090F8
:108AF000019106980799214BF1F78AFE22002B007D
:108B0000F0F786FE54E702000B0030003900F2F760
:108B100065F9049A059BF1F77BFE009B04000D00AC
:108B2000002B02D102000B002CE7114A114B0698D2
:108B30000799F1F76DFE104A009001910698079988
:108B40000E4BF1F765FE02000B002000290033E711
:108B50000020002199E6C046000050C300005043A9
:108B6000FFFFEF7F01FCFFFF645F09000000F03FA3
:108B70000000E0FE422EE63F763C7935EF39EA3DD3
:108B8000555555555555D53F0000E03F86EBF9FF4B
:108B900044523EDF12F1C23FDE03CB966446C73F2C
:108BA000599322942449D23F935555555555E53F45
:108BB0009FC678D0099AC33FAF788E1DC571CC3F50
:108BC00004FA97999999D93F51B8060070B50D00EC
:108BD00016000400FEF724FD29000660200070BD89
:108BE00037B514001D00002802D0802109065B184B
:108BF00000920193009A019B20002900F1F708FEE2
:108C00002222FFF7E3FF03B030BD802310B500221E
:108C10005B05FFF7E5FF10BDE02310B50022DB0583
:108C2000FFF7DEFF10BD0000F8B5C046F8BC08BC79
:108C30009E467047F8B5C046F8BC08BC9E467047D3
:108C4000A089B0E1E995B23FECC039234A7BC33F2C
:108C50000A68226C787ACD3FB81E85EB51B8DE3FAA
:108C6000000000000000F03F0F9C33A2B437F93F32
:108C70008A1F63EE5A420140A54E401361430640ED
:108C8000EF38454772790940000000003F8000003E
:108C900000000000228D00084E8C0008388C00086F
:108CA000B48C0008388C0008E88C0008388C000868
:108CB000B48C00084E8C00084E8C0008E88C00082C
:108CC000B48C0008248C0008248C0008248C000834
:108CD000F28C00084E8C00084E8C0008388C00087E
:108CE0008E8D0008388C0008E88C0008388C00084D
:108CF0008E8D00084E8C00084E8C0008E88C000811
:108D00008E8D0008248C0008248C0008248C000818
:108D1000D0A100088EA000086CA0000858A0000890
:108D20006CA0000872A100086CA0000858A0000800
:108D30008EA000088EA0000872A1000858A00008AC
:108D400050A0000850A0000850A0000894A10008FE
:108D50000000000000000000000000000000000013
:108D600001000000020000000300000004000000F9
:108D700000000000000000000000000000000000F3
:108D800000000000000000000000000000000000E3
:108D900001000000020000000300000004000000C9
:108DA00006000000070000000800000009000000A5
:108DB00053544D5F31302E31302E333343520052F5
:108DC00045454E54206D616C6C6F63207375636311
:108DD0006565646564002F6275696C642F676E75E4
:108DE0002D746F6F6C732D666F722D73746D3332CB
:108DF0005F31332E332E72656C312E323032343087
:108E00003932362D313731352F7372632F6E6577D6
:108E10006C69622F6E65776C69622F6C6962632F73
:108E20007374646C69622F72616E642E63002C200F
:108E300066756E6374696F6E3A2000617373657254
:108E400074696F6E2022257322206661696C6564E7
:108E50003A2066696C6520222573222C206C696E8D
:108E600065202564257325730A00232D302B2000EF
:108E7000686C4C00656667454647003031323334D4
:108E80003536373839414243444546003031323374
:108E90003435363738396162636465660000010035
:108EA00002000400060008000A000C001000200068
:108EB00040008000000108040204080101010101D2
:108EC000010307010000000059F3F8C21F6EA5015D
:108ED000000000000000F03F763C7935EF39EA3DB4
:108EE000763C7935EF39EABD0000E0FE422EE63FE0
:108EF0000000E0FE422EE6BF000000000000E03F60
:088F0000000000000000E0BFCA
:088F080008F7FE7F01000000E4
:048F1000E5800008F0
:048F1400BD80000814
:108F18000000000000002E400E2DB29DEFFF5840CB
:108F28000000000000002E402100000009000000A1
:108F38000100000000040050200000000004005060
:108F48001000000000080050001000000000005051
:108F5800000800000004005008000000000C005049
:108F68000400000000080050002000000008005025
:108F7800000800000008005000020000000800502F
:108F88000004000000080050000100000004005028
:108F980004000000000C0050010000000000005018
:108FA800040000000000005008000000000C005001
:108FB80000010000000C005000020000000C0050EE
:108FC80040000000000C0050200000000004005089
:108FD8000080000000040050004000000004005021
:108FE80000200000000400500010000000040050A1
:108FF80000080000000400500004000000040050B5
:1090080000020000000400500001000000080050A9
:1090180080000000000800504000000000080050D8
:109028002000000000080050100000000008005058
:10903800080000000008005004000000000800506C
:1090480002000000000800500100000001010000BB
:109058000024F400000000000F00000008000000D9
:109068000000000000003E400000000000406F408B
:1090780000000000000000400000000000C0924016
:10908800000000000000894001000000000100000D
:1090980001000000000000000000000000000000C7
:1090A8000F000000070000000000000000004E4014
:1090B8000000000000005440000000000000F03FE5
:1090C8000000000000F891400000000000E085402A
:1090D8000100000000010000010000000000000085
:1090E8000000000000000000010101000200000073
:1090F8000101000000000000000000000000000066
:109108000000000000C092400000000000488C40B1
:109118000900000009000000010000000F00000025
:1091280000000000003071400000000000D08640C0
:1091380000000000000059400000000000005940F5
:109148000000000000D0864001000000010000007F
:10915800010B0100040000000000000003000000F3
:10916800106800205802002000000000106800204D
:1091780078680020E068002000000000000000007F
:1091880000000000000000000000000000000000D7
:1091980000000000000000000000000000000000C7
:1091A80000000000000000000000000000000000B7
:0491B80000000000B3
:0400000508014A5153
:00000001FF
