:020000040800F2
:1080000000900020F1480108010801080308010858
:108010000000000000000000000000000000000060
:10802000000000000000000000000000050801083A
:10803000000000000000000007080108090801080E
:1080400041490108414901084149010841490108E4
:1080500041490108414901084149010841490108D4
:108060004149010811080108414901084149010835
:1080700041490108414901084149010841490108B4
:108080004149010821080108310801084108010897
:1080900041490108510801086108010841490108E6
:1080A0004149010841490108414901087108010895
:0C80B0004149010841490108414901080B
:1080BC0010B5064C2378002B07D1054B002B02D0B2
:1080CC00044800E000BF0123237010BDB80200205B
:1080DC0000000000C88A0108044B10B5002B03D027
:1080EC000349044800E000BF10BDC046000000007A
:1080FC00BC020020C88A010802B471464908490034
:10810C00095C49008E4402BC7047C04603B47146FA
:10811C00490840004900095E49008E4403BC704781
:10812C00002243088B4274D303098B425FD3030AAA
:10813C008B4244D3030B8B4228D3030C8B420DD3BD
:10814C00FF22090212BA030C8B4202D3121209024B
:10815C0065D0030B8B4219D300E0090AC30B8B4289
:10816C0001D3CB03C01A5241830B8B4201D38B0337
:10817C00C01A5241430B8B4201D34B03C01A5241DC
:10818C00030B8B4201D30B03C01A5241C30A8B421F
:10819C0001D3CB02C01A5241830A8B4201D38B020A
:1081AC00C01A5241430A8B4201D34B02C01A5241AE
:1081BC00030A8B4201D30B02C01A5241CDD2C30920
:1081CC008B4201D3CB01C01A524183098B4201D39C
:1081DC008B01C01A524143098B4201D34B01C01A87
:1081EC00524103098B4201D30B01C01A5241C308FF
:1081FC008B4201D3CB00C01A524183088B4201D36E
:10820C008B00C01A524143088B4201D34B00C01A59
:10821C005241411A00D20146524110467047FFE7C5
:10822C0001B5002000F0F0F802BDC0460029F7D0DF
:10823C0076E7704703460B437FD4002243088B42FA
:10824C0074D303098B425FD3030A8B4244D3030BD1
:10825C008B4228D3030C8B420DD3FF22090212BA96
:10826C00030C8B4202D31212090265D0030B8B4212
:10827C0019D300E0090AC30B8B4201D3CB03C01AFC
:10828C005241830B8B4201D38B03C01A5241430BD7
:10829C008B4201D34B03C01A5241030B8B4201D3C7
:1082AC000B03C01A5241C30A8B4201D3CB02C01A32
:1082BC005241830A8B4201D38B02C01A5241430AAA
:1082CC008B4201D34B02C01A5241030A8B4201D399
:1082DC000B02C01A5241CDD2C3098B4201D3CB0140
:1082EC00C01A524183098B4201D38B01C01A5241EF
:1082FC0043098B4201D34B01C01A524103098B42F3
:10830C0001D30B01C01A5241C3088B4201D3CB00DD
:10831C00C01A524183088B4201D38B00C01A5241C0
:10832C0043088B4201D34B00C01A5241411A00D270
:10833C0001465241104670475DE0CA0F00D04942D9
:10834C00031000D34042534000229C4603098B4249
:10835C002DD3030A8B4212D3FC22890112BA030AD1
:10836C008B420CD3890192118B4208D38901921153
:10837C008B4204D389013AD0921100E08909C309D8
:10838C008B4201D3CB01C01A524183098B4201D3DA
:10839C008B01C01A524143098B4201D34B01C01AC5
:1083AC00524103098B4201D30B01C01A5241C3083D
:1083BC008B4201D3CB00C01A524183088B4201D3AC
:1083CC008B00C01A5241D9D243088B4201D34B00C7
:1083DC00C01A5241411A00D20146634652415B1009
:1083EC00104601D34042002B00D5494270476346EA
:1083FC005B1000D3404201B5002000F005F802BD2F
:10840C000029F8D016E770477047C0468446100024
:10841C0062468C461900634600E0C0461FB502F068
:10842C0083F9002801D40021C8421FBD10B502F009
:10843C00C7F84042013010BD10B502F075F90028A4
:10844C0001DB002010BD012010BDC04610B502F0AC
:10845C006BF9002801DD002010BD012010BDC046C5
:10846C0010B502F0F1F8002801DC002010BD01204D
:10847C0010BDC04610B502F0E7F8002801DA002064
:10848C0010BD012010BDC046844608006146FFE7C0
:10849C001FB500F0FBFC002801D40021C8421FBD11
:1084AC0010B500F083FC4042013010BD10B500F057
:1084BC00EDFC002801DB002010BD012010BDC046E2
:1084CC0010B500F0E3FC002801DD002010BD0120F8
:1084DC0010BDC04610B500F091FC002801DC002056
:1084EC0010BD012010BDC04610B500F087FC00285F
:1084FC0001DA002010BD012010BDC046002B11D1A7
:10850C00002A0FD1002900D1002802D00021C94334
:10851C00080007B4024802A14018029003BDC046EF
:10852C00E9FEFFFF03B4684601B5029800F06AF853
:10853C00019B9E4602B00CBC7047C046F0B5CE46BF
:10854C009946030C9C46130447461B0C1D000E0059
:10855C0061460404240C80B50700100C4B436543A2
:10856C00414360432C0CC01824188C46A34203D9F9
:10857C0080235B029846C444494679435643230CF6
:10858C002D042D0C8919634424046019C918C0BC2E
:10859C00B946B046F0BDC0469E2110B5C905041CB5
:1085AC00FFF7A2FF002803D1201C01F075F810BDC5
:1085BC009E21201CC90500F00BFE01F06DF88023F4
:1085CC001B069C466044F2E770B500220C4B04007D
:1085DC000D00FFF74FFF002804D12000290003F005
:1085EC0023F870BD064B00222000290002F0F0FB9E
:1085FC0003F01AF880231B069C466044F1E7C04642
:10860C000000E041F0B557464E464546DE46E0B523
:10861C0004000D009246994683B08B4230D82DD081
:10862C004946504603F076F929000600200003F075
:10863C0071F9331A9846203B34D49B4653465A461C
:10864C00934042461F00534693401E00AF423BD816
:10865C00AF4200D179E05B46A41BBD41002B00DA90
:10866C0076E0002200230092019301235A469340A6
:10867C000193012342469340009329E08242CFD9D3
:10868C0000220023009201930C9B002B01D01C6054
:10869C005D600098019903B0F0BCBB46B246A94698
:1086AC00A046F0BD42469B4620239B1A5246DA4018
:1086BC00414613004A468A40170042461F43534620
:1086CC0093401E00AF42C3D90022002300920193B5
:1086DC004346002BD8D0FB0772081A4346467B084A
:1086EC000EE0AB4201D1A2420CD8A41A9D4101204C
:1086FC0024196D410021013E24184D41002E06D055
:10870C00AB42EED9013E24196D41002EF8D10098F0
:10871C0001995B4600196941002B24DB2B005A465A
:10872C004446D3402A00E2401C005B461500002B57
:10873C002ADB26009E40330026004746BE4032000E
:10874C00801A9941009001919EE7A342BCD882E720
:10875C004246202300219B1A002200910192012203
:10876C00DA40019285E7424620239B1A2A004646AE
:10877C009A402300F340444613432A00E2401C0075
:10878C005B461500002BD4DA42462F00202326002E
:10879C0097409B1ADE403B003343CDE7F8B54B02C4
:1087AC005A0A94464A00C90FCE46474689464500A8
:1087BC0046022D0E120E80B59909770AC40FB60920
:1087CC00AB1A4C4520D0002B0CDD002A34D10029EB
:1087DC002AD05A1E012B00D18FE0FF2B00D1CDE007
:1087EC0013002FE0002B60D0531B002D00D0EEE0C7
:1087FC00002E00D13EE15C1E012B00D16BE1FF2B62
:10880C0000D1B9E02300E7E0002B00DCA4E0002A53
:10881C0069D0FF2D00D1B1E08022D20411431B2B73
:10882C0000DCE9E02B000536F708FF2B00D1A5E0B2
:10883C007A02520AD8B230E0FF2D00D19EE080229D
:10884C00D204114301201B2B08DC08002022D84045
:10885C00D31A99400B005A1E93411843361A7301D0
:10886C0000D471E0B601B709380003F035F83B00CD
:10887C000538834085424DDDB44E2D1A1E405A07F3
:10888C0068D00F221340042B64D00436730161D5D9
:10889C00681CFE2D54D1FF200022C0051043E407B4
:1088AC002043C0BCB946B046F8BDFE229046681CB9
:1088BC000200404610426BD1002D00D0DDE0002EAE
:1088CC0000D102E10029B3D08022771AD2041742DA
:1088DC0000D136E14C468E1B61D00120164230D1BE
:1088EC000023F708A4E700299ED05A1E012B00D1C3
:1088FC00CAE0FF2B42D0130091E7711A4B0100D450
:10890C00D1E08F01BF09380002F0E6FF3B000538CB
:10891C00834001252022401B0130121A1E00934077
:10892C00C6405A1E93411E4339D0730700D11BE138
:10893C000F2300253340042BA7D1012072017CD5D5
:10894C00C0B2B201520AA8E7730703D00F23334019
:10895C00042B9AD12B0067E7002B23D0531B002D3F
:10896C007BD1002E00D186E05D1E012B00D18BE067
:10897C00FF2B02D02B0075E04C466746002F00D130
:10898C0089E78022D2033A435202FF20520A84E73D
:10899C00771A7B016BD4002F00D065E700240020F0
:1089AC0000227AE7FE226B1C1A4249D1002D00D01E
:1089BC009FE0002E00D1BAE0002900D1CFE0721860
:1089CC00530100D4CDE092010120520A65E7FF2A41
:1089DC00D2D08020C004064301201B2B08DC3000C1
:1089EC002024D840E31A9E4033005C1EA341184358
:1089FC004C4615000E1A32E708002022D840D31A34
:108A0C0099400B005A1E93410343F61873019BD5F2
:108A1C000135FF2D00D13EE701234D49720833404B
:108A2C000A401A431600530704D00F231340042B9B
:108A3C0000D02AE7730100D52AE72B00F708F7E6E8
:108A4C00FF2B00D127E7711849084A072FD00F22B6
:108A5C000A40042A2BD00E1DE6E6FF2A8DD080207A
:108A6C00C00406431B2B24DD13004E1DDCE64C46D4
:108A7C008F1BF9E64C460E00D6E6002E49D1002994
:108A8C0068D067464C467CE77018430174D5304972
:108A9C0040080140430709D00F230340042B05D0A5
:108AAC0002230E1DC0E60123CF08C1E60223CF0826
:108ABC00BEE620253000D840EB1A9E4033005D1EE8
:108ACC00AB41034315005E18A0E7002900D165E710
:108ADC004C466746ACE68F1B7B012ED5BF01BF0908
:108AEC00380002F0F9FE3B00053883404C46013556
:108AFC0010E7002E00D140E7002900D141E7802388
:108B0C00DB039F4200D23CE79C4500D339E7674624
:108B1C0037E7002900D134E78023DB039F4200D2E2
:108B2C002FE79C4500D32CE74C46674629E70029E4
:108B3C0000D134E70023CF087AE64C460123FF0826
:108B4C0076E6002F00D129E7FF0871E6FFFFFFFB57
:108B5C00FFFFFF7D80220024FF20D2039DE600232F
:108B6C0066E60023D70863E60120720100D5E7E62C
:108B7C0031000023CF085BE60123C70858E6C04646
:108B8C00F0B546464F46D6464502C0B5C30F470022
:108B9C0098460E1C6D0A3F0E5BD0FF2F21D0802310
:108BAC00ED00DB041D43002399469A467F3F740277
:108BBC007300640A1B0EF60F002B20D0FF2B43D042
:108BCC0080220020E400D20414437F3B4246FF1A6B
:108BDC004B4672400F2B00D99DE071499B00CB583E
:108BEC009F46002D5AD108239946063B74029A469B
:108BFC007300FF27640A1B0EF60F002BDED1002C2E
:108C0C003BD1012342464946724019430E2918D8DC
:108C1C006448890041588F465346022B00D1B8E076
:108C2C00032B6ED042462C00012B40D10020002497
:108C3C00C0052043D2071043E0BCBA46B146A84653
:108C4C00F0BDFF200024F3E7002C20D10223FF3FCE
:108C5C00D8E7002D05D104239946033B00279A46FB
:108C6C00A5E7280002F038FE7627431F9D4000231D
:108C7C007F4299469A463F1A99E7200002F02CFE53
:108C8C00431F9C4076235B421B1A00209EE7032364
:108C9C004A461A4391460320FC3397E70C23994626
:108CAC00093BFF279A4682E703282CD03200380074
:108CBC007F30002847DD630704D00F232340042BAB
:108CCC0000D00434230103D53800374B80301C40CE
:108CDC00FE28B6DCA401640AC0B2A9E780240022F5
:108CEC00FF20E403A4E78023DB031D4201D01C42D8
:108CFC000BD08024E4032C4364024246FF20640A18
:108D0C0096E746462C008023DB031C4364023200AA
:108D1C00FF20640A8CE76D01600185422DD21B2374
:108D2C000024013F0126290064006D00002901DBAD
:108D3C00854201D32D1A3443013B002BF3D16B1E1A
:108D4C009D412C43B3E701231B1A1B2B00DD6DE760
:108D5C0021009E37D940BC400B00611E8C4123433F
:108D6C00590704D00F211940042900D004335901AC
:108D7C0013D49B0100205C0A5AE71A2301242D1AF4
:108D8C00D0E7981E43425841404232000024C0B202
:108D9C004EE74246FF2000244AE70120002447E723
:108DAC00348B0108748B0108FFFFFFF770B542008C
:108DBC004E024C0045026D0A120EC30F760A240EA9
:108DCC00C90FFF2A10D0FF2C0CD00120A2420AD1CF
:108DDC00B54208D18B420FD0002A04D12800431E83
:108DEC00984100E0012070BD0120FF2CFBD13543E0
:108DFC00F9D14B401800F6E70020F4E730B54200FB
:108E0C0044024D02C30F4800640A120E6D0A000E94
:108E1C00C90FFF2A18D0FF280AD0002A1ED100281B
:108E2C000AD1002D29D0002C2DD14800013830BD9D
:108E3C00002D25D1002A01D1002CF6D08B4219D05F
:108E4C0001205B421843F2E7002C19D1FF28F7D11F
:108E5C00002D15D100208B42F2D1E8E70028EFD08D
:108E6C008B42EDD18242EBDC04DBAC42E8D8002033
:108E7C00AC42DCD258000138D9E7002CD7D0DFE760
:108E8C0002204042D3E78B42DAD1EEE730B5420004
:108E9C0044024D02C30F4800640A120E6D0A000E04
:108EAC00C90FFF2A17D0FF280AD0002A1BD100288F
:108EBC000AD1002D1DD0002C2DD14800013811E015
:108ECC00002D0ED1002A01D1002CF6D08B420CD1F2
:108EDC005800013806E0002C03D1FF2805D1002DE5
:108EEC0015D0022030BD002806D101205B4218436A
:108EFC00F8E7002CF6D0F8E78B42F6D18242F4DC8E
:108F0C00E6DBAC42F1D80020AC42EBD2E0E700202B
:108F1C008B42EAD1E6E78B42E7D1F2E7F0B54F4658
:108F2C004646D6464400C0B546020F1C760A240EAF
:108F3C00C50F002C00D1DAE0FF2C74D08023F60092
:108F4C00DB041E43002399469A467F3C7B025B0A56
:108F5C0098467B001B0EFF0F002B74D0FF2B00D10B
:108F6C008EE042468021D200C90411437F3B2A0087
:108F7C00E4184B467A408846D2B20A2B75DC4B4635
:108F8C000020022B0FDD494601238B40A621C9008E
:108F9C000B4269D1902189000B4200D000E188215D
:108FAC00194200D0F5E041460904090C434608007B
:108FBC00350C36041B0C360C704369435E435D4321
:108FCC007618030C9B19994203D9802149028C46CF
:108FDC00654400041904000C09188E01701E8641AA
:108FEC001B0C890E5B190E439B011E431B016CD499
:108FFC0023007F33002B00DCB1E0150071070BD090
:10900C000F2021003040042806D00436320103D54D
:10901C006E4B1E400B008033FE2B00DDBDE0B20119
:10902C00520ADBB248E0002E00D092E008239946A9
:10903C00063B9A467B025B0A98467B00FF241B0E7C
:10904C00FF0F002B8AD14246002A64D149460132D7
:10905C00114389460A2908DC7D400120EAB2022925
:10906C0091DC1500002227E015005346022B00D19D
:10907C0093E0032B1AD0012B2CD1002300221BE0F0
:10908C004346FF34002B55D003214B460B431900AC
:10909C000A2B00DC92E00F2B00D08CE08022D20354
:1090AC00164203D04346134200D17DE08022D20306
:1090BC0032435202520AFF23D805ED0710432843CE
:1090CC00E0BCBA46B146A846F0BD012315007108B4
:1090DC001E400E4323008033611C002B41DD7207C0
:1090EC0094D00F223240042A00D08EE78EE7002E57
:1090FC0005D104239946033B00249A4626E7300009
:10910C0002F0EAFB7624431F9E40002364429946FA
:10911C009A46241A1AE7404602F0DEFB4B46241A04
:10912C00763C0A2BA1DC4346053883407D409846AB
:10913C00EAB224E74A46023313432A007A40D2B2F9
:10914C000A2B92DC49461500002926D099460220AC
:10915C0019E70C239946093BFF249A46F6E61500BD
:10916C0021000122D31A1B2B00DD86E79E31320031
:10917C008E40DA40731E9E413243530704D00F23B6
:10918C001340042B00D00432530110D501230022CC
:10919C0092E73D004646824667E7FF2300228BE7B5
:1091AC0080220025D20386E73D001A4383E7920113
:1091BC000023520A80E73D00464677E72A00012348
:1091CC007A408B400320D2B2E9E6C046FFFFFFF79E
:1091DC00F8B54746CE46430280B55F0A9B09450069
:1091EC004A009C464B02C40FCE0F2D0E580A120E8D
:1091FC009909FF2A6BD001235E40AB1AB4424BD0C5
:10920C00002B00DCFFE0002A00D188E0FF2D00D10C
:10921C00EFE08022D204114301201B2B08DC080054
:10922C002022D840D31A99400B005A1E9341184360
:10923C0063461B1A9C4663465B0100D4CDE0634633
:10924C009F01BF09380002F047FB3B000538834003
:10925C00854200DCA2E0B74A2D1A1A4094465A0700
:10926C0000D1C3E00F221340042B00D1BEE0042335
:10927C009846C44463465B0100D4B7E0681CFE2DDD
:10928C0000D0A5E0FF200022C0051043E4072043D6
:10929C00C0BCB946B046F8BD002B00DCEBE1002A9F
:1092AC0046D0FF2D00D1A4E08022D20411431B2B09
:1092BC0000DCFBE0052398462B00C4446246D7082B
:1092CC00FF2B00D195E07A02520AD8B2DCE72B00D2
:1092DC00FF3B9946002918D101235E40B44200D1CE
:1092EC00CAE04B46002B2DD0002D00D03CE1FF23D3
:1092FC006446002C00D15FE15D1E012B00D174E1AE
:10930C003400FF2B74D02B0003E1B44200D19CE05D
:10931C00002B17D0002DEAD0070034006CE0002998
:10932C00CCD05A1E012B2BD0FF2B62D0130073E72D
:10933C000029C3D05A1E012B00D11EE1FF2B58D09F
:10934C001300B4E7FE226B1C1A420DD1002D60D025
:10935C006346002B00D020E1002900D028E18022B8
:10936C000024FF20D2038FE763465F1A7B0100D5F0
:10937C00FEE0002F00D065E700240020002283E7E8
:10938C006346591A4B0100D419E18F01BF0938000B
:10939C0002F0A2FA3B000538834001252022401B35
:1093AC000130121A19009340C1405A1E93411943BF
:1093BC008C460B1EE1D05B0700D152E10F23002538
:1093CC000B40042B00D052E701204A0100D492E05C
:1093DC00C0B263469A01520A56E763465B0705D052
:1093EC000F2362461340042B00D040E72B0065E7A7
:1093FC000700002F00D145E78022D2033A435202E6
:10940C00FF20520A40E7002B79D1FE226B1C1A4236
:10941C00AAD16346002B00D1F5E0002900D1D1E0A0
:10942C005F1A8023DB041F4200D10EE16246012447
:10943C008A1A944600203440002A00D124E70120E7
:10944C001A42C6D10023D7083DE7002B17D0002DB8
:10945C0000D0AFE0FF236546002D00D1ADE05E1ECD
:10946C00012B00D189E0FF2BC2D01B2E00DCABE01E
:10947C004B1D9C46130021E74B46002B70D1FE225E
:10948C006B1C1A425ED1002D00D0C3E06346002B4A
:10949C0000D1D0E0002900D194E00A0062445301CD
:1094AC0000D4D8E092010120520AEDE608002022F7
:1094BC00D840D31A99400B005A1E934103439C4445
:1094CC0063465B0189D50135FF2D00D1DAE6624692
:1094DC0001231949134052080A401A4313009446B9
:1094EC005B0704D00F231340042B00D0BFE6634668
:1094FC005B0100D5C2E66346DF082B00E3E6531B95
:10950C00002D00D1F4E680206446C0040443A44638
:10951C00340001201B2B09DC20256046D840EB1AB7
:10952C0065469D402B005D1EAB4118430B1A9C46B3
:10953C00150080E6FFFFFFFBFFFFFF7DFE226B1C8B
:10954C001342A3D0FF2B00D19CE6614449084A0783
:10955C0049D00F220A40042A45D00A1D9446ADE694
:10956C00002D00D176E78DE63400FF2000228BE63B
:10957C0063460124CF1A344064E661444B016DD537
:10958C0048084449014043072CD00F230340042BC7
:10959C0028D00B1D9C46022390E6002900D12BE716
:1095AC008023DB039F4200D226E7984200D323E7B7
:1095BC000124344007001FE734008C467EE601236B
:1095CC00CF0880E600237EE620206546801B854080
:1095DC0063462800F340451EA84103439C461500F2
:1095EC008C446DE70223CF086DE60F1B7B0128D559
:1095FC00BF01BF09380002F06FF93B00053883400A
:10960C0034000125CAE6002900D1B5E60124070083
:10961C00344058E66346002B00D1E9E6002900D11E
:10962C00EAE68023DB039F4200D2E5E6984200D3B2
:10963C00E2E60700E0E6002900D19EE60023CF0811
:10964C0041E634000123FF083DE6002F00D193E6EC
:10965C000023FF0837E60023D70834E60123CF08A0
:10966C0031E680220B00D20401201340114200D0BD
:10967C00AEE6CF0827E6002B00D15FE7561B002D86
:10968C0001D13300E7E680236046DB0418438446AF
:10969C00EBE6C046FFFFFF7D41024200C30F490AC3
:1096AC000020120E7E2A03DD9D2A02DD094A98183D
:1096BC007047802000040143952A07DC9620821A0B
:1096CC00D1404842002BF3D10800F1E7963A914083
:1096DC00F7E7C046FFFFFF7F70B5002812D0C31715
:1096EC00C5185D40C40F280002F0F6F89E231B1A23
:1096FC00962B0FDC082838D0083885406D026D0A8F
:10970C00D8B202E0002400200025C0052843E4075D
:10971C00204370BD992B14DC421F95402A0015493B
:10972C00114055071CD00F252A40042A18D00431AB
:10973C00CA08490115D59F235202181A550AC0B2FE
:10974C00E3E705222900121AD14002001B32954092
:10975C002A00551EAA410A43064911405507E2D179
:10976C00CA085202550AD8B2CFE76D026D0A8E3084
:10977C00CBE7C046FFFFFFFB10B5041E0DD002F077
:10978C00ABF89E231B1A962B0CDC082834D0083817
:10979C0084406402640AD8B201E000200024C005B1
:1097AC00204310BD992B13DC421F9440144A2240D5
:1097BC0061071CD00F212140042918D00432D40891
:1097CC00520115D59F236402181A640AC0B2E6E749
:1097DC00020021001B3291400A00511E8A410521D2
:1097EC00091ACC401443064A22406107E2D1D4083E
:1097FC006402640AD8B2D2E76402640A8E30CEE7FF
:10980C00FFFFFFFBF0B54F464646D646C0B582B0CB
:10981C00009001910E034C00CD0F710A009E5F0069
:10982C00760F0E43009900920193C90089461903E3
:10983C007B0D9846019B490ADB0F9C46009B009AC6
:10984C005B0F0B434146640DD200611A654500D194
:10985C00A6E0002972DD4746002F00D1DDE0CC4F99
:10986C00BC4200D19AE10127382917DC80273F043C
:10987C003B431F2900DDDDE12027781A1F008740BC
:10988C00BA461700CF408446380057460743604617
:10989C008240CB40501E8241F61A17434B46DF1BC9
:1098AC00B94580414042361A330200D4FFE07602BB
:1098BC00760A002E00D13CE1300002F00DF80300D6
:1098CC00083B20213800CA1AD0409E4002009F401D
:1098DC0032439C4200DDA6E1181B0130091A3E0000
:1098EC008F40C6407B1E9F4113008B4037431F4364
:1098FC00C2403B0016000024134300D1DFE17B077C
:10990C0000D132E30F233A003B40042B04D03A1D24
:10991C00BA42BF417F42F619330200D423E39C4B79
:10992C0001349C4200D1B4E09A4B64051E40640D96
:10993C007707D20876021743360BACE0002900D12A
:10994C007EE04146091B002C00D060E13400484603
:10995C00044300D1C9E14C1E012900D12EE28C4DEB
:10996C00A94200D124E20127382C11DC21001F2947
:10997C0000DD0BE2202437004846641AA740C8409B
:10998C0007434846A040CE40441EA0419B1B0743C2
:10999C00D71BBA4292415242654644469E1A83E70F
:1099AC00002900DC9CE04746002F67D11F001743BD
:1099BC0000D1E4E0481E012900D19BE1744FB9426B
:1099CC0000D1EBE001270100382811DC1F2900DD54
:1099DC00C7E12027781A1F00844687401000C84032
:1099EC00074360468240CB40501E8241F618174315
:1099FC004F444F45804140423618330257D5644B93
:109A0C0001349C4245D00121624B7A081E403940FA
:109A1C000A43F7071743760871E71F00174300D175
:109A2C00ADE04F1EBC46012900D182E1584FB9422E
:109A3C0000D190E161460127382900DD2EE718E7B7
:109A4C00554F611C394200D0D0E0310048461F0010
:109A5C0001431743002C00D03DE1002900D1BCE1AB
:109A6C00002F00D0BFE14B460021D80877070743F1
:109A7C00F00806034C05360B640D0CE0444FBC4259
:109A8C0000D18BE001273829B2DC80273F043B430F
:109A9C009CE70026002724053443ED072C433800AF
:109AAC00210002B0E0BCBA46B146A846F0BD7B0727
:109ABC0004D00F233B40042B00D028E7F808344B8C
:109ACC0077070743F0089C4200D04AE23B0003436F
:109ADC0059D080263603064336032D4C360BDAE775
:109AEC00002961D04146091B002C00D1B9E0284C5B
:109AFC00A04500D1A5E10127382913DC80242404DA
:109B0C0026431F2900DDC8E1202437004846641A8B
:109B1C00A740C84007434846A040CE40441EA04141
:109B2C009B190743BF189742924152424446D6189C
:109B3C0063E7380001F0D0FE030018331F2B00DC64
:109B4C00BFE63A00083882409C4200DD83E01B1BD4
:109B5C00581C1F2800DCB4E117001F3BDF402028F5
:109B6C0005D040231B1A9A40531E9A4117430024D8
:109B7C00002F0AD07B0700D0C4E626009EE74B4698
:109B8C000C00D8089BE70027014C002683E7C04651
:109B9C00FF070000FFFF7FFFFE0700004B46770723
:109BAC00D8080743F00891E7CD4F611C39426BD1BF
:109BBC00310048460143002C00D04BE11F001743F5
:109BCC00002900D181E1002F00D14CE74A444A45DD
:109BDC008041F61840423618330200D5B0E1170028
:109BEC009146374300D03EE7002654E74946891A90
:109BFC008846C145BF41F11A7F42C91B0F0261D48F
:109C0C0047460F4300D1BDE00E00474651E6B54C28
:109C1C00A04500D100E10127382900DDB8E68024F9
:109C2C0024042643A3E6B04EE41A16407B0700D06A
:109C3C003FE743E70F001800203FF84084462029F7
:109C4C0003D04027791A8B401A43531E9A4163461E
:109C5C0017001F4322E6A448E11A10404707C0082A
:109C6C0007E734004846044300D1FAE04C1E0129B2
:109C7C0000D1D7E09B4FB94200D1E2E00127382C4C
:109C8C0000DD4FE721003CE7964CA14200D1DDE01E
:109C9C004A444A458041F31840421818C7075208F5
:109CAC0017434608520705D00F220C003A40042AED
:109CBC0000D02CE67607FF0837430009D9E60027C9
:109CCC000026E8E64946571ABA4292419E1B524278
:109CDC006546B61AEDE5002900D0C6E0002F67D125
:109CEC00802600257F4C3603D5E665460C001E0009
:109CFC00D008E4E64A444A458041F318404218181B
:109D0C001100030200D496E0774B49081840C307B2
:109D1C000B434408490700D129E10F221A40042AB9
:109D2C0000D1EAE01F1D9F42B6417642361902244B
:109D3C00C4E649468F1AB9458041F61A4042361A94
:109D4C00330206D47307FF0801211F43F00890E685
:109D5C0065460124ABE54B467707D8080743F00866
:109D6C00B4E60F001800203FF8408446202903D0A9
:109D7C004027791A8B401A43531E9A4163461700A9
:109D8C001F4335E600250024002684E60C00350030
:109D9C00203CE540202905D04024611A8E404946DC
:109DAC00314389464846411E884107002F43EFE561
:109DBC00D2085F0765461743D80887E6171ABA42D8
:109DCC0092419E1B5242B61A3302C1D47307FF084C
:109DDC00654601211F43F0084BE6002F7BD06546FA
:109DEC001E0091463FE6811A8846C145A441F11AEE
:109DFC006442091B80242404214277D0101A824229
:109E0C00924107009E1B5242B61A374300D0A0E085
:109E1C006546002400263EE65F07D20865461743D8
:109E2C00D80853E6811891429241F018524280189A
:109E3C00030200D568E74707C9080F43C008012192
:109E4C0017E6D2085F071743D8083FE60C00002638
:109E5C00002720E6002956D15F07D2081743D808FF
:109E6C0034E60C001E00D00829E6C1087007014337
:109E7C00F008002F62D080242403204207D0DE0893
:109E8C00264204D165463000D1085B0719434F0FB9
:109E9C00C900C9087F070F4318E60C003000203CAE
:109EAC00E0408446202905D04024611A8E40494662
:109EBC00314389464846411E8841614607000F439D
:109ECC0030E620210027091A0EE51E00002F00D0D5
:109EDC0022E5002458E7002500240026DBE5C046D7
:109EEC00FE070000FF070000FFFF7FFF47460F4300
:109EFC0000D147E70E00C146B5E5DF086407022133
:109F0C0027430009B5E51900C0087707074311433B
:109F1C00F008002900D1D9E580210903084207D0B7
:109F2C00DC080C4204D1D2085B071A43170020004E
:109F3C007B0FFF00FF085B071F43C7E50F00C5E55C
:109F4C00124BD20833405F075B02012417431E0BF0
:109F5C00A1E5264212D00D4B6546020001241E409D
:109F6C00E6E4210085E51700A8E53A00D4E4DB0817
:109F7C0064071C432700022100097AE5C008770713
:109F8C00074365460021F00873E5C046FFFF7FFFDD
:109F9C00F0B5DE46454657464E46E0B587B00092D2
:109FAC0001930B031B0B9B46CA0F4B00040080460E
:109FBC005B0D029200D198E07C4A934237D059460F
:109FCC00420FC9000A43802109041143C200904684
:109FDC00774A894692469A44002300240393009EB4
:109FEC00019F3B031B0B9B467B0030005B0DFD0F61
:109FFC00002B59D06D4A934248D05946720FC90074
:10A00C000A438021090411438B466949F2008C46AE
:10A01C0051466344CB1A9A460021029E6E40F6B21A
:10A02C000F2C00D9CEE0634BA4001B599F465A4617
:10A03C000243914600D090E09A46022390460824B1
:10A04C000393CCE7CB464246029D0399022900D1EB
:10A05C00DEE1032900D18DE0012900D079E12E0049
:10A06C0000220023002490461B052343F6073343AC
:10A07C004046190007B0F0BCBB46B246A946A04604
:10A08C00F0BD002200249046484BEDE75A46009B59
:10A09C001A43494B9C46E244002A59D102231C43E3
:10A0AC00002302219B46B8E75A46009B1A4349D02D
:10A0BC005B46002B00D19CE1584601F00DFC0200E0
:10A0CC0003000B3A1D27009EBA1A19005846D640B9
:10A0DC0008398840320002439346009A8A40374937
:10A0EC0053448A4600219A4497E75B4603439946BA
:10A0FC0021D05B46002B00D169E1584601F0ECFB06
:10A10C000B235B429C460200844466461D239B1B2A
:10A11C00260011005846DE400839884033000343BE
:10A12C00994623008B409846254B00249B1A9A464F
:10A13C000023039353E7002398469A4601330424E3
:10A14C0003934CE701231C43002301219B4664E746
:10A15C000323320003211C435FE79A460323D946AD
:10A16C000C2403933BE700238024984600260F4BD6
:10A17C00240379E780245B4624031C4324032E002C
:10A18C0090460A4B240B6FE780244B462403234252
:10A19C0002D05B462342F0D080244B4624031C4360
:10A1AC002403029E014B240B5EE7C046FF07000010
:10A1BC0001FCFFFFB08B010801F8FFFFF303000067
:10A1CC000DFCFFFFCB4500D2F8E000D1F3E00123FA
:10A1DC005B429C46444648460025E2445B46170ECB
:10A1EC001B021F43190C3B04120200971F0C9146D3
:10A1FC0002910397FEF71AF802007A430B04210C24
:10A20C00804619438A4209D9009F0123BC465B4210
:10A21C0061449C46E0448F4200D85CE1881A029964
:10A22C00FEF704F8039A240442430904240C0300A7
:10A23C000C43A24206D90099013B8C466444A142CE
:10A24C0000D842E1A01A424612041A4393464B46E8
:10A25C0059461B0C1F0004930B0449460904090CB6
:10A26C000C001B0C5C43120C7B43884651437A4315
:10A27C00270CBC465B186344994203D980214902E0
:10A28C008C466244190C24041B04240C8A181C19D7
:10A29C00904202D316D1A54214D25B46009F013BDB
:10A2AC004D4405934D459B41BC465B426344C018ED
:10A2BC00874200D302E1824200D929E100D124E196
:10A2CC00059B9B462C1BA542AD41009B801A6D4201
:10A2DC00401B834200D10FE10299FDF7A7FF039ABF
:10A2EC000B044243210C050019438A4200D9CBE0F0
:10A2FC00881A0299FDF79AFF039A24044243090431
:10A30C00240C03000C43A24200D9CAE04146A41A13
:10A31C002A041A43049F13041B0C594340467B43E5
:10A32C009C46150C68430B0C844463447D43984253
:10A33C0003D98020400284466544180C09041B0490
:10A34C00090C40195B18844227D323D00123350014
:10A35C001A43944B5344002B60DD510700D086E028
:10A36C002E00D1085A46D20106D55A468E4B1A40B9
:10A37C0080239346DB0053448C4A934200DD80E6F5
:10A38C005A4652070A4390465A465B055402240B20
:10A39C005B0D69E63500002BDBD0009D511EAC46F1
:10A3AC006444AC4200D29EE0844200D2E1E000D191
:10A3BC00EEE00A00CAE7424500D908E74B46DC0745
:10A3CC00580843465B081C434346DD0706E701F08B
:10A3DC0083FA15239C4684440200634620321C2BCE
:10A3EC0000DC92E623000838834099460023984607
:10A3FC009AE601F071FA02000300153220331C2A90
:10A40C0000DC5FE600990838814000228B4666E646
:10A41C0000222E0000249046654B25E62E000121DB
:10A42C00C91A382900DD1BE61F297EDC614814009F
:10A43C0050445B4682408340CC40501E82412343B3
:10A44C001A435B46CB40510709D00F211140042918
:10A45C0005D0111D9142924152429B180A001902DB
:10A46C0000D49BE00022012300249046FCE50F2140
:10A47C001140042900D173E7111D914292415242BF
:10A48C002E00C90893446DE7009B013D9C46614436
:10A49C008B4200D92CE78A4200D829E7851E6144FB
:10A4AC0026E70099013B8C466444A14200D92DE774
:10A4BC00A24200D82AE7831E644427E7874200D0D3
:10A4CC00FEE6A94500D9FBE6F5E6A24200D8B9E6BE
:10A4DC00831E6444B6E68A4200D89FE6BC46831EBF
:10A4EC00984661449AE60A00844200D02EE74B4518
:10A4FC0000D02BE735002CE72A4B2F4A53449245CA
:10A50C0043DB0122002193442CE7AC4200D8D7E670
:10A51C0002235B429C4600994D444D459B41E344CC
:10A52C008C465B426344C018CCE61F204042C31AE1
:10A53C005846D840202904D05946204B53449940C2
:10A54C000A43531E9A410723190002430024114069
:10A55C00134209D008331340042B1DD0131D934212
:10A56C0089411A0049424907D2080A439046002300
:10A57C007AE54946009F4D004D458941BC4649420C
:10A58C006144A946023A6418AEE70122524246E7FA
:10A59C009945EED30A00AAE70021E5E759075B02CB
:10A5AC001C0BE1E7FF030000FFFFFFFEFE070000AE
:10A5BC00FF0700001E04000002FCFFFF3E04000029
:10A5CC00F0B55746DE464E464546E0B50D00040054
:10A5DC00E80F83460903D80F090B824619488C46AD
:10A5EC001F0369005E00490D3F0B760D814218D0A8
:10A5FC0086420FD00120B1420DD1BC450BD1944203
:10A60C0009D1D3451CD0002905D160462043431EF7
:10A61C00984100E00120F0BCBB46B246A946A046DA
:10A62C00F0BD01208E42F6D1614639430F0017432D
:10A63C002743F0D15B465246981A431E9841EAE7ED
:10A64C000020E8E7FF070000F0B557464E464546A8
:10A65C00DE46E0B50D000E034900490D8A46DF0FBA
:10A66C00E90FBC4683B02F4F04008046019158007F
:10A67C0019039146360B090B400DBA451DD0B84253
:10A68C000DD05746002F2AD13443002824D10A4339
:10A69C0036D0002C41D163465800013815E01143E7
:10A6AC0038D15346002B01D12643F4D0019B63458E
:10A6BC0007D1019B5800013807E026432AD15045A9
:10A6CC0021D00120019B5F42384303B0F0BCBB4654
:10A6DC00B246A946A046F0BD002CDCD0E6E7002827
:10A6EC00EFD0019B6345ECD18245EADCE1DB8E4285
:10A6FC00E7D8DED1C845E4D80020C845E5D2D8E774
:10A70C00002CE2D0DDE7114304D1019B6345D8D185
:10A71C000020DAE702204042D7E7019B6345E6D0F0
:10A72C00CFE7C046FF070000F0B557464E464546FA
:10A73C00DE46E0B50D000E034900490D8A46DF0FD9
:10A74C00E90FBC4683B02E4F04008046019158009F
:10A75C0019039146360B090B400DBA451ED0B84271
:10A76C000DD05746002F27D13443002833D10A434C
:10A77C0034D0002C40D163465800013815E0114309
:10A78C0012D15346002B01D12643F4D0019B6345D3
:10A79C001DD00120019B5F42384306E0264303D1C4
:10A7AC005045F6D111431CD0022003B0F0BCBB467F
:10A7BC00B246A946A046F0BD0028EAD0019B6345ED
:10A7CC00E7D18245E5DC02DB8E42E2D80ED0019B5C
:10A7DC0058000138E9E7002CCDD0D7E7002CE4D0A5
:10A7EC00D7E7019B00206345DFD0D2E7C845D0D81E
:10A7FC000020C845D9D2EAE7019B6345E4D0C8E7FD
:10A80C00FF070000F0B557464E46DE464546E0B51C
:10A81C001F000B031B0B16009A46CA0F4B000400BB
:10A82C00914685B05B0D00D1CFE1CD4A934255D016
:10A83C005146420FC9000A43802109041143C2004A
:10A84C009046C84A8A4693469B44002300250293AF
:10A85C003C037B00FA0F0196240B5B0D009200D198
:10A86C0088E1BF4A934200D192E0BE4A94466344C9
:10A87C009B440A2D42DCE400730F23438024494699
:10A88C0024041C43F3000193009B00205940CBB2DD
:10A89C000393022D00DC94E00123AB401D00A623A2
:10A8AC002A00DB001A401D4200D029E290239B00B5
:10A8BC001D4200D14DE20023802499462403A84B6D
:10A8CC0010004A461B052343D2071343190005B059
:10A8DC00F0BCBB46B246A946A046F0BD5246024368
:10A8EC00904600D0ACE19B46022392460825029389
:10A8FC00AEE7009BA2469946019B9846029B022B11
:10A90C0000D1CAE1032B00D192E1012B10D100231D
:10A91C0000240022D4E701227B083A40134352461C
:10A92C00D2071343984653465B089A46039B9946B5
:10A93C005B46581C8023DB005B44002B00DCB1E140
:10A94C00424652070BD00F2241460A40042A06D039
:10A95C004246111D4145924188465242924452460C
:10A96C00D20106D55246804B1A4080239246DB001A
:10A97C00C3187E4A934200DD8FE14246D10852460D
:10A98C0052070A4351465B054C02240B5B0D97E7BB
:10A99C00734B26439C46E344002E00D16FE1032306
:10A9AC0049461D43009B5940CBB203930A2D00DD51
:10A9BC0033E10123AB401D000323029388222A427A
:10A9CC0097D1424643461204120C160001981D0CF6
:10A9DC00030C0004000C4643B4461E006E43009664
:10A9EC00160007005E436146B0466F430E0CB84438
:10A9FC004644B74205D9802149028846009F474406
:10AA0C00009761460904090C370C36048C4631005A
:10AA1C00614401911100260C2404240C61438C46E2
:10AA2C002100694389466146090C884672434A44B1
:10AA3C0042447543914503D98021490288464544D7
:10AA4C00110C884661460904090C8C4612046244B8
:10AA5C00B91802915146090C8C4651460F043F0C13
:10AA6C003900414345448846614641438A46414644
:10AA7C006046090C894658437B4353444B449A45E2
:10AA8C0003D98021490289464844190C894641461C
:10AA9C000904090C8846390061431B044344884669
:10AAAC0061464C4371438C46414677430E0C3F192B
:10AABC00F6194844B44203D9802149028946CC4452
:10AACC000299009F894631044F448946414697427A
:10AADC0092410C04240C4C44FF1852426419A118E6
:10AAEC009F429B41884682465B42994690459241E3
:10AAFC00AC42A441C244D1445242644214439945ED
:10AB0C009B41824592415B42524213434A46360C6A
:10AB1C00A419E31863445B02D20D1A4301999246BF
:10AB2C007A020A43501E8241FF0D17434A465202D5
:10AB3C001743B846DB0100D5EDE60D4B039A5B4499
:10AB4C009146002B00DCACE03A00520700D110E734
:10AB5C000F2258463A40042A00D0F9E609E7C046CD
:10AB6C00FF07000001FCFFFFFFFFFFFEFE070000D8
:10AB7C00FF030000220032436FD0002C00D1C2E052
:10AB8C00200000F0A9FE020003000B3A1D20821ADF
:10AB9C0030001900D04008398C40020022433400A8
:10ABAC008C405946CB1A86498B469B440A2D00DDB6
:10ABBC00A4E64946009B01945940CBB214000020F6
:10ABCC000393022D00DD67E6FBE6534603439846EC
:10ABDC003CD05346002B00D1A3E0504600F07CFE45
:10ABEC000B235B429C4602008444110050460839FA
:10ABFC0088401D23804660461B1A2000D840030065
:10AC0C00404603439A4623008B4098466C4B0025E4
:10AC1C009B1A9B46002302931AE60F2D00D0C9E025
:10AC2C00802352461B031A4202D01C4200D192E0F0
:10AC3C008024534624031C4324034246240B3EE643
:10AC4C009B46032380460C25029301E600239A467B
:10AC5C009B46013304250293FAE501210D430A2D8D
:10AC6C0000DD4BE6494600984140C9B20391022DE4
:10AC7C0000DC96E000230024012001930CE64946F9
:10AC8C000223009A2B435140CAB203920A2B00DDD7
:10AC9C0034E6002D57D1039B994600240022494BE2
:10ACAC000EE658460121C91A382900DD2FE61F2966
:10ACBC0056DD1F2254465242D31ADC40202907D0BD
:10ACCC00414B42469C465346604483401A4390464F
:10ACDC0042460721531E9A410B0022431340002485
:10ACEC00114209D00F231340042B5DD0111D91424A
:10ACFC009B410A005B425B07D2081A430023DFE545
:10AD0C00039B9946FAE5019800F0E6FD020003006A
:10AD1C00153220331C2A00DC38E7019A08388240AF
:10AD2C003FE700F0D9FD15239C468444020063469E
:10AD3C0020321C2B00DC58E70023984623000838EF
:10AD4C0083409A4662E71D000023002402200193F1
:10AD5C00A2E5029032E61C43009B019A9946AEE5AF
:10AD6C001A4B5246C31840469A40C84002434046CC
:10AD7C0098400300581E834154461A43CC40530755
:10AD8C0009D00F231340042B05D0131D934292417D
:10AD9C005242A4181A00230208D5012300240022D1
:10ADAC008EE5894600248BE50023A5E76307640242
:10ADBC00240BA1E7009BA2469946019B984637E7D6
:10ADCC000DFCFFFFFF0700003E0400001E04000006
:10ADDC00F0B557464E464546DE46E0B583B000908A
:10ADEC0001910C034D00CE0F610A009C5F00640FB3
:10ADFC000C43009900920193C80019037B0D9946EE
:10AE0C00019BCC4FDB0F9C464B0A00998046490FA7
:10AE1C001943009B8B46DA0092466D0DB94500D163
:10AE2C00BFE00123614659404B468C46EB1A8E42DB
:10AE3C0075D0002B00DCA3E24946002900D1CEE0FE
:10AE4C00BD4200D100E20127382B19DC802759467E
:10AE5C003F0439438B461F2B00DDFAE12027F91AFA
:10AE6C008C4659466746B9400F001100D9400F4334
:10AE7C0061468A40511E8A415946D9401743641A8B
:10AE8C00C71BB84280414042241A230200D440E13F
:10AE9C006402640A002C00D154E1200000F01CFD77
:10AEAC000300083B20213800CA1AD0409C40020005
:10AEBC009F4022439D4200DDA6E1581B0130091A38
:10AECC003C008F40C4407B1E9F4113008B402743A6
:10AEDC001F43C2403B0014000025134300D1F7E18F
:10AEEC007B0700D177E30F2338003B40042B04D0C1
:10AEFC00381DB842BF417F42E419230200D468E3F5
:10AF0C008C4B01359D4200D1F4E08B4B6D051C4000
:10AF1C006D0D6707C00864020743240BECE0002B9F
:10AF2C0000DC29E34946002900D0D6E059461143FC
:10AF3C0000D12EE1591E012B00D1E6E1BB4200D11C
:10AF4C0082E101270B00382914DC1F2B00DD3CE2C9
:10AF5C002027F91A8C4659466746B9400F00110054
:10AF6C00D9400F4361468A40511E8A415946D94007
:10AF7C00174364183F18874280414042241823022B
:10AF8C0000D4C6E06B4B01359D4200D1B2E00121EB
:10AF9C00694B7A081C4039400A43E7071743640899
:10AFAC009EE7664B11438A46EB18002928D066456C
:10AFBC002CD0002B5BD0002D00D12CE15B466646DB
:10AFCC005F07D2081743DD083B002B4300D1E2E0BA
:10AFDC00802424032C432403564D240B8CE0594627
:10AFEC00114300D1D5E0591E012B00D1B9E1BB4270
:10AFFC0000D1B1E101270B00382900DD40E72AE739
:10B00C006146012779408C466645D2D1002B00D190
:10B01C00C5E0002D00D055E14B462500054300D17D
:10B02C0012E2591E8C46012B00D149E2414DAB4234
:10B03C0000D18FE20127382911DC63461F2B00DD7C
:10B04C005BE26146202327005B1A050098409F4075
:10B05C00CD40431E9841CC402F430743A344BF1817
:10B06C009742924152425A4414004D4687E7344F5E
:10B07C006B1C3B4200D0B6E05946230011430F0035
:10B08C000343002D00D026E1002B00D1C0E10029A4
:10B09C0000D1A1E0831A98465B464045AD41E31AC6
:10B0AC006D425B1B80252D042B4200D14BE15B468E
:10B0BC00101A824292411C1B070001266346524221
:10B0CC00A41A27431E40002F00D142E12C4200D18C
:10B0DC006DE2194B01251C401BE7BD4200D13BE141
:10B0EC000127382B00DD45E7802759463F043943BB
:10B0FC008B462AE7002400272D052543F607354308
:10B10C003800290003B0F0BCBB46B246A946A046A5
:10B11C00F0BD7B0704D00F233B40042B00D0E7E6A7
:10B12C002B00F808034A67070743E508934200D150
:10B13C004AE7A5E0FF070000FFFF7FFF01F8FFFFD4
:10B14C00FE070000380000F0C7FB030018331F2B6C
:10B15C0000DCA7E63A00083882409D4200DD8AE018
:10B16C005B1B581C1F2800DCD8E117001F3BDF407D
:10B17C00202805D040231B1A9A40531E9A4117438E
:10B18C000025002F00D1E5E07B0700D0ABE62C00BA
:10B19C00C6E7C008C6E700270024D14DACE7D14F65
:10B1AC006B1C3B4271D123000343002D00D04EE1B8
:10B1BC005746002B00D1B5E1002F0DD083188342E8
:10B1CC0080415C4440422418220200D5C8E11F0093
:10B1DC009846274300D1BCE043466707DB081F4372
:10B1EC00E50800234CE0831A98465B464045BF4176
:10B1FC00E31A7F42DB1B1F027CD447461F4300D15E
:10B20C00A6E01C00474645E6B74CED1A14407B07F8
:10B21C0000D080E784E74B462500054366D05F1ECF
:10B22C00012B00D1FCE0AE4DAB4200D15EE1664695
:10B23C00382F00DCB4E00120171ABA4292415B4669
:10B24C0052424D469C1A20E66707C0080743E508A2
:10B25C00BAE61F005946203FF9400F00202B05D0BD
:10B26C004021CB1A594699400A43924653465A1EDE
:10B27C0093411F4304E6EB1A9B4D15406F07ED08F5
:10B28C002C035D05240B6D0D36E7954DAB4200D1BB
:10B29C00D6E082182100824280415944404208186D
:10B2AC00C707520817434408520700D485E10F2200
:10B2BC001D003A40042A00D01AE6FF086407274311
:10B2CC000509DDE75B46D2085F071743DD087BE61F
:10B2DC000027002410E7002B00D0D6E0002900D076
:10B2EC002FE1802400267E4D240305E766465C464C
:10B2FC00D00817E75B46171ABA4292411C1B01266D
:10B30C0063465242A41A1E40C4E58318834280410E
:10B31C005C44404225182A0200D4DAE0724A5B08E9
:10B32C001540EA071A4369085B0700D44AE10F236A
:10B33C001340042B00D1FCE0171D9742A44164423A
:10B34C0002256418ECE647461C001F4300D043E777
:10B35C00002600250024CFE6C00867070743E50850
:10B36C0032E6871A5B46B8428041E41A4042241AFE
:10B37C00230228D46307FF081F43E50801237FE756
:10B38C00002B00D173E64B465F1B3B00002D00D118
:10B39C0042E7382F00DDECE080230E001B041C4339
:10B3AC001F2F25DC20252300ED1B0100A840AB40FE
:10B3BC00F940451EA8410B43FC4018435B461B1B40
:10B3CC009B4639E76646012562E51F005946203F3A
:10B3DC00F9408C46202B05D040275946FB1A994042
:10B3EC000A43924657467B1E9F4163461F43C1E565
:10B3FC003B002500203BDD40202F04D04023DB1BED
:10B40C009C40204380464046431E9841284313E706
:10B41C0000299DD0012663465C4690461E40DBE623
:10B42C00171A5B46BA4292411C1B5242A41A2302C1
:10B43C00C8D46307FF081F4366460123E5081FE7CE
:10B44C001D000024002757E65C46D0086AE6002B56
:10B45C0000D137E75346C00867070743E508002BC0
:10B46C0000D1B1E580231B031D4208D05946C80802
:10B47C00184204D1D20849070A43170005007B0F74
:10B48C00FF00FF085B071F439EE5C00863071843D6
:10B49C00E508002953D080231B031D420AD05946CE
:10B4AC00CC081C4206D1012663462500D00849076A
:10B4BC0008431E40470FC000C0087F07074383E5C1
:10B4CC008318934292415C445242A5182A0200D53B
:10B4DC0024E76F07DB081F43ED080123D0E6C046C5
:10B4EC00FF070000FE070000FFFF7FFF5B46D2084E
:10B4FC005F0766461743DD0866E52500203BDD4007
:10B50C006346202B05D0402361465B1A9C402043A8
:10B51C00804647467B1E9F412F43A0E520210027F4
:10B52C00091AD2E4002F00D113E75C46170000255E
:10B53C00F6E5D708490702230F432D09A0E60700BB
:10B54C0042E55B4601265F07DD086346D2081743D8
:10B55C001E4039E55B46D2085F071743DD0833E52B
:10B56C001E4ADB0822405707520201251F43140BC9
:10B57C00C2E50E0001205FE6002B0DD04B465B1B95
:10B58C009C46002D00D148E50127382B00DD66E5EF
:10B59C0080231B041C4350E56B1C114D2B4200D027
:10B5AC0073E65946230011438A46034300E66707B6
:10B5BC00C00800230743E50862E66407FF08274339
:10B5CC0005095DE6D208490711430F0002232D0936
:10B5DC0056E60700A4E538008FE4C046FFFF7FFF66
:10B5EC00FE070000F0B5C6461E03360BB0460D4EE6
:10B5FC000C034D005F0000B5240B6D0D7F0DB542A3
:10B60C000BD0084900208F4204D146461643300027
:10B61C00431E984180BCB846F0BD04430120002C69
:10B62C00F8D1EEE7FF0700000B00020070B5164DD5
:10B63C000C0382B04900002000920193240B490DA9
:10B64C00DE0FA94204DD1148814203DD104BF018D6
:10B65C0002B070BD8020400320430E4C641A1F2C96
:10B66C0008DD0D4B5B1AD84003005842002EEFD179
:10B67C001800EDE7094B009A9C46030061448B408F
:10B68C00E2401343F1E7C046FE0300001D04000036
:10B69C00FFFFFF7F3304000013040000EDFBFFFFEE
:10B6AC0070B5002816D0C317C5185D40C40F28000C
:10B6BC0000F012F9104B1B1A5B055B0D0A2814DC09
:10B6CC0002002E00153296400B22121AD5402D0383
:10B6DC002D0B03E000240023002500261B052B4323
:10B6EC00E40723433000190070BD0B3885402D034F
:10B6FC0000262D0BF2E7C0461E04000010B5041EF8
:10B70C0010D000F0E9F80E4B1B1A5B055B0D0A28F4
:10B71C000FDC0B222100121AD14015300A03844091
:10B72C00120B01E0002300221B051343200019001B
:10B73C0010BD22000B38824012030024120BF3E7D9
:10B74C001E04000070B542024300C40FFE201B0E05
:10B75C00591C550A08420CD0E02189008C466D0713
:10B76C00120B63441B051343E40723432800190001
:10B77C0070BD002B14D1002D1BD0280000F0ACF8AC
:10B78C000A281CDC0B232A001B1ADA400300153391
:10B79C009D400E4B12031B1A5B05120B5B0DE1E770
:10B7AC00002D09D0130B802212031A436D07084B8E
:10B7BC00D8E700230022D5E70022054BD2E703008F
:10B7CC002A000B3B9A400025E3E7C04689030000A2
:10B7DC00FF070000F0B54B000F035B0D3A4C450F13
:10B7EC0083B07F0A5E1C2F4300900191CA0FC500E5
:10B7FC0026420BD035495C18FE2C13DDFF200023AC
:10B80C00C0051843D207104303B0F0BD3D43002BD5
:10B81C0001D10020F4E7002DF0D08023DB03FF20C2
:10B82C003B43EDE7002C0CDD009BFF009B01581EF9
:10B83C008341690F3B430B43590727D1DB08E0B227
:10B84C00DEE72100173131DB80211E20090439434A
:10B85C00001B1F282DDD02267642341B0E00E6400D
:10B86C003400202804D01A488446634499400D4380
:10B87C002B00591E8B412343590703D00F2119402C
:10B88C0004290BD19B0100205B0AB9E70F21194059
:10B89C00042904D19B015B0AE0B2B1E70024043314
:10B8AC005901F7D501340023E0B2A9E700200023A9
:10B8BC00A6E7084C1C192B00A540C340A140681EEC
:10B8CC00854129430B43D7E7FE07000080FCFFFFAF
:10B8DC00A2FCFFFF82FCFFFF1C2101231B049842EA
:10B8EC0001D3000C10391B0A984201D3000A083905
:10B8FC001B09984201D30009043902A2105C4018BC
:10B90C007047C0460403020201010101000000005F
:10B91C000000000010B5002903D1FFF7DDFF203037
:10B92C0002E00800FFF7D8FF10BDC04682B073B527
:10B93C006C460091079321000300626060C960C3EC
:10B94C0007AA60CA60C313001500103006CB06C0EE
:10B95C0001220098616803F0B1F969680122099825
:10B96C0003F0ACF973BC08BC02B0184737B504003F
:10B97C0003F0B2FDA068A38902691342FCD00169EF
:10B98C000A001A401942FAD101AD2068616803F02F
:10B99C0095F929000122032003F0D0FC03CC0122ED
:10B9AC0003F08CF903F096FD28786B7800041B02E9
:10B9BC001843AB7818433EBDF0B5094985B0094B27
:10B9CC0001ACC0CBC0C40B004968074A00911B688E
:10B9DC00064811685268FFF7A9FF05B0F0BDC046D4
:10B9EC00540000204C0000203C000020D402002019
:10B9FC0010B50348FFF7BAFF80231B04584010BD55
:10BA0C00D402002010B50548FFF7B0FF80231B04BB
:10BA1C005840984201DA024B181A10BDD40200208B
:10BA2C00FFFF7F0070B504250024FFF7E1FF013D07
:10BA3C002418002DF9D10723E01718400019C01065
:10BA4C0070BD0000F0B504000525002699B00392E6
:10BA5C000F0048227C4906A804930BF058FD631F85
:10BA6C0001937A4B02937A4B0593019BAB4257DCC3
:10BA7C0000221E9B1E80774B1A70774A1278029216
:10BA8C00764A964200D874E001251D70714B744AB9
:10BA9C001B782C000192002B1ED0029B714E002BA8
:10BAAC0000D1A0E0704B1B78002B00D19BE06F4BBA
:10BABC001B78002B00D196E06D4B7C1E1C60012284
:10BACC00694B1A70974201D16A4B1F70FA22338866
:10BADC0092009B189BB233805F4B1B78002B0CD0D1
:10BAEC00614B1B78002B08D0604B1B78002B04D0CB
:10BAFC005F4B1B68AB4200DA1C00019B1B78002BD0
:10BB0C0009D05D4B1B78002B05D15C4B039AD35CA1
:10BB1C00A34200DC5C1E201E00DC012019B0F0BD2D
:10BB2C00029B6A00985AFFF7BBFD0022544BFFF7AB
:10BB3C004FF9FFF779FDC317C4185C40059B6A00E9
:10BB4C00985AFFF7ADFD00224D4BFFF741F9FFF777
:10BB5C006BFDC317C018584082B2231CA4B2944288
:10BB6C0000D2031C9AB2B24200D2331C9EB20135F1
:10BB7C007BE7029B002B04D001223C4B1A703C4B00
:10BB8C001F60092301937B1E06ACDB00E3180593B1
:10BB9C00019D30006B1E0193FFF782FD226C636CDC
:10BBAC00FEF730FE059B083C1A685B68FEF7F0F95F
:10BBBC00344A354BFCF740FC002803D1019B002B89
:10BBCC00E6D10125264B1B78002B00D15EE7052F13
:10BBDC0000DC5BE7BD4200DC58E72C4B9E4200D8F2
:10BBEC0054E77D1C52E70624A74207DC023C062FD3
:10BBFC0004D03C00032F00DD0324013C019B029A7E
:10BC0C001B78002A00D05AE7002B00D15EE7049B7A
:10BC1C00002B0ED0039B1E4A013BD35C032B08D890
:10BC2C0001221C4B1A701C4B1C6033881B199BB2D5
:10BC3C003380114B1B78002B00D047E70F4B039A36
:10BC4C00D75402F0CBF941E7E08A01088457002071
:10BC5C00944C00200E040020E90100205B3F000002
:10BC6C005A6300206E670020C2650020C06500206A
:10BC7C0014020020C1650020C40A00207663002055
:10BC8C0080FFCF409A99999959CCCC4070170000FD
:10BC9C00E4030020C365002010020020F8B5160054
:10BCAC001F000C001C4B00223900451E3000FCF715
:10BCBC00BDFB1A4B002803D1194A1278002A1AD15D
:10BCCC005A5D0132D2B25A55002C04D0611E5A5C16
:10BCDC000132D2B25A545A5D072A01D907225A5559
:10BCEC00002C05D0013C1A5D072A01D907221A55F0
:10BCFC00585DC0B2F8BD5A5D002A03D05A5D013AB6
:10BD0C00D2B25A55002CE6D0611E5A5C002AE2D001
:10BD1C005A5C013ADDE7C04600002E40E4030020E7
:10BD2C000D04002010B5D02200210D480BF05AFB59
:10BD3C00002300200B4A0C4913700C4A13700C4A58
:10BD4C00106051600B4A106051600B4A0B480C4953
:10BD5C00106051600B4A137002F0C2F910BDC0465E
:10BD6C0078620020E203002000002E40E303002054
:10BD7C002000002000000020100000200E2DB29D9D
:10BD8C00EFFF5840E103002010B568220021034862
:10BD9C000BF028FB02F020F810BDC04638650020DF
:10BDAC000023190010B5044AD15401330D2BFBD1DB
:10BDBC0002F0F2F810BDC046E4030020F7B502F023
:10BDCC001CFC424B05001B780C27002B00D1083FB4
:10BDDC003F4B404A1B78019300231E000199994266
:10BDEC004CDC3D4B04241B78002B10D03B4B013C0E
:10BDFC001B78A3420BD83A4B1B78002B04D0394B41
:10BE0C0002341B78002B02D0AF423ED80224200013
:10BE1C0001F0DEFEAF4207D1334F3B78002B03D14C
:10BE2C00FFF780FF01233B70304B1B78002B23D096
:10BE3C003000FFF763FC00222D4BFEF7E3FC0600FD
:10BE4C0001980F00FFF72CFC02000B0030003900AA
:10BE5C00FEF79EF80022274BFCF70CFB00280BD0BA
:10BE6C00254A1368012B07D102201060234A137056
:10BE7C0002F0E2F9FFF794FF2000FEBDD15C05292A
:10BE8C0001D90136F6B20133A8E71D490022086832
:10BE9C0049681C4BFCF7CAFA002805D002F0C8FB15
:10BEAC00022801D80624B2E7174B18685968FCF72A
:10BEBC008BFB1349C4B2002208684968114BFCF78C
:10BECC00B5FA0028A3D0022CECD19FE77C670020A8
:10BEDC0051020020E40300207F670020B0650020A1
:10BEEC0048020020A1660020C8030020E8010020C1
:10BEFC000000594000004940EC0100205C63002028
:10BF0C00600A002000002E40D00300200C4B70B5BE
:10BF1C0018780C4B03221C780525002306260A49A9
:10BF2C00002800D02A00002C00D03200CA54013363
:10BF3C000D2BF5D10022054B1A7002F079F870BD6B
:10BF4C0059630020E8010020A0650020AF650020A7
:10BF5C00F0B58DB00B930E001300069001928A423F
:10BF6C0008D1854A94466344DB00C31818685968A5
:10BF7C000DB0F0BD00240F00019B251C5B1A04932F
:10BF8C000294019B9F4200DA87E00498FDF7A4FB22
:10BF9C00071C011C0298FCF7F3FD391C0790281CA8
:10BFAC00FCF7EEFD391C0890201CFCF7E9FD002481
:10BFBC0009900494271C03940294019B9E4200DA7E
:10BFCC008EE004990298FCF7A9FF391C051C381C5B
:10BFDC00FCF7A4FF011C281CFDF7FAF80499061CB9
:10BFEC000398FCF79BFF211C051C381CFCF796FFE3
:10BFFC00011C281CFDF7ECF8311CFCF7C1FD211CC1
:10C00C00051C0298FCF78AFF391C041C0398FCF7EA
:10C01C0085FF011C201CFDF7DBF8311CFCF7B0FD83
:10C02C00291C041C0798FCF779FF011C0898FDF7E4
:10C03C00CFF8211C061C0998FCF770FF011C301C62
:10C04C00FDF7C6F80B9B061C5A1E9341019AD31A96
:10C05C0018000193FDF740FB291C071CFCF75EFF41
:10C06C00311CFCF79BFB211C051C381CFCF756FFF4
:10C07C00391CFCF753FF011C281CFCF78FFB00211B
:10C08C00041CFCF713FA002800D000243B49201CA8
:10C09C00FCF744FFFFF756FB6AE73800FDF71CFB83
:10C0AC00069AFB00D318039018685968FFF792FBA7
:10C0BC003249FCF765FD011C281CFCF76FFB03994A
:10C0CC00051C0298FCF76AFB03990290081CFCF70C
:10C0DC0025FF011C201CFCF761FB0137041C50E7F9
:10C0EC003000FDF7F9FA0799051CFDF771F8011CF2
:10C0FC000590FCF713FF011C0298FCF74FFB069A06
:10C10C00F300D318029018685968FFF763FB1B49BA
:10C11C00FCF736FD0899FDF75BF8011C0A900598B1
:10C12C00FCF7FCFE011C0398FCF738FB291C039060
:10C13C00281CFCF7F3FE0999FDF74AF8051C011CB5
:10C14C000598FCF7EBFE011C381CFCF727FB291C9F
:10C15C00071C281CFCF7E2FE011C0498FCF71EFBD4
:10C16C00291C04900A98FCF7D9FE011C201CFCF732
:10C17C0015FB0136041C20E7FFFFFF1F00FEFF46E6
:10C18C00F8B506000F0014001D00FCF773F9002829
:10C19C000CD0069A079B30003900FCF757F90028A1
:10C1AC002FD034003D0029002000F8BD22002B00C8
:10C1BC0030003900FCF74AF900280FD0069A079B8B
:10C1CC0030003900FCF756F90028EAD1069A079B93
:10C1DC0020002900FCF73AF90028E4D122002B00BA
:10C1EC0030003900FCF746F9002807D0069A079B67
:10C1FC0020002900FCF73EF90028D4D1069C079DAD
:10C20C00D1E722002B0030003900FCF70FF9002891
:10C21C00ECD0D3E7F0B589B0069007911900814BAB
:10C22C0010001B78002B05D100247F4D2000290025
:10C23C0009B0F0BD00227D4BFDF7E4FA02000B00C3
:10C24C0000207B49FDF7A4FE02000B000290039135
:10C25C0000207849FDF79CFE0022774BFEF7B8FDD5
:10C26C00029A039B04000D0000207449FDF790FE18
:10C27C000022714BFEF7ACFD0E9A0F9B00900191C2
:10C28C0020002900FFF77CFF00246D4D02000B00FD
:10C29C000020009401956B49FFF772FF00226A4B56
:10C2AC0004900591FEF794FD684B694AFEF7AAFAD3
:10C2BC000BF036FF674B1B78002B54D10022664BDA
:10C2CC00FDF7A0FA02000B0064486549FDF760FE1B
:10C2DC00644A654BFDF796FA06000F000498059921
:10C2EC000022624BFEF774FD32003B00FEF78AFA27
:10C2FC00002204000D00069807995D4BFEF768FDBF
:10C30C0002000B0020002900FDF77CFA554A0400BE
:10C31C000D00554B30003900FEF75AFD0022554BED
:10C32C00FEF770FA02000B0020002900FDF76AFAF4
:10C33C00514A524BFEF766FA029A039BFEF762FAD9
:10C34C000022002304000D00FCF776F8002800D032
:10C35C006AE7002220002900494BFCF781F80028ED
:10C36C0000D061E762E7009401950E9A0F9B0020C4
:10C37C004449FFF705FF069A079B04000D000020B7
:10C38C004149FEF725FD220006000F002B0000207E
:10C39C003E49FEF71DFD02000B0030003900FDF791
:10C3AC0031FA3B4A04000D0002980399394BFEF711
:10C3BC0029FA02000B0020002900FEF723FA0400E2
:10C3CC000D00354A354BFEF71DFA22002B00FEF707
:10C3DC0019FA22002B00FEF715FA314A06000F005D
:10C3EC00200029002F4BFEF70DFA22002B00FEF740
:10C3FC0009FA02000B0030003900FDF703FA2A4A53
:10C40C0006000F0020002900284BFEF7FBF9020064
:10C41C000B0030003900FDF7F5F9254A254BFEF7E6
:10C42C00D7FC8DE70D04002000002E400010714059
:10C43C0000A07240004C98400000894000A89B402E
:10C44C0000C08C400080864000E08A409999C9BFAA
:10C45C009A999999596300200000F03FC01E85EB12
:10C46C0051B89E3FA4703D0AD7A3E83F00488C40CA
:10C47C0000407F4000408F403BDF4F8D976E92BF56
:10C48C0000002C4000088640009080400028894025
:10C49C009E12E429419E923F1B0DE02D90A0A83FD7
:10C4AC00BA490C022B87F0BF8351499D804620402E
:10C4BC000E2DB29DEF272F401F4B70B51B781F4ED2
:10C4CC0034687568002B18D122002B0000201C4901
:10C4DC00FEF77EFC1B4A1C4BFEF794F922002B0046
:10C4EC00FDF790F9194A1A4B04000D00FBF7B8FF41
:10C4FC0000281CD13460756070BD164B1B88002B56
:10C50C0008D022002B0000201349FEF761FC0D4AD5
:10C51C00124BE1E7200029000A4A114BFEF772F991
:10C52C0002000B0020002900FEF752FCDAE7074B53
:10C53C00074C33607460DFE70D040020D00300204B
:10C54C00000008409A9999999999A93FCBA145B6B1
:10C55C00F3FD07406E6700200000F83F9999B93F42
:10C56C009999C93FFFB516001F002D4B0C000022F6
:10C57C00300039001B78FFB02A4BFBF75DFF2A4DCA
:10C58C0000281BD00022002330003900FBF768FF85
:10C59C00002813D0002C11D10022AA56234C244B76
:10C5AC00D10001325B1820002A702249C822C834FD
:10C5BC001E605F600AF004FF2660676000241E4B5B
:10C5CC002C571D78002C3FDC002D00D077E2002387
:10C5DC001A4C009301940023134AD356192B04DDF3
:10C5EC001A3B13700122144B1A70FFF765FF009968
:10C5FC00019A134B19605A60124B00221C685D683B
:10C60C000E4B20002900FBF711FF002801D10094EC
:10C61C0001950098019983239B009D44F0BDC04671
:10C62C008367002000002C40E2030020F002002071
:10C63C0078620020F8020020E303002000002E4066
:10C64C0008000020000000201A230A93002D00D1BE
:10C65C000A94D02200211AA80AF0C4FE210000235B
:10C66C001231D04A04911A390293009206919C42DD
:10C67C0002DD0699994204DD002D10D004999942EF
:10C68C000DDCD9008C461AAA9444009A891862468B
:10C69C0008684968106051600299013102910A9A48
:10C6AC0001339A42E3DC0822BF4B1A211AA80AF084
:10C6BC001DFC029B029ADB0F9B185B10D20700D467
:10C6CC0000E2DB001AAA9B185C681B6800930194BB
:10C6DC00029B052B00DCE3E0002230003900B34B59
:10C6EC00FBF7A4FE002800D0DAE0B14C0022206851
:10C6FC006168AE4BFBF79AFE002801D0266067609C
:10C70C00236864681C981D990493059432003B00BF
:10C71C00FBF792FE00280BD1049A059B30003900E0
:10C72C00FEF756FB0022A34BFBF79AFE00280AD01B
:10C73C00A14B1A78A14B002A00D1D8E101221A6032
:10C74C0000229D4B1A70029B1AAA023BDB009B181D
:10C75C0019003200086849683B00FBF781FE00288D
:10C76C000BD1049A059B30003900FEF731FB0022F7
:10C77C00934BFBF761FE00280AD0924B1A788F4B33
:10C78C00002A00D1BAE101221A6000228D4B1A70E6
:10C79C008A4B00251A68022A01DD1D6001350298BA
:10C7AC00FEF77EFF0022884BFDF7F2FBFEF73CFF05
:10C7BC001AAAC3009B181900049A059B0400086868
:10C7CC004968FBF739FE002800D09EE1029B1AAAAB
:10C7DC00013B1B1BDB009B181900049A059B086886
:10C7EC004968FBF73DFE002800D08EE1002D57D0A4
:10C7FC00764B774CD02200214EA8069307940AF072
:10C80C00F1FD0023734D4EAC0B932A686B680C92B0
:10C81C000D930C980D99009A019BFEF7D9FA4B00D9
:10C82C005B080F930E9006000F000E980F990022D4
:10C83C00694BFBF715FE002800D169E1009A019BBA
:10C84C00226063600B9B083D01330B930B9A029B98
:10C85C0008349342D9D10123029A00214EA8FFF744
:10C86C0077FB534B06000F000B930020069A079B97
:10C87C005949FEF7ADFA049A059BFDF7C3FF320048
:10C88C0004000D00069807993B00FDF7BBFF0B0059
:10C89C00020029002000FCF7B5FF0B9B18605960C3
:10C8AC000024002600274D4B3E4D1B785BB20493B1
:10C8BC00083B06934A4B1B780B93049B12330C9347
:10C8CC00049BA34202DD069BA34205DD0B9B002BC0
:10C8DC0016D00C9BA34213DC009A019BE100491972
:10C8EC0008684968FEF774FA02000B00FDF78AFF2E
:10C8FC0002000B0030003900FCF784FF06000F002B
:10C90C000A9B0134A342DBDC0298FEF7C9FE02004D
:10C91C000B0030003900FDF73BFB0BF06FFC0A00FD
:10C92C001490159101002F4B19605A6000222E4B68
:10C93C001A702E4B1B78934204D12D4B1B789342CB
:10C94C0000D007E12B4B2C4C204E10931194204F10
:10C95C00049B032B03D10B9B002B00D1FFE0802405
:10C96C000023E4050E930F940022002300240C9264
:10C97C000D930C4B06941693049B013B1793049B4D
:10C98C0012331893049B083B1993049BA34202DDBA
:10C99C00199BA34232DD0B9B002B6FD0189B9C4242
:10C9AC006CDB2BE078620020CD15010800002E40D6
:10C9BC00000000200000E03FC0030020C403002062
:10C9CC000000E0BFC1030020000018409A9999991B
:10C9DC009999C93F800300200000F03FE20300203A
:10C9EC00E303002018000020E0030020596300201E
:10C9FC00E8010020333333333333C33F169AE3005B
:10CA0C009B181A685B681292139312981399009AE8
:10CA1C00019BFEF7DDF9029003910E980F99029B92
:10CA2C000893039B5B005B080993149A159BFDF715
:10CA3C00E9FE02000B0008980999FBF7FDFC0028A1
:10CA4C0008D1109A119B08980999FBF7F5FC00285E
:10CA5C0000D187E00898099932003B00FBF7ECFC09
:10CA6C00002800D17EE00C980D99069B01330693AB
:10CA7C00129A139BFCF7C6FE0C900D910A9B013485
:10CA8C00A34200DD81E7594B1B78002B02D000221A
:10CA9C00574B1A60069B002B00DC9CE51800FEF738
:10CAAC00FFFD02000B000C980D99FDF771FA0A00BE
:10CABC000090019101004F4B19605A608BE51A23CD
:10CACC000A93C6E55A1E1AA9D20052181100DB00AF
:10CADC001AAA9B181A685B6808684968FCF792FEEA
:10CAEC000022454BFDF78EFE00900191F0E51A688F
:10CAFC0001321A600122414B1A7021E61A68013288
:10CB0C001A6001223E4B1A703FE600233A4C71E644
:10CB1C003C4A300039003C4BFBF7A2FC394A002858
:10CB2C0007D000980199384BFCF76CFE20606160CF
:10CB3C0088E630003900354BFBF77EFC002802D12B
:10CB4C000C9A0D9B7CE62F4A2F4B00980199FEF70F
:10CB5C003FF9EBE72E4E2F4F10961197F8E6002376
:10CB6C002D4CFFE6179B9C4288D1204A1578002D4E
:10CB7C0000D183E729490B8864339BB20B800023D7
:10CB8C001370274A13700122264B1A70264B002271
:10CB9C001B78002B13D1029803990023FBF74CFC54
:10CBAC00002819D0124A136801331360104B1B680C
:10CBBC00012B00DC62E701221C4B1A705EE700239C
:10CBCC0002980399FBF74CFC051EEBD10122084B94
:10CBDC001A60154B1D7051E700220298039900232F
:10CBEC00FBF73EFC0028F1D1E0E7C0460D04002025
:10CBFC0008040020200000200000E03FC1030020BA
:10CC0C00C00300209A9999999999B93F9999B9BFFC
:10CC1C00333333333333D33F0000F03F6E670020A0
:10CC2C000C040020E003002030000020050400204C
:10CC3C00F0B5002201260400094F0A488A4200DBA5
:10CC4C00F0BD0825A35C5840030033405B423B40D9
:10CC5C0040085840013D80B2002DF5D10132EDE77E
:10CC6C0001A0FFFFFFFF00000122024B1A800022EF
:10CC7C005A807047F203002070B5084C05002378E9
:10CC8C000E00002B01D1FFF7EFFF31002800FFF75A
:10CC9C00CFFF01236080A080637070BDF203002081
:10CCAC0010B5FFF7E9FF014B187910BDF203002016
:10CCBC000020034B5A78824200D058797047C04606
:10CCCC00F203002070B504000D00002261680068BA
:10CCDC0001F0F4FF29000122032002F0D5FA03CC65
:10CCEC00012201F0EBFF70BD7FB56B4600915A60DD
:10CCFC0019000200050011C911C2012200985968DF
:10CD0C0001F0DCFF0126282303AC2800210023803E
:10CD1C00A670FFF7D7FF3823280021002380A670C8
:10CD2C00FFF7D0FF02232800F61821002380A670FD
:10CD3C00FFF7C8FF302328002100A6702380FFF7DF
:10CD4C00C1FF7FBD07B590220B001202914200D9A2
:10CD5C001300182201A90A701A0A4A708B70FFF787
:10CD6C00B1FF07BD07B590220B001202914200D90A
:10CD7C001300192201A90A701A0A4A708B70FFF766
:10CD8C00A1FF07BD00880B88C01A7047F0B51F00C3
:10CD9C0000250C0085B08B00060018580A9B0392E6
:10CDAC0018603D60039B9C4201DB00251BE0A30047
:10CDBC000293F3580193002D08D1191CFBF776FB55
:10CDCC00431E9841050001980134EBE70199FBF7EC
:10CDDC0081FB0028F7D0029B0A9AF318043B1B68CE
:10CDEC00013C3C601360280005B0F0BDF0B50C00B0
:10CDFC000600002785B003938B001958930001920D
:10CE0C001B580A9A019D1360013C019B9C4207DD53
:10CE1C00002F0DD0631BDA179B185340052B07DD31
:10CE2C00039B0A9A1D60AD00AB59136005B0F0BDB1
:10CE3C00A300F358181C0293FBF74CFB002806D0F8
:10CE4C00002F01D1651C01370299013CDDE7070079
:10CE5C00FAE7F0B50C000600002785B003938B00B1
:10CE6C001958930001921B580A9A019D13600134C2
:10CE7C00019B9C4207DA002F0DD0631BDA179B181D
:10CE8C005340052B07DD039B0A9A1D60AD00AB597F
:10CE9C00136005B0F0BDA300F358181C0293FBF708
:10CEAC0019FB002806D0002F01D1651E013702990D
:10CEBC000134DDE70700FAE770B50D00040002222B
:10CECC00044B0AF013F8E90F491949108900085965
:10CEDC0080B270BD91CD0008F0B50D0000241F4B41
:10CEEC0085B002931E4B21310190203D009103939C
:10CEFC00009B9D420BD11B49201CFBF741FEFEF70A
:10CF0C0021FC0BF07BF9FEF765FC05B0F0BD029A35
:10CF1C006B00D05A039AD35AC01AC317C018584082
:10CF2C00FCF7DAFB019AAB00D158FCF751F9FEF78C
:10CF3C0009FC02000B00FDF765FC0600201C0F002D
:10CF4C00FEF700FC02000B0030003900FCF75AFC25
:10CF5C00FEF740FC0135041CCAE7C046845700208C
:10CF6C00944C002000008242F0B5002689B000AF3E
:10CF7C003A61013A3B60D30F9B185B10B860796043
:10CF8C00BB613B689E4202DBBD4609B0F0BD6B46FF
:10CF9C00BC69FB603B69FB61A64203DA3400730099
:10CFAC000133FB616A460025FB69341B9B00073388
:10CFBC00DB08DB00D31A9D467B61BB68A4001C19FF
:10CFCC00FB69AB420CDC19007869FFF775FFFCF7C5
:10CFDC00D3FB7B68B4001851FB6801369D46D0E743
:10CFEC0001CCFCF759FB7B69AA0098500135E7E7A7
:10CFFC00F0B5002489B00492013A0593D30F9B1825
:10D00C005B100393059B069007915E1E059B9C424B
:10D01C0001DB09B0F0BD039B9C421ADA23006500CA
:10D02C000135069AE31A9B00D718002302930023BC
:10D03C000193029B9D4216DC2800FCF74DFB011C62
:10D04C000198FBF79DFD079BA700D8510134013EC9
:10D05C00DCE7039A3300964202DA75000135E0E70B
:10D06C00039B049DDDE7019802CFFBF797FB029B26
:10D07C00019001330293DCE7F8B504000D000020A9
:10D08C00012917DD00268F00231FFF182168606817
:10D09C00FCF79EF841004908301CFBF77FFB043479
:10D0AC00061CA742F2D1681EFCF716FB011C301CB3
:10D0BC00FBF766FDF8BD0000F0B5A1B01492159316
:10D0CC00002319931A931B9300231D931E931F93F4
:10D0DC00764B04901B780B91002B00D1ACE03223E3
:10D0EC001B93734D734EAB8830002B806B80724B4F
:10D0FC0004995A8800241A80FFF7BEFF21226F4B37
:10D10C0018606F4B1A60049BA34200DD9BE0002467
:10D11C006C4F300021223900FFF76AFF644E049BEC
:10D12C00A34200DD98E00024624F634E049BA342AF
:10D13C0000DD9AE00024634E380021223100FFF715
:10D14C0057FF5D4F049BA34200DD97E000255A4B2F
:10D15C00584C574F0393049BAB4200DD97E0544D62
:10D16C00554E2B8830880027C01AC317C01858405A
:10D17C00FCF7B2FA20606B887088C01AC317C0180D
:10D18C005840FCF7A9FA4F4D4F4A2900049B1268EE
:10D19C0060602000FFF7E8FE412221002800049B7C
:10D1AC00FFF726FF2122464B29001A602000049B22
:10D1BC00FFF71EFFDC220021444852000AF012F94E
:10D1CC00002303930C9300230A930F930793049A61
:10D1DC001CAB00933B4818AB1B99323AFFF7D6FDBA
:10D1EC00039B0890002B00D0A0E1002872D0384B94
:10D1FC00189F1B78002B00D09DE1324C1EAB0122F6
:10D20C003900200000931AABFFF7F0FD049B3900A6
:10D21C005A1E1FAB200000931BABFFF71AFE1C9B82
:10D22C001E99181C0793FBF7D3FF1F990F900798B3
:10D23C00FBF7CEFF0A9072E0254B1B78002B00D138
:10D24C004FE714234CE76300E85AFCF795FAA70064
:10D25C00F7193860013456E7A300F858FBF79CF92E
:10D26C006500AD192880013459E76300F05AFCF7CA
:10D27C0083FAA5007D192860013457E7A300F05804
:10D28C00FBF78AF96500ED19288001345AE7039AF7
:10D29C006B00D05AFB5AAE00C01AC317C0185840C6
:10D2AC00FCF71AFAA6193060013554E75A630020CE
:10D2BC0084570020B4360020944C00206067002076
:10D2CC0028000020D42000202C0000201004002076
:10D2DC00E9010020CB4B1B78002B00D1F2E0CA4BAC
:10D2EC001B78002B00D1F7E00024C84B1D685E684A
:10D2FC00C74B0693049BA34211DD069AA300D0589A
:10D30C00FEF720FA2A003300FBF796F8002800D12C
:10D31C000AE123001894323B32341A931B941B9B62
:10D32C001A9E0693189B340009939B1B642B01DDFA
:10D33C00099C643C099A069B9B1A069A0D92642BD5
:10D34C0002DD099B64330D930D9B25001B1B581CA0
:10D35C0080000E9309F05EFCAE4B10901193119A65
:10D36C00A3009B58139012930D9B9B009B581693F4
:10D37C000D9BAB4200DBEEE01DAB009300210E9A3F
:10D38C00109819ABFFF702FD051E13D01D9B1299C7
:10D39C00181C0793FBF71CFF199F0021E719041CAD
:10D3AC00FBF7A2F8002801D00A940F94089B002BDD
:10D3BC0000D10C95109809F037FC974B1B78002B7B
:10D3CC000BD0964B1B78002B07D0914BBA0094498D
:10D3DC00D058FBF789F8002817D0BB1BDA179B181D
:10D3EC0000205340052B10DD069BFB1ADA179B1807
:10D3FC005340052B09DD069B9B1BDA179B185340EA
:10D40C000122142B00DC02001000089B002B01D120
:10D41C00002D61D0002800D186E3824B28240D9387
:10D42C00039B38005D1CFCF757F965430D9B585165
:10D43C00039B30005C430D9B1C19FCF74DF9E0621B
:10D44C000698FCF749F9079B206363630F9B39002F
:10D45C00A3630A9B6F48E363FFF73EFDBB1BDA1720
:10D46C009B18206453400020052B10DD069BFB1AF3
:10D47C00DA179B185340052B09DD069B9B1BDA170B
:10D48C009B1853400122142B00DC020010002823AF
:10D49C00039A644C5343E418FCF71EF96064099832
:10D4AC00FCF71AF95A4BBA00D358A064E364039BF7
:10D4BC0001330393089B002B0ED0039B0A2B00D047
:10D4CC0085E609E0584B1B78002B00D007E701F0EC
:10D4DC0094F8002800D002E74F4B1B780893002BE0
:10D4EC0000D1D8E0514B4F4C1F78002F51D13E004A
:10D4FC003D004F4B06970A970993039B9D4251DAC7
:10D50C00276C0998391CFAF7E5FF002809D000218F
:10D51C00606CFAF7DFFF002800D0B6E0002E00D1D7
:10D52C00B7E001352834E8E70134E3E6089B002B2B
:10D53C0000D05CE6D0E73F4B1B78002B00D15CE6BB
:10D54C00334BBA00D058FCF7A7F8C3173A4CC018A5
:10D55C005840206051E6281BFCF7BEF8169917902E
:10D56C001298FBF735FE011C1798FBF7D7FC1790A8
:10D57C000E98FCF7B1F8011C1798FBF701FB119AF8
:10D58C00AB00D158FBF70AF9139B013501C3139378
:10D59C00EEE600252E00264B06950A950993039B73
:10D5AC009D424BDB184B1B780793002B00D19CE062
:10D5BC001D4B00251F781B4C002F00D092E0039BC5
:10D5CC00022B00D137E13D000027039B9D4200DB7D
:10D5DC008BE0E16BA06BFBF7A1FC0990011C381CE4
:10D5EC00FAF764FF002809D00021606CFAF772FF8B
:10D5FC00002800D031E1002E00D132E10135283471
:10D60C00E3E7C046C76500205A63002038020020BB
:10D61C00F40A0020D4200020E9010020E8010020B9
:10D62C000080184410040020D3650020D26500202F
:10D63C0000FEFF465963002068670020E06CFEF78F
:10D64C0081F8149A159BFDF7C3FBFDF7EDFFC3178B
:10D65C00C0185840FCF740F80790011C0998FAF7DD
:10D66C0039FF002807D00021606CFAF733FF00283F
:10D67C0004D1002E07D00135283490E7079B3E00DB
:10D68C000A950993F7E70695F5E7089E0A95099719
:10D69C0047E7069545E7089EC54B06960A960993FB
:10D6AC0080E7E06CFEF74EF8149A159BFDF790FBA3
:10D6BC00FDF7BAFFC317C0185840FCF70DF80D90D2
:10D6CC00011C0998FAF706FF002809D00021606CAC
:10D6DC00FAF700FF002800D0A6E0002E00D1A8E049
:10D6EC0001352834039B9D42DBDB002E01D00A9BC5
:10D6FC000693039B002B00D0B6E0AE4C049D236038
:10D70C00A360013DAC4BE560AD001A68AB4EEB5825
:10D71C0022616261A3613068FAF73EFF80B2A08398
:10D72C00E083A859FAF738FF20840398A44CA14D44
:10D73C00079B2E692060002B1BD0301CFAF72CFFA6
:10D74C00A04B20601B78002B13D19F4A9F4B127863
:10D75C00002A0ED11B689E4C013BDB00E418301CE8
:10D76C00FDF7F0FF22686368FCF74CF8FEF732F81F
:10D77C002861904E3069FDF7E5FF0A000490059191
:10D78C0001000B9B706919645A64FDF7DBFF0B9B5E
:10D79C0018655965B069FDF7D5FF0B9B186659667E
:10D7AC00B18B6A3319800B9BF28B6E331A800B9BF7
:10D7BC00728C76331A800B98B38C7A30038007986E
:10D7CC00002800D126E1C820400081428041814CD4
:10D7DC004042207080480478002C0BD00020092691
:10D7EC000700964247417D4D2F707D4D092B00D887
:10D7FC00013028707B480078002800D18EE1002091
:10D80C0009260700964247419E424041734D2F70B6
:10D81C00734D2870002C00D1A4E073484F2A01D915
:10D82C004F2B5FD801235EE00D9B3E000A950993B8
:10D83C0056E7069554E70021606CFAF74BFE00287A
:10D84C0011D10021E06EFAF745FE0123002802D128
:10D85C000A9B002E08D0069306E0079E099F0A95A6
:10D86C00CCE60695CAE606972825069B514C5D43E7
:10D87C006519686BFAF790FEA083E86AFBF70CFF5A
:10D88C004E4E830098590493FAF786FEE083286B7A
:10D89C00FBF702FF8700B859FAF77EFE2822069B99
:10D8AC002084013353431859FBF7F6FE424E800097
:10D8BC008359A86B2361049B9B596361BB59A3617A
:10D8CC00FAF76AFE6084E86BFAF766FEA084A86C2F
:10D8DC00FBF7E2FE80008059FBF7DEFEC317C01891
:10D8EC00584023E700230370404B41481A7801232A
:10D8FC005340404A03701370C8235B00994207D30E
:10D90C00364B1B78002B03D1354B1B78002B42D0A8
:10D91C0000230370039B384C002B2CD123883749F0
:10D92C005B189BB22380039B13700022344B1A703C
:10D93C00294A1278002A10D12A4A1278002A0CD0CF
:10D94C00244A1278002A08D12E4A1278002A04D0D0
:10D95C00039A002A01D001221A7000222A4B1A7055
:10D96C0021B0F0BD2748182A00D85BE7182B00D847
:10D97C0058E70470B8E70C9B002B07D000F0D0FEE2
:10D98C002388224A9B189BB22380CEE700F0C8FE66
:10D99C0023881F4AF6E70C9A002AC6D0037000F0C1
:10D9AC00BFFE154A194913885B189BB21380BCE75C
:10D9BC0000FEFF4610040020F40A0020D4200020B2
:10D9CC00686700205C630020C40A0020880A0020DD
:10D9DC003865002004040020596300200304002053
:10D9EC0002040020E8010020010400200E040020A5
:10D9FC000C0400200D0400206E67002050C3FFFFB4
:10DA0C00FE03002000040020FF030020204E000035
:10DA1C001027000008980028A2D0FA26B600B142C0
:10DA2C00B64144487642067009270798424E0400D6
:10DA3C009742404125009F42644130703F4804703A
:10DA4C00C72A05D9C72228009A426841C2B2089257
:10DA5C003B4A089810703B4A1278002A05D03A4A83
:10DA6C00126B022A01DC002232700120FA27374A9D
:10DA7C00374E12788446424032703648BF00B94265
:10DA8C0005D32D4F3F78002F01D1092B30D80C9B9B
:10DA9C00002B1FD13370039B2F4A002B05D1138809
:10DAAC002E4C1B199BB213800CE013882C4C1B19A9
:10DABC009BB213800122049C059D2A4B1A702A4BA1
:10DACC001C605D6000230370FA239B00994200D216
:10DADC0046E718E00122049C059D224B1A70224B4C
:10DAEC001D4A1C605D600023204C33701388D8E7FE
:10DAFC00002A17D062461B4B07701A701A4B0499F8
:10DB0C00059A19605A60089B002B00D128E7039BEB
:10DB1C00002B00D124E70123037021E7002C00D057
:10DB2C007BE6E1E60270EEE7089B002B01D0FFF7E5
:10DB3C004EFBD1E4FC030020FB030020FA03002081
:10DB4C00F9030020E8010020880A00200E040020C0
:10DB5C00FD030020F80300206E67002050C3FFFF78
:10DB6C0010270000B165002008020020409CFFFF38
:10DB7C0010B50100662000F02FFF10BD10B501009C
:10DB8C00622000F029FF10BD10B50100632000F0E9
:10DB9C0023FF10BD10B50100602000F01DFF10BD6B
:10DBAC0010B50100612000F017FF10BD10B5010089
:10DBBC00C02000F011FF10BD10B50100672000F06F
:10DBCC000BFF10BD10B501006B2000F005FF10BD60
:10DBDC0037B50100682000F0FFFE0A4B01AD186854
:10DBEC005968FDF7F7FD011C280005F0D8FF00244B
:10DBFC0020006C30295D80B2013400F0EDFE042C65
:10DC0C00F6D137BDD003002000233B2909D81818C2
:10DC1C00C0B2182801D9182000210002081880B2BF
:10DC2C0070473C390133C9B2DBB2EEE710B5FFF7F0
:10DC3C00EBFF0400010AC9B2642000F0CDFE6520A0
:10DC4C00E1B200F0C9FE10BD10B5642000F0A6FED4
:10DC5C000400652000F0A2FE01002000FFF7D4FFB5
:10DC6C0010BD10B5040001000C22C52000F0C2FE4E
:10DC7C0021000C22D12000F0BDFE8A200C222100B4
:10DC8C00400000F0B7FE10BD70B50D4E0500747964
:10DC9C001022122C0ED0112C10D8013C2000203058
:10DCAC00032180B2013400F097FE122CF6D1727968
:10DCBC00023AD2B22900202000F0CCFE70BDC04642
:10DCCC00C805002070B5050000242000203080B26B
:10DCDC0000F064FE032804D128550134102CF4D133
:10DCEC0013E02028F8D02D28F6D02E28F4D02F2899
:10DCFC0003D93928F0D94028EED810220321280066
:10DD0C0009F070FB2800FFF7BFFF70BD70B50D4E1A
:10DD1C00050074791022122C0ED0112C10D8013C55
:10DD2C0020004030032180B2013400F055FE122C4B
:10DD3C00F6D17279023AD2B22900402000F08AFE64
:10DD4C0070BDC046C805002070B505000024200039
:10DD5C00403080B200F022FE032804D12855013453
:10DD6C00102CF4D113E02028F8D02D28F6D02E2832
:10DD7C00F4D02F2803D93928F0D94028EED8102216
:10DD8C000321280009F02EFB2800FFF77DFF70BD52
:10DD9C0010B50100E02000F01FFE10BD0100932023
:10DDAC0010B5400000F018FE10BD932010B54000D7
:10DDBC0000F0F4FDFF2803D1AA38FFF7EFFF552040
:10DDCC0010BD10B5E02000F0E9FDFF2803D1FD38AF
:10DDDC00FFF7DEFF022010BDF7B5F0248527114EAA
:10DDEC006400BF0003CEFDF7F5FC01AD011C28005B
:10DDFC0005F0D5FE2000297800F0EEFD601C697856
:10DE0C0080B200F0E9FDA01CA97880B200F0E4FD1E
:10DE1C00E01C0434E97880B2A4B200F0DDFDBC4211
:10DE2C00E0D1F7BD3865002073B5114E114C03CE0F
:10DE3C00FDF7D0FC01AD011C280005F0B0FE200060
:10DE4C00297800F0C9FD601C697880B200F0C4FD2F
:10DE5C00A01CA97880B200F0BFFDE01CE97880B26C
:10DE6C0000F0BAFD0434044BA4B29C42DFD173BD64
:10DE7C00D0640020A3020000D702000073B5114E3D
:10DE8C00114C03CEFDF7A6FC01AD011C280005F0DA
:10DE9C0086FE2000297800F09FFD601C697880B216
:10DEAC0000F09AFDA01CA97880B200F095FDE01C52
:10DEBC00E97880B200F090FD0434044BA4B29C428B
:10DECC00DFD173BD68640020D70200000B03000093
:10DEDC0073B5114E114C03CEFDF77CFC01AD011C4A
:10DEEC00280005F05CFE2000297800F075FD601C10
:10DEFC00697880B200F070FDA01CA97880B200F0A7
:10DF0C006BFDE01CE97880B200F066FD0434044B34
:10DF1C00A4B29C42DFD173BD006400200B0300004F
:10DF2C003F03000073B5114E114C03CEFDF752FCAC
:10DF3C0001AD011C280005F032FE2000297800F00C
:10DF4C004BFD601C697880B200F046FDA01CA978DE
:10DF5C0080B200F041FDE01CE97880B200F03CFD9D
:10DF6C000434044BA4B29C42DFD173BD98630020EF
:10DF7C003F0300007303000010B5002420002C3078
:10DF8C00FF3080B200F00AFD024B185501340D2C05
:10DF9C00F4D110BDE403002010B500242000064B82
:10DFAC002C30195DFF30C9B280B2013400F014FD81
:10DFBC000D2CF3D110BDC046E403002010B5002495
:10DFCC002000054BC130FF30195D80B2013400F0E8
:10DFDC0003FD0D2CF4D110BD8463002010B500247A
:10DFEC00054B195D85239B00E01880B2013400F0CD
:10DFFC00F3FC0D2CF4D110BD7763002070B5002418
:10E00C0025004135FF35ADB2280000F0C7FC431E9A
:10E01C00DBB2082B04D92800052100F0DDFC05201B
:10E02C00024B185501340F2CEAD170BDA0650020AD
:10E03C0010B500242000054B4130FF30195D80B233
:10E04C00013400F0C9FC0F2CF4D110BDA0650020E8
:10E05C000A4B37B518685968FDF7BCFB01AD011CBC
:10E06C00280005F09CFD00242000E830295D80B2DA
:10E07C00013400F0B1FC042CF6D137BD10000020A7
:10E08C000A4B37B518685968FDF7A4FB01AD011CA4
:10E09C00280005F084FD00242000F630295D80B2B4
:10E0AC00013400F099FC042CF6D137BDD8030020C4
:10E0BC000A4B37B518685968FDF78CFB01AD011C8C
:10E0CC00280005F06CFD00242000E430295D80B2AE
:10E0DC00013400F081FC042CF6D137BD2000002067
:10E0EC0073B51A4E1A4C03CEFDF774FB01AD011C2F
:10E0FC00280005F054FD2000297800F06DFC601C10
:10E10C00697880B200F068FCA01CA97880B200F09D
:10E11C0063FCE01CE97880B200F05EFC04340D4B2B
:10E12C00A4B29C42DFD10C4BE320197800F054FCD4
:10E13C000A4BE220197800F04FFCFFF7B9FF922050
:10E14C00074B4000197800F047FC73BD7862002043
:10E15C003B020000A3020000E3030020E2030020C6
:10E16C00E10300200A4B37B518685968FDF732FBFC
:10E17C0001AD011C280005F012FD00242000EC303C
:10E18C00295D80B2013400F027FC042CF6D137BD98
:10E19C00400200200D4B37B518685968FDF71AFB83
:10E1AC0001AD011C280005F0FAFC00242000F03021
:10E1BC00295D80B2013400F00FFC042CF6D1044B25
:10E1CC00F4201978C9B200F007FC37BD38020020E2
:10E1DC00C76500200100262010B5FF3000F0FCFBC5
:10E1EC0010BD10B50100692000F0F6FB10BD000059
:10E1FC0010B50100014800F0EFFB10BD3902000022
:10E20C000100D12010B5400000F0E6FB10BD01006C
:10E21C00D42010B5400000F0DFFB10BD0100AA2097
:10E22C0010B5FF3000F0D8FB10BD0100D72010B5A1
:10E23C00400000F0D1FB10BD0100D52010B540000E
:10E24C0000F0CAFB10BD0100A42010B5FF3000F097
:10E25C00C3FB10BD0100AC2010B5FF3000F0BCFBBF
:10E26C0010BD0100D22010B5400000F0B5FB10BD70
:10E27C000100AE2010B5FF3000F0AEFB10BD010068
:10E28C00D62010B5400000F0A7FB10BD10B5010C56
:10E29C000400A820C9B2FF3000F09EFBD320210A55
:10E2AC00C9B2400000F098FBA620E1B2FF3000F0AC
:10E2BC0093FB10BD002110B50800FFF7B7FC01203F
:10E2CC00FFF768FC0120FFF76BFC0020FFF7DEFF77
:10E2DC0010BD10B5040000F0D9FBFFF7EBFF2100D7
:10E2EC000622012000F0B6FB21000622102000F0CF
:10E2FC00B1FB06222100302000F0ACFB10BDF0B5C4
:10E30C00012500272C008FB006AB059001930293DA
:10E31C000395BEB2701C80B200F040FB029B1870DB
:10E32C003000103080B200F039FB082206AB9B188D
:10E33C003036D8550490B0B200F030FB029A0499F4
:10E34C0012780AABF854914253D1049A904207D0F8
:10E35C000024250004E00024049A03948242F8D19E
:10E36C00029A013701320292062FD2D106AA127AF2
:10E37C001B78134006AA1278FF2A0DD1FF3B5A4294
:10E38C005341DEB200230CA9002C02D1039A002ABF
:10E39C000AD0019A12780DE00026FF2BF2D106A8C4
:10E3AC00FFF797FF3500EDE7002DF2D0082006AA05
:10E3BC001218D25C5A54019A013301320192062B85
:10E3CC00E2D10023CA5C10003038092809D9062292
:10E3DC003021059809F006F80598FFF77AFF0FB081
:10E3EC00F0BD0598C254002EF1D10133062BE9D1B2
:10E3FC00F5E79042AFD1002215000392B0E701007F
:10E40C00282010B5FF3000F0E7FA10BD01002A20DB
:10E41C0010B5FF3000F0E0FA10BD0100952010B5EA
:10E42C00400000F0D9FA10BD10B50100014800F011
:10E43C00D3FA10BD3602000010B50100014800F0FF
:10E44C00CBFA10BD3702000070B505000024200087
:10E45C00803080B200F0A2FA28550134102CF6D18D
:10E46C0070BD10B501001022802000F0F3FA10BD31
:10E47C00D02310B50C000100580000F0ADFAA2201A
:10E48C002100FF3000F0A8FA10BDF7B504001D0004
:10E49C000091019200F082FA0600200000F07EFA52
:10E4AC0007003000BE4208D0200000F077FA874207
:10E4BC0003D0200000F072FA3000019B984202D881
:10E4CC00009B984204D22000290000F085FA280015
:10E4DC00FEBD022310B51A0001216620FFF7D5FFFF
:10E4EC0010BD10B50723082201216220FFF7CDFFD4
:10E4FC0010BD10B50023F0220A216320FFF7C5FFE1
:10E50C0010BD012310B5FF2219006020FFF7BDFFDD
:10E51C0010BD012310B5022219006120FFF7B5FFD1
:10E52C0010BD022310B51A000121C020FFF7ADFF6A
:10E53C0010BD012310B5022219006720FFF7A5FFBB
:10E54C0010BD002310B5F02219006B20FFF79DFFC2
:10E55C0010BD000070B50024FF2585239B00E0183A
:10E56C002A002B00012180B2FFF78FFF024B1855B8
:10E57C0001340D2CF1D170BD77630020012310B54F
:10E58C00022219006920FFF780FF10BD022310B58D
:10E59C001A0001210148FFF778FF10BD3902000075
:10E5AC000123D12010B5022219009840FFF76DFF0E
:10E5BC0010BD0123D42010B5022219009840FFF79A
:10E5CC0064FF10BD0123AA2010B502221900FF30F0
:10E5DC00FFF75BFF10BD0121D72010B50B23FE22E6
:10E5EC008840FFF752FF10BD0123D52010B5022241
:10E5FC0019009840FFF749FF10BD0023A42010B567
:10E60C00FE221900FF30FFF740FF10BD0023AC20A5
:10E61C0010B5FE221900FF30FFF737FF10BD0023A5
:10E62C00D22010B5FE2219004000FFF72EFF10BDBE
:10E63C000023AE2010B5FE221900FF30FFF725FF96
:10E64C0010BD0023D62010B50D2219004000FFF795
:10E65C001CFF10BD0023FF22A82010B51900801844
:10E66C00FFF713FF00230400D3201900FF22400002
:10E67C00FFF70BFF240400020023FF222418A6201E
:10E68C0019008018FFF701FF001910BD0123262087
:10E69C0010B502221900FF30FFF7F7FE10BD0F2353
:10E6AC002A2010B51A000E21FF30FFF7EEFE10BD28
:10E6BC000023952010B5FF2219004000FFF7E5FE5E
:10E6CC0010BD000010B50B230D2201210148FFF7EE
:10E6DC00DCFE10BD36020000012310B50D2219001E
:10E6EC000148FFF7D2FE10BD3702000037B5050018
:10E6FC000024281980B200F051F901AB18550134EF
:10E70C00042CF6D12100180005F038FA0198011CF0
:10E71C00F9F7C6FE002801D10023019301983EBDF4
:10E72C00002370B5062219006820FFF7AEFE040026
:10E73C006C20FFF7DBFFFDF705F8024D28606960E0
:10E74C00200070BDD003002070B5F0248526074D45
:10E75C006400B6002000FFF7C9FFFCF7F3FF043498
:10E76C00A4B203C5B442F5D170BDC04638650020D3
:10E77C0070B5074D074C2000FFF7B8FFFCF7E2FF20
:10E78C000434054BA4B203C59C42F4D170BDC04601
:10E79C00D0640020A3020000D702000070B5074D22
:10E7AC00074C2000FFF7A2FFFCF7CCFF0434054B0D
:10E7BC00A4B203C59C42F4D170BDC046686400206D
:10E7CC00D70200000B03000070B5074D074C20006A
:10E7DC00FFF78CFFFCF7B6FF0434054BA4B203C55E
:10E7EC009C42F4D170BDC046006400200B030000B5
:10E7FC003F03000070B5074D074C2000FFF776FF74
:10E80C00FCF7A0FF0434054BA4B203C59C42F4D121
:10E81C0070BDC046986300203F03000073030000E6
:10E82C0010B5EC20FFF762FFFCF78CFF10BD000069
:10E83C0070B5354D354C2000FFF758FFFCF782FFC3
:10E84C000434334BA4B203C59C42F4D10023190009
:10E85C001A22E220FFF719FE2E4B0122187000231A
:10E86C00E3201900FFF711FE421E90412A4B18704D
:10E87C00E420FFF73BFFFCF765FF284B186059605D
:10E88C00274B18605960274B18605960E820FFF738
:10E89C002DFFFCF757FF244C20606160F620FFF73A
:10E8AC0025FFFCF74FFF214C20606160F020FFF743
:10E8BC001DFFFCF747FF1E4B0122186059601D4BD2
:10E8CC00186059600023F4201900FFF7DEFD431E89
:10E8DC009841194BC0B21870002301221900F52081
:10E8EC00FFF7D3FD431E9841144BC0B218700023A0
:10E8FC009220012219004000FFF7C7FD421E9041F3
:10E90C000F4B187070BDC046786200203B020000AF
:10E91C00A3020000E2030020E303002020000020FB
:10E92C00D80A00200000002010000020D80300208E
:10E93C0038020020E00A0020C7650020C5650020D1
:10E94C00E103002037B502236A46134C40BA5370DA
:10E95C005080117120680022616800F0AFF9062028
:10E96C0000F070FC20680122616800F0A7F92068B3
:10E97C000022616800F0A2F901256B46585D013553
:10E98C0000F060FC052DF8D120680122616800F0D0
:10E99C0095F900F003FD37BD3400002070B505007B
:10E9AC000C4C00222068616800F088F9032000F00C
:10E9BC0049FC280A00F046FCE8B200F043FC00F0E9
:10E9CC0095FC050001222068616800F077F92800A9
:10E9DC0070BDC0463400002070B505000C00280046
:10E9EC00FFF7DCFFA04204D021002800FFF7AAFFAC
:10E9FC00F5E770BDF8B505000F001600144C0022A9
:10EA0C002068616800F05AF9062000F01BFC2068B1
:10EA1C000122616800F052F900222068616800F060
:10EA2C004DF9022000F00EFC280A00F00BFCE8B2B5
:10EA3C0000F008FC39003000002200F025FC2068B2
:10EA4C000122616800F03AF900F0A8FCF8BDC0465C
:10EA5C0034000020F7B50D00160005270190320098
:10EA6C0029000198FFF7C6FF0024A64200DCF7BD81
:10EA7C00019B181980B2FFF791FF2B5D834201D1E6
:10EA8C000134F2E7013F002FE9D1F0E730B589B04E
:10EA9C002022FF216846802508F0A4FC0024ED000C
:10EAAC002000203420226946A4B2FFF7D3FFAC42E9
:10EABC00F6D109B030BD0000604B10B518680022CB
:10EACC00596800F0FBF85E4B00221868596800F09A
:10EADC00F5F85C4B00221868596800F0EFF85A4BB7
:10EAEC0000221868596800F0E9F8584B00221868A1
:10EAFC00596800F0E3F8564B00221868596800F08A
:10EB0C00DDF8544B00221868596800F0D7F8524BC6
:10EB1C0000221868596800F0D1F8504B0022186890
:10EB2C00596800F0CBF84E4B00221868596800F079
:10EB3C00C5F84C4B00221868596800F0BFF84A4BD6
:10EB4C0000221868596800F0B9F8484B0022186880
:10EB5C00596800F0B3F8464B00221868596800F069
:10EB6C00ADF8444B00221868596800F0A7F8424BE6
:10EB7C0000221868596800F0A1F8404B0022186870
:10EB8C00596800F09BF83E4B00221868596800F059
:10EB9C0095F83C4B00221868596800F08FF83A4BF6
:10EBAC0000221868596800F089F8384B0022186860
:10EBBC00596800F083F8364B00221868596800F049
:10EBCC007DF8344B01221868596800F077F8324B05
:10EBDC0001221868596800F071F8304B012218684E
:10EBEC00596800F06BF82E4B01221868596800F038
:10EBFC0065F82C4B01221868596800F05FF82A4B15
:10EC0C0001221868596800F059F8284B012218683D
:10EC1C00596800F053F8264B01221868596800F027
:10EC2C004DF8244B00221868596800F047F8224B25
:10EC3C0001221868596800F041F810BD94000020BA
:10EC4C008C00002074000020840000206C00002048
:10EC5C007C000020440100203C01002034010020F5
:10EC6C002C010020240100201C0100201401002094
:10EC7C000C01002004010020FC000020F400002006
:10EC8C00EC000020E4000020DC000020D400002078
:10EC9C00CC000020440000203C0000203400002068
:10ECAC00C4000020BC000020AC000020B4000020F8
:10ECBC00640000205C000020A400002007B589B28D
:10ECCC0006F046F907BD07B589B206F03BF9431EBD
:10ECDC009841C0B20EBD000030B593B0382200216F
:10ECEC0004A808F07FFB10220021684608F07AFB8C
:10ECFC008020800006F0DCF906F0D0F91821194AC2
:10ED0C000124D36D02258B43D36505230493802303
:10ED1C005B02059303230C9300230D9308330E938E
:10ED2C0080239B020F9380239B041093802304A8C1
:10ED3C009B0506940B95119306F0E6F9002801D07B
:10ED4C0072B6FEE7072302900390210068460093F9
:10ED5C00019506F041FC002801D072B6FEE713B015
:10ED6C0030BDC04600100240F0B58FB005F00CFE6F
:10ED7C00FFF7B2FF1422002109A808F033FB04228C
:10ED8C000126C74DC74C6B6B210013436B636B6B38
:10ED9C00C54813400493049B6B6B1C3213436B6389
:10EDAC006B6BC24F13400593059B6B6B1E3A334341
:10EDBC006B636B6B33400693069B6B6B13436B63FC
:10EDCC006B6B13400793079B6B6B063213436B63A0
:10EDDC006B6B134008930022089B06F0B9F8A02037
:10EDEC0039000022C00506F0B3F80022B049B14842
:10EDFC0006F0AEF80022B049B04806F0A9F8099424
:10EE0C000024A94809A90A960B940C9405F0E8FF74
:10EE1C00A020052309A9C00509930A940B9405F0B9
:10EE2C00DFFFA02009A9C00509970A960B940C9442
:10EE3C0005F0D6FFA0200323102709A9C0050A93CB
:10EE4C0009970B9405F0CCFF994B9A4809A90993A3
:10EE5C000A960B940C9405F0C3FF974B974809A99D
:10EE6C0009930A960B940C9405F0BAFF082291486A
:10EE7C0009A909920A940B9405F0B2FFAB6B21001F
:10EE8C003343AB63AB6B2200334009200393039BEA
:10EE9C0005F0B2FD092005F0D9FD894D894B2800FC
:10EEAC002B60894BAC606B60EE602C616C61AC616B
:10EEBC00EC612C6206F052F80100A04201D072B64F
:10EECC00FEE7280006F0A0F8011E01D072B6FEE79E
:10EEDC00280006F0BFF8031E01D072B6FEE7E0254D
:10EEEC0007247A487A4AED004360836003614361EA
:10EEFC008361036243628362036343630260C560A0
:10EF0C00C46206F0E7FD031E01D072B6FEE771483D
:10EF1C00714A83600260822203614361036243622F
:10EF2C0083620363082352004260FC32C560826135
:10EF3C00C761C462436306F0CDFD011E01D072B6F9
:10EF4C00FEE7664C664B0200236096239B016360D0
:10EF5C000C23A060E06020616361A0610300E061AC
:10EF6C0020626062A062200007F078FD011E01D0D3
:10EF7C0072B6FEE7200007F0D9FD011E01D072B673
:10EF8C00FEE7200007F0F2FD002801D072B6FEE784
:10EF9C00200007F0ADFD031E01D072B6FEE7FF2680
:10EFAC005048514A514F026046608360C76003610C
:10EFBC00836106F069FF002801D072B6FEE74C4869
:10EFCC004C4B466003600023C76083600361436160
:10EFDC00836106F059FF031E01D072B6FEE7464866
:10EFEC00464A466002608360C76003614361836187
:10EFFC0006F04AFF0190002801D072B6FEE70C2201
:10F00C00019909A808F0EEF93D4D3E4B28002B6004
:10F01C00019B6E60AB60EF60AB6106F035FF0028C2
:10F02C0001D072B6FEE709900B9009A9280006F0F2
:10F03C0055FF0190002801D072B6FEE70C22019911
:10F04C0009A808F0CFF9304D304B28002B60019BFC
:10F05C006E60AB60EF60AB6106F016FF002801D06C
:10F06C0072B6FEE709900B9009A9280006F036FF4E
:10F07C00031E01D072B6FEE72548264A8360026063
:10F08C007F22C2608022D205066143618361C36125
:10F09C000262436206F0C8FC00283DD072B6FEE75F
:10F0AC0000100240FF3F000000080050280900003B
:10F0BC0034FF00000004005065030000000C0050F9
:10F0CC008C09002000540040BB7C7000FC08002020
:10F0DC0000300140980800200038004088060020CD
:10F0EC0000380140B407002000200040FFFF000062
:10F0FC0068070020004401401C0700200048014024
:10F10C0000080020001400404C08002000100040B3
:10F11C006009002000280040FFF7CEFC28222000C8
:10F12C00194907F045FD0126184F3B78002B12D0EA
:10F13C00174D2B78DCB2002B0DD102202E7000F075
:10F14C003BFB144B3C701C70134B1C70134B1C7012
:10F15C00134B1C702C70134F3B78002BE4D00C4DD0
:10F16C002B78DCB2002BDFD101202E7000F024FBB9
:10F17C00084B3C701C70084B1C70084B1C70084BE7
:10F18C001C702C70D0E7C04604060020836700205A
:10F19C007E6700207D6700207C6700207A67002056
:10F1AC00786700208467002070B50B4D0B4C0A006B
:10F1BC002100280008F0ABF92800282105F086FB77
:10F1CC0021002822064807F0F3FC0421054B1A689D
:10F1DC0013688B43136070BDDC050020040600200F
:10F1EC00880600202C06002007B56B46D91D087038
:10F1FC0064230122014807F015FB07BD8806002097
:10F20C0010B5044C0A0001006423200007F00AFB2F
:10F21C0010BDC04688060020034B1A6840231168B5
:10F22C000B4313607047C046FC08002002230349BF
:10F23C008A681A42FCD0024B1870704700300140AB
:10F24C000C300140402210B501240C4B1B6819688E
:10F25C00914319601968A1431960196819601968FC
:10F26C000A431A600222064B99681142FCD0054AE7
:10F27C001070802299681142FCD110BD98080020B2
:10F28C00003800400C380040F0B540240126144BE7
:10F29C001B681D68A5431D601D68B5431D601D6876
:10F2AC00104E15431D601A68802514431C60002203
:10F2BC0002240D4B904208DC022299681142FCD0CA
:10F2CC00802299681142FCD1F0BD9F682742FCD086
:10F2DC009F682F42FCD18F5C01323770EAE7C04641
:10F2EC00980800200C38004000380040402210B52F
:10F2FC0001240F4803681968914319601968A143E8
:10F30C0019601968196019680A431A6006F05AFCEA
:10F31C000222084B99681142FCD00021064A117058
:10F32C00012299681142FCD0D868C0B210BDC04609
:10F33C0098080020003800400C380040F8B5144FF5
:10F34C000400380016000D0006F03CFC40223B681F
:10F35C00196891431960012118688843186018686E
:10F36C003043186018680B4E02431A6002200023C9
:10F37C00094A9C4200DCF8BD97680742FCD0002784
:10F38C00377097680F42FCD0D768EF540133F0E721
:10F39C00980800200C3800400038004070B50C4C28
:10F3AC00002220686168FFF789FC0520FFF74AFFFF
:10F3BC000125FFF79BFFFFF799FF284205D1206835
:10F3CC0001226168FFF77AFC70BDFFF78FFFF4E74D
:10F3DC003400002010B5062807D10C48022203681F
:10F3EC0052421A6106F002FC10BD072801D10848F0
:10F3FC00F4E70E2801D10748F0E7102801D10648A0
:10F40C00ECE71128F0D10548E8E7C0464C0800208D
:10F41C0000080020B4070020680700201C0700200B
:10F42C0010B5062803D10A4806F014FC10BD0728B5
:10F43C0001D10848F8E70E2801D10748F4E7102855
:10F44C0001D10648F0E71128F0D10548ECE7C04699
:10F45C004C08002000080020B4070020680700209A
:10F46C001C070020084B06280BD0084B072808D097
:10F47C00074B0E2805D0074B102802D0112802D1BB
:10F48C00054B1B68D96270474C080020000800200F
:10F49C00B4070020680700201C070020084B062832
:10F4AC000BD0084B072808D0074B0E2805D0074B6C
:10F4BC00102802D0112802D1054B1B6859627047E5
:10F4CC004C08002000080020B4070020680700202A
:10F4DC001C07002062B6704772B670470E4B10B511
:10F4EC000400984207D103F0AFFB0C4B9C4207D1B0
:10F4FC0003F094FA0FE00A4B984207D103F06AFE2E
:10F50C00084B9C4207D103F0B5FA04E0064B984235
:10F51C00EBD103F06DFE10BD4C08002068070020F5
:10F52C00000800201C070020B407002072B6FEE77C
:10F53C00F7B52C4C2C4A23001068516880331860A6
:10F54C0059602A4B00261A685B6800270025226147
:10F55C0063610022264B01A826626762A662E762FD
:10F56C0026636763226463642580A56304F060F8F6
:10F57C006B4622009B8848325BBA138001A832008C
:10F58C003B002665676504F053F86B4622009B88A8
:10F59C0058325BBA138001A832003B0026666766BE
:10F5AC0004F046F86B4622009B8868325BBA1380E5
:10F5BC0023006A331D8023006E331D8023007233B9
:10F5CC001D80230076331D8023007A331D80230099
:10F5DC0088331E605F6023007E3490331E605F6052
:10F5EC002580F7BDE009002020000020100000203D
:10F5FC00E0FFEF40F8B50022334BFAF703F9002295
:10F60C00324BFAF7C5FC04000D00314A314BFBF7C5
:10F61C00F9F822002B00FBF7F5F822002B00FBF782
:10F62C00F1F82D4A06000F00200029002B4BFBF7A8
:10F63C00E9F822002B00FBF7E5F802000B00300084
:10F64C003900FAF7DFF8244A06000F0020002900E1
:10F65C00234BFBF7D7F802000B0030003900FAF708
:10F66C00D1F8204A204BFBF7B3FB08F059FD0022E0
:10F67C001E4B04000D00F8F7F3FE002812D01C4BB3
:10F68C001B78002B04D001221A4B1B4C1B4D1A70FB
:10F69C001B4B1B78002B02D00122164B1A70290031
:10F6AC002000F8BD002220002900164BF8F7C4FEFC
:10F6BC000028F4D0124B1B78002BF0D001220D4BFC
:10F6CC000D4C0E4D1A70EAE70000894000E09540A1
:10F6DC00D7A3703D0AD581406666666666D29EC029
:10F6EC006672A140295C8FC2F5D8894000001E408B
:10F6FC00E8010020646700208FC2F5285CFF5840A9
:10F70C00596300200000F03FF8B50D0004000D4ACD
:10F71C000D4BFBF777F82B002200FBF773F80B4A25
:10F72C0006000F0020002900094BFBF76BF80200C4
:10F73C000B0030003900FAF765F8064A064BFAF769
:10F74C0061F8F8BD865AD3BCE3149DBF454772F9E6
:10F75C000FE9FE3F4A0C022B8716A93FF8B50F00A4
:10F76C0019000E4B06001B781000002B12D00C4C0D
:10F77C000C4D00220C4BFBF72BFB2B002200FBF754
:10F78C0041F80022094BFAF73DF832003B00FBF739
:10F79C0039F8F8BD064C074DEBE7C046596300201D
:10F7AC009A9999999999993F000039400000F03F36
:10F7BC007B14AE47E17A943F0023F0B5B3B0CB4C49
:10F7CC00CB4D0A903193012823D120702B70FFF779
:10F7DC0027F806000F00C74B1E605F60C64B1B78F6
:10F7EC00002B21D000220023F8F73AFE00281BD072
:10F7FC00C24B002230003900F8F71EFE012300280E
:10F80C000DD0237000232B700022BD4B0492059366
:10F81C0010E00A9A022ADAD123700123D6E720706D
:10F82C002B700022B74BF1E72378002BECD12B780F
:10F83C00002BF6D1FEF7AAFE022802D10022B24B11
:10F84C001A70FEF7A3FE012801D1AF4B1870FEF71A
:10F85C0081FEFEF765FFFEF7E2FE1A90FEF749FE09
:10F86C00AA4B1870FEF7F6FE3221F8F7C9FD0029F5
:10F87C0001D101F06BFE002301221900F420FEF7E8
:10F88C0004FE431E98410023A14DC0B219002870FC
:10F89C000122F520FEF7F9FD431E98419D4BC0B2A5
:10F8AC001870FEF786FE012802D000229A4B1A70BF
:10F8BC00FEF7ACFE1290022802DD0122974B1A7063
:10F8CC00974B1A78002A00D1C4E0904A12783B2A50
:10F8DC0000D8BFE0934B01221A70934B1A70934BD4
:10F8EC001A78914B002A03D18E4A1278002A01D043
:10F8FC0001221A701B78002B05D02378002B02D024
:10F90C000122814B1A70FEF76FFE794B88491B78E8
:10F91C000860002B05D00122864B022800D0A4E001
:10F92C001A707D4E7F4C3378002B09D02378002B36
:10F93C0006D00020FEF78EFC0022784B12921A7033
:10F94C002378744C002B00D195E07B4B7B4A1A80BA
:10F95C00724B1B78002B02D00122794B1A700125B7
:10F96C00784B1D60FCF7DEF92378D8B2002B03D15D
:10F97C00754B1D70FEF77CFCFEF75AFE734B18603E
:10F98C00644B1B78002B06D0FA216B4A8900138834
:10F99C005B189BB213805E4B1B78002B04D0664A1D
:10F9AC0013880A339BB21380654B1B78002B04D051
:10F9BC00614A138864339BB213805B4B644C1B7895
:10F9CC00DAB21192002B00D1F3E0FEF77BFE207827
:10F9DC000300083B5A1E93410822DBB21193554B8E
:10F9EC000B901B781492002B05D00321F8F798FB91
:10F9FC000130C3B20B9300230120227855499A425F
:10FA0C0000DDDEE002F03CFF534C0A991EA801F029
:10FA1C008DFA48221EA9200007F079FDFEF759FD4A
:10FA2C001B90FEF705FFFEF78FFEFEF7A1FEFEF71B
:10FA3C00B5FEFEF7C9FEFEF7DDFE484B1B78002B2A
:10FA4C0001D0FCF763FA424B01241A784449002395
:10FA5C004448BEE01B78002B00D140E72B4B1B78B1
:10FA6C00092B00D83BE7314B35E702201A700860B0
:10FA7C00FEF7E2FB55E73C4B1B78002B1BD02B4BC6
:10FA8C001B78002B17D02C4B384A1A802378DCB209
:10FA9C00002B00D070E701250222294B1D70294B49
:10FAAC001A601B4B1C70FEF775FBFCF73BF9264BE1
:10FABC001D7020005EE71A4B1B78002B5AD0337850
:10FACC00002B57D02378002B09D11B4B284A1A80C6
:10FADC0001231B4A13701B4A13601B4A137000242A
:10FAEC002C70FEF757FBFCF71DF9E2E75963002079
:10FAFC00E8010020E80A00205863002000708740CD
:10FB0C0000D0864000208C404C630020F10A00207D
:10FB1C00C7650020C565002078670020F00A00202A
:10FB2C007D6700207B6700207C6700207A670020BF
:10FB3C00EC0100205C63002070670020102700009F
:10FB4C00816700204C020020C6650020D00A0020EE
:10FB5C0051020020F1010020880A0020AF6500202E
:10FB6C00E40300206A63002079670020204E000027
:10FB7C0030750000734B1B78002B00D1FCE63378FA
:10FB8C00002B00D0F8E62378DEB2002B00D0F3E691
:10FB9C0001246D4B6D4A1A806D4B1C706D4B1C60B3
:10FBAC002E70FEF7F7FAFCF7BDF86B4B30001C70AB
:10FBBC00E0E6FEF710FD032343430B93119B1493D4
:10FBCC0019E7C85401331AE7CD5C052D00D9C4548C
:10FBDC0001339A42F8DC00F075FE03F047FBFA2083
:10FBEC00C00004F0F7FE0023139315930D93FFF759
:10FBFC009FFC5A4C236B012B3DD1594B1B78002B8E
:10FC0C0039D003F0C3FB022835D1FEF792FC012852
:10FC1C0031D103F0BBFB01282DD003F0B7FB012839
:10FC2C0029D05048236804220370030039331A701A
:10FC3C004D4B00241A68030078331A800300FF220E
:10FC4C007E331A70312503F093FF03F07FFF04F02D
:10FC5C00F3F80022E30FA5425341DBB2934201D0EB
:10FC6C00904203D1FCF75EF833B0F0BD0A2004F0EB
:10FC7C00B1FE0134EBE7A269E369A06AE16AFAF725
:10FC8C0087F9FBF7D1FCAF22384B00210890120109
:10FC9C001800079307F0A6FBAF22354D0021280072
:10FCAC00120107F09FFBAF22324E002152013000AF
:10FCBC0007F098FBAF22002152012F4807F092FB6E
:10FCCC00AF222E4F00215201380007F08BFB6B4600
:10FCDC001B8C320029001093009307983B0003F013
:10FCEC00A9FA274B1A4D1A782B78134022003C3274
:10FCFC0012781A420CD035342378002B08D0049893
:10FD0C00059903F0FBFA002301222B701D4B1A708E
:10FD1C0000221D4B1A8002F0BBFF104B9868D9686B
:10FD2C0002F014FF03F00EF802F0ACFF079000286D
:10FD3C00FAD1164B1B78DAB20C92002B28D103F0B7
:10FD4C00C1FE91E77D67002070670020409CFFFF9B
:10FD5C00816700204C020020C6650020880A002024
:10FD6C00E9010020E009002074670020845700207E
:10FD7C00944C0020B4360020D4200020F40A00203B
:10FD8C007F6700201B0A00206E67002050020020B5
:10FD9C00D44B079AD4491A80D44AD54B966B176822
:10FDAC0009785E70FBB2002905D0126C002A02D0D3
:10FDBC001B019B18DBB2CE4CCE4A2370CE4BCB4DE5
:10FDCC0022626362286A696ACC4ACD4B2263636300
:10FDDC00A262E3622300883318605960AA6AEB6A56
:10FDEC00FAF7F6FFFBF720FCC317C0185840FBF7D7
:10FDFC0057FCC44B90341B7820606160002B37D0CB
:10FE0C005A231AAA9B1800223E351A802B780124FB
:10FE1C00934201D1BC4B1C78BC4B1B78002B12D0ED
:10FE2C00BB4B1B78002B09D0B049BA4B0022086998
:10FE3C004969F8F7FBFA0023984206D0B64B1B78B9
:10FE4C00002B00D069E2012323405A241AAAA418DB
:10FE5C0031003A0008980094FBF7F4FDAF4B228870
:10FE6C001A80AF4B1B78002B00D062E201F02CF80B
:10FE7C00049A059B9E491098FDF71EF9A34B1B781D
:10FE8C00002B09D0994B1A6B012A00DD54E25A6BF6
:10FE9C00A44B1A4200D04FE20E9B0F9C089309947E
:10FEAC009A4B1A78984B1B78002B00D166E29E482F
:10FEBC009E4900780B78002800D15CE28C48013B0D
:10FECC00046C456C181C049405951B0600D5002089
:10FEDC0008709649964B09781970964B1B78002B35
:10FEEC0003D09549954B096819600021944B1B78F8
:10FEFC008B4208D193487D4B0078884203D036332F
:10FF0C001B785B42D9B2904B794C1970002A59D0AE
:10FF1C00834B764E1B78002B54D18C4D0A9B286852
:10FF2C0069680093089A099BFFF764FB2062616281
:10FF3C00FFF7EAFB226963690A9F206361630097FC
:10FF4C00FFF70CFC226963690E920F932A686B68A9
:10FF5C00A062E162206C616C009201930E9A0F9B7F
:10FF6C00FCF758F90B0002003100A260E3603F314E
:10FF7C000978002908D031003D3109783068FCF748
:10FF8C00F1FA8034206061600021594D574CAA6809
:10FF9C00EB680091216C2068FBF780FE0B9B6C4A90
:10FFAC00013B0B931378383501331370694B287070
:10FFBC001B78002B06D03D3423785A425341139AB8
:10FFCC00D31813930498059901F014FB4E4B1B782E
:10FFDC00002B08D0604B1B78002B04D05F4B5C6867
:10FFEC001B6804930594414C2068FBF7E7FE5C4BBF
:04FFFC001870002059
:020000040801F1
:1000000002F034FA119B002B03D0139B149A9342F5
:1000100008D00B9B002B00DDDEE136342378002B6B
:1000200000D1D9E10122524B1A70FEF75FF8FEF7BA
:1000300015F8FEF72BF84F4B1B78002B00D1C4E1CD
:100040004D4B1B78002B00D1BEE0474B1C685D6810
:100050004A4B20001A685B680E920F93484B2900A8
:100060001E685F680E9A0F9BF9F7D2FB454B1C90F8
:100070001D911A685B6830003900F9F7C9FB02006E
:100080000B001C981D99FAF7A9FE4B005B0817930B
:1000900016900022169817993B4BF8F7D3F90028D1
:1000A00012D132003B0020002900FAF797FE4B00E6
:1000B0005B0819931890002218981999324BF8F799
:1000C000D5F9002800D17FE00E9A0F9B224E3068B0
:1000D0007168FAF783FE2D4A2D4BFAF799FB2D4FE5
:1000E0003A687B68F9F794FB0E9A0F9B040053E083
:1000F0006C6700205C630020880A0020E009002073
:100100008FC2F5285CFF58400E2DB29DEFFF58407E
:100110007F670020E90100205A6300205963002016
:1001200000004440E8010020520A0020C40A0020D8
:10013000FF00FF00FD030020A4660020180A002035
:10014000BD0A002074670020686700207C670020DB
:10015000C60A00205E0A002040020020F20A0020A9
:100160000D040020BE0A002038020020190A0020D9
:10017000E1030020D3650020A066002028020020B3
:10018000E00A0020E80A0020000024403BDF4F8DF9
:10019000976E923F600A00200D00326073603C60F1
:1001A0007D6000220023F8F74DF9002807D10022D6
:1001B00020002900964BF8F759F9002804D00020B8
:1001C000944B9549186059600122944B1A70944BD6
:1001D0001B78002B01D0FDF7CBFFFDF7E1FF914B22
:1001E0001B78002B0CD034226B469B181878FEF736
:1001F0004CF80D9B002B03DD8B4B0D9A1599D154B8
:100200008A4B1868C0B2FEF71DF9894B1B78002B8A
:1002100003D0FDF7C7FEFDF711FF864B1B78062BB9
:1002200000D0D5E0FEF7EFF90130C0B2FEF711F8CB
:10023000FBF77EFD1A9B581CC0B2FEF718F8002190
:10024000FA20FEF7CFFB7C4B1B78002B04D1129BCE
:10025000581CC0B2FEF704F81A9B092B05D90120DF
:1002600002F004F90020FEF702F8FDF7E3FDFDF7C8
:100270000BFE724B1868596801F084F9704B1868CE
:10028000596801F091F96F4B18680130FE2800DDC4
:10029000FE201860C0B2FDF7F1FFFEF7E1F9013072
:1002A000FDF7FAFFFF22684B1A70684B1B78002B92
:1002B00008D0674B1B78002B04D05C4B654A5B6C05
:1002C0009BB213801B9B012B0BD10C9C624B0294A5
:1002D000109C624A0194624C62496348009403F0A6
:1002E00005FA624B1B78002B02D10C9B002B15D01A
:1002F0005F4803F043FC312403F02EFC03F0A2FD21
:100300000022079B0799DB0F8C425341DBB29342DB
:1003100001D0904270D10C9B002B74D1089B099C9A
:100320000E930F9469E44149524B00228868C968D2
:10033000F8F782F80023984200D08AE58BE54E4B0F
:1003400018709BE54D4D287802F012F9484C2B7837
:10035000A061022B12D102F01BFA08900991089AB1
:10036000099B226163610899099A454B19605A609B
:10037000444B1B78002B00D194E597E502F04CF933
:10038000EBE701330B70AAE5002A00D1B3E53E4943
:10039000264B0978002900D0ADE53C4800780028BC
:1003A0000FD031913A4932480978046C456C049475
:1003B0000595002900D19EE519689B6B0D91159359
:1003C00099E5319B0133319395E5144A1370FEE6AC
:1003D0000020FDF73EFF2DE72C4B2E4A31A91B785C
:1003E000127800910498059901F0DEFCFF222A4B57
:1003F0001A7000230C9365E70A2004F0F1FA079BBA
:10040000013307937AE700F069FAFFF733FCC0463F
:1004100000002C40600A002000002E40C76500202C
:10042000A26600207B6700209F650020880A0020CC
:100430007F670020190A0020F00A002038020020FF
:1004400040020020D00A00205E0A00205A630020EB
:10045000E80100206C670020D4200020B436002082
:10046000F40A0020944C0020845700204D01002005
:10047000E009002000003E40F0010020EA010020D9
:1004800010000020BC0A0020C40A00200D04002037
:100490000C040020FD0300205F0A002001210A4B0C
:1004A00082B01A6C0A431A641A6C0A4080210092C6
:1004B000009ADA6B49050A43DA63DB6B0B40019360
:1004C000019B02B07047C0460010024010B5040006
:1004D00094B01422002102A806F08AFF34220021E1
:1004E00007A806F085FF174B22689A4227D12023E0
:1004F00007A8079305F034F9002801D0FFF71CF88E
:100500000222114C1148636B02A913436363636BAE
:1005100013400093009BC0230293AE3B0393002340
:10052000049305930633069304F060FC8022E36B8A
:1005300092031343E363E36B13400193019B14B0F5
:1005400010BDC0460054004000100240000400509E
:1005500010B504008EB03422002101A806F048FF37
:10056000104B22689A421BD180239B020193802367
:1005700001A85B000D9305F0F3F8002801D0FEF709
:10058000DBFF8022084B1202D96D0A438021DA6515
:10059000DA6BC9000A43DA63DB6B0B400093009B04
:1005A0000EB010BD002800400010024010B504003D
:1005B0008AB01422002105A806F01AFF23681F4AFA
:1005C00093421CD180211E4B49011A6CA0200A4382
:1005D0001A641A6CC0050A4001210192019A5A6BF3
:1005E0000A435A635B6B0B400293029B154B05A9B0
:1005F00005930223069304F0F9FB0AB010BD124ADA
:100600009342FAD180210E4BC901DA6B0F480A439D
:10061000DA63DA6B0A4008210392039A5A6B0A43A1
:100620005A635B6B0B400493049B1A230593183B9E
:100630000693013B099305A9DDE7C0460030014060
:1006400000100240C280000000380040000C005042
:100650007FB50368324A934212D11021314B1120E9
:10066000DA6B0A43DA63DB6B00220B4001930F392C
:10067000019B04F0C7F9112004F0EEF907B000BDAA
:10068000294A93420FD12021264B1220DA6B0A43CC
:10069000DA63DB6B00220B4002931F39029B04F0EC
:1006A000B1F91220E8E7214A934210D180211D4B75
:1006B00009021A6C13200A431A641B6C00220B40B7
:1006C00003930121039B04F09DF91320D4E7184AFA
:1006D000934210D18021134B89021A6C15200A43D2
:1006E0001A641B6C00220B4004930121049B04F04C
:1006F00089F91520C0E70F4A9342BFD18021094BE9
:10070000C9021A6C16200A431A641B6C00220B40A3
:1007100005930121059B04F075F91620ACE7C0464E
:100720000010004000100240001400400020004073
:10073000004401400048014070B5060094B0142206
:10074000002102A806F054FE3422002107A806F07A
:100750004FFE274B32689A4247D1012307A80793DF
:1007600004F0FEFF002801D0FEF7E6FE8021214BB9
:10077000C9011A6CA0200A431A641A6C00250A40A9
:100780000092009A0122596BC005114359635B6BBB
:1007900002A913400193019BB0235B010293022342
:1007A000049503930595069204F020FB124C134B1D
:1007B00020002360322363604E33A560E56023612F
:1007C0006561A561E561256204F0A6F9A84201D042
:1007D000FEF7B2FE0022331D1B201100DC67A6626B
:1007E00004F010F91B2004F037F914B070BDC046B6
:1007F00000380140001002402C0600200800024092
:10080000FEE7FEE77047704710B504F0D7F810BD5B
:1008100010B5024804F096FA10BDC0462C06002020
:1008200010B5024805F03AFA10BDC0464C08002049
:1008300010B5024805F032FA10BDC046000800208D
:1008400010B5024805F02AFA10BDC046B4070020D2
:1008500010B5024805F022FA10BDC0466807002016
:1008600010B5024805F01AFA10BDC0461C0700205A
:1008700010B5024805F000FC10BDC04688060020F7
:1008800010B5034B012218685968FEF71DFA10BD18
:100890009400002010B5034B002218685968FEF739
:1008A00013FA10BD9400002010B5034B0122186804
:1008B0005968FEF709FA10BD8C00002010B5034BF3
:1008C000002218685968FEF7FFF910BD8C0000205F
:1008D00010B5FFF7D5FFFFF7E7FF10BD10B5FFF725
:1008E000D9FFFFF7EBFF10BD10B5034B01221868CD
:1008F0005968FEF7E9F910BD7400002010B5034BEC
:10090000002218685968FEF7DFF910BDC400002006
:1009100010B5034B012218685968FEF7D5F910BDD0
:10092000C400002010B5034B002218685968FEF778
:10093000CBF910BDBC00002010B5034B0122186894
:100940005968FEF7C1F910BDBC00002010B5034B7B
:10095000002218685968FEF7B7F910BDB4000020EE
:1009600010B5034B012218685968FEF7ADF910BDA8
:10097000B400002010B5034B002218685968FEF738
:10098000A3F910BDAC00002010B5034B012218687C
:100990005968FEF799F910BDAC00002010B5FFF7BB
:1009A000ADFFFFF7BFFFFFF7D1FFFFF7E3FF10BD7C
:1009B00010B5FFF7ADFFFFF7BFFFFFF7D1FFFFF760
:1009C000E3FF10BD304B10B5186800225968FEF7E0
:1009D0007BF92E4B002218685968FEF775F92C4BED
:1009E000002218685968FEF76FF92A4B0022186830
:1009F0005968FEF769F9284B002218685968FEF714
:100A000063F9264B002218685968FEF75DF9244BFC
:100A1000002218685968FEF757F9224B002218681F
:100A20005968FEF751F9204B002218685968FEF703
:100A30004BF91E4B002218685968FEF745F91C4B0C
:100A4000002218685968FEF73FF91A4B002218680F
:100A50005968FEF739F9184B002218685968FEF7F3
:100A600033F9164B002218685968FEF72DF9144B1C
:100A7000002218685968FEF727F9124B00221868FF
:100A80005968FEF721F910BD44010020CC00002078
:100A9000E40000203C010020340100202C01002053
:100AA000240100200C010020F4000020040100209B
:100AB000FC000020EC00002014010020DC000020DD
:100AC000D40000201C01002010B5FFF77BFF074B6E
:100AD000012218685968FEF7F7F8054B01221868DB
:100AE0005968FEF7F1F8FFF7FFFE10BD5C0000202B
:100AF0006400002010B5FFF765FF034B0022186863
:100B00005968FEF7E1F810BD5C000020304B10B5CD
:100B1000186800225968FEF7D7F82E4B0122186892
:100B20005968FEF7D1F82C4B012218685968FEF776
:100B3000CBF82A4B012218685968FEF7C5F8284BF4
:100B4000012218685968FEF7BFF8264B0122186881
:100B50005968FEF7B9F8244B012218685968FEF766
:100B6000B3F8224B012218685968FEF7ADF8204B04
:100B7000012218685968FEF7A7F81E4B0122186871
:100B80005968FEF7A1F81C4B012218685968FEF756
:100B90009BF81A4B012218685968FEF795F8184B14
:100BA000012218685968FEF78FF8164B0122186861
:100BB0005968FEF789F8144B002218685968FEF747
:100BC00083F8124B002218685968FEF77DF810BDB3
:100BD00044010020CC000020E40000203C01002063
:100BE000340100202C010020240100200C010020F1
:100BF000F400002004010020FC000020EC00002094
:100C000014010020DC000020D40000201C01002082
:100C100010B50400002901D0FFF7D4FE601E0E2895
:100C20000FD8F7F76FFA080F11131517191B1D1FAF
:100C3000212325272900114B186801225968FEF746
:100C400043F810BD0E4BF7E70E4BF5E70E4BF3E7FD
:100C50000E4BF1E70E4BEFE70E4BEDE70E4BEBE7DC
:100C60000E4BE9E70E4BE7E70E4BE5E70E4BE3E7EC
:100C70000E4BE1E70E4BDFE70E4BDDE7CC0000202B
:100C8000E4000020240100203C010020F4000020AA
:100C90003401002004010020FC0000202C01002071
:100CA000EC0000200C01002014010020DC000020DA
:100CB000D40000201C010020F7B50190FFF782FE50
:100CC000284B294A1B780B270092002B04D1274B75
:100CD0001B78002B00D0177800242600244D009BA1
:100CE0001B78A34200DCF7BDB742FCDD2A78013453
:100CF000002A1CD02000A34200DAE01A019B002B3E
:100D000001D000232B7002381A4B0C2809D8F7F7B2
:100D1000F9F90710121416181A1C1E202224260096
:100D2000154B186801225968FDF7CEFF01360135D1
:100D3000D5E7124BF5E7124BF3E7124BF1E7124BF5
:100D4000EFE7124BEDE7124BEBE7124BE9E7124BE3
:100D5000E7E7124BE5E7124BE3E7124BE1E7124BF3
:100D6000DFE7C0465963002051020020E80100205F
:100D7000F1010020CC000020E4000020240100202C
:100D80003C010020F4000020340100200401002078
:100D9000FC0000202C010020EC0000200C010020B1
:100DA00014010020DC000020D400002010B5FFF763
:100DB00009FE034B012218685968FDF785FF10BD35
:100DC000440100200120704710B506F079FB16237E
:100DD00003600120404210BD10B506F071FB1623E0
:100DE0000360FEE770B50E0014000025A54201DB8C
:100DF000200070BD00E000BF70550135F6E770B50A
:100E00000E0014000025A54201DB200070BD705DBE
:100E100000E000BF0135F6E7012040427047802323
:100E20009B0100204B6070470120704700207047F5
:100E30000B490C4A0300521A0B4910B508680028E8
:100E400001D10A4808600868C318934206D906F021
:100E500037FB0C2303600120404210BD0B60FCE710
:100E60000004000000900020486300204869002032
:100E70007047000070B5FDF718FC0E4C0E4D206059
:100E80002B780F280DD1002B01D10F2070BD0E2023
:100E9000FDF7C2FA0E2323602B78002BF5D02068D3
:100EA000F4E70E28F8D1002BEFD00130FDF7B4FAAB
:100EB0000F23F0E71C020020C16500200F2802DD8F
:100EC000024B18787047024BC05CFBE7F001002032
:100ED0009F650020144A30B514680F2C23DC134B97
:100EE0001D78002D02D0092800DD0920104B1B7849
:100EF000002B02D00923082802DC031E00DC01239A
:100F0000110034310978906B29400125082800DC54
:100F10000025294204D0984202DD51680131516018
:100F20009363044AA35430BD880A00205A6300200A
:100F3000E90100209F65002070B50400FDF764F80A
:100F4000FDF720F8FDF7A8FB174B18491870184B50
:100F50001B78002B04D1174B1B78002B04D01649AB
:100F60004822200006F0D9FA144B1B78002B09D038
:100F7000012213490A70032B04D9180010401342B0
:100F800000D10870FFF776FF0500FFF797FF0122F9
:100F90000C4B25601A7000230B4AA06313702000CD
:100FA0002364636470BDC046EA010020A0010020F4
:100FB00059630020E801002058010020B06500209E
:100FC000C1650020E90100205A630020F0B5674B9D
:100FD00085B01A78029317000023012664496548FA
:100FE00093422EDBFAF70AFD05F0E0FE0023624D86
:100FF0002B646B64614B1C78002C30D0029B1A78F8
:101000002B003C331B78002B26D12B6801339342F5
:1010100000DD9B1A01215A4A2B609954594A1368E2
:101020005B181360029B574C1A7823689A4206D1CA
:101030000D2200214E4806F0DBF90023236005B0A5
:10104000F0BDCC5C0133002C02D1C45C002C01D07B
:10105000013FC5E71E00C3E74B4B1B68DAE74B4B6C
:101060001B78002BDED0424A0192002F5CDD012F5D
:1010700007D12E609619434A013E13683770013339
:10108000CFE7022F52D005F0C1FE029B1E7831003F
:10109000F7F7BCF9019B5B5C002BF4D13C4F7B5C08
:1010A000002B01D0002CEED04B1C2B600123019AA9
:1010B0005354344A1368013313609E42B2DD05F085
:1010C000A5FE029B1B7819000393F7F79FF9019B7C
:1010D0005B5C002BF3D17B5C002B01D0002CEED0AD
:1010E0004B1C2B640123019A264E53543368039AF8
:1010F000013333609A4295DD05F088FE029B197832
:10110000F7F784F9019B5B5C002BF5D17B5C002B2E
:1011100001D0002CF0D04B1C6B640123019A535476
:101120003368013333607DE71C00ACE7019B2E6020
:101130009E190123134A013E337013681448591C49
:10114000116002990F78A74200DC6BE701990E5DF0
:10115000611C002E08D1065D002E05D129640121F5
:101160000198023301555CE70C00ECE751020020C6
:101170005D63002069630020880A00205963002015
:101180005C6300205463002050630020E8010020CD
:101190006A630020F7B5AA4F00213B003E33197067
:1011A00001233B630223FF33BB863B000D22363312
:1011B000A4481970B9873964796406F019F9A24B0B
:1011C0001E78002E00D17FE0A04B00221B78002B60
:1011D00078D08023DB05BA61FB6100229C4BBA60AA
:1011E000FB6000229B4B3A617B6100229A4BBA6202
:1011F000FB6203237B60994B00221C685D68984B5F
:1012000020002900F7F732F9002801D00024944D7E
:10121000944B1B780093002B02D0934B1C685D68A5
:10122000002220002900914BF9F7D8FD904A914BFC
:10123000F9F7EEFA02000B0000208F49F9F7CEFD16
:1012400000228D4B04000D00F7F710F9002801D0A3
:101250000024894D894B3C627D621B78002B51D064
:10126000009B002B47D1864B5C681B68854A009326
:101270000194138801339BB21380002E3ED0824B21
:1012800000221C685D68814B20002900F8F7C0FA35
:101290007F4BB862F9621A685B6820002900F8F792
:1012A000B7FA734A04000D0000980199714BF9F7E1
:1012B000AFFA02000B0020002900F9F78FFD386219
:1012C00079621FE0734B86E7734B1B78002B92D03B
:1012D00080230022DB05BA61FB6100226F4BBA60FC
:1012E000FB6000226E4B3A617B6100226D4BBA625B
:1012F000FB6202237EE700230024B7E7664B1B78DE
:10130000002BBCD1684B1B78002B00D186E0002E4F
:1013100000D17BE0FDF79BF9002803D0634B1B78DD
:10132000002B06D0624B07221D78002361499D42A5
:1013300063DC0122424B18605F4BC2545F4A136862
:101340000133136001215E4A3D4B117003225A6044
:1013500000223F331A705B4B394C1B78002B06D0B0
:1013600023003E331B78002B01D0012363602068EB
:10137000FFF7A4FD226B6368A0639A4203D12300A8
:10138000012236331A7023003C331B78002B14D112
:101390004D4B1B78002B10D04C490022086849683F
:1013A0004B4BF7F74FF8002807D0206A616A0022FC
:1013B000484BF8F72DFA2062616223003D331B7819
:1013C000002B07D0206A616A0022424BF8F720FA0E
:1013D00020626162206A616A0022274BF7F746F8B3
:1013E000002803D00022244B2262636200223A4B81
:1013F0001A703A4B01321A70F7BDCE5C5C1C9642F3
:1014000002DC2000CA5CD2B2230090E7224B1B789A
:10141000002B00D196E7FFF7D9FD93E70122304B6F
:10142000074C1A70FDF75EF9214B01301B782060E4
:10143000984201DDC01A2060FFF7C8FD8BE7C04667
:10144000880A00205D630020596300204C6300205F
:10145000000059400000444000908A4040020020B3
:1014600000488C40A0660020E80A0020004085402B
:101470009A9999999999E93F00608340C76500203E
:10148000C8650020706700202002002000206C400A
:10149000380200200000F03FE801002000003E403C
:1014A0000000544000E085408167002078670020FC
:1014B00051020020E40300205C63002054630020FC
:1014C000C50A0020180200205B63002020000020D5
:1014D0000000144000004940E90100205A63002048
:1014E000C60A002010B50D222821034805F080FF10
:1014F000FCF76AFD10BDC0468463002010B5682269
:101500000021034805F074FFFCF7BEFC10BDC04687
:101510006864002010B5682422000021064805F008
:1015200067FF22000021054805F062FFFCF7D6FCAA
:10153000FCF7FEFC10BDC04600640020986300204C
:1015400010B568220021034805F052FFFCF772FC39
:1015500010BDC046D064002010B50D22FF21034805
:1015600005F046FFFCF740FD10BDC0467763002044
:1015700010B50220FCF766FE0222014B1A6010BD76
:10158000EC010020D0B506000F00054C6022054993
:10159000200005F01BFF26666766FCF79FFCD0BDA8
:1015A0000064002008640020D0B506000F00054C40
:1015B00060220549200005F009FF26666766FCF7F2
:1015C000B7FCD0BD98630020A0630020F8B50C687C
:1015D0004D68066847682B00220030003900F6F796
:1015E00031FF03000120002B08D12B002200300026
:1015F0003900F6F73BFF431E98414042F8BD00001A
:10160000F0B5D14B93B01B7804900591002B00D11D
:10161000C9E0CE4ACE4B116B18780139CD4BC900C9
:101620005B18002800D1E1E1049805991860596021
:10163000130035331B78002B02D10121C64B1970E2
:10164000130036331B78002B00D1ACE05368002424
:101650000693C24B00261B7800275A425341069A34
:101660009B18043B1D000293BA4B0C93069B9D42B2
:1016700000DAC0E1BA4B002C00DC2FE2002220008F
:101680001A70FAF713F80890099102000B00300065
:101690003900F8F783FC002600270E900F91029C7A
:1016A000AC4D069B9C4200DABFE1089A099B3000D2
:1016B0003900F8F773FC06F0A7FD00230026002789
:1016C00008930C900D91A34B1193029B069A9342A1
:1016D00000DACCE10898F9F7E9FF02000B003000CE
:1016E0003900F8F75BFC06000F009E4B9E4C1D78FE
:1016F0009E4B266067601B785BB2022B00DD24E204
:1017000001229B4B1A70002D14D09A4B9A4D0293D4
:101710001B78002B00D1FEE1002230003900974BEE
:10172000F6F790FE002800D1F5E10023012202998E
:101730002A700B70924B1B78002B34D020686168A4
:10174000904B914D1A685B68F9F748FB8F4B286006
:1017500069601B6800210C2B01DC0D31C91A0023C4
:101760000D228B48FAF7FAFB7F4C26686768320037
:101770003B00F9F733FB02900391039B029A5B0055
:10178000100059080022834BF6F770FE00280AD09B
:101790000122814B1A70814B1E605F60794B1A6881
:1017A0005B68226063607E4B1B78002B00D1C8E031
:1017B0007C4B664A1B78002B4FD17B4B1B78002B50
:1017C0004BD07A4B1B78002B47D11268784B013AEB
:1017D000D2009B181C685D680022002320002900AD
:1017E000F6F744FE002838D0724B1B88180002938D
:1017F000F9F75CFF00220F0006006F4B2000290064
:10180000F9F706F802000B0030003900F6F71AFE6F
:101810006A4F002807D0002220002900684BF6F705
:101820002FFE00280CD1029B042B00D9B1E100222D
:1018300020002900634BF6F723FE002800D1A8E121
:1018400000223B6801333B60574B1A705E4B1A70A5
:101850005E4A1388C8339BB21380584A1368042B1E
:101860000BDD01215A4B0020197000230021136069
:10187000584B18605960FFF741FE4A4B1B78002B0C
:1018800000D188E1474B314D1B780293002B1CD1CE
:1018900045492B6B2A680878013B4F49013ADB0028
:1018A000434CD200CB18002800D1E5E104980599FB
:1018B00018605960494BA4189B18186059603D4B3B
:1018C0001888F9F721FF206061602B0036331B7800
:1018D000002B36D02B003D331B78002B03D0254B3B
:1018E0001B78002B1ED100246B6808933C4B1B789F
:1018F000A34201D1089B9C1E002500260027364BE1
:101900000A93089B9C4200DAC0E1002D0ADD280002
:10191000F9F7CCFE02000B0030003900F8F73EFB6F
:1019200004900591204B1B78002B0AD0029B002BC2
:1019300007D10499059A2B4B19605A6001222A4B52
:101940001A7013B0F0BDC046E9010020880A0020DB
:10195000FD030020F8650020D2650020C16500204D
:10196000480200205863002040020020A4660020A6
:10197000A2660020E8010020596300200070874023
:10198000C7650020E80A0020C8650020D00A0020B2
:101990009863002000002440A06600202802002058
:1019A0005A630020C40A00200D0400207C67002038
:1019B00068640020560A00200000D03FB465002073
:1019C00000004440000034400C0400206E670020FA
:1019D000D1650020D8030020D8650020D064002005
:1019E0001802002038020020B2650020C448C54912
:1019F0001860596024E60C9AEB009B181A685B6823
:101A00000892099308980999BD4ABE4BF6F71AFD4A
:101A1000002808D0089A099B30003900F7F7F8FE33
:101A200006000F000134013520E6E3005B191A6857
:101A30005B680C920D930C980D99B14AB14BF6F777
:101A400001FD002811D00E9A0F9B0C980D99F9F703
:101A5000C5F902000B00F8F7DBFE02000B003000B6
:101A60003900F7F7D5FE06000F00013419E6029B96
:101A7000119ADB009B181C685D68A14A20002900B0
:101A8000A04BF6F7DFFC002824D00E9A0F9B200015
:101A90002900F9F7A3F94B005B080A900B930A9A07
:101AA0000B9B0C980D99F6F7EBFC002807D10A98D0
:101AB0000B990022944BF6F7C5FC00280AD0089B2E
:101AC000300001333900089322002B00F7F7A0FE05
:101AD00006000F00029B01330293F6E58B4A14685F
:101AE00055688B4A1278002A04D000221A7026000A
:101AF0002F00FAE501221A70864B00221E685F68EB
:101B0000002330003900F6F7B1FC0028EFD00122A5
:101B1000814B1A70E9E52B78002B00D10AE60022F0
:101B2000300039007D4BF6F7ABFC002800D101E610
:101B30000122029B02201A7000232B70784B186040
:101B4000784B1A70FCF77EFBF4E5774B1B78029319
:101B5000002B00D1B4E00022300039006F4BF6F7C3
:101B600071FC00280CD06B4B00221E685F686B4B29
:101B700030003900F6F784FC002801D02660676049
:101B8000002D00D09FE0B2E0029B002B00D1D1E5F8
:101B9000ADE000233B60654C2378002B04D1644BFF
:101BA0001B78002B00D16DE6624B1B78002B04D113
:101BB000614B1B78002B00D064E6604B1B78002B38
:101BC00004D15F4B1B78002B00D15BE6049805998C
:101BD0005C4B1A685B68F9F701F94B005908002261
:101BE000594BF6F743FC594B002819D01A680132BB
:101BF0001A600023564A23701370564A1388913393
:101C0000FF339BB2138051490B68032B00DC39E68C
:101C10000122464B1A7000230B604F4B1A7031E6BD
:101C2000434A1278002AEED04B4A1278002AEAD1B1
:101C300001211A602170FAF77BF8484C484D22695F
:101C40006369206C616C2E686F6800960197FAF7E3
:101C5000E7FA02000B00A260E360424942480978BB
:101C60000029D0D001003D3109780068FAF780FCE6
:101C7000803420606160C6E721482249A4181860BA
:101C8000596000220023226063601EE60A9AE30086
:101C90009B181A685B680692079306980799184A7A
:101CA000184BF6F7CFFB002808D0069A079B3000A8
:101CB0003900F7F7ADFD06000F000135013420E6CD
:101CC000002D00D136E5294D2B78002B00D15BE7A4
:101CD0002349002208684968104BF6F7D1FB002819
:101CE00000D151E70122104B1A7000232B70204BBA
:101CF0001B78002B00D01DE501221E4B1A7019E540
:101D00000000C0FFFFFFDF41000024400802002068
:101D1000B1650020E80A0020A1660020007087401D
:101D2000EC0100205C630020E80100200D0400208D
:101D3000E00300207C670020E1030020C76500204D
:101D4000D36500203802002000004940B86500201B
:101D50000C0400206E670020B2650020E00900201E
:101D600040020020C70A0020880A00205963002092
:101D700048020020A26600200020094B10B51C7804
:101D8000084B844205D018780130C0B2FF2800D13A
:101D900002381870FCF747FB2000FCF736FB10BD3B
:101DA00048020020B0650020F0B51E007C4B7D4C41
:101DB0001F7887B002900391256B002F00D121E19D
:101DC000A068E1680022784BF8F722FDA269E36978
:101DD000F7F71EFDF6F7FEFB744B80B21880744BCC
:101DE000744A1B78032D1FD1002B0BD080210020BB
:101DF000C905A061E16100206F49A060E160002099
:101E00006E4908706E4811780078002832D0002999
:101E10005DD000206B49A062E16200220220A91E71
:101E200088425241D1B228E0002B21D0052D0CD19F
:101E30006549097849B20529E4D100206349644E17
:101E40002062616230607160DCE7042DDAD0062D1B
:101E500009D15D49097849B20629D3D100205D49ED
:101E600020616161CEE7032DCCDC0020534908706E
:101E7000012DC7DC11780029CFD1002B2DD1504B7B
:101E80001B78002B18D0002916D0A06AE16A002226
:101E9000514BF8F7BDFC029A039BF7F7B9FC4C4B8A
:101EA000206261621E685F6832003B00F6F7DEFA6E
:101EB000002801D026626762230036331B78002B8E
:101EC00012D0FFF759FFFFF765F907B0F0BD002BFF
:101ED000D5D00022414BA262E36200220223023DE0
:101EE000AB425241D1B2CAE7FEF7C4FF20603C4B7F
:101EF0001B78002B00D19EE23A4B2A4D1B78002B19
:101F000000D198E22B00012435331C7000232200FD
:101F10001900FA202C63FCF7BEFA431E9841324A9E
:101F2000324B1278C0B21870002A04D02A003E3218
:101F30001178002912D11B780324002B0ED02B001E
:101F40003C331B78002B09D0294B1B78002B05D183
:101F5000284B07341B78002B00D0073C2B6B6C60A0
:101F6000A34200DA63E201221E4B1A700D4C206876
:101F7000FEF7A4FF1A4BA0631B78002BA5D01E4BC5
:101F80001B78002BA1D009289FD11C4B1868A06397
:101F9000FEF7A0FF1A4A13880A339BB2138094E716
:101FA000E9010020880A0020000024406C6700201E
:101FB000E80100205963002000003E40B165002088
:101FC000D265002000407F40A4660020005094406D
:101FD0000002002000C072400000E03F00E08540A9
:101FE0005A630020BE0A002018020020C4650020A9
:101FF0007C670020F10A0020C36500201002002049
:102000006E670020C34B1B780593002B00D112E2B2
:10201000C14B1B78002B00D102E1A269E369A068E3
:10202000E168F7F7F5FBF6F7D5FABC4B80B21880FC
:102030000021BB4ABB4B11701A003C3212788A4215
:1020400000D137001A68B849013A8A5CD2B20192CD
:102050001A003D321278002A0AD0002F00D0E4E0A6
:102060001A0036321278002A00D0DEE0FEF7AEFF0A
:10207000AE4BAC4C1B78002B00D0F1E0002F14D0FD
:10208000019B032B00D9F2E0A34B1B78002B00D15E
:10209000E0E0A749002208684968A64BF7F7B8FBBB
:1020A000A062E1620122A14B1A70A34D2B68042BA0
:1020B00009DCA24B1B780493002B04D1002F1DD008
:1020C000019B032B1AD8944B1B78002B00D1D3E033
:1020D000029A039B9649934E08684968F7F798FB64
:1020E000306271620022954B2A601A70944B954AB7
:1020F000106C516C18605960059B0493363423783A
:10210000002B00D1E9E00C9B1B68052B03DC8E4BF8
:102110001B78002B4AD08D4B00221C685D688C4BCD
:1021200020002900F6F7A2F9002801D00024884DEC
:10213000002220002900874BF8F750FE864A874B83
:10214000F8F766FB02000B0000208549F8F746FE11
:102150000022834B04000D00F6F788F9002801D017
:1021600000247F4D6C4A6F4B12781C625D62002A1E
:1021700000D187E000207B499862D96200230C9A45
:102180006A4D1360704A1370774B1B78002B02D096
:102190002B78002B0AD1754C2678F9F7C9FD00235E
:1021A000734A2B7013702670FBF7FAFF714B5D4C6E
:1021B0001B78002B6ED0704B1B78002B6AD08223CB
:1021C000236000230022236463640133A3876B4BE5
:1021D000A261E36100226A4B22616361694B514C49
:1021E0001B78002B0ED0684B1B78002B0AD1049B68
:1021F000002B07D0206A616A0022644BF7F708FBC6
:1022000020626162206A616A0022554BF6F72EF95E
:10221000002800D16BE60022514B2262636266E621
:10222000636C3E4A9BB2138002E7012236331A7078
:10223000434B0299039A19605A60FCF753FA544AC7
:10224000544B127801301860904200DC10E7801A7D
:1022500018600DE7504B1B78002B00D019E721E7E1
:10226000002F00D121E7019B032B00D81DE7324A44
:1022700013680133136018E7474B1B78002B00D01D
:1022800026E72FE7444A1278002A00D176E700209B
:10229000424971E72600424B3E361D78002D00D1A1
:1022A0008AE0FEF793FE00233D4A1370013333703A
:1022B000194B1B78002B1CD03A4B00221B78002BAB
:1022C00015D08023DB05A261E3610022364BA260BA
:1022D000E36000222A4B22616361264A304B127868
:1022E0001B78002A6ED0002B00D077E77BE02F4BC5
:1022F000E9E7294B1B78002BEFD080230022DB0578
:10230000A261E36100222A4BA260E3600022294B14
:10231000E1E7C0465A630020596300206C67002043
:10232000BC0A0020880A0020E4030020D3650020B6
:102330002002002000206C40BC6500200504002025
:1023400038020020E0090020D16500204002002072
:1023500000488C40004085409A9999999999E93FA5
:102360000060834000908A407C670020E1030020E9
:10237000C7650020C50A00208167002000000840D2
:10238000000044407B670020F00A00200000494024
:102390005102002050630020E801002000E0854049
:1023A000C40A00204C630020000059400000F03FA8
:1023B00000003E4000005440FEF708FE01233D347B
:1023C00033702570224A234B1278002A00D005E78B
:1023D0001A0036321278002A02D1196B022924D150
:1023E00001223F331A701C4B1A4E1B78346A756AEF
:1023F000002B00D1F2E61949002208684968184B01
:10240000F6F720F8002800D1E8E6002F00D1E5E635
:10241000019B032B00D9E1E6002220002900114B8B
:10242000F7F7F6F930627162D8E63F33DAE7002257
:1024300036352A709AE50021064B0B4A11701A6B4B
:1024400001321A635B689A4200DB8CE58EE5C04678
:10245000C40A0020880A00205B63002020000020BE
:102460000000144000004940BD0A0020F0B50026DD
:1024700004003500394F9FB0F31904AA1868596851
:10248000B3181860596000220023F5F7D5FF4342C6
:10249000584108362D18682EEED1002D42DD082255
:1024A0002F4B0D2104A804F027FD6B10DA00ED0777
:1024B0003AD5130004AA9B181A685B68009201932E
:1024C0000099019A274B19605A60002C2AD00025E8
:1024D000224B254C0393039B0022EB181E685F6878
:1024E000002330003900F5F7A7FF002814D1009829
:1024F000019932003B00F8F771FC22686368F7F736
:1025000087F906000F00F9F795F8C317C01858406F
:1025100014281EDC2660676008350834682DDAD17F
:10252000FBF760FC1FB0F0BD013B04A9DB005B18AA
:10253000190013000868496804AA9B181A685B68A8
:10254000F7F766F90022094BF8F762F9009001915C
:10255000B6E70022002322606360DDE7D06400203C
:10256000CD15010830020020386500200000E03F52
:10257000F0B585B00400FEF71BFAFEF717FC0A2041
:1025800002F02EFA022C1CD1FEF708FAFA20800085
:1025900002F026FAF9F73CFA002704001B4EFA2154
:1025A00020008900F5F74CFEBB1BD917184D194ABE
:1025B0005B184B4028801380FEF704FA200005B01A
:1025C000F0BDFA230024002500279B000F4E019345
:1025D000F9F714FAC31702900393029A039BA41805
:1025E0005D41864200DD0600874200DA0700019B5C
:1025F000013B0193002BEBD1FA222000002329009C
:102600009200F5F781FF0400C9E7C046FFFFFF0015
:102610005A66002058660020F0B5012700253E00CC
:1026200097B003900C22574907A804F076FF0AAB35
:1026300001930097ACB22000C53080B2FCF7B4F92A
:10264000019B18702000D13080B2FCF7ADF9242234
:1026500004AB15349B18FF3458550290A0B2FCF718
:10266000A3F9019A0299127810ABE854914200D074
:1026700081E0029A904207D00026370004E000264D
:10268000029A00968242F8D1019A013501320192F4
:102690000C2DCFD1242104AA521812781B780AAD30
:1026A00013402A7813ACFF2A06D0FF2B06D128004E
:1026B000FBF7DDFA002701E0FF2B55D0009B002B34
:1026C00056D1002E54D1002F52D00DAB23CB23C4B2
:1026D0000398F8F7EBFF00222B4BF8F77FFB002263
:1026E0002A4BF7F75BFC04000D00139B04A804932E
:1026F000149B04210593159B069301F045FA05A848
:10270000042101F041FA06A8042101F03DFA22005B
:102710002B0020002900F8F77BF8060004980F0032
:10272000F9F716F802000B0030003900F8F770F8DE
:10273000060005980F00F9F70BF822002B00F8F7B8
:1027400067F802000B0030003900F7F761F8040069
:1027500006980D00F8F7FCFF02000B00200029008E
:10276000F7F756F817B0F0BD07AD2800FBF77FFA72
:1027700007CD07C4ACE7904200D080E700221700E5
:10278000009281E7288B010830C0594180F1FAC0DE
:10279000F8B505235B425843F8F788FF0022264B23
:1027A000F8F736F80022254C254B20606160A260C6
:1027B000E36000228025234B2D0622616361A66819
:1027C000E7682269636979193000F7F7E7FBA061D0
:1027D000E16120686168A269E369F7F7DFFB2062C5
:1027E0006162194A206A616A184BF8F7F7FA184AC9
:1027F000184BF7F7D3FBA062E1620022A06AE16AFE
:10280000154BF7F7CBFB05F0C9FC144A144BF6F750
:10281000FFFF02000B0000201249F7F7BFFB206307
:102820006163114A206B616B104BF8F7D7FAA06314
:10283000E163A06BE16BF8BD0000703E60660020B4
:1028400000230E4160301F41FCA9F1D24D62E03FF0
:102850001AB5F2C8C588DF3E006AF840F86F702FDD
:10286000ADFA2B40004BB04066666666661271405A
:1028700001220021044B1A705A709A709971D97014
:1028800019715A717047C046C066002070B5FFF7D5
:10289000EFFF494B494C1B78002B00D189E0484B96
:1028A0001B78002B00D184E0032300250022238124
:1028B000444BA381444B6581E58125826582A582D5
:1028C000E58225836583A58322626362A262E36257
:1028D00000223E4B2263636300223D4BA263E3630D
:1028E00000223C4B2264636400223B4BA264E364FD
:1028F00000223A4B2265636500220023A265E3654E
:1029000022666366A266E366226763672300783304
:102910001D8023007A331D8023007C331D8023001B
:1029200022007E331D800123803213702200813209
:102930001370220082321570220083321370284AED
:102940001570284A1570284A1370284B1D70284BA3
:102950001D70284B1D60FBF7B1FE274B1870274BED
:102960001D70274B1D70274B1D70274B1D70274B6B
:102970001D70274B1D70274B1D70274B1D70274B5B
:102980001D70230088331D6023008C331D602300DD
:102990009A3498331D802580FEF70AF8204B214891
:1029A00019685A68FAF7A6F9F9F70CF8FEF70AF869
:1029B00070BD052379E7C0464C630020C066002047
:1029C0005963002024F4FFFF00F8914000E08540A7
:1029D00000207C4000005440000044400000F03FD4
:1029E000A4660020A366002050020020806700201B
:1029F000F20A002054630020B0650020D06500205A
:102A0000B1650020D3650020D2650020C26500209A
:102A1000C3650020A1660020A2660020A0660020F9
:102A200044000020A866002010B5144C6378002BE9
:102A300014D0FCF757FD1020FCF7F8FCE18A1020B9
:102A400089B2FCF715FD10200021FCF72DFDFCF7E5
:102A500047FD002310206370FCF7C2FCF8F7E8FF85
:102A600022002300001280B28432108088339A340E
:102A70001968238812885B00CA5210BDC066002006
:102A800070B5204CA378002B14D0FCF72BFD11203F
:102A9000FCF7CCFC218B112089B2FCF7E9FC11205A
:102AA0000021FCF701FDFCF71BFD00231120A370A2
:102AB000FCF796FCF8F7BCFF23002200250000126B
:102AC000843380B218809A358C3211682A8818882D
:102AD000520088521888230088331A682B88903453
:102AE0005B009B5A2668C01AC317C0185840F6F7F7
:102AF000F9FD2C88A40030512B8801339BB22B8028
:102B000070BDC046C066002010B5FCF7EBFC062087
:102B1000FCF766FCFCF7E4FC0122024B9A710022F0
:102B20005A8110BDC066002010B5FCF7DBFC072001
:102B3000FCF756FC0E20FCF753FC1020FCF750FC71
:102B40001120FCF74DFCFCF7CBFC0122014BDA70A5
:102B500010BDC046C0660020F8B502000B00002082
:102B60001F49F7F71BFAF8F765FD0500F8F79EFD1A
:102B700002000B0006000F00F6F74AFEF5F72AFDEB
:102B8000184C80B2E081E389A8B29BB22382E3892A
:102B90009BB26382ABB2A382E3899BB2E382E389F7
:102BA0009BB22383F8F782FD0F4A104BF7F730FEF4
:102BB000F5F710FD0C4A0D4B85B239003000F7F7E0
:102BC00027FEF5F707FD80B2F8F770FD32003B00F5
:102BD000F6F71EFEF5F7FEFC80B26583A083F8BD14
:102BE0008084EE40C06600205C8FC2F5285CEF3F19
:102BF00010B5174CE378002B01D1FFF795FFFCF7D8
:102C000071FC218A072089B2FCF732FCA18A0E20D0
:102C100089B2FCF72DFC618B102089B2FCF728FCEF
:102C2000A18B112089B2FCF723FC00210720FCF7BF
:102C30003BFC00210E20FCF737FC00211020FCF7A4
:102C400033FC00211120FCF72FFCFCF749FC10BDE0
:102C5000C066002010B50C4C638901339BB26381C0
:102C6000628923899A4203D2084B1B78002B0AD130
:102C7000FCF738FC0620FCF7D9FBFCF731FC0023FD
:102C8000A371FFF7B5FF10BDC06600205002002001
:102C9000014B1879C0B27047C066002010B5154BC3
:102CA000154C186A596A20626162986AD96A206371
:102CB0006163186959699A69DB69206461642265F6
:102CC0006365206A616A226B636BF8F787F8A0631B
:102CD000E163206A616A226D636DF6F799FDA06277
:102CE000E1620022206C616C044BF7F791FDA06457
:102CF000E16410BD880A0020C06600200000E03FAB
:102D000010B5104C10492300783308881A88904277
:102D100007D01A880D4892B20A80198889B2FAF74A
:102D200017F822007A347E3211882388994207D01E
:102D3000238806489BB21380218889B2FAF718F8D5
:102D400010BDC046C06600203C670020A866002079
:102D50000022F8B5644B654C1A8023007A331A8040
:102D6000FFF7CEFFFDF7C0FD614B624D1F78624E4D
:102D7000002F2BD02B0036331878FDF79DFF3378CA
:102D8000002B4DD0A26AE36AA265E3650022A06D24
:102D9000E16D5A4BF7F73CFDF5F71CFC230080B2C0
:102DA0007833188000220023226663662300002205
:102DB0007A331A80FFF7A4FFA86B09284ED8F5F7DD
:102DC000A1F94B62676C71767B8289904C4B1B78C2
:102DD000002B13D028680121C0B2FDF719FF286C21
:102DE000002803D03900C0B2FDF712FF686C00283C
:102DF000C5D00021C0B2FDF70BFFC0E73378002B30
:102E0000D8D0404B1F78002F06D101210F20FDF7AD
:102E1000FFFE39000E20EEE728680121C0B2EAE784
:102E2000374A1278002AC5D0002000212200A06570
:102E3000E16578321380A26AE36A226663662F4BEB
:102E40000022206E616EF7F7E3FCF5F7C3FB230069
:102E500080B27A331880ADE7FDF7AAFDA379002B85
:102E600001D1FFF751FEFCF73DFBA189062089B295
:102E7000FCF7FEFA00210620FCF716FBFCF730FBFE
:102E800001232371F8BDFDF793FDFDF737FDE5E75D
:102E9000FDF78EFDFDF746FDE0E7FDF789FDFDF747
:102EA0002DFDF7E7FDF784FDFDF750FDD6E7FDF7B3
:102EB0007FFDFDF737FDF7E7FDF77AFDFDF71EFD16
:102EC000FDF758FDCAE7FDF773FDFDF717FDFDF7A8
:102ED00029FDF5E7FDF76CFDFDF710FDFDF736FD6B
:102EE000EEE7FDF75BFDB9E738670020C06600201C
:102EF000C40A0020880A0020E901002000403A406E
:102F00005A630020C165002010B5FCF7EBFA0021E0
:102F10000620FCF7C9FA00210720FCF7C5FA0021BA
:102F20000E20FCF7C1FA00211020FCF7BDFA0021A9
:102F30001120FCF7B9FA0620FCF778FA0720FCF715
:102F400075FA0E20FCF772FA1020FCF76FFA1120C8
:102F5000FCF76CFAFCF7C4FAFFF78AFCFDF728FDD2
:102F60000022034B1A80034B1A80FFF7C9FE10BDE5
:102F7000386700203A670020F8B5914C6379DFB2DA
:102F8000002B00D1D8E000276771A06AE16A226DAA
:102F9000636DF7F723FF2300A062E1629433A06A18
:102FA000E16A1E6823009A331D88F8F719FCAD000A
:102FB0007051A06AE16AA26BE36B2500F5F74CFA49
:102FC00001268335B84200D18EE0230082331E7083
:102FD000A06AE16AA26BE36BF5F734FAB84200D15C
:102FE00082E0FFF791FF774B2F701B78BB421AD01E
:102FF000754B1B78BB4216D000220023A265E36507
:10300000230078331F80FFF77BFE704B1B78BB4299
:1030100000D167E06E4B1B78BB4200D162E0FA2022
:10302000400001F0DDFC052001F0DAFCFDF7CAFCF0
:10303000230083331B78002B27D0664B1B78002B93
:1030400023D0A06AE16A226A636A2500F5F7F4F9E1
:103050007A3500284AD0A06AE16AA26CE36CF6F7E0
:10306000D7FBA065E1650022A06DE16D5A4BF7F733
:10307000CFFBF5F7AFFA230080B278331880002237
:1030800000232266636600232B80230083331B7892
:10309000002B26D04B4B1B78002B22D0A06AE16A74
:1030A000226A636A2500F5F7C7F97835002830D021
:1030B00000220023A265E36500232B80A06AE16A59
:1030C000A26CE36CF6F7A4FB206661660022206E1A
:1030D000616E414BF7F79CFBF5F77CFA7A3480B2CE
:1030E0002080F8BD3D489CE72E70A1E7206E616E00
:1030F000226D636DF6F78CFB206661660022206E00
:10310000616E354BF7F784FBF5F764FA80B22880DF
:10311000BBE7A06DE16D226D636DF6F779FBA065ED
:10312000E165A06DE16D00222B4BF7F771FBF5F720
:1031300051FA80B22880D4E701236371254B1E78B1
:10314000002E1CD0A06AE16A226A636A2500F5F7A6
:1031500073F97A35002809D0230080331F70226C60
:10316000636C22676367206F616FDCE7206F616FBC
:10317000226D636DF6F74CFB20676167F3E7114B37
:103180001B78002BADD0A06AE16A226A636A250031
:10319000F5F752F97835002809D0230080331E70E6
:1031A000226C636CA266E366A06EE16EBBE7A06E64
:1031B000E16E226D636DF6F72BFBA066E166F3E727
:1031C000C06600205A630020BE0A00204C63002025
:1031D00059630020E901002000403A40C409000082
:1031E000054B10B51B78002B01D1FFF78DFEFFF7C3
:1031F000C3FEFFF785FD10BD5002002010B50F4C37
:103200002378002B14D0FCF76DF90E20FCF70EF993
:10321000618A0E2089B2FCF72BF90E200021FCF701
:1032200043F9FCF75DF900230E202370FCF7D8F872
:10323000FFF7A2FEFFF764FD10BDC046C066002088
:1032400070B5040004A80588094E0A4834600400DB
:103250008C342160010090310A60020094321360C6
:10326000030098331D8000239A30038070BDC04650
:1032700048670020C0660020F8B51D4B1C78002C64
:103280002AD01C4B64241B78002B00D1503C1A4FD1
:10329000012238687968FBF717FD184E0122306863
:1032A0007168FBF711FD164D002228686968FBF76D
:1032B0000BFD200001F094FB386801227968FBF7D0
:1032C00003FD306800227168FBF7FEFC28680022CD
:1032D0006968FBF7F9FCF8BD0A4B1B78002BD6D0C8
:1032E000044B64241B78002BD1D0FA24A400CEE731
:1032F00059630020816700207400002084000020B2
:103300006C000020E80100201C4BD0B51A680600B4
:103310000F00012A00D01B68FDF7F8FB184C0021B4
:103320002000F9F715FD0022164B30003900F6F7A2
:103330006FFA154B0022F7F76BFAF5F74BF981B2EC
:103340002000F9F715FD114801F04AFB002120008B
:10335000F9F7FEFC00212000F9F70AFDFDF732FB2A
:103360000B4B1B78002B07D001220A4BF5201A705B
:103370001978C9B2FBF736FBD0BDC0464C0200201D
:10338000A866002000206C4000403A40B80B0000C6
:10339000C6650020C5650020F0B5444B87B01E7897
:1033A000002E00D078E0424A1278002A00D077E060
:1033B00016000192FDF78CFAF8F704FB3D4A3E4BEC
:1033C0000092196800985A68F9F794FCFDF77CFBA5
:1033D00000210098F9F7BCFCFA2700210098F9F7C2
:1033E000C7FC002400257F00F8F708FBC3170290F4
:1033F0000393013F029A039BA4185D41002FF3D170
:10340000FA220023520020002900F5F77DF8310050
:1034100005000098F9F79CFCFA2401990098F9F747
:10342000A7FC002600276400F8F7E8FAC317049009
:103430000593013C049A059BB6185F41002CF3D11B
:1034400021000098F9F784FC21000098F9F790FC1E
:10345000FDF750FBFA20400001F0C2FAFA220023E7
:10346000520030003900F5F74FF8451BEB17ED1807
:103470005D402800F8F71AF90022104BF6F78EFD90
:10348000F5F7A8F80E4E0F4A0F4B3060954209DD54
:103490000120187007B0F0BD00230C4E019389E79E
:1034A0000A4BFBE702201C70F4E7C046E90100204C
:1034B0005A630020A86600204400002000408F408E
:1034C00074670020102700007F670020453300004C
:1034D000282210B50021054803F08AFF0022044B82
:1034E000DA725A715A729A7210BDC046856700200E
:1034F000C8050020F8B505000024FBF793FE8026E0
:103500000227285DFBF798FE002C05D10E4B220008
:1035100018685968FBF7D8FB0C4B9A683242FCD00C
:103520009A683A42FCD09A683242FCD1002C07D10A
:10353000054B012218685968FBF7C6FB0134E0E728
:1035400001340C2CDDD1F8BDA40000200030014076
:10355000F0B589B002920393029B01901800039B7F
:1035600000225B0059082F4BF7F752F90023002285
:103570000692079306AA04000D0003F0D7FF2A4A1B
:103580002A4BF4F773FF002807D00698079900220A
:10359000274BF6F73DF904000D0029002000F8F74D
:1035A00049F80A210600F4F74BFE6421C4B230004A
:1035B000F4F746FE0A27FA21C3B204937B43E31AC9
:1035C0007C431B01341B1C19E3B2890030000593B6
:1035D000F4F736FE1749C5B23000F4F731FE3B0070
:1035E000C4B26343EB1A7D43049A1B01551B124975
:1035F00030005D19F4F724FE474302980399E41B59
:1036000000220023EDB2E4B2F4F71CFF002801D041
:10361000103CE4B2019B059A5D709A701C7009B071
:10362000F0BDC04600002440CDCCCCCCCCCCEC3F8F
:103630000000F03F10270000A0860100F0B51C003C
:1036400085B06300019059081000234B0022F7F762
:10365000DFF8002300220292039302AA04000D0067
:1036600003F064FF1D4A1E4BF4F700FF002807D04B
:103670000298039900221B4BF6F7CAF804000D00CC
:1036800029002000F7F7D6FF0A210500F4F7D8FD3E
:103690000A27C4B264212800F4F7D2FD3B00FA21C6
:1036A000C6B27343E31A7C431B012C1B1C19019BFC
:1036B00028005C708900F4F7C3FD0B49C4B22800F0
:1036C000F4F7BEFD78436743201A019BF61B000107
:1036D0008019187005B0F0BD00002440CDCCCCCCD2
:1036E000CCCCEC3F0000F03F10270000F0B58BB0D1
:1036F000039310AB029204CB07AC1F8812AB1B786C
:1037000000900191049200210C222000059303F007
:103710006FFE7BBA200063800025FFF7EBFE07AC4D
:10372000AF4218DC0C220021200003F061FE059A54
:103730002B23002A00D004332000E370237163712F
:10374000FFF7D8FE174B18685968FBF7C2FA002834
:10375000F8D10BB0F0BDF0232370049BAE00985954
:10376000F7F7F6FF0B0006A90200481DFFF7F0FE71
:10377000009B6A009B5A01355BBAA380019B9B5A50
:103780005BBAE380029B9859F4F70CFF039B40BAA5
:1037900020819859F4F706FF40BA60812000FFF7B6
:1037A000A9FEBCE79C00002070B50024044D2E78D3
:1037B000285DFBF71FFD230001349E42F8DA70BD3F
:1037C0008567002070B50E4C0E4DE379280002335A
:1037D000DBB22372E3792B70E179E679C9B2F9F7AC
:1037E00065FAF6B2A855E679F9F768FAF6B2AE19B5
:1037F0007070217A2800C9B2FBF708FD70BDC04681
:10380000C8050020AD67002010B50B4A0B4B51785E
:10381000597091789970D278DA7053221A71013206
:103820005A71073A9A714C3ADA71054B0732DA71DC
:10383000FFF7C8FF10BDC04685670020AD670020B8
:10384000C80500200C22064B10B506485A70FAF73E
:103850005CFD0822044BDA71FFF7B4FF10BDC046CF
:10386000AD670020AF670020C80500200722064B87
:1038700010B506485A70FAF72BFA1222044BDA7187
:10388000FFF7A0FF10BDC046AD670020AF67002066
:10389000C80500200822064B10B506485A70FAF7F2
:1038A00059FA1222044BDA71FFF78CFF10BDC046A3
:1038B000AD670020AF670020C805002013226F21EC
:1038C0000D4B10B55A702E329A700D32DA700C3AD8
:1038D0001A7111325A7112329A710932DA715972AF
:1038E000053203311A72DA729972044B673ADA714F
:1038F000FFF768FF10BDC046AD670020C805002077
:10390000052310B5054C6370FAF7F1FD0322044B53
:10391000A070DA71FFF756FF10BDC046AD670020FA
:10392000C80500202E2310B5054C6370FAF7D0FEB1
:103930000322044BA070DA71FFF744FF10BDC046AC
:10394000AD670020C80500200B2310B5054C63703F
:10395000FAF7E5FD0322044BA070DA71FFF732FF9E
:1039600010BDC046AD670020C8050020062310B575
:10397000054C6370FAF7CBFD0322044BA070DA719B
:10398000FFF720FF10BDC046AD670020C80500202E
:103990000A2310B5064C6370FAF75CF90422030A97
:1039A000A370044BE070DA71FFF70CFF10BDC04646
:1039B000AD670020C8050020092310B5054C6370D1
:1039C000FAF79DFD0322044BA070DA71FFF7FAFEAF
:1039D00010BDC046AD670020C80500201FB51423E8
:1039E0000F4C0F2268460F49637003F096FD0022CA
:1039F00002236946895C080020385E2801D8E1541A
:103A0000013301320F2AF4D1102B02DC023AE254C6
:103A10000133054ADBB2D371FFF7D4FE1FBDC046A8
:103A2000AD670020508C0108C8050020152310B593
:103A3000054C6370FAF7BFF90322044BA070DA71EA
:103A4000FFF7C0FE10BDC046AD670020C8050020CE
:103A500010B5024B9878FAF7A7F910BD85670020DA
:103A60000D2310B5064C6370FAF769FDA070FAF7E4
:103A70006EFD0422034BE070DA71FFF7A3FE10BD68
:103A8000AD670020C80500201B2310B5054C6370EE
:103A9000FAF74DFD0322044BA070DA71FFF792FE96
:103AA00010BDC046AD670020C8050020172310B523
:103AB000054C6370FAF73AFE0322044BA070DA71EA
:103AC000FFF780FE10BDC046AD670020C80500208E
:103AD0000222054B10B55A7000229A70034B033234
:103AE000DA71FFF76FFE10BDAD670020C80500203A
:103AF000122310B5094C6370FAF7F1FC084BA07063
:103B0000012805D118740322DA71FFF75BFE10BD9E
:103B10000228F8D100221A74F5E7C046AD670020EC
:103B2000C80500201D2310B5094C6370FAF74FF942
:103B3000084BA070012805D158740322DA71FFF7F1
:103B400041FE10BD0228F8D100225A74F5E7C046A4
:103B5000AD670020C805002070B518220125054B6F
:103B6000054C9D705A700323E371FFF72BFE2571FE
:103B700070BDC046AD670020C8050020014B18602D
:103B80007047C046F0670020002370B5CA0F521876
:103B900052100139934200DB70BDCC1A065DC55C42
:103BA000C65401330555DBB2F4E710B50B0A0170BA
:103BB00043700B0C090EC17083700421FFF7E4FF02
:103BC00010BD00003E22F0B58F4B85B0DA71DB7975
:103BD0008E4C2370162363708D4B1D682B78A37059
:103BE0002B0038331B786A781B019B18E3702B007D
:103BF00080331E685F680022864B30003900F4F77E
:103C00001BFC2B0039330093002803D11B78022BB7
:103C100000D8D6E042232371853363713833A37112
:103C2000823BE37128696969F7F7DAFD7A4B011C79
:103C30001800FFF7BAFF286A696A784B1E78002ED1
:103C400000D1C8E042232373853363733833A373F1
:103C5000823BE373286B696B002E00D1C3E04223E3
:103C60002374853363743833A374823BE374009BFD
:103C700003AF1B7823752B003A331B7863752B0039
:103C80003B331B78A3752B00883318685968F4F709
:103C9000A1FC80B2030AE37520762A6C6B6C3800B5
:103CA000FFF7CCFC28003B8848305BBA7A78038069
:103CB0005B4B39781888A276617680B2F7F724FDDD
:103CC00002000B003800FFF7B9FC28003B88583091
:103CD0005BBA7A780380534B3978380022771A68B8
:103CE0005B68E17600920193FFF7A8FC28003B880F
:103CF00068305BBA7A7803802B003978903361772B
:103D0000A2770099019A19605A6008001100F4F72F
:103D100061FC2A0080B2030AE377631CD877424B28
:103D200070321B889BB21380190AA21CD177E21C47
:103D3000D3772B002A0072331B8874321380190A40
:103D4000221DD1772900621DD377384B78311A684C
:103D500093B20B801B0AA11DCB77E31DDA772B00F2
:103D60002A007A331B887C3213802200190A083219
:103D7000D1772200283213702B0022007E331B786B
:103D800029321370A86AE96A002E34D02300422237
:103D90002A331A70230085322B331A7023003832ED
:103DA0002C331A707D232D342370174C7F35E27924
:103DB0001F4B2978D154FFF705FD0023237105B06F
:103DC000F0BD39003000F7F70BFD1A4B011C18004D
:103DD000FFF7EBFE26E7F7F703FD174B011C180072
:103DE000FFF7E3FE36E7F7F7FBFC144B011C180066
:103DF000FFF7DBFE3BE7F7F7F3FC114B011C180064
:103E0000FFF7D3FED1E7C046C8050020AD6700200C
:103E1000F067002000002E40B56700206467002096
:103E20006C670020400200206E6700206867002059
:103E3000AC670020B1670020B9670020BD67002093
:103E4000D7670020014B1879C0B27047C805002021
:103E500010B5054B9878012802D1F9F78FFE01E0E3
:103E60000228FAD010BDC0468567002010B5044B6B
:103E70009878431E072B01D8F9F786FE10BDC0467F
:103E80008567002010B5054B9878092803D80020D5
:103E9000F9F780FE01E0F028FAD910BD856700200F
:103EA00010B5034BD9789878F9F7C6FE10BDC04617
:103EB0008567002010B50248FAF711FA10BDC04618
:103EC0008767002010B5054B9878012802D1F9F7D3
:103ED00073FE01E00228FAD010BDC04685670020BD
:103EE00010B5044BDC789878F9F76CFE2000F9F7F0
:103EF0006FFE10BD8567002010B5024B9878FAF769
:103F00007DF910BD8567002010B5024B9878FAF74F
:103F10007DF910BD8567002010B5024B9878FAF73F
:103F20007CF910BD8567002010B5024B9878FAF730
:103F30007BF910BD8567002010B5024B9878FAF721
:103F40007AF910BD8567002010B50248F9F78FFE99
:103F500010BDC0468767002010B50248F9F79AFEE9
:103F600010BDC0468767002010B50248F9F7D4FE9F
:103F700010BDC0468767002010B5F9F728FF044B35
:103F8000012801D1587410BD00225A74FBE7C046C5
:103F9000C805002010B5064B9878012802D1F9F722
:103FA000FDFE01E00228FAD0FFF7E6FF10BDC04693
:103FB0008567002010B5084B9C782000FAF710F9AF
:103FC000012C03D10B22054B1A7010BD022CFCD121
:103FD0000D22024BF8E7C046856700205102002001
:103FE00010B5024B9878FAF702F910BD85670020EA
:103FF0001E2310B5054C6370FAF74EFB0322044BE9
:10400000A070DA71FFF7DEFB10BDC046AD6700207F
:10401000C80500202F2310B5054C6370FAF7B4FAD9
:104020000322044BA070DA71FFF7CCFB10BDC04631
:10403000AD670020C8050020094B10B51869596903
:10404000F7F7CEFB074B011C1800FFF7AEFD10225F
:10405000054B5A70054B0A3ADA71FFF7B3FB10BDF6
:10406000E0090020AF670020AD670020C8050020F0
:10407000262010B5FF30FAF797FC0400FEF778FA17
:10408000022C07D1FEF784FB044B18615961F7F746
:10409000A7FB10BDFEF7C0FAF6E7C046E009002016
:1040A000112310B5064C6370FFF776F90322054B18
:1040B000A070DA71FFF786FB0122034B1A7010BD66
:1040C000AD670020C80500208067002030B585B0AE
:1040D0006846FAF7BFF9002301211A0015486C461B
:1040E000E55CC45CA54200D00A0001330E2BF6D17A
:1040F00000239A4202D0FAF7BAF9FF230E4C33227A
:10410000A370D020FF23627000211A004000FAF74C
:10411000C2F9FF23E070A2201A000021FF30FAF755
:10412000BAF90522054B2071DA71FFF74BFB05B098
:1041300030BDC046508C0108AD670020C805002086
:10414000342310B5054C6370FAF726FA0322044BAA
:10415000A070DA71FFF736FB10BDC046AD670020D6
:10416000C8050020362310B5054C6370FAF71EFA17
:104170000322044BA070DA71FFF724FB10BDC04688
:10418000AD670020C8050020372310B5054C6370CB
:10419000FAF715FA0322044BA070DA71FFF712FB4D
:1041A00010BDC046AD670020C8050020382310B5FB
:1041B000054C6370FAF70CFA0322044BA070DA7115
:1041C000FFF700FB10BDC046AD670020C80500200A
:1041D000392310B5054C6370FAF703FA0322044B38
:1041E000A070DA71FFF7EEFA10BDC046AD6700208F
:1041F000C8050020F8B5AE4DAE4C2B782800637191
:104200006B78637263790233DBB2A371637961798E
:10421000EE5CC9B2F8F74AFD864206D16379EB1825
:104220005E78F8F74BFD864202D0FFF751F9F8BDF2
:104230006379052B13D1637A412B10D16B78412B15
:104240000DD1AB784E2B0AD1EB78422B07D12B79CD
:104250000D2B04D10122984B1A70FFF7D5FA627A20
:10426000D3B2012A00D08CE0AA78A272A17ACAB295
:10427000012914D1914B1A70914B1A70914B1A70FD
:10428000A37A052B2AD1904A043B13708F4A1370EE
:104290008F4A13708B4A1370FFF786FAC5E7A27A2C
:1042A000032A03D1854A13708A4A05E0A27A022ABA
:1042B00005D1824A1370854A1370854A05E0A27AB7
:1042C000042A06D1804A13707D4A13707D4A137008
:1042D000D6E7A27A062AD3D17B4AE4E7A37A812BD8
:1042E00005D1764B01221A70754B1A70D4E7A37A68
:1042F000832B06D1714A823B1370764A1370744A3D
:10430000C9E7A37A822B04D16C4A813B13706F4AB0
:10431000F4E7A37A842B01D16B4BE3E7A37A862BD6
:1043200002D1694A853BE7E7A37A852B02D1664A29
:10433000843BEBE7A37A072B02D0A37A082B0ED19C
:104340000124654B1C70FAF743F95F4BA04200D083
:104350005A4B1C705A4B1C705A4B1C709CE7A37A2A
:10436000872B02D0A37A882B96D101245A4B1C703C
:10437000FAF72EF9544BA04200D0504B1C70504B12
:10438000EBE7637A022B03D1544B00221A704CE7FF
:10439000637A2E2B08D1A37A002B02D0A878FAF7E3
:1043A00049F8FFF7BFFA40E7637A052B0AD1AB78EB
:1043B000A372A37A002B02D1FFF7A2FA35E7FFF729
:1043C00055FDF9E7637A062B0BD1AB78A372A37A7C
:1043D000002B03D0A07AC0B2F9F7E2FBFFF7C6FAD0
:1043E00023E7637A072B12D1AB78A3726379032B8F
:1043F00006D1A37A002B00D017E7FFF737FA14E7AE
:104400006379122B00D910E7FFF7A6FDF5E7637A71
:10441000082B12D1AB78A3726379032B06D1A37A50
:10442000002B00D001E7FFF735FAFEE66379122B87
:1044300000D9FAE6FFF798FDF5E7637A092B0AD170
:10444000AB78A372A37A002B02D1FFF7B5FAECE6A2
:10445000FFF718FDF9E7637A0A2B12D1AB78A37244
:104460006379032B06D1A37A002B00D0DDE6FFF79A
:104470008FFADAE66379042B00D0D6E6FFF710FD59
:10448000F5E7637A0B2B2BD1AB78A372A37A002BC1
:104490000AD0A37AD8B2012B02D1F9F787FB03E047
:1044A000A37AD8B2022BF8D0FFF74EFABDE6C04689
:1044B00085670020C80500204D010020846700208A
:1044C0007D67002078670020836700207B670020DD
:1044D000796700207A670020826700205002002060
:1044E000637A0C2B12D1AB78A3726379032B06D1BC
:1044F000A37A002B00D098E6FFF7A4F995E663793C
:10450000082B00D091E6FFF7D5FCF5E7637A0D2B79
:1045100010D1AB78A372A37A002B04D0A37A012B1D
:1045200004D1FFF7DDFCFFF79BFA7EE6A37A022BAE
:10453000F9D1F6E7637A0E2B03D1AB78A372A37A95
:1045400073E6637A0F2BF8D0637A102B0FD1AB7818
:10455000A372A37A002B00D067E6FFF789FDF7F777
:10456000F7F8BB4C20616161FFF766FD5DE6637A99
:10457000112B08D1AB78A372A37A002B00D054E69C
:10458000FFF78EFD51E6637A122B10D1AB78A37240
:10459000A37A002B04D0A37A012B04D1FFF758FC97
:1045A000FFF7A6FA41E6A37A022BF9D1F6E7637A80
:1045B0001D2B10D1AB78A372A37A002B04D0A37A61
:1045C000012B04D1FFF7E6FCFFF7ACFA2DE6A37A46
:1045D000022BF9D1F6E7637A132B08D1AB78A372DB
:1045E000A37A002B00D020E6FFF768F91DE6637A76
:1045F000142B08D1AB78A372A37A002B00D014E659
:10460000FFF7ECF911E6637A152B0CD1AB78A372A6
:10461000A37A002B04D0637A002B01D0FFF718FA9D
:10462000FFF704FA01E6637A162B08D1AB78A37280
:10463000A37A002B00D0F8E5FFF7C4FAF5E5637A1A
:10464000172B08D1AB78A372A37A002B00D0ECE52E
:10465000FFF72CFAE9E5637A1B2B10D1AB78A37234
:10466000A37A002B04D0A37A012B04D1FFF72AFCF4
:10467000FFF70AFAD9E5A37A022BF9D1F6E7637AB4
:104680001C2B06D163790E2B00D0CEE5FFF75CFC26
:10469000CBE5637A1E2B10D1AB78A372A37A002BE3
:1046A00004D0A37A012B04D1FFF784FCFFF7A0FC10
:1046B000BBE5A37A022BF9D1F6E7637A2F2B10D151
:1046C000AB78A372A37A002B04D0A37A012B04D178
:1046D000FFF786FCFFF79EFCA7E5A37A022BF9D132
:1046E000F6E7637A1F2B09D15A4B9B78A372A37A02
:1046F000002B00D199E5F7F71BFBCDE5637A242B5E
:1047000007D1544B9B78A372A37A002B00D18CE580
:10471000C2E5637A504C252BF3D0637A282B1AD14B
:104720004C4B01229B78F420A37200231900F9F767
:10473000B2FE431E9841494BC0B2187000230122BB
:104740001900F520F9F7A7FE431E9841444BC0B26B
:104750001870A37AA0E5637A312B02D1F9F7B0FD86
:104760009AE5637A322B01D13E4B0EE6637A332B06
:104770000FD1384B9A78A272A27A002A06D0A27A78
:10478000012A03D11979D878F9F778FEFFF79EFC52
:104790004BE5637A342B0AD12E4B9B78A372A37A14
:1047A000002B01D0FFF7A8FBFFF7CAFC3DE5637AB9
:1047B000352B3FD10125002400260027F7F7F6FA14
:1047C000294B1D70F7F7B4FAF7F7E4FA0020F9F770
:1047D0004EFD224BF4201C701978C9B2FAF702F989
:1047E0001F4BF5201C701978C9B2FAF7FBF8FCF7DB
:1047F00079FEFCF783FEFCF78DFEFCF7A1FEFCF7CB
:10480000B7FE2000F9F72CFD184B1C70FCF7A4FE36
:10481000174B1E605F60F9F739FC164B1E605F6036
:10482000F9F7A6FC144BFA201D701978C9B2FAF7F3
:10483000D9F831E5637A362B20D1064B9B78A372E9
:10484000A37A002B01D0FFF75FFBFFF78BFCECE4B2
:10485000E009002085670020C8050020C76500200A
:10486000C56500204C010020AF650020F00A002043
:10487000D803002040020020C4650020637A372B53
:104880000AD1144B9B78A372A37A002B01D0FFF7B7
:1048900043FBFFF779FCC8E4637A382B0AD10D4B50
:1048A0009B78A372A37A002B01D0FFF73DFBFFF7A3
:1048B0007DFCBAE4637A392B00D0B6E4054B9B78D3
:1048C000A372A37A002B01D0FFF736FBFFF780FC21
:1048D000ABE4C0468567002010B5044B0A00010018
:1048E000180002F01AFEFFF785FC10BD8567002056
:1048F0000D488546FCF7BCFA0C480D490D4A0023CB
:1049000002E0D458C4500433C4188C42F9D30A4A84
:104910000A4C002301E013600432A242FBD302F0F0
:10492000D5FDFAF727FAFEE70090002000000020EE
:10493000B4020020B88D0108B802002044690020AC
:10494000FEE7000070B5104B05001978002901D171
:10495000012070BDFA208000F3F7E8FB0B4C01004A
:104960002068F3F7E3FB00F083F8041EF0D1032D79
:10497000EED8020001202900404200F043F8044B29
:1049800020001D60E5E7C0465202002050010020D3
:10499000540200208023084A5B00116810B50B43C5
:1049A00000201360FFF7CEFF041E03D1FBF776FD56
:1049B000200010BD0124FBE700200240034A044B05
:1049C00011681B785B1813607047C046F4670020BD
:1049D00052020020014B18687047C046F46700205F
:1049E00070B50400FFF7F6FF0500631C02D0044B0E
:1049F0001B78E418FFF7EEFF401BA042FAD370BD0E
:104A00005202002010B5FF2403220B0021000240B7
:104A1000D20091409B012340C943934000280ADB08
:104A2000C0240B4A800880008018A40002590A4064
:104A30001343035110BD0F2210400838054A800867
:104A400080008018C26911401943C161F2E7C04675
:104A500000E100E000ED00E0002805DB1F23184026
:104A60001E3B8340014A13607047C04600E100E0EE
:104A70008022431E5204012093420DD2C021074AD6
:104A800007485360036A09061B021B0A0B430362B3
:104A900000200723906013607047C04610E000E0DC
:104AA00000ED00E0F0B5846CC56C6560046D002C11
:104AB00002D0446D856D65601C24056C084E254050
:104AC0001B3CAC4077683C43746004686360836857
:104AD000102B02D1A260E160F0BDA160E260FBE7B3
:104AE0000000024010B50400036C094A9B089B18A3
:104AF0009B00436400681421C0B20838F3F716FB2A
:104B0000044BA3641F2318401E3B8340E36410BD85
:104B10000082001080080240F8B504000120002C3B
:104B200046D02568254B1421E818F3F7FFFA022335
:104B30008000A61D2064F3772B68214AA7681340E4
:104B40002B60E36821693B430B4361692A680B438F
:104B5000A16920000B43E1690B43216A0B43134316
:104B60002B60FFF7BFFF8023DB019F4201D10023B1
:104B700063603F236268616C13400B60E06CA16C62
:104B8000013A4860032A14D80E4A0F4899180122A6
:104B9000013B9A40A26513000022890021656065EF
:104BA0000A60436000200123E0630534F377E07777
:104BB000F8BD002323656365A365F3E7F8FFFDBF38
:104BC0000F80FFFF3F82001040090240F7B5451DEE
:104BD0000193EE7F04000220012E33D00138E877E4
:104BE000A71DFE7FB4466346F6B2009600268342B8
:104BF00030D10130F8772568E6632868009B984338
:104C00002860019B2000FFF74DFF236BB3421AD0B1
:104C10000E232A6813432B60636C1A68D20304D5F1
:104C20008022196852000A431A60236D002B04D0B9
:104C30008022196852000A431A60012300202A6862
:104C400013432B60FEBD04222B6893432B602A681C
:104C50000A23DFE78023E363EE77F3E7F0B500286C
:104C600008D0841DE37F411D022B05D00423C363BC
:104C70000023CB770120F0BD0E250268466C136837
:104C8000AB4313603368104D2B403360012316682B
:104C90009E431660026C1B331A401B3B93400B4E25
:104CA00077683B437360C26C836C5A60036D002B62
:104CB00005D01A682A401A60436D826D5A6001233C
:104CC0000020E377C877D6E7FFFEFFFF0000024031
:104CD000F8B5811DCB7F022B03D00423C3630120D1
:104CE000F8BD0E2402681C271368456CA3431360AB
:104CF000012314689C4314602A68104C22402A60E7
:104D0000026C0F4D3A4093406E6833436B60C26C47
:104D1000836C5A60036D002B05D01A6822401A601C
:104D2000436D826D5A6001230022CB77431DDA77F1
:104D3000836B934200D098470020D1E7FFFEFFFF2E
:104D400000000240F8B51C240427016C264A2140CB
:104D50003C008C40166803681D6826420FD03D4217
:104D60000DD01968890602D41968B94319605368CF
:104D70001C43036B5460002B1BD0984719E002279B
:104D80003C008C40264215D03D4213D0196889065C
:104D900006D40A251968A94319600121831DD97712
:104DA00053681C4354600022431DDA77C36A934260
:104DB000E3D1F8BD082427008F403E42F9D02542B8
:104DC000F7D00E251C68AC431C6001231D008D40EC
:104DD0002900546821435160821DC363D3770022A8
:104DE000431DDA77436BE2E7000002400023F0B591
:104DF00085B00A681400DC4001D105B0F0BD012582
:104E000014009D402C4000942A4200D191E04A6851
:104E10005F0094460322644622400324BC40E443DE
:104E20000194541E012C2ED88668019C2640CC6823
:104E3000BC403443846044680126AC43250064468A
:104E4000240934409C402C434460C568019C2540A3
:104E50008C68BC402C43C460022A16D107250F265B
:104E60001D40AD00AE40DC08A40004190294246A81
:104E700003962600039CA64334000E69AE402643E9
:104E8000029C266201E0032ADFD1BA400468019D3A
:104E900025402A43C02402606246A402224248D030
:104EA000254A03259C08A400A4180F221D40ED00EC
:104EB000AA40A027266EFF0596430022B8420CD0D8
:104EC0001E4F0132B84208D01D4F0132B84204D003
:104ED0001C4F0332B84200D1023AAA40674632431F
:104EE0002266154C009A2668009DD2433543FF0286
:104EF00001D435001540674625606668009D35433E
:104F0000BF0201D435001540674665600E4C009D18
:104F1000E66F3543BF0301D4350015406746E567AA
:104F20000A4C009EE56F2E43FF0301D415402E006E
:104F3000E66701335DE7C0460018024000040050F8
:104F400000080050000C00500818024004180240ED
:104F500000690840431E9841C0B27047002A01D042
:104F6000816170478162FCE770B504000120002C6C
:104F70003FD0250041352B78DAB2002B05D1230034
:104F8000403320001A70FBF7A1FA242301212B7073
:104F90002368E0681A68A6688A431A601A4962683A
:104FA0000A401A619A6819490A409A60012821D179
:104FB0008022120232439A605868154A02435A60AE
:104FC000DA6800200A40DA60616922690A43A1694F
:104FD00009020A43DA60216AE2690A431A6001227F
:104FE00019680A431A60202360642B7020634234DE
:104FF000207070BD8422120232439A600228DBD1F5
:10500000802212015A60D7E7FFFFFFF0FF7FFFFF0A
:1050100000800002F0B504004134227803000F0044
:105020000220D6B2202A18D11D0040352A78012A44
:1050300013D0242222701B68233A19680748914331
:105040001960196801400020196019683943196016
:1050500019680A431A6026702870F0BDFFEFFFFF41
:105060000200F0B5413214780300E5B20220202C92
:1050700017D11C0040342678012E12D02230107037
:105080001B6823381E68074F86431E601E6809028E
:105090003E403143196019680843186000201570BC
:1050A0002070F0BDFFF0FFFF8023034A5B00116812
:1050B0000B4313607047C0460070004010B5114CA0
:1050C0001149236802000B40034323608023002022
:1050D0009B009A420ED10D4B0D4918680623584388
:1050E000F3F724F88022431CD200616908001040C5
:1050F000114200D110BD002B01D0013BF5E7032088
:10510000F8E7C04600700040FFF9FFFF50010020A3
:1051100040420F00F0B5040085B0002802D1012004
:1051200005B0F0BD0368DB0710D423689B075CD48F
:1051300023681B0700D5C1E023685B0700D5F2E0B8
:10514000E369002B00D079E10020E9E73822AF4D78
:10515000AB681340EA68102B09D1D3439B0708D1F1
:105160002B689B03E1D56368002BDED1D7E7082BC2
:10517000F6D0802263685202934211D12A68134309
:105180002B60FFF727FC80270600BF022B683B42FD
:10519000CBD1FFF71FFC801B6428F7D90320BFE7A2
:1051A000A021C9028B4208D180232968DB020B436E
:1051B0002B602B681A432A60E3E72A6894490A4067
:1051C0002A602A6893490A402A60002BD9D1FFF748
:1051D00001FC80270600BF022B683B42A5D0FFF7E9
:1051E000F9FB801B6428F7D9D8E73822874DAB68D4
:1051F0001340EA68102B28D103210A40022A26D145
:105200002A68520503D5E268002A00D187E7696859
:1052100062698148120201400A436A60002B0CD186
:105220002B687E4A7E491340226913432B602B680A
:105230007C4A9B045B0FDA400A607B4B1868FFF7DF
:1052400081FB002800D173E769E7002BD8D0E36821
:10525000002B20D02B68714A802713402269FF0061
:1052600013432B6080232A685B0013432B60FFF7F6
:10527000B1FB06002B683B4207D06A686369664948
:105280001B020A4013436B6052E7FFF7A3FB801B2E
:105290000228EFD982E72B68644A802713402B60ED
:1052A000FFF798FB0600FF002B683B4200D13FE769
:1052B000FFF790FB801B0228F6D96FE73822534D89
:1052C000AB681340182B08D12B6E9B0700D433E733
:1052D000A369002B00D02FE721E7A2690123002A50
:1052E00010D02A6E022713432B66FFF773FB0600CC
:1052F0002B6E3B4200D01FE7FFF76CFB801B0228A0
:10530000F6D94BE72A6E02279A432A66FFF762FB1B
:1053100006002B6E3B4200D10EE7FFF75BFB801BC4
:105320000228F6D93AE73822384DAB681340202BD3
:1053300008D1EB6D9B0700D402E7A368002B00D0D7
:10534000FEE6ECE680220021EB6B52050091134251
:1053500008D1EB6B1343EB63EB6B13400393039B9D
:10536000012300938027324E7F0033683B4215D0E3
:10537000A368012B22D1EA6D1343EB65FFF72AFBEB
:1053800002270600EB6D3B4238D0009B012B00D07A
:10539000D6E6EB6B274A1340EB63D1E633683B4319
:1053A0003360FFF717FB019033683B42E0D1FFF712
:1053B00011FB019BC01A0228F6D9EFE6EA6D052B16
:1053C00005D1013B1343EB65EA6D0123D4E70121CD
:1053D0008A43EA65EA6D03318A43EA65002BCDD141
:1053E000FFF7F8FA02270600EB6D3B42CDD0FFF73E
:1053F000F1FA114B801B9842F6D9CFE6FFF7EAFA93
:105400000D4B801B9842BDD9C8E6C0460010024033
:10541000FFFFFEFFFFFFFBFFFF80FFFFFFC7FFFF58
:10542000500100200024F40054020020FFFEFFFF82
:1054300000700040FFFFFFEF881300003821434D4C
:10544000AA680A40102A53D0414A022B3AD12B684D
:10545000802713402B60FFF7BDFA0600BF042B68BE
:105460003B4229D1616A236AEA680B4339498026A5
:105470000A401343E26AB6041343226B1343626B80
:105480001343A26A12021343EB6080232A685B0471
:1054900013432B608023EA685B051343EB60FFF73F
:1054A00099FA04002B68334200D04DE6FFF792FAD8
:1054B000001B0228F6D971E6FFF78CFA801B022840
:1054C000CDD96BE62B68802613402B60FFF782FA5C
:1054D0000400B6042B68334204D1EB681E4A134023
:1054E000EB6031E6FFF776FA001B0228F2D955E6A9
:1054F000012B00D113E60322E868216A02408A42A8
:1055000000D00CE67022616A02408A4200D006E6B2
:10551000FE21A26AC90101401202914200D0FEE5BB
:10552000F822E16A920302408A4200D0F7E5E022C5
:10553000216B120502408A4200D0F0E5636B400FF8
:105540004007C01A431E9841C0B2E9E5001002406E
:10555000FFFFFFFE8C80C111FCFFFEEE382370B50B
:105560001D4CA2681A4205D123681C489B045B0F9E
:10557000D84070BDA2681A40082A27D0A2681A40F5
:10558000102A17D1E368E168DB43E5684906490F53
:105590006F322D0A013115409B0709D11048F2F7EF
:1055A000C5FDE1686843490F0131F2F7BFFDE0E74F
:1055B0000A48F4E7A2681A40202A09D0A26800200D
:1055C0001340182BD5D1FA20C001D2E70448D0E708
:1055D00080200002CDE7C046001002400024F40005
:1055E00000127A00F7B504000D00002801D1012057
:1055F000FEBD0727484E33683B408B422AD32268C2
:1056000093073BD4D20748D4072733683B40AB42CB
:105610000AD93368BB432B433360FFF7DBF90190B2
:1056200033683B40AB4268D123683C4D5B076CD488
:10563000FFF794FFAB683A491B051B0F9B005B58B3
:105640001F210B40D840374A374B10601868FFF7CE
:1056500079F9CDE73368BB430B433360FFF7BAF901
:10566000019033683B40AB42C9D0FFF7B3F9019BCF
:10567000C01A2E4B9842F4D90320B9E727495307A3
:1056800004D5E0238868DB0103438B608B682848DE
:105690000340A06803438B60B4E760681F4F032892
:1056A00029D8F2F72FFD20021C243B689B039ED5CE
:1056B0000722BB6893430343BB60FFF78BF901905C
:1056C0003823BA681A406368DB009A429CD0FFF71F
:1056D00081F9019BC01A154B9842F1D9CCE73B6880
:1056E0009B01E5D483E73B685B05E1D47FE73B6E34
:1056F0009B07DDD47BE7FB6DFAE7FFF76BF9019BB6
:10570000C01A0A4B98428BD9B6E7AB68094A1340D6
:10571000E2681343AB608BE70020024000100240B8
:10572000108C010850010020540200208813000052
:10573000FFF0FFFFFF8FFFFF064B07499B68074AFB
:105740005B045B0F9B005B581F2110680B40D84027
:105750007047C04600100240F08B01085001002045
:10576000F0B50368040085B000209B0352D5802269
:10577000704D5205EB6B0090134208D1EB6B134355
:10578000EB63EB6B13400393039B01230093802790
:10579000694E7F0033683B433360FFF71BF901908C
:1057A00033683B4228D0EA6DC02310009B00216B78
:1057B000624E18401A4218D0814216D08022EB6DFA
:1057C000E86D190052020243EA65EA6D5C48314017
:1057D0000240EA65E965DB0707D5FFF7FBF807003C
:1057E0000222EB6D134200D19CE0EB6D226B334043
:1057F00013430020EB6506E0FFF7ECF8019BC01AAD
:105800000228CDD90320009B012B03D1EB6B4D4A1D
:105810001340EB632368DA0706D5032545494A6D33
:10582000AA4365682A434A659A0706D50C2541496B
:105830004A6DAA43A5682A434A65DA0606D53D495A
:10584000414D4A6D2A40E5682A434A659A0506D5C6
:1058500038493E4D4A6D2A40A5692A434A655A0592
:1058600006D534493A4D4A6D2A40E5692A434A65CE
:105870009A0606D52F49374D4A6D2A4025692A4395
:105880004A655A040FD52B49256A4A6D9200920841
:105890002A434A658022D205954204D18022CD68F0
:1058A00052022A43CA601A0306D5402521494A6D8F
:1058B000AA43656A2A434A659A020FD51D49264EB6
:1058C0004A6DA56A32402A434A658022D203954236
:1058D00004D18022CD6852042A43CA605A020DD5F1
:1058E000144D1E4E696DE26A314011436965802195
:1058F00049048A4202D1E9680A43EA601B050FD5D0
:105900000C4A6169536D164C23400B435365802349
:10591000DB01994204D18023D1685B020B43D36041
:1059200005B0F0BDFFF756F80E4BC01B984200D8EB
:1059300056E767E70010024000700040FFFCFFFFE1
:10594000FFFFFEFFFFFFFFEFFFF3FFFFFFFFF3FF90
:10595000FFFFCFFFFFCFFFFFFFFFBFFFFFFFFFFEF8
:10596000FF3FFFFF88130000A0210268F8B5D3684D
:1059700004008B43D360FFF72DF8FA27050020269B
:10598000BF002368DB68334201D00020F8BDFFF779
:1059900021F8401BB842F4D90320F7E7F7B54026B9
:1059A00003680500DA680024324211D18022D968E8
:1059B000FA270A43DA60FFF70DF8BF0000902B6862
:1059C000DB681A0032400192334201D1032C01D12D
:1059D0002000FEBDFEF7FEFF009B019CC01AB842EE
:1059E000EDD92B00032429331C70E8E7802270B521
:1059F0000F4C0500E3689343E360A369603A1342E8
:105A000007D1FFF7B1FF002802D003202935287005
:105A100070BDA3699343A361FFF7A6FF002802D0DE
:105A20000320293528702023A2691343A361EFE7DF
:105A30000028004070B504000120002C17D025007C
:105A400029352B78DAB2002B08D1230028331A70BD
:105A500088231B0220006360FAF77AFD02232B7073
:105A60002368DA68D20603D5012300202B7070BDAD
:105A7000CA225A62773A20005A62FFF78FFF002845
:105A800025D1236815499A6960690A409A61A2681C
:105A900099690243E06902430A439A61226920003E
:105AA0001A61E268196912040A431A61FFF79EFF3E
:105AB00000280CD12268266A9369DB00DB08936119
:105AC000636A91693343A66933430B439361FF22B1
:105AD00023685A620028C7D0C9E7C046BFFF8FFBC2
:105AE000F8B504000120002C67D0636A002B65D153
:105AF000822261685200914200D0E36100232500B8
:105B0000A3625D352B78DAB2002B05D123005C331C
:105B100020001A70FAF74AFD022340222B702168F8
:105B2000E6680B689343E0220B60D20000239642A4
:105B300048D9F02218001201964200D0A3628222B6
:105B40008427636852001340A2683F023A4002274C
:105B500013432269A5693A4013430122676917403C
:105B60003B438027BF002F403B43E7693732174054
:105B70003B43276A4832174080223B43A76A920181
:105B800017403B43102708220B60636A2D0C3B40F3
:105B9000676B17403B43F0273F013E4033430426E9
:105BA00035402B4303434B60CB690848034000203A
:105BB000CB61012320665D342370F8BD002323618F
:105BC00063619BE780204001B6E7C046FFF7FFFF17
:105BD000C022042313B50468D200A1680800104055
:105BE000114200D116BDE168013B0191DBB2019980
:105BF000002BF2D10320F5E701000300012010B5CE
:105C00003D310C78E2B284421FD1001808701B6845
:105C1000D9681143D9600E498B4209D08021C9054A
:105C20008B4205D00B498B4202D00B498B420DD1E0
:105C30009A680A490A40062A06D007398A4203D0E0
:105C4000012219680A431A60002010BD1968F9E79B
:105C5000002C01400004004000400140070001000A
:105C60000121036810B5DA688A43DA601C6A074AC2
:105C7000144206D11C6A064A144202D11A688A43A9
:105C80001A6001233D300370002010BD1111000087
:105C90004404000070477047704770470222036851
:105CA00010B51969040011420ED0D96811420BD009
:105CB000053A1A61043202779B699B0700D186E09E
:105CC000FFF7E9FF002323770422236819691142B3
:105CD00011D0D96811420ED0093A1A6107322277E1
:105CE0009A69C0239B0020001A4200D175E0FFF79B
:105CF000D2FF0023237708222368196911420ED0AE
:105D0000D96811420BD0113A1A610D322277DB6942
:105D100020009B0767D0FFF7BEFF002323771022E8
:105D200023681969114210D0D96811420DD0213A67
:105D30001A6119322277DA69C0239B0020001A42C7
:105D400057D0FFF7A8FF00232377012223681969A2
:105D5000114207D0D968114204D0033A20001A61D9
:105D6000F9F7C2FB802223681969114208D0D9686B
:105D7000114205D0023AFF3A20001A6100F0EFF814
:105D800023681A69D20507D5DA68120604D51C4AB9
:105D900020001A6100F0E4F84022236819691142DA
:105DA00007D0D968114204D0813A20001A61FFF768
:105DB00074FF202223681969114207D0D968114263
:105DC00004D0413A20001A6100F0C8F810BDFFF776
:105DD00061FF2000FFF760FF74E7FFF75BFF200023
:105DE000FFF75AFF85E7FFF755FF2000FFF754FF45
:105DF00093E7FFF74FFF2000FFF74EFFA3E7C046F2
:105E0000FFFEFFFF10B51C4C0368A04206D08022A5
:105E1000D205904202D0194A904208D17022934391
:105E20004A681343164A1A40CB6813430BE0154ADD
:105E30009042F7D0144A9042F4D0144A9042F1D0E4
:105E4000134A9042EED0802293434A691343036081
:105E50008B68C3620B688362A04208D00A4B9842E9
:105E600005D00A4B984202D0094B984201D10B69E8
:105E700003630123436110BD002C01400004004076
:105E8000FFFCFFFF002000400040014000440140B3
:105E90000048014070B504000120002C23D02500EB
:105EA0003D352B78DAB2002B05D123003C3320009E
:105EB0001A70FAF7CDFB02232B702068211DFFF723
:105EC000A1FF2200012300204832137047340A3A10
:105ED000137053709370D370137153719371D371A6
:105EE000137223702B7070BDF0B5040002223C3495
:105EF000257803001000012D26D01D003D352A70A5
:105F00001B68124E5A689868B34203D1104F3A404A
:105F10004F683A437027BA430F683A435A60B34216
:105F200009D08022D205934205D00A4A934202D07A
:105F3000094A934204D1802290438A6810439860B2
:105F4000012300202B702070F0BDC046002C0140C2
:105F5000FFFF0FFF00040040004001407047704702
:105F60007047000030B5EFF31084012282F31088EF
:105F7000C02501680B68AB430B6084F31088EFF316
:105F8000108182F310880268044C93682340936068
:105F900081F3108820238830036030BDFFFF7FFF2E
:105FA00030B5EFF31084012282F310880168134D9D
:105FB0000B682B400B6084F31088EFF3108182F3A1
:105FC000108802680E4C93682340936081F3108818
:105FD000C36E012B0AD1EFF3108183F310881024D4
:105FE00002681368A343136081F310880300202222
:105FF0008C331A600023C366436730BDDFFEFFFFAA
:10600000FEFFFFEF704770477047704770B5846AB6
:10601000230088331A685D6823689B681B0608D5CF
:10602000212A06D123000022563320001A80FFF7D0
:1060300099FF23689B685B0608D5222D06D12300B3
:1060400000225E3320001A80FFF7AAFF22001023EF
:106050009032116820000B431360FFF7D6FF70BD2C
:10606000806A0023020010B55E321380083A138064
:10607000FFF7CBFF10BD0000F7B50168C14DCB693C
:1060800004000A6888682B4210D120252B4200D1D9
:106090009BE08026760515400640354300D194E00C
:1060A000636F2000002B00D085E085E0B64D0540F1
:1060B0000095B64D009E1540354300D185E0250082
:1060C00001269035334205D0D70503D50E622F68DF
:1060D0003E432E60022633420CD0C7070AD5270064
:1060E0000E6290373E680197B446042667463E43E9
:1060F000019F3E60042633420CD0C7070AD5270013
:106100000E6290373E680197B446022667463E43CA
:10611000019F3E600826B446334209D02027009EE6
:106120001740374304D066460E622F683E432E6008
:1061300080263601334206D0570104D50E62202155
:106140002E68314329602968002935D020210B426F
:106150000AD080235B0511400340194304D0636FCC
:10616000002B01D02000984722682B6840279668B2
:1061700028223E40134020001E4322D0FFF710FF8C
:1061800023689B683B4218D0EFF31081012383F30F
:106190001088250004CD9368BB43936081F3108879
:1061A000E86F002809D07A4B8363FEF791FD002841
:1061B00002D0E86F836B9847F7BD2000FFF725FFFB
:1061C000FAE7FFF722FF2E60F6E7E56E012D00D01B
:1061D0009FE01026334200D19BE0324200D198E08C
:1061E0000E62896840230A001A40194257D0211DC7
:1061F000CA6F1068426892B2002ADDD027005C376F
:106200003F889742D8D927005E373A80026820201D
:106210008446104000906046024232D1EFF310876E
:1062200085F3108820685B4E02683240026087F375
:106230001088EFF3108785F3108820688268AA43DE
:10624000826087F31088EFF3108785F31088206849
:1062500082689A43826087F31088230062468C33F9
:106260001A60009BE366EFF3108085F310882268C4
:106270000F351368AB43136080F31088C86FFEF7C7
:10628000EDFC02232200236723005C325E331B886F
:106290001188C91A89B22000F8F78CFF8CE7230017
:1062A00020005C335E301988038800889BB2002888
:1062B00000D181E7C91A89B2002900D17CE7EFF348
:1062C000108785F310882068334E036833400360DD
:1062D00087F31088EFF3108785F3108820682F4E1E
:1062E00083683340836087F31088230020208C3339
:1062F0001860E2666267EFF3108085F3108810255E
:1063000022681368AB43136080F31088022323676D
:10631000C1E780256D032B4206D0460204D520003C
:106320000D6200F0E7FB47E780210B4207D0802594
:106330002D0411402840014301D0A36FB1E6402154
:106340000B4216D00A4214D0EFF31080012383F3DE
:106350001088226813688B43136080F31088230031
:10636000202288331A6000232000A367FFF74AFE2B
:1063700022E7190214D5510012D5200000F0BCFB11
:106380001AE7C0460F0800000100001020010004B9
:1063900061600108FFFEFFFFDFFEFFFFFEFFFFEF72
:1063A000DB0100D408E7002A00DB05E7200000F04D
:1063B000A2FB01E70123806A10B50367C36E012BBE
:1063C00006D103005C3319884908F8F7F3FE10BDC5
:1063D000FFF71AFEFBE7000003001B6820221B6882
:1063E00070B51900806A1140134234D103005E3346
:1063F0001980EFF31085012383F3108804681D4E84
:1064000021683140216085F31088EFF3108583F314
:1064100010880468A1689943A16085F31088EFF3A0
:10642000108483F31088402501688B68AB438B6030
:1064300084F3108803008C331A60C36E012B0AD1D9
:10644000EFF3108183F31088102402681368A343CC
:10645000136081F3108800230367C36E012B05D1FD
:1064600003005C331988F8F7A5FE70BDFFF7CBFD7C
:10647000FBE7C046FFFEFFFFF8B504002569A268F0
:1064800023682A4365691968C0692A43734D02432A
:1064900029400A431A605A687149A5690A40E168AF
:1064A0000A4370495A608B4201D0226A15439A68A8
:1064B0006D4E32402A430F259A60DA6AAA43656A14
:1064C0002A43DA62694A934225D1694B5A6D032304
:1064D0001A4080231B02022A00D1BBE0032A00D10C
:1064E000B2E0012A00D1A8E0984200D17DE0FFF798
:1064F00023F9002845D0626A5E4B5200D15AF1F769
:1065000015FE65686B08C0182900F1F70FFE020040
:10651000594B103A64E0594A934212D10C22544B21
:106520005B6D1340082B00D192E005D8002B00D002
:1065300081E080231B02D7E70C2B00D182E00120F1
:1065400020E04F4A9342F4D04E4A9342F1D08B421E
:10655000F5D1C0228021464B12015B6D0901134029
:106560008B4215D004D8002B07D1FFF7E5F806E0E1
:106570009342E4D1802636020BE0FEF7EFFF061EC1
:1065800007D10020404BA36600236367A367F8BDD3
:106590003E4E626A374B5200D75A30003900F1F74D
:1065A000C5FD032365686B438342C8D82B03834230
:1065B000C5D300233A0030001900F1F7A5FF0027EA
:1065C000060E0B02334302026E0892197B41100043
:1065D00019002A003B00F1F797FF2D4BC2182D4BF5
:1065E0009A42ACD82368D860CBE7FFF7A5F800281B
:1065F000C7D0626A1F4B5200D15AF1F797FD656808
:1066000040006B08C0182900F1F790FD02001A4BFA
:10661000103A9A4200D992E70F23020000079A43EA
:1066200093B2400F22680343D360AAE71748E0E71C
:10663000FEF794FF5DE780231B029842F8D1FEF736
:106640008DFFD4E780231B029842D2D0180052E776
:1066500080231B029842E9D00C484CE7F369FFCF36
:10666000FFCFFFFF00800040FFF4FF110038014022
:10667000001002403E8D0108EFFF00000044004082
:1066800000480040004C0040010001000024F400DC
:1066900000FDFFFFFFFC0F00836A30B5DA0706D567
:1066A0000168284C4A682240C46A22434A609A071B
:1066B00006D50168244C4A682240046B22434A6094
:1066C0005A0706D50168214C4A682240446B224390
:1066D0004A601A0706D501681D4C4A682240846B3F
:1066E00022434A60DA0606D501681A4C8A682240BD
:1066F000C46B22438A609A0606D50168164C8A68E4
:106700002240046C22438A605A0610D50168134D5A
:106710004A68446C2A4022434A60802252039442D1
:1067200005D14A680E4C2240846C22434A601B0605
:1067300006D502680B4953680B40C16C0B4353608C
:1067400030BDC046FFFFFDFFFFFFFEFFFFFFFBFF69
:10675000FF7FFFFFFFEFFFFFFFDFFFFFFFFFEFFF09
:10676000FFFF9FFFFFFFF7FFF8B504000D001700C4
:106770001E002268D3692B405B1B59424B41BB4230
:1067800001D0002029E0069B0133F3D0FEF722F967
:10679000069B801B984201D8002B1FD1EFF310807D
:1067A000012282F310882168204D0B682B400B607A
:1067B00080F31088EFF3108082F3108821688B68D3
:1067C00093438B6080F3108823001F3288331A6054
:1067D0005A600023032084342370F8BD23681A68AC
:1067E0005207C6D58022D96912011142C1D01A625E
:1067F000EFF31080012282F3108821680B4D0B68A3
:106800002B400B6080F31088EFF3108082F3108828
:1068100021688B6893438B6080F3108822002023CB
:106820008832136053609360D3E7C0465FFEFFFF7A
:10683000F0B51700020087B0883205931368040092
:106840000D000220202B45D10138002942D0002F15
:1068500040D08023A1685B01994204D12369002BB9
:1068600001D1054236D12300002690331E6021233A
:106870001360FEF7AFF8230054331F8002330393F5
:106880001F808023A26804905B019A4204D123698F
:10689000B34201D12E001D00230056331B889AB24B
:1068A000002B0CD1059B402100932000049BFFF797
:1068B0005BFF00280DD12023883423600AE0059B6C
:1068C0000022009380212000049BFFF74DFF002849
:1068D00002D0032007B0F0BD2268002D0BD1338811
:1068E0000236DB05DB0D9362039B039A1B88013B99
:1068F0009BB21380D0E72B7801359362F4E7000058
:10690000030073B50026040090331E60FEF762F8A2
:10691000236805001B681B0719D423681B685B07E5
:106920000AD58021104B0022009320002B00C903C0
:10693000FFF71AFF002815D12200002020238832FB
:1069400013605360E0662067843420700BE0802180
:10695000054B32000093890303002000FFF704FF7A
:106960000028DAD0032076BDFFFFFF01F8B5130041
:106970000200060005005C3281650F0013802221B1
:10698000002290368C3532602960011D0400C86FEA
:10699000904213D01D498263C1621D493A000163D0
:1069A0001C49416321682431FEF710F9002805D005
:1069B000102301203360DB182B60F8BD2369002B06
:1069C0000BD0EFF31081012383F310882268FF338B
:1069D00010680343136081F31088EFF310800123E4
:1069E00083F3108821688A681A438A6080F31088CC
:1069F000EFF3108183F3108822683F3390680343DC
:106A0000936081F310880020D7E7C046D96301085E
:106A1000B56301080D600108F7B50700436E040077
:106A20006A37002B04D10120388068342080F7BDFC
:106A300003680B4E9A689B680A4D5B0FF05CE95C3B
:106A4000C0000192F1F7FCFB019B38801B015B0F3A
:106A5000F05CE95CC000F1F7F3FB80B2E5E7C0460B
:106A60005E8D0108568D0108F7B504000E001D006B
:106A70000192002801D10120FEBD070088373B6844
:106A8000002B04D1020084321370F9F755FE242341
:106A9000012122683B60136820008B431360FFF7DD
:106AA000EBFC0128E7D0A36A002B02D02000FFF7FF
:106AB000F3FD80222368D20199682D040A439A606D
:106AC0009A680A4920000A4032439A60019A5105A7
:106AD0000D431A6806490A40154301221D601968D2
:106AE0000A431A60FFF70CFFC6E7C046FF7FFFFFAF
:106AF000FFFF00FC704770477047000070B504004E
:106B00008434227803000220012A11D01D0024229F
:106B1000012688352A601A6811681068B043106031
:106B20000448014000205866202311602B6020702B
:106B300070BDC046FFFFFFDFF8B5050084350B00D0
:106B400029780222012915D006000121046888361F
:106B500022323260276822688A432260A168C90015
:106B6000C9081943A160FFF757FF202300222760BF
:106B700033602A701000F8BDF8B5050084350A00AE
:106B800029780223012915D00600012104688836DE
:106B900022333360276823688B432360A168064B48
:106BA00019401143A160FFF737FF202327603360AE
:106BB00000232B701800F8BDFFFFFFF103008C339A
:106BC0001B6870B504000220202B02D1002901D1DE
:106BD000012070BD002AFBD08020A5680123400160
:106BE000854204D12069002801D11942F0D1E36621
:106BF000002320002367FFF7B9FE0028E9D1E26EE9
:106C0000012AE5D1102321680B62EFF3108182F392
:106C10001088226814682343136081F31088D8E732
:106C200010B5034B0100186800F030F810BDC046E5
:106C30006402002010B5034B0100186800F0EEFC60
:106C400010BDC0466402002070B50F4E0D003168C3
:106C50000400002902D100F00DFC30602900200062
:106C600000F008FC431C03D101256D42280070BDD3
:106C70000323C51C9D43A842F8D0291A200000F028
:106C8000F9FB0130F2D1EFE7F8670020F7B50322F6
:106C9000CB1C9343083305001F000C2B34D20C2768
:106CA000B94233D8280000F071F8374E33681C0021
:106CB000002C2FD139002800FFF7C6FF0400431C29
:106CC0005FD134680094009B002B4AD1002C52D035
:106CD00023682800E3180099019300F0CBFB019B87
:106CE000834248D123682800FF1A3900FFF7ACFF20
:106CF000013040D02368DB19236033685A68002ACA
:106D000033D1009B336019E0002BC9DA0C232B60D0
:106D10000020FEBD2168C91B20D40B290AD9E21925
:106D20002760A34204D1326063681160536005E0BC
:106D30005A60F9E76268A3420ED13260280000F081
:106D40002DF8200007220B30231D9043C21A9842D1
:106D5000DFD01B1AA350DCE75A60EFE7230064681A
:106D6000A6E7009C63680093ADE71A005B68A34246
:106D7000FBD10023DAE70C2328002B6000F00EF88B
:106D8000C6E70760DAE7C046FC67002010B5024896
:106D900000F0C1FB10BDC0464069002010B502489C
:106DA00000F0BAFB10BDC04640690020114B70B521
:106DB0001D6804002B6B002B16D11820FFF730FF45
:106DC000021E286304D146210B4B0C4800F008FC3E
:106DD0000B4B002103600B4B43600B4B83600B2379
:106DE000838101201061516100222B6B1C615A616B
:106DF00070BDC046640200205F8C0108768C0108DB
:106E00000E33CDAB34126DE6ECDE0500164B10B53B
:106E10001C68236B002B16D11820FFF701FF021E00
:106E2000206304D15221114B114800F0D9FB114BC2
:106E300000210360104B4360104B83600B23838160
:106E4000012010615161246B0D4A206961690D4B6D
:106E5000F1F77AFB0122002380185941206161611A
:106E60004800400810BDC046640200205F8C010845
:106E7000768C01080E33CDAB34126DE6ECDE0500E6
:106E80002D7F954C2DF4515830B50024022B09D09C
:106E9000920803590D59013A05510B510434002A47
:106EA000F7DC30BD035D0D5D05550B550134131B3B
:106EB000002BF7DCF5E7F8B50F00160004001D0005
:106EC0009847310000280DDA3800A847002802DA78
:106ED0003C002000F8BD31002000A8470028F8DA67
:106EE0003400F6E73800A8470028F1DC3100200024
:106EF000A8470028F4DAECE7F0B599B000900393C6
:106F0000009B170013430222080001929B0704D143
:106F10003B1F1A00531E9A410192002304933C0028
:106F2000009B4443DB190293009B1B190693062820
:106F300028D8029B069A93420CD3049B002B00D0C6
:106F400020E119B0F0BD3A0029002000019BFFF7B5
:106F50009BFF0FE0029C0EE0E51B21002800039B35
:106F6000984700280ADD019B002BECD123682A6892
:106F700022602B602C00009BA342EDD3029BDB1907
:106F80000293D6E746087E43009BE41B9E191C191A
:106F9000072821D022000593282817D9C5087D434A
:106FA00059194A19039B0098FFF785FF31007219A0
:106FB000039B0590701BFFF77EFF06006800201AF8
:106FC0002200039B4119FFF776FF02003100039B6B
:106FD0000598FFF770FF0600019B002B23D1009B53
:106FE00032681B6800990A60336000232600029D06
:106FF00007930595A54233D828000099039B98472D
:1070000000282BDC0DD1019B002B13D1059B2A6896
:107010001B6805990A602B60059BDB19059301230A
:107020000793ED19E6E73A003100019B0098FFF75E
:107030002BFFDAE73A002900019B0598FFF724FFB0
:10704000EAE7002809D1019B002B13D1236832689D
:10705000226033600123F61B0793E41BAC4210D27D
:10706000079B002B40D1029B069A934200D364E712
:10707000029C32E03A0031002000019BFFF704FF40
:10708000E8E720000099039B98470028D9DA019B84
:10709000002B05D12B6822682A602360E41BBEE721
:1070A0003A0021002800019BFFF7EEFEF6E73A00C8
:1070B00029002000019BFFF7E7FE0DE0E51B210002
:1070C0002800039B984700280ADD019B002BEED186
:1070D00023682A6822602B602C00009BA342EDD31A
:1070E000029BDB190293BEE7059B009AEB1A029301
:1070F000059B9A1A029B9A4200DD1A00002A04D0CE
:10710000019B0098A91AFFF7BFFE069B341B9A1B30
:10711000D21BA24200D92200002A05D0069B2800DB
:10712000991A019BFFF7B0FE069B029E1D1BB442FD
:1071300005D8230034001E002B00009D0093BE42A2
:107140002BD9049B072B11D808AADB009D503900CE
:107150009B1820001D00F0F7E9FF049B68600133D5
:10716000390030000493F0F7E1FFD8E63900300031
:10717000F0F7DCFF3A000100039B0098FFF7BCFE2C
:10718000BC420DD8049B08AA013B0493DB009A582B
:10719000009208AA9B185868C1E6BC4200D8CCE609
:1071A00039002000F0F7C2FF0095B8E6002310B5C3
:1071B000040003604360836081814366C281036190
:1071C00043618361190008225C3000F011F90B4B18
:1071D000246263620A4BA3620A4BE3620A4B236395
:1071E0000A4B9C4205D00A4B9C4202D0094B9C4260
:1071F00003D12000583000F08DF910BD357301081F
:107200005D73010895730108C173010800680020CF
:1072100068680020D068002010B5034A034904487C
:1072200000F06CF810BDC04658020020BD77010880
:107230006802002041680B4B10B50400994201D050
:1072400000F0BCFAA168084B994202D0200000F07F
:10725000B5FAE168054B994202D0200000F0AEFA81
:1072600010BDC0460068002068680020D06800207B
:1072700010B5094B094A04211A6009480022FFF79A
:1072800095FF012209210748FFF790FF02221221F2
:107290000548FFF78BFF10BD3869002019720108FF
:1072A0000068002068680020D068002010B50248FF
:1072B00000F031F910BDC0464169002010B5024808
:1072C00000F02AF910BDC0464169002010B5040045
:1072D000FFF7ECFF236A002B02D0FFF7EFFF10BD92
:1072E000044B2362044B1B68002BF6D1FFF7C0FF51
:1072F000F3E7C0463572010838690020F7B514007D
:10730000002600900191A5686768013F04D52468B4
:10731000002CF8D13000FEBDAB89012B08D90E221C
:10732000AB5E013304D029000098019B98470643C7
:107330006835EAE770B50C000E25495F00F086F865
:10734000002803DB636D1B18636570BDA389024AC7
:107350001340A381F9E7C046FFEFFFFFF8B51F0018
:107360008B8905000C001600DB0505D50E23C95ED0
:107370000022022300F056F8A389054A2800134092
:10738000A38132000E23E15E3B0000F085F8F8BDDA
:10739000FFEFFFFF70B50C000E25495F00F042F8CB
:1073A000A389421C03D1054A1340A38170BD8022EA
:1073B00052011343A3816065F8E7C046FFEFFFFF6A
:1073C00010B50E23C95E00F01BF810BD10B5884241
:1073D00002D98B18984208D300239A4207D0CC5C7C
:1073E000C4540133F9E78B5C8354013AFBD210BDDE
:1073F00003008218934200D1704719700133F9E7F6
:10740000002370B5064D040008002B60F9F704FD59
:10741000431C03D12B68002B00D0236070BDC046F5
:107420003C69002070B50400080011001A00002318
:10743000054D2B60F9F7FAFC431C03D12B68002B98
:1074400000D0236070BDC0463C69002070B50400C8
:10745000080011001A000023054D2B60F9F7C2FC4B
:10746000431C03D12B68002B00D0236070BDC046A5
:107470003C690020002370B5064D040008002B6015
:10748000F9F7D6FC431C03D12B68002B00D02360F6
:1074900070BDC0463C69002070B5040008001100B2
:1074A0001A000023054D2B60F9F7A9FC431C03D1FA
:1074B0002B68002B00D0236070BDC0463C690020C3
:1074C000014B18687047C0466402002070B5002662
:1074D0000C4C0D4D641BA410A64209D1002601F0EE
:1074E000F3FA0A4C0A4D641BA410A64205D170BDE4
:1074F000B300EB5898470136EEE7B300EB589847D6
:107500000136F2E7B08D0108B08D0108B48D010895
:10751000B08D0108704770477047002310B59A423C
:1075200000D110BDCC5CC4540133F8E7F8B50D00B0
:1075300017006B00274A5B0D9A180E00040001002B
:10754000132A21DC002A07DA0022EE0FF3073A6043
:107550007B6029002000F8BD1F48104103002B402C
:10756000234305D1F60F3C607D601C00F507F0E772
:10757000864300223300200029003A607B60F3F745
:107580002DFC04000D00E4E7332A15DD29003C60E2
:107590007D6000F04FF900280AD122002B00200066
:1075A0002900F2F735F904000D003C607D60D0E75A
:1075B000EE0F0024F507CCE70120084A40429B1853
:1075C000D840030023402042CCD081432B000A0046
:1075D000D1E7C04601FCFFFFFFFF0F00EDFBFFFFFF
:1075E0007FB514001A00094B05001B680E00D8680F
:1075F000074B002C01D1074B1C0007490193029453
:107600002B00009600F006F900F044F96402002017
:10761000CE8C0108098D0108DB8C010870B50500CE
:107620000C1E10D0043C2368002B00DAE41828005C
:10763000FFF7ACFB1D4A1368002B05D16360146093
:107640002800FFF7ABFB70BDA34208D920682118C2
:107650008B42F3D119685B6809182160EEE71A00C4
:107660005B68002B01D0A342F9D911685018A042E1
:107670000BD120680918501811608342E0D11868B6
:107680005B68411811605360DAE7A04202D90C230D
:107690002B60D5E7206821188B4203D119685B68FD
:1076A0000918216063605460CAE7C046FC67002087
:1076B000F7B50C228B5E05000C001A0756D44A68F9
:1076C000002A02DC0A6C002A4EDDE76A002F4BD04C
:1076D000002280202E682A601A004001216A0240A0
:1076E000034233D0626DA3895B0706D56368D21A63
:1076F000636B002B01D0236CD21A00232800E76AA9
:10770000216AB847A289431C06D129681D2946D899
:10771000294BCB40DB0742D50023636023692360FC
:10772000D20405D5431C02D12B68002B00D1606523
:10773000616B2E60002917D023004433994202D098
:107740002800FFF76BFF002363630DE0012328008F
:10775000B8470200431CC6D12B68002BC3D01D2B99
:1077600001D0162B1AD12E6000201EE00E69002ECB
:10777000FAD00F680E60BA1B019200229B0700D15D
:107780004A69A260019B002BEEDDA36A32001F0054
:107790002800019B216AB847002807DCA289402302
:1077A000012013431BB2A3814042FEBD019B36184A
:1077B0001B1A0193E6E7C046010040200B6970B533
:1077C00005000C00002B02D10025280070BD002808
:1077D00004D0036A002B01D1FFF778FD0C22A35ED1
:1077E000002BF1D0626ED20704D49B0502D4A06DA9
:1077F000FFF791FE28002100FFF75AFF636E050096
:10780000DB07E2D4A3899B05DFD4A06DFFF784FEDC
:10781000DBE700000EB417B5054C05AB04CB010047
:107820002068019300F064F81EBC08BC03B0184740
:10783000640200200B0070B50400020001001C432C
:107840000220002C06D080200006834203D14B1E6C
:107850009941881C70BD0C48590049080B4C0E1802
:107860000420A642F6D9802401386403A342F1D350
:1078700080252D065D19A542ECD3054C0020A142C0
:10788000E8D150425041E5E70000F0FFFFFFDF7F05
:107890000000F07F062010B500F08CFB0120F9F706
:1078A0009BFA936810B5013B9360002B04DA94694E
:1078B000A34207DB0A2905D01368581C1060197011
:1078C000080010BD00F0ACFA0100F9E7F8B50600B9
:1078D0000F001400D518AC4201D1002007E0217838
:1078E0003A003000FFF7DDFF0134431CF3D1F8BD4F
:1078F000F0B5A1B00F0015001E000390002804D0C1
:10790000036A002B01D1FFF7E1FC7B6EDB0705D496
:10791000BB899B0502D4B86DFFF7FDFDBB891B0732
:1079200002D53B69002B13D13900039800F0BAFA55
:1079300000280DD07B6EDB0703D50120404221B02B
:10794000F0BDBB899B05F8D4B86DFFF7E5FDF4E702
:10795000002308AC6361203363761033A376079667
:107960002E003378002B01D0252B48D1731B0593B3
:10797000AE420BD02A0039000398FFF7A7FF013071
:1079800000D1AEE06369059A9B1863613378002BE0
:1079900000D1A6E0012200235242626004A95432C1
:1079A0005218751C2360E360A3601370A365594BE4
:1079B000052218002978059300F01CFB6E1C002896
:1079C0001FD12268D30604D5532304A95B182021B4
:1079D0001970130704D5532304A95B182B211970C0
:1079E0002B782A2B16D02E0000210A20E36832784B
:1079F000751C303A092A50D9002911D117E00136F7
:107A0000AFE7059B2268C01A01238340134335006A
:107A10002360CCE7079B191D1B680791002B01DB36
:107A20000B9304E05B42E36002231343236033784B
:107A30002E2B0CD173782A2B34D1079B02361A1DBA
:107A40001B680792002B01DA01235B420993324D38
:107A500003222800317800F0CDFA002806D0402318
:107A6000401B83402268013613432360317806228D
:107A70002A48751C217600F0BDFA002840D0284B1A
:107A8000002B22D10722079B073393430833079328
:107A90006369049A9B18636162E743432E000121E6
:107AA0009B18A4E700230A2019000136636032788E
:107AB000751C303A092A03D9002BC8D00991C6E7B2
:107AC00041432E0001238918F1E707AA0092210003
:107AD0003A00144B039800E000BF0490049B01336C
:107AE000D6D17B6EDB0705D4BB899B0502D4B86D6C
:107AF000FFF712FDBB895B0600D51EE70D981EE758
:107B000007AA009221003A00064B039800F07CF887
:107B1000E3E7C0460A8D0108108D0108148D0108A5
:107B200000000000CD780108F7B5160001938A68BF
:107B30000B690C000090934200DA130022003360BE
:107B400043321278002A01D00133336023689B0648
:107B500002D53368023333602268062315001D40C6
:107B60001A4227D0230043331B785A1E93412268C0
:107B7000920630D4220001990098089D4332A8470C
:107B8000013025D00622236800251340042B05D19F
:107B90003368E568ED1AEB43DB171D40A3682269E3
:107BA000934201DD9B1AED180026B54220D100203A
:107BB00010E00135E36832689B1AAB42D2DD220047
:107BC000012301990098089F1932B8470130F0D17C
:107BD00001204042FEBD3020E118433108702100F1
:107BE0005A1C45310978A218433202331170C1E79B
:107BF0002200012301990098089F1A32B8470130EA
:107C0000E6D00136D1E70000F0B58BB006920A004D
:107C100043320793059003920A7E0C00109B782A4A
:107C200009D8622A0BD8002A00D1BAE07A49049117
:107C3000582A00D18EE0250042352A7022E010003B
:107C400063381528F7D8F0F767FA16001F00F6FF1B
:107C5000F6FFF6FFF6FF1F00F6FFF6FFF6FFF6FF52
:107C60009F0036007E00F6FFF6FFB000F6FF3600FC
:107C7000F6FFF6FF820025001A684235111D1960D3
:107C800013682B7001239EE018680968021D0D0619
:107C90000BD506681A60002E03DA2D23039A76426C
:107CA00013705D4B0A27049318E006681A604906B2
:107CB000F1D536B2EFE70868196840C9050602D465
:107CC000400600D5B6B21960534B0A2704936F2AB9
:107CD00000D1023F2300002243331A706368A3607F
:107CE000002B06DB04212268039D8A432260334374
:107CF0000CD0039D30003900F0F79EFA049B013D43
:107D00005B5C2B70330006009F42F3D9082F09D12A
:107D10002368DB0706D5626823699A4202DC3023B8
:107D2000013D2B70039B5B1B2361079B210000938C
:107D30000598069B09AAFFF7F7FE013048D10120FC
:107D400040420BB0F0BD202209680A43226078222D
:107D500032490491210045310A701968226840C9EE
:107D6000100602D4500600D5B6B21960D30702D56A
:107D7000202313432360002E01D01027AAE72022DE
:107D8000236893432360F8E71A680D68101D49695A
:107D9000186013682E0601D5196002E06D06FBD548
:107DA00019800023039D2361BFE71A68111D196024
:107DB000156800212800626800F01CF9002801D035
:107DC000401B6060636823610023039A1370ACE773
:107DD0002A00236906990598079DA8470130AED06F
:107DE00023689B0715D4099BE0689842A9DA18001C
:107DF000A7E72200012306990598079E1932B0478C
:107E000001309CD00135E368099A9B1AAB42F0DC43
:107E1000E9E70025F7E7C0461B8D01082C8D010816
:107E2000F8B506000D001400002804D0036A002BEA
:107E300001D1FFF74BFAA369A360A3891B0702D501
:107E40002369002B09D12100300000F02BF8002815
:107E500003D001256D422800F8BD23692068EFB2E8
:107E6000C01A6369EDB2834205DC21003000FFF7E0
:107E7000A5FC0028EDD1A3680130013BA360236875
:107E80005A1C22601F706369834204D0A389DB07F8
:107E9000E1D50A2DDFD121003000FFF78FFC00284B
:107EA000D9D0D6E72D4B70B5050018680C00002816
:107EB00004D0036A002B01D1FFF708FA0C22A35E5D
:107EC0001A0723D4DA0607D409222A6040220120A7
:107ED0001343A38140423AE05B0713D5616B00294D
:107EE00008D023004433994202D02800FFF796FBC4
:107EF000002363632422A3899343A3810023636047
:107F0000236923600823A2891343A3812369002BDB
:107F10000BD1A0218022A389890092000B409342BB
:107F200003D02100280000F09BF80C22A35E012161
:107F30001A000A400B420BD00022A2606269524232
:107F4000A26100202269824201D11A06BED470BD0E
:107F5000990700D46269A260F3E7C046640200207A
:107F600070B504000D001F2904D9162303600120F9
:107F7000404270BDC36B002B04D08A009B181A6866
:107F8000002A08D1200000F031F82A00010020006A
:107F900000F01AF8EDE7012A09D0511C03D116238D
:107FA00003600120E5E700212800196090470020C8
:107FB000DFE7000010B5034B01001868FFF7D0FFA2
:107FC00010BDC04664020020002370B5064D0400B9
:107FD000080011002B60F8F7F7FE431C03D12B6853
:107FE000002B00D0236070BD3C69002010B5F8F76D
:107FF000E9FE10BDC9B28218904201D1002070473D
:1080000003788B42FBD00130F6E7000070B50E001C
:108010001D000E23C95E140096B000290CDAB28947
:108020008023110019401A4214D18023DB00002064
:108030002960236016B070BD6A4600F053F800282E
:10804000EDDBF02301991B021940044BC9184B4288
:108050005941EAE700214023E9E7C04600E0FFFF7D
:10806000F0B502268B8905000C0085B0334207D09D
:1080700023004733236023610123636105B0F0BD12
:1080800003AB02AAFFF7C2FF029F0190390028004C
:10809000FEF7FCFD002808D10C22A35E9A05EDD462
:1080A000032293431E43A681E2E78023A289206036
:1080B0001343A381039B20616761002B0CD0280030
:1080C0000E23E15E00F020F8002805D00323A289EA
:1080D0009A43023B1343A381A389019A1343A381CB
:1080E000CCE70000002370B5064D04000800110025
:1080F0002B60F8F794FE431C03D12B68002B00D0B3
:10810000236070BD3C690020002370B5064D04005B
:1081100008002B60F8F788FE431C03D12B68002B66
:1081200000D0236070BDC0463C690020F8B5040053
:108130000D0000F081F906000F002000290000F07A
:1081400089F800280DD0200029000F4A0F4BF0F7C6
:108150008DF9002808D0FFF7B3F9222300260C4F31
:10816000036030003900F8BD20002900094A0A4B9D
:10817000F0F768F90028F4D0FFF7A2F922230026CF
:1081800000270360EDE7C046EF39FAFE422E864035
:108190000000F07F51302DD5104987C0F8B504009C
:1081A0000D0000F0B1FA220006000F002B002000A5
:1081B0002900F3F71DFA002815D100220023200022
:1081C0002900F0F753F900280DD1002200232000E8
:1081D0002900F0F731F9002808D0FFF771F92223C0
:1081E0000026074F036030003900F8BDFFF768F93B
:1081F00021230360034800F035F806000F00F2E782
:108200000000F0FF098D0108F8B504000D0000F032
:108210002FF8220006000F002B0020002900F3F7A2
:10822000E7F9002813D10022002320002900F0F7ED
:1082300009F900280BD0FFF743F92123002203603E
:10824000002310001900F1F7A9FE06000F0030000E
:108250003900F8BD024B48004008C018C00F7047F5
:1082600000001080002001497047C0460000F87FE0
:10827000F0B50A000D006B4904000300080087B048
:108280002840884211D122002B0020002900F2F75B
:10829000BFFA02000B0020002900F1F7B9FA040030
:1082A0000D002000290007B0F0BD002D11DC690091
:1082B00049082143F5D00020854210D022002B0030
:1082C00020002900F2F78AFD02000B00F1F766FE9C
:1082D000E5E7281515D180240021640307E0DA0AB8
:1082E00015385B05002AFAD0F5E752000131224229
:1082F000FBD04C1E001B20241D00641AE5408B405F
:108300002A434949120344188021120B490311439F
:10831000C00703D4DA0F490051185B000025621032
:10832000490080240592DA0F5218162029005B00BC
:10833000A4030E19964202DC3119921B2D19DE0F8F
:108340005200013892195B0064080028F1D1202600
:108350008027040004963F063E18B4468A4202DC99
:1083600014D19E4212D860466646C0190091002E74
:1083700003DAC643F60F8E190096521A63458941F7
:108380004942521A61465B1A0099E419DE0F520005
:108390009219049E5B00013E7F080496002EDBD1FB
:1083A0001A431FD0214E224F306871683A687B68AB
:1083B000009201933268736802920393009A019BC2
:1083C000F2F70CFD02000B0002980399F0F744F855
:1083D000002807D0306871683A687B68671C0CD148
:1083E000049C0135134A6B109B18059AED0764082D
:1083F000120525432800D11851E7F1F709FA7768EB
:10840000366802000B0030003900F0F71BF8002836
:1084100004D0023463426341ED18E3E701230134E1
:108420009C43DFE70000F07F01FCFFFF708D010837
:10843000688D01080000E03FF0B54B000F00CC0F45
:108440009149060089B05B088B422ED98F498B4237
:1084500011D93B031B0B034306D002003B00300045
:108460003900F1F7D5F910E0002C00D009E1300017
:10847000390009B0F0BD3900854A864BEFF7F6FFA9
:10848000051E05D0002000F017FB06000F00EEE7E8
:1084900030003900804A814BEFF7D4FF002800D12B
:1084A0007DE0280000F001FBEFE77D4A934200D811
:1084B0009EE07C4A934272D87B4BE5005B191A68B8
:1084C0005B683900F2F78AFC784B029003915B19E4
:1084D0001A685B6804920593012363401B1B019398
:1084E000049A059B02980399F2F778FC06000F00A6
:1084F00032003B0030003900F2F78AF904000D0029
:108500006B4A6C4BF2F784F96B4A6C4BF2F766FCE2
:1085100022002B00F2F77CF9694A6A4BF1F778F9EF
:1085200022002B00F2F774F9674A684BF2F756FC09
:1085300022002B00F2F76CF9654A664BF1F768F9F7
:1085400022002B00F2F764F902000B003000390022
:10855000F2F744FC0B00020004000D00300039006B
:10856000F2F756F9019B06900791002B56D1802314
:10857000002220002900DB05F2F730FC02000B008E
:1085800006980799F1F70AFD32003B00F2F726FC46
:1085900002000B0000205049F2F720FC75E74F4B1A
:1085A000E4001C194E4A4F4B30003900F2F730F905
:1085B00022686368F1F72CF9F3F73CF80190F3F7C0
:1085C00075F8494A494B04000D00F2F721F9020001
:1085D0000B0030003900F2F701FC454A029003918C
:1085E000444B20002900F2F713F90490059177E736
:1085F000414A93420DD8414A414B3900F1F708F9FD
:108600000022354BEFF732FF002805D00022324B15
:1086100025E7002301936BE7019069E780212B0098
:1086200022000020C905F2F7D9FB02000B000698D2
:108630000799F1F7B3FC02000B0004980599F2F7D3
:10864000CDFB029A039BF2F7C9FB02000B0000204E
:108650002149F2F7C3FB2B4B019A0D009A4203DB31
:10866000110506004F1902E7FA2292009446019B79
:10867000002263441B055918B8235B04F2F7C8F8BD
:1086800003E700260027F2E6412E8640FFFFEF7F3A
:10869000EF39FAFE422E864051302DD5104987C061
:1086A000422ED63FB1A2F03F888D0108788D010897
:1086B000D0A4BE726937663EF16BD2C541BDBB3EE8
:1086C0002CDE25AF6A56113F93BDBE166CC1663FC6
:1086D0003E5555555555C53F0000F03F988D010852
:1086E000FE822B654715F73F0000E0FE422EE63F75
:1086F000763C7935EF39EA3DFFFFEF3D9C75008808
:108700003CE4377E03FCFFFF8023F0B55B030E00E3
:108710008DB0994223DA4B005B08034307D1002256
:1087200000230020B449F1F739FC0DB0F0BD002959
:1087300006DA02000B00F2F751FB00220023F2E7F9
:10874000AE4B0022F2F764F836230E005B42AC4ACF
:10875000964206DD02000B00F1F75AF8E5E7002328
:10876000F5E7A84C321512193603A74CD218330B73
:1087700002931B19802464032340A44C029D5C4097
:108780001B159B1825430022009329009F4BF2F7ED
:1087900025FB029B060002331B030F0000221B0B6C
:1087A000022B64DC0023EFF747FE002819D0009B62
:1087B000002B00D11CE11800F2F778FF944A954B8A
:1087C00004000D00F2F724F8934A06000F00934BC3
:1087D00020002900F2F71CF802000B0030003900DD
:1087E000BAE78F4A8F4B30003900F2F711F80200D8
:1087F0000B0000208C49F2F7F1FA320004000D0062
:108800003B0030003900F2F703F80B0002002900AA
:108810002000F1F7FDFF009B02900391002B06D191
:1088200002000B0030003900F2F7D8FA7DE700981B
:10883000F2F73CFF764A774B04000D00F1F7E8FFB2
:10884000754A00900191754B20002900F1F7E0FF77
:1088500002000B0002980399F2F7C0FA32003B00C5
:10886000F2F7BCFA02000B0000980199DCE78023C4
:10887000DB05F0F7CDFF02000B0030003900F1F707
:108880008DFB049005910098F2F710FF049A059B68
:108890000690079110001900F1F7BAFF634A029B96
:1088A0009446634402000B930B0008900991F1F782
:1088B000AFFF04000D005E4A5E4BF1F7A9FF5E4A70
:1088C0005E4BF0F7A5FF22002B00F1F7A1FF5C4AF9
:1088D0005C4BF0F79DFF22002B00F1F799FF5A4AFD
:1088E0005A4BF0F795FF089A099BF1F791FF584A08
:1088F00008900991574B20002900F1F789FF564A4B
:10890000564BF0F785FF22002B00F1F781FF544A08
:10891000544BF0F77DFF22002B00F1F779FF0200A6
:108920000B0008980999F0F773FF029A4E4B040068
:108930009B1A0B9A0D001343002B34DD00223A4B97
:1089400030003900F1F764FF32003B00F1F760FFBF
:1089500002000B000290039120002900F0F758FF5D
:10896000049A059BF1F754FF009B04000D00002BB7
:1089700006D102000B0002980399F2F72FFA4FE795
:10898000234A244B06980799F1F742FF224A0090A8
:10899000019106980799214BF1F73AFF22002B002D
:1089A000F0F736FF54E702000B0030003900F2F711
:1089B00015FA049A059BF1F72BFF009B04000D00AC
:1089C000002B02D102000B002CE7114A114B069834
:1089D0000799F1F71DFF104A009001910698079939
:1089E0000E4BF1F715FF02000B002000290033E7C2
:1089F0000020002199E6C046000050C3000050430B
:108A0000FFFFEF7F01FCFFFF645F09000000F03F04
:108A10000000E0FE422EE63F763C7935EF39EA3D34
:108A2000555555555555D53F0000E03F86EBF9FFAC
:108A300044523EDF12F1C23FDE03CB966446C73F8D
:108A4000599322942449D23F935555555555E53FA6
:108A50009FC678D0099AC33FAF788E1DC571CC3FB1
:108A600004FA97999999D93F51B8060070B50D004D
:108A700016000400FEF724FD29000660200070BDEA
:108A800037B514001D00002802D0802109065B18AC
:108A900000920193009A019B20002900F1F7B8FE93
:108AA0002222FFF7E3FF03B030BD802310B5002280
:108AB0005B05FFF7E5FF10BDE02310B50022DB05E5
:108AC000FFF7DEFF10BD0000F8B5C046F8BC08BCDB
:108AD0009E467047F8B5C046F8BC08BC9E46704735
:108AE000A089B0E1E995B23FECC039234A7BC33F8E
:108AF0000A68226C787ACD3FB81E85EB51B8DE3F0C
:108B0000000000000000F03F0F9C33A2B437F93F93
:108B10008A1F63EE5A420140A54E4013614306404E
:108B2000EF38454772790940000000003F8000009F
:108B300000000000228D00084E8C0008388C0008D0
:108B4000B48C0008388C0008E88C0008388C0008C9
:108B5000B48C00084E8C00084E8C0008E88C00088D
:108B6000B48C0008248C0008248C0008248C000895
:108B7000F28C00084E8C00084E8C0008388C0008DF
:108B80008E8D0008388C0008E88C0008388C0008AE
:108B90008E8D00084E8C00084E8C0008E88C000872
:108BA0008E8D0008248C0008248C0008248C00087A
:108BB000D0A100088EA000086CA0000858A00008F2
:108BC0006CA0000872A100086CA0000858A0000862
:108BD0008EA000088EA0000872A1000858A000080E
:108BE00050A0000850A0000850A0000894A1000860
:108BF0000000000000000000000000000000000075
:108C0000010000000200000003000000040000005A
:108C10000000000000000000000000000000000054
:108C20000000000000000000000000000000000044
:108C3000010000000200000003000000040000002A
:108C40000600000007000000080000000900000006
:108C500053544D5F31302E31302E32314352005259
:108C600045454E54206D616C6C6F63207375636372
:108C70006565646564002F6275696C642F676E7545
:108C80002D746F6F6C732D666F722D73746D33322C
:108C90005F31332E332E72656C312E3230323430E8
:108CA0003932362D313731352F7372632F6E657738
:108CB0006C69622F6E65776C69622F6C6962632FD5
:108CC0007374646C69622F72616E642E63002C2071
:108CD00066756E6374696F6E3A20006173736572B6
:108CE00074696F6E2022257322206661696C656449
:108CF0003A2066696C6520222573222C206C696EEF
:108D000065202564257325730A00232D302B200050
:108D1000686C4C0065666745464700303132333435
:108D200035363738394142434445460030313233D5
:108D30003435363738396162636465660000010096
:108D400002000400060008000A000C0010002000C9
:108D50004000800000010804020408010101010133
:108D6000010307010000000059F3F8C21F6EA501BE
:108D7000000000000000F03F763C7935EF39EA3D15
:108D8000763C7935EF39EABD0000E0FE422EE63F41
:108D90000000E0FE422EE6BF000000000000E03FC1
:088DA000000000000000E0BF2C
:088DA80068F8FE7F01000000E5
:048DB000E580000852
:048DB400BD80000876
:108DB8000000000000002E400000000000002E40CF
:108DC8000E2DB29DEFFF58400000000000002E401D
:108DD8000000000000002E402100000009000000F3
:108DE80001000000000400502000000000040050B2
:108DF80010000000000800500010000000000050A3
:108E0800000800000004005008000000000C00509A
:108E18000400000000080050002000000008005076
:108E28000008000000080050000200000008005080
:108E38000004000000080050000100000004005079
:108E480004000000000C0050010000000000005069
:108E5800040000000000005008000000000C005052
:108E680000010000000C005000020000000C00503F
:108E780040000000000C00502000000000040050DA
:108E88000080000000040050004000000004005072
:108E980000200000000400500010000000040050F2
:108EA8000008000000040050000400000004005006
:108EB80000020000000400500001000000080050FB
:108EC800800000000008005040000000000800502A
:108ED80020000000000800501000000000080050AA
:108EE80008000000000800500400000000080050BE
:108EF800020000000008005001000000010100000D
:108F08000024F400000000000F000000080000002A
:108F18000000000000003E400000000000406F40DC
:108F280000000000000000400000000000C0924067
:108F3800000000000000894001000000000100005E
:108F48000100000000000000000000000000000018
:108F58000F000000070000000000000000004E4065
:108F68000000000000005440000000000000F03F36
:108F78000000000000F891400000000000E085407B
:108F880001000000000100000100000000000000D6
:108F980000000000000000000101010002000000C4
:108FA80001010000000000000000000000000000B7
:108FB8000000000000C092400000000000488C4003
:108FC8000900000009000000010000000F00000077
:108FD80000000000003071400000000000D0864012
:108FE8000000000000005940000000000000594047
:108FF8000000000000D086400100000001000000D1
:10900800010B010004000000000000000300000044
:1090180000680020680200200000000000680020AE
:1090280068680020D06800200000000000000000F0
:109038000000000000000000000000000000000028
:109048000000000000000000000000000000000018
:109058000000000000000000000000000000000008
:049068000000000004
:04000005080148F1B5
:00000001FF
