:020000040800F2
:1080000000900020454B01085D0901085F09010847
:108010000000000000000000000000000000000060
:1080200000000000000000000000000061090108DD
:108030000000000000000000630901086509010854
:10804000954B0108954B0108954B0108954B01088C
:10805000954B0108954B0108954B0108954B01087C
:10806000954B01086D090108954B0108954B0108D6
:10807000954B0108954B0108954B0108954B01085C
:10808000954B01087D0901088D0901089D0901082A
:10809000954B0108AD090108BD090108954B010880
:1080A000954B0108954B0108954B0108CD09010836
:0C80B000954B0108954B0108954B010809
:1080BC0010B5064C2378002B07D1054B002B02D0B2
:1080CC00044800E000BF0123237010BDB002002063
:1080DC00000000001C8D0108044B10B5002B03D0D0
:1080EC000349044800E000BF10BDC046000000007A
:1080FC00B40200201C8D010802B4714649084900E5
:10810C00095C49008E4402BC7047C04603B47146FA
:10811C00490840004900095E49008E4403BC704781
:10812C00002243088B4274D303098B425FD3030AAA
:10813C008B4244D3030B8B4228D3030C8B420DD3BD
:10814C00FF22090212BA030C8B4202D3121209024B
:10815C0065D0030B8B4219D300E0090AC30B8B4289
:10816C0001D3CB03C01A5241830B8B4201D38B0337
:10817C00C01A5241430B8B4201D34B03C01A5241DC
:10818C00030B8B4201D30B03C01A5241C30A8B421F
:10819C0001D3CB02C01A5241830A8B4201D38B020A
:1081AC00C01A5241430A8B4201D34B02C01A5241AE
:1081BC00030A8B4201D30B02C01A5241CDD2C30920
:1081CC008B4201D3CB01C01A524183098B4201D39C
:1081DC008B01C01A524143098B4201D34B01C01A87
:1081EC00524103098B4201D30B01C01A5241C308FF
:1081FC008B4201D3CB00C01A524183088B4201D36E
:10820C008B00C01A524143088B4201D34B00C01A59
:10821C005241411A00D20146524110467047FFE7C5
:10822C0001B5002000F0F0F802BDC0460029F7D0DF
:10823C0076E7704703460B437FD4002243088B42FA
:10824C0074D303098B425FD3030A8B4244D3030BD1
:10825C008B4228D3030C8B420DD3FF22090212BA96
:10826C00030C8B4202D31212090265D0030B8B4212
:10827C0019D300E0090AC30B8B4201D3CB03C01AFC
:10828C005241830B8B4201D38B03C01A5241430BD7
:10829C008B4201D34B03C01A5241030B8B4201D3C7
:1082AC000B03C01A5241C30A8B4201D3CB02C01A32
:1082BC005241830A8B4201D38B02C01A5241430AAA
:1082CC008B4201D34B02C01A5241030A8B4201D399
:1082DC000B02C01A5241CDD2C3098B4201D3CB0140
:1082EC00C01A524183098B4201D38B01C01A5241EF
:1082FC0043098B4201D34B01C01A524103098B42F3
:10830C0001D30B01C01A5241C3088B4201D3CB00DD
:10831C00C01A524183088B4201D38B00C01A5241C0
:10832C0043088B4201D34B00C01A5241411A00D270
:10833C0001465241104670475DE0CA0F00D04942D9
:10834C00031000D34042534000229C4603098B4249
:10835C002DD3030A8B4212D3FC22890112BA030AD1
:10836C008B420CD3890192118B4208D38901921153
:10837C008B4204D389013AD0921100E08909C309D8
:10838C008B4201D3CB01C01A524183098B4201D3DA
:10839C008B01C01A524143098B4201D34B01C01AC5
:1083AC00524103098B4201D30B01C01A5241C3083D
:1083BC008B4201D3CB00C01A524183088B4201D3AC
:1083CC008B00C01A5241D9D243088B4201D34B00C7
:1083DC00C01A5241411A00D20146634652415B1009
:1083EC00104601D34042002B00D5494270476346EA
:1083FC005B1000D3404201B5002000F005F802BD2F
:10840C000029F8D016E770477047C0468446100024
:10841C0062468C461900634600E0C0461FB502F068
:10842C0083F9002801D40021C8421FBD10B502F009
:10843C00C7F84042013010BD10B502F075F90028A4
:10844C0001DB002010BD012010BDC04610B502F0AC
:10845C006BF9002801DD002010BD012010BDC046C5
:10846C0010B502F0F1F8002801DC002010BD01204D
:10847C0010BDC04610B502F0E7F8002801DA002064
:10848C0010BD012010BDC046844608006146FFE7C0
:10849C001FB500F0FBFC002801D40021C8421FBD11
:1084AC0010B500F083FC4042013010BD10B500F057
:1084BC00EDFC002801DB002010BD012010BDC046E2
:1084CC0010B500F0E3FC002801DD002010BD0120F8
:1084DC0010BDC04610B500F091FC002801DC002056
:1084EC0010BD012010BDC04610B500F087FC00285F
:1084FC0001DA002010BD012010BDC046002B11D1A7
:10850C00002A0FD1002900D1002802D00021C94334
:10851C00080007B4024802A14018029003BDC046EF
:10852C00E9FEFFFF03B4684601B5029800F06AF853
:10853C00019B9E4602B00CBC7047C046F0B5CE46BF
:10854C009946030C9C46130447461B0C1D000E0059
:10855C0061460404240C80B50700100C4B436543A2
:10856C00414360432C0CC01824188C46A34203D9F9
:10857C0080235B029846C444494679435643230CF6
:10858C002D042D0C8919634424046019C918C0BC2E
:10859C00B946B046F0BDC0469E2110B5C905041CB5
:1085AC00FFF7A2FF002803D1201C01F075F810BDC5
:1085BC009E21201CC90500F00BFE01F06DF88023F4
:1085CC001B069C466044F2E770B500220C4B04007D
:1085DC000D00FFF74FFF002804D12000290003F005
:1085EC0023F870BD064B00222000290002F0F0FB9E
:1085FC0003F01AF880231B069C466044F1E7C04642
:10860C000000E041F0B557464E464546DE46E0B523
:10861C0004000D009246994683B08B4230D82DD081
:10862C004946504603F076F929000600200003F075
:10863C0071F9331A9846203B34D49B4653465A461C
:10864C00934042461F00534693401E00AF423BD816
:10865C00AF4200D179E05B46A41BBD41002B00DA90
:10866C0076E0002200230092019301235A469340A6
:10867C000193012342469340009329E08242CFD9D3
:10868C0000220023009201930C9B002B01D01C6054
:10869C005D600098019903B0F0BCBB46B246A94698
:1086AC00A046F0BD42469B4620239B1A5246DA4018
:1086BC00414613004A468A40170042461F43534620
:1086CC0093401E00AF42C3D90022002300920193B5
:1086DC004346002BD8D0FB0772081A4346467B084A
:1086EC000EE0AB4201D1A2420CD8A41A9D4101204C
:1086FC0024196D410021013E24184D41002E06D055
:10870C00AB42EED9013E24196D41002EF8D10098F0
:10871C0001995B4600196941002B24DB2B005A465A
:10872C004446D3402A00E2401C005B461500002B57
:10873C002ADB26009E40330026004746BE4032000E
:10874C00801A9941009001919EE7A342BCD882E720
:10875C004246202300219B1A002200910192012203
:10876C00DA40019285E7424620239B1A2A004646AE
:10877C009A402300F340444613432A00E2401C0075
:10878C005B461500002BD4DA42462F00202326002E
:10879C0097409B1ADE403B003343CDE7F8B54B02C4
:1087AC005A0A94464A00C90FCE46474689464500A8
:1087BC0046022D0E120E80B59909770AC40FB60920
:1087CC00AB1A4C4520D0002B0CDD002A34D10029EB
:1087DC002AD05A1E012B00D18FE0FF2B00D1CDE007
:1087EC0013002FE0002B60D0531B002D00D0EEE0C7
:1087FC00002E00D13EE15C1E012B00D16BE1FF2B62
:10880C0000D1B9E02300E7E0002B00DCA4E0002A53
:10881C0069D0FF2D00D1B1E08022D20411431B2B73
:10882C0000DCE9E02B000536F708FF2B00D1A5E0B2
:10883C007A02520AD8B230E0FF2D00D19EE080229D
:10884C00D204114301201B2B08DC08002022D84045
:10885C00D31A99400B005A1E93411843361A7301D0
:10886C0000D471E0B601B709380003F035F83B00CD
:10887C000538834085424DDDB44E2D1A1E405A07F3
:10888C0068D00F221340042B64D00436730161D5D9
:10889C00681CFE2D54D1FF200022C0051043E407B4
:1088AC002043C0BCB946B046F8BDFE229046681CB9
:1088BC000200404610426BD1002D00D0DDE0002EAE
:1088CC0000D102E10029B3D08022771AD2041742DA
:1088DC0000D136E14C468E1B61D00120164230D1BE
:1088EC000023F708A4E700299ED05A1E012B00D1C3
:1088FC00CAE0FF2B42D0130091E7711A4B0100D450
:10890C00D1E08F01BF09380002F0E6FF3B000538CB
:10891C00834001252022401B0130121A1E00934077
:10892C00C6405A1E93411E4339D0730700D11BE138
:10893C000F2300253340042BA7D1012072017CD5D5
:10894C00C0B2B201520AA8E7730703D00F23334019
:10895C00042B9AD12B0067E7002B23D0531B002D3F
:10896C007BD1002E00D186E05D1E012B00D18BE067
:10897C00FF2B02D02B0075E04C466746002F00D130
:10898C0089E78022D2033A435202FF20520A84E73D
:10899C00771A7B016BD4002F00D065E700240020F0
:1089AC0000227AE7FE226B1C1A4249D1002D00D01E
:1089BC009FE0002E00D1BAE0002900D1CFE0721860
:1089CC00530100D4CDE092010120520A65E7FF2A41
:1089DC00D2D08020C004064301201B2B08DC3000C1
:1089EC002024D840E31A9E4033005C1EA341184358
:1089FC004C4615000E1A32E708002022D840D31A34
:108A0C0099400B005A1E93410343F61873019BD5F2
:108A1C000135FF2D00D13EE701234D49720833404B
:108A2C000A401A431600530704D00F231340042B9B
:108A3C0000D02AE7730100D52AE72B00F708F7E6E8
:108A4C00FF2B00D127E7711849084A072FD00F22B6
:108A5C000A40042A2BD00E1DE6E6FF2A8DD080207A
:108A6C00C00406431B2B24DD13004E1DDCE64C46D4
:108A7C008F1BF9E64C460E00D6E6002E49D1002994
:108A8C0068D067464C467CE77018430174D5304972
:108A9C0040080140430709D00F230340042B05D0A5
:108AAC0002230E1DC0E60123CF08C1E60223CF0826
:108ABC00BEE620253000D840EB1A9E4033005D1EE8
:108ACC00AB41034315005E18A0E7002900D165E710
:108ADC004C466746ACE68F1B7B012ED5BF01BF0908
:108AEC00380002F0F9FE3B00053883404C46013556
:108AFC0010E7002E00D140E7002900D141E7802388
:108B0C00DB039F4200D23CE79C4500D339E7674624
:108B1C0037E7002900D134E78023DB039F4200D2E2
:108B2C002FE79C4500D32CE74C46674629E70029E4
:108B3C0000D134E70023CF087AE64C460123FF0826
:108B4C0076E6002F00D129E7FF0871E6FFFFFFFB57
:108B5C00FFFFFF7D80220024FF20D2039DE600232F
:108B6C0066E60023D70863E60120720100D5E7E62C
:108B7C0031000023CF085BE60123C70858E6C04646
:108B8C00F0B546464F46D6464502C0B5C30F470022
:108B9C0098460E1C6D0A3F0E5BD0FF2F21D0802310
:108BAC00ED00DB041D43002399469A467F3F740277
:108BBC007300640A1B0EF60F002B20D0FF2B43D042
:108BCC0080220020E400D20414437F3B4246FF1A6B
:108BDC004B4672400F2B00D99DE071499B00CB583E
:108BEC009F46002D5AD108239946063B74029A469B
:108BFC007300FF27640A1B0EF60F002BDED1002C2E
:108C0C003BD1012342464946724019430E2918D8DC
:108C1C006448890041588F465346022B00D1B8E076
:108C2C00032B6ED042462C00012B40D10020002497
:108C3C00C0052043D2071043E0BCBA46B146A84653
:108C4C00F0BDFF200024F3E7002C20D10223FF3FCE
:108C5C00D8E7002D05D104239946033B00279A46FB
:108C6C00A5E7280002F038FE7627431F9D4000231D
:108C7C007F4299469A463F1A99E7200002F02CFE53
:108C8C00431F9C4076235B421B1A00209EE7032364
:108C9C004A461A4391460320FC3397E70C23994626
:108CAC00093BFF279A4682E703282CD03200380074
:108CBC007F30002847DD630704D00F232340042BAB
:108CCC0000D00434230103D53800374B80301C40CE
:108CDC00FE28B6DCA401640AC0B2A9E780240022F5
:108CEC00FF20E403A4E78023DB031D4201D01C42D8
:108CFC000BD08024E4032C4364024246FF20640A18
:108D0C0096E746462C008023DB031C4364023200AA
:108D1C00FF20640A8CE76D01600185422DD21B2374
:108D2C000024013F0126290064006D00002901DBAD
:108D3C00854201D32D1A3443013B002BF3D16B1E1A
:108D4C009D412C43B3E701231B1A1B2B00DD6DE760
:108D5C0021009E37D940BC400B00611E8C4123433F
:108D6C00590704D00F211940042900D004335901AC
:108D7C0013D49B0100205C0A5AE71A2301242D1AF4
:108D8C00D0E7981E43425841404232000024C0B202
:108D9C004EE74246FF2000244AE70120002447E723
:108DAC008C8D0108CC8D0108FFFFFFF770B54200D8
:108DBC004E024C0045026D0A120EC30F760A240EA9
:108DCC00C90FFF2A10D0FF2C0CD00120A2420AD1CF
:108DDC00B54208D18B420FD0002A04D12800431E83
:108DEC00984100E0012070BD0120FF2CFBD13543E0
:108DFC00F9D14B401800F6E70020F4E730B54200FB
:108E0C0044024D02C30F4800640A120E6D0A000E94
:108E1C00C90FFF2A18D0FF280AD0002A1ED100281B
:108E2C000AD1002D29D0002C2DD14800013830BD9D
:108E3C00002D25D1002A01D1002CF6D08B4219D05F
:108E4C0001205B421843F2E7002C19D1FF28F7D11F
:108E5C00002D15D100208B42F2D1E8E70028EFD08D
:108E6C008B42EDD18242EBDC04DBAC42E8D8002033
:108E7C00AC42DCD258000138D9E7002CD7D0DFE760
:108E8C0002204042D3E78B42DAD1EEE730B5420004
:108E9C0044024D02C30F4800640A120E6D0A000E04
:108EAC00C90FFF2A17D0FF280AD0002A1BD100288F
:108EBC000AD1002D1DD0002C2DD14800013811E015
:108ECC00002D0ED1002A01D1002CF6D08B420CD1F2
:108EDC005800013806E0002C03D1FF2805D1002DE5
:108EEC0015D0022030BD002806D101205B4218436A
:108EFC00F8E7002CF6D0F8E78B42F6D18242F4DC8E
:108F0C00E6DBAC42F1D80020AC42EBD2E0E700202B
:108F1C008B42EAD1E6E78B42E7D1F2E7F0B54F4658
:108F2C004646D6464400C0B546020F1C760A240EAF
:108F3C00C50F002C00D1DAE0FF2C74D08023F60092
:108F4C00DB041E43002399469A467F3C7B025B0A56
:108F5C0098467B001B0EFF0F002B74D0FF2B00D10B
:108F6C008EE042468021D200C90411437F3B2A0087
:108F7C00E4184B467A408846D2B20A2B75DC4B4635
:108F8C000020022B0FDD494601238B40A621C9008E
:108F9C000B4269D1902189000B4200D000E188215D
:108FAC00194200D0F5E041460904090C434608007B
:108FBC00350C36041B0C360C704369435E435D4321
:108FCC007618030C9B19994203D9802149028C46CF
:108FDC00654400041904000C09188E01701E8641AA
:108FEC001B0C890E5B190E439B011E431B016CD499
:108FFC0023007F33002B00DCB1E0150071070BD090
:10900C000F2021003040042806D00436320103D54D
:10901C006E4B1E400B008033FE2B00DDBDE0B20119
:10902C00520ADBB248E0002E00D092E008239946A9
:10903C00063B9A467B025B0A98467B00FF241B0E7C
:10904C00FF0F002B8AD14246002A64D149460132D7
:10905C00114389460A2908DC7D400120EAB2022925
:10906C0091DC1500002227E015005346022B00D19D
:10907C0093E0032B1AD0012B2CD1002300221BE0F0
:10908C004346FF34002B55D003214B460B431900AC
:10909C000A2B00DC92E00F2B00D08CE08022D20354
:1090AC00164203D04346134200D17DE08022D20306
:1090BC0032435202520AFF23D805ED0710432843CE
:1090CC00E0BCBA46B146A846F0BD012315007108B4
:1090DC001E400E4323008033611C002B41DD7207C0
:1090EC0094D00F223240042A00D08EE78EE7002E57
:1090FC0005D104239946033B00249A4626E7300009
:10910C0002F0EAFB7624431F9E40002364429946FA
:10911C009A46241A1AE7404602F0DEFB4B46241A04
:10912C00763C0A2BA1DC4346053883407D409846AB
:10913C00EAB224E74A46023313432A007A40D2B2F9
:10914C000A2B92DC49461500002926D099460220AC
:10915C0019E70C239946093BFF249A46F6E61500BD
:10916C0021000122D31A1B2B00DD86E79E31320031
:10917C008E40DA40731E9E413243530704D00F23B6
:10918C001340042B00D00432530110D501230022CC
:10919C0092E73D004646824667E7FF2300228BE7B5
:1091AC0080220025D20386E73D001A4383E7920113
:1091BC000023520A80E73D00464677E72A00012348
:1091CC007A408B400320D2B2E9E6C046FFFFFFF79E
:1091DC00F8B54746CE46430280B55F0A9B09450069
:1091EC004A009C464B02C40FCE0F2D0E580A120E8D
:1091FC009909FF2A6BD001235E40AB1AB4424BD0C5
:10920C00002B00DCFFE0002A00D188E0FF2D00D10C
:10921C00EFE08022D204114301201B2B08DC080054
:10922C002022D840D31A99400B005A1E9341184360
:10923C0063461B1A9C4663465B0100D4CDE0634633
:10924C009F01BF09380002F047FB3B000538834003
:10925C00854200DCA2E0B74A2D1A1A4094465A0700
:10926C0000D1C3E00F221340042B00D1BEE0042335
:10927C009846C44463465B0100D4B7E0681CFE2DDD
:10928C0000D0A5E0FF200022C0051043E4072043D6
:10929C00C0BCB946B046F8BD002B00DCEBE1002A9F
:1092AC0046D0FF2D00D1A4E08022D20411431B2B09
:1092BC0000DCFBE0052398462B00C4446246D7082B
:1092CC00FF2B00D195E07A02520AD8B2DCE72B00D2
:1092DC00FF3B9946002918D101235E40B44200D1CE
:1092EC00CAE04B46002B2DD0002D00D03CE1FF23D3
:1092FC006446002C00D15FE15D1E012B00D174E1AE
:10930C003400FF2B74D02B0003E1B44200D19CE05D
:10931C00002B17D0002DEAD0070034006CE0002998
:10932C00CCD05A1E012B2BD0FF2B62D0130073E72D
:10933C000029C3D05A1E012B00D11EE1FF2B58D09F
:10934C001300B4E7FE226B1C1A420DD1002D60D025
:10935C006346002B00D020E1002900D028E18022B8
:10936C000024FF20D2038FE763465F1A7B0100D5F0
:10937C00FEE0002F00D065E700240020002283E7E8
:10938C006346591A4B0100D419E18F01BF0938000B
:10939C0002F0A2FA3B000538834001252022401B35
:1093AC000130121A19009340C1405A1E93411943BF
:1093BC008C460B1EE1D05B0700D152E10F23002538
:1093CC000B40042B00D052E701204A0100D492E05C
:1093DC00C0B263469A01520A56E763465B0705D052
:1093EC000F2362461340042B00D040E72B0065E7A7
:1093FC000700002F00D145E78022D2033A435202E6
:10940C00FF20520A40E7002B79D1FE226B1C1A4236
:10941C00AAD16346002B00D1F5E0002900D1D1E0A0
:10942C005F1A8023DB041F4200D10EE16246012447
:10943C008A1A944600203440002A00D124E70120E7
:10944C001A42C6D10023D7083DE7002B17D0002DB8
:10945C0000D0AFE0FF236546002D00D1ADE05E1ECD
:10946C00012B00D189E0FF2BC2D01B2E00DCABE01E
:10947C004B1D9C46130021E74B46002B70D1FE225E
:10948C006B1C1A425ED1002D00D0C3E06346002B4A
:10949C0000D1D0E0002900D194E00A0062445301CD
:1094AC0000D4D8E092010120520AEDE608002022F7
:1094BC00D840D31A99400B005A1E934103439C4445
:1094CC0063465B0189D50135FF2D00D1DAE6624692
:1094DC0001231949134052080A401A4313009446B9
:1094EC005B0704D00F231340042B00D0BFE6634668
:1094FC005B0100D5C2E66346DF082B00E3E6531B95
:10950C00002D00D1F4E680206446C0040443A44638
:10951C00340001201B2B09DC20256046D840EB1AB7
:10952C0065469D402B005D1EAB4118430B1A9C46B3
:10953C00150080E6FFFFFFFBFFFFFF7DFE226B1C8B
:10954C001342A3D0FF2B00D19CE6614449084A0783
:10955C0049D00F220A40042A45D00A1D9446ADE694
:10956C00002D00D176E78DE63400FF2000228BE63B
:10957C0063460124CF1A344064E661444B016DD537
:10958C0048084449014043072CD00F230340042BC7
:10959C0028D00B1D9C46022390E6002900D12BE716
:1095AC008023DB039F4200D226E7984200D323E7B7
:1095BC000124344007001FE734008C467EE601236B
:1095CC00CF0880E600237EE620206546801B854080
:1095DC0063462800F340451EA84103439C461500F2
:1095EC008C446DE70223CF086DE60F1B7B0128D559
:1095FC00BF01BF09380002F06FF93B00053883400A
:10960C0034000125CAE6002900D1B5E60124070083
:10961C00344058E66346002B00D1E9E6002900D11E
:10962C00EAE68023DB039F4200D2E5E6984200D3B2
:10963C00E2E60700E0E6002900D19EE60023CF0811
:10964C0041E634000123FF083DE6002F00D193E6EC
:10965C000023FF0837E60023D70834E60123CF08A0
:10966C0031E680220B00D20401201340114200D0BD
:10967C00AEE6CF0827E6002B00D15FE7561B002D86
:10968C0001D13300E7E680236046DB0418438446AF
:10969C00EBE6C046FFFFFF7D41024200C30F490AC3
:1096AC000020120E7E2A03DD9D2A02DD094A98183D
:1096BC007047802000040143952A07DC9620821A0B
:1096CC00D1404842002BF3D10800F1E7963A914083
:1096DC00F7E7C046FFFFFF7F70B5002812D0C31715
:1096EC00C5185D40C40F280002F0F6F89E231B1A23
:1096FC00962B0FDC082838D0083885406D026D0A8F
:10970C00D8B202E0002400200025C0052843E4075D
:10971C00204370BD992B14DC421F95402A0015493B
:10972C00114055071CD00F252A40042A18D00431AB
:10973C00CA08490115D59F235202181A550AC0B2FE
:10974C00E3E705222900121AD14002001B32954092
:10975C002A00551EAA410A43064911405507E2D179
:10976C00CA085202550AD8B2CFE76D026D0A8E3084
:10977C00CBE7C046FFFFFFFB10B5041E0DD002F077
:10978C00ABF89E231B1A962B0CDC082834D0083817
:10979C0084406402640AD8B201E000200024C005B1
:1097AC00204310BD992B13DC421F9440144A2240D5
:1097BC0061071CD00F212140042918D00432D40891
:1097CC00520115D59F236402181A640AC0B2E6E749
:1097DC00020021001B3291400A00511E8A410521D2
:1097EC00091ACC401443064A22406107E2D1D4083E
:1097FC006402640AD8B2D2E76402640A8E30CEE7FF
:10980C00FFFFFFFBF0B54F464646D646C0B582B0CB
:10981C00009001910E034C00CD0F710A009E5F0069
:10982C00760F0E43009900920193C90089461903E3
:10983C007B0D9846019B490ADB0F9C46009B009AC6
:10984C005B0F0B434146640DD200611A654500D194
:10985C00A6E0002972DD4746002F00D1DDE0CC4F99
:10986C00BC4200D19AE10127382917DC80273F043C
:10987C003B431F2900DDDDE12027781A1F008740BC
:10988C00BA461700CF408446380057460743604617
:10989C008240CB40501E8241F61A17434B46DF1BC9
:1098AC00B94580414042361A330200D4FFE07602BB
:1098BC00760A002E00D13CE1300002F00DF80300D6
:1098CC00083B20213800CA1AD0409E4002009F401D
:1098DC0032439C4200DDA6E1181B0130091A3E0000
:1098EC008F40C6407B1E9F4113008B4037431F4364
:1098FC00C2403B0016000024134300D1DFE17B077C
:10990C0000D132E30F233A003B40042B04D03A1D24
:10991C00BA42BF417F42F619330200D423E39C4B79
:10992C0001349C4200D1B4E09A4B64051E40640D96
:10993C007707D20876021743360BACE0002900D12A
:10994C007EE04146091B002C00D060E13400484603
:10995C00044300D1C9E14C1E012900D12EE28C4DEB
:10996C00A94200D124E20127382C11DC21001F2947
:10997C0000DD0BE2202437004846641AA740C8409B
:10998C0007434846A040CE40441EA0419B1B0743C2
:10999C00D71BBA4292415242654644469E1A83E70F
:1099AC00002900DC9CE04746002F67D11F001743BD
:1099BC0000D1E4E0481E012900D19BE1744FB9426B
:1099CC0000D1EBE001270100382811DC1F2900DD54
:1099DC00C7E12027781A1F00844687401000C84032
:1099EC00074360468240CB40501E8241F618174315
:1099FC004F444F45804140423618330257D5644B93
:109A0C0001349C4245D00121624B7A081E403940FA
:109A1C000A43F7071743760871E71F00174300D175
:109A2C00ADE04F1EBC46012900D182E1584FB9422E
:109A3C0000D190E161460127382900DD2EE718E7B7
:109A4C00554F611C394200D0D0E0310048461F0010
:109A5C0001431743002C00D03DE1002900D1BCE1AB
:109A6C00002F00D0BFE14B460021D80877070743F1
:109A7C00F00806034C05360B640D0CE0444FBC4259
:109A8C0000D18BE001273829B2DC80273F043B430F
:109A9C009CE70026002724053443ED072C433800AF
:109AAC00210002B0E0BCBA46B146A846F0BD7B0727
:109ABC0004D00F233B40042B00D028E7F808344B8C
:109ACC0077070743F0089C4200D04AE23B0003436F
:109ADC0059D080263603064336032D4C360BDAE775
:109AEC00002961D04146091B002C00D1B9E0284C5B
:109AFC00A04500D1A5E10127382913DC80242404DA
:109B0C0026431F2900DDC8E1202437004846641A8B
:109B1C00A740C84007434846A040CE40441EA04141
:109B2C009B190743BF189742924152424446D6189C
:109B3C0063E7380001F0D0FE030018331F2B00DC64
:109B4C00BFE63A00083882409C4200DD83E01B1BD4
:109B5C00581C1F2800DCB4E117001F3BDF402028F5
:109B6C0005D040231B1A9A40531E9A4117430024D8
:109B7C00002F0AD07B0700D0C4E626009EE74B4698
:109B8C000C00D8089BE70027014C002683E7C04651
:109B9C00FF070000FFFF7FFFFE0700004B46770723
:109BAC00D8080743F00891E7CD4F611C39426BD1BF
:109BBC00310048460143002C00D04BE11F001743F5
:109BCC00002900D181E1002F00D14CE74A444A45DD
:109BDC008041F61840423618330200D5B0E1170028
:109BEC009146374300D03EE7002654E74946891A90
:109BFC008846C145BF41F11A7F42C91B0F0261D48F
:109C0C0047460F4300D1BDE00E00474651E6B54C28
:109C1C00A04500D100E10127382900DDB8E68024F9
:109C2C0024042643A3E6B04EE41A16407B0700D06A
:109C3C003FE743E70F001800203FF84084462029F7
:109C4C0003D04027791A8B401A43531E9A4163461E
:109C5C0017001F4322E6A448E11A10404707C0082A
:109C6C0007E734004846044300D1FAE04C1E0129B2
:109C7C0000D1D7E09B4FB94200D1E2E00127382C4C
:109C8C0000DD4FE721003CE7964CA14200D1DDE01E
:109C9C004A444A458041F31840421818C7075208F5
:109CAC0017434608520705D00F220C003A40042AED
:109CBC0000D02CE67607FF0837430009D9E60027C9
:109CCC000026E8E64946571ABA4292419E1B524278
:109CDC006546B61AEDE5002900D0C6E0002F67D125
:109CEC00802600257F4C3603D5E665460C001E0009
:109CFC00D008E4E64A444A458041F318404218181B
:109D0C001100030200D496E0774B49081840C307B2
:109D1C000B434408490700D129E10F221A40042AB9
:109D2C0000D1EAE01F1D9F42B6417642361902244B
:109D3C00C4E649468F1AB9458041F61A4042361A94
:109D4C00330206D47307FF0801211F43F00890E685
:109D5C0065460124ABE54B467707D8080743F00866
:109D6C00B4E60F001800203FF8408446202903D0A9
:109D7C004027791A8B401A43531E9A4163461700A9
:109D8C001F4335E600250024002684E60C00350030
:109D9C00203CE540202905D04024611A8E404946DC
:109DAC00314389464846411E884107002F43EFE561
:109DBC00D2085F0765461743D80887E6171ABA42D8
:109DCC0092419E1B5242B61A3302C1D47307FF084C
:109DDC00654601211F43F0084BE6002F7BD06546FA
:109DEC001E0091463FE6811A8846C145A441F11AEE
:109DFC006442091B80242404214277D0101A824229
:109E0C00924107009E1B5242B61A374300D0A0E085
:109E1C006546002400263EE65F07D20865461743D8
:109E2C00D80853E6811891429241F018524280189A
:109E3C00030200D568E74707C9080F43C008012192
:109E4C0017E6D2085F071743D8083FE60C00002638
:109E5C00002720E6002956D15F07D2081743D808FF
:109E6C0034E60C001E00D00829E6C1087007014337
:109E7C00F008002F62D080242403204207D0DE0893
:109E8C00264204D165463000D1085B0719434F0FB9
:109E9C00C900C9087F070F4318E60C003000203CAE
:109EAC00E0408446202905D04024611A8E40494662
:109EBC00314389464846411E8841614607000F439D
:109ECC0030E620210027091A0EE51E00002F00D0D5
:109EDC0022E5002458E7002500240026DBE5C046D7
:109EEC00FE070000FF070000FFFF7FFF47460F4300
:109EFC0000D147E70E00C146B5E5DF086407022133
:109F0C0027430009B5E51900C0087707074311433B
:109F1C00F008002900D1D9E580210903084207D0B7
:109F2C00DC080C4204D1D2085B071A43170020004E
:109F3C007B0FFF00FF085B071F43C7E50F00C5E55C
:109F4C00124BD20833405F075B02012417431E0BF0
:109F5C00A1E5264212D00D4B6546020001241E409D
:109F6C00E6E4210085E51700A8E53A00D4E4DB0817
:109F7C0064071C432700022100097AE5C008770713
:109F8C00074365460021F00873E5C046FFFF7FFFDD
:109F9C00F0B5DE46454657464E46E0B587B00092D2
:109FAC0001930B031B0B9B46CA0F4B00040080460E
:109FBC005B0D029200D198E07C4A934237D059460F
:109FCC00420FC9000A43802109041143C200904684
:109FDC00774A894692469A44002300240393009EB4
:109FEC00019F3B031B0B9B467B0030005B0DFD0F61
:109FFC00002B59D06D4A934248D05946720FC90074
:10A00C000A438021090411438B466949F2008C46AE
:10A01C0051466344CB1A9A460021029E6E40F6B21A
:10A02C000F2C00D9CEE0634BA4001B599F465A4617
:10A03C000243914600D090E09A46022390460824B1
:10A04C000393CCE7CB464246029D0399022900D1EB
:10A05C00DEE1032900D18DE0012900D079E12E0049
:10A06C0000220023002490461B052343F6073343AC
:10A07C004046190007B0F0BCBB46B246A946A04604
:10A08C00F0BD002200249046484BEDE75A46009B59
:10A09C001A43494B9C46E244002A59D102231C43E3
:10A0AC00002302219B46B8E75A46009B1A4349D02D
:10A0BC005B46002B00D19CE1584601F00DFC0200E0
:10A0CC0003000B3A1D27009EBA1A19005846D640B9
:10A0DC0008398840320002439346009A8A40374937
:10A0EC0053448A4600219A4497E75B4603439946BA
:10A0FC0021D05B46002B00D169E1584601F0ECFB06
:10A10C000B235B429C460200844466461D239B1B2A
:10A11C00260011005846DE400839884033000343BE
:10A12C00994623008B409846254B00249B1A9A464F
:10A13C000023039353E7002398469A4601330424E3
:10A14C0003934CE701231C43002301219B4664E746
:10A15C000323320003211C435FE79A460323D946AD
:10A16C000C2403933BE700238024984600260F4BD6
:10A17C00240379E780245B4624031C4324032E002C
:10A18C0090460A4B240B6FE780244B462403234252
:10A19C0002D05B462342F0D080244B4624031C4360
:10A1AC002403029E014B240B5EE7C046FF07000010
:10A1BC0001FCFFFF088E010801F8FFFFF30300000C
:10A1CC000DFCFFFFCB4500D2F8E000D1F3E00123FA
:10A1DC005B429C46444648460025E2445B46170ECB
:10A1EC001B021F43190C3B04120200971F0C9146D3
:10A1FC0002910397FEF71AF802007A430B04210C24
:10A20C00804619438A4209D9009F0123BC465B4210
:10A21C0061449C46E0448F4200D85CE1881A029964
:10A22C00FEF704F8039A240442430904240C0300A7
:10A23C000C43A24206D90099013B8C466444A142CE
:10A24C0000D842E1A01A424612041A4393464B46E8
:10A25C0059461B0C1F0004930B0449460904090CB6
:10A26C000C001B0C5C43120C7B43884651437A4315
:10A27C00270CBC465B186344994203D980214902E0
:10A28C008C466244190C24041B04240C8A181C19D7
:10A29C00904202D316D1A54214D25B46009F013BDB
:10A2AC004D4405934D459B41BC465B426344C018ED
:10A2BC00874200D302E1824200D929E100D124E196
:10A2CC00059B9B462C1BA542AD41009B801A6D4201
:10A2DC00401B834200D10FE10299FDF7A7FF039ABF
:10A2EC000B044243210C050019438A4200D9CBE0F0
:10A2FC00881A0299FDF79AFF039A24044243090431
:10A30C00240C03000C43A24200D9CAE04146A41A13
:10A31C002A041A43049F13041B0C594340467B43E5
:10A32C009C46150C68430B0C844463447D43984253
:10A33C0003D98020400284466544180C09041B0490
:10A34C00090C40195B18844227D323D00123350014
:10A35C001A43944B5344002B60DD510700D086E028
:10A36C002E00D1085A46D20106D55A468E4B1A40B9
:10A37C0080239346DB0053448C4A934200DD80E6F5
:10A38C005A4652070A4390465A465B055402240B20
:10A39C005B0D69E63500002BDBD0009D511EAC46F1
:10A3AC006444AC4200D29EE0844200D2E1E000D191
:10A3BC00EEE00A00CAE7424500D908E74B46DC0745
:10A3CC00580843465B081C434346DD0706E701F08B
:10A3DC0083FA15239C4684440200634620321C2BCE
:10A3EC0000DC92E623000838834099460023984607
:10A3FC009AE601F071FA02000300153220331C2A90
:10A40C0000DC5FE600990838814000228B4666E646
:10A41C0000222E0000249046654B25E62E000121DB
:10A42C00C91A382900DD1BE61F297EDC614814009F
:10A43C0050445B4682408340CC40501E82412343B3
:10A44C001A435B46CB40510709D00F211140042918
:10A45C0005D0111D9142924152429B180A001902DB
:10A46C0000D49BE00022012300249046FCE50F2140
:10A47C001140042900D173E7111D914292415242BF
:10A48C002E00C90893446DE7009B013D9C46614436
:10A49C008B4200D92CE78A4200D829E7851E6144FB
:10A4AC0026E70099013B8C466444A14200D92DE774
:10A4BC00A24200D82AE7831E644427E7874200D0D3
:10A4CC00FEE6A94500D9FBE6F5E6A24200D8B9E6BE
:10A4DC00831E6444B6E68A4200D89FE6BC46831EBF
:10A4EC00984661449AE60A00844200D02EE74B4518
:10A4FC0000D02BE735002CE72A4B2F4A53449245CA
:10A50C0043DB0122002193442CE7AC4200D8D7E670
:10A51C0002235B429C4600994D444D459B41E344CC
:10A52C008C465B426344C018CCE61F204042C31AE1
:10A53C005846D840202904D05946204B53449940C2
:10A54C000A43531E9A410723190002430024114069
:10A55C00134209D008331340042B1DD0131D934212
:10A56C0089411A0049424907D2080A439046002300
:10A57C007AE54946009F4D004D458941BC4649420C
:10A58C006144A946023A6418AEE70122524246E7FA
:10A59C009945EED30A00AAE70021E5E759075B02CB
:10A5AC001C0BE1E7FF030000FFFFFFFEFE070000AE
:10A5BC00FF0700001E04000002FCFFFF3E04000029
:10A5CC00F0B55746DE464E464546E0B50D00040054
:10A5DC00E80F83460903D80F090B824619488C46AD
:10A5EC001F0369005E00490D3F0B760D814218D0A8
:10A5FC0086420FD00120B1420DD1BC450BD1944203
:10A60C0009D1D3451CD0002905D160462043431EF7
:10A61C00984100E00120F0BCBB46B246A946A046DA
:10A62C00F0BD01208E42F6D1614639430F0017432D
:10A63C002743F0D15B465246981A431E9841EAE7ED
:10A64C000020E8E7FF070000F0B557464E464546A8
:10A65C00DE46E0B50D000E034900490D8A46DF0FBA
:10A66C00E90FBC4683B02F4F04008046019158007F
:10A67C0019039146360B090B400DBA451DD0B84253
:10A68C000DD05746002F2AD13443002824D10A4339
:10A69C0036D0002C41D163465800013815E01143E7
:10A6AC0038D15346002B01D12643F4D0019B63458E
:10A6BC0007D1019B5800013807E026432AD15045A9
:10A6CC0021D00120019B5F42384303B0F0BCBB4654
:10A6DC00B246A946A046F0BD002CDCD0E6E7002827
:10A6EC00EFD0019B6345ECD18245EADCE1DB8E4285
:10A6FC00E7D8DED1C845E4D80020C845E5D2D8E774
:10A70C00002CE2D0DDE7114304D1019B6345D8D185
:10A71C000020DAE702204042D7E7019B6345E6D0F0
:10A72C00CFE7C046FF070000F0B557464E464546FA
:10A73C00DE46E0B50D000E034900490D8A46DF0FD9
:10A74C00E90FBC4683B02E4F04008046019158009F
:10A75C0019039146360B090B400DBA451ED0B84271
:10A76C000DD05746002F27D13443002833D10A434C
:10A77C0034D0002C40D163465800013815E0114309
:10A78C0012D15346002B01D12643F4D0019B6345D3
:10A79C001DD00120019B5F42384306E0264303D1C4
:10A7AC005045F6D111431CD0022003B0F0BCBB467F
:10A7BC00B246A946A046F0BD0028EAD0019B6345ED
:10A7CC00E7D18245E5DC02DB8E42E2D80ED0019B5C
:10A7DC0058000138E9E7002CCDD0D7E7002CE4D0A5
:10A7EC00D7E7019B00206345DFD0D2E7C845D0D81E
:10A7FC000020C845D9D2EAE7019B6345E4D0C8E7FD
:10A80C00FF070000F0B557464E46DE464546E0B51C
:10A81C001F000B031B0B16009A46CA0F4B000400BB
:10A82C00914685B05B0D00D1CFE1CD4A934255D016
:10A83C005146420FC9000A43802109041143C2004A
:10A84C009046C84A8A4693469B44002300250293AF
:10A85C003C037B00FA0F0196240B5B0D009200D198
:10A86C0088E1BF4A934200D192E0BE4A94466344C9
:10A87C009B440A2D42DCE400730F23438024494699
:10A88C0024041C43F3000193009B00205940CBB2DD
:10A89C000393022D00DC94E00123AB401D00A623A2
:10A8AC002A00DB001A401D4200D029E290239B00B5
:10A8BC001D4200D14DE20023802499462403A84B6D
:10A8CC0010004A461B052343D2071343190005B059
:10A8DC00F0BCBB46B246A946A046F0BD5246024368
:10A8EC00904600D0ACE19B46022392460825029389
:10A8FC00AEE7009BA2469946019B9846029B022B11
:10A90C0000D1CAE1032B00D192E1012B10D100231D
:10A91C0000240022D4E701227B083A40134352461C
:10A92C00D2071343984653465B089A46039B9946B5
:10A93C005B46581C8023DB005B44002B00DCB1E140
:10A94C00424652070BD00F2241460A40042A06D039
:10A95C004246111D4145924188465242924452460C
:10A96C00D20106D55246804B1A4080239246DB001A
:10A97C00C3187E4A934200DD8FE14246D10852460D
:10A98C0052070A4351465B054C02240B5B0D97E7BB
:10A99C00734B26439C46E344002E00D16FE1032306
:10A9AC0049461D43009B5940CBB203930A2D00DD51
:10A9BC0033E10123AB401D000323029388222A427A
:10A9CC0097D1424643461204120C160001981D0CF6
:10A9DC00030C0004000C4643B4461E006E43009664
:10A9EC00160007005E436146B0466F430E0CB84438
:10A9FC004644B74205D9802149028846009F474406
:10AA0C00009761460904090C370C36048C4631005A
:10AA1C00614401911100260C2404240C61438C46E2
:10AA2C002100694389466146090C884672434A44B1
:10AA3C0042447543914503D98021490288464544D7
:10AA4C00110C884661460904090C8C4612046244B8
:10AA5C00B91802915146090C8C4651460F043F0C13
:10AA6C003900414345448846614641438A46414644
:10AA7C006046090C894658437B4353444B449A45E2
:10AA8C0003D98021490289464844190C894641461C
:10AA9C000904090C8846390061431B044344884669
:10AAAC0061464C4371438C46414677430E0C3F192B
:10AABC00F6194844B44203D9802149028946CC4452
:10AACC000299009F894631044F448946414697427A
:10AADC0092410C04240C4C44FF1852426419A118E6
:10AAEC009F429B41884682465B42994690459241E3
:10AAFC00AC42A441C244D1445242644214439945ED
:10AB0C009B41824592415B42524213434A46360C6A
:10AB1C00A419E31863445B02D20D1A4301999246BF
:10AB2C007A020A43501E8241FF0D17434A465202D5
:10AB3C001743B846DB0100D5EDE60D4B039A5B4499
:10AB4C009146002B00DCACE03A00520700D110E734
:10AB5C000F2258463A40042A00D0F9E609E7C046CD
:10AB6C00FF07000001FCFFFFFFFFFFFEFE070000D8
:10AB7C00FF030000220032436FD0002C00D1C2E052
:10AB8C00200000F0A9FE020003000B3A1D20821ADF
:10AB9C0030001900D04008398C40020022433400A8
:10ABAC008C405946CB1A86498B469B440A2D00DDB6
:10ABBC00A4E64946009B01945940CBB214000020F6
:10ABCC000393022D00DD67E6FBE6534603439846EC
:10ABDC003CD05346002B00D1A3E0504600F07CFE45
:10ABEC000B235B429C4602008444110050460839FA
:10ABFC0088401D23804660461B1A2000D840030065
:10AC0C00404603439A4623008B4098466C4B0025E4
:10AC1C009B1A9B46002302931AE60F2D00D0C9E025
:10AC2C00802352461B031A4202D01C4200D192E0F0
:10AC3C008024534624031C4324034246240B3EE643
:10AC4C009B46032380460C25029301E600239A467B
:10AC5C009B46013304250293FAE501210D430A2D8D
:10AC6C0000DD4BE6494600984140C9B20391022DE4
:10AC7C0000DC96E000230024012001930CE64946F9
:10AC8C000223009A2B435140CAB203920A2B00DDD7
:10AC9C0034E6002D57D1039B994600240022494BE2
:10ACAC000EE658460121C91A382900DD2FE61F2966
:10ACBC0056DD1F2254465242D31ADC40202907D0BD
:10ACCC00414B42469C465346604483401A4390464F
:10ACDC0042460721531E9A410B0022431340002485
:10ACEC00114209D00F231340042B5DD0111D91424A
:10ACFC009B410A005B425B07D2081A430023DFE545
:10AD0C00039B9946FAE5019800F0E6FD020003006A
:10AD1C00153220331C2A00DC38E7019A08388240AF
:10AD2C003FE700F0D9FD15239C468444020063469E
:10AD3C0020321C2B00DC58E70023984623000838EF
:10AD4C0083409A4662E71D000023002402200193F1
:10AD5C00A2E5029032E61C43009B019A9946AEE5AF
:10AD6C001A4B5246C31840469A40C84002434046CC
:10AD7C0098400300581E834154461A43CC40530755
:10AD8C0009D00F231340042B05D0131D934292417D
:10AD9C005242A4181A00230208D5012300240022D1
:10ADAC008EE5894600248BE50023A5E76307640242
:10ADBC00240BA1E7009BA2469946019B984637E7D6
:10ADCC000DFCFFFFFF0700003E0400001E04000006
:10ADDC00F0B557464E464546DE46E0B583B000908A
:10ADEC0001910C034D00CE0F610A009C5F00640FB3
:10ADFC000C43009900920193C80019037B0D9946EE
:10AE0C00019BCC4FDB0F9C464B0A00998046490FA7
:10AE1C001943009B8B46DA0092466D0DB94500D163
:10AE2C00BFE00123614659404B468C46EB1A8E42DB
:10AE3C0075D0002B00DCA3E24946002900D1CEE0FE
:10AE4C00BD4200D100E20127382B19DC802759467E
:10AE5C003F0439438B461F2B00DDFAE12027F91AFA
:10AE6C008C4659466746B9400F001100D9400F4334
:10AE7C0061468A40511E8A415946D9401743641A8B
:10AE8C00C71BB84280414042241A230200D440E13F
:10AE9C006402640A002C00D154E1200000F01CFD77
:10AEAC000300083B20213800CA1AD0409C40020005
:10AEBC009F4022439D4200DDA6E1581B0130091A38
:10AECC003C008F40C4407B1E9F4113008B402743A6
:10AEDC001F43C2403B0014000025134300D1F7E18F
:10AEEC007B0700D177E30F2338003B40042B04D0C1
:10AEFC00381DB842BF417F42E419230200D468E3F5
:10AF0C008C4B01359D4200D1F4E08B4B6D051C4000
:10AF1C006D0D6707C00864020743240BECE0002B9F
:10AF2C0000DC29E34946002900D0D6E059461143FC
:10AF3C0000D12EE1591E012B00D1E6E1BB4200D11C
:10AF4C0082E101270B00382914DC1F2B00DD3CE2C9
:10AF5C002027F91A8C4659466746B9400F00110054
:10AF6C00D9400F4361468A40511E8A415946D94007
:10AF7C00174364183F18874280414042241823022B
:10AF8C0000D4C6E06B4B01359D4200D1B2E00121EB
:10AF9C00694B7A081C4039400A43E7071743640899
:10AFAC009EE7664B11438A46EB18002928D066456C
:10AFBC002CD0002B5BD0002D00D12CE15B466646DB
:10AFCC005F07D2081743DD083B002B4300D1E2E0BA
:10AFDC00802424032C432403564D240B8CE0594627
:10AFEC00114300D1D5E0591E012B00D1B9E1BB4270
:10AFFC0000D1B1E101270B00382900DD40E72AE739
:10B00C006146012779408C466645D2D1002B00D190
:10B01C00C5E0002D00D055E14B462500054300D17D
:10B02C0012E2591E8C46012B00D149E2414DAB4234
:10B03C0000D18FE20127382911DC63461F2B00DD7C
:10B04C005BE26146202327005B1A050098409F4075
:10B05C00CD40431E9841CC402F430743A344BF1817
:10B06C009742924152425A4414004D4687E7344F5E
:10B07C006B1C3B4200D0B6E05946230011430F0035
:10B08C000343002D00D026E1002B00D1C0E10029A4
:10B09C0000D1A1E0831A98465B464045AD41E31AC6
:10B0AC006D425B1B80252D042B4200D14BE15B468E
:10B0BC00101A824292411C1B070001266346524221
:10B0CC00A41A27431E40002F00D142E12C4200D18C
:10B0DC006DE2194B01251C401BE7BD4200D13BE141
:10B0EC000127382B00DD45E7802759463F043943BB
:10B0FC008B462AE7002400272D052543F607354308
:10B10C003800290003B0F0BCBB46B246A946A046A5
:10B11C00F0BD7B0704D00F233B40042B00D0E7E6A7
:10B12C002B00F808034A67070743E508934200D150
:10B13C004AE7A5E0FF070000FFFF7FFF01F8FFFFD4
:10B14C00FE070000380000F0C7FB030018331F2B6C
:10B15C0000DCA7E63A00083882409D4200DD8AE018
:10B16C005B1B581C1F2800DCD8E117001F3BDF407D
:10B17C00202805D040231B1A9A40531E9A4117438E
:10B18C000025002F00D1E5E07B0700D0ABE62C00BA
:10B19C00C6E7C008C6E700270024D14DACE7D14F65
:10B1AC006B1C3B4271D123000343002D00D04EE1B8
:10B1BC005746002B00D1B5E1002F0DD083188342E8
:10B1CC0080415C4440422418220200D5C8E11F0093
:10B1DC009846274300D1BCE043466707DB081F4372
:10B1EC00E50800234CE0831A98465B464045BF4176
:10B1FC00E31A7F42DB1B1F027CD447461F4300D15E
:10B20C00A6E01C00474645E6B74CED1A14407B07F8
:10B21C0000D080E784E74B462500054366D05F1ECF
:10B22C00012B00D1FCE0AE4DAB4200D15EE1664695
:10B23C00382F00DCB4E00120171ABA4292415B4669
:10B24C0052424D469C1A20E66707C0080743E508A2
:10B25C00BAE61F005946203FF9400F00202B05D0BD
:10B26C004021CB1A594699400A43924653465A1EDE
:10B27C0093411F4304E6EB1A9B4D15406F07ED08F5
:10B28C002C035D05240B6D0D36E7954DAB4200D1BB
:10B29C00D6E082182100824280415944404208186D
:10B2AC00C707520817434408520700D485E10F2200
:10B2BC001D003A40042A00D01AE6FF086407274311
:10B2CC000509DDE75B46D2085F071743DD087BE61F
:10B2DC000027002410E7002B00D0D6E0002900D076
:10B2EC002FE1802400267E4D240305E766465C464C
:10B2FC00D00817E75B46171ABA4292411C1B01266D
:10B30C0063465242A41A1E40C4E58318834280410E
:10B31C005C44404225182A0200D4DAE0724A5B08E9
:10B32C001540EA071A4369085B0700D44AE10F236A
:10B33C001340042B00D1FCE0171D9742A44164423A
:10B34C0002256418ECE647461C001F4300D043E777
:10B35C00002600250024CFE6C00867070743E50850
:10B36C0032E6871A5B46B8428041E41A4042241AFE
:10B37C00230228D46307FF081F43E50801237FE756
:10B38C00002B00D173E64B465F1B3B00002D00D118
:10B39C0042E7382F00DDECE080230E001B041C4339
:10B3AC001F2F25DC20252300ED1B0100A840AB40FE
:10B3BC00F940451EA8410B43FC4018435B461B1B40
:10B3CC009B4639E76646012562E51F005946203F3A
:10B3DC00F9408C46202B05D040275946FB1A994042
:10B3EC000A43924657467B1E9F4163461F43C1E565
:10B3FC003B002500203BDD40202F04D04023DB1BED
:10B40C009C40204380464046431E9841284313E706
:10B41C0000299DD0012663465C4690461E40DBE623
:10B42C00171A5B46BA4292411C1B5242A41A2302C1
:10B43C00C8D46307FF081F4366460123E5081FE7CE
:10B44C001D000024002757E65C46D0086AE6002B56
:10B45C0000D137E75346C00867070743E508002BC0
:10B46C0000D1B1E580231B031D4208D05946C80802
:10B47C00184204D1D20849070A43170005007B0F74
:10B48C00FF00FF085B071F439EE5C00863071843D6
:10B49C00E508002953D080231B031D420AD05946CE
:10B4AC00CC081C4206D1012663462500D00849076A
:10B4BC0008431E40470FC000C0087F07074383E5C1
:10B4CC008318934292415C445242A5182A0200D53B
:10B4DC0024E76F07DB081F43ED080123D0E6C046C5
:10B4EC00FF070000FE070000FFFF7FFF5B46D2084E
:10B4FC005F0766461743DD0866E52500203BDD4007
:10B50C006346202B05D0402361465B1A9C402043A8
:10B51C00804647467B1E9F412F43A0E520210027F4
:10B52C00091AD2E4002F00D113E75C46170000255E
:10B53C00F6E5D708490702230F432D09A0E60700BB
:10B54C0042E55B4601265F07DD086346D2081743D8
:10B55C001E4039E55B46D2085F071743DD0833E52B
:10B56C001E4ADB0822405707520201251F43140BC9
:10B57C00C2E50E0001205FE6002B0DD04B465B1B95
:10B58C009C46002D00D148E50127382B00DD66E5EF
:10B59C0080231B041C4350E56B1C114D2B4200D027
:10B5AC0073E65946230011438A46034300E66707B6
:10B5BC00C00800230743E50862E66407FF08274339
:10B5CC0005095DE6D208490711430F0002232D0936
:10B5DC0056E60700A4E538008FE4C046FFFF7FFF66
:10B5EC00FE070000F0B5C6461E03360BB0460D4EE6
:10B5FC000C034D005F0000B5240B6D0D7F0DB542A3
:10B60C000BD0084900208F4204D146461643300027
:10B61C00431E984180BCB846F0BD04430120002C69
:10B62C00F8D1EEE7FF0700000B00020070B5164DD5
:10B63C000C0382B04900002000920193240B490DA9
:10B64C00DE0FA94204DD1148814203DD104BF018D6
:10B65C0002B070BD8020400320430E4C641A1F2C96
:10B66C0008DD0D4B5B1AD84003005842002EEFD179
:10B67C001800EDE7094B009A9C46030061448B408F
:10B68C00E2401343F1E7C046FE0300001D04000036
:10B69C00FFFFFF7F3304000013040000EDFBFFFFEE
:10B6AC0070B5002816D0C317C5185D40C40F28000C
:10B6BC0000F012F9104B1B1A5B055B0D0A2814DC09
:10B6CC0002002E00153296400B22121AD5402D0383
:10B6DC002D0B03E000240023002500261B052B4323
:10B6EC00E40723433000190070BD0B3885402D034F
:10B6FC0000262D0BF2E7C0461E04000010B5041EF8
:10B70C0010D000F0E9F80E4B1B1A5B055B0D0A28F4
:10B71C000FDC0B222100121AD14015300A03844091
:10B72C00120B01E0002300221B051343200019001B
:10B73C0010BD22000B38824012030024120BF3E7D9
:10B74C001E04000070B542024300C40FFE201B0E05
:10B75C00591C550A08420CD0E02189008C466D0713
:10B76C00120B63441B051343E40723432800190001
:10B77C0070BD002B14D1002D1BD0280000F0ACF8AC
:10B78C000A281CDC0B232A001B1ADA400300153391
:10B79C009D400E4B12031B1A5B05120B5B0DE1E770
:10B7AC00002D09D0130B802212031A436D07084B8E
:10B7BC00D8E700230022D5E70022054BD2E703008F
:10B7CC002A000B3B9A400025E3E7C04689030000A2
:10B7DC00FF070000F0B54B000F035B0D3A4C450F13
:10B7EC0083B07F0A5E1C2F4300900191CA0FC500E5
:10B7FC0026420BD035495C18FE2C13DDFF200023AC
:10B80C00C0051843D207104303B0F0BD3D43002BD5
:10B81C0001D10020F4E7002DF0D08023DB03FF20C2
:10B82C003B43EDE7002C0CDD009BFF009B01581EF9
:10B83C008341690F3B430B43590727D1DB08E0B227
:10B84C00DEE72100173131DB80211E20090439434A
:10B85C00001B1F282DDD02267642341B0E00E6400D
:10B86C003400202804D01A488446634499400D4380
:10B87C002B00591E8B412343590703D00F2119402C
:10B88C0004290BD19B0100205B0AB9E70F21194059
:10B89C00042904D19B015B0AE0B2B1E70024043314
:10B8AC005901F7D501340023E0B2A9E700200023A9
:10B8BC00A6E7084C1C192B00A540C340A140681EEC
:10B8CC00854129430B43D7E7FE07000080FCFFFFAF
:10B8DC00A2FCFFFF82FCFFFF1C2101231B049842EA
:10B8EC0001D3000C10391B0A984201D3000A083905
:10B8FC001B09984201D30009043902A2105C4018BC
:10B90C007047C0460403020201010101000000005F
:10B91C000000000010B5002903D1FFF7DDFF203037
:10B92C0002E00800FFF7D8FF10BDC04682B073B527
:10B93C006C460091079321000300626060C960C3EC
:10B94C0007AA60CA60C313001500103006CB06C0EE
:10B95C0001220098616803F075FA69680122099860
:10B96C0003F070FA73BC08BC02B0184737B504007A
:10B97C0003F076FEA068A38902691342FCD001692A
:10B98C000A001A401942FAD101AD2068616803F02F
:10B99C0059FA29000122032003F094FD03CC012263
:10B9AC0003F050FA03F05AFE28786B7800041B025F
:10B9BC001843AB7818433EBDF0B5094985B0094B27
:10B9CC0001ACC0CBC0C40B004968074A00911B688E
:10B9DC00064811685268FFF7A9FF05B0F0BDC046D4
:10B9EC00440000203C0000202C000020CC02002051
:10B9FC0010B50348FFF7BAFF80231B04584010BD55
:10BA0C00CC02002010B50548FFF7B0FF80231B04C3
:10BA1C005840984201DA024B181A10BDCC02002093
:10BA2C00FFFF7F0070B504250024FFF7E1FF013D07
:10BA3C002418002DF9D10723E01718400019C01065
:10BA4C0070BD0000F0B504000525002699B00392E6
:10BA5C000F0048227C4906A804930BF082FE631F5A
:10BA6C0001937A4B02937A4B0593019BAB4257DCC3
:10BA7C0000221E9B1E80774B1A70774A1278029216
:10BA8C00764A964200D874E001251D70714B744AB9
:10BA9C001B782C000192002B1ED0029B714E002BA8
:10BAAC0000D1A0E0704B1B78002B00D19BE06F4BBA
:10BABC001B78002B00D196E06D4B7C1E1C60012284
:10BACC00694B1A70974201D16A4B1F70FA22338866
:10BADC0092009B189BB233805F4B1B78002B0CD0D1
:10BAEC00614B1B78002B08D0604B1B78002B04D0CB
:10BAFC005F4B1B68AB4200DA1C00019B1B78002BD0
:10BB0C0009D05D4B1B78002B05D15C4B039AD35CA1
:10BB1C00A34200DC5C1E201E00DC012019B0F0BD2D
:10BB2C00029B6A00985AFFF7BBFD0022544BFFF7AB
:10BB3C004FF9FFF779FDC317C4185C40059B6A00E9
:10BB4C00985AFFF7ADFD00224D4BFFF741F9FFF777
:10BB5C006BFDC317C018584082B2231CA4B2944288
:10BB6C0000D2031C9AB2B24200D2331C9EB20135F1
:10BB7C007BE7029B002B04D001223C4B1A703C4B00
:10BB8C001F60092301937B1E06ACDB00E3180593B1
:10BB9C00019D30006B1E0193FFF782FD226C636CDC
:10BBAC00FEF730FE059B083C1A685B68FEF7F0F95F
:10BBBC00344A354BFCF740FC002803D1019B002B89
:10BBCC00E6D10125264B1B78002B00D15EE7052F13
:10BBDC0000DC5BE7BD4200DC58E72C4B9E4200D8F2
:10BBEC0054E77D1C52E70624A74207DC023C062FD3
:10BBFC0004D03C00032F00DD0324013C019B029A7E
:10BC0C001B78002A00D05AE7002B00D15EE7049B7A
:10BC1C00002B0ED0039B1E4A013BD35C032B08D890
:10BC2C0001221C4B1A701C4B1C6033881B199BB2D5
:10BC3C003380114B1B78002B00D047E70F4B039A36
:10BC4C00D75402F095FA41E7388D01088C57002043
:10BC5C009C4C00200A040020E10100205B3F000006
:10BC6C006263002086670020CA650020C86500203A
:10BC7C000C020020C9650020C40A00207F6300204C
:10BC8C0080FFCF409A99999959CCCC4070170000FD
:10BC9C00DC030020CB6500200802002070B50600F4
:10BCAC000D0019001D4B10001B781D4C013E002B84
:10BCBC0021D000221B4BFCF7B9FB002803D11A4BF7
:10BCCC001B78002B1AD1A35D0133DBB2A355002DD9
:10BCDC0004D06A1EA35C0133DBB2A354A35D072B13
:10BCEC0001D90723A355002D05D0013D635D072B1A
:10BCFC0001D907236355A05DC0B270BDA35D002BB5
:10BD0C0003D0A35D013BDBB2A355002DE6D06A1E28
:10BD1C00A35C002BE2D0A35C013BDDE76563002054
:10BD2C00DC03002000002E400904002010B5D022B6
:10BD3C0000210B480BF080FC00230020094A0A4923
:10BD4C0013700A4A13700A4A10605160094A0A4873
:10BD5C000A49106051600A4A137002F08BFA10BD48
:10BD6C0080620020DA03002000002E40DB0300205C
:10BD7C0000000020080000200E2DB29DEFFF58405F
:10BD8C00D903002010B56822002103480BF054FCA5
:10BD9C0002F0ECF810BDC0464065002000231900ED
:10BDAC0010B5044AD15401330D2BFBD102F0BEF96E
:10BDBC0010BDC046DC030020F7B502F0E8FC424B96
:10BDCC0005001B780C27002B00D1083F3F4B404A45
:10BDDC001B78019300231E00019999424CDC3D4BCA
:10BDEC0004241B78002B10D03B4B013C1B78A34246
:10BDFC000BD83A4B1B78002B04D0394B02341B78F0
:10BE0C00002B02D0AF423ED80224200001F0AAFF42
:10BE1C00AF4207D1334F3B78002B03D1FFF786FF9E
:10BE2C0001233B70304B1B78002B23D03000FFF7E5
:10BE3C0065FC00222D4BFEF7E5FC060001980F0077
:10BE4C00FFF72EFC02000B0030003900FEF7A0F8C3
:10BE5C000022274BFCF70EFB00280BD0254A136859
:10BE6C00012B07D102201060234A137002F0AEFAA6
:10BE7C00FFF794FF2000FEBDD15C022901D90136E9
:10BE8C00F6B20133A8E71D490022086849681C4B2B
:10BE9C00FCF7CCFA002805D002F094FC022801D85B
:10BEAC000624B2E7174B18685968FCF78DFB134949
:10BEBC00C4B2002208684968114BFCF7B7FA002895
:10BECC00A3D0022CECD19FE79467002049020020FC
:10BEDC00DC03002097670020B8650020400200209A
:10BEEC00A9660020C0030020E0010020000059409A
:10BEFC0000004940E401002064630020600A002037
:10BF0C0000002E40C80300200C4B70B518780C4B69
:10BF1C0003221C780525002306260A49002800D098
:10BF2C002A00002C00D03200CA5401330D2BF5D15D
:10BF3C000022054B1A7002F045F970BD61630020B8
:10BF4C00E0010020A8650020B7650020F0B58DB099
:10BF5C000B930E001300069001928A4208D1854A79
:10BF6C0094466344DB00C318186859680DB0F0BDE3
:10BF7C0000240F00019B251C5B1A04930294019B67
:10BF8C009F4200DA87E00498FDF7A6FB071C011C12
:10BF9C000298FCF7F5FD391C0790281CFCF7F0FD06
:10BFAC00391C0890201CFCF7EBFD0024099004942C
:10BFBC00271C03940294019B9E4200DA8EE00499A4
:10BFCC000298FCF7ABFF391C051C381CFCF7A6FFCC
:10BFDC00011C281CFDF7FCF80499061C0398FCF7BF
:10BFEC009DFF211C051C381CFCF798FF011C281C0C
:10BFFC00FDF7EEF8311CFCF7C3FD211C051C029863
:10C00C00FCF78CFF391C041C0398FCF787FF011C00
:10C01C00201CFDF7DDF8311CFCF7B2FD291C041CBB
:10C02C000798FCF77BFF011C0898FDF7D1F8211C41
:10C03C00061C0998FCF772FF011C301CFDF7C8F8B0
:10C04C000B9B061C5A1E9341019AD31A180001939C
:10C05C00FDF742FB291C071CFCF760FF311CFCF7A9
:10C06C009DFB211C051C381CFCF758FF391CFCF7E8
:10C07C0055FF011C281CFCF791FB0021041CFCF74C
:10C08C0015FA002800D000243B49201CFCF746FF81
:10C09C00FFF758FB6AE73800FDF71EFB069AFB001A
:10C0AC00D318039018685968FFF794FB3249FCF7D2
:10C0BC0067FD011C281CFCF771FB0399051C0298F9
:10C0CC00FCF76CFB03990290081CFCF727FF011C82
:10C0DC00201CFCF763FB0137041C50E73000FDF714
:10C0EC00FBFA0799051CFDF773F8011C0590FCF78A
:10C0FC0015FF011C0298FCF751FB069AF300D318AC
:10C10C00029018685968FFF765FB1B49FCF738FD6E
:10C11C000899FDF75DF8011C0A900598FCF7FEFEE6
:10C12C00011C0398FCF73AFB291C0390281CFCF714
:10C13C00F5FE0999FDF74CF8051C011C0598FCF758
:10C14C00EDFE011C381CFCF729FB291C071C281CC4
:10C15C00FCF7E4FE011C0498FCF720FB291C04905E
:10C16C000A98FCF7DBFE011C201CFCF717FB0136C0
:10C17C00041C20E7FFFFFF1F00FEFF46F8B506007A
:10C18C000F0014001D00FCF775F900280CD0069A5E
:10C19C00079B30003900FCF759F900282FD03400E8
:10C1AC003D0029002000F8BD22002B003000390092
:10C1BC00FCF74CF900280FD0069A079B3000390089
:10C1CC00FCF758F90028EAD1069A079B20002900B1
:10C1DC00FCF73CF90028E4D122002B003000390098
:10C1EC00FCF748F9002807D0069A079B2000290085
:10C1FC00FCF740F90028D4D1069C079DD1E722001A
:10C20C002B0030003900FCF711F90028ECD0D3E7F3
:10C21C00F0B589B0069007911900814B10001B787E
:10C22C00002B05D100247F4D2000290009B0F0BD62
:10C23C0000227D4BFDF7E6FA02000B0000207B4943
:10C24C00FDF7A6FE02000B00029003910020784936
:10C25C00FDF79EFE0022774BFEF7BAFD029A039B78
:10C26C0004000D0000207449FDF792FE0022714B72
:10C27C00FEF7AEFD0E9A0F9B009001912000290055
:10C28C00FFF77CFF00246D4D02000B000020009492
:10C29C0001956B49FFF772FF00226A4B04900591E0
:10C2AC00FEF796FD684B694AFEF7ACFA0CF062F8A3
:10C2BC00674B1B78002B54D10022664BFDF7A2FA7A
:10C2CC0002000B0064486549FDF762FE644A654B49
:10C2DC00FDF798FA06000F00049805990022624BAE
:10C2EC00FEF776FD32003B00FEF78CFA00220400CC
:10C2FC000D00069807995D4BFEF76AFD02000B00D6
:10C30C0020002900FDF77EFA554A04000D00554B1C
:10C31C0030003900FEF75CFD0022554BFEF772FA37
:10C32C0002000B0020002900FDF76CFA514A524B19
:10C33C00FEF768FA029A039BFEF764FA00220023C8
:10C34C0004000D00FCF778F8002800D06AE7002202
:10C35C0020002900494BFCF783F8002800D061E746
:10C36C0062E7009401950E9A0F9B00204449FFF759
:10C37C0005FF069A079B04000D0000204149FEF7BB
:10C38C0027FD220006000F002B0000203E49FEF77F
:10C39C001FFD02000B0030003900FDF733FA3B4A59
:10C3AC0004000D0002980399394BFEF72BFA02009A
:10C3BC000B0020002900FEF725FA04000D00354A79
:10C3CC00354BFEF71FFA22002B00FEF71BFA22005A
:10C3DC002B00FEF717FA314A06000F002000290047
:10C3EC002F4BFEF70FFA22002B00FEF70BFA020080
:10C3FC000B0030003900FDF705FA2A4A06000F0041
:10C40C0020002900284BFEF7FDF902000B0030003C
:10C41C003900FDF7F7F9254A254BFEF7D9FC8DE7D6
:10C42C000904002000002E400010714000A0724052
:10C43C00004C98400000894000A89B4000C08C40F4
:10C44C000080864000E08A409999C9BF9A999999D1
:10C45C00616300200000F03FC01E85EB51B89E3F89
:10C46C00A4703D0AD7A3E83F00488C4000407F40B1
:10C47C0000408F403BDF4F8D976E92BF00002C40E9
:10C48C000008864000908040002889409E12E429D4
:10C49C00419E923F1B0DE02D90A0A83FBA490C0283
:10C4AC002B87F0BF8351499D804620400E2DB29DB5
:10C4BC00EF272F401F4B70B51B781F4E34687568E3
:10C4CC00002B18D122002B0000201C49FEF780FC09
:10C4DC001B4A1C4BFEF796F922002B00FDF792F934
:10C4EC00194A1A4B04000D00FBF7BAFF00281CD1A7
:10C4FC003460756070BD164B1B88002B08D0220071
:10C50C002B0000201349FEF763FC0D4A124BE1E7A8
:10C51C00200029000A4A114BFEF774F902000B00A7
:10C52C0020002900FEF754FCDAE7074B074C336078
:10C53C007460DFE709040020C803002000000840F5
:10C54C009A9999999999A93FCBA145B6F3FD0740C2
:10C55C00866700200000F83F9999B93F9999C93F27
:10C56C00F0B516001F00364B0C001B78E1B0002212
:10C57C0030003900334BFBF759FF002804D0324B05
:10C58C001868596861B0F0BD0022300039002F4B9B
:10C59C00FBF752FF002846D0002200233000390060
:10C5AC00FBF75EFF00283ED0002C3CD100241A2162
:10C5BC00274A284D14578C46E300013464B2EB181B
:10C5CC001E605F6023001470234AA4441900192BC9
:10C5DC0000DD1A39C900691801330868496803C2BB
:10C5EC006345F3D11D4B1B780693002C3EDC002BCE
:10C5FC0000D0CEE10023134C009301940023144A85
:10C60C00D356192B04DD1A3B13700122134B1A70ED
:10C61C00FFF750FF069A0C4B002AB1D00099019AF3
:10C62C0019605A60ACE7E1210D4A890013885B1848
:10C63C009BB2138000220B4B1A700B4B1A709EE7A7
:10C64C009B67002000002E400000002000002C40C2
:10C65C00DA03002080620020E8020020DB030020C7
:10C66C008667002009040020080400201A23189370
:10C67C00069B002B00D11894D02200212CA80AF084
:10C68C00DBFF25000023D54A029300921A3D9C4201
:10C69C0000DC9EE29D420DDC2CA88446009AD90059
:10C6AC008C44891862460868496810605160029988
:10C6BC0001310291189A01339A42E8DC08221A21BE
:10C6CC00C74B2CA80AF03CFD029B029ADB0F9B186F
:10C6DC0002995B10DA00C90700D45DE12CAB9B1802
:10C6EC005C681B680093019401230693029B052B45
:10C6FC0000DC82E0BB4C002220686168BA4BFBF77F
:10C70C0095FE002801D026606760236864682E9827
:10C71C002F990493059432003B00FBF78DFE002803
:10C72C000BD1049A059B30003900FEF751FB002217
:10C73C00AE4BFBF795FE00280AD0AD4B1A78AD4BEB
:10C74C00002A00D13BE101221A600022A84B1A708A
:10C75C00029B2CAA023BDB00D11808684968320006
:10C76C003B00FBF77DFE00280BD1049A059B3000A3
:10C77C003900FEF72DFB00229F4BFBF75DFE0028D6
:10C78C000AD09E4B1A789B4B002A00D11EE1012245
:10C79C001A600022994B1A70964B00251A68022ACF
:10C7AC0001DD1D6001350298FEF77AFF0022944BE3
:10C7BC00FDF7EEFBFEF738FF2CAAC300D1180400DE
:10C7CC00049A059B08684968FBF736FE002800D0E0
:10C7DC0030E1029B2CAA013B1B1BDB00D118086823
:10C7EC004968049A059BFBF73BFE002800D021E129
:10C7FC00002D00D076E100230693002400260027AC
:10C80C00804B764D1B785BB204931A3B0A937E4B9C
:10C81C001B780C93049BA34200DCDFE10A9BA34230
:10C82C0013DC009A019BE100491908684968FEF77E
:10C83C00CFFA02000B00FDF7E5FF02000B00300001
:10C84C003900FCF7DFFF06000F00189B0134A342F0
:10C85C00E0DC0298FEF724FF02000B0030003900E8
:10C86C00FDF796FB0BF0F4FD0A00169017910100F2
:10C87C00664B19605A600022654B1A70654B1B7829
:10C88C00934204D1644B1B78934200D04FE1634B2D
:10C89C00634C644E12931394634F049B032B03D18C
:10C8AC000C9B002B00D147E180240023E40510935E
:10C8BC0011940022002300240E920F93474B0A94EC
:10C8CC001993049B013B1A93049B1A3B1B93049BE7
:10C8DC00A34200DC87E11B9BA3423FDC199AE300D7
:10C8EC009B181A685B681492159314981599009A02
:10C8FC00019BFEF76DFA0290039110981199029B1F
:10C90C000893039B5B005B080993169A179BFDF732
:10C91C0079FF02000B0008980999FBF78DFD0028A0
:10C92C0008D1129A139B08980999FBF785FD0028EA
:10C93C0000D104E10898099932003B00FBF77CFD1B
:10C94C00002800D1FBE00E980F990A9B01330A9343
:10C95C00149A159BFCF756FF0E900F91189B0134FF
:10C96C00A342B4DC314B1B78002B02D00022304B9D
:10C97C001A600A9B002B00DC40E61800FEF790FEC4
:10C98C0002000B000E980F99FDF702FB009001912D
:10C99C0034E61A2318936FE6013BDB002CA9C91867
:10C9AC002CAB9B181A685B6808684968FCF72AFF6F
:10C9BC0000220E4BFDF726FF0090019194E61A68B9
:10C9CC0001321A6001220D4B1A70BEE61A68013250
:10C9DC001A600122064B1A70DBE6C046806200200A
:10C9EC00511801080000002000002E400000E03F1C
:10C9FC00B8030020BC0300200000E0BFB9030020F6
:10CA0C0000001840DA030020DB0300201000002097
:10CA1C00D803002061630020E0010020333333335E
:10CA2C003333C33F9A9999999999C93F09040020C6
:10CA3C000404002000236E4C0025402200211CA879
:10CA4C00069307940AF0F8FD6A4B1CAC0E932B006E
:10CA5C000E9AC8339B181A685B680A920B930A9853
:10CA6C000B99009A019BFEF7B3F94B005B080D93F1
:10CA7C000C9006000F000C980D9900225E4BFBF7F2
:10CA8C00EFFC002831D0009A019B22606360083DC6
:10CA9C002B0008344033DAD10123082200211CA8D2
:10CAAC00FFF754FA554B06000F000A930020069A24
:10CABC00079B5149FEF78CF9049A059BFDF7A2FEE2
:10CACC00320004000D00069807993B00FDF79AFE12
:10CADC000B00020029002000FCF794FE0A9B186052
:10CAEC00596088E6464B474CA6E7454A300039006A
:10CAFC00454BFBF7B5FC424A002807D0009801993A
:10CB0C00414BFCF77FFE20606160C0E730003900CC
:10CB1C003E4BFBF791FC002802D10A9A0B9BB4E721
:10CB2C00374A394B00980199FEF752F9EBE7384E2A
:10CB3C00384F12961397B0E600232F4CB7E61A9B8A
:10CB4C00A34200D00AE7344A1578002D00D105E73E
:10CB5C0032490B8864339BB20B8000231370304A2C
:10CB6C00137001222F4B1A702F4B00221B78002BB5
:10CB7C0019D1029803990023FBF75EFC00281FD003
:10CB8C002A4A136801331360294B1A780323002AAD
:10CB9C0000D1023B254A12689A4200DCDEE60122F3
:10CBAC00244B1A70DAE6002302980399FBF758FC21
:10CBBC00051EE5D101221D4B1A601B4B1D70E3E7CE
:10CBCC000022029803990023FBF74AFC0028F1D1BC
:10CBDC00DAE7069A002A00D16CE55DE50C9B002B88
:10CBEC0000D132E61DE60C9B002B00D1B6E675E6B3
:10CBFC000000E03FE80200200000F03F00000020B1
:10CC0C009A9999999999C93F9999B93F9999B9BFA5
:10CC1C00333333333333D33F09040020866700208A
:10CC2C0008040020D8030020200000200404002069
:10CC3C009467002002040020F0B5002201260400B5
:10CC4C00094F0A488A4200DBF0BD0825A35C584016
:10CC5C00030033405B423B4040085840013D80B2EA
:10CC6C00002DF5D10132EDE701A0FFFFFFFF000021
:10CC7C000122024B1A8000225A807047EA030020DE
:10CC8C0070B5084C050023780E00002B01D1FFF77E
:10CC9C00EFFF31002800FFF7CFFF01236080A08059
:10CCAC00637070BDEA03002010B5FFF7E9FF014B7C
:10CCBC00187910BDEA0300200020034B5A788242F9
:10CCCC0000D058797047C046EA03002070B50400C4
:10CCDC000D0000226168006802F0B4F829000122FE
:10CCEC00032002F095FB03CC012202F0ABF870BDDF
:10CCFC007FB56B4600915A6019000200050011C9FE
:10CD0C0011C201220098596802F09CF801262823D0
:10CD1C0003AC280021002380A670FFF7D7FF38232F
:10CD2C00280021002380A670FFF7D0FF02232800E3
:10CD3C00F61821002380A670FFF7C8FF30232800C7
:10CD4C002100A6702380FFF7C1FF7FBD07B590229D
:10CD5C000B001202914200D91300182201A90A708B
:10CD6C001A0A4A708B70FFF7B1FF07BD07B5902206
:10CD7C000B001202914200D91300192201A90A706A
:10CD8C001A0A4A708B70FFF7A1FF07BD00880B8849
:10CD9C00C01A7047F0B51F0000250C0085B08B0041
:10CDAC00060018580A9B039218603D60039B9C4236
:10CDBC0001DB00251BE0A3000293F3580193002D27
:10CDCC0008D1191CFBF772FB431E98410500019812
:10CDDC000134EBE70199FBF77DFB0028F7D0029BB0
:10CDEC000A9AF318043B1B68013C3C601360280052
:10CDFC0005B0F0BDF0B51F0085B08B0006001858CB
:10CE0C000A9B0C0018600023012503923B60039BD6
:10CE1C009C4201DB00201EE0A3000293F358019317
:10CE2C00002D0AD0191CFBF755FB431E984101231A
:10CE3C0005005D4001980134E9E70199FBF736FBE9
:10CE4C000028F7D00120029B0A9AF318043B1B68B8
:10CE5C00013C3C60136005B0F0BDF0B50C00060061
:10CE6C00002785B003938B001958930001921B582F
:10CE7C000A9A019D1360013C019B9C4207DD002F27
:10CE8C000DD0631BDA179B185340052B07DD039B52
:10CE9C000A9A1D60AD00AB59136005B0F0BDA3003C
:10CEAC00F358181C0293FBF715FB002806D0002F33
:10CEBC0001D1651C01370299013CDDE70700FAE757
:10CECC00F0B50C000600002785B003938B001958B1
:10CEDC00930001921B580A9A019D13600134019B27
:10CEEC009C4207DA002F0DD0631BDA179B185340B6
:10CEFC00052B07DD039B0A9A1D60AD00AB5913602F
:10CF0C0005B0F0BDA300F358181C0293FBF7E2FA2E
:10CF1C00002806D0002F01D1651E0137029901347B
:10CF2C00DDE70700FAE7000070B50D0004000222EF
:10CF3C00044B0AF005F9E90F491949108900085901
:10CF4C0080B270BD99CD0008F0B50D0000241F4BC8
:10CF5C0085B002931E4B21310190203D009103932B
:10CF6C00009B9D420BD11B49201CFBF709FEFEF7D1
:10CF7C00E9FB0BF06DFAFEF72DFC05B0F0BD029A43
:10CF8C006B00D05A039AD35AC01AC317C018584012
:10CF9C00FCF7A2FB019AAB00D158FCF719F9FEF78C
:10CFAC00D1FB02000B00FDF72DFC0600201C0F002E
:10CFBC00FEF7C8FB02000B0030003900FCF722FC26
:10CFCC00FEF708FC0135041CCAE7C0468C5700204C
:10CFDC009C4C002000008242F0B5002689B000AFC6
:10CFEC003A61013A3B60D30F9B185B10B8607960D3
:10CFFC00BB613B689E4202DBBD4609B0F0BD6B468F
:10D00C00BC69FB603B69FB61A64203DA3400730028
:10D01C000133FB616A460025FB69341B9B00073317
:10D02C00DB08DB00D31A9D467B61BB68A4001C198E
:10D03C00FB69AB420CDC19007869FFF775FFFCF754
:10D04C009BFB7B68B4001851FB6801369D46D0E70A
:10D05C0001CCFCF721FB7B69AA0098500135E7E76E
:10D06C00F0B5002489B00492013A0593D30F9B18B4
:10D07C005B100393059B069007915E1E059B9C42DB
:10D08C0001DB09B0F0BD039B9C421ADA230065005A
:10D09C000135069AE31A9B00D7180023029300234C
:10D0AC000193029B9D4216DC2800FCF715FB011C2A
:10D0BC000198FBF765FD079BA700D8510134013E91
:10D0CC00DCE7039A3300964202DA75000135E0E79B
:10D0DC00039B049DDDE7019802CFFBF75FFB029BEE
:10D0EC00019001330293DCE7F8B504000D00002039
:10D0FC00012917DD00268F00231FFF1821686068A7
:10D10C00FCF766F841004908301CFBF747FB043478
:10D11C00061CA742F2D1681EFCF7DEFA011C301C7B
:10D12C00FBF72EFDF8BD0000F7B5104B00251B6872
:10D13C000F4E019301230F4F5B420093019BAB42B7
:10D14C0001DC0098FEBDF16BB06BFBF7E7FE041C35
:10D15C00011C381CFBF7AAF9002804D13C1C013532
:10D16C002836271CEAE70095F9E7C046F0030020B3
:10D17C000C040020000080BFF0B5184B85B01B6874
:10D18C0000250393164B174F5C681B6800930194A2
:10D19C000123154E5B420293039BAB4202DC0298C7
:10D1AC0005B0F0BDF86CFEF7CDFA009A019BFDF7C7
:10D1BC000FFEFEF739FAC317C0185840FCF78CFA6B
:10D1CC00041C011C301CFBF785F9002804D1341C0D
:10D1DC0001352837261CDFE70295F9E7F00300201C
:10D1EC00D00A00200C04002000FEFF46F7B50E4BC1
:10D1FC0000241B680D4E019301230D4D5B420093DF
:10D20C00019BA34201DC0098FEBD376C281C391C25
:10D21C00FBF760F9002804D12F1C013428363D1C83
:10D22C00EEE70094F9E7C046F00300200C04002060
:10D23C0000FEFF46F0B5A1B0139326AB1B8800246B
:10D24C000C9327AB1B78129215930023DC221C93B2
:10D25C001D931E931F93D04B03901091CF48210028
:10D26C0052001C60189419941A941B940AF0E4F957
:10D27C00CB4B1C70CB4B1B78A3421ED032231B9381
:10D28C0000230793002300260E930B93C24D2C68AA
:10D29C00092C60DC0C9A15981CAB00931B99323A44
:10D2AC0018AB00280FD00398FFF774FD0A90002CE0
:10D2BC0020D00A9B002B20D14DE0BB4B1B78002BC0
:10D2CC00DED01423DBE70398FFF794FD0123189AB3
:10D2DC002B60B64B9200D358109A1C981360002206
:10D2EC00129B1A60FBF758F9139B1880109B186857
:10D2FC0021B0F0BD0A9B002B29D0AB4B189E1B789C
:10D30C00002B00D062E11EAB012231000398009388
:10D31C001AABFFF7A2FD0C9B31005A1E1FAB0398F2
:10D32C0000931BABFFF7CCFD1C98FBF735F983B2D0
:10D33C0018000793FCF7D0F91E99041CFBF748FF63
:10D34C001F990B90201CFBF743FF0E9053E0954B5D
:10D35C001B78002B30D1904B904D1E68002E00DDB9
:10D36C006CE100D0B1E10C9C904B013CEC60A40052
:10D37C001A68E3582A61AB61039B6A6118682E60D6
:10D38C00AE60FBF709F9039B80B2A883E883E058F1
:10D39C00FBF702F92884864B109A1E602B691360E8
:10D3AC00A88CFCF7E9F9129B139A1860AB8B300030
:10D3BC001380FCF7E1F99BE77E4B1B78002B00D127
:10D3CC00DCE07D4B794D1A685B68049205930C9BED
:10D3DC009C4210DAA300E858FEF7B4F9049A059BB6
:10D3EC00FBF72AF8002800D1D3E023001894323B35
:10D3FC0032341A931B941A9B08931B9B089A09931B
:10D40C00189B049206939B1A642B02DD069B643BCB
:10D41C000493099B069A099D9B1A642B01DD150048
:10D42C006435049BEB1A581C80000D9309F01CFD0D
:10D43C000700049B039A9B009B58049C1193AB0020
:10D44C009B580F9014935D4B1793A54200DBCDE0D6
:10D45C001DAB009300210D9A0F9819ABFFF79AFCA6
:10D46C00071E1CD01D98FBF797F883B21800079382
:10D47C00FCF732F91199FBF7ABFE0021199E051C44
:10D48C00FBF732F8002800D0CDE00B9D0A9B002B57
:10D49C0002D10122424B1A70049B0B95F6180F987F
:10D4AC0009F0ECFC404B1B78002B0CD0444B1B7848
:10D4BC00002B00D1B9E03D4B4249B200D058FBF7EC
:10D4CC0013F8002819D0089B0020F31ADA179B18C0
:10D4DC005340052B11DD099BF31ADA179B185340A7
:10D4EC00052B0ADD089A099B9B1ADA179B185340E7
:10D4FC000122142B00DC02001000274B1B68049344
:10D50C000A9B002B02D1002F00D124E7002830D039
:10D51C002824049B30005F1C23007B430D93FCF7F5
:10D52C00DBF81E4D0D9BE850049B08985C43FCF700
:10D53C00D3F82C19E0620998FCF7CEF82063079811
:10D54C00FCF71AF90B9B3100A3630E9B60630398E5
:10D55C00E363FFF7F9FCFE239B05206463640698E4
:10D56C00FCF7BAF8114BB200D358A064E3640A4B31
:10D57C001F600A9B002B00D088E6ECE6124B1B7850
:10D58C00002B00D01DE701F002F9002800D1E2E6E3
:10D59C0017E701341BE7C046F00300200C04002001
:10D5AC00F403002062630020E1010020FC0A00204B
:10D5BC0070670020CF65002030020020DC200020A6
:10D5CC00E001002000801844DB650020404B1B78F4
:10D5DC00002B00D197E63F4BB200D058FCF75CF81B
:10D5EC00C3173D4CC018584020608CE6049BE01AD1
:10D5FC00FCF772F8149916901198FBF7E9FD011CD1
:10D60C001698FBF78BFC16900D98FCF765F8011C2F
:10D61C001698FBF7B5FA179AA300D158FBF7BEF88A
:10D62C00013401C711E70E9530E7294B1B78002B0D
:10D63C0000D148E7274B2949B2003FE7284B1B781C
:10D64C00002B3AD0274B1B78002B33D0FFF794FDDF
:10D65C000400254B1B78002B08D0002C06DA234B3A
:10D66C001C78002C2CD0FFF787FD040028273E00E7
:10D67C006643AE19706BFAF78FFF01346743A883CA
:10D68C00E859FCF709F8134C80000359B06B2B6177
:10D69C00FAF782FF6884F06BFAF77EFFA884B06C0F
:10D6AC00FBF7FAFF80000059FBF7F6FFC317C6180B
:10D6BC005E4070E6FFF79AFDCAE701246442C8E7B2
:10D6CC00022ED3D0FFF730FDCFE701246442CDE723
:10D6DC0061630020FC0A0020706700200000FA4300
:10D6EC00E1010020DA65002062630020DB65002088
:10D6FC000023F0B58BB00993D14B049006910593A0
:10D70C009B88059ACF4C13805380CF4D63880100C2
:10D71C0028002380FFF7E8FC21220026CB4B186061
:10D72C00CB4B1A60049BB34200DDBCE0C94B2122F9
:10D73C0007932800049B0799FFF792FC0026049B93
:10D74C00B34200DDB8E00026049BB34200DDBDE02F
:10D75C00C04E280021223100FFF782FC0025049BDB
:10D76C00AB4200DDBCE00026B74D049BB34200DDAC
:10D77C00C0E0059B20881B88C01AC317C0185840EE
:10D78C00FBF7AAFF059B286060885B88C01AC3174B
:10D79C00C0185840FBF7A0FFAE4CAF4A2100049BC9
:10D7AC00126868602800FFF717FC4122290020004E
:10D7BC00049BFFF755FC2122A54F049B2100280058
:10D7CC003A60FFF74DFCA54B1A7800239A4203D020
:10D7DC00A34B1A7801235340012213400293049B5C
:10D7EC0001920093122304AA9B1820009D4909AAB8
:10D7FC00FFF720FD9C4B1860984B1B78002B00D03A
:10D80C00F4E09A4B1E78974B002E00D1984B186879
:10D81C00FDF798FF069B1864596496498B8B04930B
:10D82C00069B049A6A331A80069B8A8C7A331A8078
:10D83C008A4B1B78002B00D19AE1C823049C5B0017
:10D84C009C429B418C485B4203708C4B187800289F
:10D85C000CD0002309271C004E8C894DB7425C412B
:10D86C002C70884DBA4200D801332B70864B1B7834
:10D87C00002B00D107E2002309271C004E8C804DA1
:10D88C00B7425C4197425B412C707E4D2B70002857
:10D89C0000D145E1498C7D4B4F2902D94F2A00D943
:10D8AC00FCE00122FBE07300E05AFBF765FFB700D8
:10D8BC00EF193860013635E7079AB300D058FAF7FC
:10D8CC006BFE7700E7193880013638E7059A73004C
:10D8DC00D05AFBF751FFB700EF193860013633E728
:10D8EC00059B6F00DF19AB00F058FAF755FE0135B8
:10D8FC00388034E7059A7300E05AD35AB700C01A3F
:10D90C00C317C0185840FBF7E7FEEF193860013613
:10D91C002BE7079A6300D05AFBF72EFF5C49FBF705
:10D92C0057FCA6004000AE19400830600134049B3F
:10D93C00A342EEDC474C280021003A68FFF790FB2D
:10D94C0001230193049B00250093122304AA9B1826
:10D95C0020005049029509AAFFF76CFC4E4B3A4C3B
:10D96C001B680793049BAB4245DC3A4B20000593A4
:10D97C003A68049B0599FFF773FB0023029301336C
:10D98C000193049B3A4C0093122304AA21009B1888
:10D99C00059809AAFFF74EFC25683E4C3E4B2068C3
:10D9AC00291C1E68FAF796FD079B002832D0002B25
:10D9BC0000DC26E725600024224B234D0793049BB3
:10D9CC00A3422EDC28003A680599FFF749FB002397
:10D9DC00029301330193049B04AA0093122324495C
:10D9EC009B18059809AAFFF725FC0AE7154B00249C
:10D9FC00154D07939BE7059A6B00D05AFBF7BCFEBD
:10DA0C002349FBF7E5FBAE004000A6194008306047
:10DA1C000135A7E7002B00DCF3E6002E00D0F0E682
:10DA2C00C8E7079A6300D05AFBF7A6FE1849FBF724
:10DA3C00CFFBA6004000AE19400830600134BEE7B1
:10DA4C008C5700209C4C0020BC36002068670020BE
:10DA5C0018000020DC2000201C0000206263002045
:10DA6C00C40A00207867002074670020E1010020C0
:10DA7C00806700200C04002001040020616300205A
:10DA8C0000040020FF030020E0010020FE03002022
:10DA9C0000FC7F467C670020F003002000221A70F7
:10DAAC007C4B7D491A78012353407C4A0B701370D0
:10DABC00C82304985B00984207D3794B1B78002B42
:10DACC0003D1784B1B78002B44D000231370764B7A
:10DADC00764C1A68002A2CD1238875480A701B18BA
:10DAEC009BB223800022734B1A70734A1278002A5F
:10DAFC0011D1724A1278002A0DD0714A1278002A7C
:10DB0C0009D1704A1278002A05D0674A1268002A97
:10DB1C0001D001221A7000226B4B1A700BB0F0BDB1
:10DB2C00684B182E00D8BCE6182A00D8B9E6187035
:10DB3C00B6E7664B1B78002B07D000F0BBFE2388A2
:10DB4C00634A9B189BB22380CCE700F0B3FE23887A
:10DB5C00604AF6E75D4909780029C3D0137000F0DC
:10DB6C00A9FE524A5A4913885B189BB21380B9E735
:10DB7C00002ED3D0FA20049C800084428041564D64
:10DB8C0040420927287018001C004D8C97425C41BC
:10DB9C00AF4258415149087051480470C72D03D900
:10DBAC00C72090425B41DEB24E4B1E70434B1B783C
:10DBBC00002B05D04C4B1B6B022B01DC00230B7094
:10DBCC000120FA25334B84461B78484C434004987B
:10DBDC00474F2370AD00A84204D30D78002D01D11E
:10DBEC00092A38D8394B314D1B78002B22D12370A0
:10DBFC002D4B1B68002B05D12B882D4A9B189BB2F3
:10DC0C002B800EE02B88334A9B1801229BB22B8071
:10DC1C00384B394D1A70394B1868FDF793FD286055
:10DC2C00696000233B70FA23049A9B009A4200D24D
:10DC3C0074E71DE001222F4B1A702F4B05932F4BCD
:10DC4C001868FDF77FFD059B2D4A1860596000236D
:10DC5C0023702B88D2E7002B19D06246254B264C1B
:10DC6C001A70264B1868FDF76DFD206061603D70E1
:10DC7C00002E00D152E70C4B1B68002B00D14DE756
:10DC8C0001233B704AE7002800D003E608E73B700D
:10DC9C00EEE7C0460A040020090400200804002016
:10DCAC0000040020FF030020F00300208667002002
:10DCBC0050C3FFFFFB03002061630020E001002044
:10DCCC0001040020FD030020FC030020F4030020CD
:10DCDC00204E000010270000F9030020F80300205C
:10DCEC00F7030020F6030020880A0020FA03002026
:10DCFC00F5030020B96500200002002078670020A1
:10DD0C00409CFFFF10B50100662000F029FF10BDFC
:10DD1C0010B50100622000F023FF10BD10B501000A
:10DD2C00632000F01DFF10BD10B50100602000F055
:10DD3C0017FF10BD10B50100612000F011FF10BDE0
:10DD4C0010B50100C02000F00BFF10BD10B5010094
:10DD5C00672000F005FF10BD10B501006B2000F02E
:10DD6C00FFFE10BD37B50100682000F0F9FE0A4B2C
:10DD7C0001AD18685968FDF72DFD011C280006F04F
:10DD8C0038F8002420006C30295D80B2013400F09A
:10DD9C00E7FE042CF6D137BDC803002000233B2935
:10DDAC0009D81818C0B2182801D91820002100026F
:10DDBC00081880B270473C390133C9B2DBB2EEE7C8
:10DDCC0010B5FFF7EBFF0400010AC9B2642000F0A4
:10DDDC00C7FE6520E1B200F0C3FE10BD10B5642093
:10DDEC0000F0A0FE0400652000F09CFE0100200065
:10DDFC00FFF7D4FF10BD10B5040001000C22C520A4
:10DE0C0000F0BCFE21000C22D12000F0B7FE8A20CD
:10DE1C000C222100400000F0B1FE10BD70B50D4E7B
:10DE2C00050074791022122C0ED0112C10D8013C44
:10DE3C0020002030032180B2013400F091FE122C1E
:10DE4C00F6D17279023AD2B22900202000F0C6FE37
:10DE5C0070BDC046C405002070B50500002420002C
:10DE6C00203080B200F05EFE032804D12855013426
:10DE7C00102CF4D113E02028F8D02D28F6D02E2821
:10DE8C00F4D02F2803D93928F0D94028EED8102205
:10DE9C000321280009F0D0FB2800FFF7BFFF70BD5D
:10DEAC0070B50D4E050074791022122C0ED0112C69
:10DEBC0010D8013C20004030032180B2013400F026
:10DECC004FFE122CF6D17279023AD2B229004020C0
:10DEDC0000F084FE70BDC046C405002070B505007E
:10DEEC0000242000403080B200F01CFE032804D136
:10DEFC0028550134102CF4D113E02028F8D02D280B
:10DF0C00F6D02E28F4D02F2803D93928F0D9402860
:10DF1C00EED810220321280009F08EFB2800FFF711
:10DF2C007DFF70BD10B50100E02000F019FE10BDA2
:10DF3C000100932010B5400000F012FE10BD93209C
:10DF4C0010B5400000F0EEFDFF2803D1AA38FFF712
:10DF5C00EFFF552010BD10B5E02000F0E3FDFF28C9
:10DF6C0003D1FD38FFF7DEFF022010BDF7B5F0241A
:10DF7C008527114E6400BF0003CEFDF72BFC01ADCD
:10DF8C00011C280005F035FF2000297800F0E8FD81
:10DF9C00601C697880B200F0E3FDA01CA97880B207
:10DFAC0000F0DEFDE01C0434E97880B2A4B200F08D
:10DFBC00D7FDBC42E0D1F7BD4065002073B5114ED2
:10DFCC00114C03CEFDF706FC01AD011C280005F039
:10DFDC0010FF2000297800F0C3FD601C697880B226
:10DFEC0000F0BEFDA01CA97880B200F0B9FDE01CC9
:10DFFC00E97880B200F0B4FD0434044BA4B29C4226
:10E00C00DFD173BDD8640020A3020000D70200004A
:10E01C0073B5114E114C03CEFDF7DCFB01AD011CA9
:10E02C00280005F0E6FE2000297800F099FD601C20
:10E03C00697880B200F094FDA01CA97880B200F041
:10E04C008FFDE01CE97880B200F08AFD0434044BAB
:10E05C00A4B29C42DFD173BD70640020D7020000D3
:10E06C000B03000073B5114E114C03CEFDF7B2FB40
:10E07C0001AD011C280005F0BCFE2000297800F041
:10E08C006FFD601C697880B200F06AFDA01CA97855
:10E09C0080B200F065FDE01CE97880B200F060FD14
:10E0AC000434044BA4B29C42DFD173BD086400203D
:10E0BC000B0300003F03000073B5114E114C03CE4F
:10E0CC00FDF788FB01AD011C280005F092FE200035
:10E0DC00297800F045FD601C697880B200F040FDA5
:10E0EC00A01CA97880B200F03BFDE01CE97880B25E
:10E0FC0000F036FD0434044BA4B29C42DFD173BD56
:10E10C00A06300203F0300007303000010B500243F
:10E11C0020002C30FF3080B200F004FD024B18556B
:10E12C0001340D2CF4D110BDDC03002010B50024FB
:10E13C002000064B2C30195DFF30C9B280B201347F
:10E14C0000F00EFD0D2CF3D110BDC046DC030020F9
:10E15C0010B500242000054BC130FF30195D80B292
:10E16C00013400F0FDFC0D2CF4D110BD8D630020AA
:10E17C0010B50024054B195D85239B00E01880B277
:10E18C00013400F0EDFC0D2CF4D110BD80630020A7
:10E19C0070B5002425004135FF35ADB2280000F0E4
:10E1AC00C1FC431EDBB2082B04D92800052100F06A
:10E1BC00D7FC0520024B185501340F2CEAD170BD49
:10E1CC00A865002010B500242000054B4130FF301D
:10E1DC00195D80B2013400F0C3FC0F2CF4D110BDDA
:10E1EC00A86500200A4B37B518685968FDF7F2FA94
:10E1FC0001AD011C280005F0FCFD00242000E830D6
:10E20C00295D80B2013400F0ABFC042CF6D137BD93
:10E21C00080000200A4B37B518685968FDF7DAFA80
:10E22C0001AD011C280005F0E4FD00242000F630AF
:10E23C00295D80B2013400F093FC042CF6D137BD7B
:10E24C00D00300200A4B37B518685968FDF7C2FA9D
:10E25C0001AD011C280005F0CCFD00242000E430A9
:10E26C00295D80B2013400F07BFC042CF6D137BD63
:10E27C000000002073B51A4E1A4C03CEFDF7AAFA13
:10E28C0001AD011C280005F0B4FD2000297800F038
:10E29C0067FC601C697880B200F062FCA01CA97855
:10E2AC0080B200F05DFCE01CE97880B200F058FC14
:10E2BC0004340D4BA4B29C42DFD10C4BE3201978F3
:10E2CC0000F04EFC0A4BE220197800F049FCFFF7F5
:10E2DC00B9FF9220074B4000197800F041FC73BD48
:10E2EC00806200203B020000A3020000DB03002040
:10E2FC00DA030020D90300200A4B37B51868596897
:10E30C00FDF768FA01AD011C280005F072FD002430
:10E31C002000EC30295D80B2013400F021FC042C8B
:10E32C00F6D137BD380200200D4B37B51868596847
:10E33C00FDF750FA01AD011C280005F05AFD002430
:10E34C002000F030295D80B2013400F009FC042C6F
:10E35C00F6D1044BF4201978C9B200F001FC37BD9A
:10E36C0030020020CF6500200100262010B5FF30C0
:10E37C0000F0F6FB10BD10B50100692000F0F0FBB9
:10E38C0010BD000010B50100014800F0E9FB10BD04
:10E39C00390200000100D12010B5400000F0E0FB74
:10E3AC0010BD0100D42010B5400000F0D9FB10BD09
:10E3BC000100AA2010B5FF3000F0D2FB10BD010007
:10E3CC00D72010B5400000F0CBFB10BD0100D520CC
:10E3DC0010B5400000F0C4FB10BD0100A42010B526
:10E3EC00FF3000F0BDFB10BD0100AC2010B5FF30BC
:10E3FC0000F0B6FB10BD0100D22010B5400000F0BB
:10E40C00AFFB10BD0100AE2010B5FF3000F0A8FB33
:10E41C0010BD0100D62010B5400000F0A1FB10BDCE
:10E42C0010B5010C0400A820C9B2FF3000F098FB15
:10E43C00D320210AC9B2400000F092FBA620E1B221
:10E44C00FF3000F08DFB10BD002110B50800FFF768
:10E45C00B7FC0120FFF768FC0120FFF76BFC0020E4
:10E46C00FFF7DEFF10BD10B5040000F0D3FBFFF783
:10E47C00EBFF21000622012000F0B0FB2100062258
:10E48C00102000F0ABFB06222100302000F0A6FB90
:10E49C0010BDF0B5012500272C008FB006AB059000
:10E4AC00019302930395BEB2701C80B200F03AFB4C
:10E4BC00029B18703000103080B200F033FB082241
:10E4CC0006AB9B183036D8550490B0B200F02AFB3E
:10E4DC00029A049912780AABF854914253D1049AD7
:10E4EC00904207D00024250004E00024049A0394F1
:10E4FC008242F8D1029A013701320292062FD2D110
:10E50C0006AA127A1B78134006AA1278FF2A0DD19C
:10E51C00FF3B5A425341DEB200230CA9002C02D11E
:10E52C00039A002A0AD0019A12780DE00026FF2BDC
:10E53C00F2D106A8FFF797FF3500EDE7002DF2D0DA
:10E54C00082006AA1218D25C5A54019A01330132DF
:10E55C000192062BE2D10023CA5C10003038092846
:10E56C0009D906223021059809F066F80598FFF7BD
:10E57C007AFF0FB0F0BD0598C254002EF1D10133D3
:10E58C00062BE9D1F5E79042AFD10022150003929A
:10E59C00B0E70100282010B5FF3000F0E1FA10BD03
:10E5AC0001002A2010B5FF3000F0DAFA10BD01008E
:10E5BC00952010B5400000F0D3FA10BD10B5010045
:10E5CC00014800F0CDFA10BD3602000010B5010074
:10E5DC00014800F0C5FA10BD3702000070B5050007
:10E5EC0000242000803080B200F09CFA28550134C1
:10E5FC00102CF6D170BD10B501001022802000F057
:10E60C00EDFA10BDD02310B50C000100580000F03D
:10E61C00A7FAA2202100FF3000F0A2FA10BDF7B536
:10E62C0004001D000091019200F07CFA060020000D
:10E63C0000F078FA07003000BE4208D0200000F04D
:10E64C0071FA874203D0200000F06CFA3000019B75
:10E65C00984202D8009B984204D22000290000F076
:10E66C007FFA2800FEBD022310B51A000121662096
:10E67C00FFF7D5FF10BD10B507230822012162203A
:10E68C00FFF7CDFF10BD10B50023F0220A21632047
:10E69C00FFF7C5FF10BD012310B5FF221900602044
:10E6AC00FFF7BDFF10BD012310B502221900612038
:10E6BC00FFF7B5FF10BD022310B51A000121C020D1
:10E6CC00FFF7ADFF10BD012310B502221900672022
:10E6DC00FFF7A5FF10BD002310B5F02219006B2029
:10E6EC00FFF79DFF10BD000070B50024FF258523AA
:10E6FC009B00E0182A002B00012180B2FFF78FFF4E
:10E70C00024B185501340D2CF1D170BD80630020E3
:10E71C00012310B5022219006920FFF780FF10BDFC
:10E72C00022310B51A0001210148FFF778FF10BD34
:10E73C00390200000123D12010B5022219009840A3
:10E74C00FFF76DFF10BD0123D42010B50222190074
:10E75C009840FFF764FF10BD0123AA2010B50222D8
:10E76C001900FF30FFF75BFF10BD0121D72010B55A
:10E77C000B23FE228840FFF752FF10BD0123D5204A
:10E78C0010B5022219009840FFF749FF10BD002375
:10E79C00A42010B5FE221900FF30FFF740FF10BD7A
:10E7AC000023AC2010B5FE221900FF30FFF737FF15
:10E7BC0010BD0023D22010B5FE2219004000FFF737
:10E7CC002EFF10BD0023AE2010B5FE221900FF3025
:10E7DC00FFF725FF10BD0023D62010B50D22190020
:10E7EC004000FFF71CFF10BD0023FF22A82010B52E
:10E7FC0019008018FFF713FF00230400D320190021
:10E80C00FF224000FFF70BFF240400020023FF222D
:10E81C002418A62019008018FFF701FF001910BD5D
:10E82C000123262010B502221900FF30FFF7F7FE56
:10E83C0010BD0F232A2010B51A000E21FF30FFF750
:10E84C00EEFE10BD0023952010B5FF2219004000EC
:10E85C00FFF7E5FE10BD000010B50B230D220121C2
:10E86C000148FFF7DCFE10BD36020000012310B595
:10E87C000D2219000148FFF7D2FE10BD370200002F
:10E88C0037B505000024281980B200F04BF901AB14
:10E89C0018550134042CF6D12100180005F098FA13
:10E8AC000198011CF9F7FCFD002801D1002301930C
:10E8BC0001983EBD002370B5062219006820FFF7B1
:10E8CC00AEFE04006C20FFF7DBFFFCF73BFF024DB4
:10E8DC0028606960200070BDC803002070B5F0246A
:10E8EC008526074D6400B6002000FFF7C9FFFCF732
:10E8FC0029FF0434A4B203C5B442F5D170BDC0469F
:10E90C004065002070B5074D074C2000FFF7B8FF9D
:10E91C00FCF718FF0434054BA4B203C59C42F4D198
:10E92C0070BDC046D8640020A3020000D7020000CE
:10E93C0070B5074D074C2000FFF7A2FFFCF702FF54
:10E94C000434054BA4B203C59C42F4D170BDC0463F
:10E95C0070640020D70200000B03000070B5074D57
:10E96C00074C2000FFF78CFFFCF7ECFE0434054B42
:10E97C00A4B203C59C42F4D170BDC046086400200B
:10E98C000B0300003F03000070B5074D074C20003F
:10E99C00FFF776FFFCF7D6FE0434054BA4B203C593
:10E9AC009C42F4D170BDC046A06300203F03000020
:10E9BC007303000010B5EC20FFF762FFFCF7C2FEFA
:10E9CC0010BD000070B5334D334C2000FFF758FFDD
:10E9DC00FCF7B8FE0434314BA4B203C59C42F4D10D
:10E9EC00002319001A22E220FFF719FE2C4B0122FA
:10E9FC0018700023E3201900FFF711FE421E90410E
:10EA0C00284B1870E420FFF73BFFFCF79BFE264BCE
:10EA1C0018605960254B18605960E820FFF730FFEB
:10EA2C00FCF790FE224C20606160F620FFF728FF77
:10EA3C00FCF788FE1F4C20606160F020FFF720FF80
:10EA4C00FCF780FE1C4B0122186059601B4B1860B0
:10EA5C0059600023F4201900FFF7E1FD431E984193
:10EA6C00174BC0B21870002301221900F520FFF7D4
:10EA7C00D6FD431E9841134BC0B218700023922050
:10EA8C00012219004000FFF7CAFD421E90410E4BB7
:10EA9C00187070BD806200203B020000A3020000D1
:10EAAC00DA030020DB03002000000020E00A002035
:10EABC0008000020D003002030020020E80A0020CB
:10EACC00CF650020CD650020D903002037B5022387
:10EADC006A46134C40BA5370508011712068002262
:10EAEC00616800F0AFF9062000F070FC206801228C
:10EAFC00616800F0A7F920680022616800F0A2F9B3
:10EB0C0001256B46585D013500F060FC052DF8D1F0
:10EB1C0020680122616800F095F900F003FD37BD13
:10EB2C002400002070B505000C4C002220686168A0
:10EB3C0000F088F9032000F049FC280A00F046FC9C
:10EB4C00E8B200F043FC00F095FC050001222068BF
:10EB5C00616800F077F9280070BDC04624000020E1
:10EB6C0070B505000C002800FFF7DCFFA04204D0B4
:10EB7C0021002800FFF7AAFFF5E770BDF8B50500E6
:10EB8C000F001600144C00222068616800F05AF93E
:10EB9C00062000F01BFC20680122616800F052F98D
:10EBAC0000222068616800F04DF9022000F00EFC94
:10EBBC00280A00F00BFCE8B200F008FC3900300029
:10EBCC00002200F025FC20680122616800F03AF96F
:10EBDC0000F0A8FCF8BDC04624000020F7B50D00DD
:10EBEC00160005270190320029000198FFF7C6FF97
:10EBFC000024A64200DCF7BD019B181980B2FFF778
:10EC0C0091FF2B5D834201D10134F2E7013F002FCC
:10EC1C00E9D1F0E730B589B02022FF216846802584
:10EC2C0008F00AFD0024ED00200020342022694663
:10EC3C00A4B2FFF7D3FFAC42F6D109B030BD00004F
:10EC4C00604B10B518680022596800F0FBF85E4B59
:10EC5C0000221868596800F0F5F85C4B002218681F
:10EC6C00596800F0EFF85A4B00221868596800F008
:10EC7C00E9F8584B00221868596800F0E3F8564B35
:10EC8C0000221868596800F0DDF8544B002218680F
:10EC9C00596800F0D7F8524B00221868596800F0F8
:10ECAC00D1F8504B00221868596800F0CBF84E4B45
:10ECBC0000221868596800F0C5F84C4B00221868FF
:10ECCC00596800F0BFF84A4B00221868596800F0E8
:10ECDC00B9F8484B00221868596800F0B3F8464B55
:10ECEC0000221868596800F0ADF8444B00221868EF
:10ECFC00596800F0A7F8424B00221868596800F0D8
:10ED0C00A1F8404B00221868596800F09BF83E4B64
:10ED1C0000221868596800F095F83C4B00221868DE
:10ED2C00596800F08FF83A4B00221868596800F0C7
:10ED3C0089F8384B00221868596800F083F8364B74
:10ED4C0000221868596800F07DF8344B01221868CD
:10ED5C00596800F077F8324B01221868596800F0B6
:10ED6C0071F8304B01221868596800F06BF82E4B83
:10ED7C0001221868596800F065F82C4B01221868BC
:10ED8C00596800F05FF82A4B01221868596800F0A6
:10ED9C0059F8284B01221868596800F053F8264B93
:10EDAC0001221868596800F04DF8244B00221868AD
:10EDBC00596800F047F8224B01221868596800F096
:10EDCC0041F810BD840000207C000020640000206D
:10EDDC00740000205C0000206C0000203401002036
:10EDEC002C010020240100201C0100201401002013
:10EDFC000C01002004010020FC000020F400002085
:10EE0C00EC000020E4000020DC000020D4000020F6
:10EE1C00CC000020C4000020BC00002034000020E6
:10EE2C002C00002024000020B4000020AC000020A6
:10EE3C009C000020A4000020540000204C00002066
:10EE4C009400002007B589B206F0ACF907BD07B5F0
:10EE5C0089B206F0A1F9431E9841C0B20EBD000064
:10EE6C0030B593B03822002104A808F0E5FB10223D
:10EE7C000021684608F0E0FB8020800006F042FA92
:10EE8C0006F036FA1821194A0124D36D02258B435A
:10EE9C00D3650523049380235B02059303230C9312
:10EEAC0000230D9308330E9380239B020F93802332
:10EEBC009B041093802304A89B0506940B95119337
:10EECC0006F04CFA002801D072B6FEE70723029038
:10EEDC000390210068460093019506F0A7FC0028DA
:10EEEC0001D072B6FEE713B030BDC0460010024030
:10EEFC00F0B58FB005F072FEFFF7B2FF14220021BF
:10EF0C0009A808F099FB04220126C74DC74C6B6B6E
:10EF1C00210013436B636B6BC54813400493049B34
:10EF2C006B6B1C3213436B636B6BC24F13400593BB
:10EF3C00059B6B6B1E3A33436B636B6B33400693D1
:10EF4C00069B6B6B13436B636B6B13400793079BB5
:10EF5C006B6B063213436B636B6B1340089300228D
:10EF6C00089B06F01FF9A02039000022C00506F00E
:10EF7C0019F90022B049B14806F014F90022B04941
:10EF8C00B04806F00FF909940024A94809A90A967B
:10EF9C000B940C9406F04EF8A020052309A9C0058B
:10EFAC0009930A940B9406F045F8A02009A9C00512
:10EFBC0009970A960B940C9406F03CF8A0200323B6
:10EFCC00102709A9C0050A9309970B9406F032F88B
:10EFDC00994B9A4809A909930A960B940C9406F03C
:10EFEC0029F8974B974809A909930A960B940C9406
:10EFFC0006F020F80822914809A909920A940B946A
:10F00C0006F018F8AB6B21003343AB63AB6B2200FB
:10F01C00334009200393039B05F018FE092005F0EB
:10F02C003FFE894D894B28002B60894BAC606B608F
:10F03C00EE602C616C61AC61EC612C6206F0B8F88E
:10F04C000100A04201D072B6FEE7280006F006F9D6
:10F05C00011E01D072B6FEE7280006F025F9031E4A
:10F06C0001D072B6FEE7E02507247A487A4AED0013
:10F07C004360836003614361836103624362836223
:10F08C00036343630260C560C46206F04DFE031E59
:10F09C0001D072B6FEE77148714A83600260822229
:10F0AC00036143610362436283620363082352007A
:10F0BC004260FC32C5608261C761C462436306F082
:10F0CC0033FE011E01D072B6FEE7664C664B0200A1
:10F0DC00236096239B0163600C23A060E060206199
:10F0EC006361A0610300E06120626062A0622000A5
:10F0FC0007F0DEFD011E01D072B6FEE7200007F01E
:10F10C003FFE011E01D072B6FEE7200007F058FE4C
:10F11C00002801D072B6FEE7200007F013FE031E94
:10F12C0001D072B6FEE7FF265048514A514F02609B
:10F13C0046608360C7600361836106F0CFFF0028DF
:10F14C0001D072B6FEE74C484C4B4660036000237E
:10F15C00C760836003614361836106F0BFFF031ED8
:10F16C0001D072B6FEE74648464A466002608360AC
:10F17C00C76003614361836106F0B0FF0190002812
:10F18C0001D072B6FEE70C22019909A808F054FAD6
:10F19C003D4D3E4B28002B60019B6E60AB60EF60D9
:10F1AC00AB6106F09BFF002801D072B6FEE7099018
:10F1BC000B9009A9280006F0BBFF0190002801D094
:10F1CC0072B6FEE70C22019909A808F035FA304D09
:10F1DC00304B28002B60019B6E60AB60EF60AB6125
:10F1EC0006F07CFF002801D072B6FEE709900B9068
:10F1FC0009A9280006F09CFF031E01D072B6FEE799
:10F20C002548264A836002607F22C2608022D20594
:10F21C00066143618361C3610262436206F02EFDA5
:10F22C0000283DD072B6FEE700100240FF3F000000
:10F23C00000800502809000034FF000000040050B2
:10F24C0065030000000C00508809002000540040A9
:10F25C00BB7C7000F80800200030014094080020AE
:10F26C00003800408406002000380140B007002020
:10F27C0000200040FFFF0000640700200044014014
:10F28C001807002000480140FC0700200014004033
:10F29C0048080020001000405C09002000280040B5
:10F2AC00FFF7CEFC28222000194907F0ABFD012600
:10F2BC00184F3B78002B12D0174D2B78DCB2002B5B
:10F2CC000DD102202E7000F019FB144B3C701C70F9
:10F2DC00134B1C70134B1C70134B1C702C70134F66
:10F2EC003B78002BE4D00C4D2B78DCB2002BDFD11B
:10F2FC0001202E7000F002FB084B3C701C70084B78
:10F30C001C70084B1C70084B1C702C70D0E7C0464E
:10F31C00000600209B670020966700209567002060
:10F32C009467002092670020906700209C67002063
:10F33C0070B50B4D0B4C0A002100280008F011FA97
:10F34C002800282105F0ECFB21002822064807F0B4
:10F35C0059FD0421054B1A6813688B43136070BD6B
:10F36C00D805002000060020840600202806002076
:10F37C0007B56B46D91D087064230122014807F0BC
:10F38C007BFB07BD8406002010B5044C0A0001006D
:10F39C006423200007F070FB10BDC04684060020DB
:10F3AC00034B1A68402311680B4313607047C04627
:10F3BC00F8080020022303498A681A42FCD0024B49
:10F3CC0018707047003001400C300140402210B5DD
:10F3DC0001240C4B1B681968914319601968A143EF
:10F3EC0019601968196019680A431A600222064BE1
:10F3FC0099681142FCD0054A10708022996811421C
:10F40C00FCD110BD94080020003800400C3800409E
:10F41C00F0B540240126144B1B681D68A5431D60E4
:10F42C001D68B5431D601D68104E15431D601A689C
:10F43C00802514431C60002202240D4B904208DCF2
:10F44C00022299681142FCD0802299681142FCD1A9
:10F45C00F0BD9F682742FCD09F682F42FCD18F5C87
:10F46C0001323770EAE7C046940800200C3800409F
:10F47C0000380040402210B501240F480368196879
:10F48C00914319601968A1431960196819601968CA
:10F49C000A431A6006F0C0FC0222084B996811421C
:10F4AC00FCD00021064A1170012299681142FCD04F
:10F4BC00D868C0B210BDC046940800200038004087
:10F4CC000C380040F8B5144F0400380016000D003D
:10F4DC0006F0A2FC40223B68196891431960012197
:10F4EC0018688843186018683043186018680B4E09
:10F4FC0002431A6002200023094A9C4200DCF8BD3A
:10F50C0097680742FCD00027377097680F42FCD0F1
:10F51C00D768EF540133F0E7940800200C38004012
:10F52C000038004070B50C4C002220686168FFF771
:10F53C0089FC0520FFF74AFF0125FFF79BFFFFF72A
:10F54C0099FF284205D1206801226168FFF77AFCF7
:10F55C0070BDFFF78FFFF4E72400002010B50628DC
:10F56C0007D10C480222036852421A6106F068FC6B
:10F57C0010BD072801D10848F4E70E2801D107482F
:10F58C00F0E7102801D10648ECE71128F0D1054826
:10F59C00E8E7C04648080020FC070020B007002020
:10F5AC00640700201807002010B5062803D10A486C
:10F5BC0006F07AFC10BD072801D10848F8E70E28A0
:10F5CC0001D10748F4E7102801D10648F0E71128CB
:10F5DC00F0D10548ECE7C04648080020FC070020A5
:10F5EC00B00700206407002018070020084B0628ED
:10F5FC000BD0084B072808D0074B0E2805D0074B1B
:10F60C00102802D0112802D1054B1B68D962704713
:10F61C0048080020FC070020B007002064070020E9
:10F62C0018070020084B06280BD0084B072808D0D9
:10F63C00074B0E2805D0074B102802D0112802D1F9
:10F64C00054B1B685962704748080020FC070020D6
:10F65C00B0070020640700201807002062B670472E
:10F66C0072B670470E4B10B50400984207D103F0E8
:10F67C0015FC0C4B9C4207D103F0FAFA0FE00A4B35
:10F68C00984207D103F0D0FE084B9C4207D103F0FF
:10F69C001BFB04E0064B9842EBD103F0D3FE10BDEC
:10F6AC004808002064070020FC07002018070020F1
:10F6BC00B007002072B6FEE7F7B51B4C1B4A2300BF
:10F6CC0010685168803318605960194B00251A680E
:10F6DC005B6800260027226163610022154B01A89C
:10F6EC0026626762A662E7622663676322646364CC
:10F6FC002580A56304F0C6F86B4622009B8848322F
:10F70C005BBA138023006A331D8023007A331D807B
:10F71C00230088331E605F6023007E3490331E60AC
:10F72C005F602580F7BDC046E00900200000002086
:10F73C0008000020E0FFEF40F8B50022334BFAF749
:10F74C0061F80022324BFAF723FC04000D00314A19
:10F75C00314BFBF757F822002B00FBF753F8220034
:10F76C002B00FBF74FF82D4A06000F002000290054
:10F77C002B4BFBF747F822002B00FBF743F802005A
:10F78C000B0030003900FAF73DF8244A06000F0050
:10F79C0020002900234BFBF735F802000B0030004A
:10F7AC003900FAF72FF8204A204BFBF711FB08F031
:10F7BC00E1FD00221E4B04000D00F8F751FE00285D
:10F7CC0012D01C4B1B78002B04D001221A4B1B4C63
:10F7DC001B4D1A701B4B1B78002B02D00122164BB1
:10F7EC001A7029002000F8BD002220002900164BB9
:10F7FC00F8F722FE0028F4D0124B1B78002BF0D027
:10F80C0001220D4B0D4C0E4D1A70EAE70000894099
:10F81C0000E09540D7A3703D0AD5814066666666C8
:10F82C0066D29EC06672A140295C8FC2F5D8894011
:10F83C0000001E40E00100206C6700208FC2F528FC
:10F84C005CFF5840616300200000F03FF8B50D00EC
:10F85C0004000D4A0D4BFAF7D5FF2B002200FAF7E6
:10F86C00D1FF0B4A06000F0020002900094BFAF7C4
:10F87C00C9FF02000B0030003900F9F7C3FF064A3C
:10F88C00064BF9F7BFFFF8BD865AD3BCE3149DBFF6
:10F89C00454772F90FE9FE3F4A0C022B8716A93F28
:10F8AC00F8B50F0019000E4B06001B781000002B4A
:10F8BC0012D00C4C0C4D00220C4BFBF789FA2B0090
:10F8CC002200FAF79FFF0022094BF9F79BFF320049
:10F8DC003B00FAF797FFF8BD064C074DEBE7C04627
:10F8EC00616300209A9999999999993F0000394040
:10F8FC000000F03F7B14AE47E17A943F0023F0B553
:10F90C00B1B0CB4DCB4C09902F93012824D128704A
:10F91C002370FFF74FF806000F00C74B1E605F60A7
:10F92C00C64B1B78002B23D000220023F8F798FD40
:10F93C0000281DD0C24B002230003900F8F77CFDA6
:10F94C00012300280ED02B70002323700020BD4B08
:10F95C00BD491860596011E0099A022AD9D12B705F
:10F96C000123D5E7287023700020B64BB749F0E788
:10F97C002B78002BEAD12378002BF5D1FEF7D0FEA3
:10F98C00022802D10022B24B1A70FEF7C9FE0128E0
:10F99C0001D1AF4B1870FEF7A7FEFEF78BFFFEF7F9
:10F9AC0008FF1890FEF76FFEAA4B05931870FEF730
:10F9BC001BFF3221F8F724FD002901D101F008FFCB
:10F9CC00002301221900F420FEF729FE431E984162
:10F9DC000023A14FC0B2190038700122F520FEF7A8
:10F9EC001EFE431E98419D4EC0B23070FEF7ABFE1A
:10F9FC00012802D000229A4B1A70FEF7D1FE10900B
:10FA0C00022802DD0122974B1A70974B1A78002AB4
:10FA1C0000D1C4E0059A12783B2A00D8BFE0934B82
:10FA2C0001221A70924B1A70924B1A78904B002A42
:10FA3C0003D18E4A1278002A01D001221A701B7849
:10FA4C00002B05D02B78002B02D00122804B1A7092
:10FA5C00FEF794FE884923780860002B05D001221C
:10FA6C00864B022800D0A5E01A707D4C7F4D237880
:10FA7C00002B09D02B78002B06D00020FEF7B4FC0D
:10FA8C000022784B10921A702A787D4B002A00D1F4
:10FA9C0096E07C4A7C491180724A1278002A01D087
:10FAAC0001221A700124794B1C60FCF73FF9337862
:10FABC00D8B2002B03D1764B1C70FEF7A3FCFEF7DB
:10FACC0081FE744B18603378002B06D0FA216D4AF6
:10FADC00890013885B189BB213803B78002B04D0F1
:10FAEC00684A13880A339BB21380654B1B78002B32
:10FAFC0004D0644A138864339BB213805C4B664C0D
:10FB0C001B78DAB20C92002B00D1F6E0FEF7A4FEC3
:10FB1C0022781300083B591E8B41DBB20C93574BD8
:10FB2C0005921B78002B06D003211000F8F7F8FA89
:10FB3C000330C3B205930022584B1A700823139359
:10FB4C0001200023227856499A4200DDDCE002F0C5
:10FB5C00C1FF544C09991CA801F096FA48221CA923
:10FB6C00200007F0FEFDFEF77EFD1990FEF72AFF40
:10FB7C00FEF7B4FEFEF7C6FEFEF7DAFEFEF7EEFE6B
:10FB8C00FEF702FF484B1B78002B01D0FCF7BCF9A9
:10FB9C00414B01241A78454900234548BCE01B78A9
:10FBAC00002B00D140E7059B1B78092B00D83BE7C5
:10FBBC00304B35E702201A700860FEF707FC54E75B
:10FBCC003C4A1278002A19D02A4A1278002A15D0F9
:10FBDC002C4A394911803278D4B2002A00D06EE711
:10FBEC0001251D70294B02321A603C70FEF79CFBFC
:10FBFC00FCF79CF8264B1D7020005EE71A4A117822
:10FC0C0000295DD0217800295AD03278002A08D1F9
:10FC1C001C4A2A49118001221A701C4B1A601C4B79
:10FC2C001A7000243C70FEF77FFBFCF77FF8E3E7CB
:10FC3C0061630020E0010020F00A002060630020D6
:10FC4C0000708740D00A002000D0864000208C40F5
:10FC5C0055630020F90A0020CF650020CD650020F7
:10FC6C0090670020F80A0020956700209367002019
:10FC7C009467002092670020E40100206463002058
:10FC8C00996700208867002010270000440200209C
:10FC9C00CE650020D80A00204902002054630020C1
:10FCAC00E9010020880A0020B7650020DC03002051
:10FCBC007363002091670020204E00003075000017
:10FCCC001278002A00D1FAE62278002A00D0F6E653
:10FCDC003278D5B2002A00D0F1E601246B4A6C4987
:10FCEC0011801C706B4B1C603D70FEF71DFBFCF70C
:10FCFC001DF8694B28001C70DFE6FEF736FD032368
:10FD0C00434305930C9B1AE7C85401331CE7CD5CA5
:10FD1C00022D00D9C45401339A42F8DC00F080FE65
:10FD2C0003F0CEFBFA20C00004F07EFF00231193F9
:10FD3C0012930B93FFF7C0FC584C236B012B3DD156
:10FD4C00574B1B78002B39D003F04AFC022835D1D5
:10FD5C00FEF7B9FC012831D103F042FC01282DD06B
:10FD6C0003F03EFC012829D04E482368042203707E
:10FD7C00030039331A704C4B00241A680300783393
:10FD8C001A800300FF227E331A70312504F01AF812
:10FD9C0004F006F804F07AF90022E30FA54253416F
:10FDAC00DBB2934201D0904203D1FBF7BFFF31B0DD
:10FDBC00F0BD0A2004F038FF0134EBE7A269E369D7
:10FDCC00A06AE16AFAF7E4F8FBF72EFCAF22374B96
:10FDDC000021069012011800089307F02DFCAF22A9
:10FDEC00334D00212800120107F026FCAF22314EC2
:10FDFC0000215201300007F01FFCAF2200215201FC
:10FE0C002D4807F019FCAF222C4F0021520138006D
:10FE1C0007F012FC6B461B8B320029000D930093EC
:10FE2C0008983B0003F030FB254B264D1A782B78B5
:10FE3C00134022003C3212781A420DD0353423780C
:10FE4C00002B09D0204B1868596803F081FB002364
:10FE5C0001222B701D4B1A7000221D4B1A8003F0CF
:10FE6C0041F80E4B9868D96802F09AFF03F094F8A9
:10FE7C0003F032F808900028FAD1164B1B78DAB24E
:10FE8C000A92002B28D103F047FF90E788670020E7
:10FE9C00409CFFFF44020020CE650020880A002011
:10FEAC00E1010020E00900208C6700208C57002025
:10FEBC009C4C0020BC360020DC200020FC0A0020DA
:10FECC009767002099670020D00A00201B0A0020A9
:10FEDC008667002048020020CC4B089ACC491A8037
:10FEEC00CC4ACD4B966B176809785E70FBB2002933
:10FEFC0005D0126C002A02D01B019B18DBB2C64C39
:10FF0C00C64A2370C64BC34D22626362286A696A73
:10FF1C00C44AC54B22636363A262E3622300883345
:10FF2C0018605960AA6AEB6AFAF752FFFBF77CFB80
:10FF3C00C317C0185840FBF7B3FBBC4B90341B786D
:10FF4C0020606160002B37D05A2318AA9B1800221E
:10FF5C003E351A802B780124934201D1B44B1C7886
:10FF6C00B44B1B78002B12D0B34B1B78002B09D051
:10FF7C00A849B24B002208694969F8F757FA0023DF
:10FF8C00984206D0AE4B1B78002B00D02EE10123FB
:10FF9C0023405A2418AAA41831003A000698009459
:10FFAC00FBF750FDA74B22881A80A74B1B78002B20
:10FFBC0000D027E101F036F897490D98FDF798FB32
:10FFCC009C4B1B78002B09D0924B1A6B012A00DD3D
:10FFDC0076E15A6B9D4B1A4200D071E10E9B0F9C3F
:10FFEC0006930794934B92491A780978964B894D4E
:04FFFC001B78002945
:020000040801F1
:1000000000D184E195490D7895490978002900D1FE
:100010007BE1944C8349086C496C20606160691EE7
:100020000D1C090600D500258C496DB20D708E4956
:100030000D708E490978002903D08D488D490068DC
:10004000086000208C490978814208D18B4C7449A2
:100050002478844203D0363109784942C8B28849AD
:10006000704C0870002A54D0002B52D1854D099B4A
:10007000286869680093069A079BFFF763FB206274
:100080006162FFF7E9FB22696369099E206361638E
:100090000096FFF70BFC22696369266C676CA0620F
:1000A000E162286869680090019130003900FCF72E
:1000B000B5F802000B00A260E36073495848097864
:1000C000002908D001003D3109780068FCF74EFA9C
:1000D0008034206061600021524D514CAA68EB6869
:1000E0000091216C2068FBF7DFFD059B674A013B0F
:1000F00005931378383501331370654B28701B78DE
:10010000002B06D03D3423785A425341119AD3181C
:100110001193504B1B78002B02D05E4804F08AFDEF
:1001200001F0B0FB454B1B78002B09D05A4B1B78D4
:10013000002B05D04B4B594A106851681860596024
:10014000374C2068FBF73EFE554B1870002002F03C
:10015000B7FA0C9B002B04D0119B139A934200D149
:10016000F4E0059B002B04DC36342378002B00D010
:10017000ECE04C4B1C78002C00D0E7E0444B2FAA5D
:100180001978374B187801F031FFFF22464B0A945B
:100190001A70199B012B0BD10A9C444B02940D9CA5
:1001A000434A0194434C44494448009403F0C8FB3B
:1001B000434B1B78002B02D10A9B002B17D0194808
:1001C00003F006FE312403F0F1FD03F065FF002289
:1001D000089B0899DB0F8C425341DBB2934202D05B
:1001E000904200D0B8E10A9B002B00D0BBE1069BF7
:1001F000079C0E930F94A3E50949324B00228868AF
:10020000C968F8F719F90023984200D0C5E6C6E698
:100210002D4B1870D6E6C04684670020646300202A
:10022000880A0020E00900208FC2F5285CFF5840B2
:100230000E2DB29DEFFF584097670020E10100208E
:10024000626300206163002000004440E001002060
:10025000520A0020C40A0020FF00FF00AC66002004
:10026000FA030020D00A0020180A0020BD0A00204E
:100270008C6700207067002094670020C60A002069
:100280005E0A002038020020C70A0020FA0A002077
:100290000904002088130000BE0A0020300200205C
:1002A000190A0020546300205F0A0020DC2000208F
:1002B000BC360020FC0A00209C4C00208C570020FB
:1002C0003D01002000003E40E8010020A84D2878B4
:1002D00002F078FAA74C2B78A061022B12D102F021
:1002E00081FB06900791069A079B2261636106993C
:1002F000079AA14B19605A60A04B1B78002B00D1C4
:1003000072E675E602F0B2FAEBE701358CE6002AF8
:1003100000D196E6002B00D093E699490978002990
:1003200010D0984C93492F93086C496C2060616001
:1003300095490978002900D183E629680B91A96BBA
:1003400012917EE62F9901312F917AE601228F4B8F
:100350001A70FDF795FFFDF74BFFFDF761FF8C4B22
:100360001B78002B00D1F0E08A4B1B78002B68D063
:10037000894B1C685D68894B20001A685B680E9287
:100380000F93874B29001E685F680E9A0F9BF9F741
:100390003FFA844B1A901B911A685B683000390051
:1003A000F9F736FA02000B001A981B99FAF716FDB6
:1003B0004B005B08159314900022149815997A4B02
:1003C000F8F740F8002811D132003B002000290046
:1003D000FAF704FD4B005B0817931690002216985D
:1003E0001799714BF8F742F800282AD00E9A0F9B04
:1003F0006E4E30687168FAF7F1FC6D4A6D4BFAF792
:1004000007FA6D4F3A687B68F9F702FA0E9A0F9B6C
:1004100004000D00326073603C607D6000220023A8
:10042000F8F710F8002807D1002220002900634BBC
:10043000F8F71CF8002804D000205F4B60491860D2
:10044000596001225F4B1A705F4B1B78002B01D063
:10045000FDF758FF5D4B1B78002B0CD02C226B4610
:100460009B181878FDF7DBFF0B9B002B03DD584B27
:100470000B9A1299D154574B1868C0B2FEF7ACF8DA
:10048000554B1B78002B03D0FDF756FEFDF7A0FE61
:10049000524B1B78062B03D03D4B1B78002B57D1BA
:1004A000FEF77BF90130C0B2FDF79DFFFBF744FC7E
:1004B000FDF740FF189B581CC0B2FDF7A2FF0021BA
:1004C000FA20FEF753FB464B1B78002B04D1109B00
:1004D000581CC0B2FDF78EFF189B092B05D90120CF
:1004E00002F0EEF80020FDF78CFFFDF76DFDFDF743
:1004F00095FD294B1868596801F086F92B4B18684F
:10050000596801F093F9374B18680130FE2800DD77
:10051000FE201860C0B2FDF77BFFFEF76BF90130DB
:10052000FDF784FFFF22304B1A70304B1B78002BF5
:1005300000D12EE62E4B1B78002B00D129E6254B4F
:100540002C4A5B6C9BB2138023E61E4A13707BE738
:100550000020FDF748FFABE70A2004F06BFB089B87
:100560000133089331E600F067FAFFF726FCC04636
:10057000E2010020E009002008000020BC0A002061
:1005800009040020D00A002008040020D90300201C
:10059000DB650020A8660020300200202002002039
:1005A000E80A0020F00A0020000024403802002061
:1005B0003BDF4F8D976E923F600A002000002C4079
:1005C00000002E40CF650020AA660020936700201F
:1005D000A7650020880A002097670020190A0020DC
:1005E000F80A0020D80A00205E0A0020626300207A
:1005F000E00100208467002001210A4B82B01A6CC0
:100600000A431A641A6C0A4080210092009ADA6B3D
:1006100049050A43DA63DB6B0B400193019B02B08F
:100620007047C0460010024010B5040094B0142278
:10063000002102A807F006F83422002107A807F0DD
:1006400001F8174B22689A4227D1202307A8079365
:1006500005F0B0F9002801D0FFF732F80222114C62
:100660001148636B02A913436363636B13400093E8
:10067000009BC0230293AE3B039300230493059396
:100680000633069304F0DCFC8022E36B92031343F1
:10069000E363E36B13400193019B14B010BDC046AC
:1006A00000540040001002400004005010B5040047
:1006B0008EB03422002101A806F0C4FF104B22683E
:1006C0009A421BD180239B020193802301A85B00E7
:1006D0000D9305F06FF9002801D0FEF7F1FF80229D
:1006E000084B1202D96D0A438021DA65DA6BC90022
:1006F0000A43DA63DB6B0B400093009B0EB010BD26
:10070000002800400010024010B504008AB01422F6
:10071000002105A806F096FF23681F4A93421CD1CA
:1007200080211E4B49011A6CA0200A431A641A6CDE
:10073000C0050A4001210192019A5A6B0A435A638B
:100740005B6B0B400293029B154B05A9059302239B
:10075000069304F075FC0AB010BD124A9342FAD118
:1007600080210E4BC901DA6B0F480A43DA63DA6B5A
:100770000A4008210392039A5A6B0A435A635B6B3F
:100780000B400493049B1A230593183B0693013BEB
:10079000099305A9DDE7C046003001400010024082
:1007A000C280000000380040000C00507FB5036894
:1007B000324A934212D11021314B1120DA6B0A4395
:1007C000DA63DB6B00220B4001930F39019B04F0CD
:1007D00043FA112004F06AFA07B000BD294A934297
:1007E0000FD12021264B1220DA6B0A43DA63DB6B30
:1007F00000220B4002931F39029B04F02DFA1220B5
:10080000E8E7214A934210D180211D4B09021A6C5E
:1008100013200A431A641B6C00220B40039301212E
:10082000039B04F019FA1320D4E7184A934210D11D
:100830008021134B89021A6C15200A431A641B6C21
:1008400000220B4004930121049B04F005FA1520BB
:10085000C0E70F4A9342BFD18021094BC9021A6CED
:1008600016200A431A641B6C00220B4005930121D9
:10087000059B04F0F1F91620ACE7C04600100040DB
:1008800000100240001400400020004000440140DD
:100890000048014070B5060094B01422002102A85F
:1008A00006F0D0FE3422002107A806F0CBFE274B2D
:1008B00032689A4247D1012307A8079305F07AF8D6
:1008C000002801D0FEF7FCFE8021214BC9011A6CE3
:1008D000A0200A431A641A6C00250A400092009A6C
:1008E0000122596BC005114359635B6B02A9134088
:1008F0000193019BB0235B010293022304950393B0
:100900000595069204F09CFB124C134B20002360CB
:10091000322363604E33A560E56023616561A561A4
:10092000E561256204F022FAA84201D0FEF7C8FE74
:100930000022331D1B201100DC67A66204F08CF935
:100940001B2004F0B3F914B070BDC046003801405C
:10095000001002402806002008000240FEE7FEE7E3
:100960007047704710B504F053F910BD10B5024838
:1009700004F012FB10BDC0462806002010B5024846
:1009800005F0B6FA10BDC0464808002010B5024870
:1009900005F0AEFA10BDC046FC07002010B50248B5
:1009A00005F0A6FA10BDC046B007002010B50248F9
:1009B00005F09EFA10BDC0466407002010B502483D
:1009C00005F096FA10BDC0461807002010B5024881
:1009D00005F07CFC10BDC0468406002010B5034B1A
:1009E000012218685968FEF733FA10BD8400002010
:1009F00010B5034B002218685968FEF729FA10BD9C
:100A00008400002010B5034B012218685968FEF7D6
:100A10001FFA10BD7C00002010B5034B002218689F
:100A20005968FEF715FA10BD7C00002010B5FFF7DD
:100A3000D5FFFFF7E7FF10BD10B5FFF7D9FFFFF7B0
:100A4000EBFF10BD10B5034B012218685968FEF783
:100A5000FFF910BD6400002010B5034B0022186898
:100A60005968FEF7F5F910BDB400002010B5034B2E
:100A7000012218685968FEF7EBF910BDB400002098
:100A800010B5034B002218685968FEF7E1F910BD54
:100A9000AC00002010B5034B012218685968FEF71E
:100AA000D7F910BDAC00002010B5034B0022186828
:100AB0005968FEF7CDF910BDA400002010B5034B16
:100AC000012218685968FEF7C3F910BDA400002080
:100AD00010B5034B002218685968FEF7B9F910BD2C
:100AE0009C00002010B5034B012218685968FEF7DE
:100AF000AFF910BD9C00002010B5FFF7ADFFFFF768
:100B0000BFFFFFF7D1FFFFF7E3FF10BD10B5FFF701
:100B1000ADFFFFF7BFFFFFF7D1FFFFF7E3FF10BD0A
:100B2000304B10B5186800225968FEF791F92E4B2A
:100B3000002218685968FEF78BF92C4B00221868C0
:100B40005968FEF785F92A4B002218685968FEF7A4
:100B50007FF9284B002218685968FEF779F9264B6F
:100B6000002218685968FEF773F9244B00221868B0
:100B70005968FEF76DF9224B002218685968FEF794
:100B800067F9204B002218685968FEF761F91E4B7F
:100B9000002218685968FEF75BF91C4B00221868A0
:100BA0005968FEF755F91A4B002218685968FEF784
:100BB0004FF9184B002218685968FEF749F9164B8F
:100BC000002218685968FEF743F9144B0022186890
:100BD0005968FEF73DF9124B002218685968FEF774
:100BE00037F910BD34010020BC000020D4000020E3
:100BF0002C010020240100201C01002014010020F1
:100C0000FC000020E4000020F4000020EC000020A4
:100C1000DC00002004010020CC000020C4000020E3
:100C20000C01002010B5FFF77BFF074B012218686D
:100C30005968FEF70DF9054B012218685968FEF74F
:100C400007F9FFF7FFFE10BD4C0000205400002004
:100C500010B5FFF765FF034B002218685968FEF7CF
:100C6000F7F810BD4C000020304B10B5186800227A
:100C70005968FEF7EDF82E4B012218685968FEF707
:100C8000E7F82C4B012218685968FEF7E1F82A4B67
:100C9000012218685968FEF7DBF8284B0122186812
:100CA0005968FEF7D5F8264B012218685968FEF7F7
:100CB000CFF8244B012218685968FEF7C9F8224B77
:100CC000012218685968FEF7C3F8204B0122186802
:100CD0005968FEF7BDF81E4B012218685968FEF7E7
:100CE000B7F81C4B012218685968FEF7B1F81A4B87
:100CF000012218685968FEF7ABF8184B01221868F2
:100D00005968FEF7A5F8164B012218685968FEF7D6
:100D10009FF8144B002218685968FEF799F8124B97
:100D2000002218685968FEF793F810BD34010020BE
:100D3000BC000020D40000202C0100202401002051
:100D40001C01002014010020FC000020E400002011
:100D5000F4000020EC000020DC0000200401002052
:100D6000CC000020C40000200C01002010B50400BD
:100D7000002901D0FFF7D4FE601E0E280FD8F7F728
:100D8000C1F9080F11131517191B1D1F2123252742
:100D90002900114B186801225968FEF759F810BD57
:100DA0000E4BF7E70E4BF5E70E4BF3E70E4BF1E773
:100DB0000E4BEFE70E4BEDE70E4BEBE70E4BE9E783
:100DC0000E4BE7E70E4BE5E70E4BE3E70E4BE1E793
:100DD0000E4BDFE70E4BDDE7BC000020D400002007
:100DE000140100202C010020E40000202401002038
:100DF000F4000020EC0000201C010020DC0000209A
:100E0000FC00002004010020CC000020C4000020D1
:100E10000C010020F7B50190FFF782FE284B294A0C
:100E20001B780B270092002B04D1274B1B78002B3B
:100E300000D0177800242600244D009B1B78A34285
:100E400000DCF7BDB742FCDD2A780134002A1CD053
:100E50002000A34200DAE01A019B002B01D00023FE
:100E60002B7002381A4B0C2809D8F7F74BF90710EA
:100E7000121416181A1C1E2022242600154B18685E
:100E800001225968FDF7E4FF01360135D5E7124B21
:100E9000F5E7124BF3E7124BF1E7124BEFE7124B7A
:100EA000EDE7124BEBE7124BE9E7124BE7E7124B8A
:100EB000E5E7124BE3E7124BE1E7124BDFE7C046F1
:100EC0006163002049020020E0010020E9010020C8
:100ED000BC000020D4000020140100202C010020C0
:100EE000E400002024010020F4000020EC00002099
:100EF0001C010020DC000020FC0000200401002078
:100F0000CC000020C400002010B5FFF709FE034B01
:100F1000012218685968FDF79BFF10BD34010020BD
:100F20000120704710B506F0F5FB16230360012081
:100F3000404210BD10B506F0EDFB16230360FEE73E
:100F400070B50E0014000025A54201DB200070BD25
:100F500000E000BF70550135F6E770B50E001400D3
:100F60000025A54201DB200070BD705D00E000BFE0
:100F70000135F6E701204042704780239B010020A5
:100F80004B60704701207047002070470B490C4AA6
:100F90000300521A0B4910B50868002801D10A480D
:100FA00008600868C318934206D906F0B3FB0C2307
:100FB00003600120404210BD0B60FCE7000400000C
:100FC00000900020506300206069002070470000FE
:100FD00070B5FDF734FC0E4C0E4D20602B780F28B9
:100FE0000DD1002B01D10F2070BD0E20FDF7DEFAD0
:100FF0000E2323602B78002BF5D02068F4E70E2811
:10100000F8D1002BEFD00130FDF7D0FA0F23F0E735
:1010100014020020C96500200F2802DD024B187859
:101020007047024BC05CFBE7E8010020A765002089
:10103000144A30B514680F2C23DC134B1D78002D97
:1010400002D0092800DD0920104B1B78002B02D0AC
:101050000923082802DC031E00DC012311003431BF
:101060000978906B29400125082800DC00252942D9
:1010700004D0984202DD5168013151609363044A03
:10108000A35430BD880A002062630020E1010020E3
:10109000A765002070B50400FDF780F8FDF73CF867
:1010A000FDF7C4FB174B18491870184B1B78002B21
:1010B00004D1174B1B78002B04D01649482220007E
:1010C00006F055FB144B1B78002B09D00122134965
:1010D0000A70032B04D918001040134200D1087085
:1010E000FFF776FF0500FFF797FF01220C4B256005
:1010F0001A7000230B4AA0631370200023646364FA
:1011000070BDC046E2010020900100206163002014
:10111000E001002048010020B8650020C9650020DA
:10112000E101002062630020F0B5A74B87B0009377
:101130001B780393FDF75EFBA44A03001278D4B238
:10114000002A07D1A24858430123D841A14B83422A
:101150006441E4B2FDF74EFB9F4BA04E002C47D0FC
:101160001F6833680293009B1B78012201939C4BFC
:1011700002990593DB19013B1A70059B04925B18D9
:10118000013B1A70009B974A19780023994256DC5C
:10119000FAF734FC05F034FF0023934E934D33648B
:1011A0007364934B1C78002C5AD033003C331B786B
:1011B000002B52D1009A3368127801339A4200DA38
:1011C0009B1A059A3360D3180122013B1A702B68D1
:1011D0009B182B60854C019A2368934206D10D22FF
:1011E0000021059806F02EFA0023236007B0F0BD19
:1011F00001221D6834687A4B59191B190139013BCA
:101200000A700B211A70F7F701F94F1CBD4201D08B
:10121000BC4200D18F1C7B1D02939D4201D09C4299
:1012200001D1BB1D0293009B1B78BB4200DAFF1A61
:10123000029A934201DAD21A0292023B95E705988C
:10124000C05C0133002802D1D05C002803D0039891
:10125000013803909AE7049398E7664B1B68B0E760
:10126000654B1A78002AB5D064492B680C70039935
:1012700000293DDD012910D1049A049903983260B8
:101280005F4A013388542B6000200122564B5D4990
:1012900018615961594B1A709CE7039A022A28D1A8
:1012A0000120049A049932604D4A5118013908709E
:1012B00019182960444954480978A14204DC4A4B72
:1012C0001B6C002B0CD1DFE7175D002F0ED1075DE3
:1012D000002F0BD1611C31640121023311552B60A9
:1012E0000020414B49491861596173E70134E4E733
:1012F0001400019A0199023A0139934203D13A4B01
:1013000029601F60C0E78B420BD1029B3360019BB9
:101310002B603F4B1B78002BB6D001223D4B1A703F
:10132000B2E705F09DFE009B1978F7F76FF82C4A9D
:10133000535C002BF5D1344B5B5C002B01D0002CAF
:10134000EFD04B1C3360012353542B68019A0133B7
:101350002B60D31A022B04DC274B1B78002BBFD049
:10136000ADE705F07DFE009B1978F7F74FF81C4AB2
:10137000535C002BF5D1244B5B5C002B01D0002C7F
:10138000EFD04B1C3364012353542B68019A013373
:101390002B60D31A022BDFDD05F062FE009B19786B
:1013A000F7F734F80E4A535C002BF5D1164B5B5C13
:1013B000002B01D0002CEFD04B1C7364012353543D
:1013C0002B6801332B60C7E749020020906700209B
:1013D000CDCCCCCC99999919DC010020D801002002
:1013E0006663002072630020880A00205C6300208E
:1013F0006163002058630020E00100206563002045
:1014000065630020000069407363002000005440C1
:101410009467002054630020F7B5AA4C00212300F4
:101420003E331970012323630223FF33A386230075
:101430000D223633A4481970A1872164616406F037
:1014400001F9A24B1D78002D00D17FE0A04B0022B6
:101450001B78002B78D08023DB05A261E36100229A
:101460009C4BA260E36000229B4B226163610022DF
:101470009A4BA262E36203236360994B00221E68C9
:101480005F68984B30003900F6F7F0FF002801D074
:101490000026944F944B1B780093002B02D0934B63
:1014A0001E685F68002230003900914BF9F796FC06
:1014B000904A914BF9F7ACF902000B0000208F49DC
:1014C000F9F78CFC00228E4B06000F00F6F7CEFFDA
:1014D000002801D000268A4F8A4B266267621B785B
:1014E000002B51D0009B002B47D1874B1A685B68BB
:1014F00000920193854A138801339BB21380002D1B
:101500003ED0834B00221E685F68824B300039005A
:10151000F8F77EF9804BA062E1621A685B683000E0
:101520003900F8F775F9734A06000F000098019921
:10153000714BF9F76DF902000B0030003900F9F733
:101540004DFC206261621FE0744B86E7744B1B7890
:10155000002B92D080230022DB05A261E3610022F0
:10156000704BA260E36000226F4B22616361002236
:101570006E4BA262E36202237EE700220023B7E7FC
:10158000674B1B78002BBCD1694B1B78002B00D11B
:1015900086E0002D00D17BE0FDF723F9002803D081
:1015A000644B1B78002B06D0634B07221D78002369
:1015B00062499D4263DC0122424B1860604BC25479
:1015C000604A13680133136001215F4A3D4B11707B
:1015D00003225A6000223F331A705C4B394C1B784F
:1015E000002B06D023003E331B78002B01D00123B3
:1015F00063602068FFF710FD226B6368A0639A4266
:1016000003D12300012236331A7023003C331B78A8
:10161000002B14D14E4B1B78002B10D04D490022CB
:10162000086849684C4BF6F70DFF002807D0206A80
:10163000616A0022494BF8F7EBF8206261622300EF
:101640003D331B78002B07D0206A616A0022434B90
:10165000F8F7DEF820626162206A616A0022284B96
:10166000F6F704FF002803D00022254B22626362B4
:1016700000223B4B1A703B4B01321A70F7BDCE5C17
:101680005C1C964202DC2000CA5CD2B2230090E7C8
:10169000234B1B78002B00D196E7FFF745FD93E71E
:1016A0000223084CFF33E387FDF7E6F8224B0130B5
:1016B0001B782060984201DDC01A2060FFF734FDDE
:1016C0008BE7C046880A0020666300206163002023
:1016D00055630020000059400000444000908A40BB
:1016E0003802002000488C40A8660020F00A002044
:1016F000004085409A9999999999E93F0060834003
:1017000000808640CF650020D065002088670020DB
:101710001802002000206C40300200200000F03F42
:10172000E001002000003E400000544000E0854001
:10173000996700209067002049020020DC03002008
:10174000656300205C630020C50A002010020020B1
:1017500063630020000000200000144000004940A6
:10176000E10100206263002010B50D22282103480A
:1017700005F068FFFCF7F2FC10BDC0468D63002049
:1017800010B568220021034805F05CFFFCF746FC19
:1017900010BDC0467064002010B5682422000021EE
:1017A000064805F04FFF22000021054805F04AFFDA
:1017B000FCF75EFCFCF786FC10BDC0460864002008
:1017C000A063002010B568220021034805F03AFF0D
:1017D000FCF7FAFB10BDC046D864002010B50D22FE
:1017E000FF21034805F02EFFFCF7C8FC10BDC046E2
:1017F0008063002010B50220FCF7EEFD0222014BB1
:101800001A6010BDE4010020D0B506000F00054CA1
:1018100060220549200005F003FF26666766FCF795
:1018200027FCD0BD0864002010640020D0B506005D
:101830000F00054C60220549200005F0F1FE2666E8
:101840006766FCF73FFCD0BDA0630020A8630020C2
:10185000F8B50C684D68066847682B002200300018
:101860003900F6F7EFFD03000120002B08D12B0013
:10187000220030003900F6F7F9FD431E984140423E
:10188000F8BD0000F0B5BF4B8FB01B78002B00D126
:10189000CBE0BD4ABD4B116B18780139BC4BC90078
:1018A0005B18002800D12CE1BA4908684968186023
:1018B0005960130035331B78002B02D10121B64B40
:1018C0001970130036331B78002B00D1ADE053683C
:1018D00000240293B14B00261B7800275A42534143
:1018E000029A9B18043B1D000093A94B0893029B8E
:1018F0009D4200DA0AE1AA4B002C00DCC9E100227B
:1019000020001A70F9F7D2FE0490059102000B0036
:1019100030003900F8F742FB002400250A900B91B3
:10192000009E9B4F029B9E4200DA09E1049A059BB0
:1019300020002900F8F732FB06F090FD0023002676
:101940000027049308900991914B0D93009B029AF4
:10195000934200DA66E10498F9F7A8FE02000B0052
:1019600030003900F8F71AFB00900191009A019BB2
:101970008C4C226063608C4B1D788C4B1B785BB267
:10198000022B00DDBCE10127894B1F70002D11D017
:10199000884E894D3378002B00D198E10098019949
:1019A0000022864BF6F74EFD002800D18FE1002380
:1019B0002F703370824B1B78002B36D02068616803
:1019C000804B814D1A685B68F9F708FA7F4B2860F5
:1019D00069601B6800210C2B01DC0D31C91A002342
:1019E0000D227B48FAF7B8FA6E4C26686768320019
:1019F0003B00F9F7F3F900900191019B009A5B001D
:101A0000100059080022734BF6F730FD00280CD067
:101A10000122714B1A70714B1E605F60694B186830
:101A200059686F4B206061601A706E4B1B78002BF9
:101A300000D12BE26C4B544C1B78002B4FD16B4BDD
:101A40001B78002B4BD06A4B1B78002B47D12268A8
:101A5000684B013AD2009B181E685F680022002381
:101A600030003900F6F702FD002838D0624B1B88A1
:101A700018000093F9F71AFE0022029003915F4BC1
:101A800030003900F8F7C4FE02000B0002980399F9
:101A9000F6F7D8FC5A4D002807D000223000390054
:101AA000584BF6F7EDFC00280CD1009B042B00D915
:101AB0004CE1002230003900534BF6F7E1FC0028DE
:101AC00000D143E100222B6801332B60474B1A7091
:101AD0004E4B1A704E4A1388C8339BB21380484A43
:101AE0001368042B00DC33E101214A4B00201970FC
:101AF000002300211360484B18605960FFF740FE37
:101B000026E14648464918605960DAE6089AEB0033
:101B10009B181A685B6804920593049805993F4ADC
:101B20003F4BF6F78FFC002808D0049A059B300045
:101B30003900F7F76DFE06000F0001340135D6E6D7
:101B4000F300DB191A685B680892099308980999F1
:101B5000324A334BF6F776FC002811D00A9A0B9BD9
:101B600008980999F9F73AF902000B00F8F750FEC6
:101B700002000B0020002900F7F74AFE04000D00C8
:101B80000136CFE6E1010020880A0020FA03002098
:101B900000660020D00A0020DA650020C965002018
:101BA000400200203802002060630020AC66002064
:101BB000AA660020E00100206163002000708740D9
:101BC000CF650020F00A0020D0650020D80A002050
:101BD000A063002000002440A8660020200200200E
:101BE000A966002062630020C40A002009040020C6
:101BF00094670020706400205A0A00200000D03F43
:101C0000BC6500200000444000003440080400206F
:101C100086670020D9650020D00300200000C0FFA7
:101C2000FFFFDF41009B0D9ADB009B181C685D687D
:101C3000C04A20002900C04BF6F704FC002824D03D
:101C40000A9A0B9B20002900F9F7C8F84B005B08A3
:101C500006900793069A079B08980999F6F710FCD7
:101C6000002807D1069807990022B44BF6F7EAFB43
:101C700000280AD0049B300001333900049322006D
:101C80002B00F7F7C5FD06000F00009B0133009302
:101C90005CE6AB4A16685768AA4A1278002A04D054
:101CA00000221A700096019760E601241C70A64B72
:101CB0001A685B6800920193009801990022002342
:101CC000F6F7D4FB0028EDD0A04B1C704EE62B7825
:101CD000002B00D16EE60098019900229C4BF6F78C
:101CE000CFFB002800D165E60023022001222B70E3
:101CF000984B32701860984B1A70FCF76DFB59E6E0
:101D0000964E3778002F00D1F6E000980199002216
:101D10008F4BF6F797FB002810D08B4B1A685B6847
:101D200000920193009801990022894BF6F7A8FBD5
:101D3000002803D0009A019B22606360002D00D030
:101D4000DDE0EEE0002F00D134E6EAE000232B6076
:101D5000834B844D1B780093002B60D1824B834FC3
:101D60001B78002B04D1824B1B78002B00D193E011
:101D7000804B1B78002B04D17F4B1B78002B00D0AD
:101D800086E07E4B1B78002B04D17D4B1B78002B0B
:101D900000D17DE07B497C4B086849681A685B6824
:101DA000F9F71CF802900391039B029A5B00590813
:101DB0001000764B0022F6F759FB6B49744A002855
:101DC0000CD013687348013313600023037072480A
:101DD0000B7003889133FF339BB203801368052B8C
:101DE00056DD01230B70002111606C4A1370654BA6
:101DF0006B4A18685968236B013BDB00FB181860BD
:101E000059602368674C013BDB00D21810605160B9
:101E1000E418654B1888F9F777FC206061602B00A7
:101E200036331B78002B31D02B003D331B78002B31
:101E300003D04A4B1B78002B5AD100246B680493C3
:101E40005A4B1B78A34201D1049B9C1E00250026FF
:101E50000027464B0693049B9C422FDB002D47DD59
:101E60002800F9F723FC02000B0030003900F8F7D6
:101E700095F83D4B1B78002B08D0009B002B05D11B
:101E80000122414B18605960444B1A700FB0F0BDED
:101E9000354B1B78002BAAD100200021236B254A4B
:101EA000013BDB00FF18244B3A607B6022683D4B0E
:101EB000013AD2009B1818605960B0E7069AE30017
:101EC0009B181A685B680292039302980399194A57
:101ED000194BF6F7B7FA002808D0029A039B300096
:101EE0003900F7F795FC06000F0001350134B2E721
:101EF000244B18685968BCE7002D00D15AE52C4DD9
:101F00002B78002B00D11DE7206861680022104B60
:101F1000F6F7B6FA002800D114E701233370002346
:101F20002B70244B1B78002B00D043E50122224B61
:101F30001A703FE50000C0FFFFFFDF4100002440B2
:101F400000020020B9650020F00A0020A9660020E8
:101F500000708740E401002064630020E00100205D
:101F6000C40A0020880A002009040020E06500203F
:101F7000D803002094670020D9030020CF650020FB
:101F8000DB650020D00A002030020020000049401C
:101F9000C06500200804002086670020BA65002084
:101FA000D8640020706400205A0A0020100200202B
:101FB0006163002040020020AA6600200020094B37
:101FC00010B51C78084B844205D018780130C0B297
:101FD000FF2800D102381870FCF7EFFA2000FCF758
:101FE000DEFA10BD40020020B8650020F0B57D4B40
:101FF0007D4C1B7885B00E001700256B0093002BDD
:1020000000D123E1A068E1680022784BF8F700FCDA
:10201000A269E369F7F7FCFBF6F7DCFA744B80B2D0
:102020001880744B744A1B78744E032D1ED1002BFC
:102030000BD080210020C905A061E161002070491A
:10204000A060E16000206F490870307811780028A6
:1020500032D000295DD000206B49A062E1620022ED
:102060000220A91E88425241D1B228E0002B21D083
:10207000052D0CD16549097849B20529E5D1002023
:102080006349644F2062616238607960DDE7042D46
:10209000DBD0062D09D15D49097849B20629D4D192
:1020A00000205D4920616161CFE7032DCDDC002078
:1020B00054490870012DC8DC11780029CFD1002BBC
:1020C0002DD13378002B19D0002917D0A06AE16AEE
:1020D0000022524BF8F79CFB514B1A685B68F7F7EC
:1020E00097FB4C4B206261621E685F6832003B00C8
:1020F000F6F7BCF9002801D0266267622300363368
:102100001B78002B12D0FFF759FFFFF785F905B0B8
:10211000F0BD002BD5D00022424BA262E362002228
:102120000223023DAB425241D1B2CAE7FEF750FF53
:1021300020603D4B1B78002B00D1A7E23B4B2A4D82
:102140001B78002B00D1A1E22B00012435331C7039
:10215000002322001900FA202C63FCF766FA431EC4
:102160009841334A334B1278C0B21870002A04D019
:102170002A003E321178002912D11B780324002B4B
:102180000ED02B003C331B78002B09D02A4B1B7838
:10219000002B05D1294B07341B78002B00D0073CBE
:1021A0002B6B6C60A34200DA6CE201221F4B1A70A9
:1021B0000D4C2068FEF730FF1B4BA0631B78002BF3
:1021C000A5D01F4B1B78002BA1D009289FD11D4BF8
:1021D0001868A063FEF72CFF1B4A13880A339BB2D2
:1021E000138094E7E1010020880A002000002440C9
:1021F00084670020E001002061630020DA65002090
:1022000000003E40B965002000407F40AC660020E1
:1022100000509440F801002000C072400000E03FF0
:10222000D00A002000E0854062630020BE0A002042
:1022300010020020CC65002094670020F90A0020DD
:10224000CB6500200802002086670020C44B1B7865
:102250000393002B00D119E2C24B1B78002B00D155
:1022600002E1A269E369A068E168F7F7D1FAF6F73D
:10227000B1F9BD4B80B218802300002234331A70AC
:1022800023003C331B78934200D100962368B74A61
:10229000013BD35CDBB2019323003D331B78002B61
:1022A0000BD0009B002B00D0E3E0230036331B78DB
:1022B000002B00D0DDE0FEF737FFAD4B1B78002B85
:1022C00000D0F3E0009B002B14D0019B032B00D91E
:1022D000F4E0A44B1B78002B00D1E1E0A5490022DB
:1022E00008684968A44BF7F793FAA062E1620122FB
:1022F0009F4B1A70A14CA24D2368042B09DC2B784C
:102300000293002B05D1009B002B1DD0019B032BBA
:102310001AD8944B1B78002B00D1D4E09949954BE7
:10232000086849681A685B68F7F772FA964E306277
:1023300071620023954A2B702360954B106C516C91
:1023400018605960039B0293924B1B78002B00D1BD
:10235000EAE03B68052B03DC8F4B1B78002B49D050
:102360008E4B00221C685D688D4B20002900F6F71B
:102370007DF8002801D00024894D0022200029008A
:10238000884BF8F72BFD884A884BF8F741FA020092
:102390000B0000208649F8F721FD0022854B040040
:1023A0000D00F6F763F8002801D00024814D6D4A36
:1023B000754B12781C625D62002A00D189E0002012
:1023C0007D499862D9620023734A3B6013707B4B4E
:1023D000674D1B78002B02D02B78002B0AD1784C4C
:1023E0002678F9F7A9FC0023764A2B701370267023
:1023F000FBF7A0FF744B644C1B78002B71D0734B20
:102400001B78002B6DD082232360002300222364DD
:1024100063640133A3876E4BA261E36100226D4BBD
:10242000226163616C4B584C1B78002B0ED06B4BB8
:102430001B78002B0AD1029B002B07D0206A616A0F
:102440000022674BF7F7E4F920626162206A616A53
:102450000022584BF6F70AF8002800D169E600225E
:10246000544B2262636264E6636C3F4A9BB2138002
:1024700002E72300012236331A70454B414A1068A7
:10248000516818605960FCF7F7F9564A564B1278B4
:1024900001301860904200DC0FE7801A18600CE7EA
:1024A000524B1B78002B00D018E720E7009B002B35
:1024B00000D11FE7019B032B00D81BE72F4A1368AD
:1024C0000133136016E7494B1B78002B00D025E73A
:1024D0002FE7464A1278002A00D174E700204449C9
:1024E0006FE7270026003C373D783E36002D00D1AF
:1024F0008CE0FEF719FE00233B7001333370194B5B
:102500001B78002B1CD03B4B00221B78002B15D0D6
:102510008023DB05A261E3610022374BA260E36008
:1025200000222C4B22616361274A344B12781B78BE
:10253000002A71D0002B00D074E77EE0304BE9E731
:102540002A4B1B78002BEFD080230022DB05A261F1
:10255000E36100222B4BA260E36000222A4BE1E7FB
:10256000626300206163002084670020DC03002098
:10257000DB6500201802002000206C40C4650020AC
:1025800002040020D00A0020880A0020E009002070
:1025900030020020BE0A0020D96500203802002049
:1025A00000488C40004085409A9999999999E93F53
:1025B000006083400080864000908A40946700203D
:1025C000D9030020CF650020C50A002099670020AC
:1025D000000008400000444093670020F80A0020F3
:1025E000000049404902002058630020E00100201B
:1025F00000E085405563002000005940C40A0020D7
:102600000000F03F00003E4000005440FEF78CFD0B
:1026100001233D3433702570224A234B1278002A5F
:1026200000D0FFE61A0036321278002A02D1196B68
:10263000022925D101223F331A701C4B1A4C1B78FA
:10264000266A676A002B00D1ECE619490022086867
:102650004968184BF5F7F6FE002800D1E2E6009B2A
:10266000002B00D1DEE6019B032B00D9DAE6002225
:1026700030003900104BF7F7CBF820626162D1E6E9
:102680003F33D9E7002236352A7091E50021064B09
:102690000A4A11701A6B01321A635B689A4200DBB6
:1026A00083E585E5C40A0020880A002063630020D2
:1026B000000000200000144000004940BD0A002036
:1026C000F0B5002604003500394F9FB0F31904AA75
:1026D00018685968B3181860596000220023F5F78C
:1026E000ABFE4342584108362D18682EEED1002D1E
:1026F00042DD08222F4B0D2104A804F027FD6B10AA
:10270000DA00ED073AD5130004AA9B181A685B6833
:10271000009201930099019A274B19605A60002C8E
:102720002AD00025224B254C0393039B0022EB1853
:102730001E685F68002330003900F5F77DFE002831
:1027400014D10098019932003B00F8F747FB22684A
:102750006368F7F75DF806000F00F8F76BFFC31723
:10276000C018584014281EDC2660676008350834FD
:10277000682DDAD1FBF700FC1FB0F0BD013B04A9C6
:10278000DB005B18190013000868496804AA9B184D
:102790001A685B68F7F73CF80022094BF8F738F83D
:1027A00000900191B6E70022002322606360DDE71C
:1027B000D86400205118010828020020406500203C
:1027C0000000E03FF0B585B00400FEF79FF9FEF78A
:1027D0009BFB0A2002F02EFA022C1CD1FEF78CF98A
:1027E000FA20800002F026FAF9F712F90027040017
:1027F0001B4EFA2120008900F5F722FDBB1BD917DB
:10280000184D194A5B184B4028801380FEF788F951
:10281000200005B0F0BDFA230024002500279B000E
:102820000F4E0193F9F7EAF8C31702900393029A47
:10283000039BA4185D41864200DD0600874200DA52
:102840000700019B013B0193002BEBD1FA222000F2
:10285000002329009200F5F757FE0400C9E7C0469F
:10286000FFFFFF006266002060660020F0B50127D0
:1028700000253E0097B003900C22574907A804F0AA
:1028800076FF0AAB01930097ACB22000C53080B24E
:10289000FCF74EF9019B18702000D13080B2FCF794
:1028A00047F9242204AB15349B18FF345855029085
:1028B000A0B2FCF73DF9019A0299127810ABE854E6
:1028C000914200D081E0029A904207D00026370062
:1028D00004E00026029A00968242F8D1019A01355E
:1028E000013201920C2DCFD1242104AA5218127862
:1028F0001B780AAD13402A7813ACFF2A06D0FF2BB1
:1029000006D12800FBF77DFA002701E0FF2B55D008
:10291000009B002B56D1002E54D1002F52D00DAB6E
:1029200023CB23C40398F8F7C1FE00222B4BF8F702
:1029300055FA00222A4BF7F731FB04000D00139BD8
:1029400004A80493149B04210593159B069301F09E
:1029500045FA05A8042101F041FA06A8042101F076
:102960003DFA22002B0020002900F7F751FF060056
:1029700004980F00F8F7ECFE02000B00300039005D
:10298000F7F746FF060005980F00F8F7E1FE220072
:102990002B00F7F73DFF02000B0030003900F6F77F
:1029A00037FF040006980D00F8F7D2FE02000B0076
:1029B00020002900F6F72CFF17B0F0BD07AD280066
:1029C000FBF71FFA07CD07C4ACE7904200D080E7C1
:1029D00000221700009281E7808D010830C0594124
:1029E00080F1FAC0F8B505235B425843F8F75EFE64
:1029F0000022264BF7F70CFF0022254C254B2060C8
:102A00006160A260E36000228025234B2D062261D5
:102A10006361A668E7682269636979193000F7F78E
:102A2000BDFAA061E16120686168A269E369F7F716
:102A3000B5FA20626162194A206A616A184BF8F798
:102A4000CDF9184A184BF7F7A9FAA062E162002203
:102A5000A06AE16A154BF7F7A1FA05F0C9FC144A20
:102A6000144BF6F7D5FE02000B0000201249F7F7D1
:102A700095FA20636163114A206B616B104BF8F784
:102A8000ADF9A063E163A06BE16BF8BD0000703E9F
:102A90006866002000230E4160301F41FCA9F1D27E
:102AA0004D62E03F1AB5F2C8C588DF3E006AF840C3
:102AB000F86F702FADFA2B40004BB040666666662B
:102AC0006612714001220021044B1A705A709A70EC
:102AD0009971D97019715A717047C046C866002043
:102AE00070B5FFF7EFFF494B494C1B78002B00D125
:102AF00089E0484B1B78002B00D184E0032300259C
:102B000000222381444BA381444B6581E5812582CA
:102B10006582A582E58225836583A583226263623F
:102B2000A262E36200223E4B2263636300223D4BBC
:102B3000A263E36300223C4B2264636400223B4BAC
:102B4000A264E36400223A4B2265636500220023FD
:102B5000A265E36522666366A266E3662267636731
:102B6000230078331D8023007A331D8023007C33BB
:102B70001D80230022007E331D80012380321370CC
:102B800022008132137022008232157022008332BB
:102B90001370284A1570284A1570284A1370284B5C
:102BA0001D70284B1D70284B1D60FBF751FE274BF5
:102BB0001870274B1D70274B1D70274B1D70274B1E
:102BC0001D70274B1D70274B1D70274B1D70274B09
:102BD0001D70274B1D70230088331D6023008C332C
:102BE0001D6023009A3498331D802580FDF78EFFE9
:102BF000204B214819685A68FAF780F8F8F7E2FE86
:102C0000FDF78EFF70BD052379E7C04655630020B0
:102C1000C86600206163002024F4FFFF00F89140A3
:102C200000E0854000207C4000005440000044400B
:102C30000000F03FAC660020AB6600204802002098
:102C400098670020FA0A00205C630020B865002025
:102C5000D8650020B9650020DB650020DA6500201A
:102C6000CA650020CB650020A9660020AA66002066
:102C7000A866002034000020B066002010B5144C77
:102C80006378002B14D0FCF7F1FC1020FCF792FCC9
:102C9000E18A102089B2FCF7AFFC10200021FCF77C
:102CA000C7FCFCF7E1FC002310206370FCF75CFC20
:102CB000F8F7BEFE22002300001280B2843210809A
:102CC00088339A341968238812885B00CA5210BD71
:102CD000C866002070B5204CA378002B14D0FCF7F8
:102CE000C5FC1120FCF766FC218B112089B2FCF792
:102CF00083FC11200021FCF79BFCFCF7B5FC0023B2
:102D00001120A370FCF730FCF8F792FE230022009C
:102D100025000012843380B218809A358C321168F5
:102D20002A881888520088521888230088331A6825
:102D30002B8890345B009B5A2668C01AC317C018B2
:102D40005840F6F7CFFC2C88A40030512B88013373
:102D50009BB22B8070BDC046C866002010B5FCF742
:102D600085FC0620FCF700FCFCF77EFC0122024BF0
:102D70009A7100225A8110BDC866002010B5FCF778
:102D800075FC0720FCF7F0FB0E20FCF7EDFB102094
:102D9000FCF7EAFB1120FCF7E7FBFCF765FC0122DE
:102DA000014BDA7010BDC046C8660020F8B50200BD
:102DB0000B0000201F49F7F7F1F8F8F73BFC05007E
:102DC000F8F774FC02000B0006000F00F6F720FD78
:102DD000F5F700FC184C80B2E081E389A8B29BB201
:102DE0002382E3899BB26382ABB2A382E3899BB265
:102DF000E382E3899BB22383F8F758FC0F4A104B18
:102E0000F7F706FDF5F7E6FB0C4A0D4B85B23900E6
:102E10003000F7F7FDFCF5F7DDFB80B2F8F746FC74
:102E200032003B00F6F7F4FCF5F7D4FB80B2658383
:102E3000A083F8BD8084EE40C86600205C8FC2F598
:102E4000285CEF3F10B5174CE378002B01D1FFF75A
:102E500095FFFCF70BFC218A072089B2FCF7CCFB1D
:102E6000A18A0E2089B2FCF7C7FB618B102089B2C2
:102E7000FCF7C2FBA18B112089B2FCF7BDFB00213E
:102E80000720FCF7D5FB00210E20FCF7D1FB002129
:102E90001020FCF7CDFB00211120FCF7C9FBFCF74B
:102EA000E3FB10BDC866002010B50C4C63890133EC
:102EB0009BB26381628923899A4203D2084B1B78B3
:102EC000002B0AD1FCF7D2FB0620FCF773FBFCF7C2
:102ED000CBFB0023A371FFF7B5FF10BDC866002030
:102EE00048020020014B1879C0B27047C866002024
:102EF00010B5154B154C186A596A20626162986AC0
:102F0000D96A20636163186959699A69DB69206429
:102F1000616422656365206A616A226B636BF7F7FF
:102F20005DFFA063E163206A616A226D636DF6F75D
:102F30006FFCA062E1620022206C616C044BF7F729
:102F400067FCA064E16410BD880A0020C866002008
:102F50000000E03F10B5104C10492300783308887A
:102F60001A88904207D01A880D4892B20A801988B0
:102F700089B2F9F7F1FE22007A347E321188238873
:102F8000994207D0238806489BB21380218889B2D2
:102F9000F9F7F2FE10BDC046C86600204467002065
:102FA000B06600200022F8B5644B654C1A802300FF
:102FB0007A331A80FFF7CEFFFDF744FD614B624D77
:102FC0001F78624E002F2BD02B0036331878FDF778
:102FD00021FF3378002B4DD0A26AE36AA265E36536
:102FE0000022A06DE16D5A4BF7F712FCF5F7F2FAEB
:102FF000230080B2783318800022002322666366A3
:10300000230000227A331A80FFF7A4FFA86B092857
:103010004ED8F5F777F84B62676C71767B828990B2
:103020004C4B1B78002B13D028680121C0B2FDF750
:103030009DFE286C002803D03900C0B2FDF796FE33
:10304000686C0028C5D00021C0B2FDF78FFEC0E734
:103050003378002BD8D0404B1F78002F06D10121A8
:103060000F20FDF783FE39000E20EEE728680121CE
:10307000C0B2EAE7374A1278002AC5D00020002102
:103080002200A065E16578321380A26AE36A2266B5
:1030900063662F4B0022206E616EF7F7B9FBF5F7E0
:1030A00099FA230080B27A331880ADE7FDF72EFD40
:1030B000A379002B01D1FFF751FEFCF7D7FAA189C4
:1030C000062089B2FCF798FA00210620FCF7B0FA36
:1030D000FCF7CAFA01232371F8BDFDF717FDFDF7D0
:1030E000BBFCE5E7FDF712FDFDF7CAFCE0E7FDF7E5
:1030F0000DFDFDF7B1FCF7E7FDF708FDFDF7D4FC8A
:10310000D6E7FDF703FDFDF7BBFCF7E7FDF7FEFC97
:10311000FDF7A2FCFDF7DCFCCAE7FDF7F7FCFDF7C5
:103120009BFCFDF7ADFCF5E7FDF7F0FCFDF794FC2B
:10313000FDF7BAFCEEE7FDF7DFFCB9E740670020DA
:10314000C8660020C40A0020880A0020E10100208F
:1031500000403A4062630020C965002010B5FCF7CA
:1031600085FA00210620FCF763FA00210720FCF70E
:103170005FFA00210E20FCF75BFA00211020FCF71B
:1031800057FA00211120FCF753FA0620FCF712FA37
:103190000720FCF70FFA0E20FCF70CFA1020FCF7C2
:1031A00009FA1120FCF706FAFCF75EFAFFF78AFC31
:1031B000FDF7ACFC0022034B1A80034B1A80FFF78B
:1031C000C9FE10BD4067002042670020F8B5914C51
:1031D0006379DFB2002B00D1D8E000276771A06AC5
:1031E000E16A226D636DF7F7F9FD2300A062E162E9
:1031F0009433A06AE16A1E6823009A331D88F8F7A9
:10320000EFFAAD007051A06AE16AA26BE36B250092
:10321000F5F722F901268335B84200D18EE023006C
:1032200082331E70A06AE16AA26BE36BF5F70AF9BC
:10323000B84200D182E0FFF791FF774B2F701B78E7
:10324000BB421AD0754B1B78BB4216D0002200231C
:10325000A265E365230078331F80FFF77BFE704B88
:103260001B78BB4200D167E06E4B1B78BB4200D19C
:1032700062E0FA20400001F0DDFC052001F0DAFCFC
:10328000FDF74EFC230083331B78002B27D0664BC1
:103290001B78002B23D0A06AE16A226A636A2500AA
:1032A000F5F7CAF87A3500284AD0A06AE16AA26C1C
:1032B000E36CF6F7ADFAA065E1650022A06DE16D63
:1032C0005A4BF7F7A5FAF5F785F9230080B2783362
:1032D0001880002200232266636600232B802300CF
:1032E00083331B78002B26D04B4B1B78002B22D02E
:1032F000A06AE16A226A636A2500F5F79DF87835CD
:10330000002830D000220023A265E36500232B8033
:10331000A06AE16AA26CE36CF6F77AFA206661664D
:103320000022206E616E414BF7F772FAF5F752F901
:103330007A3480B22080F8BD3D489CE72E70A1E72A
:10334000206E616E226D636DF6F762FA206661662B
:103350000022206E616E354BF7F75AFAF5F73AF90D
:1033600080B22880BBE7A06DE16D226D636DF6F73A
:103370004FFAA065E165A06DE16D00222B4BF7F7D8
:1033800047FAF5F727F980B22880D4E70123637163
:10339000254B1E78002E1CD0A06AE16A226A636A5F
:1033A0002500F5F749F87A35002809D02300803345
:1033B0001F70226C636C22676367206F616FDCE7AC
:1033C000206F616F226D636DF6F722FA20676167E7
:1033D000F3E7114B1B78002BADD0A06AE16A226A9B
:1033E000636A2500F5F728F87835002809D023000E
:1033F00080331E70226C636CA266E366A06EE16E81
:10340000BBE7A06EE16E226D636DF6F701FAA06670
:10341000E166F3E7C866002062630020BE0A002070
:103420005563002061630020E101002000403A4024
:10343000C4090000054B10B51B78002B01D1FFF724
:103440008DFEFFF7C3FEFFF785FD10BD480200208B
:1034500010B50F4C2378002B14D0FCF707F90E2081
:10346000FCF7A8F8618A0E2089B2FCF7C5F80E2097
:103470000021FCF7DDF8FCF7F7F800230E2023709D
:10348000FCF772F8FFF7A2FEFFF764FD10BDC0461F
:10349000C866002070B5040004A80588094E0A48D3
:1034A000346004008C342160010090310A60020015
:1034B00094321360030098331D8000239A300380F8
:1034C00070BDC04650670020C8660020F8B51D4B8F
:1034D0001C78002C2AD01C4B64241B78002B00D1B4
:1034E000503C1A4F012238687968FBF7B1FC184E3E
:1034F000012230687168FBF7ABFC164D002228688A
:103500006968FBF7A5FC200001F094FB38680122F4
:103510007968FBF79DFC306800227168FBF798FC26
:10352000286800226968FBF793FCF8BD0A4B1B78FA
:10353000002BD6D0044B64241B78002BD1D0FA2466
:10354000A400CEE76163002099670020640000209A
:10355000740000205C000020E00100201C4BD0B56E
:103560001A6806000F00012A00D01B68FDF77CFBDB
:10357000184C00212000F9F7EFFB0022164B300019
:103580003900F6F745F9154B0022F7F741F9F5F741
:1035900021F881B22000F9F7EFFB114801F04AFB56
:1035A00000212000F9F7D8FB00212000F9F7E4FB07
:1035B000FDF7B6FA0B4B1B78002B07D001220A4B04
:1035C000F5201A701978C9B2FBF7D0FAD0BDC04601
:1035D00044020020B066002000206C4000403A40C9
:1035E000B80B0000CE650020CD650020F0B5444B3F
:1035F00087B01E78002E00D078E0424A1278002A68
:1036000000D077E016000192FDF710FAF8F7DAF92A
:103610003D4A3E4B0092196800985A68F9F76EFBD4
:10362000FDF700FB00210098F9F796FBFA2700212F
:103630000098F9F7A1FB002400257F00F8F7DEF9D8
:10364000C31702900393013F029A039BA4185D41A4
:10365000002FF3D1FA220023520020002900F4F7B2
:1036600053FF310005000098F9F776FBFA24019921
:103670000098F9F781FB002600276400F8F7BEF9EF
:10368000C31704900593013C049A059BB6185F414B
:10369000002CF3D121000098F9F75EFB210000987F
:1036A000F9F76AFBFDF7D4FAFA20400001F0C2FAFC
:1036B000FA220023520030003900F4F725FF451BA1
:1036C000EB17ED185D402800F7F7F0FF0022104BD4
:1036D000F6F764FCF4F77EFF0E4E0F4A0F4B306096
:1036E000954209DD0120187007B0F0BD00230C4E93
:1036F000019389E70A4BFBE702201C70F4E7C04600
:10370000E101002062630020B06600203400002048
:1037100000408F408C670020102700009767002032
:1037200045330000282210B50021054803F08AFF28
:103730000022044BDA725A715A729A7210BDC04656
:103740009D670020C4050020F8B505000024FBF7A4
:103750002DFE80260227285DFBF732FE002C05D1C6
:103760000E4B220018685968FBF772FB0C4B9A68E5
:103770003242FCD09A683A42FCD09A683242FCD17C
:10378000002C07D1054B012218685968FBF760FB34
:103790000134E0E701340C2CDDD1F8BD94000020A9
:1037A00000300140F0B589B002920393029B019072
:1037B0001800039B00225B0059082F4BF7F728F8ED
:1037C000002300220692079306AA04000D0003F0CE
:1037D000D7FF2A4A2A4BF4F749FE002807D006985B
:1037E00007990022274BF6F713F804000D00290073
:1037F0002000F7F71FFF0A210600F4F721FD6421DE
:10380000C4B23000F4F71CFD0A27FA21C3B20493B6
:103810007B43E31A7C431B01341B1C19E3B2890070
:1038200030000593F4F70CFD1749C5B23000F4F7EA
:1038300007FD3B00C4B26343EB1A7D43049A1B01AE
:10384000551B124930005D19F4F7FAFC4743029802
:103850000399E41B00220023EDB2E4B2F4F7F2FD79
:10386000002801D0103CE4B2019B059A5D709A706B
:103870001C7009B0F0BDC04600002440CDCCCCCCBB
:10388000CCCCEC3F0000F03F10270000A0860100E8
:10389000F0B51C0085B06300019059081000234B5F
:1038A0000022F6F7B5FF002300220292039302AA3A
:1038B00004000D0003F064FF1D4A1E4BF4F7D6FD13
:1038C000002807D00298039900221B4BF5F7A0FFB0
:1038D00004000D0029002000F7F7ACFE0A210500C6
:1038E000F4F7AEFC0A27C4B264212800F4F7A8FC60
:1038F0003B00FA21C6B27343E31A7C431B012C1B25
:103900001C19019B28005C708900F4F799FC0B4995
:10391000C4B22800F4F794FC78436743201A019B53
:10392000F61B00018019187005B0F0BD000024409E
:10393000CDCCCCCCCCCCEC3F0000F03F102700002D
:10394000F0B58BB0039310AB029204CB07AC1F8889
:1039500012AB1B7800900191049200210C222000F0
:10396000059303F06FFE7BBA200063800025FFF70C
:10397000EBFE07ACAF4218DC0C220021200003F064
:1039800061FE059A2B23002A00D004332000E37047
:1039900023716371FFF7D8FE174B18685968FBF75E
:1039A0005CFA0028F8D10BB0F0BDF0232370049B23
:1039B000AE009859F7F7CCFE0B0006A90200481D8F
:1039C000FFF7F0FE009B6A009B5A01355BBAA380AB
:1039D000019B9B5A5BBAE380029B9859F4F7E2FD86
:1039E000039B40BA20819859F4F7DCFD40BA60810E
:1039F0002000FFF7A9FEBCE78C00002070B5002472
:103A0000044D2E78285DFBF7B9FC230001349E425B
:103A1000F8DA70BD9D67002070B50E4C0E4DE3794D
:103A200028000233DBB22372E3792B70E179E67967
:103A3000C9B2F9F73FF9F6B2A855E679F9F742F9B4
:103A4000F6B2AE197070217A2800C9B2FBF7A2FC59
:103A500070BDC046C4050020C567002010B50B4AE4
:103A60000B4B5178597091789970D278DA70532253
:103A70001A7101325A71073A9A714C3ADA71054B50
:103A80000732DA71FFF7C8FF10BDC0469D670020FE
:103A9000C5670020C40500200C22064B10B506485F
:103AA0005A70FAF7FCFC0822044BDA71FFF7B4FFF6
:103AB00010BDC046C5670020C7670020C4050020B0
:103AC0000722064B10B506485A70FAF7CBF91222B6
:103AD000044BDA71FFF7A0FF10BDC046C567002098
:103AE000C7670020C40500200822064B10B5064811
:103AF0005A70FAF7F9F91222044BDA71FFF78CFFCA
:103B000010BDC046C5670020C7670020C40500205F
:103B100013226F210D4B10B55A702E329A700D3250
:103B2000DA700C3A1A7111325A7112329A710932E2
:103B3000DA715972053203311A72DA729972044BD2
:103B4000673ADA71FFF768FF10BDC046C56700200D
:103B5000C4050020052310B5054C6370FAF791FDEC
:103B60000322044BA070DA71FFF756FF10BDC04668
:103B7000C5670020C40500202E2310B5054C6370D6
:103B8000FAF770FE0322044BA070DA71FFF744FFCE
:103B900010BDC046C5670020C40500200B2310B52A
:103BA000054C6370FAF785FD0322044BA070DA71AF
:103BB000FFF732FF10BDC046C5670020C4050020D6
:103BC000062310B5054C6370FAF76BFD0322044B16
:103BD000A070DA71FFF720FF10BDC046C567002056
:103BE000C40500200A2310B5064C6370FAF7FCF8F0
:103BF0000422030AA370044BE070DA71FFF70CFF94
:103C000010BDC046C5670020C4050020092310B5BB
:103C1000054C6370FAF73DFD0322044BA070DA7186
:103C2000FFF7FAFE10BDC046C5670020C40500209E
:103C30001FB514230F4C0F2268460F49637003F021
:103C400096FD002202236946895C080020385E2820
:103C500001D8E154013301320F2AF4D1102B02DCD8
:103C6000023AE2540133054ADBB2D371FFF7D4FEC6
:103C70001FBDC046C5670020A88E0108C4050020EE
:103C8000152310B5054C6370FAF75FF90322044B56
:103C9000A070DA71FFF7C0FE10BDC046C5670020F6
:103CA000C405002010B5024B9878FAF747F910BD0B
:103CB0009D6700200D2310B5064C6370FAF709FDCF
:103CC000A070FAF70EFD0422034BE070DA71FFF7E3
:103CD000A3FE10BDC5670020C40500201B2310B53E
:103CE000054C6370FAF7EDFC0322044BA070DA7107
:103CF000FFF792FE10BDC046C5670020C405002036
:103D0000172310B5054C6370FAF7DAFD0322044B54
:103D1000A070DA71FFF780FE10BDC046C5670020B5
:103D2000C40500200222054B10B55A7000229A707B
:103D3000034B0332DA71FFF76FFE10BDC567002039
:103D4000C4050020122310B5094C6370FAF791FCEA
:103D5000084BA070012805D118740322DA71FFF70F
:103D60005BFE10BD0228F8D100221A74F5E7C046A8
:103D7000C5670020C40500201D2310B5094C6370E1
:103D8000FAF7EFF8084BA070012805D15874032208
:103D9000DA71FFF741FE10BD0228F8D100225A74F3
:103DA000F5E7C046C5670020C405002070B518229D
:103DB0000125054B054C9D705A700323E371FFF7F5
:103DC0002BFE257170BDC046C5670020C4050020CC
:103DD000014B18607047C04608680020002370B58A
:103DE000CA0F521852100139934200DB70BDCC1A31
:103DF000065DC55CC65401330555DBB2F4E710B56A
:103E00000B0A017043700B0C090EC1708370042102
:103E1000FFF7E4FF10BD00003E23F0B58E4F85B0E4
:103E2000FB71FB798D4C2370162363708C4B1D68DE
:103E30002B782E00A3702B0038331B786A781B0177
:103E40009B18E3702B0080331A685B680092019323
:103E5000009801990022834BF4F7EEFA39360028D6
:103E600003D13378022B00D8D4E042232371853369
:103E700063713833A371823BE37128696969F7F78D
:103E8000AFFC794B011C1800FFF7B9FF286A696A7B
:103E9000764B1B780093002B00D1C5E0422323739F
:103EA000853363733833A373823BE373009B286BC2
:103EB000696B002B00D1BFE0422323748533637408
:103EC0003833A374823BE374337803AE23752B003D
:103ED0003A331B7863752B003B331B78A3752B009B
:103EE000883318685968F4F775FB80B2030AE375E4
:103EF00020762A6C6B6C3000FFF7CAFC28003388F0
:103F000048305BBA72780380594B31781888A276B2
:103F1000617680B2F7F7F8FB02000B003000FFF784
:103F2000B7FC2800338858305BBA72780380514B55
:103F30003178300022771A685B68E176FFF7A8FCD9
:103F40002800338868305BBA7278317803804A4B36
:103F50006177A2771868596828666966F4F73AFBB2
:103F60002A0080B2030AE377631CD877434B703290
:103F70001B889BB21380190AA21CD177E21CD3774D
:103F80002B002A0072331B887432190A1380221DF9
:103F9000D177621DD3773A4B1868F4F703FB2B00F7
:103FA00080B278331880020AA31DDA77E31DD87730
:103FB0002B002A007A331B887C3213802200190AD6
:103FC0000832D1772200283213702B0022007E3372
:103FD0001B7829321370009BA86AE96A002B33D042
:103FE000230042222A331A70230085322B331A70A1
:103FF000230038322C331A707D232D3423707F3503
:10400000FA79204B2978D154FFF706FD00233B7144
:1040100005B0F0BD00980199F7F7E2FB1A4B011CBF
:104020001800FFF7ECFE28E7F7F7DAFB174B011C47
:104030001800FFF7E4FE39E7F7F7D2FB144B011C39
:104040001800FFF7DCFE3FE7F7F7CAFB114B011C36
:104050001800FFF7D4FED2E7C4050020C567002092
:104060000868002000002E40CD6700206C6700200B
:10407000846700203802002020020020866700208C
:1040800078670020C4670020C9670020D16700203E
:10409000D5670020EF670020014B1879C0B2704748
:1040A000C405002010B5054B9878012802D1F9F716
:1040B0002FFE01E00228FAD010BDC0469D67002007
:1040C00010B5044B9878431E072B01D8F9F726FE4C
:1040D00010BDC0469D67002010B5054B9878092893
:1040E00003D80020F9F720FE01E0F028FAD910BD2E
:1040F0009D67002010B5034BD9789878F9F766FED4
:1041000010BDC0469D67002010B50248FAF7B1F90E
:1041100010BDC0469F67002010B5054B9878012858
:1041200002D1F9F713FE01E00228FAD010BDC04613
:104130009D67002010B5044BDC789878F9F70CFEE9
:104140002000F9F70FFE10BD9D67002010B5024B4F
:104150009878FAF71DF910BD9D67002010B5024B45
:104160009878FAF71DF910BD9D67002010B5024B35
:104170009878FAF71CF910BD9D67002010B5024B26
:104180009878FAF71BF910BD9D67002010B5024B17
:104190009878FAF71AF910BD9D67002010B502480B
:1041A000F9F72FFE10BDC0469F67002010B50248EA
:1041B000F9F73AFE10BDC0469F67002010B50248CF
:1041C000F9F774FE10BDC0469F67002010B5F9F7DF
:1041D000C8FE044B012801D1587410BD00225A7446
:1041E000FBE7C046C405002010B5064B98780128AF
:1041F00002D1F9F79DFE01E00228FAD0FFF7E6FFB1
:1042000010BDC0469D67002010B5084B9C7820006B
:10421000FAF7B0F8012C03D10B22054B1A7010BD30
:10422000022CFCD10D22024BF8E7C0469D6700200E
:104230004902002010B5024B9878FAF7A2F810BD99
:104240009D6700201E2310B5054C6370FAF7EEFA47
:104250000322044BA070DA71FFF7DEFB10BDC046ED
:10426000C5670020C40500202F2310B5054C6370DE
:10427000FAF754FA0322044BA070DA71FFF7CCFB73
:1042800010BDC046C5670020C4050020094B10B50D
:1042900018695969F7F7A4FA074B011C1800FFF7D2
:1042A000AEFD1022054B5A70054B0A3ADA71FFF742
:1042B000B3FB10BDE0090020C7670020C5670020E0
:1042C000C4050020262010B5FF30FAF731FC0400A9
:1042D000FEF778FA022C07D1FEF784FB044B186135
:1042E0005961F7F77DFA10BDFEF7C0FAF6E7C04650
:1042F000E0090020112310B5064C6370FFF776F932
:104300000322054BA070DA71FFF786FB0122034BF5
:104310001A7010BDC5670020C405002098670020F2
:1043200030B585B06846FAF75FF9002301211A001D
:1043300015486C46E55CC45CA54200D00A00013318
:104340000E2BF6D100239A4202D0FAF75AF9FF2336
:104350000E4C3322A370D020FF23627000211A007C
:104360004000FAF762F9FF23E070A2201A00002152
:10437000FF30FAF75AF90522054B2071DA71FFF781
:104380004BFB05B030BDC046A88E0108C5670020B4
:10439000C4050020342310B5054C6370FAF7C6F944
:1043A0000322044BA070DA71FFF736FB10BDC04644
:1043B000C5670020C4050020362310B5054C637086
:1043C000FAF7BEF90322044BA070DA71FFF724FB61
:1043D00010BDC046C5670020C4050020372310B5B6
:1043E000054C6370FAF7B5F90322044BA070DA713B
:1043F000FFF712FB10BDC046C5670020C4050020B2
:10440000382310B5054C6370FAF7ACF90322044B5E
:10441000A070DA71FFF700FB10BDC046C567002031
:10442000C4050020392310B5054C6370FAF7A3F9D1
:104430000322044BA070DA71FFF7EEFA10BDC046FC
:10444000C5670020C4050020F8B5AE4DAE4C2B78F2
:10445000280063716B78637263790233DBB2A371F6
:1044600063796179EE5CC9B2F8F724FC864206D123
:104470006379EB185E78F8F725FC864202D0FFF7E7
:1044800051F9F8BD6379052B13D1637A412B10D113
:104490006B78412B0DD1AB784E2B0AD1EB78422BA8
:1044A00007D12B790D2B04D10122984B1A70FFF7FD
:1044B000D5FA627AD3B2012A00D08CE0AA78A2722F
:1044C000A17ACAB2012914D1914B1A70914B1A707A
:1044D000914B1A70A37A052B2AD1904A043B137092
:1044E0008F4A13708F4A13708B4A1370FFF786FA46
:1044F000C5E7A27A032A03D1854A13708A4A05E0E8
:10450000A27A022A05D1824A1370854A1370854A1D
:1045100005E0A27A042A06D1804A13707D4A1370FE
:104520007D4A1370D6E7A27A062AD3D17B4AE4E704
:10453000A37A812B05D1764B01221A70754B1A7024
:10454000D4E7A37A832B06D1714A823B1370764A53
:104550001370744AC9E7A37A822B04D16C4A813B59
:1045600013706F4AF4E7A37A842B01D16B4BE3E716
:10457000A37A862B02D1694A853BE7E7A37A852B8C
:1045800002D1664A843BEBE7A37A072B02D0A37AD9
:10459000082B0ED10124654B1C70FAF7E3F85F4B32
:1045A000A04200D05A4B1C705A4B1C705A4B1C70C6
:1045B0009CE7A37A872B02D0A37A882B96D101247B
:1045C0005A4B1C70FAF7CEF8544BA04200D0504B17
:1045D0001C70504BEBE7637A022B03D1544B002243
:1045E0001A704CE7637A2E2B08D1A37A002B02D0E5
:1045F000A878F9F7E9FFFFF7BFFA40E7637A052BE0
:104600000AD1AB78A372A37A002B02D1FFF7A2FAEA
:1046100035E7FFF755FDF9E7637A062B0BD1AB7849
:10462000A372A37A002B03D0A07AC0B2F9F782FB61
:10463000FFF7C6FA23E7637A072B12D1AB78A37290
:104640006379032B06D1A37A002B00D017E7FFF77D
:1046500037FA14E76379122B00D910E7FFF7A6FDAC
:10466000F5E7637A082B12D1AB78A3726379032B39
:1046700006D1A37A002B00D001E7FFF735FAFEE65A
:104680006379122B00D9FAE6FFF798FDF5E7637A14
:10469000092B0AD1AB78A372A37A002B02D1FFF7C2
:1046A000B5FAECE6FFF718FDF9E7637A0A2B12D1A9
:1046B000AB78A3726379032B06D1A37A002B00D0C9
:1046C000DDE6FFF78FFADAE66379042B00D0D6E651
:1046D000FFF710FDF5E7637A0B2B2BD1AB78A372B4
:1046E000A37A002B0AD0A37AD8B2012B02D1F9F712
:1046F00027FB03E0A37AD8B2022BF8D0FFF74EFADB
:10470000BDE6C0469D670020C40500203D01002095
:104710009C67002095670020906700209B67002021
:104720009367002091670020926700209A6700201D
:1047300048020020637A0C2B12D1AB78A372637904
:10474000032B06D1A37A002B00D098E6FFF7A4F93B
:1047500095E66379082B00D091E6FFF7D5FCF5E7E5
:10476000637A0D2B10D1AB78A372A37A002B04D0FF
:10477000A37A012B04D1FFF7DDFCFFF79BFA7EE65D
:10478000A37A022BF9D1F6E7637A0E2B03D1AB782B
:10479000A372A37A73E6637A0F2BF8D0637A102B97
:1047A0000FD1AB78A372A37A002B00D067E6FFF796
:1047B00089FDF6F7CDFFBB4C20616161FFF766FD17
:1047C0005DE6637A112B08D1AB78A372A37A002B34
:1047D00000D054E6FFF78EFD51E6637A122B10D11C
:1047E000AB78A372A37A002B04D0A37A012B04D157
:1047F000FFF758FCFFF7A6FA41E6A37A022BF9D19E
:10480000F6E7637A1D2B10D1AB78A372A37A002B45
:1048100004D0A37A012B04D1FFF7E6FCFFF7ACFA32
:104820002DE6A37A022BF9D1F6E7637A132B08D190
:10483000AB78A372A37A002B00D020E6FFF768F9CB
:104840001DE6637A142B08D1AB78A372A37A002BF0
:1048500000D014E6FFF7ECF911E6637A152B0CD1C2
:10486000AB78A372A37A002B04D0637A002B01D01B
:10487000FFF718FAFFF704FA01E6637A162B08D15E
:10488000AB78A372A37A002B00D0F8E5FFF7C4FA47
:10489000F5E5637A172B08D1AB78A372A37A002BC6
:1048A00000D0ECE5FFF72CFAE9E5637A1B2B10D179
:1048B000AB78A372A37A002B04D0A37A012B04D186
:1048C000FFF72AFCFFF70AFAD9E5A37A022BF9D100
:1048D000F6E7637A1C2B06D163790E2B00D0CEE568
:1048E000FFF75CFCCBE5637A1E2B10D1AB78A3728B
:1048F000A37A002B04D0A37A012B04D1FFF784FC08
:10490000FFF7A0FCBBE5A37A022BF9D1F6E7637AA7
:104910002F2B10D1AB78A372A37A002B04D0A37AEB
:10492000012B04D1FFF786FCFFF79EFCA7E5A37AD5
:10493000022BF9D1F6E7637A1F2B09D15A4B9B78EA
:10494000A372A37A002B00D199E5F7F7F5F9CDE52D
:10495000637A242B07D1544B9B78A372A37A002B44
:1049600000D18CE5C2E5637A504C252BF3D0637AF5
:10497000282B1AD14C4B01229B78F420A3720023E0
:104980001900F9F752FE431E9841494BC0B2187006
:10499000002301221900F520F9F747FE431E984134
:1049A000444BC0B21870A37AA0E5637A312B02D1D0
:1049B000F9F750FD9AE5637A322B01D13E4B0EE6B2
:1049C000637A332B0FD1384B9A78A272A27A002ADD
:1049D00006D0A27A012A03D11979D878F9F718FEFE
:1049E000FFF79EFC4BE5637A342B0AD12E4B9B7864
:1049F000A372A37A002B01D0FFF7A8FBFFF7CAFC34
:104A00003DE5637A352B3FD10125002400260027A0
:104A1000F7F7CAF9294B1D70F7F78EF9F7F7B8F9D0
:104A20000020F9F7EEFC224BF4201C701978C9B273
:104A3000FAF79CF81F4BF5201C701978C9B2FAF7E9
:104A400095F8FCF791FEFCF79BFEFCF7A5FEFCF742
:104A5000B9FEFCF7CFFE2000F9F7CCFC184B1C7018
:104A6000FCF7BCFE174B1E605F60F9F7D9FB164BD5
:104A70001E605F60F9F746FC144BFA201D70197830
:104A8000C9B2FAF773F831E5637A362B20D1064BB9
:104A90009B78A372A37A002B01D0FFF75FFBFFF78F
:104AA0008BFCECE4E00900209D670020C405002099
:104AB000CF650020CD6500203C010020B7650020B7
:104AC000F80A0020D003002038020020CC65002026
:104AD000637A372B0AD1144B9B78A372A37A002BED
:104AE00001D0FFF743FBFFF779FCC8E4637A382B6A
:104AF0000AD10D4B9B78A372A37A002B01D0FFF74C
:104B00003DFBFFF77DFCBAE4637A392B00D0B6E4B5
:104B1000054B9B78A372A37A002B01D0FFF736FBDD
:104B2000FFF780FCABE4C0469D67002010B5044B46
:104B30000A000100180002F01AFEFFF785FC10BD04
:104B40009D6700200D488546FCF740FA0C480D494A
:104B50000D4A002302E0D458C4500433C4188C42D8
:104B6000F9D30A4A0A4C002301E013600432A2423E
:104B7000FBD302F0D5FDFAF7C1F9FEE70090002063
:104B800000000020AC02002010900108B0020020BC
:104B90005C690020FEE7000070B5104B0500197835
:104BA000002901D1012070BDFA208000F3F7BEFA80
:104BB0000B4C01002068F3F7B9FA00F083F8041EEB
:104BC000F0D1032DEED8020001202900404200F070
:104BD00043F8044B20001D60E5E7C0464A02002070
:104BE000400100204C0200208023084A5B0011682D
:104BF00010B50B4300201360FFF7CEFF041E03D156
:104C0000FBF7FAFC200010BD0124FBE70020024066
:104C1000034A044B11681B785B1813607047C04649
:104C20000C6800204A020020014B18687047C046FB
:104C30000C68002070B50400FFF7F6FF0500631C48
:104C400002D0044B1B78E418FFF7EEFF401BA04294
:104C5000FAD370BD4A02002010B5FF2403220B00D6
:104C600021000240D20091409B012340C943934060
:104C700000280ADBC0240B4A800880008018A400AA
:104C800002590A401343035110BD0F221040083847
:104C9000054A800880008018C26911401943C1612B
:104CA000F2E7C04600E100E000ED00E0002805DB8F
:104CB0001F2318401E3B8340014A13607047C046C3
:104CC00000E100E08022431E5204012093420DD2F5
:104CD000C021074A07485360036A09061B021B0AE2
:104CE0000B43036200200723906013607047C046A7
:104CF00010E000E000ED00E0F0B5846CC56C65608C
:104D0000046D002C02D0446D856D65601C24056C1B
:104D1000084E25401B3CAC4077683C4374600468F7
:104D200063608368102B02D1A260E160F0BDA160D6
:104D3000E260FBE70000024010B50400036C094A82
:104D40009B089B189B00436400681421C0B208387C
:104D5000F3F7ECF9044BA3641F2318401E3B834078
:104D6000E36410BD0082001080080240F8B5040022
:104D70000120002C46D02568254B1421E818F3F7B4
:104D8000D5F902238000A61D2064F3772B68214A01
:104D9000A76813402B60E36821693B430B436169BB
:104DA0002A680B43A16920000B43E1690B43216A88
:104DB0000B4313432B60FFF7BFFF8023DB019F42B0
:104DC00001D1002363603F236268616C13400B6074
:104DD000E06CA16C013A4860032A14D80E4A0F48CF
:104DE00099180122013B9A40A26513000022890014
:104DF000216560650A60436000200123E06305349B
:104E0000F377E077F8BD002323656365A365F3E7D7
:104E1000F8FFFDBF0F80FFFF3F82001040090240F6
:104E2000F7B5451D0193EE7F04000220012E33D01B
:104E30000138E877A71DFE7FB4466346F6B20096B8
:104E40000026834230D10130F8772568E663286870
:104E5000009B98432860019B2000FFF74DFF236BC8
:104E6000B3421AD00E232A6813432B60636C1A686E
:104E7000D20304D58022196852000A431A60236DB8
:104E8000002B04D08022196852000A431A600123C3
:104E900000202A6813432B60FEBD04222B68934335
:104EA0002B602A680A23DFE78023E363EE77F3E7CA
:104EB000F0B5002808D0841DE37F411D022B05D0EA
:104EC0000423C3630023CB770120F0BD0E250268C5
:104ED000466C1368AB4313603368104D2B4033604E
:104EE000012316689E431660026C1B331A401B3B5D
:104EF00093400B4E77683B437360C26C836C5A607F
:104F0000036D002B05D01A682A401A60436D826D2C
:104F10005A6001230020E377C877D6E7FFFEFFFF42
:104F200000000240F8B5811DCB7F022B03D0042383
:104F3000C3630120F8BD0E2402681C271368456C6A
:104F4000A3431360012314689C4314602A68104C27
:104F500022402A60026C0F4D3A4093406E68334302
:104F60006B60C26C836C5A60036D002B05D01A68AD
:104F700022401A60436D826D5A6001230022CB7774
:104F8000431DDA77836B934200D098470020D1E726
:104F9000FFFEFFFF00000240F8B51C240427016C4F
:104FA000264A21403C008C40166803681D68264252
:104FB0000FD03D420DD01968890602D41968B94353
:104FC000196053681C43036B5460002B1BD0984737
:104FD00019E002273C008C40264215D03D4213D0F8
:104FE0001968890606D40A251968A94319600121A0
:104FF000831DD97753681C4354600022431DDA7720
:10500000C36A9342E3D1F8BD082427008F403E4293
:10501000F9D02542F7D00E251C68AC431C60012353
:105020001D008D402900546821435160821DC363D7
:10503000D3770022431DDA77436BE2E7000002409A
:105040000023F0B585B00A681400DC4001D105B03A
:10505000F0BD012514009D402C4000942A4200D14F
:1050600091E04A685F00944603226446224003248C
:10507000BC40E4430194541E012C2ED88668019C48
:105080002640CC68BC403443846044680126AC436D
:1050900025006446240934409C402C434460C56884
:1050A000019C25408C68BC402C43C460022A16D168
:1050B00007250F261D40AD00AE40DC08A4000419F2
:1050C0000294246A03962600039CA64334000E69CA
:1050D000AE402643029C266201E0032ADFD1BA409B
:1050E0000468019D25402A43C02402606246A40250
:1050F000224248D0254A03259C08A400A4180F2268
:105100001D40ED00AA40A027266EFF059643002211
:10511000B8420CD01E4F0132B84208D01D4F0132A8
:10512000B84204D01C4F0332B84200D1023AAA4020
:10513000674632432266154C009A2668009DD2438A
:105140003543FF0201D43500154067462560666887
:10515000009D3543BF0201D43500154067466560A8
:105160000E4C009DE66F3543BF0301D4350015405A
:105170006746E5670A4C009EE56F2E43FF0301D4A6
:1051800015402E00E66701335DE7C0460018024077
:105190000004005000080050000C005008180240A5
:1051A0000418024000690840431E9841C0B270478D
:1051B000002A01D0816170478162FCE770B504006C
:1051C0000120002C3FD0250041352B78DAB2002B8E
:1051D00005D12300403320001A70FBF725FA242361
:1051E00001212B702368E0681A68A6688A431A6058
:1051F0001A4962680A401A619A6819490A409A6015
:10520000012821D18022120232439A605868154A3F
:1052100002435A60DA6800200A40DA606169226954
:105220000A43A16909020A43DA60216AE2690A4372
:105230001A60012219680A431A60202360642B70E7
:1052400020634234207070BD8422120232439A607F
:105250000228DBD1802212015A60D7E7FFFFFFF05E
:10526000FF7FFFFF00800002F0B504004134227888
:1052700003000F000220D6B2202A18D11D004035AD
:105280002A78012A13D0242222701B68233A196835
:105290000748914319601968014000201960196896
:1052A0003943196019680A431A6026702870F0BDE6
:1052B000FFEFFFFF0200F0B5413214780300E5B2C2
:1052C0000220202C17D11C0040342678012E12D049
:1052D000223010701B6823381E68074F86431E60FB
:1052E0001E6809023E40314319601968084318607E
:1052F000002015702070F0BDFFF0FFFF8023034AEF
:105300005B0011680B4313607047C046007000409B
:1053100010B5114C1149236802000B400343236070
:10532000802300209B009A420ED10D4B0D49186836
:1053300006235843F2F7FAFE8022431CD20061692B
:1053400008001040114200D110BD002B01D0013BDC
:10535000F5E70320F8E7C04600700040FFF9FFFFC3
:105360004001002040420F00F0B5040085B0002845
:1053700002D1012005B0F0BD0368DB0710D423681B
:105380009B075CD423681B0700D5C1E023685B073B
:1053900000D5F2E0E369002B00D079E10020E9E7D5
:1053A0003822AF4DAB681340EA68102B09D1D343C4
:1053B0009B0708D12B689B03E1D56368002BDED1E6
:1053C000D7E7082BF6D0802263685202934211D1AE
:1053D0002A6813432B60FFF727FC80270600BF02D3
:1053E0002B683B42CBD1FFF71FFC801B6428F7D909
:1053F0000320BFE7A021C9028B4208D1802329687E
:10540000DB020B432B602B681A432A60E3E72A6810
:1054100094490A402A602A6893490A402A60002B6E
:10542000D9D1FFF701FC80270600BF022B683B4261
:10543000A5D0FFF7F9FB801B6428F7D9D8E73822FD
:10544000874DAB681340EA68102B28D103210A402E
:10545000022A26D12A68520503D5E268002A00D123
:1054600087E7696862698148120201400A436A60FD
:10547000002B0CD12B687E4A7E49134022691343CE
:105480002B602B687C4A9B045B0FDA400A607B4BE5
:105490001868FFF781FB002800D173E769E7002B4C
:1054A000D8D0E368002B20D02B68714A80271340A6
:1054B0002269FF0013432B6080232A685B0013439B
:1054C0002B60FFF7B1FB06002B683B4207D06A68F0
:1054D000636966491B020A4013436B6052E7FFF79A
:1054E000A3FB801B0228EFD982E72B68644A802740
:1054F00013402B60FFF798FB0600FF002B683B4230
:1055000000D13FE7FFF790FB801B0228F6D96FE739
:105510003822534DAB681340182B08D12B6E9B07D4
:1055200000D433E7A369002B00D02FE721E7A2695D
:105530000123002A10D02A6E022713432B66FFF79F
:1055400073FB06002B6E3B4200D01FE7FFF76CFB9E
:10555000801B0228F6D94BE72A6E02279A432A6657
:10556000FFF762FB06002B6E3B4200D10EE7FFF710
:105570005BFB801B0228F6D93AE73822384DAB682E
:105580001340202B08D1EB6D9B0700D402E7A368E2
:10559000002B00D0FEE6ECE680220021EB6B5205EA
:1055A0000091134208D1EB6B1343EB63EB6B134099
:1055B0000393039B012300938027324E7F003368BF
:1055C0003B4215D0A368012B22D1EA6D1343EB6552
:1055D000FFF72AFB02270600EB6D3B4238D0009B09
:1055E000012B00D0D6E6EB6B274A1340EB63D1E6E4
:1055F00033683B433360FFF717FB019033683B424E
:10560000E0D1FFF711FB019BC01A0228F6D9EFE6A3
:10561000EA6D052B05D1013B1343EB65EA6D0123D0
:10562000D4E701218A43EA65EA6D03318A43EA65DA
:10563000002BCDD1FFF7F8FA02270600EB6D3B42B5
:10564000CDD0FFF7F1FA114B801B9842F6D9CFE687
:10565000FFF7EAFA0D4B801B9842BDD9C8E6C04659
:1056600000100240FFFFFEFFFFFFFBFFFF80FFFF78
:10567000FFC7FFFF400100200024F4004C0200207F
:10568000FFFEFFFF00700040FFFFFFEF88130000E8
:105690003821434DAA680A40102A53D0414A022BB0
:1056A0003AD12B68802713402B60FFF7BDFA060024
:1056B000BF042B683B4229D1616A236AEA680B4325
:1056C000394980260A401343E26AB6041343226B29
:1056D0001343626B1343A26A12021343EB608023ED
:1056E0002A685B0413432B608023EA685B0513433D
:1056F000EB60FFF799FA04002B68334200D04DE6C7
:10570000FFF792FA001B0228F6D971E6FFF78CFA30
:10571000801B0228CDD96BE62B68802613402B60B6
:10572000FFF782FA0400B6042B68334204D1EB6819
:105730001E4A1340EB6031E6FFF776FA001B0228A1
:10574000F2D955E6012B00D113E60322E868216A5D
:1057500002408A4200D00CE67022616A02408A420E
:1057600000D006E6FE21A26AC90101401202914260
:1057700000D0FEE5F822E16A920302408A4200D09E
:10578000F7E5E022216B120502408A4200D0F0E5E5
:10579000636B400F4007C01A431E9841C0B2E9E551
:1057A00000100240FFFFFFFE8C80C111FCFFFEEEE7
:1057B000382370B51D4CA2681A4205D123681C48D5
:1057C0009B045B0FD84070BDA2681A40082A27D0FE
:1057D000A2681A40102A17D1E368E168DB43E56844
:1057E0004906490F6F322D0A013115409B0709D137
:1057F0001048F2F79BFCE1686843490F0131F2F76A
:1058000095FCE0E70A48F4E7A2681A40202A09D08C
:10581000A26800201340182BD5D1FA20C001D2E78E
:105820000448D0E780200002CDE7C04600100240C7
:105830000024F40000127A00F7B504000D000028DF
:1058400001D10120FEBD0727484E33683B408B4203
:105850002AD3226893073BD4D20748D4072733685A
:105860003B40AB420AD93368BB432B433360FFF75D
:10587000DBF9019033683B40AB4268D123683C4D73
:105880005B076CD4FFF794FFAB683A491B051B0F0D
:105890009B005B581F210B40D840374A374B1060A4
:1058A0001868FFF779F9CDE73368BB430B433360E2
:1058B000FFF7BAF9019033683B40AB42C9D0FFF71C
:1058C000B3F9019BC01A2E4B9842F4D90320B9E7D3
:1058D0002749530704D5E0238868DB0103438B6025
:1058E0008B6828480340A06803438B60B4E7606876
:1058F0001F4F032829D8F2F705FC20021C243B681F
:105900009B039ED50722BB6893430343BB60FFF70D
:105910008BF901903823BA681A406368DB009A4219
:105920009CD0FFF781F9019BC01A154B9842F1D921
:10593000CCE73B689B01E5D483E73B685B05E1D49A
:105940007FE73B6E9B07DDD47BE7FB6DFAE7FFF754
:105950006BF9019BC01A0A4B98428BD9B6E7AB682A
:10596000094A1340E2681343AB608BE70020024012
:1059700000100240688E0108400100204C02002007
:1059800088130000FFF0FFFFFF8FFFFF064B074962
:105990009B68074A5B045B0F9B005B581F211068E4
:1059A0000B40D8407047C04600100240488E0108A6
:1059B00040010020F0B50368040085B000209B037F
:1059C00052D58022704D5205EB6B0090134208D1E6
:1059D000EB6B1343EB63EB6B13400393039B0123CC
:1059E00000938027694E7F0033683B433360FFF7A5
:1059F0001BF9019033683B4228D0EA6DC0231000A8
:105A00009B00216B624E18401A4218D0814216D07A
:105A10008022EB6DE86D190052020243EA65EA6DDF
:105A20005C4831400240EA65E965DB0707D5FFF7CE
:105A3000FBF807000222EB6D134200D19CE0EB6DF6
:105A4000226B334013430020EB6506E0FFF7ECF8D0
:105A5000019BC01A0228CDD90320009B012B03D142
:105A6000EB6B4D4A1340EB632368DA0706D5032539
:105A700045494A6DAA4365682A434A659A0706D58F
:105A80000C2541494A6DAA43A5682A434A65DA06AE
:105A900006D53D49414D4A6D2A40E5682A434A658D
:105AA0009A0506D538493E4D4A6D2A40A5692A43D4
:105AB0004A655A0506D534493A4D4A6D2A40E5698A
:105AC0002A434A659A0606D52F49374D4A6D2A4022
:105AD00025692A434A655A040FD52B49256A4A6D20
:105AE000920092082A434A658022D205954204D149
:105AF0008022CD6852022A43CA601A0306D5402587
:105B000021494A6DAA43656A2A434A659A020FD51C
:105B10001D49264E4A6DA56A32402A434A658022B5
:105B2000D203954204D18022CD6852042A43CA6030
:105B30005A020DD5144D1E4E696DE26A3140114373
:105B40006965802149048A4202D1E9680A43EA6012
:105B50001B050FD50C4A6169536D164C23400B434E
:105B600053658023DB01994204D18023D1685B0215
:105B70000B43D36005B0F0BDFFF756F80E4BC01BCA
:105B8000984200D856E767E70010024000700040D6
:105B9000FFFCFFFFFFFFFEFFFFFFFFEFFFF3FFFF35
:105BA000FFFFF3FFFFFFCFFFFFCFFFFFFFFFBFFFB1
:105BB000FFFFFFFEFF3FFFFF88130000A0210268E8
:105BC000F8B5D36804008B43D360FFF72DF8FA27AC
:105BD00005002026BF002368DB68334201D0002087
:105BE000F8BDFFF721F8401BB842F4D90320F7E7CE
:105BF000F7B5402603680500DA680024324211D167
:105C00008022D968FA270A43DA60FFF70DF8BF004F
:105C100000902B68DB681A0032400192334201D1B8
:105C2000032C01D12000FEBDFEF7FEFF009B019C6E
:105C3000C01AB842EDD92B00032429331C70E8E7C1
:105C4000802270B50F4C0500E3689343E360A369BD
:105C5000603A134207D1FFF7B1FF002802D00320BA
:105C60002935287070BDA3699343A361FFF7A6FF90
:105C7000002802D00320293528702023A26913436D
:105C8000A361EFE70028004070B504000120002C5C
:105C900017D0250029352B78DAB2002B08D1230044
:105CA00028331A7088231B0220006360FAF7FEFC79
:105CB00002232B702368DA68D20603D50123002063
:105CC0002B7070BDCA225A62773A20005A62FFF7E1
:105CD0008FFF002825D1236815499A6960690A4019
:105CE0009A61A26899690243E06902430A439A6192
:105CF000226920001A61E268196912040A431A61D4
:105D0000FFF79EFF00280CD12268266A9369DB000A
:105D1000DB089361636A91693343A66933430B439C
:105D20009361FF2223685A620028C7D0C9E7C046A2
:105D3000BFFF8FFBF8B504000120002C67D0636A19
:105D4000002B65D1822261685200914200D0E3614C
:105D500000232500A3625D352B78DAB2002B05D134
:105D600023005C3320001A70FAF7CEFC0223402295
:105D70002B702168E6680B689343E0220B60D20029
:105D80000023964248D9F02218001201964200D012
:105D9000A36282228427636852001340A2683F02F4
:105DA0003A40022713432269A5693A40134301226E
:105DB000676917403B438027BF002F403B43E7699B
:105DC000373217403B43276A4832174080223B4313
:105DD000A76A920117403B43102708220B60636AB1
:105DE0002D0C3B40676B17403B43F0273F013E4083
:105DF0003343042635402B4303434B60CB690848AB
:105E000003400020CB61012320665D342370F8BD80
:105E10000023236163619BE780204001B6E7C04611
:105E2000FFF7FFFFC022042313B50468D200A16866
:105E300008001040114200D116BDE168013B0191FC
:105E4000DBB20199002BF2D10320F5E7010003003A
:105E5000012010B53D310C78E2B284421FD1001808
:105E600008701B68D9681143D9600E498B4209D06C
:105E70008021C9058B4205D00B498B4202D00B49CA
:105E80008B420DD19A680A490A40062A06D0073982
:105E90008A4203D0012219680A431A60002010BD0B
:105EA0001968F9E7002C014000040040004001405F
:105EB000070001000121036810B5DA688A43DA603F
:105EC0001C6A074A144206D11C6A064A144202D1CF
:105ED0001A688A431A6001233D300370002010BD08
:105EE000111100004404000070477047704770476C
:105EF0000222036810B51969040011420ED0D96856
:105F000011420BD0053A1A61043202779B699B0754
:105F100000D186E0FFF7E9FF0023237704222368FE
:105F20001969114211D0D96811420ED0093A1A618B
:105F3000073222779A69C0239B0020001A4200D1C1
:105F400075E0FFF7D2FF0023237708222368196941
:105F500011420ED0D96811420BD0113A1A610D329C
:105F60002277DB6920009B0767D0FFF7BEFF002385
:105F70002377102223681969114210D0D968114281
:105F80000DD0213A1A6119322277DA69C0239B00B9
:105F900020001A4257D0FFF7A8FF002323770122E1
:105FA00023681969114207D0D968114204D0033A15
:105FB00020001A61F9F75CFB8022236819691142FD
:105FC00008D0D968114205D0023AFF3A20001A6180
:105FD00000F0EFF823681A69D20507D5DA681206CF
:105FE00004D51C4A20001A6100F0E4F8402223681E
:105FF0001969114207D0D968114204D0813A2000B2
:106000001A61FFF774FF202223681969114207D033
:10601000D968114204D0413A20001A6100F0C8F852
:1060200010BDFFF761FF2000FFF760FF74E7FFF787
:106030005BFF2000FFF75AFF85E7FFF755FF2000C1
:10604000FFF754FF93E7FFF74FFF2000FFF74EFFE6
:10605000A3E7C046FFFEFFFF10B51C4C0368A0423B
:1060600006D08022D205904202D0194A904208D12F
:10607000702293434A681343164A1A40CB6813436D
:106080000BE0154A9042F7D0144A9042F4D0144ADB
:106090009042F1D0134A9042EED0802293434A6955
:1060A000134303608B68C3620B688362A04208D00D
:1060B0000A4B984205D00A4B984202D0094B9842AD
:1060C00001D10B6903630123436110BD002C014022
:1060D00000040040FFFCFFFF0020004000400140A2
:1060E000004401400048014070B504000120002C2C
:1060F00023D025003D352B78DAB2002B05D12300C3
:106100003C3320001A70FAF751FB02232B702068F1
:10611000211DFFF7A1FF2200012300204832137048
:1061200047340A3A137053709370D37013715371DC
:106130009371D371137223702B7070BDF0B504008E
:1061400002223C34257803001000012D26D01D00CA
:106150003D352A701B68124E5A689868B34203D1C5
:10616000104F3A404F683A437027BA430F683A439A
:106170005A60B34209D08022D205934205D00A4A20
:10618000934202D0094A934204D1802290438A6804
:1061900010439860012300202B702070F0BDC04692
:1061A000002C0140FFFF0FFF0004004000400140B1
:1061B000704770477047000030B5EFF3108401223C
:1061C00082F31088C02501680B68AB430B6084F331
:1061D0001088EFF3108182F310880268044C9368F2
:1061E0002340936081F3108820238830036030BD02
:1061F000FFFF7FFF30B5EFF31084012282F3108898
:106200000168134D0B682B400B6084F31088EFF38B
:10621000108182F3108802680E4C936823409360CB
:1062200081F31088C36E012B0AD1EFF3108183F341
:106230001088102402681368A343136081F3108848
:10624000030020228C331A600023C366436730BDED
:10625000DFFEFFFFFEFFFFEF70477047704770479C
:1062600070B5846A230088331A685D6823689B6868
:106270001B0608D5212A06D1230000225633200010
:106280001A80FFF799FF23689B685B0608D5222DCB
:1062900006D1230000225E3320001A80FFF7AAFFF8
:1062A000220010239032116820000B431360FFF787
:1062B000D6FF70BD806A0023020010B55E321380E5
:1062C000083A1380FFF7CBFF10BD0000F7B5016857
:1062D000C14DCB6904000A6888682B4210D1202583
:1062E0002B4200D19BE080267605154006403543C1
:1062F00000D194E0636F2000002B00D085E085E0A2
:10630000B64D05400095B64D009E1540354300D171
:1063100085E0250001269035334205D0D70503D509
:106320000E622F683E432E60022633420CD0C70710
:106330000AD527000E6290373E680197B4460426BE
:1063400067463E43019F3E60042633420CD0C70798
:106350000AD527000E6290373E680197B4460226A0
:1063600067463E43019F3E600826B446334209D04B
:106370002027009E1740374304D066460E622F68E0
:106380003E432E6080263601334206D0570104D5A5
:106390000E6220212E68314329602968002935D0FA
:1063A00020210B420AD080235B0511400340194392
:1063B00004D0636F002B01D02000984722682B681F
:1063C0004027966828223E40134020001E4322D0DA
:1063D000FFF710FF23689B683B4218D0EFF3108152
:1063E000012383F31088250004CD9368BB43936099
:1063F00081F31088E86F002809D07A4B8363FEF799
:1064000091FD002802D0E86F836B9847F7BD20000C
:10641000FFF725FFFAE7FFF722FF2E60F6E7E56EAC
:10642000012D00D09FE01026334200D19BE0324284
:1064300000D198E00E62896840230A001A40194290
:1064400057D0211DCA6F1068426892B2002ADDD071
:1064500027005C373F889742D8D927005E373A80BB
:10646000026820208446104000906046024232D1EB
:10647000EFF3108785F3108820685B4E0268324086
:10648000026087F31088EFF3108785F31088206887
:106490008268AA43826087F31088EFF3108785F340
:1064A0001088206882689A43826087F310882300EE
:1064B00062468C331A60009BE366EFF3108085F32D
:1064C000108822680F351368AB43136080F310887F
:1064D000C86FFEF7EDFC02232200236723005C3225
:1064E0005E331B881188C91A89B22000F8F726FF8D
:1064F0008CE7230020005C335E3019880388008815
:106500009BB2002800D181E7C91A89B2002900D1C5
:106510007CE7EFF3108785F310882068334E03681B
:106520003340036087F31088EFF3108785F31088FA
:1065300020682F4E83683340836087F310882300E0
:1065400020208C331860E2666267EFF3108085F3D9
:106550001088102522681368AB43136080F31088FD
:1065600002232367C1E780256D032B4206D0460234
:1065700004D520000D6200F0E7FB47E780210B42C5
:1065800007D080252D0411402840014301D0A36F7E
:10659000B1E640210B4216D00A4214D0EFF310802E
:1065A000012383F31088226813688B43136080F300
:1065B00010882300202288331A6000232000A3675C
:1065C000FFF74AFE22E7190214D5510012D5200028
:1065D00000F0BCFB1AE7C0460F08000001000010E5
:1065E00020010004B5620108FFFEFFFFDFFEFFFF90
:1065F000FEFFFFEFDB0100D408E7002A00DB05E720
:10660000200000F0A2FB01E70123806A10B50367B8
:10661000C36E012B06D103005C3319884908F8F7D3
:106620008DFE10BDFFF71AFEFBE7000003001B689C
:1066300020221B6870B51900806A1140134234D1C2
:1066400003005E331980EFF31085012383F3108874
:1066500004681D4E21683140216085F31088EFF3F6
:10666000108583F310880468A1689943A16085F3BD
:106670001088EFF3108483F31088402501688B683D
:10668000AB438B6084F3108803008C331A60C36EB5
:10669000012B0AD1EFF3108183F3108810240268D4
:1066A0001368A343136081F3108800230367C36E4C
:1066B000012B05D103005C331988F8F73FFE70BD4C
:1066C000FFF7CBFDFBE7C046FFFEFFFFF8B5040078
:1066D0002569A26823682A4365691968C0692A4345
:1066E000734D024329400A431A605A687149A569EB
:1066F0000A40E1680A4370495A608B4201D0226A1D
:1067000015439A686D4E32402A430F259A60DA6A23
:10671000AA43656A2A43DA62694A934225D1694BE2
:106720005A6D03231A4080231B02022A00D1BBE0CA
:10673000032A00D1B2E0012A00D1A8E0984200D19A
:106740007DE0FFF723F9002845D0626A5E4B5200D6
:10675000D15AF1F7EBFC65686B08C0182900F1F716
:10676000E5FC0200594B103A64E0594A934212D1B9
:106770000C22544B5B6D1340082B00D192E005D8DE
:10678000002B00D081E080231B02D7E70C2B00D127
:1067900082E0012020E04F4A9342F4D04E4A9342D7
:1067A000F1D08B42F5D1C0228021464B12015B6DA6
:1067B000090113408B4215D004D8002B07D1FFF7F5
:1067C000E5F806E09342E4D1802636020BE0FEF7BE
:1067D000EFFF061E07D10020404BA366002363672E
:1067E000A367F8BD3E4E626A374B5200D75A30005D
:1067F0003900F1F79BFC032365686B438342C8D8DB
:106800002B038342C5D300233A0030001900F1F76F
:106810007BFE0027060E0B02334302026E0892191C
:106820007B41100019002A003B00F1F76DFE2D4B53
:10683000C2182D4B9A42ACD82368D860CBE7FFF73B
:10684000A5F80028C7D0626A1F4B5200D15AF1F751
:106850006DFC656840006B08C0182900F1F766FC04
:1068600002001A4B103A9A4200D992E70F23020015
:1068700000079A4393B2400F22680343D360AAE70C
:106880001748E0E7FEF794FF5DE780231B0298427C
:10689000F8D1FEF78DFFD4E780231B029842D2D0B7
:1068A000180052E780231B029842E9D00C484CE7BD
:1068B000F369FFCFFFCFFFFF00800040FFF4FF111F
:1068C0000038014000100240968F0108EFFF0000E1
:1068D0000044004000480040004C0040010001001E
:1068E0000024F40000FDFFFFFFFC0F00836A30B5B9
:1068F000DA0706D50168284C4A682240C46A224358
:106900004A609A0706D50168244C4A682240046B05
:1069100022434A605A0706D50168214C4A68224042
:10692000446B22434A601A0706D501681D4C4A6829
:106930002240846B22434A60DA0606D501681A4C6D
:106940008A682240C46B22438A609A0606D5016891
:10695000164C8A682240046C22438A605A0610D57D
:106960000168134D4A68446C2A4022434A608022E1
:106970005203944205D14A680E4C2240846C224353
:106980004A601B0606D502680B4953680B40C16C70
:106990000B43536030BDC046FFFFFDFFFFFFFEFF0E
:1069A000FFFFFBFFFF7FFFFFFFEFFFFFFFDFFFFFAB
:1069B000FFFFEFFFFFFF9FFFFFFFF7FFF8B50400AA
:1069C0000D0017001E002268D3692B405B1B594243
:1069D0004B41BB4201D0002029E0069B0133F3D09C
:1069E000FEF722F9069B801B984201D8002B1FD18D
:1069F000EFF31080012282F310882168204D0B688C
:106A00002B400B6080F31088EFF3108082F3108826
:106A100021688B6893438B6080F3108823001F32BA
:106A200088331A605A600023032084342370F8BD31
:106A300023681A685207C6D58022D969120111420B
:106A4000C1D01A62EFF31080012282F3108821680E
:106A50000B4D0B682B400B6080F31088EFF3108018
:106A600082F3108821688B6893438B6080F31088D1
:106A7000220020238832136053609360D3E7C0461E
:106A80005FFEFFFFF0B51700020087B08832059364
:106A9000136804000D000220202B45D10138002985
:106AA00042D0002F40D08023A1685B01994204D1DD
:106AB0002369002B01D1054236D1230000269033F3
:106AC0001E6021231360FEF7AFF8230054331F80AC
:106AD000023303931F808023A26804905B019A42D3
:106AE00004D12369B34201D12E001D002300563387
:106AF0001B889AB2002B0CD1059B402100932000EB
:106B0000049BFFF75BFF00280DD12023883423600E
:106B10000AE0059B0022009380212000049BFFF7E0
:106B20004DFF002802D0032007B0F0BD2268002DE1
:106B30000BD133880236DB05DB0D9362039B039A8E
:106B40001B88013B9BB21380D0E72B780135936201
:106B5000F4E70000030073B50026040090331E60C4
:106B6000FEF762F8236805001B681B0719D4236829
:106B70001B685B070AD58021104B00220093200080
:106B80002B00C903FFF71AFF002815D122000020AF
:106B90002023883213605360E066206784342070BD
:106BA0000BE08021054B3200009389030300200095
:106BB000FFF704FF0028DAD0032076BDFFFFFF01B6
:106BC000F8B513000200060005005C3281650F0075
:106BD00013802221002290368C3532602960011DFD
:106BE0000400C86F904213D01D498263C1621D49E1
:106BF0003A0001631C49416321682431FEF710F912
:106C0000002805D0102301203360DB182B60F8BD6D
:106C10002369002B0BD0EFF31081012383F310883D
:106C20002268FF3310680343136081F31088EFF389
:106C30001080012383F3108821688A681A438A60D0
:106C400080F31088EFF3108183F3108822683F33BC
:106C500090680343936081F310880020D7E7C04613
:106C60002D6601080966010861620108F7B5070091
:106C7000436E04006A37002B04D101203880683449
:106C80002080F7BD03680B4E9A689B680A4D5B0F26
:106C9000F05CE95CC0000192F1F7D2FA019B388008
:106CA0001B015B0FF05CE95CC000F1F7C9FA80B230
:106CB000E5E7C046B68F0108AE8F0108F7B50400BE
:106CC0000E001D000192002801D10120FEBD070029
:106CD00088373B68002B04D1020084321370F9F727
:106CE000D9FD2423012122683B60136820008B43D7
:106CF0001360FFF7EBFC0128E7D0A36A002B02D05A
:106D00002000FFF7F3FD80222368D20199682D044B
:106D10000A439A609A680A4920000A4032439A60FE
:106D2000019A51050D431A6806490A40154301228C
:106D30001D6019680A431A60FFF70CFFC6E7C046DA
:106D4000FF7FFFFFFFFF00FC7047704770470000A8
:106D500070B504008434227803000220012A11D087
:106D60001D002422012688352A601A6811681068DF
:106D7000B043106004480140002058662023116091
:106D80002B60207070BDC046FFFFFFDFF8B5050027
:106D900084350B0029780222012915D00600012133
:106DA0000468883622323260276822688A4322606B
:106DB000A168C900C9081943A160FFF757FF202344
:106DC0000022276033602A701000F8BDF8B5050076
:106DD00084350A0029780223012915D006000121F3
:106DE0000468883622333360276823688B43236026
:106DF000A168064B19401143A160FFF737FF20231C
:106E00002760336000232B701800F8BDFFFFFFF1EF
:106E100003008C331B6870B504000220202B02D1C4
:106E2000002901D1012070BD002AFBD08020A56877
:106E300001234001854204D12069002801D1194273
:106E4000F0D1E366002320002367FFF7B9FE002896
:106E5000E9D1E26E012AE5D1102321680B62EFF33C
:106E6000108182F31088226814682343136081F331
:106E70001088D8E710B5034B0100186800F030F80F
:106E800010BDC0465C02002010B5034B010018681D
:106E900000F0EEFC10BDC0465C02002070B50F4E45
:106EA0000D0031680400002902D100F00DFC3060B3
:106EB0002900200000F008FC431C03D101256D428D
:106EC000280070BD0323C51C9D43A842F8D0291A91
:106ED000200000F0F9FB0130F2D1EFE7106800204C
:106EE000F7B50322CB1C9343083305001F000C2B7E
:106EF00034D20C27B94233D8280000F071F8374E4D
:106F000033681C00002C2FD139002800FFF7C6FF82
:106F10000400431C5FD134680094009B002B4AD1CD
:106F2000002C52D023682800E3180099019300F048
:106F3000CBFB019B834248D123682800FF1A39000C
:106F4000FFF7ACFF013040D02368DB1923603368C2
:106F50005A68002A33D1009B336019E0002BC9DA4C
:106F60000C232B600020FEBD2168C91B20D40B29F7
:106F70000AD9E2192760A34204D132606368116024
:106F8000536005E05A60F9E76268A3420ED13260AF
:106F9000280000F02DF8200007220B30231D90431D
:106FA000C21A9842DFD01B1AA350DCE75A60EFE701
:106FB00023006468A6E7009C63680093ADE71A00AD
:106FC0005B68A342FBD10023DAE70C2328002B6087
:106FD00000F00EF8C6E70760DAE7C0461468002044
:106FE00010B5024800F0C1FB10BDC0465869002032
:106FF00010B5024800F0BAFB10BDC0465869002029
:10700000114B70B51D6804002B6B002B16D1182096
:10701000FFF730FF021E286304D146210B4B0C48BA
:1070200000F008FC0B4B002103600B4B43600B4B43
:1070300083600B23838101201061516100222B6B3F
:107040001C615A6170BDC0465C020020B78E010809
:10705000CE8E01080E33CDAB34126DE6ECDE0500AA
:10706000164B10B51C68236B002B16D11820FFF7A8
:1070700001FF021E206304D15221114B114800F080
:10708000D9FB114B00210360104B4360104B836010
:107090000B238381012010615161246B0D4A20690B
:1070A00061690D4BF1F750FA012200238018594114
:1070B000206161614800400810BDC0465C020020AC
:1070C000B78E0108CE8E01080E33CDAB34126DE6BB
:1070D000ECDE05002D7F954C2DF4515830B5002481
:1070E000022B09D0920803590D59013A05510B5151
:1070F0000434002AF7DC30BD035D0D5D05550B55EA
:107100000134131B002BF7DCF5E7F8B50F00160070
:1071100004001D009847310000280DDA3800A84708
:10712000002802DA3C002000F8BD31002000A8470A
:107130000028F8DA3400F6E73800A8470028F1DC28
:1071400031002000A8470028F4DAECE7F0B599B048
:1071500000900393009B1700134302220800019242
:107160009B0704D13B1F1A00531E9A410192002332
:1071700004933C00009B4443DB190293009B1B19C2
:107180000693062828D8029B069A93420CD3049BA8
:10719000002B00D020E119B0F0BD3A0029002000FA
:1071A000019BFFF79BFF0FE0029C0EE0E51B210017
:1071B0002800039B984700280ADD019B002BECD197
:1071C00023682A6822602B602C00009BA342EDD329
:1071D000029BDB190293D6E746087E43009BE41B23
:1071E0009E191C19072821D022000593282817D999
:1071F000C5087D4359194A19039B0098FFF785FF7D
:1072000031007219039B0590701BFFF77EFF06008B
:107210006800201A2200039B4119FFF776FF020045
:107220003100039B0598FFF770FF0600019B002BC0
:1072300023D1009B32681B6800990A6033600023E9
:107240002600029D07930595A54233D82800009992
:10725000039B984700282BDC0DD1019B002B13D1F9
:10726000059B2A681B6805990A602B60059BDB1942
:10727000059301230793ED19E6E73A003100019BDE
:107280000098FFF72BFFDAE73A002900019B0598E9
:10729000FFF724FFEAE7002809D1019B002B13D157
:1072A00023683268226033600123F61B0793E41BD6
:1072B000AC4210D2079B002B40D1029B069A93420E
:1072C00000D364E7029C32E03A0031002000019BC9
:1072D000FFF704FFE8E720000099039B9847002888
:1072E000D9DA019B002B05D12B6822682A60236024
:1072F000E41BBEE73A0021002800019BFFF7EEFEE9
:10730000F6E73A0029002000019BFFF7E7FE0DE0B9
:10731000E51B21002800039B984700280ADD019BFC
:10732000002BEED123682A6822602B602C00009B82
:10733000A342EDD3029BDB190293BEE7059B009AA3
:10734000EB1A0293059B9A1A029B9A4200DD1A00DF
:10735000002A04D0019B0098A91AFFF7BFFE069BE4
:10736000341B9A1BD21BA24200D92200002A05D04E
:10737000069B2800991A019BFFF7B0FE069B029E10
:107380001D1BB44205D8230034001E002B00009DB5
:107390000093BE422BD9049B072B11D808AADB000F
:1073A0009D5039009B1820001D00F0F7BFFE049B84
:1073B00068600133390030000493F0F7B7FED8E677
:1073C00039003000F0F7B2FE3A000100039B00984C
:1073D000FFF7BCFEBC420DD8049B08AA013B0493F6
:1073E000DB009A58009208AA9B185868C1E6BC4274
:1073F00000D8CCE639002000F0F798FE0095B8E6FA
:10740000002310B5040003604360836081814366FC
:10741000C281036143618361190008225C3000F07E
:1074200011F90B4B246263620A4BA3620A4BE362BD
:107430000A4B23630A4B9C4205D00A4B9C4202D064
:10744000094B9C4203D12000583000F08DF910BD4B
:1074500089750108B1750108E975010815760108FB
:107460001868002080680020E868002010B5034AF2
:107470000349044800F06CF810BDC04650020020DB
:10748000117A01086002002041680B4B10B504001E
:10749000994201D000F0BCFAA168084B994202D091
:1074A000200000F0B5FAE168054B994202D02000B7
:1074B00000F0AEFA10BDC0461868002080680020B9
:1074C000E868002010B5094B094A04211A600948F0
:1074D0000022FFF795FF012209210748FFF790FFDF
:1074E000022212210548FFF78BFF10BD50690020D2
:1074F0006D7401081868002080680020E86800208A
:1075000010B5024800F031F910BDC046596900209D
:1075100010B5024800F02AF910BDC0465969002094
:1075200010B50400FFF7ECFF236A002B02D0FFF731
:10753000EFFF10BD044B2362044B1B68002BF6D1F8
:10754000FFF7C0FFF3E7C0468974010850690020C7
:10755000F7B51400002600900191A5686768013F07
:1075600004D52468002CF8D13000FEBDAB89012B76
:1075700008D90E22AB5E013304D029000098019B8C
:10758000984706436835EAE770B50C000E25495F59
:1075900000F086F8002803DB636D1B18636570BD7F
:1075A000A389024A1340A381F9E7C046FFEFFFFF1A
:1075B000F8B51F008B8905000C001600DB0505D50A
:1075C0000E23C95E0022022300F056F8A389054A63
:1075D00028001340A38132000E23E15E3B0000F03F
:1075E00085F8F8BDFFEFFFFF70B50C000E25495F71
:1075F00000F042F8A389421C03D1054A1340A3813D
:1076000070BD802252011343A3816065F8E7C04634
:10761000FFEFFFFF10B50E23C95E00F01BF810BD91
:1076200010B5884202D98B18984208D300239A4299
:1076300007D0CC5CC4540133F9E78B5C8354013A26
:10764000FBD210BD03008218934200D1704719701D
:107650000133F9E7002370B5064D040008002B60E4
:10766000F9F788FC431C03D12B68002B00D0236062
:1076700070BDC0465469002070B5040008001100B8
:107680001A000023054D2B60F9F77EFC431C03D143
:107690002B68002B00D0236070BDC04654690020C9
:1076A00070B50400080011001A000023054D2B607E
:1076B000F9F746FC431C03D12B68002B00D0236054
:1076C00070BDC04654690020002370B5064D04000B
:1076D00008002B60F9F75AFC431C03D12B68002BE0
:1076E00000D0236070BDC0465469002070B504000E
:1076F000080011001A000023054D2B60F9F72DFC3E
:10770000431C03D12B68002B00D0236070BDC04602
:1077100054690020014B18687047C0465C02002085
:1077200070B500260C4C0D4D641BA410A64209D167
:10773000002601F0F3FA0A4C0A4D641BA410A6427D
:1077400005D170BDB300EB5898470136EEE7B300A2
:10775000EB5898470136F2E70890010808900108B5
:107760000C9001080890010870477047704700238B
:1077700010B59A4200D110BDCC5CC4540133F8E777
:10778000F8B50D0017006B00274A5B0D9A180E0024
:1077900004000100132A21DC002A07DA0022EE0F80
:1077A000F3073A607B6029002000F8BD1F481041B4
:1077B00003002B40234305D1F60F3C607D601C0085
:1077C000F507F0E7864300223300200029003A60E5
:1077D0007B60F3F703FB04000D00E4E7332A15DDBB
:1077E00029003C607D6000F04FF900280AD122009A
:1077F0002B0020002900F2F70BF804000D003C607C
:107800007D60D0E7EE0F0024F507CCE70120084AA1
:1078100040429B18D840030023402042CCD08143F3
:107820002B000A00D1E7C04601FCFFFFFFFF0F005D
:10783000EDFBFFFF7FB514001A00094B05001B6824
:107840000E00D868074B002C01D1074B1C000749DC
:10785000019302942B00009600F006F900F044F921
:107860005C020020268F0108618F0108338F010818
:1078700070B505000C1E10D0043C2368002B00DA04
:10788000E4182800FFF7ACFB1D4A1368002B05D154
:10789000636014602800FFF7ABFB70BDA34208D9FA
:1078A000206821188B42F3D119685B6809182160A0
:1078B000EEE71A005B68002B01D0A342F9D91168EA
:1078C0005018A0420BD1206809185018116083424B
:1078D000E0D118685B68411811605360DAE7A04294
:1078E00002D90C232B60D5E7206821188B4203D1E5
:1078F00019685B680918216063605460CAE7C04674
:1079000014680020F7B50C228B5E05000C001A07E6
:1079100056D44A68002A02DC0A6C002A4EDDE76A67
:10792000002F4BD0002280202E682A601A004001D0
:10793000216A0240034233D0626DA3895B0706D5FA
:107940006368D21A636B002B01D0236CD21A002318
:107950002800E76A216AB847A289431C06D1296832
:107960001D2946D8294BCB40DB0742D50023636055
:1079700023692360D20405D5431C02D12B68002B58
:1079800000D16065616B2E60002917D0230044335D
:10799000994202D02800FFF76BFF002363630DE0DC
:1079A00001232800B8470200431CC6D12B68002BD6
:1079B000C3D01D2B01D0162B1AD12E6000201EE043
:1079C0000E69002EFAD00F680E60BA1B01920022D9
:1079D0009B0700D14A69A260019B002BEEDDA36AE0
:1079E00032001F002800019B216AB847002807DCED
:1079F000A2894023012013431BB2A3814042FEBD54
:107A0000019B36181B1A0193E6E7C046010040208F
:107A10000B6970B505000C00002B02D10025280071
:107A200070BD002804D0036A002B01D1FFF778FD58
:107A30000C22A35E002BF1D0626ED20704D49B050A
:107A400002D4A06DFFF791FE28002100FFF75AFF36
:107A5000636E0500DB07E2D4A3899B05DFD4A06D2C
:107A6000FFF784FEDBE700000EB417B5054C05AB4D
:107A700004CB01002068019300F064F81EBC08BC30
:107A800003B018475C0200200B0070B50400020030
:107A900001001C430220002C06D0802000068342F7
:107AA00003D14B1E9941881C70BD0C4859004908F0
:107AB0000B4C0E180420A642F6D98024013864032A
:107AC000A342F1D380252D065D19A542ECD3054CC8
:107AD0000020A142E8D150425041E5E70000F0FF0C
:107AE000FFFFDF7F0000F07F062010B500F08CFB69
:107AF0000120F9F71FFA936810B5013B9360002B42
:107B000004DA9469A34207DB0A2905D01368581CDC
:107B100010601970080010BD00F0ACFA0100F9E720
:107B2000F8B506000F001400D518AC4201D10020B2
:107B300007E021783A003000FFF7DDFF0134431CF5
:107B4000F3D1F8BDF0B5A1B00F0015001E000390F1
:107B5000002804D0036A002B01D1FFF7E1FC7B6E03
:107B6000DB0705D4BB899B0502D4B86DFFF7FDFD8B
:107B7000BB891B0702D53B69002B13D13900039841
:107B800000F0BAFA00280DD07B6EDB0703D5012088
:107B9000404221B0F0BDBB899B05F8D4B86DFFF71A
:107BA000E5FDF4E7002308AC63612033637610330E
:107BB000A37607962E003378002B01D0252B48D1D1
:107BC000731B0593AE420BD02A0039000398FFF7D0
:107BD000A7FF013000D1AEE06369059A9B1863618D
:107BE0003378002B00D1A6E00122002352426260CC
:107BF00004A954325218751C2360E360A36013700B
:107C0000A365594B052218002978059300F01CFB49
:107C10006E1C00281FD12268D30604D5532304A963
:107C20005B1820211970130704D5532304A95B188E
:107C30002B2119702B782A2B16D02E0000210A2018
:107C4000E3683278751C303A092A50D9002911D1DD
:107C500017E00136AFE7059B2268C01A0123834075
:107C6000134335002360CCE7079B191D1B68079160
:107C7000002B01DB0B9304E05B42E3600223134320
:107C8000236033782E2B0CD173782A2B34D1079BA9
:107C900002361A1D1B680792002B01DA01235B4292
:107CA0000993324D03222800317800F0CDFA0028E4
:107CB00006D04023401B83402268013613432360D3
:107CC000317806222A48751C217600F0BDFA00287A
:107CD00040D0284B002B22D10722079B0733934328
:107CE000083307936369049A9B18636162E743430F
:107CF0002E0001219B18A4E700230A201900013659
:107D000063603278751C303A092A03D9002BC8D039
:107D10000991C6E741432E0001238918F1E707AA1C
:107D2000009221003A00144B039800E000BF049039
:107D3000049B0133D6D17B6EDB0705D4BB899B0541
:107D400002D4B86DFFF712FDBB895B0600D51EE7B4
:107D50000D981EE707AA009221003A00064B0398EF
:107D600000F07CF8E3E7C046628F0108688F0108E5
:107D70006C8F010800000000217B0108F7B5160098
:107D800001938A680B690C000090934200DA13009B
:107D90002200336043321278002A01D0013333606D
:107DA00023689B0602D533680233336022680623BA
:107DB00015001D401A4227D0230043331B785A1E5A
:107DC00093412268920630D4220001990098089DC0
:107DD0004332A847013025D00622236800251340EE
:107DE000042B05D13368E568ED1AEB43DB171D4022
:107DF000A3682269934201DD9B1AED180026B54263
:107E000020D1002010E00135E36832689B1AAB42B4
:107E1000D2DD2200012301990098089F1932B8474A
:107E20000130F0D101204042FEBD3020E118433145
:107E3000087021005A1C45310978A21843320233D8
:107E40001170C1E72200012301990098089F1A329E
:107E5000B8470130E6D00136D1E70000F0B58BB06D
:107E600006920A0043320793059003920A7E0C00A3
:107E7000109B782A09D8622A0BD8002A00D1BAE0D0
:107E80007A490491582A00D18EE0250042352A70A3
:107E900022E0100063381528F7D8F0F73DF91600F6
:107EA0001F00F6FFF6FFF6FFF6FF1F00F6FFF6FFD6
:107EB000F6FFF6FF9F0036007E00F6FFF6FFB000EB
:107EC000F6FF3600F6FFF6FF820025001A684235FD
:107ED000111D196013682B7001239EE01868096852
:107EE000021D0D060BD506681A60002E03DA2D233D
:107EF000039A764213705D4B0A27049318E00668D4
:107F00001A604906F1D536B2EFE70868196840C92A
:107F1000050602D4400600D5B6B21960534B0A27B5
:107F200004936F2A00D1023F2300002243331A70CA
:107F30006368A360002B06DB04212268039D8A434B
:107F4000226033430CD0039D30003900F0F774F900
:107F5000049B013D5B5C2B70330006009F42F3D90C
:107F6000082F09D12368DB0706D5626823699A4286
:107F700002DC3023013D2B70039B5B1B2361079BBD
:107F8000210000930598069B09AAFFF7F7FE013030
:107F900048D1012040420BB0F0BD202209680A43BD
:107FA0002260782232490491210045310A70196813
:107FB000226840C9100602D4500600D5B6B2196036
:107FC000D30702D5202313432360002E01D01027AE
:107FD000AAE72022236893432360F8E71A680D6814
:107FE000101D4969186013682E0601D5196002E05A
:107FF0006D06FBD519800023039D2361BFE71A6836
:10800000111D1960156800212800626800F01CF934
:10801000002801D0401B6060636823610023039A3D
:108020001370ACE72A00236906990598079DA847B5
:108030000130AED023689B0715D4099BE0689842B5
:10804000A9DA1800A7E72200012306990598079EE0
:108050001932B04701309CD00135E368099A9B1A68
:10806000AB42F0DCE9E70025F7E7C046738F010873
:10807000848F0108F8B506000D001400002804D014
:10808000036A002B01D1FFF74BFAA369A360A38910
:108090001B0702D52369002B09D12100300000F015
:1080A0002BF8002803D001256D422800F8BD236974
:1080B0002068EFB2C01A6369EDB2834205DC21008B
:1080C0003000FFF7A5FC0028EDD1A3680130013B8B
:1080D000A36023685A1C22601F706369834204D026
:1080E000A389DB07E1D50A2DDFD121003000FFF79E
:1080F0008FFC0028D9D0D6E72D4B70B50500186845
:108100000C00002804D0036A002B01D1FFF708FA05
:108110000C22A35E1A0723D4DA0607D409222A60A8
:10812000402201201343A38140423AE05B0713D56C
:10813000616B002908D023004433994202D0280003
:10814000FFF796FB002363632422A3899343A38153
:1081500000236360236923600823A2891343A3815A
:108160002369002B0BD1A0218022A38989009200D2
:108170000B40934203D02100280000F09BF80C2212
:10818000A35E01211A000A400B420BD00022A2601C
:1081900062695242A26100202269824201D11A061C
:1081A000BED470BD990700D46269A260F3E7C046EF
:1081B0005C02002070B504000D001F2904D91623AD
:1081C00003600120404270BDC36B002B04D08A00C5
:1081D0009B181A68002A08D1200000F031F82A0004
:1081E0000100200000F01AF8EDE7012A09D0511C27
:1081F00003D1162303600120E5E700212800196060
:1082000090470020DFE7000010B5034B010018681D
:10821000FFF7D0FF10BDC0465C020020002370B500
:10822000064D0400080011002B60F8F77BFE431C8C
:1082300003D12B68002B00D0236070BD546900204F
:1082400010B5F8F76DFE10BDC9B28218904201D189
:108250000020704703788B42FBD00130F6E7000026
:1082600070B50E001D000E23C95E140096B00029E3
:108270000CDAB2898023110019401A4214D18023EC
:10828000DB0000202960236016B070BD6A4600F054
:1082900053F80028EDDBF02301991B021940044B31
:1082A000C9184B425941EAE700214023E9E7C0469B
:1082B00000E0FFFFF0B502268B8905000C0085B0B9
:1082C000334207D0230047332360236101236361D6
:1082D00005B0F0BD03AB02AAFFF7C2FF029F0190F9
:1082E00039002800FEF7FCFD002808D10C22A35E0F
:1082F0009A05EDD4032293431E43A681E2E780232F
:10830000A28920601343A381039B20616761002B36
:108310000CD028000E23E15E00F020F8002805D0E4
:108320000323A2899A43023B1343A381A389019AA1
:108330001343A381CCE70000002370B5064D040071
:10834000080011002B60F8F718FE431C03D12B68BE
:10835000002B00D0236070BD54690020002370B54D
:10836000064D040008002B60F8F70CFE431C03D1F7
:108370002B68002B00D0236070BDC04654690020DC
:10838000F8B504000D0000F081F906000F00200090
:10839000290000F089F800280DD0200029000F4A9C
:1083A0000F4BF0F763F8002808D0FFF7B3F922234A
:1083B00000260C4F036030003900F8BD2000290072
:1083C000094A0A4BF0F73EF80028F4D0FFF7A2F96B
:1083D0002223002600270360EDE7C046EF39FAFEAE
:1083E000422E86400000F07F51302DD5104987C0C5
:1083F000F8B504000D0000F0B1FA220006000F00ED
:108400002B0020002900F3F7F3F8002815D10022F3
:10841000002320002900F0F729F800280DD10022C0
:10842000002320002900F0F707F8002808D0FFF704
:1084300071F922230026074F036030003900F8BD90
:10844000FFF768F921230360034800F035F80600C0
:108450000F00F2E70000F0FF618F0108F8B504009B
:108460000D0000F02FF8220006000F002B00200066
:108470002900F3F7BDF8002813D1002200232000C3
:108480002900EFF7DFFF00280BD0FFF743F9212386
:1084900000220360002310001900F1F77FFD0600A1
:1084A0000F0030003900F8BD024B48004008C018EA
:1084B000C00F704700001080002001497047C0467F
:1084C0000000F87FF0B50A000D006B4904000300BE
:1084D000080087B02840884211D122002B002000DC
:1084E0002900F2F795F902000B0020002900F1F7AE
:1084F0008FF904000D002000290007B0F0BD002D09
:1085000011DC690049082143F5D00020854210D0D4
:1085100022002B0020002900F2F760FC02000B0073
:10852000F1F73CFDE5E7281515D18024002164030F
:1085300007E0DA0A15385B05002AFAD0F5E75200A1
:1085400001312242FBD04C1E001B20241D00641A66
:10855000E5408B402A434949120344188021120BFD
:1085600049031143C00703D4DA0F490051185B00D7
:1085700000256210490080240592DA0F5218162057
:1085800029005B00A4030E19964202DC3119921BEC
:108590002D19DE0F5200013892195B006408002883
:1085A000F1D120268027040004963F063E18B446E9
:1085B0008A4202DC14D19E4212D860466646C01937
:1085C0000091002E03DAC643F60F8E190096521A58
:1085D000634589414942521A61465B1A0099E41980
:1085E000DE0F52009219049E5B00013E7F08049644
:1085F000002EDBD11A431FD0214E224F3068716804
:108600003A687B6800920193326873680292039320
:10861000009A019BF2F7E2FB02000B00029803991B
:10862000EFF71AFF002807D0306871683A687B6856
:10863000671C0CD1049C0135134A6B109B18059ADA
:10864000ED076408120525432800D11851E7F1F71A
:10865000DFF87768366802000B0030003900EFF76A
:10866000F1FE002804D0023463426341ED18E3E7D1
:10867000012301349C43DFE70000F07F01FCFFFF92
:10868000C88F0108C08F01080000E03FF0B54B0023
:108690000F00CC0F9149060089B05B088B422ED9A0
:1086A0008F498B4211D93B031B0B034306D00200B9
:1086B0003B0030003900F1F7ABF810E0002C00D09F
:1086C00009E13000390009B0F0BD3900854A864B18
:1086D000EFF7CCFE051E05D0002000F017FB0600CA
:1086E0000F00EEE730003900804A814BEFF7AAFE19
:1086F000002800D17DE0280000F001FBEFE77D4A73
:10870000934200D89EE07C4A934272D87B4BE500AE
:108710005B191A685B683900F2F760FB784B0290CE
:1087200003915B191A685B68049205930123634007
:108730001B1B0193049A059B02980399F2F74EFBC9
:1087400006000F0032003B0030003900F2F760F8FD
:1087500004000D006B4A6C4BF2F75AF86B4A6C4BF5
:10876000F2F73CFB22002B00F2F752F8694A6A4B01
:10877000F1F74EF822002B00F2F74AF8674A684BEF
:10878000F2F72CFB22002B00F2F742F8654A664B09
:10879000F1F73EF822002B00F2F73AF802000B0046
:1087A00030003900F2F71AFB0B00020004000D0044
:1087B00030003900F2F72CF8019B06900791002B4E
:1087C00056D18023002220002900DB05F2F706FBAA
:1087D00002000B0006980799F1F7E0FB32003B001E
:1087E000F2F7FCFA02000B0000205049F2F7F6FA0B
:1087F00075E74F4BE4001C194E4A4F4B30003900CF
:10880000F2F706F822686368F1F702F8F2F712FF50
:108810000190F2F74BFF494A494B04000D00F1F774
:10882000F7FF02000B0030003900F2F7D7FA454A93
:1088300002900391444B20002900F1F7E9FF0490D6
:10884000059177E7414A93420DD8414A414B39009F
:10885000F0F7DEFF0022354BEFF708FE002805D0C9
:108860000022324B25E7002301936BE7019069E773
:1088700080212B0022000020C905F2F7AFFA020088
:108880000B0006980799F1F789FB02000B0004988A
:108890000599F2F7A3FA029A039BF2F79FFA0200F6
:1088A0000B0000202149F2F799FA2B4B019A0D0099
:1088B0009A4203DB110506004F1902E7FA229200E3
:1088C0009446019B002263441B055918B8235B049E
:1088D000F1F79EFF03E700260027F2E6412E8640CF
:1088E000FFFFEF7FEF39FAFE422E864051302DD543
:1088F000104987C0422ED63FB1A2F03FE08F010859
:10890000D08F0108D0A4BE726937663EF16BD2C524
:1089100041BDBB3E2CDE25AF6A56113F93BDBE164E
:108920006CC1663F3E5555555555C53F0000F03F5B
:10893000F08F0108FE822B654715F73F0000E0FE2F
:10894000422EE63F763C7935EF39EA3DFFFFEF3DB9
:108950009C7500883CE4377E03FCFFFF8023F0B564
:108960005B030E008DB0994223DA4B005B08034392
:1089700007D1002200230020B449F1F70FFB0DB00E
:10898000F0BD002906DA02000B00F2F727FA0022F8
:108990000023F2E7AE4B0022F1F73AFF36230E0038
:1089A0005B42AC4A964206DD02000B00F0F730FF56
:1089B000E5E70023F5E7A84C321512193603A74C5A
:1089C000D218330B02931B19802464032340A44C58
:1089D000029D5C401B159B18254300220093290033
:1089E0009F4BF2F7FBF9029B060002331B030F00BB
:1089F00000221B0B022B64DC0023EFF71DFD002877
:108A000019D0009B002B00D11CE11800F2F74EFE9C
:108A1000944A954B04000D00F1F7FAFE934A0600C4
:108A20000F00934B20002900F1F7F2FE02000B002B
:108A300030003900BAE78F4A8F4B30003900F1F728
:108A4000E7FE02000B0000208C49F2F7C7F9320064
:108A500004000D003B0030003900F1F7D9FE0B0097
:108A6000020029002000F1F7D3FE009B0290039141
:108A7000002B06D102000B0030003900F2F7AEF9EE
:108A80007DE70098F2F712FE764A774B04000D005E
:108A9000F1F7BEFE754A00900191754B2000290048
:108AA000F1F7B6FE02000B0002980399F2F796F96F
:108AB00032003B00F2F792F902000B000098019996
:108AC000DCE78023DB05F0F7A3FE02000B0030009B
:108AD0003900F1F763FA049005910098F2F7E6FD8A
:108AE000049A059B0690079110001900F1F790FE7B
:108AF000634A029B9446634402000B930B00089068
:108B00000991F1F785FE04000D005E4A5E4BF1F716
:108B10007FFE5E4A5E4BF0F77BFE22002B00F1F7F2
:108B200077FE5C4A5C4BF0F773FE22002B00F1F7F6
:108B30006FFE5A4A5A4BF0F76BFE089A099BF1F701
:108B400067FE584A08900991574B20002900F1F719
:108B50005FFE564A564BF0F75BFE22002B00F1F702
:108B600057FE544A544BF0F753FE22002B00F1F706
:108B70004FFE02000B0008980999F0F749FE029A8F
:108B80004E4B04009B1A0B9A0D001343002B34DD4F
:108B900000223A4B30003900F1F73AFE32003B0038
:108BA000F1F736FE02000B0002900391200029002D
:108BB000F0F72EFE049A059BF1F72AFE009B0400B5
:108BC0000D00002B06D102000B0002980399F2F76A
:108BD00005F94FE7234A244B06980799F1F718FE49
:108BE000224A0090019106980799214BF1F710FE57
:108BF00022002B00F0F70CFE54E702000B003000BF
:108C00003900F2F7EBF8049A059BF1F701FE009B9F
:108C100004000D00002B02D102000B002CE7114ACA
:108C2000114B06980799F1F7F3FD104A0090019156
:108C3000069807990E4BF1F7EBFD02000B002000A0
:108C4000290033E70020002199E6C046000050C308
:108C500000005043FFFFEF7F01FCFFFF645F09004E
:108C60000000F03F0000E0FE422EE63F763C793502
:108C7000EF39EA3D555555555555D53F0000E03F74
:108C800086EBF9FF44523EDF12F1C23FDE03CB9682
:108C90006446C73F599322942449D23F9355555572
:108CA0005555E53F9FC678D0099AC33FAF788E1DD2
:108CB000C571CC3F04FA97999999D93F51B80600EC
:108CC00070B50D0016000400FEF724FD29000660B3
:108CD000200070BD37B514001D00002802D080218F
:108CE00009065B1800920193009A019B200029005D
:108CF000F1F78EFD2222FFF7E3FF03B030BD8023A2
:108D000010B500225B05FFF7E5FF10BDE02310B5AD
:108D10000022DB05FFF7DEFF10BD0000F8B5C046FE
:108D2000F8BC08BC9E467047F8B5C046F8BC08BC05
:048D30009E467047A4
:108D3800A089B0E1E995B23FECC039234A7BC33F33
:108D48000A68226C787ACD3FB81E85EB51B8DE3FB1
:108D5800000000000000F03F0F9C33A2B437F93F39
:108D68008A1F63EE5A420140A54E401361430640F4
:108D7800EF38454772790940000000003F80000045
:108D880000000000228D00084E8C0008388C000876
:108D9800B48C0008388C0008E88C0008388C00086F
:108DA800B48C00084E8C00084E8C0008E88C000833
:108DB800B48C0008248C0008248C0008248C00083B
:108DC800F28C00084E8C00084E8C0008388C000885
:108DD8008E8D0008388C0008E88C0008388C000854
:108DE8008E8D00084E8C00084E8C0008E88C000818
:108DF8008E8D0008248C0008248C0008248C000820
:108E0800D0A100088EA000086CA0000858A0000897
:108E18006CA0000872A100086CA0000858A0000807
:108E28008EA000088EA0000872A1000858A00008B3
:108E380050A0000850A0000850A0000894A1000805
:108E4800000000000000000000000000000000001A
:108E58000100000002000000030000000400000000
:108E680000000000000000000000000000000000FA
:108E780000000000000000000000000000000000EA
:108E880001000000020000000300000004000000D0
:108E980006000000070000000800000009000000AC
:108EA80053544D5F31302E31302E333843520052F7
:108EB80045454E54206D616C6C6F63207375636318
:108EC8006565646564002F6275696C642F676E75EB
:108ED8002D746F6F6C732D666F722D73746D3332D2
:108EE8005F31332E332E72656C312E32303234308E
:108EF8003932362D313731352F7372632F6E6577DE
:108F08006C69622F6E65776C69622F6C6962632F7A
:108F18007374646C69622F72616E642E63002C2016
:108F280066756E6374696F6E3A200061737365725B
:108F380074696F6E2022257322206661696C6564EE
:108F48003A2066696C6520222573222C206C696E94
:108F580065202564257325730A00232D302B2000F6
:108F6800686C4C00656667454647003031323334DB
:108F7800353637383941424344454600303132337B
:108F8800343536373839616263646566000001003C
:108F980002000400060008000A000C00100020006F
:108FA80040008000000108040204080101010101D9
:108FB800010307010000000059F3F8C21F6EA50164
:108FC800000000000000F03F763C7935EF39EA3DBB
:108FD800763C7935EF39EABD0000E0FE422EE63FE7
:108FE8000000E0FE422EE6BF000000000000E03F67
:088FF800000000000000E0BFD2
:0890000010F6FE7F01000000E4
:04900800E5800008F7
:04900C00BD8000081B
:109010000000000000002E400E2DB29DEFFF5840D2
:109020000000000000002E402100000009000000A8
:109030000100000000040050200000000004005067
:109040001000000000080050001000000000005058
:10905000000800000004005008000000000C005050
:10906000040000000008005000200000000800502C
:109070000008000000080050000200000008005036
:10908000000400000008005000010000000400502F
:1090900004000000000C005001000000000000501F
:1090A000040000000000005008000000000C005008
:1090B00000010000000C005000020000000C0050F5
:1090C00040000000000C0050200000000004005090
:1090D0000080000000040050004000000004005028
:1090E00000200000000400500010000000040050A8
:1090F00000080000000400500004000000040050BC
:1091000000020000000400500001000000080050B0
:1091100080000000000800504000000000080050DF
:10912000200000000008005010000000000800505F
:109130000800000000080050040000000008005073
:1091400002000000000800500100000001010000C2
:109150000024F400000000000F00000008000000E0
:109160000000000000003E400000000000406F4092
:1091700000000000000000400000000000C092401D
:109180000000000000008940010000000001000014
:1091900001000000000000000000000000000000CE
:1091A0000F000000070000000000000000004E401B
:1091B0000000000000005440000000000000F03FEC
:1091C0000000000000F891400000000000E0854031
:1091D000010000000001000001000000000000008C
:1091E0000000000000000000050000000B0000006F
:1091F0000101010002000000010100000000000068
:1092000000000000000000000000000000C09240CC
:109210000000000000488C40090000000900000028
:10922000010000000F00000000000000003071404D
:109230000000000000D086400000000000005940FF
:1092400000000000000059400000000000D08640EF
:109250000100000001000000010B010004000000FB
:1092600000000000030000001868002060020020D9
:10927000000000001868002080680020E8680020D6
:1092800000000000000000000000000000000000DE
:1092900000000000000000000000000000000000CE
:1092A00000000000000000000000000000000000BE
:0C92B000000000000000000000000000B2
:0400000508014B455E
:00000001FF
