:020000040800F2
:1080000000900020A94B0108F9090108FB090108AB
:108010000000000000000000000000000000000060
:10802000000000000000000000000000FD09010841
:108030000000000000000000FF090108010A01081B
:10804000F94B0108F94B0108F94B0108F94B0108FC
:10805000F94B0108F94B0108F94B0108F94B0108EC
:10806000F94B0108090A0108F94B0108F94B01080D
:10807000F94B0108F94B0108F94B0108F94B0108CC
:10808000F94B0108190A0108290A0108390A0108EF
:10809000F94B0108490A0108590A0108F94B01087E
:1080A000F94B0108F94B0108F94B0108690A01086D
:0C80B000F94B0108F94B0108F94B0108DD
:1080BC0010B5064C2378002B07D1054B002B02D0B2
:1080CC00044800E000BF0123237010BDB002002063
:1080DC0000000000808D0108044B10B5002B03D06C
:1080EC000349044800E000BF10BDC046000000007A
:1080FC00B4020020808D010802B471464908490081
:10810C00095C49008E4402BC7047C04603B47146FA
:10811C00490840004900095E49008E4403BC704781
:10812C00002243088B4274D303098B425FD3030AAA
:10813C008B4244D3030B8B4228D3030C8B420DD3BD
:10814C00FF22090212BA030C8B4202D3121209024B
:10815C0065D0030B8B4219D300E0090AC30B8B4289
:10816C0001D3CB03C01A5241830B8B4201D38B0337
:10817C00C01A5241430B8B4201D34B03C01A5241DC
:10818C00030B8B4201D30B03C01A5241C30A8B421F
:10819C0001D3CB02C01A5241830A8B4201D38B020A
:1081AC00C01A5241430A8B4201D34B02C01A5241AE
:1081BC00030A8B4201D30B02C01A5241CDD2C30920
:1081CC008B4201D3CB01C01A524183098B4201D39C
:1081DC008B01C01A524143098B4201D34B01C01A87
:1081EC00524103098B4201D30B01C01A5241C308FF
:1081FC008B4201D3CB00C01A524183088B4201D36E
:10820C008B00C01A524143088B4201D34B00C01A59
:10821C005241411A00D20146524110467047FFE7C5
:10822C0001B5002000F0F0F802BDC0460029F7D0DF
:10823C0076E7704703460B437FD4002243088B42FA
:10824C0074D303098B425FD3030A8B4244D3030BD1
:10825C008B4228D3030C8B420DD3FF22090212BA96
:10826C00030C8B4202D31212090265D0030B8B4212
:10827C0019D300E0090AC30B8B4201D3CB03C01AFC
:10828C005241830B8B4201D38B03C01A5241430BD7
:10829C008B4201D34B03C01A5241030B8B4201D3C7
:1082AC000B03C01A5241C30A8B4201D3CB02C01A32
:1082BC005241830A8B4201D38B02C01A5241430AAA
:1082CC008B4201D34B02C01A5241030A8B4201D399
:1082DC000B02C01A5241CDD2C3098B4201D3CB0140
:1082EC00C01A524183098B4201D38B01C01A5241EF
:1082FC0043098B4201D34B01C01A524103098B42F3
:10830C0001D30B01C01A5241C3088B4201D3CB00DD
:10831C00C01A524183088B4201D38B00C01A5241C0
:10832C0043088B4201D34B00C01A5241411A00D270
:10833C0001465241104670475DE0CA0F00D04942D9
:10834C00031000D34042534000229C4603098B4249
:10835C002DD3030A8B4212D3FC22890112BA030AD1
:10836C008B420CD3890192118B4208D38901921153
:10837C008B4204D389013AD0921100E08909C309D8
:10838C008B4201D3CB01C01A524183098B4201D3DA
:10839C008B01C01A524143098B4201D34B01C01AC5
:1083AC00524103098B4201D30B01C01A5241C3083D
:1083BC008B4201D3CB00C01A524183088B4201D3AC
:1083CC008B00C01A5241D9D243088B4201D34B00C7
:1083DC00C01A5241411A00D20146634652415B1009
:1083EC00104601D34042002B00D5494270476346EA
:1083FC005B1000D3404201B5002000F005F802BD2F
:10840C000029F8D016E770477047C0468446100024
:10841C0062468C461900634600E0C0461FB502F068
:10842C0083F9002801D40021C8421FBD10B502F009
:10843C00C7F84042013010BD10B502F075F90028A4
:10844C0001DB002010BD012010BDC04610B502F0AC
:10845C006BF9002801DD002010BD012010BDC046C5
:10846C0010B502F0F1F8002801DC002010BD01204D
:10847C0010BDC04610B502F0E7F8002801DA002064
:10848C0010BD012010BDC046844608006146FFE7C0
:10849C001FB500F0FBFC002801D40021C8421FBD11
:1084AC0010B500F083FC4042013010BD10B500F057
:1084BC00EDFC002801DB002010BD012010BDC046E2
:1084CC0010B500F0E3FC002801DD002010BD0120F8
:1084DC0010BDC04610B500F091FC002801DC002056
:1084EC0010BD012010BDC04610B500F087FC00285F
:1084FC0001DA002010BD012010BDC046002B11D1A7
:10850C00002A0FD1002900D1002802D00021C94334
:10851C00080007B4024802A14018029003BDC046EF
:10852C00E9FEFFFF03B4684601B5029800F06AF853
:10853C00019B9E4602B00CBC7047C046F0B5CE46BF
:10854C009946030C9C46130447461B0C1D000E0059
:10855C0061460404240C80B50700100C4B436543A2
:10856C00414360432C0CC01824188C46A34203D9F9
:10857C0080235B029846C444494679435643230CF6
:10858C002D042D0C8919634424046019C918C0BC2E
:10859C00B946B046F0BDC0469E2110B5C905041CB5
:1085AC00FFF7A2FF002803D1201C01F075F810BDC5
:1085BC009E21201CC90500F00BFE01F06DF88023F4
:1085CC001B069C466044F2E770B500220C4B04007D
:1085DC000D00FFF74FFF002804D12000290003F005
:1085EC0023F870BD064B00222000290002F0F0FB9E
:1085FC0003F01AF880231B069C466044F1E7C04642
:10860C000000E041F0B557464E464546DE46E0B523
:10861C0004000D009246994683B08B4230D82DD081
:10862C004946504603F076F929000600200003F075
:10863C0071F9331A9846203B34D49B4653465A461C
:10864C00934042461F00534693401E00AF423BD816
:10865C00AF4200D179E05B46A41BBD41002B00DA90
:10866C0076E0002200230092019301235A469340A6
:10867C000193012342469340009329E08242CFD9D3
:10868C0000220023009201930C9B002B01D01C6054
:10869C005D600098019903B0F0BCBB46B246A94698
:1086AC00A046F0BD42469B4620239B1A5246DA4018
:1086BC00414613004A468A40170042461F43534620
:1086CC0093401E00AF42C3D90022002300920193B5
:1086DC004346002BD8D0FB0772081A4346467B084A
:1086EC000EE0AB4201D1A2420CD8A41A9D4101204C
:1086FC0024196D410021013E24184D41002E06D055
:10870C00AB42EED9013E24196D41002EF8D10098F0
:10871C0001995B4600196941002B24DB2B005A465A
:10872C004446D3402A00E2401C005B461500002B57
:10873C002ADB26009E40330026004746BE4032000E
:10874C00801A9941009001919EE7A342BCD882E720
:10875C004246202300219B1A002200910192012203
:10876C00DA40019285E7424620239B1A2A004646AE
:10877C009A402300F340444613432A00E2401C0075
:10878C005B461500002BD4DA42462F00202326002E
:10879C0097409B1ADE403B003343CDE7F8B54B02C4
:1087AC005A0A94464A00C90FCE46474689464500A8
:1087BC0046022D0E120E80B59909770AC40FB60920
:1087CC00AB1A4C4520D0002B0CDD002A34D10029EB
:1087DC002AD05A1E012B00D18FE0FF2B00D1CDE007
:1087EC0013002FE0002B60D0531B002D00D0EEE0C7
:1087FC00002E00D13EE15C1E012B00D16BE1FF2B62
:10880C0000D1B9E02300E7E0002B00DCA4E0002A53
:10881C0069D0FF2D00D1B1E08022D20411431B2B73
:10882C0000DCE9E02B000536F708FF2B00D1A5E0B2
:10883C007A02520AD8B230E0FF2D00D19EE080229D
:10884C00D204114301201B2B08DC08002022D84045
:10885C00D31A99400B005A1E93411843361A7301D0
:10886C0000D471E0B601B709380003F035F83B00CD
:10887C000538834085424DDDB44E2D1A1E405A07F3
:10888C0068D00F221340042B64D00436730161D5D9
:10889C00681CFE2D54D1FF200022C0051043E407B4
:1088AC002043C0BCB946B046F8BDFE229046681CB9
:1088BC000200404610426BD1002D00D0DDE0002EAE
:1088CC0000D102E10029B3D08022771AD2041742DA
:1088DC0000D136E14C468E1B61D00120164230D1BE
:1088EC000023F708A4E700299ED05A1E012B00D1C3
:1088FC00CAE0FF2B42D0130091E7711A4B0100D450
:10890C00D1E08F01BF09380002F0E6FF3B000538CB
:10891C00834001252022401B0130121A1E00934077
:10892C00C6405A1E93411E4339D0730700D11BE138
:10893C000F2300253340042BA7D1012072017CD5D5
:10894C00C0B2B201520AA8E7730703D00F23334019
:10895C00042B9AD12B0067E7002B23D0531B002D3F
:10896C007BD1002E00D186E05D1E012B00D18BE067
:10897C00FF2B02D02B0075E04C466746002F00D130
:10898C0089E78022D2033A435202FF20520A84E73D
:10899C00771A7B016BD4002F00D065E700240020F0
:1089AC0000227AE7FE226B1C1A4249D1002D00D01E
:1089BC009FE0002E00D1BAE0002900D1CFE0721860
:1089CC00530100D4CDE092010120520A65E7FF2A41
:1089DC00D2D08020C004064301201B2B08DC3000C1
:1089EC002024D840E31A9E4033005C1EA341184358
:1089FC004C4615000E1A32E708002022D840D31A34
:108A0C0099400B005A1E93410343F61873019BD5F2
:108A1C000135FF2D00D13EE701234D49720833404B
:108A2C000A401A431600530704D00F231340042B9B
:108A3C0000D02AE7730100D52AE72B00F708F7E6E8
:108A4C00FF2B00D127E7711849084A072FD00F22B6
:108A5C000A40042A2BD00E1DE6E6FF2A8DD080207A
:108A6C00C00406431B2B24DD13004E1DDCE64C46D4
:108A7C008F1BF9E64C460E00D6E6002E49D1002994
:108A8C0068D067464C467CE77018430174D5304972
:108A9C0040080140430709D00F230340042B05D0A5
:108AAC0002230E1DC0E60123CF08C1E60223CF0826
:108ABC00BEE620253000D840EB1A9E4033005D1EE8
:108ACC00AB41034315005E18A0E7002900D165E710
:108ADC004C466746ACE68F1B7B012ED5BF01BF0908
:108AEC00380002F0F9FE3B00053883404C46013556
:108AFC0010E7002E00D140E7002900D141E7802388
:108B0C00DB039F4200D23CE79C4500D339E7674624
:108B1C0037E7002900D134E78023DB039F4200D2E2
:108B2C002FE79C4500D32CE74C46674629E70029E4
:108B3C0000D134E70023CF087AE64C460123FF0826
:108B4C0076E6002F00D129E7FF0871E6FFFFFFFB57
:108B5C00FFFFFF7D80220024FF20D2039DE600232F
:108B6C0066E60023D70863E60120720100D5E7E62C
:108B7C0031000023CF085BE60123C70858E6C04646
:108B8C00F0B546464F46D6464502C0B5C30F470022
:108B9C0098460E1C6D0A3F0E5BD0FF2F21D0802310
:108BAC00ED00DB041D43002399469A467F3F740277
:108BBC007300640A1B0EF60F002B20D0FF2B43D042
:108BCC0080220020E400D20414437F3B4246FF1A6B
:108BDC004B4672400F2B00D99DE071499B00CB583E
:108BEC009F46002D5AD108239946063B74029A469B
:108BFC007300FF27640A1B0EF60F002BDED1002C2E
:108C0C003BD1012342464946724019430E2918D8DC
:108C1C006448890041588F465346022B00D1B8E076
:108C2C00032B6ED042462C00012B40D10020002497
:108C3C00C0052043D2071043E0BCBA46B146A84653
:108C4C00F0BDFF200024F3E7002C20D10223FF3FCE
:108C5C00D8E7002D05D104239946033B00279A46FB
:108C6C00A5E7280002F038FE7627431F9D4000231D
:108C7C007F4299469A463F1A99E7200002F02CFE53
:108C8C00431F9C4076235B421B1A00209EE7032364
:108C9C004A461A4391460320FC3397E70C23994626
:108CAC00093BFF279A4682E703282CD03200380074
:108CBC007F30002847DD630704D00F232340042BAB
:108CCC0000D00434230103D53800374B80301C40CE
:108CDC00FE28B6DCA401640AC0B2A9E780240022F5
:108CEC00FF20E403A4E78023DB031D4201D01C42D8
:108CFC000BD08024E4032C4364024246FF20640A18
:108D0C0096E746462C008023DB031C4364023200AA
:108D1C00FF20640A8CE76D01600185422DD21B2374
:108D2C000024013F0126290064006D00002901DBAD
:108D3C00854201D32D1A3443013B002BF3D16B1E1A
:108D4C009D412C43B3E701231B1A1B2B00DD6DE760
:108D5C0021009E37D940BC400B00611E8C4123433F
:108D6C00590704D00F211940042900D004335901AC
:108D7C0013D49B0100205C0A5AE71A2301242D1AF4
:108D8C00D0E7981E43425841404232000024C0B202
:108D9C004EE74246FF2000244AE70120002447E723
:108DAC00EC8D01082C8E0108FFFFFFF770B5420017
:108DBC004E024C0045026D0A120EC30F760A240EA9
:108DCC00C90FFF2A10D0FF2C0CD00120A2420AD1CF
:108DDC00B54208D18B420FD0002A04D12800431E83
:108DEC00984100E0012070BD0120FF2CFBD13543E0
:108DFC00F9D14B401800F6E70020F4E730B54200FB
:108E0C0044024D02C30F4800640A120E6D0A000E94
:108E1C00C90FFF2A18D0FF280AD0002A1ED100281B
:108E2C000AD1002D29D0002C2DD14800013830BD9D
:108E3C00002D25D1002A01D1002CF6D08B4219D05F
:108E4C0001205B421843F2E7002C19D1FF28F7D11F
:108E5C00002D15D100208B42F2D1E8E70028EFD08D
:108E6C008B42EDD18242EBDC04DBAC42E8D8002033
:108E7C00AC42DCD258000138D9E7002CD7D0DFE760
:108E8C0002204042D3E78B42DAD1EEE730B5420004
:108E9C0044024D02C30F4800640A120E6D0A000E04
:108EAC00C90FFF2A17D0FF280AD0002A1BD100288F
:108EBC000AD1002D1DD0002C2DD14800013811E015
:108ECC00002D0ED1002A01D1002CF6D08B420CD1F2
:108EDC005800013806E0002C03D1FF2805D1002DE5
:108EEC0015D0022030BD002806D101205B4218436A
:108EFC00F8E7002CF6D0F8E78B42F6D18242F4DC8E
:108F0C00E6DBAC42F1D80020AC42EBD2E0E700202B
:108F1C008B42EAD1E6E78B42E7D1F2E7F0B54F4658
:108F2C004646D6464400C0B546020F1C760A240EAF
:108F3C00C50F002C00D1DAE0FF2C74D08023F60092
:108F4C00DB041E43002399469A467F3C7B025B0A56
:108F5C0098467B001B0EFF0F002B74D0FF2B00D10B
:108F6C008EE042468021D200C90411437F3B2A0087
:108F7C00E4184B467A408846D2B20A2B75DC4B4635
:108F8C000020022B0FDD494601238B40A621C9008E
:108F9C000B4269D1902189000B4200D000E188215D
:108FAC00194200D0F5E041460904090C434608007B
:108FBC00350C36041B0C360C704369435E435D4321
:108FCC007618030C9B19994203D9802149028C46CF
:108FDC00654400041904000C09188E01701E8641AA
:108FEC001B0C890E5B190E439B011E431B016CD499
:108FFC0023007F33002B00DCB1E0150071070BD090
:10900C000F2021003040042806D00436320103D54D
:10901C006E4B1E400B008033FE2B00DDBDE0B20119
:10902C00520ADBB248E0002E00D092E008239946A9
:10903C00063B9A467B025B0A98467B00FF241B0E7C
:10904C00FF0F002B8AD14246002A64D149460132D7
:10905C00114389460A2908DC7D400120EAB2022925
:10906C0091DC1500002227E015005346022B00D19D
:10907C0093E0032B1AD0012B2CD1002300221BE0F0
:10908C004346FF34002B55D003214B460B431900AC
:10909C000A2B00DC92E00F2B00D08CE08022D20354
:1090AC00164203D04346134200D17DE08022D20306
:1090BC0032435202520AFF23D805ED0710432843CE
:1090CC00E0BCBA46B146A846F0BD012315007108B4
:1090DC001E400E4323008033611C002B41DD7207C0
:1090EC0094D00F223240042A00D08EE78EE7002E57
:1090FC0005D104239946033B00249A4626E7300009
:10910C0002F0EAFB7624431F9E40002364429946FA
:10911C009A46241A1AE7404602F0DEFB4B46241A04
:10912C00763C0A2BA1DC4346053883407D409846AB
:10913C00EAB224E74A46023313432A007A40D2B2F9
:10914C000A2B92DC49461500002926D099460220AC
:10915C0019E70C239946093BFF249A46F6E61500BD
:10916C0021000122D31A1B2B00DD86E79E31320031
:10917C008E40DA40731E9E413243530704D00F23B6
:10918C001340042B00D00432530110D501230022CC
:10919C0092E73D004646824667E7FF2300228BE7B5
:1091AC0080220025D20386E73D001A4383E7920113
:1091BC000023520A80E73D00464677E72A00012348
:1091CC007A408B400320D2B2E9E6C046FFFFFFF79E
:1091DC00F8B54746CE46430280B55F0A9B09450069
:1091EC004A009C464B02C40FCE0F2D0E580A120E8D
:1091FC009909FF2A6BD001235E40AB1AB4424BD0C5
:10920C00002B00DCFFE0002A00D188E0FF2D00D10C
:10921C00EFE08022D204114301201B2B08DC080054
:10922C002022D840D31A99400B005A1E9341184360
:10923C0063461B1A9C4663465B0100D4CDE0634633
:10924C009F01BF09380002F047FB3B000538834003
:10925C00854200DCA2E0B74A2D1A1A4094465A0700
:10926C0000D1C3E00F221340042B00D1BEE0042335
:10927C009846C44463465B0100D4B7E0681CFE2DDD
:10928C0000D0A5E0FF200022C0051043E4072043D6
:10929C00C0BCB946B046F8BD002B00DCEBE1002A9F
:1092AC0046D0FF2D00D1A4E08022D20411431B2B09
:1092BC0000DCFBE0052398462B00C4446246D7082B
:1092CC00FF2B00D195E07A02520AD8B2DCE72B00D2
:1092DC00FF3B9946002918D101235E40B44200D1CE
:1092EC00CAE04B46002B2DD0002D00D03CE1FF23D3
:1092FC006446002C00D15FE15D1E012B00D174E1AE
:10930C003400FF2B74D02B0003E1B44200D19CE05D
:10931C00002B17D0002DEAD0070034006CE0002998
:10932C00CCD05A1E012B2BD0FF2B62D0130073E72D
:10933C000029C3D05A1E012B00D11EE1FF2B58D09F
:10934C001300B4E7FE226B1C1A420DD1002D60D025
:10935C006346002B00D020E1002900D028E18022B8
:10936C000024FF20D2038FE763465F1A7B0100D5F0
:10937C00FEE0002F00D065E700240020002283E7E8
:10938C006346591A4B0100D419E18F01BF0938000B
:10939C0002F0A2FA3B000538834001252022401B35
:1093AC000130121A19009340C1405A1E93411943BF
:1093BC008C460B1EE1D05B0700D152E10F23002538
:1093CC000B40042B00D052E701204A0100D492E05C
:1093DC00C0B263469A01520A56E763465B0705D052
:1093EC000F2362461340042B00D040E72B0065E7A7
:1093FC000700002F00D145E78022D2033A435202E6
:10940C00FF20520A40E7002B79D1FE226B1C1A4236
:10941C00AAD16346002B00D1F5E0002900D1D1E0A0
:10942C005F1A8023DB041F4200D10EE16246012447
:10943C008A1A944600203440002A00D124E70120E7
:10944C001A42C6D10023D7083DE7002B17D0002DB8
:10945C0000D0AFE0FF236546002D00D1ADE05E1ECD
:10946C00012B00D189E0FF2BC2D01B2E00DCABE01E
:10947C004B1D9C46130021E74B46002B70D1FE225E
:10948C006B1C1A425ED1002D00D0C3E06346002B4A
:10949C0000D1D0E0002900D194E00A0062445301CD
:1094AC0000D4D8E092010120520AEDE608002022F7
:1094BC00D840D31A99400B005A1E934103439C4445
:1094CC0063465B0189D50135FF2D00D1DAE6624692
:1094DC0001231949134052080A401A4313009446B9
:1094EC005B0704D00F231340042B00D0BFE6634668
:1094FC005B0100D5C2E66346DF082B00E3E6531B95
:10950C00002D00D1F4E680206446C0040443A44638
:10951C00340001201B2B09DC20256046D840EB1AB7
:10952C0065469D402B005D1EAB4118430B1A9C46B3
:10953C00150080E6FFFFFFFBFFFFFF7DFE226B1C8B
:10954C001342A3D0FF2B00D19CE6614449084A0783
:10955C0049D00F220A40042A45D00A1D9446ADE694
:10956C00002D00D176E78DE63400FF2000228BE63B
:10957C0063460124CF1A344064E661444B016DD537
:10958C0048084449014043072CD00F230340042BC7
:10959C0028D00B1D9C46022390E6002900D12BE716
:1095AC008023DB039F4200D226E7984200D323E7B7
:1095BC000124344007001FE734008C467EE601236B
:1095CC00CF0880E600237EE620206546801B854080
:1095DC0063462800F340451EA84103439C461500F2
:1095EC008C446DE70223CF086DE60F1B7B0128D559
:1095FC00BF01BF09380002F06FF93B00053883400A
:10960C0034000125CAE6002900D1B5E60124070083
:10961C00344058E66346002B00D1E9E6002900D11E
:10962C00EAE68023DB039F4200D2E5E6984200D3B2
:10963C00E2E60700E0E6002900D19EE60023CF0811
:10964C0041E634000123FF083DE6002F00D193E6EC
:10965C000023FF0837E60023D70834E60123CF08A0
:10966C0031E680220B00D20401201340114200D0BD
:10967C00AEE6CF0827E6002B00D15FE7561B002D86
:10968C0001D13300E7E680236046DB0418438446AF
:10969C00EBE6C046FFFFFF7D41024200C30F490AC3
:1096AC000020120E7E2A03DD9D2A02DD094A98183D
:1096BC007047802000040143952A07DC9620821A0B
:1096CC00D1404842002BF3D10800F1E7963A914083
:1096DC00F7E7C046FFFFFF7F70B5002812D0C31715
:1096EC00C5185D40C40F280002F0F6F89E231B1A23
:1096FC00962B0FDC082838D0083885406D026D0A8F
:10970C00D8B202E0002400200025C0052843E4075D
:10971C00204370BD992B14DC421F95402A0015493B
:10972C00114055071CD00F252A40042A18D00431AB
:10973C00CA08490115D59F235202181A550AC0B2FE
:10974C00E3E705222900121AD14002001B32954092
:10975C002A00551EAA410A43064911405507E2D179
:10976C00CA085202550AD8B2CFE76D026D0A8E3084
:10977C00CBE7C046FFFFFFFB10B5041E0DD002F077
:10978C00ABF89E231B1A962B0CDC082834D0083817
:10979C0084406402640AD8B201E000200024C005B1
:1097AC00204310BD992B13DC421F9440144A2240D5
:1097BC0061071CD00F212140042918D00432D40891
:1097CC00520115D59F236402181A640AC0B2E6E749
:1097DC00020021001B3291400A00511E8A410521D2
:1097EC00091ACC401443064A22406107E2D1D4083E
:1097FC006402640AD8B2D2E76402640A8E30CEE7FF
:10980C00FFFFFFFBF0B54F464646D646C0B582B0CB
:10981C00009001910E034C00CD0F710A009E5F0069
:10982C00760F0E43009900920193C90089461903E3
:10983C007B0D9846019B490ADB0F9C46009B009AC6
:10984C005B0F0B434146640DD200611A654500D194
:10985C00A6E0002972DD4746002F00D1DDE0CC4F99
:10986C00BC4200D19AE10127382917DC80273F043C
:10987C003B431F2900DDDDE12027781A1F008740BC
:10988C00BA461700CF408446380057460743604617
:10989C008240CB40501E8241F61A17434B46DF1BC9
:1098AC00B94580414042361A330200D4FFE07602BB
:1098BC00760A002E00D13CE1300002F00DF80300D6
:1098CC00083B20213800CA1AD0409E4002009F401D
:1098DC0032439C4200DDA6E1181B0130091A3E0000
:1098EC008F40C6407B1E9F4113008B4037431F4364
:1098FC00C2403B0016000024134300D1DFE17B077C
:10990C0000D132E30F233A003B40042B04D03A1D24
:10991C00BA42BF417F42F619330200D423E39C4B79
:10992C0001349C4200D1B4E09A4B64051E40640D96
:10993C007707D20876021743360BACE0002900D12A
:10994C007EE04146091B002C00D060E13400484603
:10995C00044300D1C9E14C1E012900D12EE28C4DEB
:10996C00A94200D124E20127382C11DC21001F2947
:10997C0000DD0BE2202437004846641AA740C8409B
:10998C0007434846A040CE40441EA0419B1B0743C2
:10999C00D71BBA4292415242654644469E1A83E70F
:1099AC00002900DC9CE04746002F67D11F001743BD
:1099BC0000D1E4E0481E012900D19BE1744FB9426B
:1099CC0000D1EBE001270100382811DC1F2900DD54
:1099DC00C7E12027781A1F00844687401000C84032
:1099EC00074360468240CB40501E8241F618174315
:1099FC004F444F45804140423618330257D5644B93
:109A0C0001349C4245D00121624B7A081E403940FA
:109A1C000A43F7071743760871E71F00174300D175
:109A2C00ADE04F1EBC46012900D182E1584FB9422E
:109A3C0000D190E161460127382900DD2EE718E7B7
:109A4C00554F611C394200D0D0E0310048461F0010
:109A5C0001431743002C00D03DE1002900D1BCE1AB
:109A6C00002F00D0BFE14B460021D80877070743F1
:109A7C00F00806034C05360B640D0CE0444FBC4259
:109A8C0000D18BE001273829B2DC80273F043B430F
:109A9C009CE70026002724053443ED072C433800AF
:109AAC00210002B0E0BCBA46B146A846F0BD7B0727
:109ABC0004D00F233B40042B00D028E7F808344B8C
:109ACC0077070743F0089C4200D04AE23B0003436F
:109ADC0059D080263603064336032D4C360BDAE775
:109AEC00002961D04146091B002C00D1B9E0284C5B
:109AFC00A04500D1A5E10127382913DC80242404DA
:109B0C0026431F2900DDC8E1202437004846641A8B
:109B1C00A740C84007434846A040CE40441EA04141
:109B2C009B190743BF189742924152424446D6189C
:109B3C0063E7380001F0D0FE030018331F2B00DC64
:109B4C00BFE63A00083882409C4200DD83E01B1BD4
:109B5C00581C1F2800DCB4E117001F3BDF402028F5
:109B6C0005D040231B1A9A40531E9A4117430024D8
:109B7C00002F0AD07B0700D0C4E626009EE74B4698
:109B8C000C00D8089BE70027014C002683E7C04651
:109B9C00FF070000FFFF7FFFFE0700004B46770723
:109BAC00D8080743F00891E7CD4F611C39426BD1BF
:109BBC00310048460143002C00D04BE11F001743F5
:109BCC00002900D181E1002F00D14CE74A444A45DD
:109BDC008041F61840423618330200D5B0E1170028
:109BEC009146374300D03EE7002654E74946891A90
:109BFC008846C145BF41F11A7F42C91B0F0261D48F
:109C0C0047460F4300D1BDE00E00474651E6B54C28
:109C1C00A04500D100E10127382900DDB8E68024F9
:109C2C0024042643A3E6B04EE41A16407B0700D06A
:109C3C003FE743E70F001800203FF84084462029F7
:109C4C0003D04027791A8B401A43531E9A4163461E
:109C5C0017001F4322E6A448E11A10404707C0082A
:109C6C0007E734004846044300D1FAE04C1E0129B2
:109C7C0000D1D7E09B4FB94200D1E2E00127382C4C
:109C8C0000DD4FE721003CE7964CA14200D1DDE01E
:109C9C004A444A458041F31840421818C7075208F5
:109CAC0017434608520705D00F220C003A40042AED
:109CBC0000D02CE67607FF0837430009D9E60027C9
:109CCC000026E8E64946571ABA4292419E1B524278
:109CDC006546B61AEDE5002900D0C6E0002F67D125
:109CEC00802600257F4C3603D5E665460C001E0009
:109CFC00D008E4E64A444A458041F318404218181B
:109D0C001100030200D496E0774B49081840C307B2
:109D1C000B434408490700D129E10F221A40042AB9
:109D2C0000D1EAE01F1D9F42B6417642361902244B
:109D3C00C4E649468F1AB9458041F61A4042361A94
:109D4C00330206D47307FF0801211F43F00890E685
:109D5C0065460124ABE54B467707D8080743F00866
:109D6C00B4E60F001800203FF8408446202903D0A9
:109D7C004027791A8B401A43531E9A4163461700A9
:109D8C001F4335E600250024002684E60C00350030
:109D9C00203CE540202905D04024611A8E404946DC
:109DAC00314389464846411E884107002F43EFE561
:109DBC00D2085F0765461743D80887E6171ABA42D8
:109DCC0092419E1B5242B61A3302C1D47307FF084C
:109DDC00654601211F43F0084BE6002F7BD06546FA
:109DEC001E0091463FE6811A8846C145A441F11AEE
:109DFC006442091B80242404214277D0101A824229
:109E0C00924107009E1B5242B61A374300D0A0E085
:109E1C006546002400263EE65F07D20865461743D8
:109E2C00D80853E6811891429241F018524280189A
:109E3C00030200D568E74707C9080F43C008012192
:109E4C0017E6D2085F071743D8083FE60C00002638
:109E5C00002720E6002956D15F07D2081743D808FF
:109E6C0034E60C001E00D00829E6C1087007014337
:109E7C00F008002F62D080242403204207D0DE0893
:109E8C00264204D165463000D1085B0719434F0FB9
:109E9C00C900C9087F070F4318E60C003000203CAE
:109EAC00E0408446202905D04024611A8E40494662
:109EBC00314389464846411E8841614607000F439D
:109ECC0030E620210027091A0EE51E00002F00D0D5
:109EDC0022E5002458E7002500240026DBE5C046D7
:109EEC00FE070000FF070000FFFF7FFF47460F4300
:109EFC0000D147E70E00C146B5E5DF086407022133
:109F0C0027430009B5E51900C0087707074311433B
:109F1C00F008002900D1D9E580210903084207D0B7
:109F2C00DC080C4204D1D2085B071A43170020004E
:109F3C007B0FFF00FF085B071F43C7E50F00C5E55C
:109F4C00124BD20833405F075B02012417431E0BF0
:109F5C00A1E5264212D00D4B6546020001241E409D
:109F6C00E6E4210085E51700A8E53A00D4E4DB0817
:109F7C0064071C432700022100097AE5C008770713
:109F8C00074365460021F00873E5C046FFFF7FFFDD
:109F9C00F0B5DE46454657464E46E0B587B00092D2
:109FAC0001930B031B0B9B46CA0F4B00040080460E
:109FBC005B0D029200D198E07C4A934237D059460F
:109FCC00420FC9000A43802109041143C200904684
:109FDC00774A894692469A44002300240393009EB4
:109FEC00019F3B031B0B9B467B0030005B0DFD0F61
:109FFC00002B59D06D4A934248D05946720FC90074
:10A00C000A438021090411438B466949F2008C46AE
:10A01C0051466344CB1A9A460021029E6E40F6B21A
:10A02C000F2C00D9CEE0634BA4001B599F465A4617
:10A03C000243914600D090E09A46022390460824B1
:10A04C000393CCE7CB464246029D0399022900D1EB
:10A05C00DEE1032900D18DE0012900D079E12E0049
:10A06C0000220023002490461B052343F6073343AC
:10A07C004046190007B0F0BCBB46B246A946A04604
:10A08C00F0BD002200249046484BEDE75A46009B59
:10A09C001A43494B9C46E244002A59D102231C43E3
:10A0AC00002302219B46B8E75A46009B1A4349D02D
:10A0BC005B46002B00D19CE1584601F00DFC0200E0
:10A0CC0003000B3A1D27009EBA1A19005846D640B9
:10A0DC0008398840320002439346009A8A40374937
:10A0EC0053448A4600219A4497E75B4603439946BA
:10A0FC0021D05B46002B00D169E1584601F0ECFB06
:10A10C000B235B429C460200844466461D239B1B2A
:10A11C00260011005846DE400839884033000343BE
:10A12C00994623008B409846254B00249B1A9A464F
:10A13C000023039353E7002398469A4601330424E3
:10A14C0003934CE701231C43002301219B4664E746
:10A15C000323320003211C435FE79A460323D946AD
:10A16C000C2403933BE700238024984600260F4BD6
:10A17C00240379E780245B4624031C4324032E002C
:10A18C0090460A4B240B6FE780244B462403234252
:10A19C0002D05B462342F0D080244B4624031C4360
:10A1AC002403029E014B240B5EE7C046FF07000010
:10A1BC0001FCFFFF688E010801F8FFFFF3030000AC
:10A1CC000DFCFFFFCB4500D2F8E000D1F3E00123FA
:10A1DC005B429C46444648460025E2445B46170ECB
:10A1EC001B021F43190C3B04120200971F0C9146D3
:10A1FC0002910397FEF71AF802007A430B04210C24
:10A20C00804619438A4209D9009F0123BC465B4210
:10A21C0061449C46E0448F4200D85CE1881A029964
:10A22C00FEF704F8039A240442430904240C0300A7
:10A23C000C43A24206D90099013B8C466444A142CE
:10A24C0000D842E1A01A424612041A4393464B46E8
:10A25C0059461B0C1F0004930B0449460904090CB6
:10A26C000C001B0C5C43120C7B43884651437A4315
:10A27C00270CBC465B186344994203D980214902E0
:10A28C008C466244190C24041B04240C8A181C19D7
:10A29C00904202D316D1A54214D25B46009F013BDB
:10A2AC004D4405934D459B41BC465B426344C018ED
:10A2BC00874200D302E1824200D929E100D124E196
:10A2CC00059B9B462C1BA542AD41009B801A6D4201
:10A2DC00401B834200D10FE10299FDF7A7FF039ABF
:10A2EC000B044243210C050019438A4200D9CBE0F0
:10A2FC00881A0299FDF79AFF039A24044243090431
:10A30C00240C03000C43A24200D9CAE04146A41A13
:10A31C002A041A43049F13041B0C594340467B43E5
:10A32C009C46150C68430B0C844463447D43984253
:10A33C0003D98020400284466544180C09041B0490
:10A34C00090C40195B18844227D323D00123350014
:10A35C001A43944B5344002B60DD510700D086E028
:10A36C002E00D1085A46D20106D55A468E4B1A40B9
:10A37C0080239346DB0053448C4A934200DD80E6F5
:10A38C005A4652070A4390465A465B055402240B20
:10A39C005B0D69E63500002BDBD0009D511EAC46F1
:10A3AC006444AC4200D29EE0844200D2E1E000D191
:10A3BC00EEE00A00CAE7424500D908E74B46DC0745
:10A3CC00580843465B081C434346DD0706E701F08B
:10A3DC0083FA15239C4684440200634620321C2BCE
:10A3EC0000DC92E623000838834099460023984607
:10A3FC009AE601F071FA02000300153220331C2A90
:10A40C0000DC5FE600990838814000228B4666E646
:10A41C0000222E0000249046654B25E62E000121DB
:10A42C00C91A382900DD1BE61F297EDC614814009F
:10A43C0050445B4682408340CC40501E82412343B3
:10A44C001A435B46CB40510709D00F211140042918
:10A45C0005D0111D9142924152429B180A001902DB
:10A46C0000D49BE00022012300249046FCE50F2140
:10A47C001140042900D173E7111D914292415242BF
:10A48C002E00C90893446DE7009B013D9C46614436
:10A49C008B4200D92CE78A4200D829E7851E6144FB
:10A4AC0026E70099013B8C466444A14200D92DE774
:10A4BC00A24200D82AE7831E644427E7874200D0D3
:10A4CC00FEE6A94500D9FBE6F5E6A24200D8B9E6BE
:10A4DC00831E6444B6E68A4200D89FE6BC46831EBF
:10A4EC00984661449AE60A00844200D02EE74B4518
:10A4FC0000D02BE735002CE72A4B2F4A53449245CA
:10A50C0043DB0122002193442CE7AC4200D8D7E670
:10A51C0002235B429C4600994D444D459B41E344CC
:10A52C008C465B426344C018CCE61F204042C31AE1
:10A53C005846D840202904D05946204B53449940C2
:10A54C000A43531E9A410723190002430024114069
:10A55C00134209D008331340042B1DD0131D934212
:10A56C0089411A0049424907D2080A439046002300
:10A57C007AE54946009F4D004D458941BC4649420C
:10A58C006144A946023A6418AEE70122524246E7FA
:10A59C009945EED30A00AAE70021E5E759075B02CB
:10A5AC001C0BE1E7FF030000FFFFFFFEFE070000AE
:10A5BC00FF0700001E04000002FCFFFF3E04000029
:10A5CC00F0B55746DE464E464546E0B50D00040054
:10A5DC00E80F83460903D80F090B824619488C46AD
:10A5EC001F0369005E00490D3F0B760D814218D0A8
:10A5FC0086420FD00120B1420DD1BC450BD1944203
:10A60C0009D1D3451CD0002905D160462043431EF7
:10A61C00984100E00120F0BCBB46B246A946A046DA
:10A62C00F0BD01208E42F6D1614639430F0017432D
:10A63C002743F0D15B465246981A431E9841EAE7ED
:10A64C000020E8E7FF070000F0B557464E464546A8
:10A65C00DE46E0B50D000E034900490D8A46DF0FBA
:10A66C00E90FBC4683B02F4F04008046019158007F
:10A67C0019039146360B090B400DBA451DD0B84253
:10A68C000DD05746002F2AD13443002824D10A4339
:10A69C0036D0002C41D163465800013815E01143E7
:10A6AC0038D15346002B01D12643F4D0019B63458E
:10A6BC0007D1019B5800013807E026432AD15045A9
:10A6CC0021D00120019B5F42384303B0F0BCBB4654
:10A6DC00B246A946A046F0BD002CDCD0E6E7002827
:10A6EC00EFD0019B6345ECD18245EADCE1DB8E4285
:10A6FC00E7D8DED1C845E4D80020C845E5D2D8E774
:10A70C00002CE2D0DDE7114304D1019B6345D8D185
:10A71C000020DAE702204042D7E7019B6345E6D0F0
:10A72C00CFE7C046FF070000F0B557464E464546FA
:10A73C00DE46E0B50D000E034900490D8A46DF0FD9
:10A74C00E90FBC4683B02E4F04008046019158009F
:10A75C0019039146360B090B400DBA451ED0B84271
:10A76C000DD05746002F27D13443002833D10A434C
:10A77C0034D0002C40D163465800013815E0114309
:10A78C0012D15346002B01D12643F4D0019B6345D3
:10A79C001DD00120019B5F42384306E0264303D1C4
:10A7AC005045F6D111431CD0022003B0F0BCBB467F
:10A7BC00B246A946A046F0BD0028EAD0019B6345ED
:10A7CC00E7D18245E5DC02DB8E42E2D80ED0019B5C
:10A7DC0058000138E9E7002CCDD0D7E7002CE4D0A5
:10A7EC00D7E7019B00206345DFD0D2E7C845D0D81E
:10A7FC000020C845D9D2EAE7019B6345E4D0C8E7FD
:10A80C00FF070000F0B557464E46DE464546E0B51C
:10A81C001F000B031B0B16009A46CA0F4B000400BB
:10A82C00914685B05B0D00D1CFE1CD4A934255D016
:10A83C005146420FC9000A43802109041143C2004A
:10A84C009046C84A8A4693469B44002300250293AF
:10A85C003C037B00FA0F0196240B5B0D009200D198
:10A86C0088E1BF4A934200D192E0BE4A94466344C9
:10A87C009B440A2D42DCE400730F23438024494699
:10A88C0024041C43F3000193009B00205940CBB2DD
:10A89C000393022D00DC94E00123AB401D00A623A2
:10A8AC002A00DB001A401D4200D029E290239B00B5
:10A8BC001D4200D14DE20023802499462403A84B6D
:10A8CC0010004A461B052343D2071343190005B059
:10A8DC00F0BCBB46B246A946A046F0BD5246024368
:10A8EC00904600D0ACE19B46022392460825029389
:10A8FC00AEE7009BA2469946019B9846029B022B11
:10A90C0000D1CAE1032B00D192E1012B10D100231D
:10A91C0000240022D4E701227B083A40134352461C
:10A92C00D2071343984653465B089A46039B9946B5
:10A93C005B46581C8023DB005B44002B00DCB1E140
:10A94C00424652070BD00F2241460A40042A06D039
:10A95C004246111D4145924188465242924452460C
:10A96C00D20106D55246804B1A4080239246DB001A
:10A97C00C3187E4A934200DD8FE14246D10852460D
:10A98C0052070A4351465B054C02240B5B0D97E7BB
:10A99C00734B26439C46E344002E00D16FE1032306
:10A9AC0049461D43009B5940CBB203930A2D00DD51
:10A9BC0033E10123AB401D000323029388222A427A
:10A9CC0097D1424643461204120C160001981D0CF6
:10A9DC00030C0004000C4643B4461E006E43009664
:10A9EC00160007005E436146B0466F430E0CB84438
:10A9FC004644B74205D9802149028846009F474406
:10AA0C00009761460904090C370C36048C4631005A
:10AA1C00614401911100260C2404240C61438C46E2
:10AA2C002100694389466146090C884672434A44B1
:10AA3C0042447543914503D98021490288464544D7
:10AA4C00110C884661460904090C8C4612046244B8
:10AA5C00B91802915146090C8C4651460F043F0C13
:10AA6C003900414345448846614641438A46414644
:10AA7C006046090C894658437B4353444B449A45E2
:10AA8C0003D98021490289464844190C894641461C
:10AA9C000904090C8846390061431B044344884669
:10AAAC0061464C4371438C46414677430E0C3F192B
:10AABC00F6194844B44203D9802149028946CC4452
:10AACC000299009F894631044F448946414697427A
:10AADC0092410C04240C4C44FF1852426419A118E6
:10AAEC009F429B41884682465B42994690459241E3
:10AAFC00AC42A441C244D1445242644214439945ED
:10AB0C009B41824592415B42524213434A46360C6A
:10AB1C00A419E31863445B02D20D1A4301999246BF
:10AB2C007A020A43501E8241FF0D17434A465202D5
:10AB3C001743B846DB0100D5EDE60D4B039A5B4499
:10AB4C009146002B00DCACE03A00520700D110E734
:10AB5C000F2258463A40042A00D0F9E609E7C046CD
:10AB6C00FF07000001FCFFFFFFFFFFFEFE070000D8
:10AB7C00FF030000220032436FD0002C00D1C2E052
:10AB8C00200000F0A9FE020003000B3A1D20821ADF
:10AB9C0030001900D04008398C40020022433400A8
:10ABAC008C405946CB1A86498B469B440A2D00DDB6
:10ABBC00A4E64946009B01945940CBB214000020F6
:10ABCC000393022D00DD67E6FBE6534603439846EC
:10ABDC003CD05346002B00D1A3E0504600F07CFE45
:10ABEC000B235B429C4602008444110050460839FA
:10ABFC0088401D23804660461B1A2000D840030065
:10AC0C00404603439A4623008B4098466C4B0025E4
:10AC1C009B1A9B46002302931AE60F2D00D0C9E025
:10AC2C00802352461B031A4202D01C4200D192E0F0
:10AC3C008024534624031C4324034246240B3EE643
:10AC4C009B46032380460C25029301E600239A467B
:10AC5C009B46013304250293FAE501210D430A2D8D
:10AC6C0000DD4BE6494600984140C9B20391022DE4
:10AC7C0000DC96E000230024012001930CE64946F9
:10AC8C000223009A2B435140CAB203920A2B00DDD7
:10AC9C0034E6002D57D1039B994600240022494BE2
:10ACAC000EE658460121C91A382900DD2FE61F2966
:10ACBC0056DD1F2254465242D31ADC40202907D0BD
:10ACCC00414B42469C465346604483401A4390464F
:10ACDC0042460721531E9A410B0022431340002485
:10ACEC00114209D00F231340042B5DD0111D91424A
:10ACFC009B410A005B425B07D2081A430023DFE545
:10AD0C00039B9946FAE5019800F0E6FD020003006A
:10AD1C00153220331C2A00DC38E7019A08388240AF
:10AD2C003FE700F0D9FD15239C468444020063469E
:10AD3C0020321C2B00DC58E70023984623000838EF
:10AD4C0083409A4662E71D000023002402200193F1
:10AD5C00A2E5029032E61C43009B019A9946AEE5AF
:10AD6C001A4B5246C31840469A40C84002434046CC
:10AD7C0098400300581E834154461A43CC40530755
:10AD8C0009D00F231340042B05D0131D934292417D
:10AD9C005242A4181A00230208D5012300240022D1
:10ADAC008EE5894600248BE50023A5E76307640242
:10ADBC00240BA1E7009BA2469946019B984637E7D6
:10ADCC000DFCFFFFFF0700003E0400001E04000006
:10ADDC00F0B557464E464546DE46E0B583B000908A
:10ADEC0001910C034D00CE0F610A009C5F00640FB3
:10ADFC000C43009900920193C80019037B0D9946EE
:10AE0C00019BCC4FDB0F9C464B0A00998046490FA7
:10AE1C001943009B8B46DA0092466D0DB94500D163
:10AE2C00BFE00123614659404B468C46EB1A8E42DB
:10AE3C0075D0002B00DCA3E24946002900D1CEE0FE
:10AE4C00BD4200D100E20127382B19DC802759467E
:10AE5C003F0439438B461F2B00DDFAE12027F91AFA
:10AE6C008C4659466746B9400F001100D9400F4334
:10AE7C0061468A40511E8A415946D9401743641A8B
:10AE8C00C71BB84280414042241A230200D440E13F
:10AE9C006402640A002C00D154E1200000F01CFD77
:10AEAC000300083B20213800CA1AD0409C40020005
:10AEBC009F4022439D4200DDA6E1581B0130091A38
:10AECC003C008F40C4407B1E9F4113008B402743A6
:10AEDC001F43C2403B0014000025134300D1F7E18F
:10AEEC007B0700D177E30F2338003B40042B04D0C1
:10AEFC00381DB842BF417F42E419230200D468E3F5
:10AF0C008C4B01359D4200D1F4E08B4B6D051C4000
:10AF1C006D0D6707C00864020743240BECE0002B9F
:10AF2C0000DC29E34946002900D0D6E059461143FC
:10AF3C0000D12EE1591E012B00D1E6E1BB4200D11C
:10AF4C0082E101270B00382914DC1F2B00DD3CE2C9
:10AF5C002027F91A8C4659466746B9400F00110054
:10AF6C00D9400F4361468A40511E8A415946D94007
:10AF7C00174364183F18874280414042241823022B
:10AF8C0000D4C6E06B4B01359D4200D1B2E00121EB
:10AF9C00694B7A081C4039400A43E7071743640899
:10AFAC009EE7664B11438A46EB18002928D066456C
:10AFBC002CD0002B5BD0002D00D12CE15B466646DB
:10AFCC005F07D2081743DD083B002B4300D1E2E0BA
:10AFDC00802424032C432403564D240B8CE0594627
:10AFEC00114300D1D5E0591E012B00D1B9E1BB4270
:10AFFC0000D1B1E101270B00382900DD40E72AE739
:10B00C006146012779408C466645D2D1002B00D190
:10B01C00C5E0002D00D055E14B462500054300D17D
:10B02C0012E2591E8C46012B00D149E2414DAB4234
:10B03C0000D18FE20127382911DC63461F2B00DD7C
:10B04C005BE26146202327005B1A050098409F4075
:10B05C00CD40431E9841CC402F430743A344BF1817
:10B06C009742924152425A4414004D4687E7344F5E
:10B07C006B1C3B4200D0B6E05946230011430F0035
:10B08C000343002D00D026E1002B00D1C0E10029A4
:10B09C0000D1A1E0831A98465B464045AD41E31AC6
:10B0AC006D425B1B80252D042B4200D14BE15B468E
:10B0BC00101A824292411C1B070001266346524221
:10B0CC00A41A27431E40002F00D142E12C4200D18C
:10B0DC006DE2194B01251C401BE7BD4200D13BE141
:10B0EC000127382B00DD45E7802759463F043943BB
:10B0FC008B462AE7002400272D052543F607354308
:10B10C003800290003B0F0BCBB46B246A946A046A5
:10B11C00F0BD7B0704D00F233B40042B00D0E7E6A7
:10B12C002B00F808034A67070743E508934200D150
:10B13C004AE7A5E0FF070000FFFF7FFF01F8FFFFD4
:10B14C00FE070000380000F0C7FB030018331F2B6C
:10B15C0000DCA7E63A00083882409D4200DD8AE018
:10B16C005B1B581C1F2800DCD8E117001F3BDF407D
:10B17C00202805D040231B1A9A40531E9A4117438E
:10B18C000025002F00D1E5E07B0700D0ABE62C00BA
:10B19C00C6E7C008C6E700270024D14DACE7D14F65
:10B1AC006B1C3B4271D123000343002D00D04EE1B8
:10B1BC005746002B00D1B5E1002F0DD083188342E8
:10B1CC0080415C4440422418220200D5C8E11F0093
:10B1DC009846274300D1BCE043466707DB081F4372
:10B1EC00E50800234CE0831A98465B464045BF4176
:10B1FC00E31A7F42DB1B1F027CD447461F4300D15E
:10B20C00A6E01C00474645E6B74CED1A14407B07F8
:10B21C0000D080E784E74B462500054366D05F1ECF
:10B22C00012B00D1FCE0AE4DAB4200D15EE1664695
:10B23C00382F00DCB4E00120171ABA4292415B4669
:10B24C0052424D469C1A20E66707C0080743E508A2
:10B25C00BAE61F005946203FF9400F00202B05D0BD
:10B26C004021CB1A594699400A43924653465A1EDE
:10B27C0093411F4304E6EB1A9B4D15406F07ED08F5
:10B28C002C035D05240B6D0D36E7954DAB4200D1BB
:10B29C00D6E082182100824280415944404208186D
:10B2AC00C707520817434408520700D485E10F2200
:10B2BC001D003A40042A00D01AE6FF086407274311
:10B2CC000509DDE75B46D2085F071743DD087BE61F
:10B2DC000027002410E7002B00D0D6E0002900D076
:10B2EC002FE1802400267E4D240305E766465C464C
:10B2FC00D00817E75B46171ABA4292411C1B01266D
:10B30C0063465242A41A1E40C4E58318834280410E
:10B31C005C44404225182A0200D4DAE0724A5B08E9
:10B32C001540EA071A4369085B0700D44AE10F236A
:10B33C001340042B00D1FCE0171D9742A44164423A
:10B34C0002256418ECE647461C001F4300D043E777
:10B35C00002600250024CFE6C00867070743E50850
:10B36C0032E6871A5B46B8428041E41A4042241AFE
:10B37C00230228D46307FF081F43E50801237FE756
:10B38C00002B00D173E64B465F1B3B00002D00D118
:10B39C0042E7382F00DDECE080230E001B041C4339
:10B3AC001F2F25DC20252300ED1B0100A840AB40FE
:10B3BC00F940451EA8410B43FC4018435B461B1B40
:10B3CC009B4639E76646012562E51F005946203F3A
:10B3DC00F9408C46202B05D040275946FB1A994042
:10B3EC000A43924657467B1E9F4163461F43C1E565
:10B3FC003B002500203BDD40202F04D04023DB1BED
:10B40C009C40204380464046431E9841284313E706
:10B41C0000299DD0012663465C4690461E40DBE623
:10B42C00171A5B46BA4292411C1B5242A41A2302C1
:10B43C00C8D46307FF081F4366460123E5081FE7CE
:10B44C001D000024002757E65C46D0086AE6002B56
:10B45C0000D137E75346C00867070743E508002BC0
:10B46C0000D1B1E580231B031D4208D05946C80802
:10B47C00184204D1D20849070A43170005007B0F74
:10B48C00FF00FF085B071F439EE5C00863071843D6
:10B49C00E508002953D080231B031D420AD05946CE
:10B4AC00CC081C4206D1012663462500D00849076A
:10B4BC0008431E40470FC000C0087F07074383E5C1
:10B4CC008318934292415C445242A5182A0200D53B
:10B4DC0024E76F07DB081F43ED080123D0E6C046C5
:10B4EC00FF070000FE070000FFFF7FFF5B46D2084E
:10B4FC005F0766461743DD0866E52500203BDD4007
:10B50C006346202B05D0402361465B1A9C402043A8
:10B51C00804647467B1E9F412F43A0E520210027F4
:10B52C00091AD2E4002F00D113E75C46170000255E
:10B53C00F6E5D708490702230F432D09A0E60700BB
:10B54C0042E55B4601265F07DD086346D2081743D8
:10B55C001E4039E55B46D2085F071743DD0833E52B
:10B56C001E4ADB0822405707520201251F43140BC9
:10B57C00C2E50E0001205FE6002B0DD04B465B1B95
:10B58C009C46002D00D148E50127382B00DD66E5EF
:10B59C0080231B041C4350E56B1C114D2B4200D027
:10B5AC0073E65946230011438A46034300E66707B6
:10B5BC00C00800230743E50862E66407FF08274339
:10B5CC0005095DE6D208490711430F0002232D0936
:10B5DC0056E60700A4E538008FE4C046FFFF7FFF66
:10B5EC00FE070000F0B5C6461E03360BB0460D4EE6
:10B5FC000C034D005F0000B5240B6D0D7F0DB542A3
:10B60C000BD0084900208F4204D146461643300027
:10B61C00431E984180BCB846F0BD04430120002C69
:10B62C00F8D1EEE7FF0700000B00020070B5164DD5
:10B63C000C0382B04900002000920193240B490DA9
:10B64C00DE0FA94204DD1148814203DD104BF018D6
:10B65C0002B070BD8020400320430E4C641A1F2C96
:10B66C0008DD0D4B5B1AD84003005842002EEFD179
:10B67C001800EDE7094B009A9C46030061448B408F
:10B68C00E2401343F1E7C046FE0300001D04000036
:10B69C00FFFFFF7F3304000013040000EDFBFFFFEE
:10B6AC0070B5002816D0C317C5185D40C40F28000C
:10B6BC0000F012F9104B1B1A5B055B0D0A2814DC09
:10B6CC0002002E00153296400B22121AD5402D0383
:10B6DC002D0B03E000240023002500261B052B4323
:10B6EC00E40723433000190070BD0B3885402D034F
:10B6FC0000262D0BF2E7C0461E04000010B5041EF8
:10B70C0010D000F0E9F80E4B1B1A5B055B0D0A28F4
:10B71C000FDC0B222100121AD14015300A03844091
:10B72C00120B01E0002300221B051343200019001B
:10B73C0010BD22000B38824012030024120BF3E7D9
:10B74C001E04000070B542024300C40FFE201B0E05
:10B75C00591C550A08420CD0E02189008C466D0713
:10B76C00120B63441B051343E40723432800190001
:10B77C0070BD002B14D1002D1BD0280000F0ACF8AC
:10B78C000A281CDC0B232A001B1ADA400300153391
:10B79C009D400E4B12031B1A5B05120B5B0DE1E770
:10B7AC00002D09D0130B802212031A436D07084B8E
:10B7BC00D8E700230022D5E70022054BD2E703008F
:10B7CC002A000B3B9A400025E3E7C04689030000A2
:10B7DC00FF070000F0B54B000F035B0D3A4C450F13
:10B7EC0083B07F0A5E1C2F4300900191CA0FC500E5
:10B7FC0026420BD035495C18FE2C13DDFF200023AC
:10B80C00C0051843D207104303B0F0BD3D43002BD5
:10B81C0001D10020F4E7002DF0D08023DB03FF20C2
:10B82C003B43EDE7002C0CDD009BFF009B01581EF9
:10B83C008341690F3B430B43590727D1DB08E0B227
:10B84C00DEE72100173131DB80211E20090439434A
:10B85C00001B1F282DDD02267642341B0E00E6400D
:10B86C003400202804D01A488446634499400D4380
:10B87C002B00591E8B412343590703D00F2119402C
:10B88C0004290BD19B0100205B0AB9E70F21194059
:10B89C00042904D19B015B0AE0B2B1E70024043314
:10B8AC005901F7D501340023E0B2A9E700200023A9
:10B8BC00A6E7084C1C192B00A540C340A140681EEC
:10B8CC00854129430B43D7E7FE07000080FCFFFFAF
:10B8DC00A2FCFFFF82FCFFFF1C2101231B049842EA
:10B8EC0001D3000C10391B0A984201D3000A083905
:10B8FC001B09984201D30009043902A2105C4018BC
:10B90C007047C0460403020201010101000000005F
:10B91C000000000010B5002903D1FFF7DDFF203037
:10B92C0002E00800FFF7D8FF10BDC04682B073B527
:10B93C006C460091079321000300626060C960C3EC
:10B94C0007AA60CA60C313001500103006CB06C0EE
:10B95C0001220098616803F097FA6968012209983E
:10B96C0003F092FA73BC08BC02B0184737B5040058
:10B97C0003F0B0FEA068A38902691342FCD00169F0
:10B98C000A001A401942FAD101AD2068616803F02F
:10B99C007BFA29000122032003F0CEFD03CC012207
:10B9AC0003F072FA03F094FE28786B7800041B0203
:10B9BC001843AB7818433EBDF0B5094985B0094B27
:10B9CC0001ACC0CBC0C40B004968074A00911B688E
:10B9DC00064811685268FFF7A9FF05B0F0BDC046D4
:10B9EC00440000203C0000202C000020CC02002051
:10B9FC0010B50348FFF7BAFF80231B04584010BD55
:10BA0C00CC02002010B50548FFF7B0FF80231B04C3
:10BA1C005840984201DA024B181A10BDCC02002093
:10BA2C00FFFF7F0070B504250024FFF7E1FF013D07
:10BA3C002418002DF9D10723E01718400019C01065
:10BA4C0070BD0000F0B504000525002699B00392E6
:10BA5C000F0048227C4906A804930BF0B4FE631F28
:10BA6C0001937A4B02937A4B0593019BAB4257DCC3
:10BA7C0000221E9B1E80774B1A70774A1278029216
:10BA8C00764A964200D874E001251D70714B744AB9
:10BA9C001B782C000192002B1ED0029B714E002BA8
:10BAAC0000D1A0E0704B1B78002B00D19BE06F4BBA
:10BABC001B78002B00D196E06D4B7C1E1C60012284
:10BACC00694B1A70974201D16A4B1F70FA22338866
:10BADC0092009B189BB233805F4B1B78002B0CD0D1
:10BAEC00614B1B78002B08D0604B1B78002B04D0CB
:10BAFC005F4B1B68AB4200DA1C00019B1B78002BD0
:10BB0C0009D05D4B1B78002B05D15C4B039AD35CA1
:10BB1C00A34200DC5C1E201E00DC012019B0F0BD2D
:10BB2C00029B6A00985AFFF7BBFD0022544BFFF7AB
:10BB3C004FF9FFF779FDC317C4185C40059B6A00E9
:10BB4C00985AFFF7ADFD00224D4BFFF741F9FFF777
:10BB5C006BFDC317C018584082B2231CA4B2944288
:10BB6C0000D2031C9AB2B24200D2331C9EB20135F1
:10BB7C007BE7029B002B04D001223C4B1A703C4B00
:10BB8C001F60092301937B1E06ACDB00E3180593B1
:10BB9C00019D30006B1E0193FFF782FD226C636CDC
:10BBAC00FEF730FE059B083C1A685B68FEF7F0F95F
:10BBBC00344A354BFCF740FC002803D1019B002B89
:10BBCC00E6D10125264B1B78002B00D15EE7052F13
:10BBDC0000DC5BE7BD4200DC58E72C4B9E4200D8F2
:10BBEC0054E77D1C52E70624A74207DC023C062FD3
:10BBFC0004D03C00032F00DD0324013C019B029A7E
:10BC0C001B78002A00D05AE7002B00D15EE7049B7A
:10BC1C00002B0ED0039B1E4A013BD35C032B08D890
:10BC2C0001221C4B1A701C4B1C6033881B199BB2D5
:10BC3C003380114B1B78002B00D047E70F4B039A36
:10BC4C00D75402F0C1FA41E7988D01088C570020B7
:10BC5C009C4C00200A040020E10100205B3F000006
:10BC6C006363002086670020CA650020C865002039
:10BC7C000C020020C9650020C40A00207F6300204C
:10BC8C0080FFCF409A99999959CCCC4070170000FD
:10BC9C00DC030020CB6500200802002070B50600F4
:10BCAC000D0019001F4B10001B781F4C013E002B80
:10BCBC0003D11E4B1B78002B21D000221C4BFCF710
:10BCCC00B5FB002803D11B4B1B78002B1AD1A35DAD
:10BCDC000133DBB2A355002D04D06A1EA35C0133E3
:10BCEC00DBB2A354A35D072B01D90723A355002D69
:10BCFC0005D0013D635D072B01D907236355A05D7A
:10BD0C00C0B270BDA35D002B03D0A35D013BDBB2C1
:10BD1C00A355002DE6D06A1EA35C002BE2D0A35CD9
:10BD2C00013BDDE765630020DC030020626300203B
:10BD3C0000002E400904002010B5D02200210B4831
:10BD4C000BF0ACFC00230020094A0A4913700A4A84
:10BD5C0013700A4A10605160094A0A480A49106077
:10BD6C0051600A4A137002F0B1FA10BD80620020D3
:10BD7C00DA03002000002E40DB030020000000202E
:10BD8C00080000200E2DB29DEFFF5840D903002073
:10BD9C00F7B502F01FFD364B0C251B780090002BDD
:10BDAC0000D1083D334B344A1B78127801930023A1
:10BDBC00944619001A000124304F31483B609445D9
:10BDCC003ADC002B00D039602E4B04241B78002B5E
:10BDDC003ED0019B013CA3423AD82B4B1B78002B45
:10BDEC0004D02A4B02341B78002B31D0009B9D428F
:10BDFC0020D92749002208684968264B264EFCF7B3
:10BE0C0015FB00281FD1254B18685968FCF7DCFB83
:10BE1C00C4B2022C03D13B68022B00DD0124803616
:10BE2C000022306871681B4BFCF700FB00280FD018
:10BE3C00022C0CD102240BE0865C022E01D82300CC
:10BE4C0001310132BBE702F0E0FC0228DBD806240A
:10BE5C00200001F0B3FF009B9D4207D1104D2B78C1
:10BE6C00002B03D1FFF768FF01232B702000FEBDD0
:10BE7C0094670020B865002049020020C40300200C
:10BE8C00DC0300209767002040020020A9660020F8
:10BE9C00600A002000002E40E0090020C8030020AA
:10BEAC00C003002010B56822002103480BF0F6FBFC
:10BEBC0002F088F810BDC046406500200023190030
:10BECC0010B5044AD15401330D2BFBD102F05AF9B1
:10BEDC0010BDC046DC0300200621074B10B51B78B3
:10BEEC000D22C91A05480BF0D9FB0022044B1A701D
:10BEFC0002F094F910BDC04662630020A8650020D2
:10BF0C00B7650020F0B58DB00B930E0013000690B2
:10BF1C0001928A4208D1854A94466344DB00C318D7
:10BF2C00186859680DB0F0BD00240F00019B251C4A
:10BF3C005B1A04930294019B9F4200DA87E00498F9
:10BF4C00FDF7CAFB071C011C0298FCF719FE391CF3
:10BF5C000790281CFCF714FE391C0890201CFCF7D9
:10BF6C000FFE002409900494271C03940294019B57
:10BF7C009E4200DA8EE004990298FCF7CFFF391C40
:10BF8C00051C381CFCF7CAFF011C281CFDF720F906
:10BF9C000499061C0398FCF7C1FF211C051C381CD6
:10BFAC00FCF7BCFF011C281CFDF712F9311CFCF737
:10BFBC00E7FD211C051C0298FCF7B0FF391C041C82
:10BFCC000398FCF7ABFF011C201CFDF701F9311C99
:10BFDC00FCF7D6FD291C041C0798FCF79FFF011CDD
:10BFEC000898FDF7F5F8211C061C0998FCF796FF3C
:10BFFC00011C301CFDF7ECF80B9B061C5A1E9341E0
:10C00C00019AD31A18000193FDF766FB291C071C33
:10C01C00FCF784FF311CFCF7C1FB211C051C381CF0
:10C02C00FCF77CFF391CFCF779FF011C281CFCF782
:10C03C00B5FB0021041CFCF739FA002800D00024C1
:10C04C003B49201CFCF76AFFFFF77CFB6AE73800D2
:10C05C00FDF742FB069AFB00D31803901868596849
:10C06C00FFF7B8FB3249FCF78BFD011C281CFCF7D1
:10C07C0095FB0399051C0298FCF790FB0399029021
:10C08C00081CFCF74BFF011C201CFCF787FB01373D
:10C09C00041C50E73000FDF71FFB0799051CFDF74A
:10C0AC0097F8011C0590FCF739FF011C0298FCF76E
:10C0BC0075FB069AF300D318029018685968FFF7BD
:10C0CC0089FB1B49FCF75CFD0899FDF781F8011C05
:10C0DC000A900598FCF722FF011C0398FCF75EFB05
:10C0EC00291C0390281CFCF719FF0999FDF770F81F
:10C0FC00051C011C0598FCF711FF011C381CFCF7F2
:10C10C004DFB291C071C281CFCF708FF011C04987C
:10C11C00FCF744FB291C04900A98FCF7FFFE011C59
:10C12C00201CFCF73BFB0136041C20E7FFFFFF1F24
:10C13C0000FEFF46F8B506000F0014001D00FCF7CA
:10C14C0099F900280CD0069A079B30003900FCF7AF
:10C15C007DF900282FD034003D0029002000F8BDC7
:10C16C0022002B0030003900FCF770F900280FD0AA
:10C17C00069A079B30003900FCF77CF90028EAD1BD
:10C18C00069A079B20002900FCF760F90028E4D1EF
:10C19C0022002B0030003900FCF76CF9002807D086
:10C1AC00069A079B20002900FCF764F90028D4D1DB
:10C1BC00069C079DD1E722002B0030003900FCF7CC
:10C1CC0035F90028ECD0D3E7F0B589B0069007918B
:10C1DC001900814B10001B78002B05D100247F4DDA
:10C1EC002000290009B0F0BD00227D4BFDF70AFBB1
:10C1FC0002000B0000207B49FDF7CAFE02000B0079
:10C20C000290039100207849FDF7C2FE0022774B83
:10C21C00FEF7DEFD029A039B04000D00002074491A
:10C22C00FDF7B6FE0022714BFEF7D2FD0E9A0F9B66
:10C23C000090019120002900FFF77CFF00246D4D38
:10C24C0002000B000020009401956B49FFF772FF70
:10C25C0000226A4B04900591FEF7BAFD684B694ABF
:10C26C00FEF7D0FA0CF0B8F8674B1B78002B54D1C2
:10C27C000022664BFDF7C6FA02000B0064486549C4
:10C28C00FDF786FE644A654BFDF7BCFA06000F000D
:10C29C00049805990022624BFEF79AFD32003B0090
:10C2AC00FEF7B0FA002204000D00069807995D4BCA
:10C2BC00FEF78EFD02000B0020002900FDF7A2FA0C
:10C2CC00554A04000D00554B30003900FEF780FD37
:10C2DC000022554BFEF796FA02000B0020002900B5
:10C2EC00FDF790FA514A524BFEF78CFA029A039BD7
:10C2FC00FEF788FA0022002304000D00FCF79CF8DE
:10C30C00002800D06AE7002220002900494BFCF7E6
:10C31C00A7F8002800D061E762E7009401950E9A17
:10C32C000F9B00204449FFF705FF069A079B04006A
:10C33C000D0000204149FEF74BFD220006000F00C6
:10C34C002B0000203E49FEF743FD02000B0030009D
:10C35C003900FDF757FA3B4A04000D000298039987
:10C36C00394BFEF74FFA02000B0020002900FEF7B4
:10C37C0049FA04000D00354A354BFEF743FA22000A
:10C38C002B00FEF73FFA22002B00FEF73BFA314A56
:10C39C0006000F00200029002F4BFEF733FA220075
:10C3AC002B00FEF72FFA02000B0030003900FDF7CE
:10C3BC0029FA2A4A06000F0020002900284BFEF714
:10C3CC0021FA02000B0030003900FDF71BFA254A58
:10C3DC00254BFEF7FDFC8DE70904002000002E40E4
:10C3EC000010714000A07240004C98400000894041
:10C3FC0000A89B4000C08C400080864000E08A4032
:10C40C009999C9BF9A999999626300200000F03FED
:10C41C00C01E85EB51B89E3FA4703D0AD7A3E83FE0
:10C42C0000488C4000407F4000408F403BDF4F8DE8
:10C43C00976E92BF00002C40000886400090804010
:10C44C00002889409E12E429419E923F1B0DE02D4D
:10C45C0090A0A83FBA490C022B87F0BF8351499D8D
:10C46C00804620400E2DB29DEF272F401F4B70B5FC
:10C47C001B781F4E34687568002B18D122002B00D6
:10C48C0000201C49FEF7A4FC1B4A1C4BFEF7BAF912
:10C49C0022002B00FDF7B6F9194A1A4B04000D00C7
:10C4AC00FBF7DEFF00281CD13460756070BD164BA5
:10C4BC001B88002B08D022002B0000201349FEF70C
:10C4CC0087FC0D4A124BE1E7200029000A4A114B68
:10C4DC00FEF798F902000B0020002900FEF778FC0B
:10C4EC00DAE7074B074C33607460DFE70904002080
:10C4FC00C8030020000008409A9999999999A93F7E
:10C50C00CBA145B6F3FD0740866700200000F83F3D
:10C51C009999B93F9999C93FF0B516001F00E1B040
:10C52C00002230003900334BFBF780FF002806D087
:10C53C00FFF79CFF304B1868596861B0F0BD0022C2
:10C54C00300039002D4BFBF777FF002844D0002238
:10C55C00002330003900FBF783FF00283CD0002477
:10C56C001A21274A274D14578C46E300013464B234
:10C57C00EB181E605F6023001470234AA44419005A
:10C58C00192B00DD1A39C90069180133086849688C
:10C59C0003C26345F3D11D4B1B780693002C3DDC85
:10C5AC00002B00D024E20023124C009301940023B2
:10C5BC00134AD356192B04DD1A3B13700122134B6B
:10C5CC001A70FFF753FF069A0B4B002AB3D0009951
:10C5DC00019A19605A60AEE7E1210D4A890013886F
:10C5EC005B189BB2138000220A4B1A700A4B1A700C
:10C5FC00A0E7C04600002E400000002000002C40A8
:10C60C00DA03002080620020E8020020DB03002017
:10C61C008667002009040020080400201A230E93CA
:10C62C00069B002B00D10E94D02200212CA80BF0DD
:10C63C0035F8CF4A00230092082252422500944636
:10C64C0002931235A4449C4201DD9C4504DD069AFC
:10C65C00002A0DD09D420BDC0098D9002CAA521850
:10C66C0009180868496810605160029A01320292F8
:10C67C000E9A01339A42E6DC08221A21BD4B2CA8F3
:10C68C000AF090FD029B029ADB0F9B1802995B103B
:10C69C00DA00C90700D4AEE12CAB9B185C681B68B0
:10C6AC000093019401230693029B052B00DC8CE084
:10C6BC00B14B1B78002B00D0B0E10325AF4BB04C35
:10C6CC0004930594AF4C002220686168AE4BFBF7D5
:10C6DC00ADFE002801D026606760236864682E9840
:10C6EC002F990693079432003B00FBF7A5FE002818
:10C6FC000BD1069A079B30003900FEF769FB00222C
:10C70C00A24BFBF7ADFE00280AD0A14B1A78A14B27
:10C71C00002A00D186E101221A6000229C4B1A707B
:10C72C00029B2CAA023BDB00D11808684968320036
:10C73C003B00FBF795FE00280BD1069A079B3000B7
:10C74C003900FEF745FB0022934BFBF775FE0028E2
:10C75C000AD0924B1A788F4B002A00D169E1012242
:10C76C001A6000228D4B1A708A4B00261A68AA4256
:10C77C0001DB1E6001360298FEF792FF0022884B07
:10C78C00FDF706FCFEF750FF2CAAC300D1180400DD
:10C79C00069A079B08684968FBF74EFE002800D0F4
:10C7AC004EE1029B2CAA013B1B1BDB00D118086835
:10C7BC004968069A079BFBF753FE002800D03FE11F
:10C7CC00002E00D040E10023069300240026002711
:10C7DC00744B674D1B785BB20493083B0A93724B06
:10C7EC001B780F93049B12330C93049BA34202DD22
:10C7FC000A9BA34205DD0F9B002B16D00C9BA3427A
:10C80C0013DC009A019BE100491908684968FEF79E
:10C81C00DFFA02000B00FDF7F5FF02000B00300001
:10C82C003900FCF7EFFF06000F000E9B0134A3420A
:10C83C00DBDC0298FEF734FF02000B0030003900FD
:10C84C00FDF7A6FB0BF036FE0A00169017910100BF
:10C85C00564B19605A600022554B1A70554B1B7879
:10C86C00934209D1544B1B78934200D062E1534B55
:10C87C001B78934200D05DE1514B524C3F4E0C93D0
:10C88C000D943F4F049B032B03D10F9B002B00D126
:10C89C0055E180240023E405129313940022002315
:10C8AC00002410921193324B0A941893049B013B71
:10C8BC001993049B12331A93049B083B1B93049B00
:10C8CC00A34202DD1B9BA34205DD0F9B002B42D034
:10C8DC001A9BA3423FDC189AE3009B181A685B680A
:10C8EC001492159314981599009A019BFEF770FAFF
:10C8FC000290039112981399029B0893039B5B007F
:10C90C005B080993169A179BFDF77CFF02000B003E
:10C91C0008980999FBF790FD002808D10C9A0D9BFB
:10C92C0008980999FBF788FD002800D10AE10898BE
:10C93C00099932003B00FBF77FFD002800D101E193
:10C94C00109811990A9B01330A93149A159BFCF7C2
:10C95C0059FF109011910E9B0134A342AFDC1A4B7E
:10C96C001B78002B34D00022184B1A6030E0C046E4
:10C97C0080620020AD180108936700209A9999995C
:10C98C009999C93F0000002000002E400000E03FB4
:10C99C00B8030020BC0300200000E0BFB903002056
:10C9AC0000001840DA030020DB03002010000020F8
:10C9BC00D803002062630020E001002061630020A6
:10C9CC00333333333333C33F0904002004040020D2
:10C9DC000A9B002B00DCEAE51800FEF761FE020062
:10C9EC000B0010981199FDF7D3FA00900191DEE538
:10C9FC001A230E9318E6013BDB002CA9C9182CABAB
:10CA0C009B181A685B6808684968FCF7FBFE0022F3
:10CA1C00714BFDF7F7FE0090019143E601250023D1
:10CA2C006D4C4DE61A6801321A6001226B4B1A707C
:10CA3C0073E61A6801321A600122694B1A7090E68B
:10CA4C000023654C049305940025402200211CA86A
:10CA5C000AF024FE634B1CAC0F932B000F9AC833C7
:10CA6C009B181A685B680A920B930A980B99009AA8
:10CA7C00019BFEF7ADF94B005B080D930C90060083
:10CA8C000F000C980D990022574BFBF7E9FC00287E
:10CA9C002ED0009A019B22606360083D2B00083465
:10CAAC004033DAD10123082200211CA8FFF72AFA0F
:10CABC004E4B06000F000A930020049A059B4A492E
:10CACC00FEF786F9069A079BFDF79CFE32000400E0
:10CADC000D00049805993B00FDF794FE0B00020035
:10CAEC0029002000FCF78EFE0A9B186059606AE64C
:10CAFC003F4A300039003F4BFBF7B2FC3C4A002860
:10CB0C0007D0009801993B4BFCF77CFE20606160DC
:10CB1C00C3E730003900384BFBF78EFC002802D1FC
:10CB2C000A9A0B9BB7E7324A324B00980199FEF7F1
:10CB3C004FF9EBE7314E324F0C960D97A2E60023DE
:10CB4C00294CA9E6199BA34200D004E72D4A15787D
:10CB5C00002D00D1FFE62C490B8864339BB20B806F
:10CB6C0000231370294A13700122294B1A70294B88
:10CB7C0000221B78002B19D1029803990023FBF794
:10CB8C005BFC00281FD0244A136801331360234B2D
:10CB9C001A780323002A00D1023B1F4A12689A42DA
:10CBAC0000DCD8E601221E4B1A70D4E60023029852
:10CBBC000399FBF755FC051EE5D10122164B1A60B3
:10CBCC00144B1D70E3E70022029803990023FBF736
:10CBDC0047FC0028F1D1DAE70000E03FB903002060
:10CBEC00B8030020E80200200000F03F0000002005
:10CBFC009A9999999999B93F9999B9BF3333333324
:10CC0C003333D33F0904002086670020080400203A
:10CC1C00D80300202000002004040020946700208A
:10CC2C0002040020F0B5002201260400094F0A4836
:10CC3C008A4200DBF0BD0825A35C5840030033405A
:10CC4C005B423B4040085840013D80B2002DF5D17D
:10CC5C000132EDE701A0FFFFFFFF00000122024BB4
:10CC6C001A8000225A807047EA03002070B5084CE5
:10CC7C00050023780E00002B01D1FFF7EFFF3100E8
:10CC8C002800FFF7CFFF01236080A080637070BD88
:10CC9C00EA03002010B5FFF7E9FF014B187910BD2E
:10CCAC00EA0300200020034B5A78824200D05879C6
:10CCBC007047C046EA03002070B504000D00002246
:10CCCC006168006802F0E0F829000122032002F0FC
:10CCDC00D9FB03CC012202F0D7F870BD7FB56B46AF
:10CCEC0000915A6019000200050011C911C20122FD
:10CCFC000098596802F0C8F80126282303AC2800D4
:10CD0C0021002380A670FFF7D7FF382328002100CD
:10CD1C002380A670FFF7D0FF02232800F61821000D
:10CD2C002380A670FFF7C8FF302328002100A670CF
:10CD3C002380FFF7C1FF7FBD07B590220B001202C5
:10CD4C00914200D91300182201A90A701A0A4A70DC
:10CD5C008B70FFF7B1FF07BD07B590220B001202D5
:10CD6C00914200D91300192201A90A701A0A4A70BB
:10CD7C008B70FFF7A1FF07BD00880B88C01A7047A6
:10CD8C00F0B51F0000250C0085B08B00060018586C
:10CD9C000A9B039218603D60039B9C4201DB0025BB
:10CDAC001BE0A3000293F3580193002D08D1191C2A
:10CDBC00FBF77CFB431E9841050001980134EBE71F
:10CDCC000199FBF787FB0028F7D0029B0A9AF3180E
:10CDDC00043B1B68013C3C601360280005B0F0BDAF
:10CDEC00F0B51F0085B08B00060018580A9B0C008C
:10CDFC0018600023012503923B60039B9C4201DBDE
:10CE0C0000201EE0A3000293F3580193002D0AD0DA
:10CE1C00191CFBF75FFB431E9841012305005D4085
:10CE2C0001980134E9E70199FBF740FB0028F7D0A2
:10CE3C000120029B0A9AF318043B1B68013C3C60DE
:10CE4C00136005B0F0BDF0B50C000600002785B0EE
:10CE5C0003938B001958930001921B580A9A019D59
:10CE6C001360013C019B9C4207DD002F0DD0631B1E
:10CE7C00DA179B185340052B07DD039B0A9A1D609C
:10CE8C00AD00AB59136005B0F0BDA300F358181CEE
:10CE9C000293FBF71FFB002806D0002F01D1651C65
:10CEAC0001370299013CDDE70700FAE7F0B50C0009
:10CEBC000600002785B003938B001958930001924C
:10CECC001B580A9A019D13600134019B9C4207DA9E
:10CEDC00002F0DD0631BDA179B185340052B07DD71
:10CEEC00039B0A9A1D60AD00AB59136005B0F0BDF1
:10CEFC00A300F358181C0293FBF7ECFA002806D099
:10CF0C00002F01D1651E013702990134DDE70700BE
:10CF1C00FAE7000070B50D0004000222044B0AF081
:10CF2C0041F9E90F491949108900085980B270BDBF
:10CF3C0085CD0008F0B50D0000241F4B85B0029381
:10CF4C001E4B21310190203D00910393009B9D428B
:10CF5C000BD11B49201CFBF713FEFEF7F3FB0BF068
:10CF6C00A9FAFEF737FC05B0F0BD029A6B00D05A57
:10CF7C00039AD35AC01AC317C0185840FCF7ACFB1D
:10CF8C00019AAB00D158FCF723F9FEF7DBFB02004A
:10CF9C000B00FDF737FC0600201C0F00FEF7D2FB40
:10CFAC0002000B0030003900FCF72CFCFEF712FCE1
:10CFBC000135041CCAE7C0468C5700209C4C00204D
:10CFCC0000008242F0B5002689B000AF3A61013A08
:10CFDC003B60D30F9B185B10B8607960BB613B68FA
:10CFEC009E4202DBBD4609B0F0BD6B46BC69FB60DE
:10CFFC003B69FB61A64203DA340073000133FB6129
:10D00C006A460025FB69341B9B000733DB08DB00F9
:10D01C00D31A9D467B61BB68A4001C19FB69AB420B
:10D02C000CDC19007869FFF775FFFCF7A5FB7B6832
:10D03C00B4001851FB6801369D46D0E701CCFCF7D3
:10D04C002BFB7B69AA0098500135E7E7F0B500246B
:10D05C0089B00492013A0593D30F9B185B1003938C
:10D06C00059B069007915E1E059B9C4201DB09B057
:10D07C00F0BD039B9C421ADA230065000135069A29
:10D08C00E31A9B00D7180023029300230193029B01
:10D09C009D4216DC2800FCF71FFB011C0198FBF7D6
:10D0AC006FFD079BA700D8510134013EDCE7039AC2
:10D0BC003300964202DA75000135E0E7039B049DCC
:10D0CC00DDE7019802CFFBF769FB029B019001336E
:10D0DC000293DCE7F8B504000D000020012917DDF0
:10D0EC0000268F00231FFF1821686068FCF770F87A
:10D0FC0041004908301CFBF751FB0434061CA742C5
:10D10C00F2D1681EFCF7E8FA011C301CFBF738FD65
:10D11C00F8BD0000F7B5104B00251B680F4E0193AE
:10D12C0001230F4F5B420093019BAB4201DC009843
:10D13C00FEBDF16BB06BFBF7F1FE041C011C381C3F
:10D14C00FBF7B4F9002804D13C1C01352836271C08
:10D15C00EAE70095F9E7C046F00300200C04002034
:10D16C00000080BFF0B5184B85B01B6800250393F9
:10D17C00164B174F5C681B68009301940123154EE6
:10D18C005B420293039BAB4202DC029805B0F0BDFC
:10D19C00F86CFEF7D7FA009A019BFDF719FEFEF723
:10D1AC0043FAC317C0185840FCF796FA041C011C2C
:10D1BC00301CFBF78FF9002804D1341C01352837BB
:10D1CC00261CDFE70295F9E7F0030020D00A0020C7
:10D1DC000C04002000FEFF46F7B50E4B00241B6824
:10D1EC000D4E019301230D4D5B420093019BA34215
:10D1FC0001DC0098FEBD376C281C391CFBF76AF962
:10D20C00002804D12F1C013428363D1CEEE7009475
:10D21C00F9E7C046F00300200C04002000FEFF4696
:10D22C00F0B5A1B0139326AB1B8800240C9327AB4D
:10D23C001B78129215930023DC221C931D931E93D2
:10D24C001F93D04B03901091CF48210052001C60CB
:10D25C00189419941A941B940AF020FACB4B1C7056
:10D26C00CB4B1B78A3421ED032231B930023079376
:10D27C00002300260E930B93C24D2C68092C60DC06
:10D28C000C9A15981CAB00931B99323A18AB0028DA
:10D29C000FD00398FFF774FD0A90002C20D00A9B46
:10D2AC00002B20D14DE0BB4B1B78002BDED0142380
:10D2BC00DBE70398FFF794FD0123189A2B60B64B1C
:10D2CC009200D358109A1C9813600022129B1A607B
:10D2DC00FBF762F9139B1880109B186821B0F0BD06
:10D2EC000A9B002B29D0AB4B189E1B78002B00D02F
:10D2FC0062E11EAB01223100039800931AABFFF7D9
:10D30C00A2FD0C9B31005A1E1FAB039800931BAB64
:10D31C00FFF7CCFD1C98FBF73FF983B2180007937D
:10D32C00FCF7DAF91E99041CFBF752FF1F990B90BE
:10D33C00201CFBF74DFF0E9053E0954B1B78002BF8
:10D34C0030D1904B904D1E68002E00DD65E100D071
:10D35C00AAE10C9C904B013CEC60A4001A68E358C9
:10D36C002A61AB61039B6A6118682E60AE60FBF7A3
:10D37C0013F9039B80B2A883E883E058FBF70CF900
:10D38C002884864B109A1E602B691360A88CFCF7BE
:10D39C00F3F9129B139A1860AB8B30001380FCF7D7
:10D3AC00EBF99BE77E4B1B78002B00D1DCE07D4B2F
:10D3BC00794D1A685B68049205930C9B9C4210DAB9
:10D3CC00A300E858FEF7BEF9049A059BFBF734F866
:10D3DC00002800D1D3E023001894323B32341A9346
:10D3EC001B941A9B08931B9B089A0993189B0492F5
:10D3FC0006939B1A642B02DD069B643B0493099BEA
:10D40C00069A099D9B1A642B01DD15006435049B5B
:10D41C00EB1A581C80000D9309F058FD0700049B73
:10D42C00039A9B009B58049C1193AB009B580F9044
:10D43C0014935D4B1793A54200DBCDE01DAB00931D
:10D44C0000210D9A0F9819ABFFF79AFC071E1CD000
:10D45C001D98FBF7A1F883B218000793FCF73CF971
:10D46C001199FBF7B5FE0021199E051CFBF73CF842
:10D47C00002800D0CDE00B9D0A9B002B02D101228D
:10D48C00424B1A70049B0B95F6180F9809F028FD67
:10D49C00404B1B78002B0CD03F4BB200D058434B69
:10D4AC001B78002B00D0B6E04149FBF71DF8002893
:10D4BC0019D0089B0020F31ADA179B185340052B40
:10D4CC0011DD099BF31ADA179B185340052B0ADD63
:10D4DC00089A099B9B1ADA179B1853400122142BAC
:10D4EC0000DC02001000274B1B6804930A9B002BE6
:10D4FC0002D1002F00D124E7002830D02824049B2F
:10D50C0030005F1C23007B430D93FCF7E5F81E4DA8
:10D51C000D9BE850049B08985C43FCF7DDF82C1934
:10D52C00E0620998FCF7D8F820630798FCF724F917
:10D53C000B9B3100A3630E9B60630398E363FFF7BF
:10D54C00F9FCFE239B05206463640698FCF7C4F881
:10D55C00114BB200D358A064E3640A4B1F600A9BC2
:10D56C00002B00D088E6ECE6124B1B78002B00D089
:10D57C001DE701F02FF9002800D1E2E617E701348E
:10D58C001BE7C046F00300200C040020F40300202D
:10D59C0063630020E1010020FC0A0020706700207A
:10D5AC00CF65002030020020DC20002062630020C8
:10D5BC0000803B44DB6500203D4B1B78002B00D1E9
:10D5CC0097E63C4BB200D058FCF766F8C3173A4CC0
:10D5DC00C018584020608CE6049BE01AFCF77CF8DD
:10D5EC00149916901198FBF7F3FD011C1698FBF794
:10D5FC0095FC16900D98FCF76FF8011C1698FBF72C
:10D60C00BFFA179AA300D158FBF7C8F8013401C729
:10D61C0011E70E9530E7294947E7294B1B78002B7A
:10D62C003AD0284B1B78002B33D0FFF79BFD04001E
:10D63C00254B1B78002B08D0002C06DA234B1C78CA
:10D64C00002C2CD0FFF78EFD040028273E006643EB
:10D65C00AE19706BFAF7A0FF01346743A883E85941
:10D66C00FCF71AF8134C80000359B06B2B61FAF7D6
:10D67C0093FF6884F06BFAF78FFFA884B06CFCF70B
:10D68C000BF880000059FCF707F8C317C6185E406A
:10D69C0077E6FFF7A1FDCAE701246442C8E7022E32
:10D6AC00D3D0FFF737FDCFE701246442CDE7C04666
:10D6BC0062630020FC0A0020706700200000FA431F
:10D6CC00E1010020DA65002063630020DB650020A7
:10D6DC000023F0B58DB00B93CE4B059007910693BC
:10D6EC009B88069ACC4C13805380CC4D63880100E8
:10D6FC0028002380FFF7EEFC21220026C84B18607F
:10D70C00C84B1A60059BB34200DD4DE1C64B21228C
:10D71C0008932800059B0899FFF798FC0026059BA9
:10D72C00B34200DD49E10026059BB34200DD4EE12A
:10D73C00BD4E280021223100FFF788FC0025059BF7
:10D74C00AB4200DD4DE10026B44D059BB34200DD3C
:10D75C0051E1069B20881B88C01AC317C01858407B
:10D76C00FBF7BAFF069B286060885B88C01AC3175A
:10D77C00C0185840FBF7B0FFAB4CAC4A2100059BDE
:10D78C00126868602800FFF71DFC41222900200068
:10D79C00059BFFF75BFC2122A24F059B2100280073
:10D7AC003A60FFF753FCA24B1A7800239A4203D03D
:10D7BC00A04B1A7801235340012213400293059B7E
:10D7CC0001920093122306AA9B1820009A490BAAD7
:10D7DC00FFF726FD0024994B904E18608E4B089352
:10D7EC00059BA34200DD55E18F4D300029003A68BE
:10D7FC00FFF72CFC01230193059B002400931223BB
:10D80C0006AA9B1828008E4902940BAAFFF708FD64
:10D81C008C4B824E1B680893059BA34200DD48E1AC
:10D82C00814B300006933A68059B0699FFF70EFC76
:10D83C000023029301330193059B834D0093122324
:10D84C0006AA9B18290006980BAAFFF7E9FC784B4F
:10D85C001B78002B0FD07B4B2E68794C1B682068F3
:10D86C00311C0993FAF736FE089B002800D12FE1F2
:10D87C00002B00DD33E16E4B1C78002C1ED0734B5B
:10D88C001B78002B1AD06B4B714E1B78002B15D1CB
:10D89C002B68704F181C0593FAF77EFE33686E4A9E
:10D8AC00013BDB003860D6180598FDF74BFF32685A
:10D8BC007368FBF7A7FFFDF78DFF28602868FDF75D
:10D8CC0041FF079B079A1864596464486A33878B35
:10D8DC007A321F80838C13805A4A12680592059DF8
:10D8EC005F4A694269411170002C00D16FE1C82276
:10D8FC005200974292415B4952420A70534A0921A5
:10D90C0016780022458C100099425041C0B28446D2
:10D91C001000A9425041544CC1B221705348964258
:10D92C0000D109E16146017051494F2D02D94F2BAD
:10D93C0000D90BE101230B704E4B4F4D1A7801238C
:10D94C0053404E4A2B701370C8235B009F4206D382
:10D95C002378002B03D10378002B00D11DE1002389
:10D96C001370059B464C002B00D0F3E02388454AEE
:10D97C009B189BB22380059B2B700022424B1A7084
:10D98C0096420CD19132FF32974208D33F4A12781B
:10D99C00002A04D0059A002A01D001221A70002214
:10D9AC003B4B1A700DB0F0BD7300E05AFBF7E4FE70
:10D9BC00B700EF1938600136A4E6089AB300D058C6
:10D9CC00FAF7EAFD7700E71938800136A7E6069AE0
:10D9DC007300D05AFBF7D0FEB700EF193860013650
:10D9EC00A2E6069B6F00DF19AB00F058FAF7D4FDE6
:10D9FC0001353880A3E6069A7300E05AD35AB70073
:10DA0C00C01AC317C0185840FBF766FEEF193860F0
:10DA1C0001369AE68C5700209C4C0020BC36002026
:10DA2C006867002018000020DC2000201C0000206B
:10DA3C0063630020C40A002078670020746700200C
:10DA4C007C670020F00300208067002062630020C8
:10DA5C00880A002070670020406500200C0400201C
:10DA6C00210000200104002000040020FF030020FE
:10DA7C00FE0300200A0400200904002008040020F2
:10DA8C008667002050C3FFFFFB030020FD0300202E
:10DA9C00FC030020089A6300D05AFBF76DFE9349F3
:10DAAC00FBF796FBA500400075194008286001346F
:10DABC0096E6069A6300D05AFBF75EFE8B49FBF79D
:10DACC0087FBA50040007519400828600134A3E6C7
:10DADC00002B00DCCFE6099B002B00D0CBE62660A8
:10DAEC000024834B0893834B0993059BA34213DCBF
:10DAFC003A6806990898FFF7A9FA002302930133B4
:10DB0C000193059B06AA009312237B499B18069848
:10DB1C000BAAFFF785FBAEE6089B099AA6009E1997
:10DB2C006300D05AFBF728FE7049FBF751FB40000D
:10DB3C00400830600134D8E7624602706F4A182DF5
:10DB4C0001D9182B04D801231370F5E60A70F3E6FB
:10DB5C001670F1E66A4B6B4A186859686A4B1B7869
:10DB6C00002B0ED0694BFAF785FC002805D02388D2
:10DB7C00674A9B189BB22380FFE62388654A28706E
:10DB8C00F7E7624BFAF776FC002802D02388624A4A
:10DB9C00EFE72388614A2870EBE75B490978002995
:10DBAC0000D1EAE65649137008684968554A574B44
:10DBBC00FAF760FC5A4A002805D0138854495B18C0
:10DBCC009BB21380D9E6138852492870F7E7554A5F
:10DBDC001678002E00D1E5E6FA2292009742924187
:10DBEC00514952420A7009252200408C4F49854206
:10DBFC0062410A704E4A069222009D426241150013
:10DC0C00069A1570C72803D9C7229A426441E6B216
:10DC1C00484A1670484A1278002A04D14748006BCB
:10DC2C00022800DC0A700120454A464C1278069402
:10DC3C0042402270FA24444DA400A74204D30C782D
:10DC4C00002C01D1092B38D82F4B354C1B78002BCD
:10DC5C0021D1069A1370059B002B05D123883B4AD2
:10DC6C009B189BB223800EE023882B4A9B18012221
:10DC7C009BB22380364B374C1A70374B1868FDF724
:10DC8C0061FD2060616000232B70FA239B009F4292
:10DC9C0000D287E61DE001222D4B1A702D4B079305
:10DCAC002D4B1868FDF74EFD079B069A18605960BE
:10DCBC00002313702388174AD2E7002A13D0244B71
:10DCCC00244F1870244B1868FDF73CFD38607960C0
:10DCDC002C70002E00D165E6059B002B00D161E66F
:10DCEC0001232B705EE62A70F3E7C04600FC7F46EA
:10DCFC00BC3600209C4C002080670020FD030020D7
:10DD0C00C803002033333333F40300203333FB3F99
:10DD1C00204E0000409CFFFF1027000030750000D3
:10DD2C0086670020E1010020F9030020F8030020A1
:10DD3C00F7030020F603002062630020880A00200D
:10DD4C000A040020FA030020F503002050C3FFFF53
:10DD5C00B9650020000200207867002010B5010092
:10DD6C00662000F01FFF10BD10B50100622000F00E
:10DD7C0019FF10BD10B50100632000F013FF10BD9A
:10DD8C0010B50100602000F00DFF10BD10B50100B2
:10DD9C00612000F007FF10BD10B50100C02000F09D
:10DDAC0001FF10BD10B50100672000F0FBFE10BD97
:10DDBC0010B501006B2000F0F5FE10BD37B5010069
:10DDCC00682000F0EFFE0A4B01AD18685968FDF7AA
:10DDDC0001FD011C280006F010F8002420006C3016
:10DDEC00295D80B2013400F0DDFE042CF6D137BD84
:10DDFC00C803002000233B2909D81818C0B21828E2
:10DE0C0001D9182000210002081880B270473C3953
:10DE1C000133C9B2DBB2EEE710B5FFF7EBFF04003C
:10DE2C00010AC9B2642000F0BDFE6520E1B200F029
:10DE3C00B9FE10BD10B5642000F096FE04006520FC
:10DE4C0000F092FE01002000FFF7D4FF10BD10B5CA
:10DE5C00040001000C22C52000F0B2FE21000C22AF
:10DE6C00D12000F0ADFE8A200C222100400000F0F1
:10DE7C00A7FE10BD70B50D4E050074791022122C42
:10DE8C000ED0112C10D8013C20002030032180B280
:10DE9C00013400F087FE122CF6D17279023AD2B21C
:10DEAC002900202000F0BCFE70BDC046C405002037
:10DEBC0070B5050000242000203080B200F054FE24
:10DECC00032804D128550134102CF4D113E0202858
:10DEDC00F8D02D28F6D02E28F4D02F2803D93928A5
:10DEEC00F0D94028EED810220321280009F0D6FBE7
:10DEFC002800FFF7BFFF70BD70B50D4E050074799B
:10DF0C001022122C0ED0112C10D8013C20004030C5
:10DF1C00032180B2013400F045FE122CF6D1727947
:10DF2C00023AD2B22900402000F07AFE70BDC04601
:10DF3C00C405002070B5050000242000403080B2DC
:10DF4C0000F012FE032804D128550134102CF4D112
:10DF5C0013E02028F8D02D28F6D02E28F4D02F2826
:10DF6C0003D93928F0D94028EED8102203212800F3
:10DF7C0009F094FB2800FFF77DFF70BD10B5010080
:10DF8C00E02000F00FFE10BD0100932010B5400002
:10DF9C0000F008FE10BD932010B5400000F0E4FD29
:10DFAC00FF2803D1AA38FFF7EFFF552010BD10B59D
:10DFBC00E02000F0D9FDFF2803D1FD38FFF7DEFF8C
:10DFCC00022010BDF7B5F0248527114E6400BF0068
:10DFDC0003CEFDF7FFFB01AD011C280005F00DFF82
:10DFEC002000297800F0DEFD601C697880B200F01A
:10DFFC00D9FDA01CA97880B200F0D4FDE01C04343B
:10E00C00E97880B2A4B200F0CDFDBC42E0D1F7BDFE
:10E01C004065002073B5114E114C03CEFDF7DAFBB1
:10E02C0001AD011C280005F0E8FE2000297800F065
:10E03C00B9FD601C697880B200F0B4FDA01CA97811
:10E04C0080B200F0AFFDE01CE97880B200F0AAFDD0
:10E05C000434044BA4B29C42DFD173BDD8640020BD
:10E06C00A3020000D702000073B5114E114C03CE71
:10E07C00FDF7B0FB01AD011C280005F0BEFE200031
:10E08C00297800F08FFD601C697880B200F08AFD61
:10E09C00A01CA97880B200F085FDE01CE97880B264
:10E0AC0000F080FD0434044BA4B29C42DFD173BD5C
:10E0BC0070640020D70200000B03000073B5114EF2
:10E0CC00114C03CEFDF786FB01AD011C280005F0B9
:10E0DC0094FE2000297800F065FD601C697880B200
:10E0EC0000F060FDA01CA97880B200F05BFDE01C84
:10E0FC00E97880B200F056FD0434044BA4B29C4283
:10E10C00DFD173BD086400200B0300003F03000047
:10E11C0073B5114E114C03CEFDF75CFB01AD011C28
:10E12C00280005F06AFE2000297800F03BFD601CF9
:10E13C00697880B200F036FDA01CA97880B200F09E
:10E14C0031FDE01CE97880B200F02CFD0434044B66
:10E15C00A4B29C42DFD173BDA06300203F0300003A
:10E16C007303000010B5002420002C30FF3080B267
:10E17C0000F0FAFC024B185501340D2CF4D110BDF3
:10E18C00DC03002010B500242000064B2C30195D58
:10E19C00FF30C9B280B2013400F004FD0D2CF3D174
:10E1AC0010BDC046DC03002010B500242000054B38
:10E1BC00C130FF30195D80B2013400F0F3FC0D2C3E
:10E1CC00F4D110BD8D63002010B50024054B195DF2
:10E1DC0085239B00E01880B2013400F0E3FC0D2C89
:10E1EC00F4D110BD8063002070B5002425004135AA
:10E1FC00FF35ADB2280000F0B7FC431EDBB2082B94
:10E20C0004D92800052100F0CDFC0520024B18553F
:10E21C0001340F2CEAD170BDA865002010B5002484
:10E22C002000054B4130FF30195D80B2013400F005
:10E23C00B9FC0F2CF4D110BDA86500200A4B37B5E2
:10E24C0018685968FDF7C6FA01AD011C280005F0E5
:10E25C00D4FD00242000E830295D80B2013400F0A8
:10E26C00A1FC042CF6D137BD080000200A4B37B5B1
:10E27C0018685968FDF7AEFA01AD011C280005F0CD
:10E28C00BCFD00242000F630295D80B2013400F082
:10E29C0089FC042CF6D137BDD00300200A4B37B5CE
:10E2AC0018685968FDF796FA01AD011C280005F0B5
:10E2BC00A4FD00242000E430295D80B2013400F07C
:10E2CC0071FC042CF6D137BD0000002073B51A4E3A
:10E2DC001A4C03CEFDF77EFA01AD011C280005F0A7
:10E2EC008CFD2000297800F05DFC601C697880B200
:10E2FC0000F058FCA01CA97880B200F053FCE01C84
:10E30C00E97880B200F04EFC04340D4BA4B29C4270
:10E31C00DFD10C4BE320197800F044FC0A4BE220CF
:10E32C00197800F03FFCFFF7B9FF9220074B400033
:10E33C00197800F037FC73BD806200203B020000AE
:10E34C00A3020000DB030020DA030020D903002025
:10E35C000A4B37B518685968FDF73CFA01AD011C3A
:10E36C00280005F04AFD00242000EC30295D80B225
:10E37C00013400F017FC042CF6D137BD3802002014
:10E38C000D4B37B518685968FDF724FA01AD011C1F
:10E39C00280005F032FD00242000F030295D80B209
:10E3AC00013400F0FFFB042CF6D1044BF420197857
:10E3BC00C9B200F0F7FB37BD30020020CF6500205A
:10E3CC000100262010B5FF3000F0ECFB10BD10B59D
:10E3DC000100692000F0E6FB10BD000010B5010043
:10E3EC00014800F0DFFB10BD390200000100D12014
:10E3FC0010B5400000F0D6FB10BD0100D42010B5C4
:10E40C00400000F0CFFB10BD0100AA2010B5FF307A
:10E41C0000F0C8FB10BD0100D72010B5400000F083
:10E42C00C1FB10BD0100D52010B5400000F0BAFBB7
:10E43C0010BD0100A42010B5FF3000F0B3FB10BDDF
:10E44C000100AC2010B5FF3000F0ACFB10BD01009A
:10E45C00D22010B5400000F0A5FB10BD0100AE208D
:10E46C0010B5FF3000F09EFB10BD0100D62010B59A
:10E47C00400000F097FB10BD10B5010C0400A82063
:10E48C00C9B2FF3000F08EFBD320210AC9B2400084
:10E49C0000F088FBA620E1B2FF3000F083FB10BD3A
:10E4AC00002110B50800FFF7B7FC0120FFF768FC4E
:10E4BC000120FFF76BFC0020FFF7DEFF10BD10B54D
:10E4CC00040000F0C9FBFFF7EBFF2100062201203E
:10E4DC0000F0A6FB21000622102000F0A1FB062272
:10E4EC002100302000F09CFB10BDF0B50125002769
:10E4FC002C008FB006AB0590019302930395BEB22E
:10E50C00701C80B200F030FB029B18703000103091
:10E51C0080B200F029FB082206AB9B183036D85588
:10E52C000490B0B200F020FB029A049912780AAB66
:10E53C00F854914253D1049A904207D000242500FC
:10E54C0004E00024049A03948242F8D1029A013721
:10E55C0001320292062FD2D106AA127A1B781340EE
:10E56C0006AA1278FF2A0DD1FF3B5A425341DEB264
:10E57C0000230CA9002C02D1039A002A0AD0019A7C
:10E58C0012780DE00026FF2BF2D106A8FFF797FFBB
:10E59C003500EDE7002DF2D0082006AA1218D25C47
:10E5AC005A54019A013301320192062BE2D1002315
:10E5BC00CA5C10003038092809D906223021059888
:10E5CC0009F06CF80598FFF77AFF0FB0F0BD0598CD
:10E5DC00C254002EF1D10133062BE9D1F5E790425C
:10E5EC00AFD1002215000392B0E70100282010B52E
:10E5FC00FF3000F0D7FA10BD01002A2010B5FF3013
:10E60C0000F0D0FA10BD0100952010B5400000F0CC
:10E61C00C9FA10BD10B50100014800F0C3FA10BDD5
:10E62C003602000010B50100014800F0BBFA10BD25
:10E63C003702000070B5050000242000803080B245
:10E64C0000F092FA28550134102CF6D170BD10B59B
:10E65C0001001022802000F0E3FA10BDD02310B589
:10E66C000C000100580000F09DFAA2202100FF30A0
:10E67C0000F098FA10BDF7B504001D00009101924E
:10E68C0000F072FA0600200000F06EFA070030006D
:10E69C00BE4208D0200000F067FA874203D0200069
:10E6AC0000F062FA3000019B984202D8009B98421D
:10E6BC0004D22000290000F075FA2800FEBD0223C8
:10E6CC0010B51A0001216620FFF7D5FF10BD10B55B
:10E6DC000723082201216220FFF7CDFF10BD10B5E2
:10E6EC000023F0220A216320FFF7C5FF10BD012390
:10E6FC0010B5FF2219006020FFF7BDFF10BD0123EC
:10E70C0010B5022219006120FFF7B5FF10BD0223DE
:10E71C0010B51A000121C020FFF7ADFF10BD012379
:10E72C0010B5022219006720FFF7A5FF10BD0023CA
:10E73C0010B5F02219006B20FFF79DFF10BD0000F3
:10E74C0070B50024FF2585239B00E0182A002B00C0
:10E75C00012180B2FFF78FFF024B185501340D2CAD
:10E76C00F1D170BD80630020012310B50222190085
:10E77C006920FFF780FF10BD022310B51A0001219C
:10E78C000148FFF778FF10BD390200000123D120AA
:10E79C0010B5022219009840FFF76DFF10BD012340
:10E7AC00D42010B5022219009840FFF764FF10BD69
:10E7BC000123AA2010B502221900FF30FFF75BFFDE
:10E7CC0010BD0121D72010B50B23FE228840FFF786
:10E7DC0052FF10BD0023A42010B5FE221900FF30FB
:10E7EC00FFF749FF10BD0023AC2010B5FE22190025
:10E7FC00FF30FFF740FF10BD0023D22010B5FE22E2
:10E80C0019004000FFF737FF10BD0023AE2010B5F4
:10E81C00FE221900FF30FFF72EFF10BD0023D6207B
:10E82C0010B50D2219004000FFF725FF10BD002385
:10E83C00FF22A82010B519008018FFF71CFF002339
:10E84C000400D3201900FF224000FFF714FF24041A
:10E85C0000020023FF222418A62019008018FFF7BD
:10E86C000AFF001910BD0123262010B50222190041
:10E87C00FF30FFF700FF10BD0F232A2010B51A0040
:10E88C000E21FF30FFF7F7FE10BD0023952010B5C9
:10E89C00FF2219004000FFF7EEFE10BD10B50B2350
:10E8AC000D2201210148FFF7E6FE10BD36020000E3
:10E8BC00012310B50D2219000148FFF7DCFE10BD35
:10E8CC003702000037B505000024281980B200F08B
:10E8DC004BF901AB18550134042CF6D1210018006A
:10E8EC0005F07AFA0198011CF9F7DAFD002801D13C
:10E8FC000023019301983EBD002370B50622190038
:10E90C006820FFF7B8FE04006C20FFF7DBFFFCF774
:10E91C0019FF024D28606960200070BDC8030020FB
:10E92C0070B5F0248526074D6400B6002000FFF773
:10E93C00C9FFFCF707FF0434A4B203C5B442F5D1F8
:10E94C0070BDC0464065002070B5074D074C2000D7
:10E95C00FFF7B8FFFCF7F6FE0434054BA4B203C571
:10E96C009C42F4D170BDC046D8640020A3020000C4
:10E97C00D702000070B5074D074C2000FFF7A2FF2F
:10E98C00FCF7E0FE0434054BA4B203C59C42F4D161
:10E99C0070BDC04670640020D70200000B0300005D
:10E9AC0070B5074D074C2000FFF78CFFFCF7CAFE33
:10E9BC000434054BA4B203C59C42F4D170BDC046CF
:10E9CC00086400200B0300003F03000070B5074DE6
:10E9DC00074C2000FFF776FFFCF7B4FE0434054B20
:10E9EC00A4B203C59C42F4D170BDC046A063002004
:10E9FC003F0300007303000010B5EC20FFF762FF2B
:10EA0C00FCF7A0FE10BD000070B5334D334C200058
:10EA1C00FFF758FFFCF796FE0434314BA4B203C544
:10EA2C009C42F4D1002319001A22E220FFF723FEA6
:10EA3C002C4B012218700023E3201900FFF71BFE5A
:10EA4C00421E9041284B1870E420FFF73BFFFCF767
:10EA5C0079FE264B18605960254B18605960E820E8
:10EA6C00FFF730FFFCF76EFE224C20606160F62051
:10EA7C00FFF728FFFCF766FE1F4C20606160F0205A
:10EA8C00FFF720FFFCF75EFE1C4B0122186059605B
:10EA9C001B4B186059600023F4201900FFF7EBFDA5
:10EAAC00431E9841174BC0B2187000230122190065
:10EABC00F520FFF7E0FD431E9841134BC0B21870D0
:10EACC0000239220012219004000FFF7D4FD421EC2
:10EADC0090410E4B187070BD806200203B0200000C
:10EAEC00A3020000DA030020DB030020000000205A
:10EAFC00E00A002008000020D00300203002002093
:10EB0C00E80A0020CF650020CD650020D903002045
:10EB1C0037B502236A46134C40BA537050801171BA
:10EB2C0020680022616800F0AFF9062000F088FC34
:10EB3C0020680122616800F0A7F920680022616852
:10EB4C0000F0A2F901256B46585D013500F078FC08
:10EB5C00052DF8D120680122616800F095F900F0CC
:10EB6C001BFD37BD2400002070B505000C4C0022A5
:10EB7C002068616800F088F9032000F061FC280A25
:10EB8C0000F05EFCE8B200F05BFC00F0ADFC0500B0
:10EB9C0001222068616800F077F9280070BDC0463A
:10EBAC002400002070B505000C002800FFF7DCFFE6
:10EBBC00A04204D021002800FFF7AAFFF5E770BDA2
:10EBCC00F8B505000F001600144C0022206861688F
:10EBDC0000F05AF9062000F033FC2068012261682D
:10EBEC0000F052F900222068616800F04DF9022013
:10EBFC0000F026FC280A00F023FCE8B200F020FC10
:10EC0C0039003000002200F03DFC206801226168D0
:10EC1C0000F03AF900F0C0FCF8BDC046240000201A
:10EC2C00F7B50D0016000527019032002900019858
:10EC3C00FFF7C6FF0024A64200DCF7BD019B1819A4
:10EC4C0080B2FFF791FF2B5D834201D10134F2E7D3
:10EC5C00013F002FE9D1F0E730B589B02022FF2128
:10EC6C006846802508F01AFD0024ED0020002034B1
:10EC7C0020226946A4B2FFF7D3FFAC42F6D109B00B
:10EC8C0030BD0000604B10B518680022596800F0C8
:10EC9C00FBF85E4B00221868596800F0F5F85C4BE5
:10ECAC0000221868596800F0EFF85A4B00221868D7
:10ECBC00596800F0E9F8584B00221868596800F0C0
:10ECCC00E3F8564B00221868596800F0DDF8544BF5
:10ECDC0000221868596800F0D7F8524B00221868C7
:10ECEC00596800F0D1F8504B00221868596800F0B0
:10ECFC00CBF84E4B00221868596800F0C5F84C4B05
:10ED0C0000221868596800F0BFF84A4B00221868B6
:10ED1C00596800F0B9F8484B00221868596800F09F
:10ED2C00B3F8464B00221868596800F0ADF8444B14
:10ED3C0000221868596800F0A7F8424B00221868A6
:10ED4C00596800F0A1F8404B00221868596800F08F
:10ED5C009BF83E4B00221868596800F095F83C4B24
:10ED6C0000221868596800F08FF83A4B0022186896
:10ED7C00596800F089F8384B00221868596800F07F
:10ED8C0083F8364B00221868596800F07DF8344B34
:10ED9C0001221868596800F077F8324B0122186884
:10EDAC00596800F071F8304B01221868596800F06E
:10EDBC006BF82E4B01221868596800F065F82C4B43
:10EDCC0001221868596800F05FF82A4B0122186874
:10EDDC00596800F059F8284B01221868596800F05E
:10EDEC0053F8264B01221868596800F04DF8244B53
:10EDFC0000221868596800F047F8224B0122186865
:10EE0C00596800F041F810BD840000207C000020FF
:10EE1C0064000020740000205C0000206C000020C6
:10EE2C00340100202C010020240100201C010020B2
:10EE3C00140100200C01002004010020FC00002023
:10EE4C00F4000020EC000020E4000020DC00002096
:10EE5C00D4000020CC000020C4000020BC00002006
:10EE6C00340000202C00002024000020B4000020DE
:10EE7C00AC0000209C000020A400002054000020C6
:10EE8C004C0000209400002007B589B206F0BCF9B4
:10EE9C0007BD07B589B206F0B1F9431E9841C0B25F
:10EEAC000EBD000030B593B03822002104A808F044
:10EEBC00F5FB10220021684608F0F0FB8020800052
:10EECC0006F052FA06F046FA1821194A0124D36DBD
:10EEDC0002258B43D3650523049380235B020593A2
:10EEEC0003230C9300230D9308330E9380239B0272
:10EEFC000F9380239B041093802304A89B050694F6
:10EF0C000B95119306F05CFA002801D072B6FEE75F
:10EF1C00072302900390210068460093019506F0A8
:10EF2C00B7FC002801D072B6FEE713B030BDC04666
:10EF3C0000100240F0B58FB005F082FEFFF7B2FF73
:10EF4C001422002109A808F0A9FB04220126C74DB0
:10EF5C00C74C6B6B210013436B636B6BC548134041
:10EF6C000493049B6B6B1C3213436B636B6BC24F30
:10EF7C0013400593059B6B6B1E3A33436B636B6BB2
:10EF8C0033400693069B6B6B13436B636B6B1340A5
:10EF9C000793079B6B6B063213436B636B6B1340CE
:10EFAC0008930022089B06F02FF9A02039000022BC
:10EFBC00C00506F029F90022B049B14806F024F941
:10EFCC000022B049B04806F01FF909940024A94862
:10EFDC0009A90A960B940C9406F05EF8A020052360
:10EFEC0009A9C00509930A940B9406F055F8A020C2
:10EFFC0009A9C00509970A960B940C9406F04CF8D5
:10F00C00A0200323102709A9C0050A9309970B9484
:10F01C0006F042F8994B9A4809A909930A960B9461
:10F02C000C9406F039F8974B974809A909930A965E
:10F03C000B940C9406F030F80822914809A9099217
:10F04C000A940B9406F028F8AB6B21003343AB63A6
:10F05C00AB6B2200334009200393039B05F028FE81
:10F06C00092005F04FFE894D894B28002B60894BF8
:10F07C00AC606B60EE602C616C61AC61EC612C621D
:10F08C0006F0C8F80100A04201D072B6FEE72800D5
:10F09C0006F016F9011E01D072B6FEE7280006F044
:10F0AC0035F9031E01D072B6FEE7E02507247A4835
:10F0BC007A4AED00436083600361436183610362BC
:10F0CC0043628362036343630260C560C46206F0FB
:10F0DC005DFE031E01D072B6FEE77148714A836073
:10F0EC0002608222036143610362436283620363B1
:10F0FC00082352004260FC32C5608261C761C46261
:10F10C00436306F043FE011E01D072B6FEE7664C67
:10F11C00664B0200236096239B0163600C23A06066
:10F12C00E06020616361A0610300E06120626062C5
:10F13C00A062200007F0EEFD011E01D072B6FEE7C2
:10F14C00200007F04FFE011E01D072B6FEE7200032
:10F15C0007F068FE002801D072B6FEE7200007F029
:10F16C0023FE031E01D072B6FEE7FF265048514A1B
:10F17C00514F026046608360C7600361836106F093
:10F18C00DFFF002801D072B6FEE74C484C4B4660BE
:10F19C0003600023C760836003614361836106F0F1
:10F1AC00CFFF031E01D072B6FEE74648464A4660C2
:10F1BC0002608360C76003614361836106F0C0FF36
:10F1CC000190002801D072B6FEE70C22019909A823
:10F1DC0008F064FA3D4D3E4B28002B60019B6E609D
:10F1EC00AB60EF60AB6106F0ABFF002801D072B6EC
:10F1FC00FEE709900B9009A9280006F0CBFF0190BF
:10F20C00002801D072B6FEE70C22019909A808F07B
:10F21C0045FA304D304B28002B60019B6E60AB6083
:10F22C00EF60AB6106F08CFF002801D072B6FEE7F0
:10F23C0009900B9009A9280006F0ACFF031E01D021
:10F24C0072B6FEE72548264A836002607F22C260C0
:10F25C008022D205066143618361C361026243620D
:10F26C0006F03EFD00283DD072B6FEE700100240CD
:10F27C00FF3F0000000800502809000034FF000088
:10F28C000004005065030000000C005088090020A9
:10F29C0000540040BB7C7000F80800200030014096
:10F2AC0094080020003800408406002000380140FB
:10F2BC00B007002000200040FFFF00006407002082
:10F2CC00004401401807002000480140FC070020C2
:10F2DC000014004048080020001000405C09002089
:10F2EC0000280040FFF7CEFC28222000244907F01C
:10F2FC00BBFD0125234F3B78002B12D0224E3378D7
:10F30C00DCB2002B0DD10220357000F027FB1F4B17
:10F31C003C701C701E4B1C701E4B1C701E4B1C70CA
:10F32C0034701E4F3B78002B12D0174E3378DCB262
:10F33C00002B0DD10120357000F010FB134B3C70ED
:10F34C001C70134B1C70134B1C70134B1C703470C3
:10F35C00134F3B78002BCDD00B4E3378DCB2002B07
:10F36C00C8D10320357000F0F9FA084B3C701C70C2
:10F37C00074B1C70074B1C70074B1C703470B9E7A3
:10F38C00000600209C6700209667002095670020EF
:10F39C009467002092670020906700209D670020F2
:10F3AC009B67002070B50B4D0B4C0A002100280008
:10F3BC0008F009FA2800282105F0E4FB2100282296
:10F3CC00064807F051FD0421054B1A6813688B435E
:10F3DC00136070BDD80500200006002084060020B4
:10F3EC002806002007B56B46D91D0870642301223E
:10F3FC00014807F073FB07BD8406002010B5044CD0
:10F40C000A0001006423200007F068FB10BDC04611
:10F41C0084060020034B1A68402311680B431360C9
:10F42C007047C046F8080020022303498A681A4234
:10F43C00FCD0024B18707047003001400C3001407A
:10F44C00402210B501240C4B1B68196891431960BC
:10F45C001968A14319601968196019680A431A6080
:10F46C000222064B99681142FCD0054A107080228A
:10F47C0099681142FCD110BD94080020003800405E
:10F48C000C380040F0B540240126144B1B681D6855
:10F49C00A5431D601D68B5431D601D68104E1543C6
:10F4AC001D601A68802514431C60002202240D4B39
:10F4BC00904208DC022299681142FCD080229968A3
:10F4CC001142FCD1F0BD9F682742FCD09F682F42AF
:10F4DC00FCD18F5C01323770EAE7C04694080020FB
:10F4EC000C38004000380040402210B501240F4871
:10F4FC0003681968914319601968A1431960196868
:10F50C00196019680A431A6006F0B8FC0222084B0D
:10F51C0099681142FCD00021064A117001229968A9
:10F52C001142FCD0D868C0B210BDC046940800206F
:10F53C00003800400C380040F8B5144F0400380077
:10F54C0016000D0006F09AFC40223B6819689143A6
:10F55C0019600121186888431860186830431860D6
:10F56C0018680B4E02431A6002200023094A9C4281
:10F57C0000DCF8BD97680742FCD00027377097680D
:10F58C000F42FCD0D768EF540133F0E79408002009
:10F59C000C3800400038004070B50C4C002220683C
:10F5AC006168FFF771FC0520FFF74AFF0125FFF7A3
:10F5BC009BFFFFF799FF284205D120680122616863
:10F5CC00FFF762FC70BDFFF78FFFF4E7240000200B
:10F5DC0010B5062807D10C480222036852421A6162
:10F5EC0006F060FC10BD072801D10848F4E70E288E
:10F5FC0001D10748F0E7102801D10648ECE71128A3
:10F60C00F0D10548E8E7C04648080020FC07002078
:10F61C00B0070020640700201807002010B506284A
:10F62C0003D10A4806F072FC10BD072801D1084826
:10F63C00F8E70E2801D10748F4E7102801D1064855
:10F64C00F0E71128F0D10548ECE7C0464808002047
:10F65C00FC070020B00700206407002018070020DA
:10F66C00084B06280BD0084B072808D0074B0E2850
:10F67C0005D0074B102802D0112802D1054B1B686E
:10F68C00D962704748080020FC070020B007002012
:10F69C006407002018070020084B06280BD0084BE5
:10F6AC00072808D0074B0E2805D0074B102802D08E
:10F6BC00112802D1054B1B6859627047480800207D
:10F6CC00FC070020B007002064070020180700206A
:10F6DC0062B6704772B670470E4B10B50400984274
:10F6EC0007D103F0CFFB0C4B9C4207D103F0B4FACB
:10F6FC000FE00A4B984207D103F08AFE084B9C425C
:10F70C0007D103F0D5FA04E0064B9842EBD103F095
:10F71C008DFE10BD4808002064070020FC07002067
:10F72C0018070020B007002072B6FEE7F7B51B4C97
:10F73C001B4A230010685168803318605960194BBC
:10F74C0000251A685B68002600272261636100228D
:10F75C00154B01A826626762A662E762266367639F
:10F76C00226463642580A56304F092F86B46220042
:10F77C009B8848325BBA138023006A331D802300B8
:10F78C007A331D80230088331E605F6023007E3433
:10F79C0090331E605F602580F7BDC046E0090020F5
:10F7AC000000002008000020E0FFEF40F8B5002228
:10F7BC002F4BFAF727F800222E4BFAF7E9FB04003F
:10F7CC000D002D4A2D4BFBF71DF822002B00FBF7EB
:10F7DC0019F822002B00FBF715F8294A06000F0038
:10F7EC0020002900274BFBF70DF822002B00FBF71C
:10F7FC0009F802000B0030003900FAF703F8204A30
:10F80C0006000F00200029001F4BFAF7FBFF020037
:10F81C000B0030003900F9F7F5FF1C4A1C4BFBF7C5
:10F82C00D7FA08F0D9FD00221A4B04000D00F8F7A6
:10F83C0017FE002809D0184B1B78002B11D0012281
:10F84C00164B1A7029002000F8BD00222000290058
:10F85C00134BF8F7F1FD0028F4D00F4B1B78002B5D
:10F86C00F0D001220D4B0F4C0F4D1A70EAE7C04639
:10F87C000000894000E09540D7A3703D0AD5814037
:10F88C006666666666D29EC06672A140295C8FC2AF
:10F89C00F5D8894000001E40626300206C67002090
:10F8AC000000F03F8FC2F5285CFF5840F8B50D0002
:10F8BC0004000D4A0D4BFAF7A5FF2B002200FAF7B6
:10F8CC00A1FF0B4A06000F0020002900094BFAF794
:10F8DC0099FF02000B0030003900F9F793FF064A3C
:10F8EC00064BF9F78FFFF8BD865AD3BCE3149DBFC6
:10F8FC00454772F90FE9FE3F4A0C022B8716A93FC8
:10F90C00F8B50F0019000E4B06001B781000002BE9
:10F91C0012D00C4C0C4D00220C4BFBF759FA2B005F
:10F92C002200FAF76FFF0022094BF9F76BFF320048
:10F93C003B00FAF767FFF8BD064C074DEBE7C046F6
:10F94C00626300209A9999999999993F00003940DE
:10F95C000000F03F7B14AE47E17A943F0023F0B5F2
:10F96C00B1B0C94C05902F93012829D1C74A2070FA
:10F97C001370C74A1370FFF73FF806000F00C54B12
:10F98C001E605F60C44B1B78002B00D132E100225B
:10F99C000023F8F765FD002800D12BE10022390087
:10F9AC00BE4B3000F8F748FD0121B84AB84B00288F
:10F9BC0018D021700021117019700022B84B16E07C
:10F9CC00059A022A04D10121B04A23701170D0E7A4
:10F9DC00059A032ACFD1AD4A237013700122AC4B88
:10F9EC001A70C8E72070117018700022AD4BAE4928
:10F9FC000A604B60FEF7C0FE022802D10022AB4B1E
:10FA0C001A70FEF7B9FE012801D1A84B1870FEF749
:10FA1C0097FEFEF771FFFEF7EFFE1A90FEF75FFE02
:10FA2C00A34F3870FEF703FF3221F8F7E9FC0029E9
:10FA3C0001D101F0FBFE002301221900F420FEF796
:10FA4C001AFE431E98419B4BC0B2187008930023BA
:10FA5C0001221900F520FEF70EFE431E9841964D2B
:10FA6C00C0B22870FEF79BFE944E012801D00023F3
:10FA7C003370FEF7B8FE1090022802DD0122904B85
:10FA8C001A70904B1A78002A00D1B8E03A783B2AC9
:10FA9C0000D8B4E08C4B01221A708C4B1A708C4B32
:10FAAC00894F1B78002B02D13B78002B02D001220E
:10FABC00864B1A70854B1B78002B05D02378002BB6
:10FACC0002D00122794B1A703378002B09D03B7885
:10FADC00002B06D00020FEF7B3FC0022784B1092CE
:10FAEC001A703A787B4B002A00D192E07A4A7B4913
:10FAFC001180734A1278002A01D001221A70012653
:10FB0C00774B1E60FCF718F92B78D8B2002B03D179
:10FB1C00744B1E70FEF7A2FCFEF777FE724B18605A
:10FB2C00654B1B78002B06D0FA216B4A8900138891
:10FB3C005B189BB21380089B1B78002B04D0664A81
:10FB4C0013880A339BB21380624B1B78002B04D0B2
:10FB5C00614A138864339BB213805C4B634D1B78F2
:10FB6C00DAB20C92002B00D103E1FEF797FE287855
:10FB7C000300083B5A1E9341DBB20C93434B1B789A
:10FB8C00002B00D1E5E04008831C00220993584B60
:10FB9C001A7008231393012000232A7855499A429E
:10FBAC0000DDEDE002F08AFF534C05991CA801F032
:10FBBC00B3FA48221CA9200007F005FEFEF77FFDD2
:10FBCC001B90FEF721FFFEF7ABFEFEF7BDFEFEF726
:10FBDC00D1FEFEF7E5FEFEF7F9FE484B1B78002B35
:10FBEC0001D0FCF779F9414B01241A7844490023E0
:10FBFC004448CDE02378002B00D1F6E6DDE61B78F7
:10FC0C00002B00D14BE73B78092B00D847E7304B52
:10FC1C0041E73D4A1278002A1AD02D4A1278002A60
:10FC2C0016D02D4A394911802A78D5B2002A00D035
:10FC3C0072E701261E702A4B02321A60089B1D7057
:10FC4C00FEF79EFBFCF778F8264B1E70280061E748
:10FC5C001C4A1278002A5DD03278002A5AD02A78B1
:10FC6C00002A08D11C4A2A49118001221A701C4B07
:10FC7C001A601C4B1A700025089B1D70FEF780FB48
:10FC8C00FCF75AF8E2E7C04662630020E00100206E
:10FC9C0061630020F00A0020606300200070874040
:10FCAC0000D0864000208C40D00A002055630020F4
:10FCBC00F90A0020CF650020CD6500209067002058
:10FCCC00F80A0020956700209367002094670020B5
:10FCDC009267002099670020886700201027000099
:10FCEC0044020020CE650020D80A002049020020E2
:10FCFC0054630020E9010020880A0020B765002029
:10FD0C00DC0300207363002091670020204E00006C
:10FD1C00307500007B4A1278002A00D1FCE632785C
:10FD2C00002A00D0F8E62A78D6B2002A00D0F3E6F2
:10FD3C000125754A754911801D70754B1D60089B16
:10FD4C001E70FEF71DFBFBF7F7FF724B30001D70AA
:10FD5C00E0E6714B1B78002B05D00321F8F7E0F996
:10FD6C000330C3B211E723785A1E93415B42034020
:10FD7C000BE7FEF726FD0323434309930C9B09E78E
:10FD8C00C85401330BE7CD5C022D00D9C4540133A8
:10FD9C009A42F8DC00F092FE03F086FBFA20C000D9
:10FDAC0004F074FF0023119312930B93FFF7BEFC26
:10FDBC005A4C236B012B3DD1594B1B78002B39D05E
:10FDCC0003F014FC022835D1FEF7A9FC012831D12F
:10FDDC0003F00CFC01282DD003F008FC012829D0DD
:10FDEC005048236804220370030039331A704E4BB9
:10FDFC0000241A68030078331A800300FF227E3334
:10FE0C001A70312503F0E2FF03F0CEFF04F042F943
:10FE1C000022E30FA5425341DBB2934201D0904242
:10FE2C0003D1FBF789FF31B0F0BD0A2004F02EFF9F
:10FE3C000134EBE7A269E369A06AE16AFAF7A8F872
:10FE4C00FBF7F2FBAF22394B00210E901201180088
:10FE5C00089307F023FCAF22354D00212800120136
:10FE6C0007F01CFCAF22334E00215201300007F08A
:10FE7C0015FCAF22002152012F4807F00FFCAF22D6
:10FE8C002E4F00215201380007F008FC6B461B8FE7
:10FE9C00320029000D93009308983B0003F0E8FA18
:10FEAC00274B284D1A782B78134022003C321278BD
:10FEBC001A420DD035342378002B09D0224B186808
:10FECC00596803F04BFB002301222B701F4B1A7057
:10FEDC0000221F4B1A8002F0F9FF104B9868D9686A
:10FEEC0002F052FF03F04CF802F0EAFF08900028F1
:10FEFC00FAD1184B1B78DAB20A92002B2CD103F0F2
:10FF0C000FFF90E79567002088670020409CFFFF5B
:10FF1C0044020020CE65002061630020880A002086
:10FF2C00E1010020E00900208C6700208C570020A4
:10FF3C009C4C0020BC360020DC200020FC0A002059
:10FF4C009767002099670020D00A00201B0A002028
:10FF5C008667002048020020CE4B089A1A80CE4AB1
:10FF6C00936B176806930699CC4B5970CC4B1D7844
:10FF7C00FBB2002D05D1126C002A02D01B019B187C
:10FF8C00DBB2C64CC74A2370C74BC34E22626362B6
:10FF9C00306A716AC54AC64B22636363A262E3622C
:10FFAC002300883318605960B26AF36AFAF710FFBD
:10FFBC00FBF73AFBC317C0185840FBF771FBBD4B5E
:10FFCC0090341B7820606160002B32D05A2318AA21
:10FFDC009B1800223E361A8033780124934201D1BB
:10FFEC00B54B1C78B54B1B78002B0CD00022AA49C2
:04FFFC00002D00D103
:020000040801F1
:1000000041E108694969B14BF8F716FA0025A842A1
:1000100001D0012525405A2418ABE4183A002B00E2
:1000200006990E980094FBF713FDA94B22881A80BD
:10003000A84B1B78002B00D02EE101F041F89A4923
:100040000D98FDF74BFBA04B1B78002B09D0954B6F
:100050001A6B012A00DD7DE15A6B9F4B1A4200D0DA
:1000600078E1189B199C06930794974B8D4A1E784C
:10007000984B1D78934B1B78002B00D18BE1974A4E
:10008000974B12781B78002A00D182E1954A864965
:10009000086C496C106051605A1E131C120600D582
:1000A00000238F4A5BB213708F4A13708F4B1B78FB
:1000B000002B05D08E4B8F4C1868F9F763FB20603E
:1000C0008D4B1A7800239A4208D18C49754A0978D9
:1000D000994203D0363213785B42DBB2884A724CC5
:1000E0001370002E5CD0002D5AD1864D059B2868D8
:1000F00069680093069A079BFFF75EFB20626162C6
:10010000FFF7DAFB22696369059E2063616300964D
:10011000FFF7FCFB22696369266C676CA062E162F1
:10012000286869680090019130003900FCF752F8A6
:1001300002000B00A260E36073485A49007800286F
:1001400007D13D31097800290CD070490978002980
:1001500008D0544C6E4920680978FCF7E3F96D4BE0
:10016000186059600021504D4E4CAA68EB68009110
:10017000216C2068FBF798FD099B674A013B0993B6
:100180001378383501331370604B28701B78002BBF
:1001900006D03D3423785A425341119AD318119313
:1001A0004C4B1B78002B02D05C4804F075FD01F02D
:1001B00097FB444B1B78002B09D0594B1B78002B25
:1001C00005D0484B574A1068516818605960354C43
:1001D0002068FBF7E3FD544B1870002002F064FA2E
:1001E0000C9B002B04D0119B139A934200D1F4E096
:1001F000099B002B04DC36342378002B00D0ECE084
:100200004A4B1C78002C00D0E7E0404B2FAA19780D
:10021000324B187801F004FFFF22454B0A941A7004
:100220001B9B012B0BD10A9C424B02940D9C424A12
:100230000194424C42494348009403F087FB424BEF
:100240001B78002B02D10A9B002B17D0164803F015
:10025000C3FD312403F0AEFD03F022FF0022089B12
:100260000899DB0F8C425341DBB2934202D090429B
:1002700000D0BCE10A9B002B00D0BFE1069B079C8D
:100280001893199498E5314B8868C968F8F7D4F841
:10029000002800D0BDE6BEE62D4B1870CFE6C04664
:1002A00084670020880A0020E009002062630020A3
:1002B0008FC2F5285CFF58400E2DB29DEFFF5840CD
:1002C00097670020E10100206363002000004440A4
:1002D000520A0020C40A0020FF00FF00FA03002099
:1002E000AC660020D00A0020180A0020BD0A0020B9
:1002F0008C6700207867002094670020C60A0020E1
:100300005E0A002038020020C70A002009040020ED
:10031000C50A0020600A0020FA0A002088130000A5
:10032000BE0A002030020020190A00205463002079
:100330005F0A0020DC200020BC360020FC0A0020E0
:100340009C4C00208C5700203D01002000003E40C6
:10035000E8010020AB4D287802F028FAAA4C2B784F
:10036000A061022B12D102F031FB06900791069A90
:10037000079B226163610699079AA44B19605A6032
:10038000A34B1B78002B00D16BE66EE602F062FAFD
:10039000EBE7013385E6002E00D191E6002D00D079
:1003A0008EE69C4B1B78002B0ED09B4B96492F95CD
:1003B000086C496C18605960984B1B78002B03D06F
:1003C00013680B93936B1293954B1B78002B00D102
:1003D00076E62F9B01332F9372E60122914B1A7020
:1003E000FDF77AFFFDF730FFFDF746FF8E4B1B78D8
:1003F000002B04D18D4A1268002A00DCF0E08C4BFF
:100400001B78002B68D08B4B1C685D688A4B2000E2
:100410001A685B680E920F93884B29001E685F680C
:100420000E9A0F9BF9F7F4F9854B189019911A68F9
:100430005B6830003900F9F7EBF902000B001898FF
:100440001999FAF7CBFC4B005B0815931490002226
:10045000149815997B4BF7F7F5FF002811D132005E
:100460003B0020002900FAF7B9FC4B005B0817930A
:100470001690002216981799724BF7F7F7FF00288D
:100480002AD00E9A0F9B704E30687168FAF7A6FC5E
:100490006E4A6F4BFAF7BCF96E4F3A687B68F9F712
:1004A000B7F90E9A0F9B04000D00326073603C6038
:1004B0007D6000220023F7F7C5FF002807D1002246
:1004C00020002900644BF7F7D1FF002804D000205A
:1004D000604B6249186059600122614B1A70614B90
:1004E0001B78002B01D0FDF739FF5F4B1B78002BE9
:1004F0000CD02C226B469B181878FDF7BCFF0B9B89
:10050000002B03DD594B0B9A1299D154584B1868A4
:10051000C0B2FEF78DF8574B1B78002B03D0FDF7C8
:1005200037FEFDF781FE544B1B78062B03D03E4B64
:100530001B78002B57D1FEF753F90130C0B2FDF7FD
:100540007EFFFBF7FFFBFDF721FF1A9B581CC0B293
:10055000FDF783FF0021FA20FEF72AFB474B1B78AB
:10056000002B04D1109B581CC0B2FDF76FFF1A9BE3
:10057000092B05D9012002F097F80020FDF76DFF47
:10058000FDF74EFDFDF776FD2A4B1868596801F01E
:1005900069F92D4B1868596801F076F9384B1868DD
:1005A0000130FE2800DDFE201860C0B2FDF75CFFC0
:1005B000FEF743F90130FDF765FFFF22314B1A705A
:1005C000314B1B78002B00D12AE6304B1B78002BD7
:1005D00000D125E6264B2E4A5B6C9BB213801FE6AA
:1005E0001F4A13707BE70020FDF729FFABE70A20C5
:1005F00004F052FB089B013308932DE600F06AFAE1
:10060000FFF717FCE2010020E009002008000020AD
:10061000BC0A002009040020D00A002008040020A1
:1006200021000020D9030020DB650020C4650020E4
:10063000A86600203002002020020020E80A0020E6
:10064000F00A002000002440380200203BDF4F8DDC
:10065000976E923F600A002000002C4000002E4060
:10066000CF650020AA66002093670020A7650020C0
:10067000880A002097670020190A0020F80A002045
:10068000D80A00205E0A0020636300206163002016
:100690008467002001210A4B82B01A6C0A431A6455
:1006A0001A6C0A4080210092009ADA6B49050A43CD
:1006B000DA63DB6B0B400193019B02B07047C046CD
:1006C0000010024010B5040094B01422002102A8CA
:1006D00006F0EAFF3422002107A806F0E5FF174BD9
:1006E00022689A4227D1202307A8079305F094F99E
:1006F000002801D0FFF71EF80222114C1148636B4D
:1007000002A913436363636B13400093009BC023F0
:100710000293AE3B039300230493059306330693A1
:1007200004F0C0FC8022E36B92031343E363E36BAA
:1007300013400193019B14B010BDC046005400400B
:10074000001002400004005010B504008EB03422A6
:10075000002101A806F0A8FF104B22689A421BD185
:1007600080239B020193802301A85B000D9305F079
:1007700053F9002801D0FEF7DDFF8022084B12025A
:10078000D96D0A438021DA65DA6BC9000A43DA635E
:10079000DB6B0B400093009B0EB010BD00280040A7
:1007A0000010024010B504008AB01422002105A8F0
:1007B00006F07AFF23681F4A93421CD180211E4B0A
:1007C00049011A6CA0200A431A641A6CC0050A4039
:1007D00001210192019A5A6B0A435A635B6B0B40E9
:1007E0000293029B154B05A905930223069304F07F
:1007F00059FC0AB010BD124A9342FAD180210E4B27
:10080000C901DA6B0F480A43DA63DA6B0A40082140
:100810000392039A5A6B0A435A635B6B0B4004932F
:10082000049B1A230593183B0693013B099305A9E2
:10083000DDE7C0460030014000100240C2800000E9
:1008400000380040000C00507FB50368324A9342E4
:1008500012D11021314B1120DA6B0A43DA63DB6BC2
:1008600000220B4001930F39019B04F027FA11205D
:1008700004F04EFA07B000BD294A93420FD120215F
:10088000264B1220DA6B0A43DA63DB6B00220B4043
:1008900002931F39029B04F011FA1220E8E7214A63
:1008A000934210D180211D4B09021A6C13200A4378
:1008B0001A641B6C00220B4003930121039B04F07C
:1008C000FDF91320D4E7184A934210D18021134B2D
:1008D00089021A6C15200A431A641B6C00220B4013
:1008E00004930121049B04F0E9F91520C0E70F4AA5
:1008F0009342BFD18021094BC9021A6C16200A43CA
:100900001A641B6C00220B4005930121059B04F027
:10091000D5F91620ACE7C046001000400010024098
:100920000014004000200040004401400048014005
:1009300070B5060094B01422002102A806F0B4FE9F
:100940003422002107A806F0AFFE274B32689A42F6
:1009500047D1012307A8079305F05EF8002801D0CE
:10096000FEF7E8FE8021214BC9011A6CA0200A4342
:100970001A641A6C00250A400092009A0122596BF1
:10098000C005114359635B6B02A913400193019B9E
:10099000B0235B010293022304950393059506920D
:1009A00004F080FB124C134B200023603223636061
:1009B0004E33A560E56023616561A561E56125624F
:1009C00004F006FAA84201D0FEF7B4FE0022331D5F
:1009D0001B201100DC67A66204F070F91B2004F0F4
:1009E00097F914B070BDC0460038014000100240B5
:1009F0002806002008000240FEE7FEE77047704727
:100A000010B504F037F910BD10B5024804F0F6FA3D
:100A100010BDC0462806002010B5024805F09AFA1D
:100A200010BDC0464808002010B5024805F092FAF3
:100A300010BDC046FC07002010B5024805F08AFA38
:100A400010BDC046B007002010B5024805F082FA7C
:100A500010BDC0466407002010B5024805F07AFAC0
:100A600010BDC0461807002010B5024805F060FC14
:100A700010BDC0468406002010B5034B0122186843
:100A80005968FEF707FA10BD8400002010B5034B2B
:100A9000002218685968FEF7FDF910BD8400002097
:100AA00010B5034B012218685968FEF7F3F910BD21
:100AB0007C00002010B5034B002218685968FEF72F
:100AC000E9F910BD7C00002010B5FFF7D5FFFFF756
:100AD000E7FF10BD10B5FFF7D9FFFFF7EBFF10BD23
:100AE00010B5034B012218685968FEF7D3F910BD01
:100AF0006400002010B5034B002218685968FEF707
:100B0000C9F910BDB400002010B5034B01221868CC
:100B10005968FEF7BFF910BDB400002010B5034BB3
:100B2000002218685968FEF7B5F910BDAC00002026
:100B300010B5034B012218685968FEF7ABF910BDD8
:100B4000AC00002010B5034B002218685968FEF76E
:100B5000A1F910BDA400002010B5034B01221868B4
:100B60005968FEF797F910BDA400002010B5034B9B
:100B7000002218685968FEF78DF910BD9C0000200E
:100B800010B5034B012218685968FEF783F910BDB0
:100B90009C00002010B5FFF7ADFFFFF7BFFFFFF788
:100BA000D1FFFFF7E3FF10BD10B5FFF7ADFFFFF773
:100BB000BFFFFFF7D1FFFFF7E3FF10BD304B10B5CC
:100BC000186800225968FEF765F92E4B0022186854
:100BD0005968FEF75FF92C4B002218685968FEF738
:100BE00059F92A4B002218685968FEF753F9284B27
:100BF000002218685968FEF74DF9264B0022186844
:100C00005968FEF747F9244B002218685968FEF727
:100C100041F9224B002218685968FEF73BF9204B36
:100C2000002218685968FEF735F91E4B0022186833
:100C30005968FEF72FF91C4B002218685968FEF717
:100C400029F91A4B002218685968FEF723F9184B46
:100C5000002218685968FEF71DF9164B0022186823
:100C60005968FEF717F9144B002218685968FEF707
:100C700011F9124B002218685968FEF70BF910BDE4
:100C800034010020BC000020D40000202C010020F2
:100C9000240100201C01002014010020FC00002081
:100CA000E4000020F4000020EC000020DC00002024
:100CB00004010020CC000020C40000200C01002012
:100CC00010B5FFF77BFF074B012218685968FEF744
:100CD000E1F8054B012218685968FEF7DBF8FFF7C9
:100CE000FFFE10BD4C0000205400002010B5FFF79F
:100CF00065FF034B002218685968FEF7CBF810BD5A
:100D00004C000020304B10B5186800225968FEF7DF
:100D1000C1F82E4B012218685968FEF7BBF82C4B1E
:100D2000012218685968FEF7B5F82A4B01221868A5
:100D30005968FEF7AFF8284B012218685968FEF78A
:100D4000A9F8264B012218685968FEF7A3F8244B2E
:100D5000012218685968FEF79DF8224B0122186895
:100D60005968FEF797F8204B012218685968FEF77A
:100D700091F81E4B012218685968FEF78BF81C4B3E
:100D8000012218685968FEF785F81A4B0122186885
:100D90005968FEF77FF8184B012218685968FEF76A
:100DA00079F8164B012218685968FEF773F8144B4E
:100DB000002218685968FEF76DF8124B0022186877
:100DC0005968FEF767F810BD34010020BC00002010
:100DD000D40000202C010020240100201C01002050
:100DE00014010020FC000020E4000020F40000209A
:100DF000EC000020DC00002004010020CC000020DA
:100E0000C40000200C01002010B50400002901D00E
:100E1000FFF7D4FE601E0E280FD8F7F773F9080FFE
:100E200011131517191B1D1F212325272900114BED
:100E3000186801225968FEF72DF810BD0E4BF7E730
:100E40000E4BF5E70E4BF3E70E4BF1E70E4BEFE7DA
:100E50000E4BEDE70E4BEBE70E4BE9E70E4BE7E7EA
:100E60000E4BE5E70E4BE3E70E4BE1E70E4BDFE7FA
:100E70000E4BDDE7BC000020D40000201401002050
:100E80002C010020E400002024010020F4000020B8
:100E9000EC0000201C010020DC000020FC000020F1
:100EA00004010020CC000020C40000200C01002020
:100EB000F7B50190FFF782FE264B274A1B780B27D8
:100EC0000092002B00D1177800242600234D009BB0
:100ED0001B78A34200DCF7BDB742FCDD2A78013461
:100EE000002A1CD02000A34200DAE01A019B002B4C
:100EF00001D000232B700238194B0C2809D8F7F7C2
:100F000001F90710121416181A1C1E20222426009C
:100F1000144B186801225968FDF7BCFF01360135F2
:100F2000D5E7114BF5E7114BF3E7114BF1E7114B07
:100F3000EFE7114BEDE7114BEBE7114BE9E7114BF5
:100F4000E7E7114BE5E7114BE3E7114BE1E7114B05
:100F5000DFE7C0466263002049020020E90100206B
:100F6000BC000020D4000020140100202C0100202F
:100F7000E400002024010020F4000020EC00002008
:100F80001C010020DC000020FC00002004010020E7
:100F9000CC000020C400002010B5FFF70FFE034B6B
:100FA000012218685968FDF775FF10BD3401002053
:100FB0000120704710B506F0DFFB16230360012007
:100FC000404210BD10B506F0D7FB16230360FEE7C4
:100FD00070B50E0014000025A54201DB200070BD95
:100FE00000E000BF70550135F6E770B50E00140043
:100FF0000025A54201DB200070BD705D00E000BF50
:101000000135F6E701204042704780239B01002014
:101010004B60704701207047002070470B490C4A15
:101020000300521A0B4910B50868002801D10A487C
:1010300008600868C318934206D906F09DFB0C238C
:1010400003600120404210BD0B60FCE7000400007B
:10105000009000205063002060690020704700006D
:1010600070B5FDF70FFC0E4C0E4D20602B780F284D
:101070000DD1002B01D10F2070BD0E20FDF7C2FA5B
:101080000E2323602B78002BF5D02068F4E70E2880
:10109000F8D1002BEFD00130FDF7B4FA0F23F0E7C1
:1010A00014020020C96500200F2802DD024B1878C9
:1010B0007047024BC05CFBE7E8010020A7650020F9
:1010C000144A30B514680F2C23DC134B1D78002D07
:1010D00002D0092800DD0920104B1B78002B02D01C
:1010E0000923082802DC031E00DC0123110034312F
:1010F0000978906B29400125082800DC0025294249
:1011000004D0984202DD5168013151609363044A72
:10111000A35430BD880A002063630020E101002051
:10112000A765002070B50400FDF764F8FDF720F80E
:10113000FDF79FFB154B16491870164B1B78002BBB
:1011400000D115494822200006F043FB134B1B78C1
:10115000002B09D0012212490A70032B04D9180070
:101160001040134200D10870FFF77AFF0500FFF727
:101170009BFF01220B4B25601A7000230A4AA063D3
:10118000137020002364636470BDC046E201002038
:10119000900100206263002048010020B865002013
:1011A000C9650020E101002063630020F0B59E4B7B
:1011B00087B01F780293FDF740FB9C4A030012782A
:1011C000D5B2002A07D19A4858430123D841994BF8
:1011D00083426D41EDB2984B1B780193FDF72DFBD7
:1011E000964B1B680493049A954B03939B1801221A
:1011F000013B1A70934B1B6805930599039B5B1881
:10120000013B1A70019B002B3DD0BB1E01936B006C
:10121000029A049312788C4B0399D218934260D1AE
:10122000FAF7ECFB05F01EFF0023884D884A2B647B
:101230006B64814B1B78002B60D02B003C331B78F8
:10124000002B58D102992B6809780133994200DAB2
:101250005B1A03992B60CB180121013B19701368AD
:101260005B181360049B7A4C9C46019F236867447B
:101270009F4206D10D220021039806F015FA0023A3
:10128000236007B0F0BD3B1F059C049E0193002D19
:101290001CD10B21F7F7BAF8049B4E1CB34201D0C6
:1012A000B44200D18E1C029B1B78B34200DAF61ABE
:1012B000741DA34200DAE41A049AA24202D0059AED
:1012C000A24200D10134A34200DAE41A0122039BB6
:1012D0009B19013B1A70039B1B19013B1A700223D7
:1012E00096E70878002802D11878002800D0013F3E
:1012F0000133013192E7574B1B68AAE75649019821
:101300000B70136883420FDB0198019F0130BB42D1
:101310007AD12E601060002001224C4B4F49186199
:1013200059614D4B1A709DE705F0CCFE029B197870
:10133000F7F76CF8424A535C002BF5D1424B5B5CEB
:10134000002B01D0002FEFDC4B1C2B6001235354EA
:101350003F4A136801331360002F12DD019A934254
:1013600002DA7D1E012F10D1334B1A78374B002A39
:1013700002D11A6C002ACED0002039491861596177
:1013800070E7019A3D009342EEDA05F09BFE029B66
:101390001978F7F73BF82A4A535C002BF5D12A4B12
:1013A0005B5C002B01D0002FEFDC284E4B1C33641C
:1013B0000123274C5354236801332360002F00DDA1
:1013C000013D284A1278002ACED0019A9342CBDA06
:1013D000002F01DD002DC7DD05F074FE029B19789A
:1013E000F7F714F8164A535C002BF5D1164B5B5CEB
:1013F000002B01D0002FEFDC4B1C736401235354EE
:10140000236801332360AFE7834284D10133136043
:101410000123154A2C6012780B70002A00D17AE75C
:10142000124A137077E7C0464902002090670020F7
:10143000CDCCCCCC9999991962630020DC010020B5
:1014400066630020D801002073630020880A002012
:101450005C63002058630020656300200000694041
:101460000000544061630020946700205463002012
:10147000F0B5AA4C002123003E3385B0197001233A
:1014800023630223FF33A38623000D223633A448AF
:101490001970A1872164616406F006F9A14B1B78DD
:1014A0000193002B00D1FDE09F4B00221B78002B05
:1014B00000D1F5E08023DB05A261E36100229B4BB4
:1014C000A260E36000229A4B226163610022994B83
:1014D000A262E36203236360974B00221E685F6889
:1014E000964B30003900F6F7C1FF002801D00026E6
:1014F000924F934B1D78002D02D0924B1E685F686F
:10150000002230003900904BF9F768FC8F4A904B6D
:10151000F9F77EF902000B0000208E49F9F75EFC16
:1015200000228D4B06000F00F6F7A0FF002801D027
:101530000026894F894B266267621B78002B31D0C9
:10154000002D00D0CAE0864B1C685D68854A138870
:1015500001339BB21380844B1A685B680292039339
:1015600002980399814B1A685B68F8F751F9774A3A
:1015700006000F0020002900754BF9F749F9020019
:101580000B0030003900F9F729FC002204000D009F
:1015900002980399764BF8F73BF9604EB062F1621E
:1015A00034627562734B1B78002B00D1A5E0019B60
:1015B000002B00D19EE0FDF737F9002803D06E4BD9
:1015C0001B78002B07D06D4B07221D7800236C4938
:1015D0009D4200DD85E00122504B1860694BC254EA
:1015E000694A1368013313600121684A4B4B11703B
:1015F00003225A6000223F331A70654B474C1B7818
:10160000002B06D023003E331B78002B01D0012392
:1016100063602068FFF748FD226B6368A0639A420D
:1016200003D12300012236331A7023003C331B7888
:10163000002B14D1574B1B78002B10D05649002299
:1016400008684968554BF6F7FDFE002807D0206A68
:10165000616A0022524BF8F7DBF8206261622300D6
:101660003D331B78002B07D0206A616A00224C4B67
:10167000F8F7CEF820626162206A616A0022364B78
:10168000F6F7F4FE002803D00022334B2262636297
:101690000022444B1A70444B01321A7005B0F0BD61
:1016A000424B09E7424B1B78002B12D080230022CB
:1016B000DB05A261E36100223E4BA260E3600022F1
:1016C0003D4B2261636100223C4BA262E362022334
:1016D00001E73B4B1B78002BE8D1FDE600240025F9
:1016E00034E7CE5C5C1C964202DC2000CA5CD2B2BD
:1016F00023006DE7FFF75AFD76E70223074CFF331F
:10170000E387FDF7DBF81D4B01301B782060984222
:1017100001DDC01A2060FFF749FD6EE7880A00204E
:10172000666300206263002055630020000059407A
:101730000000444000908A403802002000488C405D
:10174000A8660020F00A0020004085409A999999E7
:101750009999E93F0060834000808640CF65002072
:10176000D065002088670020180200203002002089
:1017700000206C40996700209067002049020020FB
:10178000DC030020656300205C630020C50A0020A4
:1017900010020020646300200000002000001440BC
:1017A00000004940E1010020636300200000F03F99
:1017B000E001002000003E400000544000E0854071
:1017C0006163002010B50D222821034805F06CFF4D
:1017D000FCF7F0FC10BDC0468D63002010B56822F8
:1017E0000021034805F060FFFCF744FC10BDC04633
:1017F0007064002010B5682422000021064805F01E
:1018000053FF22000021054805F04EFFFCF75CFC69
:10181000FCF784FC10BDC04608640020A0630020D3
:1018200010B568220021034805F03EFFFCF7F8FBE5
:1018300010BDC046D864002010B50D22FF2103481A
:1018400005F032FFFCF7C6FC10BDC04680630020E7
:1018500010B50220FCF7ECFD0222014B1A6010BD0E
:10186000E4010020D0B506000F00054C60220549B8
:10187000200005F007FF26666766FCF725FCD0BD53
:101880000864002010640020D0B506000F00054C4D
:1018900060220549200005F0F5FE26666766FCF724
:1018A0003DFCD0BDA0630020A8630020F8B50C6803
:1018B0004D68066847682B00220030003900F6F7B3
:1018C000C1FD03000120002B08D12B0022003000B5
:1018D0003900F6F7CBFD431E98414042F8BD0000A9
:1018E000F0B5C04B8FB01B78002B00D1CCE0BE4AC6
:1018F000BE4B116B18780139BD4BC9005B1800282D
:1019000000D12DE1BB49086849681860596013008F
:1019100035331B78002B02D10121B74B197013000E
:1019200036331B78002B00D1AEE0536800240293BD
:10193000B24B00261B7800275A425341029A9B184B
:10194000043B1D000093AA4B0893029B9D4200DAC2
:101950000BE1AB4B002C00DCCDE1002220001A7023
:10196000F9F7A4FE0490059102000B003000390045
:10197000F8F714FB002400250A900B91009E9C4F61
:10198000029B9E4200DA0AE1049A059B200029008E
:10199000F8F704FB06F094FD0023002600270493CB
:1019A00008900991924B0D93009B029A934200DAA2
:1019B0006AE10498F9F77AFE02000B003000390062
:1019C000F8F7ECFA06000F008E4B8F4C1A788F4B0D
:1019D000266067601B785BB2022B00DDB8E1012155
:1019E0008B4B1970002A14D08A4D00222B7800935B
:1019F000002B00D09CE130003900874BF6F722FD28
:101A0000002806D00121854B009A29701A70844B5A
:101A10001A70844B1B78002B36D020686168824B8B
:101A2000824D1A685B68F9F7D9F9814B28606960C3
:101A30001B6800210C2B01DC0D31C91A00230D227B
:101A40007C48FAF765FA704C2668676832003B00FC
:101A5000F9F7C4F900900191019B009A5B00100016
:101A600059080022744BF6F701FD00280CD0012222
:101A7000724B1A70724B1E605F606B4B186859682E
:101A8000704B206061601A706F4B1B78002B00D187
:101A900021E26E4B544C1B78002B4FD16C4B1B78C2
:101AA000002B4BD06B4B1B78002B47D122686A4B25
:101AB000013AD2009B181E685F68002200233000A4
:101AC0003900F6F7D3FC002838D0644B1B88180087
:101AD0000093F9F7EBFD002202900391604B300078
:101AE0003900F8F795FE02000B0002980399F6F70B
:101AF000A9FC5C4D002807D00022300039005A4B69
:101B0000F6F7BEFC00280CD1009B042B00D942E163
:101B1000002230003900554BF6F7B2FC002800D106
:101B200039E100222B6801332B60494B1A70504B6E
:101B30001A70504A1388C8339BB21380494A1368FD
:101B4000042B00DC29E101214B4B002019700023FC
:101B500000211360494B18605960FFF73FFE1CE1FC
:101B60004748484918605960D9E6089AEB009B1825
:101B70001A685B680492059304980599404A414BA2
:101B8000F6F760FC002808D0049A059B3000390065
:101B9000F7F73EFE06000F0001340135D5E6F300ED
:101BA000DB191A685B680892099308980999344A06
:101BB000344BF6F747FC002811D00A9A0B9B089883
:101BC0000999F9F70BF902000B00F8F721FE020062
:101BD0000B0020002900F7F71BFE04000D00013662
:101BE000CEE6C046E1010020880A0020FA0300206A
:101BF00000660020D00A0020DA650020C9650020B8
:101C0000400200206063002038020020AC66002003
:101C1000AA6600206263002000708740E001002077
:101C200061630020CF650020F00A0020D06500200D
:101C3000D80A0020A063002000002440A8660020ED
:101C400020020020A966002063630020C40A00204F
:101C50000904002094670020706400205A0A0020C4
:101C60000000D03FBC65002000004440000034402C
:101C70000804002086670020D9650020D0030020DA
:101C80000000C0FFFFFFDF41009B0D9ADB009B18A7
:101C90001C685D68B54A20002900B54BF6F7D2FBF9
:101CA000002824D00A9A0B9B20002900F9F796F807
:101CB0004B005B0806900793069A079B08980999C2
:101CC000F6F7DEFB002807D1069807990022A94BFA
:101CD000F6F7B8FB00280AD0049B30000133390026
:101CE000049322002B00F7F793FD06000F00009BE2
:101CF0000133009358E6A04A146855689F4A127849
:101D0000002A04D000221A7026002F005CE601226F
:101D10001A709B4B00221E685F6800233000390058
:101D2000F6F7A4FB0028EFD00122964B1A704BE681
:101D300030003900944BF6F7A3FB002800D168E689
:101D40000122924B1A700023914A2B70137060E6A7
:101D5000904D2B78002B00D0F3E0002230003900AA
:101D6000894BF6F76FFB00280CD0854B00221E68CC
:101D70005F68854B30003900F6F782FB002801D000
:101D800026606760844B1B78002B00D041E601225F
:101D9000824B1A703DE600232B60814B814D1B78EE
:101DA0000093002B60D1804B804F1B78002B04D117
:101DB0007F4B1B78002B00D193E07E4B1B78002BD0
:101DC00004D17D4B1B78002B00D086E07B4B1B7829
:101DD000002B04D17A4B1B78002B00D17DE0794990
:101DE000794B086849681A685B68F8F7F7FF029052
:101DF0000391039B029A5B0059081000734B002269
:101E0000F6F734FB6849724A00280CD01368714811
:101E100001331360002303706F480B700388913304
:101E2000FF339BB203801368052B56DD01230B7033
:101E300000211160694A1370624B694A1868596839
:101E4000236B013BDB00FB18186059602368654C6D
:101E5000013BDB00D21810605160E418624B188817
:101E6000F9F752FC206061602B0036331B78002BA1
:101E700031D02B003D331B78002B03D0454B1B7812
:101E8000002B5AD000246B680493584B1B78A34254
:101E900001D1049B9C1E002500260027434B06937E
:101EA000049B9C422FDB002D47DD2800F9F7FEFB49
:101EB00002000B0030003900F8F770F83A4B1B783D
:101EC000002B08D0009B002B05D101223E4B18604F
:101ED0005960424B1A700FB0F0BD334B1B78002B8A
:101EE000AAD100200021236B204A013BDB00FF1810
:101EF0001F4B3A607B6022683A4B013AD2009B1834
:101F000018605960B0E7069AE3009B181A685B688E
:101F10000292039302980399144A154BF6F792FA2A
:101F2000002808D0029A039B30003900F7F770FCB4
:101F300006000F0001350134B2E7224B18685968DA
:101F4000BCE7002A00D164E50022300039000E4BC6
:101F5000F6F796FA002800D15BE501220B4B1A70C8
:101F600000230B4A2B7013700CE7C0460000C0FF23
:101F7000FFFFDF410000244000020020B96500207F
:101F8000F00A0020A966002000708740E0010020D0
:101F9000616300206263002040020020AA660020E6
:101FA000C40A0020880A002009040020E0650020FF
:101FB000D803002094670020D9030020CF650020BB
:101FC000DB650020D00A00203002002000004940DC
:101FD000C06500200804002086670020BA65002044
:101FE000D8640020706400205A0A002010020020EB
:101FF0000020094B10B51C78084B844205D0187896
:102000000130C0B2FF2800D102381870FCF701FB84
:102010002000FCF7F0FA10BD40020020B865002057
:10202000F0B5BF4BBF4C1B7885B00E001700256B79
:102030000193002B00D1DAE0A068E1680022BA4BDE
:10204000F8F7E6FBA269E369F7F7E2FBF6F7C2FAF5
:10205000B64B80B21880032D0CD1B54B1B78002BEA
:1020600008D080230022DB05A261E3610022B14B8E
:10207000A260E360B04BB14A1B78A91E002B29D1A6
:10208000052D15D1AE48007840B2052806D10026AE
:10209000AC4FAD4826626762066047601078002842
:1020A0001AD00026002B44D0A84FA662E76213E0A6
:1020B000042DF3D0062D09D1A148007840B206289E
:1020C000ECD10026A24F26616761E7E7032DE5DC2E
:1020D000A0480370012DE1DC0023022088425B410F
:1020E0001278DBB2002A19D0002B17D0A06AE16A5F
:1020F0000022994BF8F78CFB984B1A685B68F7F74E
:1021000087FB914B206261621E685F6832003B0072
:10211000F6F7ACF9002801D0266267622300363357
:102120001B78002B07D0FFF763FFFFF7A1F905B07D
:10213000F0BD8B4FB9E7FEF793FF2060894B1B780A
:10214000002B00D15AE2884B764D1B78002B00D132
:1021500054E22B00012435331C70002322001900A7
:10216000FA202C63FCF78DFA431E98417F4A804B7E
:102170001278C0B21870002A04D02A003E321178BA
:10218000002912D11B780324002B0ED02B003C33E6
:102190001B78002B09D0774B1B78002B05D1764B91
:1021A00007341B78002B00D0073C2B6B6C60A342DC
:1021B00000DA1FE201226C4B1A705A4C2068FEF7BD
:1021C00073FF684BA0631B78002BB0D06B4B1B7860
:1021D000002BACD00928AAD1694B1868A063FEF780
:1021E0006FFF684A13880A339BB213809FE75D4BE9
:1021F0001D78002D00D101E2634B1B78002B57D0D6
:10220000636C4A4A9BB213802300002234331A7055
:1022100023003C331B78934200D1019623685B4A2C
:10222000013BD35C5A4EDBB2029323003D331B7853
:10223000002B09D0019B002B46D1230036331B789D
:10224000002B41D1FEF7B2FF3378002B00D0B1E074
:10225000019B002B06D0029B032B55D94D4A1368D6
:1022600001331360434B1A780223002A00D1033351
:10227000484A12689A4200DAA1E00122444B1A70DF
:102280004549364B086849681A685B68F7F7C0FA31
:102290000022424B234C1A703E4B206261621A604E
:1022A0003F4B404A0395106C516C1860596093E0A5
:1022B000A269E369A068E168F7F7AAFAF6F78AF974
:1022C0001A4B80B218809FE72300012236331A7020
:1022D000334B224A1068516818605960FCF7EEFAD7
:1022E000314A324B127801301860904201DD801A79
:1022F0001860019B002BA7D00122284B32701A7066
:10230000029B032BAED9A9E72349294B0022086879
:102310004968F7F77DFA0123A062E1623370A1E713
:10232000E1010020880A002000002440846700208A
:10233000E001002000003E4062630020DA650020DA
:10234000AC66002000509440F801002000407F401F
:1023500000C07240B96500200000E03FD00A0020B4
:1023600000E0854063630020BE0A002010020020C8
:10237000CC65002094670020F90A0020CB6500207E
:10238000080200208667002061630020DC03002033
:10239000DB650020C4650020180200200204002034
:1023A00030020020E009002049020020586300208C
:1023B00000206C40019B002B00D153E7A0E7954B18
:1023C0001B780393002B00D05AE7019B002B03D00E
:1023D000029B032B00D853E78F4B1B78002B00D1B7
:1023E000ADE03B68052B03DC8C4B1B78002B48D001
:1023F0008B4B00221C685D688A4B20002900F6F791
:1024000035F8002801D00024864D00222000290044
:10241000854BF8F7E3FC854A854BF8F7F9F902009C
:102420000B0000208349F8F7D9FC0022824B0400FE
:102430000D00F6F71BF8002801D000247E4D7F4ADE
:102440007F4B127800201C625D62002A53D07D49C8
:102450009862D9620023714A3B6013707A4B7B4DBE
:102460001B78002B02D02B78002B0AD1784C2678D1
:10247000F9F768FC0023774A2B7013702670FBF77E
:1024800085FF754B6E4C1B78002B36D0734B1B7839
:10249000002B32D082232360002300222364636454
:1024A0000133A3876E4BA261E36100226D4B226171
:1024B00063616D4B624C1B78002B0ED06B4B1B780D
:1024C000002B0AD1039B002B07D0206A616A0022EF
:1024D000674BF7F79DF920626162206A616A00220A
:1024E000554BF5F7C3FF002800D127E60022524BD9
:1024F0002262636222E65F49AAE7270026003C3792
:102500003D783E36002D3AD0FEF750FE00233B705A
:1025100001333370494B1B78002B1BD0564B0022E4
:102520001B78002B14D08023DB05A261E36100221D
:10253000524BA260E36000224A4B22616361464A2B
:102540004F4B12781B78002A1FD0002BB1D12CE002
:102550004C4BEAE74C4B1B78002B0BD0802300221E
:10256000DB05A261E3610022484BA260E360002228
:10257000474BE2E7474B1B78002BEFD1DFE7FEF735
:1025800015FE01233D34337025703D4A2C4B1278E3
:10259000002A8ED11A0036321278002A02D1196B25
:1025A000022925D101223F331A703B4B244C1B7862
:1025B000266A676A002B00D17BE738490022086849
:1025C0004968374BF5F73EFF002800D171E7019BC2
:1025D000002B00D16DE7029B032B00D969E7002295
:1025E00030003900224BF7F713F92062616260E78F
:1025F0003F33D9E7002236352A70DEE50021104B43
:10260000284A11701A6B01321A635B689A4200DB28
:10261000D0E5D2E502040020BE0A0020D9650020E2
:102620003802002000488C40004085409A999999D2
:102630009999E93F006083400080864062630020F2
:10264000880A002000908A4094670020DB65002003
:10265000D9030020CF650020C50A0020996700201B
:10266000000008400000444093670020F80A002062
:102670000000494000E085405563002000005940BB
:10268000C40A00200000F03FE001002000003E40AE
:1026900000005440616300206463002000000020BB
:1026A00000001440BD0A0020F0B5002604003500EB
:1026B000394F9FB0F31904AA18685968B318186005
:1026C000596000220023F5F7B7FE4342584108360F
:1026D0002D18682EEED1002D42DD08222F4B0D2142
:1026E00004A804F065FD6B10DA00ED073AD513007D
:1026F00004AA9B181A685B68009201930099019ADA
:10270000274B19605A60002C2AD00025224B254CFB
:102710000393039B0022EB181E685F6800233000C0
:102720003900F5F789FE002814D10098019932008C
:102730003B00F8F753FB22686368F7F769F8060077
:102740000F00F8F777FFC317C018584014281EDC95
:102750002660676008350834682DDAD1FBF738FC4D
:102760001FB0F0BD013B04A9DB005B18190013008A
:102770000868496804AA9B181A685B68F7F748F864
:102780000022094BF8F744F800900191B6E70022C7
:10279000002322606360DDE7D8640020AD180108E3
:1027A00028020020406500200000E03FF0B585B021
:1027B0000400FEF7F9F9FEF7EFFB0A2002F06CFACD
:1027C000022C1CD1FEF7E6F9FA20800002F064FA30
:1027D000F9F71EF9002704001B4EFA21200089009A
:1027E000F5F72EFDBB1BD917184D194A5B184B4046
:1027F00028801380FEF7E2F9200005B0F0BDFA232F
:102800000024002500279B000F4E0193F9F7F6F8EE
:10281000C31702900393029A039BA4185D4186425A
:1028200000DD0600874200DA0700019B013B0193AF
:10283000002BEBD1FA222000002329009200F5F7AB
:1028400063FE0400C9E7C046FFFFFF006266002088
:1028500060660020F0B5012700253E0097B0039088
:102860000C22574907A804F0B4FF0AAB0193009764
:10287000ACB22000C53080B2FCF77CF9019B187027
:102880002000D13080B2FCF775F9242204AB153456
:102890009B18FF3458550290A0B2FCF76BF9019ACF
:1028A0000299127810ABE854914200D081E0029A6C
:1028B000904207D00026370004E00026029A0096D6
:1028C0008242F8D1019A0135013201920C2DCFD10B
:1028D000242104AA521812781B780AAD13402A78D2
:1028E00013ACFF2A06D0FF2B06D12800FBF7B5FA60
:1028F000002701E0FF2B55D0009B002B56D1002E66
:1029000054D1002F52D00DAB23CB23C40398F8F73A
:10291000CDFE00222B4BF8F761FA00222A4BF7F785
:102920003DFB04000D00139B04A80493149B042199
:102930000593159B069301F055FA05A8042101F0B3
:1029400051FA06A8042101F04DFA22002B002000C4
:102950002900F7F75DFF060004980F00F8F7F8FE6E
:1029600002000B0030003900F7F752FF060005980F
:102970000F00F8F7EDFE22002B00F7F749FF0200E9
:102980000B0030003900F6F743FF040006980D00F5
:10299000F8F7DEFE02000B0020002900F6F738FFF2
:1029A00017B0F0BD07AD2800FBF757FA07CD07C4F5
:1029B000ACE7904200D080E700221700009281E748
:1029C000E08D010830C0594180F1FAC0F8B5052307
:1029D0005B425843F8F76AFE0022264BF7F718FFD0
:1029E0000022254C254B20606160A260E36000223C
:1029F0008025234B2D0622616361A668E768226962
:102A0000636979193000F7F7C9FAA061E1612068BC
:102A10006168A269E369F7F7C1FA20626162194A45
:102A2000206A616A184BF8F7D9F9184A184BF7F77A
:102A3000B5FAA062E1620022A06AE16A154BF7F7DD
:102A4000ADFA05F007FD144A144BF6F7E1FE02005B
:102A50000B0000201249F7F7A1FA20636163114AC5
:102A6000206B616B104BF8F7B9F9A063E163A06BC1
:102A7000E16BF8BD0000703E6866002000230E4147
:102A800060301F41FCA9F1D24D62E03F1AB5F2C897
:102A9000C588DF3E006AF840F86F702FADFA2B4012
:102AA000004BB040666666666612714001220021E6
:102AB000044B1A705A709A709971D97019715A71C1
:102AC0007047C046C866002070B5FFF7EFFF494B5E
:102AD000494C1B78002B00D189E0484B1B78002B18
:102AE00000D184E00323002500222381444BA381ED
:102AF000444B6581E58125826582A582E582258337
:102B00006583A58322626362A262E36200223E4B78
:102B10002263636300223D4BA263E36300223C4BCC
:102B20002264636400223B4BA264E36400223A4BBC
:102B30002265636500220023A265E3652266636661
:102B4000A266E36622676367230078331D80230053
:102B50007A331D8023007C331D80230022007E33C6
:102B60001D800123803213702200813213702200F5
:102B700082321570220083321370284A1570284A59
:102B80001570284A1370284B1D70284B1D70284B58
:102B90001D60FBF780FE274B1870274B1D70274BDD
:102BA0001D70274B1D70274B1D70274B1D70274B29
:102BB0001D70274B1D70274B1D70274B1D70230068
:102BC00088331D6023008C331D6023009A349833B2
:102BD0001D802580FDF7E8FF204B214819685A68C1
:102BE000FAF782F8F8F7EEFEFDF7E8FF70BD05236F
:102BF00079E7C04655630020C86600206263002064
:102C000024F4FFFF00F8914000E0854000207C4064
:102C100000005440000044400000F03FAC6600203B
:102C2000AB6600204802002098670020FA0A0020C6
:102C30005C630020B8650020D8650020B9650020DD
:102C4000DB650020DA650020CA650020CB65002026
:102C5000A9660020AA660020A86600203400002093
:102C6000B066002010B5144C6378002B14D0FCF72C
:102C700037FD1020FCF7D8FCE18A102089B2FCF760
:102C8000F5FC10200021FCF70DFDFCF727FD0023CB
:102C900010206370FCF7A2FCF8F7CAFE22002300A4
:102CA000001280B28432108088339A3419682388E5
:102CB00012885B00CA5210BDC866002070B5204C57
:102CC000A378002B14D0FCF70BFD1120FCF7ACFC13
:102CD000218B112089B2FCF7C9FC11200021FCF7DF
:102CE000E1FCFCF7FBFC00231120A370FCF776FC51
:102CF000F8F79EFE2300220025000012843380B2E4
:102D000018809A358C3211682A88188852008852A7
:102D10001888230088331A682B8890345B009B5AEC
:102D20002668C01AC317C0185840F6F7DBFC2C8879
:102D3000A40030512B8801339BB22B8070BDC0465C
:102D4000C866002010B5FCF7CBFC0620FCF746FC5B
:102D5000FCF7C4FC0122024B9A7100225A8110BD7B
:102D6000C866002010B5FCF7BBFC0720FCF736FC5A
:102D70000E20FCF733FC1020FCF730FC1120FCF790
:102D80002DFCFCF7ABFC0122014BDA7010BDC046F4
:102D9000C8660020F8B502000B0000201F49F7F7B5
:102DA000FDF8F8F747FC0500F8F780FC02000B007F
:102DB00006000F00F6F72CFDF5F70CFC184C80B25E
:102DC000E081E389A8B29BB22382E3899BB263824C
:102DD000ABB2A382E3899BB2E382E3899BB22383F4
:102DE000F8F764FC0F4A104BF7F712FDF5F7F2FB0A
:102DF0000C4A0D4B85B239003000F7F709FDF5F7A5
:102E0000E9FB80B2F8F752FC32003B00F6F700FD18
:102E1000F5F7E0FB80B26583A083F8BD8084EE40C7
:102E2000C86600205C8FC2F5285CEF3F10B5174CD8
:102E3000E378002B01D1FFF795FFFCF751FC218AC5
:102E4000072089B2FCF712FCA18A0E2089B2FCF798
:102E50000DFC618B102089B2FCF708FCA18B1120BE
:102E600089B2FCF703FC00210720FCF71BFC0021C2
:102E70000E20FCF717FC00211020FCF713FC0021AA
:102E80001120FCF70FFCFCF729FC10BDC8660020E0
:102E900010B50C4C638901339BB26381628923892D
:102EA0009A4203D2084B1B78002B0AD1FCF718FC7E
:102EB0000620FCF7B9FBFCF711FC0023A371FFF718
:102EC000B5FF10BDC866002048020020014B1879EC
:102ED000C0B27047C866002010B5154B154C186A73
:102EE000596A20626162986AD96A206361631869CD
:102EF00059699A69DB692064616422656365206AA7
:102F0000616A226B636BF7F769FFA063E163206A74
:102F1000616A226D636DF6F77BFCA062E1620022BC
:102F2000206C616C044BF7F773FCA064E16410BD86
:102F3000880A0020C86600200000E03F10B5104C51
:102F400010492300783308881A88904207D01A88DD
:102F50000D4892B20A80198889B2F9F7F3FE22006F
:102F60007A347E3211882388994207D02388064814
:102F70009BB21380218889B2F9F7F4FE10BDC046D8
:102F8000C866002044670020B06600200022F8B523
:102F9000644B654C1A8023007A331A80FFF7CEFF0A
:102FA000FDF79EFD614B624D1F78624E002F2BD0C6
:102FB0002B0036331878FDF77BFF3378002B4DD08C
:102FC000A26AE36AA265E3650022A06DE16D5A4B37
:102FD000F7F71EFCF5F7FEFA230080B2783318806D
:102FE0000022002322666366230000227A331A80BF
:102FF000FFF7A4FFA86B09284ED8F5F783F84B62BA
:10300000676C71767B8289904C4B1B78002B13D0B8
:1030100028680121C0B2FDF7F7FE286C002803D014
:103020003900C0B2FDF7F0FE686C0028C5D0002161
:10303000C0B2FDF7E9FEC0E73378002BD8D0404B93
:103040001F78002F06D101210F20FDF7DDFE39008A
:103050000E20EEE728680121C0B2EAE7374A12786D
:10306000002AC5D0002000212200A065E165783249
:103070001380A26AE36A226663662F4B0022206EE9
:10308000616EF7F7C5FBF5F7A5FA230080B27A3336
:103090001880ADE7FDF788FDA379002B01D1FFF77C
:1030A00051FEFCF71DFBA189062089B2FCF7DEFA70
:1030B00000210620FCF7F6FAFCF710FB0123237130
:1030C000F8BDFDF771FDFDF715FDE5E7FDF76CFDBA
:1030D000FDF724FDE0E7FDF767FDFDF70BFDF7E7E2
:1030E000FDF762FDFDF72EFDD6E7FDF75DFDFDF76F
:1030F00015FDF7E7FDF758FDFDF7FCFCFDF736FD84
:10310000CAE7FDF751FDFDF7F5FCFDF707FDF5E713
:10311000FDF74AFDFDF7EEFCFDF714FDEEE7FDF7C8
:1031200039FDB9E740670020C8660020C40A0020C6
:10313000880A0020E101002000403A40636300203B
:10314000C965002010B5FCF7CBFA00210620FCF77A
:10315000A9FA00210720FCF7A5FA00210E20FCF7B0
:10316000A1FA00211020FCF79DFA00211120FCF7A4
:1031700099FA0620FCF758FA0720FCF755FA0E20BA
:10318000FCF752FA1020FCF74FFA1120FCF74CFA2A
:10319000FCF7A4FAFFF78AFCFDF706FD0022034BBB
:1031A0001A80034B1A80FFF7C9FE10BD406700204C
:1031B00042670020F8B5914C6379DFB2002B00D153
:1031C000D8E000276771A06AE16A226D636DF7F7A6
:1031D00005FE2300A062E1629433A06AE16A1E68E2
:1031E00023009A331D88F8F7FBFAAD007051A06AEE
:1031F000E16AA26BE36B2500F5F72EF90126833512
:10320000B84200D18EE0230082331E70A06AE16ACA
:10321000A26BE36BF5F716F9B84200D182E0FFF735
:1032200091FF774B2F701B78BB421AD0754B1B78E0
:10323000BB4216D000220023A265E3652300783349
:103240001F80FFF77BFE704B1B78BB4200D167E00D
:103250006E4B1B78BB4200D162E0FA20400001F0C7
:103260001BFD052001F018FDFDF7A8FC23008333AA
:103270001B78002B27D0664B1B78002B23D0A06A2D
:10328000E16A226A636A2500F5F7D6F87A350028E4
:103290004AD0A06AE16AA26CE36CF6F7B9FAA065BD
:1032A000E1650022A06DE16D5A4BF7F7B1FAF5F731
:1032B00091F9230080B2783318800022002322661F
:1032C000636600232B80230083331B78002B26D0DA
:1032D0004B4B1B78002B22D0A06AE16A226A636AFA
:1032E0002500F5F7A9F87835002830D00022002312
:1032F000A265E36500232B80A06AE16AA26CE36CFF
:10330000F6F786FA206661660022206E616E414BF8
:10331000F7F77EFAF5F75EF97A3480B22080F8BDCF
:103320003D489CE72E70A1E7206E616E226D636DB3
:10333000F6F76EFA206661660022206E616E354BEC
:10334000F7F766FAF5F746F980B22880BBE7A06D7B
:10335000E16D226D636DF6F75BFAA065E165A06D26
:10336000E16D00222B4BF7F753FAF5F733F980B2F2
:103370002880D4E701236371254B1E78002E1CD0D2
:10338000A06AE16A226A636A2500F5F755F87A3582
:10339000002809D0230080331F70226C636C2267E1
:1033A0006367206F616FDCE7206F616F226D636D73
:1033B000F6F72EFA20676167F3E7114B1B78002BB5
:1033C000ADD0A06AE16A226A636A2500F5F734F895
:1033D0007835002809D0230080331E70226C636C7E
:1033E000A266E366A06EE16EBBE7A06EE16E226DA1
:1033F000636DF6F70DFAA066E166F3E7C866002094
:1034000063630020BE0A0020556300206263002031
:10341000E101002000403A40C4090000054B10B50E
:103420001B78002B01D1FFF78DFEFFF7C3FEFFF7DE
:1034300085FD10BD4802002010B50F4C2378002BED
:1034400014D0FCF74DF90E20FCF7EEF8618A0E203F
:1034500089B2FCF70BF90E200021FCF723F9FCF7E9
:103460003DF900230E202370FCF7B8F8FFF7A2FE09
:10347000FFF764FD10BDC046C866002070B50400AB
:1034800004A80588094E0A48346004008C34216081
:10349000010090310A6002009432136003009833F7
:1034A0001D8000239A30038070BDC0465067002005
:1034B000C8660020F8B5244B1B78002B2AD0234B7C
:1034C00064241B78002B00D1503C214F0122386826
:1034D0007968FBF7DFFC1F4E012230687168FBF74B
:1034E000D9FC1D4D002228686968FBF7D3FC200039
:1034F00001F0D2FB386801227968FBF7CBFC306819
:1035000000227168FBF7C6FC286800226968FBF797
:10351000C1FCF8BD114B1C78002C08D00B4B1C785B
:10352000631E9C410E4B64421C403234CDE70D4B70
:103530001B78002BC9D0054B64241B78002BC4D00A
:10354000FA24A400C1E7C046626300209967002006
:1035500064000020740000205C000020E0010020D6
:10356000B6030000616300201C4BD0B51A6806004A
:103570000F00012A00D01B68FDF7C4FB184C002186
:103580002000F9F7DFFB0022164B30003900F6F778
:103590003FF9154B0022F7F73BF9F5F71BF881B21D
:1035A0002000F9F7DFFB114801F076FB0021200035
:1035B000F9F7C8FB00212000F9F7D4FBFDF7FEFA6C
:1035C0000B4B1B78002B07D001220A4BF5201A70F9
:1035D0001978C9B2FBF7ECFAD0BDC046440200200E
:1035E000B066002000206C4000403A40B80B00005C
:1035F000CE650020CD650020F0B5444B87B01E7825
:10360000002E00D078E0424A1278002A00D077E0FD
:1036100016000192FDF758FAF8F7D4F93D4A3E4BEF
:103620000092196800985A68F9F75EFBFDF748FBAD
:1036300000210098F9F786FBFA2700210098F9F796
:1036400091FB002400257F00F8F7D8F9C3170290FA
:103650000393013F029A039BA4185D41002FF3D10D
:10366000FA220023520020002900F4F74DFF310018
:1036700005000098F9F766FBFA2401990098F9F71C
:1036800071FB002600276400F8F7B8F9C31704900F
:103690000593013C049A059BB6185F41002CF3D1B9
:1036A00021000098F9F74EFB21000098F9F75AFB2A
:1036B000FDF71CFBFA20400001F0EEFAFA2200238D
:1036C000520030003900F4F71FFF451BEB17ED18CF
:1036D0005D402800F7F7EAFF0022104BF6F75EFC8A
:1036E000F4F778FF0E4E0F4A0F4B3060954209DD1C
:1036F0000120187007B0F0BD00230C4E019389E73C
:103700000A4BFBE702201C70F4E7C046E1010020F1
:1037100063630020B06600203400002000408F402A
:103720008C670020102700009767002045330000B9
:10373000282210B50021054803F0B6FF0022044BF3
:10374000DA725A715A729A7210BDC0469E67002092
:10375000C4050020F8B505000024FBF761FE8026B3
:103760000227285DFBF766FE002C05D10E4B2200D8
:1037700018685968FBF78EFB0C4B9A683242FCD0F4
:103780009A683A42FCD09A683242FCD1002C07D1A8
:10379000054B012218685968FBF77CFB0134E0E710
:1037A00001340C2CDDD1F8BD940000200030014024
:1037B000F0B589B002920393029B01901800039B1D
:1037C00000225B0059082F4BF7F722F80023002254
:1037D0000692079306AA04000D0004F003F82A4A93
:1037E0002A4BF4F743FE002807D0069807990022D9
:1037F000274BF6F70DF804000D0029002000F7F71D
:1038000019FF0A210600F4F71BFD6421C4B2300041
:10381000F4F716FD0A27FA21C3B204937B43E31A97
:103820007C431B01341B1C19E3B289003000059353
:10383000F4F706FD1749C5B23000F4F701FD3B006F
:10384000C4B26343EB1A7D43049A1B01551B124912
:1038500030005D19F4F7F4FC474302980399E41B28
:1038600000220023EDB2E4B2F4F7ECFD002801D011
:10387000103CE4B2019B059A5D709A701C7009B00F
:10388000F0BDC04600002440CDCCCCCCCCCCEC3F2D
:103890000000F03F10270000A0860100F0B51C00DA
:1038A00085B06300019059081000234B0022F6F701
:1038B000AFFF002300220292039302AA04000D002E
:1038C00003F090FF1D4A1E4BF4F7D0FD002807D0EF
:1038D0000298039900221B4BF5F79AFF04000D0094
:1038E00029002000F7F7A6FE0A210500F4F7A8FC3E
:1038F0000A27C4B264212800F4F7A2FC3B00FA2195
:10390000C6B27343E31A7C431B012C1B1C19019B99
:1039100028005C708900F4F793FC0B49C4B22800BE
:10392000F4F78EFC78436743201A019BF61B0001D5
:103930008019187005B0F0BD00002440CDCCCCCC6F
:10394000CCCCEC3F0000F03F10270000F0B58BB06E
:10395000039310AB029204CB07AC1F8812AB1B7809
:1039600000900191049200210C222000059303F0A5
:103970009BFE7BBA200063800025FFF7EBFE07ACBF
:10398000AF4218DC0C220021200003F08DFE059AC6
:103990002B23002A00D004332000E37023716371CD
:1039A000FFF7D8FE174B18685968FBF778FA00281C
:1039B000F8D10BB0F0BDF0232370049BAE009859F2
:1039C000F7F7C6FE0B0006A90200481DFFF7F0FE40
:1039D000009B6A009B5A01355BBAA380019B9B5AEE
:1039E0005BBAE380029B9859F4F7DCFD039B40BA75
:1039F00020819859F4F7D6FD40BA60812000FFF786
:103A0000A9FEBCE78C00002070B50024044D2E7880
:103A1000285DFBF7EDFC230001349E42F8DA70BD0F
:103A20009E67002070B50E4C0E4DE37928000233DE
:103A3000DBB22372E3792B70E179E679C9B2F9F749
:103A40002FF9F6B2A855E679F9F732F9F6B2AE19C0
:103A50007070217A2800C9B2FBF7D6FC70BDC04651
:103A6000C4050020C667002010B50B4A0B4B5178E7
:103A7000597091789970D278DA7053221A710132A4
:103A80005A71073A9A714C3ADA71054B0732DA717A
:103A9000FFF7C8FF10BDC0469E670020C667002024
:103AA000C40500200C22064B10B506485A70FAF7E0
:103AB00022FD0822044BDA71FFF7B4FF10BDC046A7
:103AC000C6670020C8670020C40500200722064BF7
:103AD00010B506485A70FAF7F1F91222044BDA7160
:103AE000FFF7A0FF10BDC046C6670020C8670020D2
:103AF000C40500200822064B10B506485A70FAF794
:103B00001FFA1222044BDA71FFF78CFF10BDC0467A
:103B1000C6670020C8670020C405002013226F215B
:103B20000D4B10B55A702E329A700D32DA700C3A75
:103B30001A7111325A7112329A710932DA7159724C
:103B4000053203311A72DA729972044B673ADA71EC
:103B5000FFF768FF10BDC046C6670020C4050020FF
:103B6000052310B5054C6370FAF7B7FD0322044B2B
:103B7000A070DA71FFF756FF10BDC046C66700207F
:103B8000C40500202E2310B5054C6370FAF78CFE97
:103B90000322044BA070DA71FFF744FF10BDC0464A
:103BA000C6670020C40500200B2310B5054C6370C8
:103BB000FAF7ABFD0322044BA070DA71FFF732FF76
:103BC00010BDC046C6670020C4050020062310B5FE
:103BD000054C6370FAF791FD0322044BA070DA7173
:103BE000FFF720FF10BDC046C6670020C4050020B7
:103BF0000A2310B5064C6370FAF722F90422030A6F
:103C0000A370044BE070DA71FFF70CFF10BDC046E3
:103C1000C6670020C4050020092310B5054C637059
:103C2000FAF763FD0322044BA070DA71FFF7FAFE86
:103C300010BDC046C6670020C40500201FB5142370
:103C40000E4C0D2268460E49637003F0C2FD00223F
:103C500002236946895C080020385E2801D8E154B7
:103C6000013301320D2AF4D1102B01DCE25401336F
:103C7000044ADBB2D371FFF7D5FE1FBDC667002033
:103C8000088F0108C4050020152310B5054C63708A
:103C9000FAF787F90322044BA070DA71FFF7C2FE2E
:103CA00010BDC046C6670020C405002010B5024BF9
:103CB0009878FAF76FF910BD9E6700200D2310B5B4
:103CC000064C6370FAF731FDA070FAF736FD042256
:103CD000034BE070DA71FFF7A5FE10BDC667002048
:103CE000C40500201B2310B5054C6370FAF715FDC1
:103CF0000322044BA070DA71FFF794FE10BDC0469A
:103D0000C6670020C4050020172310B5054C63705A
:103D1000FAF7F8FD0322044BA070DA71FFF782FE78
:103D200010BDC046C6670020C40500200222054B16
:103D300010B55A7000229A70034B0332DA71FFF704
:103D400071FE10BDC6670020C4050020122310B507
:103D5000094C6370FAF7B9FC084BA070012805D133
:103D600018740322DA71FFF75DFE10BD0228F8D146
:103D700000221A74F5E7C046C6670020C40500207B
:103D80001D2310B5094C6370FAF717F9084BA070A2
:103D9000012805D158740322DA71FFF743FE10BDE4
:103DA0000228F8D100225A74F5E7C046C667002001
:103DB000C405002070B518220125054B054C9D70E7
:103DC0005A700323E371FFF72DFE257170BDC046C5
:103DD000C6670020C4050020014B18607047C0462C
:103DE00008680020002370B5CA0F5218521001391C
:103DF000934200DB70BDCC1A065DC55CC65401332E
:103E00000555DBB2F4E710B50B0A017043700B0CDB
:103E1000090EC17083700421FFF7E4FF10BD00009C
:103E20003E23F0B58E4F85B0FB71FB798D4C23702E
:103E3000162363708C4B1D682B782E00A3702B000B
:103E400038331B786A781B019B18E3702B00803392
:103E50001A685B6800920193009801990022834BD5
:103E6000F4F7EAFA3936002803D13378022B00D868
:103E7000D4E042232371853363713833A371823BCD
:103E8000E37128696969F7F7ABFC794B011C1800ED
:103E9000FFF7B9FF286A696A764B1B780093002BFD
:103EA00000D1C5E042232373853363733833A37392
:103EB000823BE373009B286B696B002B00D1BFE052
:103EC00042232374853363743833A374823BE374D1
:103ED000337803AE23752B003A331B7863752B00C0
:103EE0003B331B78A3752B00883318685968F4F7A7
:103EF00071FB80B2030AE37520762A6C6B6C30008C
:103F0000FFF7CCFC2800338848305BBA7278038016
:103F1000594B31781888A276617680B2F7F7F4FBB6
:103F200002000B003000FFF7B9FC2800338858303E
:103F30005BBA72780380514B3178300022771A686F
:103F40005B68E176FFF7AAFC2800338868305BBA2B
:103F50007278317803804A4B6177A2771868596884
:103F600028666966F4F736FB2A0080B2030AE37715
:103F7000631CD877434B70321B889BB21380190A9D
:103F8000A21CD177E21CD3772B002A0072331B8846
:103F90007432190A1380221DD177621DD3773A4BF0
:103FA0001868F4F7FFFA2B0080B278331880020A01
:103FB000A31DDA77E31DD8772B002A007A331B88FC
:103FC0007C3213802200190A0832D177220028326D
:103FD00013702B0022007E331B7829321370009B54
:103FE000A86AE96A002B33D0230042222A331A70D0
:103FF000230085322B331A70230038322C331A7089
:104000007D232D3423707F35FA79204B2978D154C4
:10401000FFF708FD00233B7105B0F0BD0098019942
:10402000F7F7DEFB1A4B011C1800FFF7ECFE28E740
:10403000F7F7D6FB174B011C1800FFF7E4FE39E732
:10404000F7F7CEFB144B011C1800FFF7DCFE3FE72F
:10405000F7F7C6FB114B011C1800FFF7D4FED2E79F
:10406000C4050020C66700200868002000002E401C
:10407000CE6700206C670020846700203802002093
:1040800020020020866700207C670020C567002092
:10409000CA670020D2670020D6670020F0670020A2
:1040A000014B1879C0B27047C405002010B5054B0C
:1040B0009878012802D1F9F757FE01E00228FAD0DA
:1040C00010BDC0469E67002010B5044B9878431E73
:1040D000072B01D8F9F74EFE10BDC0469E670020A1
:1040E00010B5054B9878092803D80020F9F748FE49
:1040F00001E0F028FAD910BD9E67002010B5034BEF
:10410000D9789878F9F78EFE10BDC0469E670020DA
:1041100010B50248FAF7D9F910BDC046A0670020D3
:1041200010B5054B9878012802D1F9F73BFE01E064
:104130000228FAD010BDC0469E67002010B5044B7F
:10414000DC789878F9F734FE2000F9F737FE10BDD7
:104150009E67002010B5024B9878FAF745F910BD1C
:104160009E67002010B5024B9878FAF745F910BD0C
:104170009E67002010B5024B9878FAF744F910BDFD
:104180009E67002010B5024B9878FAF743F910BDEE
:104190009E67002010B5024B9878FAF742F910BDDF
:1041A0009E67002010B50248F9F757FE10BDC046C3
:1041B000A067002010B50248F9F762FE10BDC046A6
:1041C000A067002010B50248F9F79CFE10BDC0465C
:1041D000A067002010B5F9F7F0FE044B012801D1CB
:1041E000587410BD00225A74FBE7C046C405002075
:1041F00010B5064B9878012802D1F9F7C5FE01E009
:104200000228FAD0FFF7E6FF10BDC0469E670020E7
:1042100010B5084B9C782000FAF7D8F8012C03D190
:104220000B22054B1A7010BD022CFCD10D22024B43
:10423000F8E7C0469E6700204902002010B5024BF7
:104240009878FAF7CAF810BD9E6700201E2310B5B3
:10425000054C6370FAF70DFB0322044BA070DA7172
:10426000FFF7E0FB10BDC046C6670020C405002074
:104270002F2310B5054C6370FAF77CFA0322044B28
:10428000A070DA71FFF7CEFB10BDC046C6670020F4
:10429000C4050020094B10B518695969F7F7A0FA51
:1042A000074B011C1800FFF7AEFD1022054B5A709A
:1042B000054B0A3ADA71FFF7B5FB10BDE0090020A3
:1042C000C8670020C6670020C4050020262010B55E
:1042D000FF30FAF74FFC0400FEF768FA022C07D112
:1042E000FEF774FB044B18615961F7F779FA10BDBA
:1042F000FEF7B0FAF6E7C046E0090020112310B53A
:10430000064C6370FFF778F90322054BA070DA7151
:10431000FFF788FB0122034B1A7010BDC66700200F
:10432000C40500209867002030B585B06846FAF7CC
:1043300087F9002301211A0015486C46E55CC45C2E
:10434000A54200D00A0001330C2BF6D100239A427B
:1043500002D0FAF782F9FF230E4C3322A370D0204B
:10436000FF23627000211A004000FAF78AF9FF2348
:10437000E070A2201A000021FF30FAF782F905222E
:10438000054B2071DA71FFF74DFB05B030BDC0461B
:10439000088F0108C6670020C4050020342310B52B
:1043A000054C6370FAF7EEF90322044BA070DA7142
:1043B000FFF738FB10BDC046C6670020C4050020CB
:1043C000362310B5054C6370FAF7E6F90322044B67
:1043D000A070DA71FFF726FB10BDC046C66700204B
:1043E000C4050020372310B5054C6370FAF7DDF9DA
:1043F0000322044BA070DA71FFF714FB10BDC04616
:10440000C6670020C4050020382310B5054C637032
:10441000FAF7D4F90322044BA070DA71FFF702FB1C
:1044200010BDC046C6670020C4050020392310B562
:10443000054C6370FAF7CBF90322044BA070DA71D4
:10444000FFF7F0FA10BDC046C6670020C405002083
:10445000F8B5AE4DAE4C2B78280063716B78637263
:1044600063790233DBB2A37163796179EE5CC9B21F
:10447000F8F716FC864206D16379EB185E78F8F7F8
:1044800017FC864202D0FFF753F9F8BD6379052B7C
:1044900013D1637A412B10D16B78412B0DD1AB78BE
:1044A0004E2B0AD1EB78422B07D12B790D2B04D15F
:1044B0000122984B1A70FFF7D7FA627AD3B2012A19
:1044C00000D0B9E0AA78A272A17ACAB201290FD1AC
:1044D000914B1A70914B1A70914B1A70A37A052B5D
:1044E00025D1904A043B13708F4A13708F4A25E000
:1044F000A27A032A03D1884A13708D4A05E0A27A72
:10450000022A05D1844A1370874A1370874A05E04E
:10451000A27A042A06D1834A1370804A1370804A13
:104520001370DBE7A27A062AD8D17E4AE4E7A37AA1
:10453000092B15D17F4A083B1370784A1370784ACB
:104540001370A37A0A2B13D17A4A093B1370764A67
:104550001370764A1370724A1370FFF755FA92E798
:10456000A37A0B2BEDD1734A0A3B1370704ABCE758
:10457000A37A812B05D1684B01221A70674B1A7000
:10458000EBE7A37A832B06D1634A823B1370684A18
:104590001370664AE0E7A37A822B04D15E4A813B1E
:1045A0001370614AF4E7A37A842B01D15D4BE3E7F2
:1045B000A37A862B02D15B4A853BE7E7A37A852B5A
:1045C00002D1584A843BEBE7A37A892B01D1594B9E
:1045D000D2E7A37A8B2B02D1564A8A3BD6E7A37A3D
:1045E0008A2B02D1534A893BDAE7A37A072B02D000
:1045F000A37A082B0ED101244F4B1C70FAF7DEF87A
:10460000484BA04200D0444B1C70444B1C70444BA0
:104610001C70A2E7A37A872B02D0A37A882B9CD1A7
:104620000124454B1C70FAF7C9F83E4BA04200D05C
:10463000394B1C70394BEBE7637A022B03D13F4BAC
:1046400000221A701FE7637A2E2B08D1A37A002B61
:1046500002D0A878F9F7E4FFFFF794FA13E7637A3A
:10466000052B0AD1AB78A372A37A002B02D1FFF7F6
:1046700077FA08E7FFF728FDF9E7637A062B0BD1F5
:10468000AB78A372A37A002B03D0A07AC0B2F9F75B
:104690007DFBFFF79BFAF6E6637A072B12D1AB7826
:1046A000A3726379032B06D1A37A002B00D0EAE62C
:1046B000FFF70CFAE7E66379122B00D9E3E6FFF780
:1046C00079FDF5E7637A082B12D1AB78A372637991
:1046D000032B06D1A37A002B00D0D4E6FFF70AFA09
:1046E000D1E66379122B00D9CDE6FFF76BFDF5E734
:1046F000637A092B24D1AB78A372A37A002B02D161
:10470000FFF78AFABFE6FFF7EBFCF9E79E670020A8
:10471000C40500203D0100209D6700209567002012
:10472000906700209C67002093670020916700201D
:10473000926700209B6700209A67002048020020B3
:10474000637A0A2B12D1AB78A3726379032B06D15B
:10475000A37A002B00D096E6FFF74AFA93E6637936
:10476000042B00D08FE6FFF7C9FCF5E7637A0B2B2B
:1047700012D1AB78A372A37A002B0AD0A37AD8B255
:10478000012B02D1F9F708FB03E0A37AD8B2022B80
:10479000F8D0FFF709FA76E6637A0C2B12D1AB78E2
:1047A000A3726379032B06D1A37A002B00D06AE6AB
:1047B000FFF778F967E66379082B00D063E6FFF727
:1047C000A7FCF5E7637A0D2B10D1AB78A372A37A1F
:1047D000002B04D0A37A012B04D1FFF7AFFCFFF725
:1047E0006DFA50E6A37A022BF9D1F6E7637A0E2B25
:1047F00003D1AB78A372A37A45E6637A0F2BF8D086
:10480000637A102B0FD1AB78A372A37A002B00D060
:1048100039E6FFF75BFDF6F79BFFBB4C206161615A
:10482000FFF738FD2FE6637A112B08D1AB78A3721E
:10483000A37A002B00D026E6FFF760FD23E6637A1B
:10484000122B10D1AB78A372A37A002B04D0A37AD9
:10485000012B04D1FFF72AFCFFF778FA13E6A37ABD
:10486000022BF9D1F6E7637A1D2B10D1AB78A37236
:10487000A37A002B04D0A37A012B04D1FFF7B8FC54
:10488000FFF77EFAFFE5A37A022BF9D1F6E7637A08
:10489000132B08D1AB78A372A37A002B00D0F2E5DA
:1048A000FFF73CF9EFE5637A142B08D1AB78A372DC
:1048B000A37A002B00D0E6E5FFF7C0F9E3E5637AC1
:1048C000152B0CD1AB78A372A37A002B04D0637A9A
:1048D000002B01D0FFF7EAF9FFF7D6F9D3E5637AA9
:1048E000162B08D1AB78A372A37A002B00D0CAE5AF
:1048F000FFF796FAC7E5637A172B08D1AB78A37256
:10490000A37A002B00D0BEE5FFF7FEF9BBE5637A82
:104910001B2B10D1AB78A372A37A002B04D0A37AFF
:10492000012B04D1FFF7FCFBFFF7DCF9ABE5A37A21
:10493000022BF9D1F6E7637A1C2B06D163790E2B93
:1049400000D0A0E5FFF72EFC9DE5637A1E2B10D169
:10495000AB78A372A37A002B04D0A37A012B04D1E5
:10496000FFF756FCFFF772FC8DE5A37A022BF9D115
:10497000F6E7637A2F2B10D1AB78A372A37A002BC2
:1049800004D0A37A012B04D1FFF758FCFFF770FC89
:1049900079E5A37A022BF9D1F6E7637A1F2B09D1C7
:1049A0005A4B9B78A372A37A002B00D16BE5F7F7E3
:1049B000C9F9D2E5637A242B07D1544B9B78A372B3
:1049C000A37A002B00D15EE5C7E5637A504C252B16
:1049D000F3D0637A282B1AD14C4B01229B78F42018
:1049E000A37200231900F9F74CFE431E9841494B6E
:1049F000C0B21870002301221900F520F9F741FE1A
:104A0000431E9841444BC0B21870A37AA5E5637A5F
:104A1000312B02D1F9F74AFD9FE5637A322B01D1A0
:104A20003E4B0DE6637A332B0FD1384B9A78A27246
:104A3000A27A002A06D0A27A012A03D11979D8785D
:104A4000F9F712FEFFF770FC1DE5637A342B0AD1EB
:104A50002E4B9B78A372A37A002B01D0FFF77AFB31
:104A6000FFF79CFC0FE5637A352B3FD1012500242D
:104A700000260027F7F728FA294B1D70F7F762F98F
:104A8000F7F716FA0020F9F7E8FC224BF4201C7027
:104A90001978C9B2FAF78CF81F4BF5201C701978F9
:104AA000C9B2FAF785F8FCF78DFEFCF797FEFCF724
:104AB000A1FEFCF7B5FEFCF7CBFE2000F9F7C6FC23
:104AC000184B1C70FCF7B8FE174B1E605F60F9F7BF
:104AD000D3FB164B1E605F60F9F740FC144BFA20C5
:104AE0001D701978C9B2FAF763F836E5637A362B88
:104AF00020D1064B9B78A372A37A002B01D0FFF73D
:104B000031FBFFF75DFCBEE4E00900209E6700205A
:104B1000C4050020CF650020CD6500203C010020A9
:104B2000B7650020F80A0020D003002038020020DA
:104B3000CC650020637A372B0AD1144B9B78A37283
:104B4000A37A002B01D0FFF715FBFFF74BFC9AE48B
:104B5000637A382B0AD10D4B9B78A372A37A002B72
:104B600001D0FFF70FFBFFF74FFC8CE4637A392B82
:104B700000D088E4054B9B78A372A37A002B01D068
:104B8000FFF708FBFFF752FC7DE4C0469E6700205C
:104B900010B5044B0A000100180002F01AFEFFF7DE
:104BA00057FC10BD9E6700200D488546FCF756FA5D
:104BB0000C480D490D4A002302E0D458C450043378
:104BC000C4188C42F9D30A4A0A4C002301E013604E
:104BD0000432A242FBD302F0D5FDFAF7B1F9FEE7A9
:104BE0000090002000000020AC020020709001081E
:104BF000B00200205C690020FEE7000070B5104B99
:104C000005001978002901D1012070BDFA2080002B
:104C1000F3F78CFA0B4C01002068F3F787FA00F0E9
:104C200083F8041EF0D1032DEED8020001202900E4
:104C3000404200F043F8044B20001D60E5E7C04609
:104C40004A020020400100204C0200208023084A34
:104C50005B00116810B50B4300201360FFF7CEFF17
:104C6000041E03D1FBF716FD200010BD0124FBE755
:104C700000200240034A044B11681B785B18136044
:104C80007047C0460C6800204A020020014B18689B
:104C90007047C0460C68002070B50400FFF7F6FFAF
:104CA0000500631C02D0044B1B78E418FFF7EEFFED
:104CB000401BA042FAD370BD4A02002010B5FF2469
:104CC00003220B0021000240D20091409B012340AF
:104CD000C943934000280ADBC0240B4A80088000A7
:104CE0008018A40002590A401343035110BD0F223B
:104CF00010400838054A800880008018C2691140B9
:104D00001943C161F2E7C04600E100E000ED00E0B8
:104D1000002805DB1F2318401E3B8340014A136017
:104D20007047C04600E100E08022431E520401208B
:104D300093420DD2C021074A07485360036A09060F
:104D40001B021B0A0B4303620020072390601360C1
:104D50007047C04610E000E000ED00E0F0B5846C64
:104D6000C56C6560046D002C02D0446D856D656076
:104D70001C24056C084E25401B3CAC4077683C4326
:104D80007460046863608368102B02D1A260E160E4
:104D9000F0BDA160E260FBE70000024010B5040036
:104DA000036C094A9B089B189B004364006814210C
:104DB000C0B20838F3F7BAF9044BA3641F231840B4
:104DC0001E3B8340E36410BD008200108008024057
:104DD000F8B504000120002C46D02568254B14218D
:104DE000E818F3F7A3F902238000A61D2064F377E7
:104DF0002B68214AA76813402B60E36821693B4375
:104E00000B4361692A680B43A16920000B43E169E8
:104E10000B43216A0B4313432B60FFF7BFFF802333
:104E2000DB019F4201D1002363603F236268616C14
:104E300013400B60E06CA16C013A4860032A14D85F
:104E40000E4A0F4899180122013B9A40A2651300AF
:104E500000228900216560650A604360002001230B
:104E6000E0630534F377E077F8BD002323656365DD
:104E7000A365F3E7F8FFFDBF0F80FFFF3F8200103F
:104E800040090240F7B5451D0193EE7F0400022062
:104E9000012E33D00138E877A71DFE7FB446634664
:104EA000F6B200960026834230D10130F8772568AB
:104EB000E6632868009B98432860019B2000FFF769
:104EC0004DFF236BB3421AD00E232A6813432B6085
:104ED000636C1A68D20304D58022196852000A4311
:104EE0001A60236D002B04D08022196852000A43F7
:104EF0001A60012300202A6813432B60FEBD0422A0
:104F00002B6893432B602A680A23DFE78023E3633F
:104F1000EE77F3E7F0B5002808D0841DE37F411D4C
:104F2000022B05D00423C3630023CB770120F0BDFF
:104F30000E250268466C1368AB4313603368104D4E
:104F40002B403360012316689E431660026C1B33AE
:104F50001A401B3B93400B4E77683B437360C26C17
:104F6000836C5A60036D002B05D01A682A401A60C2
:104F7000436D826D5A6001230020E377C877D6E73E
:104F8000FFFEFFFF00000240F8B5811DCB7F022B22
:104F900003D00423C3630120F8BD0E2402681C273C
:104FA0001368456CA3431360012314689C43146089
:104FB0002A68104C22402A60026C0F4D3A40934000
:104FC0006E6833436B60C26C836C5A60036D002B58
:104FD00005D01A6822401A60436D826D5A60012321
:104FE0000022CB77431DDA77836B934200D098473A
:104FF0000020D1E7FFFEFFFF00000240F8B51C24AF
:105000000427016C264A21403C008C401668036846
:105010001D6826420FD03D420DD01968890602D482
:105020001968B943196053681C43036B5460002B23
:105030001BD0984719E002273C008C40264215D02F
:105040003D4213D01968890606D40A251968A94378
:1050500019600121831DD97753681C4354600022D5
:10506000431DDA77C36A9342E3D1F8BD08242700D1
:105070008F403E42F9D02542F7D00E251C68AC4344
:105080001C6001231D008D4029005468214351609C
:10509000821DC363D3770022431DDA77436BE2E7B7
:1050A000000002400023F0B585B00A681400DC401F
:1050B00001D105B0F0BD012514009D402C400094A5
:1050C0002A4200D191E04A685F0094460322644678
:1050D00022400324BC40E4430194541E012C2ED8EA
:1050E0008668019C2640CC68BC4034438460446898
:1050F0000126AC4325006446240934409C402C43DF
:105100004460C568019C25408C68BC402C43C46049
:10511000022A16D107250F261D40AD00AE40DC083F
:10512000A40004190294246A03962600039CA64353
:1051300034000E69AE402643029C266201E0032A39
:10514000DFD1BA400468019D25402A43C024026093
:105150006246A402224248D0254A03259C08A400A6
:10516000A4180F221D40ED00AA40A027266EFF05BF
:1051700096430022B8420CD01E4F0132B84208D0EC
:105180001D4F0132B84204D01C4F0332B84200D147
:10519000023AAA40674632432266154C009A2668B6
:1051A000009DD2433543FF0201D4350015406746C8
:1051B00025606668009D3543BF0201D43500154067
:1051C000674665600E4C009DE66F3543BF0301D412
:1051D000350015406746E5670A4C009EE56F2E4393
:1051E000FF0301D415402E00E66701335DE7C0469A
:1051F000001802400004005000080050000C00504D
:10520000081802400418024000690840431E9841F3
:10521000C0B27047002A01D0816170478162FCE70B
:1052200070B504000120002C3FD0250041352B78BB
:10523000DAB2002B05D12300403320001A70FBF7AF
:1052400041FA242301212B702368E0681A68A668BC
:105250008A431A601A4962680A401A619A681949B1
:105260000A409A60012821D18022120232439A60BA
:105270005868154A02435A60DA6800200A40DA602A
:10528000616922690A43A16909020A43DA60216A55
:10529000E2690A431A60012219680A431A6020234E
:1052A00060642B7020634234207070BD842212022F
:1052B00032439A600228DBD1802212015A60D7E77C
:1052C000FFFFFFF0FF7FFFFF00800002F0B504004A
:1052D0004134227803000F000220D6B2202A18D1D0
:1052E0001D0040352A78012A13D0242222701B6821
:1052F000233A196807489143196019680140002052
:10530000196019683943196019680A431A602670D0
:105310002870F0BDFFEFFFFF0200F0B541321478B6
:105320000300E5B20220202C17D11C00403426785F
:10533000012E12D0223010701B6823381E68074FD0
:1053400086431E601E6809023E4031431960196899
:1053500008431860002015702070F0BDFFF0FFFFBB
:105360008023034A5B0011680B4313607047C046FB
:105370000070004010B5114C1149236802000B4029
:1053800003432360802300209B009A420ED10D4BE3
:105390000D49186806235843F2F7C8FE8022431CC3
:1053A000D200616908001040114200D110BD002BED
:1053B00001D0013BF5E70320F8E7C046007000404C
:1053C000FFF9FFFF4001002040420F00F0B504004C
:1053D00085B0002802D1012005B0F0BD0368DB07CD
:1053E00010D423689B075CD423681B0700D5C1E059
:1053F00023685B0700D5F2E0E369002B00D079E178
:105400000020E9E73822AF4DAB681340EA68102B63
:1054100009D1D3439B0708D12B689B03E1D563686F
:10542000002BDED1D7E7082BF6D08022636852022A
:10543000934211D12A6813432B60FFF727FC802782
:105440000600BF022B683B42CBD1FFF71FFC801B3D
:105450006428F7D90320BFE7A021C9028B4208D1F5
:1054600080232968DB020B432B602B681A432A60D8
:10547000E3E72A6894490A402A602A6893490A4067
:105480002A60002BD9D1FFF701FC80270600BF025C
:105490002B683B42A5D0FFF7F9FB801B6428F7D9A6
:1054A000D8E73822874DAB681340EA68102B28D123
:1054B00003210A40022A26D12A68520503D5E26850
:1054C000002A00D187E769686269814812020140B9
:1054D0000A436A60002B0CD12B687E4A7E49134038
:1054E000226913432B602B687C4A9B045B0FDA40D4
:1054F0000A607B4B1868FFF781FB002800D173E737
:1055000069E7002BD8D0E368002B20D02B68714AC4
:10551000802713402269FF0013432B6080232A68F1
:105520005B0013432B60FFF7B1FB06002B683B4287
:1055300007D06A68636966491B020A4013436B60BF
:1055400052E7FFF7A3FB801B0228EFD982E72B6805
:10555000644A802713402B60FFF798FB0600FF008A
:105560002B683B4200D13FE7FFF790FB801B0228EE
:10557000F6D96FE73822534DAB681340182B08D18A
:105580002B6E9B0700D433E7A369002B00D02FE7D5
:1055900021E7A2690123002A10D02A6E02271343B3
:1055A0002B66FFF773FB06002B6E3B4200D01FE714
:1055B000FFF76CFB801B0228F6D94BE72A6E022707
:1055C0009A432A66FFF762FB06002B6E3B4200D12E
:1055D0000EE7FFF75BFB801B0228F6D93AE738227B
:1055E000384DAB681340202B08D1EB6D9B0700D4DE
:1055F00002E7A368002B00D0FEE6ECE68022002143
:10560000EB6B52050091134208D1EB6B1343EB6334
:10561000EB6B13400393039B012300938027324ECF
:105620007F0033683B4215D0A368012B22D1EA6D7D
:105630001343EB65FFF72AFB02270600EB6D3B42A5
:1056400038D0009B012B00D0D6E6EB6B274A1340E5
:10565000EB63D1E633683B433360FFF717FB019000
:1056600033683B42E0D1FFF711FB019BC01A0228CF
:10567000F6D9EFE6EA6D052B05D1013B1343EB6547
:10568000EA6D0123D4E701218A43EA65EA6D03311B
:105690008A43EA65002BCDD1FFF7F8FA022706000E
:1056A000EB6D3B42CDD0FFF7F1FA114B801B9842D6
:1056B000F6D9CFE6FFF7EAFA0D4B801B9842BDD929
:1056C000C8E6C04600100240FFFFFEFFFFFFFBFFE1
:1056D000FF80FFFFFFC7FFFF400100200024F40010
:1056E0004C020020FFFEFFFF00700040FFFFFFEFB5
:1056F000881300003821434DAA680A40102A53D06D
:10570000414A022B3AD12B68802713402B60FFF7C8
:10571000BDFA0600BF042B683B4229D1616A236AA7
:10572000EA680B43394980260A401343E26AB6040B
:105730001343226B1343626B1343A26A1202134397
:10574000EB6080232A685B0413432B608023EA68A4
:105750005B051343EB60FFF799FA04002B683342B3
:1057600000D04DE6FFF792FA001B0228F6D971E649
:10577000FFF78CFA801B0228CDD96BE62B688026B8
:1057800013402B60FFF782FA0400B6042B68334203
:1057900004D1EB681E4A1340EB6031E6FFF776FA5E
:1057A000001B0228F2D955E6012B00D113E6032293
:1057B000E868216A02408A4200D00CE67022616AE1
:1057C00002408A4200D006E6FE21A26AC9010140D9
:1057D0001202914200D0FEE5F822E16A92030240F3
:1057E0008A4200D0F7E5E022216B120502408A428E
:1057F00000D0F0E5636B400F4007C01A431E98418C
:10580000C0B2E9E500100240FFFFFFFE8C80C1112D
:10581000FCFFFEEE382370B51D4CA2681A4205D17C
:1058200023681C489B045B0FD84070BDA2681A40D7
:10583000082A27D0A2681A40102A17D1E368E16825
:10584000DB43E5684906490F6F322D0A01311540E7
:105850009B0709D11048F2F769FCE1686843490FDA
:105860000131F2F763FCE0E70A48F4E7A2681A4066
:10587000202A09D0A26800201340182BD5D1FA2085
:10588000C001D2E70448D0E780200002CDE7C0463F
:10589000001002400024F40000127A00F7B5040062
:1058A0000D00002801D10120FEBD0727484E3368B6
:1058B0003B408B422AD3226893073BD4D20748D47B
:1058C000072733683B40AB420AD93368BB432B43BD
:1058D0003360FFF7DBF9019033683B40AB4268D19E
:1058E00023683C4D5B076CD4FFF794FFAB683A49E3
:1058F0001B051B0F9B005B581F210B40D840374AEC
:10590000374B10601868FFF779F9CDE73368BB4370
:105910000B433360FFF7BAF9019033683B40AB4269
:10592000C9D0FFF7B3F9019BC01A2E4B9842F4D9A6
:105930000320B9E72749530704D5E0238868DB0132
:1059400003438B608B6828480340A06803438B6047
:10595000B4E760681F4F032829D8F2F7D3FB200271
:105960001C243B689B039ED50722BB6893430343DB
:10597000BB60FFF78BF901903823BA681A4063685F
:10598000DB009A429CD0FFF781F9019BC01A154BAE
:105990009842F1D9CCE73B689B01E5D483E73B68AB
:1059A0005B05E1D47FE73B6E9B07DDD47BE7FB6DB6
:1059B000FAE7FFF76BF9019BC01A0A4B98428BD9A3
:1059C000B6E7AB68094A1340E2681343AB608BE764
:1059D0000020024000100240C88E01084001002053
:1059E0004C02002088130000FFF0FFFFFF8FFFFF35
:1059F000064B07499B68074A5B045B0F9B005B589B
:105A00001F2110680B40D8407047C046001002406C
:105A1000A88E010840010020F0B50368040085B09D
:105A200000209B0352D58022704D5205EB6B0090F5
:105A3000134208D1EB6B1343EB63EB6B13400393FF
:105A4000039B012300938027694E7F0033683B430B
:105A50003360FFF71BF9019033683B4228D0EA6DB1
:105A6000C02310009B00216B624E18401A4218D0D0
:105A7000814216D08022EB6DE86D1900520202437C
:105A8000EA65EA6D5C4831400240EA65E965DB079A
:105A900007D5FFF7FBF807000222EB6D134200D198
:105AA0009CE0EB6D226B334013430020EB6506E076
:105AB000FFF7ECF8019BC01A0228CDD90320009B08
:105AC000012B03D1EB6B4D4A1340EB632368DA07DC
:105AD00006D5032545494A6DAA4365682A434A65A8
:105AE0009A0706D50C2541494A6DAA43A5682A4361
:105AF0004A65DA0606D53D49414D4A6D2A40E568BA
:105B00002A434A659A0506D538493E4D4A6D2A40D2
:105B1000A5692A434A655A0506D534493A4D4A6D66
:105B20002A40E5692A434A659A0606D52F49374D2A
:105B30004A6D2A4025692A434A655A040FD52B49E4
:105B4000256A4A6D920092082A434A658022D2054E
:105B5000954204D18022CD6852022A43CA601A03BA
:105B600006D5402521494A6DAA43656A2A434A65FC
:105B70009A020FD51D49264E4A6DA56A32402A4326
:105B80004A658022D203954204D18022CD68520416
:105B90002A43CA605A020DD5144D1E4E696DE26A41
:105BA000314011436965802149048A4202D1E96884
:105BB0000A43EA601B050FD50C4A6169536D164C08
:105BC00023400B4353658023DB01994204D180239A
:105BD000D1685B020B43D36005B0F0BDFFF756F808
:105BE0000E4BC01B984200D856E767E700100240F2
:105BF00000700040FFFCFFFFFFFFFEFFFFFFFFEF15
:105C0000FFF3FFFFFFFFF3FFFFFFCFFFFFCFFFFF1C
:105C1000FFFFBFFFFFFFFFFEFF3FFFFF88130000F6
:105C2000A0210268F8B5D36804008B43D360FFF766
:105C30002DF8FA2705002026BF002368DB683342D1
:105C400001D00020F8BDFFF721F8401BB842F4D97D
:105C50000320F7E7F7B5402603680500DA6800245B
:105C6000324211D18022D968FA270A43DA60FFF75D
:105C70000DF8BF0000902B68DB681A0032400192DB
:105C8000334201D1032C01D12000FEBDFEF7FEFFFF
:105C9000009B019CC01AB842EDD92B000324293384
:105CA0001C70E8E7802270B50F4C0500E368934351
:105CB000E360A369603A134207D1FFF7B1FF002800
:105CC00002D003202935287070BDA3699343A361D6
:105CD000FFF7A6FF002802D00320293528702023D3
:105CE000A2691343A361EFE70028004070B50400E8
:105CF0000120002C17D0250029352B78DAB2002B93
:105D000008D1230028331A7088231B022000636007
:105D1000FAF71AFD02232B702368DA68D20603D53E
:105D2000012300202B7070BDCA225A62773A2000EE
:105D30005A62FFF78FFF002825D1236815499A6919
:105D400060690A409A61A26899690243E069024366
:105D50000A439A61226920001A61E26819691204F3
:105D60000A431A61FFF79EFF00280CD12268266AB9
:105D70009369DB00DB089361636A91693343A66929
:105D800033430B439361FF2223685A620028C7D034
:105D9000C9E7C046BFFF8FFBF8B504000120002C07
:105DA00067D0636A002B65D18222616852009142FC
:105DB00000D0E36100232500A3625D352B78DAB2C1
:105DC000002B05D123005C3320001A70FAF7EAFC9F
:105DD000022340222B702168E6680B689343E0227F
:105DE0000B60D2000023964248D9F022180012011D
:105DF000964200D0A3628222842763685200134037
:105E0000A2683F023A40022713432269A5693A403B
:105E100013430122676917403B438027BF002F408F
:105E20003B43E769373217403B43276A4832174004
:105E300080223B43A76A920117403B431027082268
:105E40000B60636A2D0C3B40676B17403B43F027A8
:105E50003F013E403343042635402B4303434B6010
:105E6000CB69084803400020CB61012320665D34E4
:105E70002370F8BD0023236163619BE7802040010C
:105E8000B6E7C046FFF7FFFFC022042313B504683E
:105E9000D200A16808001040114200D116BDE1688F
:105EA000013B0191DBB20199002BF2D10320F5E710
:105EB00001000300012010B53D310C78E2B28442AC
:105EC0001FD1001808701B68D9681143D9600E49AA
:105ED0008B4209D08021C9058B4205D00B498B42EA
:105EE00002D00B498B420DD19A680A490A40062A12
:105EF00006D007398A4203D0012219680A431A6082
:105F0000002010BD1968F9E7002C01400004004092
:105F100000400140070001000121036810B5DA6864
:105F20008A43DA601C6A074A144206D11C6A064A90
:105F3000144202D11A688A431A6001233D3003706B
:105F4000002010BD1111000044040000704770478C
:105F5000704770470222036810B5196904001142A6
:105F60000ED0D96811420BD0053A1A61043202777B
:105F70009B699B0700D186E0FFF7E9FF00232377A9
:105F8000042223681969114211D0D96811420ED038
:105F9000093A1A61073222779A69C0239B002000D0
:105FA0001A4200D175E0FFF7D2FF002323770822C1
:105FB0002368196911420ED0D96811420BD0113AE9
:105FC0001A610D322277DB6920009B0767D0FFF74B
:105FD000BEFF00232377102223681969114210D0D5
:105FE000D96811420DD0213A1A6119322277DA6943
:105FF000C0239B0020001A4257D0FFF7A8FF0023C0
:106000002377012223681969114207D0D968114208
:1060100004D0033A20001A61F9F764FB8022236858
:106020001969114208D0D968114205D0023AFF3AE5
:1060300020001A6100F0EFF823681A69D20507D52D
:10604000DA68120604D51C4A20001A6100F0E4F850
:10605000402223681969114207D0D968114204D03F
:10606000813A20001A61FFF774FF20222368196922
:10607000114207D0D968114204D0413A20001A6178
:1060800000F0C8F810BDFFF761FF2000FFF760FFC8
:1060900074E7FFF75BFF2000FFF75AFF85E7FFF784
:1060A00055FF2000FFF754FF93E7FFF74FFF200055
:1060B000FFF74EFFA3E7C046FFFEFFFF10B51C4CE5
:1060C0000368A04206D08022D205904202D0194A2D
:1060D000904208D1702293434A681343164A1A40EB
:1060E000CB6813430BE0154A9042F7D0144A904214
:1060F000F4D0144A9042F1D0134A9042EED080225C
:1061000093434A69134303608B68C3620B688362DD
:10611000A04208D00A4B984205D00A4B984202D0C0
:10612000094B984201D10B6903630123436110BD00
:10613000002C014000040040FFFCFFFF0020004055
:1061400000400140004401400048014070B5040097
:106150000120002C23D025003D352B78DAB2002B0E
:1061600005D123003C3320001A70FAF76DFB02239F
:106170002B702068211DFFF7A1FF220001230020C2
:106180004832137047340A3A137053709370D370C7
:10619000137153719371D371137223702B7070BD8F
:1061A000F0B5040002223C34257803001000012DD4
:1061B00026D01D003D352A701B68124E5A6898681B
:1061C000B34203D1104F3A404F683A437027BA4365
:1061D0000F683A435A60B34209D08022D2059342F5
:1061E00005D00A4A934202D0094A934204D1802240
:1061F00090438A6810439860012300202B70207020
:10620000F0BDC046002C0140FFFF0FFF000400401E
:1062100000400140704770477047000030B5EFF311
:106220001084012282F31088C02501680B68AB43FB
:106230000B6084F31088EFF3108182F310880268FA
:10624000044C93682340936081F3108820238830A6
:10625000036030BDFFFF7FFF30B5EFF310840122F4
:1062600082F310880168134D0B682B400B6084F398
:106270001088EFF3108182F3108802680E4C936847
:106280002340936081F31088C36E012B0AD1EFF392
:10629000108183F31088102402681368A3431360ED
:1062A00081F31088030020228C331A600023C36618
:1062B000436730BDDFFEFFFFFEFFFFEF7047704713
:1062C0007047704770B5846A230088331A685D6828
:1062D00023689B681B0608D5212A06D123000022CB
:1062E000563320001A80FFF799FF23689B685B06EE
:1062F00008D5222D06D1230000225E3320001A800B
:10630000FFF7AAFF220010239032116820000B43F0
:106310001360FFF7D6FF70BD806A0023020010B53E
:106320005E321380083A1380FFF7CBFF10BD0000E8
:10633000F7B50168C14DCB6904000A6888682B4233
:1063400010D120252B4200D19BE0802676051540F8
:106350000640354300D194E0636F2000002B00D04D
:1063600085E085E0B64D05400095B64D009E154090
:10637000354300D185E0250001269035334205D014
:10638000D70503D50E622F683E432E6002263342A6
:106390000CD0C7070AD527000E6290373E680197D8
:1063A000B446042667463E43019F3E6004263342BE
:1063B0000CD0C7070AD527000E6290373E680197B8
:1063C000B446022667463E43019F3E600826B44617
:1063D000334209D02027009E1740374304D0664639
:1063E0000E622F683E432E6080263601334206D06F
:1063F000570104D50E6220212E6831432960296897
:10640000002935D020210B420AD080235B051140A2
:106410000340194304D0636F002B01D0200098473C
:1064200022682B684027966828223E4013402000AF
:106430001E4322D0FFF710FF23689B683B4218D011
:10644000EFF31081012383F31088250004CD9368B6
:10645000BB43936081F31088E86F002809D07A4B22
:106460008363FEF791FD002802D0E86F836B9847A5
:10647000F7BD2000FFF725FFFAE7FFF722FF2E60A8
:10648000F6E7E56E012D00D09FE01026334200D1E3
:106490009BE0324200D198E00E62896840230A00F6
:1064A0001A40194257D0211DCA6F1068426892B233
:1064B000002ADDD027005C373F889742D8D92700D3
:1064C0005E373A8002682020844610400090604683
:1064D000024232D1EFF3108785F3108820685B4EBB
:1064E00002683240026087F31088EFF3108785F36B
:1064F000108820688268AA43826087F31088EFF3CF
:10650000108785F31088206882689A43826087F339
:106510001088230062468C331A60009BE366EFF319
:10652000108085F3108822680F351368AB43136021
:1065300080F31088C86FFEF7EDFC0223220023676A
:1065400023005C325E331B881188C91A89B220008F
:10655000F8F72EFF8CE7230020005C335E301988AB
:10656000038800889BB2002800D181E7C91A89B24C
:10657000002900D17CE7EFF3108785F310882068AD
:10658000334E03683340036087F31088EFF31087BE
:1065900085F3108820682F4E83683340836087F32B
:1065A0001088230020208C331860E2666267EFF3C6
:1065B000108085F31088102522681368AB431360A0
:1065C00080F3108802232367C1E780256D032B42E7
:1065D00006D0460204D520000D6200F0E7FB47E735
:1065E00080210B4207D080252D0411402840014313
:1065F00001D0A36FB1E640210B4216D00A4214D05D
:10660000EFF31080012383F31088226813688B4313
:10661000136080F310882300202288331A6000233F
:106620002000A367FFF74AFE22E7190214D55100A4
:1066300012D5200000F0BCFB1AE7C0460F0800008E
:10664000010000102001000419630108FFFEFFFF94
:10665000DFFEFFFFFEFFFFEFDB0100D408E7002AAB
:1066600000DB05E7200000F0A2FB01E70123806AC0
:1066700010B50367C36E012B06D103005C33198884
:106680004908F8F795FE10BDFFF71AFEFBE700007A
:1066900003001B6820221B6870B51900806A114036
:1066A000134234D103005E331980EFF310850123C8
:1066B00083F3108804681D4E21683140216085F302
:1066C0001088EFF3108583F310880468A16899435C
:1066D000A16085F31088EFF3108483F310884025C0
:1066E00001688B68AB438B6084F3108803008C33A4
:1066F0001A60C36E012B0AD1EFF3108183F3108867
:10670000102402681368A343136081F310880023E8
:106710000367C36E012B05D103005C331988F8F7BA
:1067200047FE70BDFFF7CBFDFBE7C046FFFEFFFF56
:10673000F8B504002569A26823682A4365691968C9
:10674000C0692A43734D024329400A431A605A68BC
:106750007149A5690A40E1680A4370495A608B4251
:1067600001D0226A15439A686D4E32402A430F25A4
:106770009A60DA6AAA43656A2A43DA62694A9342EE
:1067800025D1694B5A6D03231A4080231B02022A2C
:1067900000D1BBE0032A00D1B2E0012A00D1A8E079
:1067A000984200D17DE0FFF723F9002845D0626AC6
:1067B0005E4B5200D15AF1F7B9FC65686B08C018FE
:1067C0002900F1F7B3FC0200594B103A64E0594A32
:1067D000934212D10C22544B5B6D1340082B00D115
:1067E00092E005D8002B00D081E080231B02D7E780
:1067F0000C2B00D182E0012020E04F4A9342F4D0DC
:106800004E4A9342F1D08B42F5D1C0228021464BB3
:1068100012015B6D090113408B4215D004D8002B87
:1068200007D1FFF7E5F806E09342E4D1802636026F
:106830000BE0FEF7EFFF061E07D10020404BA366DA
:1068400000236367A367F8BD3E4E626A374B520070
:10685000D75A30003900F1F769FC032365686B43B0
:106860008342C8D82B038342C5D300233A003000AB
:106870001900F1F749FE0027060E0B02334302020E
:106880006E0892197B41100019002A003B00F1F7B5
:106890003BFE2D4BC2182D4B9A42ACD82368D860D2
:1068A000CBE7FFF7A5F80028C7D0626A1F4B52005C
:1068B000D15AF1F73BFC656840006B08C01829000D
:1068C000F1F734FC02001A4B103A9A4200D992E7D1
:1068D0000F23020000079A4393B2400F226803433C
:1068E000D360AAE71748E0E7FEF794FF5DE780234F
:1068F0001B029842F8D1FEF78DFFD4E780231B02DC
:106900009842D2D0180052E780231B029842E9D067
:106910000C484CE7F369FFCFFFCFFFFF008000403A
:10692000FFF4FF110038014000100240F48F01080D
:10693000EFFF00000044004000480040004C0040D1
:10694000010001000024F40000FDFFFFFFFC0F0028
:10695000836A30B5DA0706D50168284C4A682240B8
:10696000C46A22434A609A0706D50168244C4A68E3
:106970002240046B22434A605A0706D50168214C25
:106980004A682240446B22434A601A0706D50168D0
:106990001D4C4A682240846B22434A60DA0606D5C1
:1069A00001681A4C8A682240C46B22438A609A06A6
:1069B00006D50168164C8A682240046C22438A601E
:1069C0005A0610D50168134D4A68446C2A40224388
:1069D0004A6080225203944205D14A680E4C2240FC
:1069E000846C22434A601B0606D502680B49536833
:1069F0000B40C16C0B43536030BDC046FFFFFDFF31
:106A0000FFFFFEFFFFFFFBFFFF7FFFFFFFEFFFFF2B
:106A1000FFDFFFFFFFFFEFFFFFFF9FFFFFFFF7FF1E
:106A2000F8B504000D0017001E002268D3692B4042
:106A30005B1B59424B41BB4201D0002029E0069B21
:106A40000133F3D0FEF722F9069B801B984201D850
:106A5000002B1FD1EFF31080012282F310882168F0
:106A6000204D0B682B400B6080F31088EFF31080F3
:106A700082F3108821688B6893438B6080F31088C1
:106A800023001F3288331A605A60002303208434A5
:106A90002370F8BD23681A685207C6D58022D969C9
:106AA00012011142C1D01A62EFF31080012282F369
:106AB000108821680B4D0B682B400B6080F3108809
:106AC000EFF3108082F3108821688B6893438B600A
:106AD00080F3108822002023883213605360936073
:106AE000D3E7C0465FFEFFFFF0B51700020087B096
:106AF00088320593136804000D000220202B45D135
:106B00000138002942D0002F40D08023A1685B01CA
:106B1000994204D12369002B01D1054236D12300CB
:106B2000002690331E6021231360FEF7AFF8230088
:106B300054331F80023303931F808023A268049084
:106B40005B019A4204D12369B34201D12E001D009A
:106B5000230056331B889AB2002B0CD1059B402191
:106B600000932000049BFFF75BFF00280DD120233A
:106B7000883423600AE0059B0022009380212000D6
:106B8000049BFFF74DFF002802D0032007B0F0BDA3
:106B90002268002D0BD133880236DB05DB0D9362B2
:106BA000039B039A1B88013B9BB21380D0E72B7891
:106BB00001359362F4E70000030073B5002604007A
:106BC00090331E60FEF762F8236805001B681B0700
:106BD00019D423681B685B070AD58021104B00225B
:106BE000009320002B00C903FFF71AFF002815D1DE
:106BF000220000202023883213605360E066206763
:106C0000843420700BE08021054B3200009389030F
:106C100003002000FFF704FF0028DAD0032076BD30
:106C2000FFFFFF01F8B513000200060005005C320B
:106C300081650F0013802221002290368C3532604E
:106C40002960011D0400C86F904213D01D49826362
:106C5000C1621D493A0001631C4941632168243126
:106C6000FEF710F9002805D0102301203360DB184F
:106C70002B60F8BD2369002B0BD0EFF310810123AB
:106C800083F310882268FF3310680343136081F395
:106C90001088EFF31080012383F3108821688A683D
:106CA0001A438A6080F31088EFF3108183F3108811
:106CB00022683F3390680343936081F3108800207B
:106CC000D7E7C046916601086D660108C5620108F4
:106CD000F7B50700436E04006A37002B04D101208A
:106CE000388068342080F7BD03680B4E9A689B6833
:106CF0000A4D5B0FF05CE95CC0000192F1F7A0FA6D
:106D0000019B38801B015B0FF05CE95CC000F1F770
:106D100097FA80B2E5E7C046149001080C9001088C
:106D2000F7B504000E001D000192002801D10120DA
:106D3000FEBD070088373B68002B04D10200843277
:106D40001370F9F7F5FD2423012122683B601368D5
:106D500020008B431360FFF7EBFC0128E7D0A36A08
:106D6000002B02D02000FFF7F3FD80222368D20120
:106D700099682D040A439A609A680A4920000A40DB
:106D800032439A60019A51050D431A6806490A4038
:106D9000154301221D6019680A431A60FFF70CFFB2
:106DA000C6E7C046FF7FFFFFFFFF00FC704770474C
:106DB0007047000070B5040084342278030002207C
:106DC000012A11D01D002422012688352A601A6864
:106DD00011681068B04310600448014000205866F4
:106DE000202311602B60207070BDC046FFFFFFDFC5
:106DF000F8B5050084350B0029780222012915D049
:106E00000600012104688836223232602768226831
:106E10008A432260A168C900C9081943A160FFF72D
:106E200057FF20230022276033602A701000F8BD2E
:106E3000F8B5050084350A0029780223012915D008
:106E400006000121046888362233336027682368EE
:106E50008B432360A168064B19401143A160FFF7E3
:106E600037FF20232760336000232B701800F8BD04
:106E7000FFFFFFF103008C331B6870B50400022094
:106E8000202B02D1002901D1012070BD002AFBD0A6
:106E90008020A56801234001854204D12069002893
:106EA00001D11942F0D1E366002320002367FFF7E8
:106EB000B9FE0028E9D1E26E012AE5D1102321684C
:106EC0000B62EFF3108182F3108822681468234369
:106ED000136081F31088D8E710B5034B01001868E0
:106EE00000F030F810BDC0465C02002010B5034B26
:106EF0000100186800F0EEFC10BDC0465C020020E6
:106F000070B50F4E0D0031680400002902D100F069
:106F10000DFC30602900200000F008FC431C03D168
:106F200001256D42280070BD0323C51C9D43A84266
:106F3000F8D0291A200000F0F9FB0130F2D1EFE778
:106F400010680020F7B50322CB1C934308330500DB
:106F50001F000C2B34D20C27B94233D8280000F084
:106F600071F8374E33681C00002C2FD139002800EF
:106F7000FFF7C6FF0400431C5FD134680094009BF8
:106F8000002B4AD1002C52D023682800E318009926
:106F9000019300F0CBFB019B834248D1236828007A
:106FA000FF1A3900FFF7ACFF013040D02368DB192E
:106FB000236033685A68002A33D1009B336019E09C
:106FC000002BC9DA0C232B600020FEBD2168C91BF1
:106FD00020D40B290AD9E2192760A34204D13260D8
:106FE00063681160536005E05A60F9E76268A34284
:106FF0000ED13260280000F02DF8200007220B305F
:10700000231D9043C21A9842DFD01B1AA350DCE71D
:107010005A60EFE723006468A6E7009C636800936A
:10702000ADE71A005B68A342FBD10023DAE70C232B
:1070300028002B6000F00EF8C6E70760DAE7C046CC
:107040001468002010B5024800F0C1FB10BDC04616
:107050005869002010B5024800F0BAFB10BDC046C8
:1070600058690020114B70B51D6804002B6B002B74
:1070700016D11820FFF730FF021E286304D14621E5
:107080000B4B0C4800F008FC0B4B002103600B4B32
:1070900043600B4B83600B2383810120106151619E
:1070A00000222B6B1C615A6170BDC0465C0200203F
:1070B000158F01082C8F01080E33CDAB34126DE60D
:1070C000ECDE0500164B10B51C68236B002B16D1A7
:1070D0001820FFF701FF021E206304D15221114B3B
:1070E000114800F0D9FB114B00210360104B4360A5
:1070F000104B83600B238381012010615161246B4D
:107100000D4A206961690D4BF1F71EFA0122002337
:1071100080185941206161614800400810BDC04697
:107120005C020020158F01082C8F01080E33CDABB7
:1071300034126DE6ECDE05002D7F954C2DF4515890
:1071400030B50024022B09D0920803590D59013A99
:1071500005510B510434002AF7DC30BD035D0D5D91
:1071600005550B550134131B002BF7DCF5E7F8B57B
:107170000F00160004001D009847310000280DDAAA
:107180003800A847002802DA3C002000F8BD310092
:107190002000A8470028F8DA3400F6E73800A847AE
:1071A0000028F1DC31002000A8470028F4DAECE7E1
:1071B000F0B599B000900393009B1700134302228F
:1071C000080001929B0704D13B1F1A00531E9A41ED
:1071D0000192002304933C00009B4443DB1902937B
:1071E000009B1B190693062828D8029B069A9342F7
:1071F0000CD3049B002B00D020E119B0F0BD3A0065
:1072000029002000019BFFF79BFF0FE0029C0EE08E
:10721000E51B21002800039B984700280ADD019BFD
:10722000002BECD123682A6822602B602C00009B85
:10723000A342EDD3029BDB190293D6E746087E43B7
:10724000009BE41B9E191C19072821D022000593DE
:10725000282817D9C5087D4359194A19039B009856
:10726000FFF785FF31007219039B0590701BFFF734
:107270007EFF06006800201A2200039B4119FFF7D9
:1072800076FF02003100039B0598FFF770FF0600B0
:10729000019B002B23D1009B32681B6800990A6078
:1072A000336000232600029D07930595A54233D83D
:1072B00028000099039B984700282BDC0DD1019BE7
:1072C000002B13D1059B2A681B6805990A602B6067
:1072D000059BDB19059301230793ED19E6E73A00B7
:1072E0003100019B0098FFF72BFFDAE73A002900F5
:1072F000019B0598FFF724FFEAE7002809D1019BCD
:10730000002B13D123683268226033600123F61BFF
:107310000793E41BAC4210D2079B002B40D1029B89
:10732000069A934200D364E7029C32E03A003100AF
:107330002000019BFFF704FFE8E720000099039B72
:1073400098470028D9DA019B002B05D12B682268C9
:107350002A602360E41BBEE73A0021002800019B5D
:10736000FFF7EEFEF6E73A0029002000019BFFF749
:10737000E7FE0DE0E51B21002800039B984700284D
:107380000ADD019B002BEED123682A6822602B6066
:107390002C00009BA342EDD3029BDB190293BEE7B6
:1073A000059B009AEB1A0293059B9A1A029B9A423C
:1073B00000DD1A00002A04D0019B0098A91AFFF7EB
:1073C000BFFE069B341B9A1BD21BA24200D922008F
:1073D000002A05D0069B2800991A019BFFF7B0FEF2
:1073E000069B029E1D1BB44205D8230034001E00DC
:1073F0002B00009D0093BE422BD9049B072B11D874
:1074000008AADB009D5039009B1820001D00F0F7F2
:107410008DFE049B68600133390030000493F0F75F
:1074200085FED8E639003000F0F780FE3A00010012
:10743000039B0098FFF7BCFEBC420DD8049B08AA32
:10744000013B0493DB009A58009208AA9B185868E5
:10745000C1E6BC4200D8CCE639002000F0F766FE59
:107460000095B8E6002310B5040003604360836014
:1074700081814366C28103614361836119000822EF
:107480005C3000F011F90B4B246263620A4BA3627B
:107490000A4BE3620A4B23630A4B9C4205D00A4B1A
:1074A0009C4202D0094B9C4203D12000583000F08E
:1074B0008DF910BDED750108157601084D760108AE
:1074C000797601081868002080680020E8680020AC
:1074D00010B5034A0349044800F06CF810BDC046DB
:1074E00050020020757A01086002002041680B4BB1
:1074F00010B50400994201D000F0BCFAA168084B15
:10750000994202D0200000F0B5FAE168054B99429B
:1075100002D0200000F0AEFA10BDC046186800206E
:1075200080680020E868002010B5094B094A042152
:107530001A6009480022FFF795FF01220921074838
:10754000FFF790FF022212210548FFF78BFF10BDC5
:1075500050690020D174010818680020806800205C
:10756000E868002010B5024800F031F910BDC046AF
:107570005969002010B5024800F02AF910BDC04634
:107580005969002010B50400FFF7ECFF236A002BB7
:1075900002D0FFF7EFFF10BD044B2362044B1B68C2
:1075A000002BF6D1FFF7C0FFF3E7C046ED740108EA
:1075B00050690020F7B51400002600900191A568DD
:1075C0006768013F04D52468002CF8D13000FEBD67
:1075D000AB89012B08D90E22AB5E013304D0290000
:1075E0000098019B984706436835EAE770B50C00A0
:1075F0000E25495F00F086F8002803DB636D1B1839
:10760000636570BDA389024A1340A381F9E7C046B0
:10761000FFEFFFFFF8B51F008B8905000C00160077
:10762000DB0505D50E23C95E0022022300F056F8C3
:10763000A389054A28001340A38132000E23E15E8E
:107640003B0000F085F8F8BDFFEFFFFF70B50C00C0
:107650000E25495F00F042F8A389421C03D1054A78
:107660001340A38170BD802252011343A381606542
:10767000F8E7C046FFEFFFFF10B50E23C95E00F02C
:107680001BF810BD10B5884202D98B18984208D358
:1076900000239A4207D0CC5CC4540133F9E78B5CD9
:1076A0008354013AFBD210BD03008218934200D1EB
:1076B000704719700133F9E7002370B5064D0400D7
:1076C00008002B60F9F79EFC431C03D12B68002BAC
:1076D00000D0236070BDC0465469002070B504001E
:1076E000080011001A000023054D2B60F9F794FCE7
:1076F000431C03D12B68002B00D0236070BDC04613
:107700005469002070B50400080011001A0000231D
:10771000054D2B60F9F75CFC431C03D12B68002B53
:1077200000D0236070BDC04654690020002370B5AE
:10773000064D040008002B60F9F770FC431C03D1D0
:107740002B68002B00D0236070BDC0465469002018
:1077500070B50400080011001A000023054D2B60CD
:10776000F9F743FC431C03D12B68002B00D02360A6
:1077700070BDC04654690020014B18687047C04670
:107780005C02002070B500260C4C0D4D641BA4104B
:10779000A64209D1002601F0F3FA0A4C0A4D641BF7
:1077A000A410A64205D170BDB300EB58984701362E
:1077B000EEE7B300EB5898470136F2E7689001080E
:1077C000689001086C900108689001087047704744
:1077D0007047002310B59A4200D110BDCC5CC45450
:1077E0000133F8E7F8B50D0017006B00274A5B0D71
:1077F0009A180E0004000100132A21DC002A07DA7F
:107800000022EE0FF3073A607B6029002000F8BDEC
:107810001F48104103002B40234305D1F60F3C6065
:107820007D601C00F507F0E786430022330020004E
:1078300029003A607B60F3F7D1FA04000D00E4E719
:10784000332A15DD29003C607D6000F04FF90028E7
:107850000AD122002B0020002900F1F7D9FF0400F3
:107860000D003C607D60D0E7EE0F0024F507CCE70B
:107870000120084A40429B18D84003002340204280
:10788000CCD081432B000A00D1E7C04601FCFFFFAA
:10789000FFFF0F00EDFBFFFF7FB514001A00094B3F
:1078A00005001B680E00D868074B002C01D1074B60
:1078B0001C000749019302942B00009600F006F982
:1078C00000F044F95C020020848F0108BF8F01089A
:1078D000918F010870B505000C1E10D0043C236880
:1078E000002B00DAE4182800FFF7ACFB1D4A1368F0
:1078F000002B05D1636014602800FFF7ABFB70BD5F
:10790000A34208D9206821188B42F3D119685B681B
:1079100009182160EEE71A005B68002B01D0A34232
:10792000F9D911685018A0420BD1206809185018D5
:1079300011608342E0D118685B68411811605360A0
:10794000DAE7A04202D90C232B60D5E72068211882
:107950008B4203D119685B68091821606360546029
:10796000CAE7C04614680020F7B50C228B5E0500FC
:107970000C001A0756D44A68002A02DC0A6C002A56
:107980004EDDE76A002F4BD0002280202E682A604F
:107990001A004001216A0240034233D0626DA3897C
:1079A0005B0706D56368D21A636B002B01D0236C8A
:1079B000D21A00232800E76A216AB847A289431C2B
:1079C00006D129681D2946D8294BCB40DB0742D573
:1079D0000023636023692360D20405D5431C02D1D0
:1079E0002B68002B00D16065616B2E60002917D0D9
:1079F00023004433994202D02800FFF76BFF002395
:107A000063630DE001232800B8470200431CC6D180
:107A10002B68002BC3D01D2B01D0162B1AD12E6042
:107A200000201EE00E69002EFAD00F680E60BA1B0F
:107A3000019200229B0700D14A69A260019B002BA2
:107A4000EEDDA36A32001F002800019B216AB847BF
:107A5000002807DCA2894023012013431BB2A38125
:107A60004042FEBD019B36181B1A0193E6E7C04653
:107A7000010040200B6970B505000C00002B02D1FD
:107A80000025280070BD002804D0036A002B01D116
:107A9000FFF778FD0C22A35E002BF1D0626ED207B7
:107AA00004D49B0502D4A06DFFF791FE28002100AD
:107AB000FFF75AFF636E0500DB07E2D4A3899B053D
:107AC000DFD4A06DFFF784FEDBE700000EB417B52E
:107AD000054C05AB04CB01002068019300F064F86D
:107AE0001EBC08BC03B018475C0200200B0070B538
:107AF0000400020001001C430220002C06D080205C
:107B00000006834203D14B1E9941881C70BD0C486E
:107B1000590049080B4C0E180420A642F6D98024BF
:107B200001386403A342F1D380252D065D19A542D7
:107B3000ECD3054C0020A142E8D150425041E5E78A
:107B40000000F0FFFFFFDF7F0000F07F062010B590
:107B500000F08CFB0120F9F735FA936810B5013B72
:107B60009360002B04DA9469A34207DB0A2905D04D
:107B70001368581C10601970080010BD00F0ACFAB2
:107B80000100F9E7F8B506000F001400D518AC4263
:107B900001D1002007E021783A003000FFF7DDFF37
:107BA0000134431CF3D1F8BDF0B5A1B00F001500AE
:107BB0001E000390002804D0036A002B01D1FFF7B8
:107BC000E1FC7B6EDB0705D4BB899B0502D4B86D55
:107BD000FFF7FDFDBB891B0702D53B69002B13D1C5
:107BE0003900039800F0BAFA00280DD07B6EDB074D
:107BF00003D50120404221B0F0BDBB899B05F8D4DC
:107C0000B86DFFF7E5FDF4E7002308AC63612033AE
:107C100063761033A37607962E003378002B01D0BD
:107C2000252B48D1731B0593AE420BD02A00390097
:107C30000398FFF7A7FF013000D1AEE06369059A12
:107C40009B1863613378002B00D1A6E0012200234A
:107C50005242626004A954325218751C2360E360DA
:107C6000A3601370A365594B05221800297805936A
:107C700000F01CFB6E1C00281FD12268D30604D51F
:107C8000532304A95B1820211970130704D553232B
:107C900004A95B182B2119702B782A2B16D02E00E3
:107CA00000210A20E3683278751C303A092A50D93D
:107CB000002911D117E00136AFE7059B2268C01AF1
:107CC00001238340134335002360CCE7079B191D34
:107CD0001B680791002B01DB0B9304E05B42E36020
:107CE00002231343236033782E2B0CD173782A2B75
:107CF00034D1079B02361A1D1B680792002B01DA4C
:107D000001235B420993324D03222800317800F0B1
:107D1000CDFA002806D04023401B8340226801365C
:107D200013432360317806222A48751C217600F01F
:107D3000BDFA002840D0284B002B22D10722079BF8
:107D400007339343083307936369049A9B1863616D
:107D500062E743432E0001219B18A4E700230A2079
:107D60001900013663603278751C303A092A03D94C
:107D7000002BC8D00991C6E741432E000123891882
:107D8000F1E707AA009221003A00144B039800E0A3
:107D900000BF0490049B0133D6D17B6EDB0705D472
:107DA000BB899B0502D4B86DFFF712FDBB895B064A
:107DB00000D51EE70D981EE707AA009221003A00A1
:107DC000064B039800F07CF8E3E7C046C08F01083B
:107DD000C68F0108CA8F010800000000857B0108DA
:107DE000F7B5160001938A680B690C000090934266
:107DF00000DA13002200336043321278002A01D0E7
:107E00000133336023689B0602D533680233336045
:107E10002268062315001D401A4227D02300433351
:107E20001B785A1E93412268920630D42200019991
:107E30000098089D4332A847013025D006222368C8
:107E400000251340042B05D13368E568ED1AEB4398
:107E5000DB171D40A3682269934201DD9B1AED18D0
:107E60000026B54220D1002010E00135E3683268D9
:107E70009B1AAB42D2DD2200012301990098089F92
:107E80001932B8470130F0D101204042FEBD302008
:107E9000E1184331087021005A1C45310978A218B5
:107EA000433202331170C1E7220001230199009887
:107EB000089F1A32B8470130E6D00136D1E70000FA
:107EC000F0B58BB006920A004332079305900392F7
:107ED0000A7E0C00109B782A09D8622A0BD8002A47
:107EE00000D1BAE07A490491582A00D18EE02500E9
:107EF00042352A7022E0100063381528F7D8F0F7D1
:107F00000BF916001F00F6FFF6FFF6FFF6FF1F0045
:107F1000F6FFF6FFF6FFF6FF9F0036007E00F6FF45
:107F2000F6FFB000F6FF3600F6FFF6FF82002500F0
:107F30001A684235111D196013682B7001239EE0E9
:107F400018680968021D0D060BD506681A60002E18
:107F500003DA2D23039A764213705D4B0A270493AC
:107F600018E006681A604906F1D536B2EFE70868EE
:107F7000196840C9050602D4400600D5B6B219609A
:107F8000534B0A2704936F2A00D1023F230000229B
:107F900043331A706368A360002B06DB0421226858
:107FA000039D8A43226033430CD0039D3000390087
:107FB000F0F742F9049B013D5B5C2B703300060037
:107FC0009F42F3D9082F09D12368DB0706D56268E1
:107FD00023699A4202DC3023013D2B70039B5B1B1B
:107FE0002361079B210000930598069B09AAFFF7D0
:107FF000F7FE013048D1012040420BB0F0BD2022F5
:1080000009680A43226078223249049121004531EF
:108010000A701968226840C9100602D4500600D5BB
:10802000B6B21960D30702D5202313432360002E74
:1080300001D01027AAE72022236893432360F8E7A2
:108040001A680D68101D4969186013682E0601D55D
:10805000196002E06D06FBD519800023039D2361A2
:10806000BFE71A68111D19601568002128006268B1
:1080700000F01CF9002801D0401B60606368236198
:108080000023039A1370ACE72A0023690699059828
:10809000079DA8470130AED023689B0715D4099BE4
:1080A000E0689842A9DA1800A7E7220001230699A0
:1080B0000598079E1932B04701309CD00135E3681E
:1080C000099A9B1AAB42F0DCE9E70025F7E7C046C6
:1080D000D18F0108E28F0108F8B506000D001400E9
:1080E000002804D0036A002B01D1FFF74BFAA369E3
:1080F000A360A3891B0702D52369002B09D12100A6
:10810000300000F02BF8002803D001256D42280034
:10811000F8BD23692068EFB2C01A6369EDB28342EB
:1081200005DC21003000FFF7A5FC0028EDD1A36895
:108130000130013BA36023685A1C22601F706369F1
:10814000834204D0A389DB07E1D50A2DDFD12100CA
:108150003000FFF78FFC0028D9D0D6E72D4B70B543
:10816000050018680C00002804D0036A002B01D118
:10817000FFF708FA0C22A35E1A0723D4DA0607D405
:1081800009222A60402201201343A38140423AE0A1
:108190005B0713D5616B002908D023004433994253
:1081A00002D02800FFF796FB002363632422A389F3
:1081B0009343A38100236360236923600823A2897A
:1081C0001343A3812369002B0BD1A0218022A38913
:1081D000890092000B40934203D02100280000F058
:1081E0009BF80C22A35E01211A000A400B420BD01F
:1081F0000022A26062695242A2610020226982428A
:1082000001D11A06BED470BD990700D46269A2607C
:10821000F3E7C0465C02002070B504000D001F2982
:1082200004D9162303600120404270BDC36B002BAC
:1082300004D08A009B181A68002A08D1200000F098
:1082400031F82A000100200000F01AF8EDE7012AB9
:1082500009D0511C03D1162303600120E5E700215A
:108260002800196090470020DFE7000010B5034B9D
:1082700001001868FFF7D0FF10BDC0465C02002067
:10828000002370B5064D0400080011002B60F8F7BC
:1082900091FE431C03D12B68002B00D0236070BDDE
:1082A0005469002010B5F8F783FE10BDC9B28218DA
:1082B000904201D10020704703788B42FBD00130FF
:1082C000F6E7000070B50E001D000E23C95E140015
:1082D00096B000290CDAB2898023110019401A42A5
:1082E00014D18023DB0000202960236016B070BD0C
:1082F0006A4600F053F80028EDDBF02301991B02D9
:108300001940044BC9184B425941EAE70021402368
:10831000E9E7C04600E0FFFFF0B502268B890500C3
:108320000C0085B0334207D023004733236023611C
:108330000123636105B0F0BD03AB02AAFFF7C2FFE2
:10834000029F019039002800FEF7FCFD002808D1AB
:108350000C22A35E9A05EDD4032293431E43A6810B
:10836000E2E78023A28920601343A381039B20615D
:108370006761002B0CD028000E23E15E00F020F88E
:10838000002805D00323A2899A43023B1343A3810B
:10839000A389019A1343A381CCE70000002370B5A1
:1083A000064D0400080011002B60F8F72EFE431C58
:1083B00003D12B68002B00D0236070BD54690020CE
:1083C000002370B5064D040008002B60F8F722FE6C
:1083D000431C03D12B68002B00D0236070BDC04626
:1083E00054690020F8B504000D0000F081F9060082
:1083F0000F002000290000F089F800280DD020008F
:1084000029000F4A0F4BF0F731F8002808D0FFF78A
:10841000B3F9222300260C4F036030003900F8BD69
:1084200020002900094A0A4BF0F70CF80028F4D084
:10843000FFF7A2F92223002600270360EDE7C046DC
:10844000EF39FAFE422E86400000F07F51302DD5E4
:10845000104987C0F8B504000D0000F0B1FA220001
:1084600006000F002B0020002900F3F7C1F80028B8
:1084700015D10022002320002900EFF7F7FF002884
:108480000DD10022002320002900EFF7D5FF00289E
:1084900008D0FFF771F922230026074F0360300050
:1084A0003900F8BDFFF768F921230360034800F0A5
:1084B00035F806000F00F2E70000F0FFBF8F01085B
:1084C000F8B504000D0000F02FF8220006000F00A0
:1084D0002B0020002900F3F78BF8002813D100228D
:1084E000002320002900EFF7ADFF00280BD0FFF795
:1084F00043F9212300220360002310001900F1F743
:108500004DFD06000F0030003900F8BD024B480059
:108510004008C018C00F70470000108000200149BB
:108520007047C0460000F87FF0B50A000D006B49A7
:1085300004000300080087B02840884211D12200BF
:108540002B0020002900F2F763F902000B00200045
:108550002900F1F75DF904000D002000290007B0A3
:10856000F0BD002D11DC690049082143F5D0002041
:10857000854210D022002B0020002900F2F72EFCAB
:1085800002000B00F1F70AFDE5E7281515D180245C
:108590000021640307E0DA0A15385B05002AFAD0E7
:1085A000F5E7520001312242FBD04C1E001B202473
:1085B0001D00641AE5408B402A43494912034418C0
:1085C0008021120B49031143C00703D4DA0F49007D
:1085D00051185B0000256210490080240592DA0FD3
:1085E0005218162029005B00A4030E19964202DCE3
:1085F0003119921B2D19DE0F5200013892195B00C0
:1086000064080028F1D120268027040004963F0644
:108610003E18B4468A4202DC14D19E4212D860460B
:108620006646C0190091002E03DAC643F60F8E1974
:108630000096521A634589414942521A61465B1AB3
:108640000099E419DE0F52009219049E5B00013E6E
:108650007F080496002EDBD11A431FD0214E224FF3
:10866000306871683A687B68009201933268736879
:1086700002920393009A019BF2F7B0FB02000B00F9
:1086800002980399EFF7E8FE002807D03068716878
:108690003A687B68671C0CD1049C0135134A6B1047
:1086A0009B18059AED076408120525432800D11888
:1086B00051E7F1F7ADF87768366802000B0030003B
:1086C0003900EFF7BFFE002804D002346342634153
:1086D000ED18E3E7012301349C43DFE70000F07F5E
:1086E00001FCFFFF28900108209001080000E03FF6
:1086F000F0B54B000F00CC0F9149060089B05B0824
:108700008B422ED98F498B4211D93B031B0B03435C
:1087100006D002003B0030003900F1F779F810E094
:10872000002C00D009E13000390009B0F0BD39005B
:10873000854A864BEFF79AFE051E05D0002000F013
:1087400017FB06000F00EEE730003900804A814B2E
:10875000EFF778FE002800D17DE0280000F001FB53
:10876000EFE77D4A934200D89EE07C4A934272D85C
:108770007B4BE5005B191A685B683900F2F72EFB4A
:10878000784B029003915B191A685B680492059319
:10879000012363401B1B0193049A059B02980399D4
:1087A000F2F71CFB06000F0032003B0030003900DE
:1087B000F2F72EF804000D006B4A6C4BF2F728F824
:1087C0006B4A6C4BF2F70AFB22002B00F2F720F801
:1087D000694A6A4BF1F71CF822002B00F2F718F8EF
:1087E000674A684BF2F7FAFA22002B00F2F710F80A
:1087F000654A664BF1F70CF822002B00F2F708F8F7
:1088000002000B0030003900F2F7E8FA0B0002001A
:1088100004000D0030003900F1F7FAFF019B0690CB
:108820000791002B56D18023002220002900DB0570
:10883000F2F7D4FA02000B0006980799F1F7AEFBA5
:1088400032003B00F2F7CAFA02000B000020504948
:10885000F2F7C4FA75E74F4BE4001C194E4A4F4B30
:1088600030003900F1F7D4FF22686368F0F7D0FFD9
:10887000F2F7E0FE0190F2F719FF494A494B040074
:108880000D00F1F7C5FF02000B0030003900F2F7D0
:10889000A5FA454A02900391444B20002900F1F7C4
:1088A000B7FF0490059177E7414A93420DD8414ABA
:1088B000414B3900F0F7ACFF0022354BEFF7D6FD06
:1088C000002805D00022324B25E7002301936BE7F7
:1088D000019069E780212B0022000020C905F2F7F2
:1088E0007DFA02000B0006980799F1F757FB02008A
:1088F0000B0004980599F2F771FA029A039BF2F7BC
:108900006DFA02000B0000202149F2F767FA2B4BA9
:10891000019A0D009A4203DB110506004F1902E788
:10892000FA2292009446019B002263441B055918C9
:10893000B8235B04F1F76CFF03E700260027F2E69B
:10894000412E8640FFFFEF7FEF39FAFE422E864030
:1089500051302DD5104987C0422ED63FB1A2F03FED
:108960004090010830900108D0A4BE726937663E7D
:10897000F16BD2C541BDBB3E2CDE25AF6A56113F1F
:1089800093BDBE166CC1663F3E5555555555C53F06
:108990000000F03F50900108FE822B654715F73F1D
:1089A0000000E0FE422EE63F763C7935EF39EA3DA5
:1089B000FFFFEF3D9C7500883CE4377E03FCFFFF22
:1089C0008023F0B55B030E008DB0994223DA4B0093
:1089D0005B08034307D1002200230020B449F1F7CC
:1089E000DDFA0DB0F0BD002906DA02000B00F2F747
:1089F000F5F900220023F2E7AE4B0022F1F708FF61
:108A000036230E005B42AC4A964206DD02000B00A4
:108A1000F0F7FEFEE5E70023F5E7A84C3215121942
:108A20003603A74CD218330B02931B19802464031E
:108A30002340A44C029D5C401B159B18254300223B
:108A4000009329009F4BF2F7C9F9029B06000233FD
:108A50001B030F0000221B0B022B64DC0023EFF72B
:108A6000EBFC002819D0009B002B00D11CE1180062
:108A7000F2F71CFE944A954B04000D00F1F7C8FE76
:108A8000934A06000F00934B20002900F1F7C0FE27
:108A900002000B0030003900BAE78F4A8F4B3000DC
:108AA0003900F1F7B5FE02000B0000208C49F2F707
:108AB00095F9320004000D003B0030003900F1F759
:108AC000A7FE0B00020029002000F1F7A1FE009B89
:108AD00002900391002B06D102000B0030003900F8
:108AE000F2F77CF97DE70098F2F7E0FD764A774BE4
:108AF00004000D00F1F78CFE754A00900191754B52
:108B000020002900F1F784FE02000B00029803996F
:108B1000F2F764F932003B00F2F760F902000B0053
:108B200000980199DCE78023DB05F0F771FE020075
:108B30000B0030003900F1F731FA049005910098EC
:108B4000F2F7B4FD049A059B0690079110001900F6
:108B5000F1F75EFE634A029B9446634402000B9366
:108B60000B0008900991F1F753FE04000D005E4AD6
:108B70005E4BF1F74DFE5E4A5E4BF0F749FE220078
:108B80002B00F1F745FE5C4A5C4BF0F741FE2200FA
:108B90002B00F1F73DFE5A4A5A4BF0F739FE089A7E
:108BA000099BF1F735FE584A08900991574B200070
:108BB0002900F1F72DFE564A564BF0F729FE220008
:108BC0002B00F1F725FE544A544BF0F721FE22000A
:108BD0002B00F1F71DFE02000B0008980999F0F731
:108BE00017FE029A4E4B04009B1A0B9A0D0013437A
:108BF000002B34DD00223A4B30003900F1F708FE3B
:108C000032003B00F1F704FE02000B0002900391DA
:108C100020002900F0F7FCFD049A059BF1F7F8FD10
:108C2000009B04000D00002B06D102000B000298EF
:108C30000399F2F7D3F84FE7234A244B0698079994
:108C4000F1F7E6FD224A0090019106980799214B21
:108C5000F1F7DEFD22002B00F0F7DAFD54E7020009
:108C60000B0030003900F2F7B9F8049A059BF1F7D0
:108C7000CFFD009B04000D00002B02D102000B0071
:108C80002CE7114A114B06980799F1F7C1FD104ADC
:108C900000900191069807990E4BF1F7B9FD02007B
:108CA0000B002000290033E70020002199E6C04690
:108CB000000050C300005043FFFFEF7F01FCFFFFA7
:108CC000645F09000000F03F0000E0FE422EE63F36
:108CD000763C7935EF39EA3D555555555555D53FD3
:108CE0000000E03F86EBF9FF44523EDF12F1C23F45
:108CF000DE03CB966446C73F599322942449D23F62
:108D0000935555555555E53F9FC678D0099AC33FB1
:108D1000AF788E1DC571CC3F04FA97999999D93FC8
:108D200051B8060070B50D0016000400FEF724FDD2
:108D300029000660200070BD37B514001D00002812
:108D400002D0802109065B1800920193009A019BD2
:108D500020002900F1F75CFD2222FFF7E3FF03B0BA
:108D600030BD802310B500225B05FFF7E5FF10BD85
:108D7000E02310B50022DB05FFF7DEFF10BD000089
:108D8000F8B5C046F8BC08BC9E467047F8B5C0466A
:088D9000F8BC08BC9E467047C8
:108D9800A089B0E1E995B23FECC039234A7BC33FD3
:108DA8000A68226C787ACD3FB81E85EB51B8DE3F51
:108DB800000000000000F03F0F9C33A2B437F93FD9
:108DC8008A1F63EE5A420140A54E40136143064094
:108DD800EF38454772790940000000003F800000E5
:108DE80000000000228D00084E8C0008388C000816
:108DF800B48C0008388C0008E88C0008388C00080F
:108E0800B48C00084E8C00084E8C0008E88C0008D2
:108E1800B48C0008248C0008248C0008248C0008DA
:108E2800F28C00084E8C00084E8C0008388C000824
:108E38008E8D0008388C0008E88C0008388C0008F3
:108E48008E8D00084E8C00084E8C0008E88C0008B7
:108E58008E8D0008248C0008248C0008248C0008BF
:108E6800D0A100088EA000086CA0000858A0000837
:108E78006CA0000872A100086CA0000858A00008A7
:108E88008EA000088EA0000872A1000858A0000853
:108E980050A0000850A0000850A0000894A10008A5
:108EA80000000000000000000000000000000000BA
:108EB80001000000020000000300000004000000A0
:108EC800000000000000000000000000000000009A
:108ED800000000000000000000000000000000008A
:108EE8000100000002000000030000000400000070
:108EF800060000000700000008000000090000004C
:108F080053544D5F31302E31302E313800524545A3
:108F18004E54206D616C6C6F632073756363656577
:108F2800646564002F6275696C642F676E752D74B3
:108F38006F6F6C732D666F722D73746D33325F3182
:108F4800332E332E72656C312E3230323430393252
:108F5800362D313731352F7372632F6E65776C6913
:108F6800622F6E65776C69622F6C6962632F737408
:108F7800646C69622F72616E642E63002C206675C2
:108F88006E6374696F6E3A200061737365727469F9
:108F98006F6E2022257322206661696C65643A2011
:108FA80066696C6520222573222C206C696E652009
:108FB8002564257325730A00232D302B2000686C47
:108FC8004C006566674546470030313233343536E4
:108FD800373839414243444546003031323334351D
:108FE8003637383961626364656600000100020043
:108FF8000400060008000A000C00100020004000D1
:1090080080000001080402040801010101010103B4
:10901800070100000000000059F3F8C21F6EA50107
:10902800000000000000F03F763C7935EF39EA3D5A
:10903800763C7935EF39EABD0000E0FE422EE63F86
:109048000000E0FE422EE6BF000000000000E03F06
:08905800000000000000E0BF71
:08906000B0F5FE7F01000000E5
:04906800E580000897
:04906C00BD800008BB
:109070000000000000002E400E2DB29DEFFF584072
:109080000000000000002E40210000000900000048
:109090000101000000040050200000000004005006
:1090A00010000000000800500010000000000050F8
:1090B000000800000004005008000000000C0050F0
:1090C00004000000000800500020000000080050CC
:1090D00000080000000800500002000000080050D6
:1090E00000040000000800500001000000040050CF
:1090F00004000000000C00500100000000000050BF
:10910000040000000000005008000000000C0050A7
:1091100000010000000C005000020000000C005094
:1091200040000000000C005020000000000400502F
:1091300000800000000400500040000000040050C7
:109140000020000000040050001000000004005047
:10915000000800000004005000040000000400505B
:109160000002000000040050000100000008005050
:10917000800000000008005040000000000800507F
:1091800020000000000800501000000000080050FF
:109190000800000000080050040000000008005013
:1091A0000200000000080050010000000101000062
:1091B0000024F400000000000F0000000800000080
:1091C0000000000000003E400000000000406F4032
:1091D00000000000000000400000000000C09240BD
:1091E00000000000000089400100000000010000B4
:1091F000010000000000000000000000000000006E
:109200000F000000070000000000000000004E40BA
:109210000000000000005440000000000000F03F8B
:109220000000000000F891400000000000E08540D0
:10923000010000000001000001000000000000002B
:109240000000000000000000050000000B0000000E
:109250000101010002000000010100000000000007
:1092600000000000000000000000000000C092406C
:109270000000000000488C400900000009000000C8
:10928000010000000F0000000000000000307140ED
:109290000000000000D0864000000000000059409F
:1092A00000000000000059400000000000D086408F
:1092B0000100000001000000010B0100040000009B
:1092C0000000000003000000186800206002002079
:1092D000000000001868002080680020E868002076
:1092E000000000000000000000000000000000007E
:1092F000000000000000000000000000000000006E
:10930000000000000000000000000000000000005D
:0C93100000000000000000000000000051
:0400000508014BA9FA
:00000001FF
