:020000040800F2
:1080000000900020094901089D0701089F07010809
:108010000000000000000000000000000000000060
:10802000000000000000000000000000A10701089F
:108030000000000000000000A3070108A5070108D8
:108040005949010859490108594901085949010884
:108050005949010859490108594901085949010874
:1080600059490108AD070108594901085949010852
:108070005949010859490108594901085949010854
:1080800059490108BD070108CD070108DD070108AE
:1080900059490108ED070108FD0701085949010880
:1080A0005949010859490108594901080D080108B1
:0C80B000594901085949010859490108C3
:1080BC0010B5064C2378002B07D1054B002B02D0B2
:1080CC00044800E000BF0123237010BDB80200205B
:1080DC0000000000E08A0108044B10B5002B03D00F
:1080EC000349044800E000BF10BDC046000000007A
:1080FC00BC020020E08A010802B47146490849001C
:10810C00095C49008E4402BC7047C04603B47146FA
:10811C00490840004900095E49008E4403BC704781
:10812C00002243088B4274D303098B425FD3030AAA
:10813C008B4244D3030B8B4228D3030C8B420DD3BD
:10814C00FF22090212BA030C8B4202D3121209024B
:10815C0065D0030B8B4219D300E0090AC30B8B4289
:10816C0001D3CB03C01A5241830B8B4201D38B0337
:10817C00C01A5241430B8B4201D34B03C01A5241DC
:10818C00030B8B4201D30B03C01A5241C30A8B421F
:10819C0001D3CB02C01A5241830A8B4201D38B020A
:1081AC00C01A5241430A8B4201D34B02C01A5241AE
:1081BC00030A8B4201D30B02C01A5241CDD2C30920
:1081CC008B4201D3CB01C01A524183098B4201D39C
:1081DC008B01C01A524143098B4201D34B01C01A87
:1081EC00524103098B4201D30B01C01A5241C308FF
:1081FC008B4201D3CB00C01A524183088B4201D36E
:10820C008B00C01A524143088B4201D34B00C01A59
:10821C005241411A00D20146524110467047FFE7C5
:10822C0001B5002000F0F0F802BDC0460029F7D0DF
:10823C0076E7704703460B437FD4002243088B42FA
:10824C0074D303098B425FD3030A8B4244D3030BD1
:10825C008B4228D3030C8B420DD3FF22090212BA96
:10826C00030C8B4202D31212090265D0030B8B4212
:10827C0019D300E0090AC30B8B4201D3CB03C01AFC
:10828C005241830B8B4201D38B03C01A5241430BD7
:10829C008B4201D34B03C01A5241030B8B4201D3C7
:1082AC000B03C01A5241C30A8B4201D3CB02C01A32
:1082BC005241830A8B4201D38B02C01A5241430AAA
:1082CC008B4201D34B02C01A5241030A8B4201D399
:1082DC000B02C01A5241CDD2C3098B4201D3CB0140
:1082EC00C01A524183098B4201D38B01C01A5241EF
:1082FC0043098B4201D34B01C01A524103098B42F3
:10830C0001D30B01C01A5241C3088B4201D3CB00DD
:10831C00C01A524183088B4201D38B00C01A5241C0
:10832C0043088B4201D34B00C01A5241411A00D270
:10833C0001465241104670475DE0CA0F00D04942D9
:10834C00031000D34042534000229C4603098B4249
:10835C002DD3030A8B4212D3FC22890112BA030AD1
:10836C008B420CD3890192118B4208D38901921153
:10837C008B4204D389013AD0921100E08909C309D8
:10838C008B4201D3CB01C01A524183098B4201D3DA
:10839C008B01C01A524143098B4201D34B01C01AC5
:1083AC00524103098B4201D30B01C01A5241C3083D
:1083BC008B4201D3CB00C01A524183088B4201D3AC
:1083CC008B00C01A5241D9D243088B4201D34B00C7
:1083DC00C01A5241411A00D20146634652415B1009
:1083EC00104601D34042002B00D5494270476346EA
:1083FC005B1000D3404201B5002000F005F802BD2F
:10840C000029F8D016E770477047C0468446100024
:10841C0062468C461900634600E0C0461FB502F068
:10842C0083F9002801D40021C8421FBD10B502F009
:10843C00C7F84042013010BD10B502F075F90028A4
:10844C0001DB002010BD012010BDC04610B502F0AC
:10845C006BF9002801DD002010BD012010BDC046C5
:10846C0010B502F0F1F8002801DC002010BD01204D
:10847C0010BDC04610B502F0E7F8002801DA002064
:10848C0010BD012010BDC046844608006146FFE7C0
:10849C001FB500F0FBFC002801D40021C8421FBD11
:1084AC0010B500F083FC4042013010BD10B500F057
:1084BC00EDFC002801DB002010BD012010BDC046E2
:1084CC0010B500F0E3FC002801DD002010BD0120F8
:1084DC0010BDC04610B500F091FC002801DC002056
:1084EC0010BD012010BDC04610B500F087FC00285F
:1084FC0001DA002010BD012010BDC046002B11D1A7
:10850C00002A0FD1002900D1002802D00021C94334
:10851C00080007B4024802A14018029003BDC046EF
:10852C00E9FEFFFF03B4684601B5029800F06AF853
:10853C00019B9E4602B00CBC7047C046F0B5CE46BF
:10854C009946030C9C46130447461B0C1D000E0059
:10855C0061460404240C80B50700100C4B436543A2
:10856C00414360432C0CC01824188C46A34203D9F9
:10857C0080235B029846C444494679435643230CF6
:10858C002D042D0C8919634424046019C918C0BC2E
:10859C00B946B046F0BDC0469E2110B5C905041CB5
:1085AC00FFF7A2FF002803D1201C01F075F810BDC5
:1085BC009E21201CC90500F00BFE01F06DF88023F4
:1085CC001B069C466044F2E770B500220C4B04007D
:1085DC000D00FFF74FFF002804D12000290003F005
:1085EC0023F870BD064B00222000290002F0F0FB9E
:1085FC0003F01AF880231B069C466044F1E7C04642
:10860C000000E041F0B557464E464546DE46E0B523
:10861C0004000D009246994683B08B4230D82DD081
:10862C004946504603F076F929000600200003F075
:10863C0071F9331A9846203B34D49B4653465A461C
:10864C00934042461F00534693401E00AF423BD816
:10865C00AF4200D179E05B46A41BBD41002B00DA90
:10866C0076E0002200230092019301235A469340A6
:10867C000193012342469340009329E08242CFD9D3
:10868C0000220023009201930C9B002B01D01C6054
:10869C005D600098019903B0F0BCBB46B246A94698
:1086AC00A046F0BD42469B4620239B1A5246DA4018
:1086BC00414613004A468A40170042461F43534620
:1086CC0093401E00AF42C3D90022002300920193B5
:1086DC004346002BD8D0FB0772081A4346467B084A
:1086EC000EE0AB4201D1A2420CD8A41A9D4101204C
:1086FC0024196D410021013E24184D41002E06D055
:10870C00AB42EED9013E24196D41002EF8D10098F0
:10871C0001995B4600196941002B24DB2B005A465A
:10872C004446D3402A00E2401C005B461500002B57
:10873C002ADB26009E40330026004746BE4032000E
:10874C00801A9941009001919EE7A342BCD882E720
:10875C004246202300219B1A002200910192012203
:10876C00DA40019285E7424620239B1A2A004646AE
:10877C009A402300F340444613432A00E2401C0075
:10878C005B461500002BD4DA42462F00202326002E
:10879C0097409B1ADE403B003343CDE7F8B54B02C4
:1087AC005A0A94464A00C90FCE46474689464500A8
:1087BC0046022D0E120E80B59909770AC40FB60920
:1087CC00AB1A4C4520D0002B0CDD002A34D10029EB
:1087DC002AD05A1E012B00D18FE0FF2B00D1CDE007
:1087EC0013002FE0002B60D0531B002D00D0EEE0C7
:1087FC00002E00D13EE15C1E012B00D16BE1FF2B62
:10880C0000D1B9E02300E7E0002B00DCA4E0002A53
:10881C0069D0FF2D00D1B1E08022D20411431B2B73
:10882C0000DCE9E02B000536F708FF2B00D1A5E0B2
:10883C007A02520AD8B230E0FF2D00D19EE080229D
:10884C00D204114301201B2B08DC08002022D84045
:10885C00D31A99400B005A1E93411843361A7301D0
:10886C0000D471E0B601B709380003F035F83B00CD
:10887C000538834085424DDDB44E2D1A1E405A07F3
:10888C0068D00F221340042B64D00436730161D5D9
:10889C00681CFE2D54D1FF200022C0051043E407B4
:1088AC002043C0BCB946B046F8BDFE229046681CB9
:1088BC000200404610426BD1002D00D0DDE0002EAE
:1088CC0000D102E10029B3D08022771AD2041742DA
:1088DC0000D136E14C468E1B61D00120164230D1BE
:1088EC000023F708A4E700299ED05A1E012B00D1C3
:1088FC00CAE0FF2B42D0130091E7711A4B0100D450
:10890C00D1E08F01BF09380002F0E6FF3B000538CB
:10891C00834001252022401B0130121A1E00934077
:10892C00C6405A1E93411E4339D0730700D11BE138
:10893C000F2300253340042BA7D1012072017CD5D5
:10894C00C0B2B201520AA8E7730703D00F23334019
:10895C00042B9AD12B0067E7002B23D0531B002D3F
:10896C007BD1002E00D186E05D1E012B00D18BE067
:10897C00FF2B02D02B0075E04C466746002F00D130
:10898C0089E78022D2033A435202FF20520A84E73D
:10899C00771A7B016BD4002F00D065E700240020F0
:1089AC0000227AE7FE226B1C1A4249D1002D00D01E
:1089BC009FE0002E00D1BAE0002900D1CFE0721860
:1089CC00530100D4CDE092010120520A65E7FF2A41
:1089DC00D2D08020C004064301201B2B08DC3000C1
:1089EC002024D840E31A9E4033005C1EA341184358
:1089FC004C4615000E1A32E708002022D840D31A34
:108A0C0099400B005A1E93410343F61873019BD5F2
:108A1C000135FF2D00D13EE701234D49720833404B
:108A2C000A401A431600530704D00F231340042B9B
:108A3C0000D02AE7730100D52AE72B00F708F7E6E8
:108A4C00FF2B00D127E7711849084A072FD00F22B6
:108A5C000A40042A2BD00E1DE6E6FF2A8DD080207A
:108A6C00C00406431B2B24DD13004E1DDCE64C46D4
:108A7C008F1BF9E64C460E00D6E6002E49D1002994
:108A8C0068D067464C467CE77018430174D5304972
:108A9C0040080140430709D00F230340042B05D0A5
:108AAC0002230E1DC0E60123CF08C1E60223CF0826
:108ABC00BEE620253000D840EB1A9E4033005D1EE8
:108ACC00AB41034315005E18A0E7002900D165E710
:108ADC004C466746ACE68F1B7B012ED5BF01BF0908
:108AEC00380002F0F9FE3B00053883404C46013556
:108AFC0010E7002E00D140E7002900D141E7802388
:108B0C00DB039F4200D23CE79C4500D339E7674624
:108B1C0037E7002900D134E78023DB039F4200D2E2
:108B2C002FE79C4500D32CE74C46674629E70029E4
:108B3C0000D134E70023CF087AE64C460123FF0826
:108B4C0076E6002F00D129E7FF0871E6FFFFFFFB57
:108B5C00FFFFFF7D80220024FF20D2039DE600232F
:108B6C0066E60023D70863E60120720100D5E7E62C
:108B7C0031000023CF085BE60123C70858E6C04646
:108B8C00F0B546464F46D6464502C0B5C30F470022
:108B9C0098460E1C6D0A3F0E5BD0FF2F21D0802310
:108BAC00ED00DB041D43002399469A467F3F740277
:108BBC007300640A1B0EF60F002B20D0FF2B43D042
:108BCC0080220020E400D20414437F3B4246FF1A6B
:108BDC004B4672400F2B00D99DE071499B00CB583E
:108BEC009F46002D5AD108239946063B74029A469B
:108BFC007300FF27640A1B0EF60F002BDED1002C2E
:108C0C003BD1012342464946724019430E2918D8DC
:108C1C006448890041588F465346022B00D1B8E076
:108C2C00032B6ED042462C00012B40D10020002497
:108C3C00C0052043D2071043E0BCBA46B146A84653
:108C4C00F0BDFF200024F3E7002C20D10223FF3FCE
:108C5C00D8E7002D05D104239946033B00279A46FB
:108C6C00A5E7280002F038FE7627431F9D4000231D
:108C7C007F4299469A463F1A99E7200002F02CFE53
:108C8C00431F9C4076235B421B1A00209EE7032364
:108C9C004A461A4391460320FC3397E70C23994626
:108CAC00093BFF279A4682E703282CD03200380074
:108CBC007F30002847DD630704D00F232340042BAB
:108CCC0000D00434230103D53800374B80301C40CE
:108CDC00FE28B6DCA401640AC0B2A9E780240022F5
:108CEC00FF20E403A4E78023DB031D4201D01C42D8
:108CFC000BD08024E4032C4364024246FF20640A18
:108D0C0096E746462C008023DB031C4364023200AA
:108D1C00FF20640A8CE76D01600185422DD21B2374
:108D2C000024013F0126290064006D00002901DBAD
:108D3C00854201D32D1A3443013B002BF3D16B1E1A
:108D4C009D412C43B3E701231B1A1B2B00DD6DE760
:108D5C0021009E37D940BC400B00611E8C4123433F
:108D6C00590704D00F211940042900D004335901AC
:108D7C0013D49B0100205C0A5AE71A2301242D1AF4
:108D8C00D0E7981E43425841404232000024C0B202
:108D9C004EE74246FF2000244AE70120002447E723
:108DAC004C8B01088C8B0108FFFFFFF770B542005C
:108DBC004E024C0045026D0A120EC30F760A240EA9
:108DCC00C90FFF2A10D0FF2C0CD00120A2420AD1CF
:108DDC00B54208D18B420FD0002A04D12800431E83
:108DEC00984100E0012070BD0120FF2CFBD13543E0
:108DFC00F9D14B401800F6E70020F4E730B54200FB
:108E0C0044024D02C30F4800640A120E6D0A000E94
:108E1C00C90FFF2A18D0FF280AD0002A1ED100281B
:108E2C000AD1002D29D0002C2DD14800013830BD9D
:108E3C00002D25D1002A01D1002CF6D08B4219D05F
:108E4C0001205B421843F2E7002C19D1FF28F7D11F
:108E5C00002D15D100208B42F2D1E8E70028EFD08D
:108E6C008B42EDD18242EBDC04DBAC42E8D8002033
:108E7C00AC42DCD258000138D9E7002CD7D0DFE760
:108E8C0002204042D3E78B42DAD1EEE730B5420004
:108E9C0044024D02C30F4800640A120E6D0A000E04
:108EAC00C90FFF2A17D0FF280AD0002A1BD100288F
:108EBC000AD1002D1DD0002C2DD14800013811E015
:108ECC00002D0ED1002A01D1002CF6D08B420CD1F2
:108EDC005800013806E0002C03D1FF2805D1002DE5
:108EEC0015D0022030BD002806D101205B4218436A
:108EFC00F8E7002CF6D0F8E78B42F6D18242F4DC8E
:108F0C00E6DBAC42F1D80020AC42EBD2E0E700202B
:108F1C008B42EAD1E6E78B42E7D1F2E7F0B54F4658
:108F2C004646D6464400C0B546020F1C760A240EAF
:108F3C00C50F002C00D1DAE0FF2C74D08023F60092
:108F4C00DB041E43002399469A467F3C7B025B0A56
:108F5C0098467B001B0EFF0F002B74D0FF2B00D10B
:108F6C008EE042468021D200C90411437F3B2A0087
:108F7C00E4184B467A408846D2B20A2B75DC4B4635
:108F8C000020022B0FDD494601238B40A621C9008E
:108F9C000B4269D1902189000B4200D000E188215D
:108FAC00194200D0F5E041460904090C434608007B
:108FBC00350C36041B0C360C704369435E435D4321
:108FCC007618030C9B19994203D9802149028C46CF
:108FDC00654400041904000C09188E01701E8641AA
:108FEC001B0C890E5B190E439B011E431B016CD499
:108FFC0023007F33002B00DCB1E0150071070BD090
:10900C000F2021003040042806D00436320103D54D
:10901C006E4B1E400B008033FE2B00DDBDE0B20119
:10902C00520ADBB248E0002E00D092E008239946A9
:10903C00063B9A467B025B0A98467B00FF241B0E7C
:10904C00FF0F002B8AD14246002A64D149460132D7
:10905C00114389460A2908DC7D400120EAB2022925
:10906C0091DC1500002227E015005346022B00D19D
:10907C0093E0032B1AD0012B2CD1002300221BE0F0
:10908C004346FF34002B55D003214B460B431900AC
:10909C000A2B00DC92E00F2B00D08CE08022D20354
:1090AC00164203D04346134200D17DE08022D20306
:1090BC0032435202520AFF23D805ED0710432843CE
:1090CC00E0BCBA46B146A846F0BD012315007108B4
:1090DC001E400E4323008033611C002B41DD7207C0
:1090EC0094D00F223240042A00D08EE78EE7002E57
:1090FC0005D104239946033B00249A4626E7300009
:10910C0002F0EAFB7624431F9E40002364429946FA
:10911C009A46241A1AE7404602F0DEFB4B46241A04
:10912C00763C0A2BA1DC4346053883407D409846AB
:10913C00EAB224E74A46023313432A007A40D2B2F9
:10914C000A2B92DC49461500002926D099460220AC
:10915C0019E70C239946093BFF249A46F6E61500BD
:10916C0021000122D31A1B2B00DD86E79E31320031
:10917C008E40DA40731E9E413243530704D00F23B6
:10918C001340042B00D00432530110D501230022CC
:10919C0092E73D004646824667E7FF2300228BE7B5
:1091AC0080220025D20386E73D001A4383E7920113
:1091BC000023520A80E73D00464677E72A00012348
:1091CC007A408B400320D2B2E9E6C046FFFFFFF79E
:1091DC00F8B54746CE46430280B55F0A9B09450069
:1091EC004A009C464B02C40FCE0F2D0E580A120E8D
:1091FC009909FF2A6BD001235E40AB1AB4424BD0C5
:10920C00002B00DCFFE0002A00D188E0FF2D00D10C
:10921C00EFE08022D204114301201B2B08DC080054
:10922C002022D840D31A99400B005A1E9341184360
:10923C0063461B1A9C4663465B0100D4CDE0634633
:10924C009F01BF09380002F047FB3B000538834003
:10925C00854200DCA2E0B74A2D1A1A4094465A0700
:10926C0000D1C3E00F221340042B00D1BEE0042335
:10927C009846C44463465B0100D4B7E0681CFE2DDD
:10928C0000D0A5E0FF200022C0051043E4072043D6
:10929C00C0BCB946B046F8BD002B00DCEBE1002A9F
:1092AC0046D0FF2D00D1A4E08022D20411431B2B09
:1092BC0000DCFBE0052398462B00C4446246D7082B
:1092CC00FF2B00D195E07A02520AD8B2DCE72B00D2
:1092DC00FF3B9946002918D101235E40B44200D1CE
:1092EC00CAE04B46002B2DD0002D00D03CE1FF23D3
:1092FC006446002C00D15FE15D1E012B00D174E1AE
:10930C003400FF2B74D02B0003E1B44200D19CE05D
:10931C00002B17D0002DEAD0070034006CE0002998
:10932C00CCD05A1E012B2BD0FF2B62D0130073E72D
:10933C000029C3D05A1E012B00D11EE1FF2B58D09F
:10934C001300B4E7FE226B1C1A420DD1002D60D025
:10935C006346002B00D020E1002900D028E18022B8
:10936C000024FF20D2038FE763465F1A7B0100D5F0
:10937C00FEE0002F00D065E700240020002283E7E8
:10938C006346591A4B0100D419E18F01BF0938000B
:10939C0002F0A2FA3B000538834001252022401B35
:1093AC000130121A19009340C1405A1E93411943BF
:1093BC008C460B1EE1D05B0700D152E10F23002538
:1093CC000B40042B00D052E701204A0100D492E05C
:1093DC00C0B263469A01520A56E763465B0705D052
:1093EC000F2362461340042B00D040E72B0065E7A7
:1093FC000700002F00D145E78022D2033A435202E6
:10940C00FF20520A40E7002B79D1FE226B1C1A4236
:10941C00AAD16346002B00D1F5E0002900D1D1E0A0
:10942C005F1A8023DB041F4200D10EE16246012447
:10943C008A1A944600203440002A00D124E70120E7
:10944C001A42C6D10023D7083DE7002B17D0002DB8
:10945C0000D0AFE0FF236546002D00D1ADE05E1ECD
:10946C00012B00D189E0FF2BC2D01B2E00DCABE01E
:10947C004B1D9C46130021E74B46002B70D1FE225E
:10948C006B1C1A425ED1002D00D0C3E06346002B4A
:10949C0000D1D0E0002900D194E00A0062445301CD
:1094AC0000D4D8E092010120520AEDE608002022F7
:1094BC00D840D31A99400B005A1E934103439C4445
:1094CC0063465B0189D50135FF2D00D1DAE6624692
:1094DC0001231949134052080A401A4313009446B9
:1094EC005B0704D00F231340042B00D0BFE6634668
:1094FC005B0100D5C2E66346DF082B00E3E6531B95
:10950C00002D00D1F4E680206446C0040443A44638
:10951C00340001201B2B09DC20256046D840EB1AB7
:10952C0065469D402B005D1EAB4118430B1A9C46B3
:10953C00150080E6FFFFFFFBFFFFFF7DFE226B1C8B
:10954C001342A3D0FF2B00D19CE6614449084A0783
:10955C0049D00F220A40042A45D00A1D9446ADE694
:10956C00002D00D176E78DE63400FF2000228BE63B
:10957C0063460124CF1A344064E661444B016DD537
:10958C0048084449014043072CD00F230340042BC7
:10959C0028D00B1D9C46022390E6002900D12BE716
:1095AC008023DB039F4200D226E7984200D323E7B7
:1095BC000124344007001FE734008C467EE601236B
:1095CC00CF0880E600237EE620206546801B854080
:1095DC0063462800F340451EA84103439C461500F2
:1095EC008C446DE70223CF086DE60F1B7B0128D559
:1095FC00BF01BF09380002F06FF93B00053883400A
:10960C0034000125CAE6002900D1B5E60124070083
:10961C00344058E66346002B00D1E9E6002900D11E
:10962C00EAE68023DB039F4200D2E5E6984200D3B2
:10963C00E2E60700E0E6002900D19EE60023CF0811
:10964C0041E634000123FF083DE6002F00D193E6EC
:10965C000023FF0837E60023D70834E60123CF08A0
:10966C0031E680220B00D20401201340114200D0BD
:10967C00AEE6CF0827E6002B00D15FE7561B002D86
:10968C0001D13300E7E680236046DB0418438446AF
:10969C00EBE6C046FFFFFF7D41024200C30F490AC3
:1096AC000020120E7E2A03DD9D2A02DD094A98183D
:1096BC007047802000040143952A07DC9620821A0B
:1096CC00D1404842002BF3D10800F1E7963A914083
:1096DC00F7E7C046FFFFFF7F70B5002812D0C31715
:1096EC00C5185D40C40F280002F0F6F89E231B1A23
:1096FC00962B0FDC082838D0083885406D026D0A8F
:10970C00D8B202E0002400200025C0052843E4075D
:10971C00204370BD992B14DC421F95402A0015493B
:10972C00114055071CD00F252A40042A18D00431AB
:10973C00CA08490115D59F235202181A550AC0B2FE
:10974C00E3E705222900121AD14002001B32954092
:10975C002A00551EAA410A43064911405507E2D179
:10976C00CA085202550AD8B2CFE76D026D0A8E3084
:10977C00CBE7C046FFFFFFFB10B5041E0DD002F077
:10978C00ABF89E231B1A962B0CDC082834D0083817
:10979C0084406402640AD8B201E000200024C005B1
:1097AC00204310BD992B13DC421F9440144A2240D5
:1097BC0061071CD00F212140042918D00432D40891
:1097CC00520115D59F236402181A640AC0B2E6E749
:1097DC00020021001B3291400A00511E8A410521D2
:1097EC00091ACC401443064A22406107E2D1D4083E
:1097FC006402640AD8B2D2E76402640A8E30CEE7FF
:10980C00FFFFFFFBF0B54F464646D646C0B582B0CB
:10981C00009001910E034C00CD0F710A009E5F0069
:10982C00760F0E43009900920193C90089461903E3
:10983C007B0D9846019B490ADB0F9C46009B009AC6
:10984C005B0F0B434146640DD200611A654500D194
:10985C00A6E0002972DD4746002F00D1DDE0CC4F99
:10986C00BC4200D19AE10127382917DC80273F043C
:10987C003B431F2900DDDDE12027781A1F008740BC
:10988C00BA461700CF408446380057460743604617
:10989C008240CB40501E8241F61A17434B46DF1BC9
:1098AC00B94580414042361A330200D4FFE07602BB
:1098BC00760A002E00D13CE1300002F00DF80300D6
:1098CC00083B20213800CA1AD0409E4002009F401D
:1098DC0032439C4200DDA6E1181B0130091A3E0000
:1098EC008F40C6407B1E9F4113008B4037431F4364
:1098FC00C2403B0016000024134300D1DFE17B077C
:10990C0000D132E30F233A003B40042B04D03A1D24
:10991C00BA42BF417F42F619330200D423E39C4B79
:10992C0001349C4200D1B4E09A4B64051E40640D96
:10993C007707D20876021743360BACE0002900D12A
:10994C007EE04146091B002C00D060E13400484603
:10995C00044300D1C9E14C1E012900D12EE28C4DEB
:10996C00A94200D124E20127382C11DC21001F2947
:10997C0000DD0BE2202437004846641AA740C8409B
:10998C0007434846A040CE40441EA0419B1B0743C2
:10999C00D71BBA4292415242654644469E1A83E70F
:1099AC00002900DC9CE04746002F67D11F001743BD
:1099BC0000D1E4E0481E012900D19BE1744FB9426B
:1099CC0000D1EBE001270100382811DC1F2900DD54
:1099DC00C7E12027781A1F00844687401000C84032
:1099EC00074360468240CB40501E8241F618174315
:1099FC004F444F45804140423618330257D5644B93
:109A0C0001349C4245D00121624B7A081E403940FA
:109A1C000A43F7071743760871E71F00174300D175
:109A2C00ADE04F1EBC46012900D182E1584FB9422E
:109A3C0000D190E161460127382900DD2EE718E7B7
:109A4C00554F611C394200D0D0E0310048461F0010
:109A5C0001431743002C00D03DE1002900D1BCE1AB
:109A6C00002F00D0BFE14B460021D80877070743F1
:109A7C00F00806034C05360B640D0CE0444FBC4259
:109A8C0000D18BE001273829B2DC80273F043B430F
:109A9C009CE70026002724053443ED072C433800AF
:109AAC00210002B0E0BCBA46B146A846F0BD7B0727
:109ABC0004D00F233B40042B00D028E7F808344B8C
:109ACC0077070743F0089C4200D04AE23B0003436F
:109ADC0059D080263603064336032D4C360BDAE775
:109AEC00002961D04146091B002C00D1B9E0284C5B
:109AFC00A04500D1A5E10127382913DC80242404DA
:109B0C0026431F2900DDC8E1202437004846641A8B
:109B1C00A740C84007434846A040CE40441EA04141
:109B2C009B190743BF189742924152424446D6189C
:109B3C0063E7380001F0D0FE030018331F2B00DC64
:109B4C00BFE63A00083882409C4200DD83E01B1BD4
:109B5C00581C1F2800DCB4E117001F3BDF402028F5
:109B6C0005D040231B1A9A40531E9A4117430024D8
:109B7C00002F0AD07B0700D0C4E626009EE74B4698
:109B8C000C00D8089BE70027014C002683E7C04651
:109B9C00FF070000FFFF7FFFFE0700004B46770723
:109BAC00D8080743F00891E7CD4F611C39426BD1BF
:109BBC00310048460143002C00D04BE11F001743F5
:109BCC00002900D181E1002F00D14CE74A444A45DD
:109BDC008041F61840423618330200D5B0E1170028
:109BEC009146374300D03EE7002654E74946891A90
:109BFC008846C145BF41F11A7F42C91B0F0261D48F
:109C0C0047460F4300D1BDE00E00474651E6B54C28
:109C1C00A04500D100E10127382900DDB8E68024F9
:109C2C0024042643A3E6B04EE41A16407B0700D06A
:109C3C003FE743E70F001800203FF84084462029F7
:109C4C0003D04027791A8B401A43531E9A4163461E
:109C5C0017001F4322E6A448E11A10404707C0082A
:109C6C0007E734004846044300D1FAE04C1E0129B2
:109C7C0000D1D7E09B4FB94200D1E2E00127382C4C
:109C8C0000DD4FE721003CE7964CA14200D1DDE01E
:109C9C004A444A458041F31840421818C7075208F5
:109CAC0017434608520705D00F220C003A40042AED
:109CBC0000D02CE67607FF0837430009D9E60027C9
:109CCC000026E8E64946571ABA4292419E1B524278
:109CDC006546B61AEDE5002900D0C6E0002F67D125
:109CEC00802600257F4C3603D5E665460C001E0009
:109CFC00D008E4E64A444A458041F318404218181B
:109D0C001100030200D496E0774B49081840C307B2
:109D1C000B434408490700D129E10F221A40042AB9
:109D2C0000D1EAE01F1D9F42B6417642361902244B
:109D3C00C4E649468F1AB9458041F61A4042361A94
:109D4C00330206D47307FF0801211F43F00890E685
:109D5C0065460124ABE54B467707D8080743F00866
:109D6C00B4E60F001800203FF8408446202903D0A9
:109D7C004027791A8B401A43531E9A4163461700A9
:109D8C001F4335E600250024002684E60C00350030
:109D9C00203CE540202905D04024611A8E404946DC
:109DAC00314389464846411E884107002F43EFE561
:109DBC00D2085F0765461743D80887E6171ABA42D8
:109DCC0092419E1B5242B61A3302C1D47307FF084C
:109DDC00654601211F43F0084BE6002F7BD06546FA
:109DEC001E0091463FE6811A8846C145A441F11AEE
:109DFC006442091B80242404214277D0101A824229
:109E0C00924107009E1B5242B61A374300D0A0E085
:109E1C006546002400263EE65F07D20865461743D8
:109E2C00D80853E6811891429241F018524280189A
:109E3C00030200D568E74707C9080F43C008012192
:109E4C0017E6D2085F071743D8083FE60C00002638
:109E5C00002720E6002956D15F07D2081743D808FF
:109E6C0034E60C001E00D00829E6C1087007014337
:109E7C00F008002F62D080242403204207D0DE0893
:109E8C00264204D165463000D1085B0719434F0FB9
:109E9C00C900C9087F070F4318E60C003000203CAE
:109EAC00E0408446202905D04024611A8E40494662
:109EBC00314389464846411E8841614607000F439D
:109ECC0030E620210027091A0EE51E00002F00D0D5
:109EDC0022E5002458E7002500240026DBE5C046D7
:109EEC00FE070000FF070000FFFF7FFF47460F4300
:109EFC0000D147E70E00C146B5E5DF086407022133
:109F0C0027430009B5E51900C0087707074311433B
:109F1C00F008002900D1D9E580210903084207D0B7
:109F2C00DC080C4204D1D2085B071A43170020004E
:109F3C007B0FFF00FF085B071F43C7E50F00C5E55C
:109F4C00124BD20833405F075B02012417431E0BF0
:109F5C00A1E5264212D00D4B6546020001241E409D
:109F6C00E6E4210085E51700A8E53A00D4E4DB0817
:109F7C0064071C432700022100097AE5C008770713
:109F8C00074365460021F00873E5C046FFFF7FFFDD
:109F9C00F0B5DE46454657464E46E0B587B00092D2
:109FAC0001930B031B0B9B46CA0F4B00040080460E
:109FBC005B0D029200D198E07C4A934237D059460F
:109FCC00420FC9000A43802109041143C200904684
:109FDC00774A894692469A44002300240393009EB4
:109FEC00019F3B031B0B9B467B0030005B0DFD0F61
:109FFC00002B59D06D4A934248D05946720FC90074
:10A00C000A438021090411438B466949F2008C46AE
:10A01C0051466344CB1A9A460021029E6E40F6B21A
:10A02C000F2C00D9CEE0634BA4001B599F465A4617
:10A03C000243914600D090E09A46022390460824B1
:10A04C000393CCE7CB464246029D0399022900D1EB
:10A05C00DEE1032900D18DE0012900D079E12E0049
:10A06C0000220023002490461B052343F6073343AC
:10A07C004046190007B0F0BCBB46B246A946A04604
:10A08C00F0BD002200249046484BEDE75A46009B59
:10A09C001A43494B9C46E244002A59D102231C43E3
:10A0AC00002302219B46B8E75A46009B1A4349D02D
:10A0BC005B46002B00D19CE1584601F00DFC0200E0
:10A0CC0003000B3A1D27009EBA1A19005846D640B9
:10A0DC0008398840320002439346009A8A40374937
:10A0EC0053448A4600219A4497E75B4603439946BA
:10A0FC0021D05B46002B00D169E1584601F0ECFB06
:10A10C000B235B429C460200844466461D239B1B2A
:10A11C00260011005846DE400839884033000343BE
:10A12C00994623008B409846254B00249B1A9A464F
:10A13C000023039353E7002398469A4601330424E3
:10A14C0003934CE701231C43002301219B4664E746
:10A15C000323320003211C435FE79A460323D946AD
:10A16C000C2403933BE700238024984600260F4BD6
:10A17C00240379E780245B4624031C4324032E002C
:10A18C0090460A4B240B6FE780244B462403234252
:10A19C0002D05B462342F0D080244B4624031C4360
:10A1AC002403029E014B240B5EE7C046FF07000010
:10A1BC0001FCFFFFC88B010801F8FFFFF30300004F
:10A1CC000DFCFFFFCB4500D2F8E000D1F3E00123FA
:10A1DC005B429C46444648460025E2445B46170ECB
:10A1EC001B021F43190C3B04120200971F0C9146D3
:10A1FC0002910397FEF71AF802007A430B04210C24
:10A20C00804619438A4209D9009F0123BC465B4210
:10A21C0061449C46E0448F4200D85CE1881A029964
:10A22C00FEF704F8039A240442430904240C0300A7
:10A23C000C43A24206D90099013B8C466444A142CE
:10A24C0000D842E1A01A424612041A4393464B46E8
:10A25C0059461B0C1F0004930B0449460904090CB6
:10A26C000C001B0C5C43120C7B43884651437A4315
:10A27C00270CBC465B186344994203D980214902E0
:10A28C008C466244190C24041B04240C8A181C19D7
:10A29C00904202D316D1A54214D25B46009F013BDB
:10A2AC004D4405934D459B41BC465B426344C018ED
:10A2BC00874200D302E1824200D929E100D124E196
:10A2CC00059B9B462C1BA542AD41009B801A6D4201
:10A2DC00401B834200D10FE10299FDF7A7FF039ABF
:10A2EC000B044243210C050019438A4200D9CBE0F0
:10A2FC00881A0299FDF79AFF039A24044243090431
:10A30C00240C03000C43A24200D9CAE04146A41A13
:10A31C002A041A43049F13041B0C594340467B43E5
:10A32C009C46150C68430B0C844463447D43984253
:10A33C0003D98020400284466544180C09041B0490
:10A34C00090C40195B18844227D323D00123350014
:10A35C001A43944B5344002B60DD510700D086E028
:10A36C002E00D1085A46D20106D55A468E4B1A40B9
:10A37C0080239346DB0053448C4A934200DD80E6F5
:10A38C005A4652070A4390465A465B055402240B20
:10A39C005B0D69E63500002BDBD0009D511EAC46F1
:10A3AC006444AC4200D29EE0844200D2E1E000D191
:10A3BC00EEE00A00CAE7424500D908E74B46DC0745
:10A3CC00580843465B081C434346DD0706E701F08B
:10A3DC0083FA15239C4684440200634620321C2BCE
:10A3EC0000DC92E623000838834099460023984607
:10A3FC009AE601F071FA02000300153220331C2A90
:10A40C0000DC5FE600990838814000228B4666E646
:10A41C0000222E0000249046654B25E62E000121DB
:10A42C00C91A382900DD1BE61F297EDC614814009F
:10A43C0050445B4682408340CC40501E82412343B3
:10A44C001A435B46CB40510709D00F211140042918
:10A45C0005D0111D9142924152429B180A001902DB
:10A46C0000D49BE00022012300249046FCE50F2140
:10A47C001140042900D173E7111D914292415242BF
:10A48C002E00C90893446DE7009B013D9C46614436
:10A49C008B4200D92CE78A4200D829E7851E6144FB
:10A4AC0026E70099013B8C466444A14200D92DE774
:10A4BC00A24200D82AE7831E644427E7874200D0D3
:10A4CC00FEE6A94500D9FBE6F5E6A24200D8B9E6BE
:10A4DC00831E6444B6E68A4200D89FE6BC46831EBF
:10A4EC00984661449AE60A00844200D02EE74B4518
:10A4FC0000D02BE735002CE72A4B2F4A53449245CA
:10A50C0043DB0122002193442CE7AC4200D8D7E670
:10A51C0002235B429C4600994D444D459B41E344CC
:10A52C008C465B426344C018CCE61F204042C31AE1
:10A53C005846D840202904D05946204B53449940C2
:10A54C000A43531E9A410723190002430024114069
:10A55C00134209D008331340042B1DD0131D934212
:10A56C0089411A0049424907D2080A439046002300
:10A57C007AE54946009F4D004D458941BC4649420C
:10A58C006144A946023A6418AEE70122524246E7FA
:10A59C009945EED30A00AAE70021E5E759075B02CB
:10A5AC001C0BE1E7FF030000FFFFFFFEFE070000AE
:10A5BC00FF0700001E04000002FCFFFF3E04000029
:10A5CC00F0B55746DE464E464546E0B50D00040054
:10A5DC00E80F83460903D80F090B824619488C46AD
:10A5EC001F0369005E00490D3F0B760D814218D0A8
:10A5FC0086420FD00120B1420DD1BC450BD1944203
:10A60C0009D1D3451CD0002905D160462043431EF7
:10A61C00984100E00120F0BCBB46B246A946A046DA
:10A62C00F0BD01208E42F6D1614639430F0017432D
:10A63C002743F0D15B465246981A431E9841EAE7ED
:10A64C000020E8E7FF070000F0B557464E464546A8
:10A65C00DE46E0B50D000E034900490D8A46DF0FBA
:10A66C00E90FBC4683B02F4F04008046019158007F
:10A67C0019039146360B090B400DBA451DD0B84253
:10A68C000DD05746002F2AD13443002824D10A4339
:10A69C0036D0002C41D163465800013815E01143E7
:10A6AC0038D15346002B01D12643F4D0019B63458E
:10A6BC0007D1019B5800013807E026432AD15045A9
:10A6CC0021D00120019B5F42384303B0F0BCBB4654
:10A6DC00B246A946A046F0BD002CDCD0E6E7002827
:10A6EC00EFD0019B6345ECD18245EADCE1DB8E4285
:10A6FC00E7D8DED1C845E4D80020C845E5D2D8E774
:10A70C00002CE2D0DDE7114304D1019B6345D8D185
:10A71C000020DAE702204042D7E7019B6345E6D0F0
:10A72C00CFE7C046FF070000F0B557464E464546FA
:10A73C00DE46E0B50D000E034900490D8A46DF0FD9
:10A74C00E90FBC4683B02E4F04008046019158009F
:10A75C0019039146360B090B400DBA451ED0B84271
:10A76C000DD05746002F27D13443002833D10A434C
:10A77C0034D0002C40D163465800013815E0114309
:10A78C0012D15346002B01D12643F4D0019B6345D3
:10A79C001DD00120019B5F42384306E0264303D1C4
:10A7AC005045F6D111431CD0022003B0F0BCBB467F
:10A7BC00B246A946A046F0BD0028EAD0019B6345ED
:10A7CC00E7D18245E5DC02DB8E42E2D80ED0019B5C
:10A7DC0058000138E9E7002CCDD0D7E7002CE4D0A5
:10A7EC00D7E7019B00206345DFD0D2E7C845D0D81E
:10A7FC000020C845D9D2EAE7019B6345E4D0C8E7FD
:10A80C00FF070000F0B557464E46DE464546E0B51C
:10A81C001F000B031B0B16009A46CA0F4B000400BB
:10A82C00914685B05B0D00D1CFE1CD4A934255D016
:10A83C005146420FC9000A43802109041143C2004A
:10A84C009046C84A8A4693469B44002300250293AF
:10A85C003C037B00FA0F0196240B5B0D009200D198
:10A86C0088E1BF4A934200D192E0BE4A94466344C9
:10A87C009B440A2D42DCE400730F23438024494699
:10A88C0024041C43F3000193009B00205940CBB2DD
:10A89C000393022D00DC94E00123AB401D00A623A2
:10A8AC002A00DB001A401D4200D029E290239B00B5
:10A8BC001D4200D14DE20023802499462403A84B6D
:10A8CC0010004A461B052343D2071343190005B059
:10A8DC00F0BCBB46B246A946A046F0BD5246024368
:10A8EC00904600D0ACE19B46022392460825029389
:10A8FC00AEE7009BA2469946019B9846029B022B11
:10A90C0000D1CAE1032B00D192E1012B10D100231D
:10A91C0000240022D4E701227B083A40134352461C
:10A92C00D2071343984653465B089A46039B9946B5
:10A93C005B46581C8023DB005B44002B00DCB1E140
:10A94C00424652070BD00F2241460A40042A06D039
:10A95C004246111D4145924188465242924452460C
:10A96C00D20106D55246804B1A4080239246DB001A
:10A97C00C3187E4A934200DD8FE14246D10852460D
:10A98C0052070A4351465B054C02240B5B0D97E7BB
:10A99C00734B26439C46E344002E00D16FE1032306
:10A9AC0049461D43009B5940CBB203930A2D00DD51
:10A9BC0033E10123AB401D000323029388222A427A
:10A9CC0097D1424643461204120C160001981D0CF6
:10A9DC00030C0004000C4643B4461E006E43009664
:10A9EC00160007005E436146B0466F430E0CB84438
:10A9FC004644B74205D9802149028846009F474406
:10AA0C00009761460904090C370C36048C4631005A
:10AA1C00614401911100260C2404240C61438C46E2
:10AA2C002100694389466146090C884672434A44B1
:10AA3C0042447543914503D98021490288464544D7
:10AA4C00110C884661460904090C8C4612046244B8
:10AA5C00B91802915146090C8C4651460F043F0C13
:10AA6C003900414345448846614641438A46414644
:10AA7C006046090C894658437B4353444B449A45E2
:10AA8C0003D98021490289464844190C894641461C
:10AA9C000904090C8846390061431B044344884669
:10AAAC0061464C4371438C46414677430E0C3F192B
:10AABC00F6194844B44203D9802149028946CC4452
:10AACC000299009F894631044F448946414697427A
:10AADC0092410C04240C4C44FF1852426419A118E6
:10AAEC009F429B41884682465B42994690459241E3
:10AAFC00AC42A441C244D1445242644214439945ED
:10AB0C009B41824592415B42524213434A46360C6A
:10AB1C00A419E31863445B02D20D1A4301999246BF
:10AB2C007A020A43501E8241FF0D17434A465202D5
:10AB3C001743B846DB0100D5EDE60D4B039A5B4499
:10AB4C009146002B00DCACE03A00520700D110E734
:10AB5C000F2258463A40042A00D0F9E609E7C046CD
:10AB6C00FF07000001FCFFFFFFFFFFFEFE070000D8
:10AB7C00FF030000220032436FD0002C00D1C2E052
:10AB8C00200000F0A9FE020003000B3A1D20821ADF
:10AB9C0030001900D04008398C40020022433400A8
:10ABAC008C405946CB1A86498B469B440A2D00DDB6
:10ABBC00A4E64946009B01945940CBB214000020F6
:10ABCC000393022D00DD67E6FBE6534603439846EC
:10ABDC003CD05346002B00D1A3E0504600F07CFE45
:10ABEC000B235B429C4602008444110050460839FA
:10ABFC0088401D23804660461B1A2000D840030065
:10AC0C00404603439A4623008B4098466C4B0025E4
:10AC1C009B1A9B46002302931AE60F2D00D0C9E025
:10AC2C00802352461B031A4202D01C4200D192E0F0
:10AC3C008024534624031C4324034246240B3EE643
:10AC4C009B46032380460C25029301E600239A467B
:10AC5C009B46013304250293FAE501210D430A2D8D
:10AC6C0000DD4BE6494600984140C9B20391022DE4
:10AC7C0000DC96E000230024012001930CE64946F9
:10AC8C000223009A2B435140CAB203920A2B00DDD7
:10AC9C0034E6002D57D1039B994600240022494BE2
:10ACAC000EE658460121C91A382900DD2FE61F2966
:10ACBC0056DD1F2254465242D31ADC40202907D0BD
:10ACCC00414B42469C465346604483401A4390464F
:10ACDC0042460721531E9A410B0022431340002485
:10ACEC00114209D00F231340042B5DD0111D91424A
:10ACFC009B410A005B425B07D2081A430023DFE545
:10AD0C00039B9946FAE5019800F0E6FD020003006A
:10AD1C00153220331C2A00DC38E7019A08388240AF
:10AD2C003FE700F0D9FD15239C468444020063469E
:10AD3C0020321C2B00DC58E70023984623000838EF
:10AD4C0083409A4662E71D000023002402200193F1
:10AD5C00A2E5029032E61C43009B019A9946AEE5AF
:10AD6C001A4B5246C31840469A40C84002434046CC
:10AD7C0098400300581E834154461A43CC40530755
:10AD8C0009D00F231340042B05D0131D934292417D
:10AD9C005242A4181A00230208D5012300240022D1
:10ADAC008EE5894600248BE50023A5E76307640242
:10ADBC00240BA1E7009BA2469946019B984637E7D6
:10ADCC000DFCFFFFFF0700003E0400001E04000006
:10ADDC00F0B557464E464546DE46E0B583B000908A
:10ADEC0001910C034D00CE0F610A009C5F00640FB3
:10ADFC000C43009900920193C80019037B0D9946EE
:10AE0C00019BCC4FDB0F9C464B0A00998046490FA7
:10AE1C001943009B8B46DA0092466D0DB94500D163
:10AE2C00BFE00123614659404B468C46EB1A8E42DB
:10AE3C0075D0002B00DCA3E24946002900D1CEE0FE
:10AE4C00BD4200D100E20127382B19DC802759467E
:10AE5C003F0439438B461F2B00DDFAE12027F91AFA
:10AE6C008C4659466746B9400F001100D9400F4334
:10AE7C0061468A40511E8A415946D9401743641A8B
:10AE8C00C71BB84280414042241A230200D440E13F
:10AE9C006402640A002C00D154E1200000F01CFD77
:10AEAC000300083B20213800CA1AD0409C40020005
:10AEBC009F4022439D4200DDA6E1581B0130091A38
:10AECC003C008F40C4407B1E9F4113008B402743A6
:10AEDC001F43C2403B0014000025134300D1F7E18F
:10AEEC007B0700D177E30F2338003B40042B04D0C1
:10AEFC00381DB842BF417F42E419230200D468E3F5
:10AF0C008C4B01359D4200D1F4E08B4B6D051C4000
:10AF1C006D0D6707C00864020743240BECE0002B9F
:10AF2C0000DC29E34946002900D0D6E059461143FC
:10AF3C0000D12EE1591E012B00D1E6E1BB4200D11C
:10AF4C0082E101270B00382914DC1F2B00DD3CE2C9
:10AF5C002027F91A8C4659466746B9400F00110054
:10AF6C00D9400F4361468A40511E8A415946D94007
:10AF7C00174364183F18874280414042241823022B
:10AF8C0000D4C6E06B4B01359D4200D1B2E00121EB
:10AF9C00694B7A081C4039400A43E7071743640899
:10AFAC009EE7664B11438A46EB18002928D066456C
:10AFBC002CD0002B5BD0002D00D12CE15B466646DB
:10AFCC005F07D2081743DD083B002B4300D1E2E0BA
:10AFDC00802424032C432403564D240B8CE0594627
:10AFEC00114300D1D5E0591E012B00D1B9E1BB4270
:10AFFC0000D1B1E101270B00382900DD40E72AE739
:10B00C006146012779408C466645D2D1002B00D190
:10B01C00C5E0002D00D055E14B462500054300D17D
:10B02C0012E2591E8C46012B00D149E2414DAB4234
:10B03C0000D18FE20127382911DC63461F2B00DD7C
:10B04C005BE26146202327005B1A050098409F4075
:10B05C00CD40431E9841CC402F430743A344BF1817
:10B06C009742924152425A4414004D4687E7344F5E
:10B07C006B1C3B4200D0B6E05946230011430F0035
:10B08C000343002D00D026E1002B00D1C0E10029A4
:10B09C0000D1A1E0831A98465B464045AD41E31AC6
:10B0AC006D425B1B80252D042B4200D14BE15B468E
:10B0BC00101A824292411C1B070001266346524221
:10B0CC00A41A27431E40002F00D142E12C4200D18C
:10B0DC006DE2194B01251C401BE7BD4200D13BE141
:10B0EC000127382B00DD45E7802759463F043943BB
:10B0FC008B462AE7002400272D052543F607354308
:10B10C003800290003B0F0BCBB46B246A946A046A5
:10B11C00F0BD7B0704D00F233B40042B00D0E7E6A7
:10B12C002B00F808034A67070743E508934200D150
:10B13C004AE7A5E0FF070000FFFF7FFF01F8FFFFD4
:10B14C00FE070000380000F0C7FB030018331F2B6C
:10B15C0000DCA7E63A00083882409D4200DD8AE018
:10B16C005B1B581C1F2800DCD8E117001F3BDF407D
:10B17C00202805D040231B1A9A40531E9A4117438E
:10B18C000025002F00D1E5E07B0700D0ABE62C00BA
:10B19C00C6E7C008C6E700270024D14DACE7D14F65
:10B1AC006B1C3B4271D123000343002D00D04EE1B8
:10B1BC005746002B00D1B5E1002F0DD083188342E8
:10B1CC0080415C4440422418220200D5C8E11F0093
:10B1DC009846274300D1BCE043466707DB081F4372
:10B1EC00E50800234CE0831A98465B464045BF4176
:10B1FC00E31A7F42DB1B1F027CD447461F4300D15E
:10B20C00A6E01C00474645E6B74CED1A14407B07F8
:10B21C0000D080E784E74B462500054366D05F1ECF
:10B22C00012B00D1FCE0AE4DAB4200D15EE1664695
:10B23C00382F00DCB4E00120171ABA4292415B4669
:10B24C0052424D469C1A20E66707C0080743E508A2
:10B25C00BAE61F005946203FF9400F00202B05D0BD
:10B26C004021CB1A594699400A43924653465A1EDE
:10B27C0093411F4304E6EB1A9B4D15406F07ED08F5
:10B28C002C035D05240B6D0D36E7954DAB4200D1BB
:10B29C00D6E082182100824280415944404208186D
:10B2AC00C707520817434408520700D485E10F2200
:10B2BC001D003A40042A00D01AE6FF086407274311
:10B2CC000509DDE75B46D2085F071743DD087BE61F
:10B2DC000027002410E7002B00D0D6E0002900D076
:10B2EC002FE1802400267E4D240305E766465C464C
:10B2FC00D00817E75B46171ABA4292411C1B01266D
:10B30C0063465242A41A1E40C4E58318834280410E
:10B31C005C44404225182A0200D4DAE0724A5B08E9
:10B32C001540EA071A4369085B0700D44AE10F236A
:10B33C001340042B00D1FCE0171D9742A44164423A
:10B34C0002256418ECE647461C001F4300D043E777
:10B35C00002600250024CFE6C00867070743E50850
:10B36C0032E6871A5B46B8428041E41A4042241AFE
:10B37C00230228D46307FF081F43E50801237FE756
:10B38C00002B00D173E64B465F1B3B00002D00D118
:10B39C0042E7382F00DDECE080230E001B041C4339
:10B3AC001F2F25DC20252300ED1B0100A840AB40FE
:10B3BC00F940451EA8410B43FC4018435B461B1B40
:10B3CC009B4639E76646012562E51F005946203F3A
:10B3DC00F9408C46202B05D040275946FB1A994042
:10B3EC000A43924657467B1E9F4163461F43C1E565
:10B3FC003B002500203BDD40202F04D04023DB1BED
:10B40C009C40204380464046431E9841284313E706
:10B41C0000299DD0012663465C4690461E40DBE623
:10B42C00171A5B46BA4292411C1B5242A41A2302C1
:10B43C00C8D46307FF081F4366460123E5081FE7CE
:10B44C001D000024002757E65C46D0086AE6002B56
:10B45C0000D137E75346C00867070743E508002BC0
:10B46C0000D1B1E580231B031D4208D05946C80802
:10B47C00184204D1D20849070A43170005007B0F74
:10B48C00FF00FF085B071F439EE5C00863071843D6
:10B49C00E508002953D080231B031D420AD05946CE
:10B4AC00CC081C4206D1012663462500D00849076A
:10B4BC0008431E40470FC000C0087F07074383E5C1
:10B4CC008318934292415C445242A5182A0200D53B
:10B4DC0024E76F07DB081F43ED080123D0E6C046C5
:10B4EC00FF070000FE070000FFFF7FFF5B46D2084E
:10B4FC005F0766461743DD0866E52500203BDD4007
:10B50C006346202B05D0402361465B1A9C402043A8
:10B51C00804647467B1E9F412F43A0E520210027F4
:10B52C00091AD2E4002F00D113E75C46170000255E
:10B53C00F6E5D708490702230F432D09A0E60700BB
:10B54C0042E55B4601265F07DD086346D2081743D8
:10B55C001E4039E55B46D2085F071743DD0833E52B
:10B56C001E4ADB0822405707520201251F43140BC9
:10B57C00C2E50E0001205FE6002B0DD04B465B1B95
:10B58C009C46002D00D148E50127382B00DD66E5EF
:10B59C0080231B041C4350E56B1C114D2B4200D027
:10B5AC0073E65946230011438A46034300E66707B6
:10B5BC00C00800230743E50862E66407FF08274339
:10B5CC0005095DE6D208490711430F0002232D0936
:10B5DC0056E60700A4E538008FE4C046FFFF7FFF66
:10B5EC00FE070000F0B5C6461E03360BB0460D4EE6
:10B5FC000C034D005F0000B5240B6D0D7F0DB542A3
:10B60C000BD0084900208F4204D146461643300027
:10B61C00431E984180BCB846F0BD04430120002C69
:10B62C00F8D1EEE7FF0700000B00020070B5164DD5
:10B63C000C0382B04900002000920193240B490DA9
:10B64C00DE0FA94204DD1148814203DD104BF018D6
:10B65C0002B070BD8020400320430E4C641A1F2C96
:10B66C0008DD0D4B5B1AD84003005842002EEFD179
:10B67C001800EDE7094B009A9C46030061448B408F
:10B68C00E2401343F1E7C046FE0300001D04000036
:10B69C00FFFFFF7F3304000013040000EDFBFFFFEE
:10B6AC0070B5002816D0C317C5185D40C40F28000C
:10B6BC0000F012F9104B1B1A5B055B0D0A2814DC09
:10B6CC0002002E00153296400B22121AD5402D0383
:10B6DC002D0B03E000240023002500261B052B4323
:10B6EC00E40723433000190070BD0B3885402D034F
:10B6FC0000262D0BF2E7C0461E04000010B5041EF8
:10B70C0010D000F0E9F80E4B1B1A5B055B0D0A28F4
:10B71C000FDC0B222100121AD14015300A03844091
:10B72C00120B01E0002300221B051343200019001B
:10B73C0010BD22000B38824012030024120BF3E7D9
:10B74C001E04000070B542024300C40FFE201B0E05
:10B75C00591C550A08420CD0E02189008C466D0713
:10B76C00120B63441B051343E40723432800190001
:10B77C0070BD002B14D1002D1BD0280000F0ACF8AC
:10B78C000A281CDC0B232A001B1ADA400300153391
:10B79C009D400E4B12031B1A5B05120B5B0DE1E770
:10B7AC00002D09D0130B802212031A436D07084B8E
:10B7BC00D8E700230022D5E70022054BD2E703008F
:10B7CC002A000B3B9A400025E3E7C04689030000A2
:10B7DC00FF070000F0B54B000F035B0D3A4C450F13
:10B7EC0083B07F0A5E1C2F4300900191CA0FC500E5
:10B7FC0026420BD035495C18FE2C13DDFF200023AC
:10B80C00C0051843D207104303B0F0BD3D43002BD5
:10B81C0001D10020F4E7002DF0D08023DB03FF20C2
:10B82C003B43EDE7002C0CDD009BFF009B01581EF9
:10B83C008341690F3B430B43590727D1DB08E0B227
:10B84C00DEE72100173131DB80211E20090439434A
:10B85C00001B1F282DDD02267642341B0E00E6400D
:10B86C003400202804D01A488446634499400D4380
:10B87C002B00591E8B412343590703D00F2119402C
:10B88C0004290BD19B0100205B0AB9E70F21194059
:10B89C00042904D19B015B0AE0B2B1E70024043314
:10B8AC005901F7D501340023E0B2A9E700200023A9
:10B8BC00A6E7084C1C192B00A540C340A140681EEC
:10B8CC00854129430B43D7E7FE07000080FCFFFFAF
:10B8DC00A2FCFFFF82FCFFFF1C2101231B049842EA
:10B8EC0001D3000C10391B0A984201D3000A083905
:10B8FC001B09984201D30009043902A2105C4018BC
:10B90C007047C0460403020201010101000000005F
:10B91C000000000010B5002903D1FFF7DDFF203037
:10B92C0002E00800FFF7D8FF10BDC04682B073B527
:10B93C006C460091079321000300626060C960C3EC
:10B94C0007AA60CA60C313001500103006CB06C0EE
:10B95C0001220098616803F09FF969680122099837
:10B96C0003F09AF973BC08BC02B0184737B5040051
:10B97C0003F0A0FDA068A38902691342FCD0016901
:10B98C000A001A401942FAD101AD2068616803F02F
:10B99C0083F929000122032003F0BEFC03CC012211
:10B9AC0003F07AF903F084FD28786B7800041B020D
:10B9BC001843AB7818433EBDF0B5094985B0094B27
:10B9CC0001ACC0CBC0C40B004968074A00911B688E
:10B9DC00064811685268FFF7A9FF05B0F0BDC046D4
:10B9EC00540000204C0000203C000020D402002019
:10B9FC0010B50348FFF7BAFF80231B04584010BD55
:10BA0C00D402002010B50548FFF7B0FF80231B04BB
:10BA1C005840984201DA024B181A10BDD40200208B
:10BA2C00FFFF7F0070B504250024FFF7E1FF013D07
:10BA3C002418002DF9D10723E01718400019C01065
:10BA4C0070BD0000F0B504000525002699B00392E6
:10BA5C000F0048227C4906A804930BF064FD631F79
:10BA6C0001937A4B02937A4B0593019BAB4257DCC3
:10BA7C0000221E9B1E80774B1A70774A1278029216
:10BA8C00764A964200D874E001251D70714B744AB9
:10BA9C001B782C000192002B1ED0029B714E002BA8
:10BAAC0000D1A0E0704B1B78002B00D19BE06F4BBA
:10BABC001B78002B00D196E06D4B7C1E1C60012284
:10BACC00694B1A70974201D16A4B1F70FA22338866
:10BADC0092009B189BB233805F4B1B78002B0CD0D1
:10BAEC00614B1B78002B08D0604B1B78002B04D0CB
:10BAFC005F4B1B68AB4200DA1C00019B1B78002BD0
:10BB0C0009D05D4B1B78002B05D15C4B039AD35CA1
:10BB1C00A34200DC5C1E201E00DC012019B0F0BD2D
:10BB2C00029B6A00985AFFF7BBFD0022544BFFF7AB
:10BB3C004FF9FFF779FDC317C4185C40059B6A00E9
:10BB4C00985AFFF7ADFD00224D4BFFF741F9FFF777
:10BB5C006BFDC317C018584082B2231CA4B2944288
:10BB6C0000D2031C9AB2B24200D2331C9EB20135F1
:10BB7C007BE7029B002B04D001223C4B1A703C4B00
:10BB8C001F60092301937B1E06ACDB00E3180593B1
:10BB9C00019D30006B1E0193FFF782FD226C636CDC
:10BBAC00FEF730FE059B083C1A685B68FEF7F0F95F
:10BBBC00344A354BFCF740FC002803D1019B002B89
:10BBCC00E6D10125264B1B78002B00D15EE7052F13
:10BBDC0000DC5BE7BD4200DC58E72C4B9E4200D8F2
:10BBEC0054E77D1C52E70624A74207DC023C062FD3
:10BBFC0004D03C00032F00DD0324013C019B029A7E
:10BC0C001B78002A00D05AE7002B00D15EE7049B7A
:10BC1C00002B0ED0039B1E4A013BD35C032B08D890
:10BC2C0001221C4B1A701C4B1C6033881B199BB2D5
:10BC3C003380114B1B78002B00D047E70F4B039A36
:10BC4C00D75402F0C5F941E7F88A0108845700205F
:10BC5C00944C00200E040020E90100205B3F000002
:10BC6C005A6300206E670020C2650020C06500206A
:10BC7C0014020020C1650020C40A00207663002055
:10BC8C0080FFCF409A99999959CCCC4070170000FD
:10BC9C00E4030020C365002010020020F8B5160054
:10BCAC001F000C001C4B00223900451E3000FCF715
:10BCBC00BDFB1A4B002803D1194A1278002A1AD15D
:10BCCC005A5D0132D2B25A55002C04D0611E5A5C16
:10BCDC000132D2B25A545A5D072A01D907225A5559
:10BCEC00002C05D0013C1A5D072A01D907221A55F0
:10BCFC00585DC0B2F8BD5A5D002A03D05A5D013AB6
:10BD0C00D2B25A55002CE6D0611E5A5C002AE2D001
:10BD1C005A5C013ADDE7C04600002E40E4030020E7
:10BD2C000D04002010B5D02200210B480BF066FB4F
:10BD3C0000230020094A0A4913700A4A13700A4A60
:10BD4C0010605160094A0A480A49106051600A4A59
:10BD5C00137002F0BFF910BD78620020E2030020DE
:10BD6C0000002E40E30300202000002010000020E3
:10BD7C000E2DB29DEFFF5840E103002010B5682254
:10BD8C00002103480BF03AFB02F020F810BDC0462E
:10BD9C00386500200023190010B5044AD154013332
:10BDAC000D2BFBD102F0F2F810BDC046E4030020CD
:10BDBC00F0B585B002F023FC0C22594B02901B7895
:10BDCC000192002B01D104330193564B564A1D7836
:10BDDC0000231C0018009D4258DCFFF78FFC534BCE
:10BDEC000022FEF70FFD524B06001B780F00002BB4
:10BDFC0056D02800FFF754FC0B000200390030002D
:10BE0C00FEF7C6F84B4B06001B780F000425002BE1
:10BE1C0012D0494B013D1B78AB420DD8474B1B78D8
:10BE2C00002B04D0464B02351B78002B04D0019B11
:10BE3C00029A934238D80225280001F0D9FE019BC2
:10BE4C00029A934207D13F4C2378002B03D1FFF782
:10BE5C0069FF012323703C4B1B78002B13D000226D
:10BE6C0030003900394BFCF705FB00280BD0384A61
:10BE7C001368012B07D1022010602D4A137002F0B9
:10BE8C00D5F9FFF787FF280005B0F0BDD15C052977
:10BE9C0003D90130C0B201339DE70134E4B2FAE7B3
:10BEAC002800FFF72BFCA7E72A4B2B490393002212
:10BEBC0008684968294BFCF7B9FA002815D1284BBA
:10BECC001B78002B17D1002230003900254BFCF7D2
:10BEDC00D1FA0028AFD1244B002230003900FCF7F6
:10BEEC00C9FA431E98410500A6E702F0A3FB0228FD
:10BEFC00E5D80625A0E70025042C03D80235AC4272
:10BF0C0000D9013D039900228031144B086849681F
:10BF1C00FCF78CFA002800D18EE7022DE9D18AE7D4
:10BF2C007C67002051020020E403002000005940EF
:10BF3C005C6300207F670020B06500204802002071
:10BF4C00A1660020C8030020E80100200000494041
:10BF5C00EC010020E0090020600A002000002E40C7
:10BF6C00E103002000C0524000004E400C4B70B565
:10BF7C0018780C4B03221C780525002306260A4949
:10BF8C00002800D02A00002C00D03200CA54013303
:10BF9C000D2BF5D10022054B1A7002F043F870BD41
:10BFAC0059630020E8010020A0650020AF65002047
:10BFBC00F0B58DB00B930E001300069001928A42DF
:10BFCC0008D1854A94466344DB00C3181868596845
:10BFDC000DB0F0BD00240F00019B251C5B1A0493CF
:10BFEC000294019B9F4200DA87E00498FDF774FBF2
:10BFFC00071C011C0298FCF7C3FD391C0790281C78
:10C00C00FCF7BEFD391C0890201CFCF7B9FD002480
:10C01C0009900494271C03940294019B9E4200DA1D
:10C02C008EE004990298FCF779FF391C051C381C2A
:10C03C00FCF774FF011C281CFDF7CAF80499061CB8
:10C04C000398FCF76BFF211C051C381CFCF766FFE2
:10C05C00011C281CFDF7BCF8311CFCF791FD211CC0
:10C06C00051C0298FCF75AFF391C041C0398FCF7BA
:10C07C0055FF011C201CFDF7ABF8311CFCF780FDB3
:10C08C00291C041C0798FCF749FF011C0898FDF7B4
:10C09C009FF8211C061C0998FCF740FF011C301C62
:10C0AC00FDF796F80B9B061C5A1E9341019AD31A66
:10C0BC0018000193FDF710FB291C071CFCF72EFF41
:10C0CC00311CFCF76BFB211C051C381CFCF726FFF4
:10C0DC00391CFCF723FF011C281CFCF75FFB00211B
:10C0EC00041CFCF7E3F9002800D000243B49201C79
:10C0FC00FCF714FFFFF726FB6AE73800FDF7ECFAB4
:10C10C00069AFB00D318039018685968FFF762FB76
:10C11C003249FCF735FD011C281CFCF73FFB039949
:10C12C00051C0298FCF73AFB03990290081CFCF7DB
:10C13C00F5FE011C201CFCF731FB0137041C50E7F9
:10C14C003000FDF7C9FA0799051CFDF741F8011CF1
:10C15C000590FCF7E3FE011C0298FCF71FFB069A06
:10C16C00F300D318029018685968FFF733FB1B498A
:10C17C00FCF706FD0899FDF72BF8011C0A900598B1
:10C18C00FCF7CCFE011C0398FCF708FB291C039060
:10C19C00281CFCF7C3FE0999FDF71AF8051C011CB5
:10C1AC000598FCF7BBFE011C381CFCF7F7FA291CA0
:10C1BC00071C281CFCF7B2FE011C0498FCF7EEFAD5
:10C1CC00291C04900A98FCF7A9FE011C201CFCF702
:10C1DC00E5FA0136041C20E7FFFFFF1F00FEFF46B7
:10C1EC00F8B506000F0014001D00FCF743F90028F9
:10C1FC000CD0069A079B30003900FCF727F9002871
:10C20C002FD034003D0029002000F8BD22002B0067
:10C21C0030003900FCF71AF900280FD0069A079B5A
:10C22C0030003900FCF726F90028EAD1069A079B62
:10C23C0020002900FCF70AF90028E4D122002B0089
:10C24C0030003900FCF716F9002807D0069A079B36
:10C25C0020002900FCF70EF90028D4D1069C079D7C
:10C26C00D1E722002B0030003900FCF7DFF8002862
:10C27C00ECD0D3E7F0B589B0069007911900814B4B
:10C28C0010001B78002B05D100247F4D20002900C5
:10C29C0009B0F0BD00227D4BFDF7B4FA02000B0093
:10C2AC0000207B49FDF774FE02000B000290039105
:10C2BC0000207849FDF76CFE0022774BFEF788FDD5
:10C2CC00029A039B04000D0000207449FDF760FEE8
:10C2DC000022714BFEF77CFD0E9A0F9B0090019192
:10C2EC0020002900FFF77CFF00246D4D02000B009D
:10C2FC000020009401956B49FFF772FF00226A4BF6
:10C30C0004900591FEF764FD684B694AFEF77AFAD2
:10C31C000BF012FF674B1B78002B54D10022664B9D
:10C32C00FDF770FA02000B0064486549FDF730FE1A
:10C33C00644A654BFDF766FA06000F0004980599F0
:10C34C000022624BFEF744FD32003B00FEF75AFA26
:10C35C00002204000D00069807995D4BFEF738FD8E
:10C36C0002000B0020002900FDF74CFA554A04008E
:10C37C000D00554B30003900FEF72AFD0022554BBD
:10C38C00FEF740FA02000B0020002900FDF73AFAF4
:10C39C00514A524BFEF736FA029A039BFEF732FAD9
:10C3AC000022002304000D00FCF746F8002800D002
:10C3BC006AE7002220002900494BFCF751F80028BD
:10C3CC0000D061E762E7009401950E9A0F9B002064
:10C3DC004449FFF705FF069A079B04000D00002057
:10C3EC004149FEF7F5FC220006000F002B0000204F
:10C3FC003E49FEF7EDFC02000B0030003900FDF762
:10C40C0001FA3B4A04000D0002980399394BFEF7E0
:10C41C00F9F902000B0020002900FEF7F3F90400E3
:10C42C000D00354A354BFEF7EDF922002B00FEF7D7
:10C43C00E9F922002B00FEF7E5F9314A06000F005E
:10C44C00200029002F4BFEF7DDF922002B00FEF710
:10C45C00D9F902000B0030003900FDF7D3F92A4A54
:10C46C0006000F0020002900284BFEF7CBF9020034
:10C47C000B0030003900FDF7C5F9254A254BFEF7B6
:10C48C00A7FC8DE70D04002000002E400010714029
:10C49C0000A07240004C98400000894000A89B40CE
:10C4AC0000C08C400080864000E08A409999C9BF4A
:10C4BC009A999999596300200000F03FC01E85EBB2
:10C4CC0051B89E3FA4703D0AD7A3E83F00488C406A
:10C4DC0000407F4000408F403BDF4F8D976E92BFF6
:10C4EC0000002C40000886400090804000288940C5
:10C4FC009E12E429419E923F1B0DE02D90A0A83F77
:10C50C00BA490C022B87F0BF8351499D80462040CD
:10C51C000E2DB29DEF272F401D4B70B51B781D4E75
:10C52C0034687568002B18D122002B0000201A49A2
:10C53C00FEF74EFC194A1A4BFEF764F922002B0049
:10C54C00FDF760F9174A184B04000D00FBF788FF44
:10C55C00002818D13460756070BD144B1B88002BFB
:10C56C0004D022002B0000201149E1E72000290013
:10C57C000A4A0B4BFEF746F902000B00200029007B
:10C58C00FEF726FCDEE7074B074C33607460E3E7ED
:10C59C000D040020D0030020000008409A999999BE
:10C5AC009999B93FCBA145B6F3FD07406E670020C2
:10C5BC000000F83FFFB516001F002D4B0C000022A9
:10C5CC00300039001B78FFB02A4BFBF735FF2A4DA2
:10C5DC0000281BD00022002330003900FBF740FF5D
:10C5EC00002813D0002C11D10022AA56234C244B26
:10C5FC00D10001325B1820002A702249C822C834AD
:10C60C001E605F600AF0E8FE2660676000241E4B27
:10C61C002C571D78002C3FDC002D00D077E2002336
:10C62C001A4C009301940023134AD356192B04DDA2
:10C63C001A3B13700122144B1A70FFF76DFF00990F
:10C64C00019A134B19605A60124B00221C685D68EA
:10C65C000E4B20002900FBF7E9FE002801D10094C5
:10C66C0001950098019983239B009D44F0BDC04621
:10C67C008367002000002C40E2030020F002002021
:10C68C0078620020F8020020E303002000002E4016
:10C69C0008000020000000201A230A93002D00D16E
:10C6AC000A94D02200211AA80AF0A8FE2100002327
:10C6BC001231D04A04911A390293009206919C428D
:10C6CC0002DD0699994204DD002D10D0049999429F
:10C6DC000DDCD9008C461AAA9444009A891862463B
:10C6EC0008684968106051600299013102910A9AF8
:10C6FC0001339A42E3DC0822BF4B1A211AA80AF034
:10C70C0001FC029B029ADB0F9B185B10D20700D432
:10C71C0000E2DB001AAA9B185C681B68009301946A
:10C72C00029B052B00DCE3E0002230003900B34B08
:10C73C00FBF77CFE002800D0DAE0B14C0022206828
:10C74C006168AE4BFBF772FE002801D02660676073
:10C75C00236864681C981D990493059432003B006F
:10C76C00FBF76AFE00280BD1049A059B30003900B8
:10C77C00FEF72EFB0022A34BFBF772FE00280AD01B
:10C78C00A14B1A78A14B002A00D1D8E101221A60E2
:10C79C0000229D4B1A70029B1AAA023BDB009B18CD
:10C7AC0019003200086849683B00FBF759FE002865
:10C7BC000BD1049A059B30003900FEF709FB0022CF
:10C7CC00934BFBF739FE00280AD0924B1A788F4B0B
:10C7DC00002A00D1BAE101221A6000228D4B1A7096
:10C7EC008A4B00251A68022A01DD1D60013502986A
:10C7FC00FEF756FF0022884BFDF7CAFBFEF714FF2D
:10C80C001AAAC3009B181900049A059B0400086817
:10C81C004968FBF711FE002800D09EE1029B1AAA82
:10C82C00013B1B1BDB009B181900049A059B086835
:10C83C004968FBF715FE002800D08EE1002D57D07B
:10C84C00764B774CD02200214EA8069307940AF021
:10C85C00D5FD0023734D4EAC0B932A686B680C927C
:10C86C000D930C980D99009A019BFEF7B1FA4B00B1
:10C87C005B080F930E9006000F000E980F99002284
:10C88C00694BFBF7EDFD002800D169E1009A019B93
:10C89C00226063600B9B083D01330B930B9A029B48
:10C8AC0008349342D9D10123029A00214EA8FFF7F4
:10C8BC007FFB534B06000F000B930020069A079B3F
:10C8CC005949FEF785FA049A059BFDF79BFF320048
:10C8DC0004000D00069807993B00FDF793FF0B0031
:10C8EC00020029002000FCF78DFF0B9B186059609B
:10C8FC000024002600274D4B3E4D1B785BB2049361
:10C90C00083B06934A4B1B780B93049B12330C93F6
:10C91C00049BA34202DD069BA34205DD0B9B002B6F
:10C92C0016D00C9BA34213DC009A019BE100491921
:10C93C0008684968FEF74CFA02000B00FDF762FF2D
:10C94C0002000B0030003900FCF75CFF06000F0002
:10C95C000A9B0134A342DBDC0298FEF7A1FE020025
:10C96C000B0030003900FDF713FB0BF053FC0A00F1
:10C97C001490159101002F4B19605A6000222E4B18
:10C98C001A702E4B1B78934204D12D4B1B7893427B
:10C99C0000D007E12B4B2C4C204E10931194204FC0
:10C9AC00049B032B03D10B9B002B00D1FFE08024B5
:10C9BC000023E4050E930F940022002300240C9214
:10C9CC000D930C4B06941693049B013B1793049BFD
:10C9DC0012331893049B083B1993049BA34202DD6A
:10C9EC00199BA34232DD0B9B002B6FD0189B9C42F2
:10C9FC006CDB2BE078620020D115010800002E4082
:10CA0C00000000200000E03FC0030020C403002011
:10CA1C000000E0BFC1030020000018409A999999CA
:10CA2C009999C93F800300200000F03FE2030020E9
:10CA3C00E303002018000020E003002059630020CD
:10CA4C00E8010020333333333333C33F169AE3000A
:10CA5C009B181A685B681292139312981399009A98
:10CA6C00019BFEF7B5F9029003910E980F99029B6A
:10CA7C000893039B5B005B080993149A159BFDF7C5
:10CA8C00C1FE02000B0008980999FBF7D5FC0028A1
:10CA9C0008D1109A119B08980999FBF7CDFC002836
:10CAAC0000D187E00898099932003B00FBF7C4FCE1
:10CABC00002800D17EE00C980D99069B013306935B
:10CACC00129A139BFCF79EFE0C900D910A9B01345D
:10CADC00A34200DD81E7594B1B78002B02D00022CA
:10CAEC00574B1A60069B002B00DC9CE51800FEF7E8
:10CAFC00D7FD02000B000C980D99FDF749FA0A00BE
:10CB0C000090019101004F4B19605A608BE51A237C
:10CB1C000A93C6E55A1E1AA9D20052181100DB005E
:10CB2C001AAA9B181A685B6808684968FCF76AFEC1
:10CB3C000022454BFDF766FE00900191F0E51A6866
:10CB4C0001321A600122414B1A7021E61A68013237
:10CB5C001A6001223E4B1A703FE600233A4C71E6F4
:10CB6C003C4A300039003C4BFBF77AFC394A002830
:10CB7C0007D000980199384BFCF744FE20606160A7
:10CB8C0088E630003900354BFBF756FC002802D103
:10CB9C000C9A0D9B7CE62F4A2F4B00980199FEF7BF
:10CBAC0017F9EBE72E4E2F4F10961197F8E600234E
:10CBBC002D4CFFE6179B9C4288D1204A1578002DFE
:10CBCC0000D183E729490B8864339BB20B80002387
:10CBDC001370274A13700122264B1A70264B002221
:10CBEC001B78002B13D1029803990023FBF724FC2C
:10CBFC00002819D0124A136801331360104B1B68BC
:10CC0C00012B00DC62E701221C4B1A705EE700234B
:10CC1C0002980399FBF724FC051EEBD10122084B6B
:10CC2C001A60154B1D7051E70022029803990023DE
:10CC3C00FBF716FC0028F1D1E0E7C0460D040020FC
:10CC4C0008040020200000200000E03FC103002069
:10CC5C00C00300209A9999999999B93F9999B9BFAC
:10CC6C00333333333333D33F0000F03F6E67002050
:10CC7C000C040020E00300203000002005040020FC
:10CC8C00F0B5002201260400094F0A488A4200DB55
:10CC9C00F0BD0825A35C5840030033405B423B4089
:10CCAC0040085840013D80B2002DF5D10132EDE72E
:10CCBC0001A0FFFFFFFF00000122024B1A8000229F
:10CCCC005A807047F203002070B5084C0500237899
:10CCDC000E00002B01D1FFF7EFFF31002800FFF70A
:10CCEC00CFFF01236080A080637070BDF203002031
:10CCFC0010B5FFF7E9FF014B187910BDF2030020C6
:10CD0C000020034B5A78824200D058797047C046B5
:10CD1C00F203002070B504000D0000226168006869
:10CD2C0001F0BAFF29000122032002F09BFA03CC88
:10CD3C00012201F0B1FF70BD7FB56B4600915A60C6
:10CD4C0019000200050011C911C20122009859688E
:10CD5C0001F0A2FF0126282303AC28002100238028
:10CD6C00A670FFF7D7FF3823280021002380A67078
:10CD7C00FFF7D0FF02232800F61821002380A670AD
:10CD8C00FFF7C8FF302328002100A6702380FFF78F
:10CD9C00C1FF7FBD07B590220B001202914200D952
:10CDAC001300182201A90A701A0A4A708B70FFF737
:10CDBC00B1FF07BD07B590220B001202914200D9BA
:10CDCC001300192201A90A701A0A4A708B70FFF716
:10CDDC00A1FF07BD00880B88C01A7047F0B51F0073
:10CDEC0000250C0085B08B00060018580A9B039296
:10CDFC0018603D60039B9C4201DB00251BE0A300F7
:10CE0C000293F3580193002D08D1191CFBF74EFB2C
:10CE1C00431E9841050001980134EBE70199FBF79B
:10CE2C0059FB0028F7D0029B0A9AF318043B1B68A5
:10CE3C00013C3C601360280005B0F0BDF0B50C005F
:10CE4C000600002785B003938B00195893000192BC
:10CE5C001B580A9A019D1360013C019B9C4207DD03
:10CE6C00002F0DD0631BDA179B185340052B07DDE1
:10CE7C00039B0A9A1D60AD00AB59136005B0F0BD61
:10CE8C00A300F358181C0293FBF724FB002806D0D0
:10CE9C00002F01D1651C01370299013CDDE7070029
:10CEAC00FAE7F0B50C000600002785B003938B0061
:10CEBC001958930001921B580A9A019D1360013472
:10CECC00019B9C4207DA002F0DD0631BDA179B18CD
:10CEDC005340052B07DD039B0A9A1D60AD00AB592F
:10CEEC00136005B0F0BDA300F358181C0293FBF7B8
:10CEFC00F1FA002806D0002F01D1651E01370299E6
:10CF0C000134DDE70700FAE770B50D0004000222DA
:10CF1C00044B09F0F7FFE90F49194910890008592A
:10CF2C0080B270BDE1CD0008F0B50D0000241F4BA0
:10CF3C0085B002931E4B21310190203D009103934B
:10CF4C00009B9D420BD11B49201CFBF719FEFEF7E1
:10CF5C00F9FB0BF05FF9FEF73DFC05B0F0BD029A52
:10CF6C006B00D05A039AD35AC01AC317C018584032
:10CF7C00FCF7B2FB019AAB00D158FCF729F9FEF78C
:10CF8C00E1FB02000B00FDF73DFC0600201C0F002E
:10CF9C00FEF7D8FB02000B0030003900FCF732FC26
:10CFAC00FEF718FC0135041CCAE7C0468457002064
:10CFBC00944C002000008242F0B5002689B000AFEE
:10CFCC003A61013A3B60D30F9B185B10B8607960F3
:10CFDC00BB613B689E4202DBBD4609B0F0BD6B46AF
:10CFEC00BC69FB603B69FB61A64203DA3400730049
:10CFFC000133FB616A460025FB69341B9B00073338
:10D00C00DB08DB00D31A9D467B61BB68A4001C19AE
:10D01C00FB69AB420CDC19007869FFF775FFFCF774
:10D02C00ABFB7B68B4001851FB6801369D46D0E71A
:10D03C0001CCFCF731FB7B69AA0098500135E7E77E
:10D04C00F0B5002489B00492013A0593D30F9B18D4
:10D05C005B100393059B069007915E1E059B9C42FB
:10D06C0001DB09B0F0BD039B9C421ADA230065007A
:10D07C000135069AE31A9B00D7180023029300236C
:10D08C000193029B9D4216DC2800FCF725FB011C3A
:10D09C000198FBF775FD079BA700D8510134013EA1
:10D0AC00DCE7039A3300964202DA75000135E0E7BB
:10D0BC00039B049DDDE7019802CFFBF76FFB029BFE
:10D0CC00019001330293DCE7F8B504000D00002059
:10D0DC00012917DD00268F00231FFF1821686068C7
:10D0EC00FCF776F841004908301CFBF757FB043479
:10D0FC00061CA742F2D1681EFCF7EEFA011C301C8C
:10D10C00FBF73EFDF8BD0000F0B5A1B014921593ED
:10D11C00002319931A931B9300231D931E931F93A3
:10D12C00764B04901B780B91002B00D1ACE0322392
:10D13C001B93734D734EAB8830002B806B80724BFE
:10D14C0004995A8800241A80FFF7BEFF21226F4BE6
:10D15C0018606F4B1A60049BA34200DD9BE0002417
:10D16C006C4F300021223900FFF76AFF644E049B9C
:10D17C00A34200DD98E00024624F634E049BA3425F
:10D18C0000DD9AE00024634E380021223100FFF7C5
:10D19C0057FF5D4F049BA34200DD97E000255A4BDF
:10D1AC00584C574F0393049BAB4200DD97E0544D12
:10D1BC00554E2B8830880027C01AC317C01858400A
:10D1CC00FCF78AFA20606B887088C01AC317C018E5
:10D1DC005840FCF781FA4F4D4F4A2900049B1268C6
:10D1EC0060602000FFF7E8FE412221002800049B2C
:10D1FC00FFF726FF2122464B29001A602000049BD2
:10D20C00FFF71EFFDC220021444852000AF0F6F81A
:10D21C00002303930C9300230A930F930693049A11
:10D22C001CAB00933B4818AB1B99323AFFF7D6FD69
:10D23C00039B0890002B00D08BE1002872D0384B58
:10D24C00189F1B78002B00D088E1324C1EAB0122BA
:10D25C003900200000931AABFFF7F0FD049B390056
:10D26C005A1E1FAB200000931BABFFF71AFE1C9B32
:10D27C001E99181C0693FBF7ABFF1F990F9006988D
:10D28C00FBF7A6FF0A9072E0254B1B78002B00D110
:10D29C004FE714234CE76300E85AFCF76DFAA7003C
:10D2AC00F7193860013456E7A300F858FBF774F906
:10D2BC006500AD192880013459E76300F05AFCF77A
:10D2CC005BFAA5007D192860013457E7A300F058DC
:10D2DC00FBF762F96500ED19288001345AE7039ACF
:10D2EC006B00D05AFB5AAE00C01AC317C018584076
:10D2FC00FCF7F2F9A6193060013554E75A630020A7
:10D30C0084570020B4360020944C00206067002025
:10D31C0028000020D42000202C0000201004002025
:10D32C00E9010020D64B1B78002B00D1DDE0D54B5A
:10D33C001B78002B00D1E2E00024D34B1D685E6803
:10D34C00D24B0793049BA34211DD079AA300D0583C
:10D35C00FEF7F8F92A003300FBF76EF8002800D12D
:10D36C00F5E023001894323B32341A931B941A9B29
:10D37C001B9E0793079A189B140009939B1A642B06
:10D38C0001DD099C643C099B0D96F31A642B02DDAC
:10D39C00099B64330D930D9B25001B1B581C8000AF
:10D3AC000E9309F043FCBA4B10901193119AA30001
:10D3BC009B58139012930D9B9B009B5816930D9B9F
:10D3CC00AB4200DBDAE01DAB009300210E9A109803
:10D3DC0019ABFFF703FD051E13D01D9B1299181CEA
:10D3EC000693FBF7F5FE199F0021E719041CFBF7C8
:10D3FC007BF8002801D00A940F94089B002B00D1D5
:10D40C000C95109809F01CFC079BFC1AE317E41808
:10D41C005C400023052C0FDDBA1BD11752184A4073
:10D42C00052A09DD079AB21AD11752184A40012170
:10D43C00142A00DC19000B00089A002A01D1002DD7
:10D44C005DD0002B00D17FE3924B38000D93039BF2
:10D45C005D1C28235D43FCF73FF90D9B5851282593
:10D46C00039B07985D430D9B5D19FCF735F9E8624A
:10D47C003000FCF731F9069B28636B630F9B390076
:10D48C00AB630A9B8248EB63FFF74EFD28640020D8
:10D49C00052C0FDDBB1BDA179B185340052B09DD40
:10D4AC00079BF31ADA179B1853400122142B00DC4C
:10D4BC00020010002823039A764C5343E418FCF71F
:10D4CC000BF960640998FCF707F9704BBA00D35854
:10D4DC00A064E364039B01330393089B002B0ED0E1
:10D4EC00039B0A2B00D09AE609E06B4B1B78002BB0
:10D4FC0000D01CE701F083F8002800D017E7674B39
:10D50C001B780893002B00D1D4E0654B614C1F783D
:10D51C00002F51D13E003D00624B06970A970993AC
:10D52C00039B9D4251DA276C0998391CFAF7D2FFFC
:10D53C00002809D00021606CFAF7CCFF002800D03D
:10D54C0099E0002E00D1B3E001352834E8E701342E
:10D55C00F8E6089B002B00D071E6D0E7524B1B7805
:10D56C00002B00D171E6494BBA00D058FCF794F867
:10D57C00C3174E4CC0185840206066E6281BFCF7B9
:10D58C00ABF8169917901298FBF722FE011C17980E
:10D59C00FBF7C4FC17900E98FCF79EF8011C17982B
:10D5AC00FBF7EEFA119AAB00D158FBF7F7F8139B87
:10D5BC00013501C3139302E700252E00394B069564
:10D5CC000A950993039B9D422EDB2E4B1B780793E8
:10D5DC00002B00D198E0304B00251F782D4C002FEC
:10D5EC0000D08EE0039B022B00D133E13D000027DD
:10D5FC00039B9D4200DB87E0E16BA06BFBF78EFC8D
:10D60C000990011C381CFAF751FF002809D00021A1
:10D61C00606CFAF75FFF002800D02DE1002E00D1DE
:10D62C002EE101352834E3E7E06CFEF78BF8149A11
:10D63C00159BFDF7CDFBFDF7F7FFC317C01858403E
:10D64C00FCF74AF80790011C0998FAF743FF0028E9
:10D65C0007D00021606CFAF73DFF002804D1002EA2
:10D66C0007D001352834ADE7079B3E000A95099396
:10D67C00F7E70695F5E7089E0A95099764E7C04613
:10D68C00C76500205A63002038020020F40A0020ED
:10D69C00D420002010040020D3650020E9010020D4
:10D6AC00D265002000FEFF46596300206867002009
:10D6BC00069549E7089EC64B06960A96099384E799
:10D6CC00E06CFEF73FF8149A159BFDF781FBFDF714
:10D6DC00ABFFC317C0185840FBF7FEFF0D90011CA1
:10D6EC000998FAF7F7FE002809D00021606CFAF7C8
:10D6FC00F1FE002800D0A6E0002E00D1A8E00135F4
:10D70C002834039B9D42DBDB002E01D00A9B069341
:10D71C00039B002B00D0B6E0AE4C049D2360A360AD
:10D72C00013DAD4BE560AD001A68AC4EEB58226183
:10D73C006261A3613068FAF72FFF80B2A083E083A7
:10D74C00A859FAF729FF20840398A54CA14D079BF3
:10D75C002E692060002B1BD0301CFAF71DFFA14B4B
:10D76C0020601B78002B13D19F4AA04B1278002A03
:10D77C000ED11B689E4C013BDB00E418301CFDF7FE
:10D78C00E1FF22686368FCF73DF8FEF723F8286197
:10D79C00904E3069FDF7D6FF0A0004900591010008
:10D7AC000B9B706919645A64FDF7CCFF0B9B1865D1
:10D7BC005965B069FDF7C6FF0B9B18665966B18BAE
:10D7CC006A3319800B9BF28B6E331A800B9B728C15
:10D7DC0076331A800B98B38C7A3003800798002824
:10D7EC0000D127E1C820400081428041814C404259
:10D7FC00207081480478002C0BD0002009260700EB
:10D80C00964247417D4D2F707D4D092B00D801303C
:10D81C0028707C480078002800D18FE10020092670
:10D82C000700964247419E424041744D2F70744D03
:10D83C002870002C00D1A4E073484F2A01D94F2B3B
:10D84C005FD801235EE00D9B3E000A95099356E7D5
:10D85C00069554E70021606CFAF73CFE002811D1C4
:10D86C000021E06EFAF736FE0123002802D10A9B54
:10D87C00002E08D0069306E0079E099F0A95D0E675
:10D88C000695CEE606972825069B524C5D436519F6
:10D89C00686BFAF781FEA083E86AFBF7FDFE4F4E3A
:10D8AC00830098590493FAF777FEE083286BFBF713
:10D8BC00F3FE8700B859FAF76FFE2822069B2084E6
:10D8CC00013353431859FBF7E7FE434E800083594D
:10D8DC00A86B2361049B9B596361BB59A361FAF745
:10D8EC005BFE6084E86BFAF757FEA084A86CFBF72C
:10D8FC00D3FE80008059FBF7CFFEC317C0185840E9
:10D90C0023E700230370414B41481A78012353400D
:10D91C00404A03701370C8235B00994207D3374BFE
:10D92C001B78002B03D1364B1B78002B42D00023E5
:10D93C000370039B384C002B2CD1238837495B1880
:10D94C009BB22380039B13700022354B1A702A4A1A
:10D95C001278002A10D12B4A1278002A0CD0254AB2
:10D96C001278002A08D12F4A1278002A04D0039A80
:10D97C00002A01D001221A7000222B4B1A7021B000
:10D98C00F0BD2848182A00D85BE7182B00D858E7B8
:10D99C000470B8E70C9B002B07D000F0D4FD238853
:10D9AC00224A9B189BB22380CEE700F0CCFD238843
:10D9BC001F4AF6E70C9A002AC6D0037000F0C3FD8C
:10D9CC00154A1A4913885B189BB21380BCE7C046F2
:10D9DC0000FEFF4610040020F40A0020D420002092
:10D9EC00686700205C630020C40A0020880A0020BD
:10D9FC003865002004040020596300200304002033
:10DA0C0002040020E8010020010400200E04002084
:10DA1C000C0400200D0400206E67002050C3FFFF93
:10DA2C00FE03002000040020FF030020204E000015
:10DA3C001027000008980028A1D0FA26B600B142A1
:10DA4C00B64144487642067009270798424E0400B6
:10DA5C009742404125009F42644130703F4804701A
:10DA6C00C72A05D9C72228009A426841C2B2089237
:10DA7C003B4A089810703B4A1278002A05D03A4A63
:10DA8C00126B022A01DC002232700120FA27374A7D
:10DA9C00374E12788446424032703648BF00B94245
:10DAAC0005D32D4F3F78002F01D1092B30D80C9B7B
:10DABC00002B1FD13370039B2F4A002B05D11388E9
:10DACC002E4C1B199BB213800CE013882C4C1B1989
:10DADC009BB213800122049C059D2A4B1A702A4B81
:10DAEC001C605D6000230370FA239B00994200D2F6
:10DAFC0045E718E00122049C059D224B1A70224B2D
:10DB0C001D4A1C605D600023204C33701388D8E7DD
:10DB1C00002A17D062461B4B07701A701A4B0499D7
:10DB2C00059A19605A60089B002B00D127E7039BCC
:10DB3C00002B00D123E70123037020E7002C00D039
:10DB4C007AE6E0E60270EEE7089B002B01D0FFF7C7
:10DB5C0066FBD4E4FC030020FB030020FA03002046
:10DB6C00F9030020E8010020880A00200E040020A0
:10DB7C00FD030020F80300206E67002050C3FFFF58
:10DB8C0010270000B165002008020020409CFFFF18
:10DB9C0010B50100662000F00DFF10BD10B501009E
:10DBAC00622000F007FF10BD10B50100632000F0EB
:10DBBC0001FF10BD10B50100602000F0FBFE10BD90
:10DBCC0010B50100612000F0F5FE10BD10B501008C
:10DBDC00C02000F0EFFE10BD10B50100672000F072
:10DBEC00E9FE10BD10B501006B2000F0E3FE10BD86
:10DBFC0010B50100682000F0DDFE10BD00233B29AC
:10DC0C0009D81818C0B2182801D918200021000210
:10DC1C00081880B270473C390133C9B2DBB2EEE769
:10DC2C0010B5FFF7EBFF0400010AC9B2642000F045
:10DC3C00C1FE6520E1B200F0BDFE10BD10B5642040
:10DC4C0000F09AFE0400652000F096FE0100200012
:10DC5C00FFF7D4FF10BD10B5040001000C22C52045
:10DC6C0000F0B6FE21000C22D12000F0B1FE8A207B
:10DC7C000C222100400000F0ABFE10BD70B50D4E23
:10DC8C00050074791022122C0ED0112C10D8013CE6
:10DC9C0020002030032180B2013400F08BFE122CC6
:10DCAC00F6D17279023AD2B22900202000F0C0FEDF
:10DCBC0070BDC046C805002070B5050000242000CA
:10DCCC00203080B200F058FE032804D128550134CE
:10DCDC00102CF4D113E02028F8D02D28F6D02E28C3
:10DCEC00F4D02F2803D93928F0D94028EED81022A7
:10DCFC000321280009F082FB2800FFF7BFFF70BD4D
:10DD0C0070B50D4E050074791022122C0ED0112C0A
:10DD1C0010D8013C20004030032180B2013400F0C7
:10DD2C0049FE122CF6D17279023AD2B22900402067
:10DD3C0000F07EFE70BDC046C805002070B5050021
:10DD4C0000242000403080B200F016FE032804D1DD
:10DD5C0028550134102CF4D113E02028F8D02D28AC
:10DD6C00F6D02E28F4D02F2803D93928F0D9402802
:10DD7C00EED810220321280009F040FB2800FFF701
:10DD8C007DFF70BD10B50100E02000F013FE10BD4A
:10DD9C000100932010B5400000F00CFE10BD932044
:10DDAC0010B5400000F0E8FDFF2803D1AA38FFF7BA
:10DDBC00EFFF552010BD10B5E02000F0DDFDFF2871
:10DDCC0003D1FD38FFF7DEFF022010BDF7B5F024BC
:10DDDC008527114E6400BF0003CEFDF7FBFC01AD9F
:10DDEC00011C280005F0E3FE2000297800F0E2FD7C
:10DDFC00601C697880B200F0DDFDA01CA97880B2AF
:10DE0C0000F0D8FDE01C0434E97880B2A4B200F034
:10DE1C00D1FDBC42E0D1F7BD3865002073B5114E81
:10DE2C00114C03CEFDF7D6FC01AD011C280005F00A
:10DE3C00BEFE2000297800F0BDFD601C697880B220
:10DE4C0000F0B8FDA01CA97880B200F0B3FDE01C76
:10DE5C00E97880B200F0AEFD0434044BA4B29C42CD
:10DE6C00DFD173BDD0640020A3020000D7020000F4
:10DE7C0073B5114E114C03CEFDF7ACFC01AD011C7A
:10DE8C00280005F094FE2000297800F093FD601C1A
:10DE9C00697880B200F08EFDA01CA97880B200F0E9
:10DEAC0089FDE01CE97880B200F084FD0434044B59
:10DEBC00A4B29C42DFD173BD68640020D70200007D
:10DECC000B03000073B5114E114C03CEFDF782FC11
:10DEDC0001AD011C280005F06AFE2000297800F035
:10DEEC0069FD601C697880B200F064FDA01CA97803
:10DEFC0080B200F05FFDE01CE97880B200F05AFDC2
:10DF0C000434044BA4B29C42DFD173BD00640020E6
:10DF1C000B0300003F03000073B5114E114C03CEF0
:10DF2C00FDF758FC01AD011C280005F040FE200057
:10DF3C00297800F03FFD601C697880B200F03AFD52
:10DF4C00A01CA97880B200F035FDE01CE97880B205
:10DF5C0000F030FD0434044BA4B29C42DFD173BDFD
:10DF6C00986300203F0300007303000010B50024E9
:10DF7C0020002C30FF3080B200F0FEFC024B185514
:10DF8C0001340D2CF4D110BDE403002010B5002495
:10DF9C002000064B2C30195DFF30C9B280B2013421
:10DFAC0000F008FD0D2CF3D110BDC046E403002099
:10DFBC0010B500242000054BC130FF30195D80B234
:10DFCC00013400F0F7FC0D2CF4D110BD846300205B
:10DFDC0010B50024054B195D85239B00E01880B219
:10DFEC00013400F0E7FC0D2CF4D110BD7763002058
:10DFFC0070B5002425004135FF35ADB2280000F086
:10E00C00BBFC431EDBB2082B04D92800052100F011
:10E01C00D1FC0520024B185501340F2CEAD170BDF0
:10E02C00A065002010B500242000054B4130FF30C6
:10E03C00195D80B2013400F0BDFC0F2CF4D110BD81
:10E04C00A06500200A4B37B518685968FDF7C2FB6C
:10E05C0001AD011C280005F0AAFD00242000E830C9
:10E06C00295D80B2013400F0A5FC042CF6D137BD3B
:10E07C00100000200A4B37B518685968FDF7AAFB49
:10E08C0001AD011C280005F092FD00242000F630A3
:10E09C00295D80B2013400F08DFC042CF6D137BD23
:10E0AC00D80300200A4B37B518685968FDF792FB66
:10E0BC0001AD011C280005F07AFD00242000E4309D
:10E0CC00295D80B2013400F075FC042CF6D137BD0B
:10E0DC002000002073B51A4E1A4C03CEFDF77AFBC4
:10E0EC0001AD011C280005F062FD2000297800F02C
:10E0FC0061FC601C697880B200F05CFCA01CA97803
:10E10C0080B200F057FCE01CE97880B200F052FCC1
:10E11C0004340D4BA4B29C42DFD10C4BE320197894
:10E12C0000F048FC0A4BE220197800F043FCFFF7A2
:10E13C00B9FF9220074B4000197800F03BFC73BDEF
:10E14C00786200203B020000A3020000E3030020E1
:10E15C00E2030020E10300200A4B37B51868596828
:10E16C00FDF738FB01AD011C280005F020FD002453
:10E17C002000EC30295D80B2013400F01BFC042C33
:10E18C00F6D137BD400200200D4B37B518685968E1
:10E19C00FDF720FB01AD011C280005F008FD002453
:10E1AC002000F030295D80B2013400F003FC042C17
:10E1BC00F6D1044BF4201978C9B200F0FBFB37BD43
:10E1CC0038020020C76500200100262010B5FF3062
:10E1DC0000F0F0FB10BD10B50100692000F0EAFB67
:10E1EC0010BD000010B50100014800F0E3FB10BDAC
:10E1FC00390200000100D12010B5400000F0DAFB1C
:10E20C0010BD0100D42010B5400000F0D3FB10BDB0
:10E21C000100AA2010B5FF3000F0CCFB10BD0100AE
:10E22C00D72010B5400000F0C5FB10BD0100D52073
:10E23C0010B5400000F0BEFB10BD0100A42010B5CD
:10E24C00FF3000F0B7FB10BD0100AC2010B5FF3063
:10E25C0000F0B0FB10BD0100D22010B5400000F062
:10E26C00A9FB10BD0100AE2010B5FF3000F0A2FBE1
:10E27C0010BD0100D62010B5400000F09BFB10BD76
:10E28C0010B5010C0400A820C9B2FF3000F092FBBD
:10E29C00D320210AC9B2400000F08CFBA620E1B2C9
:10E2AC00FF3000F087FB10BD002110B50800FFF710
:10E2BC00B7FC0120FFF77EFC0120FFF781FC00205A
:10E2CC00FFF7DEFF10BD10B5040000F0CDFBFFF72B
:10E2DC00EBFF21000622012000F0AAFB2100062200
:10E2EC00102000F0A5FB06222100302000F0A0FB3E
:10E2FC0010BDF0B5012500272C008FB006AB0590A2
:10E30C00019302930395BEB2701C80B200F034FBF3
:10E31C00029B18703000103080B200F02DFB0822E8
:10E32C0006AB9B183036D8550490B0B200F024FBE5
:10E33C00029A049912780AABF854914253D1049A78
:10E34C00904207D00024250004E00024049A039492
:10E35C008242F8D1029A013701320292062FD2D1B1
:10E36C0006AA127A1B78134006AA1278FF2A0DD13E
:10E37C00FF3B5A425341DEB200230CA9002C02D1C0
:10E38C00039A002A0AD0019A12780DE00026FF2B7E
:10E39C00F2D106A8FFF797FF3500EDE7002DF2D07C
:10E3AC00082006AA1218D25C5A54019A0133013281
:10E3BC000192062BE2D10023CA5C100030380928E8
:10E3CC0009D906223021059809F018F80598FFF7AD
:10E3DC007AFF0FB0F0BD0598C254002EF1D1013375
:10E3EC00062BE9D1F5E79042AFD10022150003923C
:10E3FC00B0E70100282010B5FF3000F0DBFA10BDAB
:10E40C0001002A2010B5FF3000F0D4FA10BD010035
:10E41C00952010B5400000F0CDFA10BD10B50100EC
:10E42C00014800F0C7FA10BD3602000010B501001B
:10E43C00014800F0BFFA10BD3702000070B50500AE
:10E44C0000242000803080B200F096FA2855013468
:10E45C00102CF6D170BD10B501001022802000F0F8
:10E46C00E7FA10BDD02310B50C000100580000F0E5
:10E47C00A1FAA2202100FF3000F09CFA10BDF7B5E4
:10E48C0004001D000091019200F076FA06002000B5
:10E49C0000F072FA07003000BE4208D0200000F0F5
:10E4AC006BFA874203D0200000F066FA3000019B23
:10E4BC00984202D8009B984204D22000290000F018
:10E4CC0079FA2800FEBD022310B51A00012166203E
:10E4DC00FFF7D5FF10BD10B50723082201216220DC
:10E4EC00FFF7CDFF10BD10B50023F0220A216320E9
:10E4FC00FFF7C5FF10BD012310B5FF2219006020E6
:10E50C00FFF7BDFF10BD012310B5022219006120D9
:10E51C00FFF7B5FF10BD022310B51A000121C02072
:10E52C00FFF7ADFF10BD012310B5022219006720C3
:10E53C00FFF7A5FF10BD002310B5F02219006B20CA
:10E54C00FFF79DFF10BD002310B5062219006820AF
:10E55C00FFF795FF10BD000070B50024FF25852343
:10E56C009B00E0182A002B00012180B2FFF787FFE7
:10E57C00024B185501340D2CF1D170BD776300207E
:10E58C00012310B5022219006920FFF778FF10BD96
:10E59C00022310B51A0001210148FFF770FF10BDCE
:10E5AC00390200000123D12010B502221900984035
:10E5BC00FFF765FF10BD0123D42010B5022219000E
:10E5CC009840FFF75CFF10BD0123AA2010B5022272
:10E5DC001900FF30FFF753FF10BD0121D72010B5F4
:10E5EC000B23FE228840FFF74AFF10BD0123D520E4
:10E5FC0010B5022219009840FFF741FF10BD00230F
:10E60C00A42010B5FE221900FF30FFF738FF10BD13
:10E61C000023AC2010B5FE221900FF30FFF72FFFAE
:10E62C0010BD0023D22010B5FE2219004000FFF7C8
:10E63C0026FF10BD0023AE2010B5FE221900FF30BE
:10E64C00FFF71DFF10BD0023D62010B50D221900B9
:10E65C004000FFF714FF10BD0023FF22A82010B5C7
:10E66C0019008018FFF70BFF00230400D3201900BA
:10E67C00FF224000FFF703FF240400020023FF22C7
:10E68C002418A62019008018FFF7F9FE001910BDF8
:10E69C000123262010B502221900FF30FFF7EFFEF0
:10E6AC0010BD0F232A2010B51A000E21FF30FFF7E2
:10E6BC00E6FE10BD0023952010B5FF221900400086
:10E6CC00FFF7DDFE10BD000010B50B230D2201215C
:10E6DC000148FFF7D4FE10BD36020000012310B52F
:10E6EC000D2219000148FFF7CAFE10BD37020000C9
:10E6FC0037B505000024281980B200F03DF901ABB4
:10E70C0018550134042CF6D12100180005F03EFAFE
:10E71C000198011CF9F7C4FE002801D100230193D4
:10E72C0001983EBD70B5F0248526074D6400B600F7
:10E73C002000FFF7DDFFFDF705F80434A4B203C594
:10E74C00B442F5D170BDC0463865002070B5074D98
:10E75C00074C2000FFF7CCFFFCF7F4FF0434054B0B
:10E76C00A4B203C59C42F4D170BDC046D064002055
:10E77C00A3020000D702000070B5074D074C200023
:10E78C00FFF7B6FFFCF7DEFF0434054BA4B203C55C
:10E79C009C42F4D170BDC04668640020D7020000D2
:10E7AC000B03000070B5074D074C2000FFF7A0FFCE
:10E7BC00FCF7C8FF0434054BA4B203C59C42F4D14A
:10E7CC0070BDC046006400200B0300003F03000036
:10E7DC0070B5074D074C2000FFF78AFFFCF7B2FF1E
:10E7EC000434054BA4B203C59C42F4D170BDC046A1
:10E7FC00986300203F0300007303000010B5EC2069
:10E80C00FFF776FFFCF79EFF10BD000070B5354D8D
:10E81C00354C2000FFF76CFFFCF794FF0434334BAE
:10E82C00A4B203C59C42F4D1002319001A22E220A1
:10E83C00FFF725FE2E4B012218700023E320190050
:10E84C00FFF71DFE421E90412A4B1870E420FFF783
:10E85C004FFFFCF777FF284B18605960274B186067
:10E86C005960274B18605960E820FFF741FFFCF70F
:10E87C0069FF244C20606160F620FFF739FFFCF73C
:10E88C0061FF214C20606160F020FFF731FFFCF745
:10E89C0059FF1E4B0122186059601D4B18605960BE
:10E8AC000023F4201900FFF7EAFD431E9841194B91
:10E8BC00C0B21870002301221900F520FFF7DFFD0C
:10E8CC00431E9841144BC0B21870002392200122B1
:10E8DC0019004000FFF7D3FD421E90410F4B1870FA
:10E8EC0070BDC046786200203B020000A30200000D
:10E8FC00E2030020E303002020000020D80A0020BF
:10E90C000000002010000020D80300203802002056
:10E91C00E00A0020C7650020C5650020E103002047
:10E92C0037B502236A46134C40BA537050801171AC
:10E93C0020680022616800F0AFF9062000F070FC3E
:10E94C0020680122616800F0A7F920680022616844
:10E95C0000F0A2F901256B46585D013500F060FC12
:10E96C00052DF8D120680122616800F095F900F0BE
:10E97C0003FD37BD3400002070B505000C4C00229F
:10E98C002068616800F088F9032000F049FC280A2F
:10E99C0000F046FCE8B200F043FC00F095FC0500EA
:10E9AC0001222068616800F077F9280070BDC0462C
:10E9BC003400002070B505000C002800FFF7DCFFC8
:10E9CC00A04204D021002800FFF7AAFFF5E770BD94
:10E9DC00F8B505000F001600144C00222068616881
:10E9EC0000F05AF9062000F01BFC20680122616837
:10E9FC0000F052F900222068616800F04DF9022005
:10EA0C0000F00EFC280A00F00BFCE8B200F008FC49
:10EA1C0039003000002200F025FC206801226168DA
:10EA2C0000F03AF900F0A8FCF8BDC0463400002014
:10EA3C00F7B50D001600052701903200290001984A
:10EA4C00FFF7C6FF0024A64200DCF7BD019B181996
:10EA5C0080B2FFF791FF2B5D834201D10134F2E7C5
:10EA6C00013F002FE9D1F0E730B589B02022FF211A
:10EA7C006846802508F0C2FC0024ED0020002034FC
:10EA8C0020226946A4B2FFF7D3FFAC42F6D109B0FD
:10EA9C0030BD0000604B10B518680022596800F0BA
:10EAAC00FBF85E4B00221868596800F0F5F85C4BD7
:10EABC0000221868596800F0EFF85A4B00221868C9
:10EACC00596800F0E9F8584B00221868596800F0B2
:10EADC00E3F8564B00221868596800F0DDF8544BE7
:10EAEC0000221868596800F0D7F8524B00221868B9
:10EAFC00596800F0D1F8504B00221868596800F0A2
:10EB0C00CBF84E4B00221868596800F0C5F84C4BF6
:10EB1C0000221868596800F0BFF84A4B00221868A8
:10EB2C00596800F0B9F8484B00221868596800F091
:10EB3C00B3F8464B00221868596800F0ADF8444B06
:10EB4C0000221868596800F0A7F8424B0022186898
:10EB5C00596800F0A1F8404B00221868596800F081
:10EB6C009BF83E4B00221868596800F095F83C4B16
:10EB7C0000221868596800F08FF83A4B0022186888
:10EB8C00596800F089F8384B00221868596800F071
:10EB9C0083F8364B00221868596800F07DF8344B26
:10EBAC0001221868596800F077F8324B0122186876
:10EBBC00596800F071F8304B01221868596800F060
:10EBCC006BF82E4B01221868596800F065F82C4B35
:10EBDC0001221868596800F05FF82A4B0122186866
:10EBEC00596800F059F8284B01221868596800F050
:10EBFC0053F8264B01221868596800F04DF8244B45
:10EC0C0000221868596800F047F8224B0122186856
:10EC1C00596800F041F810BD940000208C000020D1
:10EC2C0074000020840000206C0000207C00002078
:10EC3C00440100203C010020340100202C01002064
:10EC4C00240100201C010020140100200C010020D4
:10EC5C0004010020FC000020F4000020EC00002047
:10EC6C00E4000020DC000020D4000020CC000020B8
:10EC7C00440000203C00002034000020C400002090
:10EC8C00BC000020AC000020B40000206400002078
:10EC9C005C000020A400002007B589B206F064F9DE
:10ECAC0007BD07B589B206F059F9431E9841C0B2A9
:10ECBC000EBD000030B593B03822002104A808F036
:10ECCC009DFB10220021684608F098FB80208000F4
:10ECDC0006F0FAF906F0EEF91821194A0124D36D61
:10ECEC0002258B43D3650523049380235B02059394
:10ECFC0003230C9300230D9308330E9380239B0264
:10ED0C000F9380239B041093802304A89B050694E7
:10ED1C000B95119306F004FA002801D072B6FEE7A9
:10ED2C00072302900390210068460093019506F09A
:10ED3C005FFC002801D072B6FEE713B030BDC046B0
:10ED4C0000100240F0B58FB005F02AFEFFF7B2FFBD
:10ED5C001422002109A808F051FB04220126C74DFA
:10ED6C00C74C6B6B210013436B636B6BC548134033
:10ED7C000493049B6B6B1C3213436B636B6BC24F22
:10ED8C0013400593059B6B6B1E3A33436B636B6BA4
:10ED9C0033400693069B6B6B13436B636B6B134097
:10EDAC000793079B6B6B063213436B636B6B1340C0
:10EDBC0008930022089B06F0D7F8A0203900002207
:10EDCC00C00506F0D1F80022B049B14806F0CCF8E5
:10EDDC000022B049B04806F0C7F809940024A948AD
:10EDEC0009A90A960B940C9406F006F8A0200523AA
:10EDFC0009A9C00509930A940B9405F0FDFFA02006
:10EE0C0009A9C00509970A960B940C9405F0F4FF18
:10EE1C00A0200323102709A9C0050A9309970B9476
:10EE2C0005F0EAFF994B9A4809A909930A960B94A5
:10EE3C000C9405F0E1FF974B974809A909930A96A2
:10EE4C000B940C9405F0D8FF0822914809A909925B
:10EE5C000A940B9405F0D0FFAB6B21003343AB63EA
:10EE6C00AB6B2200334009200393039B05F0D0FDCC
:10EE7C00092005F0F7FD894D894B28002B60894B43
:10EE8C00AC606B60EE602C616C61AC61EC612C620F
:10EE9C0006F070F80100A04201D072B6FEE728001F
:10EEAC0006F0BEF8011E01D072B6FEE7280006F08F
:10EEBC00DDF8031E01D072B6FEE7E02507247A4880
:10EECC007A4AED00436083600361436183610362AE
:10EEDC0043628362036343630260C560C46206F0ED
:10EEEC0005FE031E01D072B6FEE77148714A8360BD
:10EEFC0002608222036143610362436283620363A3
:10EF0C00082352004260FC32C5608261C761C46252
:10EF1C00436306F0EBFD011E01D072B6FEE7664CB2
:10EF2C00664B0200236096239B0163600C23A06058
:10EF3C00E06020616361A0610300E06120626062B7
:10EF4C00A062200007F096FD011E01D072B6FEE70C
:10EF5C00200007F0F7FD011E01D072B6FEE720007D
:10EF6C0007F010FE002801D072B6FEE7200007F073
:10EF7C00CBFD031E01D072B6FEE7FF265048514A66
:10EF8C00514F026046608360C7600361836106F085
:10EF9C0087FF002801D072B6FEE74C484C4B466008
:10EFAC0003600023C760836003614361836106F0E3
:10EFBC0077FF031E01D072B6FEE74648464A46600C
:10EFCC0002608360C76003614361836106F068FF80
:10EFDC000190002801D072B6FEE70C22019909A815
:10EFEC0008F00CFA3D4D3E4B28002B60019B6E60E7
:10EFFC00AB60EF60AB6106F053FF002801D072B636
:10F00C00FEE709900B9009A9280006F073FF019008
:10F01C00002801D072B6FEE70C22019909A808F06D
:10F02C00EDF9304D304B28002B60019B6E60AB60CE
:10F03C00EF60AB6106F034FF002801D072B6FEE73A
:10F04C0009900B9009A9280006F054FF031E01D06B
:10F05C0072B6FEE72548264A836002607F22C260B2
:10F06C008022D205066143618361C36102624362FF
:10F07C0006F0E6FC00283DD072B6FEE70010024018
:10F08C00FF3F0000000800502809000034FF00007A
:10F09C000004005065030000000C00508C09002097
:10F0AC0000540040BB7C7000FC0800200030014084
:10F0BC0098080020003800408806002000380140E5
:10F0CC00B407002000200040FFFF0000680700206C
:10F0DC00004401401C0700200048014000080020AB
:10F0EC00001400404C080020001000406009002073
:10F0FC0000280040FFF7CEFC28222000194907F019
:10F10C0063FD0126184F3B78002B12D0174D2B783E
:10F11C00DCB2002B0DD102202E7000F03BFB144B07
:10F12C003C701C70134B1C70134B1C70134B1C70DD
:10F13C002C70134F3B78002BE4D00C4D2B78DCB2A9
:10F14C00002BDFD101202E7000F024FB084B3C700B
:10F15C001C70084B1C70084B1C70084B1C702C70DE
:10F16C00D0E7C04604060020836700207E6700209D
:10F17C007D6700207C6700207A670020786700207C
:10F18C008467002070B50B4D0B4C0A002100280041
:10F19C0008F0C9F92800282105F0A4FB2100282239
:10F1AC00064807F011FD0421054B1A6813688B43C0
:10F1BC00136070BDDC0500200406002088060020CA
:10F1CC002C06002007B56B46D91D0870642301225C
:10F1DC00014807F033FB07BD8806002010B5044C2E
:10F1EC000A0001006423200007F028FB10BDC04674
:10F1FC0088060020034B1A68402311680B431360E8
:10F20C007047C046FC080020022303498A681A4252
:10F21C00FCD0024B18707047003001400C3001409C
:10F22C00402210B501240C4B1B68196891431960DE
:10F23C001968A14319601968196019680A431A60A2
:10F24C000222064B99681142FCD0054A10708022AC
:10F25C0099681142FCD110BD98080020003800407C
:10F26C000C380040F0B540240126144B1B681D6877
:10F27C00A5431D601D68B5431D601D68104E1543E8
:10F28C001D601A68802514431C60002202240D4B5B
:10F29C00904208DC022299681142FCD080229968C5
:10F2AC001142FCD1F0BD9F682742FCD09F682F42D1
:10F2BC00FCD18F5C01323770EAE7C0469808002019
:10F2CC000C38004000380040402210B501240F4893
:10F2DC0003681968914319601968A143196019688A
:10F2EC00196019680A431A6006F078FC0222084B70
:10F2FC0099681142FCD00021064A117001229968CC
:10F30C001142FCD0D868C0B210BDC046980800208D
:10F31C00003800400C380040F8B5144F0400380099
:10F32C0016000D0006F05AFC40223B681968914308
:10F33C0019600121186888431860186830431860F8
:10F34C0018680B4E02431A6002200023094A9C42A3
:10F35C0000DCF8BD97680742FCD00027377097682F
:10F36C000F42FCD0D768EF540133F0E79808002027
:10F37C000C3800400038004070B50C4C002220685E
:10F38C006168FFF789FC0520FFF74AFF0125FFF7AD
:10F39C009BFFFFF799FF284205D120680122616885
:10F3AC00FFF77AFC70BDFFF78FFFF4E73400002005
:10F3BC0010B5062807D10C480222036852421A6184
:10F3CC0006F020FC10BD072801D10848F4E70E28F0
:10F3DC0001D10748F0E7102801D10648ECE71128C5
:10F3EC00F0D10548E8E7C0464C0800200008002092
:10F3FC00B4070020680700201C07002010B5062861
:10F40C0003D10A4806F032FC10BD072801D1084888
:10F41C00F8E70E2801D10748F4E7102801D1064877
:10F42C00F0E71128F0D10548ECE7C0464C08002065
:10F43C0000080020B4070020680700201C070020EB
:10F44C00084B06280BD0084B072808D0074B0E2872
:10F45C0005D0074B102802D0112802D1054B1B6890
:10F46C00D96270474C08002000080020B407002027
:10F47C00680700201C070020084B06280BD0084BFF
:10F48C00072808D0074B0E2805D0074B102802D0B0
:10F49C00112802D1054B1B68596270474C0800209B
:10F4AC0000080020B4070020680700201C0700207B
:10F4BC0062B6704772B670470E4B10B50400984296
:10F4CC0007D103F0C3FB0C4B9C4207D103F0A8FA05
:10F4DC000FE00A4B984207D103F07EFE084B9C428A
:10F4EC0007D103F0C9FA04E0064B9842EBD103F0C4
:10F4FC0081FE10BD4C080020680700200008002089
:10F50C001C070020B407002072B6FEE7F7B52C4CA0
:10F51C002C4A2300106851688033186059602A4BBC
:10F52C0000261A685B6800270025226163610022AF
:10F53C00264B01A826626762A662E76226636763B0
:10F54C00226463642580A56304F07AF86B4622007C
:10F55C009B8848325BBA138001A832003B002665B9
:10F56C00676504F06DF86B4622009B8858325BBAD5
:10F57C00138001A832003B002666676604F060F831
:10F58C006B4622009B8868325BBA138023006A3377
:10F59C001D8023006E331D80230072331D802300D9
:10F5AC0076331D8023007A331D80230088331E6040
:10F5BC005F6023007E3490331E605F602580F7BD52
:10F5CC00E00900202000002010000020E0FFEF40A8
:10F5DC00F8B50022334BFAF715F90022324BFAF743
:10F5EC00D7FC04000D00314A314BFBF70BF922001C
:10F5FC002B00FBF707F922002B00FBF703F92D4A30
:10F60C0006000F00200029002B4BFBF7FBF8220013
:10F61C002B00FBF7F7F802000B0030003900FAF76B
:10F62C00F1F8244A06000F0020002900234BFBF7B9
:10F63C00E9F802000B0030003900FAF7E3F8204A31
:10F64C00204BFBF7C5FB08F077FD00221E4B040096
:10F65C000D00F8F705FF002812D01C4B1B78002B6F
:10F66C0004D001221A4B1B4C1B4D1A701B4B1B78E0
:10F67C00002B02D00122164B1A7029002000F8BD75
:10F68C00002220002900164BF8F7D6FE0028F4D0F3
:10F69C00124B1B78002BF0D001220D4B0D4C0E4D54
:10F6AC001A70EAE70000894000E09540D7A3703D4E
:10F6BC000AD581406666666666D29EC06672A140B7
:10F6CC00295C8FC2F5D8894000001E40E80100205B
:10F6DC00646700208FC2F5285CFF584059630020F6
:10F6EC000000F03FF8B50D0004000D4A0D4BFBF780
:10F6FC0089F82B002200FBF785F80B4A06000F0057
:10F70C0020002900094BFBF77DF802000B003000AC
:10F71C003900FAF777F8064A064BFAF773F8F8BD92
:10F72C00865AD3BCE3149DBF454772F90FE9FE3FDF
:10F73C004A0C022B8716A93FF8B50F0019000E4B87
:10F74C0006001B781000002B12D00C4C0C4D002224
:10F75C000C4BFBF73DFB2B002200FBF753F8002270
:10F76C00094BFAF74FF832003B00FBF74BF8F8BDAA
:10F77C00064C074DEBE7C046596300209A999999BE
:10F78C009999993F000039400000F03F7B14AE4737
:10F79C00E17A943F0023F0B5B3B0CA4CCA4D08903F
:10F7AC003193012823D120702B70FFF727F8060026
:10F7BC000F00C64B1E605F60C54B1B78002B21D021
:10F7CC0000220023F8F74CFE00281BD0C14B00226E
:10F7DC0030003900F8F730FE012300280DD02370DB
:10F7EC0000232B700022BC4B0492059310E0089A66
:10F7FC00022ADAD123700123D6E720702B70002265
:10F80C00B64BF1E72378002BECD12B78002BF6D1FB
:10F81C00FEF7BEFE022802D10022B14B1A70FEF791
:10F82C00B7FE012801D1AE4B1870FEF795FEFEF71E
:10F83C00F8FE1A90FEF757FEAA4B1870FEF70CFF55
:10F84C003221F8F7DDFD002901D101F081FE002302
:10F85C0001221900F420FEF712FE431E98410023EA
:10F86C00A14DC0B2190028700122F520FEF707FE49
:10F87C00431E98419D4BC0B21870FEF79CFE0128A8
:10F88C0002D000229A4B1A70FEF7C2FE109002288A
:10F89C0002DD0122974B1A70974B1A78002A00D17F
:10F8AC00C4E0904A12783B2A00D8BFE0934B012267
:10F8BC001A70934B1A70934B1A78914B002A03D100
:10F8CC008E4A1278002A01D001221A701B78002B64
:10F8DC0005D02378002B02D00122814B1A70FEF741
:10F8EC0085FE794B88491B780860002B05D00122D6
:10F8FC00864B022800D0A4E01A707D4E7F4C3378E2
:10F90C00002B09D02378002B06D00020FEF79CFC9E
:10F91C000022784B10921A702378744C002B00D173
:10F92C0095E07B4B7B4A1A80724B1B78002B02D0E4
:10F93C000122794B1A700125784B1D60FCF7F2F906
:10F94C002378D8B2002B03D1754B1D70FEF78AFCBF
:10F95C00FEF770FE734B1860644B1B78002B06D0BF
:10F96C00FA216B4A890013885B189BB213805E4B9B
:10F97C001B78002B04D0664A13880A339BB2138081
:10F98C00654B1B78002B04D0614A138864339BB2FF
:10F99C0013805B4B644C1B78DAB20F92002B00D1B6
:10F9AC00F3E0FEF791FE20780300083B5A1E9341CA
:10F9BC000822DBB20F93554B09901B781492002B45
:10F9CC0005D00321F8F7ACFB0130C3B20993002337
:10F9DC000120227855499A4200DDDEE002F052FF08
:10F9EC00534C08991EA801F06FFA48221EA920005A
:10F9FC0007F099FDFEF767FD1B90FEF707FFFEF77A
:10FA0C0091FEFEF7A3FEFEF7B7FEFEF7CBFEFEF768
:10FA1C00DFFE484B1B78002B01D0FCF7A7FA424BBA
:10FA2C0001241A78444900234448BEE01B78002B7B
:10FA3C0000D140E72B4B1B78092B00D83BE7314B0F
:10FA4C0035E702201A700860FEF7F0FB55E73C4BD7
:10FA5C001B78002B1BD02B4B1B78002B17D02C4B5F
:10FA6C00384A1A802378DCB2002B00D070E70125CD
:10FA7C000222294B1D70294B1A601B4B1C70FEF780
:10FA8C0083FBFCF74FF9264B1D7020005EE71A4BE9
:10FA9C001B78002B5AD03378002B57D02378002BAF
:10FAAC0009D11B4B284A1A8001231B4A13701B4A8D
:10FABC0013601B4A137000242C70FEF765FBFCF7D7
:10FACC0031F9E2E759630020E8010020E80A002040
:10FADC00586300200070874000D0864000208C4086
:10FAEC004C630020F10A0020C7650020C56500208A
:10FAFC0078670020F00A00207D6700207B670020DB
:10FB0C007C6700207A670020EC0100205C630020F9
:10FB1C007067002010270000816700204C02002035
:10FB2C00C6650020D00A002051020020F1010020FF
:10FB3C00880A0020AF650020E40300206A630020DF
:10FB4C0079670020204E000030750000734B1B7845
:10FB5C00002B00D1FCE63378002B00D0F8E623789C
:10FB6C00DEB2002B00D0F3E601246D4B6D4A1A80F7
:10FB7C006D4B1C706D4B1C602E70FEF705FBFCF77B
:10FB8C00D1F86B4B30001C70E0E6FEF726FD03232A
:10FB9C00434309930F9B149319E7C85401331AE795
:10FBAC00CD5C052D00D9C45401339A42F8DC00F029
:10FBBC0057FE03F05DFBFA20C00004F017FF002392
:10FBCC00119315930B93FFF7A1FC5A4C236B012B4C
:10FBDC003DD1594B1B78002B39D003F0DFFB0228A9
:10FBEC0035D1FEF7A0FC012831D103F0D7FB012859
:10FBFC002DD003F0D3FB012829D0504823680422D0
:10FC0C000370030039331A704D4B00241A6803003B
:10FC1C0078331A800300FF227E331A70312503F0EB
:10FC2C00AFFF03F09BFF04F013F90022E30FA54292
:10FC3C005341DBB2934201D0904203D1FCF772F8EE
:10FC4C0033B0F0BD0A2004F0D1FE0134EBE7A26919
:10FC5C00E369A06AE16AFAF79BF9FBF7E5FCAF22CE
:10FC6C00384B00210C9012011800079307F0C6FBCB
:10FC7C00AF22354D00212800120107F0BFFBAF2247
:10FC8C00324E00215201300007F0B8FBAF220021A8
:10FC9C0052012F4807F0B2FBAF222E4F0021520128
:10FCAC00380007F0ABFB6B461B8E320029000E931D
:10FCBC00009307983B0003F0BFFA274B1A4D1A78B4
:10FCCC002B78134022003C3212781A420CD0353477
:10FCDC002378002B08D00498059903F017FB002318
:10FCEC0001222B701D4B1A7000221D4B1A8002F042
:10FCFC00D1FF104B9868D96802F02AFF03F024F862
:10FD0C0002F0C2FF07900028FAD1164B1B78DAB22A
:10FD1C000A92002B28D103F0DDFE91E77D670020CD
:10FD2C0070670020409CFFFF816700204C02002080
:10FD3C00C6650020880A0020E9010020E0090020A7
:10FD4C007467002084570020944C0020B4360020A7
:10FD5C00D4200020F40A00207F6700201B0A00201A
:10FD6C006E67002050020020D34B079AD3491A80AB
:10FD7C00D34AD44B966B176809785E70FBB2002996
:10FD8C0005D0126C002A02D01B019B18DBB2CD4CA3
:10FD9C00CD4A2370CD4BCA4D22626362286A696AD0
:10FDAC00CB4ACC4B22636363A262E36223008833A9
:10FDBC0018605960AA6AEB6AFBF70AF8FBF734FC87
:10FDCC00C317C0185840FBF76BFCC34B90341B781F
:10FDDC0020606160002B37D05A231AAA9B1800228E
:10FDEC003E351A802B780124934201D1BB4B1C78F1
:10FDFC00BB4B1B78002B12D0BA4B1B78002B09D0B5
:10FE0C00AF49B94B002208694969F8F70FFB002389
:10FE1C00984206D0B54B1B78002B00D057E201233B
:10FE2C0023405A241AAAA41831003A000C980094C2
:10FE3C00FBF708FEAE4B22881A80AE4B1B78002BCA
:10FE4C0000D050E201F00EF8049A059B9D490E98E3
:10FE5C00FDF75AF9A24B1B78002B09D0984B1A6B63
:10FE6C00012A00DD42E25A6BA34B1A4200D03DE25C
:10FE7C00129E139F9A4B1A78984B1B78002B00D12B
:10FE8C0052E29E489E4900780B78002800D148E247
:10FE9C008C48013B046C456C181C049405951B069E
:10FEAC0000D5002008709649964B09781970964B2E
:10FEBC001B78002B03D09549954B096819600021DC
:10FECC00944B1B788B4208D193487D4B0078884229
:10FEDC0003D036331B785B42D9B2904B794C1970F6
:10FEEC00002A5FD0764B0C93824B1B78002B59D198
:10FEFC008B4D089B32002868696800933B00FFF724
:10FF0C0067FB20626162FFF7EDFB22696369129265
:10FF1C001393089B206361630093129A139BFFF762
:10FF2C000BFC22696369129213932A686B68A062B6
:10FF3C00E162206C616C00920193129A139BFCF7A6
:10FF4C0099F90B0002000C99A260E3603F3109782B
:10FF5C00002909D00C990C983D3109780068FCF700
:10FF6C0029FB8034206061600021564D544CAA68F6
:10FF7C00EB680091216C2068FBF790FE099B694AA5
:10FF8C00013B09931378383501331370664B287095
:10FF9C001B78002B06D03D3423785A425341119ADA
:10FFAC00D31811930498059901F026FB4B4B1B7841
:10FFBC00002B08D05D4B1B78002B04D05C4B5C688D
:10FFCC001B68049305943E4C2068FBF7F1FE594BDB
:10FFDC001870002002F046FA0F9B002B03D0119BE7
:10FFEC00149A934208D0099B002B00DDC4E13634EF
:04FFFC002378002B3B
:020000040801F1
:1000000000D1BFE101224F4B1A70FEF769F8FEF7ED
:100010001FF8FEF735F84C4B1B78002B00D1AAE1F6
:100020004A4B1B78002B00D1AAE0444B1C685D684A
:10003000474B20001A685B680C920D93454B2900D2
:100040001A685B68129213930C9A0D9BF9F7E0FB08
:10005000414B1C901D911A685B6812981399F9F72F
:10006000D7FB02000B001C981D99FAF7B7FE4B0056
:100070005B0817931690002216981799374BF8F7DC
:10008000E1F9002811D1129A139B20002900FAF7F8
:10009000A5FE4B005B081993189000221898199937
:1000A0002E4BF8F7E3F900286AD00C9A0D9B1F4CF1
:1000B0002B4D20686168FAF791FE2A4A2A4BFAF71D
:1000C000A7FB53E06C6700205C630020880A0020D7
:1000D000E00900208FC2F5285CFF58400E2DB29D2C
:1000E000EFFF58407F670020E90100205A6300209D
:1000F0005963002000004440E8010020520A00201B
:10010000C40A0020FF00FF00FD030020A4660020B9
:10011000180A0020BD0A00207467002068670020CC
:100120007C670020C60A00205E0A002040020020F2
:10013000F20A00200D040020BE0A00203802002030
:10014000190A0020E1030020D3650020A0660020EA
:1001500028020020E00A0020E80A002000002440D5
:10016000600A00203BDF4F8D976E923F2A686B68D4
:10017000F9F74EFB0C9A0D9B286069602260636062
:1001800001228D4B1A708D4B1B78002B01D0FDF78F
:10019000E9FFFDF7FFFF8A4B1B78002B0CD02C22C8
:1001A0006B469B181878FEF76AF80B9B002B03DD53
:1001B000844B0B9A1599D154834B1868C0B2FEF743
:1001C0003BF9824B1B78002B03D0FDF7E5FEFDF7D2
:1001D0002FFF7F4B1B78062B00D0CFE0FEF715FAE0
:1001E0000130C0B2FEF72FF8FBF7A2FD1A9B581C96
:1001F000C0B2FEF736F80021FA20FEF7E1FB754B9E
:100200001B78002B04D1109B581CC0B2FEF722F8BB
:100210001A9B092B05D9012002F02AF90020FEF7CC
:1002200020F8FDF701FEFDF729FE6B4B18685968B1
:1002300001F0AAF9694B1868596801F0B7F9684BE1
:1002400018680130FE2800DDFE201860C0B2FEF7FD
:100250000FF8FEF707FA0130FEF718F8FF22614B9E
:100260001A70614B1B78002B08D0604B1B78002B59
:1002700004D0554B5E4A5B6C9BB213801B9B012BD9
:100280000BD10A9C5B4B02940E9C5B4A01945B4C25
:100290005B495C48009403F031FA5B4B1B78002B00
:1002A00002D10A9B002B15D0584803F06FFC312473
:1002B00003F05AFC03F0D2FD0022079B0799DB0FE5
:1002C0008C425341DBB2934201D090426AD10A9BE7
:1002D000002B6ED1129613977BE43B494C4B0022C6
:1002E0008868C968F8F7A8F80023984200D09CE510
:1002F0009DE5484B1870ADE5474D287802F03AF976
:10030000424C2B78A061022B0ED102F043FA06007A
:100310000F00424B266167611E605F60404B1B7897
:10032000002B00D1AAE5ABE502F078F9EFE7013345
:100330000B70BEE5002A00D1C7E53A49224B097887
:10034000002900D0C1E53848007800280FD031914D
:1003500036492E480978046C456C049405950029AB
:1003600000D1B2E519689B6B0B911593ADE5319BFC
:1003700001333193A9E5104A137004E70020FDF71B
:1003800062FF33E7284B2A4A31A91B781278009183
:100390000498059901F00AFDFF22264B1A700023EC
:1003A0000A936BE70A2004F027FB079B01330793AE
:1003B00080E700F061FA49E4C7650020A2660020EA
:1003C0007B6700209F650020880A00207F6700204F
:1003D000190A0020F00A0020380200204002002004
:1003E000D00A00205E0A00205A630020E8010020A5
:1003F0006C670020D4200020B4360020F40A0020CE
:10040000944C0020845700204D010020E00900207A
:1004100000003E40F0010020EA0100201000002012
:10042000BC0A0020C40A00200D0400200C04002097
:10043000FD0300205F0A002001210A4B82B01A6CE4
:100440000A431A641A6C0A4080210092009ADA6BFF
:1004500049050A43DA63DB6B0B400193019B02B051
:100460007047C0460010024010B5040094B014223A
:10047000002102A806F0C8FF3422002107A806F0D8
:10048000C3FF174B22689A4227D1202307A807935E
:1004900005F072F9002801D0FFF73CF80222114C58
:1004A0001148636B02A913436363636B13400093AA
:1004B000009BC0230293AE3B039300230493059358
:1004C0000633069304F09EFC8022E36B92031343F1
:1004D000E363E36B13400193019B14B010BDC0466E
:1004E00000540040001002400004005010B5040009
:1004F0008EB03422002101A806F086FF104B22683E
:100500009A421BD180239B020193802301A85B00A8
:100510000D9305F031F9002801D0FEF7FBFF802292
:10052000084B1202D96D0A438021DA65DA6BC900E3
:100530000A43DA63DB6B0B400093009B0EB010BDE7
:10054000002800400010024010B504008AB01422B8
:10055000002105A806F058FF23681F4A93421CD1CA
:1005600080211E4B49011A6CA0200A431A641A6CA0
:10057000C0050A4001210192019A5A6B0A435A634D
:100580005B6B0B400293029B154B05A9059302235D
:10059000069304F037FC0AB010BD124A9342FAD118
:1005A00080210E4BC901DA6B0F480A43DA63DA6B1C
:1005B0000A4008210392039A5A6B0A435A635B6B01
:1005C0000B400493049B1A230593183B0693013BAD
:1005D000099305A9DDE7C046003001400010024044
:1005E000C280000000380040000C00507FB5036856
:1005F000324A934212D11021314B1120DA6B0A4357
:10060000DA63DB6B00220B4001930F39019B04F08E
:1006100005FA112004F02CFA07B000BD294A9342D4
:100620000FD12021264B1220DA6B0A43DA63DB6BF1
:1006300000220B4002931F39029B04F0EFF91220B5
:10064000E8E7214A934210D180211D4B09021A6C20
:1006500013200A431A641B6C00220B4003930121F0
:10066000039B04F0DBF91320D4E7184A934210D11E
:100670008021134B89021A6C15200A431A641B6CE3
:1006800000220B4004930121049B04F0C7F91520BC
:10069000C0E70F4A9342BFD18021094BC9021A6CAF
:1006A00016200A431A641B6C00220B40059301219B
:1006B000059B04F0B3F91620ACE7C04600100040DB
:1006C000001002400014004000200040004401409F
:1006D0000048014070B5060094B01422002102A821
:1006E00006F092FE3422002107A806F08DFE274B6B
:1006F00032689A4247D1012307A8079305F03CF8D6
:10070000002801D0FEF706FF8021214BC9011A6C99
:10071000A0200A431A641A6C00250A400092009A2D
:100720000122596BC005114359635B6B02A9134049
:100730000193019BB0235B01029302230495039371
:100740000595069204F05EFB124C134B20002360CB
:10075000322363604E33A560E56023616561A56166
:10076000E561256204F0E4F9A84201D0FEF7D2FE6B
:100770000022331D1B201100DC67A66204F04EF935
:100780001B2004F075F914B070BDC046003801405C
:10079000001002402C06002008000240FEE7FEE7A1
:1007A0007047704710B504F015F910BD10B5024838
:1007B00004F0D4FA10BDC0462C06002010B5024843
:1007C00005F078FA10BDC0464C08002010B502486C
:1007D00005F070FA10BDC0460008002010B50248B0
:1007E00005F068FA10BDC046B407002010B50248F5
:1007F00005F060FA10BDC0466807002010B5024839
:1008000005F058FA10BDC0461C07002010B502487C
:1008100005F03EFC10BDC0468806002010B5034B15
:10082000012218685968FEF73DFA10BD94000020B7
:1008300010B5034B002218685968FEF733FA10BD53
:100840009400002010B5034B012218685968FEF788
:1008500029FA10BD8C00002010B5034B0022186847
:100860005968FEF71FFA10BD8C00002010B5FFF785
:10087000D5FFFFF7E7FF10BD10B5FFF7D9FFFFF772
:10088000EBFF10BD10B5034B012218685968FEF745
:1008900009FA10BD7400002010B5034B002218683F
:1008A0005968FEF7FFF910BDC400002010B5034BD6
:1008B000012218685968FEF7F5F910BDC400002040
:1008C00010B5034B002218685968FEF7EBF910BD0C
:1008D000BC00002010B5034B012218685968FEF7D0
:1008E000E1F910BDBC00002010B5034B00221868D0
:1008F0005968FEF7D7F910BDB400002010B5034BBE
:10090000012218685968FEF7CDF910BDB400002027
:1009100010B5034B002218685968FEF7C3F910BDE3
:10092000AC00002010B5034B012218685968FEF78F
:10093000B9F910BDAC00002010B5FFF7ADFFFFF70F
:10094000BFFFFFF7D1FFFFF7E3FF10BD10B5FFF7C3
:10095000ADFFFFF7BFFFFFF7D1FFFFF7E3FF10BDCC
:10096000304B10B5186800225968FEF79BF92E4BE2
:10097000002218685968FEF795F92C4B0022186878
:100980005968FEF78FF92A4B002218685968FEF75C
:1009900089F9284B002218685968FEF783F9264B1D
:1009A000002218685968FEF77DF9244B0022186868
:1009B0005968FEF777F9224B002218685968FEF74C
:1009C00071F9204B002218685968FEF76BF91E4B2D
:1009D000002218685968FEF765F91C4B0022186858
:1009E0005968FEF75FF91A4B002218685968FEF73C
:1009F00059F9184B002218685968FEF753F9164B3D
:100A0000002218685968FEF74DF9144B0022186847
:100A10005968FEF747F9124B002218685968FEF72B
:100A200041F910BD44010020CC000020E40000206A
:100A30003C010020340100202C0100202401002072
:100A40000C010020F400002004010020FC00002024
:100A5000EC00002014010020DC000020D400002065
:100A60001C01002010B5FFF77BFF074B012218681F
:100A70005968FEF717F9054B012218685968FEF707
:100A800011F9FFF7FFFE10BD5C000020640000209C
:100A900010B5FFF765FF034B002218685968FEF791
:100AA00001F910BD5C000020304B10B51868002221
:100AB0005968FEF7F7F82E4B012218685968FEF7BF
:100AC000F1F82C4B012218685968FEF7EBF82A4B15
:100AD000012218685968FEF7E5F8284B01221868CA
:100AE0005968FEF7DFF8264B012218685968FEF7AF
:100AF000D9F8244B012218685968FEF7D3F8224B25
:100B0000012218685968FEF7CDF8204B01221868B9
:100B10005968FEF7C7F81E4B012218685968FEF79E
:100B2000C1F81C4B012218685968FEF7BBF81A4B34
:100B3000012218685968FEF7B5F8184B01221868A9
:100B40005968FEF7AFF8164B012218685968FEF78E
:100B5000A9F8144B002218685968FEF7A3F8124B45
:100B6000002218685968FEF79DF810BD4401002066
:100B7000CC000020E40000203C01002034010020D3
:100B80002C010020240100200C010020F400002092
:100B900004010020FC000020EC00002014010020D3
:100BA000DC000020D40000201C01002010B504004F
:100BB000002901D0FFF7D4FE601E0E280FD8F7F7EA
:100BC000A1FA080F11131517191B1D1F2123252723
:100BD0002900114B186801225968FEF763F810BD0F
:100BE0000E4BF7E70E4BF5E70E4BF3E70E4BF1E735
:100BF0000E4BEFE70E4BEDE70E4BEBE70E4BE9E745
:100C00000E4BE7E70E4BE5E70E4BE3E70E4BE1E754
:100C10000E4BDFE70E4BDDE7CC000020E4000020A8
:100C2000240100203C010020F400002034010020B9
:100C300004010020FC0000202C010020EC0000201A
:100C40000C01002014010020DC000020D400002052
:100C50001C010020F7B50190FFF782FE284B294ABE
:100C60001B780B270092002B04D1274B1B78002BFD
:100C700000D0177800242600244D009B1B78A34247
:100C800000DCF7BDB742FCDD2A780134002A1CD015
:100C90002000A34200DAE01A019B002B01D00023C0
:100CA0002B7002381A4B0C2809D8F7F72BFA0710CB
:100CB000121416181A1C1E2022242600154B186820
:100CC00001225968FDF7EEFF01360135D5E7124BD9
:100CD000F5E7124BF3E7124BF1E7124BEFE7124B3C
:100CE000EDE7124BEBE7124BE9E7124BE7E7124B4C
:100CF000E5E7124BE3E7124BE1E7124BDFE7C046B3
:100D00005963002051020020E8010020F101002079
:100D1000CC000020E4000020240100203C01002041
:100D2000F40000203401002004010020FC00002019
:100D30002C010020EC0000200C01002014010020F8
:100D4000DC000020D400002010B5FFF709FE034BA3
:100D5000012218685968FDF7A5FF10BD4401002065
:100D60000120704710B506F0B7FB16230360012081
:100D7000404210BD10B506F0AFFB16230360FEE73E
:100D800070B50E0014000025A54201DB200070BDE7
:100D900000E000BF70550135F6E770B50E00140095
:100DA0000025A54201DB200070BD705D00E000BFA2
:100DB0000135F6E701204042704780239B01002067
:100DC0004B60704701207047002070470B490C4A68
:100DD0000300521A0B4910B50868002801D10A48CF
:100DE00008600868C318934206D906F075FB0C2307
:100DF00003600120404210BD0B60FCE700040000CE
:100E000000900020486300204869002070470000DF
:100E100070B5FDF74CFC0E4C0E4D20602B780F2862
:100E20000DD1002B01D10F2070BD0E20FDF7EEFA81
:100E30000E2323602B78002BF5D02068F4E70E28D2
:100E4000F8D1002BEFD00130FDF7E0FA0F23F0E7E7
:100E50001C020020C16500200F2802DD024B18781B
:100E60007047024BC05CFBE7F00100209F6500204B
:100E7000144A30B514680F2C23DC134B1D78002D59
:100E800002D0092800DD0920104B1B78002B02D06E
:100E90000923082802DC031E00DC01231100343181
:100EA0000978906B29400125082800DC002529429B
:100EB00004D0984202DD5168013151609363044AC5
:100EC000A35430BD880A00205A630020E9010020A5
:100ED0009F65002070B50400FDF790F8FDF74CF811
:100EE000FDF7DCFB174B18491870184B1B78002BCB
:100EF00004D1174B1B78002B04D016494822200040
:100F000006F017FB144B1B78002B09D00122134964
:100F10000A70032B04D918001040134200D1087046
:100F2000FFF776FF0500FFF797FF01220C4B2560C6
:100F30001A7000230B4AA0631370200023646364BB
:100F400070BDC046EA010020A001002059630020C6
:100F5000E801002058010020B0650020C165002094
:100F6000E90100205A630020F0B5674B85B01A787C
:100F700002931700002301266449654893422EDB43
:100F8000FAF73CFD05F01EFF0023624D2B646B64F5
:100F9000614B1C78002C30D0029B1A782B003C331C
:100FA0001B78002B26D12B680133934200DD9B1A5E
:100FB00001215A4A2B609954594A13685B181360EF
:100FC000029B574C1A7823689A4206D10D220021C1
:100FD0004E4806F019FA0023236005B0F0BDCC5C42
:100FE0000133002C02D1C45C002C01D0013FC5E7C5
:100FF0001E00C3E74B4B1B68DAE74B4B1B78002BFB
:10100000DED0424A0192002F5CDD012F07D12E6015
:101010009619434A013E136837700133CFE7022F18
:1010200052D005F0FFFE029B1E783100F7F7EEF973
:10103000019B5B5C002BF4D13C4F7B5C002B01D00F
:10104000002CEED04B1C2B600123019A5354344AE0
:101050001368013313609E42B2DD05F0E3FE029B8C
:101060001B7819000393F7F7D1F9019B5B5C002B08
:10107000F3D17B5C002B01D0002CEED04B1C2B64F9
:101080000123019A264E53543368039A0133336087
:101090009A4295DD05F0C6FE029B1978F7F7B6F97E
:1010A000019B5B5C002BF5D17B5C002B01D0002CFD
:1010B000F0D04B1C6B640123019A53543368013305
:1010C00033607DE71C00ACE7019B2E609E19012375
:1010D000134A013E337013681448591C1160029979
:1010E0000F78A74200DC6BE701990E5D611C002EB2
:1010F00008D1065D002E05D1296401210198023333
:1011000001555CE70C00ECE7510200205D63002014
:1011100069630020880A0020596300205C63002076
:101120005463002050630020E80100206A6300201F
:10113000F7B5C04F00213B003E33197001233B63DC
:101140000223FF33BB863B000D223633BA481970A9
:10115000B9873964796406F057F9B84B1E78002EC8
:1011600000D17FE0B64B00221B78002B78D0802383
:10117000DB05BA61FB610022B24BBA60FB60002262
:10118000B14B3A617B610022B04BBA62FB62032330
:101190007B60AF4B00221C685D68AE4B20002900CD
:1011A000F7F764F9002801D00024AA4DAA4B1B7858
:1011B0000093002B02D0A94B1C685D680022200020
:1011C0002900A74BF9F70AFEA64AA74BF9F720FB1F
:1011D00002000B000020A549F9F700FE0022A34BF6
:1011E00004000D00F7F742F9002801D000249F4DBC
:1011F0009F4B3C627D621B78002B51D0009B002BE3
:1012000047D19C4B5C681B689B4A009301941388F0
:1012100001339BB21380002E3ED0984B00221C68F5
:101220005D68974B20002900F8F7F2FA954BB862F9
:10123000F9621A685B6820002900F8F7E9FA894A20
:1012400004000D0000980199874BF9F7E1FA0200BC
:101250000B0020002900F9F7C1FD386279621FE018
:10126000894B86E7894B1B78002B92D08023002284
:10127000DB05BA61FB610022854BBA60FB6000228E
:10128000844B3A617B610022834BBA62FB6202238A
:101290007EE700230024B7E77C4B1B78002BBCD1F2
:1012A0007E4B1B78002B00D186E0002E00D17BE026
:1012B000FDF7CFF9002803D0794B1B78002B06D01F
:1012C000784B07221D78002377499D4263DC012279
:1012D000584B1860754BC254754A1368013313603C
:1012E0000121744A534B117003225A6000223F338C
:1012F0001A70714B4F4C1B78002B06D023003E33E5
:101300001B78002B01D0012363602068FFF7A4FD48
:10131000226B6368A0639A4203D123000122363313
:101320001A7023003C331B78002B14D1634B1B78BD
:10133000002B10D06249002208684968614BF7F71A
:1013400081F8002807D0206A616A00225E4BF8F716
:101350005FFA2062616223003D331B78002B07D0C7
:10136000206A616A0022584BF8F752FA20626162E3
:10137000206A616A00223D4BF7F778F8002803D015
:1013800000223A4B226263620022504B1A70504B8B
:1013900001321A70F7BDCE5C5C1C964202DC200064
:1013A000CA5CD2B2230090E7384B1B78002B00D1E7
:1013B00096E7FFF7D9FD93E7464B1E4C1B78394D56
:1013C000002B26D1002082332360230001224249D2
:1013D0003C33A061E16100201B491A703F4B206142
:1013E000616119781300002906D03D4B197802235A
:1013F0000F392C2900D913006360FDF775F9394BBB
:101400002A7802301860904200DC72E7801A186077
:101410006FE7230001223E331A70FDF765F92B7840
:1014200001302060984201DDC01A2060FFF79CFD6A
:101430005FE7C046880A00205D63002059630020F2
:101440004C630020000059400000444000908A4056
:101450004002002000488C40A0660020E80A0020DE
:10146000004085409A9999999999E93F0060834095
:10147000C7650020C865002070670020200200209A
:1014800000206C40380200200000F03FE8010020FE
:1014900000003E400000544000E08540816700208D
:1014A0007867002051020020E40300205C630020E4
:1014B00054630020C50A0020180200205B6300204E
:1014C000200000200000144000004940E9010020F5
:1014D0005A6300207B670020000008407C670020E2
:1014E000F10A00205063002010B50D222821034886
:1014F00005F08AFFFCF762FD10BDC0468463002042
:1015000010B568220021034805F07EFFFCF7B6FC09
:1015100010BDC0466864002010B568242200002178
:10152000064805F071FF22000021054805F06CFF18
:10153000FCF7CEFCFCF7F6FC10BDC04600640020B2
:101540009863002010B568220021034805F05CFF75
:10155000FCF76AFC10BDC046D064002010B50D2217
:10156000FF21034805F050FFFCF738FD10BDC046D1
:101570007763002010B50220FCF75EFE0222014BCB
:101580001A6010BDEC010020D0B506000F00054C1C
:1015900060220549200005F025FF26666766FCF7F6
:1015A00097FCD0BD0064002008640020D0B5060080
:1015B0000F00054C60220549200005F013FF266648
:1015C0006766FCF7AFFCD0BD98630020A0630020E5
:1015D000F8B50C684D68066847682B00220030009B
:1015E0003900F6F72FFF03000120002B08D12B0054
:1015F000220030003900F6F739FF431E984140427F
:10160000F8BD0000F0B5D14B93B01B780490059164
:10161000002B00D1C9E0CE4ACE4B116B18780139AE
:10162000CD4BC9005B18002800D1E1E10498059971
:1016300018605960130035331B78002B02D101214B
:10164000C64B1970130036331B78002B00D1ACE069
:10165000536800240693C24B00261B7800275A4289
:101660005341069A9B18043B1D000293BA4B0C93FE
:10167000069B9D4200DAC0E1BA4B002C00DC2FE251
:10168000002220001A70FAF711F808900991020060
:101690000B0030003900F8F781FC002600270E907F
:1016A0000F91029CAC4D069B9C4200DABFE1089A68
:1016B000099B30003900F8F771FC06F0B1FD0023FA
:1016C0000026002708930C900D91A34B1193029BC9
:1016D000069A934200DACCE10898F9F7E7FF020096
:1016E0000B0030003900F8F759FC06000F009E4B44
:1016F0009E4C1D789E4B266067601B785BB2022B68
:1017000000DD24E201229B4B1A70002D14D09A4B6D
:101710009A4D02931B78002B00D1FEE1002230008D
:101720003900974BF6F78EFE002800D1F5E1002333
:10173000012202992A700B70924B1B78002B34D037
:1017400020686168904B914D1A685B68F9F746FB19
:101750008F4B286069601B6800210C2B01DC0D3168
:10176000C91A00230D228B48FAF728FC7F4C266803
:10177000676832003B00F9F731FB02900391039B4D
:10178000029A5B00100059080022834BF6F76EFEA8
:1017900000280AD00122814B1A70814B1E605F60C5
:1017A000794B1A685B68226063607E4B1B78002B64
:1017B00000D1C8E07C4B664A1B78002B4FD17B4B95
:1017C0001B78002B4BD07A4B1B78002B47D112682B
:1017D000784B013AD2009B181C685D6800220023F8
:1017E00020002900F6F742FE002838D0724B1B88F3
:1017F00018000293F9F75AFF00220F0006006F4B02
:1018000020002900F9F704F802000B00300039002D
:10181000F6F718FE6A4F002807D0002220002900A2
:10182000684BF6F72DFE00280CD1029B042B00D943
:10183000B1E1002220002900634BF6F721FE0028C9
:1018400000D1A8E100223B6801333B60574B1A707E
:101850005E4B1A705E4A1388C8339BB21380584A95
:101860001368042B0BDD01215A4B00201970002353
:1018700000211360584B18605960FFF741FE4A4B36
:101880001B78002B00D188E1474B314D1B78029328
:10189000002B1CD145492B6B2A680878013B4F4926
:1018A000013ADB00434CD200CB18002800D1E5E11F
:1018B0000498059918605960494BA4189B18186042
:1018C00059603D4B1888F9F71FFF206061602B00BD
:1018D00036331B78002B36D02B003D331B78002B82
:1018E00003D0254B1B78002B1ED100246B68089376
:1018F0003C4B1B78A34201D1089B9C1E002500266F
:101900000027364B0A93089B9C4200DAC0E1002D69
:101910000ADD2800F9F7CAFE02000B00300039008A
:10192000F8F73CFB04900591204B1B78002B0AD064
:10193000029B002B07D10499059A2B4B19605A6022
:1019400001222A4B1A7013B0F0BDC046E9010020F5
:10195000880A0020FD030020F8650020D2650020E1
:10196000C16500204802002058630020400200208A
:10197000A4660020A2660020E80100205963002030
:1019800000708740C7650020E80A0020C865002075
:10199000D00A00209863002000002440A0660020A8
:1019A000280200205A630020C40A00200D040020F1
:1019B0007C67002068640020560A00200000D03FA9
:1019C000B465002000004440000034400C040020B6
:1019D0006E670020D1650020D8030020D865002064
:1019E000D06400201802002038020020B2650020D8
:1019F000C448C5491860596024E60C9AEB009B184E
:101A00001A685B680892099308980999BD4ABE4B09
:101A1000F6F718FD002808D0089A099B3000390015
:101A2000F7F7F6FE06000F000134013520E6E3006B
:101A30005B191A685B680C920D930C980D99B14A6A
:101A4000B14BF6F7FFFC002811D00E9A0F9B0C98B3
:101A50000D99F9F7C3F902000B00F8F7D9FE02005F
:101A60000B0030003900F7F7D3FE06000F000134F9
:101A700019E6029B119ADB009B181C685D68A14A5D
:101A800020002900A04BF6F7DDFC002824D00E9A98
:101A90000F9B20002900F9F7A1F94B005B080A9081
:101AA0000B930A9A0B9B0C980D99F6F7E9FC00280A
:101AB00007D10A980B990022944BF6F7C3FC002833
:101AC0000AD0089B300001333900089322002B0014
:101AD000F7F79EFE06000F00029B01330293F6E526
:101AE0008B4A146855688B4A1278002A04D0002269
:101AF0001A7026002F00FAE501221A70864B002288
:101B00001E685F68002330003900F6F7AFFC00283C
:101B1000EFD00122814B1A70E9E52B78002B00D120
:101B20000AE60022300039007D4BF6F7A9FC0028B8
:101B300000D101E60122029B02201A7000232B70C3
:101B4000784B1860784B1A70FCF776FBF4E5774B0E
:101B50001B780293002B00D1B4E000223000390042
:101B60006F4BF6F76FFC00280CD06B4B00221E6801
:101B70005F686B4B30003900F6F782FC002801D01B
:101B800026606760002D00D09FE0B2E0029B002B32
:101B900000D1D1E5ADE000233B60654C2378002BFC
:101BA00004D1644B1B78002B00D16DE6624B1B788F
:101BB000002B04D1614B1B78002B00D064E6604BF6
:101BC0001B78002B04D15F4B1B78002B00D15BE608
:101BD000049805995C4B1A685B68F9F7FFF84B00AD
:101BE00059080022594BF6F741FC594B002819D0EF
:101BF0001A6801321A600023564A23701370564A3D
:101C000013889133FF339BB2138051490B68032B28
:101C100000DC39E60122464B1A7000230B604F4B63
:101C20001A7031E6434A1278002AEED04B4A1278F5
:101C3000002AEAD101211A602170FAF779F8484C9C
:101C4000484D22696369206C616C2E686F6800964C
:101C50000197FAF715FB02000B00A260E36042490E
:101C6000424809780029D0D001003D310978006848
:101C7000FAF7A6FC803420606160C6E7214822495B
:101C8000A4181860596000220023226063601EE6D9
:101C90000A9AE3009B181A685B68069207930698F5
:101CA0000799184A184BF6F7CDFB002808D0069A7A
:101CB000079B30003900F7F7ABFD06000F00013538
:101CC000013420E6002D00D136E5294D2B78002B7C
:101CD00000D15BE72349002208684968104BF6F7FA
:101CE000CFFB002800D151E70122104B1A700023CE
:101CF0002B70204B1B78002B00D01DE501221E4BC2
:101D00001A7019E50000C0FFFFFFDF41000024400A
:101D100008020020B1650020E80A0020A16600202A
:101D200000708740EC0100205C630020E801002087
:101D30000D040020E00300207C670020E103002068
:101D4000C7650020D365002038020020000049400C
:101D5000B86500200C0400206E670020B2650020EA
:101D6000E009002040020020C70A0020880A002065
:101D70005963002048020020A26600200020094B81
:101D800010B51C78084B844205D018780130C0B2D9
:101D9000FF2800D102381870FCF73FFB2000FCF749
:101DA0002EFB10BD48020020B0650020F0B51E00DB
:101DB0007C4B7D4C1F7887B002900391256B002FE0
:101DC00000D121E1A068E1680022784BF8F720FDFE
:101DD000A269E369F7F71CFDF6F7FCFB744B80B2D0
:101DE0001880744B744A1B78032D1FD1002B0BD025
:101DF00080210020C905A061E16100206F49A06039
:101E0000E16000206E4908706E4811780078002863
:101E100032D000295DD000206B49A062E16200222F
:101E20000220A91E88425241D1B228E0002B21D0C5
:101E3000052D0CD16549097849B20529E4D1002066
:101E40006349644E2062616230607160DCE7042D9A
:101E5000DAD0062D09D15D49097849B20629D3D1D6
:101E600000205D4920616161CEE7032DCCDC0020BC
:101E700053490870012DC7DC11780029CFD1002B00
:101E80002DD1504B1B78002B18D0002916D0A06AFA
:101E9000E16A0022514BF8F7BBFC029A039BF7F76B
:101EA000B7FC4C4B206261621E685F6832003B00E9
:101EB000F6F7DCFA002801D0266267622300363389
:101EC0001B78002B12D0FFF759FFFFF731F907B04D
:101ED000F0BD002BD5D00022414BA262E36200226C
:101EE0000223023DAB425241D1B2CAE7FEF790FF56
:101EF00020603C4B1B78002B00D19EE23A4B2A4DD0
:101F00001B78002B00D198E22B00012435331C7084
:101F1000002322001900FA202C63FCF7B6FA431EB6
:101F20009841324A324B1278C0B21870002A04D05D
:101F30002A003E321178002912D11B780324002B8D
:101F40000ED02B003C331B78002B09D0294B1B787B
:101F5000002B05D1284B07341B78002B00D0073C01
:101F60002B6B6C60A34200DA63E201221E4B1A70F5
:101F70000D4C2068FEF770FF1A4BA0631B78002BF6
:101F8000A5D01E4B1B78002BA1D009289FD11C4B3C
:101F90001868A063FEF76CFF1A4A13880A339BB2D5
:101FA000138094E7E9010020880A00200000244003
:101FB0006C670020E80100205963002000003E40CB
:101FC000B1650020D265002000407F40A46600205B
:101FD000005094400002002000C072400000E03F2A
:101FE00000E085405A630020BE0A0020180200204D
:101FF000C46500207C670020F10A0020C365002032
:10200000100200206E670020C34B1B780593002B45
:1020100000D112E2C14B1B78002B00D102E1A26972
:10202000E369A068E168F7F7F3FBF6F7D3FABC4B76
:1020300080B218800021BB4ABB4B11701A003C32A1
:1020400012788A4200D137001A68B849013A8A5C8E
:10205000D2B201921A003D321278002A0AD0002F23
:1020600000D0E4E01A0036321278002A00D0DEE018
:10207000FEF77AFFAE4BAC4C1B78002B00D0F1E0A2
:10208000002F14D0019B032B00D9F2E0A34B1B7847
:10209000002B00D1E0E0A749002208684968A64B60
:1020A000F7F7B6FBA062E1620122A14B1A70A34DC3
:1020B0002B68042B09DCA24B1B780493002B04D162
:1020C000002F1DD0019B032B1AD8944B1B78002B9B
:1020D00000D1D3E0029A039B9649934E0868496861
:1020E000F7F796FB306271620022954B2A601A70F6
:1020F000944B954A106C516C18605960059B049381
:1021000036342378002B00D1E9E00C9B1B68052BAB
:1021100003DC8E4B1B78002B4AD08D4B00221C68B1
:102120005D688C4B20002900F6F7A0F9002801D04B
:102130000024884D002220002900874BF8F74EFE2E
:10214000864A874BF8F764FB02000B0000208549A4
:10215000F8F744FE0022834B04000D00F6F786F9E1
:10216000002801D000247F4D6C4A6F4B12781C620E
:102170005D62002A00D187E000207B499862D96225
:1021800000230C9A6A4D1360704A1370774B1B78CA
:10219000002B02D02B78002B0AD1754C2678F9F74A
:1021A000C7FD0023734A2B7013702670FBF7F2FFF4
:1021B000714B5D4C1B78002B6ED0704B1B78002B45
:1021C0006AD08223236000230022236463640133E6
:1021D000A3876B4BA261E36100226A4B22616361BA
:1021E000694B514C1B78002B0ED0684B1B78002B91
:1021F0000AD1049B002B07D0206A616A0022644B3D
:10220000F7F706FB20626162206A616A0022554B83
:10221000F6F72CF9002800D16BE60022514B226220
:10222000636266E6636C3E4A9BB2138002E701225A
:1022300036331A70434B0299039A19605A60FCF7BF
:1022400053FA544A544B127801301860904200DC23
:1022500010E7801A18600DE7504B1B78002B00D058
:1022600019E721E7002F00D121E7019B032B00D8BC
:102270001DE7324A13680133136018E7474B1B7898
:10228000002B00D026E72FE7444A1278002A00D11D
:1022900076E70020424971E72600424B3E361D7822
:1022A000002D00D18AE0FEF75FFE00233D4A137047
:1022B00001333370194B1B78002B1CD03A4B002292
:1022C0001B78002B15D08023DB05A261E36100227F
:1022D000364BA260E36000222A4B22616361264AEA
:1022E000304B12781B78002A6ED0002B00D077E795
:1022F0007BE02F4BE9E7294B1B78002BEFD08023A5
:102300000022DB05A261E36100222A4BA260E360A8
:102310000022294BE1E7C0465A63002059630020A0
:102320006C670020BC0A0020880A0020E40300201B
:10233000D36500202002002000206C40BC650020F6
:102340000504002038020020E0090020D1650020AB
:102350004002002000488C40004085409A9999999D
:102360009999E93F0060834000908A407C67002093
:10237000E1030020C7650020C50A00208167002016
:1023800000000840000044407B670020F00A002065
:10239000000049405102002050630020E801002065
:1023A00000E08540C40A00204C6300200000594032
:1023B0000000F03F00003E4000005440FEF7D4FD16
:1023C00001233D3433702570224A234B1278002AB2
:1023D00000D005E71A0036321278002A02D1196BB4
:1023E000022924D101223F331A701C4B1A4E1B784C
:1023F000346A756A002B00D1F2E619490022086898
:102400004968184BF6F71EF8002800D1E8E6002FBF
:1024100000D1E5E6019B032B00D9E1E60022200074
:102420002900114BF7F7F4F930627162D8E63F33B7
:10243000DAE7002236352A709AE50021064B0B4A6E
:1024400011701A6B01321A635B689A4200DB8CE5EB
:102450008EE5C046C40A0020880A00205B63002085
:10246000200000200000144000004940BD0A002068
:10247000F0B5002604003500394F9FB0F31904AAC7
:1024800018685968B3181860596000220023F5F7DE
:10249000D3FF4342584108362D18682EEED1002D47
:1024A00042DD08222F4B0D2104A804F031FD6B10F2
:1024B000DA00ED073AD5130004AA9B181A685B6886
:1024C000009201930099019A274B19605A60002CE1
:1024D0002AD00025224B254C0393039B0022EB18A6
:1024E0001E685F68002330003900F5F7A5FF00285B
:1024F00014D10098019932003B00F8F76FFC226874
:102500006368F7F785F906000F00F9F793F8C3172A
:10251000C018584014281EDC26606760083508344F
:10252000682DDAD1FBF758FC1FB0F0BD013B04A9C0
:10253000DB005B18190013000868496804AA9B189F
:102540001A685B68F7F764F90022094BF8F760F93D
:1025500000900191B6E70022002322606360DDE76E
:10256000D0640020D1150108300200203865002019
:102570000000E03FF0B585B00400FEF7E7F9FEF794
:10258000E3FB0A2002F038FA022C1CD1FEF7D4F942
:10259000FA20800002F030FAF9F73AFA0027040036
:1025A0001B4EFA2120008900F5F74AFEBB1BD91704
:1025B000184D194A5B184B4028801380FEF7D0F95C
:1025C000200005B0F0BDFA230024002500279B0061
:1025D0000F4E0193F9F712FAC31702900393029A70
:1025E000039BA4185D41864200DD0600874200DAA5
:1025F0000700019B013B0193002BEBD1FA22200045
:10260000002329009200F5F77FFF0400C9E7C046C8
:10261000FFFFFF005A66002058660020F0B5012732
:1026200000253E0097B003900C22574907A804F0FC
:1026300080FF0AAB01930097ACB22000C53080B296
:10264000FCF7A0F9019B18702000D13080B2FCF794
:1026500099F9242204AB15349B18FF345855029085
:10266000A0B2FCF78FF9019A0299127810ABE854E6
:10267000914200D081E0029A904207D000263700B4
:1026800004E00026029A00968242F8D1019A0135B0
:10269000013201920C2DCFD1242104AA52181278B4
:1026A0001B780AAD13402A7813ACFF2A06D0FF2B03
:1026B00006D12800FBF7D5FA002701E0FF2B55D003
:1026C000009B002B56D1002E54D1002F52D00DABC1
:1026D00023CB23C40398F8F7E9FF00222B4BF8F72C
:1026E0007DFB00222A4BF7F759FC04000D00139BD9
:1026F00004A80493149B04210593159B069301F0F1
:102700004BFA05A8042101F047FA06A8042101F0BC
:1027100043FA22002B0020002900F8F779F8060080
:1027200004980F00F9F714F802000B00300039008C
:10273000F8F76EF8060005980F00F9F709F822007F
:102740002B00F8F765F802000B0030003900F7F7AE
:102750005FF8040006980D00F8F7FAFF02000B007E
:1027600020002900F7F754F817B0F0BD07AD280096
:10277000FBF777FA07CD07C4ACE7904200D080E7BB
:1027800000221700009281E7408B010830C05941B8
:1027900080F1FAC0F8B505235B425843F8F786FF8D
:1027A0000022264BF8F734F80022254C254B2060F8
:1027B0006160A260E36000228025234B2D06226128
:1027C0006361A668E7682269636979193000F7F7E1
:1027D000E5FBA061E16120686168A269E369F7F740
:1027E000DDFB20626162194A206A616A184BF8F7C2
:1027F000F5FA184A184BF7F7D1FBA062E162002204
:10280000A06AE16A154BF7F7C9FB05F0D3FC144A3F
:10281000144BF6F7FDFF02000B0000201249F7F7FA
:10282000BDFB20636163114A206B616B104BF8F7AD
:10283000D5FAA063E163A06BE16BF8BD0000703EC8
:102840006066002000230E4160301F41FCA9F1D2D8
:102850004D62E03F1AB5F2C8C588DF3E006AF84015
:10286000F86F702FADFA2B40004BB040666666667D
:102870006612714001220021044B1A705A709A703E
:102880009971D97019715A717047C046C06600209D
:1028900070B5FFF7EFFF494B494C1B78002B00D177
:1028A00089E0484B1B78002B00D184E003230025EE
:1028B00000222381444BA381444B6581E58125821D
:1028C0006582A582E58225836583A5832262636292
:1028D000A262E36200223E4B2263636300223D4B0F
:1028E000A263E36300223C4B2264636400223B4BFF
:1028F000A264E36400223A4B226563650022002350
:10290000A265E36522666366A266E3662267636783
:10291000230078331D8023007A331D8023007C330D
:102920001D80230022007E331D800123803213701E
:10293000220081321370220082321570220083320D
:102940001370284A1570284A1570284A1370284BAE
:102950001D70284B1D70284B1D60FBF7B1FE274BE7
:102960001870274B1D70274B1D70274B1D70274B70
:102970001D70274B1D70274B1D70274B1D70274B5B
:102980001D70274B1D70230088331D6023008C337E
:102990001D6023009A3498331D802580FDF7D6FFF3
:1029A000204B214819685A68FAF7CCF9F9F70AF868
:1029B000FDF7D6FF70BD052379E7C0464C630020C4
:1029C000C06600205963002024F4FFFF00F8914006
:1029D00000E0854000207C4000005440000044405E
:1029E0000000F03FA4660020A366002050020020F3
:1029F00080670020F20A002054630020B0650020A8
:102A0000D0650020B1650020D3650020D26500208C
:102A1000C2650020C3650020A1660020A2660020D8
:102A2000A066002044000020A866002010B5144CC9
:102A30006378002B14D0FCF743FD1020FCF7E4FC76
:102A4000E18A102089B2FCF701FD10200021FCF77B
:102A500019FDFCF733FD002310206370FCF7AEFC7A
:102A6000F8F7E6FF22002300001280B284321080C3
:102A700088339A341968238812885B00CA5210BDC3
:102A8000C066002070B5204CA378002B14D0FCF752
:102A900017FD1120FCF7B8FC218B112089B2FCF73F
:102AA000D5FC11200021FCF7EDFCFCF707FD00230D
:102AB0001120A370FCF782FCF8F7BAFF2300220074
:102AC00025000012843380B218809A358C32116848
:102AD0002A881888520088521888230088331A6878
:102AE0002B8890345B009B5A2668C01AC317C01805
:102AF0005840F6F7F7FD2C88A40030512B8801339D
:102B00009BB22B8070BDC046C066002010B5FCF79C
:102B1000D7FC0620FCF752FCFCF7D0FC0122024B4C
:102B20009A7100225A8110BDC066002010B5FCF7D2
:102B3000C7FC0720FCF742FC0E20FCF73FFC1020EE
:102B4000FCF73CFC1120FCF739FCFCF7B7FC012238
:102B5000014BDA7010BDC046C0660020F8B5020017
:102B60000B0000201F49F7F719FAF8F763FD05007D
:102B7000F8F79CFD02000B0006000F00F6F748FE78
:102B8000F5F728FD184C80B2E081E389A8B29BB22A
:102B90002382E3899BB26382ABB2A382E3899BB2B7
:102BA000E382E3899BB22383F8F780FD0F4A104B41
:102BB000F7F72EFEF5F70EFD0C4A0D4B85B23900E6
:102BC0003000F7F725FEF5F705FD80B2F8F76EFD4A
:102BD00032003B00F6F71CFEF5F7FCFC80B2658383
:102BE000A083F8BD8084EE40C06600205C8FC2F5F3
:102BF000285CEF3F10B5174CE378002B01D1FFF7AD
:102C000095FFFCF75DFC218A072089B2FCF71EFCCA
:102C1000A18A0E2089B2FCF719FC618B102089B2C1
:102C2000FCF714FCA18B112089B2FCF70FFC0021EA
:102C30000720FCF727FC00210E20FCF723FC0021D5
:102C40001020FCF71FFC00211120FCF71BFCFCF7F7
:102C500035FC10BDC066002010B50C4C63890133F3
:102C60009BB26381628923899A4203D2084B1B7805
:102C7000002B0AD1FCF724FC0620FCF7C5FBFCF76F
:102C80001DFC0023A371FFF7B5FF10BDC066002037
:102C900050020020014B1879C0B27047C066002076
:102CA00010B5154B154C186A596A20626162986A12
:102CB000D96A20636163186959699A69DB6920647C
:102CC000616422656365206A616A226B636BF8F751
:102CD00085F8A063E163206A616A226D636DF6F78F
:102CE00097FDA062E1620022206C616C044BF7F753
:102CF0008FFDA064E16410BD880A0020C06600203A
:102D00000000E03F10B5104C1049230078330888CC
:102D10001A88904207D01A880D4892B20A80198802
:102D200089B2FAF73DF822007A347E32118823887E
:102D3000994207D0238806489BB21380218889B224
:102D4000FAF73EF810BDC046C06600203C67002080
:102D5000A86600200022F8B5644B654C1A80230059
:102D60007A331A80FFF7CEFFFDF78CFD614B624D81
:102D70001F78624E002F2BD02B0036331878FDF7CA
:102D800069FF3378002B4DD0A26AE36AA265E36540
:102D90000022A06DE16D5A4BF7F73AFDF5F71AFCEA
:102DA000230080B2783318800022002322666366F5
:102DB000230000227A331A80FFF7A4FFA86B0928AA
:102DC0004ED8F5F79FF94B62676C71767B828990DC
:102DD0004C4B1B78002B13D028680121C0B2FDF7A3
:102DE000E5FE286C002803D03900C0B2FDF7DEFEF6
:102DF000686C0028C5D00021C0B2FDF7D7FEC0E73F
:102E00003378002BD8D0404B1F78002F06D10121FA
:102E10000F20FDF7CBFE39000E20EEE728680121D8
:102E2000C0B2EAE7374A1278002AC5D00020002154
:102E30002200A065E16578321380A26AE36A226607
:102E400063662F4B0022206E616EF7F7E1FCF5F709
:102E5000C1FB230080B27A331880ADE7FDF776FD21
:102E6000A379002B01D1FFF751FEFCF729FBA189C3
:102E7000062089B2FCF7EAFA00210620FCF702FBE3
:102E8000FCF71CFB01232371F8BDFDF75FFDFDF787
:102E900003FDE5E7FDF75AFDFDF712FDE0E7FDF75D
:102EA00055FDFDF7F9FCF7E7FDF750FDFDF71CFDBB
:102EB000D6E7FDF74BFDFDF703FDF7E7FDF746FD10
:102EC000FDF7EAFCFDF724FDCAE7FDF73FFDFDF73E
:102ED000E3FCFDF7F5FCF5E7FDF738FDFDF7DCFC5D
:102EE000FDF702FDEEE7FDF727FDB9E738670020A3
:102EF000C0660020C40A0020880A0020E9010020E2
:102F000000403A405A630020C165002010B5FCF72C
:102F1000D7FA00210620FCF7B5FA00210720FCF7BC
:102F2000B1FA00210E20FCF7ADFA00211020FCF7C9
:102F3000A9FA00211120FCF7A5FA0620FCF764FA93
:102F40000720FCF761FA0E20FCF75EFA1020FCF770
:102F50005BFA1120FCF758FAFCF7B0FAFFF78AFC8D
:102F6000FDF7F4FC0022034B1A80034B1A80FFF795
:102F7000C9FE10BD386700203A670020F8B5914CB3
:102F80006379DFB2002B00D1D8E000276771A06A17
:102F9000E16A226D636DF7F721FF2300A062E16211
:102FA0009433A06AE16A1E6823009A331D88F8F7FB
:102FB00017FCAD007051A06AE16AA26BE36B2500BB
:102FC000F5F74AFA01268335B84200D18EE0230096
:102FD00082331E70A06AE16AA26BE36BF5F732FAE6
:102FE000B84200D182E0FFF791FF774B2F701B783A
:102FF000BB421AD0754B1B78BB4216D0002200236F
:10300000A265E365230078331F80FFF77BFE704BDA
:103010001B78BB4200D167E06E4B1B78BB4200D1EE
:1030200062E0FA20400001F0E7FC052001F0E4FC3A
:10303000FDF796FC230083331B78002B27D0664BCB
:103040001B78002B23D0A06AE16A226A636A2500FC
:10305000F5F7F2F97A3500284AD0A06AE16AA26C45
:10306000E36CF6F7D5FBA065E1650022A06DE16D8C
:103070005A4BF7F7CDFBF5F7ADFA230080B2783362
:103080001880002200232266636600232B80230021
:1030900083331B78002B26D04B4B1B78002B22D080
:1030A000A06AE16A226A636A2500F5F7C5F97835F6
:1030B000002830D000220023A265E36500232B8086
:1030C000A06AE16AA26CE36CF6F7A2FB2066616677
:1030D0000022206E616E414BF7F79AFBF5F77AFA02
:1030E0007A3480B22080F8BD3D489CE72E70A1E77D
:1030F000206E616E226D636DF6F78AFB2066616655
:103100000022206E616E354BF7F782FBF5F762FA0D
:1031100080B22880BBE7A06DE16D226D636DF6F78C
:1031200077FBA065E165A06DE16D00222B4BF7F701
:103130006FFBF5F74FFA80B22880D4E70123637163
:10314000254B1E78002E1CD0A06AE16A226A636AB1
:103150002500F5F771F97A35002809D0230080336E
:103160001F70226C636C22676367206F616FDCE7FE
:10317000206F616F226D636DF6F74AFB2067616710
:10318000F3E7114B1B78002BADD0A06AE16A226AED
:10319000636A2500F5F750F97835002809D0230037
:1031A00080331E70226C636CA266E366A06EE16ED3
:1031B000BBE7A06EE16E226D636DF6F729FBA0669A
:1031C000E166F3E7C06600205A630020BE0A0020D3
:1031D0004C63002059630020E901002000403A4080
:1031E000C4090000054B10B51B78002B01D1FFF777
:1031F0008DFEFFF7C3FEFFF785FD10BD50020020D6
:1032000010B50F4C2378002B14D0FCF759F90E2081
:10321000FCF7FAF8618A0E2089B2FCF717F90E2044
:103220000021FCF72FF9FCF749F900230E20237049
:10323000FCF7C4F8FFF7A2FEFFF764FD10BDC0461F
:10324000C066002070B5040004A80588094E0A482D
:10325000346004008C342160010090310A60020067
:1032600094321360030098331D8000239A3003804A
:1032700070BDC04648670020C0660020F8B51F4BEF
:103280001C78002C2AD01E4B14241B78002B00D055
:1032900050341C4F012238687968FBF703FD1A4E41
:1032A000012230687168FBF7FDFC184D0022286888
:1032B0006968FBF7F7FC200001F09EFB38680122EB
:1032C0007968FBF7EFFC306800227168FBF7EAFCD5
:1032D000286800226968FBF7E5FCF8BD0C4B1B78F9
:1032E000002BD6D0064B1C7863425C41094B6442EC
:1032F0001C40FA239B00E418CBE7C046596300202A
:103300008167002074000020840000206C000020F1
:10331000E80100204AFCFFFF1C4BD0B51A680600EC
:103320000F00012A00D01B68FDF7BEFB184C0021DE
:103330002000F9F735FD0022164B30003900F6F772
:1033400067FA154B0022F7F763FAF5F743F981B2F4
:103350002000F9F735FD114801F04EFB0021200057
:10336000F9F71EFD00212000F9F72AFDFDF7F8FA14
:103370000B4B1B78002B07D001220A4BF5201A704B
:103380001978C9B2FBF71CFBD0BDC0464C02002027
:10339000A866002000206C4000403A40B80B0000B6
:1033A000C6650020C5650020F0B5444B87B01E7887
:1033B000002E00D078E0424A1278002A00D077E050
:1033C00016000192FDF752FAF8F7FCFA3D4A3E4B1F
:1033D0000092196800985A68F9F7B4FCFDF742FBAF
:1033E00000210098F9F7DCFCFA2700210098F9F792
:1033F000E7FC002400257F00F8F700FBC3170290CC
:103400000393013F029A039BA4185D41002FF3D15F
:10341000FA220023520020002900F5F775F8310048
:1034200005000098F9F7BCFCFA2401990098F9F717
:10343000C7FC002600276400F8F7E0FAC3170490E1
:103440000593013C049A059BB6185F41002CF3D10B
:1034500021000098F9F7A4FC21000098F9F7B0FCCE
:10346000FDF716FBFA20400001F0C6FAFA2200230D
:10347000520030003900F5F747F8451BEB17ED18FF
:103480005D402800F8F712F90022104BF6F786FD90
:10349000F5F7A0F80E4E0F4A0F4B3060954209DD4C
:1034A0000120187007B0F0BD00230C4E019389E78E
:1034B0000A4BFBE702201C70F4E7C046E90100203C
:1034C0005A630020A86600204400002000408F407E
:1034D00074670020102700007F670020453300003C
:1034E000282210B50021054803F08EFF0022044B6E
:1034F000DA725A715A729A7210BDC04685670020FE
:10350000C8050020F8B505000024FBF779FE8026E9
:103510000227285DFBF77EFE002C05D10E4B220012
:1035200018685968FBF7BEFB0C4B9A683242FCD016
:103530009A683A42FCD09A683242FCD1002C07D1FA
:10354000054B012218685968FBF7ACFB0134E0E732
:1035500001340C2CDDD1F8BDA40000200030014066
:10356000F0B589B002920393029B01901800039B6F
:1035700000225B0059082F4BF7F74AF9002300227D
:103580000692079306AA04000D0003F0DBFF2A4A07
:103590002A4BF4F76BFF002807D006980799002202
:1035A000274BF6F735F904000D0029002000F8F745
:1035B00041F80A210600F4F743FE6421C4B230004A
:1035C000F4F73EFE0A27FA21C3B204937B43E31AC1
:1035D0007C431B01341B1C19E3B2890030000593A6
:1035E000F4F72EFE1749C5B23000F4F729FE3B0070
:1035F000C4B26343EB1A7D43049A1B01551B124965
:1036000030005D19F4F71CFE474302980399E41B50
:1036100000220023EDB2E4B2F4F714FF002801D039
:10362000103CE4B2019B059A5D709A701C7009B061
:10363000F0BDC04600002440CDCCCCCCCCCCEC3F7F
:103640000000F03F10270000A0860100F0B51C002C
:1036500085B06300019059081000234B0022F7F752
:10366000D7F8002300220292039302AA04000D005F
:1036700003F068FF1D4A1E4BF4F7F8FE002807D040
:103680000298039900221B4BF6F7C2F804000D00C4
:1036900029002000F7F7CEFF0A210500F4F7D0FD3E
:1036A0000A27C4B264212800F4F7CAFD3B00FA21BE
:1036B000C6B27343E31A7C431B012C1B1C19019BEC
:1036C00028005C708900F4F7BBFD0B49C4B22800E8
:1036D000F4F7B6FD78436743201A019BF61B0001FF
:1036E0008019187005B0F0BD00002440CDCCCCCCC2
:1036F000CCCCEC3F0000F03F10270000F0B58BB0C1
:10370000039310AB029204CB07AC1F8812AB1B785B
:1037100000900191049200210C222000059303F0F7
:1037200073FE7BBA200063800025FFF7EBFE07AC39
:10373000AF4218DC0C220021200003F065FE059A40
:103740002B23002A00D004332000E370237163711F
:10375000FFF7D8FE174B18685968FBF7A8FA00283E
:10376000F8D10BB0F0BDF0232370049BAE00985944
:10377000F7F7EEFF0B0006A90200481DFFF7F0FE69
:10378000009B6A009B5A01355BBAA380019B9B5A40
:103790005BBAE380029B9859F4F704FF039B40BA9D
:1037A00020819859F4F7FEFE40BA60812000FFF7AF
:1037B000A9FEBCE79C00002070B50024044D2E78C3
:1037C000285DFBF705FD230001349E42F8DA70BD49
:1037D0008567002070B50E4C0E4DE379280002334A
:1037E000DBB22372E3792B70E179E679C9B2F9F79C
:1037F00085FAF6B2A855E679F9F788FAF6B2AE1965
:103800007070217A2800C9B2FBF7EEFC70BDC0468B
:10381000C8050020AD67002010B50B4A0B4B51784E
:10382000597091789970D278DA7053221A710132F6
:103830005A71073A9A714C3ADA71054B0732DA71CC
:10384000FFF7C8FF10BDC04685670020AD670020A8
:10385000C80500200C22064B10B506485A70FAF72E
:103860004EFD0822044BDA71FFF7B4FF10BDC046CD
:10387000AD670020AF670020C80500200722064B77
:1038800010B506485A70FAF71DFA1222044BDA7185
:10389000FFF7A0FF10BDC046AD670020AF67002056
:1038A000C80500200822064B10B506485A70FAF7E2
:1038B0004BFA1222044BDA71FFF78CFF10BDC046A1
:1038C000AD670020AF670020C805002013226F21DC
:1038D0000D4B10B55A702E329A700D32DA700C3AC8
:1038E0001A7111325A7112329A710932DA7159729F
:1038F000053203311A72DA729972044B673ADA713F
:10390000FFF768FF10BDC046AD670020C805002066
:10391000052310B5054C6370FAF7E3FD0322044B51
:10392000A070DA71FFF756FF10BDC046AD670020EA
:10393000C80500202E2310B5054C6370FAF7CAFEA7
:103940000322044BA070DA71FFF744FF10BDC0469C
:10395000AD670020C80500200B2310B5054C63702F
:10396000FAF7D7FD0322044BA070DA71FFF732FF9C
:1039700010BDC046AD670020C8050020062310B565
:10398000054C6370FAF7BDFD0322044BA070DA7199
:10399000FFF720FF10BDC046AD670020C80500201E
:1039A0000A2310B5064C6370FAF74EF90422030A95
:1039B000A370044BE070DA71FFF70CFF10BDC04636
:1039C000AD670020C8050020092310B5054C6370C1
:1039D000FAF78FFD0322044BA070DA71FFF7FAFEAD
:1039E00010BDC046AD670020C80500201FB51423D8
:1039F0000F4C0F2268460F49637003F09AFD0022B6
:103A000002236946895C080020385E2801D8E15409
:103A1000013301320F2AF4D1102B02DC023AE254B6
:103A20000133054ADBB2D371FFF7D4FE1FBDC04698
:103A3000AD670020688C0108C8050020152310B56B
:103A4000054C6370FAF7B1F90322044BA070DA71E8
:103A5000FFF7C0FE10BDC046AD670020C8050020BE
:103A600010B5024B9878FAF799F910BD85670020D8
:103A70000D2310B5064C6370FAF75BFDA070FAF7E2
:103A800060FD0422034BE070DA71FFF7A3FE10BD66
:103A9000AD670020C80500201B2310B5054C6370DE
:103AA000FAF73FFD0322044BA070DA71FFF792FE94
:103AB00010BDC046AD670020C8050020172310B513
:103AC000054C6370FAF745FD0322044BA070DA71D0
:103AD000FFF780FE10BDC046AD670020C80500207E
:103AE0000222054B10B55A7000229A70034B033224
:103AF000DA71FFF76FFE10BDAD670020C80500202A
:103B0000122310B5094C6370FAF7E3FC084BA07060
:103B1000012805D118740322DA71FFF75BFE10BD8E
:103B20000228F8D100221A74F5E7C046AD670020DC
:103B3000C80500201D2310B5094C6370FAF741F940
:103B4000084BA070012805D158740322DA71FFF7E1
:103B500041FE10BD0228F8D100225A74F5E7C04694
:103B6000AD670020C805002070B518220125054B5F
:103B7000054C9D705A700323E371FFF72BFE2571EE
:103B800070BDC046AD670020C8050020014B18601D
:103B90007047C046F0670020002370B5CA0F521866
:103BA00052100139934200DB70BDCC1A065DC55C32
:103BB000C65401330555DBB2F4E710B50B0A0170AA
:103BC00043700B0C090EC17083700421FFF7E4FFF2
:103BD00010BD00003E22F0B5904B85B0DA71DB7964
:103BE0008F4C2370162363708E4B1D682B78A37047
:103BF0002B0038331B786A781B019B18E3702B006D
:103C000080331E685F680022874B30003900F4F76C
:103C100013FC2B0039330093002803D11B78022BAF
:103C200000D8D8E042232371853363713833A37100
:103C3000823BE37128696969F7F7D2FD7B4B011C70
:103C40001800FFF7BAFF286A696A794B1E78002EC0
:103C500000D1CAE042232373853363733833A373DF
:103C6000823BE373286B696B002E00D1C5E04223D1
:103C70002374853363743833A374823BE374009BED
:103C800003AF1B7823752B003A331B786375694BA0
:103C900018685968F4F79EFC2B008833A0751868E3
:103CA0005968F4F797FC80B2030AE37520762A6C12
:103CB0006B6C3800FFF7CAFC28003B8848305BBAC1
:103CC0007A7803805C4B39781888A276617680B266
:103CD000F7F71AFD02000B003800FFF7B7FC2800C9
:103CE0003B8858305BBA7A780380544B3978380077
:103CF00022771A685B68E17600920193FFF7A6FCD1
:103D000028003B8868305BBA7A7803802B003978CA
:103D100090336177A2770099019A19605A60080080
:103D20001100F4F757FC2A0080B2030AE377631C02
:103D3000D877434B70321B889BB21380190AA21CA0
:103D4000D177E21CD3772B002A0072331B887432A0
:103D50001380190A221DD1772900621DD377394BB0
:103D600078311A6893B20B801B0AA11DCB77E31D33
:103D7000DA772B002A007A331B887C3213802200EA
:103D8000190A0832D1772200283213702B00220042
:103D90007E331B7829321370A86AE96A002E34D06A
:103DA000230042222A331A70230085322B331A70E3
:103DB000230038322C331A707D232D342370174C96
:103DC0007F35E279204B2978D154FFF703FD00239A
:103DD000237105B0F0BD39003000F7F701FD1B4B32
:103DE000011C1800FFF7E9FE24E7F7F7F9FC184B70
:103DF000011C1800FFF7E1FE34E7F7F7F1FC154B63
:103E0000011C1800FFF7D9FE39E7F7F7E9FC124B60
:103E1000011C1800FFF7D1FED1E7C046C8050020FD
:103E2000AD670020F067002000002E40B56700203D
:103E300064670020D00300206C670020400200204F
:103E40006E67002068670020AC670020B167002023
:103E5000B9670020BD670020D7670020014B1879A3
:103E6000C0B27047C805002010B5054B98780128EE
:103E700002D1F9F793FE01E00228FAD010BDC04646
:103E80008567002010B5044B9878431E072B01D896
:103E9000F9F78AFE10BDC0468567002010B5054BB6
:103EA0009878092803D80020F9F784FE01E0F0286B
:103EB000FAD910BD8567002010B5034BD9789878E2
:103EC000F9F7B4FE10BDC0468567002010B5024862
:103ED000FAF7FFF910BDC0468767002010B5054B03
:103EE0009878012802D1F9F777FE01E00228FAD08C
:103EF00010BDC0468567002010B5044BDC7898786B
:103F0000F9F770FE2000F9F773FE10BD85670020F9
:103F100010B5024B9878FAF76BF910BD8567002051
:103F200010B5024B9878FAF76BF910BD8567002041
:103F300010B5024B9878FAF76AF910BD8567002032
:103F400010B5024B9878FAF769F910BD8567002023
:103F500010B5024B9878FAF768F910BD8567002014
:103F600010B50248F9F77DFE10BDC04687670020F6
:103F700010B50248F9F788FE10BDC04687670020DB
:103F800010B50248F9F7C2FE10BDC0468767002091
:103F900010B5F9F716FF044B012801D1587410BD74
:103FA00000225A74FBE7C046C805002010B5064B36
:103FB0009878012802D1F9F7EBFE01E00228FAD047
:103FC000FFF7E6FF10BDC0468567002010B5084B1F
:103FD0009C782000FAF7FEF8012C03D10B22054B48
:103FE0001A7010BD022CFCD10D22024BF8E7C0461E
:103FF000856700205102002010B5024B9878FAF72F
:10400000F0F810BD856700201E2310B5054C6370C5
:10401000FAF744FB0322044BA070DA71FFF7DAFBD6
:1040200010BDC046AD670020C80500202F2310B585
:10403000054C6370FAF7AAFA0322044BA070DA71F8
:10404000FFF7C8FB10BDC046AD670020C8050020C3
:10405000094B10B518695969F7F7C2FB074B011CEA
:104060001800FFF7AAFD1022054B5A70054B0A3ABB
:10407000DA71FFF7AFFB10BDE0090020AF67002049
:10408000AD670020C8050020262010B5FF30FAF7E4
:1040900079FC0400FEF76EFA022C07D1FEF77AFBDA
:1040A000044B18615961F7F79BFB10BDFEF7B6FA98
:1040B000F6E7C046E0090020112310B5064C6370F6
:1040C000FFF772F90322054BA070DA71FFF782FB4C
:1040D0000122034B1A7010BDAD670020C8050020F7
:1040E0008067002030B585B06846FAF7ADF9002347
:1040F00001211A0015486C46E55CC45CA54200D05D
:104100000A0001330E2BF6D100239A4202D0FAF7AF
:10411000A8F9FF230E4C3322A370D020FF23627036
:1041200000211A004000FAF7B0F9FF23E070A22046
:104130001A000021FF30FAF7A8F90522054B20717B
:10414000DA71FFF747FB05B030BDC046688C010847
:10415000AD670020C8050020342310B5054C6370FE
:10416000FAF71CFA0322044BA070DA71FFF732FB56
:1041700010BDC046AD670020C8050020362310B52D
:10418000054C6370FAF714FA0322044BA070DA713D
:10419000FFF720FB10BDC046AD670020C80500201A
:1041A000372310B5054C6370FAF70BFA0322044B62
:1041B000A070DA71FFF70EFB10BDC046AD6700209E
:1041C000C8050020382310B5054C6370FAF702FAD1
:1041D0000322044BA070DA71FFF7FCFA10BDC04651
:1041E000AD670020C8050020392310B5054C637069
:1041F000FAF7F9F90322044BA070DA71FFF7EAFA33
:1042000010BDC046AD670020C8050020F8B5AE4D12
:10421000AE4C2B78280063716B786372637902333C
:10422000DBB2A37163796179EE5CC9B2F8F766FD20
:10423000864206D16379EB185E78F8F767FD86420F
:1042400002D0FFF74DF9F8BD6379052B13D1637ADE
:10425000412B10D16B78412B0DD1AB784E2B0AD16D
:10426000EB78422B07D12B790D2B04D10122984BEF
:104270001A70FFF7D1FA627AD3B2012A00D08CE02B
:10428000AA78A272A17ACAB2012914D1914B1A70EC
:10429000914B1A70914B1A70A37A052B2AD1904A30
:1042A000043B13708F4A13708F4A13708B4A13703C
:1042B000FFF782FAC5E7A27A032A03D1854A137071
:1042C0008A4A05E0A27A022A05D1824A1370854AF9
:1042D0001370854A05E0A27A042A06D1804A137039
:1042E0007D4A13707D4A1370D6E7A27A062AD3D18D
:1042F0007B4AE4E7A37A812B05D1764B01221A7021
:10430000754B1A70D4E7A37A832B06D1714A823B8E
:104310001370764A1370744AC9E7A37A822B04D1CA
:104320006C4A813B13706F4AF4E7A37A842B01D166
:104330006B4BE3E7A37A862B02D1694A853BE7E71B
:10434000A37A852B02D1664A843BEBE7A37A072B3D
:1043500002D0A37A082B0ED10124654B1C70FAF70A
:1043600039F95F4BA04200D05A4B1C705A4B1C705D
:104370005A4B1C709CE7A37A872B02D0A37A882B18
:1043800096D101245A4B1C70FAF724F9544BA042E1
:1043900000D0504B1C70504BEBE7637A022B03D1DB
:1043A000544B00221A704CE7637A2E2B08D1A37A63
:1043B000002B02D0A878FAF737F8FFF7BBFA40E7EE
:1043C000637A052B0AD1AB78A372A37A002B02D1B2
:1043D000FFF79EFA35E7FFF755FDF9E7637A062BFD
:1043E0000BD1AB78A372A37A002B03D0A07AC0B212
:1043F000F9F7E6FBFFF7C2FA23E7637A072B12D13E
:10440000AB78A3726379032B06D1A37A002B00D07B
:1044100017E7FFF733FA14E76379122B00D910E797
:10442000FFF7A6FDF5E7637A082B12D1AB78A372EC
:104430006379032B06D1A37A002B00D001E7FFF7A5
:1044400031FAFEE66379122B00D9FAE6FFF798FD00
:10445000F5E7637A092B0AD1AB78A372A37A002B14
:1044600002D1FFF7B1FAECE6FFF718FDF9E7637A3E
:104470000A2B12D1AB78A3726379032B06D1A37AEE
:10448000002B00D0DDE6FFF78BFADAE66379042B28
:1044900000D0D6E6FFF710FDF5E7637A0B2B2BD1A2
:1044A000AB78A372A37A002B0AD0A37AD8B2012BDF
:1044B00002D1F9F78BFB03E0A37AD8B2022BF8D034
:1044C000FFF74AFABDE6C04685670020C805002010
:1044D0004D010020846700207D6700207867002060
:1044E000836700207B670020796700207A670020BF
:1044F0008267002050020020637A0C2B12D1AB7827
:10450000A3726379032B06D1A37A002B00D098E61F
:10451000FFF7A0F995E66379082B00D091E6FFF745
:10452000D5FCF5E7637A0D2B10D1AB78A372A37A93
:10453000002B04D0A37A012B04D1FFF7DDFCFFF799
:1045400097FA7EE6A37A022BF9D1F6E7637A0E2B6F
:1045500003D1AB78A372A37A73E6637A0F2BF8D0FA
:10456000637A102B0FD1AB78A372A37A002B00D003
:1045700067E6FFF789FDF7F7EBF8BB4C2061616157
:10458000FFF766FD5DE6637A112B08D1AB78A37265
:10459000A37A002B00D054E6FFF78EFD51E6637A34
:1045A000122B10D1AB78A372A37A002B04D0A37A7C
:1045B000012B04D1FFF758FCFFF7A2FA41E6A37ADA
:1045C000022BF9D1F6E7637A1D2B10D1AB78A372D9
:1045D000A37A002B04D0A37A012B04D1FFF7E6FCC9
:1045E000FFF7A8FA2DE6A37A022BF9D1F6E7637A52
:1045F000132B08D1AB78A372A37A002B00D020E64E
:10460000FFF764F91DE6637A142B08D1AB78A37227
:10461000A37A002B00D014E6FFF7E8F911E6637ADD
:10462000152B0CD1AB78A372A37A002B04D0637A3C
:10463000002B01D0FFF714FAFFF700FA01E6637AC6
:10464000162B08D1AB78A372A37A002B00D0F8E523
:10465000FFF7C0FAF5E5637A172B08D1AB78A372A0
:10466000A37A002B00D0ECE5FFF728FAE9E5637A9E
:104670001B2B10D1AB78A372A37A002B04D0A37AA2
:10468000012B04D1FFF72AFCFFF706FAD9E5A37A3C
:10469000022BF9D1F6E7637A1C2B06D163790E2B36
:1046A00000D0CEE5FFF75CFCCBE5637A1E2B10D182
:1046B000AB78A372A37A002B04D0A37A012B04D188
:1046C000FFF784FCFFF7A0FCBBE5A37A022BF9D12E
:1046D000F6E7637A2F2B10D1AB78A372A37A002B65
:1046E00004D0A37A012B04D1FFF786FCFFF79EFCD0
:1046F000A7E5A37A022BF9D1F6E7637A1F2B09D13C
:104700005A4B9B78A372A37A002B00D199E5F7F757
:104710000FFBCDE5637A242B07D1544B9B78A37212
:10472000A37A002B00D18CE5C2E5637A504C252B8F
:10473000F3D0637A282B1AD14C4B01229B78F420BA
:10474000A37200231900F9F7A0FE431E9841494BBC
:10475000C0B21870002301221900F520F9F795FE68
:10476000431E9841444BC0B21870A37AA0E5637A07
:10477000312B02D1F9F79EFD9AE5637A322B01D1F4
:104780003E4B0EE6637A332B0FD1384B9A78A272E8
:10479000A27A002A06D0A27A012A03D11979D87800
:1047A000F9F766FEFFF79EFC4BE5637A342B0AD1DE
:1047B0002E4B9B78A372A37A002B01D0FFF7A8FBA6
:1047C000FFF7CAFC3DE5637A352B3FD10125002474
:1047D00000260027F7F7E4FA294B1D70F7F7A8FA2F
:1047E000F7F7D2FA0020F9F73CFD224BF4201C70B9
:1047F0001978C9B2FAF7E4F81F4BF5201C70197844
:10480000C9B2FAF7DDF8FCF76FFEFCF779FEFCF7AA
:1048100083FEFCF797FEFCF7ADFE2000F9F71AFDCA
:10482000184B1C70FCF79AFE174B1E605F60F9F77F
:1048300027FC164B1E605F60F9F794FC144BFA20BE
:104840001D701978C9B2FAF7BBF831E5637A362BD7
:1048500020D1064B9B78A372A37A002B01D0FFF7DF
:104860005FFBFFF78BFCECE4E0090020856700208C
:10487000C8050020C7650020C56500204C01002048
:10488000AF650020F00A0020D8030020400200207D
:10489000C4650020637A372B0AD1144B9B78A3722E
:1048A000A37A002B01D0FFF743FBFFF779FCC8E4A4
:1048B000637A382B0AD10D4B9B78A372A37A002B15
:1048C00001D0FFF73DFBFFF77DFCBAE4637A392B9B
:1048D00000D0B6E4054B9B78A372A37A002B01D0DD
:1048E000FFF736FBFFF780FCABE4C046856700208E
:1048F00010B5044B0A000100180002F01AFEFFF781
:1049000085FC10BD856700200D488546FCF77EFAC2
:104910000C480D490D4A002302E0D458C45004331A
:10492000C4188C42F9D30A4A0A4C002301E01360F0
:104930000432A242FBD302F0D5FDFAF709FAFEE7F2
:104940000090002000000020B4020020D08D01085B
:10495000B802002044690020FEE7000070B5104B4B
:1049600005001978002901D1012070BDFA208000CE
:10497000F3F7DCFB0B4C01002068F3F7D7FB00F0EA
:1049800083F8041EF0D1032DEED802000120290087
:10499000404200F043F8044B20001D60E5E7C046AC
:1049A0005202002050010020540200208023084AB7
:1049B0005B00116810B50B4300201360FFF7CEFFBA
:1049C000041E03D1FBF738FD200010BD0124FBE7D6
:1049D00000200240034A044B11681B785B181360E7
:1049E0007047C046F467002052020020014B18684F
:1049F0007047C046F467002070B50400FFF7F6FF6B
:104A00000500631C02D0044B1B78E418FFF7EEFF8F
:104A1000401BA042FAD370BD5202002010B5FF2403
:104A200003220B0021000240D20091409B01234051
:104A3000C943934000280ADBC0240B4A8008800049
:104A40008018A40002590A401343035110BD0F22DD
:104A500010400838054A800880008018C26911405B
:104A60001943C161F2E7C04600E100E000ED00E05B
:104A7000002805DB1F2318401E3B8340014A1360BA
:104A80007047C04600E100E08022431E520401202E
:104A900093420DD2C021074A07485360036A0906B2
:104AA0001B021B0A0B430362002007239060136064
:104AB0007047C04610E000E000ED00E0F0B5846C07
:104AC000C56C6560046D002C02D0446D856D656019
:104AD0001C24056C084E25401B3CAC4077683C43C9
:104AE0007460046863608368102B02D1A260E16087
:104AF000F0BDA160E260FBE70000024010B50400D9
:104B0000036C094A9B089B189B00436400681421AE
:104B1000C0B20838F3F70AFB044BA3641F23184004
:104B20001E3B8340E36410BD0082001080080240F9
:104B3000F8B504000120002C46D02568254B14212F
:104B4000E818F3F7F3FA02238000A61D2064F37738
:104B50002B68214AA76813402B60E36821693B4317
:104B60000B4361692A680B43A16920000B43E1698B
:104B70000B43216A0B4313432B60FFF7BFFF8023D6
:104B8000DB019F4201D1002363603F236268616CB7
:104B900013400B60E06CA16C013A4860032A14D802
:104BA0000E4A0F4899180122013B9A40A265130052
:104BB00000228900216560650A60436000200123AE
:104BC000E0630534F377E077F8BD00232365636580
:104BD000A365F3E7F8FFFDBF0F80FFFF3F820010E2
:104BE00040090240F7B5451D0193EE7F0400022005
:104BF000012E33D00138E877A71DFE7FB446634607
:104C0000F6B200960026834230D10130F87725684D
:104C1000E6632868009B98432860019B2000FFF70B
:104C20004DFF236BB3421AD00E232A6813432B6027
:104C3000636C1A68D20304D58022196852000A43B3
:104C40001A60236D002B04D08022196852000A4399
:104C50001A60012300202A6813432B60FEBD042242
:104C60002B6893432B602A680A23DFE78023E363E2
:104C7000EE77F3E7F0B5002808D0841DE37F411DEF
:104C8000022B05D00423C3630023CB770120F0BDA2
:104C90000E250268466C1368AB4313603368104DF1
:104CA0002B403360012316689E431660026C1B3351
:104CB0001A401B3B93400B4E77683B437360C26CBA
:104CC000836C5A60036D002B05D01A682A401A6065
:104CD000436D826D5A6001230020E377C877D6E7E1
:104CE000FFFEFFFF00000240F8B5811DCB7F022BC5
:104CF00003D00423C3630120F8BD0E2402681C27DF
:104D00001368456CA3431360012314689C4314602B
:104D10002A68104C22402A60026C0F4D3A409340A2
:104D20006E6833436B60C26C836C5A60036D002BFA
:104D300005D01A6822401A60436D826D5A600123C3
:104D40000022CB77431DDA77836B934200D09847DC
:104D50000020D1E7FFFEFFFF00000240F8B51C2451
:104D60000427016C264A21403C008C4016680368E9
:104D70001D6826420FD03D420DD01968890602D425
:104D80001968B943196053681C43036B5460002BC6
:104D90001BD0984719E002273C008C40264215D0D2
:104DA0003D4213D01968890606D40A251968A9431B
:104DB00019600121831DD97753681C435460002278
:104DC000431DDA77C36A9342E3D1F8BD0824270074
:104DD0008F403E42F9D02542F7D00E251C68AC43E7
:104DE0001C6001231D008D4029005468214351603F
:104DF000821DC363D3770022431DDA77436BE2E75A
:104E0000000002400023F0B585B00A681400DC40C1
:104E100001D105B0F0BD012514009D402C40009447
:104E20002A4200D191E04A685F009446032264461A
:104E300022400324BC40E4430194541E012C2ED88C
:104E40008668019C2640CC68BC403443846044683A
:104E50000126AC4325006446240934409C402C4381
:104E60004460C568019C25408C68BC402C43C460EC
:104E7000022A16D107250F261D40AD00AE40DC08E2
:104E8000A40004190294246A03962600039CA643F6
:104E900034000E69AE402643029C266201E0032ADC
:104EA000DFD1BA400468019D25402A43C024026036
:104EB0006246A402224248D0254A03259C08A40049
:104EC000A4180F221D40ED00AA40A027266EFF0562
:104ED00096430022B8420CD01E4F0132B84208D08F
:104EE0001D4F0132B84204D01C4F0332B84200D1EA
:104EF000023AAA40674632432266154C009A266859
:104F0000009DD2433543FF0201D43500154067466A
:104F100025606668009D3543BF0201D43500154009
:104F2000674665600E4C009DE66F3543BF0301D4B4
:104F3000350015406746E5670A4C009EE56F2E4335
:104F4000FF0301D415402E00E66701335DE7C0463C
:104F5000001802400004005000080050000C0050EF
:104F6000081802400418024000690840431E984196
:104F7000C0B27047002A01D0816170478162FCE7AE
:104F800070B504000120002C3FD0250041352B785E
:104F9000DAB2002B05D12300403320001A70FBF752
:104FA00063FA242301212B702368E0681A68A6683D
:104FB0008A431A601A4962680A401A619A68194954
:104FC0000A409A60012821D18022120232439A605D
:104FD0005868154A02435A60DA6800200A40DA60CD
:104FE000616922690A43A16909020A43DA60216AF8
:104FF000E2690A431A60012219680A431A602023F1
:1050000060642B7020634234207070BD84221202D1
:1050100032439A600228DBD1802212015A60D7E71E
:10502000FFFFFFF0FF7FFFFF00800002F0B50400EC
:105030004134227803000F000220D6B2202A18D172
:105040001D0040352A78012A13D0242222701B68C3
:10505000233A1968074891431960196801400020F4
:10506000196019683943196019680A431A60267073
:105070002870F0BDFFEFFFFF0200F0B54132147859
:105080000300E5B20220202C17D11C004034267802
:10509000012E12D0223010701B6823381E68074F73
:1050A00086431E601E6809023E403143196019683C
:1050B00008431860002015702070F0BDFFF0FFFF5E
:1050C0008023034A5B0011680B4313607047C0469E
:1050D0000070004010B5114C1149236802000B40CC
:1050E00003432360802300209B009A420ED10D4B86
:1050F0000D49186806235843F3F718F88022431C1B
:10510000D200616908001040114200D110BD002B8F
:1051100001D0013BF5E70320F8E7C04600700040EE
:10512000FFF9FFFF5001002040420F00F0B50400DE
:1051300085B0002802D1012005B0F0BD0368DB076F
:1051400010D423689B075CD423681B0700D5C1E0FB
:1051500023685B0700D5F2E0E369002B00D079E11A
:105160000020E9E73822AF4DAB681340EA68102B06
:1051700009D1D3439B0708D12B689B03E1D5636812
:10518000002BDED1D7E7082BF6D0802263685202CD
:10519000934211D12A6813432B60FFF727FC802725
:1051A0000600BF022B683B42CBD1FFF71FFC801BE0
:1051B0006428F7D90320BFE7A021C9028B4208D198
:1051C00080232968DB020B432B602B681A432A607B
:1051D000E3E72A6894490A402A602A6893490A400A
:1051E0002A60002BD9D1FFF701FC80270600BF02FF
:1051F0002B683B42A5D0FFF7F9FB801B6428F7D949
:10520000D8E73822874DAB681340EA68102B28D1C5
:1052100003210A40022A26D12A68520503D5E268F2
:10522000002A00D187E7696862698148120201405B
:105230000A436A60002B0CD12B687E4A7E491340DA
:10524000226913432B602B687C4A9B045B0FDA4076
:105250000A607B4B1868FFF781FB002800D173E7D9
:1052600069E7002BD8D0E368002B20D02B68714A67
:10527000802713402269FF0013432B6080232A6894
:105280005B0013432B60FFF7B1FB06002B683B422A
:1052900007D06A68636966491B020A4013436B6062
:1052A00052E7FFF7A3FB801B0228EFD982E72B68A8
:1052B000644A802713402B60FFF798FB0600FF002D
:1052C0002B683B4200D13FE7FFF790FB801B022891
:1052D000F6D96FE73822534DAB681340182B08D12D
:1052E0002B6E9B0700D433E7A369002B00D02FE778
:1052F00021E7A2690123002A10D02A6E0227134356
:105300002B66FFF773FB06002B6E3B4200D01FE7B6
:10531000FFF76CFB801B0228F6D94BE72A6E0227A9
:105320009A432A66FFF762FB06002B6E3B4200D1D0
:105330000EE7FFF75BFB801B0228F6D93AE738221D
:10534000384DAB681340202B08D1EB6D9B0700D480
:1053500002E7A368002B00D0FEE6ECE680220021E5
:10536000EB6B52050091134208D1EB6B1343EB63D7
:10537000EB6B13400393039B012300938027324E72
:105380007F0033683B4215D0A368012B22D1EA6D20
:105390001343EB65FFF72AFB02270600EB6D3B4248
:1053A00038D0009B012B00D0D6E6EB6B274A134088
:1053B000EB63D1E633683B433360FFF717FB0190A3
:1053C00033683B42E0D1FFF711FB019BC01A022872
:1053D000F6D9EFE6EA6D052B05D1013B1343EB65EA
:1053E000EA6D0123D4E701218A43EA65EA6D0331BE
:1053F0008A43EA65002BCDD1FFF7F8FA02270600B1
:10540000EB6D3B42CDD0FFF7F1FA114B801B984278
:10541000F6D9CFE6FFF7EAFA0D4B801B9842BDD9CB
:10542000C8E6C04600100240FFFFFEFFFFFFFBFF83
:10543000FF80FFFFFFC7FFFF500100200024F400A2
:1054400054020020FFFEFFFF00700040FFFFFFEF4F
:10545000881300003821434DAA680A40102A53D00F
:10546000414A022B3AD12B68802713402B60FFF76B
:10547000BDFA0600BF042B683B4229D1616A236A4A
:10548000EA680B43394980260A401343E26AB604AE
:105490001343226B1343626B1343A26A120213433A
:1054A000EB6080232A685B0413432B608023EA6847
:1054B0005B051343EB60FFF799FA04002B68334256
:1054C00000D04DE6FFF792FA001B0228F6D971E6EC
:1054D000FFF78CFA801B0228CDD96BE62B6880265B
:1054E00013402B60FFF782FA0400B6042B683342A6
:1054F00004D1EB681E4A1340EB6031E6FFF776FA01
:10550000001B0228F2D955E6012B00D113E6032235
:10551000E868216A02408A4200D00CE67022616A83
:1055200002408A4200D006E6FE21A26AC90101407B
:105530001202914200D0FEE5F822E16A9203024095
:105540008A4200D0F7E5E022216B120502408A4230
:1055500000D0F0E5636B400F4007C01A431E98412E
:10556000C0B2E9E500100240FFFFFFFE8C80C111D0
:10557000FCFFFEEE382370B51D4CA2681A4205D11F
:1055800023681C489B045B0FD84070BDA2681A407A
:10559000082A27D0A2681A40102A17D1E368E168C8
:1055A000DB43E5684906490F6F322D0A013115408A
:1055B0009B0709D11048F2F7B9FDE1686843490F2C
:1055C0000131F2F7B3FDE0E70A48F4E7A2681A40B8
:1055D000202A09D0A26800201340182BD5D1FA2028
:1055E000C001D2E70448D0E780200002CDE7C046E2
:1055F000001002400024F40000127A00F7B5040005
:105600000D00002801D10120FEBD0727484E336858
:105610003B408B422AD3226893073BD4D20748D41D
:10562000072733683B40AB420AD93368BB432B435F
:105630003360FFF7DBF9019033683B40AB4268D140
:1056400023683C4D5B076CD4FFF794FFAB683A4985
:105650001B051B0F9B005B581F210B40D840374A8E
:10566000374B10601868FFF779F9CDE73368BB4313
:105670000B433360FFF7BAF9019033683B40AB420C
:10568000C9D0FFF7B3F9019BC01A2E4B9842F4D949
:105690000320B9E72749530704D5E0238868DB01D5
:1056A00003438B608B6828480340A06803438B60EA
:1056B000B4E760681F4F032829D8F2F723FD2002C2
:1056C0001C243B689B039ED50722BB68934303437E
:1056D000BB60FFF78BF901903823BA681A40636802
:1056E000DB009A429CD0FFF781F9019BC01A154B51
:1056F0009842F1D9CCE73B689B01E5D483E73B684E
:105700005B05E1D47FE73B6E9B07DDD47BE7FB6D58
:10571000FAE7FFF76BF9019BC01A0A4B98428BD945
:10572000B6E7AB68094A1340E2681343AB608BE706
:105730000020024000100240288C01085001002087
:105740005402002088130000FFF0FFFFFF8FFFFFCF
:10575000064B07499B68074A5B045B0F9B005B583D
:105760001F2110680B40D8407047C046001002400F
:10577000088C010850010020F0B50368040085B0D2
:1057800000209B0352D58022704D5205EB6B009098
:10579000134208D1EB6B1343EB63EB6B13400393A2
:1057A000039B012300938027694E7F0033683B43AE
:1057B0003360FFF71BF9019033683B4228D0EA6D54
:1057C000C02310009B00216B624E18401A4218D073
:1057D000814216D08022EB6DE86D1900520202431F
:1057E000EA65EA6D5C4831400240EA65E965DB073D
:1057F00007D5FFF7FBF807000222EB6D134200D13B
:105800009CE0EB6D226B334013430020EB6506E018
:10581000FFF7ECF8019BC01A0228CDD90320009BAA
:10582000012B03D1EB6B4D4A1340EB632368DA077E
:1058300006D5032545494A6DAA4365682A434A654A
:105840009A0706D50C2541494A6DAA43A5682A4303
:105850004A65DA0606D53D49414D4A6D2A40E5685C
:105860002A434A659A0506D538493E4D4A6D2A4075
:10587000A5692A434A655A0506D534493A4D4A6D09
:105880002A40E5692A434A659A0606D52F49374DCD
:105890004A6D2A4025692A434A655A040FD52B4987
:1058A000256A4A6D920092082A434A658022D205F1
:1058B000954204D18022CD6852022A43CA601A035D
:1058C00006D5402521494A6DAA43656A2A434A659F
:1058D0009A020FD51D49264E4A6DA56A32402A43C9
:1058E0004A658022D203954204D18022CD685204B9
:1058F0002A43CA605A020DD5144D1E4E696DE26AE4
:10590000314011436965802149048A4202D1E96826
:105910000A43EA601B050FD50C4A6169536D164CAA
:1059200023400B4353658023DB01994204D180233C
:10593000D1685B020B43D36005B0F0BDFFF756F8AA
:105940000E4BC01B984200D856E767E70010024094
:1059500000700040FFFCFFFFFFFFFEFFFFFFFFEFB7
:10596000FFF3FFFFFFFFF3FFFFFFCFFFFFCFFFFFBF
:10597000FFFFBFFFFFFFFFFEFF3FFFFF8813000099
:10598000A0210268F8B5D36804008B43D360FFF709
:105990002DF8FA2705002026BF002368DB68334274
:1059A00001D00020F8BDFFF721F8401BB842F4D920
:1059B0000320F7E7F7B5402603680500DA680024FE
:1059C000324211D18022D968FA270A43DA60FFF700
:1059D0000DF8BF0000902B68DB681A00324001927E
:1059E000334201D1032C01D12000FEBDFEF7FEFFA2
:1059F000009B019CC01AB842EDD92B000324293327
:105A00001C70E8E7802270B50F4C0500E3689343F3
:105A1000E360A369603A134207D1FFF7B1FF0028A2
:105A200002D003202935287070BDA3699343A36178
:105A3000FFF7A6FF002802D0032029352870202375
:105A4000A2691343A361EFE70028004070B504008A
:105A50000120002C17D0250029352B78DAB2002B35
:105A600008D1230028331A7088231B0220006360AA
:105A7000FAF73CFD02232B702368DA68D20603D5BF
:105A8000012300202B7070BDCA225A62773A200091
:105A90005A62FFF78FFF002825D1236815499A69BC
:105AA00060690A409A61A26899690243E069024309
:105AB0000A439A61226920001A61E2681969120496
:105AC0000A431A61FFF79EFF00280CD12268266A5C
:105AD0009369DB00DB089361636A91693343A669CC
:105AE00033430B439361FF2223685A620028C7D0D7
:105AF000C9E7C046BFFF8FFBF8B504000120002CAA
:105B000067D0636A002B65D182226168520091429E
:105B100000D0E36100232500A3625D352B78DAB263
:105B2000002B05D123005C3320001A70FAF70CFD1E
:105B3000022340222B702168E6680B689343E02221
:105B40000B60D2000023964248D9F02218001201BF
:105B5000964200D0A36282228427636852001340D9
:105B6000A2683F023A40022713432269A5693A40DE
:105B700013430122676917403B438027BF002F4032
:105B80003B43E769373217403B43276A48321740A7
:105B900080223B43A76A920117403B43102708220B
:105BA0000B60636A2D0C3B40676B17403B43F0274B
:105BB0003F013E403343042635402B4303434B60B3
:105BC000CB69084803400020CB61012320665D3487
:105BD0002370F8BD0023236163619BE780204001AF
:105BE000B6E7C046FFF7FFFFC022042313B50468E1
:105BF000D200A16808001040114200D116BDE16832
:105C0000013B0191DBB20199002BF2D10320F5E7B2
:105C100001000300012010B53D310C78E2B284424E
:105C20001FD1001808701B68D9681143D9600E494C
:105C30008B4209D08021C9058B4205D00B498B428C
:105C400002D00B498B420DD19A680A490A40062AB4
:105C500006D007398A4203D0012219680A431A6024
:105C6000002010BD1968F9E7002C01400004004035
:105C700000400140070001000121036810B5DA6807
:105C80008A43DA601C6A074A144206D11C6A064A33
:105C9000144202D11A688A431A6001233D3003700E
:105CA000002010BD1111000044040000704770472F
:105CB000704770470222036810B519690400114249
:105CC0000ED0D96811420BD0053A1A61043202771E
:105CD0009B699B0700D186E0FFF7E9FF002323774C
:105CE000042223681969114211D0D96811420ED0DB
:105CF000093A1A61073222779A69C0239B00200073
:105D00001A4200D175E0FFF7D2FF00232377082263
:105D10002368196911420ED0D96811420BD0113A8B
:105D20001A610D322277DB6920009B0767D0FFF7ED
:105D3000BEFF00232377102223681969114210D077
:105D4000D96811420DD0213A1A6119322277DA69E5
:105D5000C0239B0020001A4257D0FFF7A8FF002362
:105D60002377012223681969114207D0D9681142AB
:105D700004D0033A20001A61F9F7A4FB80222368BB
:105D80001969114208D0D968114205D0023AFF3A88
:105D900020001A6100F0EFF823681A69D20507D5D0
:105DA000DA68120604D51C4A20001A6100F0E4F8F3
:105DB000402223681969114207D0D968114204D0E2
:105DC000813A20001A61FFF774FF202223681969C5
:105DD000114207D0D968114204D0413A20001A611B
:105DE00000F0C8F810BDFFF761FF2000FFF760FF6B
:105DF00074E7FFF75BFF2000FFF75AFF85E7FFF727
:105E000055FF2000FFF754FF93E7FFF74FFF2000F7
:105E1000FFF74EFFA3E7C046FFFEFFFF10B51C4C87
:105E20000368A04206D08022D205904202D0194ACF
:105E3000904208D1702293434A681343164A1A408D
:105E4000CB6813430BE0154A9042F7D0144A9042B6
:105E5000F4D0144A9042F1D0134A9042EED08022FE
:105E600093434A69134303608B68C3620B68836280
:105E7000A04208D00A4B984205D00A4B984202D063
:105E8000094B984201D10B6903630123436110BDA3
:105E9000002C014000040040FFFCFFFF00200040F8
:105EA00000400140004401400048014070B504003A
:105EB0000120002C23D025003D352B78DAB2002BB1
:105EC00005D123003C3320001A70FAF78FFB022320
:105ED0002B702068211DFFF7A1FF22000123002065
:105EE0004832137047340A3A137053709370D3706A
:105EF000137153719371D371137223702B7070BD32
:105F0000F0B5040002223C34257803001000012D76
:105F100026D01D003D352A701B68124E5A689868BD
:105F2000B34203D1104F3A404F683A437027BA4307
:105F30000F683A435A60B34209D08022D205934297
:105F400005D00A4A934202D0094A934204D18022E2
:105F500090438A6810439860012300202B702070C2
:105F6000F0BDC046002C0140FFFF0FFF00040040C1
:105F700000400140704770477047000030B5EFF3B4
:105F80001084012282F31088C02501680B68AB439E
:105F90000B6084F31088EFF3108182F3108802689D
:105FA000044C93682340936081F310882023883049
:105FB000036030BDFFFF7FFF30B5EFF31084012297
:105FC00082F310880168134D0B682B400B6084F33B
:105FD0001088EFF3108182F3108802680E4C9368EA
:105FE0002340936081F31088C36E012B0AD1EFF335
:105FF000108183F31088102402681368A343136090
:1060000081F31088030020228C331A600023C366BA
:10601000436730BDDFFEFFFFFEFFFFEF70477047B5
:106020007047704770B5846A230088331A685D68CA
:1060300023689B681B0608D5212A06D1230000226D
:10604000563320001A80FFF799FF23689B685B0690
:1060500008D5222D06D1230000225E3320001A80AD
:10606000FFF7AAFF220010239032116820000B4393
:106070001360FFF7D6FF70BD806A0023020010B5E1
:106080005E321380083A1380FFF7CBFF10BD00008B
:10609000F7B50168C14DCB6904000A6888682B42D6
:1060A00010D120252B4200D19BE08026760515409B
:1060B0000640354300D194E0636F2000002B00D0F0
:1060C00085E085E0B64D05400095B64D009E154033
:1060D000354300D185E0250001269035334205D0B7
:1060E000D70503D50E622F683E432E600226334249
:1060F0000CD0C7070AD527000E6290373E6801977B
:10610000B446042667463E43019F3E600426334260
:106110000CD0C7070AD527000E6290373E6801975A
:10612000B446022667463E43019F3E600826B446B9
:10613000334209D02027009E1740374304D06646DB
:106140000E622F683E432E6080263601334206D011
:10615000570104D50E6220212E6831432960296839
:10616000002935D020210B420AD080235B05114045
:106170000340194304D0636F002B01D020009847DF
:1061800022682B684027966828223E401340200052
:106190001E4322D0FFF710FF23689B683B4218D0B4
:1061A000EFF31081012383F31088250004CD936859
:1061B000BB43936081F31088E86F002809D07A4BC5
:1061C0008363FEF791FD002802D0E86F836B984748
:1061D000F7BD2000FFF725FFFAE7FFF722FF2E604B
:1061E000F6E7E56E012D00D09FE01026334200D186
:1061F0009BE0324200D198E00E62896840230A0099
:106200001A40194257D0211DCA6F1068426892B2D5
:10621000002ADDD027005C373F889742D8D9270075
:106220005E373A8002682020844610400090604625
:10623000024232D1EFF3108785F3108820685B4E5D
:1062400002683240026087F31088EFF3108785F30D
:10625000108820688268AA43826087F31088EFF371
:10626000108785F31088206882689A43826087F3DC
:106270001088230062468C331A60009BE366EFF3BC
:10628000108085F3108822680F351368AB431360C4
:1062900080F31088C86FFEF7EDFC0223220023670D
:1062A00023005C325E331B881188C91A89B2200032
:1062B000F8F76EFF8CE7230020005C335E3019880E
:1062C000038800889BB2002800D181E7C91A89B2EF
:1062D000002900D17CE7EFF3108785F31088206850
:1062E000334E03683340036087F31088EFF3108761
:1062F00085F3108820682F4E83683340836087F3CE
:106300001088230020208C331860E2666267EFF368
:10631000108085F31088102522681368AB43136042
:1063200080F3108802232367C1E780256D032B4289
:1063300006D0460204D520000D6200F0E7FB47E7D7
:1063400080210B4207D080252D04114028400143B5
:1063500001D0A36FB1E640210B4216D00A4214D0FF
:10636000EFF31080012383F31088226813688B43B6
:10637000136080F310882300202288331A600023E2
:106380002000A367FFF74AFE22E7190214D5510047
:1063900012D5200000F0BCFB1AE7C0460F08000031
:1063A000010000102001000479600108FFFEFFFFDA
:1063B000DFFEFFFFFEFFFFEFDB0100D408E7002A4E
:1063C00000DB05E7200000F0A2FB01E70123806A63
:1063D00010B50367C36E012B06D103005C33198827
:1063E0004908F8F7D5FE10BDFFF71AFEFBE70000DD
:1063F00003001B6820221B6870B51900806A1140D9
:10640000134234D103005E331980EFF3108501236A
:1064100083F3108804681D4E21683140216085F3A4
:106420001088EFF3108583F310880468A1689943FE
:10643000A16085F31088EFF3108483F31088402562
:1064400001688B68AB438B6084F3108803008C3346
:106450001A60C36E012B0AD1EFF3108183F3108809
:10646000102402681368A343136081F3108800238B
:106470000367C36E012B05D103005C331988F8F75D
:1064800087FE70BDFFF7CBFDFBE7C046FFFEFFFFB9
:10649000F8B504002569A26823682A43656919686C
:1064A000C0692A43734D024329400A431A605A685F
:1064B0007149A5690A40E1680A4370495A608B42F4
:1064C00001D0226A15439A686D4E32402A430F2547
:1064D0009A60DA6AAA43656A2A43DA62694A934291
:1064E00025D1694B5A6D03231A4080231B02022ACF
:1064F00000D1BBE0032A00D1B2E0012A00D1A8E01C
:10650000984200D17DE0FFF723F9002845D0626A68
:106510005E4B5200D15AF1F709FE65686B08C0184E
:106520002900F1F703FE0200594B103A64E0594A82
:10653000934212D10C22544B5B6D1340082B00D1B7
:1065400092E005D8002B00D081E080231B02D7E722
:106550000C2B00D182E0012020E04F4A9342F4D07E
:106560004E4A9342F1D08B42F5D1C0228021464B56
:1065700012015B6D090113408B4215D004D8002B2A
:1065800007D1FFF7E5F806E09342E4D18026360212
:106590000BE0FEF7EFFF061E07D10020404BA3667D
:1065A00000236367A367F8BD3E4E626A374B520013
:1065B000D75A30003900F1F7B9FD032365686B4302
:1065C0008342C8D82B038342C5D300233A0030004E
:1065D0001900F1F799FF0027060E0B023343020260
:1065E0006E0892197B41100019002A003B00F1F758
:1065F0008BFF2D4BC2182D4B9A42ACD82368D86024
:10660000CBE7FFF7A5F80028C7D0626A1F4B5200FE
:10661000D15AF1F78BFD656840006B08C01829005E
:10662000F1F784FD02001A4B103A9A4200D992E722
:106630000F23020000079A4393B2400F22680343DE
:10664000D360AAE71748E0E7FEF794FF5DE78023F1
:106650001B029842F8D1FEF78DFFD4E780231B027E
:106660009842D2D0180052E780231B029842E9D00A
:106670000C484CE7F369FFCFFFCFFFFF00800040DD
:10668000FFF4FF110038014000100240568D010850
:10669000EFFF00000044004000480040004C004074
:1066A000010001000024F40000FDFFFFFFFC0F00CB
:1066B000836A30B5DA0706D50168284C4A6822405B
:1066C000C46A22434A609A0706D50168244C4A6886
:1066D0002240046B22434A605A0706D50168214CC8
:1066E0004A682240446B22434A601A0706D5016873
:1066F0001D4C4A682240846B22434A60DA0606D564
:1067000001681A4C8A682240C46B22438A609A0648
:1067100006D50168164C8A682240046C22438A60C0
:106720005A0610D50168134D4A68446C2A4022432A
:106730004A6080225203944205D14A680E4C22409E
:10674000846C22434A601B0606D502680B495368D5
:106750000B40C16C0B43536030BDC046FFFFFDFFD3
:10676000FFFFFEFFFFFFFBFFFF7FFFFFFFEFFFFFCE
:10677000FFDFFFFFFFFFEFFFFFFF9FFFFFFFF7FFC1
:10678000F8B504000D0017001E002268D3692B40E5
:106790005B1B59424B41BB4201D0002029E0069BC4
:1067A0000133F3D0FEF722F9069B801B984201D8F3
:1067B000002B1FD1EFF31080012282F31088216893
:1067C000204D0B682B400B6080F31088EFF3108096
:1067D00082F3108821688B6893438B6080F3108864
:1067E00023001F3288331A605A6000230320843448
:1067F0002370F8BD23681A685207C6D58022D9696C
:1068000012011142C1D01A62EFF31080012282F30B
:10681000108821680B4D0B682B400B6080F31088AB
:10682000EFF3108082F3108821688B6893438B60AC
:1068300080F3108822002023883213605360936015
:10684000D3E7C0465FFEFFFFF0B51700020087B038
:1068500088320593136804000D000220202B45D1D7
:106860000138002942D0002F40D08023A1685B016D
:10687000994204D12369002B01D1054236D123006E
:10688000002690331E6021231360FEF7AFF823002B
:1068900054331F80023303931F808023A268049027
:1068A0005B019A4204D12369B34201D12E001D003D
:1068B000230056331B889AB2002B0CD1059B402134
:1068C00000932000049BFFF75BFF00280DD12023DD
:1068D000883423600AE0059B002200938021200079
:1068E000049BFFF74DFF002802D0032007B0F0BD46
:1068F0002268002D0BD133880236DB05DB0D936255
:10690000039B039A1B88013B9BB21380D0E72B7833
:1069100001359362F4E70000030073B5002604001C
:1069200090331E60FEF762F8236805001B681B07A2
:1069300019D423681B685B070AD58021104B0022FD
:10694000009320002B00C903FFF71AFF002815D180
:10695000220000202023883213605360E066206705
:10696000843420700BE08021054B320000938903B2
:1069700003002000FFF704FF0028DAD0032076BDD3
:10698000FFFFFF01F8B513000200060005005C32AE
:1069900081650F0013802221002290368C353260F1
:1069A0002960011D0400C86F904213D01D49826305
:1069B000C1621D493A0001631C49416321682431C9
:1069C000FEF710F9002805D0102301203360DB18F2
:1069D0002B60F8BD2369002B0BD0EFF3108101234E
:1069E00083F310882268FF3310680343136081F338
:1069F0001088EFF31080012383F3108821688A68E0
:106A00001A438A6080F31088EFF3108183F31088B3
:106A100022683F3390680343936081F3108800201D
:106A2000D7E7C046F1630108CD630108256001087E
:106A3000F7B50700436E04006A37002B04D101202C
:106A4000388068342080F7BD03680B4E9A689B68D5
:106A50000A4D5B0FF05CE95CC0000192F1F7F0FBBE
:106A6000019B38801B015B0FF05CE95CC000F1F713
:106A7000E7FB80B2E5E7C046768D01086E8D010820
:106A8000F7B504000E001D000192002801D101207D
:106A9000FEBD070088373B68002B04D1020084321A
:106AA0001370F9F717FE2423012122683B60136855
:106AB00020008B431360FFF7EBFC0128E7D0A36AAB
:106AC000002B02D02000FFF7F3FD80222368D201C3
:106AD00099682D040A439A609A680A4920000A407E
:106AE00032439A60019A51050D431A6806490A40DB
:106AF000154301221D6019680A431A60FFF70CFF55
:106B0000C6E7C046FF7FFFFFFFFF00FC70477047EE
:106B10007047000070B5040084342278030002201E
:106B2000012A11D01D002422012688352A601A6806
:106B300011681068B0431060044801400020586696
:106B4000202311602B60207070BDC046FFFFFFDF67
:106B5000F8B5050084350B0029780222012915D0EB
:106B600006000121046888362232326027682268D4
:106B70008A432260A168C900C9081943A160FFF7D0
:106B800057FF20230022276033602A701000F8BDD1
:106B9000F8B5050084350A0029780223012915D0AB
:106BA0000600012104688836223333602768236891
:106BB0008B432360A168064B19401143A160FFF786
:106BC00037FF20232760336000232B701800F8BDA7
:106BD000FFFFFFF103008C331B6870B50400022037
:106BE000202B02D1002901D1012070BD002AFBD049
:106BF0008020A56801234001854204D12069002836
:106C000001D11942F0D1E366002320002367FFF78A
:106C1000B9FE0028E9D1E26E012AE5D110232168EE
:106C20000B62EFF3108182F310882268146823430B
:106C3000136081F31088D8E710B5034B0100186882
:106C400000F030F810BDC0466402002010B5034BC0
:106C50000100186800F0EEFC10BDC0466402002080
:106C600070B50F4E0D0031680400002902D100F00C
:106C70000DFC30602900200000F008FC431C03D10B
:106C800001256D42280070BD0323C51C9D43A84209
:106C9000F8D0291A200000F0F9FB0130F2D1EFE71B
:106CA000F8670020F7B50322CB1C93430833050097
:106CB0001F000C2B34D20C27B94233D8280000F027
:106CC00071F8374E33681C00002C2FD13900280092
:106CD000FFF7C6FF0400431C5FD134680094009B9B
:106CE000002B4AD1002C52D023682800E3180099C9
:106CF000019300F0CBFB019B834248D1236828001D
:106D0000FF1A3900FFF7ACFF013040D02368DB19D0
:106D1000236033685A68002A33D1009B336019E03E
:106D2000002BC9DA0C232B600020FEBD2168C91B93
:106D300020D40B290AD9E2192760A34204D132607A
:106D400063681160536005E05A60F9E76268A34226
:106D50000ED13260280000F02DF8200007220B3001
:106D6000231D9043C21A9842DFD01B1AA350DCE7C0
:106D70005A60EFE723006468A6E7009C636800930D
:106D8000ADE71A005B68A342FBD10023DAE70C23CE
:106D900028002B6000F00EF8C6E70760DAE7C0466F
:106DA000FC67002010B5024800F0C1FB10BDC046D2
:106DB0004069002010B5024800F0BAFB10BDC04683
:106DC00040690020114B70B51D6804002B6B002B2F
:106DD00016D11820FFF730FF021E286304D1462188
:106DE0000B4B0C4800F008FC0B4B002103600B4BD5
:106DF00043600B4B83600B23838101201061516141
:106E000000222B6B1C615A6170BDC04664020020D9
:106E1000778C01088E8C01080E33CDAB34126DE6F1
:106E2000ECDE0500164B10B51C68236B002B16D149
:106E30001820FFF701FF021E206304D15221114BDD
:106E4000114800F0D9FB114B00210360104B436047
:106E5000104B83600B238381012010615161246BEF
:106E60000D4A206961690D4BF1F76EFB0122002389
:106E700080185941206161614800400810BDC0463A
:106E800064020020778C01088E8C01080E33CDAB94
:106E900034126DE6ECDE05002D7F954C2DF4515833
:106EA00030B50024022B09D0920803590D59013A3C
:106EB00005510B510434002AF7DC30BD035D0D5D34
:106EC00005550B550134131B002BF7DCF5E7F8B51E
:106ED0000F00160004001D009847310000280DDA4D
:106EE0003800A847002802DA3C002000F8BD310035
:106EF0002000A8470028F8DA3400F6E73800A84751
:106F00000028F1DC31002000A8470028F4DAECE783
:106F1000F0B599B000900393009B17001343022231
:106F2000080001929B0704D13B1F1A00531E9A418F
:106F30000192002304933C00009B4443DB1902931D
:106F4000009B1B190693062828D8029B069A934299
:106F50000CD3049B002B00D020E119B0F0BD3A0007
:106F600029002000019BFFF79BFF0FE0029C0EE031
:106F7000E51B21002800039B984700280ADD019BA0
:106F8000002BECD123682A6822602B602C00009B28
:106F9000A342EDD3029BDB190293D6E746087E435A
:106FA000009BE41B9E191C19072821D02200059381
:106FB000282817D9C5087D4359194A19039B0098F9
:106FC000FFF785FF31007219039B0590701BFFF7D7
:106FD0007EFF06006800201A2200039B4119FFF77C
:106FE00076FF02003100039B0598FFF770FF060053
:106FF000019B002B23D1009B32681B6800990A601B
:10700000336000232600029D07930595A54233D8DF
:1070100028000099039B984700282BDC0DD1019B89
:10702000002B13D1059B2A681B6805990A602B6009
:10703000059BDB19059301230793ED19E6E73A0059
:107040003100019B0098FFF72BFFDAE73A00290097
:10705000019B0598FFF724FFEAE7002809D1019B6F
:10706000002B13D123683268226033600123F61BA2
:107070000793E41BAC4210D2079B002B40D1029B2C
:10708000069A934200D364E7029C32E03A00310052
:107090002000019BFFF704FFE8E720000099039B15
:1070A00098470028D9DA019B002B05D12B6822686C
:1070B0002A602360E41BBEE73A0021002800019B00
:1070C000FFF7EEFEF6E73A0029002000019BFFF7EC
:1070D000E7FE0DE0E51B21002800039B98470028F0
:1070E0000ADD019B002BEED123682A6822602B6009
:1070F0002C00009BA342EDD3029BDB190293BEE759
:10710000059B009AEB1A0293059B9A1A029B9A42DE
:1071100000DD1A00002A04D0019B0098A91AFFF78D
:10712000BFFE069B341B9A1BD21BA24200D9220031
:10713000002A05D0069B2800991A019BFFF7B0FE94
:10714000069B029E1D1BB44205D8230034001E007E
:107150002B00009D0093BE422BD9049B072B11D816
:1071600008AADB009D5039009B1820001D00F0F795
:10717000DDFF049B68600133390030000493F0F7B1
:10718000D5FFD8E639003000F0F7D0FF3A00010013
:10719000039B0098FFF7BCFEBC420DD8049B08AAD5
:1071A000013B0493DB009A58009208AA9B18586888
:1071B000C1E6BC4200D8CCE639002000F0F7B6FFAB
:1071C0000095B8E6002310B50400036043608360B7
:1071D00081814366C2810361436183611900082292
:1071E0005C3000F011F90B4B246263620A4BA3621E
:1071F0000A4BE3620A4B23630A4B9C4205D00A4BBD
:107200009C4202D0094B9C4203D12000583000F030
:107210008DF910BD4D73010875730108AD73010838
:10722000D97301080068002068680020D068002039
:1072300010B5034A0349044800F06CF810BDC0467D
:1072400058020020D57701086802002041680B4BE6
:1072500010B50400994201D000F0BCFAA168084BB7
:10726000994202D0200000F0B5FAE168054B99423E
:1072700002D0200000F0AEFA10BDC0460068002029
:1072800068680020D068002010B5094B094A042125
:107290001A6009480022FFF795FF012209210748DB
:1072A000FFF790FF022212210548FFF78BFF10BD68
:1072B00038690020317201080068002068680020E9
:1072C000D068002010B5024800F031F910BDC0466A
:1072D0004169002010B5024800F02AF910BDC046EF
:1072E0004169002010B50400FFF7ECFF236A002B72
:1072F00002D0FFF7EFFF10BD044B2362044B1B6865
:10730000002BF6D1FFF7C0FFF3E7C0464D7201082E
:1073100038690020F7B51400002600900191A56897
:107320006768013F04D52468002CF8D13000FEBD09
:10733000AB89012B08D90E22AB5E013304D02900A2
:107340000098019B984706436835EAE770B50C0042
:107350000E25495F00F086F8002803DB636D1B18DB
:10736000636570BDA389024A1340A381F9E7C04653
:10737000FFEFFFFFF8B51F008B8905000C0016001A
:10738000DB0505D50E23C95E0022022300F056F866
:10739000A389054A28001340A38132000E23E15E31
:1073A0003B0000F085F8F8BDFFEFFFFF70B50C0063
:1073B0000E25495F00F042F8A389421C03D1054A1B
:1073C0001340A38170BD802252011343A3816065E5
:1073D000F8E7C046FFEFFFFF10B50E23C95E00F0CF
:1073E0001BF810BD10B5884202D98B18984208D3FB
:1073F00000239A4207D0CC5CC4540133F9E78B5C7C
:107400008354013AFBD210BD03008218934200D18D
:10741000704719700133F9E7002370B5064D040079
:1074200008002B60F9F7C6FC431C03D12B68002B26
:1074300000D0236070BDC0463C69002070B50400D8
:10744000080011001A000023054D2B60F9F7BCFC61
:10745000431C03D12B68002B00D0236070BDC046B5
:107460003C69002070B50400080011001A000023D8
:10747000054D2B60F9F784FC431C03D12B68002BCE
:1074800000D0236070BDC0463C690020002370B569
:10749000064D040008002B60F9F798FC431C03D14B
:1074A0002B68002B00D0236070BDC0463C690020D3
:1074B00070B50400080011001A000023054D2B6070
:1074C000F9F76BFC431C03D12B68002B00D0236021
:1074D00070BDC0463C690020014B18687047C0462B
:1074E0006402002070B500260C4C0D4D641BA410E6
:1074F000A64209D1002601F0F3FA0A4C0A4D641B9A
:10750000A410A64205D170BDB300EB5898470136D0
:10751000EEE7B300EB5898470136F2E7C88D010853
:10752000C88D0108CC8D0108C88D010870477047CF
:107530007047002310B59A4200D110BDCC5CC454F2
:107540000133F8E7F8B50D0017006B00274A5B0D13
:107550009A180E0004000100132A21DC002A07DA21
:107560000022EE0FF3073A607B6029002000F8BD8F
:107570001F48104103002B40234305D1F60F3C6008
:107580007D601C00F507F0E78643002233002000F1
:1075900029003A607B60F3F721FC04000D00E4E76A
:1075A000332A15DD29003C607D6000F04FF900288A
:1075B0000AD122002B0020002900F2F729F904004B
:1075C0000D003C607D60D0E7EE0F0024F507CCE7AE
:1075D0000120084A40429B18D84003002340204223
:1075E000CCD081432B000A00D1E7C04601FCFFFF4D
:1075F000FFFF0F00EDFBFFFF7FB514001A00094BE2
:1076000005001B680E00D868074B002C01D1074B02
:107610001C000749019302942B00009600F006F924
:1076200000F044F964020020E68C0108218D010875
:10763000F38C010870B505000C1E10D0043C2368C3
:10764000002B00DAE4182800FFF7ACFB1D4A136892
:10765000002B05D1636014602800FFF7ABFB70BD01
:10766000A34208D9206821188B42F3D119685B68BE
:1076700009182160EEE71A005B68002B01D0A342D5
:10768000F9D911685018A0420BD120680918501878
:1076900011608342E0D118685B6841181160536043
:1076A000DAE7A04202D90C232B60D5E72068211825
:1076B0008B4203D119685B680918216063605460CC
:1076C000CAE7C046FC670020F7B50C228B5E0500B8
:1076D0000C001A0756D44A68002A02DC0A6C002AF9
:1076E0004EDDE76A002F4BD0002280202E682A60F2
:1076F0001A004001216A0240034233D0626DA3891F
:107700005B0706D56368D21A636B002B01D0236C2C
:10771000D21A00232800E76A216AB847A289431CCD
:1077200006D129681D2946D8294BCB40DB0742D515
:107730000023636023692360D20405D5431C02D172
:107740002B68002B00D16065616B2E60002917D07B
:1077500023004433994202D02800FFF76BFF002337
:1077600063630DE001232800B8470200431CC6D123
:107770002B68002BC3D01D2B01D0162B1AD12E60E5
:1077800000201EE00E69002EFAD00F680E60BA1BB2
:10779000019200229B0700D14A69A260019B002B45
:1077A000EEDDA36A32001F002800019B216AB84762
:1077B000002807DCA2894023012013431BB2A381C8
:1077C0004042FEBD019B36181B1A0193E6E7C046F6
:1077D000010040200B6970B505000C00002B02D1A0
:1077E0000025280070BD002804D0036A002B01D1B9
:1077F000FFF778FD0C22A35E002BF1D0626ED2075A
:1078000004D49B0502D4A06DFFF791FE280021004F
:10781000FFF75AFF636E0500DB07E2D4A3899B05DF
:10782000DFD4A06DFFF784FEDBE700000EB417B5D0
:10783000054C05AB04CB01002068019300F064F80F
:107840001EBC08BC03B01847640200200B0070B5D2
:107850000400020001001C430220002C06D08020FE
:107860000006834203D14B1E9941881C70BD0C4811
:10787000590049080B4C0E180420A642F6D9802462
:1078800001386403A342F1D380252D065D19A5427A
:10789000ECD3054C0020A142E8D150425041E5E72D
:1078A0000000F0FFFFFFDF7F0000F07F062010B533
:1078B00000F08CFB0120F9F75DFA936810B5013BED
:1078C0009360002B04DA9469A34207DB0A2905D0F0
:1078D0001368581C10601970080010BD00F0ACFA55
:1078E0000100F9E7F8B506000F001400D518AC4206
:1078F00001D1002007E021783A003000FFF7DDFFDA
:107900000134431CF3D1F8BDF0B5A1B00F00150050
:107910001E000390002804D0036A002B01D1FFF75A
:10792000E1FC7B6EDB0705D4BB899B0502D4B86DF7
:10793000FFF7FDFDBB891B0702D53B69002B13D167
:107940003900039800F0BAFA00280DD07B6EDB07EF
:1079500003D50120404221B0F0BDBB899B05F8D47E
:10796000B86DFFF7E5FDF4E7002308AC6361203351
:1079700063761033A37607962E003378002B01D060
:10798000252B48D1731B0593AE420BD02A0039003A
:107990000398FFF7A7FF013000D1AEE06369059AB5
:1079A0009B1863613378002B00D1A6E001220023ED
:1079B0005242626004A954325218751C2360E3607D
:1079C000A3601370A365594B05221800297805930D
:1079D00000F01CFB6E1C00281FD12268D30604D5C2
:1079E000532304A95B1820211970130704D55323CE
:1079F00004A95B182B2119702B782A2B16D02E0086
:107A000000210A20E3683278751C303A092A50D9DF
:107A1000002911D117E00136AFE7059B2268C01A93
:107A200001238340134335002360CCE7079B191DD6
:107A30001B680791002B01DB0B9304E05B42E360C2
:107A400002231343236033782E2B0CD173782A2B17
:107A500034D1079B02361A1D1B680792002B01DAEE
:107A600001235B420993324D03222800317800F054
:107A7000CDFA002806D04023401B834022680136FF
:107A800013432360317806222A48751C217600F0C2
:107A9000BDFA002840D0284B002B22D10722079B9B
:107AA00007339343083307936369049A9B18636110
:107AB00062E743432E0001219B18A4E700230A201C
:107AC0001900013663603278751C303A092A03D9EF
:107AD000002BC8D00991C6E741432E000123891825
:107AE000F1E707AA009221003A00144B039800E046
:107AF00000BF0490049B0133D6D17B6EDB0705D415
:107B0000BB899B0502D4B86DFFF712FDBB895B06EC
:107B100000D51EE70D981EE707AA009221003A0043
:107B2000064B039800F07CF8E3E7C046228D01087D
:107B3000288D01082C8D010800000000E57801085F
:107B4000F7B5160001938A680B690C000090934208
:107B500000DA13002200336043321278002A01D089
:107B60000133336023689B0602D5336802333360E8
:107B70002268062315001D401A4227D023004333F4
:107B80001B785A1E93412268920630D42200019934
:107B90000098089D4332A847013025D0062223686B
:107BA00000251340042B05D13368E568ED1AEB433B
:107BB000DB171D40A3682269934201DD9B1AED1873
:107BC0000026B54220D1002010E00135E36832687C
:107BD0009B1AAB42D2DD2200012301990098089F35
:107BE0001932B8470130F0D101204042FEBD3020AB
:107BF000E1184331087021005A1C45310978A21858
:107C0000433202331170C1E7220001230199009829
:107C1000089F1A32B8470130E6D00136D1E700009C
:107C2000F0B58BB006920A00433207930590039299
:107C30000A7E0C00109B782A09D8622A0BD8002AE9
:107C400000D1BAE07A490491582A00D18EE025008B
:107C500042352A7022E0100063381528F7D8F0F773
:107C60005BFA16001F00F6FFF6FFF6FFF6FF1F0097
:107C7000F6FFF6FFF6FFF6FF9F0036007E00F6FFE8
:107C8000F6FFB000F6FF3600F6FFF6FF8200250093
:107C90001A684235111D196013682B7001239EE08C
:107CA00018680968021D0D060BD506681A60002EBB
:107CB00003DA2D23039A764213705D4B0A2704934F
:107CC00018E006681A604906F1D536B2EFE7086891
:107CD000196840C9050602D4400600D5B6B219603D
:107CE000534B0A2704936F2A00D1023F230000223E
:107CF00043331A706368A360002B06DB04212268FB
:107D0000039D8A43226033430CD0039D3000390029
:107D1000F0F792FA049B013D5B5C2B703300060088
:107D20009F42F3D9082F09D12368DB0706D5626883
:107D300023699A4202DC3023013D2B70039B5B1BBD
:107D40002361079B210000930598069B09AAFFF772
:107D5000F7FE013048D1012040420BB0F0BD202297
:107D600009680A4322607822324904912100453192
:107D70000A701968226840C9100602D4500600D55E
:107D8000B6B21960D30702D5202313432360002E17
:107D900001D01027AAE72022236893432360F8E745
:107DA0001A680D68101D4969186013682E0601D500
:107DB000196002E06D06FBD519800023039D236145
:107DC000BFE71A68111D1960156800212800626854
:107DD00000F01CF9002801D0401B6060636823613B
:107DE0000023039A1370ACE72A00236906990598CB
:107DF000079DA8470130AED023689B0715D4099B87
:107E0000E0689842A9DA1800A7E722000123069942
:107E10000598079E1932B04701309CD00135E368C0
:107E2000099A9B1AAB42F0DCE9E70025F7E7C04668
:107E3000338D0108448D0108F8B506000D001400CB
:107E4000002804D0036A002B01D1FFF74BFAA36985
:107E5000A360A3891B0702D52369002B09D1210048
:107E6000300000F02BF8002803D001256D422800D7
:107E7000F8BD23692068EFB2C01A6369EDB283428E
:107E800005DC21003000FFF7A5FC0028EDD1A36838
:107E90000130013BA36023685A1C22601F70636994
:107EA000834204D0A389DB07E1D50A2DDFD121006D
:107EB0003000FFF78FFC0028D9D0D6E72D4B70B5E6
:107EC000050018680C00002804D0036A002B01D1BB
:107ED000FFF708FA0C22A35E1A0723D4DA0607D4A8
:107EE00009222A60402201201343A38140423AE044
:107EF0005B0713D5616B002908D0230044339942F6
:107F000002D02800FFF796FB002363632422A38995
:107F10009343A38100236360236923600823A2891C
:107F20001343A3812369002B0BD1A0218022A389B5
:107F3000890092000B40934203D02100280000F0FA
:107F40009BF80C22A35E01211A000A400B420BD0C1
:107F50000022A26062695242A2610020226982422C
:107F600001D11A06BED470BD990700D46269A2601F
:107F7000F3E7C0466402002070B504000D001F291D
:107F800004D9162303600120404270BDC36B002B4F
:107F900004D08A009B181A68002A08D1200000F03B
:107FA00031F82A000100200000F01AF8EDE7012A5C
:107FB00009D0511C03D1162303600120E5E70021FD
:107FC0002800196090470020DFE7000010B5034B40
:107FD00001001868FFF7D0FF10BDC0466402002002
:107FE000002370B5064D0400080011002B60F8F75F
:107FF000B9FE431C03D12B68002B00D0236070BD59
:108000003C69002010B5F8F7ABFE10BDC9B282186C
:10801000904201D10020704703788B42FBD00130A1
:10802000F6E7000070B50E001D000E23C95E1400B7
:1080300096B000290CDAB2898023110019401A4247
:1080400014D18023DB0000202960236016B070BDAE
:108050006A4600F053F80028EDDBF02301991B027B
:108060001940044BC9184B425941EAE7002140230B
:10807000E9E7C04600E0FFFFF0B502268B89050066
:108080000C0085B0334207D02300473323602361BF
:108090000123636105B0F0BD03AB02AAFFF7C2FF85
:1080A000029F019039002800FEF7FCFD002808D14E
:1080B0000C22A35E9A05EDD4032293431E43A681AE
:1080C000E2E78023A28920601343A381039B206100
:1080D0006761002B0CD028000E23E15E00F020F831
:1080E000002805D00323A2899A43023B1343A381AE
:1080F000A389019A1343A381CCE70000002370B544
:10810000064D0400080011002B60F8F756FE431CD2
:1081100003D12B68002B00D0236070BD3C69002088
:10812000002370B5064D040008002B60F8F74AFEE6
:10813000431C03D12B68002B00D0236070BDC046C8
:108140003C690020F8B504000D0000F081F906003C
:108150000F002000290000F089F800280DD0200031
:1081600029000F4A0F4BF0F781F9002808D0FFF7DC
:10817000B3F9222300260C4F036030003900F8BD0C
:1081800020002900094A0A4BF0F75CF90028F4D0D6
:10819000FFF7A2F92223002600270360EDE7C0467F
:1081A000EF39FAFE422E86400000F07F51302DD587
:1081B000104987C0F8B504000D0000F0B1FA2200A4
:1081C00006000F002B0020002900F3F711FA002809
:1081D00015D10022002320002900F0F747F90028DC
:1081E0000DD10022002320002900F0F725F90028F6
:1081F00008D0FFF771F922230026074F03603000F3
:108200003900F8BDFFF768F921230360034800F047
:1082100035F806000F00F2E70000F0FF218D01089D
:10822000F8B504000D0000F02FF8220006000F0042
:108230002B0020002900F3F7DBF9002813D10022DE
:10824000002320002900F0F7FDF800280BD0FFF7ED
:1082500043F9212300220360002310001900F1F7E5
:108260009DFE06000F0030003900F8BD024B4800AB
:108270004008C018C00F704700001080002001495E
:108280007047C0460000F87FF0B50A000D006B494A
:1082900004000300080087B02840884211D1220062
:1082A0002B0020002900F2F7B3FA02000B00200097
:1082B0002900F1F7ADFA04000D002000290007B0F5
:1082C000F0BD002D11DC690049082143F5D00020E4
:1082D000854210D022002B0020002900F2F77EFDFD
:1082E00002000B00F1F75AFEE5E7281515D18024AE
:1082F0000021640307E0DA0A15385B05002AFAD08A
:10830000F5E7520001312242FBD04C1E001B202415
:108310001D00641AE5408B402A4349491203441862
:108320008021120B49031143C00703D4DA0F49001F
:1083300051185B0000256210490080240592DA0F75
:108340005218162029005B00A4030E19964202DC85
:108350003119921B2D19DE0F5200013892195B0062
:1083600064080028F1D120268027040004963F06E7
:108370003E18B4468A4202DC14D19E4212D86046AE
:108380006646C0190091002E03DAC643F60F8E1917
:108390000096521A634589414942521A61465B1A56
:1083A0000099E419DE0F52009219049E5B00013E11
:1083B0007F080496002EDBD11A431FD0214E224F96
:1083C000306871683A687B6800920193326873681C
:1083D00002920393009A019BF2F700FD02000B004A
:1083E00002980399F0F738F8002807D030687168D0
:1083F0003A687B68671C0CD1049C0135134A6B10EA
:108400009B18059AED076408120525432800D1182A
:1084100051E7F1F7FDF97768366802000B0030008C
:108420003900F0F70FF8002804D0023463426341AA
:10843000ED18E3E7012301349C43DFE70000F07F00
:1084400001FCFFFF888D0108808D01080000E03FDE
:10845000F0B54B000F00CC0F9149060089B05B08C6
:108460008B422ED98F498B4211D93B031B0B0343FF
:1084700006D002003B0030003900F1F7C9F910E0E6
:10848000002C00D009E13000390009B0F0BD3900FE
:10849000854A864BEFF7EAFF051E05D0002000F065
:1084A00017FB06000F00EEE730003900804A814BD1
:1084B000EFF7C8FF002800D17DE0280000F001FBA5
:1084C000EFE77D4A934200D89EE07C4A934272D8FF
:1084D0007B4BE5005B191A685B683900F2F77EFC9C
:1084E000784B029003915B191A685B6804920593BC
:1084F000012363401B1B0193049A059B0298039977
:10850000F2F76CFC06000F0032003B00300039002F
:10851000F2F77EF904000D006B4A6C4BF2F778F924
:108520006B4A6C4BF2F75AFC22002B00F2F770F901
:10853000694A6A4BF1F76CF922002B00F2F768F9EF
:10854000674A684BF2F74AFC22002B00F2F760F909
:10855000654A664BF1F75CF922002B00F2F758F9F7
:1085600002000B0030003900F2F738FC0B0002006B
:1085700004000D0030003900F2F74AF9019B069023
:108580000791002B56D18023002220002900DB0513
:10859000F2F724FC02000B0006980799F1F7FEFCA5
:1085A00032003B00F2F71AFC02000B000020504999
:1085B000F2F714FC75E74F4BE4001C194E4A4F4B81
:1085C00030003900F2F724F922686368F1F720F9E6
:1085D000F3F730F80190F3F769F8494A494B040082
:1085E0000D00F2F715F902000B0030003900F2F728
:1085F000F5FB454A02900391444B20002900F2F715
:1086000007F90490059177E7414A93420DD8414A12
:10861000414B3900F1F7FCF80022354BEFF726FF0C
:10862000002805D00022324B25E7002301936BE799
:10863000019069E780212B0022000020C905F2F794
:10864000CDFB02000B0006980799F1F7A7FC02008A
:108650000B0004980599F2F7C1FB029A039BF2F70D
:10866000BDFB02000B0000202149F2F7B7FB2B4BAA
:10867000019A0D009A4203DB110506004F1902E72B
:10868000FA2292009446019B002263441B0559186C
:10869000B8235B04F2F7BCF803E700260027F2E6F4
:1086A000412E8640FFFFEF7FEF39FAFE422E8640D3
:1086B00051302DD5104987C0422ED63FB1A2F03F90
:1086C000A08D0108908D0108D0A4BE726937663E66
:1086D000F16BD2C541BDBB3E2CDE25AF6A56113FC2
:1086E00093BDBE166CC1663F3E5555555555C53FA9
:1086F0000000F03FB08D0108FE822B654715F73F63
:108700000000E0FE422EE63F763C7935EF39EA3D47
:10871000FFFFEF3D9C7500883CE4377E03FCFFFFC4
:108720008023F0B55B030E008DB0994223DA4B0035
:108730005B08034307D1002200230020B449F1F76E
:108740002DFC0DB0F0BD002906DA02000B00F2F797
:1087500045FB00220023F2E7AE4B0022F2F758F867
:1087600036230E005B42AC4A964206DD02000B0047
:10877000F1F74EF8E5E70023F5E7A84C321512199A
:108780003603A74CD218330B02931B1980246403C1
:108790002340A44C029D5C401B159B1825430022DE
:1087A000009329009F4BF2F719FB029B060002334E
:1087B0001B030F0000221B0B022B64DC0023EFF7CE
:1087C0003BFE002819D0009B002B00D11CE11800B3
:1087D000F2F76CFF944A954B04000D00F2F718F87D
:1087E000934A06000F00934B20002900F2F710F87F
:1087F00002000B0030003900BAE78F4A8F4B30007F
:108800003900F2F705F802000B0000208C49F2F75E
:10881000E5FA320004000D003B0030003900F1F7AA
:10882000F7FF0B00020029002000F1F7F1FF009B89
:1088300002900391002B06D102000B00300039009A
:10884000F2F7CCFA7DE70098F2F730FF764A774BE3
:1088500004000D00F1F7DCFF754A00900191754BA3
:1088600020002900F1F7D4FF02000B0002980399C1
:10887000F2F7B4FA32003B00F2F7B0FA02000B0054
:1088800000980199DCE78023DB05F0F7C1FF0200C7
:108890000B0030003900F1F781FB0490059100983E
:1088A000F2F704FF049A059B069007911000190047
:1088B000F1F7AEFF634A029B9446634402000B93B8
:1088C0000B0008900991F1F7A3FF04000D005E4A28
:1088D0005E4BF1F79DFF5E4A5E4BF0F799FF220079
:1088E0002B00F1F795FF5C4A5C4BF0F791FF2200FB
:1088F0002B00F1F78DFF5A4A5A4BF0F789FF089A7F
:10890000099BF1F785FF584A08900991574B2000C1
:108910002900F1F77DFF564A564BF0F779FF220008
:108920002B00F1F775FF544A544BF0F771FF22000A
:108930002B00F1F76DFF02000B0008980999F0F782
:1089400067FF029A4E4B04009B1A0B9A0D001343CB
:10895000002B34DD00223A4B30003900F1F758FF8C
:1089600032003B00F1F754FF02000B00029003912C
:1089700020002900F0F74CFF049A059BF1F748FF0F
:10898000009B04000D00002B06D102000B00029892
:108990000399F2F723FA4FE7234A244B06980799E5
:1089A000F1F736FF224A0090019106980799214B72
:1089B000F1F72EFF22002B00F0F72AFF54E7020008
:1089C0000B0030003900F2F709FA049A059BF1F721
:1089D0001FFF009B04000D00002B02D102000B00C2
:1089E0002CE7114A114B06980799F1F711FF104A2D
:1089F00000900191069807990E4BF1F709FF0200CC
:108A00000B002000290033E70020002199E6C04632
:108A1000000050C300005043FFFFEF7F01FCFFFF49
:108A2000645F09000000F03F0000E0FE422EE63FD8
:108A3000763C7935EF39EA3D555555555555D53F75
:108A40000000E03F86EBF9FF44523EDF12F1C23FE7
:108A5000DE03CB966446C73F599322942449D23F04
:108A6000935555555555E53F9FC678D0099AC33F54
:108A7000AF788E1DC571CC3F04FA97999999D93F6B
:108A800051B8060070B50D0016000400FEF724FD75
:108A900029000660200070BD37B514001D000028B5
:108AA00002D0802109065B1800920193009A019B75
:108AB00020002900F1F7ACFE2222FFF7E3FF03B00C
:108AC00030BD802310B500225B05FFF7E5FF10BD28
:108AD000E02310B50022DB05FFF7DEFF10BD00002C
:108AE000F8B5C046F8BC08BC9E467047F8B5C0460D
:088AF000F8BC08BC9E4670476B
:108AF800A089B0E1E995B23FECC039234A7BC33F76
:108B08000A68226C787ACD3FB81E85EB51B8DE3FF3
:108B1800000000000000F03F0F9C33A2B437F93F7B
:108B28008A1F63EE5A420140A54E40136143064036
:108B3800EF38454772790940000000003F80000087
:108B480000000000228D00084E8C0008388C0008B8
:108B5800B48C0008388C0008E88C0008388C0008B1
:108B6800B48C00084E8C00084E8C0008E88C000875
:108B7800B48C0008248C0008248C0008248C00087D
:108B8800F28C00084E8C00084E8C0008388C0008C7
:108B98008E8D0008388C0008E88C0008388C000896
:108BA8008E8D00084E8C00084E8C0008E88C00085A
:108BB8008E8D0008248C0008248C0008248C000862
:108BC800D0A100088EA000086CA0000858A00008DA
:108BD8006CA0000872A100086CA0000858A000084A
:108BE8008EA000088EA0000872A1000858A00008F6
:108BF80050A0000850A0000850A0000894A1000848
:108C0800000000000000000000000000000000005C
:108C18000100000002000000030000000400000042
:108C2800000000000000000000000000000000003C
:108C3800000000000000000000000000000000002C
:108C48000100000002000000030000000400000012
:108C580006000000070000000800000009000000EE
:108C680053544D5F31302E31302E3135435200523E
:108C780045454E54206D616C6C6F6320737563635A
:108C88006565646564002F6275696C642F676E752D
:108C98002D746F6F6C732D666F722D73746D333214
:108CA8005F31332E332E72656C312E3230323430D0
:108CB8003932362D313731352F7372632F6E657720
:108CC8006C69622F6E65776C69622F6C6962632FBD
:108CD8007374646C69622F72616E642E63002C2059
:108CE80066756E6374696F6E3A200061737365729E
:108CF80074696F6E2022257322206661696C656431
:108D08003A2066696C6520222573222C206C696ED6
:108D180065202564257325730A00232D302B200038
:108D2800686C4C006566674546470030313233341D
:108D380035363738394142434445460030313233BD
:108D4800343536373839616263646566000001007E
:108D580002000400060008000A000C0010002000B1
:108D6800400080000001080402040801010101011B
:108D7800010307010000000059F3F8C21F6EA501A6
:108D8800000000000000F03F763C7935EF39EA3DFD
:108D9800763C7935EF39EABD0000E0FE422EE63F29
:108DA8000000E0FE422EE6BF000000000000E03FA9
:088DB800000000000000E0BF14
:088DC00050F8FE7F01000000E5
:048DC800E58000083A
:048DCC00BD8000085E
:108DD0000000000000002E400000000000002E40B7
:108DE0000E2DB29DEFFF58400000000000002E4005
:108DF0000000000000002E402100000009000000DB
:108E00000100000000040050200000000004005099
:108E1000100000000008005000100000000000508A
:108E2000000800000004005008000000000C005082
:108E3000040000000008005000200000000800505E
:108E40000008000000080050000200000008005068
:108E50000004000000080050000100000004005061
:108E600004000000000C0050010000000000005051
:108E7000040000000000005008000000000C00503A
:108E800000010000000C005000020000000C005027
:108E900040000000000C00502000000000040050C2
:108EA000008000000004005000400000000400505A
:108EB00000200000000400500010000000040050DA
:108EC00000080000000400500004000000040050EE
:108ED00000020000000400500001000000080050E3
:108EE0008000000000080050400000000008005012
:108EF0002000000000080050100000000008005092
:108F000008000000000800500400000000080050A5
:108F100002000000000800500100000001010000F4
:108F20000024F400000000000F0000000800000012
:108F30000000000000003E400000000000406F40C4
:108F400000000000000000400000000000C092404F
:108F50000000000000008940010000000001000046
:108F60000100000000000000000000000000000000
:108F70000F000000070000000000000000004E404D
:108F80000000000000005440000000000000F03F1E
:108F90000000000000F891400000000000E0854063
:108FA00001000000000100000100000000000000BE
:108FB00000000000000000000101010002000000AC
:108FC000010100000000000000000000000000009F
:108FD0000000000000C092400000000000488C40EB
:108FE0000900000009000000010000000F0000005F
:108FF00000000000003071400000000000D08640FA
:10900000000000000000594000000000000059402E
:109010000000000000D086400100000001000000B8
:10902000010B01000400000000000000030000002C
:109030000068002068020020000000000068002096
:1090400068680020D06800200000000000000000D8
:109050000000000000000000000000000000000010
:109060000000000000000000000000000000000000
:1090700000000000000000000000000000000000F0
:0490800000000000EC
:04000005080149099C
:00000001FF
