:020000040800F2
:10800000009000201D4A0108C9080108CB0801089A
:108010000000000000000000000000000000000060
:10802000000000000000000000000000CD08010872
:108030000000000000000000CF080108D10801087E
:108040006D4A01086D4A01086D4A01086D4A010830
:108050006D4A01086D4A01086D4A01086D4A010820
:108060006D4A0108D90801086D4A01086D4A0108E6
:108070006D4A01086D4A01086D4A01086D4A010800
:108080006D4A0108E9080108F90801080909010811
:108090006D4A010819090108290901086D4A0108FA
:1080A0006D4A01086D4A01086D4A01083909010845
:0C80B0006D4A01086D4A01086D4A010884
:1080BC0010B5064C2378002B07D1054B002B02D0B2
:1080CC00044800E000BF0123237010BDA80200206B
:1080DC0000000000F48B0108044B10B5002B03D0FA
:1080EC000349044800E000BF10BDC046000000007A
:1080FC00AC020020F48B010802B471464908490017
:10810C00095C49008E4402BC7047C04603B47146FA
:10811C00490840004900095E49008E4403BC704781
:10812C00002243088B4274D303098B425FD3030AAA
:10813C008B4244D3030B8B4228D3030C8B420DD3BD
:10814C00FF22090212BA030C8B4202D3121209024B
:10815C0065D0030B8B4219D300E0090AC30B8B4289
:10816C0001D3CB03C01A5241830B8B4201D38B0337
:10817C00C01A5241430B8B4201D34B03C01A5241DC
:10818C00030B8B4201D30B03C01A5241C30A8B421F
:10819C0001D3CB02C01A5241830A8B4201D38B020A
:1081AC00C01A5241430A8B4201D34B02C01A5241AE
:1081BC00030A8B4201D30B02C01A5241CDD2C30920
:1081CC008B4201D3CB01C01A524183098B4201D39C
:1081DC008B01C01A524143098B4201D34B01C01A87
:1081EC00524103098B4201D30B01C01A5241C308FF
:1081FC008B4201D3CB00C01A524183088B4201D36E
:10820C008B00C01A524143088B4201D34B00C01A59
:10821C005241411A00D20146524110467047FFE7C5
:10822C0001B5002000F0F0F802BDC0460029F7D0DF
:10823C0076E7704703460B437FD4002243088B42FA
:10824C0074D303098B425FD3030A8B4244D3030BD1
:10825C008B4228D3030C8B420DD3FF22090212BA96
:10826C00030C8B4202D31212090265D0030B8B4212
:10827C0019D300E0090AC30B8B4201D3CB03C01AFC
:10828C005241830B8B4201D38B03C01A5241430BD7
:10829C008B4201D34B03C01A5241030B8B4201D3C7
:1082AC000B03C01A5241C30A8B4201D3CB02C01A32
:1082BC005241830A8B4201D38B02C01A5241430AAA
:1082CC008B4201D34B02C01A5241030A8B4201D399
:1082DC000B02C01A5241CDD2C3098B4201D3CB0140
:1082EC00C01A524183098B4201D38B01C01A5241EF
:1082FC0043098B4201D34B01C01A524103098B42F3
:10830C0001D30B01C01A5241C3088B4201D3CB00DD
:10831C00C01A524183088B4201D38B00C01A5241C0
:10832C0043088B4201D34B00C01A5241411A00D270
:10833C0001465241104670475DE0CA0F00D04942D9
:10834C00031000D34042534000229C4603098B4249
:10835C002DD3030A8B4212D3FC22890112BA030AD1
:10836C008B420CD3890192118B4208D38901921153
:10837C008B4204D389013AD0921100E08909C309D8
:10838C008B4201D3CB01C01A524183098B4201D3DA
:10839C008B01C01A524143098B4201D34B01C01AC5
:1083AC00524103098B4201D30B01C01A5241C3083D
:1083BC008B4201D3CB00C01A524183088B4201D3AC
:1083CC008B00C01A5241D9D243088B4201D34B00C7
:1083DC00C01A5241411A00D20146634652415B1009
:1083EC00104601D34042002B00D5494270476346EA
:1083FC005B1000D3404201B5002000F005F802BD2F
:10840C000029F8D016E770477047C0468446100024
:10841C0062468C461900634600E0C0461FB502F068
:10842C0083F9002801D40021C8421FBD10B502F009
:10843C00C7F84042013010BD10B502F075F90028A4
:10844C0001DB002010BD012010BDC04610B502F0AC
:10845C006BF9002801DD002010BD012010BDC046C5
:10846C0010B502F0F1F8002801DC002010BD01204D
:10847C0010BDC04610B502F0E7F8002801DA002064
:10848C0010BD012010BDC046844608006146FFE7C0
:10849C001FB500F0FBFC002801D40021C8421FBD11
:1084AC0010B500F083FC4042013010BD10B500F057
:1084BC00EDFC002801DB002010BD012010BDC046E2
:1084CC0010B500F0E3FC002801DD002010BD0120F8
:1084DC0010BDC04610B500F091FC002801DC002056
:1084EC0010BD012010BDC04610B500F087FC00285F
:1084FC0001DA002010BD012010BDC046002B11D1A7
:10850C00002A0FD1002900D1002802D00021C94334
:10851C00080007B4024802A14018029003BDC046EF
:10852C00E9FEFFFF03B4684601B5029800F06AF853
:10853C00019B9E4602B00CBC7047C046F0B5CE46BF
:10854C009946030C9C46130447461B0C1D000E0059
:10855C0061460404240C80B50700100C4B436543A2
:10856C00414360432C0CC01824188C46A34203D9F9
:10857C0080235B029846C444494679435643230CF6
:10858C002D042D0C8919634424046019C918C0BC2E
:10859C00B946B046F0BDC0469E2110B5C905041CB5
:1085AC00FFF7A2FF002803D1201C01F075F810BDC5
:1085BC009E21201CC90500F00BFE01F06DF88023F4
:1085CC001B069C466044F2E770B500220C4B04007D
:1085DC000D00FFF74FFF002804D12000290003F005
:1085EC0023F870BD064B00222000290002F0F0FB9E
:1085FC0003F01AF880231B069C466044F1E7C04642
:10860C000000E041F0B557464E464546DE46E0B523
:10861C0004000D009246994683B08B4230D82DD081
:10862C004946504603F076F929000600200003F075
:10863C0071F9331A9846203B34D49B4653465A461C
:10864C00934042461F00534693401E00AF423BD816
:10865C00AF4200D179E05B46A41BBD41002B00DA90
:10866C0076E0002200230092019301235A469340A6
:10867C000193012342469340009329E08242CFD9D3
:10868C0000220023009201930C9B002B01D01C6054
:10869C005D600098019903B0F0BCBB46B246A94698
:1086AC00A046F0BD42469B4620239B1A5246DA4018
:1086BC00414613004A468A40170042461F43534620
:1086CC0093401E00AF42C3D90022002300920193B5
:1086DC004346002BD8D0FB0772081A4346467B084A
:1086EC000EE0AB4201D1A2420CD8A41A9D4101204C
:1086FC0024196D410021013E24184D41002E06D055
:10870C00AB42EED9013E24196D41002EF8D10098F0
:10871C0001995B4600196941002B24DB2B005A465A
:10872C004446D3402A00E2401C005B461500002B57
:10873C002ADB26009E40330026004746BE4032000E
:10874C00801A9941009001919EE7A342BCD882E720
:10875C004246202300219B1A002200910192012203
:10876C00DA40019285E7424620239B1A2A004646AE
:10877C009A402300F340444613432A00E2401C0075
:10878C005B461500002BD4DA42462F00202326002E
:10879C0097409B1ADE403B003343CDE7F8B54B02C4
:1087AC005A0A94464A00C90FCE46474689464500A8
:1087BC0046022D0E120E80B59909770AC40FB60920
:1087CC00AB1A4C4520D0002B0CDD002A34D10029EB
:1087DC002AD05A1E012B00D18FE0FF2B00D1CDE007
:1087EC0013002FE0002B60D0531B002D00D0EEE0C7
:1087FC00002E00D13EE15C1E012B00D16BE1FF2B62
:10880C0000D1B9E02300E7E0002B00DCA4E0002A53
:10881C0069D0FF2D00D1B1E08022D20411431B2B73
:10882C0000DCE9E02B000536F708FF2B00D1A5E0B2
:10883C007A02520AD8B230E0FF2D00D19EE080229D
:10884C00D204114301201B2B08DC08002022D84045
:10885C00D31A99400B005A1E93411843361A7301D0
:10886C0000D471E0B601B709380003F035F83B00CD
:10887C000538834085424DDDB44E2D1A1E405A07F3
:10888C0068D00F221340042B64D00436730161D5D9
:10889C00681CFE2D54D1FF200022C0051043E407B4
:1088AC002043C0BCB946B046F8BDFE229046681CB9
:1088BC000200404610426BD1002D00D0DDE0002EAE
:1088CC0000D102E10029B3D08022771AD2041742DA
:1088DC0000D136E14C468E1B61D00120164230D1BE
:1088EC000023F708A4E700299ED05A1E012B00D1C3
:1088FC00CAE0FF2B42D0130091E7711A4B0100D450
:10890C00D1E08F01BF09380002F0E6FF3B000538CB
:10891C00834001252022401B0130121A1E00934077
:10892C00C6405A1E93411E4339D0730700D11BE138
:10893C000F2300253340042BA7D1012072017CD5D5
:10894C00C0B2B201520AA8E7730703D00F23334019
:10895C00042B9AD12B0067E7002B23D0531B002D3F
:10896C007BD1002E00D186E05D1E012B00D18BE067
:10897C00FF2B02D02B0075E04C466746002F00D130
:10898C0089E78022D2033A435202FF20520A84E73D
:10899C00771A7B016BD4002F00D065E700240020F0
:1089AC0000227AE7FE226B1C1A4249D1002D00D01E
:1089BC009FE0002E00D1BAE0002900D1CFE0721860
:1089CC00530100D4CDE092010120520A65E7FF2A41
:1089DC00D2D08020C004064301201B2B08DC3000C1
:1089EC002024D840E31A9E4033005C1EA341184358
:1089FC004C4615000E1A32E708002022D840D31A34
:108A0C0099400B005A1E93410343F61873019BD5F2
:108A1C000135FF2D00D13EE701234D49720833404B
:108A2C000A401A431600530704D00F231340042B9B
:108A3C0000D02AE7730100D52AE72B00F708F7E6E8
:108A4C00FF2B00D127E7711849084A072FD00F22B6
:108A5C000A40042A2BD00E1DE6E6FF2A8DD080207A
:108A6C00C00406431B2B24DD13004E1DDCE64C46D4
:108A7C008F1BF9E64C460E00D6E6002E49D1002994
:108A8C0068D067464C467CE77018430174D5304972
:108A9C0040080140430709D00F230340042B05D0A5
:108AAC0002230E1DC0E60123CF08C1E60223CF0826
:108ABC00BEE620253000D840EB1A9E4033005D1EE8
:108ACC00AB41034315005E18A0E7002900D165E710
:108ADC004C466746ACE68F1B7B012ED5BF01BF0908
:108AEC00380002F0F9FE3B00053883404C46013556
:108AFC0010E7002E00D140E7002900D141E7802388
:108B0C00DB039F4200D23CE79C4500D339E7674624
:108B1C0037E7002900D134E78023DB039F4200D2E2
:108B2C002FE79C4500D32CE74C46674629E70029E4
:108B3C0000D134E70023CF087AE64C460123FF0826
:108B4C0076E6002F00D129E7FF0871E6FFFFFFFB57
:108B5C00FFFFFF7D80220024FF20D2039DE600232F
:108B6C0066E60023D70863E60120720100D5E7E62C
:108B7C0031000023CF085BE60123C70858E6C04646
:108B8C00F0B546464F46D6464502C0B5C30F470022
:108B9C0098460E1C6D0A3F0E5BD0FF2F21D0802310
:108BAC00ED00DB041D43002399469A467F3F740277
:108BBC007300640A1B0EF60F002B20D0FF2B43D042
:108BCC0080220020E400D20414437F3B4246FF1A6B
:108BDC004B4672400F2B00D99DE071499B00CB583E
:108BEC009F46002D5AD108239946063B74029A469B
:108BFC007300FF27640A1B0EF60F002BDED1002C2E
:108C0C003BD1012342464946724019430E2918D8DC
:108C1C006448890041588F465346022B00D1B8E076
:108C2C00032B6ED042462C00012B40D10020002497
:108C3C00C0052043D2071043E0BCBA46B146A84653
:108C4C00F0BDFF200024F3E7002C20D10223FF3FCE
:108C5C00D8E7002D05D104239946033B00279A46FB
:108C6C00A5E7280002F038FE7627431F9D4000231D
:108C7C007F4299469A463F1A99E7200002F02CFE53
:108C8C00431F9C4076235B421B1A00209EE7032364
:108C9C004A461A4391460320FC3397E70C23994626
:108CAC00093BFF279A4682E703282CD03200380074
:108CBC007F30002847DD630704D00F232340042BAB
:108CCC0000D00434230103D53800374B80301C40CE
:108CDC00FE28B6DCA401640AC0B2A9E780240022F5
:108CEC00FF20E403A4E78023DB031D4201D01C42D8
:108CFC000BD08024E4032C4364024246FF20640A18
:108D0C0096E746462C008023DB031C4364023200AA
:108D1C00FF20640A8CE76D01600185422DD21B2374
:108D2C000024013F0126290064006D00002901DBAD
:108D3C00854201D32D1A3443013B002BF3D16B1E1A
:108D4C009D412C43B3E701231B1A1B2B00DD6DE760
:108D5C0021009E37D940BC400B00611E8C4123433F
:108D6C00590704D00F211940042900D004335901AC
:108D7C0013D49B0100205C0A5AE71A2301242D1AF4
:108D8C00D0E7981E43425841404232000024C0B202
:108D9C004EE74246FF2000244AE70120002447E723
:108DAC00648C0108A48C0108FFFFFFF770B542002A
:108DBC004E024C0045026D0A120EC30F760A240EA9
:108DCC00C90FFF2A10D0FF2C0CD00120A2420AD1CF
:108DDC00B54208D18B420FD0002A04D12800431E83
:108DEC00984100E0012070BD0120FF2CFBD13543E0
:108DFC00F9D14B401800F6E70020F4E730B54200FB
:108E0C0044024D02C30F4800640A120E6D0A000E94
:108E1C00C90FFF2A18D0FF280AD0002A1ED100281B
:108E2C000AD1002D29D0002C2DD14800013830BD9D
:108E3C00002D25D1002A01D1002CF6D08B4219D05F
:108E4C0001205B421843F2E7002C19D1FF28F7D11F
:108E5C00002D15D100208B42F2D1E8E70028EFD08D
:108E6C008B42EDD18242EBDC04DBAC42E8D8002033
:108E7C00AC42DCD258000138D9E7002CD7D0DFE760
:108E8C0002204042D3E78B42DAD1EEE730B5420004
:108E9C0044024D02C30F4800640A120E6D0A000E04
:108EAC00C90FFF2A17D0FF280AD0002A1BD100288F
:108EBC000AD1002D1DD0002C2DD14800013811E015
:108ECC00002D0ED1002A01D1002CF6D08B420CD1F2
:108EDC005800013806E0002C03D1FF2805D1002DE5
:108EEC0015D0022030BD002806D101205B4218436A
:108EFC00F8E7002CF6D0F8E78B42F6D18242F4DC8E
:108F0C00E6DBAC42F1D80020AC42EBD2E0E700202B
:108F1C008B42EAD1E6E78B42E7D1F2E7F0B54F4658
:108F2C004646D6464400C0B546020F1C760A240EAF
:108F3C00C50F002C00D1DAE0FF2C74D08023F60092
:108F4C00DB041E43002399469A467F3C7B025B0A56
:108F5C0098467B001B0EFF0F002B74D0FF2B00D10B
:108F6C008EE042468021D200C90411437F3B2A0087
:108F7C00E4184B467A408846D2B20A2B75DC4B4635
:108F8C000020022B0FDD494601238B40A621C9008E
:108F9C000B4269D1902189000B4200D000E188215D
:108FAC00194200D0F5E041460904090C434608007B
:108FBC00350C36041B0C360C704369435E435D4321
:108FCC007618030C9B19994203D9802149028C46CF
:108FDC00654400041904000C09188E01701E8641AA
:108FEC001B0C890E5B190E439B011E431B016CD499
:108FFC0023007F33002B00DCB1E0150071070BD090
:10900C000F2021003040042806D00436320103D54D
:10901C006E4B1E400B008033FE2B00DDBDE0B20119
:10902C00520ADBB248E0002E00D092E008239946A9
:10903C00063B9A467B025B0A98467B00FF241B0E7C
:10904C00FF0F002B8AD14246002A64D149460132D7
:10905C00114389460A2908DC7D400120EAB2022925
:10906C0091DC1500002227E015005346022B00D19D
:10907C0093E0032B1AD0012B2CD1002300221BE0F0
:10908C004346FF34002B55D003214B460B431900AC
:10909C000A2B00DC92E00F2B00D08CE08022D20354
:1090AC00164203D04346134200D17DE08022D20306
:1090BC0032435202520AFF23D805ED0710432843CE
:1090CC00E0BCBA46B146A846F0BD012315007108B4
:1090DC001E400E4323008033611C002B41DD7207C0
:1090EC0094D00F223240042A00D08EE78EE7002E57
:1090FC0005D104239946033B00249A4626E7300009
:10910C0002F0EAFB7624431F9E40002364429946FA
:10911C009A46241A1AE7404602F0DEFB4B46241A04
:10912C00763C0A2BA1DC4346053883407D409846AB
:10913C00EAB224E74A46023313432A007A40D2B2F9
:10914C000A2B92DC49461500002926D099460220AC
:10915C0019E70C239946093BFF249A46F6E61500BD
:10916C0021000122D31A1B2B00DD86E79E31320031
:10917C008E40DA40731E9E413243530704D00F23B6
:10918C001340042B00D00432530110D501230022CC
:10919C0092E73D004646824667E7FF2300228BE7B5
:1091AC0080220025D20386E73D001A4383E7920113
:1091BC000023520A80E73D00464677E72A00012348
:1091CC007A408B400320D2B2E9E6C046FFFFFFF79E
:1091DC00F8B54746CE46430280B55F0A9B09450069
:1091EC004A009C464B02C40FCE0F2D0E580A120E8D
:1091FC009909FF2A6BD001235E40AB1AB4424BD0C5
:10920C00002B00DCFFE0002A00D188E0FF2D00D10C
:10921C00EFE08022D204114301201B2B08DC080054
:10922C002022D840D31A99400B005A1E9341184360
:10923C0063461B1A9C4663465B0100D4CDE0634633
:10924C009F01BF09380002F047FB3B000538834003
:10925C00854200DCA2E0B74A2D1A1A4094465A0700
:10926C0000D1C3E00F221340042B00D1BEE0042335
:10927C009846C44463465B0100D4B7E0681CFE2DDD
:10928C0000D0A5E0FF200022C0051043E4072043D6
:10929C00C0BCB946B046F8BD002B00DCEBE1002A9F
:1092AC0046D0FF2D00D1A4E08022D20411431B2B09
:1092BC0000DCFBE0052398462B00C4446246D7082B
:1092CC00FF2B00D195E07A02520AD8B2DCE72B00D2
:1092DC00FF3B9946002918D101235E40B44200D1CE
:1092EC00CAE04B46002B2DD0002D00D03CE1FF23D3
:1092FC006446002C00D15FE15D1E012B00D174E1AE
:10930C003400FF2B74D02B0003E1B44200D19CE05D
:10931C00002B17D0002DEAD0070034006CE0002998
:10932C00CCD05A1E012B2BD0FF2B62D0130073E72D
:10933C000029C3D05A1E012B00D11EE1FF2B58D09F
:10934C001300B4E7FE226B1C1A420DD1002D60D025
:10935C006346002B00D020E1002900D028E18022B8
:10936C000024FF20D2038FE763465F1A7B0100D5F0
:10937C00FEE0002F00D065E700240020002283E7E8
:10938C006346591A4B0100D419E18F01BF0938000B
:10939C0002F0A2FA3B000538834001252022401B35
:1093AC000130121A19009340C1405A1E93411943BF
:1093BC008C460B1EE1D05B0700D152E10F23002538
:1093CC000B40042B00D052E701204A0100D492E05C
:1093DC00C0B263469A01520A56E763465B0705D052
:1093EC000F2362461340042B00D040E72B0065E7A7
:1093FC000700002F00D145E78022D2033A435202E6
:10940C00FF20520A40E7002B79D1FE226B1C1A4236
:10941C00AAD16346002B00D1F5E0002900D1D1E0A0
:10942C005F1A8023DB041F4200D10EE16246012447
:10943C008A1A944600203440002A00D124E70120E7
:10944C001A42C6D10023D7083DE7002B17D0002DB8
:10945C0000D0AFE0FF236546002D00D1ADE05E1ECD
:10946C00012B00D189E0FF2BC2D01B2E00DCABE01E
:10947C004B1D9C46130021E74B46002B70D1FE225E
:10948C006B1C1A425ED1002D00D0C3E06346002B4A
:10949C0000D1D0E0002900D194E00A0062445301CD
:1094AC0000D4D8E092010120520AEDE608002022F7
:1094BC00D840D31A99400B005A1E934103439C4445
:1094CC0063465B0189D50135FF2D00D1DAE6624692
:1094DC0001231949134052080A401A4313009446B9
:1094EC005B0704D00F231340042B00D0BFE6634668
:1094FC005B0100D5C2E66346DF082B00E3E6531B95
:10950C00002D00D1F4E680206446C0040443A44638
:10951C00340001201B2B09DC20256046D840EB1AB7
:10952C0065469D402B005D1EAB4118430B1A9C46B3
:10953C00150080E6FFFFFFFBFFFFFF7DFE226B1C8B
:10954C001342A3D0FF2B00D19CE6614449084A0783
:10955C0049D00F220A40042A45D00A1D9446ADE694
:10956C00002D00D176E78DE63400FF2000228BE63B
:10957C0063460124CF1A344064E661444B016DD537
:10958C0048084449014043072CD00F230340042BC7
:10959C0028D00B1D9C46022390E6002900D12BE716
:1095AC008023DB039F4200D226E7984200D323E7B7
:1095BC000124344007001FE734008C467EE601236B
:1095CC00CF0880E600237EE620206546801B854080
:1095DC0063462800F340451EA84103439C461500F2
:1095EC008C446DE70223CF086DE60F1B7B0128D559
:1095FC00BF01BF09380002F06FF93B00053883400A
:10960C0034000125CAE6002900D1B5E60124070083
:10961C00344058E66346002B00D1E9E6002900D11E
:10962C00EAE68023DB039F4200D2E5E6984200D3B2
:10963C00E2E60700E0E6002900D19EE60023CF0811
:10964C0041E634000123FF083DE6002F00D193E6EC
:10965C000023FF0837E60023D70834E60123CF08A0
:10966C0031E680220B00D20401201340114200D0BD
:10967C00AEE6CF0827E6002B00D15FE7561B002D86
:10968C0001D13300E7E680236046DB0418438446AF
:10969C00EBE6C046FFFFFF7D41024200C30F490AC3
:1096AC000020120E7E2A03DD9D2A02DD094A98183D
:1096BC007047802000040143952A07DC9620821A0B
:1096CC00D1404842002BF3D10800F1E7963A914083
:1096DC00F7E7C046FFFFFF7F70B5002812D0C31715
:1096EC00C5185D40C40F280002F0F6F89E231B1A23
:1096FC00962B0FDC082838D0083885406D026D0A8F
:10970C00D8B202E0002400200025C0052843E4075D
:10971C00204370BD992B14DC421F95402A0015493B
:10972C00114055071CD00F252A40042A18D00431AB
:10973C00CA08490115D59F235202181A550AC0B2FE
:10974C00E3E705222900121AD14002001B32954092
:10975C002A00551EAA410A43064911405507E2D179
:10976C00CA085202550AD8B2CFE76D026D0A8E3084
:10977C00CBE7C046FFFFFFFB10B5041E0DD002F077
:10978C00ABF89E231B1A962B0CDC082834D0083817
:10979C0084406402640AD8B201E000200024C005B1
:1097AC00204310BD992B13DC421F9440144A2240D5
:1097BC0061071CD00F212140042918D00432D40891
:1097CC00520115D59F236402181A640AC0B2E6E749
:1097DC00020021001B3291400A00511E8A410521D2
:1097EC00091ACC401443064A22406107E2D1D4083E
:1097FC006402640AD8B2D2E76402640A8E30CEE7FF
:10980C00FFFFFFFBF0B54F464646D646C0B582B0CB
:10981C00009001910E034C00CD0F710A009E5F0069
:10982C00760F0E43009900920193C90089461903E3
:10983C007B0D9846019B490ADB0F9C46009B009AC6
:10984C005B0F0B434146640DD200611A654500D194
:10985C00A6E0002972DD4746002F00D1DDE0CC4F99
:10986C00BC4200D19AE10127382917DC80273F043C
:10987C003B431F2900DDDDE12027781A1F008740BC
:10988C00BA461700CF408446380057460743604617
:10989C008240CB40501E8241F61A17434B46DF1BC9
:1098AC00B94580414042361A330200D4FFE07602BB
:1098BC00760A002E00D13CE1300002F00DF80300D6
:1098CC00083B20213800CA1AD0409E4002009F401D
:1098DC0032439C4200DDA6E1181B0130091A3E0000
:1098EC008F40C6407B1E9F4113008B4037431F4364
:1098FC00C2403B0016000024134300D1DFE17B077C
:10990C0000D132E30F233A003B40042B04D03A1D24
:10991C00BA42BF417F42F619330200D423E39C4B79
:10992C0001349C4200D1B4E09A4B64051E40640D96
:10993C007707D20876021743360BACE0002900D12A
:10994C007EE04146091B002C00D060E13400484603
:10995C00044300D1C9E14C1E012900D12EE28C4DEB
:10996C00A94200D124E20127382C11DC21001F2947
:10997C0000DD0BE2202437004846641AA740C8409B
:10998C0007434846A040CE40441EA0419B1B0743C2
:10999C00D71BBA4292415242654644469E1A83E70F
:1099AC00002900DC9CE04746002F67D11F001743BD
:1099BC0000D1E4E0481E012900D19BE1744FB9426B
:1099CC0000D1EBE001270100382811DC1F2900DD54
:1099DC00C7E12027781A1F00844687401000C84032
:1099EC00074360468240CB40501E8241F618174315
:1099FC004F444F45804140423618330257D5644B93
:109A0C0001349C4245D00121624B7A081E403940FA
:109A1C000A43F7071743760871E71F00174300D175
:109A2C00ADE04F1EBC46012900D182E1584FB9422E
:109A3C0000D190E161460127382900DD2EE718E7B7
:109A4C00554F611C394200D0D0E0310048461F0010
:109A5C0001431743002C00D03DE1002900D1BCE1AB
:109A6C00002F00D0BFE14B460021D80877070743F1
:109A7C00F00806034C05360B640D0CE0444FBC4259
:109A8C0000D18BE001273829B2DC80273F043B430F
:109A9C009CE70026002724053443ED072C433800AF
:109AAC00210002B0E0BCBA46B146A846F0BD7B0727
:109ABC0004D00F233B40042B00D028E7F808344B8C
:109ACC0077070743F0089C4200D04AE23B0003436F
:109ADC0059D080263603064336032D4C360BDAE775
:109AEC00002961D04146091B002C00D1B9E0284C5B
:109AFC00A04500D1A5E10127382913DC80242404DA
:109B0C0026431F2900DDC8E1202437004846641A8B
:109B1C00A740C84007434846A040CE40441EA04141
:109B2C009B190743BF189742924152424446D6189C
:109B3C0063E7380001F0D0FE030018331F2B00DC64
:109B4C00BFE63A00083882409C4200DD83E01B1BD4
:109B5C00581C1F2800DCB4E117001F3BDF402028F5
:109B6C0005D040231B1A9A40531E9A4117430024D8
:109B7C00002F0AD07B0700D0C4E626009EE74B4698
:109B8C000C00D8089BE70027014C002683E7C04651
:109B9C00FF070000FFFF7FFFFE0700004B46770723
:109BAC00D8080743F00891E7CD4F611C39426BD1BF
:109BBC00310048460143002C00D04BE11F001743F5
:109BCC00002900D181E1002F00D14CE74A444A45DD
:109BDC008041F61840423618330200D5B0E1170028
:109BEC009146374300D03EE7002654E74946891A90
:109BFC008846C145BF41F11A7F42C91B0F0261D48F
:109C0C0047460F4300D1BDE00E00474651E6B54C28
:109C1C00A04500D100E10127382900DDB8E68024F9
:109C2C0024042643A3E6B04EE41A16407B0700D06A
:109C3C003FE743E70F001800203FF84084462029F7
:109C4C0003D04027791A8B401A43531E9A4163461E
:109C5C0017001F4322E6A448E11A10404707C0082A
:109C6C0007E734004846044300D1FAE04C1E0129B2
:109C7C0000D1D7E09B4FB94200D1E2E00127382C4C
:109C8C0000DD4FE721003CE7964CA14200D1DDE01E
:109C9C004A444A458041F31840421818C7075208F5
:109CAC0017434608520705D00F220C003A40042AED
:109CBC0000D02CE67607FF0837430009D9E60027C9
:109CCC000026E8E64946571ABA4292419E1B524278
:109CDC006546B61AEDE5002900D0C6E0002F67D125
:109CEC00802600257F4C3603D5E665460C001E0009
:109CFC00D008E4E64A444A458041F318404218181B
:109D0C001100030200D496E0774B49081840C307B2
:109D1C000B434408490700D129E10F221A40042AB9
:109D2C0000D1EAE01F1D9F42B6417642361902244B
:109D3C00C4E649468F1AB9458041F61A4042361A94
:109D4C00330206D47307FF0801211F43F00890E685
:109D5C0065460124ABE54B467707D8080743F00866
:109D6C00B4E60F001800203FF8408446202903D0A9
:109D7C004027791A8B401A43531E9A4163461700A9
:109D8C001F4335E600250024002684E60C00350030
:109D9C00203CE540202905D04024611A8E404946DC
:109DAC00314389464846411E884107002F43EFE561
:109DBC00D2085F0765461743D80887E6171ABA42D8
:109DCC0092419E1B5242B61A3302C1D47307FF084C
:109DDC00654601211F43F0084BE6002F7BD06546FA
:109DEC001E0091463FE6811A8846C145A441F11AEE
:109DFC006442091B80242404214277D0101A824229
:109E0C00924107009E1B5242B61A374300D0A0E085
:109E1C006546002400263EE65F07D20865461743D8
:109E2C00D80853E6811891429241F018524280189A
:109E3C00030200D568E74707C9080F43C008012192
:109E4C0017E6D2085F071743D8083FE60C00002638
:109E5C00002720E6002956D15F07D2081743D808FF
:109E6C0034E60C001E00D00829E6C1087007014337
:109E7C00F008002F62D080242403204207D0DE0893
:109E8C00264204D165463000D1085B0719434F0FB9
:109E9C00C900C9087F070F4318E60C003000203CAE
:109EAC00E0408446202905D04024611A8E40494662
:109EBC00314389464846411E8841614607000F439D
:109ECC0030E620210027091A0EE51E00002F00D0D5
:109EDC0022E5002458E7002500240026DBE5C046D7
:109EEC00FE070000FF070000FFFF7FFF47460F4300
:109EFC0000D147E70E00C146B5E5DF086407022133
:109F0C0027430009B5E51900C0087707074311433B
:109F1C00F008002900D1D9E580210903084207D0B7
:109F2C00DC080C4204D1D2085B071A43170020004E
:109F3C007B0FFF00FF085B071F43C7E50F00C5E55C
:109F4C00124BD20833405F075B02012417431E0BF0
:109F5C00A1E5264212D00D4B6546020001241E409D
:109F6C00E6E4210085E51700A8E53A00D4E4DB0817
:109F7C0064071C432700022100097AE5C008770713
:109F8C00074365460021F00873E5C046FFFF7FFFDD
:109F9C00F0B5DE46454657464E46E0B587B00092D2
:109FAC0001930B031B0B9B46CA0F4B00040080460E
:109FBC005B0D029200D198E07C4A934237D059460F
:109FCC00420FC9000A43802109041143C200904684
:109FDC00774A894692469A44002300240393009EB4
:109FEC00019F3B031B0B9B467B0030005B0DFD0F61
:109FFC00002B59D06D4A934248D05946720FC90074
:10A00C000A438021090411438B466949F2008C46AE
:10A01C0051466344CB1A9A460021029E6E40F6B21A
:10A02C000F2C00D9CEE0634BA4001B599F465A4617
:10A03C000243914600D090E09A46022390460824B1
:10A04C000393CCE7CB464246029D0399022900D1EB
:10A05C00DEE1032900D18DE0012900D079E12E0049
:10A06C0000220023002490461B052343F6073343AC
:10A07C004046190007B0F0BCBB46B246A946A04604
:10A08C00F0BD002200249046484BEDE75A46009B59
:10A09C001A43494B9C46E244002A59D102231C43E3
:10A0AC00002302219B46B8E75A46009B1A4349D02D
:10A0BC005B46002B00D19CE1584601F00DFC0200E0
:10A0CC0003000B3A1D27009EBA1A19005846D640B9
:10A0DC0008398840320002439346009A8A40374937
:10A0EC0053448A4600219A4497E75B4603439946BA
:10A0FC0021D05B46002B00D169E1584601F0ECFB06
:10A10C000B235B429C460200844466461D239B1B2A
:10A11C00260011005846DE400839884033000343BE
:10A12C00994623008B409846254B00249B1A9A464F
:10A13C000023039353E7002398469A4601330424E3
:10A14C0003934CE701231C43002301219B4664E746
:10A15C000323320003211C435FE79A460323D946AD
:10A16C000C2403933BE700238024984600260F4BD6
:10A17C00240379E780245B4624031C4324032E002C
:10A18C0090460A4B240B6FE780244B462403234252
:10A19C0002D05B462342F0D080244B4624031C4360
:10A1AC002403029E014B240B5EE7C046FF07000010
:10A1BC0001FCFFFFE08C010801F8FFFFF303000036
:10A1CC000DFCFFFFCB4500D2F8E000D1F3E00123FA
:10A1DC005B429C46444648460025E2445B46170ECB
:10A1EC001B021F43190C3B04120200971F0C9146D3
:10A1FC0002910397FEF71AF802007A430B04210C24
:10A20C00804619438A4209D9009F0123BC465B4210
:10A21C0061449C46E0448F4200D85CE1881A029964
:10A22C00FEF704F8039A240442430904240C0300A7
:10A23C000C43A24206D90099013B8C466444A142CE
:10A24C0000D842E1A01A424612041A4393464B46E8
:10A25C0059461B0C1F0004930B0449460904090CB6
:10A26C000C001B0C5C43120C7B43884651437A4315
:10A27C00270CBC465B186344994203D980214902E0
:10A28C008C466244190C24041B04240C8A181C19D7
:10A29C00904202D316D1A54214D25B46009F013BDB
:10A2AC004D4405934D459B41BC465B426344C018ED
:10A2BC00874200D302E1824200D929E100D124E196
:10A2CC00059B9B462C1BA542AD41009B801A6D4201
:10A2DC00401B834200D10FE10299FDF7A7FF039ABF
:10A2EC000B044243210C050019438A4200D9CBE0F0
:10A2FC00881A0299FDF79AFF039A24044243090431
:10A30C00240C03000C43A24200D9CAE04146A41A13
:10A31C002A041A43049F13041B0C594340467B43E5
:10A32C009C46150C68430B0C844463447D43984253
:10A33C0003D98020400284466544180C09041B0490
:10A34C00090C40195B18844227D323D00123350014
:10A35C001A43944B5344002B60DD510700D086E028
:10A36C002E00D1085A46D20106D55A468E4B1A40B9
:10A37C0080239346DB0053448C4A934200DD80E6F5
:10A38C005A4652070A4390465A465B055402240B20
:10A39C005B0D69E63500002BDBD0009D511EAC46F1
:10A3AC006444AC4200D29EE0844200D2E1E000D191
:10A3BC00EEE00A00CAE7424500D908E74B46DC0745
:10A3CC00580843465B081C434346DD0706E701F08B
:10A3DC0083FA15239C4684440200634620321C2BCE
:10A3EC0000DC92E623000838834099460023984607
:10A3FC009AE601F071FA02000300153220331C2A90
:10A40C0000DC5FE600990838814000228B4666E646
:10A41C0000222E0000249046654B25E62E000121DB
:10A42C00C91A382900DD1BE61F297EDC614814009F
:10A43C0050445B4682408340CC40501E82412343B3
:10A44C001A435B46CB40510709D00F211140042918
:10A45C0005D0111D9142924152429B180A001902DB
:10A46C0000D49BE00022012300249046FCE50F2140
:10A47C001140042900D173E7111D914292415242BF
:10A48C002E00C90893446DE7009B013D9C46614436
:10A49C008B4200D92CE78A4200D829E7851E6144FB
:10A4AC0026E70099013B8C466444A14200D92DE774
:10A4BC00A24200D82AE7831E644427E7874200D0D3
:10A4CC00FEE6A94500D9FBE6F5E6A24200D8B9E6BE
:10A4DC00831E6444B6E68A4200D89FE6BC46831EBF
:10A4EC00984661449AE60A00844200D02EE74B4518
:10A4FC0000D02BE735002CE72A4B2F4A53449245CA
:10A50C0043DB0122002193442CE7AC4200D8D7E670
:10A51C0002235B429C4600994D444D459B41E344CC
:10A52C008C465B426344C018CCE61F204042C31AE1
:10A53C005846D840202904D05946204B53449940C2
:10A54C000A43531E9A410723190002430024114069
:10A55C00134209D008331340042B1DD0131D934212
:10A56C0089411A0049424907D2080A439046002300
:10A57C007AE54946009F4D004D458941BC4649420C
:10A58C006144A946023A6418AEE70122524246E7FA
:10A59C009945EED30A00AAE70021E5E759075B02CB
:10A5AC001C0BE1E7FF030000FFFFFFFEFE070000AE
:10A5BC00FF0700001E04000002FCFFFF3E04000029
:10A5CC00F0B55746DE464E464546E0B50D00040054
:10A5DC00E80F83460903D80F090B824619488C46AD
:10A5EC001F0369005E00490D3F0B760D814218D0A8
:10A5FC0086420FD00120B1420DD1BC450BD1944203
:10A60C0009D1D3451CD0002905D160462043431EF7
:10A61C00984100E00120F0BCBB46B246A946A046DA
:10A62C00F0BD01208E42F6D1614639430F0017432D
:10A63C002743F0D15B465246981A431E9841EAE7ED
:10A64C000020E8E7FF070000F0B557464E464546A8
:10A65C00DE46E0B50D000E034900490D8A46DF0FBA
:10A66C00E90FBC4683B02F4F04008046019158007F
:10A67C0019039146360B090B400DBA451DD0B84253
:10A68C000DD05746002F2AD13443002824D10A4339
:10A69C0036D0002C41D163465800013815E01143E7
:10A6AC0038D15346002B01D12643F4D0019B63458E
:10A6BC0007D1019B5800013807E026432AD15045A9
:10A6CC0021D00120019B5F42384303B0F0BCBB4654
:10A6DC00B246A946A046F0BD002CDCD0E6E7002827
:10A6EC00EFD0019B6345ECD18245EADCE1DB8E4285
:10A6FC00E7D8DED1C845E4D80020C845E5D2D8E774
:10A70C00002CE2D0DDE7114304D1019B6345D8D185
:10A71C000020DAE702204042D7E7019B6345E6D0F0
:10A72C00CFE7C046FF070000F0B557464E464546FA
:10A73C00DE46E0B50D000E034900490D8A46DF0FD9
:10A74C00E90FBC4683B02E4F04008046019158009F
:10A75C0019039146360B090B400DBA451ED0B84271
:10A76C000DD05746002F27D13443002833D10A434C
:10A77C0034D0002C40D163465800013815E0114309
:10A78C0012D15346002B01D12643F4D0019B6345D3
:10A79C001DD00120019B5F42384306E0264303D1C4
:10A7AC005045F6D111431CD0022003B0F0BCBB467F
:10A7BC00B246A946A046F0BD0028EAD0019B6345ED
:10A7CC00E7D18245E5DC02DB8E42E2D80ED0019B5C
:10A7DC0058000138E9E7002CCDD0D7E7002CE4D0A5
:10A7EC00D7E7019B00206345DFD0D2E7C845D0D81E
:10A7FC000020C845D9D2EAE7019B6345E4D0C8E7FD
:10A80C00FF070000F0B557464E46DE464546E0B51C
:10A81C001F000B031B0B16009A46CA0F4B000400BB
:10A82C00914685B05B0D00D1CFE1CD4A934255D016
:10A83C005146420FC9000A43802109041143C2004A
:10A84C009046C84A8A4693469B44002300250293AF
:10A85C003C037B00FA0F0196240B5B0D009200D198
:10A86C0088E1BF4A934200D192E0BE4A94466344C9
:10A87C009B440A2D42DCE400730F23438024494699
:10A88C0024041C43F3000193009B00205940CBB2DD
:10A89C000393022D00DC94E00123AB401D00A623A2
:10A8AC002A00DB001A401D4200D029E290239B00B5
:10A8BC001D4200D14DE20023802499462403A84B6D
:10A8CC0010004A461B052343D2071343190005B059
:10A8DC00F0BCBB46B246A946A046F0BD5246024368
:10A8EC00904600D0ACE19B46022392460825029389
:10A8FC00AEE7009BA2469946019B9846029B022B11
:10A90C0000D1CAE1032B00D192E1012B10D100231D
:10A91C0000240022D4E701227B083A40134352461C
:10A92C00D2071343984653465B089A46039B9946B5
:10A93C005B46581C8023DB005B44002B00DCB1E140
:10A94C00424652070BD00F2241460A40042A06D039
:10A95C004246111D4145924188465242924452460C
:10A96C00D20106D55246804B1A4080239246DB001A
:10A97C00C3187E4A934200DD8FE14246D10852460D
:10A98C0052070A4351465B054C02240B5B0D97E7BB
:10A99C00734B26439C46E344002E00D16FE1032306
:10A9AC0049461D43009B5940CBB203930A2D00DD51
:10A9BC0033E10123AB401D000323029388222A427A
:10A9CC0097D1424643461204120C160001981D0CF6
:10A9DC00030C0004000C4643B4461E006E43009664
:10A9EC00160007005E436146B0466F430E0CB84438
:10A9FC004644B74205D9802149028846009F474406
:10AA0C00009761460904090C370C36048C4631005A
:10AA1C00614401911100260C2404240C61438C46E2
:10AA2C002100694389466146090C884672434A44B1
:10AA3C0042447543914503D98021490288464544D7
:10AA4C00110C884661460904090C8C4612046244B8
:10AA5C00B91802915146090C8C4651460F043F0C13
:10AA6C003900414345448846614641438A46414644
:10AA7C006046090C894658437B4353444B449A45E2
:10AA8C0003D98021490289464844190C894641461C
:10AA9C000904090C8846390061431B044344884669
:10AAAC0061464C4371438C46414677430E0C3F192B
:10AABC00F6194844B44203D9802149028946CC4452
:10AACC000299009F894631044F448946414697427A
:10AADC0092410C04240C4C44FF1852426419A118E6
:10AAEC009F429B41884682465B42994690459241E3
:10AAFC00AC42A441C244D1445242644214439945ED
:10AB0C009B41824592415B42524213434A46360C6A
:10AB1C00A419E31863445B02D20D1A4301999246BF
:10AB2C007A020A43501E8241FF0D17434A465202D5
:10AB3C001743B846DB0100D5EDE60D4B039A5B4499
:10AB4C009146002B00DCACE03A00520700D110E734
:10AB5C000F2258463A40042A00D0F9E609E7C046CD
:10AB6C00FF07000001FCFFFFFFFFFFFEFE070000D8
:10AB7C00FF030000220032436FD0002C00D1C2E052
:10AB8C00200000F0A9FE020003000B3A1D20821ADF
:10AB9C0030001900D04008398C40020022433400A8
:10ABAC008C405946CB1A86498B469B440A2D00DDB6
:10ABBC00A4E64946009B01945940CBB214000020F6
:10ABCC000393022D00DD67E6FBE6534603439846EC
:10ABDC003CD05346002B00D1A3E0504600F07CFE45
:10ABEC000B235B429C4602008444110050460839FA
:10ABFC0088401D23804660461B1A2000D840030065
:10AC0C00404603439A4623008B4098466C4B0025E4
:10AC1C009B1A9B46002302931AE60F2D00D0C9E025
:10AC2C00802352461B031A4202D01C4200D192E0F0
:10AC3C008024534624031C4324034246240B3EE643
:10AC4C009B46032380460C25029301E600239A467B
:10AC5C009B46013304250293FAE501210D430A2D8D
:10AC6C0000DD4BE6494600984140C9B20391022DE4
:10AC7C0000DC96E000230024012001930CE64946F9
:10AC8C000223009A2B435140CAB203920A2B00DDD7
:10AC9C0034E6002D57D1039B994600240022494BE2
:10ACAC000EE658460121C91A382900DD2FE61F2966
:10ACBC0056DD1F2254465242D31ADC40202907D0BD
:10ACCC00414B42469C465346604483401A4390464F
:10ACDC0042460721531E9A410B0022431340002485
:10ACEC00114209D00F231340042B5DD0111D91424A
:10ACFC009B410A005B425B07D2081A430023DFE545
:10AD0C00039B9946FAE5019800F0E6FD020003006A
:10AD1C00153220331C2A00DC38E7019A08388240AF
:10AD2C003FE700F0D9FD15239C468444020063469E
:10AD3C0020321C2B00DC58E70023984623000838EF
:10AD4C0083409A4662E71D000023002402200193F1
:10AD5C00A2E5029032E61C43009B019A9946AEE5AF
:10AD6C001A4B5246C31840469A40C84002434046CC
:10AD7C0098400300581E834154461A43CC40530755
:10AD8C0009D00F231340042B05D0131D934292417D
:10AD9C005242A4181A00230208D5012300240022D1
:10ADAC008EE5894600248BE50023A5E76307640242
:10ADBC00240BA1E7009BA2469946019B984637E7D6
:10ADCC000DFCFFFFFF0700003E0400001E04000006
:10ADDC00F0B557464E464546DE46E0B583B000908A
:10ADEC0001910C034D00CE0F610A009C5F00640FB3
:10ADFC000C43009900920193C80019037B0D9946EE
:10AE0C00019BCC4FDB0F9C464B0A00998046490FA7
:10AE1C001943009B8B46DA0092466D0DB94500D163
:10AE2C00BFE00123614659404B468C46EB1A8E42DB
:10AE3C0075D0002B00DCA3E24946002900D1CEE0FE
:10AE4C00BD4200D100E20127382B19DC802759467E
:10AE5C003F0439438B461F2B00DDFAE12027F91AFA
:10AE6C008C4659466746B9400F001100D9400F4334
:10AE7C0061468A40511E8A415946D9401743641A8B
:10AE8C00C71BB84280414042241A230200D440E13F
:10AE9C006402640A002C00D154E1200000F01CFD77
:10AEAC000300083B20213800CA1AD0409C40020005
:10AEBC009F4022439D4200DDA6E1581B0130091A38
:10AECC003C008F40C4407B1E9F4113008B402743A6
:10AEDC001F43C2403B0014000025134300D1F7E18F
:10AEEC007B0700D177E30F2338003B40042B04D0C1
:10AEFC00381DB842BF417F42E419230200D468E3F5
:10AF0C008C4B01359D4200D1F4E08B4B6D051C4000
:10AF1C006D0D6707C00864020743240BECE0002B9F
:10AF2C0000DC29E34946002900D0D6E059461143FC
:10AF3C0000D12EE1591E012B00D1E6E1BB4200D11C
:10AF4C0082E101270B00382914DC1F2B00DD3CE2C9
:10AF5C002027F91A8C4659466746B9400F00110054
:10AF6C00D9400F4361468A40511E8A415946D94007
:10AF7C00174364183F18874280414042241823022B
:10AF8C0000D4C6E06B4B01359D4200D1B2E00121EB
:10AF9C00694B7A081C4039400A43E7071743640899
:10AFAC009EE7664B11438A46EB18002928D066456C
:10AFBC002CD0002B5BD0002D00D12CE15B466646DB
:10AFCC005F07D2081743DD083B002B4300D1E2E0BA
:10AFDC00802424032C432403564D240B8CE0594627
:10AFEC00114300D1D5E0591E012B00D1B9E1BB4270
:10AFFC0000D1B1E101270B00382900DD40E72AE739
:10B00C006146012779408C466645D2D1002B00D190
:10B01C00C5E0002D00D055E14B462500054300D17D
:10B02C0012E2591E8C46012B00D149E2414DAB4234
:10B03C0000D18FE20127382911DC63461F2B00DD7C
:10B04C005BE26146202327005B1A050098409F4075
:10B05C00CD40431E9841CC402F430743A344BF1817
:10B06C009742924152425A4414004D4687E7344F5E
:10B07C006B1C3B4200D0B6E05946230011430F0035
:10B08C000343002D00D026E1002B00D1C0E10029A4
:10B09C0000D1A1E0831A98465B464045AD41E31AC6
:10B0AC006D425B1B80252D042B4200D14BE15B468E
:10B0BC00101A824292411C1B070001266346524221
:10B0CC00A41A27431E40002F00D142E12C4200D18C
:10B0DC006DE2194B01251C401BE7BD4200D13BE141
:10B0EC000127382B00DD45E7802759463F043943BB
:10B0FC008B462AE7002400272D052543F607354308
:10B10C003800290003B0F0BCBB46B246A946A046A5
:10B11C00F0BD7B0704D00F233B40042B00D0E7E6A7
:10B12C002B00F808034A67070743E508934200D150
:10B13C004AE7A5E0FF070000FFFF7FFF01F8FFFFD4
:10B14C00FE070000380000F0C7FB030018331F2B6C
:10B15C0000DCA7E63A00083882409D4200DD8AE018
:10B16C005B1B581C1F2800DCD8E117001F3BDF407D
:10B17C00202805D040231B1A9A40531E9A4117438E
:10B18C000025002F00D1E5E07B0700D0ABE62C00BA
:10B19C00C6E7C008C6E700270024D14DACE7D14F65
:10B1AC006B1C3B4271D123000343002D00D04EE1B8
:10B1BC005746002B00D1B5E1002F0DD083188342E8
:10B1CC0080415C4440422418220200D5C8E11F0093
:10B1DC009846274300D1BCE043466707DB081F4372
:10B1EC00E50800234CE0831A98465B464045BF4176
:10B1FC00E31A7F42DB1B1F027CD447461F4300D15E
:10B20C00A6E01C00474645E6B74CED1A14407B07F8
:10B21C0000D080E784E74B462500054366D05F1ECF
:10B22C00012B00D1FCE0AE4DAB4200D15EE1664695
:10B23C00382F00DCB4E00120171ABA4292415B4669
:10B24C0052424D469C1A20E66707C0080743E508A2
:10B25C00BAE61F005946203FF9400F00202B05D0BD
:10B26C004021CB1A594699400A43924653465A1EDE
:10B27C0093411F4304E6EB1A9B4D15406F07ED08F5
:10B28C002C035D05240B6D0D36E7954DAB4200D1BB
:10B29C00D6E082182100824280415944404208186D
:10B2AC00C707520817434408520700D485E10F2200
:10B2BC001D003A40042A00D01AE6FF086407274311
:10B2CC000509DDE75B46D2085F071743DD087BE61F
:10B2DC000027002410E7002B00D0D6E0002900D076
:10B2EC002FE1802400267E4D240305E766465C464C
:10B2FC00D00817E75B46171ABA4292411C1B01266D
:10B30C0063465242A41A1E40C4E58318834280410E
:10B31C005C44404225182A0200D4DAE0724A5B08E9
:10B32C001540EA071A4369085B0700D44AE10F236A
:10B33C001340042B00D1FCE0171D9742A44164423A
:10B34C0002256418ECE647461C001F4300D043E777
:10B35C00002600250024CFE6C00867070743E50850
:10B36C0032E6871A5B46B8428041E41A4042241AFE
:10B37C00230228D46307FF081F43E50801237FE756
:10B38C00002B00D173E64B465F1B3B00002D00D118
:10B39C0042E7382F00DDECE080230E001B041C4339
:10B3AC001F2F25DC20252300ED1B0100A840AB40FE
:10B3BC00F940451EA8410B43FC4018435B461B1B40
:10B3CC009B4639E76646012562E51F005946203F3A
:10B3DC00F9408C46202B05D040275946FB1A994042
:10B3EC000A43924657467B1E9F4163461F43C1E565
:10B3FC003B002500203BDD40202F04D04023DB1BED
:10B40C009C40204380464046431E9841284313E706
:10B41C0000299DD0012663465C4690461E40DBE623
:10B42C00171A5B46BA4292411C1B5242A41A2302C1
:10B43C00C8D46307FF081F4366460123E5081FE7CE
:10B44C001D000024002757E65C46D0086AE6002B56
:10B45C0000D137E75346C00867070743E508002BC0
:10B46C0000D1B1E580231B031D4208D05946C80802
:10B47C00184204D1D20849070A43170005007B0F74
:10B48C00FF00FF085B071F439EE5C00863071843D6
:10B49C00E508002953D080231B031D420AD05946CE
:10B4AC00CC081C4206D1012663462500D00849076A
:10B4BC0008431E40470FC000C0087F07074383E5C1
:10B4CC008318934292415C445242A5182A0200D53B
:10B4DC0024E76F07DB081F43ED080123D0E6C046C5
:10B4EC00FF070000FE070000FFFF7FFF5B46D2084E
:10B4FC005F0766461743DD0866E52500203BDD4007
:10B50C006346202B05D0402361465B1A9C402043A8
:10B51C00804647467B1E9F412F43A0E520210027F4
:10B52C00091AD2E4002F00D113E75C46170000255E
:10B53C00F6E5D708490702230F432D09A0E60700BB
:10B54C0042E55B4601265F07DD086346D2081743D8
:10B55C001E4039E55B46D2085F071743DD0833E52B
:10B56C001E4ADB0822405707520201251F43140BC9
:10B57C00C2E50E0001205FE6002B0DD04B465B1B95
:10B58C009C46002D00D148E50127382B00DD66E5EF
:10B59C0080231B041C4350E56B1C114D2B4200D027
:10B5AC0073E65946230011438A46034300E66707B6
:10B5BC00C00800230743E50862E66407FF08274339
:10B5CC0005095DE6D208490711430F0002232D0936
:10B5DC0056E60700A4E538008FE4C046FFFF7FFF66
:10B5EC00FE070000F0B5C6461E03360BB0460D4EE6
:10B5FC000C034D005F0000B5240B6D0D7F0DB542A3
:10B60C000BD0084900208F4204D146461643300027
:10B61C00431E984180BCB846F0BD04430120002C69
:10B62C00F8D1EEE7FF0700000B00020070B5164DD5
:10B63C000C0382B04900002000920193240B490DA9
:10B64C00DE0FA94204DD1148814203DD104BF018D6
:10B65C0002B070BD8020400320430E4C641A1F2C96
:10B66C0008DD0D4B5B1AD84003005842002EEFD179
:10B67C001800EDE7094B009A9C46030061448B408F
:10B68C00E2401343F1E7C046FE0300001D04000036
:10B69C00FFFFFF7F3304000013040000EDFBFFFFEE
:10B6AC0070B5002816D0C317C5185D40C40F28000C
:10B6BC0000F012F9104B1B1A5B055B0D0A2814DC09
:10B6CC0002002E00153296400B22121AD5402D0383
:10B6DC002D0B03E000240023002500261B052B4323
:10B6EC00E40723433000190070BD0B3885402D034F
:10B6FC0000262D0BF2E7C0461E04000010B5041EF8
:10B70C0010D000F0E9F80E4B1B1A5B055B0D0A28F4
:10B71C000FDC0B222100121AD14015300A03844091
:10B72C00120B01E0002300221B051343200019001B
:10B73C0010BD22000B38824012030024120BF3E7D9
:10B74C001E04000070B542024300C40FFE201B0E05
:10B75C00591C550A08420CD0E02189008C466D0713
:10B76C00120B63441B051343E40723432800190001
:10B77C0070BD002B14D1002D1BD0280000F0ACF8AC
:10B78C000A281CDC0B232A001B1ADA400300153391
:10B79C009D400E4B12031B1A5B05120B5B0DE1E770
:10B7AC00002D09D0130B802212031A436D07084B8E
:10B7BC00D8E700230022D5E70022054BD2E703008F
:10B7CC002A000B3B9A400025E3E7C04689030000A2
:10B7DC00FF070000F0B54B000F035B0D3A4C450F13
:10B7EC0083B07F0A5E1C2F4300900191CA0FC500E5
:10B7FC0026420BD035495C18FE2C13DDFF200023AC
:10B80C00C0051843D207104303B0F0BD3D43002BD5
:10B81C0001D10020F4E7002DF0D08023DB03FF20C2
:10B82C003B43EDE7002C0CDD009BFF009B01581EF9
:10B83C008341690F3B430B43590727D1DB08E0B227
:10B84C00DEE72100173131DB80211E20090439434A
:10B85C00001B1F282DDD02267642341B0E00E6400D
:10B86C003400202804D01A488446634499400D4380
:10B87C002B00591E8B412343590703D00F2119402C
:10B88C0004290BD19B0100205B0AB9E70F21194059
:10B89C00042904D19B015B0AE0B2B1E70024043314
:10B8AC005901F7D501340023E0B2A9E700200023A9
:10B8BC00A6E7084C1C192B00A540C340A140681EEC
:10B8CC00854129430B43D7E7FE07000080FCFFFFAF
:10B8DC00A2FCFFFF82FCFFFF1C2101231B049842EA
:10B8EC0001D3000C10391B0A984201D3000A083905
:10B8FC001B09984201D30009043902A2105C4018BC
:10B90C007047C0460403020201010101000000005F
:10B91C000000000010B5002903D1FFF7DDFF203037
:10B92C0002E00800FFF7D8FF10BDC04682B073B527
:10B93C006C460091079321000300626060C960C3EC
:10B94C0007AA60CA60C313001500103006CB06C0EE
:10B95C0001220098616803F033FA696801220998A2
:10B96C0003F02EFA73BC08BC02B0184737B50400BC
:10B97C0003F034FEA068A38902691342FCD001696C
:10B98C000A001A401942FAD101AD2068616803F02F
:10B99C0017FA29000122032003F052FD03CC0122E7
:10B9AC0003F00EFA03F018FE28786B7800041B02E3
:10B9BC001843AB7818433EBDF0B5094985B0094B27
:10B9CC0001ACC0CBC0C40B004968074A00911B688E
:10B9DC00064811685268FFF7A9FF05B0F0BDC046D4
:10B9EC00440000203C0000202C000020C402002059
:10B9FC0010B50348FFF7BAFF80231B04584010BD55
:10BA0C00C402002010B50548FFF7B0FF80231B04CB
:10BA1C005840984201DA024B181A10BDC40200209B
:10BA2C00FFFF7F0070B504250024FFF7E1FF013D07
:10BA3C002418002DF9D10723E01718400019C01065
:10BA4C0070BD0000F0B504000525002699B00392E6
:10BA5C000F0048227C4906A804930BF0EEFD631FEF
:10BA6C0001937A4B02937A4B0593019BAB4257DCC3
:10BA7C0000221E9B1E80774B1A70774A1278029216
:10BA8C00764A964200D874E001251D70714B744AB9
:10BA9C001B782C000192002B1ED0029B714E002BA8
:10BAAC0000D1A0E0704B1B78002B00D19BE06F4BBA
:10BABC001B78002B00D196E06D4B7C1E1C60012284
:10BACC00694B1A70974201D16A4B1F70FA22338866
:10BADC0092009B189BB233805F4B1B78002B0CD0D1
:10BAEC00614B1B78002B08D0604B1B78002B04D0CB
:10BAFC005F4B1B68AB4200DA1C00019B1B78002BD0
:10BB0C0009D05D4B1B78002B05D15C4B039AD35CA1
:10BB1C00A34200DC5C1E201E00DC012019B0F0BD2D
:10BB2C00029B6A00985AFFF7BBFD0022544BFFF7AB
:10BB3C004FF9FFF779FDC317C4185C40059B6A00E9
:10BB4C00985AFFF7ADFD00224D4BFFF741F9FFF777
:10BB5C006BFDC317C018584082B2231CA4B2944288
:10BB6C0000D2031C9AB2B24200D2331C9EB20135F1
:10BB7C007BE7029B002B04D001223C4B1A703C4B00
:10BB8C001F60092301937B1E06ACDB00E3180593B1
:10BB9C00019D30006B1E0193FFF782FD226C636CDC
:10BBAC00FEF730FE059B083C1A685B68FEF7F0F95F
:10BBBC00344A354BFCF740FC002803D1019B002B89
:10BBCC00E6D10125264B1B78002B00D15EE7052F13
:10BBDC0000DC5BE7BD4200DC58E72C4B9E4200D8F2
:10BBEC0054E77D1C52E70624A74207DC023C062FD3
:10BBFC0004D03C00032F00DD0324013C019B029A7E
:10BC0C001B78002A00D05AE7002B00D15EE7049B7A
:10BC1C00002B0ED0039B1E4A013BD35C032B08D890
:10BC2C0001221C4B1A701C4B1C6033881B199BB2D5
:10BC3C003380114B1B78002B00D047E70F4B039A36
:10BC4C00D75402F053FA41E7108C010884570020B6
:10BC5C00944C002002040020D90100205B3F00001E
:10BC6C005A6300207E670020C2650020C06500205A
:10BC7C0004020020C1650020BC0A0020776300206C
:10BC8C0080FFCF409A99999959CCCC4070170000FD
:10BC9C00D4030020C36500200002002070B506000C
:10BCAC000D0019001D4B10001B781D4C013E002B84
:10BCBC0021D000221B4BFCF7B9FB002803D11A4BF7
:10BCCC001B78002B1AD1A35D0133DBB2A355002DD9
:10BCDC0004D06A1EA35C0133DBB2A354A35D072B13
:10BCEC0001D90723A355002D05D0013D635D072B1A
:10BCFC0001D907236355A05DC0B270BDA35D002BB5
:10BD0C0003D0A35D013BDBB2A355002DE6D06A1E28
:10BD1C00A35C002BE2D0A35C013BDDE75D6300205C
:10BD2C00D403002000002E400104002010B5D022C6
:10BD3C0000210B480BF0ECFB00230020094A0A49B8
:10BD4C0013700A4A13700A4A10605160094A0A4873
:10BD5C000A49106051600A4A137002F049FA10BD8A
:10BD6C0078620020D203002000002E40D303002074
:10BD7C0000000020080000200E2DB29DEFFF58405F
:10BD8C00D103002010B56822002103480BF0C0FB42
:10BD9C0002F0AAF810BDC046386500200023190037
:10BDAC0010B5044AD15401330D2BFBD102F07CF9B0
:10BDBC0010BDC046D4030020F7B502F0A6FC424BE0
:10BDCC0005001B780C27002B00D1083F3F4B404A45
:10BDDC001B78019300231E00019999424CDC3D4BCA
:10BDEC0004241B78002B10D03B4B013C1B78A34246
:10BDFC000BD83A4B1B78002B04D0394B02341B78F0
:10BE0C00002B02D0AF423ED80224200001F068FF84
:10BE1C00AF4207D1334F3B78002B03D1FFF786FF9E
:10BE2C0001233B70304B1B78002B23D03000FFF7E5
:10BE3C0065FC00222D4BFEF7E5FC060001980F0077
:10BE4C00FFF72EFC02000B0030003900FEF7A0F8C3
:10BE5C000022274BFCF70EFB00280BD0254A136859
:10BE6C00012B07D102201060234A137002F06CFAE8
:10BE7C00FFF794FF2000FEBDD15C022901D90136E9
:10BE8C00F6B20133A8E71D490022086849681C4B2B
:10BE9C00FCF7CCFA002805D002F052FC022801D89D
:10BEAC000624B2E7174B18685968FCF78DFB134949
:10BEBC00C4B2002208684968114BFCF7B7FA002895
:10BECC00A3D0022CECD19FE78C670020410200200C
:10BEDC00D40300208F670020B065002038020020BA
:10BEEC00A1660020B8030020D801002000005940B2
:10BEFC0000004940DC0100205C630020580A00204F
:10BF0C0000002E40C00300200C4B70B518780C4B71
:10BF1C0003221C780525002306260A49002800D098
:10BF2C002A00002C00D03200CA5401330D2BF5D15D
:10BF3C000022054B1A7002F003F970BD5963002002
:10BF4C00D8010020A0650020AF650020F0B58DB0B1
:10BF5C000B930E001300069001928A4208D1854A79
:10BF6C0094466344DB00C318186859680DB0F0BDE3
:10BF7C0000240F00019B251C5B1A04930294019B67
:10BF8C009F4200DA87E00498FDF7A6FB071C011C12
:10BF9C000298FCF7F5FD391C0790281CFCF7F0FD06
:10BFAC00391C0890201CFCF7EBFD0024099004942C
:10BFBC00271C03940294019B9E4200DA8EE00499A4
:10BFCC000298FCF7ABFF391C051C381CFCF7A6FFCC
:10BFDC00011C281CFDF7FCF80499061C0398FCF7BF
:10BFEC009DFF211C051C381CFCF798FF011C281C0C
:10BFFC00FDF7EEF8311CFCF7C3FD211C051C029863
:10C00C00FCF78CFF391C041C0398FCF787FF011C00
:10C01C00201CFDF7DDF8311CFCF7B2FD291C041CBB
:10C02C000798FCF77BFF011C0898FDF7D1F8211C41
:10C03C00061C0998FCF772FF011C301CFDF7C8F8B0
:10C04C000B9B061C5A1E9341019AD31A180001939C
:10C05C00FDF742FB291C071CFCF760FF311CFCF7A9
:10C06C009DFB211C051C381CFCF758FF391CFCF7E8
:10C07C0055FF011C281CFCF791FB0021041CFCF74C
:10C08C0015FA002800D000243B49201CFCF746FF81
:10C09C00FFF758FB6AE73800FDF71EFB069AFB001A
:10C0AC00D318039018685968FFF794FB3249FCF7D2
:10C0BC0067FD011C281CFCF771FB0399051C0298F9
:10C0CC00FCF76CFB03990290081CFCF727FF011C82
:10C0DC00201CFCF763FB0137041C50E73000FDF714
:10C0EC00FBFA0799051CFDF773F8011C0590FCF78A
:10C0FC0015FF011C0298FCF751FB069AF300D318AC
:10C10C00029018685968FFF765FB1B49FCF738FD6E
:10C11C000899FDF75DF8011C0A900598FCF7FEFEE6
:10C12C00011C0398FCF73AFB291C0390281CFCF714
:10C13C00F5FE0999FDF74CF8051C011C0598FCF758
:10C14C00EDFE011C381CFCF729FB291C071C281CC4
:10C15C00FCF7E4FE011C0498FCF720FB291C04905E
:10C16C000A98FCF7DBFE011C201CFCF717FB0136C0
:10C17C00041C20E7FFFFFF1F00FEFF46F8B506007A
:10C18C000F0014001D00FCF775F900280CD0069A5E
:10C19C00079B30003900FCF759F900282FD03400E8
:10C1AC003D0029002000F8BD22002B003000390092
:10C1BC00FCF74CF900280FD0069A079B3000390089
:10C1CC00FCF758F90028EAD1069A079B20002900B1
:10C1DC00FCF73CF90028E4D122002B003000390098
:10C1EC00FCF748F9002807D0069A079B2000290085
:10C1FC00FCF740F90028D4D1069C079DD1E722001A
:10C20C002B0030003900FCF711F90028ECD0D3E7F3
:10C21C00F0B589B0069007911900814B10001B787E
:10C22C00002B05D100247F4D2000290009B0F0BD62
:10C23C0000227D4BFDF7E6FA02000B0000207B4943
:10C24C00FDF7A6FE02000B00029003910020784936
:10C25C00FDF79EFE0022774BFEF7BAFD029A039B78
:10C26C0004000D0000207449FDF792FE0022714B72
:10C27C00FEF7AEFD0E9A0F9B009001912000290055
:10C28C00FFF77CFF00246D4D02000B000020009492
:10C29C0001956B49FFF772FF00226A4B04900591E0
:10C2AC00FEF796FD684B694AFEF7ACFA0BF0CEFF31
:10C2BC00674B1B78002B54D10022664BFDF7A2FA7A
:10C2CC0002000B0064486549FDF762FE644A654B49
:10C2DC00FDF798FA06000F00049805990022624BAE
:10C2EC00FEF776FD32003B00FEF78CFA00220400CC
:10C2FC000D00069807995D4BFEF76AFD02000B00D6
:10C30C0020002900FDF77EFA554A04000D00554B1C
:10C31C0030003900FEF75CFD0022554BFEF772FA37
:10C32C0002000B0020002900FDF76CFA514A524B19
:10C33C00FEF768FA029A039BFEF764FA00220023C8
:10C34C0004000D00FCF778F8002800D06AE7002202
:10C35C0020002900494BFCF783F8002800D061E746
:10C36C0062E7009401950E9A0F9B00204449FFF759
:10C37C0005FF069A079B04000D0000204149FEF7BB
:10C38C0027FD220006000F002B0000203E49FEF77F
:10C39C001FFD02000B0030003900FDF733FA3B4A59
:10C3AC0004000D0002980399394BFEF72BFA02009A
:10C3BC000B0020002900FEF725FA04000D00354A79
:10C3CC00354BFEF71FFA22002B00FEF71BFA22005A
:10C3DC002B00FEF717FA314A06000F002000290047
:10C3EC002F4BFEF70FFA22002B00FEF70BFA020080
:10C3FC000B0030003900FDF705FA2A4A06000F0041
:10C40C0020002900284BFEF7FDF902000B0030003C
:10C41C003900FDF7F7F9254A254BFEF7D9FC8DE7D6
:10C42C000104002000002E400010714000A072405A
:10C43C00004C98400000894000A89B4000C08C40F4
:10C44C000080864000E08A409999C9BF9A999999D1
:10C45C00596300200000F03FC01E85EB51B89E3F91
:10C46C00A4703D0AD7A3E83F00488C4000407F40B1
:10C47C0000408F403BDF4F8D976E92BF00002C40E9
:10C48C000008864000908040002889409E12E429D4
:10C49C00419E923F1B0DE02D90A0A83FBA490C0283
:10C4AC002B87F0BF8351499D804620400E2DB29DB5
:10C4BC00EF272F401F4B70B51B781F4E34687568E3
:10C4CC00002B18D122002B0000201C49FEF780FC09
:10C4DC001B4A1C4BFEF796F922002B00FDF792F934
:10C4EC00194A1A4B04000D00FBF7BAFF00281CD1A7
:10C4FC003460756070BD164B1B88002B08D0220071
:10C50C002B0000201349FEF763FC0D4A124BE1E7A8
:10C51C00200029000A4A114BFEF774F902000B00A7
:10C52C0020002900FEF754FCDAE7074B074C336078
:10C53C007460DFE701040020C00300200000084005
:10C54C009A9999999999A93FCBA145B6F3FD0740C2
:10C55C007E6700200000F83F9999B93F9999C93F2F
:10C56C00F0B516001F00304B0C001B78E1B0002218
:10C57C00300039002D4BFBF759FF002804D02C4B11
:10C58C001868596861B0F0BD002230003900294BA1
:10C59C00FBF752FF0028F2D00022002330003900B4
:10C5AC00FBF75EFF0028EAD0002CE8D100241A210A
:10C5BC00214A224D14578C46E300013464B2EB1827
:10C5CC001E605F60230014701D4AA4441900192BCF
:10C5DC0000DD1A39C900691801330868496803C2BB
:10C5EC006345F3D1174B1B780693002C2CDC002BE6
:10C5FC0000D0BCE100230D4C0093019400230E4AA3
:10C60C00D356192B04DD1A3B137001220D4B1A70F3
:10C61C00FFF750FF069A064B002AB1D00099019AF9
:10C62C0019605A60ACE7C0469367002000002E40AA
:10C63C000000002000002C40D20300207862002073
:10C64C00E0020020D30300201A231893069B002B32
:10C65C0000D11894D02200212CA80AF059FF2500F3
:10C66C000023D54A029300921A3D9C4200DC98E2CA
:10C67C009D420DDC2CA88446009AD9008C44891864
:10C68C006246086849681060516002990131029154
:10C69C00189A01339A42E8DC08221A21C74B2CA8BD
:10C6AC000AF0BAFC029B029ADB0F9B1802995B10F2
:10C6BC00DA00C90700D45DE12CAB9B185C681B68E1
:10C6CC000093019401230693029B052B00DC82E06E
:10C6DC00BB4C002220686168BA4BFBF7A7FE002810
:10C6EC0001D026606760236864682E982F990493A4
:10C6FC00059432003B00FBF79FFE00280BD1049AF7
:10C70C00059B30003900FEF763FB0022AE4BFBF7B4
:10C71C00A7FE00280AD0AD4B1A78AD4B002A00D1E9
:10C72C003BE101221A600022A84B1A70029B2CAA32
:10C73C00023BDB00D1180868496832003B00FBF76C
:10C74C008FFE00280BD1049A059B30003900FEF7B0
:10C75C003FFB00229F4BFBF76FFE00280AD09E4B3D
:10C76C001A789B4B002A00D11EE101221A6000228C
:10C77C00994B1A70964B00251A68022A01DD1D6030
:10C78C0001350298FEF78CFF0022944BFDF700FC5C
:10C79C00FEF74AFF2CAAC300D1180400049A059B8B
:10C7AC0008684968FBF748FE002800D030E1029B7E
:10C7BC002CAA013B1B1BDB00D11808684968049AA2
:10C7CC00059BFBF74DFE002800D021E1002D00D089
:10C7DC0076E100230693002400260027804B764D3B
:10C7EC001B785BB204931A3B0A937E4B1B780C9319
:10C7FC00049BA34200DCD9E10A9BA34213DC009A00
:10C80C00019BE100491908684968FEF7E1FA02004A
:10C81C000B00FDF7F7FF02000B0030003900FCF7AE
:10C82C00F1FF06000F00189B0134A342E0DC0298D4
:10C83C00FEF736FF02000B0030003900FDF7A8FBB5
:10C84C000BF072FD0A00169017910100664B1960EF
:10C85C005A600022654B1A70654B1B78934204D1C9
:10C86C00644B1B78934200D04FE1634B634C644E96
:10C87C0012931394634F049B032B03D10C9B002B3B
:10C88C0000D147E180240023E40510931194002289
:10C89C00002300240E920F93474B0A941993049B88
:10C8AC00013B1A93049B1A3B1B93049BA34200DC91
:10C8BC0081E11B9BA3423FDC199AE3009B181A6889
:10C8CC005B681492159314981599009A019BFEF7C6
:10C8DC007FFA0290039110981199029B0893039B85
:10C8EC005B005B080993169A179BFDF78BFF020000
:10C8FC000B0008980999FBF79FFD002808D1129AA4
:10C90C00139B08980999FBF797FD002800D104E1C7
:10C91C000898099932003B00FBF78EFD002800D1E6
:10C92C00FBE00E980F990A9B01330A93149A159BFE
:10C93C00FCF768FF0E900F91189B0134A342B4DCF6
:10C94C00314B1B78002B02D00022304B1A600A9B13
:10C95C00002B00DC52E61800FEF7A2FE02000B00D2
:10C96C000E980F99FDF714FB0090019146E61A23DF
:10C97C0018936FE6013BDB002CA9C9182CAB9B1854
:10C98C001A685B6808684968FCF73CFF00220E4B8C
:10C99C00FDF738FF0090019194E61A6801321A6095
:10C9AC0001220D4B1A70BEE61A6801321A60012280
:10C9BC00064B1A70DBE6C046786200202917010886
:10C9CC000000002000002E400000E03FB0030020DB
:10C9DC00B40300200000E0BFB103002000001840A9
:10C9EC00D2030020D303002010000020D00300202D
:10C9FC0059630020D8010020333333333333C33F22
:10CA0C009A9999999999C93F01040020FC03002037
:10CA1C0000236B4C0025402200211CA80693079490
:10CA2C000AF076FD674B1CAC0E932B000E9AC833A4
:10CA3C009B181A685B680A920B930A980B99009AD8
:10CA4C00019BFEF7C5F94B005B080D930C9006009B
:10CA5C000F000C980D9900225B4BFBF701FD002891
:10CA6C0031D0009A019B22606360083D2B00083492
:10CA7C004033DAD10123082200211CA8FFF766FA03
:10CA8C00524B06000F000A930020069A079B4E4952
:10CA9C00FEF79EF9049A059BFDF7B4FE32000400E4
:10CAAC000D00069807993B00FDF7ACFE0B00020049
:10CABC0029002000FCF7A6FE0A9B1860596088E646
:10CACC00434B444CA6E7424A30003900424BFBF73B
:10CADC00C7FC3F4A002807D0009801993E4BFCF751
:10CAEC0091FE20606160C0E7300039003B4BFBF7E2
:10CAFC00A3FC002802D10A9A0B9BB4E7344A364BAC
:10CB0C0000980199FEF764F9EBE7354E354F129614
:10CB1C001397B0E600232C4CB7E61A9BA34200D027
:10CB2C000AE7314A1578002D00D105E72F490B880B
:10CB3C0064339BB20B80002313702D4A13700122B7
:10CB4C002C4B1A702C4B00221B78002B13D1029803
:10CB5C0003990023FBF770FC002819D0274A1368AF
:10CB6C0001331360254B1B68012B00DCE4E601222A
:10CB7C00234B1A70E0E6002302980399FBF770FC34
:10CB8C00051EEBD101221D4B1A601B4B1D70D3E609
:10CB9C000022029803990023FBF762FC0028F1D1D4
:10CBAC00E0E7069A002A00D172E563E50C9B002BA6
:10CBBC0000D138E623E60C9B002B00D1BCE67BE6CB
:10CBCC000000E03FE00200200000F03F00000020E9
:10CBDC009A9999999999C93F9999B93F9999B9BFD6
:10CBEC00333333333333D33F010400207E670020CB
:10CBFC0000040020D003002020000020FC030020B3
:10CC0C00FA030020F0B5002201260400094F0A485F
:10CC1C008A4200DBF0BD0825A35C5840030033407A
:10CC2C005B423B4040085840013D80B2002DF5D19D
:10CC3C000132EDE701A0FFFFFFFF00000122024BD4
:10CC4C001A8000225A807047E203002070B5084C0D
:10CC5C00050023780E00002B01D1FFF7EFFF310008
:10CC6C002800FFF7CFFF01236080A080637070BDA8
:10CC7C00E203002010B5FFF7E9FF014B187910BD56
:10CC8C00E20300200020034B5A78824200D05879EE
:10CC9C007047C046E203002070B504000D0000226E
:10CCAC006168006802F08CF829000122032002F070
:10CCBC006DFB03CC012202F083F870BD7FB56B468F
:10CCCC0000915A6019000200050011C911C201221D
:10CCDC000098596802F074F80126282303AC280048
:10CCEC0021002380A670FFF7D7FF382328002100EE
:10CCFC002380A670FFF7D0FF02232800F61821002E
:10CD0C002380A670FFF7C8FF302328002100A670EF
:10CD1C002380FFF7C1FF7FBD07B590220B001202E5
:10CD2C00914200D91300182201A90A701A0A4A70FC
:10CD3C008B70FFF7B1FF07BD07B590220B001202F5
:10CD4C00914200D91300192201A90A701A0A4A70DB
:10CD5C008B70FFF7A1FF07BD00880B88C01A7047C6
:10CD6C00F0B51F0000250C0085B08B00060018588C
:10CD7C000A9B039218603D60039B9C4201DB0025DB
:10CD8C001BE0A3000293F3580193002D08D1191C4A
:10CD9C00FBF78CFB431E9841050001980134EBE72F
:10CDAC000199FBF797FB0028F7D0029B0A9AF3181E
:10CDBC00043B1B68013C3C601360280005B0F0BDCF
:10CDCC00F0B51F0085B08B00060018580A9B0C00AC
:10CDDC0018600023012503923B60039B9C4201DBFE
:10CDEC0000201EE0A3000293F3580193002D0AD0FB
:10CDFC00191CFBF76FFB431E9841012305005D4096
:10CE0C0001980134E9E70199FBF750FB0028F7D0B2
:10CE1C000120029B0A9AF318043B1B68013C3C60FE
:10CE2C00136005B0F0BDF0B50C000600002785B00E
:10CE3C0003938B001958930001921B580A9A019D79
:10CE4C001360013C019B9C4207DD002F0DD0631B3E
:10CE5C00DA179B185340052B07DD039B0A9A1D60BC
:10CE6C00AD00AB59136005B0F0BDA300F358181C0E
:10CE7C000293FBF72FFB002806D0002F01D1651C75
:10CE8C0001370299013CDDE70700FAE7F0B50C0029
:10CE9C000600002785B003938B001958930001926C
:10CEAC001B580A9A019D13600134019B9C4207DABE
:10CEBC00002F0DD0631BDA179B185340052B07DD91
:10CECC00039B0A9A1D60AD00AB59136005B0F0BD11
:10CEDC00A300F358181C0293FBF7FCFA002806D0A9
:10CEEC00002F01D1651E013702990134DDE70700DF
:10CEFC00FAE7000070B50D0004000222044B0AF0A2
:10CF0C008BF8E90F491949108900085980B270BD96
:10CF1C0065CD0008F0B50D0000241F4B85B00293C1
:10CF2C001E4B21310190203D00910393009B9D42AB
:10CF3C000BD11B49201CFBF723FEFEF703FC0BF067
:10CF4C00F3F9FEF747FC05B0F0BD029A6B00D05A1E
:10CF5C00039AD35AC01AC317C0185840FCF7BCFB2D
:10CF6C00019AAB00D158FCF733F9FEF7EBFB02004A
:10CF7C000B00FDF747FC0600201C0F00FEF7E2FB40
:10CF8C0002000B0030003900FCF73CFCFEF722FCE1
:10CF9C000135041CCAE7C04684570020944C00207D
:10CFAC0000008242F0B5002689B000AF3A61013A28
:10CFBC003B60D30F9B185B10B8607960BB613B681A
:10CFCC009E4202DBBD4609B0F0BD6B46BC69FB60FE
:10CFDC003B69FB61A64203DA340073000133FB6149
:10CFEC006A460025FB69341B9B000733DB08DB001A
:10CFFC00D31A9D467B61BB68A4001C19FB69AB422C
:10D00C000CDC19007869FFF775FFFCF7B5FB7B6842
:10D01C00B4001851FB6801369D46D0E701CCFCF7F3
:10D02C003BFB7B69AA0098500135E7E7F0B500247B
:10D03C0089B00492013A0593D30F9B185B100393AC
:10D04C00059B069007915E1E059B9C4201DB09B077
:10D05C00F0BD039B9C421ADA230065000135069A49
:10D06C00E31A9B00D7180023029300230193029B21
:10D07C009D4216DC2800FCF72FFB011C0198FBF7E6
:10D08C007FFD079BA700D8510134013EDCE7039AD2
:10D09C003300964202DA75000135E0E7039B049DEC
:10D0AC00DDE7019802CFFBF779FB029B019001337E
:10D0BC000293DCE7F8B504000D000020012917DD10
:10D0CC0000268F00231FFF1821686068FCF780F88A
:10D0DC0041004908301CFBF761FB0434061CA742D5
:10D0EC00F2D1681EFCF7F8FA011C301CFBF748FD66
:10D0FC00F8BD0000F7B5104B00251B680F4E0193CF
:10D10C0001230F4F5B420093019BAB4201DC009863
:10D11C00FEBDF16BB06BFBF701FF041C011C381C4E
:10D12C00FBF7C4F9002804D13C1C01352836271C18
:10D13C00EAE70095F9E7C046E80300200404002064
:10D14C00000080BFF0B5184B85B01B680025039319
:10D15C00164B174F5C681B68009301940123154E06
:10D16C005B420293039BAB4202DC029805B0F0BD1C
:10D17C00F86CFEF7E7FA009A019BFDF729FEFEF723
:10D18C0053FAC317C0185840FCF7A6FA041C011C2C
:10D19C00301CFBF79FF9002804D1341C01352837CB
:10D1AC00261CDFE70295F9E7E8030020C80A0020F7
:10D1BC000404002000FEFF46F7B50E4B00241B684C
:10D1CC000D4E019301230D4D5B420093019BA34235
:10D1DC0001DC0098FEBD376C281C391CFBF77AF972
:10D1EC00002804D12F1C013428363D1CEEE7009496
:10D1FC00F9E7C046E80300200404002000FEFF46C7
:10D20C00F0B59FB0119324AB1B880024099325AB78
:10D21C001B78109213930023DC221A931B931C93FC
:10D22C001D93D14B03900D91D048210052001C60EE
:10D23C0016941794189419940AF06AF9CC4B1C7034
:10D24C00CC4B1B78A34220D0322319930023069396
:10D25C0000230B930893012300260F93C24D2C68D7
:10D26C00092C60DC099A13981AAB00931999323A7D
:10D27C0016AB00280FD00398FFF772FD0790002C17
:10D28C0020D0079B002B22D14DE0BB4B1B78002BF1
:10D29C00DCD01423D9E70398FFF792FD0123169AEB
:10D2AC002B60B64B9200D3580D9A1A98136000223B
:10D2BC00109B1A60FBF770F9119B18800D9B186876
:10D2CC001FB0F0BDAB4B079A1B78002A29D0AA4B94
:10D2DC00169E1B78002B00D060E11CAB01223100A4
:10D2EC000398009318ABFFF79EFD099B31005A1E63
:10D2FC001DAB0398009319ABFFF7C8FD1A98FBF709
:10D30C004BF983B218000693FCF7E6F91C99041C40
:10D31C00FBF75EFF1D990890201CFBF759FF0B9043
:10D32C0051E0002B30D1904B904D1E68002E00DD4B
:10D33C0070E100D0B5E1099C904B013CEC60A4007D
:10D34C001A68E3582A61AB61039B6A6118682E6006
:10D35C00AE60FBF721F9039B80B2A883E883E05809
:10D36C00FBF71AF92884864B0D9A1E602B69136003
:10D37C00A88CFCF701FA109B119A1860AB8B30004B
:10D38C001380FCF7F9F99BE77E4B1B78002B00D13F
:10D39C00DCE07D4B794D1A685B6804920593099B20
:10D3AC009C4210DAA300E858FEF7CCF9049A059BCE
:10D3BC00FBF742F8002800D1D3E023001694323B4F
:10D3CC003234189319946B4B1F78002F00D014E152
:10D3DC000F9B002B50D0189B199D0493049A169BFD
:10D3EC009A1A642A02DD1A00643A0492EA1A642A30
:10D3FC0001DD64331D00049BEB1A581C80000A935A
:10D40C0009F09EFC0700049B039A9B009B58049C0C
:10D41C000E93AB009B580C9012935C4B1593A5424A
:10D42C0000DBCBE01BAB009300210A9A0C9817ABE6
:10D43C00FFF796FC071E1CD01B98FBF7ADF883B2C8
:10D44C0018000693FCF748F90E99FBF7C1FE002172
:10D45C00179E051CFBF748F8002800D0CBE0089D70
:10D46C00079B002B02D10122414B1A70049B08959B
:10D47C00F6180C9809F06EFC3F4B1B78002B0CD067
:10D48C00434B1B78002B00D1BBE03C4B4149B20015
:10D49C00D058FBF729F8002817D018990020731AD8
:10D4AC00DA179B185340052B0FDD199BF21AD41772
:10D4BC0012196240052A08DD5B1ADA179B185340D3
:10D4CC000122142B00DC02001000274B1B68049374
:10D4DC00002F03D1079B002B00D124E7002830D06C
:10D4EC002824049B30005F1C23007B430A93FCF729
:10D4FC00F3F81E4D0A9BE850049B18985C43FCF70C
:10D50C00EBF82C19E0621998FCF7E6F82063069802
:10D51C00FCF732F9089B3100A3630B9B6063039803
:10D52C00E363FFF7F7FCFE239B0520646364169806
:10D53C00FCF7D2F8114BB200D358A064E3640A4B49
:10D54C001F60079B002B00D088E6ECE6124B1B7883
:10D55C00002B00D01DE701F0D8F8002800D1E2E63E
:10D56C0017E701341BE7C046E80300200404002041
:10D57C00EC0300205A630020D9010020F40A00209B
:10D58C0068670020C765002028020020D4200020F6
:10D59C00D801002000801844D3650020424B1B7832
:10D5AC00002B00D199E6414BB200D058FCF774F82F
:10D5BC00C3173F4CC018584020608EE6049BE01AFD
:10D5CC00FCF78AF8129914900E98FBF701FE011CD7
:10D5DC001498FBF7A3FC14900A98FCF77DF8011C37
:10D5EC001498FBF7CDFA159AA300D158FBF7D6F88F
:10D5FC00013401C713E70B9532E700231F000F938B
:10D60C003AE7294B1B78002B00D146E7274B2949D9
:10D61C00B2003DE7284B1B78002B3AD0274B1B78E8
:10D62C00002B33D0FFF78EFD0400254B1B78002B0D
:10D63C0008D0002C06DA234B1C78002C2CD0FFF7DA
:10D64C0081FD040028273E006643AE19706BFAF783
:10D65C00A3FF01346743A883E859FCF71DF8134C6A
:10D66C0080000359B06B2B61FAF796FF6884F06B5E
:10D67C00FAF792FFA884B06CFCF70EF88000005902
:10D68C00FCF70AF8C317C6185E406CE6FFF794FD6A
:10D69C00CAE701246442C8E7022ED3D0FFF72AFD63
:10D6AC00CFE701246442CDE759630020F40A00203F
:10D6BC00686700200000FA43D9010020D2650020E1
:10D6CC005A630020D36500200023F0B58BB009937A
:10D6DC00BB4B0490069105939B88059AB94C13801B
:10D6EC005380B94D6388010028002380FFF7E2FCCA
:10D6FC0021220026B54B1860B54B1A60049BB3422F
:10D70C0000DDBAE0B34F212239002800FFF78EFC70
:10D71C000026049BB34200DDB8E00026049BB34214
:10D72C0000DDBEE0AB4E280021223100FFF77EFC6D
:10D73C000025049BAB4200DDBDE00026A24D049BFE
:10D74C00B34200DDC1E0059B20881B88C01AC317BB
:10D75C00C0185840FBF7C0FF059B286060885B88A9
:10D76C00C01AC317C0185840FBF7B6FF994E9A4A17
:10D77C003100049B126868602800FFF713FC4122FB
:10D78C0029003000049BFFF751FC2122904C049B94
:10D79C00310028002260FFF749FC904B1A780023D7
:10D7AC009A4203D08E4B1A78012353400122134026
:10D7BC000293049B01920093122304AA9B1830003D
:10D7CC00884909AAFFF71CFD874B1860834B1B780F
:10D7DC00002B00D0E0E0854B1E78824B002E00D150
:10D7EC00834B1868FDF7AEFF069B1864596481499A
:10D7FC008B8B0493069B049A6A331A80069B8A8C43
:10D80C007A331A80754B1B78002B00D16EE1C8233C
:10D81C00049C5B009C429B4177485B420370774BB6
:10D82C00187800280CD0002309271C004E8C744D4E
:10D83C00B7425C412C70734DBA4200D801332B7047
:10D84C00714B1B78002B00D1DBE1002309271C0056
:10D85C004E8C6B4DB7425C4197425B412C70694DCD
:10D86C002B70002800D119E1498C684B4F2902D943
:10D87C004F2A00D9D0E00122CFE07300E05AFBF729
:10D88C007BFFB700EF193860013637E77300E318F8
:10D89C000793B300F858FAF77FFE079B0136188000
:10D8AC0037E7059A7300D05AFBF766FFB700EF19FC
:10D8BC003860013632E7059B6F00DF19AB00F0587A
:10D8CC00FAF76AFE0135388033E7059A7300E05A9F
:10D8DC00D35AB700C01AC317C0185840FBF7FCFE48
:10D8EC00EF19386001362AE7079A6B00D05AFBF71C
:10D8FC0043FF4749FBF76CFCAF004000F7194008A9
:10D90C0038600135049BAB42EEDC324D22682900B5
:10D91C003000FFF78BFB01230193049B0024009341
:10D92C00122304AA9B1830003A49029409AAFFF763
:10D93C0067FC254F049BA34233DC254A29003800A1
:10D94C001268FFF773FB00230293049B01260093DC
:10D95C001223274C04AA9B1821002800019609AA1F
:10D96C00FFF74EFC23682B4D191C28680593FAF71A
:10D97C00B1FD002800D12EE7059B04AA2B600023E3
:10D98C000293049B21000093122338009B180196EC
:10D99C0009AAFFF735FC1EE70A4B00250A4E079330
:10D9AC00B0E7059A6300D05AFBF7E6FE1849FBF77F
:10D9BC000FFCA6004000BE19400830600134B9E7E6
:10D9CC0084570020944C0020B4360020606700205F
:10D9DC0018000020D42000201C0000205A630020D6
:10D9EC00BC0A0020706700206C670020D901002061
:10D9FC007867002004040020F903002059630020FC
:10DA0C00F8030020F7030020D8010020F6030020C3
:10DA1C0000FC7F467467002000221A707C4B7D4905
:10DA2C001A78012353407C4A0B701370C823049856
:10DA3C005B00984207D3794B1B78002B03D1784BB2
:10DA4C001B78002B44D000231370764B764C1A684D
:10DA5C00002A2CD1238875480A701B189BB223808E
:10DA6C000022734B1A70734A1278002A11D1724A31
:10DA7C001278002A0DD0714A1278002A09D1704A06
:10DA8C001278002A05D0674A1268002A01D00122B8
:10DA9C001A7000226B4B1A700BB0F0BD684B182E2D
:10DAAC0000D8E8E6182A00D8E5E61870B6E7664B09
:10DABC001B78002B07D000F0BBFE2388634A9B1811
:10DACC009BB22380CCE700F0B3FE2388604AF6E7D4
:10DADC005D4909780029C3D0137000F0A9FE524AA1
:10DAEC005A4913885B189BB21380B9E7002ED3D028
:10DAFC00FA20049C800084428041564D4042092704
:10DB0C00287018001C004D8C97425C41AF42584164
:10DB1C005149087051480470C72D03D9C720904251
:10DB2C005B41DEB24E4B1E70434B1B78002B05D075
:10DB3C004C4B1B6B022B01DC00230B700120FA25D4
:10DB4C00334B84461B78484C43400498474F237012
:10DB5C00AD00A84204D30D78002D01D1092A38D884
:10DB6C00394B314D1B78002B22D123702D4B1B6868
:10DB7C00002B05D12B882D4A9B189BB22B800EE0D5
:10DB8C002B88334A9B1801229BB22B80384B394D82
:10DB9C001A70394B1868FDF7D5FD286069600023B1
:10DBAC003B70FA23049A9B009A4200D274E71DE062
:10DBBC0001222F4B1A702F4B05932F4B1868FDF732
:10DBCC00C1FD059B2D4A18605960002323702B88DA
:10DBDC00D2E7002B19D06246254B264C1A70264BE7
:10DBEC001868FDF7AFFD206061603D70002E00D11C
:10DBFC0052E70C4B1B68002B00D14DE701233B7007
:10DC0C004AE7002800D02FE608E73B70EEE7C04655
:10DC1C00020400200104002000040020F80300206E
:10DC2C00F7030020E80300207E67002050C3FFFFAD
:10DC3C00F303002059630020D8010020F9030020D1
:10DC4C00F5030020F4030020EC030020204E00001C
:10DC5C0010270000F1030020F0030020EF03002048
:10DC6C00EE030020800A0020F2030020ED030020C8
:10DC7C00B1650020F801002070670020409CFFFF78
:10DC8C0010B50100662000F029FF10BD10B5010091
:10DC9C00622000F023FF10BD10B50100632000F0DE
:10DCAC001DFF10BD10B50100602000F017FF10BD66
:10DCBC0010B50100612000F011FF10BD10B501007E
:10DCCC00C02000F00BFF10BD10B50100672000F064
:10DCDC0005FF10BD10B501006B2000F0FFFE10BD5C
:10DCEC0037B50100682000F0F9FE0A4B01AD186849
:10DCFC005968FDF76FFD011C280005F0E6FF0024B4
:10DD0C0020006C30295D80B2013400F0E7FE042C59
:10DD1C00F6D137BDC003002000233B2909D81818C1
:10DD2C00C0B2182801D9182000210002081880B2AE
:10DD3C0070473C390133C9B2DBB2EEE710B5FFF7DF
:10DD4C00EBFF0400010AC9B2642000F0C7FE652095
:10DD5C00E1B200F0C3FE10BD10B5642000F0A0FECF
:10DD6C000400652000F09CFE01002000FFF7D4FFAA
:10DD7C0010BD10B5040001000C22C52000F0BCFE43
:10DD8C0021000C22D12000F0B7FE8A200C222100A9
:10DD9C00400000F0B1FE10BD70B50D4E0500747959
:10DDAC001022122C0ED0112C10D8013C2000203047
:10DDBC00032180B2013400F091FE122CF6D172795D
:10DDCC00023AD2B22900202000F0C6FE70BDC04637
:10DDDC00BC05002070B5050000242000203080B266
:10DDEC0000F05EFE032804D128550134102CF4D128
:10DDFC0013E02028F8D02D28F6D02E28F4D02F2888
:10DE0C0003D93928F0D94028EED810220321280054
:10DE1C0009F07EFB2800FFF7BFFF70BD70B50D4EFB
:10DE2C00050074791022122C0ED0112C10D8013C44
:10DE3C0020004030032180B2013400F04FFE122C40
:10DE4C00F6D17279023AD2B22900402000F084FE59
:10DE5C0070BDC046BC05002070B505000024200034
:10DE6C00403080B200F01CFE032804D12855013448
:10DE7C00102CF4D113E02028F8D02D28F6D02E2821
:10DE8C00F4D02F2803D93928F0D94028EED8102205
:10DE9C000321280009F03CFB2800FFF77DFF70BD33
:10DEAC0010B50100E02000F019FE10BD0100932018
:10DEBC0010B5400000F012FE10BD932010B54000CC
:10DECC0000F0EEFDFF2803D1AA38FFF7EFFF552035
:10DEDC0010BD10B5E02000F0E3FDFF2803D1FD38A4
:10DEEC00FFF7DEFF022010BDF7B5F0248527114E99
:10DEFC006400BF0003CEFDF76DFC01AD011C2800D2
:10DF0C0005F0E3FE2000297800F0E8FD601C69783C
:10DF1C0080B200F0E3FDA01CA97880B200F0DEFD19
:10DF2C00E01C0434E97880B2A4B200F0D7FDBC4206
:10DF3C00E0D1F7BD3865002073B5114E114C03CEFE
:10DF4C00FDF748FC01AD011C280005F0BEFE2000C9
:10DF5C00297800F0C3FD601C697880B200F0BEFD2A
:10DF6C00A01CA97880B200F0B9FDE01CE97880B261
:10DF7C0000F0B4FD0434044BA4B29C42DFD173BD59
:10DF8C00D0640020A3020000D702000073B5114E2C
:10DF9C00114C03CEFDF71EFC01AD011C280005F051
:10DFAC0094FE2000297800F099FD601C697880B2FD
:10DFBC0000F094FDA01CA97880B200F08FFDE01C4D
:10DFCC00E97880B200F08AFD0434044BA4B29C4280
:10DFDC00DFD173BD68640020D70200000B03000082
:10DFEC0073B5114E114C03CEFDF7F4FB01AD011CC2
:10DFFC00280005F06AFE2000297800F06FFD601CF7
:10E00C00697880B200F06AFDA01CA97880B200F09B
:10E01C0065FDE01CE97880B200F060FD0434044B2F
:10E02C00A4B29C42DFD173BD006400200B0300003E
:10E03C003F03000073B5114E114C03CEFDF7CAFB24
:10E04C0001AD011C280005F040FE2000297800F0ED
:10E05C0045FD601C697880B200F040FDA01CA978D9
:10E06C0080B200F03BFDE01CE97880B200F036FD98
:10E07C000434044BA4B29C42DFD173BD98630020DE
:10E08C003F0300007303000010B5002420002C3067
:10E09C00FF3080B200F004FD024B185501340D2CFA
:10E0AC00F4D110BDD403002010B500242000064B81
:10E0BC002C30195DFF30C9B280B2013400F00EFD76
:10E0CC000D2CF3D110BDC046D403002010B5002494
:10E0DC002000054BC130FF30195D80B2013400F0D7
:10E0EC00FDFC0D2CF4D110BD8563002010B500246F
:10E0FC00054B195D85239B00E01880B2013400F0BC
:10E10C00EDFC0D2CF4D110BD7863002070B500240B
:10E11C0025004135FF35ADB2280000F0C1FC431E8F
:10E12C00DBB2082B04D92800052100F0D7FC052010
:10E13C00024B185501340F2CEAD170BDA06500209C
:10E14C0010B500242000054B4130FF30195D80B222
:10E15C00013400F0C3FC0F2CF4D110BDA0650020DD
:10E16C000A4B37B518685968FDF734FB01AD011C33
:10E17C00280005F0AAFD00242000E830295D80B2BB
:10E18C00013400F0ABFC042CF6D137BD08000020A4
:10E19C000A4B37B518685968FDF71CFB01AD011C1B
:10E1AC00280005F092FD00242000F630295D80B295
:10E1BC00013400F093FC042CF6D137BDC8030020C9
:10E1CC000A4B37B518685968FDF704FB01AD011C03
:10E1DC00280005F07AFD00242000E430295D80B28F
:10E1EC00013400F07BFC042CF6D137BD000000207C
:10E1FC0073B51A4E1A4C03CEFDF7ECFA01AD011CA7
:10E20C00280005F062FD2000297800F067FC601CF6
:10E21C00697880B200F062FCA01CA97880B200F092
:10E22C005DFCE01CE97880B200F058FC04340D4B26
:10E23C00A4B29C42DFD10C4BE320197800F04EFCC9
:10E24C000A4BE220197800F049FCFFF7B9FF922045
:10E25C00074B4000197800F041FC73BD7862002038
:10E26C003B020000A3020000D3030020D2030020D5
:10E27C00D10300200A4B37B518685968FDF7AAFA84
:10E28C0001AD011C280005F020FD00242000EC301D
:10E29C00295D80B2013400F021FC042CF6D137BD8D
:10E2AC00300200200D4B37B518685968FDF792FA0B
:10E2BC0001AD011C280005F008FD00242000F03001
:10E2CC00295D80B2013400F009FC042CF6D1044B1A
:10E2DC00F4201978C9B200F001FC37BD28020020E7
:10E2EC00C76500200100262010B5FF3000F0F6FBBA
:10E2FC0010BD10B50100692000F0F0FB10BD00004E
:10E30C0010B50100014800F0E9FB10BD3902000016
:10E31C000100D12010B5400000F0E0FB10BD010061
:10E32C00D42010B5400000F0D9FB10BD0100AA208C
:10E33C0010B5FF3000F0D2FB10BD0100D72010B596
:10E34C00400000F0CBFB10BD0100D52010B5400003
:10E35C0000F0C4FB10BD0100A42010B5FF3000F08C
:10E36C00BDFB10BD0100AC2010B5FF3000F0B6FBBA
:10E37C0010BD0100D22010B5400000F0AFFB10BD65
:10E38C000100AE2010B5FF3000F0A8FB10BD01005D
:10E39C00D62010B5400000F0A1FB10BD10B5010C4B
:10E3AC000400A820C9B2FF3000F098FBD320210A4A
:10E3BC00C9B2400000F092FBA620E1B2FF3000F0A1
:10E3CC008DFB10BD002110B50800FFF7B7FC012034
:10E3DC00FFF768FC0120FFF76BFC0020FFF7DEFF66
:10E3EC0010BD10B5040000F0D3FBFFF7EBFF2100CC
:10E3FC000622012000F0B0FB21000622102000F0C4
:10E40C00ABFB06222100302000F0A6FB10BDF0B5BE
:10E41C00012500272C008FB006AB059001930293C9
:10E42C000395BEB2701C80B200F03AFB029B1870D0
:10E43C003000103080B200F033FB082206AB9B1882
:10E44C003036D8550490B0B200F02AFB029A0499E9
:10E45C0012780AABF854914253D1049A904207D0E7
:10E46C000024250004E00024049A03948242F8D18D
:10E47C00029A013701320292062FD2D106AA127AE1
:10E48C001B78134006AA1278FF2A0DD1FF3B5A4283
:10E49C005341DEB200230CA9002C02D1039A002AAE
:10E4AC000AD0019A12780DE00026FF2BF2D106A8B3
:10E4BC00FFF797FF3500EDE7002DF2D0082006AAF4
:10E4CC001218D25C5A54019A013301320192062B74
:10E4DC00E2D10023CA5C10003038092809D9062281
:10E4EC003021059809F014F80598FFF77AFF0FB062
:10E4FC00F0BD0598C254002EF1D10133062BE9D1A1
:10E50C00F5E79042AFD1002215000392B0E701006D
:10E51C00282010B5FF3000F0E1FA10BD01002A20D0
:10E52C0010B5FF3000F0DAFA10BD0100952010B5DF
:10E53C00400000F0D3FA10BD10B50100014800F006
:10E54C00CDFA10BD3602000010B50100014800F0F4
:10E55C00C5FA10BD3702000070B50500002420007C
:10E56C00803080B200F09CFA28550134102CF6D182
:10E57C0070BD10B501001022802000F0EDFA10BD26
:10E58C00D02310B50C000100580000F0A7FAA2200F
:10E59C002100FF3000F0A2FA10BDF7B504001D00F9
:10E5AC000091019200F07CFA0600200000F078FA4D
:10E5BC0007003000BE4208D0200000F071FA8742FC
:10E5CC0003D0200000F06CFA3000019B984202D876
:10E5DC00009B984204D22000290000F07FFA28000A
:10E5EC00FEBD022310B51A0001216620FFF7D5FFEE
:10E5FC0010BD10B50723082201216220FFF7CDFFC3
:10E60C0010BD10B50023F0220A216320FFF7C5FFCF
:10E61C0010BD012310B5FF2219006020FFF7BDFFCC
:10E62C0010BD012310B5022219006120FFF7B5FFC0
:10E63C0010BD022310B51A000121C020FFF7ADFF59
:10E64C0010BD012310B5022219006720FFF7A5FFAA
:10E65C0010BD002310B5F02219006B20FFF79DFFB1
:10E66C0010BD000070B50024FF2585239B00E01829
:10E67C002A002B00012180B2FFF78FFF024B1855A7
:10E68C0001340D2CF1D170BD78630020012310B53D
:10E69C00022219006920FFF780FF10BD022310B57C
:10E6AC001A0001210148FFF778FF10BD3902000064
:10E6BC000123D12010B5022219009840FFF76DFFFD
:10E6CC0010BD0123D42010B5022219009840FFF789
:10E6DC0064FF10BD0123AA2010B502221900FF30DF
:10E6EC00FFF75BFF10BD0121D72010B50B23FE22D5
:10E6FC008840FFF752FF10BD0123D52010B5022230
:10E70C0019009840FFF749FF10BD0023A42010B555
:10E71C00FE221900FF30FFF740FF10BD0023AC2094
:10E72C0010B5FE221900FF30FFF737FF10BD002394
:10E73C00D22010B5FE2219004000FFF72EFF10BDAD
:10E74C000023AE2010B5FE221900FF30FFF725FF85
:10E75C0010BD0023D62010B50D2219004000FFF784
:10E76C001CFF10BD0023FF22A82010B51900801833
:10E77C00FFF713FF00230400D3201900FF224000F1
:10E78C00FFF70BFF240400020023FF222418A6200D
:10E79C0019008018FFF701FF001910BD0123262076
:10E7AC0010B502221900FF30FFF7F7FE10BD0F2342
:10E7BC002A2010B51A000E21FF30FFF7EEFE10BD17
:10E7CC000023952010B5FF2219004000FFF7E5FE4D
:10E7DC0010BD000010B50B230D2201210148FFF7DD
:10E7EC00DCFE10BD36020000012310B50D2219000D
:10E7FC000148FFF7D2FE10BD3702000037B5050007
:10E80C000024281980B200F04BF901AB18550134E3
:10E81C00042CF6D12100180005F046FA0198011CD1
:10E82C00F9F73EFE002801D10023019301983EBD6B
:10E83C00002370B5062219006820FFF7AEFE040015
:10E84C006C20FFF7DBFFFCF77DFF024D2860696051
:10E85C00200070BDC003002070B5F0248526074D44
:10E86C006400B6002000FFF7C9FFFCF76BFF04340F
:10E87C00A4B203C5B442F5D170BDC04638650020C2
:10E88C0070B5074D074C2000FFF7B8FFFCF75AFF97
:10E89C000434054BA4B203C59C42F4D170BDC046F0
:10E8AC00D0640020A3020000D702000070B5074D11
:10E8BC00074C2000FFF7A2FFFCF744FF0434054B84
:10E8CC00A4B203C59C42F4D170BDC046686400205C
:10E8DC00D70200000B03000070B5074D074C200059
:10E8EC00FFF78CFFFCF72EFF0434054BA4B203C5D5
:10E8FC009C42F4D170BDC046006400200B030000A4
:10E90C003F03000070B5074D074C2000FFF776FF62
:10E91C00FCF718FF0434054BA4B203C59C42F4D198
:10E92C0070BDC046986300203F03000073030000D5
:10E93C0010B5EC20FFF762FFFCF704FF10BD0000E0
:10E94C0070B5334D334C2000FFF758FFFCF7FAFE3F
:10E95C000434314BA4B203C59C42F4D100231900FA
:10E96C001A22E220FFF719FE2C4B0122187000230B
:10E97C00E3201900FFF711FE421E9041284B18703E
:10E98C00E420FFF73BFFFCF7DDFE264B18605960D7
:10E99C00254B18605960E820FFF730FFFCF7D2FEDA
:10E9AC00224C20606160F620FFF728FFFCF7CAFEBE
:10E9BC001F4C20606160F020FFF720FFFCF7C2FEC7
:10E9CC001C4B0122186059601B4B186059600023C6
:10E9DC00F4201900FFF7E1FD431E9841174BC0B21C
:10E9EC001870002301221900F520FFF7D6FD431EF5
:10E9FC009841134BC0B218700023922001221900C9
:10EA0C004000FFF7CAFD421E90410E4B187070BDBE
:10EA1C00786200203B020000A3020000D203002019
:10EA2C00D303002000000020D80A0020080000209A
:10EA3C00C803002028020020E00A0020C76500203F
:10EA4C00C5650020D103002037B502236A46134C5C
:10EA5C0040BA53705080117120680022616800F038
:10EA6C00AFF9062000F070FC20680122616800F00C
:10EA7C00A7F920680022616800F0A2F901256B4615
:10EA8C00585D013500F060FC052DF8D1206801229D
:10EA9C00616800F095F900F003FD37BD24000020FB
:10EAAC0070B505000C4C00222068616800F088F9F4
:10EABC00032000F049FC280A00F046FCE8B200F004
:10EACC0043FC00F095FC050001222068616800F011
:10EADC0077F9280070BDC0462400002070B50500F1
:10EAEC000C002800FFF7DCFFA04204D02100280016
:10EAFC00FFF7AAFFF5E770BDF8B505000F0016008B
:10EB0C00144C00222068616800F05AF9062000F0CD
:10EB1C001BFC20680122616800F052F90022206879
:10EB2C00616800F04DF9022000F00EFC280A00F09C
:10EB3C000BFCE8B200F008FC39003000002200F0B9
:10EB4C0025FC20680122616800F03AF900F0A8FC6D
:10EB5C00F8BDC04624000020F7B50D0016000527AF
:10EB6C000190320029000198FFF7C6FF0024A6424D
:10EB7C0000DCF7BD019B181980B2FFF791FF2B5DEC
:10EB8C00834201D10134F2E7013F002FE9D1F0E7D4
:10EB9C0030B589B02022FF216846802508F0B8FCEA
:10EBAC000024ED002000203420226946A4B2FFF797
:10EBBC00D3FFAC42F6D109B030BD0000604B10B5AC
:10EBCC0018680022596800F0FBF85E4B00221868A8
:10EBDC00596800F0F5F85C4B00221868596800F091
:10EBEC00EFF85A4B00221868596800F0E9F8584BB6
:10EBFC0000221868596800F0E3F8564B0022186898
:10EC0C00596800F0DDF8544B00221868596800F080
:10EC1C00D7F8524B00221868596800F0D1F8504BC5
:10EC2C0000221868596800F0CBF84E4B0022186887
:10EC3C00596800F0C5F84C4B00221868596800F070
:10EC4C00BFF84A4B00221868596800F0B9F8484BD5
:10EC5C0000221868596800F0B3F8464B0022186877
:10EC6C00596800F0ADF8444B00221868596800F060
:10EC7C00A7F8424B00221868596800F0A1F8404BE5
:10EC8C0000221868596800F09BF83E4B0022186867
:10EC9C00596800F095F83C4B00221868596800F050
:10ECAC008FF83A4B00221868596800F089F8384BF5
:10ECBC0000221868596800F083F8364B0022186857
:10ECCC00596800F07DF8344B01221868596800F03F
:10ECDC0077F8324B01221868596800F071F8304B04
:10ECEC0001221868596800F06BF82E4B0122186845
:10ECFC00596800F065F82C4B01221868596800F02F
:10ED0C005FF82A4B01221868596800F059F8284B13
:10ED1C0001221868596800F053F8264B0122186834
:10ED2C00596800F04DF8244B00221868596800F01F
:10ED3C0047F8224B01221868596800F041F810BDC1
:10ED4C00840000207C00002064000020740000205F
:10ED5C005C0000206C000020340100202C010020FD
:10ED6C00240100201C010020140100200C010020B3
:10ED7C0004010020FC000020F4000020EC00002026
:10ED8C00E4000020DC000020D4000020CC00002097
:10ED9C00C4000020BC000020340000202C00002007
:10EDAC0024000020B4000020AC0000209C000020B7
:10EDBC00A4000020540000204C00002094000020EF
:10EDCC0007B589B206F05AF907BD07B589B206F046
:10EDDC004FF9431E9841C0B20EBD000030B593B040
:10EDEC003822002104A808F093FB10220021684669
:10EDFC0008F08EFB8020800006F0F0F906F0E4F9B4
:10EE0C001821194A0124D36D02258B43D3650523A0
:10EE1C00049380235B02059303230C9300230D932F
:10EE2C0008330E9380239B020F9380239B04109333
:10EE3C00802304A89B0506940B95119306F0FAF910
:10EE4C00002801D072B6FEE7072302900390210040
:10EE5C0068460093019506F055FC002801D072B667
:10EE6C00FEE713B030BDC04600100240F0B58FB0C5
:10EE7C0005F020FEFFF7B2FF1422002109A808F0CC
:10EE8C0047FB04220126C74DC74C6B6B2100134373
:10EE9C006B636B6BC54813400493049B6B6B1C3208
:10EEAC0013436B636B6BC24F13400593059B6B6BEA
:10EEBC001E3A33436B636B6B33400693069B6B6B51
:10EECC0013436B636B6B13400793079B6B6B06329F
:10EEDC0013436B636B6B134008930022089B06F083
:10EEEC00CDF8A02039000022C00506F0C7F800229A
:10EEFC00B049B14806F0C2F80022B049B04806F05B
:10EF0C00BDF809940024A94809A90A960B940C94FD
:10EF1C0005F0FCFFA020052309A9C00509930A945C
:10EF2C000B9405F0F3FFA02009A9C00509970A96D8
:10EF3C000B940C9405F0EAFFA0200323102709A9D9
:10EF4C00C0050A9309970B9405F0E0FF994B9A487A
:10EF5C0009A909930A960B940C9405F0D7FF974BCB
:10EF6C00974809A909930A960B940C9405F0CEFFC7
:10EF7C000822914809A909920A940B9405F0C6FF3E
:10EF8C00AB6B21003343AB63AB6B220033400920E6
:10EF9C000393039B05F0C6FD092005F0EDFD894D9B
:10EFAC00894B28002B60894BAC606B60EE602C6148
:10EFBC006C61AC61EC612C6206F066F80100A04259
:10EFCC0001D072B6FEE7280006F0B4F8011E01D09D
:10EFDC0072B6FEE7280006F0D3F8031E01D072B615
:10EFEC00FEE7E02507247A487A4AED004360836007
:10EFFC00036143618361036243628362036343631E
:10F00C000260C560C46206F0FBFD031E01D072B63F
:10F01C00FEE77148714A836002608222036143619A
:10F02C000362436283620363082352004260FC3232
:10F03C00C5608261C761C462436306F0E1FD011ED5
:10F04C0001D072B6FEE7664C664B02002360962335
:10F05C009B0163600C23A060E06020616361A06190
:10F06C000300E06120626062A062200007F08CFD6A
:10F07C00011E01D072B6FEE7200007F0EDFD011E67
:10F08C0001D072B6FEE7200007F006FE002801D082
:10F09C0072B6FEE7200007F0C1FD031E01D072B668
:10F0AC00FEE7FF265048514A514F0260466083608C
:10F0BC00C7600361836106F07DFF002801D072B642
:10F0CC00FEE74C484C4B466003600023C7608360EE
:10F0DC0003614361836106F06DFF031E01D072B6BC
:10F0EC00FEE74648464A466002608360C76003619B
:10F0FC004361836106F05EFF0190002801D072B677
:10F10C00FEE70C22019909A808F002FA3D4D3E4B8E
:10F11C0028002B60019B6E60AB60EF60AB6106F06A
:10F12C0049FF002801D072B6FEE709900B9009A99F
:10F13C00280006F069FF0190002801D072B6FEE7A6
:10F14C000C22019909A808F0E3F9304D304B280046
:10F15C002B60019B6E60AB60EF60AB6106F02AFF29
:10F16C00002801D072B6FEE709900B9009A928007F
:10F17C0006F04AFF031E01D072B6FEE72548264A68
:10F18C00836002607F22C2608022D20506614361E7
:10F19C008361C3610262436206F0DCFC00283DD04F
:10F1AC0072B6FEE700100240FF3F0000000800505E
:10F1BC002809000034FF0000000400506503000023
:10F1CC00000C00508009002000540040BB7C7000F3
:10F1DC00F0080020003001408C080020003800406E
:10F1EC007C06002000380140A807002000200040C9
:10F1FC00FFFF00005C0700200044014010070020C6
:10F20C0000480140F4070020001400404008002092
:10F21C00001000405409002000280040FFF7CEFCED
:10F22C0028222000194907F059FD0126184F3B7878
:10F23C00002B12D0174D2B78DCB2002B0DD10220F5
:10F24C002E7000F019FB144B3C701C70134B1C708F
:10F25C00134B1C70134B1C702C70134F3B78002BF2
:10F26C00E4D00C4D2B78DCB2002BDFD101202E70BA
:10F27C0000F002FB084B3C701C70084B1C70084BD8
:10F28C001C70084B1C702C70D0E7C046F805002091
:10F29C00936700208E6700208D6700208C6700200C
:10F2AC008A670020886700209467002070B50B4D9A
:10F2BC000B4C0A002100280008F0BFF92800282177
:10F2CC0005F09AFB21002822064807F007FD0421CF
:10F2DC00054B1A6813688B43136070BDD005002072
:10F2EC00F80500207C0600202006002007B56B46A0
:10F2FC00D91D087064230122014807F029FB07BDC2
:10F30C007C06002010B5044C0A0001006423200088
:10F31C0007F01EFB10BDC0467C060020034B1A688C
:10F32C00402311680B4313607047C046F00800205F
:10F33C00022303498A681A42FCD0024B18707047AA
:10F34C00003001400C300140402210B501240C4B20
:10F35C001B681968914319601968A14319601968F1
:10F36C00196019680A431A600222064B9968114207
:10F37C00FCD0054A1070802299681142FCD110BD56
:10F38C008C080020003800400C380040F0B54024B8
:10F39C000126144B1B681D68A5431D601D68B543F1
:10F3AC001D601D68104E15431D601A68802514439E
:10F3BC001C60002202240D4B904208DC022299684A
:10F3CC001142FCD0802299681142FCD1F0BD9F689B
:10F3DC002742FCD09F682F42FCD18F5C01323770E2
:10F3EC00EAE7C0468C0800200C380040003800408A
:10F3FC00402210B501240F48036819689143196025
:10F40C001968A14319601968196019680A431A60D0
:10F41C0006F06EFC0222084B99681142FCD00021C8
:10F42C00064A1170012299681142FCD0D868C0B20A
:10F43C0010BDC0468C080020003800400C3800403D
:10F44C00F8B5144F0400380016000D0006F050FCFF
:10F45C0040223B6819689143196001211868884360
:10F46C00186018683043186018680B4E02431A6015
:10F47C0002200023094A9C4200DCF8BD9768074231
:10F48C00FCD00027377097680F42FCD0D768EF5438
:10F49C000133F0E78C0800200C38004000380040A5
:10F4AC0070B50C4C002220686168FFF789FC0520C0
:10F4BC00FFF74AFF0125FFF79BFFFFF799FF284253
:10F4CC0005D1206801226168FFF77AFC70BDFFF757
:10F4DC008FFFF4E72400002010B5062807D10C4854
:10F4EC000222036852421A6106F016FC10BD07286E
:10F4FC0001D10848F4E70E2801D10748F0E710289D
:10F50C0001D10648ECE71128F0D10548E8E7C046E0
:10F51C0040080020F4070020A80700205C0700200A
:10F52C001007002010B5062803D10A4806F028FC65
:10F53C0010BD072801D10848F8E70E2801D107486B
:10F54C00F4E7102801D10648F0E71128F0D105485E
:10F55C00ECE7C04640080020F4070020A807002074
:10F56C005C07002010070020084B06280BD0084B26
:10F57C00072808D0074B0E2805D0074B102802D0BF
:10F58C00112802D1054B1B68D96270474008002036
:10F59C00F4070020A80700205C07002010070020BB
:10F5AC00084B06280BD0084B072808D0074B0E2811
:10F5BC0005D0074B102802D0112802D1054B1B682F
:10F5CC005962704740080020F4070020A80700206B
:10F5DC005C0700201007002062B6704772B67047B7
:10F5EC000E4B10B50400984207D103F0C3FB0C4B33
:10F5FC009C4207D103F0A8FA0FE00A4B984207D1BE
:10F60C0003F07EFE084B9C4207D103F0C9FA04E0DC
:10F61C00064B9842EBD103F081FE10BD4008002050
:10F62C005C070020F407002010070020A80700202A
:10F63C0072B6FEE7F7B51B4C1B4A230010685168E5
:10F64C00803318605960194B00251A685B680026D6
:10F65C000027226163610022154B01A826626762B4
:10F66C00A662E76226636763226463642580A563F0
:10F67C0004F074F86B4622009B8848325BBA138006
:10F68C0023006A331D8023007A331D8023008833C6
:10F69C001E605F6023007E3490331E605F602580A7
:10F6AC00F7BDC046D809002000000020080000204B
:10F6BC00E0FFEF40F8B50022334BFAF7A3F8002235
:10F6CC00324BFAF765FC04000D00314A314BFBF765
:10F6DC0099F822002B00FBF795F822002B00FBF782
:10F6EC0091F82D4A06000F00200029002B4BFBF748
:10F6FC0089F822002B00FBF785F802000B00300084
:10F70C003900FAF77FF8244A06000F002000290080
:10F71C00234BFBF777F802000B0030003900FAF7A7
:10F72C0071F8204A204BFBF753FB08F08FFD0022A9
:10F73C001E4B04000D00F8F793FE002812D01C4B52
:10F74C001B78002B04D001221A4B1B4C1B4D1A703A
:10F75C001B4B1B78002B02D00122164B1A70290070
:10F76C002000F8BD002220002900164BF8F764FE9B
:10F77C000028F4D0124B1B78002BF0D001220D4B3B
:10F78C000D4C0E4D1A70EAE70000894000E09540E0
:10F79C00D7A3703D0AD581406666666666D29EC068
:10F7AC006672A140295C8FC2F5D8894000001E40CA
:10F7BC00D8010020646700208FC2F5285CFF5840F8
:10F7CC00596300200000F03FF8B50D0004000D4A0D
:10F7DC000D4BFBF717F82B002200FBF713F80B4A25
:10F7EC0006000F0020002900094BFBF70BF8020064
:10F7FC000B0030003900FAF705F8064A064BFAF709
:10F80C0001F8F8BD865AD3BCE3149DBF454772F985
:10F81C000FE9FE3F4A0C022B8716A93FF8B50F00E3
:10F82C0019000E4B06001B781000002B12D00C4C4C
:10F83C000C4D00220C4BFBF7CBFA2B002200FAF7F5
:10F84C00E1FF0022094BF9F7DDFF32003B00FAF72C
:10F85C00D9FFF8BD064C074DEBE7C04659630020B5
:10F86C009A9999999999993F000039400000F03F75
:10F87C007B14AE47E17A943F0023F0B5B1B0C94D8B
:10F88C00C94C08902F93012824D128702370FFF7BE
:10F89C004FF806000F00C54B1E605F60C44B1B7811
:10F8AC00002B23D000220023F8F7DAFD00281DD00E
:10F8BC00C04B002230003900F8F7BEFD01230028B0
:10F8CC000ED02B70002323700020BB4BBB4918605B
:10F8DC00596011E0089A022AD9D12B700123D5E77F
:10F8EC00287023700020B44BB549F0E72B78002B1F
:10F8FC00EAD12378002BF5D1FEF7D0FE022802D1F5
:10F90C000022B04B1A70FEF7C9FE012801D1AD4B95
:10F91C001870FEF7A7FEFEF78BFFFEF708FF189096
:10F92C00FEF76FFEA84B05931870FEF71BFF3221F4
:10F93C00F8F766FD002901D101F0B6FE0023012283
:10F94C001900F420FEF729FE431E984100239F4F17
:10F95C00C0B2190038700122F520FEF71EFE431EBE
:10F96C0098419B4EC0B23070FEF7ABFE012802D01E
:10F97C000022984B1A70FEF7D1FE1090022802DD7F
:10F98C000122954B1A70954B1A78002A00D1C0E0D1
:10F99C00059A12783B2A00D8BBE0914B01221A70D1
:10F9AC00904B1A70904B1A788E4B002A03D18C4ACC
:10F9BC001278002A01D001221A701B78002B05D076
:10F9CC002B78002B02D001227E4B1A70FEF794FE8E
:10F9DC00864923780860002B05D00122844B02282D
:10F9EC0000D0A1E01A707B4C7D4D2378002B09D000
:10F9FC002B78002B06D00020FEF7B4FC0022764BAF
:10FA0C0010921A702A787B4B002A00D192E07A4A25
:10FA1C007A491180704A1278002A01D001221A709A
:10FA2C000124774B1C60FCF781F93378D8B2002B9A
:10FA3C0003D1744B1C70FEF7A3FCFEF781FE724BD6
:10FA4C0018603378002B06D0FA216B4A8900138892
:10FA5C005B189BB213803B78002B04D0664A13884A
:10FA6C000A339BB21380634B1B78002B04D0624A81
:10FA7C00138864339BB213805A4B644C1B78DAB2F4
:10FA8C000C92002B00D1F0E0FEF7A4FE20780300CE
:10FA9C00083B5A1E93410822DBB20C93544B09903D
:10FAAC001B781292002B05D00321F8F739FB033099
:10FABC00C3B2099300230120227855499A4200DDF4
:10FACC00DBE002F073FF534C08991CA801F092FA8A
:10FADC0048221CA9200007F0B0FDFEF782FD19900A
:10FAEC00FEF72EFFFEF7B8FEFEF7CAFEFEF7DEFEAF
:10FAFC00FEF7F2FEFEF706FF474B1B78002B01D0FA
:10FB0C00FCF702FA414B01241A784449002344487B
:10FB1C00BBE01B78002B00D144E7059B1B78092B1D
:10FB2C0000D83FE7304B39E702201A700860FEF727
:10FB3C000BFC58E73B4A1278002A19D02A4A127853
:10FB4C00002A15D02C4A384911803278D4B2002AB8
:10FB5C0000D072E701251D70294B02321A603C70EF
:10FB6C00FEF7A0FBFCF7E2F8264B1D70200062E7C5
:10FB7C001A4A117800295BD02178002958D03278A4
:10FB8C00002A08D11C4A2949118001221A701C4BE9
:10FB9C001A601C4B1A7000243C70FEF783FBFCF7B8
:10FBAC00C5F8E3E759630020D8010020E80A0020DB
:10FBBC005863002000708740C80A002000D086409F
:10FBCC0000208C404C630020F10A0020C765002007
:10FBDC00C565002088670020F00A00208D67002092
:10FBEC008B6700208C6700208A670020DC010020D6
:10FBFC005C630020916700208067002010270000C4
:10FC0C003C020020C6650020D00A002041020020E2
:10FC1C00E1010020800A0020AF650020D403002001
:10FC2C006B63002089670020204E000030750000B7
:10FC3C001278002A00D100E72278002A00D0FCE6D6
:10FC4C003278D5B2002A00D0F7E601246C4A6D490F
:10FC5C0011801C706C4B1C603D70FEF723FBFCF795
:10FC6C0065F86A4B28001C70E5E6FEF73CFD0323A3
:10FC7C00434309930C9B12931CE7C85401331DE7B3
:10FC8C00CD5C022D00D9C45401339A42F8DC00F04B
:10FC9C007DFE03F081FBFA20C00004F031FF00234D
:10FCAC00119313930B93FFF7C5FC594C236B012B4A
:10FCBC003DD1584B1B78002B39D003F0FDFB0228AB
:10FCCC0035D1FEF7BEFC012831D103F0F5FB01283C
:10FCDC002DD003F0F1FB012829D04F4823680422D2
:10FCEC000370030039331A704C4B00241A6803005C
:10FCFC0078331A800300FF227E331A70312503F00B
:10FD0C00CDFF03F0B9FF04F02DF90022E30FA5425B
:10FD1C005341DBB2934201D0904203D1FCF706F879
:10FD2C0031B0F0BD0A2004F0EBFE0134EBE7A26920
:10FD3C00E369A06AE16AFAF72BF9FBF775FCAF22CD
:10FD4C00374B0021069012011800059307F0E0FBD9
:10FD5C00AF22344D00212800120107F0D9FBAF224D
:10FD6C00314E00215201300007F0D2FBAF220021AE
:10FD7C0052012E4807F0CCFBAF222D4F002152012F
:10FD8C00380007F0C5FB6B461B8B320029000D9326
:10FD9C00009305983B0003F0E3FA264B264D1A78A6
:10FDAC002B78134022003C3212781A420DD0353495
:10FDBC002378002B09D0214B1868596803F034FBC9
:10FDCC00002301222B701E4B1A7000221D4B1A802F
:10FDDC0002F0F4FF0E4B9868D96802F04DFF03F067
:10FDEC0047F802F0E5FF05900028FAD1164B1B7876
:10FDFC00DAB20A92002B29D103F0FAFE90E7C04642
:10FE0C0080670020409CFFFF3C020020C66500205C
:10FE1C00800A0020D9010020D80900208467002026
:10FE2C0084570020944C0020B4360020D4200020AD
:10FE3C00F40A00208F67002091670020C80A002078
:10FE4C00130A00207E67002040020020D54B059A43
:10FE5C00D5491A80D54AD64B966B176809785E70CF
:10FE6C00FBB2002905D0126C002A02D01B019B1892
:10FE7C00DBB2CF4CCF4A2370CF4BCC4D22626362A6
:10FE8C00286A696ACD4ACE4B22636363A262E3623D
:10FE9C002300883318605960AA6AEB6AFAF798FF56
:10FEAC00FBF7C2FBC317C0185840FBF7F9FBC54B57
:10FEBC0090341B7820606160002B37D05A2318AA2D
:10FECC009B1800223E351A802B780124934201D1D5
:10FEDC00BD4B1C78BD4B1B78002B12D0BC4B1B7838
:10FEEC00002B09D0B149BB4B002208694969F8F7CE
:10FEFC009DFA0023984206D0B74B1B78002B00D0FC
:10FF0C006EE2012323405A2418AAA41831003A00A7
:10FF1C0006980094FBF796FDB04B22881A80B04BE4
:10FF2C001B78002B00D067E201F032F8A0490D9845
:10FF3C00FDF7CAFBA54B1B78002B09D09B4B1A6B0A
:10FF4C00012A00DD5BE25A6BA64B1A4200D056E246
:10FF5C000E9B0F9C069307949C4B1A789A4B1B781C
:10FF6C00002B00D16CE2A049A04B09781B7800292A
:10FF7C0000D163E29E4C8E49086C496C2060616034
:10FF8C00591E0B1C090600D5002398495BB20B7057
:10FF9C0098490B70984B1B78002B03D09749984BC2
:10FFAC00096819600021974B1B788B4208D1964841
:10FFBC007E4B0078884203D036331B785B42D9B233
:10FFCC00924B7B4C1970002A59D0854B774E1B787D
:10FFDC00002B54D18E4D089B286869680093069AB3
:10FFEC00079BFFF767FB20626162FFF7EDFB22695D
:04FFFC006369089F8E
:020000040801F1
:10000000206361630097FFF70FFC226963690E921A
:100010000F932A686B68A062E162206C616C0092A9
:1000200001930E9A0F9BFCF7F9F80B0002003100C8
:10003000A260E3603F310978002908D031003D31EA
:1000400009783068FCF792FA803420606160002102
:100050005A4D594CAA68EB680091216C2068FBF757
:1000600023FE099B6E4A013B09931378383501330F
:1000700013706C4B28701B78002B06D03D3423780E
:100080005A425341119AD318119301F067FB514B17
:100090001B78002B09D0644B1B78002B05D0574BE5
:1000A000624A1068516818605960434C2068FBF739
:1000B00089FE5F4B1870002002F06EFA0C9B002B3B
:1000C00003D0119B129A934208D0099B002B00DDAC
:1000D000E5E136342378002B00D1E0E10122554BD5
:1000E0001A70FEF78BF8FEF741F8FEF757F8524BFF
:1000F0001B78002B00D1CBE1504B1B78002B00D19B
:10010000C1E04A4B1C685D684D4B20001A685B6873
:100110000E920F934B4B29001E685F680E9A0F9B3F
:10012000F9F776FB484B1A901B911A685B68300010
:100130003900F9F76DFB02000B001A981B99FAF7CA
:100140004DFE4B005B0815931490002214981599EE
:100150003E4BF8F777F9002812D132003B0020001F
:100160002900FAF73BFE4B005B081793169000221C
:1001700016981799354BF8F779F9002800D182E0E5
:100180000E9A0F9B254E30687168FAF727FE304AA9
:10019000304BFAF73DFB304F3A687B68F9F738FB94
:1001A0000E9A0F9B04000D003260736056E0C0464B
:1001B0007C6700205C630020800A0020D8090020B2
:1001C0008FC2F5285CFF58400E2DB29DEFFF5840BE
:1001D0008F670020D90100205A6300205963002056
:1001E00000004440D80100204A0A0020BC0A002038
:1001F000FF00FF00F2030020A4660020C80A0020D0
:10020000100A0020B50A00208467002068670020DB
:100210008C670020BE0A0020560A00203002002011
:10022000F20A002001040020B60A00202802002063
:10023000110A0020D1030020D3650020A066002011
:1002400018020020E00A0020E80A002000002440F4
:100250003BDF4F8D976E923F580A00203C607D60D7
:1002600000220023F8F7EEF8002807D10022200032
:100270002900974BF8F7FAF8002804D00020954B96
:100280009549186059600122944B1A70944B1B7861
:10029000002B01D0FDF7F4FFFEF70AF8914B1B7815
:1002A000002B0CD02C226B469B181878FEF775F8A3
:1002B0000B9B002B03DD8C4B0B9A1399D1548B4B6A
:1002C0001868C0B2FEF746F9894B1B78002B03D0A3
:1002D000FDF7F0FEFDF73AFF864B1B78062B04D0A6
:1002E000854B1B78002B00D0D5E0FEF714FA0130C7
:1002F000C0B2FEF736F8FBF71FFD189B581CC0B2C2
:10030000FEF73DF80021FA20FEF7EEFB7B4B1B7851
:10031000002B04D1109B581CC0B2FEF729F8189B83
:10032000092B05D9012002F037F90020FEF727F844
:10033000FDF708FEFDF730FE714B1868596801F0B3
:10034000CFF9704B1868596801F0DCF96E4B1868EA
:100350000130FE2800DDFE201860C0B2FEF716F85E
:10036000FEF706FA0130FEF71FF8FF22674B1A70FE
:10037000674B1B78002B08D0664B1B78002B04D0F2
:100380005A4B654A5B6C9BB21380199B012B0BD1B6
:100390000A9C624B02940D9C614A0194614C624933
:1003A0006248009403F038FA614B1B78002B02D1AD
:1003B0000A9B002B15D05F4803F076FC312403F034
:1003C00061FC03F0D5FD0022059B0599DB0F8C42F3
:1003D0005341DBB2934201D090426DD10A9B002B76
:1003E00071D1069B079C0E930F9462E43F49524BD8
:1003F00000228868C968F8F71FF80023984200D0E7
:1004000085E586E54D4B187096E54D4D287802F050
:1004100045F9484C2B78A061022B12D102F04EFA1C
:1004200006900791069A079B226163610699079AD5
:10043000444B19605A60444B1B78002B00D18DE56A
:1004400090E502F07FF9EBE70133A4E5002A00D143
:10045000AEE53E4B254C1D78002D00D0A8E53C4B69
:100460001B78002B10D03B4B32492F95086C496C00
:1004700018605960384B1B78002B00D198E5236831
:100480000B93A36B139393E52F9B01332F938FE56E
:10049000124A1370FAE60020FDF763FF2DE72C4B9C
:1004A0002FAA19782D4B187801F00CFDFF222C4B48
:1004B0001A7000230A9368E70A2004F027FB059BC3
:1004C000013305937DE700F06DFAFFF72FFCC0467E
:1004D00000002C40580A002000002E40C765002074
:1004E000A26600208B6700209F650020800A002004
:1004F0008F670020110A0020D3650020F00A002039
:100500002802002030020020D00A0020560A0020D5
:100510005A630020D80100207C670020D4200020EE
:10052000B4360020F40A0020944C002084570020A8
:100530003D010020D809002000003E40E0010020DD
:10054000DA01002008000020B40A0020BC0A0020C4
:1005500001040020C80A002000040020F20300204B
:10056000570A002001210A4B82B01A6C0A431A6410
:100570001A6C0A4080210092009ADA6B49050A43FE
:10058000DA63DB6B0B400193019B02B07047C046FE
:100590000010024010B5040094B01422002102A8FB
:1005A00006F0BCFF3422002107A806F0B7FF174B66
:1005B00022689A4227D1202307A8079305F066F9FD
:1005C000002801D0FFF73AF80222114C1148636B62
:1005D00002A913436363636B13400093009BC02322
:1005E0000293AE3B039300230493059306330693D3
:1005F00004F092FC8022E36B92031343E363E36B0A
:1006000013400193019B14B010BDC046005400403C
:10061000001002400004005010B504008EB03422D7
:10062000002101A806F07AFF104B22689A421BD1E4
:1006300080239B020193802301A85B000D9305F0AA
:1006400025F9002801D0FEF7F9FF8022084B12029D
:10065000D96D0A438021DA65DA6BC9000A43DA638F
:10066000DB6B0B400093009B0EB010BD00280040D8
:100670000010024010B504008AB01422002105A821
:1006800006F04CFF23681F4A93421CD180211E4B69
:1006900049011A6CA0200A431A641A6CC0050A406A
:1006A00001210192019A5A6B0A435A635B6B0B401A
:1006B0000293029B154B05A905930223069304F0B0
:1006C0002BFC0AB010BD124A9342FAD180210E4B86
:1006D000C901DA6B0F480A43DA63DA6B0A40082172
:1006E0000392039A5A6B0A435A635B6B0B40049361
:1006F000049B1A230593183B0693013B099305A914
:10070000DDE7C0460030014000100240C28000001A
:1007100000380040000C00507FB50368324A934215
:1007200012D11021314B1120DA6B0A43DA63DB6BF3
:1007300000220B4001930F39019B04F0F9F91120BD
:1007400004F020FA07B000BD294A93420FD12021BE
:10075000264B1220DA6B0A43DA63DB6B00220B4074
:1007600002931F39029B04F0E3F91220E8E7214AC3
:10077000934210D180211D4B09021A6C13200A43A9
:100780001A641B6C00220B4003930121039B04F0AD
:10079000CFF91320D4E7184A934210D18021134B8C
:1007A00089021A6C15200A431A641B6C00220B4044
:1007B00004930121049B04F0BBF91520C0E70F4A04
:1007C0009342BFD18021094BC9021A6C16200A43FB
:1007D0001A641B6C00220B4005930121059B04F059
:1007E000A7F91620ACE7C0460010004000100240F8
:1007F0000014004000200040004401400048014037
:1008000070B5060094B01422002102A806F086FEFE
:100810003422002107A806F081FE274B32689A4255
:1008200047D1012307A8079305F030F8002801D02D
:10083000FEF704FF8021214BC9011A6CA0200A4356
:100840001A641A6C00250A400092009A0122596B22
:10085000C005114359635B6B02A913400193019BCF
:10086000B0235B010293022304950393059506923E
:1008700004F052FB124C134B2000236032236360C0
:100880004E33A560E56023616561A561E561256280
:1008900004F0D8F9A84201D0FEF7D0FE0022331DA3
:1008A0001B201100DC67A66204F042F91B2004F053
:1008B00069F914B070BDC046003801400010024014
:1008C0002006002008000240FEE7FEE77047704760
:1008D00010B504F009F910BD10B5024804F0C8FACB
:1008E00010BDC0462006002010B5024805F06CFA85
:1008F00010BDC0464008002010B5024805F064FA5B
:1009000010BDC046F407002010B5024805F05CFA9F
:1009100010BDC046A807002010B5024805F054FAE3
:1009200010BDC0465C07002010B5024805F04CFA27
:1009300010BDC0461007002010B5024805F032FC7B
:1009400010BDC0467C06002010B5034B012218687C
:100950005968FEF73BFA10BD8400002010B5034B28
:10096000002218685968FEF731FA10BD8400002093
:1009700010B5034B012218685968FEF727FA10BD1D
:100980007C00002010B5034B002218685968FEF760
:100990001DFA10BD7C00002010B5FFF7D5FFFFF752
:1009A000E7FF10BD10B5FFF7D9FFFFF7EBFF10BD54
:1009B00010B5034B012218685968FEF707FA10BDFD
:1009C0006400002010B5034B002218685968FEF738
:1009D000FDF910BDB400002010B5034B01221868CA
:1009E0005968FEF7F3F910BDB400002010B5034BB1
:1009F000002218685968FEF7E9F910BDAC00002024
:100A000010B5034B012218685968FEF7DFF910BDD5
:100A1000AC00002010B5034B002218685968FEF79F
:100A2000D5F910BDA400002010B5034B01221868B1
:100A30005968FEF7CBF910BDA400002010B5034B98
:100A4000002218685968FEF7C1F910BD9C0000200B
:100A500010B5034B012218685968FEF7B7F910BDAD
:100A60009C00002010B5FFF7ADFFFFF7BFFFFFF7B9
:100A7000D1FFFFF7E3FF10BD10B5FFF7ADFFFFF7A4
:100A8000BFFFFFF7D1FFFFF7E3FF10BD304B10B5FD
:100A9000186800225968FEF799F92E4B0022186851
:100AA0005968FEF793F92C4B002218685968FEF735
:100AB0008DF92A4B002218685968FEF787F9284BF0
:100AC000002218685968FEF781F9264B0022186841
:100AD0005968FEF77BF9244B002218685968FEF725
:100AE00075F9224B002218685968FEF76FF9204B00
:100AF000002218685968FEF769F91E4B0022186831
:100B00005968FEF763F91C4B002218685968FEF714
:100B10005DF91A4B002218685968FEF757F9184B0F
:100B2000002218685968FEF751F9164B0022186820
:100B30005968FEF74BF9144B002218685968FEF704
:100B400045F9124B002218685968FEF73FF910BDAD
:100B500034010020BC000020D40000202C01002023
:100B6000240100201C01002014010020FC000020B2
:100B7000E4000020F4000020EC000020DC00002055
:100B800004010020CC000020C40000200C01002043
:100B900010B5FFF77BFF074B012218685968FEF775
:100BA00015F9054B012218685968FEF70FF9FFF790
:100BB000FFFE10BD4C0000205400002010B5FFF7D0
:100BC00065FF034B002218685968FEF7FFF810BD57
:100BD0004C000020304B10B5186800225968FEF711
:100BE000F5F82E4B012218685968FEF7EFF82C4BE8
:100BF000012218685968FEF7E9F82A4B01221868A3
:100C00005968FEF7E3F8284B012218685968FEF787
:100C1000DDF8264B012218685968FEF7D7F8244BF7
:100C2000012218685968FEF7D1F8224B0122186892
:100C30005968FEF7CBF8204B012218685968FEF777
:100C4000C5F81E4B012218685968FEF7BFF81C4B07
:100C5000012218685968FEF7B9F81A4B0122186882
:100C60005968FEF7B3F8184B012218685968FEF767
:100C7000ADF8164B012218685968FEF7A7F8144B17
:100C8000002218685968FEF7A1F8124B0022186874
:100C90005968FEF79BF810BD34010020BC0000200D
:100CA000D40000202C010020240100201C01002081
:100CB00014010020FC000020E4000020F4000020CB
:100CC000EC000020DC00002004010020CC0000200B
:100CD000C40000200C01002010B50400002901D040
:100CE000FFF7D4FE601E0E280FD8F7F70BFA080F97
:100CF00011131517191B1D1F212325272900114B1F
:100D0000186801225968FEF761F810BD0E4BF7E72D
:100D10000E4BF5E70E4BF3E70E4BF1E70E4BEFE70B
:100D20000E4BEDE70E4BEBE70E4BE9E70E4BE7E71B
:100D30000E4BE5E70E4BE3E70E4BE1E70E4BDFE72B
:100D40000E4BDDE7BC000020D40000201401002081
:100D50002C010020E400002024010020F4000020E9
:100D6000EC0000201C010020DC000020FC00002022
:100D700004010020CC000020C40000200C01002051
:100D8000F7B50190FFF782FE284B294A1B780B2705
:100D90000092002B04D1274B1B78002B00D0177832
:100DA00000242600244D009B1B78A34200DCF7BDE5
:100DB000B742FCDD2A780134002A1CD02000A3426F
:100DC00000DAE01A019B002B01D000232B700238BF
:100DD0001A4B0C2809D8F7F795F9071012141618B2
:100DE0001A1C1E2022242600154B1868012259685F
:100DF000FDF7ECFF01360135D5E7124BF5E7124B55
:100E0000F3E7124BF1E7124BEFE7124BEDE7124B12
:100E1000EBE7124BE9E7124BE7E7124BE5E7124B22
:100E2000E3E7124BE1E7124BDFE7C04659630020CE
:100E300041020020D8010020E1010020BC00002078
:100E4000D4000020140100202C010020E400002028
:100E500024010020F4000020EC0000201C010020F0
:100E6000DC000020FC00002004010020CC00002059
:100E7000C400002010B5FFF709FE034B01221868DB
:100E80005968FDF7A3FF10BD340100200120704711
:100E900010B506F0ABFB162303600120404210BDE5
:100EA00010B506F0A3FB16230360FEE770B50E0035
:100EB00014000025A54201DB200070BD00E000BF4A
:100EC00070550135F6E770B50E0014000025A542F7
:100ED00001DB200070BD705D00E000BF0135F6E76A
:100EE00001204042704780239B0100204B607047E7
:100EF00001207047002070470B490C4A0300521A2A
:100F00000B4910B50868002801D10A480860086834
:100F1000C318934206D906F069FB0C230360012035
:100F2000404210BD0B60FCE7000400000090002070
:100F300048630020586900207047000070B5FDF735
:100F40003CFC0E4C0E4D20602B780F280DD1002B51
:100F500001D10F2070BD0E20FDF7E6FA0E232360AD
:100F60002B78002BF5D02068F4E70E28F8D1002B61
:100F7000EFD00130FDF7D8FA0F23F0E70C02002084
:100F8000C16500200F2802DD024B18787047024B24
:100F9000C05CFBE7E00100209F650020144A30B5EB
:100FA00014680F2C23DC134B1D78002D02D0092868
:100FB00000DD0920104B1B78002B02D009230828E4
:100FC00002DC031E00DC0123110034310978906B30
:100FD00029400125082800DC0025294204D0984238
:100FE00002DD5168013151609363044AA35430BD5E
:100FF000800A00205A630020D90100209F6500204C
:1010000070B50400FDF788F8FDF744F8FDF7CCFB58
:10101000174B18491870184B1B78002B04D1174B2D
:101020001B78002B04D016494822200006F00BFB49
:10103000144B1B78002B09D0012213490A70032B93
:1010400004D918001040134200D10870FFF776FF52
:101050000500FFF797FF01220C4B25601A70002353
:101060000B4AA063137020002364636470BDC04604
:10107000DA0100209001002059630020D8010020EF
:1010800048010020B0650020C1650020D901002082
:101090005A630020F0B58A4B87B01F780193FDF7A3
:1010A00067FB0B21F7F7B2F90123864D05916B54CD
:1010B0000B0006330393019B1A78039B9A4201DAD3
:1010C0009B1A03930121039B0291EB18013B1970BA
:1010D00000237D499A4230DCFAF790FC05F0FCFED3
:1010E00000237A4E33647364794B1B780093002B92
:1010F00031D0019B1A7833003C331B78002B27D169
:1011000033680133934200DD9B1A01223360EB18F0
:10111000013B1A706F4A136801331360684B6D4CC2
:101120001A7823689A4206D10D220021280006F081
:10113000F5F90023236007B0F0BDE85C0133002817
:1011400002D1C85C002801D0013FC3E70293C1E788
:10115000614B1B68D9E7614B1B78002BDED0019AED
:101160005C4C12785E480492009A21680270002F4D
:101170003BDD012F07D1029B4A1C3360EB18013B7A
:101180001F70226013E0022F30D10120029B554FC7
:101190003360EB18013B18700B1823604948009B23
:1011A000049A93420CDB494B1B6C002B15D1002099
:1011B0000122464B4C4918615961494B1A70ADE701
:1011C000C25C5E1C002A0ED1FA5C002A0BD13F4A99
:1011D0000231166401222160C25400203B4B434976
:1011E000186159619AE73300DAE70093049B049A87
:1011F000023B501E8B4205D1059B344A01331360DC
:101200000200BEE7884204D1039A304B1A60049A68
:10121000B7E705F091FE019B1F783900F7F7F6F864
:10122000284B5B5C002BF4D12E4B5B5C002B02D077
:10123000009B002BEDD04B1C336001236B542368C3
:1012400001332360FB1A022B04DC244B1B78002B98
:10125000C3D0A8E705F070FE019B1F783900F7F7AF
:10126000D5F8184B5B5C002BF4D11E4B5B5C002B5C
:1012700002D0009B002BEDD04B1C336401236B5438
:10128000236801332360FB1A022BDEDD05F054FED8
:10129000019B1978F7F7BAF80A4B5B5C002BF5D184
:1012A000104B5B5C002B02D0009B002BEED04B1C44
:1012B000736401236B54236801332360C5E7C04680
:1012C000410200205E6300206A630020800A002043
:1012D000596300205463002050630020D80100208F
:1012E0005D6300206B6300200000694000005440F3
:1012F000F7B5AA4C002123003E3319700123236364
:101300000223FF33A38623000D223633A44819702D
:10131000A1872164616406F001F9A24B1D78002DBC
:1013200000D17FE0A04B00221B78002B78D08023D7
:10133000DB05A261E36100229C4BA260E360002216
:101340009B4B2261636100229A4BA262E3620323FA
:101350006360994B00221E685F68984B300039002B
:10136000F7F784F8002801D00026944F944B1B789F
:101370000093002B02D0934B1E685F680022300060
:101380003900914BF9F72AFD904A914BF9F740FA51
:1013900002000B0000208F49F9F720FD00228E4B40
:1013A00006000F00F7F762F8002801D000268A4FE8
:1013B0008A4B266267621B78002B51D0009B002B62
:1013C00047D1874B1A685B6800920193854A13885E
:1013D00001339BB21380002D3ED0834B00221E6848
:1013E0005F68824B30003900F8F712FA804BA06238
:1013F000E1621A685B6830003900F8F709FA734A4D
:1014000006000F0000980199714BF9F701FA0200EC
:101410000B0030003900F9F7E1FC206261621FE047
:10142000744B86E7744B1B78002B92D080230022EC
:10143000DB05A261E3610022704BA260E360002241
:101440006F4B2261636100226E4BA262E362022352
:101450007EE700220023B7E7674B1B78002BBCD147
:10146000694B1B78002B00D186E0002D00D17BE07A
:10147000FDF775F9002803D0644B1B78002B06D0CC
:10148000634B07221D78002362499D4263DC0122E1
:10149000424B1860604BC254604A136801331360BA
:1014A00001215F4A3D4B117003225A6000223F33F5
:1014B0001A705C4B394C1B78002B06D023003E334E
:1014C0001B78002B01D0012363602068FFF75AFDD1
:1014D000226B6368A0639A4203D123000122363352
:1014E0001A7023003C331B78002B14D14E4B1B7811
:1014F000002B10D04D490022086849684C4BF6F784
:10150000A1FF002807D0206A616A0022494BF8F742
:101510007FF92062616223003D331B78002B07D0E6
:10152000206A616A0022434BF8F772F92062616217
:10153000206A616A0022284BF6F798FF002803D042
:101540000022254B2262636200223B4B1A703B4B08
:1015500001321A70F7BDCE5C5C1C964202DC2000A2
:10156000CA5CD2B2230090E7234B1B78002B00D13A
:1015700096E7FFF78FFD93E70223084CFF33E387DD
:10158000FDF738F9224B01301B782060984201DDCD
:10159000C01A2060FFF77EFD8BE7C046800A00205E
:1015A0005E630020596300204C6300200000594016
:1015B0000000444000908A403002002000488C40E7
:1015C000A0660020E80A0020004085409A99999979
:1015D0009999E93F0060834000808640C7650020FC
:1015E000C8650020806700201002002000206C40A9
:1015F000280200200000F03FD801002000003E40FB
:101600000000544000E0854091670020886700207A
:1016100041020020D40300205D63002054630020B9
:10162000BD0A0020080200205B63002000000020AB
:101630000000144000004940D90100205A630020F6
:1016400010B50D222821034805F068FFFCF744FD82
:1016500010BDC0468563002010B5682200210348F4
:1016600005F05CFFFCF798FC10BDC04668640020E4
:1016700010B5682422000021064805F04FFF220023
:101680000021054805F04AFFFCF7B0FCFCF7D8FC48
:1016900010BDC046006400209863002010B5682289
:1016A0000021034805F03AFFFCF74CFC10BDC04692
:1016B000D064002010B50D22FF21034805F02EFF55
:1016C000FCF71AFD10BDC0467863002010B502205B
:1016D000FCF740FE0222014B1A6010BDDC01002025
:1016E000D0B506000F00054C60220549200005F02A
:1016F00003FF26666766FCF779FCD0BD0064002016
:1017000008640020D0B506000F00054C6022054992
:10171000200005F0F1FE26666766FCF791FCD0BD5F
:1017200098630020A0630020F8B50C684D68066837
:1017300047682B00220030003900F6F783FE0300D3
:101740000120002B08D12B00220030003900F6F7D1
:101750008DFE431E98414042F8BD0000F0B5BF4BDE
:101760008FB01B78002B00D1CBE0BD4ABD4B116B75
:1017700018780139BC4BC9005B18002800D12CE156
:10178000BA490868496818605960130035331B78F6
:10179000002B02D10121B64B1970130036331B7890
:1017A000002B00D1ADE0536800240293B14B00261A
:1017B0001B7800275A425341029A9B18043B1D0094
:1017C0000093A94B0893029B9D4200DA0AE1AA4BC1
:1017D000002C00DCC9E1002220001A70F9F766FF36
:1017E0000490059102000B0030003900F8F7D6FB99
:1017F000002400250A900B91009E9B4F029B9E4265
:1018000000DA09E1049A059B20002900F8F7C6FBDD
:1018100006F090FD0023002600270493089009910C
:10182000914B0D93009B029A934200DA66E1049873
:10183000F9F73CFF02000B0030003900F8F7AEFB6F
:1018400000900191009A019B8C4C226063608C4B4C
:101850001D788C4B1B785BB2022B00DDBCE10127AD
:10186000894B1F70002D11D0884E894D3378002B85
:1018700000D198E1009801990022864BF6F7E2FD2D
:10188000002800D18FE100232F703370824B1B782A
:10189000002B36D020686168804B814D1A685B68E8
:1018A000F9F79CFA7F4B286069601B6800210C2BBC
:1018B00001DC0D31C91A00230D227B48FAF74CFBDD
:1018C0006E4C2668676832003B00F9F787FA009093
:1018D0000191019B009A5B00100059080022734B94
:1018E000F6F7C4FD00280CD00122714B1A70714B21
:1018F0001E605F60694B186859686F4B20606160BB
:101900001A706E4B1B78002B00D12BE26C4B544CA1
:101910001B78002B4FD16B4B1B78002B4BD06A4BA5
:101920001B78002B47D12268684B013AD2009B18E4
:101930001E685F680022002330003900F6F796FD2C
:10194000002838D0624B1B8818000093F9F7AEFED0
:101950000022029003915F4B30003900F8F758FFE6
:1019600002000B0002980399F6F76CFD5A4D00280F
:1019700007D0002230003900584BF6F781FD0028CF
:101980000CD1009B042B00D94CE10022300039001F
:10199000534BF6F775FD002800D143E100222B6878
:1019A00001332B60474B1A704E4B1A704E4A138806
:1019B000C8339BB21380484A1368042B00DC33E120
:1019C00001214A4B00201970002300211360484B6D
:1019D00018605960FFF740FE26E146484649186006
:1019E0005960DAE6089AEB009B181A685B68049263
:1019F0000593049805993F4A3F4BF6F723FD0028CD
:101A000008D0049A059B30003900F7F701FF060063
:101A10000F0001340135D6E6F300DB191A685B6864
:101A20000892099308980999324A334BF6F70AFD50
:101A3000002811D00A9A0B9B08980999F9F7CEF95A
:101A400002000B00F8F7E4FE02000B002000290062
:101A5000F7F7DEFE04000D000136CFE6D9010020C5
:101A6000800A0020F2030020F8650020C80A002048
:101A7000D2650020C165002038020020300200201D
:101A800058630020A4660020A2660020D801002030
:101A90005963002000708740C7650020E80A0020D5
:101AA000C8650020D00A0020986300200000244070
:101AB000A066002018020020A16600205A630020C2
:101AC000BC0A0020010400208C670020686400200C
:101AD000520A00200000D03FB465002000004440BE
:101AE00000003440000400207E670020D165002003
:101AF000C80300200000C0FFFFFFDF41009B0D9ADC
:101B0000DB009B181C685D68C04A20002900C04BA0
:101B1000F6F798FC002824D00A9A0B9B2000290095
:101B2000F9F75CF94B005B0806900793069A079B50
:101B300008980999F6F7A4FC002807D10698079998
:101B40000022B44BF6F77EFC00280AD0049B30003C
:101B500001333900049322002B00F7F759FE0600E9
:101B60000F00009B013300935CE6AB4A1668576890
:101B7000AA4A1278002A04D000221A70009601970F
:101B800060E601241C70A64B1A685B680092019302
:101B90000098019900220023F6F768FC0028EDD098
:101BA000A04B1C704EE62B78002B00D16EE60098FF
:101BB000019900229C4BF6F763FC002800D165E6F2
:101BC0000023022001222B70984B32701860984B32
:101BD0001A70FCF7BFFB59E6964E3778002F00D1FC
:101BE000F6E00098019900228F4BF6F72BFC0028B5
:101BF00010D08B4B1A685B68009201930098019992
:101C00000022894BF6F73CFC002803D0009A019B88
:101C100022606360002D00D0DDE0EEE0002F00D1F7
:101C200034E6EAE000232B60834B844D1B7800935D
:101C3000002B60D1824B834F1B78002B04D1824B49
:101C40001B78002B00D193E0804B1B78002B04D134
:101C50007F4B1B78002B00D086E07E4B1B78002B3F
:101C600004D17D4B1B78002B00D17DE07B497C4B60
:101C7000086849681A685B68F9F7B0F80290039140
:101C8000039B029A5B0059081000764B0022F6F77E
:101C9000EDFB6B49744A00280CD01368734801337C
:101CA00013600023037072480B7003889133FF3375
:101CB0009BB203801368032B56DD01230B700021B8
:101CC00011606C4A1370654B6B4A18685968236B36
:101CD000013BDB00FB18186059602368674C013B2F
:101CE000DB00D21810605160E418654B1888F9F7D2
:101CF0000BFD206061602B0036331B78002B31D048
:101D00002B003D331B78002B03D04A4B1B78002B54
:101D10005AD100246B6804935A4B1B78A34201D11B
:101D2000049B9C1E002500260027464B0693049B1F
:101D30009C422FDB002D47DD2800F9F7B7FC02009D
:101D40000B0030003900F8F729F93D4B1B78002BC8
:101D500008D0009B002B05D10122414B186059602F
:101D6000444B1A700FB0F0BD354B1B78002BAAD135
:101D700000200021236B254A013BDB00FF18244B88
:101D80003A607B6022683D4B013AD2009B18186094
:101D90005960B0E7069AE3009B181A685B680292E4
:101DA000039302980399194A194BF6F74BFB002845
:101DB00008D0029A039B30003900F7F729FD06008E
:101DC0000F0001350134B2E7244B18685968BCE7AD
:101DD000002D00D15AE52C4D2B78002B00D11DE7AA
:101DE000206861680022104BF6F74AFB002800D1FA
:101DF00014E70123337000232B70244B1B78002B36
:101E000000D043E50122224B1A703FE50000C0FFDD
:101E1000FFFFDF4100002440F8010020B1650020F1
:101E2000E80A0020A166002000708740DC01002045
:101E30005C630020D8010020BC0A0020800A00203A
:101E400001040020D8650020D00300208C6700200A
:101E5000D1030020C7650020D3650020C80A0020F8
:101E60002802002000004940B8650020000400203E
:101E70007E670020B2650020D064002068640020E6
:101E8000520A002008020020596300203802002076
:101E9000A26600200020094B10B51C78084B844234
:101EA00005D018780130C0B2FF2800D10238187070
:101EB000FCF741FB2000FCF730FB10BD380200208E
:101EC000B0650020F0B57D4B7D4C1B7885B00E00D1
:101ED0001700256B0093002B00D123E1A068E16877
:101EE0000022784BF8F794FCA269E369F7F790FCBD
:101EF000F6F770FB744B80B21880744B744A1B78F1
:101F0000744E032D1ED1002B0BD080210020C9055B
:101F1000A061E16100207049A060E16000206F498C
:101F2000087030781178002832D000295DD0002068
:101F30006B49A062E16200220220A91E8842524140
:101F4000D1B228E0002B21D0052D0CD165490978AC
:101F500049B20529E5D100206349644F20626162DE
:101F600038607960DDE7042DDBD0062D09D15D49AD
:101F7000097849B20629D4D100205D492061616108
:101F8000CFE7032DCDDC002054490870012DC8DCBB
:101F900011780029CFD1002B2DD13378002B19D007
:101FA000002917D0A06AE16A0022524BF8F730FCF2
:101FB000514B1A685B68F7F72BFC4C4B206261624F
:101FC0001E685F6832003B00F6F750FA002801D027
:101FD00026626762230036331B78002B12D0FFF78E
:101FE00059FFFFF785F905B0F0BD002BD5D00022D1
:101FF000424BA262E36200220223023DAB42524105
:10200000D1B2CAE7FEF79AFF20603D4B1B78002B48
:1020100000D1A7E23B4B2A4D1B78002B00D1A1E257
:102020002B00012435331C70002322001900FA20F4
:102030002C63FCF7B8FA431E9841334A334B1278AD
:10204000C0B21870002A04D02A003E32117800294C
:1020500012D11B780324002B0ED02B003C331B78AD
:10206000002B09D02A4B1B78002B05D1294B0734B4
:102070001B78002B00D0073C2B6B6C60A34200DA6E
:102080006CE201221F4B1A700D4C2068FEF77AFF9C
:102090001B4BA0631B78002BA5D01F4B1B78002B7C
:1020A000A1D009289FD11D4B1868A063FEF776FFC9
:1020B0001B4A13880A339BB2138094E7D90100208E
:1020C000800A0020000024407C670020D801002006
:1020D00059630020D265002000003E40B165002019
:1020E00000407F40A466002000509440F001002092
:1020F00000C072400000E03FC80A002000E08540B8
:102100005A630020B60A002008020020C46500209F
:102110008C670020F10A0020C36500200002002027
:102120007E670020C44B1B780393002B00D119E27B
:10213000C24B1B78002B00D102E1A269E369A068C1
:10214000E168F7F765FBF6F745FABD4B80B21880FA
:102150002300002234331A7023003C331B7893424F
:1021600000D100962368B74A013BD35CDBB20193F0
:1021700023003D331B78002B0BD0009B002B00D09D
:10218000E3E0230036331B78002B00D0DDE0FEF7C0
:1021900081FFAD4B1B78002B00D0F3E0009B002BA0
:1021A00014D0019B032B00D9F4E0A44B1B78002B27
:1021B00000D1E1E0A549002208684968A44BF7F77F
:1021C00027FBA062E16201229F4B1A70A14CA24D35
:1021D0002368042B09DC2B780293002B05D1009B8C
:1021E000002B1DD0019B032B1AD8944B1B78002B7E
:1021F00000D1D4E09949954B086849681A685B6832
:10220000F7F706FB964E306271620023954A2B70F9
:102210002360954B106C516C18605960039B0293BE
:10222000924B1B78002B00D1EAE03B68052B03DCC6
:102230008F4B1B78002B49D08E4B00221C685D68A9
:102240008D4B20002900F6F711F9002801D0002459
:10225000894D002220002900884BF8F7BFFD884AED
:10226000884BF8F7D5FA02000B0000208649F8F7F2
:10227000B5FD0022854B04000D00F6F7F7F80028A5
:1022800001D00024814D6D4A754B12781C625D624D
:10229000002A00D189E000207D499862D96200239C
:1022A000734A3B6013707B4B674D1B78002B02D049
:1022B0002B78002B0AD1784C2678F9F73DFD0023C6
:1022C000764A2B7013702670FBF7F2FF744B644C48
:1022D0001B78002B71D0734B1B78002B6DD08223A1
:1022E000236000230022236463640133A3876E4BC1
:1022F000A261E36100226D4B226163616C4B584C1B
:102300001B78002B0ED06B4B1B78002B0AD1029B45
:10231000002B07D0206A616A0022674BF7F778FA32
:1023200020626162206A616A0022584BF6F79EF8CB
:10233000002800D169E60022544B2262636264E601
:10234000636C3F4A9BB2138002E7230001223633BD
:102350001A70454B414A1068516818605960FCF783
:1023600049FA564A564B127801301860904200DC08
:102370000FE7801A18600CE7524B1B78002B00D037
:1023800018E720E7009B002B00D11FE7019B032BE0
:1023900000D81BE72F4A13680133136016E7494B37
:1023A0001B78002B00D025E72FE7464A1278002A39
:1023B00000D174E7002044496FE7270026003C372E
:1023C0003D783E36002D00D18CE0FEF763FE002301
:1023D0003B7001333370194B1B78002B1CD03B4BE7
:1023E00000221B78002B15D08023DB05A261E3615E
:1023F0000022374BA260E36000222C4B2261636114
:10240000274A344B12781B78002A71D0002B00D059
:1024100074E77EE0304BE9E72A4B1B78002BEFD0C6
:1024200080230022DB05A261E36100222B4BA26026
:10243000E36000222A4BE1E75A6300205963002041
:102440007C670020D4030020D36500201002002008
:1024500000206C40BC650020FA030020C80A002060
:10246000800A0020D809002028020020B60A002097
:10247000D16500203002002000488C40004085409B
:102480009A9999999999E93F006083400080864024
:1024900000908A408C670020D1030020C76500208F
:1024A000BD0A002091670020000008400000444061
:1024B0008B670020F00A0020000049404102002004
:1024C00050630020D801002000E085404C630020CC
:1024D00000005940BC0A00200000F03F00003E40D0
:1024E00000005440FEF7D6FD01233D3433702570C3
:1024F000224A234B1278002A00D0FFE61A00363217
:102500001278002A02D1196B022925D101223F330A
:102510001A701C4B1A4C1B78266A676A002B00D174
:10252000ECE61949002208684968184BF5F78AFF5C
:10253000002800D1E2E6009B002B00D1DEE6019BE3
:10254000032B00D9DAE6002230003900104BF7F7F0
:102550005FF920626162D1E63F33D9E70022363568
:102560002A7091E50021064B0A4A11701A6B01325C
:102570001A635B689A4200DB83E585E5BC0A0020AC
:10258000800A00205B63002000000020000014404F
:1025900000004940B50A0020F0B5002604003500CF
:1025A000394F9FB0F31904AA18685968B318186016
:1025B000596000220023F5F73FFF43425841083697
:1025C0002D18682EEED1002D42DD08222F4B0D2153
:1025D00004A804F027FD6B10DA00ED073AD51300CC
:1025E00004AA9B181A685B68009201930099019AEB
:1025F000274B19605A60002C2AD00025224B254C0D
:102600000393039B0022EB181E685F6800233000D1
:102610003900F5F711FF002814D100980199320014
:102620003B00F8F7DBFB22686368F7F7F1F8060078
:102630000F00F8F7FFFFC317C018584014281EDC1E
:102640002660676008350834682DDAD1FBF752FC44
:102650001FB0F0BD013B04A9DB005B18190013009B
:102660000868496804AA9B181A685B68F7F7D0F8ED
:102670000022094BF8F7CCF800900191B6E7002250
:10268000002322606360DDE7D06400202917010881
:1026900020020020386500200000E03FF0B585B042
:1026A0000400FEF7E9F9FEF7E5FB0A2002F02EFA36
:1026B000022C1CD1FEF7D6F9FA20800002F026FA8F
:1026C000F9F7A6F9002704001B4EFA212000890023
:1026D000F5F7B6FDBB1BD917184D194A5B184B40CF
:1026E00028801380FEF7D2F9200005B0F0BDFA2350
:1026F0000024002500279B000F4E0193F9F77EF977
:10270000C31702900393029A039BA4185D4186426B
:1027100000DD0600874200DA0700019B013B0193C0
:10272000002BEBD1FA222000002329009200F5F7BC
:10273000EBFE0400C9E7C046FFFFFF005A66002019
:1027400058660020F0B5012700253E0097B00390A1
:102750000C22574907A804F076FF0AAB01930097B3
:10276000ACB22000C53080B2FCF7A0F9019B187014
:102770002000D13080B2FCF799F9242204AB153443
:102780009B18FF3458550290A0B2FCF78FF9019ABC
:102790000299127810ABE854914200D081E0029A7D
:1027A000904207D00026370004E00026029A0096E7
:1027B0008242F8D1019A0135013201920C2DCFD11C
:1027C000242104AA521812781B780AAD13402A78E3
:1027D00013ACFF2A06D0FF2B06D12800FBF7CFFA57
:1027E000002701E0FF2B55D0009B002B56D1002E77
:1027F00054D1002F52D00DAB23CB23C40398F8F74C
:1028000055FF00222B4BF8F7E9FA00222A4BF7F785
:10281000C5FB04000D00139B04A80493149B042122
:102820000593159B069301F045FA05A8042101F0D4
:1028300041FA06A8042101F03DFA22002B002000F5
:102840002900F7F7E5FF060004980F00F8F780FF6E
:1028500002000B0030003900F7F7DAFF0600059898
:102860000F00F8F775FF22002B00F7F7D1FF0200E9
:102870000B0030003900F6F7CBFF040006980D007E
:10288000F8F766FF02000B0020002900F6F7C0FFF2
:1028900017B0F0BD07AD2800FBF771FA07CD07C4EC
:1028A000ACE7904200D080E700221700009281E759
:1028B000588C010830C0594180F1FAC0F8B50523A1
:1028C0005B425843F8F7F2FE0022264BF7F7A0FFD1
:1028D0000022254C254B20606160A260E36000224D
:1028E0008025234B2D0622616361A668E768226973
:1028F000636979193000F7F751FBA061E161206845
:102900006168A269E369F7F749FB20626162194ACD
:10291000206A616A184BF8F761FA184A184BF7F702
:102920003DFBA062E1620022A06AE16A154BF7F765
:1029300035FB05F0C9FC144A144BF6F769FF020099
:102940000B0000201249F7F729FB20636163114A4D
:10295000206B616B104BF8F741FAA063E163A06B49
:10296000E16BF8BD0000703E6066002000230E4160
:1029700060301F41FCA9F1D24D62E03F1AB5F2C8A8
:10298000C588DF3E006AF840F86F702FADFA2B4023
:10299000004BB040666666666612714001220021F7
:1029A000044B1A705A709A709971D97019715A71D2
:1029B0007047C046C066002070B5FFF7EFFF494B77
:1029C000494C1B78002B00D189E0484B1B78002B29
:1029D00000D184E00323002500222381444BA381FE
:1029E000444B6581E58125826582A582E582258348
:1029F0006583A58322626362A262E36200223E4B8A
:102A00002263636300223D4BA263E36300223C4BDD
:102A10002264636400223B4BA264E36400223A4BCD
:102A20002265636500220023A265E3652266636672
:102A3000A266E36622676367230078331D80230064
:102A40007A331D8023007C331D80230022007E33D7
:102A50001D80012380321370220081321370220006
:102A600082321570220083321370284A1570284A6A
:102A70001570284A1370284B1D70284B1D70284B69
:102A80001D60FBF7A3FE274B1870274B1D70274BCB
:102A90001D70274B1D70274B1D70274B1D70274B3A
:102AA0001D70274B1D70274B1D70274B1D70230079
:102AB00088331D6023008C331D6023009A349833C3
:102AC0001D802580FDF7D8FF204B214819685A68E2
:102AD000FAF7FAF8F8F776FFFDF7D8FF70BD05238F
:102AE00079E7C0464C630020C0660020596300208F
:102AF00024F4FFFF00F8914000E0854000207C4076
:102B000000005440000044400000F03FA466002054
:102B1000A36600204002002090670020F20A0020F7
:102B200054630020B0650020D0650020B16500200E
:102B3000D3650020D2650020C2650020C365002057
:102B4000A1660020A2660020A066002034000020BC
:102B5000A866002010B5144C6378002B14D0FCF745
:102B600043FD1020FCF7E4FCE18A102089B2FCF759
:102B700001FD10200021FCF719FDFCF733FD0023B7
:102B800010206370FCF7AEFCF8F752FF2200230020
:102B9000001280B28432108088339A3419682388F6
:102BA00012885B00CA5210BDC066002070B5204C70
:102BB000A378002B14D0FCF717FD1120FCF7B8FC0C
:102BC000218B112089B2FCF7D5FC11200021FCF7E4
:102BD000EDFCFCF707FD00231120A370FCF782FC3D
:102BE000F8F726FF2300220025000012843380B26C
:102BF00018809A358C3211682A88188852008852B9
:102C00001888230088331A682B8890345B009B5AFD
:102C10002668C01AC317C0185840F6F763FD2C8801
:102C2000A40030512B8801339BB22B8070BDC0466D
:102C3000C066002010B5FCF7D7FC0620FCF752FC5C
:102C4000FCF7D0FC0122024B9A7100225A8110BD80
:102C5000C066002010B5FCF7C7FC0720FCF742FC5B
:102C60000E20FCF73FFC1020FCF73CFC1120FCF789
:102C700039FCFCF7B7FC0122014BDA7010BDC046ED
:102C8000C0660020F8B502000B0000201F49F7F7CE
:102C900085F9F8F7CFFC0500F8F708FD02000B00F6
:102CA00006000F00F6F7B4FDF5F794FC184C80B25F
:102CB000E081E389A8B29BB22382E3899BB263825D
:102CC000ABB2A382E3899BB2E382E3899BB2238305
:102CD000F8F7ECFC0F4A104BF7F79AFDF5F77AFC82
:102CE0000C4A0D4B85B239003000F7F791FDF5F72E
:102CF00071FC80B2F8F7DAFC32003B00F6F788FD91
:102D0000F5F768FC80B26583A083F8BD8084EE404F
:102D1000C06600205C8FC2F5285CEF3F10B5174CF1
:102D2000E378002B01D1FFF795FFFCF75DFC218ACA
:102D3000072089B2FCF71EFCA18A0E2089B2FCF79D
:102D400019FC618B102089B2FCF714FCA18B1120B7
:102D500089B2FCF70FFC00210720FCF727FC0021BB
:102D60000E20FCF723FC00211020FCF71FFC0021A3
:102D70001120FCF71BFCFCF735FC10BDC0660020E1
:102D800010B50C4C638901339BB26381628923893E
:102D90009A4203D2084B1B78002B0AD1FCF724FC83
:102DA0000620FCF7C5FBFCF71DFC0023A371FFF711
:102DB000B5FF10BDC066002040020020014B18790D
:102DC000C0B27047C066002010B5154B154C186A8C
:102DD000596A20626162986AD96A206361631869DE
:102DE00059699A69DB692064616422656365206AB8
:102DF000616A226B636BF7F7F1FFA063E163206AFE
:102E0000616A226D636DF6F703FDA062E162002244
:102E1000206C616C044BF7F7FBFCA064E16410BD0F
:102E2000800A0020C06600200000E03F10B5104C72
:102E300010492300783308881A88904207D01A88EE
:102E40000D4892B20A80198889B2F9F76BFF220007
:102E50007A347E3211882388994207D02388064825
:102E60009BB21380218889B2F9F76CFF10BDC04670
:102E7000C06600203C670020A86600200022F8B54C
:102E8000644B654C1A8023007A331A80FFF7CEFF1B
:102E9000FDF78EFD614B624D1F78624E002F2BD0E7
:102EA0002B0036331878FDF76BFF3378002B4DD0AD
:102EB000A26AE36AA265E3650022A06DE16D5A4B48
:102EC000F7F7A6FCF5F786FB230080B2783318806D
:102ED0000022002322666366230000227A331A80D0
:102EE000FFF7A4FFA86B09284ED8F5F70BF94B6242
:102EF000676C71767B8289904C4B1B78002B13D0CA
:102F000028680121C0B2FDF7E7FE286C002803D035
:102F10003900C0B2FDF7E0FE686C0028C5D0002182
:102F2000C0B2FDF7D9FEC0E73378002BD8D0404BB4
:102F30001F78002F06D101210F20FDF7CDFE3900AB
:102F40000E20EEE728680121C0B2EAE7374A12787E
:102F5000002AC5D0002000212200A065E16578325A
:102F60001380A26AE36A226663662F4B0022206EFA
:102F7000616EF7F74DFCF5F72DFB230080B27A3335
:102F80001880ADE7FDF778FDA379002B01D1FFF79D
:102F900051FEFCF729FBA189062089B2FCF7EAFA69
:102FA00000210620FCF702FBFCF71CFB0123237128
:102FB000F8BDFDF761FDFDF705FDE5E7FDF75CFDFB
:102FC000FDF714FDE0E7FDF757FDFDF7FBFCF7E724
:102FD000FDF752FDFDF71EFDD6E7FDF74DFDFDF7B0
:102FE00005FDF7E7FDF748FDFDF7ECFCFDF726FDD5
:102FF000CAE7FDF741FDFDF7E5FCFDF7F7FCF5E756
:10300000FDF73AFDFDF7DEFCFDF704FDEEE7FDF709
:1030100029FDB9E738670020C0660020BC0A0020FF
:10302000800A0020D901002000403A405A63002065
:10303000C165002010B5FCF7D7FA00210620FCF787
:10304000B5FA00210720FCF7B1FA00210E20FCF7A9
:10305000ADFA00211020FCF7A9FA00211120FCF79D
:10306000A5FA0620FCF764FA0720FCF761FA0E20A7
:10307000FCF75EFA1020FCF75BFA1120FCF758FA17
:10308000FCF7B0FAFFF78AFCFDF7F6FC0022034BD1
:103090001A80034B1A80FFF7C9FE10BD3867002065
:1030A0003A670020F8B5914C6379DFB2002B00D16C
:1030B000D8E000276771A06AE16A226D636DF7F7B7
:1030C0008DFE2300A062E1629433A06AE16A1E686B
:1030D00023009A331D88F8F783FBAD007051A06A76
:1030E000E16AA26BE36B2500F5F7B6F9012683359B
:1030F000B84200D18EE0230082331E70A06AE16ADC
:10310000A26BE36BF5F79EF9B84200D182E0FFF7BE
:1031100091FF774B2F701B78BB421AD0754B1B78F1
:10312000BB4216D000220023A265E365230078335A
:103130001F80FFF77BFE704B1B78BB4200D167E01E
:103140006E4B1B78BB4200D162E0FA20400001F0D8
:10315000DDFC052001F0DAFCFDF798FC2300833349
:103160001B78002B27D0664B1B78002B23D0A06A3E
:10317000E16A226A636A2500F5F75EF97A3500286C
:103180004AD0A06AE16AA26CE36CF6F741FBA06545
:10319000E1650022A06DE16D5A4BF7F739FBF5F7B9
:1031A00019FA230080B278331880002200232266A7
:1031B000636600232B80230083331B78002B26D0EB
:1031C0004B4B1B78002B22D0A06AE16A226A636A0B
:1031D0002500F5F731F97835002830D0002200239A
:1031E000A265E36500232B80A06AE16AA26CE36C10
:1031F000F6F70EFB206661660022206E616E414B81
:10320000F7F706FBF5F7E6F97A3480B22080F8BDCF
:103210003D489CE72E70A1E7206E616E226D636DC4
:10322000F6F7F6FA206661660022206E616E354B75
:10323000F7F7EEFAF5F7CEF980B22880BBE7A06D7C
:10324000E16D226D636DF6F7E3FAA065E165A06DAF
:10325000E16D00222B4BF7F7DBFAF5F7BBF980B2F3
:103260002880D4E701236371254B1E78002E1CD0E3
:10327000A06AE16A226A636A2500F5F7DDF87A350B
:10328000002809D0230080331F70226C636C2267F2
:103290006367206F616FDCE7206F616F226D636D84
:1032A000F6F7B6FA20676167F3E7114B1B78002B3E
:1032B000ADD0A06AE16A226A636A2500F5F7BCF81E
:1032C0007835002809D0230080331E70226C636C8F
:1032D000A266E366A06EE16EBBE7A06EE16E226DB2
:1032E000636DF6F795FAA066E166F3E7C066002025
:1032F0005A630020B60A00204C6300205963002066
:10330000D901002000403A40C4090000054B10B527
:103310001B78002B01D1FFF78DFEFFF7C3FEFFF7EF
:1033200085FD10BD4002002010B50F4C2378002B06
:1033300014D0FCF759F90E20FCF7FAF8618A0E2038
:1033400089B2FCF717F90E200021FCF72FF9FCF7E2
:1033500049F900230E202370FCF7C4F8FFF7A2FE02
:10336000FFF764FD10BDC046C066002070B50400C4
:1033700004A80588094E0A48346004008C34216092
:10338000010090310A600200943213600300983308
:103390001D8000239A30038070BDC046486700201E
:1033A000C0660020F8B51D4B1C78002C2AD01C4BA1
:1033B00064241B78002B00D1503C1A4F012238683E
:1033C0007968FBF703FD184E012230687168FBF73E
:1033D000FDFC164D002228686968FBF7F7FC200009
:1033E00001F094FB386801227968FBF7EFFC306844
:1033F00000227168FBF7EAFC286800226968FBF785
:10340000E5FCF8BD0A4B1B78002BD6D0044B642496
:103410001B78002BD1D0FA24A400CEE759630020FA
:103420009167002064000020740000205C000020F0
:10343000D80100201C4BD0B51A6806000F00012AE5
:1034400000D01B68FDF7C6FB184C00212000F9F7DF
:1034500069FC0022164B30003900F6F7D9F9154BFC
:103460000022F7F7D5F9F5F7B5F881B22000F9F7A2
:1034700069FC114801F04AFB00212000F9F752FCD9
:1034800000212000F9F75EFCFDF700FB0B4B1B78D9
:10349000002B07D001220A4BF5201A701978C9B207
:1034A000FBF722FBD0BDC0463C020020A8660020EE
:1034B00000206C4000403A40B80B0000C665002078
:1034C000C5650020F0B5444B87B01E78002E00D0B3
:1034D00078E0424A1278002A00D077E01600019284
:1034E000FDF75AFAF8F76EFA3D4A3E4B009219681A
:1034F00000985A68F9F7E8FBFDF74AFB00210098AD
:10350000F9F710FCFA2700210098F9F71BFC0024BA
:1035100000257F00F8F772FAC31702900393013F6A
:10352000029A039BA4185D41002FF3D1FA220023D5
:10353000520020002900F4F7E7FF31000500009851
:10354000F9F7F0FBFA2401990098F9F7FBFB002644
:1035500000276400F8F752FAC31704900593013C62
:10356000049A059BB6185F41002CF3D12100009806
:10357000F9F7D8FB21000098F9F7E4FBFDF71EFBF3
:10358000FA20400001F0C2FAFA2200235200300073
:103590003900F4F7B9FF451BEB17ED185D40280023
:1035A000F8F784F80022104BF6F7F8FCF5F712F85C
:1035B0000E4E0F4A0F4B3060954209DD0120187006
:1035C00007B0F0BD00230C4E019389E70A4BFBE7DF
:1035D00002201C70F4E7C046D90100205A63002085
:1035E000A86600203400002000408F40846700203F
:1035F000102700008F67002045330000282210B5F7
:103600000021054803F08AFF0022044BDA725A7148
:103610005A729A7210BDC04695670020BC05002002
:10362000F8B505000024FBF77FFE80260227285D01
:10363000FBF784FE002C05D10E4B22001868596858
:10364000FBF7C4FB0C4B9A683242FCD09A683A42B2
:10365000FCD09A683242FCD1002C07D1054B0122E4
:1036600018685968FBF7B2FB0134E0E701340C2C11
:10367000DDD1F8BD9400002000300140F0B589B0E4
:1036800002920393029B01901800039B00225B00AF
:1036900059082F4BF7F7BCF8002300220692079336
:1036A00006AA04000D0003F0D7FF2A4A2A4BF4F7BC
:1036B000DDFE002807D0069807990022274BF6F771
:1036C000A7F804000D0029002000F7F7B3FF0A2136
:1036D0000600F4F7B5FD6421C4B23000F4F7B0FD84
:1036E0000A27FA21C3B204937B43E31A7C431B01EC
:1036F000341B1C19E3B2890030000593F4F7A0FDD8
:103700001749C5B23000F4F79BFD3B00C4B26343D8
:10371000EB1A7D43049A1B01551B124930005D19B9
:10372000F4F78EFD474302980399E41B002200231F
:10373000EDB2E4B2F4F786FE002801D0103CE4B20A
:10374000019B059A5D709A701C7009B0F0BDC0466F
:1037500000002440CDCCCCCCCCCCEC3F0000F03FE2
:1037600010270000A0860100F0B51C0085B06300A2
:10377000019059081000234B0022F7F749F8002365
:1037800000220292039302AA04000D0003F064FFDA
:103790001D4A1E4BF4F76AFE002807D002980399D1
:1037A00000221B4BF6F734F804000D00290020001E
:1037B000F7F740FF0A210500F4F742FD0A27C4B2DB
:1037C00064212800F4F73CFD3B00FA21C6B27343A4
:1037D000E31A7C431B012C1B1C19019B28005C7005
:1037E0008900F4F72DFD0B49C4B22800F4F728FD39
:1037F00078436743201A019BF61B0001801918705B
:1038000005B0F0BD00002440CDCCCCCCCCCCEC3FFE
:103810000000F03F10270000F0B58BB0039310AB11
:10382000029204CB07AC1F8812AB1B780090019169
:10383000049200210C222000059303F06FFE7BBA56
:10384000200063800025FFF7EBFE07ACAF4218DCD9
:103850000C220021200003F061FE059A2B23002A90
:1038600000D004332000E37023716371FFF7D8FEAA
:10387000174B18685968FBF7AEFA0028F8D10BB05F
:10388000F0BDF0232370049BAE009859F7F760FF5A
:103890000B0006A90200481DFFF7F0FE009B6A001E
:1038A0009B5A01355BBAA380019B9B5A5BBAE380AC
:1038B000029B9859F4F776FE039B40BA20819859F1
:1038C000F4F770FE40BA60812000FFF7A9FEBCE764
:1038D0008C00002070B50024044D2E78285DFBF785
:1038E0000BFD230001349E42F8DA70BD956700207D
:1038F00070B50E4C0E4DE37928000233DBB2237213
:10390000E3792B70E179E679C9B2F9F7B9F9F6B242
:10391000A855E679F9F7BCF9F6B2AE197070217ABC
:103920002800C9B2FBF7F4FC70BDC046BC050020FE
:10393000BD67002010B50B4A0B4B51785970917838
:103940009970D278DA7053221A7101325A71073A9B
:103950009A714C3ADA71054B0732DA71FFF7C8FFFA
:1039600010BDC04695670020BD670020BC05002043
:103970000C22064B10B506485A70FAF74EFD082285
:10398000044BDA71FFF7B4FF10BDC046BD670020DD
:10399000BF670020BC0500200722064B10B5064873
:1039A0005A70FAF71DFA1222044BDA71FFF7A0FFE2
:1039B00010BDC046BD670020BF670020BC050020C9
:1039C0000822064B10B506485A70FAF74BFA122235
:1039D000044BDA71FFF78CFF10BDC046BD670020B5
:1039E000BF670020BC05002013226F210D4B10B5CE
:1039F0005A702E329A700D32DA700C3A1A711132F6
:103A00005A7112329A710932DA71597205320331E0
:103A10001A72DA729972044B673ADA71FFF768FF2B
:103A200010BDC046BD670020BC050020052310B5B1
:103A3000054C6370FAF7E3FD0322044BA070DA71C2
:103A4000FFF756FF10BDC046BD670020BC05002033
:103A50002E2310B5054C6370FAF7C2FE0322044B07
:103A6000A070DA71FFF744FF10BDC046BD670020AB
:103A7000BC0500200B2310B5054C6370FAF7D7FD89
:103A80000322044BA070DA71FFF732FF10BDC0466D
:103A9000BD670020BC050020062310B5054C6370EF
:103AA000FAF7BDFD0322044BA070DA71FFF720FF87
:103AB00010BDC046BD670020BC0500200A2310B51C
:103AC000064C6370FAF74EF90422030AA370044B04
:103AD000E070DA71FFF70CFF10BDC046BD67002033
:103AE000BC050020092310B5054C6370FAF78FFD63
:103AF0000322044BA070DA71FFF7FAFE10BDC04636
:103B0000BD670020BC0500201FB514230F4C0F22F9
:103B100068460F49637003F096FD00220223694650
:103B2000895C080020385E2801D8E1540133013255
:103B30000F2AF4D1102B02DC023AE2540133054A79
:103B4000DBB2D371FFF7D4FE1FBDC046BD670020B6
:103B5000808D0108BC050020152310B5054C63704D
:103B6000FAF7B1F90322044BA070DA71FFF7C0FE37
:103B700010BDC046BD670020BC05002010B5024B3B
:103B80009878FAF799F910BD956700200D2310B5C4
:103B9000064C6370FAF75BFDA070FAF760FD042233
:103BA000034BE070DA71FFF7A3FE10BDBD67002084
:103BB000BC0500201B2310B5054C6370FAF73FFDD0
:103BC0000322044BA070DA71FFF792FE10BDC046CD
:103BD000BD670020BC050020172310B5054C63709D
:103BE000FAF72CFE0322044BA070DA71FFF780FE77
:103BF00010BDC046BD670020BC0500200222054B59
:103C000010B55A7000229A70034B0332DA71FFF735
:103C10006FFE10BDBD670020BC050020122310B54B
:103C2000094C6370FAF7E3FC084BA070012805D13A
:103C300018740322DA71FFF75BFE10BD0228F8D179
:103C400000221A74F5E7C046BD670020BC050020BD
:103C50001D2310B5094C6370FAF741F9084BA070A9
:103C6000012805D158740322DA71FFF741FE10BD17
:103C70000228F8D100225A74F5E7C046BD6700203B
:103C8000BC05002070B518220125054B054C9D7020
:103C90005A700323E371FFF72BFE257170BDC046F8
:103CA000BD670020BC050020014B18607047C0466E
:103CB00000680020002370B5CA0F52185210013955
:103CC000934200DB70BDCC1A065DC55CC65401335F
:103CD0000555DBB2F4E710B50B0A017043700B0C0D
:103CE000090EC17083700421FFF7E4FF10BD0000CE
:103CF0003E23F0B58E4F85B0FB71FB798D4C237060
:103D0000162363708C4B1D682B782E00A3702B003C
:103D100038331B786A781B019B18E3702B008033C3
:103D20001A685B6800920193009801990022834B06
:103D3000F4F782FB3936002803D13378022B00D800
:103D4000D4E042232371853363713833A371823BFE
:103D5000E37128696969F7F743FD794B011C180085
:103D6000FFF7B9FF286A696A764B1B780093002B2E
:103D700000D1C5E042232373853363733833A373C3
:103D8000823BE373009B286B696B002B00D1BFE083
:103D900042232374853363743833A374823BE37402
:103DA000337803AE23752B003A331B7863752B00F1
:103DB0003B331B78A3752B00883318685968F4F7D8
:103DC00009FC80B2030AE37520762A6C6B6C300024
:103DD000FFF7CAFC2800338848305BBA727803804A
:103DE000594B31781888A276617680B2F7F78CFC4F
:103DF00002000B003000FFF7B7FC28003388583072
:103E00005BBA72780380514B3178300022771A68A0
:103E10005B68E176FFF7A8FC2800338868305BBA5E
:103E20007278317803804A4B6177A27718685968B5
:103E300028666966F4F7CEFB2A0080B2030AE377AE
:103E4000631CD877434B70321B889BB21380190ACE
:103E5000A21CD177E21CD3772B002A0072331B8877
:103E60007432190A1380221DD177621DD3773A4B21
:103E70001868F4F797FB2B0080B278331880020A99
:103E8000A31DDA77E31DD8772B002A007A331B882D
:103E90007C3213802200190A0832D177220028329E
:103EA00013702B0022007E331B7829321370009B85
:103EB000A86AE96A002B33D0230042222A331A7001
:103EC000230085322B331A70230038322C331A70BA
:103ED0007D232D3423707F35FA79204B2978D154F6
:103EE000FFF706FD00233B7105B0F0BD0098019976
:103EF000F7F776FC1A4B011C1800FFF7ECFE28E7D9
:103F0000F7F76EFC174B011C1800FFF7E4FE39E7CA
:103F1000F7F766FC144B011C1800FFF7DCFE3FE7C7
:103F2000F7F75EFC114B011C1800FFF7D4FED2E737
:103F3000BC050020BD6700200068002000002E4066
:103F4000C5670020646700207C67002030020020E5
:103F5000180200207E67002070670020BC670020E8
:103F6000C1670020C9670020CD670020E7670020F7
:103F7000014B1879C0B27047BC05002010B5054B45
:103F80009878012802D1F9F781FE01E00228FAD0E1
:103F900010BDC0469567002010B5044B9878431EAD
:103FA000072B01D8F9F778FE10BDC04695670020B1
:103FB00010B5054B9878092803D80020F9F772FE50
:103FC00001E0F028FAD910BD9567002010B5034B29
:103FD000D9789878F9F7B8FE10BDC04695670020EB
:103FE00010B50248FAF703FA10BDC04697670020E3
:103FF00010B5054B9878012802D1F9F765FE01E06C
:104000000228FAD010BDC0469567002010B5044BB9
:10401000DC789878F9F75EFE2000F9F761FE10BDB4
:104020009567002010B5024B9878FAF76FF910BD2C
:104030009567002010B5024B9878FAF76FF910BD1C
:104040009567002010B5024B9878FAF76EF910BD0D
:104050009567002010B5024B9878FAF76DF910BDFE
:104060009567002010B5024B9878FAF76CF910BDEF
:104070009567002010B50248F9F781FE10BDC046D3
:104080009767002010B50248F9F78CFE10BDC046B6
:104090009767002010B50248F9F7C6FE10BDC0466C
:1040A0009767002010B5F9F71AFF044B012801D1DA
:1040B000587410BD00225A74FBE7C046BC050020AE
:1040C00010B5064B9878012802D1F9F7EFFE01E010
:1040D0000228FAD0FFF7E6FF10BDC0469567002022
:1040E00010B5084B9C782000FAF702F9012C03D197
:1040F0000B22054B1A7010BD022CFCD10D22024B75
:10410000F8E7C046956700204102002010B5024B39
:104110009878FAF7F4F810BD956700201E2310B5C3
:10412000054C6370FAF740FB0322044BA070DA7170
:10413000FFF7DEFB10BDC046BD670020BC050020B8
:104140002F2310B5054C6370FAF7A6FA0322044B2F
:10415000A070DA71FFF7CCFB10BDC046BD67002030
:10416000BC050020094B10B518695969F7F738FBF1
:10417000074B011C1800FFF7AEFD1022054B5A70CB
:10418000054B0A3ADA71FFF7B3FB10BDD8090020DE
:10419000BF670020BD670020BC050020262010B5A9
:1041A000FF30FAF783FC0400FEF778FA022C07D1FF
:1041B000FEF784FB044B18615961F7F711FB10BD42
:1041C000FEF7C0FAF6E7C046D8090020112310B563
:1041D000064C6370FFF776F90322054BA070DA7185
:1041E000FFF786FB0122034B1A7010BDBD6700204C
:1041F000BC0500209067002030B585B06846FAF70E
:10420000B1F9002301211A0015486C46E55CC45C35
:10421000A54200D00A0001330E2BF6D100239A42AA
:1042200002D0FAF7ACF9FF230E4C3322A370D02052
:10423000FF23627000211A004000FAF7B4F9FF234F
:10424000E070A2201A000021FF30FAF7ACF9052235
:10425000054B2071DA71FFF74BFB05B030BDC0464E
:10426000808D0108BD670020BC050020342310B5F7
:10427000054C6370FAF718FA0322044BA070DA7148
:10428000FFF736FB10BDC046BD670020BC0500200F
:10429000362310B5054C6370FAF710FA0322044B6D
:1042A000A070DA71FFF724FB10BDC046BD67002087
:1042B000BC050020372310B5054C6370FAF707FAE8
:1042C0000322044BA070DA71FFF712FB10BDC04649
:1042D000BD670020BC050020382310B5054C637075
:1042E000FAF7FEF90322044BA070DA71FFF700FB26
:1042F00010BDC046BD670020BC050020392310B5A5
:10430000054C6370FAF7F5F90322044BA070DA71DB
:10431000FFF7EEFA10BDC046BD670020BC050020C7
:10432000F8B5AE4DAE4C2B78280063716B78637294
:1043300063790233DBB2A37163796179EE5CC9B250
:10434000F8F79EFC864206D16379EB185E78F8F7A1
:104350009FFC864202D0FFF751F9F8BD6379052B27
:1043600013D1637A412B10D16B78412B0DD1AB78EF
:104370004E2B0AD1EB78422B07D12B790D2B04D190
:104380000122984B1A70FFF7D5FA627AD3B2012A4C
:1043900000D08CE0AA78A272A17ACAB2012914D105
:1043A000914B1A70914B1A70914B1A70A37A052B8E
:1043B0002AD1904A043B13708F4A13708F4A1370AE
:1043C0008B4A1370FFF786FAC5E7A27A032A03D156
:1043D000854A13708A4A05E0A27A022A05D1824AE8
:1043E0001370854A1370854A05E0A27A042A06D123
:1043F000804A13707D4A13707D4A1370D6E7A27A03
:10440000062AD3D17B4AE4E7A37A812B05D1764BE8
:1044100001221A70754B1A70D4E7A37A832B06D148
:10442000714A823B1370764A1370744AC9E7A37AC3
:10443000822B04D16C4A813B13706F4AF4E7A37A54
:10444000842B01D16B4BE3E7A37A862B02D1694A17
:10445000853BE7E7A37A852B02D1664A843BEBE7ED
:10446000A37A072B02D0A37A082B0ED10124654B27
:104470001C70FAF735F95F4BA04200D05A4B1C7004
:104480005A4B1C705A4B1C709CE7A37A872B02D0A6
:10449000A37A882B96D101245A4B1C70FAF720F985
:1044A000544BA04200D0504B1C70504BEBE7637A4A
:1044B000022B03D1544B00221A704CE7637A2E2B47
:1044C00008D1A37A002B02D0A878FAF73BF8FFF7BF
:1044D000BFFA40E7637A052B0AD1AB78A372A37ABF
:1044E000002B02D1FFF7A2FA35E7FFF755FDF9E7F8
:1044F000637A062B0BD1AB78A372A37A002B03D07F
:10450000A07AC0B2F9F7D4FBFFF7C6FA23E7637AC3
:10451000072B12D1AB78A3726379032B06D1A37A50
:10452000002B00D017E7FFF737FA14E76379122B57
:1045300000D910E7FFF7A6FDF5E7637A082B12D143
:10454000AB78A3726379032B06D1A37A002B00D03A
:1045500001E7FFF735FAFEE66379122B00D9FAE698
:10456000FFF798FDF5E7637A092B0AD1AB78A372C0
:10457000A37A002B02D1FFF7B5FAECE6FFF718FD9E
:10458000F9E7637A0A2B12D1AB78A3726379032B14
:1045900006D1A37A002B00D0DDE6FFF78FFADAE62A
:1045A0006379042B00D0D6E6FFF710FDF5E7637AB8
:1045B0000B2B2BD1AB78A372A37A002B0AD0A37A52
:1045C000D8B2012B02D1F9F779FB03E0A37AD8B274
:1045D000022BF8D0FFF74EFABDE6C04695670020E3
:1045E000BC0500203D010020946700208D6700205D
:1045F00088670020936700208B6700208967002070
:104600008A6700209267002040020020637A0C2B0A
:1046100012D1AB78A3726379032B06D1A37A002B56
:1046200000D098E6FFF7A4F995E66379082B00D04F
:1046300091E6FFF7D5FCF5E7637A0D2B10D1AB7847
:10464000A372A37A002B04D0A37A012B04D1FFF725
:10465000DDFCFFF79BFA7EE6A37A022BF9D1F6E7A1
:10466000637A0E2B03D1AB78A372A37A73E6637AD5
:104670000F2BF8D0637A102B0FD1AB78A372A37AEB
:10468000002B00D067E6FFF789FDF7F761F8BB4C18
:1046900020616161FFF766FD5DE6637A112B08D149
:1046A000AB78A372A37A002B00D054E6FFF78EFDFF
:1046B00051E6637A122B10D1AB78A372A37A002B48
:1046C00004D0A37A012B04D1FFF758FCFFF7A6FA18
:1046D00041E6A37A022BF9D1F6E7637A1D2B10D1BC
:1046E000AB78A372A37A002B04D0A37A012B04D158
:1046F000FFF7E6FCFFF7ACFA2DE6A37A022BF9D11F
:10470000F6E7637A132B08D1AB78A372A37A002B58
:1047100000D020E6FFF768F91DE6637A142B08D174
:10472000AB78A372A37A002B00D014E6FFF7ECF964
:1047300011E6637A152B0CD1AB78A372A37A002B08
:1047400004D0637A002B01D0FFF718FAFFF704FAC0
:1047500001E6637A162B08D1AB78A372A37A002BFB
:1047600000D0F8E5FFF7C4FAF5E5637A172B08D116
:10477000AB78A372A37A002B00D0ECE5FFF72CFAFC
:10478000E9E5637A1B2B10D1AB78A372A37A002BD7
:1047900004D0A37A012B04D1FFF72AFCFFF70AFA11
:1047A000D9E5A37A022BF9D1F6E7637A1C2B06D15F
:1047B00063790E2B00D0CEE5FFF75CFCCBE5637A86
:1047C0001E2B10D1AB78A372A37A002B04D0A37A4E
:1047D000012B04D1FFF784FCFFF7A0FCBBE5A37A13
:1047E000022BF9D1F6E7637A2F2B10D1AB78A372A5
:1047F000A37A002B04D0A37A012B04D1FFF786FC07
:10480000FFF79EFCA7E5A37A022BF9D1F6E7637ABE
:104810001F2B09D15A4B9B78A372A37A002B00D18E
:1048200099E5F7F789FACDE5637A242B07D1544B44
:104830009B78A372A37A002B00D18CE5C2E5637A42
:10484000504C252BF3D0637A282B1AD14C4B0122E4
:104850009B78F420A37200231900F9F7A4FE431EED
:104860009841494BC0B21870002301221900F5206D
:10487000F9F799FE431E9841444BC0B21870A37AD1
:10488000A0E5637A312B02D1F9F7A2FD9AE5637AAC
:10489000322B01D13E4B0EE6637A332B0FD1384BCE
:1048A0009A78A272A27A002A06D0A27A012A03D1AB
:1048B0001979D878F9F76AFEFFF79EFC4BE5637A21
:1048C000342B0AD12E4B9B78A372A37A002B01D0F4
:1048D000FFF7A8FBFFF7CAFC3DE5637A352B3FD114
:1048E0000125002400260027F7F75EFA294B1D70EA
:1048F000F7F722FAF7F74CFA0020F9F740FD224BC0
:10490000F4201C701978C9B2FAF7EEF81F4BF520A5
:104910001C701978C9B2FAF7E7F8FCF791FEFCF7BA
:104920009BFEFCF7A5FEFCF7B9FEFCF7CFFE2000CE
:10493000F9F71EFD184B1C70FCF7BCFE174B1E60F0
:104940005F60F9F72BFC164B1E605F60F9F798FC6F
:10495000144BFA201D701978C9B2FAF7C5F831E581
:10496000637A362B20D1064B9B78A372A37A002B57
:1049700001D0FFF75FFBFFF78BFCECE4D8090020C8
:1049800095670020BC050020C7650020C565002094
:104990003C010020AF650020F00A0020C803002081
:1049A00030020020C4650020637A372B0AD1144BF3
:1049B0009B78A372A37A002B01D0FFF743FBFFF78C
:1049C00079FCC8E4637A382B0AD10D4B9B78A3722B
:1049D000A37A002B01D0FFF73DFBFFF77DFCBAE483
:1049E000637A392B00D0B6E4054B9B78A372A37A87
:1049F000002B01D0FFF736FBFFF780FCABE4C0468D
:104A00009567002010B5044B0A000100180002F061
:104A10001AFEFFF785FC10BD956700200D488546FE
:104A2000FCF78AFA0C480D490D4A002302E0D458DD
:104A3000C4500433C4188C42F9D30A4A0A4C0023E8
:104A400001E013600432A242FBD302F0D5FDFAF775
:104A500013FAFEE70090002000000020A4020020CE
:104A6000E88E0108A802002054690020FEE700003B
:104A700070B5104B05001978002901D1012070BDD7
:104A8000FA208000F3F752FB0B4C01002068F3F78B
:104A90004DFB00F083F8041EF0D1032DEED8020088
:104AA00001202900404200F043F8044B20001D6023
:104AB000E5E7C046420200204001002044020020F9
:104AC0008023084A5B00116810B50B430020136077
:104AD000FFF7CEFF041E03D1FBF744FD200010BDFD
:104AE0000124FBE700200240034A044B11681B78B5
:104AF0005B1813607047C046046800204202002023
:104B0000014B18687047C0460468002070B5040067
:104B1000FFF7F6FF0500631C02D0044B1B78E41876
:104B2000FFF7EEFF401BA042FAD370BD4202002007
:104B300010B5FF2403220B0021000240D200914057
:104B40009B012340C943934000280ADBC0240B4A41
:104B5000800880008018A40002590A4013430351C2
:104B600010BD0F2210400838054A800880008018C8
:104B7000C26911401943C161F2E7C04600E100E09B
:104B800000ED00E0002805DB1F2318401E3B83409A
:104B9000014A13607047C04600E100E08022431ED6
:104BA0005204012093420DD2C021074A07485360A6
:104BB000036A09061B021B0A0B430362002007233A
:104BC000906013607047C04610E000E000ED00E028
:104BD000F0B5846CC56C6560046D002C02D0446D2A
:104BE000856D65601C24056C084E25401B3CAC405F
:104BF00077683C437460046863608368102B02D15B
:104C0000A260E160F0BDA160E260FBE7000002404D
:104C100010B50400036C094A9B089B189B00436471
:104C200000681421C0B20838F3F780FA044BA3647B
:104C30001F2318401E3B8340E36410BD0082001018
:104C400080080240F8B504000120002C46D02568F9
:104C5000254B1421E818F3F769FA02238000A61DFA
:104C60002064F3772B68214AA76813402B60E36820
:104C700021693B430B4361692A680B43A16920000A
:104C80000B43E1690B43216A0B4313432B60FFF78E
:104C9000BFFF8023DB019F4201D1002363603F23DC
:104CA0006268616C13400B60E06CA16C013A486073
:104CB000032A14D80E4A0F4899180122013B9A4042
:104CC000A265130000228900216560650A604360C7
:104CD00000200123E0630534F377E077F8BD00237B
:104CE00023656365A365F3E7F8FFFDBF0F80FFFF52
:104CF0003F82001040090240F7B5451D0193EE7F49
:104D000004000220012E33D00138E877A71DFE7F72
:104D1000B4466346F6B200960026834230D1013095
:104D2000F8772568E6632868009B98432860019B14
:104D30002000FFF74DFF236BB3421AD00E232A68E1
:104D400013432B60636C1A68D20304D58022196860
:104D500052000A431A60236D002B04D08022196888
:104D600052000A431A60012300202A6813432B6073
:104D7000FEBD04222B6893432B602A680A23DFE7D9
:104D80008023E363EE77F3E7F0B5002808D0841DB5
:104D9000E37F411D022B05D00423C3630023CB779F
:104DA0000120F0BD0E250268466C1368AB4313600A
:104DB0003368104D2B403360012316689E43166004
:104DC000026C1B331A401B3B93400B4E77683B43EE
:104DD0007360C26C836C5A60036D002B05D01A6837
:104DE0002A401A60436D826D5A6001230020E377E8
:104DF000C877D6E7FFFEFFFF00000240F8B5811D2F
:104E0000CB7F022B03D00423C3630120F8BD0E2403
:104E100002681C271368456CA343136001231468C0
:104E20009C4314602A68104C22402A60026C0F4D8B
:104E30003A4093406E6833436B60C26C836C5A6037
:104E4000036D002B05D01A6822401A60436D826DF5
:104E50005A6001230022CB77431DDA77836B93429C
:104E600000D098470020D1E7FFFEFFFF000002407E
:104E7000F8B51C240427016C264A21403C008C40D4
:104E8000166803681D6826420FD03D420DD0196890
:104E9000890602D41968B943196053681C43036B2F
:104EA0005460002B1BD0984719E002273C008C402F
:104EB000264215D03D4213D01968890606D40A252A
:104EC0001968A94319600121831DD97753681C43D0
:104ED00054600022431DDA77C36A9342E3D1F8BDE0
:104EE000082427008F403E42F9D02542F7D00E25F6
:104EF0001C68AC431C6001231D008D4029005468D0
:104F000021435160821DC363D3770022431DDA77AA
:104F1000436BE2E7000002400023F0B585B00A6869
:104F20001400DC4001D105B0F0BD012514009D4006
:104F30002C4000942A4200D191E04A685F009446D8
:104F40000322644622400324BC40E4430194541EDF
:104F5000012C2ED88668019C2640CC68BC40344386
:104F6000846044680126AC4325006446240934402B
:104F70009C402C434460C568019C25408C68BC4023
:104F80002C43C460022A16D107250F261D40AD0010
:104F9000AE40DC08A40004190294246A039626009B
:104FA000039CA64334000E69AE402643029C266251
:104FB00001E0032ADFD1BA400468019D25402A435D
:104FC000C02402606246A402224248D0254A03253A
:104FD0009C08A400A4180F221D40ED00AA40A027A1
:104FE000266EFF0596430022B8420CD01E4F0132B8
:104FF000B84208D01D4F0132B84204D01C4F0332D2
:10500000B84200D1023AAA40674632432266154CA4
:10501000009A2668009DD2433543FF0201D4350033
:105020001540674625606668009D3543BF0201D480
:1050300035001540674665600E4C009DE66F3543B0
:10504000BF0301D4350015406746E5670A4C009E52
:10505000E56F2E43FF0301D415402E00E6670133B0
:105060005DE7C046001802400004005000080050F0
:10507000000C005008180240041802400069084063
:10508000431E9841C0B27047002A01D08161704729
:105090008162FCE770B504000120002C3FD02500A0
:1050A00041352B78DAB2002B05D1230040332000A4
:1050B0001A70FBF76FFA242301212B702368E06834
:1050C0001A68A6688A431A601A4962680A401A6117
:1050D0009A6819490A409A60012821D18022120257
:1050E00032439A605868154A02435A60DA680020D1
:1050F0000A40DA60616922690A43A16909020A4328
:10510000DA60216AE2690A431A60012219680A43D7
:105110001A60202360642B7020634234207070BDBD
:105120008422120232439A600228DBD180221201CB
:105130005A60D7E7FFFFFFF0FF7FFFFF008000020C
:10514000F0B504004134227803000F000220D6B2EB
:10515000202A18D11D0040352A78012A13D0242294
:1051600022701B68233A196807489143196019682F
:1051700001400020196019683943196019680A4311
:105180001A6026702870F0BDFFEFFFFF0200F0B537
:10519000413214780300E5B20220202C17D11C0004
:1051A00040342678012E12D0223010701B6823382C
:1051B0001E68074F86431E601E6809023E40314349
:1051C0001960196808431860002015702070F0BD40
:1051D000FFF0FFFF8023034A5B0011680B4313605D
:1051E0007047C0460070004010B5114C114923684B
:1051F00002000B4003432360802300209B009A425F
:105200000ED10D4B0D49186806235843F2F78EFF57
:105210008022431CD200616908001040114200D175
:1052200010BD002B01D0013BF5E70320F8E7C04695
:1052300000700040FFF9FFFF4001002040420F00D6
:10524000F0B5040085B0002802D1012005B0F0BD02
:105250000368DB0710D423689B075CD423681B0713
:1052600000D5C1E023685B0700D5F2E0E369002BBD
:1052700000D079E10020E9E73822AF4DAB68134058
:10528000EA68102B09D1D3439B0708D12B689B03F5
:10529000E1D56368002BDED1D7E7082BF6D080225A
:1052A00063685202934211D12A6813432B60FFF7BF
:1052B00027FC80270600BF022B683B42CBD1FFF7BB
:1052C0001FFC801B6428F7D90320BFE7A021C90277
:1052D0008B4208D180232968DB020B432B602B68AB
:1052E0001A432A60E3E72A6894490A402A602A6838
:1052F00093490A402A60002BD9D1FFF701FC80278F
:105300000600BF022B683B42A5D0FFF7F9FB801BCC
:105310006428F7D9D8E73822874DAB681340EA688C
:10532000102B28D103210A40022A26D12A685205CF
:1053300003D5E268002A00D187E76968626981487D
:10534000120201400A436A60002B0CD12B687E4A8E
:105350007E491340226913432B602B687C4A9B04CF
:105360005B0FDA400A607B4B1868FFF781FB00286F
:1053700000D173E769E7002BD8D0E368002B20D079
:105380002B68714A802713402269FF0013432B606A
:1053900080232A685B0013432B60FFF7B1FB0600F4
:1053A0002B683B4207D06A68636966491B020A4062
:1053B00013436B6052E7FFF7A3FB801B0228EFD972
:1053C00082E72B68644A802713402B60FFF798FB25
:1053D0000600FF002B683B4200D13FE7FFF790FB40
:1053E000801B0228F6D96FE73822534DAB68134073
:1053F000182B08D12B6E9B0700D433E7A369002B31
:1054000000D02FE721E7A2690123002A10D02A6EDD
:10541000022713432B66FFF773FB06002B6E3B42FC
:1054200000D01FE7FFF76CFB801B0228F6D94BE783
:105430002A6E02279A432A66FFF762FB06002B6E4C
:105440003B4200D10EE7FFF75BFB801B0228F6D939
:105450003AE73822384DAB681340202B08D1EB6D6A
:105460009B0700D402E7A368002B00D0FEE6ECE621
:1054700080220021EB6B52050091134208D1EB6BA7
:105480001343EB63EB6B13400393039B01230093E4
:105490008027324E7F0033683B4215D0A368012B32
:1054A00022D1EA6D1343EB65FFF72AFB02270600C2
:1054B000EB6D3B4238D0009B012B00D0D6E6EB6B66
:1054C000274A1340EB63D1E633683B433360FFF771
:1054D00017FB019033683B42E0D1FFF711FB019BC2
:1054E000C01A0228F6D9EFE6EA6D052B05D1013B7B
:1054F0001343EB65EA6D0123D4E701218A43EA6592
:10550000EA6D03318A43EA65002BCDD1FFF7F8FA43
:1055100002270600EB6D3B42CDD0FFF7F1FA114BAD
:10552000801B9842F6D9CFE6FFF7EAFA0D4B801BB5
:105530009842BDD9C8E6C04600100240FFFFFEFFFA
:10554000FFFFFBFFFF80FFFFFFC7FFFF40010020C1
:105550000024F40044020020FFFEFFFF0070004022
:10556000FFFFFFEF881300003821434DAA680A406F
:10557000102A53D0414A022B3AD12B68802713407E
:105580002B60FFF7BDFA0600BF042B683B4229D110
:10559000616A236AEA680B43394980260A4013434B
:1055A000E26AB6041343226B1343626B1343A26A8D
:1055B00012021343EB6080232A685B0413432B60C1
:1055C0008023EA685B051343EB60FFF799FA040058
:1055D0002B68334200D04DE6FFF792FA001B0228F9
:1055E000F6D971E6FFF78CFA801B0228CDD96BE65D
:1055F0002B68802613402B60FFF782FA0400B60464
:105600002B68334204D1EB681E4A1340EB6031E64D
:10561000FFF776FA001B0228F2D955E6012B00D1DC
:1056200013E60322E868216A02408A4200D00CE6B1
:105630007022616A02408A4200D006E6FE21A26A18
:10564000C90101401202914200D0FEE5F822E16A50
:10565000920302408A4200D0F7E5E022216B120556
:1056600002408A4200D0F0E5636B400F4007C01A49
:10567000431E9841C0B2E9E500100240FFFFFFFE63
:105680008C80C111FCFFFEEE382370B51D4CA26862
:105690001A4205D123681C489B045B0FD84070BD9B
:1056A000A2681A40082A27D0A2681A40102A17D1E7
:1056B000E368E168DB43E5684906490F6F322D0A6C
:1056C000013115409B0709D11048F2F72FFDE16821
:1056D0006843490F0131F2F729FDE0E70A48F4E792
:1056E000A2681A40202A09D0A26800201340182B73
:1056F000D5D1FA20C001D2E70448D0E780200002CB
:10570000CDE7C046001002400024F40000127A00E9
:10571000F7B504000D00002801D10120FEBD0727C8
:10572000484E33683B408B422AD3226893073BD4D0
:10573000D20748D4072733683B40AB420AD93368C5
:10574000BB432B433360FFF7DBF9019033683B40E9
:10575000AB4268D123683C4D5B076CD4FFF794FFE4
:10576000AB683A491B051B0F9B005B581F210B4080
:10577000D840374A374B10601868FFF779F9CDE702
:105780003368BB430B433360FFF7BAF901903368CA
:105790003B40AB42C9D0FFF7B3F9019BC01A2E4B77
:1057A0009842F4D90320B9E72749530704D5E023E9
:1057B0008868DB0103438B608B6828480340A0683E
:1057C00003438B60B4E760681F4F032829D8F2F7C2
:1057D00099FC20021C243B689B039ED50722BB68D2
:1057E00093430343BB60FFF78BF901903823BA68FA
:1057F0001A406368DB009A429CD0FFF781F9019B55
:10580000C01A154B9842F1D9CCE73B689B01E5D40F
:1058100083E73B685B05E1D47FE73B6E9B07DDD404
:105820007BE7FB6DFAE7FFF76BF9019BC01A0A4BA8
:1058300098428BD9B6E7AB68094A1340E268134334
:10584000AB608BE70020024000100240408D010851
:10585000400100204402002088130000FFF0FFFFF9
:10586000FF8FFFFF064B07499B68074A5B045B0FEE
:105870009B005B581F2110680B40D8407047C04602
:1058800000100240208D010840010020F0B503689F
:10589000040085B000209B0352D58022704D520534
:1058A000EB6B0090134208D1EB6B1343EB63EB6B94
:1058B00013400393039B012300938027694E7F00CD
:1058C00033683B433360FFF71BF9019033683B4279
:1058D00028D0EA6DC02310009B00216B624E184057
:1058E0001A4218D0814216D08022EB6DE86D190063
:1058F00052020243EA65EA6D5C4831400240EA65C3
:10590000E965DB0707D5FFF7FBF807000222EB6D1F
:10591000134200D19CE0EB6D226B33401343002017
:10592000EB6506E0FFF7ECF8019BC01A0228CDD921
:105930000320009B012B03D1EB6B4D4A1340EB631B
:105940002368DA0706D5032545494A6DAA436568E9
:105950002A434A659A0706D50C2541494A6DAA4350
:10596000A5682A434A65DA0606D53D49414D4A6D88
:105970002A40E5682A434A659A0506D538493E4DCE
:105980004A6D2A40A5692A434A655A0506D5344915
:105990003A4D4A6D2A40E5692A434A659A0606D57A
:1059A0002F49374D4A6D2A4025692A434A655A04D2
:1059B0000FD52B49256A4A6D920092082A434A6501
:1059C0008022D205954204D18022CD6852022A431A
:1059D000CA601A0306D5402521494A6DAA43656A63
:1059E0002A434A659A020FD51D49264E4A6DA56A7B
:1059F00032402A434A658022D203954204D1802254
:105A0000CD6852042A43CA605A020DD5144D1E4E69
:105A1000696DE26A314011436965802149048A4217
:105A200002D1E9680A43EA601B050FD50C4A616997
:105A3000536D164C23400B4353658023DB01994281
:105A400004D18023D1685B020B43D36005B0F0BD65
:105A5000FFF756F80E4BC01B984200D856E767E791
:105A60000010024000700040FFFCFFFFFFFFFEFF40
:105A7000FFFFFFEFFFF3FFFFFFFFF3FFFFFFCFFF8E
:105A8000FFCFFFFFFFFFBFFFFFFFFFFEFF3FFFFF57
:105A900088130000A0210268F8B5D36804008B4386
:105AA000D360FFF72DF8FA2705002026BF002368F2
:105AB000DB68334201D00020F8BDFFF721F8401B1E
:105AC000B842F4D90320F7E7F7B54026036805008C
:105AD000DA680024324211D18022D968FA270A43B9
:105AE000DA60FFF70DF8BF0000902B68DB681A0042
:105AF00032400192334201D1032C01D12000FEBD7E
:105B0000FEF7FEFF009B019CC01AB842EDD92B00A6
:105B1000032429331C70E8E7802270B50F4C050080
:105B2000E3689343E360A369603A134207D1FFF748
:105B3000B1FF002802D003202935287070BDA36969
:105B40009343A361FFF7A6FF002802D00320293565
:105B500028702023A2691343A361EFE700280040C7
:105B600070B504000120002C17D0250029352B78B2
:105B7000DAB2002B08D1230028331A7088231B02C5
:105B800020006360FAF748FD02232B702368DA686F
:105B9000D20603D5012300202B7070BDCA225A62A1
:105BA000773A20005A62FFF78FFF002825D123683B
:105BB00015499A6960690A409A61A2689969024325
:105BC000E06902430A439A61226920001A61E2688F
:105BD000196912040A431A61FFF79EFF00280CD1CD
:105BE0002268266A9369DB00DB089361636A916926
:105BF0003343A66933430B439361FF2223685A6200
:105C00000028C7D0C9E7C046BFFF8FFBF8B5040026
:105C10000120002C67D0636A002B65D18222616865
:105C20005200914200D0E36100232500A3625D355C
:105C30002B78DAB2002B05D123005C3320001A70D8
:105C4000FAF718FD022340222B702168E6680B68E2
:105C50009343E0220B60D2000023964248D9F02201
:105C600018001201964200D0A36282228427636842
:105C700052001340A2683F023A40022713432269B0
:105C8000A5693A4013430122676917403B438027C7
:105C9000BF002F403B43E769373217403B43276A39
:105CA0004832174080223B43A76A920117403B438A
:105CB000102708220B60636A2D0C3B40676B17406E
:105CC0003B43F0273F013E403343042635402B43FE
:105CD00003434B60CB69084803400020CB6101239C
:105CE00020665D342370F8BD0023236163619BE768
:105CF00080204001B6E7C046FFF7FFFFC022042323
:105D000013B50468D200A16808001040114200D108
:105D100016BDE168013B0191DBB20199002BF2D184
:105D20000320F5E701000300012010B53D310C7898
:105D3000E2B284421FD1001808701B68D968114371
:105D4000D9600E498B4209D08021C9058B4205D00C
:105D50000B498B4202D00B498B420DD19A680A49FC
:105D60000A40062A06D007398A4203D00122196860
:105D70000A431A60002010BD1968F9E7002C0140A1
:105D800000040040004001400700010001210368B9
:105D900010B5DA688A43DA601C6A074A144206D1F1
:105DA0001C6A064A144202D11A688A431A60012307
:105DB0003D300370002010BD1111000044040000AC
:105DC00070477047704770470222036810B5196921
:105DD000040011420ED0D96811420BD0053A1A6165
:105DE000043202779B699B0700D186E0FFF7E9FF49
:105DF00000232377042223681969114211D0D9683E
:105E000011420ED0093A1A61073222779A69C023EB
:105E10009B0020001A4200D175E0FFF7D2FF00235B
:105E2000237708222368196911420ED0D9681142DC
:105E30000BD0113A1A610D322277DB6920009B07E3
:105E400067D0FFF7BEFF002323771022236819696C
:105E5000114210D0D96811420DD0213A1A6119327D
:105E60002277DA69C0239B0020001A4257D0FFF73F
:105E7000A8FF00232377012223681969114207D064
:105E8000D968114204D0033A20001A61F9F7AEFB39
:105E9000802223681969114208D0D968114205D0BF
:105EA000023AFF3A20001A6100F0EFF823681A69FD
:105EB000D20507D5DA68120604D51C4A20001A61FB
:105EC00000F0E4F8402223681969114207D0D9682C
:105ED000114204D0813A20001A61FFF774FF20229A
:105EE00023681969114207D0D968114204D0413A98
:105EF00020001A6100F0C8F810BDFFF761FF200014
:105F0000FFF760FF74E7FFF75BFF2000FFF75AFF22
:105F100085E7FFF755FF2000FFF754FF93E7FFF7F2
:105F20004FFF2000FFF74EFFA3E7C046FFFEFFFF35
:105F300010B51C4C0368A04206D08022D2059042C6
:105F400002D0194A904208D1702293434A68134301
:105F5000164A1A40CB6813430BE0154A9042F7D01B
:105F6000144A9042F4D0144A9042F1D0134A90421D
:105F7000EED0802293434A69134303608B68C36267
:105F80000B688362A04208D00A4B984205D00A4BA6
:105F9000984202D0094B984201D10B690363012357
:105FA000436110BD002C014000040040FFFCFFFFD6
:105FB00000200040004001400044014000480140F2
:105FC00070B504000120002C23D025003D352B782E
:105FD000DAB2002B05D123003C3320001A70FAF707
:105FE0009BFB02232B702068211DFFF7A1FF2200DD
:105FF000012300204832137047340A3A137053705B
:106000009370D370137153719371D37113722370A2
:106010002B7070BDF0B5040002223C3425780300DB
:106020001000012D26D01D003D352A701B68124E30
:106030005A689868B34203D1104F3A404F683A43C8
:106040007027BA430F683A435A60B34209D080229E
:10605000D205934205D00A4A934202D0094A93429C
:1060600004D1802290438A68104398600123002065
:106070002B702070F0BDC046002C0140FFFF0FFFC9
:106080000004004000400140704770477047000026
:1060900030B5EFF31084012282F31088C025016827
:1060A0000B68AB430B6084F31088EFF3108182F32D
:1060B00010880268044C93682340936081F3108831
:1060C00020238830036030BDFFFF7FFF30B5EFF342
:1060D0001084012282F310880168134D0B682B4055
:1060E0000B6084F31088EFF3108182F3108802684C
:1060F0000E4C93682340936081F31088C36E012B8C
:106100000AD1EFF3108183F310881024026813681A
:10611000A343136081F31088030020228C331A609C
:106120000023C366436730BDDFFEFFFFFEFFFFEFC6
:10613000704770477047704770B5846A2300883392
:106140001A685D6823689B681B0608D5212A06D15A
:1061500023000022563320001A80FFF799FF23689E
:106160009B685B0608D5222D06D1230000225E33F2
:1061700020001A80FFF7AAFF220010239032116836
:1061800020000B431360FFF7D6FF70BD806A002329
:10619000020010B55E321380083A1380FFF7CBFF80
:1061A00010BD0000F7B50168C14DCB6904000A6855
:1061B00088682B4210D120252B4200D19BE08026FD
:1061C000760515400640354300D194E0636F20000A
:1061D000002B00D085E085E0B64D05400095B64D1A
:1061E000009E1540354300D185E0250001269035FD
:1061F000334205D0D70503D50E622F683E432E608B
:10620000022633420CD0C7070AD527000E6290370A
:106210003E680197B446042667463E43019F3E60B0
:10622000042633420CD0C7070AD527000E629037E8
:106230003E680197B446022667463E43019F3E6092
:106240000826B446334209D02027009E1740374322
:1062500004D066460E622F683E432E6080263601CB
:10626000334206D0570104D50E6220212E683143F7
:1062700029602968002935D020210B420AD08023CB
:106280005B0511400340194304D0636F002B01D01C
:106290002000984722682B684027966828223E40B5
:1062A000134020001E4322D0FFF710FF23689B6895
:1062B0003B4218D0EFF31081012383F310882500AF
:1062C00004CD9368BB43936081F31088E86F002886
:1062D00009D07A4B8363FEF791FD002802D0E86F66
:1062E000836B9847F7BD2000FFF725FFFAE7FFF71C
:1062F00022FF2E60F6E7E56E012D00D09FE010260C
:10630000334200D19BE0324200D198E00E628968AE
:1063100040230A001A40194257D0211DCA6F106845
:10632000426892B2002ADDD027005C373F8897424E
:10633000D8D927005E373A80026820208446104072
:1063400000906046024232D1EFF3108785F3108847
:1063500020685B4E02683240026087F31088EFF3DA
:10636000108785F3108820688268AA43826087F3CB
:106370001088EFF3108785F31088206882689A43AD
:10638000826087F31088230062468C331A60009B7A
:10639000E366EFF3108085F3108822680F351368E9
:1063A000AB43136080F31088C86FFEF7EDFC022347
:1063B0002200236723005C325E331B881188C91AD0
:1063C00089B22000F8F778FF8CE7230020005C33C7
:1063D0005E301988038800889BB2002800D181E7CD
:1063E000C91A89B2002900D17CE7EFF3108785F341
:1063F00010882068334E03683340036087F31088A9
:10640000EFF3108785F3108820682F4E83683340A0
:10641000836087F31088230020208C331860E266A5
:106420006267EFF3108085F31088102522681368E7
:10643000AB43136080F3108802232367C1E78025F4
:106440006D032B4206D0460204D520000D6200F0F9
:10645000E7FB47E780210B4207D080252D04114040
:106460002840014301D0A36FB1E640210B4216D072
:106470000A4214D0EFF31080012383F310882268BE
:1064800013688B43136080F3108823002022883325
:106490001A6000232000A367FFF74AFE22E71902D3
:1064A00014D5510012D5200000F0BCFB1AE7C046FD
:1064B0000F08000001000010200100048D61010898
:1064C000FFFEFFFFDFFEFFFFFEFFFFEFDB0100D45B
:1064D00008E7002A00DB05E7200000F0A2FB01E747
:1064E0000123806A10B50367C36E012B06D1030038
:1064F0005C3319884908F8F7DFFE10BDFFF71AFE74
:10650000FBE7000003001B6820221B6870B5190020
:10651000806A1140134234D103005E331980EFF3D7
:106520001085012383F3108804681D4E21683140D3
:10653000216085F31088EFF3108583F310880468D9
:10654000A1689943A16085F31088EFF3108483F369
:106550001088402501688B68AB438B6084F31088FA
:1065600003008C331A60C36E012B0AD1EFF3108144
:1065700083F31088102402681368A343136081F327
:10658000108800230367C36E012B05D103005C3321
:106590001988F8F791FE70BDFFF7CBFDFBE7C04609
:1065A000FFFEFFFFF8B504002569A26823682A43AF
:1065B00065691968C0692A43734D024329400A433B
:1065C0001A605A687149A5690A40E1680A4370492E
:1065D0005A608B4201D0226A15439A686D4E324050
:1065E0002A430F259A60DA6AAA43656A2A43DA6267
:1065F000694A934225D1694B5A6D03231A4080237F
:106600001B02022A00D1BBE0032A00D1B2E0012A1A
:1066100000D1A8E0984200D17DE0FFF723F90028DF
:1066200045D0626A5E4B5200D15AF1F77FFD656832
:106630006B08C0182900F1F779FD0200594B103A98
:1066400064E0594A934212D10C22544B5B6D1340C3
:10665000082B00D192E005D8002B00D081E08023E8
:106660001B02D7E70C2B00D182E0012020E04F4A2B
:106670009342F4D04E4A9342F1D08B42F5D1C022DE
:106680008021464B12015B6D090113408B4215D0EE
:1066900004D8002B07D1FFF7E5F806E09342E4D1D8
:1066A000802636020BE0FEF7EFFF061E07D1002022
:1066B000404BA36600236367A367F8BD3E4E626A42
:1066C000374B5200D75A30003900F1F72FFD032322
:1066D00065686B438342C8D82B038342C5D300232C
:1066E0003A0030001900F1F70FFF0027060E0B02E9
:1066F000334302026E0892197B41100019002A00F0
:106700003B00F1F701FF2D4BC2182D4B9A42ACD83C
:106710002368D860CBE7FFF7A5F80028C7D0626AE6
:106720001F4B5200D15AF1F701FD656840006B081C
:10673000C0182900F1F7FAFC02001A4B103A9A42ED
:1067400000D992E70F23020000079A4393B2400F4B
:1067500022680343D360AAE71748E0E7FEF794FFF7
:106760005DE780231B029842F8D1FEF78DFFD4E746
:1067700080231B029842D2D0180052E780231B02CC
:106780009842E9D00C484CE7F369FFCFFFCFFFFFF9
:1067900000800040FFF4FF1100380140001002406B
:1067A0006E8E0108EFFF00000044004000480040EA
:1067B000004C0040010001000024F40000FDFFFF38
:1067C000FFFC0F00836A30B5DA0706D50168284C54
:1067D0004A682240C46A22434A609A0706D5016883
:1067E000244C4A682240046B22434A605A0706D56B
:1067F0000168214C4A682240446B22434A601A07D0
:1068000006D501681D4C4A682240846B22434A60C9
:10681000DA0606D501681A4C8A682240C46B224306
:106820008A609A0606D50168164C8A682240046C74
:1068300022438A605A0610D50168134D4A68446C99
:106840002A4022434A6080225203944205D14A687A
:106850000E4C2240846C22434A601B0606D5026817
:106860000B4953680B40C16C0B43536030BDC046AD
:10687000FFFFFDFFFFFFFEFFFFFFFBFFFF7FFFFFAF
:10688000FFEFFFFFFFDFFFFFFFFFEFFFFFFF9FFFB8
:10689000FFFFF7FFF8B504000D0017001E00226887
:1068A000D3692B405B1B59424B41BB4201D00020B6
:1068B00029E0069B0133F3D0FEF722F9069B801BEB
:1068C000984201D8002B1FD1EFF31080012282F3F0
:1068D00010882168204D0B682B400B6080F31088D6
:1068E000EFF3108082F3108821688B6893438B60EC
:1068F00080F3108823001F3288331A605A60002307
:10690000032084342370F8BD23681A685207C6D563
:106910008022D96912011142C1D01A62EFF31080AE
:10692000012282F3108821680B4D0B682B400B600D
:1069300080F31088EFF3108082F3108821688B6851
:1069400093438B6080F310882200202388321360E9
:1069500053609360D3E7C0465FFEFFFFF0B51700BA
:10696000020087B088320593136804000D000220EE
:10697000202B45D10138002942D0002F40D0802360
:10698000A1685B01994204D12369002B01D1054222
:1069900036D12300002690331E6021231360FEF7BA
:1069A000AFF8230054331F80023303931F808023EA
:1069B000A26804905B019A4204D12369B34201D1D9
:1069C0002E001D00230056331B889AB2002B0CD1D9
:1069D000059B402100932000049BFFF75BFF0028EC
:1069E0000DD12023883423600AE0059B0022009308
:1069F00080212000049BFFF74DFF002802D00320D8
:106A000007B0F0BD2268002D0BD133880236DB05BC
:106A1000DB0D9362039B039A1B88013B9BB213809F
:106A2000D0E72B7801359362F4E70000030073B5DB
:106A30000026040090331E60FEF762F8236805000C
:106A40001B681B0719D423681B685B070AD58021C4
:106A5000104B0022009320002B00C903FFF71AFF00
:106A6000002815D1220000202023883213605360B3
:106A7000E0662067843420700BE08021054B3200F3
:106A80000093890303002000FFF704FF0028DAD0F9
:106A9000032076BDFFFFFF01F8B5130002000600DA
:106AA00005005C3281650F001380222100229036A0
:106AB0008C3532602960011D0400C86F904213D0EC
:106AC0001D498263C1621D493A0001631C4941634B
:106AD00021682431FEF710F9002805D01023012089
:106AE0003360DB182B60F8BD2369002B0BD0EFF36C
:106AF0001081012383F310882268FF331068034359
:106B0000136081F31088EFF31080012383F3108862
:106B100021688A681A438A6080F31088EFF3108135
:106B200083F3108822683F3390680343936081F3B6
:106B300010880020D7E7C04605650108E164010818
:106B400039610108F7B50700436E04006A37002B6E
:106B500004D10120388068342080F7BD03680B4ED3
:106B60009A689B680A4D5B0FF05CE95CC00001927B
:106B7000F1F766FB019B38801B015B0FF05CE95C61
:106B8000C000F1F75DFB80B2E5E7C0468E8E0108DC
:106B9000868E0108F7B504000E001D000192002842
:106BA00001D10120FEBD070088373B68002B04D1CE
:106BB000020084321370F9F723FE24230121226896
:106BC0003B60136820008B431360FFF7EBFC012848
:106BD000E7D0A36A002B02D02000FFF7F3FD80224C
:106BE0002368D20199682D040A439A609A680A4979
:106BF00020000A4032439A60019A51050D431A68F9
:106C000006490A40154301221D6019680A431A60AB
:106C1000FFF70CFFC6E7C046FF7FFFFFFFFF00FC4A
:106C2000704770477047000070B5040084342278C4
:106C300003000220012A11D01D00242201268835DC
:106C40002A601A6811681068B04310600448014057
:106C500000205866202311602B60207070BDC04654
:106C6000FFFFFFDFF8B5050084350B00297802220D
:106C7000012915D0060001210468883622323260CD
:106C8000276822688A432260A168C900C90819439D
:106C9000A160FFF757FF20230022276033602A708E
:106CA0001000F8BDF8B5050084350A0029780223E4
:106CB000012915D00600012104688836223333608B
:106CC000276823688B432360A168064B1940114352
:106CD000A160FFF737FF20232760336000232B706C
:106CE0001800F8BDFFFFFFF103008C331B6870B57F
:106CF00004000220202B02D1002901D1012070BD07
:106D0000002AFBD08020A56801234001854204D1E0
:106D10002069002801D11942F0D1E3660023200048
:106D20002367FFF7B9FE0028E9D1E26E012AE5D119
:106D3000102321680B62EFF3108182F31088226820
:106D400014682343136081F31088D8E710B5034B10
:106D50000100186800F030F810BDC0465402002051
:106D600010B5034B0100186800F0EEFC10BDC046E2
:106D70005402002070B50F4E0D0031680400002948
:106D800002D100F00DFC30602900200000F008FC6A
:106D9000431C03D101256D42280070BD0323C51C8F
:106DA0009D43A842F8D0291A200000F0F9FB0130D9
:106DB000F2D1EFE708680020F7B50322CB1C93431C
:106DC000083305001F000C2B34D20C27B94233D8EE
:106DD000280000F071F8374E33681C00002C2FD1CA
:106DE00039002800FFF7C6FF0400431C5FD1346858
:106DF0000094009B002B4AD1002C52D0236828001D
:106E0000E3180099019300F0CBFB019B834248D12A
:106E100023682800FF1A3900FFF7ACFF013040D08B
:106E20002368DB19236033685A68002A33D1009B3A
:106E3000336019E0002BC9DA0C232B600020FEBD63
:106E40002168C91B20D40B290AD9E2192760A34263
:106E500004D1326063681160536005E05A60F9E75D
:106E60006268A3420ED13260280000F02DF82000A5
:106E700007220B30231D9043C21A9842DFD01B1A01
:106E8000A350DCE75A60EFE723006468A6E7009CA4
:106E900063680093ADE71A005B68A342FBD100234F
:106EA000DAE70C2328002B6000F00EF8C6E7076035
:106EB000DAE7C0460C68002010B5024800F0C1FBBC
:106EC00010BDC0465069002010B5024800F0BAFB62
:106ED00010BDC04650690020114B70B51D680400FC
:106EE0002B6B002B16D11820FFF730FF021E2863F2
:106EF00004D146210B4B0C4800F008FC0B4B002141
:106F000003600B4B43600B4B83600B238381012099
:106F10001061516100222B6B1C615A6170BDC0462B
:106F2000540200208F8D0108A68D01080E33CDABD1
:106F300034126DE6ECDE0500164B10B51C68236BB1
:106F4000002B16D11820FFF701FF021E206304D189
:106F50005221114B114800F0D9FB114B0021036065
:106F6000104B4360104B83600B2383810120106121
:106F70005161246B0D4A206961690D4BF1F7E4FA08
:106F800001220023801859412061616148004008B6
:106F900010BDC046540200208F8D0108A68D010847
:106FA0000E33CDAB34126DE6ECDE05002D7F954C33
:106FB0002DF4515830B50024022B09D09208035902
:106FC0000D59013A05510B510434002AF7DC30BD4C
:106FD000035D0D5D05550B550134131B002BF7DCCC
:106FE000F5E7F8B50F00160004001D0098473100C2
:106FF00000280DDA3800A847002802DA3C002000FB
:10700000F8BD31002000A8470028F8DA3400F6E780
:107010003800A8470028F1DC31002000A8470028EC
:10702000F4DAECE7F0B599B000900393009B1700F9
:1070300013430222080001929B0704D13B1F1A0050
:10704000531E9A410192002304933C00009B444349
:10705000DB190293009B1B190693062828D8029B74
:10706000069A93420CD3049B002B00D020E119B068
:10707000F0BD3A0029002000019BFFF79BFF0FE0C5
:10708000029C0EE0E51B21002800039B9847002886
:107090000ADD019B002BECD123682A6822602B605B
:1070A0002C00009BA342EDD3029BDB190293D6E791
:1070B00046087E43009BE41B9E191C19072821D01B
:1070C00022000593282817D9C5087D4359194A1964
:1070D000039B0098FFF785FF31007219039B059011
:1070E000701BFFF77EFF06006800201A2200039B3A
:1070F0004119FFF776FF02003100039B0598FFF767
:1071000070FF0600019B002B23D1009B32681B6897
:1071100000990A60336000232600029D07930595BD
:10712000A54233D828000099039B984700282BDC00
:107130000DD1019B002B13D1059B2A681B68059973
:107140000A602B60059BDB19059301230793ED195A
:10715000E6E73A003100019B0098FFF72BFFDAE7E2
:107160003A002900019B0598FFF724FFEAE7002871
:1071700009D1019B002B13D1236832682260336050
:107180000123F61B0793E41BAC4210D2079B002B94
:1071900040D1029B069A934200D364E7029C32E0FE
:1071A0003A0031002000019BFFF704FFE8E72000D0
:1071B0000099039B98470028D9DA019B002B05D141
:1071C0002B6822682A602360E41BBEE73A00210096
:1071D0002800019BFFF7EEFEF6E73A0029002000A9
:1071E000019BFFF7E7FE0DE0E51B21002800039B54
:1071F000984700280ADD019B002BEED123682A68FE
:1072000022602B602C00009BA342EDD3029BDB1974
:107210000293BEE7059B009AEB1A0293059B9A1A0C
:10722000029B9A4200DD1A00002A04D0019B0098BC
:10723000A91AFFF7BFFE069B341B9A1BD21BA24262
:1072400000D92200002A05D0069B2800991A019B2C
:10725000FFF7B0FE069B029E1D1BB44205D823001B
:1072600034001E002B00009D0093BE422BD9049BCE
:10727000072B11D808AADB009D5039009B1820006D
:107280001D00F0F753FF049B6860013339003000A4
:107290000493F0F74BFFD8E639003000F0F746FFD3
:1072A0003A000100039B0098FFF7BCFEBC420DD8DA
:1072B000049B08AA013B0493DB009A58009208AA99
:1072C0009B185868C1E6BC4200D8CCE639002000C3
:1072D000F0F72CFF0095B8E6002310B5040003601A
:1072E0004360836081814366C2810361436183613E
:1072F000190008225C3000F011F90B4B2462636224
:107300000A4BA3620A4BE3620A4B23630A4B9C427B
:1073100005D00A4B9C4202D0094B9C4203D120006D
:10732000583000F08DF910BD6174010889740108AE
:10733000C1740108ED74010810680020786800200D
:10734000E068002010B5034A0349044800F06CF8D7
:1073500010BDC04648020020E9780108580200200C
:1073600041680B4B10B50400994201D000F0BCFA03
:10737000A168084B994202D0200000F0B5FAE168FC
:10738000054B994202D0200000F0AEFA10BDC04675
:107390001068002078680020E068002010B5094BD4
:1073A000094A04211A6009480022FFF795FF0122CB
:1073B00009210748FFF790FF022212210548FFF735
:1073C0008BFF10BD4869002045730108106800203C
:1073D00078680020E068002010B5024800F031F91C
:1073E00010BDC0465169002010B5024800F02AF9CE
:1073F00010BDC0465169002010B50400FFF7ECFF36
:10740000236A002B02D0FFF7EFFF10BD044B23626D
:10741000044B1B68002BF6D1FFF7C0FFF3E7C04613
:107420006173010848690020F7B514000026009038
:107430000191A5686768013F04D52468002CF8D144
:107440003000FEBDAB89012B08D90E22AB5E0133A3
:1074500004D029000098019B984706436835EAE765
:1074600070B50C000E25495F00F086F8002803DB9C
:10747000636D1B18636570BDA389024A1340A38125
:10748000F9E7C046FFEFFFFFF8B51F008B89050045
:107490000C001600DB0505D50E23C95E0022022371
:1074A00000F056F8A389054A28001340A381320052
:1074B0000E23E15E3B0000F085F8F8BDFFEFFFFF13
:1074C00070B50C000E25495F00F042F8A389421CFC
:1074D00003D1054A1340A38170BD8022520113439A
:1074E000A3816065F8E7C046FFEFFFFF10B50E23EC
:1074F000C95E00F01BF810BD10B5884202D98B1888
:10750000984208D300239A4207D0CC5CC45401337C
:10751000F9E78B5C8354013AFBD210BD030082185B
:10752000934200D1704719700133F9E7002370B519
:10753000064D040008002B60F9F7D2FC431C03D170
:107540002B68002B00D0236070BDC0464C69002022
:1075500070B50400080011001A000023054D2B60CF
:10756000F9F7C8FC431C03D12B68002B00D0236023
:1075700070BDC0464C69002070B5040008001100C1
:107580001A000023054D2B60F9F790FC431C03D132
:107590002B68002B00D0236070BDC0464C690020D2
:1075A000002370B5064D040008002B60F9F7A4FC19
:1075B000431C03D12B68002B00D0236070BDC04654
:1075C0004C69002070B50400080011001A00002367
:1075D000054D2B60F9F777FC431C03D12B68002B7A
:1075E00000D0236070BDC0464C690020014B186874
:1075F0007047C0465402002070B500260C4C0D4D5B
:10760000641BA410A64209D1002601F0F3FA0A4C2B
:107610000A4D641BA410A64205D170BDB300EB58FF
:1076200098470136EEE7B300EB5898470136F2E78A
:10763000E08E0108E08E0108E48E0108E08E01086A
:10764000704770477047002310B59A4200D110BDB3
:10765000CC5CC4540133F8E7F8B50D0017006B009B
:10766000274A5B0D9A180E0004000100132A21DC42
:10767000002A07DA0022EE0FF3073A607B60290048
:107680002000F8BD1F48104103002B40234305D1C3
:10769000F60F3C607D601C00F507F0E78643002292
:1076A0003300200029003A607B60F3F797FB040069
:1076B0000D00E4E7332A15DD29003C607D6000F011
:1076C0004FF900280AD122002B0020002900F2F7F0
:1076D0009FF804000D003C607D60D0E7EE0F0024B1
:1076E000F507CCE70120084A40429B18D840030028
:1076F00023402042CCD081432B000A00D1E7C04672
:1077000001FCFFFFFFFF0F00EDFBFFFF7FB5140043
:107710001A00094B05001B680E00D868074B002CA7
:1077200001D1074B1C000749019302942B000096DE
:1077300000F006F900F044F954020020FE8D010823
:10774000398E01080B8E010870B505000C1E10D093
:10775000043C2368002B00DAE4182800FFF7ACFB98
:107760001D4A1368002B05D1636014602800FFF7E1
:10777000ABFB70BDA34208D9206821188B42F3D11E
:1077800019685B6809182160EEE71A005B68002B36
:1077900001D0A342F9D911685018A0420BD120683A
:1077A0000918501811608342E0D118685B684118CD
:1077B00011605360DAE7A04202D90C232B60D5E7B1
:1077C000206821188B4203D119685B680918216071
:1077D00063605460CAE7C0460C680020F7B50C220D
:1077E0008B5E05000C001A0756D44A68002A02DC9A
:1077F0000A6C002A4EDDE76A002F4BD00022802061
:107800002E682A601A004001216A0240034233D0E8
:10781000626DA3895B0706D56368D21A636B002B80
:1078200001D0236CD21A00232800E76A216AB847E6
:10783000A289431C06D129681D2946D8294BCB4073
:10784000DB0742D50023636023692360D20405D59A
:10785000431C02D12B68002B00D16065616B2E6048
:10786000002917D023004433994202D02800FFF7A3
:107870006BFF002363630DE001232800B84702007B
:10788000431CC6D12B68002BC3D01D2B01D0162B57
:107890001AD12E6000201EE00E69002EFAD00F686B
:1078A0000E60BA1B019200229B0700D14A69A260B8
:1078B000019B002BEEDDA36A32001F002800019B14
:1078C000216AB847002807DCA2894023012013431E
:1078D0001BB2A3814042FEBD019B36181B1A0193C7
:1078E000E6E7C046010040200B6970B505000C00BA
:1078F000002B02D10025280070BD002804D0036AA7
:10790000002B01D1FFF778FD0C22A35E002BF1D0F4
:10791000626ED20704D49B0502D4A06DFFF791FEDE
:1079200028002100FFF75AFF636E0500DB07E2D451
:10793000A3899B05DFD4A06DFFF784FEDBE7000081
:107940000EB417B5054C05AB04CB010020680193BC
:1079500000F064F81EBC08BC03B0184754020020B5
:107960000B0070B50400020001001C430220002C33
:1079700006D080200006834203D14B1E9941881C0B
:1079800070BD0C48590049080B4C0E180420A64243
:10799000F6D9802401386403A342F1D380252D0653
:1079A0005D19A542ECD3054C0020A142E8D150421C
:1079B0005041E5E70000F0FFFFFFDF7F0000F07FB0
:1079C000062010B500F08CFB0120F9F769FA9368E6
:1079D00010B5013B9360002B04DA9469A34207DBE6
:1079E0000A2905D01368581C10601970080010BDD2
:1079F00000F0ACFA0100F9E7F8B506000F0014003A
:107A0000D518AC4201D1002007E021783A003000BF
:107A1000FFF7DDFF0134431CF3D1F8BDF0B5A1B091
:107A20000F0015001E000390002804D0036A002BED
:107A300001D1FFF7E1FC7B6EDB0705D4BB899B0519
:107A400002D4B86DFFF7FDFDBB891B0702D53B696A
:107A5000002B13D13900039800F0BAFA00280DD09A
:107A60007B6EDB0703D50120404221B0F0BDBB890E
:107A70009B05F8D4B86DFFF7E5FDF4E7002308ACEB
:107A80006361203363761033A37607962E00337834
:107A9000002B01D0252B48D1731B0593AE420BD090
:107AA0002A0039000398FFF7A7FF013000D1AEE0AC
:107AB0006369059A9B1863613378002B00D1A6E0B7
:107AC000012200235242626004A954325218751CEC
:107AD0002360E360A3601370A365594B052218006F
:107AE0002978059300F01CFB6E1C00281FD122682A
:107AF000D30604D5532304A95B182021197013075A
:107B000004D5532304A95B182B2119702B782A2B39
:107B100016D02E0000210A20E3683278751C303A16
:107B2000092A50D9002911D117E00136AFE7059B8A
:107B30002268C01A01238340134335002360CCE739
:107B4000079B191D1B680791002B01DB0B9304E0B9
:107B50005B42E36002231343236033782E2B0CD166
:107B600073782A2B34D1079B02361A1D1B680792A3
:107B7000002B01DA01235B420993324D03222800D6
:107B8000317800F0CDFA002806D04023401B834016
:107B90002268013613432360317806222A48751C77
:107BA000217600F0BDFA002840D0284B002B22D1CE
:107BB0000722079B07339343083307936369049AAB
:107BC0009B18636162E743432E0001219B18A4E7E1
:107BD00000230A201900013663603278751C303AA0
:107BE000092A03D9002BC8D00991C6E741432E00CA
:107BF00001238918F1E707AA009221003A00144BEB
:107C0000039800E000BF0490049B0133D6D17B6E43
:107C1000DB0705D4BB899B0502D4B86DFFF712FDC5
:107C2000BB895B0600D51EE70D981EE707AA0092E8
:107C300021003A00064B039800F07CF8E3E7C046C9
:107C40003A8E0108408E0108448E010800000000B1
:107C5000F9790108F7B5160001938A680B690C00E1
:107C60000090934200DA130022003360433212780E
:107C7000002A01D00133336023689B0602D53368A4
:107C8000023333602268062315001D401A4227D0B4
:107C9000230043331B785A1E93412268920630D446
:107CA000220001990098089D4332A847013025D051
:107CB0000622236800251340042B05D13368E568AC
:107CC000ED1AEB43DB171D40A3682269934201DDE7
:107CD0009B1AED180026B54220D1002010E0013596
:107CE000E36832689B1AAB42D2DD2200012301997E
:107CF0000098089F1932B8470130F0D10120404266
:107D0000FEBD3020E1184331087021005A1C453176
:107D10000978A218433202331170C1E7220001230F
:107D200001990098089F1A32B8470130E6D0013611
:107D3000D1E70000F0B58BB006920A0043320793FA
:107D4000059003920A7E0C00109B782A09D8622ABB
:107D50000BD8002A00D1BAE07A490491582A00D100
:107D60008EE0250042352A7022E010006338152885
:107D7000F7D8F0F7D1F916001F00F6FFF6FFF6FF6F
:107D8000F6FF1F00F6FFF6FFF6FFF6FF9F00360036
:107D90007E00F6FFF6FFB000F6FF3600F6FFF6FFB6
:107DA000820025001A684235111D196013682B7076
:107DB00001239EE018680968021D0D060BD50668B0
:107DC0001A60002E03DA2D23039A764213705D4B5E
:107DD0000A27049318E006681A604906F1D536B2FE
:107DE000EFE70868196840C9050602D4400600D5C7
:107DF000B6B21960534B0A2704936F2A00D1023F91
:107E00002300002243331A706368A360002B06DB53
:107E100004212268039D8A43226033430CD0039DD2
:107E200030003900F0F708FA049B013D5B5C2B70D1
:107E3000330006009F42F3D9082F09D12368DB07DE
:107E400006D5626823699A4202DC3023013D2B701B
:107E5000039B5B1B2361079B210000930598069BF6
:107E600009AAFFF7F7FE013048D1012040420BB0CC
:107E7000F0BD202209680A43226078223249049129
:107E8000210045310A701968226840C9100602D4E1
:107E9000500600D5B6B21960D30702D5202313438C
:107EA0002360002E01D01027AAE7202223689343E5
:107EB0002360F8E71A680D68101D49691860136897
:107EC0002E0601D5196002E06D06FBD5198000234E
:107ED000039D2361BFE71A68111D19601568002111
:107EE0002800626800F01CF9002801D0401B606087
:107EF000636823610023039A1370ACE72A002369A7
:107F000006990598079DA8470130AED023689B07C6
:107F100015D4099BE0689842A9DA1800A7E7220067
:107F2000012306990598079E1932B04701309CD06D
:107F30000135E368099A9B1AAB42F0DCE9E70025BA
:107F4000F7E7C0464B8E01085C8E0108F8B50600C5
:107F50000D001400002804D0036A002B01D1FFF7A4
:107F60004BFAA369A360A3891B0702D52369002BE1
:107F700009D12100300000F02BF8002803D00125A2
:107F80006D422800F8BD23692068EFB2C01A63690A
:107F9000EDB2834205DC21003000FFF7A5FC00288C
:107FA000EDD1A3680130013BA36023685A1C226015
:107FB0001F706369834204D0A389DB07E1D50A2DD2
:107FC000DFD121003000FFF78FFC0028D9D0D6E7A1
:107FD0002D4B70B5050018680C00002804D0036A0A
:107FE000002B01D1FFF708FA0C22A35E1A0723D455
:107FF000DA0607D409222A60402201201343A38114
:1080000040423AE05B0713D5616B002908D023009A
:108010004433994202D02800FFF796FB00236363A4
:108020002422A3899343A3810023636023692360EF
:108030000823A2891343A3812369002B0BD1A0211C
:108040008022A389890092000B40934203D0210033
:10805000280000F09BF80C22A35E01211A000A40C0
:108060000B420BD00022A26062695242A261002042
:108070002269824201D11A06BED470BD990700D48C
:108080006269A260F3E7C0465402002070B50400A4
:108090000D001F2904D9162303600120404270BD42
:1080A000C36B002B04D08A009B181A68002A08D1E1
:1080B000200000F031F82A000100200000F01AF83A
:1080C000EDE7012A09D0511C03D1162303600120DA
:1080D000E5E700212800196090470020DFE7000055
:1080E00010B5034B01001868FFF7D0FF10BDC04664
:1080F00054020020002370B5064D04000800110052
:108100002B60F8F7C5FE431C03D12B68002B00D071
:10811000236070BD4C69002010B5F8F7B7FE10BDA4
:10812000C9B28218904201D10020704703788B4277
:10813000FBD00130F6E7000070B50E001D000E23E5
:10814000C95E140096B000290CDAB28980231100B0
:1081500019401A4214D18023DB00002029602360DB
:1081600016B070BD6A4600F053F80028EDDBF0232E
:1081700001991B021940044BC9184B425941EAE7C7
:1081800000214023E9E7C04600E0FFFFF0B50226EA
:108190008B8905000C0085B0334207D0230047339C
:1081A000236023610123636105B0F0BD03AB02AA24
:1081B000FFF7C2FF029F019039002800FEF7FCFD87
:1081C000002808D10C22A35E9A05EDD40322934324
:1081D0001E43A681E2E78023A28920601343A38186
:1081E000039B20616761002B0CD028000E23E15E09
:1081F00000F020F8002805D00323A2899A43023B0F
:108200001343A381A389019A1343A381CCE7000000
:10821000002370B5064D0400080011002B60F8F72C
:1082200062FE431C03D12B68002B00D0236070BD7D
:108230004C690020002370B5064D040008002B6037
:10824000F8F756FE431C03D12B68002B00D02360A7
:1082500070BDC0464C690020F8B504000D0000F068
:1082600081F906000F002000290000F089F800289D
:108270000DD0200029000F4A0F4BF0F7F7F8002827
:1082800008D0FFF7B3F9222300260C4F036030001B
:108290003900F8BD20002900094A0A4BF0F7D2F84E
:1082A0000028F4D0FFF7A2F922230026002703605C
:1082B000EDE7C046EF39FAFE422E86400000F07F1F
:1082C00051302DD5104987C0F8B504000D0000F0DD
:1082D000B1FA220006000F002B0020002900F3F75E
:1082E00087F9002815D10022002320002900F0F78B
:1082F000BDF800280DD10022002320002900F0F74E
:108300009BF8002808D0FFF771F922230026074FB9
:10831000036030003900F8BDFFF768F921230360DE
:10832000034800F035F806000F00F2E70000F0FF08
:10833000398E0108F8B504000D0000F02FF8220076
:1083400006000F002B0020002900F3F751F9002848
:1083500013D10022002320002900F0F773F8002831
:108360000BD0FFF743F92123002203600023100004
:108370001900F1F713FE06000F0030003900F8BDB8
:10838000024B48004008C018C00F70470000108022
:10839000002001497047C0460000F87FF0B50A0090
:1083A0000D006B4904000300080087B02840884294
:1083B00011D122002B0020002900F2F729FA020037
:1083C0000B0020002900F1F723FA04000D00200023
:1083D000290007B0F0BD002D11DC690049082143D8
:1083E000F5D00020854210D022002B00200029006B
:1083F000F2F7F4FC02000B00F1F7D0FDE5E72815D9
:1084000015D180240021640307E0DA0A15385B05E2
:10841000002AFAD0F5E7520001312242FBD04C1E6F
:10842000001B20241D00641AE5408B402A43494963
:10843000120344188021120B49031143C00703D4CF
:10844000DA0F490051185B000025621049008024B2
:108450000592DA0F5218162029005B00A4030E19AA
:10846000964202DC3119921B2D19DE0F52000138A1
:1084700092195B0064080028F1D1202680270400AF
:1084800004963F063E18B4468A4202DC14D19E424E
:1084900012D860466646C0190091002E03DAC64322
:1084A000F60F8E190096521A634589414942521AB5
:1084B00061465B1A0099E419DE0F52009219049E7E
:1084C0005B00013E7F080496002EDBD11A431FD0CB
:1084D000214E224F306871683A687B6800920193A0
:1084E0003268736802920393009A019BF2F776FC5C
:1084F00002000B0002980399EFF7AEFF002807D0A7
:10850000306871683A687B68671C0CD1049C01353F
:10851000134A6B109B18059AED0764081205254352
:108520002800D11851E7F1F773F97768366802002F
:108530000B0030003900EFF785FF002804D002342B
:1085400063426341ED18E3E7012301349C43DFE715
:108550000000F07F01FCFFFFA08E0108988E01084B
:108560000000E03FF0B54B000F00CC0F9149060032
:1085700089B05B088B422ED98F498B4211D93B03BE
:108580001B0B034306D002003B0030003900F1F71B
:108590003FF910E0002C00D009E13000390009B0AB
:1085A000F0BD3900854A864BEFF760FF051E05D008
:1085B000002000F017FB06000F00EEE73000390046
:1085C000804A814BEFF73EFF002800D17DE0280074
:1085D00000F001FBEFE77D4A934200D89EE07C4A21
:1085E000934272D87B4BE5005B191A685B683900CF
:1085F000F2F7F4FB784B029003915B191A685B6801
:1086000004920593012363401B1B0193049A059B6D
:1086100002980399F2F7E2FB06000F0032003B00DC
:1086200030003900F2F7F4F804000D006B4A6C4B8F
:10863000F2F7EEF86B4A6C4BF2F7D0FB22002B00FE
:10864000F2F7E6F8694A6A4BF1F7E2F822002B00EC
:10865000F2F7DEF8674A684BF2F7C0FB22002B0006
:10866000F2F7D6F8654A664BF1F7D2F822002B00F4
:10867000F2F7CEF802000B0030003900F2F7AEFB43
:108680000B00020004000D0030003900F2F7C0F8C2
:10869000019B06900791002B56D1802300222000D9
:1086A0002900DB05F2F79AFB02000B0006980799F8
:1086B000F1F774FC32003B00F2F790FB02000B0074
:1086C00000205049F2F78AFB75E74F4BE4001C1974
:1086D0004E4A4F4B30003900F2F79AF8226863682F
:1086E000F1F796F8F2F7A6FF0190F2F7DFFF494A9B
:1086F000494B04000D00F2F78BF802000B0030002C
:108700003900F2F76BFB454A02900391444B20007D
:108710002900F2F77DF80490059177E7414A9342EA
:108720000DD8414A414B3900F1F772F80022354B20
:10873000EFF79CFE002805D00022324B25E70023EE
:1087400001936BE7019069E780212B002200002054
:10875000C905F2F743FB02000B0006980799F1F7F1
:108760001DFC02000B0004980599F2F737FB029AF2
:10877000039BF2F733FB02000B0000202149F2F7C4
:108780002DFB2B4B019A0D009A4203DB11050600CD
:108790004F1902E7FA2292009446019B002263449B
:1087A0001B055918B8235B04F2F732F803E70026DB
:1087B0000027F2E6412E8640FFFFEF7FEF39FAFEF9
:1087C000422E864051302DD5104987C0422ED63FCB
:1087D000B1A2F03FB88E0108A88E0108D0A4BE72E5
:1087E0006937663EF16BD2C541BDBB3E2CDE25AF7D
:1087F0006A56113F93BDBE166CC1663F3E55555536
:108800005555C53F0000F03FC88E0108FE822B651C
:108810004715F73F0000E0FE422EE63F763C7935F3
:10882000EF39EA3DFFFFEF3D9C7500883CE4377E61
:1088300003FCFFFF8023F0B55B030E008DB099426F
:1088400023DA4B005B08034307D1002200230020FA
:10885000B449F1F7A3FB0DB0F0BD002906DA020020
:108860000B00F2F7BBFA00220023F2E7AE4B002226
:10887000F1F7CEFF36230E005B42AC4A964206DD8E
:1088800002000B00F0F7C4FFE5E70023F5E7A84C72
:10889000321512193603A74CD218330B02931B1949
:1088A000802464032340A44C029D5C401B159B184C
:1088B00025430022009329009F4BF2F78FFA029B79
:1088C000060002331B030F0000221B0B022B64DC8B
:1088D0000023EFF7B1FD002819D0009B002B00D139
:1088E0001CE11800F2F7E2FE944A954B04000D00DB
:1088F000F1F78EFF934A06000F00934B20002900EA
:10890000F1F786FF02000B0030003900BAE78F4A0A
:108910008F4B30003900F1F77BFF02000B00002085
:108920008C49F2F75BFA320004000D003B00300086
:108930003900F1F76DFF0B00020029002000F1F76C
:1089400067FF009B02900391002B06D102000B00F1
:1089500030003900F2F742FA7DE70098F2F7A6FE00
:10896000764A774B04000D00F1F752FF754A0090EC
:108970000191754B20002900F1F74AFF02000B001E
:1089800002980399F2F72AFA32003B00F2F726FA2E
:1089900002000B0000980199DCE78023DB05F0F76B
:1089A00037FF02000B0030003900F1F7F7FA0490AE
:1089B00005910098F2F77AFE049A059B06900791BC
:1089C00010001900F1F724FF634A029B94466344A8
:1089D00002000B930B0008900991F1F719FF0400B6
:1089E0000D005E4A5E4BF1F713FF5E4A5E4BF0F7F7
:1089F0000FFF22002B00F1F70BFF5C4A5C4BF0F7F6
:108A000007FF22002B00F1F703FF5A4A5A4BF0F7F9
:108A1000FFFE089A099BF1F7FBFE584A089009915E
:108A2000574B20002900F1F7F3FE564A564BF0F75A
:108A3000EFFE22002B00F1F7EBFE544A544BF0F707
:108A4000E7FE22002B00F1F7E3FE02000B0008987E
:108A50000999F0F7DDFE029A4E4B04009B1A0B9A1F
:108A60000D001343002B34DD00223A4B3000390057
:108A7000F1F7CEFE32003B00F1F7CAFE02000B0018
:108A80000290039120002900F0F7C2FE049A059B92
:108A9000F1F7BEFE009B04000D00002B06D1020082
:108AA0000B0002980399F2F799F94FE7234A244BF8
:108AB00006980799F1F7ACFE224A009001910698BA
:108AC0000799214BF1F7A4FE22002B00F0F7A0FE3E
:108AD00054E702000B0030003900F2F77FF9049AE6
:108AE000059BF1F795FE009B04000D00002B02D1C1
:108AF00002000B002CE7114A114B06980799F1F779
:108B000087FE104A00900191069807990E4BF1F7E5
:108B10007FFE02000B002000290033E70020002127
:108B200099E6C046000050C300005043FFFFEF7FAE
:108B300001FCFFFF645F09000000F03F0000E0FE61
:108B4000422EE63F763C7935EF39EA3D555555558D
:108B50005555D53F0000E03F86EBF9FF44523EDF1C
:108B600012F1C23FDE03CB966446C73F599322946D
:108B70002449D23F935555555555E53F9FC678D06A
:108B8000099AC33FAF788E1DC571CC3F04FA9799FF
:108B90009999D93F51B8060070B50D001600040030
:108BA000FEF724FD29000660200070BD37B51400D3
:108BB0001D00002802D0802109065B180092019355
:108BC000009A019B20002900F1F722FE2222FFF7E4
:108BD000E3FF03B030BD802310B500225B05FFF733
:108BE000E5FF10BDE02310B50022DB05FFF7DEFF37
:108BF00010BD0000F8B5C046F8BC08BC9E467047E2
:0C8C0000F8B5C046F8BC08BC9E467047A2
:108C1000A089B0E1E995B23FECC039234A7BC33F5C
:108C20000A68226C787ACD3FB81E85EB51B8DE3FDA
:108C3000000000000000F03F0F9C33A2B437F93F62
:108C40008A1F63EE5A420140A54E4013614306401D
:108C5000EF38454772790940000000003F8000006E
:108C600000000000228D00084E8C0008388C00089F
:108C7000B48C0008388C0008E88C0008388C000898
:108C8000B48C00084E8C00084E8C0008E88C00085C
:108C9000B48C0008248C0008248C0008248C000864
:108CA000F28C00084E8C00084E8C0008388C0008AE
:108CB0008E8D0008388C0008E88C0008388C00087D
:108CC0008E8D00084E8C00084E8C0008E88C000841
:108CD0008E8D0008248C0008248C0008248C000849
:108CE000D0A100088EA000086CA0000858A00008C1
:108CF0006CA0000872A100086CA0000858A0000831
:108D00008EA000088EA0000872A1000858A00008DC
:108D100050A0000850A0000850A0000894A100082E
:108D20000000000000000000000000000000000043
:108D30000100000002000000030000000400000029
:108D40000000000000000000000000000000000023
:108D50000000000000000000000000000000000013
:108D600001000000020000000300000004000000F9
:108D700006000000070000000800000009000000D5
:108D800053544D5F31302E31302E33314352005227
:108D900045454E54206D616C6C6F63207375636341
:108DA0006565646564002F6275696C642F676E7514
:108DB0002D746F6F6C732D666F722D73746D3332FB
:108DC0005F31332E332E72656C312E3230323430B7
:108DD0003932362D313731352F7372632F6E657707
:108DE0006C69622F6E65776C69622F6C6962632FA4
:108DF0007374646C69622F72616E642E63002C2040
:108E000066756E6374696F6E3A2000617373657284
:108E100074696F6E2022257322206661696C656417
:108E20003A2066696C6520222573222C206C696EBD
:108E300065202564257325730A00232D302B20001F
:108E4000686C4C0065666745464700303132333404
:108E500035363738394142434445460030313233A4
:108E60003435363738396162636465660000010065
:108E700002000400060008000A000C001000200098
:108E80004000800000010804020408010101010102
:108E9000010307010000000059F3F8C21F6EA5018D
:108EA000000000000000F03F763C7935EF39EA3DE4
:108EB000763C7935EF39EABD0000E0FE422EE63F10
:108EC0000000E0FE422EE6BF000000000000E03F90
:088ED000000000000000E0BFFB
:088ED80038F7FE7F01000000E5
:048EE000E580000821
:048EE400BD80000845
:108EE8000000000000002E400E2DB29DEFFF5840FC
:108EF8000000000000002E402100000009000000D2
:108F08000100000000040050200000000004005090
:108F18001000000000080050001000000000005081
:108F2800000800000004005008000000000C005079
:108F38000400000000080050002000000008005055
:108F4800000800000008005000020000000800505F
:108F58000004000000080050000100000004005058
:108F680004000000000C0050010000000000005048
:108F7800040000000000005008000000000C005031
:108F880000010000000C005000020000000C00501E
:108F980040000000000C00502000000000040050B9
:108FA8000080000000040050004000000004005051
:108FB80000200000000400500010000000040050D1
:108FC80000080000000400500004000000040050E5
:108FD80000020000000400500001000000080050DA
:108FE8008000000000080050400000000008005009
:108FF8002000000000080050100000000008005089
:10900800080000000008005004000000000800509C
:1090180002000000000800500100000001010000EB
:109028000024F400000000000F0000000800000009
:109038000000000000003E400000000000406F40BB
:1090480000000000000000400000000000C0924046
:10905800000000000000894001000000000100003D
:1090680001000000000000000000000000000000F7
:109078000F000000070000000000000000004E4044
:109088000000000000005440000000000000F03F15
:109098000000000000F891400000000000E085405A
:1090A80001000000000100000100000000000000B5
:1090B80000000000000000000101010002000000A3
:1090C8000101000000000000000000000000000096
:1090D8000000000000C092400000000000488C40E2
:1090E8000900000009000000010000000F00000056
:1090F80000000000003071400000000000D08640F1
:109108000000000000005940000000000000594025
:109118000000000000D086400100000001000000AF
:10912800010B010004000000000000000300000023
:10913800106800205802002000000000106800207D
:1091480078680020E06800200000000000000000AF
:109158000000000000000000000000000000000007
:1091680000000000000000000000000000000000F7
:1091780000000000000000000000000000000000E7
:0491880000000000E3
:0400000508014A1D87
:00000001FF
