:020000040800F2
:10800000009000209D440108910401089304010898
:108010000000000000000000000000000000000060
:1080200000000000000000000000000095040108AE
:1080300000000000000000009704010899040108F6
:10804000ED440108ED440108ED440108ED44010848
:10805000ED440108ED440108ED440108ED44010838
:10806000ED440108A1040108ED440108ED440108B4
:10807000ED440108ED440108ED440108ED44010818
:10808000ED440108B1040108C1040108D10401084C
:10809000ED440108E1040108F1040108ED44010880
:1080A000ED440108ED440108ED4401080105010813
:0C80B000ED440108ED440108ED44010816
:1080BC0010B5064C2378002B07D1054B002B02D0B2
:1080CC00044800E000BF0123237010BDB002002063
:1080DC000000000074860108044B10B5002B03D07F
:1080EC000349044800E000BF10BDC046000000007A
:1080FC00B40200207486010802B471464908490094
:10810C00095C49008E4402BC7047C04603B47146FA
:10811C00490840004900095E49008E4403BC704781
:10812C00002243088B4274D303098B425FD3030AAA
:10813C008B4244D3030B8B4228D3030C8B420DD3BD
:10814C00FF22090212BA030C8B4202D3121209024B
:10815C0065D0030B8B4219D300E0090AC30B8B4289
:10816C0001D3CB03C01A5241830B8B4201D38B0337
:10817C00C01A5241430B8B4201D34B03C01A5241DC
:10818C00030B8B4201D30B03C01A5241C30A8B421F
:10819C0001D3CB02C01A5241830A8B4201D38B020A
:1081AC00C01A5241430A8B4201D34B02C01A5241AE
:1081BC00030A8B4201D30B02C01A5241CDD2C30920
:1081CC008B4201D3CB01C01A524183098B4201D39C
:1081DC008B01C01A524143098B4201D34B01C01A87
:1081EC00524103098B4201D30B01C01A5241C308FF
:1081FC008B4201D3CB00C01A524183088B4201D36E
:10820C008B00C01A524143088B4201D34B00C01A59
:10821C005241411A00D20146524110467047FFE7C5
:10822C0001B5002000F0F0F802BDC0460029F7D0DF
:10823C0076E7704703460B437FD4002243088B42FA
:10824C0074D303098B425FD3030A8B4244D3030BD1
:10825C008B4228D3030C8B420DD3FF22090212BA96
:10826C00030C8B4202D31212090265D0030B8B4212
:10827C0019D300E0090AC30B8B4201D3CB03C01AFC
:10828C005241830B8B4201D38B03C01A5241430BD7
:10829C008B4201D34B03C01A5241030B8B4201D3C7
:1082AC000B03C01A5241C30A8B4201D3CB02C01A32
:1082BC005241830A8B4201D38B02C01A5241430AAA
:1082CC008B4201D34B02C01A5241030A8B4201D399
:1082DC000B02C01A5241CDD2C3098B4201D3CB0140
:1082EC00C01A524183098B4201D38B01C01A5241EF
:1082FC0043098B4201D34B01C01A524103098B42F3
:10830C0001D30B01C01A5241C3088B4201D3CB00DD
:10831C00C01A524183088B4201D38B00C01A5241C0
:10832C0043088B4201D34B00C01A5241411A00D270
:10833C0001465241104670475DE0CA0F00D04942D9
:10834C00031000D34042534000229C4603098B4249
:10835C002DD3030A8B4212D3FC22890112BA030AD1
:10836C008B420CD3890192118B4208D38901921153
:10837C008B4204D389013AD0921100E08909C309D8
:10838C008B4201D3CB01C01A524183098B4201D3DA
:10839C008B01C01A524143098B4201D34B01C01AC5
:1083AC00524103098B4201D30B01C01A5241C3083D
:1083BC008B4201D3CB00C01A524183088B4201D3AC
:1083CC008B00C01A5241D9D243088B4201D34B00C7
:1083DC00C01A5241411A00D20146634652415B1009
:1083EC00104601D34042002B00D5494270476346EA
:1083FC005B1000D3404201B5002000F005F802BD2F
:10840C000029F8D016E770477047C0468446100024
:10841C0062468C461900634600E0C0461FB502F068
:10842C0083F9002801D40021C8421FBD10B502F009
:10843C00C7F84042013010BD10B502F075F90028A4
:10844C0001DB002010BD012010BDC04610B502F0AC
:10845C006BF9002801DD002010BD012010BDC046C5
:10846C0010B502F0F1F8002801DC002010BD01204D
:10847C0010BDC04610B502F0E7F8002801DA002064
:10848C0010BD012010BDC046844608006146FFE7C0
:10849C001FB500F0FBFC002801D40021C8421FBD11
:1084AC0010B500F083FC4042013010BD10B500F057
:1084BC00EDFC002801DB002010BD012010BDC046E2
:1084CC0010B500F0E3FC002801DD002010BD0120F8
:1084DC0010BDC04610B500F091FC002801DC002056
:1084EC0010BD012010BDC04610B500F087FC00285F
:1084FC0001DA002010BD012010BDC046002B11D1A7
:10850C00002A0FD1002900D1002802D00021C94334
:10851C00080007B4024802A14018029003BDC046EF
:10852C00E9FEFFFF03B4684601B5029800F06AF853
:10853C00019B9E4602B00CBC7047C046F0B5CE46BF
:10854C009946030C9C46130447461B0C1D000E0059
:10855C0061460404240C80B50700100C4B436543A2
:10856C00414360432C0CC01824188C46A34203D9F9
:10857C0080235B029846C444494679435643230CF6
:10858C002D042D0C8919634424046019C918C0BC2E
:10859C00B946B046F0BDC0469E2110B5C905041CB5
:1085AC00FFF7A2FF002803D1201C01F075F810BDC5
:1085BC009E21201CC90500F00BFE01F06DF88023F4
:1085CC001B069C466044F2E770B500220C4B04007D
:1085DC000D00FFF74FFF002804D12000290003F005
:1085EC0023F870BD064B00222000290002F0F0FB9E
:1085FC0003F01AF880231B069C466044F1E7C04642
:10860C000000E041F0B557464E464546DE46E0B523
:10861C0004000D009246994683B08B4230D82DD081
:10862C004946504603F076F929000600200003F075
:10863C0071F9331A9846203B34D49B4653465A461C
:10864C00934042461F00534693401E00AF423BD816
:10865C00AF4200D179E05B46A41BBD41002B00DA90
:10866C0076E0002200230092019301235A469340A6
:10867C000193012342469340009329E08242CFD9D3
:10868C0000220023009201930C9B002B01D01C6054
:10869C005D600098019903B0F0BCBB46B246A94698
:1086AC00A046F0BD42469B4620239B1A5246DA4018
:1086BC00414613004A468A40170042461F43534620
:1086CC0093401E00AF42C3D90022002300920193B5
:1086DC004346002BD8D0FB0772081A4346467B084A
:1086EC000EE0AB4201D1A2420CD8A41A9D4101204C
:1086FC0024196D410021013E24184D41002E06D055
:10870C00AB42EED9013E24196D41002EF8D10098F0
:10871C0001995B4600196941002B24DB2B005A465A
:10872C004446D3402A00E2401C005B461500002B57
:10873C002ADB26009E40330026004746BE4032000E
:10874C00801A9941009001919EE7A342BCD882E720
:10875C004246202300219B1A002200910192012203
:10876C00DA40019285E7424620239B1A2A004646AE
:10877C009A402300F340444613432A00E2401C0075
:10878C005B461500002BD4DA42462F00202326002E
:10879C0097409B1ADE403B003343CDE7F8B54B02C4
:1087AC005A0A94464A00C90FCE46474689464500A8
:1087BC0046022D0E120E80B59909770AC40FB60920
:1087CC00AB1A4C4520D0002B0CDD002A34D10029EB
:1087DC002AD05A1E012B00D18FE0FF2B00D1CDE007
:1087EC0013002FE0002B60D0531B002D00D0EEE0C7
:1087FC00002E00D13EE15C1E012B00D16BE1FF2B62
:10880C0000D1B9E02300E7E0002B00DCA4E0002A53
:10881C0069D0FF2D00D1B1E08022D20411431B2B73
:10882C0000DCE9E02B000536F708FF2B00D1A5E0B2
:10883C007A02520AD8B230E0FF2D00D19EE080229D
:10884C00D204114301201B2B08DC08002022D84045
:10885C00D31A99400B005A1E93411843361A7301D0
:10886C0000D471E0B601B709380003F035F83B00CD
:10887C000538834085424DDDB44E2D1A1E405A07F3
:10888C0068D00F221340042B64D00436730161D5D9
:10889C00681CFE2D54D1FF200022C0051043E407B4
:1088AC002043C0BCB946B046F8BDFE229046681CB9
:1088BC000200404610426BD1002D00D0DDE0002EAE
:1088CC0000D102E10029B3D08022771AD2041742DA
:1088DC0000D136E14C468E1B61D00120164230D1BE
:1088EC000023F708A4E700299ED05A1E012B00D1C3
:1088FC00CAE0FF2B42D0130091E7711A4B0100D450
:10890C00D1E08F01BF09380002F0E6FF3B000538CB
:10891C00834001252022401B0130121A1E00934077
:10892C00C6405A1E93411E4339D0730700D11BE138
:10893C000F2300253340042BA7D1012072017CD5D5
:10894C00C0B2B201520AA8E7730703D00F23334019
:10895C00042B9AD12B0067E7002B23D0531B002D3F
:10896C007BD1002E00D186E05D1E012B00D18BE067
:10897C00FF2B02D02B0075E04C466746002F00D130
:10898C0089E78022D2033A435202FF20520A84E73D
:10899C00771A7B016BD4002F00D065E700240020F0
:1089AC0000227AE7FE226B1C1A4249D1002D00D01E
:1089BC009FE0002E00D1BAE0002900D1CFE0721860
:1089CC00530100D4CDE092010120520A65E7FF2A41
:1089DC00D2D08020C004064301201B2B08DC3000C1
:1089EC002024D840E31A9E4033005C1EA341184358
:1089FC004C4615000E1A32E708002022D840D31A34
:108A0C0099400B005A1E93410343F61873019BD5F2
:108A1C000135FF2D00D13EE701234D49720833404B
:108A2C000A401A431600530704D00F231340042B9B
:108A3C0000D02AE7730100D52AE72B00F708F7E6E8
:108A4C00FF2B00D127E7711849084A072FD00F22B6
:108A5C000A40042A2BD00E1DE6E6FF2A8DD080207A
:108A6C00C00406431B2B24DD13004E1DDCE64C46D4
:108A7C008F1BF9E64C460E00D6E6002E49D1002994
:108A8C0068D067464C467CE77018430174D5304972
:108A9C0040080140430709D00F230340042B05D0A5
:108AAC0002230E1DC0E60123CF08C1E60223CF0826
:108ABC00BEE620253000D840EB1A9E4033005D1EE8
:108ACC00AB41034315005E18A0E7002900D165E710
:108ADC004C466746ACE68F1B7B012ED5BF01BF0908
:108AEC00380002F0F9FE3B00053883404C46013556
:108AFC0010E7002E00D140E7002900D141E7802388
:108B0C00DB039F4200D23CE79C4500D339E7674624
:108B1C0037E7002900D134E78023DB039F4200D2E2
:108B2C002FE79C4500D32CE74C46674629E70029E4
:108B3C0000D134E70023CF087AE64C460123FF0826
:108B4C0076E6002F00D129E7FF0871E6FFFFFFFB57
:108B5C00FFFFFF7D80220024FF20D2039DE600232F
:108B6C0066E60023D70863E60120720100D5E7E62C
:108B7C0031000023CF085BE60123C70858E6C04646
:108B8C00F0B546464F46D6464502C0B5C30F470022
:108B9C0098460E1C6D0A3F0E5BD0FF2F21D0802310
:108BAC00ED00DB041D43002399469A467F3F740277
:108BBC007300640A1B0EF60F002B20D0FF2B43D042
:108BCC0080220020E400D20414437F3B4246FF1A6B
:108BDC004B4672400F2B00D99DE071499B00CB583E
:108BEC009F46002D5AD108239946063B74029A469B
:108BFC007300FF27640A1B0EF60F002BDED1002C2E
:108C0C003BD1012342464946724019430E2918D8DC
:108C1C006448890041588F465346022B00D1B8E076
:108C2C00032B6ED042462C00012B40D10020002497
:108C3C00C0052043D2071043E0BCBA46B146A84653
:108C4C00F0BDFF200024F3E7002C20D10223FF3FCE
:108C5C00D8E7002D05D104239946033B00279A46FB
:108C6C00A5E7280002F038FE7627431F9D4000231D
:108C7C007F4299469A463F1A99E7200002F02CFE53
:108C8C00431F9C4076235B421B1A00209EE7032364
:108C9C004A461A4391460320FC3397E70C23994626
:108CAC00093BFF279A4682E703282CD03200380074
:108CBC007F30002847DD630704D00F232340042BAB
:108CCC0000D00434230103D53800374B80301C40CE
:108CDC00FE28B6DCA401640AC0B2A9E780240022F5
:108CEC00FF20E403A4E78023DB031D4201D01C42D8
:108CFC000BD08024E4032C4364024246FF20640A18
:108D0C0096E746462C008023DB031C4364023200AA
:108D1C00FF20640A8CE76D01600185422DD21B2374
:108D2C000024013F0126290064006D00002901DBAD
:108D3C00854201D32D1A3443013B002BF3D16B1E1A
:108D4C009D412C43B3E701231B1A1B2B00DD6DE760
:108D5C0021009E37D940BC400B00611E8C4123433F
:108D6C00590704D00F211940042900D004335901AC
:108D7C0013D49B0100205C0A5AE71A2301242D1AF4
:108D8C00D0E7981E43425841404232000024C0B202
:108D9C004EE74246FF2000244AE70120002447E723
:108DAC00E486010824870108FFFFFFF770B5420035
:108DBC004E024C0045026D0A120EC30F760A240EA9
:108DCC00C90FFF2A10D0FF2C0CD00120A2420AD1CF
:108DDC00B54208D18B420FD0002A04D12800431E83
:108DEC00984100E0012070BD0120FF2CFBD13543E0
:108DFC00F9D14B401800F6E70020F4E730B54200FB
:108E0C0044024D02C30F4800640A120E6D0A000E94
:108E1C00C90FFF2A18D0FF280AD0002A1ED100281B
:108E2C000AD1002D29D0002C2DD14800013830BD9D
:108E3C00002D25D1002A01D1002CF6D08B4219D05F
:108E4C0001205B421843F2E7002C19D1FF28F7D11F
:108E5C00002D15D100208B42F2D1E8E70028EFD08D
:108E6C008B42EDD18242EBDC04DBAC42E8D8002033
:108E7C00AC42DCD258000138D9E7002CD7D0DFE760
:108E8C0002204042D3E78B42DAD1EEE730B5420004
:108E9C0044024D02C30F4800640A120E6D0A000E04
:108EAC00C90FFF2A17D0FF280AD0002A1BD100288F
:108EBC000AD1002D1DD0002C2DD14800013811E015
:108ECC00002D0ED1002A01D1002CF6D08B420CD1F2
:108EDC005800013806E0002C03D1FF2805D1002DE5
:108EEC0015D0022030BD002806D101205B4218436A
:108EFC00F8E7002CF6D0F8E78B42F6D18242F4DC8E
:108F0C00E6DBAC42F1D80020AC42EBD2E0E700202B
:108F1C008B42EAD1E6E78B42E7D1F2E7F0B54F4658
:108F2C004646D6464400C0B546020F1C760A240EAF
:108F3C00C50F002C00D1DAE0FF2C74D08023F60092
:108F4C00DB041E43002399469A467F3C7B025B0A56
:108F5C0098467B001B0EFF0F002B74D0FF2B00D10B
:108F6C008EE042468021D200C90411437F3B2A0087
:108F7C00E4184B467A408846D2B20A2B75DC4B4635
:108F8C000020022B0FDD494601238B40A621C9008E
:108F9C000B4269D1902189000B4200D000E188215D
:108FAC00194200D0F5E041460904090C434608007B
:108FBC00350C36041B0C360C704369435E435D4321
:108FCC007618030C9B19994203D9802149028C46CF
:108FDC00654400041904000C09188E01701E8641AA
:108FEC001B0C890E5B190E439B011E431B016CD499
:108FFC0023007F33002B00DCB1E0150071070BD090
:10900C000F2021003040042806D00436320103D54D
:10901C006E4B1E400B008033FE2B00DDBDE0B20119
:10902C00520ADBB248E0002E00D092E008239946A9
:10903C00063B9A467B025B0A98467B00FF241B0E7C
:10904C00FF0F002B8AD14246002A64D149460132D7
:10905C00114389460A2908DC7D400120EAB2022925
:10906C0091DC1500002227E015005346022B00D19D
:10907C0093E0032B1AD0012B2CD1002300221BE0F0
:10908C004346FF34002B55D003214B460B431900AC
:10909C000A2B00DC92E00F2B00D08CE08022D20354
:1090AC00164203D04346134200D17DE08022D20306
:1090BC0032435202520AFF23D805ED0710432843CE
:1090CC00E0BCBA46B146A846F0BD012315007108B4
:1090DC001E400E4323008033611C002B41DD7207C0
:1090EC0094D00F223240042A00D08EE78EE7002E57
:1090FC0005D104239946033B00249A4626E7300009
:10910C0002F0EAFB7624431F9E40002364429946FA
:10911C009A46241A1AE7404602F0DEFB4B46241A04
:10912C00763C0A2BA1DC4346053883407D409846AB
:10913C00EAB224E74A46023313432A007A40D2B2F9
:10914C000A2B92DC49461500002926D099460220AC
:10915C0019E70C239946093BFF249A46F6E61500BD
:10916C0021000122D31A1B2B00DD86E79E31320031
:10917C008E40DA40731E9E413243530704D00F23B6
:10918C001340042B00D00432530110D501230022CC
:10919C0092E73D004646824667E7FF2300228BE7B5
:1091AC0080220025D20386E73D001A4383E7920113
:1091BC000023520A80E73D00464677E72A00012348
:1091CC007A408B400320D2B2E9E6C046FFFFFFF79E
:1091DC00F8B54746CE46430280B55F0A9B09450069
:1091EC004A009C464B02C40FCE0F2D0E580A120E8D
:1091FC009909FF2A6BD001235E40AB1AB4424BD0C5
:10920C00002B00DCFFE0002A00D188E0FF2D00D10C
:10921C00EFE08022D204114301201B2B08DC080054
:10922C002022D840D31A99400B005A1E9341184360
:10923C0063461B1A9C4663465B0100D4CDE0634633
:10924C009F01BF09380002F047FB3B000538834003
:10925C00854200DCA2E0B74A2D1A1A4094465A0700
:10926C0000D1C3E00F221340042B00D1BEE0042335
:10927C009846C44463465B0100D4B7E0681CFE2DDD
:10928C0000D0A5E0FF200022C0051043E4072043D6
:10929C00C0BCB946B046F8BD002B00DCEBE1002A9F
:1092AC0046D0FF2D00D1A4E08022D20411431B2B09
:1092BC0000DCFBE0052398462B00C4446246D7082B
:1092CC00FF2B00D195E07A02520AD8B2DCE72B00D2
:1092DC00FF3B9946002918D101235E40B44200D1CE
:1092EC00CAE04B46002B2DD0002D00D03CE1FF23D3
:1092FC006446002C00D15FE15D1E012B00D174E1AE
:10930C003400FF2B74D02B0003E1B44200D19CE05D
:10931C00002B17D0002DEAD0070034006CE0002998
:10932C00CCD05A1E012B2BD0FF2B62D0130073E72D
:10933C000029C3D05A1E012B00D11EE1FF2B58D09F
:10934C001300B4E7FE226B1C1A420DD1002D60D025
:10935C006346002B00D020E1002900D028E18022B8
:10936C000024FF20D2038FE763465F1A7B0100D5F0
:10937C00FEE0002F00D065E700240020002283E7E8
:10938C006346591A4B0100D419E18F01BF0938000B
:10939C0002F0A2FA3B000538834001252022401B35
:1093AC000130121A19009340C1405A1E93411943BF
:1093BC008C460B1EE1D05B0700D152E10F23002538
:1093CC000B40042B00D052E701204A0100D492E05C
:1093DC00C0B263469A01520A56E763465B0705D052
:1093EC000F2362461340042B00D040E72B0065E7A7
:1093FC000700002F00D145E78022D2033A435202E6
:10940C00FF20520A40E7002B79D1FE226B1C1A4236
:10941C00AAD16346002B00D1F5E0002900D1D1E0A0
:10942C005F1A8023DB041F4200D10EE16246012447
:10943C008A1A944600203440002A00D124E70120E7
:10944C001A42C6D10023D7083DE7002B17D0002DB8
:10945C0000D0AFE0FF236546002D00D1ADE05E1ECD
:10946C00012B00D189E0FF2BC2D01B2E00DCABE01E
:10947C004B1D9C46130021E74B46002B70D1FE225E
:10948C006B1C1A425ED1002D00D0C3E06346002B4A
:10949C0000D1D0E0002900D194E00A0062445301CD
:1094AC0000D4D8E092010120520AEDE608002022F7
:1094BC00D840D31A99400B005A1E934103439C4445
:1094CC0063465B0189D50135FF2D00D1DAE6624692
:1094DC0001231949134052080A401A4313009446B9
:1094EC005B0704D00F231340042B00D0BFE6634668
:1094FC005B0100D5C2E66346DF082B00E3E6531B95
:10950C00002D00D1F4E680206446C0040443A44638
:10951C00340001201B2B09DC20256046D840EB1AB7
:10952C0065469D402B005D1EAB4118430B1A9C46B3
:10953C00150080E6FFFFFFFBFFFFFF7DFE226B1C8B
:10954C001342A3D0FF2B00D19CE6614449084A0783
:10955C0049D00F220A40042A45D00A1D9446ADE694
:10956C00002D00D176E78DE63400FF2000228BE63B
:10957C0063460124CF1A344064E661444B016DD537
:10958C0048084449014043072CD00F230340042BC7
:10959C0028D00B1D9C46022390E6002900D12BE716
:1095AC008023DB039F4200D226E7984200D323E7B7
:1095BC000124344007001FE734008C467EE601236B
:1095CC00CF0880E600237EE620206546801B854080
:1095DC0063462800F340451EA84103439C461500F2
:1095EC008C446DE70223CF086DE60F1B7B0128D559
:1095FC00BF01BF09380002F06FF93B00053883400A
:10960C0034000125CAE6002900D1B5E60124070083
:10961C00344058E66346002B00D1E9E6002900D11E
:10962C00EAE68023DB039F4200D2E5E6984200D3B2
:10963C00E2E60700E0E6002900D19EE60023CF0811
:10964C0041E634000123FF083DE6002F00D193E6EC
:10965C000023FF0837E60023D70834E60123CF08A0
:10966C0031E680220B00D20401201340114200D0BD
:10967C00AEE6CF0827E6002B00D15FE7561B002D86
:10968C0001D13300E7E680236046DB0418438446AF
:10969C00EBE6C046FFFFFF7D41024200C30F490AC3
:1096AC000020120E7E2A03DD9D2A02DD094A98183D
:1096BC007047802000040143952A07DC9620821A0B
:1096CC00D1404842002BF3D10800F1E7963A914083
:1096DC00F7E7C046FFFFFF7F70B5002812D0C31715
:1096EC00C5185D40C40F280002F0F6F89E231B1A23
:1096FC00962B0FDC082838D0083885406D026D0A8F
:10970C00D8B202E0002400200025C0052843E4075D
:10971C00204370BD992B14DC421F95402A0015493B
:10972C00114055071CD00F252A40042A18D00431AB
:10973C00CA08490115D59F235202181A550AC0B2FE
:10974C00E3E705222900121AD14002001B32954092
:10975C002A00551EAA410A43064911405507E2D179
:10976C00CA085202550AD8B2CFE76D026D0A8E3084
:10977C00CBE7C046FFFFFFFB10B5041E0DD002F077
:10978C00ABF89E231B1A962B0CDC082834D0083817
:10979C0084406402640AD8B201E000200024C005B1
:1097AC00204310BD992B13DC421F9440144A2240D5
:1097BC0061071CD00F212140042918D00432D40891
:1097CC00520115D59F236402181A640AC0B2E6E749
:1097DC00020021001B3291400A00511E8A410521D2
:1097EC00091ACC401443064A22406107E2D1D4083E
:1097FC006402640AD8B2D2E76402640A8E30CEE7FF
:10980C00FFFFFFFBF0B54F464646D646C0B582B0CB
:10981C00009001910E034C00CD0F710A009E5F0069
:10982C00760F0E43009900920193C90089461903E3
:10983C007B0D9846019B490ADB0F9C46009B009AC6
:10984C005B0F0B434146640DD200611A654500D194
:10985C00A6E0002972DD4746002F00D1DDE0CC4F99
:10986C00BC4200D19AE10127382917DC80273F043C
:10987C003B431F2900DDDDE12027781A1F008740BC
:10988C00BA461700CF408446380057460743604617
:10989C008240CB40501E8241F61A17434B46DF1BC9
:1098AC00B94580414042361A330200D4FFE07602BB
:1098BC00760A002E00D13CE1300002F00DF80300D6
:1098CC00083B20213800CA1AD0409E4002009F401D
:1098DC0032439C4200DDA6E1181B0130091A3E0000
:1098EC008F40C6407B1E9F4113008B4037431F4364
:1098FC00C2403B0016000024134300D1DFE17B077C
:10990C0000D132E30F233A003B40042B04D03A1D24
:10991C00BA42BF417F42F619330200D423E39C4B79
:10992C0001349C4200D1B4E09A4B64051E40640D96
:10993C007707D20876021743360BACE0002900D12A
:10994C007EE04146091B002C00D060E13400484603
:10995C00044300D1C9E14C1E012900D12EE28C4DEB
:10996C00A94200D124E20127382C11DC21001F2947
:10997C0000DD0BE2202437004846641AA740C8409B
:10998C0007434846A040CE40441EA0419B1B0743C2
:10999C00D71BBA4292415242654644469E1A83E70F
:1099AC00002900DC9CE04746002F67D11F001743BD
:1099BC0000D1E4E0481E012900D19BE1744FB9426B
:1099CC0000D1EBE001270100382811DC1F2900DD54
:1099DC00C7E12027781A1F00844687401000C84032
:1099EC00074360468240CB40501E8241F618174315
:1099FC004F444F45804140423618330257D5644B93
:109A0C0001349C4245D00121624B7A081E403940FA
:109A1C000A43F7071743760871E71F00174300D175
:109A2C00ADE04F1EBC46012900D182E1584FB9422E
:109A3C0000D190E161460127382900DD2EE718E7B7
:109A4C00554F611C394200D0D0E0310048461F0010
:109A5C0001431743002C00D03DE1002900D1BCE1AB
:109A6C00002F00D0BFE14B460021D80877070743F1
:109A7C00F00806034C05360B640D0CE0444FBC4259
:109A8C0000D18BE001273829B2DC80273F043B430F
:109A9C009CE70026002724053443ED072C433800AF
:109AAC00210002B0E0BCBA46B146A846F0BD7B0727
:109ABC0004D00F233B40042B00D028E7F808344B8C
:109ACC0077070743F0089C4200D04AE23B0003436F
:109ADC0059D080263603064336032D4C360BDAE775
:109AEC00002961D04146091B002C00D1B9E0284C5B
:109AFC00A04500D1A5E10127382913DC80242404DA
:109B0C0026431F2900DDC8E1202437004846641A8B
:109B1C00A740C84007434846A040CE40441EA04141
:109B2C009B190743BF189742924152424446D6189C
:109B3C0063E7380001F0D0FE030018331F2B00DC64
:109B4C00BFE63A00083882409C4200DD83E01B1BD4
:109B5C00581C1F2800DCB4E117001F3BDF402028F5
:109B6C0005D040231B1A9A40531E9A4117430024D8
:109B7C00002F0AD07B0700D0C4E626009EE74B4698
:109B8C000C00D8089BE70027014C002683E7C04651
:109B9C00FF070000FFFF7FFFFE0700004B46770723
:109BAC00D8080743F00891E7CD4F611C39426BD1BF
:109BBC00310048460143002C00D04BE11F001743F5
:109BCC00002900D181E1002F00D14CE74A444A45DD
:109BDC008041F61840423618330200D5B0E1170028
:109BEC009146374300D03EE7002654E74946891A90
:109BFC008846C145BF41F11A7F42C91B0F0261D48F
:109C0C0047460F4300D1BDE00E00474651E6B54C28
:109C1C00A04500D100E10127382900DDB8E68024F9
:109C2C0024042643A3E6B04EE41A16407B0700D06A
:109C3C003FE743E70F001800203FF84084462029F7
:109C4C0003D04027791A8B401A43531E9A4163461E
:109C5C0017001F4322E6A448E11A10404707C0082A
:109C6C0007E734004846044300D1FAE04C1E0129B2
:109C7C0000D1D7E09B4FB94200D1E2E00127382C4C
:109C8C0000DD4FE721003CE7964CA14200D1DDE01E
:109C9C004A444A458041F31840421818C7075208F5
:109CAC0017434608520705D00F220C003A40042AED
:109CBC0000D02CE67607FF0837430009D9E60027C9
:109CCC000026E8E64946571ABA4292419E1B524278
:109CDC006546B61AEDE5002900D0C6E0002F67D125
:109CEC00802600257F4C3603D5E665460C001E0009
:109CFC00D008E4E64A444A458041F318404218181B
:109D0C001100030200D496E0774B49081840C307B2
:109D1C000B434408490700D129E10F221A40042AB9
:109D2C0000D1EAE01F1D9F42B6417642361902244B
:109D3C00C4E649468F1AB9458041F61A4042361A94
:109D4C00330206D47307FF0801211F43F00890E685
:109D5C0065460124ABE54B467707D8080743F00866
:109D6C00B4E60F001800203FF8408446202903D0A9
:109D7C004027791A8B401A43531E9A4163461700A9
:109D8C001F4335E600250024002684E60C00350030
:109D9C00203CE540202905D04024611A8E404946DC
:109DAC00314389464846411E884107002F43EFE561
:109DBC00D2085F0765461743D80887E6171ABA42D8
:109DCC0092419E1B5242B61A3302C1D47307FF084C
:109DDC00654601211F43F0084BE6002F7BD06546FA
:109DEC001E0091463FE6811A8846C145A441F11AEE
:109DFC006442091B80242404214277D0101A824229
:109E0C00924107009E1B5242B61A374300D0A0E085
:109E1C006546002400263EE65F07D20865461743D8
:109E2C00D80853E6811891429241F018524280189A
:109E3C00030200D568E74707C9080F43C008012192
:109E4C0017E6D2085F071743D8083FE60C00002638
:109E5C00002720E6002956D15F07D2081743D808FF
:109E6C0034E60C001E00D00829E6C1087007014337
:109E7C00F008002F62D080242403204207D0DE0893
:109E8C00264204D165463000D1085B0719434F0FB9
:109E9C00C900C9087F070F4318E60C003000203CAE
:109EAC00E0408446202905D04024611A8E40494662
:109EBC00314389464846411E8841614607000F439D
:109ECC0030E620210027091A0EE51E00002F00D0D5
:109EDC0022E5002458E7002500240026DBE5C046D7
:109EEC00FE070000FF070000FFFF7FFF47460F4300
:109EFC0000D147E70E00C146B5E5DF086407022133
:109F0C0027430009B5E51900C0087707074311433B
:109F1C00F008002900D1D9E580210903084207D0B7
:109F2C00DC080C4204D1D2085B071A43170020004E
:109F3C007B0FFF00FF085B071F43C7E50F00C5E55C
:109F4C00124BD20833405F075B02012417431E0BF0
:109F5C00A1E5264212D00D4B6546020001241E409D
:109F6C00E6E4210085E51700A8E53A00D4E4DB0817
:109F7C0064071C432700022100097AE5C008770713
:109F8C00074365460021F00873E5C046FFFF7FFFDD
:109F9C00F0B5DE46454657464E46E0B587B00092D2
:109FAC0001930B031B0B9B46CA0F4B00040080460E
:109FBC005B0D029200D198E07C4A934237D059460F
:109FCC00420FC9000A43802109041143C200904684
:109FDC00774A894692469A44002300240393009EB4
:109FEC00019F3B031B0B9B467B0030005B0DFD0F61
:109FFC00002B59D06D4A934248D05946720FC90074
:10A00C000A438021090411438B466949F2008C46AE
:10A01C0051466344CB1A9A460021029E6E40F6B21A
:10A02C000F2C00D9CEE0634BA4001B599F465A4617
:10A03C000243914600D090E09A46022390460824B1
:10A04C000393CCE7CB464246029D0399022900D1EB
:10A05C00DEE1032900D18DE0012900D079E12E0049
:10A06C0000220023002490461B052343F6073343AC
:10A07C004046190007B0F0BCBB46B246A946A04604
:10A08C00F0BD002200249046484BEDE75A46009B59
:10A09C001A43494B9C46E244002A59D102231C43E3
:10A0AC00002302219B46B8E75A46009B1A4349D02D
:10A0BC005B46002B00D19CE1584601F00DFC0200E0
:10A0CC0003000B3A1D27009EBA1A19005846D640B9
:10A0DC0008398840320002439346009A8A40374937
:10A0EC0053448A4600219A4497E75B4603439946BA
:10A0FC0021D05B46002B00D169E1584601F0ECFB06
:10A10C000B235B429C460200844466461D239B1B2A
:10A11C00260011005846DE400839884033000343BE
:10A12C00994623008B409846254B00249B1A9A464F
:10A13C000023039353E7002398469A4601330424E3
:10A14C0003934CE701231C43002301219B4664E746
:10A15C000323320003211C435FE79A460323D946AD
:10A16C000C2403933BE700238024984600260F4BD6
:10A17C00240379E780245B4624031C4324032E002C
:10A18C0090460A4B240B6FE780244B462403234252
:10A19C0002D05B462342F0D080244B4624031C4360
:10A1AC002403029E014B240B5EE7C046FF07000010
:10A1BC0001FCFFFF6087010801F8FFFFF3030000BB
:10A1CC000DFCFFFFCB4500D2F8E000D1F3E00123FA
:10A1DC005B429C46444648460025E2445B46170ECB
:10A1EC001B021F43190C3B04120200971F0C9146D3
:10A1FC0002910397FEF71AF802007A430B04210C24
:10A20C00804619438A4209D9009F0123BC465B4210
:10A21C0061449C46E0448F4200D85CE1881A029964
:10A22C00FEF704F8039A240442430904240C0300A7
:10A23C000C43A24206D90099013B8C466444A142CE
:10A24C0000D842E1A01A424612041A4393464B46E8
:10A25C0059461B0C1F0004930B0449460904090CB6
:10A26C000C001B0C5C43120C7B43884651437A4315
:10A27C00270CBC465B186344994203D980214902E0
:10A28C008C466244190C24041B04240C8A181C19D7
:10A29C00904202D316D1A54214D25B46009F013BDB
:10A2AC004D4405934D459B41BC465B426344C018ED
:10A2BC00874200D302E1824200D929E100D124E196
:10A2CC00059B9B462C1BA542AD41009B801A6D4201
:10A2DC00401B834200D10FE10299FDF7A7FF039ABF
:10A2EC000B044243210C050019438A4200D9CBE0F0
:10A2FC00881A0299FDF79AFF039A24044243090431
:10A30C00240C03000C43A24200D9CAE04146A41A13
:10A31C002A041A43049F13041B0C594340467B43E5
:10A32C009C46150C68430B0C844463447D43984253
:10A33C0003D98020400284466544180C09041B0490
:10A34C00090C40195B18844227D323D00123350014
:10A35C001A43944B5344002B60DD510700D086E028
:10A36C002E00D1085A46D20106D55A468E4B1A40B9
:10A37C0080239346DB0053448C4A934200DD80E6F5
:10A38C005A4652070A4390465A465B055402240B20
:10A39C005B0D69E63500002BDBD0009D511EAC46F1
:10A3AC006444AC4200D29EE0844200D2E1E000D191
:10A3BC00EEE00A00CAE7424500D908E74B46DC0745
:10A3CC00580843465B081C434346DD0706E701F08B
:10A3DC0083FA15239C4684440200634620321C2BCE
:10A3EC0000DC92E623000838834099460023984607
:10A3FC009AE601F071FA02000300153220331C2A90
:10A40C0000DC5FE600990838814000228B4666E646
:10A41C0000222E0000249046654B25E62E000121DB
:10A42C00C91A382900DD1BE61F297EDC614814009F
:10A43C0050445B4682408340CC40501E82412343B3
:10A44C001A435B46CB40510709D00F211140042918
:10A45C0005D0111D9142924152429B180A001902DB
:10A46C0000D49BE00022012300249046FCE50F2140
:10A47C001140042900D173E7111D914292415242BF
:10A48C002E00C90893446DE7009B013D9C46614436
:10A49C008B4200D92CE78A4200D829E7851E6144FB
:10A4AC0026E70099013B8C466444A14200D92DE774
:10A4BC00A24200D82AE7831E644427E7874200D0D3
:10A4CC00FEE6A94500D9FBE6F5E6A24200D8B9E6BE
:10A4DC00831E6444B6E68A4200D89FE6BC46831EBF
:10A4EC00984661449AE60A00844200D02EE74B4518
:10A4FC0000D02BE735002CE72A4B2F4A53449245CA
:10A50C0043DB0122002193442CE7AC4200D8D7E670
:10A51C0002235B429C4600994D444D459B41E344CC
:10A52C008C465B426344C018CCE61F204042C31AE1
:10A53C005846D840202904D05946204B53449940C2
:10A54C000A43531E9A410723190002430024114069
:10A55C00134209D008331340042B1DD0131D934212
:10A56C0089411A0049424907D2080A439046002300
:10A57C007AE54946009F4D004D458941BC4649420C
:10A58C006144A946023A6418AEE70122524246E7FA
:10A59C009945EED30A00AAE70021E5E759075B02CB
:10A5AC001C0BE1E7FF030000FFFFFFFEFE070000AE
:10A5BC00FF0700001E04000002FCFFFF3E04000029
:10A5CC00F0B55746DE464E464546E0B50D00040054
:10A5DC00E80F83460903D80F090B824619488C46AD
:10A5EC001F0369005E00490D3F0B760D814218D0A8
:10A5FC0086420FD00120B1420DD1BC450BD1944203
:10A60C0009D1D3451CD0002905D160462043431EF7
:10A61C00984100E00120F0BCBB46B246A946A046DA
:10A62C00F0BD01208E42F6D1614639430F0017432D
:10A63C002743F0D15B465246981A431E9841EAE7ED
:10A64C000020E8E7FF070000F0B557464E464546A8
:10A65C00DE46E0B50D000E034900490D8A46DF0FBA
:10A66C00E90FBC4683B02F4F04008046019158007F
:10A67C0019039146360B090B400DBA451DD0B84253
:10A68C000DD05746002F2AD13443002824D10A4339
:10A69C0036D0002C41D163465800013815E01143E7
:10A6AC0038D15346002B01D12643F4D0019B63458E
:10A6BC0007D1019B5800013807E026432AD15045A9
:10A6CC0021D00120019B5F42384303B0F0BCBB4654
:10A6DC00B246A946A046F0BD002CDCD0E6E7002827
:10A6EC00EFD0019B6345ECD18245EADCE1DB8E4285
:10A6FC00E7D8DED1C845E4D80020C845E5D2D8E774
:10A70C00002CE2D0DDE7114304D1019B6345D8D185
:10A71C000020DAE702204042D7E7019B6345E6D0F0
:10A72C00CFE7C046FF070000F0B557464E464546FA
:10A73C00DE46E0B50D000E034900490D8A46DF0FD9
:10A74C00E90FBC4683B02E4F04008046019158009F
:10A75C0019039146360B090B400DBA451ED0B84271
:10A76C000DD05746002F27D13443002833D10A434C
:10A77C0034D0002C40D163465800013815E0114309
:10A78C0012D15346002B01D12643F4D0019B6345D3
:10A79C001DD00120019B5F42384306E0264303D1C4
:10A7AC005045F6D111431CD0022003B0F0BCBB467F
:10A7BC00B246A946A046F0BD0028EAD0019B6345ED
:10A7CC00E7D18245E5DC02DB8E42E2D80ED0019B5C
:10A7DC0058000138E9E7002CCDD0D7E7002CE4D0A5
:10A7EC00D7E7019B00206345DFD0D2E7C845D0D81E
:10A7FC000020C845D9D2EAE7019B6345E4D0C8E7FD
:10A80C00FF070000F0B557464E46DE464546E0B51C
:10A81C001F000B031B0B16009A46CA0F4B000400BB
:10A82C00914685B05B0D00D1CFE1CD4A934255D016
:10A83C005146420FC9000A43802109041143C2004A
:10A84C009046C84A8A4693469B44002300250293AF
:10A85C003C037B00FA0F0196240B5B0D009200D198
:10A86C0088E1BF4A934200D192E0BE4A94466344C9
:10A87C009B440A2D42DCE400730F23438024494699
:10A88C0024041C43F3000193009B00205940CBB2DD
:10A89C000393022D00DC94E00123AB401D00A623A2
:10A8AC002A00DB001A401D4200D029E290239B00B5
:10A8BC001D4200D14DE20023802499462403A84B6D
:10A8CC0010004A461B052343D2071343190005B059
:10A8DC00F0BCBB46B246A946A046F0BD5246024368
:10A8EC00904600D0ACE19B46022392460825029389
:10A8FC00AEE7009BA2469946019B9846029B022B11
:10A90C0000D1CAE1032B00D192E1012B10D100231D
:10A91C0000240022D4E701227B083A40134352461C
:10A92C00D2071343984653465B089A46039B9946B5
:10A93C005B46581C8023DB005B44002B00DCB1E140
:10A94C00424652070BD00F2241460A40042A06D039
:10A95C004246111D4145924188465242924452460C
:10A96C00D20106D55246804B1A4080239246DB001A
:10A97C00C3187E4A934200DD8FE14246D10852460D
:10A98C0052070A4351465B054C02240B5B0D97E7BB
:10A99C00734B26439C46E344002E00D16FE1032306
:10A9AC0049461D43009B5940CBB203930A2D00DD51
:10A9BC0033E10123AB401D000323029388222A427A
:10A9CC0097D1424643461204120C160001981D0CF6
:10A9DC00030C0004000C4643B4461E006E43009664
:10A9EC00160007005E436146B0466F430E0CB84438
:10A9FC004644B74205D9802149028846009F474406
:10AA0C00009761460904090C370C36048C4631005A
:10AA1C00614401911100260C2404240C61438C46E2
:10AA2C002100694389466146090C884672434A44B1
:10AA3C0042447543914503D98021490288464544D7
:10AA4C00110C884661460904090C8C4612046244B8
:10AA5C00B91802915146090C8C4651460F043F0C13
:10AA6C003900414345448846614641438A46414644
:10AA7C006046090C894658437B4353444B449A45E2
:10AA8C0003D98021490289464844190C894641461C
:10AA9C000904090C8846390061431B044344884669
:10AAAC0061464C4371438C46414677430E0C3F192B
:10AABC00F6194844B44203D9802149028946CC4452
:10AACC000299009F894631044F448946414697427A
:10AADC0092410C04240C4C44FF1852426419A118E6
:10AAEC009F429B41884682465B42994690459241E3
:10AAFC00AC42A441C244D1445242644214439945ED
:10AB0C009B41824592415B42524213434A46360C6A
:10AB1C00A419E31863445B02D20D1A4301999246BF
:10AB2C007A020A43501E8241FF0D17434A465202D5
:10AB3C001743B846DB0100D5EDE60D4B039A5B4499
:10AB4C009146002B00DCACE03A00520700D110E734
:10AB5C000F2258463A40042A00D0F9E609E7C046CD
:10AB6C00FF07000001FCFFFFFFFFFFFEFE070000D8
:10AB7C00FF030000220032436FD0002C00D1C2E052
:10AB8C00200000F0A9FE020003000B3A1D20821ADF
:10AB9C0030001900D04008398C40020022433400A8
:10ABAC008C405946CB1A86498B469B440A2D00DDB6
:10ABBC00A4E64946009B01945940CBB214000020F6
:10ABCC000393022D00DD67E6FBE6534603439846EC
:10ABDC003CD05346002B00D1A3E0504600F07CFE45
:10ABEC000B235B429C4602008444110050460839FA
:10ABFC0088401D23804660461B1A2000D840030065
:10AC0C00404603439A4623008B4098466C4B0025E4
:10AC1C009B1A9B46002302931AE60F2D00D0C9E025
:10AC2C00802352461B031A4202D01C4200D192E0F0
:10AC3C008024534624031C4324034246240B3EE643
:10AC4C009B46032380460C25029301E600239A467B
:10AC5C009B46013304250293FAE501210D430A2D8D
:10AC6C0000DD4BE6494600984140C9B20391022DE4
:10AC7C0000DC96E000230024012001930CE64946F9
:10AC8C000223009A2B435140CAB203920A2B00DDD7
:10AC9C0034E6002D57D1039B994600240022494BE2
:10ACAC000EE658460121C91A382900DD2FE61F2966
:10ACBC0056DD1F2254465242D31ADC40202907D0BD
:10ACCC00414B42469C465346604483401A4390464F
:10ACDC0042460721531E9A410B0022431340002485
:10ACEC00114209D00F231340042B5DD0111D91424A
:10ACFC009B410A005B425B07D2081A430023DFE545
:10AD0C00039B9946FAE5019800F0E6FD020003006A
:10AD1C00153220331C2A00DC38E7019A08388240AF
:10AD2C003FE700F0D9FD15239C468444020063469E
:10AD3C0020321C2B00DC58E70023984623000838EF
:10AD4C0083409A4662E71D000023002402200193F1
:10AD5C00A2E5029032E61C43009B019A9946AEE5AF
:10AD6C001A4B5246C31840469A40C84002434046CC
:10AD7C0098400300581E834154461A43CC40530755
:10AD8C0009D00F231340042B05D0131D934292417D
:10AD9C005242A4181A00230208D5012300240022D1
:10ADAC008EE5894600248BE50023A5E76307640242
:10ADBC00240BA1E7009BA2469946019B984637E7D6
:10ADCC000DFCFFFFFF0700003E0400001E04000006
:10ADDC00F0B557464E464546DE46E0B583B000908A
:10ADEC0001910C034D00CE0F610A009C5F00640FB3
:10ADFC000C43009900920193C80019037B0D9946EE
:10AE0C00019BCC4FDB0F9C464B0A00998046490FA7
:10AE1C001943009B8B46DA0092466D0DB94500D163
:10AE2C00BFE00123614659404B468C46EB1A8E42DB
:10AE3C0075D0002B00DCA3E24946002900D1CEE0FE
:10AE4C00BD4200D100E20127382B19DC802759467E
:10AE5C003F0439438B461F2B00DDFAE12027F91AFA
:10AE6C008C4659466746B9400F001100D9400F4334
:10AE7C0061468A40511E8A415946D9401743641A8B
:10AE8C00C71BB84280414042241A230200D440E13F
:10AE9C006402640A002C00D154E1200000F01CFD77
:10AEAC000300083B20213800CA1AD0409C40020005
:10AEBC009F4022439D4200DDA6E1581B0130091A38
:10AECC003C008F40C4407B1E9F4113008B402743A6
:10AEDC001F43C2403B0014000025134300D1F7E18F
:10AEEC007B0700D177E30F2338003B40042B04D0C1
:10AEFC00381DB842BF417F42E419230200D468E3F5
:10AF0C008C4B01359D4200D1F4E08B4B6D051C4000
:10AF1C006D0D6707C00864020743240BECE0002B9F
:10AF2C0000DC29E34946002900D0D6E059461143FC
:10AF3C0000D12EE1591E012B00D1E6E1BB4200D11C
:10AF4C0082E101270B00382914DC1F2B00DD3CE2C9
:10AF5C002027F91A8C4659466746B9400F00110054
:10AF6C00D9400F4361468A40511E8A415946D94007
:10AF7C00174364183F18874280414042241823022B
:10AF8C0000D4C6E06B4B01359D4200D1B2E00121EB
:10AF9C00694B7A081C4039400A43E7071743640899
:10AFAC009EE7664B11438A46EB18002928D066456C
:10AFBC002CD0002B5BD0002D00D12CE15B466646DB
:10AFCC005F07D2081743DD083B002B4300D1E2E0BA
:10AFDC00802424032C432403564D240B8CE0594627
:10AFEC00114300D1D5E0591E012B00D1B9E1BB4270
:10AFFC0000D1B1E101270B00382900DD40E72AE739
:10B00C006146012779408C466645D2D1002B00D190
:10B01C00C5E0002D00D055E14B462500054300D17D
:10B02C0012E2591E8C46012B00D149E2414DAB4234
:10B03C0000D18FE20127382911DC63461F2B00DD7C
:10B04C005BE26146202327005B1A050098409F4075
:10B05C00CD40431E9841CC402F430743A344BF1817
:10B06C009742924152425A4414004D4687E7344F5E
:10B07C006B1C3B4200D0B6E05946230011430F0035
:10B08C000343002D00D026E1002B00D1C0E10029A4
:10B09C0000D1A1E0831A98465B464045AD41E31AC6
:10B0AC006D425B1B80252D042B4200D14BE15B468E
:10B0BC00101A824292411C1B070001266346524221
:10B0CC00A41A27431E40002F00D142E12C4200D18C
:10B0DC006DE2194B01251C401BE7BD4200D13BE141
:10B0EC000127382B00DD45E7802759463F043943BB
:10B0FC008B462AE7002400272D052543F607354308
:10B10C003800290003B0F0BCBB46B246A946A046A5
:10B11C00F0BD7B0704D00F233B40042B00D0E7E6A7
:10B12C002B00F808034A67070743E508934200D150
:10B13C004AE7A5E0FF070000FFFF7FFF01F8FFFFD4
:10B14C00FE070000380000F0C7FB030018331F2B6C
:10B15C0000DCA7E63A00083882409D4200DD8AE018
:10B16C005B1B581C1F2800DCD8E117001F3BDF407D
:10B17C00202805D040231B1A9A40531E9A4117438E
:10B18C000025002F00D1E5E07B0700D0ABE62C00BA
:10B19C00C6E7C008C6E700270024D14DACE7D14F65
:10B1AC006B1C3B4271D123000343002D00D04EE1B8
:10B1BC005746002B00D1B5E1002F0DD083188342E8
:10B1CC0080415C4440422418220200D5C8E11F0093
:10B1DC009846274300D1BCE043466707DB081F4372
:10B1EC00E50800234CE0831A98465B464045BF4176
:10B1FC00E31A7F42DB1B1F027CD447461F4300D15E
:10B20C00A6E01C00474645E6B74CED1A14407B07F8
:10B21C0000D080E784E74B462500054366D05F1ECF
:10B22C00012B00D1FCE0AE4DAB4200D15EE1664695
:10B23C00382F00DCB4E00120171ABA4292415B4669
:10B24C0052424D469C1A20E66707C0080743E508A2
:10B25C00BAE61F005946203FF9400F00202B05D0BD
:10B26C004021CB1A594699400A43924653465A1EDE
:10B27C0093411F4304E6EB1A9B4D15406F07ED08F5
:10B28C002C035D05240B6D0D36E7954DAB4200D1BB
:10B29C00D6E082182100824280415944404208186D
:10B2AC00C707520817434408520700D485E10F2200
:10B2BC001D003A40042A00D01AE6FF086407274311
:10B2CC000509DDE75B46D2085F071743DD087BE61F
:10B2DC000027002410E7002B00D0D6E0002900D076
:10B2EC002FE1802400267E4D240305E766465C464C
:10B2FC00D00817E75B46171ABA4292411C1B01266D
:10B30C0063465242A41A1E40C4E58318834280410E
:10B31C005C44404225182A0200D4DAE0724A5B08E9
:10B32C001540EA071A4369085B0700D44AE10F236A
:10B33C001340042B00D1FCE0171D9742A44164423A
:10B34C0002256418ECE647461C001F4300D043E777
:10B35C00002600250024CFE6C00867070743E50850
:10B36C0032E6871A5B46B8428041E41A4042241AFE
:10B37C00230228D46307FF081F43E50801237FE756
:10B38C00002B00D173E64B465F1B3B00002D00D118
:10B39C0042E7382F00DDECE080230E001B041C4339
:10B3AC001F2F25DC20252300ED1B0100A840AB40FE
:10B3BC00F940451EA8410B43FC4018435B461B1B40
:10B3CC009B4639E76646012562E51F005946203F3A
:10B3DC00F9408C46202B05D040275946FB1A994042
:10B3EC000A43924657467B1E9F4163461F43C1E565
:10B3FC003B002500203BDD40202F04D04023DB1BED
:10B40C009C40204380464046431E9841284313E706
:10B41C0000299DD0012663465C4690461E40DBE623
:10B42C00171A5B46BA4292411C1B5242A41A2302C1
:10B43C00C8D46307FF081F4366460123E5081FE7CE
:10B44C001D000024002757E65C46D0086AE6002B56
:10B45C0000D137E75346C00867070743E508002BC0
:10B46C0000D1B1E580231B031D4208D05946C80802
:10B47C00184204D1D20849070A43170005007B0F74
:10B48C00FF00FF085B071F439EE5C00863071843D6
:10B49C00E508002953D080231B031D420AD05946CE
:10B4AC00CC081C4206D1012663462500D00849076A
:10B4BC0008431E40470FC000C0087F07074383E5C1
:10B4CC008318934292415C445242A5182A0200D53B
:10B4DC0024E76F07DB081F43ED080123D0E6C046C5
:10B4EC00FF070000FE070000FFFF7FFF5B46D2084E
:10B4FC005F0766461743DD0866E52500203BDD4007
:10B50C006346202B05D0402361465B1A9C402043A8
:10B51C00804647467B1E9F412F43A0E520210027F4
:10B52C00091AD2E4002F00D113E75C46170000255E
:10B53C00F6E5D708490702230F432D09A0E60700BB
:10B54C0042E55B4601265F07DD086346D2081743D8
:10B55C001E4039E55B46D2085F071743DD0833E52B
:10B56C001E4ADB0822405707520201251F43140BC9
:10B57C00C2E50E0001205FE6002B0DD04B465B1B95
:10B58C009C46002D00D148E50127382B00DD66E5EF
:10B59C0080231B041C4350E56B1C114D2B4200D027
:10B5AC0073E65946230011438A46034300E66707B6
:10B5BC00C00800230743E50862E66407FF08274339
:10B5CC0005095DE6D208490711430F0002232D0936
:10B5DC0056E60700A4E538008FE4C046FFFF7FFF66
:10B5EC00FE070000F0B5C6461E03360BB0460D4EE6
:10B5FC000C034D005F0000B5240B6D0D7F0DB542A3
:10B60C000BD0084900208F4204D146461643300027
:10B61C00431E984180BCB846F0BD04430120002C69
:10B62C00F8D1EEE7FF0700000B00020070B5164DD5
:10B63C000C0382B04900002000920193240B490DA9
:10B64C00DE0FA94204DD1148814203DD104BF018D6
:10B65C0002B070BD8020400320430E4C641A1F2C96
:10B66C0008DD0D4B5B1AD84003005842002EEFD179
:10B67C001800EDE7094B009A9C46030061448B408F
:10B68C00E2401343F1E7C046FE0300001D04000036
:10B69C00FFFFFF7F3304000013040000EDFBFFFFEE
:10B6AC0070B5002816D0C317C5185D40C40F28000C
:10B6BC0000F012F9104B1B1A5B055B0D0A2814DC09
:10B6CC0002002E00153296400B22121AD5402D0383
:10B6DC002D0B03E000240023002500261B052B4323
:10B6EC00E40723433000190070BD0B3885402D034F
:10B6FC0000262D0BF2E7C0461E04000010B5041EF8
:10B70C0010D000F0E9F80E4B1B1A5B055B0D0A28F4
:10B71C000FDC0B222100121AD14015300A03844091
:10B72C00120B01E0002300221B051343200019001B
:10B73C0010BD22000B38824012030024120BF3E7D9
:10B74C001E04000070B542024300C40FFE201B0E05
:10B75C00591C550A08420CD0E02189008C466D0713
:10B76C00120B63441B051343E40723432800190001
:10B77C0070BD002B14D1002D1BD0280000F0ACF8AC
:10B78C000A281CDC0B232A001B1ADA400300153391
:10B79C009D400E4B12031B1A5B05120B5B0DE1E770
:10B7AC00002D09D0130B802212031A436D07084B8E
:10B7BC00D8E700230022D5E70022054BD2E703008F
:10B7CC002A000B3B9A400025E3E7C04689030000A2
:10B7DC00FF070000F0B54B000F035B0D3A4C450F13
:10B7EC0083B07F0A5E1C2F4300900191CA0FC500E5
:10B7FC0026420BD035495C18FE2C13DDFF200023AC
:10B80C00C0051843D207104303B0F0BD3D43002BD5
:10B81C0001D10020F4E7002DF0D08023DB03FF20C2
:10B82C003B43EDE7002C0CDD009BFF009B01581EF9
:10B83C008341690F3B430B43590727D1DB08E0B227
:10B84C00DEE72100173131DB80211E20090439434A
:10B85C00001B1F282DDD02267642341B0E00E6400D
:10B86C003400202804D01A488446634499400D4380
:10B87C002B00591E8B412343590703D00F2119402C
:10B88C0004290BD19B0100205B0AB9E70F21194059
:10B89C00042904D19B015B0AE0B2B1E70024043314
:10B8AC005901F7D501340023E0B2A9E700200023A9
:10B8BC00A6E7084C1C192B00A540C340A140681EEC
:10B8CC00854129430B43D7E7FE07000080FCFFFFAF
:10B8DC00A2FCFFFF82FCFFFF1C2101231B049842EA
:10B8EC0001D3000C10391B0A984201D3000A083905
:10B8FC001B09984201D30009043902A2105C4018BC
:10B90C007047C0460403020201010101000000005F
:10B91C000000000010B5002903D1FFF7DDFF203037
:10B92C0002E00800FFF7D8FF10BDC04682B073B527
:10B93C006C460091079321000300626060C960C3EC
:10B94C0007AA60CA60C313001500103006CB06C0EE
:10B95C0001220098616803F089F86968012209984E
:10B96C0003F084F873BC08BC02B0184737B5040068
:10B97C0003F078FCA068A38902691342FCD001692A
:10B98C000A001A401942FAD101AD2068616803F02F
:10B99C006DF829000122032003F096FB03CC012251
:10B9AC0003F064F803F05CFC28786B7800041B024D
:10B9BC001843AB7818433EBDF0B5094985B0094B27
:10B9CC0001ACC0CBC0C40B004968074A00911B688E
:10B9DC00064811685268FFF7A9FF05B0F0BDC046D4
:10B9EC00540000204C0000203C000020CC02002021
:10B9FC0010B50348FFF7BAFF80231B04584010BD55
:10BA0C00CC02002010B50548FFF7B0FF80231B04C3
:10BA1C005840984201DA024B181A10BDCC02002093
:10BA2C00FFFF7F0070B504250024FFF7E1FF013D07
:10BA3C002418002DF9D10723E01718400019C01065
:10BA4C0070BD0000F0B504000525002699B00392E6
:10BA5C000F0048227C4906A804930BF02EFB631FB1
:10BA6C0001937A4B02937A4B0593019BAB4257DCC3
:10BA7C0000221E9B1E80774B1A70774A1278029216
:10BA8C00764A964200D874E001251D70714B744AB9
:10BA9C001B782C000192002B1ED0029B714E002BA8
:10BAAC0000D1A0E0704B1B78002B00D19BE06F4BBA
:10BABC001B78002B00D196E06D4B7C1E1C60012284
:10BACC00694B1A70974201D16A4B1F70FA22338866
:10BADC0092009B189BB233805F4B1B78002B0CD0D1
:10BAEC00614B1B78002B08D0604B1B78002B04D0CB
:10BAFC005F4B1B68AB4200DA1C00019B1B78002BD0
:10BB0C0009D05D4B1B78002B05D15C4B039AD35CA1
:10BB1C00A34200DC5C1E201E00DC012019B0F0BD2D
:10BB2C00029B6A00985AFFF7BBFD0022544BFFF7AB
:10BB3C004FF9FFF779FDC317C4185C40059B6A00E9
:10BB4C00985AFFF7ADFD00224D4BFFF741F9FFF777
:10BB5C006BFDC317C018584082B2231CA4B2944288
:10BB6C0000D2031C9AB2B24200D2331C9EB20135F1
:10BB7C007BE7029B002B04D001223C4B1A703C4B00
:10BB8C001F60092301937B1E06ACDB00E3180593B1
:10BB9C00019D30006B1E0193FFF782FD226C636CDC
:10BBAC00FEF730FE059B083C1A685B68FEF7F0F95F
:10BBBC00344A354BFCF740FC002803D1019B002B89
:10BBCC00E6D10125264B1B78002B00D15EE7052F13
:10BBDC0000DC5BE7BD4200DC58E72C4B9E4200D8F2
:10BBEC0054E77D1C52E70624A74207DC023C062FD3
:10BBFC0004D03C00032F00DD0324013C019B029A7E
:10BC0C001B78002A00D05AE7002B00D15EE7049B7A
:10BC1C00002B0ED0039B1E4A013BD35C032B08D890
:10BC2C0001221C4B1A701C4B1C6033881B199BB2D5
:10BC3C003380114B1B78002B00D047E70F4B039A36
:10BC4C00D75402F0DBF841E7908601086C570020CE
:10BC5C007C4C0020FE030020E90100205B3F00002B
:10BC6C00426300207E660020DA640020D864002045
:10BC7C0014020020D9640020B40A00205E63002066
:10BC8C0080FFCF409A99999959CCCC4070170000FD
:10BC9C00D4030020DB64002010020020F8B516004D
:10BCAC001F000C001C4B00223900451E3000FCF715
:10BCBC00BDFB1A4B002803D1194A1278002A1AD15D
:10BCCC005A5D0132D2B25A55002C04D0611E5A5C16
:10BCDC000132D2B25A545A5D072A01D907225A5559
:10BCEC00002C05D0013C1A5D072A01D907221A55F0
:10BCFC00585DC0B2F8BD5A5D002A03D05A5D013AB6
:10BD0C00D2B25A55002CE6D0611E5A5C002AE2D001
:10BD1C005A5C013ADDE7C04600002E40D4030020F7
:10BD2C00FD03002010B5D02200210B480BF030F998
:10BD3C0000230020094A0A4913700A4A13700A4A60
:10BD4C0010605160094A0A480A49106051600A4A59
:10BD5C00137002F0D5F810BD60620020D2030020F1
:10BD6C0000002E40D30300202000002010000020F3
:10BD7C000E2DB29DEFFF5840D103002010B5682264
:10BD8C00002103480BF004F901F08AFF10BDC046F6
:10BD9C00506400200023190010B5044AD15401331B
:10BDAC000D2BFBD102F008F810BDC046D4030020C7
:10BDBC00F0B585B002F039FB0C22594B02901B7880
:10BDCC000192002B01D104330193564B564A1D7836
:10BDDC0000231C0018009D4258DCFFF78FFC534BCE
:10BDEC000022FEF70FFD524B06001B780F00002BB4
:10BDFC0056D02800FFF754FC0B000200390030002D
:10BE0C00FEF7C6F84B4B06001B780F000425002BE1
:10BE1C0012D0494B013D1B78AB420DD8474B1B78D8
:10BE2C00002B04D0464B02351B78002B04D0019B11
:10BE3C00029A934238D80225280001F043FE019B58
:10BE4C00029A934207D13F4C2378002B03D1FFF782
:10BE5C0069FF012323703C4B1B78002B13D000226D
:10BE6C0030003900394BFCF705FB00280BD0384A61
:10BE7C001368012B07D1022010602D4A137002F0B9
:10BE8C00EBF8FFF787FF280005B0F0BDD15C052962
:10BE9C0003D90130C0B201339DE70134E4B2FAE7B3
:10BEAC002800FFF72BFCA7E72A4B2B490393002212
:10BEBC0008684968294BFCF7B9FA002815D1284BBA
:10BECC001B78002B17D1002230003900254BFCF7D2
:10BEDC00D1FA0028AFD1244B002230003900FCF7F6
:10BEEC00C9FA431E98410500A6E702F0B9FA0228E8
:10BEFC00E5D80625A0E70025042C03D80235AC4272
:10BF0C0000D9013D039900228031144B086849681F
:10BF1C00FCF78CFA002800D18EE7022DE9D18AE7D4
:10BF2C008C6600204D020020D403002000005940F4
:10BF3C00446300208E660020C86400204402002068
:10BF4C00B0650020C0030020E8010020000049403B
:10BF5C00EC010020D0090020500A002000002E40E7
:10BF6C00D103002000C0524000004E400C4B70B575
:10BF7C0018780C4B03221C780525002306260A4949
:10BF8C00002800D02A00002C00D03200CA54013303
:10BF9C000D2BF5D10022054B1A7001F059FF70BD25
:10BFAC0041630020E8010020B8640020C764002031
:10BFBC00F0B58BB005900091012900D0AEE041683E
:10BFCC0000680BB0F0BD3800FDF786FB059AFB004E
:10BFDC00D318019018685968FFF7FCFB7C49FCF7F3
:10BFEC00CFFD011C281CFCF7D9FB0199051C301C4A
:10BFFC00FCF7D4FB0199061C081CFCF78FFF011CF5
:10C00C00201CFCF7CBFB0137041C009BBB42DADC89
:10C01C001800FDF761FB071C011C301CFCF7B0FD80
:10C02C00391C0690281CFCF7ABFD391C0790201C12
:10C03C00FCF7A6FD0024002608900394271C02940C
:10C04C000194009BB3426EDC03990198FCF766FFE8
:10C05C00391C051C381CFCF761FF011C281CFDF762
:10C06C00B7F80399051C0298FCF758FF211C061C15
:10C07C00381CFCF753FF011C301CFDF7A9F8291CD8
:10C08C00FCF77EFD211C061C0198FCF747FF391CB0
:10C09C00041C0298FCF742FF011C201CFDF798F8C9
:10C0AC00291CFCF76DFD041C00980138FDF714FBEE
:10C0BC00311C051C0698FCF731FF011C0798FDF795
:10C0CC0087F8211C071C0898FCF728FF011C381C5A
:10C0DC00FDF77EF8291C071C301CFCF71FFF011C08
:10C0EC00381CFCF75BFB291C061C201CFCF716FFFC
:10C0FC00291CFCF713FF011C301CFCF74FFBFE2125
:10C10C008905041CFCF7E6F9002858D10021201CF5
:10C11C00FCF7CCF9002854D0002452E0002400276E
:10C12C00251C261C71E73000FDF7D6FA0699051C74
:10C13C00FDF74EF8011C0490FCF7F0FE011C019871
:10C14C00FCF72CFB059AF300D3180190186859687A
:10C15C00FFF740FB1E49FCF713FD0799FDF738F874
:10C16C00011C09900498FCF7D9FE011C0298FCF7FD
:10C17C0015FB291C0290281CFCF7D0FE0899FDF732
:10C18C0027F8051C011C0498FCF7C8FE011C381C80
:10C19C00FCF704FB291C071C281CFCF7BFFE011C28
:10C1AC000398FCF7FBFA291C03900998FCF7B6FEE0
:10C1BC00011C201CFCF7F2FA0136041C41E7FE249A
:10C1CC00A4050349201CFCF7A9FEFFF7BBFAF8E60F
:10C1DC0000FEFF46FFB516001F002C4B0C00002282
:10C1EC00300039001B78FFB0294BFCF725F9294D9D
:10C1FC0000281BD00022002330003900FCF730F956
:10C20C00002813D0002C11D10022AA56224C234B0B
:10C21C00D10001325B1820002A702149C822C83491
:10C22C001E605F600AF0A2FE2660676000241D4B52
:10C23C002C571D78002C3DDC002D00D071E2002322
:10C24C00194C009301940023124AD356192B04DD88
:10C25C001A3B13700122134B1A70144B0099019A5C
:10C26C0019605A60124B00221C685D680E4B20004E
:10C27C002900FCF7DBF8002801D100940195009807
:10C28C00019983239B009D44F0BDC046926600201B
:10C29C0000002C40D2030020E80200206062002045
:10C2AC00F0020020D303002000002E4008000020E4
:10C2BC00000000201A230A93002D00D10A94D022EA
:10C2CC0000211AA80AF064FE210000231231D24A80
:10C2DC0004911A390293009206919C4202DD069950
:10C2EC00994204DD002D10D0049999420DDCD9003F
:10C2FC008C461AAA9444009A8918624608684968C0
:10C30C00106051600299013102910A9A01339A42EC
:10C31C00E3DC0822C14B1A211AA80AF0BDFB029BD0
:10C32C00029ADB0F9B185B10D20700D4FCE1DB00F8
:10C33C001AAA9B185C681B6800930194B84C22687D
:10C34C00636804920593029B052B00DCE1E000225C
:10C35C0030003900B34BFCF769F8002800D0D8E066
:10C36C00049805990022AF4BFCF760F8002801D027
:10C37C00266067601C981D99A94B32005C681B688D
:10C38C00049305943B00FCF757F800280BD1049A52
:10C39C00059B30003900FEF71BFD0022A24BFCF779
:10C3AC005FF800280AD0A14B1A78A14B002A00D1C3
:10C3BC00CFE101221A6000229C4B1A70029B1AAA30
:10C3CC00023BDB009B1819003200086849683B00EF
:10C3DC00FCF746F800280BD1049A059B3000390075
:10C3EC00FEF7F6FC0022934BFCF726F800280AD047
:10C3FC00914B1A788E4B002A00D1B1E101221A60C0
:10C40C0000228D4B1A708A4B00251A68022A01DD16
:10C41C001D6001350298FFF743F90022874BFDF7A9
:10C42C00B7FDFFF701F91AAAC3009B181900049A6B
:10C43C00059B040008684968FBF7FEFF002800D044
:10C44C0095E1029B1AAA013B1B1BDB009B181900F0
:10C45C00049A059B08684968FCF702F8002800D08C
:10C46C0085E1002D55D0764B764CD02200214EA87C
:10C47C00069307940AF08CFD0023734D4EAC0B937E
:10C48C002A686B680C920D930C980D99009A019B7D
:10C49C00FEF79EFC4B005B080F930E9006000F00FE
:10C4AC000E980F990022694BFBF7DAFF002800D198
:10C4BC0060E1009A019B226063600B9B083D013395
:10C4CC000B930B9A029B08349342D9D119004EA8B6
:10C4DC00FFF76EFD524B06000F000B930020069ADF
:10C4EC00079B5A49FEF774FC049A059BFEF78AF9E0
:10C4FC00320004000D00069807993B00FEF782F904
:10C50C000B00020029002000FDF77CF90B9B186042
:10C51C0059600024002600274D4B3F4D1B785BB221
:10C52C000493083B06934B4B1B780B93049B1233E1
:10C53C000C93049BA34202DD069BA34205DD0B9BDF
:10C54C00002B16D00C9BA34213DC009A019BE1003C
:10C55C00491908684968FEF73BFC02000B00FEF71E
:10C56C0051F902000B0030003900FDF74BF90600C1
:10C57C000F000A9B0134A342DBDC0298FFF790F812
:10C58C0002000B0030003900FDF702FD0BF00CFC33
:10C59C000A001490159101002F4B19605A6000226B
:10C5AC002E4B1A702E4B1B78934204D12D4B1B78BB
:10C5BC00934200D000E12C4B2C4C214E1093119443
:10C5CC00204F049B032B03D10B9B002B00D1F8E0D5
:10C5DC0080240023E4050E930F94002200230024F2
:10C5EC000C920D930C4B06941693049B013B1793E2
:10C5FC00049B12331893049B083B1993049BA3428E
:10C60C0002DD199B9C4233DA0B9B002B6FD0189BDD
:10C61C009C426CDB2CE0C0466062002021120108B9
:10C62C000000002000002E400000E03FB803002076
:10C63C00BC0300200000E0BFB9030020000018403C
:10C64C009A9999999999C93F780300200000F03F75
:10C65C00D2030020D303002018000020D0030020B8
:10C66C0041630020E8010020333333333333C33FBD
:10C67C00169AE3009B181A685B681292139312982F
:10C68C001399009A019BFEF7A3FB029003910E985D
:10C69C000F99029B0893039B5B005B080993149A08
:10C6AC00159BFEF7AFF802000B0008980999FBF7F1
:10C6BC00C3FE002808D1109A119B08980999FBF722
:10C6CC00BBFE002800D17FE00898099932003B009E
:10C6DC00FBF7B2FE002877D00C980D99069B01331E
:10C6EC000693129A139BFDF78DF80C900D910A9BF3
:10C6FC000134A34200DD81E7069B002B00DCA2E5A0
:10C70C001800FEF7CDFF02000B000C980D99FDF7F9
:10C71C003FFC0A000090019101004C4B19605A60DB
:10C72C0091E51A230A93CAE55A1E1AA9D200521887
:10C73C001100DB001AAA9B181A685B680868496824
:10C74C00FDF760F80022424BFEF75CF80090019177
:10C75C00F4E51A6801321A6001223E4B1A702AE67F
:10C76C001A6801321A6001223B4B1A7048E600230A
:10C77C00374C7AE6394A30003900394BFBF770FEFA
:10C78C00364A002807D000980199354BFDF73AF846
:10C79C002060616091E630003900324BFBF74CFEB3
:10C7AC00002802D10C9A0D9B85E62C4A2C4B009844
:10C7BC000199FEF70DFBEBE72B4E2C4F10961197C2
:10C7CC00FFE600232A4C06E7179B9C428FD1294A8F
:10C7DC001578002D8BD028490B8864339BB20B80C5
:10C7EC0000231370254A13700122254B1A70254B18
:10C7FC0000221B78002B13D1029803990023FBF71E
:10C80C001BFE002819D0204A1368013313601E4BFD
:10C81C001B68032B00DC6AE701221C4B1A7066E7CD
:10C82C00002302980399FBF71BFE051EEBD1012296
:10C83C00154B1A60134B1D7059E70022029803998F
:10C84C000023FBF70DFE0028F1D1E0E720000020CB
:10C85C000000E03FB9030020B80300209A99999991
:10C86C009999B93F9999B9BF333333333333D33FA4
:10C87C000000F03FFD0300207E660020FC0300203A
:10C88C00D003002030000020F8030020F503002026
:10C89C00F8B506000F0014001D00FBF7EBFD002897
:10C8AC000CD0069A079B30003900FBF7CFFD00280F
:10C8BC002FD034003D0029002000F8BD22002B00B1
:10C8CC0030003900FBF7C2FD00280FD0069A079BF9
:10C8DC0030003900FBF7CEFD0028EAD1069A079B01
:10C8EC0020002900FBF7B2FD0028E4D122002B0028
:10C8FC0030003900FBF7BEFD002807D0069A079BD5
:10C90C0020002900FBF7B6FD0028D4D1069C079D1A
:10C91C00D1E722002B0030003900FBF787FD0028FF
:10C92C00ECD0D3E7F0B51F00744B87B01B78160022
:10C93C0004900591002B05D10024714D2000290095
:10C94C0007B0F0BD00226F4B30003900FCF75AFFE6
:10C95C0002000B0000206C49FDF71AFB02000B00D3
:10C96C000290039100206949FDF712FB0022684BED
:10C97C00FEF72EFA029A039B04000D000020654975
:10C98C00FDF706FB0022624BFEF722FA0C9A0D9B78
:10C99C000090019120002900FFF77AFF020000208F
:10C9AC000B005D490090019100205C49FFF770FF7E
:10C9BC0000225B4B04000D00FEF70AFA594B5A4A51
:10C9CC00FDF720FF0BF082F9584B1B78002B54D14C
:10C9DC000022574BFCF716FF02000B005548564936
:10C9EC00FDF7D6FA554A564BFCF70CFF06000F0024
:10C9FC00002220002900534BFEF7EAF932003B00DD
:10CA0C00FDF700FF002204000D00049805994E4B21
:10CA1C00FEF7DEF902000B0020002900FCF7F2FE05
:10CA2C00464A04000D00464B30003900FEF7D0F9A1
:10CA3C000022464BFDF7E6FE02000B002000290009
:10CA4C00FCF7E0FE424A434BFDF7DCFE029A039BE7
:10CA5C00FDF7D8FE0022002304000D00FBF7ECFCD0
:10CA6C00002800D068E70022200029003A4BFBF791
:10CA7C00F7FC002800D05FE760E732003B000020A5
:10CA8C003649FEF7A5F900221D4BFDF7BBFE00222F
:10CA9C00324BFDF77DFA0C9A0D9BFCF7B3FE0200AE
:10CAAC000B000C980D99FBF7DBFC002822D00C989E
:10CABC000D990022194BFBF7D3FC00281AD00C98C7
:10CACC000D990022154BFEF783F902000B00002094
:10CADC002349FEF77DF904000D0004980599002206
:10CAEC00204BFEF775F922002B00FEF771F91E4A58
:10CAFC001E4BA9E700241A4DEFE7C046FD030020AA
:10CB0C0000002E400010714000A07240004C984074
:10CB1C000000894000A89B4000C08C4000808640EB
:10CB2C0000E08A409999C9BF9A999999416300206C
:10CB3C000000F03FC01E85EB51B89E3FA4703D0A2B
:10CB4C00D7A3E83F00488C4000407F4000408F4016
:10CB5C003BDF4F8D976E92BF00002C40000034409D
:10CB6C0000405A4000908040C217265305A392BF44
:10CB7C00F0B5002201260400094F0A488A4200DB66
:10CB8C00F0BD0825A35C5840030033405B423B409A
:10CB9C0040085840013D80B2002DF5D10132EDE73F
:10CBAC0001A0FFFFFFFF00000122024B1A800022B0
:10CBBC005A807047E203002070B5084C05002378BA
:10CBCC000E00002B01D1FFF7EFFF31002800FFF71B
:10CBDC00CFFF01236080A080637070BDE203002052
:10CBEC0010B5FFF7E9FF014B187910BDE2030020E7
:10CBFC000020034B5A78824200D058797047C046C7
:10CC0C00E203002070B504000D000022616800688A
:10CC1C0001F02CFF29000122032002F0FBF903CCC8
:10CC2C00012201F023FF70BD7FB56B4600915A6065
:10CC3C0019000200050011C911C20122009859689F
:10CC4C0001F014FF0126282303AC280021002380C7
:10CC5C00A670FFF7D7FF3823280021002380A67089
:10CC6C00FFF7D0FF02232800F61821002380A670BE
:10CC7C00FFF7C8FF302328002100A6702380FFF7A0
:10CC8C00C1FF7FBD07B590220B001202914200D963
:10CC9C001300182201A90A701A0A4A708B70FFF748
:10CCAC00B1FF07BD07B590220B001202914200D9CB
:10CCBC001300192201A90A701A0A4A708B70FFF727
:10CCCC00A1FF07BD00880B88C01A7047F0B51F0084
:10CCDC0000250C0085B08B00060018580A9B0392A7
:10CCEC0018603D60039B9C4201DB00251BE0A30008
:10CCFC000293F3580193002D08D1191CFBF7D6FBB6
:10CD0C00431E9841050001980134EBE70199FBF7AC
:10CD1C00E1FB0028F7D0029B0A9AF318043B1B682E
:10CD2C00013C3C601360280005B0F0BDF0B50C0070
:10CD3C000600002785B003938B00195893000192CD
:10CD4C001B580A9A019D1360013C019B9C4207DD14
:10CD5C00002F0DD0631BDA179B185340052B07DDF2
:10CD6C00039B0A9A1D60AD00AB59136005B0F0BD72
:10CD7C00A300F358181C0293FBF7ACFB002806D059
:10CD8C00002F01D1651C01370299013CDDE707003A
:10CD9C00FAE7F0B50C000600002785B003938B0072
:10CDAC001958930001921B580A9A019D1360013483
:10CDBC00019B9C4207DA002F0DD0631BDA179B18DE
:10CDCC005340052B07DD039B0A9A1D60AD00AB5940
:10CDDC00136005B0F0BDA300F358181C0293FBF7C9
:10CDEC0079FB002806D0002F01D1651E013702996E
:10CDFC000134DDE70700FAE770B50D0004000222EC
:10CE0C00044B09F049FEE90F4919491089000859EA
:10CE1C0080B270BDD1CC0008F0B50D0000241F4BC2
:10CE2C0085B002931E4B21310190203D009103935C
:10CE3C00009B9D420BD11B49201CFBF7A1FEFEF76A
:10CE4C0081FC0AF0B1FFFEF7C5FC05B0F0BD029AFB
:10CE5C006B00D05A039AD35AC01AC317C018584043
:10CE6C00FCF73AFC019AAB00D158FCF7B1F9FEF78C
:10CE7C0069FC02000B00FDF7C5FC0600201C0F002E
:10CE8C00FEF760FC02000B0030003900FCF7BAFC26
:10CE9C00FEF7A0FC0135041CCAE7C0466C57002005
:10CEAC007C4C002000008242F0B5002689B000AF17
:10CEBC003A61013A3B60D30F9B185B10B860796004
:10CECC00BB613B689E4202DBBD4609B0F0BD6B46C0
:10CEDC00BC69FB603B69FB61A64203DA340073005A
:10CEEC000133FB616A460025FB69341B9B00073349
:10CEFC00DB08DB00D31A9D467B61BB68A4001C19C0
:10CF0C00FB69AB420CDC19007869FFF775FFFCF785
:10CF1C0033FC7B68B4001851FB6801369D46D0E7A2
:10CF2C0001CCFCF7B9FB7B69AA0098500135E7E707
:10CF3C00F0B5002489B00492013A0593D30F9B18E5
:10CF4C005B100393059B069007915E1E059B9C420C
:10CF5C0001DB09B0F0BD039B9C421ADA230065008B
:10CF6C000135069AE31A9B00D7180023029300237D
:10CF7C000193029B9D4216DC2800FCF7ADFB011CC3
:10CF8C000198FBF7FDFD079BA700D8510134013E2A
:10CF9C00DCE7039A3300964202DA75000135E0E7CC
:10CFAC00039B049DDDE7019802CFFBF7F7FB029B87
:10CFBC00019001330293DCE7F8B504000D0000206A
:10CFCC00012917DD00268F00231FFF1821686068D8
:10CFDC00FCF7FEF841004908301CFBF7DFFB04347A
:10CFEC00061CA742F2D1681EFCF776FB011C301C14
:10CFFC00FBF7C6FDF8BD0000F0B5A1B01492159377
:10D00C00002319931A931B9300231D931E931F93B4
:10D01C00764B04901B780B91002B00D1ACE03223A3
:10D02C001B93734D734EAB8830002B806B80724B0F
:10D03C0004995A8800241A80FFF7BEFF21226F4BF7
:10D04C0018606F4B1A60049BA34200DD9BE0002428
:10D05C006C4F300021223900FFF76AFF644E049BAD
:10D06C00A34200DD98E00024624F634E049BA34270
:10D07C0000DD9AE00024634E380021223100FFF7D6
:10D08C0057FF5D4F049BA34200DD97E000255A4BF0
:10D09C00584C574F0393049BAB4200DD97E0544D23
:10D0AC00554E2B8830880027C01AC317C01858401B
:10D0BC00FCF712FB20606B887088C01AC317C0186D
:10D0CC005840FCF709FB4F4D4F4A2900049B12684E
:10D0DC0060602000FFF7E8FE412221002800049B3D
:10D0EC00FFF726FF2122464B29001A602000049BE3
:10D0FC00FFF71EFFDC2200214448520009F048FFD4
:10D10C00002303930C9300230A930F930693049A22
:10D11C001CAB00933B4818AB1B99323AFFF7D6FD7A
:10D12C00039B0890002B00D08BE1002872D0384B69
:10D13C00189F1B78002B00D088E1324C1EAB0122CB
:10D14C003900200000931AABFFF7F0FD049B390067
:10D15C005A1E1FAB200000931BABFFF71AFE1C9B43
:10D16C001E99181C0693FCF733F81F990F9006981C
:10D17C00FCF72EF80A9072E0254B1B78002B00D19F
:10D18C004FE714234CE76300E85AFCF7F5FAA700C5
:10D19C00F7193860013456E7A300F858FBF7FCF98F
:10D1AC006500AD192880013459E76300F05AFCF78B
:10D1BC00E3FAA5007D192860013457E7A300F05865
:10D1CC00FBF7EAF96500ED19288001345AE7039A58
:10D1DC006B00D05AFB5AAE00C01AC317C018584087
:10D1EC00FCF77AFAA6193060013554E74263002047
:10D1FC006C5700209C3600207C4C00207066002070
:10D20C0028000020BC2000202C000020000400205E
:10D21C00E9010020D64B1B78002B00D1DDE0D54B6B
:10D22C001B78002B00D1E2E00024D34B1D685E6814
:10D23C00D24B0793049BA34211DD079AA300D0584D
:10D24C00FEF780FA2A003300FBF7F6F8002800D12D
:10D25C00F5E023001894323B32341A931B941A9B3A
:10D26C001B9E0793079A189B140009939B1A642B17
:10D27C0001DD099C643C099B0D96F31A642B02DDBD
:10D28C00099B64330D930D9B25001B1B581C8000C0
:10D29C000E9309F095FABA4B10901193119AA300C2
:10D2AC009B58139012930D9B9B009B5816930D9BB0
:10D2BC00AB4200DBDAE01DAB009300210E9A109814
:10D2CC0019ABFFF703FD051E13D01D9B1299181CFB
:10D2DC000693FBF77DFF199F0021E719041CFBF750
:10D2EC0003F9002801D00A940F94089B002B00D15D
:10D2FC000C95109809F06EFA079BFC1AE317E418CA
:10D30C005C400023052C0FDDBA1BD11752184A4084
:10D31C00052A09DD079AB21AD11752184A40012181
:10D32C00142A00DC19000B00089A002A01D1002DE8
:10D33C005DD0002B00D171E3924B38000D93039B11
:10D34C005D1C28235D43FCF7C7F90D9B585128251C
:10D35C00039B07985D430D9B5D19FCF7BDF9E862D3
:10D36C003000FCF7B9F9069B28636B630F9B3900FF
:10D37C00AB630A9B8248EB63FFF74EFD28640020E9
:10D38C00052C0FDDBB1BDA179B185340052B09DD51
:10D39C00079BF31ADA179B1853400122142B00DC5D
:10D3AC00020010002823039A764C5343E418FCF730
:10D3BC0093F960640998FCF78FF9704BBA00D35855
:10D3CC00A064E364039B01330393089B002B0ED0F2
:10D3DC00039B0A2B00D09AE609E06B4B1B78002BC1
:10D3EC0000D01CE701F021F8002800D017E7674BAC
:10D3FC001B780893002B00D1D4E0654B614C1F784F
:10D40C00002F51D13E003D00624B06970A970993BD
:10D41C00039B9D4251DA276C0998391CFBF75AF88B
:10D42C00002809D00021606CFBF754F8002800D0CC
:10D43C0099E0002E00D1B3E001352834E8E701343F
:10D44C00F8E6089B002B00D071E6D0E7524B1B7816
:10D45C00002B00D171E6494BBA00D058FCF71CF9EF
:10D46C00C3174E4CC0185840206066E6281BFCF7CA
:10D47C0033F9169917901298FBF7AAFE011C17980E
:10D48C00FBF74CFD17900E98FCF726F9011C17982A
:10D49C00FBF776FB119AAB00D158FBF77FF9139B86
:10D4AC00013501C3139302E700252E00394B069575
:10D4BC000A950993039B9D422EDB2E4B1B780793F9
:10D4CC00002B00D198E0304B00251F782D4C002FFD
:10D4DC0000D08EE0039B022B00D133E13D000027EE
:10D4EC00039B9D4200DB87E0E16BA06BFBF716FD15
:10D4FC000990011C381CFAF7D9FF002809D000212B
:10D50C00606CFAF7E7FF002800D02DE1002E00D167
:10D51C002EE101352834E3E7E06CFEF713F9149A99
:10D52C00159BFDF755FCFEF77FF8C317C018584044
:10D53C00FCF7D2F80790011C0998FAF7CBFF0028EA
:10D54C0007D00021606CFAF7C5FF002804D1002E2B
:10D55C0007D001352834ADE7079B3E000A950993A7
:10D56C00F7E70695F5E7089E0A95099764E7C04624
:10D57C00DF6400204263002030020020DC0A00201F
:10D58C00BC20002000040020E3640020E9010020FE
:10D59C00E264002000FEFF46416300207866002014
:10D5AC00069549E7089EBF4B06960A96099384E7B1
:10D5BC00E06CFEF7C7F8149A159BFDF709FCFEF713
:10D5CC0033F8C317C0185840FCF786F80D90011CAF
:10D5DC000998FAF77FFF002809D00021606CFAF750
:10D5EC0079FF002800D0A6E0002E00D1A8E001357C
:10D5FC002834039B9D42DBDB002E01D00A9B069353
:10D60C00039B002B00D0B6E0A74C049D2360A360C5
:10D61C00013DA64BE560AD001A68A54EEB582261A2
:10D62C006261A3613068FAF7B7FF80B2A083E08330
:10D63C00A859FAF7B1FF208403989E4C9A4D079B8A
:10D64C002E692060002B1BD0301CFAF7A5FF9A4BDB
:10D65C0020601B78002B13D1984A994B1278002A22
:10D66C000ED11B68974C013BDB00E418301CFEF715
:10D67C0069F822686368FCF7C5F8FEF7ABF8286117
:10D68C00894E3069FEF75EF80A000490059101009E
:10D69C000B9B706919645A64FEF754F80B9B186560
:10D6AC005965B069FEF74EF80B9B18665966B18B3D
:10D6BC006A3319800B9BF28B6E331A800B9B728C26
:10D6CC0076331A800B98B38C7A3003800798002835
:10D6DC0000D119E1C8204000814280417A4C40427F
:10D6EC0020707A480478002C0BD000200926070003
:10D6FC0096424741764D2F70764D092B00D801305C
:10D70C00287075480078002800D181E10020092696
:10D71C000700964247419E4240416D4D2F706D4D22
:10D72C002870002C00D1A4E06C484F2A01D94F2B53
:10D73C005FD801235EE00D9B3E000A95099356E7E6
:10D74C00069554E70021606CFAF7C4FE002811D14D
:10D75C000021E06EFAF7BEFE0123002802D10A9BDD
:10D76C00002E08D0069306E0079E099F0A95D0E686
:10D77C000695CEE606972825069B4B4C5D4365190E
:10D78C00686BFAF709FFA083E86AFBF785FF484E40
:10D79C00830098590493FAF7FFFEE083286BFBF79C
:10D7AC007BFF8700B859FAF7F7FE2822069B2084E6
:10D7BC00013353431859FBF76FFF3C4E80008359DC
:10D7CC00A86B2361049B9B596361BB59A361FAF756
:10D7DC00E3FE6084E86BFAF7DFFEA084A86CFBF72D
:10D7EC005BFF80008059FBF757FFC317C0185840E8
:10D7FC0023E7002303703A4B3A481A78012353402D
:10D80C00394A03701370C8235B00994207D3304B1D
:10D81C001B78002B03D12F4B1B78002B0CD0002333
:10D82C000370039B314C002B2CD1238830495B189F
:10D83C009BB22380039B137000222E4B1A70234A39
:10D84C001278002A10D1244A1278002A0CD01E4AD1
:10D85C001278002A08D1284A1278002A04D0039A98
:10D86C00002A01D001221A700022244B1A7021B018
:10D87C00F0BD2148182A00D85BE7182B00D858E7D0
:10D88C000470B8E70C9B002B07D000F072FD2388C6
:10D89C001B4A9B189BB22380CEE700F06AFD2388BD
:10D8AC00184AF6E700FEFF4600040020DC0A0020C0
:10D8BC00BC2000207866002044630020B40A0020BD
:10D8CC00780A002050640020F403002041630020FB
:10D8DC00F3030020F2030020E8010020F1030020F4
:10D8EC00FE030020FC030020FD0300207E660020C8
:10D8FC0050C3FFFFEE030020F0030020EF030020D5
:10D90C00204E00001027000008980028AFD0FA26FF
:10D91C00B600B142B64144487642067009270798D2
:10D92C00424E04009742404125009F4264413070B2
:10D93C003F480470C72A05D9C72228009A4268417B
:10D94C00C2B208923B4A089810703B4A1278002ADF
:10D95C0005D03A4A126B022A01DC002232700120F7
:10D96C00FA27374A374E127884464240327036488E
:10D97C00BF00B94205D32D4F3F78002F01D1092BA1
:10D98C0030D80C9B002B1FD13370039B2F4A002BDC
:10D99C0005D113882E4C1B199BB213800CE01388F5
:10D9AC002C4C1B199BB213800122049C059D2A4B05
:10D9BC001A702A4B1C605D6000230370FA239B00D5
:10D9CC00994200D253E718E00122049C059D224B9A
:10D9DC001A70224B1D4A1C605D600023204C337072
:10D9EC001388D8E7002A17D062461B4B07701A70B1
:10D9FC001A4B0499059A19605A60089B002B00D1A8
:10DA0C0035E7039B002B00D131E7012303702EE790
:10DA1C00002C00D088E6EEE60270EEE7089B002BA7
:10DA2C0001D0FFF774FBE2E4EC030020EB030020D1
:10DA3C00EA030020E9030020E8010020780A002016
:10DA4C00FE030020ED030020E80300207E6600208A
:10DA5C0050C3FFFF10270000C964002008020020FB
:10DA6C00409CFFFF10B50100662000F08DFE10BD3C
:10DA7C0010B50100622000F087FE10BD10B501004A
:10DA8C00632000F081FE10BD10B50100602000F095
:10DA9C007BFE10BD10B50100612000F075FE10BDBD
:10DAAC0010B50100C02000F06FFE10BD10B50100D4
:10DABC00672000F069FE10BD10B501006B2000F06E
:10DACC0063FE10BD10B50100682000F05DFE10BDB6
:10DADC0000233B2909D81818C0B2182801D91820DE
:10DAEC0000210002081880B270473C390133C9B2DA
:10DAFC00DBB2EEE710B5FFF7EBFF0400010AC9B289
:10DB0C00642000F041FE6520E1B200F03DFE10BD46
:10DB1C0010B5642000F01AFE0400652000F016FE1B
:10DB2C0001002000FFF7D4FF10BD10B50400010068
:10DB3C000C22C52000F036FE21000C22D12000F072
:10DB4C0031FE8A200C222100400000F02BFE10BD7B
:10DB5C0070B50D4E050074791022122C0ED0112CBC
:10DB6C0010D8013C20002030032180B2013400F099
:10DB7C000BFE122CF6D17279023AD2B22900202077
:10DB8C0000F040FE70BDC046B805002070B5050021
:10DB9C0000242000203080B200F0D8FD032804D1EE
:10DBAC0028550134102CF4D113E02028F8D02D285E
:10DBBC00F6D02E28F4D02F2803D93928F0D94028B4
:10DBCC00EED810220321280009F0E2F92800FFF713
:10DBDC00BFFF70BD70B50D4E050074791022122C6C
:10DBEC000ED0112C10D8013C20004030032180B203
:10DBFC00013400F0C9FD122CF6D17279023AD2B27E
:10DC0C002900402000F0FEFD70BDC046B805002084
:10DC1C0070B5050000242000403080B200F096FD65
:10DC2C00032804D128550134102CF4D113E02028FA
:10DC3C00F8D02D28F6D02E28F4D02F2803D9392847
:10DC4C00F0D94028EED810220321280009F0A0F9C1
:10DC5C002800FFF77DFF70BD10B50100E02000F03B
:10DC6C0093FD10BD0100932010B5400000F08CFD19
:10DC7C0010BD932010B5400000F068FDFF2803D1C3
:10DC8C00AA38FFF7EFFF552010BD10B5E02000F0CB
:10DC9C005DFDFF2803D1FD38FFF7DEFF022010BD2C
:10DCAC00F7B5F0248527114E6400BF0003CEFDF7B5
:10DCBC0091FD01AD011C280005F049FD20002978DB
:10DCCC0000F062FD601C697880B200F05DFDA01C64
:10DCDC00A97880B200F058FDE01C0434E97880B2D9
:10DCEC00A4B200F051FDBC42E0D1F7BD506400205D
:10DCFC0073B5114E114C03CEFDF76CFD01AD011C3B
:10DD0C00280005F024FD2000297800F03DFD601C62
:10DD1C00697880B200F038FDA01CA97880B200F0C0
:10DD2C0033FDE01CE97880B200F02EFD0434044B86
:10DD3C00A4B29C42DFD173BDE8630020A3020000B3
:10DD4C00D702000073B5114E114C03CEFDF742FD06
:10DD5C0001AD011C280005F0FAFC2000297800F028
:10DD6C0013FD601C697880B200F00EFDA01CA97830
:10DD7C0080B200F009FDE01CE97880B200F004FDEF
:10DD8C000434044BA4B29C42DFD173BD80630020E9
:10DD9C00D70200000B03000010B5002420002C302B
:10DDAC00FF3080B200F0D2FC024B185501340D2C20
:10DDBC00F4D110BDD403002010B500242000064B74
:10DDCC002C30195DFF30C9B280B2013400F0DCFC9C
:10DDDC000D2CF3D110BDC046D403002010B5002487
:10DDEC002000054BC130FF30195D80B2013400F0CA
:10DDFC00CBFC0D2CF4D110BD6C63002010B50024AD
:10DE0C00054B195D85239B00E01880B2013400F0AE
:10DE1C00BBFC0D2CF4D110BD5F63002070B5002449
:10DE2C0025004135FF35ADB2280000F08FFC431EB4
:10DE3C00DBB2082B04D92800052100F0A5FC052035
:10DE4C00024B185501340F2CEAD170BDB864002078
:10DE5C0010B500242000054B4130FF30195D80B215
:10DE6C00013400F091FC0F2CF4D110BDB8640020EB
:10DE7C000A4B37B518685968FDF7ACFC01AD011CAD
:10DE8C00280005F064FC00242000E830295D80B2F5
:10DE9C00013400F079FC042CF6D137BD10000020C1
:10DEAC000A4B37B518685968FDF794FC01AD011C95
:10DEBC00280005F04CFC00242000F630295D80B2CF
:10DECC00013400F061FC042CF6D137BDC8030020EE
:10DEDC000A4B37B518685968FDF77CFC01AD011C7D
:10DEEC00280005F034FC00242000E430295D80B2C9
:10DEFC00013400F049FC042CF6D137BD2000002081
:10DF0C0073B51A4E1A4C03CEFDF764FC01AD011C1F
:10DF1C00280005F01CFC2000297800F035FC601C62
:10DF2C00697880B200F030FCA01CA97880B200F0B7
:10DF3C002BFCE01CE97880B200F026FC04340D4B7D
:10DF4C00A4B29C42DFD10C4BE320197800F01CFCEE
:10DF5C000A4BE220197800F017FCFFF7B9FF92206A
:10DF6C00074B4000197800F00FFC73BD6062002075
:10DF7C003B020000A3020000D3030020D2030020C8
:10DF8C00D10300200A4B37B518685968FDF722FCFD
:10DF9C0001AD011C280005F0DAFB00242000EC3058
:10DFAC00295D80B2013400F0EFFB042CF6D137BDB3
:10DFBC00380200200D4B37B518685968FDF70AFC7C
:10DFCC0001AD011C280005F0C2FB00242000F0303C
:10DFDC00295D80B2013400F0D7FB042CF6D1044B40
:10DFEC00F4201978C9B200F0CFFB37BD3002002005
:10DFFC00DF6400200100262010B5FF3000F0C4FBC8
:10E00C0010BD10B50100692000F0BEFB10BD000072
:10E01C0010B50100014800F0B7FB10BD390200003B
:10E02C000100D12010B5400000F0AEFB10BD010086
:10E03C00D42010B5400000F0A7FB10BD0100AA20B1
:10E04C0010B5FF3000F0A0FB10BD0100D72010B5BB
:10E05C00400000F099FB10BD0100D52010B5400028
:10E06C0000F092FB10BD0100A42010B5FF3000F0B1
:10E07C008BFB10BD0100AC2010B5FF3000F084FB11
:10E08C0010BD0100D22010B5400000F07DFB10BD8A
:10E09C000100AE2010B5FF3000F076FB10BD010082
:10E0AC00D62010B5400000F06FFB10BD10B5010C70
:10E0BC000400A820C9B2FF3000F066FBD320210A6F
:10E0CC00C9B2400000F060FBA620E1B2FF3000F0C6
:10E0DC005BFB10BD002110B50800FFF70BFD012004
:10E0EC00FFF7D2FC0120FFF7D5FC0020FFF7DEFF85
:10E0FC0010BD10B5040000F0A1FBFFF7EBFF2100F1
:10E10C000622012000F07EFB21000622102000F0E8
:10E11C0079FB06222100302000F074FB10BDF0B515
:10E12C00012500272C008FB006AB059001930293BC
:10E13C000395BEB2701C80B200F008FB029B1870F5
:10E14C003000103080B200F001FB082206AB9B18A7
:10E15C003036D8550490B0B200F0F8FA029A04990F
:10E16C0012780AABF854914253D1049A904207D0DA
:10E17C000024250004E00024049A03948242F8D180
:10E18C00029A013701320292062FD2D106AA127AD4
:10E19C001B78134006AA1278FF2A0DD1FF3B5A4276
:10E1AC005341DEB200230CA9002C02D1039A002AA1
:10E1BC000AD0019A12780DE00026FF2BF2D106A8A6
:10E1CC00FFF797FF3500EDE7002DF2D0082006AAE7
:10E1DC001218D25C5A54019A013301320192062B67
:10E1EC00E2D10023CA5C10003038092809D9062274
:10E1FC003021059808F0CCFE0598FFF77AFF0FB098
:10E20C00F0BD0598C254002EF1D10133062BE9D193
:10E21C00F5E79042AFD1002215000392B0E7010060
:10E22C00282010B5FF3000F0AFFA10BD01002A20F5
:10E23C0010B5FF3000F0A8FA10BD0100952010B504
:10E24C00400000F0A1FA10BD10B50100014800F02B
:10E25C009BFA10BD3602000010B50100014800F019
:10E26C0093FA10BD3702000070B5050000242000A1
:10E27C00803080B200F06AFA28550134102CF6D1A7
:10E28C0070BD10B501001022802000F0BBFA10BD4B
:10E29C00D02310B50C000100580000F075FAA22034
:10E2AC002100FF3000F070FA10BDF7B504001D001E
:10E2BC000091019200F04AFA0600200000F046FAA4
:10E2CC0007003000BE4208D0200000F03FFA874221
:10E2DC0003D0200000F03AFA3000019B984202D89B
:10E2EC00009B984204D22000290000F04DFA28002F
:10E2FC00FEBD022310B51A0001216620FFF7D5FFE1
:10E30C0010BD10B50723082201216220FFF7CDFFB5
:10E31C0010BD10B50023F0220A216320FFF7C5FFC2
:10E32C0010BD012310B5FF2219006020FFF7BDFFBF
:10E33C0010BD012310B5022219006120FFF7B5FFB3
:10E34C0010BD022310B51A000121C020FFF7ADFF4C
:10E35C0010BD012310B5022219006720FFF7A5FF9D
:10E36C0010BD002310B5F02219006B20FFF79DFFA4
:10E37C0010BD002310B5062219006820FFF795FF89
:10E38C0010BD000070B50024FF2585239B00E0180C
:10E39C002A002B00012180B2FFF787FF024B185592
:10E3AC0001340D2CF1D170BD5F630020012310B539
:10E3BC00022219006920FFF778FF10BD022310B567
:10E3CC001A0001210148FFF770FF10BD390200004F
:10E3DC000123D12010B5022219009840FFF765FFE8
:10E3EC0010BD0123D42010B5022219009840FFF76C
:10E3FC005CFF10BD0123AA2010B502221900FF30CA
:10E40C00FFF753FF10BD0121D72010B50B23FE22BF
:10E41C008840FFF74AFF10BD0123D52010B502221A
:10E42C0019009840FFF741FF10BD0023A42010B540
:10E43C00FE221900FF30FFF738FF10BD0023AC207F
:10E44C0010B5FE221900FF30FFF72FFF10BD00237F
:10E45C00D22010B5FE2219004000FFF726FF10BD98
:10E46C000023AE2010B5FE221900FF30FFF71DFF70
:10E47C0010BD0023D62010B50D2219004000FFF767
:10E48C0014FF10BD0023FF22A82010B5190080181E
:10E49C00FFF70BFF00230400D3201900FF224000DC
:10E4AC00FFF703FF240400020023FF222418A620F8
:10E4BC0019008018FFF7F9FE001910BD0123262062
:10E4CC0010B502221900FF30FFF7EFFE10BD0F232D
:10E4DC002A2010B51A000E21FF30FFF7E6FE10BD02
:10E4EC000023952010B5FF2219004000FFF7DDFE38
:10E4FC0010BD000010B50B230D2201210148FFF7C0
:10E50C00D4FE10BD36020000012310B50D221900F7
:10E51C000148FFF7CAFE10BD3702000037B50500F1
:10E52C000024281980B200F011F901AB1855013400
:10E53C00042CF6D12100180005F0F8F80198011C04
:10E54C00F9F7AEFF002801D10023019301983EBDDD
:10E55C0070B5F0248526074D6400B6002000FFF747
:10E56C00DDFFFDF7EFF80434A4B203C5B442F5D1D6
:10E57C0070BDC0465064002070B5074D074C20009C
:10E58C00FFF7CCFFFDF7DEF80434054BA4B203C54E
:10E59C009C42F4D170BDC046E8630020A302000089
:10E5AC00D702000070B5074D074C2000FFF7B6FFEF
:10E5BC00FDF7C8F80434054BA4B203C59C42F4D152
:10E5CC0070BDC04680630020D70200000B03000022
:10E5DC0010B5EC20FFF7A2FFFDF7B4F810BD00005A
:10E5EC0070B5354D354C2000FFF798FFFDF7AAF8B4
:10E5FC000434334BA4B203C59C42F4D1002319005C
:10E60C001A22E220FFF751FE2E4B01221870002334
:10E61C00E3201900FFF749FE421E90412A4B187067
:10E62C00E420FFF77BFFFDF78DF8284B186059604D
:10E63C00274B18605960274B18605960E820FFF78A
:10E64C006DFFFDF77FF8244C20606160F620FFF72A
:10E65C0065FFFDF777F8214C20606160F020FFF733
:10E66C005DFFFDF76FF81E4B0122186059601D4BC2
:10E67C00186059600023F4201900FFF716FE431EA2
:10E68C009841194BC0B21870002301221900F520D3
:10E69C00FFF70BFE431E9841144BC0B218700023B9
:10E6AC009220012219004000FFF7FFFD421E90410D
:10E6BC000F4B187070BDC046606200203B0200001A
:10E6CC00A3020000D2030020D3030020200000206E
:10E6DC00C00A00200000002010000020C803002009
:10E6EC0030020020C80A0020DF640020DD64002016
:10E6FC00D103002037B502236A46134C40BA53703D
:10E70C005080117120680022616800F0AFF906207A
:10E71C0000F05EFC20680122616800F0A7F9206817
:10E72C000022616800F0A2F901256B46585D0135A5
:10E73C0000F04EFC052DF8D120680122616800F034
:10E74C0095F900F0F1FC37BD3400002070B50500E0
:10E75C000C4C00222068616800F088F9032000F05E
:10E76C0037FC280A00F034FCE8B200F031FC00F071
:10E77C0083FC050001222068616800F077F928000D
:10E78C0070BDC0463400002070B505000C00280098
:10E79C00FFF7DCFFA04204D021002800FFF7AAFFFE
:10E7AC00F5E770BDF8B505000F001600144C0022FB
:10E7BC002068616800F05AF9062000F009FC206816
:10E7CC000122616800F052F900222068616800F0B3
:10E7DC004DF9022000F0FCFB280A00F0F9FBE8B22E
:10E7EC0000F0F6FB39003000002200F013FC20682A
:10E7FC000122616800F03AF900F096FCF8BDC046C1
:10E80C0034000020F7B50D001600052701903200EA
:10E81C0029000198FFF7C6FF0024A64200DCF7BDD3
:10E82C00019B181980B2FFF791FF2B5D834201D138
:10E83C000134F2E7013F002FE9D1F0E730B589B0A0
:10E84C002022FF216846802508F0A2FB0024ED0061
:10E85C002000203420226946A4B2FFF7D3FFAC423B
:10E86C00F6D109B030BD0000604B10B5186800221D
:10E87C00596800F0FBF85E4B00221868596800F0EC
:10E88C00F5F85C4B00221868596800F0EFF85A4B09
:10E89C0000221868596800F0E9F8584B00221868F3
:10E8AC00596800F0E3F8564B00221868596800F0DC
:10E8BC00DDF8544B00221868596800F0D7F8524B19
:10E8CC0000221868596800F0D1F8504B00221868E3
:10E8DC00596800F0CBF84E4B00221868596800F0CC
:10E8EC00C5F84C4B00221868596800F0BFF84A4B29
:10E8FC0000221868596800F0B9F8484B00221868D3
:10E90C00596800F0B3F8464B00221868596800F0BB
:10E91C00ADF8444B00221868596800F0A7F8424B38
:10E92C0000221868596800F0A1F8404B00221868C2
:10E93C00596800F09BF83E4B00221868596800F0AB
:10E94C0095F83C4B00221868596800F08FF83A4B48
:10E95C0000221868596800F089F8384B00221868B2
:10E96C00596800F083F8364B00221868596800F09B
:10E97C007DF8344B01221868596800F077F8324B57
:10E98C0001221868596800F071F8304B01221868A0
:10E99C00596800F06BF82E4B01221868596800F08A
:10E9AC0065F82C4B01221868596800F05FF82A4B67
:10E9BC0001221868596800F059F8284B0122186890
:10E9CC00596800F053F8264B01221868596800F07A
:10E9DC004DF8244B00221868596800F047F8224B78
:10E9EC0001221868596800F041F810BD940000200D
:10E9FC008C00002074000020840000206C0000209B
:10EA0C007C000020440100203C0100203401002047
:10EA1C002C010020240100201C01002014010020E6
:10EA2C000C01002004010020FC000020F400002058
:10EA3C00EC000020E4000020DC000020D4000020CA
:10EA4C00CC000020440000203C00002034000020BA
:10EA5C00C4000020BC000020AC000020B40000204A
:10EA6C00640000205C000020A400002007B589B2DF
:10EA7C0006F044F807BD07B589B206F039F8431E15
:10EA8C009841C0B20EBD000030B593B038220021C1
:10EA9C0004A808F07DFA10220021684608F078FAE4
:10EAAC008020800006F0DAF806F0CEF81821194A1A
:10EABC000124D36D02258B43D36505230493802356
:10EACC005B02059303230C9300230D9308330E93E1
:10EADC0080239B020F9380239B041093802304A814
:10EAEC009B0506940B95119306F0E4F8002801D0D1
:10EAFC0072B6FEE70723029003902100684600934C
:10EB0C00019506F03FFB002801D072B6FEE713B06A
:10EB1C0030BDC04600100240F0B58FB005F00AFDC4
:10EB2C00FFF7B2FF1422002109A808F031FA0422E1
:10EB3C000126C74DC74C6B6B210013436B636B6B8A
:10EB4C00C54813400493049B6B6B1C3213436B63DB
:10EB5C006B6BC24F13400593059B6B6B1E3A334393
:10EB6C006B636B6B33400693069B6B6B13436B634E
:10EB7C006B6B13400793079B6B6B063213436B63F2
:10EB8C006B6B134008930022089B05F0B7FFA02085
:10EB9C0039000022C00505F0B1FF0022B049B14890
:10EBAC0005F0ACFF0022B049B04805F0A7FF09946E
:10EBBC000024A94809A90A960B940C9405F0E6FECA
:10EBCC00A020052309A9C00509930A940B9405F00C
:10EBDC00DDFEA02009A9C00509970A960B940C9498
:10EBEC0005F0D4FEA0200323102709A9C0050A9321
:10EBFC0009970B9405F0CAFE994B9A4809A90993F9
:10EC0C000A960B940C9405F0C1FE974B974809A9F2
:10EC1C0009930A960B940C9405F0B8FE08229148BF
:10EC2C0009A909920A940B9405F0B0FEAB6B210074
:10EC3C003343AB63AB6B2200334009200393039B3C
:10EC4C0005F0B0FC092005F0D7FC894D894B280054
:10EC5C002B60894BAC606B60EE602C616C61AC61BD
:10EC6C00EC612C6205F050FF0100A04201D072B69D
:10EC7C00FEE7280005F09EFF011E01D072B6FEE7EC
:10EC8C00280005F0BDFF031E01D072B6FEE7E0259B
:10EC9C0007247A487A4AED0043608360036143613C
:10ECAC008361036243628362036343630260C560F2
:10ECBC00C46206F0E5FC031E01D072B6FEE7714893
:10ECCC00714A836002608222036143610362436282
:10ECDC0083620363082352004260FC32C560826188
:10ECEC00C761C462436306F0CBFC011E01D072B64F
:10ECFC00FEE7664C664B0200236096239B01636023
:10ED0C000C23A060E06020616361A0610300E061FE
:10ED1C0020626062A062200007F076FC011E01D028
:10ED2C0072B6FEE7200007F0D7FC011E01D072B6C8
:10ED3C00FEE7200007F0F0FC002801D072B6FEE7D9
:10ED4C00200007F0ABFC031E01D072B6FEE7FF26D5
:10ED5C005048514A514F026046608360C76003615E
:10ED6C00836106F067FE002801D072B6FEE74C48BE
:10ED7C004C4B466003600023C760836003614361B2
:10ED8C00836106F057FE031E01D072B6FEE74648BB
:10ED9C00464A466002608360C760036143618361D9
:10EDAC0006F048FE0190002801D072B6FEE70C2256
:10EDBC00019909A808F0ECF83D4D3E4B28002B605A
:10EDCC00019B6E60AB60EF60AB6106F033FE002818
:10EDDC0001D072B6FEE709900B9009A9280006F045
:10EDEC0053FE0190002801D072B6FEE70C22019967
:10EDFC0009A808F0CDF8304D304B28002B60019B52
:10EE0C006E60AB60EF60AB6106F014FE002801D0C1
:10EE1C0072B6FEE709900B9009A9280006F034FEA3
:10EE2C00031E01D072B6FEE72548264A83600260B5
:10EE3C007F22C2608022D205066143618361C36177
:10EE4C000262436206F0C6FB051E3DD072B6FEE7B9
:10EE5C0000100240FF3F000000080050280900008D
:10EE6C0034FF00000004005065030000000C00504B
:10EE7C007C09002000540040BB7C7000EC08002092
:10EE8C00003001408808002000380040780600203F
:10EE9C0000380140A407002000200040FFFF0000C4
:10EEAC0058070020004401400C0700200048014096
:10EEBC00F0070020001400403C0800200010004027
:10EECC005009002000280040FFF7CEFC282220002B
:10EEDC00114907F043FC114C2378002B0BD0022076
:10EEEC0000F030FB0E4B25701D700E4B1D700E4B41
:10EEFC001D700E4B1D700E4C2378002BEBD0012097
:10EF0C0000F020FB064B25701D70064B1D70064B48
:10EF1C001D70064B1D70DEE7F40500209266002084
:10EF2C008D6600208C6600208A6600208866002092
:10EF3C009366002070B50B4D0B4C0A002100280085
:10EF4C0008F0BBF82800282105F096FA21002822A9
:10EF5C00064807F003FC0421054B1A6813688B4321
:10EF6C00136070BDCC050020F4050020780600204D
:10EF7C001C06002007B56B46D91D087064230122BE
:10EF8C00014807F025FA07BD7806002010B5044C9F
:10EF9C000A0001006423200007F01AFA10BDC046D5
:10EFAC0078060020034B1A68402311680B4313604A
:10EFBC007047C046EC080020022303498A681A42B5
:10EFCC00FCD0024B18707047003001400C300140EF
:10EFDC00402210B501240C4B1B6819689143196031
:10EFEC001968A14319601968196019680A431A60F5
:10EFFC000222064B99681142FCD0054A10708022FF
:10F00C0099681142FCD110BD8808002000380040DE
:10F01C000C380040F0B540240126144B1B681D68C9
:10F02C00A5431D601D68B5431D601D68104E15433A
:10F03C001D601A68802514431C60002202240D4BAD
:10F04C00904208DC022299681142FCD08022996817
:10F05C001142FCD1F0BD9F682742FCD09F682F4223
:10F06C00FCD18F5C01323770EAE7C046880800207B
:10F07C000C38004000380040402210B501240F48E5
:10F08C0003681968914319601968A14319601968DC
:10F09C00196019680A431A6006F06AFB0222084BD1
:10F0AC0099681142FCD00021064A1170012299681E
:10F0BC001142FCD0D868C0B210BDC04688080020F0
:10F0CC00003800400C380040F8B5144F04003800EC
:10F0DC0016000D0006F04CFB40223B68196891436A
:10F0EC00196001211868884318601868304318604B
:10F0FC0018680B4E02431A6002200023094A9C42F6
:10F10C0000DCF8BD97680742FCD000273770976881
:10F11C000F42FCD0D768EF540133F0E78808002089
:10F12C000C3800400038004070B50C4C00222068B0
:10F13C006168FFF79BFC0520FFF74AFF0125FFF7ED
:10F14C009BFFFFF799FF284205D1206801226168D7
:10F15C00FFF78CFC70BDFFF78FFFF4E73400002045
:10F16C0010B5062807D10C480222036852421A61D6
:10F17C0006F012FB10BD072801D10848F4E70E2851
:10F18C0001D10748F0E7102801D10648ECE7112817
:10F19C00F0D10548E8E7C0463C080020F007002005
:10F1AC00A4070020580700200C07002010B50628E3
:10F1BC0003D10A4806F024FB10BD072801D10848EA
:10F1CC00F8E70E2801D10748F4E7102801D10648CA
:10F1DC00F0E71128F0D10548ECE7C0463C080020C8
:10F1EC00F0070020A4070020580700200C0700207F
:10F1FC00084B06280BD0084B072808D0074B0E28C5
:10F20C0005D0074B102802D0112802D1054B1B68E2
:10F21C00D96270473C080020F0070020A4070020AA
:10F22C00580700200C070020084B06280BD0084B71
:10F23C00072808D0074B0E2805D0074B102802D002
:10F24C00112802D1054B1B68596270473C080020FD
:10F25C00F0070020A4070020580700200C0700200E
:10F26C0062B6704772B670470E4B10B504009842E8
:10F27C0007D103F0BFFA0C4B9C4207D103F0A4F961
:10F28C000FE00A4B984207D103F074FD084B9C42E7
:10F29C0007D103F0C5F904E0064B9842EBD103F01B
:10F2AC0077FD10BD3C08002058070020F007002017
:10F2BC000C070020A407002072B6FEE7F7B52C4C13
:10F2CC002C4A2300106851688033186059602A4B0F
:10F2DC0000261A685B680027002522616361002202
:10F2EC00264B01A826626762A662E7622663676303
:10F2FC00226463642580A56303F070FF6B462200D3
:10F30C009B8848325BBA138001A832003B0026650B
:10F31C00676503F063FF6B4622009B8858325BBA2B
:10F32C00138001A832003B002666676603F056FF87
:10F33C006B4622009B8868325BBA138023006A33C9
:10F34C001D8023006E331D80230072331D8023002B
:10F35C0076331D8023007A331D80230088331E6092
:10F36C005F6023007E3490331E605F602580F7BDA4
:10F37C00D00900202000002010000020E0FFEF400A
:10F38C00F8B50022334BFAF73DFA0022324BFAF76C
:10F39C00FFFD04000D00314A314BFBF733FA22001C
:10F3AC002B00FBF72FFA22002B00FBF72BFA2D4A30
:10F3BC0006000F00200029002B4BFBF723FA22003C
:10F3CC002B00FBF71FFA02000B0030003900FAF794
:10F3DC0019FA244A06000F0020002900234BFBF7E2
:10F3EC0011FA02000B0030003900FAF70BFA204A30
:10F3FC00204BFBF7EDFC08F069FC00221E4B0400CF
:10F40C000D00F9F72DF8002812D01C4B1B78002B9F
:10F41C0004D001221A4B1B4C1B4D1A701B4B1B7832
:10F42C00002B02D00122164B1A7029002000F8BDC7
:10F43C00002220002900164BF8F7FEFF0028F4D01C
:10F44C00124B1B78002BF0D001220D4B0D4C0E4DA6
:10F45C001A70EAE70000894000E09540D7A3703DA0
:10F46C000AD581406666666666D29EC06672A14009
:10F47C00295C8FC2F5D8894000001E40E8010020AD
:10F48C00746600208FC2F5285CFF58404163002051
:10F49C000000F03FF8B50D0004000D4A0D4BFBF7D2
:10F4AC00B1F92B002200FBF7ADF90B4A06000F0057
:10F4BC0020002900094BFBF7A5F902000B003000D6
:10F4CC003900FAF79FF9064A064BFAF79BF9F8BD93
:10F4DC00865AD3BCE3149DBF454772F90FE9FE3F32
:10F4EC004A0C022B8716A93FF8B50F0019000E4BDA
:10F4FC0006001B781000002B12D00C4C0C4D002277
:10F50C000C4BFBF765FC2B002200FBF77BF9002270
:10F51C00094BFAF777F932003B00FBF773F9F8BDAA
:10F52C00064C074DEBE7C046416300209A99999928
:10F53C009999993F000039400000F03F7B14AE4789
:10F54C00E17A943F0023F0B5ABB0C54CC54D0790A4
:10F55C002993012823D120702B70FFF739F806006E
:10F56C000F00C14B1E605F60C04B1B78002B21D07D
:10F57C0000220023F8F774FF00281BD0BC4B00229C
:10F58C0030003900F8F758FF012300280DD0237004
:10F59C0000232B700022B74B0492059310E0079ABE
:10F5AC00022ADAD123700123D6E720702B700022B7
:10F5BC00B14BF1E72378002BECD12B78002BF6D153
:10F5CC00FEF7FCFE022802D10022AC4B1A70FEF7AB
:10F5DC00F5FE012801D1A94B1870FEF7D3FEFEF7FA
:10F5EC0036FF1490FEF795FEA54B1870FEF74AFFF8
:10F5FC003221F8F705FF002901D101F0F5FD0023B8
:10F60C0001221900F420FEF750FE431E98410023FE
:10F61C009C4DC0B2190028700122F520FEF745FE62
:10F62C00431E9841984BC0B21870FEF7DAFE0128C1
:10F63C0002D00022954B1A70FEF700FF0D900228A5
:10F64C0002DD0122924B1A70924B1A78002A00D1DB
:10F65C00B9E08B4A12783B2A00D8B4E08E4B0122D9
:10F66C001A708E4B1A708E4B1A788C4B002A03D161
:10F67C00894A1278002A01D001221A701B78002BBB
:10F68C0005D02378002B02D001227C4B1A70FEF798
:10F69C00C3FE744B83491B780860002B05D00122F4
:10F6AC00814B022800D099E01A70784E7A4C33784E
:10F6BC00002B09D02378002B06D00020FEF7DAFCB3
:10F6CC000022734B0D921A7023786F4C002B00D1D3
:10F6DC008AE0764B764A1A806D4B1B78002B02D051
:10F6EC000122744B1A700125734B1D60FCF71AFB39
:10F6FC002378D8B2002B03D1704B1D70FEF7C8FCD9
:10F70C00614B1B78002B06D0FA21684A89001388BC
:10F71C005B189BB213805B4B1B78002B04D0634AA5
:10F72C0013880A339BB21380624B1B78002B04D0D6
:10F73C005E4A138864339BB21380584B604C1B7821
:10F74C00DAB20C92002B00D1EBE0FEF7D3FE23785B
:10F75C001A00083A511E8A410821D2B20C92524A20
:10F76C00089312780F91002A02D05B08013308939A
:10F77C0000230120227853499A4200DDD9E002F09F
:10F78C005DFE514C079916A801F018FA482216A9EB
:10F79C00200007F092FCFEF7ACFD1590FEF720FF61
:10F7AC00FEF7D6FEFEF7E8FEFEF7FCFE474B1B7895
:10F7BC00002B01D0FCF7DAFB414B01241A784449A9
:10F7CC0000234448BDE01B78002B00D14BE72C4BA9
:10F7DC001B78092B00D846E7314B40E702201A7002
:10F7EC000860FEF739FC60E73B4B1B78002B1BD005
:10F7FC002B4B1B78002B17D02C4B384A1A802378B4
:10F80C00DCB2002B00D07BE701250222294B1D70B6
:10F81C00294B1A601B4B1C70FEF7CCFBFCF782FAD1
:10F82C00264B1D70200069E71A4B1B78002B59D012
:10F83C003378002B56D02378002B09D11B4B284A48
:10F84C001A8001231B4A13701B4A13601B4A137046
:10F85C0000242C70FEF7AEFBFCF764FAE2E7C0461E
:10F86C0041630020E8010020D00A00204063002002
:10F87C000070874000D0864000208C40346300200C
:10F88C00D90A0020DF640020DD6400208866002097
:10F89C00D80A00208D6600208B6600208C66002024
:10F8AC008A660020EC010020446300208066002062
:10F8BC00102700009066002048020020DE64002023
:10F8CC004D020020F1010020780A0020C7640020BE
:10F8DC00D40300205263002089660020204E0000D3
:10F8EC0030750000744B1B78002B00D108E733787F
:10F8FC00002B00D004E72378DEB2002B00D0FFE60B
:10F90C0001246E4B6E4A1A806E4B1C706E4B1C6041
:10F91C002E70FEF74FFBFCF705FA6C4B30001C7099
:10F92C00ECE6FEF770FD0323434308930C9B0F9307
:10F93C001EE7C85401331FE7CD5C052D00D9C45414
:10F94C0001339A42F8DC00F005FE03F05FFAFA206E
:10F95C00C00004F015FE00230E9311930A93FFF7D9
:10F96C00ADFC5B4C236B012B3DD15A4B1B78002B10
:10F97C0039D003F0E1FA022835D1FEF7EAFC012870
:10F98C0031D103F0D9FA01282DD003F0D5FA012892
:10F99C0029D05148236804220370030039331A70AC
:10F9AC004E4B00241A68030078331A800300FF22A0
:10F9BC007E331A70312503F0B3FE03F09FFE04F082
:10F9CC0013F80022E30FA5425341DBB2934201D05E
:10F9DC00904203D1FCF7A6F92BB0F0BD0A2004F03D
:10F9EC00CFFD0134EBE7A269E369A06AE16AFAF79B
:10F9FC00CFFAFBF719FEAF22394B00211090120100
:10FA0C001800069307F0C4FAAF22364D00212800E7
:10FA1C00120107F0BDFAAF22334E00215201300023
:10FA2C0007F0B6FAAF2200215201304807F0B0FAC5
:10FA3C00AF222F4F00215201380007F0A9FA4022C3
:10FA4C006B469B181B88320029000B930093069879
:10FA5C003B0003F0BFF9274B1A4D1A782B78134053
:10FA6C0022003C3212781A420CD035342378002B09
:10FA7C0008D00498059903F017FA002301222B7083
:10FA8C001D4B1A7000221D4B1A8002F0D7FE104B32
:10FA9C009868D96802F030FE02F02AFF02F0C8FE26
:10FAAC0006900028FAD1164B1B78DAB20992002B7B
:10FABC0028D103F0DFFD8FE78D66002080660020E3
:10FACC00409CFFFF9066002048020020DE6400206E
:10FADC00780A0020E9010020D0090020846600206B
:10FAEC006C5700207C4C00209C360020BC20002051
:10FAFC00DC0A00208E6600200B0A00207E660020A7
:10FB0C004C020020D54B069AD5491A80D54AD64BC3
:10FB1C00966B176809785E70FBB2002905D0126CE1
:10FB2C00002A02D01B019B18DBB2CF4CCF4A2370AA
:10FB3C00CF4BCC4D22626362286A696ACD4ACE4BA8
:10FB4C0022636363A262E362230088331860596006
:10FB5C00AA6AEB6AFBF73CF9FBF766FDC317C01802
:10FB6C005840FBF79DFDC54B90341B7820606160BD
:10FB7C00002B37D05A2312AA9B1800223E351A802C
:10FB8C002B780124934201D1BD4B1C78BD4B1B78C3
:10FB9C00002B12D0BC4B1B78002B09D0B149BB4BAE
:10FBAC00002208694969F8F741FC0023984206D005
:10FBBC00B74B1B78002B00D016E2012323405A24AC
:10FBCC0012AAA41831003A0010980094FBF73AFFDF
:10FBDC00B04B22881A80B04B1B78002B00D00FE260
:10FBEC0000F0BAFF049A059B9F490B98FDF704FAA5
:10FBFC00A44B1B78002B09D09A4B1A6B012A00DD01
:10FC0C0001E25A6BA54B1A4200D0FCE1129E139FE5
:10FC1C009C4B1A789A4B1B78002B00D111E2A04810
:10FC2C00A04900780B78002800D107E28E48013BF0
:10FC3C00046C456C181C049405951B0600D500201B
:10FC4C0008709849984B09781970984B1B78002BC1
:10FC5C0003D09749974B096819600021964B1B7884
:10FC6C008B4208D195487F4B0078884203D03633BD
:10FC7C001B785B42D9B2924B7B4C1970002A5FD037
:10FC8C00784B1093844B1B78002B59D18D4D079BCF
:10FC9C0032002868696800933B00FFF771FB206213
:10FCAC006162FFF7F7FB2269636912921393079B5A
:10FCBC00206361630093129A139BFFF715FC226972
:10FCCC006369129213932A686B68A062E162206CDC
:10FCDC00616C00920193129A139BFCF723FE0B00AC
:10FCEC0002001099A260E3603F310978002909D025
:10FCFC00109910983D3109780068FCF76BFA803444
:10FD0C00206061600021584D564CAA68EB68009148
:10FD1C00216C2068FBF7C2FF089B6B4A013B0893E0
:10FD2C001378383501331370684B28701B78002B0F
:10FD3C0006D03D3423785A4253410E9AD3180E9371
:10FD4C000498059901F080FA4D4B1B78002B08D0D4
:10FD5C005F4B1B78002B04D05E4B5C681B680493D4
:10FD6C000594404C2068FCF723F85B4B187000207E
:10FD7C0002F054F90C9B002B03D00E9B0F9A93426C
:10FD8C0008D0089B002B00DD85E136342378002B4E
:10FD9C0000D180E10122514B1A70FEF7B1F8FEF749
:10FDAC0067F8FEF77DF84E4B1B78002B31D0FEF731
:10FDBC00E9F8444B00221C685D684A4B200029007E
:10FDCC00F8F74EFB002824D0474B20001093474BEC
:10FDDC0029001A685B68FAF7FBFF454A454BFAF7AE
:10FDEC0011FD109B040018680D00FBF759FC020074
:10FDFC000B0020002900F9F705FDFBF715FC642822
:10FE0C0000DC3FE16420109BC1B21860FB20FEF7C0
:10FE1C00BBFC394B1A78394B002A00D001221A70DE
:10FE2C00FEF7C8F8364B1B78002B0CD028226B46FB
:10FE3C009B181878FEF733F90A9B002B03DD314B26
:10FE4C000A9A1199D154074B1868C0B2FEF704FAFC
:10FE5C000A4B1B78002B5BD056E0C0467C6600201A
:10FE6C0044630020780A0020D00900208FC2F528B6
:10FE7C005CFF58400E2DB29DEFFF58408E6600205F
:10FE8C00E90100204263002041630020000044404F
:10FE9C00E8010020420A0020B40A0020FF00FF0005
:10FEAC00ED030020B3650020080A0020AD0A0020F5
:10FEBC0084660020786600208C660020B60A00203C
:10FECC004E0A002038020020DA0A0020FD03002030
:10FEDC00AE0A002030020020090A0020D1030020C5
:10FEEC00B16500200070874040020020D00A00203D
:10FEFC009A9999999999B93FE3640020DF6400209D
:10FF0C008B660020B7640020FDF756FFFDF7A0FFBD
:10FF1C006E4B1B78062B00D0B9E0FEF786FA013049
:10FF2C00C0B2FEF7A0F8FBF7FDFE149B581CC0B244
:10FF3C00FEF7A7F80021FA20FEF726FC644B1B788D
:10FF4C00002B04D10D9B581CC0B2FEF793F8149BE8
:10FF5C00092B05D9012002F061F80020FEF791F879
:10FF6C00FDF7C6FEFDF7EEFEFEF77AFA0130FE282D
:10FF7C0000DDFE20C0B2FEF78BF8FEF783FA0130ED
:10FF8C00FEF794F8FF22534B1A70159B012B0BD1E3
:10FF9C00099C514B02940B9C504A0194504C514972
:10FFAC005148009403F072F9504B1B78002B02D18E
:10FFBC00099B002B15D04E4803F0B2FB312403F003
:10FFCC009DFB03F011FD0022069B0699DB0F8C4272
:10FFDC005341DBB2934201D090426CD1099B002B70
:10FFEC0070D112961397BAE44249434B00228868A9
:04FFFC00C968F8F7E1
:020000040801F1
:100000001BFA0023984200D0DDE5DEE53E4B187078
:10001000EEE53E4D287802F089F8384C2B78A06147
:10002000022B0ED102F092F906000F00384B266128
:1000300067611E605F60374B1B78002B00D1EBE5DA
:10004000ECE502F0C7F8EFE701330B70FFE5002A9B
:1000500000D108E630492A4B0978002900D002E691
:100060002E48007800280FD029912D49234809787F
:10007000046C456C04940595002900D1F3E51968DA
:100080009B6B0A911193EEE5299B01332993EAE5D5
:10009000002800DDBDE60120BBE60020FDF7E9FFFA
:1000A00049E71E4B1F4A29A91B7812780091049832
:1000B000059901F059FCFF221B4B1A70002309938C
:1000C00069E70A2004F062FA069B013306937EE793
:1000D00000F04CFA86E4C046090A0020D80A002045
:1000E0004E0A0020BC2000209C360020DC0A0020A4
:1000F0007C4C00206C5700204D010020D0090020CE
:10010000780A002000003E40F0010020EA010020B3
:1001100010000020AC0A0020B40A0020FD030020DB
:10012000FC030020ED0300204F0A002001210A4BB0
:1001300082B01A6C0A431A641A6C0A408021009239
:10014000009ADA6B49050A43DA63DB6B0B400193D3
:10015000019B02B07047C0460010024010B5040079
:1001600094B01422002102A806F018FF34220021C6
:1001700007A806F013FF174B22689A4227D12023C5
:1001800007A8079305F0C2F8002801D0FFF79AF8F6
:100190000222114C1148636B02A913436363636B22
:1001A00013400093009BC0230293AE3B03930023B4
:1001B000049305930633069304F0EEFB8022E36B71
:1001C00092031343E363E36B13400193019B14B069
:1001D00010BDC04600540040001002400004005012
:1001E00010B504008EB03422002101A806F0D6FE1E
:1001F000104B22689A421BD180239B0201938023DB
:1002000001A85B000D9305F081F8002801D0FFF7ED
:1002100059F88022084B1202D96D0A438021DA6511
:10022000DA6BC9000A43DA63DB6B0B400093009B77
:100230000EB010BD002800400010024010B50400B0
:100240008AB01422002105A806F0A8FE23681F4AE0
:1002500093421CD180211E4B49011A6CA0200A43F5
:100260001A641A6CC0050A4001210192019A5A6B66
:100270000A435A635B6B0B400293029B154B05A923
:1002800005930223069304F087FB0AB010BD124ABF
:100290009342FAD180210E4BC901DA6B0F480A4311
:1002A000DA63DA6B0A4008210392039A5A6B0A4315
:1002B0005A635B6B0B400493049B1A230593183B12
:1002C0000693013B099305A9DDE7C04600300140D4
:1002D00000100240C280000000380040000C0050B6
:1002E0007FB50368324A934212D11021314B11205D
:1002F000DA6B0A43DA63DB6B00220B4001930F39A0
:10030000019B04F055F9112004F07CF907B000BD01
:10031000294A93420FD12021264B1220DA6B0A433F
:10032000DA63DB6B00220B4002931F39029B04F05F
:100330003FF91220E8E7214A934210D180211D4B5A
:1003400009021A6C13200A431A641B6C00220B402A
:1003500003930121039B04F02BF91320D4E7184ADF
:10036000934210D18021134B89021A6C15200A4345
:100370001A641B6C00220B4004930121049B04F0BF
:1003800017F91520C0E70F4A9342BFD18021094BCE
:10039000C9021A6C16200A431A641B6C00220B4017
:1003A00005930121059B04F003F91620ACE7C04634
:1003B00000100040001002400014004000200040E7
:1003C000004401400048014070B5060094B014227A
:1003D000002102A806F0E2FD3422002107A806F061
:1003E000DDFD274B32689A4247D1012307A80793C6
:1003F00004F08CFF002801D0FEF764FF8021214B20
:10040000C9011A6CA0200A431A641A6C00250A401C
:100410000092009A0122596BC005114359635B6B2E
:1004200002A913400193019BB0235B0102930223B5
:10043000049503930595069204F0AEFA124C134B03
:1004400020002360322363604E33A560E5602361A2
:100450006561A561E561256204F034F9A84201D027
:10046000FEF730FF0022331D1B201100DC67A6625F
:1004700004F09EF81B2004F0C5F814B070BDC0460F
:1004800000380140001002401C0600200800024015
:10049000FEE7FEE77047704710B504F065F810BD41
:1004A00010B5024804F024FA10BDC0461C06002016
:1004B00010B5024805F0C8F910BDC0463C08002040
:1004C00010B5024805F0C0F910BDC046F007002085
:1004D00010B5024805F0B8F910BDC046A4070020C9
:1004E00010B5024805F0B0F910BDC046580700200D
:1004F00010B5024805F0A8F910BDC0460C07002051
:1005000010B5024805F08EFB10BDC04678060020ED
:1005100010B5034B012218685968FEF7ADFA10BDFB
:100520009400002010B5034B002218685968FEF7AC
:10053000A3FA10BD9400002010B5034B01221868E7
:100540005968FEF799FA10BD8C00002010B5034BD6
:10055000002218685968FEF78FFA10BD8C00002041
:1005600010B5FFF7D5FFFFF7E7FF10BD10B5FFF798
:10057000D9FFFFF7EBFF10BD10B5034B0122186840
:100580005968FEF779FA10BD7400002010B5034BCE
:10059000002218685968FEF76FFA10BDC4000020E9
:1005A00010B5034B012218685968FEF765FA10BDB3
:1005B000C400002010B5034B002218685968FEF7EC
:1005C0005BFA10BDBC00002010B5034B0122186877
:1005D0005968FEF751FA10BDBC00002010B5034B5E
:1005E000002218685968FEF747FA10BDB4000020D1
:1005F00010B5034B012218685968FEF73DFA10BD8B
:10060000B400002010B5034B002218685968FEF7AB
:1006100033FA10BDAC00002010B5034B012218685E
:100620005968FEF729FA10BDAC00002010B5FFF79D
:10063000ADFFFFF7BFFFFFF7D1FFFFF7E3FF10BDEF
:1006400010B5FFF7ADFFFFF7BFFFFFF7D1FFFFF7D3
:10065000E3FF10BD304B10B5186800225968FEF753
:100660000BFA2E4B002218685968FEF705FA2C4B3E
:10067000002218685968FEF7FFF92A4B0022186813
:100680005968FEF7F9F9284B002218685968FEF7F7
:10069000F3F9264B002218685968FEF7EDF9244B50
:1006A000002218685968FEF7E7F9224B0022186803
:1006B0005968FEF7E1F9204B002218685968FEF7E7
:1006C000DBF91E4B002218685968FEF7D5F91C4B60
:1006D000002218685968FEF7CFF91A4B00221868F3
:1006E0005968FEF7C9F9184B002218685968FEF7D7
:1006F000C3F9164B002218685968FEF7BDF9144B70
:10070000002218685968FEF7B7F9124B00221868E2
:100710005968FEF7B1F910BD44010020CC0000205B
:10072000E40000203C010020340100202C010020C6
:10073000240100200C010020F4000020040100200E
:10074000FC000020EC00002014010020DC00002050
:10075000D40000201C01002010B5FFF77BFF074BE1
:10076000012218685968FEF787F9054B01221868BD
:100770005968FEF781F9FFF7FFFE10BD5C0000200D
:100780006400002010B5FFF765FF034B00221868D6
:100790005968FEF771F910BD5C000020304B10B5B0
:1007A000186800225968FEF767F92E4B0122186875
:1007B0005968FEF761F92C4B012218685968FEF759
:1007C0005BF92A4B012218685968FEF755F9284B46
:1007D000012218685968FEF74FF9264B0122186864
:1007E0005968FEF749F9244B012218685968FEF749
:1007F00043F9224B012218685968FEF73DF9204B56
:10080000012218685968FEF737F91E4B0122186853
:100810005968FEF731F91C4B012218685968FEF738
:100820002BF91A4B012218685968FEF725F9184B65
:10083000012218685968FEF71FF9164B0122186843
:100840005968FEF719F9144B002218685968FEF729
:1008500013F9124B002218685968FEF70DF910BD04
:1008600044010020CC000020E40000203C010020D6
:10087000340100202C010020240100200C01002064
:10088000F400002004010020FC000020EC00002007
:1008900014010020DC000020D40000201C010020F6
:1008A00010B50400002901D0FFF7D4FE601E0E2809
:1008B0000FD8F7F727FC080F11131517191B1D1F69
:1008C000212325272900114B186801225968FEF7BA
:1008D000D3F810BD0E4BF7E70E4BF5E70E4BF3E7E1
:1008E0000E4BF1E70E4BEFE70E4BEDE70E4BEBE750
:1008F0000E4BE9E70E4BE7E70E4BE5E70E4BE3E760
:100900000E4BE1E70E4BDFE70E4BDDE7CC0000209E
:10091000E4000020240100203C010020F40000201D
:100920003401002004010020FC0000202C010020E4
:10093000EC0000200C01002014010020DC0000204D
:10094000D40000201C010020F7B50190FFF782FEC3
:10095000284B294A1B780B270092002B04D1274BE8
:100960001B78002B00D0177800242600244D009B14
:100970001B78A34200DCF7BDB742FCDD2A780134C6
:10098000002A1CD02000A34200DAE01A019B002BB1
:1009900001D000232B7002381A4B0C2809D8F7F726
:1009A000B1FB0710121416181A1C1E202224260050
:1009B000154B186801225968FEF75EF801360135BB
:1009C000D5E7124BF5E7124BF3E7124BF1E7124B69
:1009D000EFE7124BEDE7124BEBE7124BE9E7124B57
:1009E000E7E7124BE5E7124BE3E7124BE1E7124B67
:1009F000DFE7C046416300204D020020E8010020EF
:100A0000F1010020CC000020E4000020240100209F
:100A10003C010020F40000203401002004010020EB
:100A2000FC0000202C010020EC0000200C01002024
:100A300014010020DC000020D400002010B5FFF7D6
:100A400009FE034B012218685968FEF715F810BD1E
:100A5000440100200120704710B506F007FB162363
:100A600003600120404210BD10B506F0FFFA1623C6
:100A70000360FEE770B50E0014000025A54201DBFF
:100A8000200070BD00E000BF70550135F6E770B57D
:100A90000E0014000025A54201DB200070BD705D32
:100AA00000E000BF0135F6E7012040427047802397
:100AB0009B0100204B607047012070470020704769
:100AC0000B490C4A0300521A0B4910B5086800285C
:100AD00001D10A4808600868C318934206D906F095
:100AE000C5FA0C2303600120404210BD0B60FCE7F7
:100AF00000040000009000203063002050680020B7
:100B00007047000070B5FDF7E8FC0E4C0E4D2060FC
:100B10002B780F280DD1002B01D10F2070BD0E2096
:100B2000FDF78AFB0E2323602B78002BF5D020687D
:100B3000F4E70E28F8D1002BEFD00130FDF77CFB55
:100B40000F23F0E71C020020D96400200F2802DDEB
:100B5000024B18787047024BC05CFBE7F0010020A5
:100B6000B7640020144A30B514680F2C23DC134BF3
:100B70001D78002D02D0092800DD0920104B1B78BC
:100B8000002B02D00923082802DC031E00DC01230D
:100B9000110034310978906B29400125082800DCC8
:100BA0000025294204D0984202DD5168013151608C
:100BB0009363044AA35430BD780A002042630020A6
:100BC000E9010020B764002070B50400FDF72CF99E
:100BD000FDF7E8F8FDF778FC164B17491870174B2E
:100BE0001B78002B04D1164B1B78002B04D0154921
:100BF0004822200006F067FA134B1B78002B09D01F
:100C0000012212490A70032B04D918001040134224
:100C100000D10870FFF776FF0500FFF797FF01226C
:100C20000B4B25601A7000220A4BA0631A7020003B
:100C3000226470BDEA010020A00100204163002071
:100C4000E801002058010020C8640020D964002079
:100C5000E901002042630020F0B5474D01212A78C8
:100C60000023170085B002914448454993422CDB8C
:100C7000FAF7C4FE05F070FE0023424C2364424B99
:100C80001B780193002B2ED023003C331B782A784D
:100C9000002B25D1236801339A4200DA9B1A0121E7
:100CA0003A4A236099543A4A13685B181360384CE7
:100CB0002A7823689A4206D10D220021304806F096
:100CC0006DF90023236005B0F0BDCC5C0133002C2E
:100CD00002D1C45C002C01D0013FC7E70293C5E7F5
:100CE0002C4B1B68DBE72C4B1B78002BDFD0244EF2
:100CF000002F35DD012F35D005F05EFE2B78190071
:100D00000293F7F783FB735C002BF5D1234B03931E
:100D10005B5C002B02D0019B002BEDD04B1C2360B1
:100D200001231B4F73543B68029A01333B609A4284
:100D3000BDDD05F041FE2978F7F768FB735C002BF9
:100D4000F7D1039B5B5C002B02D0019B002BF0D002
:100D50004B1C2364012373543B6801333B60A6E7BB
:100D60000193C9E7029B0A4A2360F318013B1F70F5
:100D7000136801339AE7C0464D02002051630020FA
:100D800045630020780A002041630020446300206E
:100D90003C63002038630020E801002052630020FB
:100DA000F0B5CD4C002123003E3385B019700123EE
:100DB00023630223FF33A38623000D223633C74863
:100DC0001970A187216406F0E9F8C54B1B780393DD
:100DD000002B00D108E1C34B00221B78002B00D16F
:100DE00000E18023DB05A261E3610022BE4BA2602B
:100DF000E3600022BD4B226163610022BC4BA26212
:100E0000E36203236360BB4B00221C685D68BA4B3E
:100E100020002900F7F72AFB002800D0FCE0200082
:100E200029000022B54BF9F7D9FFB54AB54BF9F7C0
:100E3000EFFC02000B000020B349F9F7CFFF0022BE
:100E4000B14B06000F00F7F711FB002801D0002678
:100E5000AD4FA14B1E625F62AC4B1B78002B43D0A1
:100E6000AB4B20001A685B682900F9F7B7FF0090C8
:100E70000191009B00221800019B5B005908A54BC3
:100E8000F7F7F4FA002803D000230024009301941C
:100E9000A14A138801339BB21380039B002B00D11E
:100EA000BDE09E4B00221C685D689D4B2000290020
:100EB000F8F7AEFC884E9B4BB062F1621A685B6833
:100EC00020002900F8F7A4FC002204000D00964B36
:100ED00000980199F9F79CFC02000B002000290002
:100EE000F9F77CFF30627162904B1B78002B00D1C8
:100EF000C3E0039B002B00D1B7E0FDF7C0FA002848
:100F000003D08B4B1B78002B07D08A4B07221D7810
:100F1000002389499D4200DD9EE001226E4B18604E
:100F2000864BC254864A1368013313600121854AF7
:100F3000694B117003225A6000223F331A70824BB2
:100F4000654C1B78002B06D023003E331B78002B0A
:100F500001D0012363602068FFF7F8FD226B63680E
:100F6000A0639A4203D12300012236331A70230072
:100F70003C331B78002B14D1744B1B78002B10D002
:100F80007349002208684968724BF7F75BFA00283A
:100F900007D0206A616A00226F4BF8F739FC2062A3
:100FA000616223003D331B78002B07D0206A616A01
:100FB0000022694BF8F72CFC20626162206A616AAA
:100FC0000022514BF7F752FA002803D000224E4B73
:100FD000226263620022614B1A70614B01321A7007
:100FE00005B0F0BD5F4BFEE65F4B1B78002B00D1D8
:100FF00009E780230022DB05A261E36100225B4B4D
:10100000A260E36000225A4B226163610022594BC7
:10101000A262E3620223F5E60020374901E7524B62
:101020001B78002B00D15FE73C4B00221C685D68F9
:101030003B4B20002900F8F7EBFB274E394BB06201
:10104000F1621A685B6820002900F8F7E1FB2C4A7E
:1010500004000D002B4B3BE7CE5C5C1C964202DC8F
:101060002000CA5CD2B2230054E73F4B1B78002B10
:1010700000D15BE7FFF7F0FD58E73F4B164C1B78BC
:101080002C4D002B00D081E0002082332360230010
:1010900001223A493C33A061E161002013491A70F2
:1010A000374B2061616119781300002906D0354B58
:1010B000197802230F392C2900D913006360FDF73A
:1010C00029FA314B2A7802301860904200DC36E76A
:1010D000801A186033E7C046780A00204563002074
:1010E0004163002034630020000059400000444068
:1010F00000908A403802002000488C400040854023
:101100009A9999999999E93F00608340DF6400209A
:10111000D00A0020000069408066002020020020E4
:1011200000206C40300200200000E03F906600206C
:10113000886600204D020020D40300204463002074
:101140003C630020B50A0020180200204363002001
:10115000200000200000144000004940E901002068
:10116000426300200000F03FE801002000003E4004
:101170000000544000E085408B66002000000840DD
:101180008C660020D90A0020386300202300012249
:101190003E331A70FDF7BEF92B780130206098427B
:1011A00001DDC01A2060FFF757FDC8E610B50D221B
:1011B0002821034805F0F2FEFCF716FE10BDC046DC
:1011C0006C63002010B568220021034805F0E6FE9C
:1011D000FCF7BEFD10BDC0468063002010B568223C
:1011E0000021034805F0DAFEFCF788FD10BDC0467B
:1011F000E863002010B50D22FF21034805F0CEFE64
:10120000FCF702FE10BDC0465F63002010B502204F
:10121000FCF728FF0222014B1A6010BDEC010020F0
:10122000F8B50C684D68066847682B00220030004E
:101230003900F7F707F903000120002B08D12B0034
:10124000220030003900F7F711F9431E984140425F
:10125000F8BD0000F0B5C24B91B01B78029003912D
:10126000002B00D18DE0BF4ABF4B116B18780139BC
:10127000BE4BC9005B18002800D152E102980399C7
:1012800018605960130035331B78002B02D10121FF
:10129000B74B1970130036331B78002B71D053688D
:1012A00000240493B34B00261B7800275A42534175
:1012B000049A9B18043B1D000E93AC4B0A93049BAD
:1012C0009D4200DA32E1AC4B002C00DCE7E1002269
:1012D00020001A70FAF7EAF90690079102000B0055
:1012E00030003900F8F75AFE002600270C900D91C7
:1012F0000E9C9E4D049B9C4200DA77E1069A079B68
:1013000030003900F8F74AFE06F054FD00230026AD
:10131000002706930A900B91944B0F930E9B049A0F
:10132000934200DA84E10698FAF7C0F902000B0054
:1013300030003900F8F732FE06000F008F4B904D59
:101340001C78904B2E606F601B785BB2022B00DD27
:10135000DBE101228C4B1A70002C12D08B4D8C4C8F
:101360002B78002B00D1B7E1002230003900894BE7
:10137000F7F768F8002800D1AEE1002301222B70B6
:101380002270854B1B78002B00D1C8E0834B754A37
:101390001B78002B4FD1824B1B78002B4BD0814BFD
:1013A0001B78002B47D112687F4B013AD2009B1863
:1013B0001C685D680022002320002900F7F756F81A
:1013C000002838D0794B1B8818000E93FAF76EF975
:1013D00000220F000600764B20002900F9F718FACA
:1013E00002000B0030003900F7F72CF8714F00288D
:1013F00007D00022200029006F4BF7F741F80028A2
:101400000CD10E9B042B00D9A3E10022200029005F
:101410006A4BF7F735F8002800D19AE100223B68C3
:1014200001333B605E4B1A70654B1A70654A138836
:10143000C8339BB213805F4A1368042B0BDD012174
:10144000614B002019700023002113605F4B18606E
:101450005960FFF7B7FE514B1B78002B00D17AE1A2
:101460004E4B404D1B780E93002B1CD14C492B6BDF
:101470002A680878013B5649013ADB004A4CD20001
:10148000CB18002800D1D7E1029803991860596061
:10149000504BA4189B1818605960444B1888FAF7F1
:1014A00033F9206061602B0036331B78002B36D077
:1014B0002B003D331B78002B03D0344B1B78002BC3
:1014C0001ED100246B680693434B1B78A34201D1C5
:1014D000069B9C1E0025002600273D4B0893069B7B
:1014E0009C4200DAB2E1002D0ADD2800FAF7DEF8AE
:1014F00002000B0030003900F8F750FD0290039114
:10150000274B1B78002B0AD00E9B002B07D102998A
:10151000039A324B19605A600122314B1A7011B094
:10152000F0BD3048304918605960B3E60A9AEB00C4
:101530009B181A685B680692079306980799294AD0
:10154000294BF6F77FFF002808D0069A079B30004A
:101550003900F8F75DF906000F0001340135AEE6F9
:10156000E9010020780A0020ED0300200865002032
:10157000E2640020D964002044020020406300207F
:1015800038020020B3650020B1650020E80100208A
:10159000416300200070874042630020B40A0020AD
:1015A000FD0300208C66002080630020460A002096
:1015B0000000D03FCC6400200000444000003440D4
:1015C000FC0300207E660020E1640020C8030020A8
:1015D000E8640020E86300201802002030020020A8
:1015E000CA6400200000C0FFFFFFDF41E3005B1979
:1015F0001A685B680A920B930A980B99B04AB14B30
:10160000F6F720FF002811D00C9A0D9B0A980B9931
:10161000F9F7E4FB02000B00F9F7FAF802000B00FF
:1016200030003900F8F7F4F806000F00013461E6E5
:101630000E9B0F9ADB009B181C685D68A04A200077
:101640002900A04BF6F7FEFE002824D00C9A0D9B33
:1016500020002900F9F7C2FB4B005B0808900993B2
:10166000089A099B0A980B99F6F70AFF002807D1F8
:10167000089809990022944BF6F7E4FE00280AD056
:10168000069B300001333900069322002B00F8F747
:10169000BFF806000F000E9B01330E933EE68B4A07
:1016A000146855688A4A1278002A04D000221A70F9
:1016B00026002F0042E601221A70864B00221E6887
:1016C0005F68002330003900F6F7D0FE0028EFD025
:1016D0000122814B1A7031E62378002B00D150E6AD
:1016E0000022300039007D4BF6F7CAFE002800D1F9
:1016F00047E60023022001222370794B2A701860EC
:10170000784B1A70FCF7AEFC3BE6774B1B780E93D8
:10171000002B00D1B4E00022300039006F4BF6F707
:1017200091FE00280CD06B4B00221E685F686B4B4B
:1017300030003900F6F7A4FE002801D02E606F605B
:10174000002C00D09FE0B2E00E9B002B00D118E6E9
:10175000ADE000233B60654C2378002B04D1644B43
:101760001B78002B00D17BE6624B1B78002B04D149
:10177000614B1B78002B00D072E6604B1B78002B6E
:1017800004D15F4B1B78002B00D169E602980399C6
:101790005C4B1A685B68F9F721FB4B005908002283
:1017A000594BF6F763FE594B002819D01A680132DD
:1017B0001A600023564A23701370564A13889133D7
:1017C000FF339BB2138051490B68032B00DC47E6C3
:1017D0000122464B1A7000230B604F4B1A703FE6F4
:1017E000434A1278002AEED04B4A1278002AEAD1F6
:1017F00001211A602170FAF79BFA484C484D226982
:101800006369206C616C2E686F6800960197FBF726
:101810008FF802000B00A260E36042494248097859
:101820000029D0D001003D3109780068FAF7D8FCD2
:10183000803420606160C6E721482249A4181860FE
:10184000596000220023226063602CE6089AE300BE
:101850009B181A685B680492059304980599184AC6
:10186000184BF6F7EFFD002808D0049A059B3000CE
:101870003900F7F7CDFF06000F00013501342EE6E1
:10188000002C00D17DE5294C2378002B00D15BE7AB
:101890002349002208684968104BF6F7F1FD00283B
:1018A00000D151E70122104B1A7000232370204B06
:1018B0001B78002B00D064E501221E4B1A7060E5F6
:1018C0000000C0FFFFFFDF410000244008020020AD
:1018D000C9640020D00A0020B06500200070874055
:1018E000EC01002044630020E8010020FD030020FB
:1018F000D00300208C660020D1030020DF6400208C
:10190000E36400203002002000004940D064002041
:10191000FC0300207E660020CA640020D00900205D
:1019200038020020B70A0020780A00204163002016
:1019300044020020B16500200020094B10B51C783E
:10194000084B844205D018780130C0B2FF2800D17E
:1019500002381870FCF777FC2000FCF766FC10BD1D
:1019600044020020C8640020F0B51E007C4B7D4C72
:101970001F7887B002900391256B002F00D121E1E1
:10198000A068E1680022784BF8F742FFA269E3699A
:10199000F7F73EFFF6F71EFE744B80B21880744BCB
:1019A000744A1B78032D1FD1002B0BD080210020FF
:1019B000C905A061E16100206F49A060E1600020DD
:1019C0006E4908706E4811780078002832D00029DE
:1019D0005DD000206B49A062E16200220220A91EB6
:1019E00088425241D1B228E0002B21D0052D0CD1E4
:1019F0006549097849B20529E4D100206349644E5C
:101A00002062616230607160DCE7042DDAD0062D5F
:101A100009D15D49097849B20629D3D100205D4931
:101A200020616161CEE7032DCCDC002053490870B2
:101A3000012DC7DC11780029CFD1002B2DD1504BBF
:101A40001B78002B18D0002916D0A06AE16A00226A
:101A5000514BF8F7DDFE029A039BF7F7D9FE4C4B8A
:101A6000206261621E685F6832003B00F6F7FEFC90
:101A7000002801D026626762230036331B78002BD2
:101A800012D0FFF759FFFFF78BF907B0F0BD002B1D
:101A9000D5D00022414BA262E36200220223023D24
:101AA000AB425241D1B2CAE7FFF72CF820603C4B61
:101AB0001B78002B00D19CE23A4B2A4D1B78002B5F
:101AC00000D196E22B00012435331C700023220044
:101AD0001900FA202C63FCF7EEFB431E9841324AB2
:101AE000324B1278C0B21870002A04D02A003E325D
:101AF0001178002912D11B780324002B0ED02B0063
:101B00003C331B78002B09D0294B1B78002B05D1C7
:101B1000284B07341B78002B00D0073C2B6B6C60E4
:101B2000A34200DA61E201221E4B1A700D4C2068BC
:101B3000FFF70CF81A4BA0631B78002BA5D01E4BA7
:101B40001B78002BA1D009289FD11C4B1868A063DB
:101B5000FFF708F81A4A13880A339BB2138094E7F8
:101B6000E9010020780A0020000024407C66002063
:101B7000E80100204163002000003E40C9640020CD
:101B8000E264002000407F40B36500200050944094
:101B90000002002000C072400000E03F00E08540ED
:101BA00042630020AE0A002018020020DC640020FE
:101BB0008C660020D90A0020DB640020100200207F
:101BC0007E660020C14B1B780593002B00D110E2EC
:101BD000A068E168E569A469BD4B1B78002B00D1C2
:101BE000FBE022002B00F7F713FEF6F7F3FC0021D1
:101BF000B84B80B2B84A1880B84B11701A003C320A
:101C000012788A4200D137001A68B549013A8A5CD5
:101C1000D2B201921A003D321278002A0AD0002F67
:101C200000D0DFE01A0036321278002A00D0D9E066
:101C3000FFF712F8AB4BA94C1B78002B00D0ECE05F
:101C4000002F14D0019B032B00D9EDE0A04B1B7893
:101C5000002B00D1DBE0A449002208684968A34BAF
:101C6000F7F7D6FDA062E16201229E4B1A70A04BED
:101C7000A04D1B68042B08DC2B780493002B04D1A7
:101C8000002F19D0019B032B16D8914B1B78002BEA
:101C900000D1CEE0029A039B9349904E08684968B0
:101CA000F7F7B6FD306271620023934A2B70136020
:101CB0008F4A1360059B049336342378002B00D1A0
:101CC000E8E00C9B1B68042B03DC8C4B1B78002B7F
:101CD0004AD08B4B00221C685D688A4B200029008B
:101CE000F6F7C4FB002801D00024864D0022200016
:101CF0002900854BF9F772F8844A854BF8F788FD7F
:101D000002000B0000208349F9F768F80022814B9C
:101D100004000D00F6F7AAFB002801D000247D4D39
:101D20006B4A6E4B12781C625D62002A00D186E01D
:101D3000002079499862D96200230C9A694D13609A
:101D40006E4A1370754B1B78002B02D02B78002B3A
:101D50000AD1734C2678F9F7EBFF0023714A2B70F8
:101D600013702670FCF72CF96F4B5C4C1B78002B22
:101D70006DD06E4B1B78002B69D08223236000232B
:101D8000002223640133A387694BA261E36100222F
:101D9000684B22616361684B504C1B78002B0ED05E
:101DA000664B1B78002B0AD1049B002B07D0206ABE
:101DB000616A0022624BF7F72BFD20626162206AA4
:101DC000616A0022534BF6F751FB002800D16EE602
:101DD0000022504B2262636269E60022594BF8F7F9
:101DE00017FDFEE6012236331A70574B0299039A0B
:101DF00019605A60FCF78EFB544A554B127801303B
:101E00001860904200DC15E7801A186012E7514B09
:101E10001B78002B00D01EE726E7002F00D126E715
:101E2000019B032B00D822E7314A1368013313606A
:101E30001DE7484B1B78002B00D02BE734E7454AC1
:101E40001278002A00D177E70020434972E7260084
:101E5000424B3E361D78002D00D18BE0FEF7FCFE94
:101E600000233E4A137001333370194B1B78002B4B
:101E70001CD03B4B00221B78002B15D08023DB05A8
:101E8000A261E3610022374BA260E3600022294B8C
:101E900022616361244A314B12781B78002A6FD08B
:101EA000002B00D077E77CE02F4BE9E7294B1B782C
:101EB000002BEFD080230022DB05A261E36100222A
:101EC0002A4BA260E3600022294BE1E74263002035
:101ED000416300207C660020AC0A0020780A0020C4
:101EE000D4030020E36400202002002000206C4086
:101EF000D4640020F5030020F8030020E1640020F2
:101F00003802002000488C40004085409A999999F9
:101F10009999E93F0060834000908A408C660020D8
:101F2000D1030020DF640020B50A00209066002065
:101F300000000840000044408B660020D80A0020C2
:101F40000000494000002440300200204D020020E3
:101F500038630020E801002000E08540B40A00203A
:101F600034630020000059400000F03F00003E4074
:101F700000005440FEF770FE01233D34337025709D
:101F8000224A234B1278002A00D004E71A00363286
:101F90001278002A02D1196B022924D101223F3381
:101FA0001A701C4B1A4E1B78346A756A002B00D1CC
:101FB000F1E61949002208684968184BF6F742FA19
:101FC000002800D1E7E6002F00D1E4E6019B032BB7
:101FD00000D9E0E6002220002900114BF7F718FC99
:101FE00030627162D7E63F33DAE7002236352A7075
:101FF0009CE50021064B0B4A11701A6B01321A63E3
:102000005B689A4200DB8EE590E5C046B40A00208A
:10201000780A0020436300202000002000001440C4
:1020200000004940AD0A0020F0B50026040035004C
:10203000394F9FB0F31904AA18685968B31818608B
:10204000596000220023F6F7F7F943425841083659
:102050002D18682EEED1002D42DD08222F4B0D21C8
:1020600004A804F01FFD6B10DA00ED073AD5130049
:1020700004AA9B181A685B68009201930099019A60
:10208000274B19605A60002C2AD00025224B254C82
:102090000393039B0022EB181E685F680023300047
:1020A0003900F6F7C9F9002814D1009801993200D7
:1020B0003B00F8F793FE22686368F7F7A9FB060078
:1020C0000F00F9F7B7FAC317C018584014281EDCE0
:1020D0002660676008350834682DDAD1FBF7E6FD25
:1020E0001FB0F0BD013B04A9DB005B181900130011
:1020F0000868496804AA9B181A685B68F7F788FBA8
:102100000022094BF8F784FB00900191B6E700220A
:10211000002322606360DDE7E863002021120108EC
:1021200028020020506400200000E03FF0B585B098
:102130000400FEF785FAFEF781FC0A2002F026FA79
:10214000022C1CD1FEF772FAFA20800002F01EFA6F
:10215000F9F75EFC002704001B4EFA2120008900DD
:10216000F6F76EF8BB1BD917184D194A5B184B4090
:1021700028801380FEF76EFA200005B0F0BDFA2328
:102180000024002500279B000F4E0193F9F736FC31
:10219000C31702900393029A039BA4185D418642E1
:1021A00000DD0600874200DA0700019B013B019336
:1021B000002BEBD1FA222000002329009200F6F731
:1021C000A3F90400C9E7C046FFFFFF006A650020CD
:1021D00068650020F0B5012700253E0097B0039008
:1021E0000C22574907A804F06EFF0AAB0193009731
:1021F000ACB22000C53080B2FCF7AEFA019B18707B
:102200002000D13080B2FCF7A7FA242204AB1534A9
:102210009B18FF3458550290A0B2FCF79DFA019A22
:102220000299127810ABE854914200D081E0029AF2
:10223000904207D00026370004E00026029A00965C
:102240008242F8D1019A0135013201920C2DCFD191
:10225000242104AA521812781B780AAD13402A7858
:1022600013ACFF2A06D0FF2B06D12800FBF763FC36
:10227000002701E0FF2B55D0009B002B56D1002EEC
:1022800054D1002F52D00DAB23CB23C40398F9F7C0
:102290000DFA00222B4BF8F7A1FD00222A4BF7F78D
:1022A0007DFE04000D00139B04A80493149B0421DD
:1022B0000593159B069301F03FFA05A8042101F050
:1022C0003BFA06A8042101F037FA22002B00200077
:1022D0002900F8F79DFA060004980F00F9F738FA7C
:1022E00002000B0030003900F8F792FA060005985A
:1022F0000F00F9F72DFA22002B00F8F789FA0200F7
:102300000B0030003900F7F783FA040006980D003F
:10231000F9F71EFA02000B0020002900F7F778FAFF
:1023200017B0F0BD07AD2800FBF705FC07CD07C4CB
:10233000ACE7904200D080E700221700009281E7CE
:10234000D886010830C0594180F1FAC0F8B505239C
:102350005B425843F9F7AAF90022264BF8F758FADE
:102360000022254C254B20606160A260E3600022C2
:102370008025234B2D0622616361A668E7682269E8
:10238000636979193000F7F709FEA061E1612068FF
:102390006168A269E369F7F701FE20626162194A88
:1023A000206A616A184BF8F719FD184A184BF7F7BD
:1023B000F5FDA062E1620022A06AE16A154BF7F721
:1023C000EDFD05F0C1FC144A144BF7F721FA0200A9
:1023D0000B0000201249F7F7E1FD20636163114A09
:1023E000206B616B104BF8F7F9FCA063E163A06B05
:1023F000E16BF8BD0000703E7065002000230E41C7
:1024000060301F41FCA9F1D24D62E03F1AB5F2C81D
:10241000C588DF3E006AF840F86F702FADFA2B4098
:10242000004BB0406666666666127140012200216C
:10243000044B1A705A709A709971D97019715A7147
:102440007047C046D065002070B5FFF7EFFF474BDF
:10245000474C1B78002B00D185E0464B1B78002BA6
:1024600000D180E00323002500222381424BA38179
:10247000424B6581E58125826582A582E5822583BF
:102480006583A58322626362A262E36200223C4B01
:102490002263636300223B4BA263E36300223A4B57
:1024A000226463640022394BA264E3640022384B47
:1024B0002265636500220023A265E36522666366E8
:1024C000A266E36622676367230078331D802300DA
:1024D0007A331D8023007C331D80230022007E334D
:1024E0001D8001238032137022008132137022007C
:1024F00082321570220083321370264A1570264AE4
:102500001570264A1370264B1D70264B1D70264BE6
:102510001D60FBF7EBFF254B1870254B1D70254BFD
:102520001D70254B1D70254B1D70254B1D70254BB7
:102530001D70254B1D70230088331D6023008C33D4
:102540001D6023009A3498331D802580FEF778F8AB
:102550001E4B1F4819685A68FAF76CFBF9F732FAF4
:10256000FEF778F870BD05237DE7C0463463002090
:10257000D06500204163002024F4FFFF00F8914063
:1025800000E0854000207C400000544000004440B2
:102590000000F03FB3650020B26500204C0200202F
:1025A0008F660020DA0A00203C630020C864002007
:1025B000E0640020C9640020E3640020E26400209D
:1025C000DA640020DB640020B065002044000020B5
:1025D000B465002010B5144C6378002B14D0FCF7C0
:1025E00047FE1020FCF7E8FDE18A102089B2FCF7D5
:1025F00005FE10200021FCF71DFEFCF737FE00232E
:1026000010206370FCF7B2FDF9F712FA22002300E4
:10261000001280B28432108088339A34196823887B
:1026200012885B00CA5210BDD065002070B5204CE6
:10263000A378002B14D0FCF71BFE1120FCF7BCFD87
:10264000218B112089B2FCF7D9FD11200021FCF764
:10265000F1FDFCF70BFE00231120A370FCF786FDB3
:10266000F9F7E6F92300220025000012843380B236
:1026700018809A358C3211682A881888520088523E
:102680001888230088331A682B8890345B009B5A83
:102690002668C01AC317C0185840F7F723F82C88CB
:1026A000A40030512B8801339BB22B8070BDC046F3
:1026B000D065002010B5FCF7DBFD0620FCF756FDC9
:1026C000FCF7D4FD0122024B9A7100225A8110BD01
:1026D000D065002010B5FCF7CBFD0720FCF746FDC8
:1026E0000E20FCF743FD1020FCF740FD1120FCF705
:1026F0003DFDFCF7BBFD0122014BDA7010BDC04669
:10270000D0650020F8B502000B0000201F49F7F744
:1027100045FCF8F78FFF0500F8F7C8FF02000B0033
:1027200006000F00F7F774F8F5F754FF184C80B265
:10273000E081E389A8B29BB22382E3899BB26382E2
:10274000ABB2A382E3899BB2E382E3899BB223838A
:10275000F8F7ACFF0F4A104BF8F75AF8F5F73AFFC5
:102760000C4A0D4B85B239003000F8F751F8F5F7F7
:1027700031FF80B2F8F79AFF32003B00F7F748F8D4
:10278000F5F728FF80B26583A083F8BD8084EE4012
:10279000D06500205C8FC2F5285CEF3F10B5174C68
:1027A000E378002B01D1FFF795FFFCF761FD218A4B
:1027B000072089B2FCF722FDA18A0E2089B2FCF71E
:1027C0001DFD618B102089B2FCF718FDA18B112033
:1027D00089B2FCF713FD00210720FCF72BFD002137
:1027E0000E20FCF727FD00211020FCF723FD00211F
:1027F0001120FCF71FFDFCF739FD10BDD06500204E
:1028000010B50C4C638901339BB2638162892389C3
:102810009A4203D2084B1B78002B0AD1FCF728FD03
:102820000620FCF7C9FCFCF721FD0023A371FFF78C
:10283000B5FF10BDD06500204C020020014B187977
:10284000C0B27047D065002010B5154B154C186A02
:10285000596A20626162986AD96A20636163186963
:1028600059699A69DB692064616422656365206A3D
:10287000616A226B636BF8F7B1FAA063E163206AC7
:10288000616A226D636DF6F7C3FFA062E162002208
:10289000206C616C044BF7F7BBFFA064E16410BDD2
:1028A000780A0020D06500200000E03F10B5104CF1
:1028B00010492300783308881A88904207D01A8874
:1028C0000D4892B20A80198889B2FAF7E1F922001C
:1028D0007A347E3211882388994207D023880648AB
:1028E0009BB21380218889B2FAF7E2F910BDC04685
:1028F000D06500204C660020B46500200022F8B5A9
:10290000614B624C1A8023007A331A80FFF7CEFFA6
:10291000FDF732FE5E4B5F4D1F785F4E002F2BD0D0
:102920002B0036331878FEF70FF83378002B46D09B
:10293000A26AE36AA265E3650022A06DE16D574BD0
:10294000F7F766FFF5F746FE230080B2783318806C
:102950000022002322666366230000227A331A8055
:10296000FFF7A4FFA86B092847D8F5F7CBFB445B1A
:1029700060656A6F747B8289494B1B78002B0CD091
:1029800028680121C0B2FDF78BFF286C0028CCD04D
:102990003900C0B2FDF784FFC7E73378002BDFD0E2
:1029A000404B1F78002F06D101210F20FDF778FF43
:1029B00039000E20EEE728680121C0B2EAE7384A64
:1029C0001278002ACCD0002000212200A065E16509
:1029D00078321380A26AE36A226663662F4B002274
:1029E000206E616EF7F714FFF5F7F4FD230080B257
:1029F0007A331880B4E7FDF723FEA379002B01D1C9
:102A0000FFF758FEFCF734FCA189062089B2FCF7D9
:102A1000F5FB00210620FCF70DFCFCF727FC012349
:102A20002371F8BDFDF70CFEFDF7B0FDE5E7FDF7FE
:102A300007FEFDF7BFFDE0E7FDF702FEFDF7A6FD8F
:102A4000F7E7FDF7FDFDFDF7C9FDD6E7FDF7F8FD5A
:102A5000FDF7B0FDF7E7FDF7F3FDFDF797FDFDF797
:102A6000D1FDCAE7FDF7ECFDFDF790FDFDF7A2FDF6
:102A7000F5E7FDF7E5FDFDF789FDFDF7AFFDEEE7B5
:102A8000FDF7D4FDB9E7C04648660020D0650020B8
:102A9000B40A0020780A0020E901002000403A40F2
:102AA00042630020D964002010B5FCF7E1FB00214F
:102AB0000620FCF7BFFB00210720FCF7BBFB002131
:102AC0000E20FCF7B7FB00211020FCF7B3FB002120
:102AD0001120FCF7AFFB0620FCF76EFB0720FCF78C
:102AE0006BFB0E20FCF768FB1020FCF765FB112048
:102AF000FCF762FBFCF7BAFBFFF798FCFDF7A0FDC3
:102B00000022034B1A80034B1A80FFF7CFFE10BD43
:102B1000486600204A660020F8B5914C6379DFB220
:102B2000002B00D1D8E000276771A06AE16A226D0E
:102B3000636DF8F753F92300A062E1629433A06A51
:102B4000E16A1E6823009A331D88F8F749FEAD003C
:102B50007051A06AE16AA26BE36B2500F5F77CFC7B
:102B600001268335B84200D18EE0230082331E70E7
:102B7000A06AE16AA26BE36BF5F764FCB84200D18E
:102B800082E0FFF791FF774B2F701B78BB421AD082
:102B9000754B1B78BB4216D000220023A265E3656B
:102BA000230078331F80FFF781FE704B1B78BB42F8
:102BB00000D167E06E4B1B78BB4200D162E0FA2087
:102BC000400001F0E3FC052001F0E0FCFDF742FDD0
:102BD000230083331B78002B27D0664B1B78002BF8
:102BE00023D0A06AE16A226A636A2500F5F724FC13
:102BF0007A3500284AD0A06AE16AA26CE36CF6F745
:102C000007FEA065E1650022A06DE16D5A4BF7F764
:102C1000FFFDF5F7DFFC230080B278331880002237
:102C200000232266636600232B80230083331B78F6
:102C3000002B26D04B4B1B78002B22D0A06AE16AD8
:102C4000226A636A2500F5F7F7FB7835002830D053
:102C500000220023A265E36500232B80A06AE16ABD
:102C6000A26CE36CF6F7D4FD206661660022206E4C
:102C7000616E414BF7F7CCFDF5F7ACFC7A3480B2CE
:102C80002080F8BD3D489CE72E70A1E7206E616E64
:102C9000226D636DF6F7BCFD206661660022206E32
:102CA000616E354BF7F7B4FDF5F794FC80B22880E0
:102CB000BBE7A06DE16D226D636DF6F7A9FDA06520
:102CC000E165A06DE16D00222B4BF7F7A1FDF5F753
:102CD00081FC80B22880D4E701236371254B1E78E4
:102CE000002E1CD0A06AE16A226A636A2500F5F70B
:102CF000A3FB7A35002809D0230080331F70226C93
:102D0000636C22676367206F616FDCE7206F616F20
:102D1000226D636DF6F77CFD20676167F3E7114B69
:102D20001B78002BADD0A06AE16A226A636A250095
:102D3000F5F782FB7835002809D0230080331E7018
:102D4000226C636CA266E366A06EE16EBBE7A06EC8
:102D5000E16E226D636DF6F75BFDA066E166F3E759
:102D6000D065002042630020AE0A002034630020BA
:102D700041630020E901002000403A40C4090000FE
:102D8000054B10B51B78002B01D1FFF78DFEFFF727
:102D9000C3FEFFF78BFD10BD4C02002010B50F4C99
:102DA0002378002B14D0FCF763FA0E20FCF704FA0A
:102DB000618A0E2089B2FCF721FA0E200021FCF76F
:102DC00039FAFCF753FA00230E202370FCF7CEF9F2
:102DD000FFF7A2FEFFF76AFD10BDC046D0650020D8
:102DE00070B5040004A80588094E0A483460040040
:102DF0008C342160010090310A600200943213602B
:102E0000030098331D8000239A30038070BDC046B4
:102E100058660020D0650020F8B51F4B1C78002CA8
:102E20002AD01E4B14241B78002B00D050341C4F8A
:102E3000012238687968FBF71FFE1A4E01223068BC
:102E40007168FBF719FE184D002228686968FBF7C6
:102E500013FE200001F09AFB386801227968FBF725
:102E60000BFE306800227168FBF706FE286800221E
:102E70006968FBF701FEF8BD0C4B1B78002BD6D020
:102E8000064B1C7863425C41094B64421C40FA23A8
:102E90009B00E418CBE7C046416300209066002009
:102EA00074000020840000206C000020E801002055
:102EB0004AFCFFFF1C4BD0B51A6806000F00012A20
:102EC00000D01B68FDF76AFC184C00212000F9F7C0
:102ED000DFFE0022164B30003900F6F799FC154B47
:102EE0000022F7F795FCF5F775FB81B22000F9F7A2
:102EF000DFFE114801F04AFB00212000F9F7C8FE6F
:102F000000212000F9F7D4FEFDF7A4FB0B4B1B7842
:102F1000002B07D001220A4BF5201A701978C9B28C
:102F2000FBF738FCD0BDC04648020020B465002045
:102F300000206C4000403A40B80B0000DE640020E6
:102F4000DD640020F0B5444B87B01E78002E00D021
:102F500078E0424A1278002A00D077E01600019209
:102F6000FDF7FEFAF8F72EFD3D4A3E4B0092196838
:102F700000985A68F9F75EFEFDF7EEFB0021009815
:102F8000F9F786FEFA2700210098F9F791FE002450
:102F900000257F00F8F732FDC31702900393013F2D
:102FA000029A039BA4185D41002FF3D1FA2200235B
:102FB000520020002900F5F7A7FA3100050000981B
:102FC000F9F766FEFA2401990098F9F771FE0026D8
:102FD00000276400F8F712FDC31704900593013C25
:102FE000049A059BB6185F41002CF3D1210000988C
:102FF000F9F74EFE21000098F9F75AFEFDF7C2FBE3
:10300000FA20400001F0C2FAFA22002352003000F8
:103010003900F5F779FA451BEB17ED185D402800EC
:10302000F8F744FB0022104BF6F7B8FFF5F7D2FA99
:103030000E4E0F4A0F4B3060954209DD012018708B
:1030400007B0F0BD00230C4E019389E70A4BFBE764
:1030500002201C70F4E7C046E90100204263002012
:10306000B46500204400002000408F4084660020AA
:10307000102700008E66002045330000282210B57E
:103080000021054803F08AFF0022044BDA725A71CE
:103090005A729A7210BDC04694660020B80500208E
:1030A000F8B505000024FBF783FF80260227285D82
:1030B000FBF788FF002C05D10E4B220018685968D9
:1030C000FBF7DAFC0C4B9A683242FCD09A683A4221
:1030D000FCD09A683242FCD1002C07D1054B01226A
:1030E00018685968FBF7C8FC0134E0E701340C2C80
:1030F000DDD1F8BDA400002000300140F0B589B05A
:1031000002920393029B01901800039B00225B0034
:1031100059082F4BF7F77CFB0023002206920793F8
:1031200006AA04000D0003F0D7FF2A4A2A4BF5F740
:103130009DF9002807D0069807990022274BF6F73B
:1031400067FB04000D0029002000F8F773FA0A213C
:103150000600F5F775F86421C4B23000F5F770F891
:103160000A27FA21C3B204937B43E31A7C431B0171
:10317000341B1C19E3B2890030000593F5F760F8A1
:103180001749C5B23000F5F75BF83B00C4B26343A2
:10319000EB1A7D43049A1B01551B124930005D193F
:1031A000F5F74EF8474302980399E41B00220023E9
:1031B000EDB2E4B2F5F746F9002801D0103CE4B2D4
:1031C000019B059A5D709A701C7009B0F0BDC046F5
:1031D00000002440CDCCCCCCCCCCEC3F0000F03F68
:1031E00010270000A0860100F0B51C0085B0630028
:1031F000019059081000234B0022F7F709FB002328
:1032000000220292039302AA04000D0003F064FF5F
:103210001D4A1E4BF5F72AF9002807D0029803999A
:1032200000221B4BF6F7F4FA04000D0029002000E1
:10323000F8F700FA0A210500F5F702F80A27C4B2E8
:1032400064212800F4F7FCFF3B00FA21C6B2734367
:10325000E31A7C431B012C1B1C19019B28005C708A
:103260008900F4F7EDFF0B49C4B22800F4F7E8FF3A
:1032700078436743201A019BF61B000180191870E0
:1032800005B0F0BD00002440CDCCCCCCCCCCEC3F84
:103290000000F03F10270000F0B58BB0039310AB97
:1032A000029204CB07AC1F8812AB1B7800900191EF
:1032B000049200210C222000059303F06FFE7BBADC
:1032C000200063800025FFF7EBFE07ACAF4218DC5F
:1032D0000C220021200003F061FE059A2B23002A16
:1032E00000D004332000E37023716371FFF7D8FE30
:1032F000174B18685968FBF7C4FB0028F8D10BB0CE
:10330000F0BDF0232370049BAE009859F8F720FA23
:103310000B0006A90200481DFFF7F0FE009B6A00A3
:103320009B5A01355BBAA380019B9B5A5BBAE38031
:10333000029B9859F5F736F9039B40BA20819859BA
:10334000F5F730F940BA60812000FFF7A9FEBCE72D
:103350009C00002070B50024044D2E78285DFBF7FA
:103360000FFE230001349E42F8DA70BD94660020FF
:1033700070B50E4C0E4DE37928000233DBB2237298
:10338000E3792B70E179E679C9B2F9F72FFCF6B24F
:10339000A855E679F9F732FCF6B2AE197070217AC9
:1033A0002800C9B2FBF7F8FD70BDC046B805002083
:1033B000BC66002010B50B4A0B4B517859709178C0
:1033C0009970D278DA7053221A7101325A71073A21
:1033D0009A714C3ADA71054B0732DA71FFF7C8FF80
:1033E00010BDC04694660020BC660020B8050020D1
:1033F0000C22064B10B506485A70FAF796FE0822C2
:10340000044BDA71FFF7B4FF10BDC046BC66002064
:10341000BE660020B80500200722064B10B50648FE
:103420005A70FAF7B9FB1222044BDA71FFF7A0FFCA
:1034300010BDC046BC660020BE660020B805002056
:103440000822064B10B506485A70FAF7E7FB12221D
:10345000044BDA71FFF78CFF10BDC046BC6600203C
:10346000BE660020B805002013226F210D4B10B559
:103470005A702E329A700D32DA700C3A1A7111327B
:103480005A7112329A710932DA7159720532033166
:103490001A72DA729972044B673ADA71FFF768FFB1
:1034A00010BDC046BC660020B8050020052310B53D
:1034B000054C6370FAF72BFF0322044BA070DA71FE
:1034C000FFF756FF10BDC046BC660020B8050020BF
:1034D0002E2310B5054C6370FBF712F80322044B42
:1034E000A070DA71FFF744FF10BDC046BC66002033
:1034F000B80500200B2310B5054C6370FAF71FFFC9
:103500000322044BA070DA71FFF732FF10BDC046F2
:10351000BC660020B8050020062310B5054C63707A
:10352000FAF705FF0322044BA070DA71FFF720FFC2
:1035300010BDC046BC660020B80500200A2310B5A7
:10354000064C6370FAF7EAFA0422030AA370044BEC
:10355000E070DA71FFF70CFF10BDC046BC660020BA
:10356000B8050020092310B5054C6370FAF7D7FEA3
:103570000322044BA070DA71FFF7FAFE10BDC046BB
:10358000BC660020B8050020142330B585B0104C6F
:1035900001AD0C2228000F49637003F094FD002256
:1035A0000223A95C080020385E2801D8E1540133C9
:1035B00001320C2AF5D1102B02DC0132E254013326
:1035C000054ADBB2D371FFF7D3FE05B030BDC0466C
:1035D000BC66002000880108B8050020152310B53E
:1035E000054C6370FAF74BFB0322044BA070DA71B1
:1035F000FFF7BEFE10BDC046BC660020B805002027
:1036000010B5024B9878FAF733FB10BD9466002092
:103610000D2310B5064C6370FAF7A1FEA070FAF7FF
:10362000A6FE0422034BE070DA71FFF7A1FE10BD85
:10363000BC660020B80500201B2310B5054C637044
:10364000FAF785FE0322044BA070DA71FFF790FEB3
:1036500010BDC046BC660020B8050020172310B579
:10366000054C6370FAF78BFE0322044BA070DA71ED
:10367000FFF77EFE10BDC046BC660020B8050020E6
:103680000222054B10B55A7000229A70034B033288
:10369000DA71FFF76DFE10BDBC660020B805002092
:1036A000122310B5094C6370FAF729FE084BA0707D
:1036B000012805D118740322DA71FFF759FE10BDF5
:1036C0000228F8D100221A74F5E7C046BC66002033
:1036D000B80500201D2310B5094C6370FAF7DBFA1A
:1036E000084BA070012805D158740322DA71FFF746
:1036F0003FFE10BD0228F8D100225A74F5E7C046FB
:10370000BC660020B805002070B518220125054BC5
:10371000054C9D705A700323E371FFF729FE257154
:1037200070BDC046BC660020B8050020014B186083
:103730007047C046FC660020002370B5CA0F5218BF
:1037400052100139934200DB70BDCC1A065DC55C96
:10375000C65401330555DBB2F4E710B50B0A01700E
:1037600043700B0C090EC17083700421FFF7E4FF56
:1037700010BD00003E22F0B58F4B85B0DA71DB79C9
:103780008E4C2370162363708D4B1D682B78A370AD
:103790002B0038331B786A781B019B18E3702B00D1
:1037A00080331E685F680022864B30003900F4F7D2
:1037B00043FE2B0039330093002803D11B78022BE2
:1037C00000D8D6E042232371853363713833A37167
:1037D000823BE37128696969F8F702F87A4B011CAA
:1037E0001800FFF7BAFF286A696A784B1E78002E26
:1037F00000D1C8E042232373853363733833A37346
:10380000823BE373286B696B002E00D1C3E0422337
:103810002374853363743833A374823BE374009B51
:1038200003AF1B7823752B003A331B7863752B008D
:103830003B331B78A3752B00883318685968F4F75D
:10384000C9FE80B2030AE37520762A6C6B6C3800DF
:10385000FFF7CAFC28003B8848305BBA7A780380BF
:103860005B4B39781888A276617680B2F7F74CFF07
:1038700002000B003800FFF7B7FC28003B885830E7
:103880005BBA7A780380534B3978380022771A680C
:103890005B68E17600920193FFF7A6FC28003B8865
:1038A00068305BBA7A7803802B003978903361777F
:1038B000A2770099019A19605A6008001100F4F784
:1038C00089FE2A0080B2030AE377631CD877424B53
:1038D00070321B889BB21380190AA21CD177E21C9C
:1038E000D3772B002A0072331B8874321380190A95
:1038F000221DD1772900621DD377384B78311A68A1
:1039000093B20B801B0AA11DCB77E31DDA772B0046
:103910002A007A331B887C3213802200190A08326D
:10392000D1772200283213702B0022007E331B78BF
:1039300029321370A86AE96A002E34D0230042228B
:103940002A331A70230085322B331A702300383241
:103950002C331A707D232D342370174C7F35E27978
:103960001F4B2978D154FFF703FD0023237105B0C5
:10397000F0BD39003000F7F733FF1A4B011C180077
:10398000FFF7EBFE26E7F7F72BFF174B011C18009C
:10399000FFF7E3FE36E7F7F723FF144B011C18008F
:1039A000FFF7DBFE3BE7F7F71BFF114B011C18008D
:1039B000FFF7D3FED1E7C046B8050020BC66002063
:1039C000FC66002000002E40C466002074660020C3
:1039D0007C660020380200207E6600207866002089
:1039E000BB660020C0660020C8660020CC660020B0
:1039F000E6660020014B1879C0B27047B805002078
:103A000010B5054B9878012802D1FAF731F801E09A
:103A10000228FAD010BDC0469466002010B5044BB1
:103A20009878431E072B01D8FAF728F810BDC04636
:103A30009466002010B5054B9878092803D800201B
:103A4000FAF722F801E0F028FAD910BD94660020B8
:103A500010B5034BD9789878FAF752F810BDC046E4
:103A60009466002010B50248FAF749FB10BDC04625
:103A70009666002010B5054B9878012802D1FAF718
:103A800015F801E00228FAD010BDC0469466002067
:103A900010B5044BDC789878FAF70EF82000FAF7A6
:103AA00011F810BD9466002010B5024B9878FAF713
:103AB000B5FA10BD9466002010B5024B9878FAF75D
:103AC000B5FA10BD9466002010B5024B9878FAF74D
:103AD000B4FA10BD9466002010B5024B9878FAF73E
:103AE000B3FA10BD9466002010B5024B9878FAF72F
:103AF000B2FA10BD9466002010B50248FAF71BF820
:103B000010BDC0469666002010B50248FAF726F8A8
:103B100010BDC0469666002010B50248FAF760F85E
:103B200010BDC0469666002010B5FAF7B4F8044BF5
:103B3000012801D1587410BD00225A74FBE7C04619
:103B4000B805002010B5064B9878012802D1FAF785
:103B500089F801E00228FAD0FFF7E6FF10BDC04661
:103B60009466002010B5084B9C782000FAF748FABC
:103B7000012C03D10B22054B1A7010BD022CFCD175
:103B80000D22024BF8E7C046946600204D0200204B
:103B900010B5024B9878FAF73AFA10BD94660020F7
:103BA0001E2310B5054C6370FAF78EFC0322044BFC
:103BB000A070DA71FFF7DCFB10BDC046BC660020C8
:103BC000B80500202F2310B5054C6370FAF7F4FBFD
:103BD0000322044BA070DA71FFF7CAFB10BDC04688
:103BE000BC660020B8050020094B10B5186959695A
:103BF000F7F7F6FD074B011C1800FFF7AEFD10228A
:103C0000054B5A70054B0A3ADA71FFF7B1FB10BD4C
:103C1000D0090020BE660020BC660020B805002048
:103C2000262010B5FF30FAF797FD0400FEF77EFA64
:103C3000022C07D1FEF78AFB044B18615961F7F794
:103C4000CFFD10BDFEF7C6FAF6E7C046D00900204A
:103C5000112310B5064C6370FFF774F90322054B6E
:103C6000A070DA71FFF784FB0122034B1A7010BDBC
:103C7000BC660020B80500208F66002030B585B0F6
:103C80006846FAF7F7FA002301211A0015486C4636
:103C9000E55CC45CA54200D00A0001330B2BF6D1D1
:103CA00000239A4202D0FAF7F2FAFF230E4C332295
:103CB000A370D020FF23627000211A004000FAF7A1
:103CC000FAFAFF23E070A2201A000021FF30FAF771
:103CD000F2FA0522054B2071DA71FFF749FB05B0B6
:103CE00030BDC04600880108BC660020B805002031
:103CF000342310B5054C6370FAF766FB0322044BBE
:103D0000A070DA71FFF734FB10BDC046BC6600201E
:103D1000B8050020362310B5054C6370FAF75EFB3A
:103D20000322044BA070DA71FFF722FB10BDC046DE
:103D3000BC660020B8050020372310B5054C637021
:103D4000FAF755FB0322044BA070DA71FFF710FB62
:103D500010BDC046BC660020B8050020382310B551
:103D6000054C6370FAF74CFB0322044BA070DA7128
:103D7000FFF7FEFA10BDC046BC660020B805002063
:103D8000392310B5054C6370FAF743FB0322044B4B
:103D9000A070DA71FFF7ECFA10BDC046BC660020D7
:103DA000B8050020F8B5AE4DAE4C2B7828006371F5
:103DB0006B78637263790233DBB2A37163796179E3
:103DC000EE5CC9B2F8F712FF864206D16379EB18B0
:103DD0005E78F8F713FF864202D0FFF74FF9F8BD7F
:103DE0006379052B13D1637A412B10D16B78412B6A
:103DF0000DD1AB784E2B0AD1EB78422B07D12B7922
:103E00000D2B04D10122984B1A70FFF7D3FA627A76
:103E1000D3B2012A00D08CE0AA78A272A17ACAB2E9
:103E2000012914D1914B1A70914B1A70914B1A7051
:103E3000A37A052B2AD1904A043B13708F4A137042
:103E40008F4A13708B4A1370FFF784FAC5E7A27A82
:103E5000032A03D1854A13708A4A05E0A27A022A0E
:103E600005D1824A1370854A1370854A05E0A27A0B
:103E7000042A06D1804A13707D4A13707D4A13705C
:103E8000D6E7A27A062AD3D17B4AE4E7A37A812B2C
:103E900005D1764B01221A70754B1A70D4E7A37ABC
:103EA000832B06D1714A823B1370764A1370744A91
:103EB000C9E7A37A822B04D16C4A813B13706F4A05
:103EC000F4E7A37A842B01D16B4BE3E7A37A862B2B
:103ED00002D1694A853BE7E7A37A852B02D1664A7E
:103EE000843BEBE7A37A072B02D0A37A082B0ED1F1
:103EF0000124654B1C70FAF783FA5F4BA04200D097
:103F00005A4B1C705A4B1C705A4B1C709CE7A37A7E
:103F1000872B02D0A37A882B96D101245A4B1C7090
:103F2000FAF76EFA544BA04200D0504B1C70504B25
:103F3000EBE7637A022B03D1544B00221A704CE753
:103F4000637A2E2B08D1A37A002B02D0A878FAF737
:103F500081F9FFF7BDFA40E7637A052B0AD1AB7808
:103F6000A372A37A002B02D1FFF7A0FA35E7FFF77F
:103F700055FDF9E7637A062B0BD1AB78A372A37AD0
:103F8000002B03D0A07AC0B2F9F784FDFFF7C4FA82
:103F900023E7637A072B12D1AB78A3726379032BE3
:103FA00006D1A37A002B00D017E7FFF735FA14E704
:103FB0006379122B00D910E7FFF7A6FDF5E7637AC6
:103FC000082B12D1AB78A3726379032B06D1A37AA5
:103FD000002B00D001E7FFF733FAFEE66379122BDE
:103FE00000D9FAE6FFF798FDF5E7637A092B0AD1C5
:103FF000AB78A372A37A002B02D1FFF7B3FAECE6F9
:10400000FFF718FDF9E7637A0A2B12D1AB78A37298
:104010006379032B06D1A37A002B00D0DDE6FFF7EE
:104020008DFADAE66379042B00D0D6E6FFF710FDAF
:10403000F5E7637A0B2B2BD1AB78A372A37A002B15
:104040000AD0A37AD8B2012B02D1F9F729FD03E0F7
:10405000A37AD8B2022BF8D0FFF74CFABDE6C046DF
:1040600094660020B80500204D01002093660020D2
:104070008D66002088660020926600208B660020F6
:10408000896600208A660020916600204C0200208C
:10409000637A0C2B12D1AB78A3726379032B06D110
:1040A000A37A002B00D098E6FFF7A2F995E6637992
:1040B000082B00D091E6FFF7D5FCF5E7637A0D2BCE
:1040C00010D1AB78A372A37A002B04D0A37A012B72
:1040D00004D1FFF7DDFCFFF79BFA7EE6A37A022B03
:1040E000F9D1F6E7637A0E2B03D1AB78A372A37AEA
:1040F00073E6637A0F2BF8D0637A102B0FD1AB786D
:10410000A372A37A002B00D067E6FFF789FDF7F7CB
:104110001FFBBA4C20616161FFF766FD5DE6637AC3
:10412000112B08D1AB78A372A37A002B00D054E6F0
:10413000FFF78EFD51E6637A122B10D1AB78A37294
:10414000A37A002B04D0A37A012B04D1FFF758FCEB
:10415000FFF7A6FA41E6A37A022BF9D1F6E7637AD4
:104160001D2B10D1AB78A372A37A002B04D0A37AB5
:10417000012B04D1FFF7E6FCFFF7ACFA2DE6A37A9A
:10418000022BF9D1F6E7637A132B08D1AB78A3722F
:10419000A37A002B00D020E6FFF766F91DE6637ACC
:1041A000142B08D1AB78A372A37A002B00D014E6AD
:1041B000FFF7EAF911E6637A152B0CD1AB78A372FD
:1041C000A37A002B04D0637A002B01D0FFF718FAF2
:1041D000FFF704FA01E6637A162B08D1AB78A372D5
:1041E000A37A002B00D0F8E5FFF7C4FAF5E5637A6F
:1041F000172B08D1AB78A372A37A002B00D0ECE583
:10420000FFF72CFAE9E5637A1B2B10D1AB78A37288
:10421000A37A002B04D0A37A012B04D1FFF72AFC48
:10422000FFF70AFAD9E5A37A022BF9D1F6E7637A08
:104230001C2B06D163790E2B00D0CEE5FFF75CFC7A
:10424000CBE5637A1E2B10D1AB78A372A37A002B37
:1042500004D0A37A012B04D1FFF784FCFFF7A0FC64
:10426000BBE5A37A022BF9D1F6E7637A2F2B10D1A5
:10427000AB78A372A37A002B04D0A37A012B04D1CC
:10428000FFF786FCFFF79EFCA7E5A37A022BF9D186
:10429000F6E7637A1F2B09D1594B9B78A372A37A57
:1042A000002B00D199E5F7F743FDCDE5637A242B88
:1042B00007D1534B9B78A372A37A002B00D18CE5D6
:1042C000C2E5637A4F4C252BF3D0637A282B1AD1A1
:1042D0004B4B01229B78F420A37200231900F9F7BD
:1042E000EAFF431E9841484BC0B2187000230122D8
:1042F0001900F520F9F7DFFF431E9841434BC0B288
:104300001870A37AA0E5637A312B02D1F9F7E8FEA1
:104310009AE5637A322B01D13D4B0EE6637A332B5B
:104320000FD1374B9A78A272A27A002A06D0A27ACD
:10433000012A03D11979D878F9F7B0FFFFF79EFC6D
:104340004BE5637A342B0AD12D4B9B78A372A37A69
:10435000002B01D0FFF7A8FBFFF7CAFC3DE5637A0D
:10436000352B3DD10125002400260027F7F718FD45
:10437000284B1D70F7F7DCFCF7F706FD0020F9F776
:1043800086FE214BF4201C701978C9B2FAF702FAA4
:104390001E4BF5201C701978C9B2FAF7FBF9FCF72F
:1043A00005FFFCF70FFFFCF719FFFCF72FFF2000BC
:1043B000F9F766FE184B1C70FCF71CFF174B1E60CC
:1043C0005F60F9F773FD164B1E605F60F9F7E0FD63
:1043D000144BFA201D701978C9B2FAF7DBF933E5EE
:1043E000637A362B20D1064B9B78A372A37A002BDD
:1043F00001D0FFF761FBFFF78DFCEEE4D009002050
:1044000094660020B8050020DF640020DD640020F1
:104410004C010020C7640020D80A0020C8030020F7
:1044200038020020DC640020637A372B0AD1144B59
:104430009B78A372A37A002B01D0FFF745FBFFF70F
:104440007BFCCAE4637A382B0AD10D4B9B78A372AC
:10445000A37A002B01D0FFF73FFBFFF77FFCBCE402
:10446000637A392B00D0B8E4054B9B78A372A37A0A
:10447000002B01D0FFF738FBFFF782FCADE4C0460C
:104480009466002010B5044B0A000100180002F0E9
:104490001AFEFFF787FC10BD946600200D48854684
:1044A000FCF72EFB0C480D490D4A002302E0D458BE
:1044B000C4500433C4188C42F9D30A4A0A4C00236E
:1044C00001E013600432A242FBD302F0D5FDFAF7FB
:1044D00029FBFEE70090002000000020B002002031
:1044E00068890108B002002050680020FEE7000043
:1044F00070B5104B05001978002901D1012070BD5D
:10450000FA208000F3F712FE0B4C01002068F3F74D
:104510000DFE00F083F8041EF0D1032DEED802004A
:1045200001202900404200F043F8044B20001D60A8
:10453000E5E7C0464E020020500100205002002056
:104540008023084A5B00116810B50B4300201360FC
:10455000FFF7CEFF041E03D1FBF7E8FD200010BDDE
:104560000124FBE700200240034A044B11681B783A
:104570005B1813607047C046006700204E020020A1
:10458000014B18687047C0460067002070B50400F2
:10459000FFF7F6FF0500631C02D0044B1B78E418FC
:1045A000FFF7EEFF401BA042FAD370BD4E02002081
:1045B00010B5FF2403220B0021000240D2009140DD
:1045C0009B012340C943934000280ADBC0240B4AC7
:1045D000800880008018A40002590A401343035148
:1045E00010BD0F2210400838054A8008800080184E
:1045F000C26911401943C161F2E7C04600E100E021
:1046000000ED00E0002805DB1F2318401E3B83401F
:10461000014A13607047C04600E100E08022431E5B
:104620005204012093420DD2C021074A074853602B
:10463000036A09061B021B0A0B43036200200723BF
:10464000906013607047C04610E000E000ED00E0AD
:10465000F0B5846CC56C6560046D002C02D0446DAF
:10466000856D65601C24056C084E25401B3CAC40E4
:1046700077683C437460046863608368102B02D1E0
:10468000A260E160F0BDA160E260FBE700000240D3
:1046900010B50400036C094A9B089B189B004364F7
:1046A00000681421C0B20838F3F740FD044BA3643E
:1046B0001F2318401E3B8340E36410BD008200109E
:1046C00080080240F8B504000120002C46D025687F
:1046D000254B1421E818F3F729FD02238000A61DBD
:1046E0002064F3772B68214AA76813402B60E368A6
:1046F00021693B430B4361692A680B43A169200090
:104700000B43E1690B43216A0B4313432B60FFF713
:10471000BFFF8023DB019F4201D1002363603F2361
:104720006268616C13400B60E06CA16C013A4860F8
:10473000032A14D80E4A0F4899180122013B9A40C7
:10474000A265130000228900216560650A6043604C
:1047500000200123E0630534F377E077F8BD002300
:1047600023656365A365F3E7F8FFFDBF0F80FFFFD7
:104770003F82001040090240F7B5451D0193EE7FCE
:1047800004000220012E33D00138E877A71DFE7FF8
:10479000B4466346F6B200960026834230D101301B
:1047A000F8772568E6632868009B98432860019B9A
:1047B0002000FFF74DFF236BB3421AD00E232A6867
:1047C00013432B60636C1A68D20304D580221968E6
:1047D00052000A431A60236D002B04D0802219680E
:1047E00052000A431A60012300202A6813432B60F9
:1047F000FEBD04222B6893432B602A680A23DFE75F
:104800008023E363EE77F3E7F0B5002808D0841D3A
:10481000E37F411D022B05D00423C3630023CB7724
:104820000120F0BD0E250268466C1368AB4313608F
:104830003368104D2B403360012316689E43166089
:10484000026C1B331A401B3B93400B4E77683B4373
:104850007360C26C836C5A60036D002B05D01A68BC
:104860002A401A60436D826D5A6001230020E3776D
:10487000C877D6E7FFFEFFFF00000240F8B5811DB4
:10488000CB7F022B03D00423C3630120F8BD0E2489
:1048900002681C271368456CA34313600123146846
:1048A0009C4314602A68104C22402A60026C0F4D11
:1048B0003A4093406E6833436B60C26C836C5A60BD
:1048C000036D002B05D01A6822401A60436D826D7B
:1048D0005A6001230022CB77431DDA77836B934222
:1048E00000D098470020D1E7FFFEFFFF0000024004
:1048F000F8B51C240427016C264A21403C008C405A
:10490000166803681D6826420FD03D420DD0196815
:10491000890602D41968B943196053681C43036BB4
:104920005460002B1BD0984719E002273C008C40B4
:10493000264215D03D4213D01968890606D40A25AF
:104940001968A94319600121831DD97753681C4355
:1049500054600022431DDA77C36A9342E3D1F8BD65
:10496000082427008F403E42F9D02542F7D00E257B
:104970001C68AC431C6001231D008D402900546855
:1049800021435160821DC363D3770022431DDA7730
:10499000436BE2E7000002400023F0B585B00A68EF
:1049A0001400DC4001D105B0F0BD012514009D408C
:1049B0002C4000942A4200D191E04A685F0094465E
:1049C0000322644622400324BC40E4430194541E65
:1049D000012C2ED88668019C2640CC68BC4034430C
:1049E000846044680126AC432500644624093440B1
:1049F0009C402C434460C568019C25408C68BC40A9
:104A00002C43C460022A16D107250F261D40AD0095
:104A1000AE40DC08A40004190294246A0396260020
:104A2000039CA64334000E69AE402643029C2662D6
:104A300001E0032ADFD1BA400468019D25402A43E2
:104A4000C02402606246A402224248D0254A0325BF
:104A50009C08A400A4180F221D40ED00AA40A02726
:104A6000266EFF0596430022B8420CD01E4F01323D
:104A7000B84208D01D4F0132B84204D01C4F033257
:104A8000B84200D1023AAA40674632432266154C2A
:104A9000009A2668009DD2433543FF0201D43500B9
:104AA0001540674625606668009D3543BF0201D406
:104AB00035001540674665600E4C009DE66F354336
:104AC000BF0301D4350015406746E5670A4C009ED8
:104AD000E56F2E43FF0301D415402E00E667013336
:104AE0005DE7C04600180240000400500008005076
:104AF000000C0050081802400418024000690840E9
:104B0000431E9841C0B27047002A01D081617047AE
:104B10008162FCE770B504000120002C3FD0250025
:104B200041352B78DAB2002B05D123004033200029
:104B30001A70FBF713FB242301212B702368E06814
:104B40001A68A6688A431A601A4962680A401A619C
:104B50009A6819490A409A60012821D180221202DC
:104B600032439A605868154A02435A60DA68002056
:104B70000A40DA60616922690A43A16909020A43AD
:104B8000DA60216AE2690A431A60012219680A435D
:104B90001A60202360642B7020634234207070BD43
:104BA0008422120232439A600228DBD18022120151
:104BB0005A60D7E7FFFFFFF0FF7FFFFF0080000292
:104BC000F0B504004134227803000F000220D6B271
:104BD000202A18D11D0040352A78012A13D024221A
:104BE00022701B68233A19680748914319601968B5
:104BF00001400020196019683943196019680A4397
:104C00001A6026702870F0BDFFEFFFFF0200F0B5BC
:104C1000413214780300E5B20220202C17D11C0089
:104C200040342678012E12D0223010701B682338B1
:104C30001E68074F86431E601E6809023E403143CE
:104C40001960196808431860002015702070F0BDC5
:104C5000FFF0FFFF8023034A5B0011680B431360E2
:104C60007047C0460070004010B5114C11492368D0
:104C700002000B4003432360802300209B009A42E4
:104C80000ED10D4B0D49186806235843F3F74EFA21
:104C90008022431CD200616908001040114200D1FB
:104CA00010BD002B01D0013BF5E70320F8E7C0461B
:104CB00000700040FFF9FFFF5001002040420F004C
:104CC000F0B5040085B0002802D1012005B0F0BD88
:104CD0000368DB0710D423689B075CD423681B0799
:104CE00000D5C1E023685B0700D5F2E0E369002B43
:104CF00000D079E10020E9E73822AF4DAB681340DE
:104D0000EA68102B09D1D3439B0708D12B689B037A
:104D1000E1D56368002BDED1D7E7082BF6D08022DF
:104D200063685202934211D12A6813432B60FFF744
:104D300027FC80270600BF022B683B42CBD1FFF740
:104D40001FFC801B6428F7D90320BFE7A021C902FC
:104D50008B4208D180232968DB020B432B602B6830
:104D60001A432A60E3E72A6894490A402A602A68BD
:104D700093490A402A60002BD9D1FFF701FC802714
:104D80000600BF022B683B42A5D0FFF7F9FB801B52
:104D90006428F7D9D8E73822874DAB681340EA6812
:104DA000102B28D103210A40022A26D12A68520555
:104DB00003D5E268002A00D187E769686269814803
:104DC000120201400A436A60002B0CD12B687E4A14
:104DD0007E491340226913432B602B687C4A9B0455
:104DE0005B0FDA400A607B4B1868FFF781FB0028F5
:104DF00000D173E769E7002BD8D0E368002B20D0FF
:104E00002B68714A802713402269FF0013432B60EF
:104E100080232A685B0013432B60FFF7B1FB060079
:104E20002B683B4207D06A68636966491B020A40E7
:104E300013436B6052E7FFF7A3FB801B0228EFD9F7
:104E400082E72B68644A802713402B60FFF798FBAA
:104E50000600FF002B683B4200D13FE7FFF790FBC5
:104E6000801B0228F6D96FE73822534DAB681340F8
:104E7000182B08D12B6E9B0700D433E7A369002BB6
:104E800000D02FE721E7A2690123002A10D02A6E63
:104E9000022713432B66FFF773FB06002B6E3B4282
:104EA00000D01FE7FFF76CFB801B0228F6D94BE709
:104EB0002A6E02279A432A66FFF762FB06002B6ED2
:104EC0003B4200D10EE7FFF75BFB801B0228F6D9BF
:104ED0003AE73822384DAB681340202B08D1EB6DF0
:104EE0009B0700D402E7A368002B00D0FEE6ECE6A7
:104EF00080220021EB6B52050091134208D1EB6B2D
:104F00001343EB63EB6B13400393039B0123009369
:104F10008027324E7F0033683B4215D0A368012BB7
:104F200022D1EA6D1343EB65FFF72AFB0227060047
:104F3000EB6D3B4238D0009B012B00D0D6E6EB6BEB
:104F4000274A1340EB63D1E633683B433360FFF7F6
:104F500017FB019033683B42E0D1FFF711FB019B47
:104F6000C01A0228F6D9EFE6EA6D052B05D1013B00
:104F70001343EB65EA6D0123D4E701218A43EA6517
:104F8000EA6D03318A43EA65002BCDD1FFF7F8FAC9
:104F900002270600EB6D3B42CDD0FFF7F1FA114B33
:104FA000801B9842F6D9CFE6FFF7EAFA0D4B801B3B
:104FB0009842BDD9C8E6C04600100240FFFFFEFF80
:104FC000FFFFFBFFFF80FFFFFFC7FFFF5001002037
:104FD0000024F40050020020FFFEFFFF007000409C
:104FE000FFFFFFEF881300003821434DAA680A40F5
:104FF000102A53D0414A022B3AD12B688027134004
:105000002B60FFF7BDFA0600BF042B683B4229D195
:10501000616A236AEA680B43394980260A401343D0
:10502000E26AB6041343226B1343626B1343A26A12
:1050300012021343EB6080232A685B0413432B6046
:105040008023EA685B051343EB60FFF799FA0400DD
:105050002B68334200D04DE6FFF792FA001B02287E
:10506000F6D971E6FFF78CFA801B0228CDD96BE6E2
:105070002B68802613402B60FFF782FA0400B604E9
:105080002B68334204D1EB681E4A1340EB6031E6D3
:10509000FFF776FA001B0228F2D955E6012B00D162
:1050A00013E60322E868216A02408A4200D00CE637
:1050B0007022616A02408A4200D006E6FE21A26A9E
:1050C000C90101401202914200D0FEE5F822E16AD6
:1050D000920302408A4200D0F7E5E022216B1205DC
:1050E00002408A4200D0F0E5636B400F4007C01ACF
:1050F000431E9841C0B2E9E500100240FFFFFFFEE9
:105100008C80C111FCFFFEEE382370B51D4CA268E7
:105110001A4205D123681C489B045B0FD84070BD20
:10512000A2681A40082A27D0A2681A40102A17D16C
:10513000E368E168DB43E5684906490F6F322D0AF1
:10514000013115409B0709D11048F2F7EFFFE168E4
:105150006843490F0131F2F7E9FFE0E70A48F4E755
:10516000A2681A40202A09D0A26800201340182BF8
:10517000D5D1FA20C001D2E70448D0E78020000250
:10518000CDE7C046001002400024F40000127A006F
:10519000F7B504000D00002801D10120FEBD07274E
:1051A000484E33683B408B422AD3226893073BD456
:1051B000D20748D4072733683B40AB420AD933684B
:1051C000BB432B433360FFF7DBF9019033683B406F
:1051D000AB4268D123683C4D5B076CD4FFF794FF6A
:1051E000AB683A491B051B0F9B005B581F210B4006
:1051F000D840374A374B10601868FFF779F9CDE788
:105200003368BB430B433360FFF7BAF9019033684F
:105210003B40AB42C9D0FFF7B3F9019BC01A2E4BFC
:105220009842F4D90320B9E72749530704D5E0236E
:105230008868DB0103438B608B6828480340A068C3
:1052400003438B60B4E760681F4F032829D8F2F747
:1052500059FF20021C243B689B039ED50722BB6894
:1052600093430343BB60FFF78BF901903823BA687F
:105270001A406368DB009A429CD0FFF781F9019BDA
:10528000C01A154B9842F1D9CCE73B689B01E5D495
:1052900083E73B685B05E1D47FE73B6E9B07DDD48A
:1052A0007BE7FB6DFAE7FFF76BF9019BC01A0A4B2E
:1052B00098428BD9B6E7AB68094A1340E2681343BA
:1052C000AB608BE70020024000100240C08701085D
:1052D000500100205002002088130000FFF0FFFF63
:1052E000FF8FFFFF064B07499B68074A5B045B0F74
:1052F0009B005B581F2110680B40D8407047C04688
:1053000000100240A087010850010020F0B503689A
:10531000040085B000209B0352D58022704D5205B9
:10532000EB6B0090134208D1EB6B1343EB63EB6B19
:1053300013400393039B012300938027694E7F0052
:1053400033683B433360FFF71BF9019033683B42FE
:1053500028D0EA6DC02310009B00216B624E1840DC
:105360001A4218D0814216D08022EB6DE86D1900E8
:1053700052020243EA65EA6D5C4831400240EA6548
:10538000E965DB0707D5FFF7FBF807000222EB6DA5
:10539000134200D19CE0EB6D226B3340134300209D
:1053A000EB6506E0FFF7ECF8019BC01A0228CDD9A7
:1053B0000320009B012B03D1EB6B4D4A1340EB63A1
:1053C0002368DA0706D5032545494A6DAA4365686F
:1053D0002A434A659A0706D50C2541494A6DAA43D6
:1053E000A5682A434A65DA0606D53D49414D4A6D0E
:1053F0002A40E5682A434A659A0506D538493E4D54
:105400004A6D2A40A5692A434A655A0506D534499A
:105410003A4D4A6D2A40E5692A434A659A0606D5FF
:105420002F49374D4A6D2A4025692A434A655A0457
:105430000FD52B49256A4A6D920092082A434A6586
:105440008022D205954204D18022CD6852022A439F
:10545000CA601A0306D5402521494A6DAA43656AE8
:105460002A434A659A020FD51D49264E4A6DA56A00
:1054700032402A434A658022D203954204D18022D9
:10548000CD6852042A43CA605A020DD5144D1E4EEF
:10549000696DE26A314011436965802149048A429D
:1054A00002D1E9680A43EA601B050FD50C4A61691D
:1054B000536D164C23400B4353658023DB01994207
:1054C00004D18023D1685B020B43D36005B0F0BDEB
:1054D000FFF756F80E4BC01B984200D856E767E717
:1054E0000010024000700040FFFCFFFFFFFFFEFFC6
:1054F000FFFFFFEFFFF3FFFFFFFFF3FFFFFFCFFF14
:10550000FFCFFFFFFFFFBFFFFFFFFFFEFF3FFFFFDC
:1055100088130000A0210268F8B5D36804008B430B
:10552000D360FFF72DF8FA2705002026BF00236877
:10553000DB68334201D00020F8BDFFF721F8401BA3
:10554000B842F4D90320F7E7F7B540260368050011
:10555000DA680024324211D18022D968FA270A433E
:10556000DA60FFF70DF8BF0000902B68DB681A00C7
:1055700032400192334201D1032C01D12000FEBD03
:10558000FEF7FEFF009B019CC01AB842EDD92B002C
:10559000032429331C70E8E7802270B50F4C050006
:1055A000E3689343E360A369603A134207D1FFF7CE
:1055B000B1FF002802D003202935287070BDA369EF
:1055C0009343A361FFF7A6FF002802D003202935EB
:1055D00028702023A2691343A361EFE7002800404D
:1055E00070B504000120002C17D0250029352B7838
:1055F000DAB2002B08D1230028331A7088231B024B
:1056000020006360FAF7ECFD02232B702368DA6850
:10561000D20603D5012300202B7070BDCA225A6226
:10562000773A20005A62FFF78FFF002825D12368C0
:1056300015499A6960690A409A61A26899690243AA
:10564000E06902430A439A61226920001A61E26814
:10565000196912040A431A61FFF79EFF00280CD152
:105660002268266A9369DB00DB089361636A9169AB
:105670003343A66933430B439361FF2223685A6285
:105680000028C7D0C9E7C046BFFF8FFBF8B50400AC
:105690000120002C67D0636A002B65D182226168EB
:1056A0005200914200D0E36100232500A3625D35E2
:1056B0002B78DAB2002B05D123005C3320001A705E
:1056C000FAF7BCFD022340222B702168E6680B68C4
:1056D0009343E0220B60D2000023964248D9F02287
:1056E00018001201964200D0A362822284276368C8
:1056F00052001340A2683F023A4002271343226936
:10570000A5693A4013430122676917403B4380274C
:10571000BF002F403B43E769373217403B43276ABE
:105720004832174080223B43A76A920117403B430F
:10573000102708220B60636A2D0C3B40676B1740F3
:105740003B43F0273F013E403343042635402B4383
:1057500003434B60CB69084803400020CB61012321
:1057600020665D342370F8BD0023236163619BE7ED
:1057700080204001B6E7C046FFF7FFFFC0220423A8
:1057800013B50468D200A16808001040114200D18E
:1057900016BDE168013B0191DBB20199002BF2D10A
:1057A0000320F5E701000300012010B53D310C781E
:1057B000E2B284421FD1001808701B68D9681143F7
:1057C000D9600E498B4209D08021C9058B4205D092
:1057D0000B498B4202D00B498B420DD19A680A4982
:1057E0000A40062A06D007398A4203D001221968E6
:1057F0000A431A60002010BD1968F9E7002C014027
:10580000000400400040014007000100012103683E
:1058100010B5DA688A43DA601C6A074A144206D176
:105820001C6A064A144202D11A688A431A6001238C
:105830003D300370002010BD111100004404000031
:1058400070477047704770470222036810B51969A6
:10585000040011420ED0D96811420BD0053A1A61EA
:10586000043202779B699B0700D186E0FFF7E9FFCE
:1058700000232377042223681969114211D0D968C3
:1058800011420ED0093A1A61073222779A69C02371
:105890009B0020001A4200D175E0FFF7D2FF0023E1
:1058A000237708222368196911420ED0D968114262
:1058B0000BD0113A1A610D322277DB6920009B0769
:1058C00067D0FFF7BEFF00232377102223681969F2
:1058D000114210D0D96811420DD0213A1A61193203
:1058E0002277DA69C0239B0020001A4257D0FFF7C5
:1058F000A8FF00232377012223681969114207D0EA
:10590000D968114204D0033A20001A61F9F7B2FCB9
:10591000802223681969114208D0D968114205D044
:10592000023AFF3A20001A6100F0EFF823681A6982
:10593000D20507D5DA68120604D51C4A20001A6180
:1059400000F0E4F8402223681969114207D0D968B1
:10595000114204D0813A20001A61FFF774FF20221F
:1059600023681969114207D0D968114204D0413A1D
:1059700020001A6100F0C8F810BDFFF761FF200099
:10598000FFF760FF74E7FFF75BFF2000FFF75AFFA8
:1059900085E7FFF755FF2000FFF754FF93E7FFF778
:1059A0004FFF2000FFF74EFFA3E7C046FFFEFFFFBB
:1059B00010B51C4C0368A04206D08022D20590424C
:1059C00002D0194A904208D1702293434A68134387
:1059D000164A1A40CB6813430BE0154A9042F7D0A1
:1059E000144A9042F4D0144A9042F1D0134A9042A3
:1059F000EED0802293434A69134303608B68C362ED
:105A00000B688362A04208D00A4B984205D00A4B2B
:105A1000984202D0094B984201D10B6903630123DC
:105A2000436110BD002C014000040040FFFCFFFF5B
:105A30000020004000400140004401400048014077
:105A400070B504000120002C23D025003D352B78B3
:105A5000DAB2002B05D123003C3320001A70FAF78C
:105A60003FFC02232B702068211DFFF7A1FF2200BD
:105A7000012300204832137047340A3A13705370E0
:105A80009370D370137153719371D3711372237028
:105A90002B7070BDF0B5040002223C342578030061
:105AA0001000012D26D01D003D352A701B68124EB6
:105AB0005A689868B34203D1104F3A404F683A434E
:105AC0007027BA430F683A435A60B34209D0802224
:105AD000D205934205D00A4A934202D0094A934222
:105AE00004D1802290438A681043986001230020EB
:105AF0002B702070F0BDC046002C0140FFFF0FFF4F
:105B000000040040004001407047704770470000AB
:105B100030B5EFF31084012282F31088C0250168AC
:105B20000B68AB430B6084F31088EFF3108182F3B2
:105B300010880268044C93682340936081F31088B6
:105B400020238830036030BDFFFF7FFF30B5EFF3C7
:105B50001084012282F310880168134D0B682B40DA
:105B60000B6084F31088EFF3108182F310880268D1
:105B70000E4C93682340936081F31088C36E012B11
:105B80000AD1EFF3108183F31088102402681368A0
:105B9000A343136081F31088030020228C331A6022
:105BA0000023C366436730BDDFFEFFFFFEFFFFEF4C
:105BB000704770477047704770B5846A2300883318
:105BC0001A685D6823689B681B0608D5212A06D1E0
:105BD00023000022563320001A80FFF799FF236824
:105BE0009B685B0608D5222D06D1230000225E3378
:105BF00020001A80FFF7AAFF2200102390321168BC
:105C000020000B431360FFF7D6FF70BD806A0023AE
:105C1000020010B55E321380083A1380FFF7CBFF05
:105C200010BD0000F7B50168C14DCB6904000A68DA
:105C300088682B4210D120252B4200D19BE0802682
:105C4000760515400640354300D194E0636F20008F
:105C5000002B00D085E085E0B64D05400095B64D9F
:105C6000009E1540354300D185E025000126903582
:105C7000334205D0D70503D50E622F683E432E6010
:105C8000022633420CD0C7070AD527000E62903790
:105C90003E680197B446042667463E43019F3E6036
:105CA000042633420CD0C7070AD527000E6290376E
:105CB0003E680197B446022667463E43019F3E6018
:105CC0000826B446334209D02027009E17403743A8
:105CD00004D066460E622F683E432E608026360151
:105CE000334206D0570104D50E6220212E6831437D
:105CF00029602968002935D020210B420AD0802351
:105D00005B0511400340194304D0636F002B01D0A1
:105D10002000984722682B684027966828223E403A
:105D2000134020001E4322D0FFF710FF23689B681A
:105D30003B4218D0EFF31081012383F31088250034
:105D400004CD9368BB43936081F31088E86F00280B
:105D500009D07A4B8363FEF791FD002802D0E86FEB
:105D6000836B9847F7BD2000FFF725FFFAE7FFF7A1
:105D700022FF2E60F6E7E56E012D00D09FE0102691
:105D8000334200D19BE0324200D198E00E62896834
:105D900040230A001A40194257D0211DCA6F1068CB
:105DA000426892B2002ADDD027005C373F889742D4
:105DB000D8D927005E373A800268202084461040F8
:105DC00000906046024232D1EFF3108785F31088CD
:105DD00020685B4E02683240026087F31088EFF360
:105DE000108785F3108820688268AA43826087F351
:105DF0001088EFF3108785F31088206882689A4333
:105E0000826087F31088230062468C331A60009BFF
:105E1000E366EFF3108085F3108822680F3513686E
:105E2000AB43136080F31088C86FFEF7EDFC0223CC
:105E30002200236723005C325E331B881188C91A55
:105E400089B22000F9F77CF88CE7230020005C334E
:105E50005E301988038800889BB2002800D181E752
:105E6000C91A89B2002900D17CE7EFF3108785F3C6
:105E700010882068334E03683340036087F310882E
:105E8000EFF3108785F3108820682F4E8368334026
:105E9000836087F31088230020208C331860E2662B
:105EA0006267EFF3108085F310881025226813686D
:105EB000AB43136080F3108802232367C1E780257A
:105EC0006D032B4206D0460204D520000D6200F07F
:105ED000E7FB47E780210B4207D080252D041140C6
:105EE0002840014301D0A36FB1E640210B4216D0F8
:105EF0000A4214D0EFF31080012383F31088226844
:105F000013688B43136080F31088230020228833AA
:105F10001A6000232000A367FFF74AFE22E7190258
:105F200014D5510012D5200000F0BCFB1AE7C04682
:105F30000F08000001000010200100040D5C0108A2
:105F4000FFFEFFFFDFFEFFFFFEFFFFEFDB0100D4E0
:105F500008E7002A00DB05E7200000F0A2FB01E7CC
:105F60000123806A10B50367C36E012B06D10300BD
:105F70005C3319884908F8F7E3FF10BDFFF71AFEF4
:105F8000FBE7000003001B6820221B6870B51900A6
:105F9000806A1140134234D103005E331980EFF35D
:105FA0001085012383F3108804681D4E2168314059
:105FB000216085F31088EFF3108583F3108804685F
:105FC000A1689943A16085F31088EFF3108483F3EF
:105FD0001088402501688B68AB438B6084F3108880
:105FE00003008C331A60C36E012B0AD1EFF31081CA
:105FF00083F31088102402681368A343136081F3AD
:10600000108800230367C36E012B05D103005C33A6
:106010001988F8F795FF70BDFFF7CBFDFBE7C04689
:10602000FFFEFFFFF8B504002569A26823682A4334
:1060300065691968C0692A43734D024329400A43C0
:106040001A605A687149A5690A40E1680A437049B3
:106050005A608B4201D0226A15439A686D4E3240D5
:106060002A430F259A60DA6AAA43656A2A43DA62EC
:10607000694A934225D1694B5A6D03231A40802304
:106080001B02022A00D1BBE0032A00D1B2E0012AA0
:1060900000D1A8E0984200D17DE0FFF723F9002865
:1060A00045D0626A5E4B5200D15AF2F73FF86568FC
:1060B0006B08C0182900F2F739F80200594B103A62
:1060C00064E0594A934212D10C22544B5B6D134049
:1060D000082B00D192E005D8002B00D081E080236E
:1060E0001B02D7E70C2B00D182E0012020E04F4AB1
:1060F0009342F4D04E4A9342F1D08B42F5D1C02264
:106100008021464B12015B6D090113408B4215D073
:1061100004D8002B07D1FFF7E5F806E09342E4D15D
:10612000802636020BE0FEF7EFFF061E07D10020A7
:10613000404BA36600236367A367F8BD3E4E626AC7
:10614000374B5200D75A30003900F1F7EFFF0323E5
:1061500065686B438342C8D82B038342C5D30023B1
:106160003A0030001900F2F7CFF90027060E0B02B3
:10617000334302026E0892197B41100019002A0075
:106180003B00F2F7C1F92D4BC2182D4B9A42ACD807
:106190002368D860CBE7FFF7A5F80028C7D0626A6C
:1061A0001F4B5200D15AF1F7C1FF656840006B08E0
:1061B000C0182900F1F7BAFF02001A4B103A9A42B0
:1061C00000D992E70F23020000079A4393B2400FD1
:1061D00022680343D360AAE71748E0E7FEF794FF7D
:1061E0005DE780231B029842F8D1FEF78DFFD4E7CC
:1061F00080231B029842D2D0180052E780231B0252
:106200009842E9D00C484CE7F369FFCFFFCFFFFF7E
:1062100000800040FFF4FF110038014000100240F0
:10622000EA880108EFFF00000044004000480040F9
:10623000004C0040010001000024F40000FDFFFFBD
:10624000FFFC0F00836A30B5DA0706D50168284CD9
:106250004A682240C46A22434A609A0706D5016808
:10626000244C4A682240046B22434A605A0706D5F0
:106270000168214C4A682240446B22434A601A0755
:1062800006D501681D4C4A682240846B22434A604F
:10629000DA0606D501681A4C8A682240C46B22438C
:1062A0008A609A0606D50168164C8A682240046CFA
:1062B00022438A605A0610D50168134D4A68446C1F
:1062C0002A4022434A6080225203944205D14A6800
:1062D0000E4C2240846C22434A601B0606D502689D
:1062E0000B4953680B40C16C0B43536030BDC04633
:1062F000FFFFFDFFFFFFFEFFFFFFFBFFFF7FFFFF35
:10630000FFEFFFFFFFDFFFFFFFFFEFFFFFFF9FFF3D
:10631000FFFFF7FFF8B504000D0017001E0022680C
:10632000D3692B405B1B59424B41BB4201D000203B
:1063300029E0069B0133F3D0FEF722F9069B801B70
:10634000984201D8002B1FD1EFF31080012282F375
:1063500010882168204D0B682B400B6080F310885B
:10636000EFF3108082F3108821688B6893438B6071
:1063700080F3108823001F3288331A605A6000238C
:10638000032084342370F8BD23681A685207C6D5E9
:106390008022D96912011142C1D01A62EFF3108034
:1063A000012282F3108821680B4D0B682B400B6093
:1063B00080F31088EFF3108082F3108821688B68D7
:1063C00093438B6080F3108822002023883213606F
:1063D00053609360D3E7C0465FFEFFFFF0B5170040
:1063E000020087B088320593136804000D00022074
:1063F000202B45D10138002942D0002F40D08023E6
:10640000A1685B01994204D12369002B01D10542A7
:1064100036D12300002690331E6021231360FEF73F
:10642000AFF8230054331F80023303931F8080236F
:10643000A26804905B019A4204D12369B34201D15E
:106440002E001D00230056331B889AB2002B0CD15E
:10645000059B402100932000049BFFF75BFF002871
:106460000DD12023883423600AE0059B002200938D
:1064700080212000049BFFF74DFF002802D003205D
:1064800007B0F0BD2268002D0BD133880236DB0542
:10649000DB0D9362039B039A1B88013B9BB2138025
:1064A000D0E72B7801359362F4E70000030073B561
:1064B0000026040090331E60FEF762F82368050092
:1064C0001B681B0719D423681B685B070AD580214A
:1064D000104B0022009320002B00C903FFF71AFF86
:1064E000002815D122000020202388321360536039
:1064F000E0662067843420700BE08021054B320079
:106500000093890303002000FFF704FF0028DAD07E
:10651000032076BDFFFFFF01F8B51300020006005F
:1065200005005C3281650F00138022210022903625
:106530008C3532602960011D0400C86F904213D071
:106540001D498263C1621D493A0001631C494163D0
:1065500021682431FEF710F9002805D0102301200E
:106560003360DB182B60F8BD2369002B0BD0EFF3F1
:106570001081012383F310882268FF3310680343DE
:10658000136081F31088EFF31080012383F31088E8
:1065900021688A681A438A6080F31088EFF31081BB
:1065A00083F3108822683F3390680343936081F33C
:1065B00010880020D7E7C046855F0108615F0108A9
:1065C000B95B0108F7B50700436E04006A37002B7A
:1065D00004D10120388068342080F7BD03680B4E59
:1065E0009A689B680A4D5B0FF05CE95CC000019201
:1065F000F1F726FE019B38801B015B0FF05CE95C24
:10660000C000F1F71DFE80B2E5E7C0460A89010827
:1066100002890108F7B504000E001D000192002850
:1066200001D10120FEBD070088373B68002B04D153
:10663000020084321370F9F7C7FE24230121226877
:106640003B60136820008B431360FFF7EBFC0128CD
:10665000E7D0A36A002B02D02000FFF7F3FD8022D1
:106660002368D20199682D040A439A609A680A49FE
:1066700020000A4032439A60019A51050D431A687E
:1066800006490A40154301221D6019680A431A6031
:10669000FFF70CFFC6E7C046FF7FFFFFFFFF00FCD0
:1066A000704770477047000070B50400843422784A
:1066B00003000220012A11D01D0024220126883562
:1066C0002A601A6811681068B043106004480140DD
:1066D00000205866202311602B60207070BDC046DA
:1066E000FFFFFFDFF8B5050084350B002978022293
:1066F000012915D006000121046888362232326053
:10670000276822688A432260A168C900C908194322
:10671000A160FFF757FF20230022276033602A7013
:106720001000F8BDF8B5050084350A002978022369
:10673000012915D006000121046888362233336010
:10674000276823688B432360A168064B19401143D7
:10675000A160FFF737FF20232760336000232B70F1
:106760001800F8BDFFFFFFF103008C331B6870B504
:1067700004000220202B02D1002901D1012070BD8C
:10678000002AFBD08020A56801234001854204D166
:106790002069002801D11942F0D1E36600232000CE
:1067A0002367FFF7B9FE0028E9D1E26E012AE5D19F
:1067B000102321680B62EFF3108182F310882268A6
:1067C00014682343136081F31088D8E710B5034B96
:1067D0000100186800F030F810BDC04660020020CB
:1067E00010B5034B0100186800F0EEFC10BDC04668
:1067F0006002002070B50F4E0D00316804000029C2
:1068000002D100F00DFC30602900200000F008FCEF
:10681000431C03D101256D42280070BD0323C51C14
:106820009D43A842F8D0291A200000F0F9FB01305E
:10683000F2D1EFE704670020F7B50322CB1C9343A6
:10684000083305001F000C2B34D20C27B94233D873
:10685000280000F071F8374E33681C00002C2FD14F
:1068600039002800FFF7C6FF0400431C5FD13468DD
:106870000094009B002B4AD1002C52D023682800A2
:10688000E3180099019300F0CBFB019B834248D1B0
:1068900023682800FF1A3900FFF7ACFF013040D011
:1068A0002368DB19236033685A68002A33D1009BC0
:1068B000336019E0002BC9DA0C232B600020FEBDE9
:1068C0002168C91B20D40B290AD9E2192760A342E9
:1068D00004D1326063681160536005E05A60F9E7E3
:1068E0006268A3420ED13260280000F02DF820002B
:1068F00007220B30231D9043C21A9842DFD01B1A87
:10690000A350DCE75A60EFE723006468A6E7009C29
:1069100063680093ADE71A005B68A342FBD10023D4
:10692000DAE70C2328002B6000F00EF8C6E70760BA
:10693000DAE7C0460867002010B5024800F0C1FB46
:1069400010BDC0464C68002010B5024800F0BAFBEC
:1069500010BDC0464C680020114B70B51D68040086
:106960002B6B002B16D11820FFF730FF021E286377
:1069700004D146210B4B0C4800F008FC0B4B0021C6
:1069800003600B4B43600B4B83600B23838101201F
:106990001061516100222B6B1C615A6170BDC046B1
:1069A000600200200C880108238801080E33CDAB5B
:1069B00034126DE6ECDE0500164B10B51C68236B37
:1069C000002B16D11820FFF701FF021E206304D10F
:1069D0005221114B114800F0D9FB114B00210360EB
:1069E000104B4360104B83600B23838101201061A7
:1069F0005161246B0D4A206961690D4BF1F7A4FDCB
:106A0000012200238018594120616161480040083B
:106A100010BDC046600200200C88010823880108D0
:106A20000E33CDAB34126DE6ECDE05002D7F954CB8
:106A30002DF4515830B50024022B09D09208035987
:106A40000D59013A05510B510434002AF7DC30BDD1
:106A5000035D0D5D05550B550134131B002BF7DC51
:106A6000F5E7F8B50F00160004001D009847310047
:106A700000280DDA3800A847002802DA3C00200080
:106A8000F8BD31002000A8470028F8DA3400F6E706
:106A90003800A8470028F1DC31002000A847002872
:106AA000F4DAECE7F0B599B000900393009B17007F
:106AB00013430222080001929B0704D13B1F1A00D6
:106AC000531E9A410192002304933C00009B4443CF
:106AD000DB190293009B1B190693062828D8029BFA
:106AE000069A93420CD3049B002B00D020E119B0EE
:106AF000F0BD3A0029002000019BFFF79BFF0FE04B
:106B0000029C0EE0E51B21002800039B984700280B
:106B10000ADD019B002BECD123682A6822602B60E0
:106B20002C00009BA342EDD3029BDB190293D6E716
:106B300046087E43009BE41B9E191C19072821D0A0
:106B400022000593282817D9C5087D4359194A19E9
:106B5000039B0098FFF785FF31007219039B059096
:106B6000701BFFF77EFF06006800201A2200039BBF
:106B70004119FFF776FF02003100039B0598FFF7EC
:106B800070FF0600019B002B23D1009B32681B681D
:106B900000990A60336000232600029D0793059543
:106BA000A54233D828000099039B984700282BDC86
:106BB0000DD1019B002B13D1059B2A681B680599F9
:106BC0000A602B60059BDB19059301230793ED19E0
:106BD000E6E73A003100019B0098FFF72BFFDAE768
:106BE0003A002900019B0598FFF724FFEAE70028F7
:106BF00009D1019B002B13D12368326822603360D6
:106C00000123F61B0793E41BAC4210D2079B002B19
:106C100040D1029B069A934200D364E7029C32E083
:106C20003A0031002000019BFFF704FFE8E7200055
:106C30000099039B98470028D9DA019B002B05D1C6
:106C40002B6822682A602360E41BBEE73A0021001B
:106C50002800019BFFF7EEFEF6E73A00290020002E
:106C6000019BFFF7E7FE0DE0E51B21002800039BD9
:106C7000984700280ADD019B002BEED123682A6883
:106C800022602B602C00009BA342EDD3029BDB19FA
:106C90000293BEE7059B009AEB1A0293059B9A1A92
:106CA000029B9A4200DD1A00002A04D0019B009842
:106CB000A91AFFF7BFFE069B341B9A1BD21BA242E8
:106CC00000D92200002A05D0069B2800991A019BB2
:106CD000FFF7B0FE069B029E1D1BB44205D82300A1
:106CE00034001E002B00009D0093BE422BD9049B54
:106CF000072B11D808AADB009D5039009B182000F3
:106D00001D00F1F713FA049B68600133390030006D
:106D10000493F1F70BFAD8E639003000F1F706FAE0
:106D20003A000100039B0098FFF7BCFEBC420DD85F
:106D3000049B08AA013B0493DB009A58009208AA1E
:106D40009B185868C1E6BC4200D8CCE63900200048
:106D5000F1F7ECF90095B8E6002310B504000360E4
:106D60004360836081814366C281036143618361C3
:106D7000190008225C3000F011F90B4B24626362A9
:106D80000A4BA3620A4BE3620A4B23630A4B9C4201
:106D900005D00A4B9C4202D0094B9C4203D12000F3
:106DA000583000F08DF910BDE16E0108096F01083F
:106DB000416F01086D6F01080C67002074670020A7
:106DC000DC67002010B5034A0349044800F06CF862
:106DD00010BDC046540200206973010864020020FF
:106DE00041680B4B10B50400994201D000F0BCFA89
:106DF000A168084B994202D0200000F0B5FAE16882
:106E0000054B994202D0200000F0AEFA10BDC046FA
:106E10000C67002074670020DC67002010B5094B68
:106E2000094A04211A6009480022FFF795FF012250
:106E300009210748FFF790FF022212210548FFF7BA
:106E40008BFF10BD44680020C56D01080C67002051
:106E500074670020DC67002010B5024800F031F9AB
:106E600010BDC0464D68002010B5024800F02AF958
:106E700010BDC0464D68002010B50400FFF7ECFFC0
:106E8000236A002B02D0FFF7EFFF10BD044B2362F3
:106E9000044B1B68002BF6D1FFF7C0FFF3E7C04699
:106EA000E16D010844680020F7B514000026009049
:106EB0000191A5686768013F04D52468002CF8D1CA
:106EC0003000FEBDAB89012B08D90E22AB5E013329
:106ED00004D029000098019B984706436835EAE7EB
:106EE00070B50C000E25495F00F086F8002803DB22
:106EF000636D1B18636570BDA389024A1340A381AB
:106F0000F9E7C046FFEFFFFFF8B51F008B890500CA
:106F10000C001600DB0505D50E23C95E00220223F6
:106F200000F056F8A389054A28001340A3813200D7
:106F30000E23E15E3B0000F085F8F8BDFFEFFFFF98
:106F400070B50C000E25495F00F042F8A389421C81
:106F500003D1054A1340A38170BD8022520113431F
:106F6000A3816065F8E7C046FFEFFFFF10B50E2371
:106F7000C95E00F01BF810BD10B5884202D98B180D
:106F8000984208D300239A4207D0CC5CC454013302
:106F9000F9E78B5C8354013AFBD210BD03008218E1
:106FA000934200D1704719700133F9E7002370B59F
:106FB000064D040008002B60F9F776FD431C03D151
:106FC0002B68002B00D0236070BDC04648680020AD
:106FD00070B50400080011001A000023054D2B6055
:106FE000F9F76CFD431C03D12B68002B00D0236004
:106FF00070BDC0464868002070B50400080011004C
:107000001A000023054D2B60F9F734FD431C03D112
:107010002B68002B00D0236070BDC046486800205C
:10702000002370B5064D040008002B60F9F748FDF9
:10703000431C03D12B68002B00D0236070BDC046D9
:107040004868002070B50400080011001A000023F1
:10705000054D2B60F9F71BFD431C03D12B68002B5A
:1070600000D0236070BDC04648680020014B1868FE
:107070007047C0466002002070B500260C4C0D4DD4
:10708000641BA410A64209D1002601F0F3FA0A4CB1
:107090000A4D641BA410A64205D170BDB300EB5885
:1070A00098470136EEE7B300EB5898470136F2E710
:1070B0006089010860890108648901086089010804
:1070C000704770477047002310B59A4200D110BD39
:1070D000CC5CC4540133F8E7F8B50D0017006B0021
:1070E000274A5B0D9A180E0004000100132A21DCC8
:1070F000002A07DA0022EE0FF3073A607B602900CE
:107100002000F8BD1F48104103002B40234305D148
:10711000F60F3C607D601C00F507F0E78643002217
:107120003300200029003A607B60F3F757FE04002B
:107130000D00E4E7332A15DD29003C607D6000F096
:107140004FF900280AD122002B0020002900F2F775
:107150005FFB04000D003C607D60D0E7EE0F002473
:10716000F507CCE70120084A40429B18D8400300AD
:1071700023402042CCD081432B000A00D1E7C046F7
:1071800001FCFFFFFFFF0F00EDFBFFFF7FB51400C9
:107190001A00094B05001B680E00D868074B002C2D
:1071A00001D1074B1C000749019302942B00009664
:1071B00000F006F900F044F9600200207B88010825
:1071C000B68801088888010870B505000C1E10D02B
:1071D000043C2368002B00DAE4182800FFF7ACFB1E
:1071E0001D4A1368002B05D1636014602800FFF767
:1071F000ABFB70BDA34208D9206821188B42F3D1A4
:1072000019685B6809182160EEE71A005B68002BBB
:1072100001D0A342F9D911685018A0420BD12068BF
:107220000918501811608342E0D118685B68411852
:1072300011605360DAE7A04202D90C232B60D5E736
:10724000206821188B4203D119685B6809182160F6
:1072500063605460CAE7C04608670020F7B50C2297
:107260008B5E05000C001A0756D44A68002A02DC1F
:107270000A6C002A4EDDE76A002F4BD000228020E6
:107280002E682A601A004001216A0240034233D06E
:10729000626DA3895B0706D56368D21A636B002B06
:1072A00001D0236CD21A00232800E76A216AB8476C
:1072B000A289431C06D129681D2946D8294BCB40F9
:1072C000DB0742D50023636023692360D20405D520
:1072D000431C02D12B68002B00D16065616B2E60CE
:1072E000002917D023004433994202D02800FFF729
:1072F0006BFF002363630DE001232800B847020001
:10730000431CC6D12B68002BC3D01D2B01D0162BDC
:107310001AD12E6000201EE00E69002EFAD00F68F0
:107320000E60BA1B019200229B0700D14A69A2603D
:10733000019B002BEEDDA36A32001F002800019B99
:10734000216AB847002807DCA289402301201343A3
:107350001BB2A3814042FEBD019B36181B1A01934C
:10736000E6E7C046010040200B6970B505000C003F
:10737000002B02D10025280070BD002804D0036A2C
:10738000002B01D1FFF778FD0C22A35E002BF1D07A
:10739000626ED20704D49B0502D4A06DFFF791FE64
:1073A00028002100FFF75AFF636E0500DB07E2D4D7
:1073B000A3899B05DFD4A06DFFF784FEDBE7000007
:1073C0000EB417B5054C05AB04CB01002068019342
:1073D00000F064F81EBC08BC03B01847600200202F
:1073E0000B0070B50400020001001C430220002CB9
:1073F00006D080200006834203D14B1E9941881C91
:1074000070BD0C48590049080B4C0E180420A642C8
:10741000F6D9802401386403A342F1D380252D06D8
:107420005D19A542ECD3054C0020A142E8D15042A1
:107430005041E5E70000F0FFFFFFDF7F0000F07F35
:10744000062010B500F08CFB0120F9F70DFB9368C6
:1074500010B5013B9360002B04DA9469A34207DB6B
:107460000A2905D01368581C10601970080010BD57
:1074700000F0ACFA0100F9E7F8B506000F001400BF
:10748000D518AC4201D1002007E021783A00300045
:10749000FFF7DDFF0134431CF3D1F8BDF0B5A1B017
:1074A0000F0015001E000390002804D0036A002B73
:1074B00001D1FFF7E1FC7B6EDB0705D4BB899B059F
:1074C00002D4B86DFFF7FDFDBB891B0702D53B69F0
:1074D000002B13D13900039800F0BAFA00280DD020
:1074E0007B6EDB0703D50120404221B0F0BDBB8994
:1074F0009B05F8D4B86DFFF7E5FDF4E7002308AC71
:107500006361203363761033A37607962E003378B9
:10751000002B01D0252B48D1731B0593AE420BD015
:107520002A0039000398FFF7A7FF013000D1AEE031
:107530006369059A9B1863613378002B00D1A6E03C
:10754000012200235242626004A954325218751C71
:107550002360E360A3601370A365594B05221800F4
:107560002978059300F01CFB6E1C00281FD12268AF
:10757000D30604D5532304A95B18202119701307DF
:1075800004D5532304A95B182B2119702B782A2BBF
:1075900016D02E0000210A20E3683278751C303A9C
:1075A000092A50D9002911D117E00136AFE7059B10
:1075B0002268C01A01238340134335002360CCE7BF
:1075C000079B191D1B680791002B01DB0B9304E03F
:1075D0005B42E36002231343236033782E2B0CD1EC
:1075E00073782A2B34D1079B02361A1D1B68079229
:1075F000002B01DA01235B420993324D032228005C
:10760000317800F0CDFA002806D04023401B83409B
:107610002268013613432360317806222A48751CFC
:10762000217600F0BDFA002840D0284B002B22D153
:107630000722079B07339343083307936369049A30
:107640009B18636162E743432E0001219B18A4E766
:1076500000230A201900013663603278751C303A25
:10766000092A03D9002BC8D00991C6E741432E004F
:1076700001238918F1E707AA009221003A00144B70
:10768000039800E000BF0490049B0133D6D17B6EC9
:10769000DB0705D4BB899B0502D4B86DFFF712FD4B
:1076A000BB895B0600D51EE70D981EE707AA00926E
:1076B00021003A00064B039800F07CF8E3E7C0464F
:1076C000B7880108BD880108C188010800000000D2
:1076D00079740108F7B5160001938A680B690C00EC
:1076E0000090934200DA1300220033604332127894
:1076F000002A01D00133336023689B0602D533682A
:10770000023333602268062315001D401A4227D039
:10771000230043331B785A1E93412268920630D4CB
:10772000220001990098089D4332A847013025D0D6
:107730000622236800251340042B05D13368E56831
:10774000ED1AEB43DB171D40A3682269934201DD6C
:107750009B1AED180026B54220D1002010E001351B
:10776000E36832689B1AAB42D2DD22000123019903
:107770000098089F1932B8470130F0D101204042EB
:10778000FEBD3020E1184331087021005A1C4531FC
:107790000978A218433202331170C1E72200012395
:1077A00001990098089F1A32B8470130E6D0013697
:1077B000D1E70000F0B58BB006920A004332079380
:1077C000059003920A7E0C00109B782A09D8622A41
:1077D0000BD8002A00D1BAE07A490491582A00D186
:1077E0008EE0250042352A7022E01000633815280B
:1077F000F7D8F0F791FC16001F00F6FFF6FFF6FF32
:10780000F6FF1F00F6FFF6FFF6FFF6FF9F003600BB
:107810007E00F6FFF6FFB000F6FF3600F6FFF6FF3B
:10782000820025001A684235111D196013682B70FB
:1078300001239EE018680968021D0D060BD5066835
:107840001A60002E03DA2D23039A764213705D4BE3
:107850000A27049318E006681A604906F1D536B283
:10786000EFE70868196840C9050602D4400600D54C
:10787000B6B21960534B0A2704936F2A00D1023F16
:107880002300002243331A706368A360002B06DBD9
:1078900004212268039D8A43226033430CD0039D58
:1078A00030003900F0F7C8FC049B013D5B5C2B7095
:1078B000330006009F42F3D9082F09D12368DB0764
:1078C00006D5626823699A4202DC3023013D2B70A1
:1078D000039B5B1B2361079B210000930598069B7C
:1078E00009AAFFF7F7FE013048D1012040420BB052
:1078F000F0BD202209680A432260782232490491AF
:10790000210045310A701968226840C9100602D466
:10791000500600D5B6B21960D30702D52023134311
:107920002360002E01D01027AAE72022236893436A
:107930002360F8E71A680D68101D4969186013681C
:107940002E0601D5196002E06D06FBD519800023D3
:10795000039D2361BFE71A68111D19601568002196
:107960002800626800F01CF9002801D0401B60600C
:10797000636823610023039A1370ACE72A0023692C
:1079800006990598079DA8470130AED023689B074C
:1079900015D4099BE0689842A9DA1800A7E72200ED
:1079A000012306990598079E1932B04701309CD0F3
:1079B0000135E368099A9B1AAB42F0DCE9E7002540
:1079C000F7E7C046C8880108D9880108F8B506005D
:1079D0000D001400002804D0036A002B01D1FFF72A
:1079E0004BFAA369A360A3891B0702D52369002B67
:1079F00009D12100300000F02BF8002803D0012528
:107A00006D422800F8BD23692068EFB2C01A63698F
:107A1000EDB2834205DC21003000FFF7A5FC002811
:107A2000EDD1A3680130013BA36023685A1C22609A
:107A30001F706369834204D0A389DB07E1D50A2D57
:107A4000DFD121003000FFF78FFC0028D9D0D6E726
:107A50002D4B70B5050018680C00002804D0036A8F
:107A6000002B01D1FFF708FA0C22A35E1A0723D4DA
:107A7000DA0607D409222A60402201201343A38199
:107A800040423AE05B0713D5616B002908D0230020
:107A90004433994202D02800FFF796FB002363632A
:107AA0002422A3899343A381002363602369236075
:107AB0000823A2891343A3812369002B0BD1A021A2
:107AC0008022A389890092000B40934203D02100B9
:107AD000280000F09BF80C22A35E01211A000A4046
:107AE0000B420BD00022A26062695242A2610020C8
:107AF0002269824201D11A06BED470BD990700D412
:107B00006269A260F3E7C0466002002070B504001D
:107B10000D001F2904D9162303600120404270BDC7
:107B2000C36B002B04D08A009B181A68002A08D166
:107B3000200000F031F82A000100200000F01AF8BF
:107B4000EDE7012A09D0511C03D11623036001205F
:107B5000E5E700212800196090470020DFE70000DA
:107B600010B5034B01001868FFF7D0FF10BDC046E9
:107B700060020020002370B5064D040008001100CB
:107B80002B60F8F769FF431C03D12B68002B00D052
:107B9000236070BD4868002010B5F8F75BFF10BD8A
:107BA000C9B28218904201D10020704703788B42FD
:107BB000FBD00130F6E7000070B50E001D000E236B
:107BC000C95E140096B000290CDAB2898023110036
:107BD00019401A4214D18023DB0000202960236061
:107BE00016B070BD6A4600F053F80028EDDBF023B4
:107BF00001991B021940044BC9184B425941EAE74D
:107C000000214023E9E7C04600E0FFFFF0B502266F
:107C10008B8905000C0085B0334207D02300473321
:107C2000236023610123636105B0F0BD03AB02AAA9
:107C3000FFF7C2FF029F019039002800FEF7FCFD0C
:107C4000002808D10C22A35E9A05EDD403229343A9
:107C50001E43A681E2E78023A28920601343A3810B
:107C6000039B20616761002B0CD028000E23E15E8E
:107C700000F020F8002805D00323A2899A43023B94
:107C80001343A381A389019A1343A381CCE7000086
:107C9000002370B5064D0400080011002B60F8F7B2
:107CA00006FF431C03D12B68002B00D0236070BD5E
:107CB00048680020002370B5064D040008002B60C2
:107CC000F8F7FAFE431C03D12B68002B00D0236089
:107CD00070BDC04648680020F8B504000D0000F0F3
:107CE00081F906000F002000290000F089F8002823
:107CF0000DD0200029000F4A0F4BF0F7B7FB0028EA
:107D000008D0FFF7B3F9222300260C4F03603000A0
:107D10003900F8BD20002900094A0A4BF0F792FB10
:107D20000028F4D0FFF7A2F92223002600270360E1
:107D3000EDE7C046EF39FAFE422E86400000F07FA4
:107D400051302DD5104987C0F8B504000D0000F062
:107D5000B1FA220006000F002B0020002900F3F7E3
:107D600047FC002815D10022002320002900F0F74D
:107D70007DFB00280DD10022002320002900F0F710
:107D80005BFB002808D0FFF771F922230026074F7C
:107D9000036030003900F8BDFFF768F92123036064
:107DA000034800F035F806000F00F2E70000F0FF8E
:107DB000B6880108F8B504000D0000F02FF8220085
:107DC00006000F002B0020002900F3F711FC00280B
:107DD00013D10022002320002900F0F733FB0028F4
:107DE0000BD0FFF743F9212300220360002310008A
:107DF0001900F2F7D3F806000F0030003900F8BD83
:107E0000024B48004008C018C00F704700001080A7
:107E1000002001497047C0460000F87FF0B50A0015
:107E20000D006B4904000300080087B02840884219
:107E300011D122002B0020002900F2F7E9FC0200FA
:107E40000B0020002900F1F7E3FC04000D002000E6
:107E5000290007B0F0BD002D11DC6900490821435D
:107E6000F5D00020854210D022002B0020002900F0
:107E7000F2F7B4FF02000B00F2F790F8E5E72815DF
:107E800015D180240021640307E0DA0A15385B0568
:107E9000002AFAD0F5E7520001312242FBD04C1EF5
:107EA000001B20241D00641AE5408B402A434949E9
:107EB000120344188021120B49031143C00703D455
:107EC000DA0F490051185B00002562104900802438
:107ED0000592DA0F5218162029005B00A4030E1930
:107EE000964202DC3119921B2D19DE0F5200013827
:107EF00092195B0064080028F1D120268027040035
:107F000004963F063E18B4468A4202DC14D19E42D3
:107F100012D860466646C0190091002E03DAC643A7
:107F2000F60F8E190096521A634589414942521A3A
:107F300061465B1A0099E419DE0F52009219049E03
:107F40005B00013E7F080496002EDBD11A431FD050
:107F5000214E224F306871683A687B680092019325
:107F60003268736802920393009A019BF2F736FF1E
:107F700002000B0002980399F0F76EFA002807D070
:107F8000306871683A687B68671C0CD1049C0135C5
:107F9000134A6B109B18059AED07640812052543D8
:107FA0002800D11851E7F1F733FC776836680200F2
:107FB0000B0030003900F0F745FA002804D00234F5
:107FC00063426341ED18E3E7012301349C43DFE79B
:107FD0000000F07F01FCFFFF2089010818890108DB
:107FE0000000E03FF0B54B000F00CC0F91490600B8
:107FF00089B05B088B422ED98F498B4211D93B0344
:108000001B0B034306D002003B0030003900F1F7A0
:10801000FFFB10E0002C00D009E13000390009B06E
:10802000F0BD3900854A864BF0F720FA051E05D0D1
:10803000002000F017FB06000F00EEE730003900CB
:10804000804A814BF0F7FEF9002800D17DE028003E
:1080500000F001FBEFE77D4A934200D89EE07C4AA6
:10806000934272D87B4BE5005B191A685B68390054
:10807000F2F7B4FE784B029003915B191A685B68C3
:1080800004920593012363401B1B0193049A059BF3
:1080900002980399F2F7A2FE06000F0032003B009F
:1080A00030003900F2F7B4FB04000D006B4A6C4B52
:1080B000F2F7AEFB6B4A6C4BF2F790FE22002B00FE
:1080C000F2F7A6FB694A6A4BF1F7A2FB22002B00EC
:1080D000F2F79EFB674A684BF2F780FE22002B0006
:1080E000F2F796FB654A664BF1F792FB22002B00F4
:1080F000F2F78EFB02000B0030003900F2F76EFE43
:108100000B00020004000D0030003900F2F780FB84
:10811000019B06900791002B56D18023002220005E
:108120002900DB05F2F75AFE02000B0006980799BA
:10813000F1F734FF32003B00F2F750FE02000B0073
:1081400000205049F2F74AFE75E74F4BE4001C1936
:108150004E4A4F4B30003900F2F75AFB22686368F1
:10816000F1F756FBF3F766FA0190F3F79FFA494AE5
:10817000494B04000D00F2F74BFB02000B003000EE
:108180003900F2F72BFE454A02900391444B200040
:108190002900F2F73DFB0490059177E7414A9342AD
:1081A0000DD8414A414B3900F1F732FB0022354BE3
:1081B000F0F75CF9002805D00022324B25E70023B8
:1081C00001936BE7019069E780212B0022000020DA
:1081D000C905F2F703FE02000B0006980799F1F7B4
:1081E000DDFE02000B0004980599F2F7F7FD029AF4
:1081F000039BF2F7F3FD02000B0000202149F2F788
:10820000EDFD2B4B019A0D009A4203DB1105060090
:108210004F1902E7FA2292009446019B0022634420
:108220001B055918B8235B04F2F7F2FA03E700269E
:108230000027F2E6412E8640FFFFEF7FEF39FAFE7E
:10824000422E864051302DD5104987C0422ED63F50
:10825000B1A2F03F3889010828890108D0A4BE7274
:108260006937663EF16BD2C541BDBB3E2CDE25AF02
:108270006A56113F93BDBE166CC1663F3E555555BB
:108280005555C53F0000F03F48890108FE822B6527
:108290004715F73F0000E0FE422EE63F763C793579
:1082A000EF39EA3DFFFFEF3D9C7500883CE4377EE7
:1082B00003FCFFFF8023F0B55B030E008DB09942F5
:1082C00023DA4B005B08034307D100220023002080
:1082D000B449F1F763FE0DB0F0BD002906DA0200E3
:1082E0000B00F2F77BFD00220023F2E7AE4B0022E9
:1082F000F2F78EFA36230E005B42AC4A964206DD58
:1083000002000B00F1F784FAE5E70023F5E7A84C3B
:10831000321512193603A74CD218330B02931B19CE
:10832000802464032340A44C029D5C401B159B18D1
:1083300025430022009329009F4BF2F74FFD029B3B
:10834000060002331B030F0000221B0B022B64DC10
:108350000023F0F771F8002819D0009B002B00D102
:108360001CE11800F3F7A2F9944A954B04000D00A4
:10837000F2F74EFA934A06000F00934B20002900B3
:10838000F2F746FA02000B0030003900BAE78F4AD4
:108390008F4B30003900F2F73BFA02000B0000204F
:1083A0008C49F2F71BFD320004000D003B00300049
:1083B0003900F2F72DFA0B00020029002000F2F735
:1083C00027FA009B02900391002B06D102000B00BC
:1083D00030003900F2F702FD7DE70098F3F766F907
:1083E000764A774B04000D00F2F712FA754A0090B6
:1083F0000191754B20002900F2F70AFA02000B00E8
:1084000002980399F2F7EAFC32003B00F2F7E6FC2F
:1084100002000B0000980199DCE78023DB05F1F7EF
:10842000F7F902000B0030003900F1F7B7FD0490B6
:1084300005910098F3F73AF9049A059B0690079185
:1084400010001900F2F7E4F9634A029B9446634472
:1084500002000B930B0008900991F2F7D9F9040080
:108460000D005E4A5E4BF2F7D3F95E4A5E4BF1F7C0
:10847000CFF922002B00F2F7CBF95C4A5C4BF1F705
:10848000C7F922002B00F2F7C3F95A4A5A4BF1F709
:10849000BFF9089A099BF2F7BBF9584A089009916D
:1084A000574B20002900F2F7B3F9564A564BF1F723
:1084B000AFF922002B00F2F7ABF9544A544BF1F715
:1084C000A7F922002B00F2F7A3F902000B0008988D
:1084D0000999F1F79DF9029A4E4B04009B1A0B9AE9
:1084E0000D001343002B34DD00223A4B30003900DD
:1084F000F2F78EF932003B00F2F78AF902000B0026
:108500000290039120002900F1F782F9049A059B5B
:10851000F2F77EF9009B04000D00002B06D102004B
:108520000B0002980399F2F759FC4FE7234A244BBA
:1085300006980799F2F76CF9224A00900191069883
:108540000799214BF2F764F922002B00F1F760F94B
:1085500054E702000B0030003900F2F73FFC049AA8
:10856000059BF2F755F9009B04000D00002B02D18A
:1085700002000B002CE7114A114B06980799F2F7FD
:1085800047F9104A00900191069807990E4BF2F7AF
:108590003FF902000B002000290033E700200021F2
:1085A00099E6C046000050C300005043FFFFEF7F34
:1085B00001FCFFFF645F09000000F03F0000E0FEE7
:1085C000422EE63F763C7935EF39EA3D5555555513
:1085D0005555D53F0000E03F86EBF9FF44523EDFA2
:1085E00012F1C23FDE03CB966446C73F59932294F3
:1085F0002449D23F935555555555E53F9FC678D0F0
:10860000099AC33FAF788E1DC571CC3F04FA979984
:108610009999D93F51B8060070B50D0016000400B5
:10862000FEF724FD29000660200070BD37B5140058
:108630001D00002802D0802109065B1800920193DA
:10864000009A019B20002900F2F7E2F82222FFF7AE
:10865000E3FF03B030BD802310B500225B05FFF7B8
:10866000E5FF10BDE02310B50022DB05FFF7DEFFBC
:1086700010BD0000F8B5C046F8BC08BC9E46704767
:0C868000F8B5C046F8BC08BC9E46704728
:10869000A089B0E1E995B23FECC039234A7BC33FE2
:1086A0000A68226C787ACD3FB81E85EB51B8DE3F60
:1086B000000000000000F03F0F9C33A2B437F93FE8
:1086C0008A1F63EE5A420140A54E401361430640A3
:1086D000EF38454772790940000000003F800000F4
:1086E00000000000228D00084E8C0008388C000825
:1086F000B48C0008388C0008E88C0008388C00081E
:10870000B48C00084E8C00084E8C0008E88C0008E1
:10871000B48C0008248C0008248C0008248C0008E9
:10872000F28C00084E8C00084E8C0008388C000833
:108730008E8D0008388C0008E88C0008388C000802
:108740008E8D00084E8C00084E8C0008E88C0008C6
:108750008E8D0008248C0008248C0008248C0008CE
:10876000D0A100088EA000086CA0000858A0000846
:108770006CA0000872A100086CA0000858A00008B6
:108780008EA000088EA0000872A1000858A0000862
:1087900050A0000850A0000850A0000894A10008B4
:1087A00000000000000000000000000000000000C9
:1087B00001000000020000000300000004000000AF
:1087C00000000000000000000000000000000000A9
:1087D0000000000000000000000000000000000099
:1087E000010000000200000003000000040000007F
:1087F000060000000700000008000000090000005B
:1088000053544D5F31302E392E3037005245454E8E
:1088100054206D616C6C6F63207375636365656470
:108820006564002F6275696C642F676E752D746FB7
:108830006F6C732D666F722D73746D33325F3133CD
:108840002E332E72656C312E32303234303932365E
:108850002D313731352F7372632F6E65776C6962F6
:108860002F6E65776C69622F6C6962632F73746415
:108870006C69622F72616E642E63002C2066756EC7
:108880006374696F6E3A2000617373657274696F07
:108890006E2022257322206661696C65643A206629
:1088A000696C6520222573222C206C696E65202559
:1088B00064257325730A00232D302B2000686C4C2F
:1088C0000065666745464700303132333435363708
:1088D000383941424344454600303132333435362D
:1088E0003738396162636465660001000200040084
:1088F000060008000A000C00100020004000800064
:10890000000108040204080101010101010307013B
:10891000000000000000000059F3F8C21F6EA5011E
:10892000000000000000F03F763C7935EF39EA3D69
:10893000763C7935EF39EABD0000E0FE422EE63F95
:108940000000E0FE422EE6BF000000000000E03F15
:08895000000000000000E0BF80
:08895800B8FCFE7F01000000E5
:04896000E5800008A6
:04896400BD800008CA
:108968000000000000002E400000000000002E4023
:108978000E2DB29DEFFF58400000000000002E4071
:108988000000000000002E40210000000900000047
:108998000100000000040050200000000004005006
:1089A80010000000000800500010000000000050F7
:1089B800000800000004005008000000000C0050EF
:1089C80004000000000800500020000000080050CB
:1089D80000080000000800500002000000080050D5
:1089E80000040000000800500001000000040050CE
:1089F80004000000000C00500100000000000050BE
:108A0800040000000000005008000000000C0050A6
:108A180000010000000C005000020000000C005093
:108A280040000000000C005020000000000400502E
:108A380000800000000400500040000000040050C6
:108A48000020000000040050001000000004005046
:108A5800000800000004005000040000000400505A
:108A6800000200000004005000010000000800504F
:108A7800800000000008005040000000000800507E
:108A880020000000000800501000000000080050FE
:108A98000800000000080050040000000008005012
:108AA8000200000000080050010000000101000061
:108AB8000024F400000000000F000000080000007F
:108AC8000000000000003E400000000000406F4031
:108AD80000000000000000400000000000C09240BC
:108AE80000000000000089400100000000010000B3
:108AF800010000000000000000000000000000006D
:108B08000F000000070000000000000000004E40B9
:108B18000000000000005440000000000000F03F8A
:108B28000000000000F891400000000000E08540CF
:108B3800010000000001000001000000000000002A
:108B48000000000000000000010101000200000018
:108B5800010100000000000000000000000000000B
:108B68000000000000C092400000000000488C4057
:108B78000900000009000000010000000F000000CB
:108B88000000000000307140000000000000594063
:108B980000000000000059400000000000D086409E
:108BA8000A0000000100000001000000010B0100A4
:108BB8000400000000000000030000000C67002013
:108BC80064020020000000000C6700207467002089
:108BD800DC6700200000000000000000000000002A
:108BE800000000000000000000000000000000007D
:108BF800000000000000000000000000000000006D
:108C0800000000000000000000000000000000005C
:040000050801449D0D
:00000001FF
