:020000040800F2
:108000000090002045490108ED070108EF0701082D
:108010000000000000000000000000000000000060
:10802000000000000000000000000000F10701084F
:108030000000000000000000F3070108F507010838
:108040009549010895490108954901089549010894
:108050009549010895490108954901089549010884
:1080600095490108FD07010895490108954901084E
:108070009549010895490108954901089549010864
:10808000954901080D0801081D0801082D0801087F
:10809000954901083D0801084D0801089549010866
:1080A0009549010895490108954901085D080108AD
:0C80B0009549010895490108954901080F
:1080BC0010B5064C2378002B07D1054B002B02D0B2
:1080CC00044800E000BF0123237010BDB80200205B
:1080DC00000000001C8B0108044B10B5002B03D0D2
:1080EC000349044800E000BF10BDC046000000007A
:1080FC00BC0200201C8B010802B4714649084900DF
:10810C00095C49008E4402BC7047C04603B47146FA
:10811C00490840004900095E49008E4403BC704781
:10812C00002243088B4274D303098B425FD3030AAA
:10813C008B4244D3030B8B4228D3030C8B420DD3BD
:10814C00FF22090212BA030C8B4202D3121209024B
:10815C0065D0030B8B4219D300E0090AC30B8B4289
:10816C0001D3CB03C01A5241830B8B4201D38B0337
:10817C00C01A5241430B8B4201D34B03C01A5241DC
:10818C00030B8B4201D30B03C01A5241C30A8B421F
:10819C0001D3CB02C01A5241830A8B4201D38B020A
:1081AC00C01A5241430A8B4201D34B02C01A5241AE
:1081BC00030A8B4201D30B02C01A5241CDD2C30920
:1081CC008B4201D3CB01C01A524183098B4201D39C
:1081DC008B01C01A524143098B4201D34B01C01A87
:1081EC00524103098B4201D30B01C01A5241C308FF
:1081FC008B4201D3CB00C01A524183088B4201D36E
:10820C008B00C01A524143088B4201D34B00C01A59
:10821C005241411A00D20146524110467047FFE7C5
:10822C0001B5002000F0F0F802BDC0460029F7D0DF
:10823C0076E7704703460B437FD4002243088B42FA
:10824C0074D303098B425FD3030A8B4244D3030BD1
:10825C008B4228D3030C8B420DD3FF22090212BA96
:10826C00030C8B4202D31212090265D0030B8B4212
:10827C0019D300E0090AC30B8B4201D3CB03C01AFC
:10828C005241830B8B4201D38B03C01A5241430BD7
:10829C008B4201D34B03C01A5241030B8B4201D3C7
:1082AC000B03C01A5241C30A8B4201D3CB02C01A32
:1082BC005241830A8B4201D38B02C01A5241430AAA
:1082CC008B4201D34B02C01A5241030A8B4201D399
:1082DC000B02C01A5241CDD2C3098B4201D3CB0140
:1082EC00C01A524183098B4201D38B01C01A5241EF
:1082FC0043098B4201D34B01C01A524103098B42F3
:10830C0001D30B01C01A5241C3088B4201D3CB00DD
:10831C00C01A524183088B4201D38B00C01A5241C0
:10832C0043088B4201D34B00C01A5241411A00D270
:10833C0001465241104670475DE0CA0F00D04942D9
:10834C00031000D34042534000229C4603098B4249
:10835C002DD3030A8B4212D3FC22890112BA030AD1
:10836C008B420CD3890192118B4208D38901921153
:10837C008B4204D389013AD0921100E08909C309D8
:10838C008B4201D3CB01C01A524183098B4201D3DA
:10839C008B01C01A524143098B4201D34B01C01AC5
:1083AC00524103098B4201D30B01C01A5241C3083D
:1083BC008B4201D3CB00C01A524183088B4201D3AC
:1083CC008B00C01A5241D9D243088B4201D34B00C7
:1083DC00C01A5241411A00D20146634652415B1009
:1083EC00104601D34042002B00D5494270476346EA
:1083FC005B1000D3404201B5002000F005F802BD2F
:10840C000029F8D016E770477047C0468446100024
:10841C0062468C461900634600E0C0461FB502F068
:10842C0083F9002801D40021C8421FBD10B502F009
:10843C00C7F84042013010BD10B502F075F90028A4
:10844C0001DB002010BD012010BDC04610B502F0AC
:10845C006BF9002801DD002010BD012010BDC046C5
:10846C0010B502F0F1F8002801DC002010BD01204D
:10847C0010BDC04610B502F0E7F8002801DA002064
:10848C0010BD012010BDC046844608006146FFE7C0
:10849C001FB500F0FBFC002801D40021C8421FBD11
:1084AC0010B500F083FC4042013010BD10B500F057
:1084BC00EDFC002801DB002010BD012010BDC046E2
:1084CC0010B500F0E3FC002801DD002010BD0120F8
:1084DC0010BDC04610B500F091FC002801DC002056
:1084EC0010BD012010BDC04610B500F087FC00285F
:1084FC0001DA002010BD012010BDC046002B11D1A7
:10850C00002A0FD1002900D1002802D00021C94334
:10851C00080007B4024802A14018029003BDC046EF
:10852C00E9FEFFFF03B4684601B5029800F06AF853
:10853C00019B9E4602B00CBC7047C046F0B5CE46BF
:10854C009946030C9C46130447461B0C1D000E0059
:10855C0061460404240C80B50700100C4B436543A2
:10856C00414360432C0CC01824188C46A34203D9F9
:10857C0080235B029846C444494679435643230CF6
:10858C002D042D0C8919634424046019C918C0BC2E
:10859C00B946B046F0BDC0469E2110B5C905041CB5
:1085AC00FFF7A2FF002803D1201C01F075F810BDC5
:1085BC009E21201CC90500F00BFE01F06DF88023F4
:1085CC001B069C466044F2E770B500220C4B04007D
:1085DC000D00FFF74FFF002804D12000290003F005
:1085EC0023F870BD064B00222000290002F0F0FB9E
:1085FC0003F01AF880231B069C466044F1E7C04642
:10860C000000E041F0B557464E464546DE46E0B523
:10861C0004000D009246994683B08B4230D82DD081
:10862C004946504603F076F929000600200003F075
:10863C0071F9331A9846203B34D49B4653465A461C
:10864C00934042461F00534693401E00AF423BD816
:10865C00AF4200D179E05B46A41BBD41002B00DA90
:10866C0076E0002200230092019301235A469340A6
:10867C000193012342469340009329E08242CFD9D3
:10868C0000220023009201930C9B002B01D01C6054
:10869C005D600098019903B0F0BCBB46B246A94698
:1086AC00A046F0BD42469B4620239B1A5246DA4018
:1086BC00414613004A468A40170042461F43534620
:1086CC0093401E00AF42C3D90022002300920193B5
:1086DC004346002BD8D0FB0772081A4346467B084A
:1086EC000EE0AB4201D1A2420CD8A41A9D4101204C
:1086FC0024196D410021013E24184D41002E06D055
:10870C00AB42EED9013E24196D41002EF8D10098F0
:10871C0001995B4600196941002B24DB2B005A465A
:10872C004446D3402A00E2401C005B461500002B57
:10873C002ADB26009E40330026004746BE4032000E
:10874C00801A9941009001919EE7A342BCD882E720
:10875C004246202300219B1A002200910192012203
:10876C00DA40019285E7424620239B1A2A004646AE
:10877C009A402300F340444613432A00E2401C0075
:10878C005B461500002BD4DA42462F00202326002E
:10879C0097409B1ADE403B003343CDE7F8B54B02C4
:1087AC005A0A94464A00C90FCE46474689464500A8
:1087BC0046022D0E120E80B59909770AC40FB60920
:1087CC00AB1A4C4520D0002B0CDD002A34D10029EB
:1087DC002AD05A1E012B00D18FE0FF2B00D1CDE007
:1087EC0013002FE0002B60D0531B002D00D0EEE0C7
:1087FC00002E00D13EE15C1E012B00D16BE1FF2B62
:10880C0000D1B9E02300E7E0002B00DCA4E0002A53
:10881C0069D0FF2D00D1B1E08022D20411431B2B73
:10882C0000DCE9E02B000536F708FF2B00D1A5E0B2
:10883C007A02520AD8B230E0FF2D00D19EE080229D
:10884C00D204114301201B2B08DC08002022D84045
:10885C00D31A99400B005A1E93411843361A7301D0
:10886C0000D471E0B601B709380003F035F83B00CD
:10887C000538834085424DDDB44E2D1A1E405A07F3
:10888C0068D00F221340042B64D00436730161D5D9
:10889C00681CFE2D54D1FF200022C0051043E407B4
:1088AC002043C0BCB946B046F8BDFE229046681CB9
:1088BC000200404610426BD1002D00D0DDE0002EAE
:1088CC0000D102E10029B3D08022771AD2041742DA
:1088DC0000D136E14C468E1B61D00120164230D1BE
:1088EC000023F708A4E700299ED05A1E012B00D1C3
:1088FC00CAE0FF2B42D0130091E7711A4B0100D450
:10890C00D1E08F01BF09380002F0E6FF3B000538CB
:10891C00834001252022401B0130121A1E00934077
:10892C00C6405A1E93411E4339D0730700D11BE138
:10893C000F2300253340042BA7D1012072017CD5D5
:10894C00C0B2B201520AA8E7730703D00F23334019
:10895C00042B9AD12B0067E7002B23D0531B002D3F
:10896C007BD1002E00D186E05D1E012B00D18BE067
:10897C00FF2B02D02B0075E04C466746002F00D130
:10898C0089E78022D2033A435202FF20520A84E73D
:10899C00771A7B016BD4002F00D065E700240020F0
:1089AC0000227AE7FE226B1C1A4249D1002D00D01E
:1089BC009FE0002E00D1BAE0002900D1CFE0721860
:1089CC00530100D4CDE092010120520A65E7FF2A41
:1089DC00D2D08020C004064301201B2B08DC3000C1
:1089EC002024D840E31A9E4033005C1EA341184358
:1089FC004C4615000E1A32E708002022D840D31A34
:108A0C0099400B005A1E93410343F61873019BD5F2
:108A1C000135FF2D00D13EE701234D49720833404B
:108A2C000A401A431600530704D00F231340042B9B
:108A3C0000D02AE7730100D52AE72B00F708F7E6E8
:108A4C00FF2B00D127E7711849084A072FD00F22B6
:108A5C000A40042A2BD00E1DE6E6FF2A8DD080207A
:108A6C00C00406431B2B24DD13004E1DDCE64C46D4
:108A7C008F1BF9E64C460E00D6E6002E49D1002994
:108A8C0068D067464C467CE77018430174D5304972
:108A9C0040080140430709D00F230340042B05D0A5
:108AAC0002230E1DC0E60123CF08C1E60223CF0826
:108ABC00BEE620253000D840EB1A9E4033005D1EE8
:108ACC00AB41034315005E18A0E7002900D165E710
:108ADC004C466746ACE68F1B7B012ED5BF01BF0908
:108AEC00380002F0F9FE3B00053883404C46013556
:108AFC0010E7002E00D140E7002900D141E7802388
:108B0C00DB039F4200D23CE79C4500D339E7674624
:108B1C0037E7002900D134E78023DB039F4200D2E2
:108B2C002FE79C4500D32CE74C46674629E70029E4
:108B3C0000D134E70023CF087AE64C460123FF0826
:108B4C0076E6002F00D129E7FF0871E6FFFFFFFB57
:108B5C00FFFFFF7D80220024FF20D2039DE600232F
:108B6C0066E60023D70863E60120720100D5E7E62C
:108B7C0031000023CF085BE60123C70858E6C04646
:108B8C00F0B546464F46D6464502C0B5C30F470022
:108B9C0098460E1C6D0A3F0E5BD0FF2F21D0802310
:108BAC00ED00DB041D43002399469A467F3F740277
:108BBC007300640A1B0EF60F002B20D0FF2B43D042
:108BCC0080220020E400D20414437F3B4246FF1A6B
:108BDC004B4672400F2B00D99DE071499B00CB583E
:108BEC009F46002D5AD108239946063B74029A469B
:108BFC007300FF27640A1B0EF60F002BDED1002C2E
:108C0C003BD1012342464946724019430E2918D8DC
:108C1C006448890041588F465346022B00D1B8E076
:108C2C00032B6ED042462C00012B40D10020002497
:108C3C00C0052043D2071043E0BCBA46B146A84653
:108C4C00F0BDFF200024F3E7002C20D10223FF3FCE
:108C5C00D8E7002D05D104239946033B00279A46FB
:108C6C00A5E7280002F038FE7627431F9D4000231D
:108C7C007F4299469A463F1A99E7200002F02CFE53
:108C8C00431F9C4076235B421B1A00209EE7032364
:108C9C004A461A4391460320FC3397E70C23994626
:108CAC00093BFF279A4682E703282CD03200380074
:108CBC007F30002847DD630704D00F232340042BAB
:108CCC0000D00434230103D53800374B80301C40CE
:108CDC00FE28B6DCA401640AC0B2A9E780240022F5
:108CEC00FF20E403A4E78023DB031D4201D01C42D8
:108CFC000BD08024E4032C4364024246FF20640A18
:108D0C0096E746462C008023DB031C4364023200AA
:108D1C00FF20640A8CE76D01600185422DD21B2374
:108D2C000024013F0126290064006D00002901DBAD
:108D3C00854201D32D1A3443013B002BF3D16B1E1A
:108D4C009D412C43B3E701231B1A1B2B00DD6DE760
:108D5C0021009E37D940BC400B00611E8C4123433F
:108D6C00590704D00F211940042900D004335901AC
:108D7C0013D49B0100205C0A5AE71A2301242D1AF4
:108D8C00D0E7981E43425841404232000024C0B202
:108D9C004EE74246FF2000244AE70120002447E723
:108DAC008C8B0108CC8B0108FFFFFFF770B54200DC
:108DBC004E024C0045026D0A120EC30F760A240EA9
:108DCC00C90FFF2A10D0FF2C0CD00120A2420AD1CF
:108DDC00B54208D18B420FD0002A04D12800431E83
:108DEC00984100E0012070BD0120FF2CFBD13543E0
:108DFC00F9D14B401800F6E70020F4E730B54200FB
:108E0C0044024D02C30F4800640A120E6D0A000E94
:108E1C00C90FFF2A18D0FF280AD0002A1ED100281B
:108E2C000AD1002D29D0002C2DD14800013830BD9D
:108E3C00002D25D1002A01D1002CF6D08B4219D05F
:108E4C0001205B421843F2E7002C19D1FF28F7D11F
:108E5C00002D15D100208B42F2D1E8E70028EFD08D
:108E6C008B42EDD18242EBDC04DBAC42E8D8002033
:108E7C00AC42DCD258000138D9E7002CD7D0DFE760
:108E8C0002204042D3E78B42DAD1EEE730B5420004
:108E9C0044024D02C30F4800640A120E6D0A000E04
:108EAC00C90FFF2A17D0FF280AD0002A1BD100288F
:108EBC000AD1002D1DD0002C2DD14800013811E015
:108ECC00002D0ED1002A01D1002CF6D08B420CD1F2
:108EDC005800013806E0002C03D1FF2805D1002DE5
:108EEC0015D0022030BD002806D101205B4218436A
:108EFC00F8E7002CF6D0F8E78B42F6D18242F4DC8E
:108F0C00E6DBAC42F1D80020AC42EBD2E0E700202B
:108F1C008B42EAD1E6E78B42E7D1F2E7F0B54F4658
:108F2C004646D6464400C0B546020F1C760A240EAF
:108F3C00C50F002C00D1DAE0FF2C74D08023F60092
:108F4C00DB041E43002399469A467F3C7B025B0A56
:108F5C0098467B001B0EFF0F002B74D0FF2B00D10B
:108F6C008EE042468021D200C90411437F3B2A0087
:108F7C00E4184B467A408846D2B20A2B75DC4B4635
:108F8C000020022B0FDD494601238B40A621C9008E
:108F9C000B4269D1902189000B4200D000E188215D
:108FAC00194200D0F5E041460904090C434608007B
:108FBC00350C36041B0C360C704369435E435D4321
:108FCC007618030C9B19994203D9802149028C46CF
:108FDC00654400041904000C09188E01701E8641AA
:108FEC001B0C890E5B190E439B011E431B016CD499
:108FFC0023007F33002B00DCB1E0150071070BD090
:10900C000F2021003040042806D00436320103D54D
:10901C006E4B1E400B008033FE2B00DDBDE0B20119
:10902C00520ADBB248E0002E00D092E008239946A9
:10903C00063B9A467B025B0A98467B00FF241B0E7C
:10904C00FF0F002B8AD14246002A64D149460132D7
:10905C00114389460A2908DC7D400120EAB2022925
:10906C0091DC1500002227E015005346022B00D19D
:10907C0093E0032B1AD0012B2CD1002300221BE0F0
:10908C004346FF34002B55D003214B460B431900AC
:10909C000A2B00DC92E00F2B00D08CE08022D20354
:1090AC00164203D04346134200D17DE08022D20306
:1090BC0032435202520AFF23D805ED0710432843CE
:1090CC00E0BCBA46B146A846F0BD012315007108B4
:1090DC001E400E4323008033611C002B41DD7207C0
:1090EC0094D00F223240042A00D08EE78EE7002E57
:1090FC0005D104239946033B00249A4626E7300009
:10910C0002F0EAFB7624431F9E40002364429946FA
:10911C009A46241A1AE7404602F0DEFB4B46241A04
:10912C00763C0A2BA1DC4346053883407D409846AB
:10913C00EAB224E74A46023313432A007A40D2B2F9
:10914C000A2B92DC49461500002926D099460220AC
:10915C0019E70C239946093BFF249A46F6E61500BD
:10916C0021000122D31A1B2B00DD86E79E31320031
:10917C008E40DA40731E9E413243530704D00F23B6
:10918C001340042B00D00432530110D501230022CC
:10919C0092E73D004646824667E7FF2300228BE7B5
:1091AC0080220025D20386E73D001A4383E7920113
:1091BC000023520A80E73D00464677E72A00012348
:1091CC007A408B400320D2B2E9E6C046FFFFFFF79E
:1091DC00F8B54746CE46430280B55F0A9B09450069
:1091EC004A009C464B02C40FCE0F2D0E580A120E8D
:1091FC009909FF2A6BD001235E40AB1AB4424BD0C5
:10920C00002B00DCFFE0002A00D188E0FF2D00D10C
:10921C00EFE08022D204114301201B2B08DC080054
:10922C002022D840D31A99400B005A1E9341184360
:10923C0063461B1A9C4663465B0100D4CDE0634633
:10924C009F01BF09380002F047FB3B000538834003
:10925C00854200DCA2E0B74A2D1A1A4094465A0700
:10926C0000D1C3E00F221340042B00D1BEE0042335
:10927C009846C44463465B0100D4B7E0681CFE2DDD
:10928C0000D0A5E0FF200022C0051043E4072043D6
:10929C00C0BCB946B046F8BD002B00DCEBE1002A9F
:1092AC0046D0FF2D00D1A4E08022D20411431B2B09
:1092BC0000DCFBE0052398462B00C4446246D7082B
:1092CC00FF2B00D195E07A02520AD8B2DCE72B00D2
:1092DC00FF3B9946002918D101235E40B44200D1CE
:1092EC00CAE04B46002B2DD0002D00D03CE1FF23D3
:1092FC006446002C00D15FE15D1E012B00D174E1AE
:10930C003400FF2B74D02B0003E1B44200D19CE05D
:10931C00002B17D0002DEAD0070034006CE0002998
:10932C00CCD05A1E012B2BD0FF2B62D0130073E72D
:10933C000029C3D05A1E012B00D11EE1FF2B58D09F
:10934C001300B4E7FE226B1C1A420DD1002D60D025
:10935C006346002B00D020E1002900D028E18022B8
:10936C000024FF20D2038FE763465F1A7B0100D5F0
:10937C00FEE0002F00D065E700240020002283E7E8
:10938C006346591A4B0100D419E18F01BF0938000B
:10939C0002F0A2FA3B000538834001252022401B35
:1093AC000130121A19009340C1405A1E93411943BF
:1093BC008C460B1EE1D05B0700D152E10F23002538
:1093CC000B40042B00D052E701204A0100D492E05C
:1093DC00C0B263469A01520A56E763465B0705D052
:1093EC000F2362461340042B00D040E72B0065E7A7
:1093FC000700002F00D145E78022D2033A435202E6
:10940C00FF20520A40E7002B79D1FE226B1C1A4236
:10941C00AAD16346002B00D1F5E0002900D1D1E0A0
:10942C005F1A8023DB041F4200D10EE16246012447
:10943C008A1A944600203440002A00D124E70120E7
:10944C001A42C6D10023D7083DE7002B17D0002DB8
:10945C0000D0AFE0FF236546002D00D1ADE05E1ECD
:10946C00012B00D189E0FF2BC2D01B2E00DCABE01E
:10947C004B1D9C46130021E74B46002B70D1FE225E
:10948C006B1C1A425ED1002D00D0C3E06346002B4A
:10949C0000D1D0E0002900D194E00A0062445301CD
:1094AC0000D4D8E092010120520AEDE608002022F7
:1094BC00D840D31A99400B005A1E934103439C4445
:1094CC0063465B0189D50135FF2D00D1DAE6624692
:1094DC0001231949134052080A401A4313009446B9
:1094EC005B0704D00F231340042B00D0BFE6634668
:1094FC005B0100D5C2E66346DF082B00E3E6531B95
:10950C00002D00D1F4E680206446C0040443A44638
:10951C00340001201B2B09DC20256046D840EB1AB7
:10952C0065469D402B005D1EAB4118430B1A9C46B3
:10953C00150080E6FFFFFFFBFFFFFF7DFE226B1C8B
:10954C001342A3D0FF2B00D19CE6614449084A0783
:10955C0049D00F220A40042A45D00A1D9446ADE694
:10956C00002D00D176E78DE63400FF2000228BE63B
:10957C0063460124CF1A344064E661444B016DD537
:10958C0048084449014043072CD00F230340042BC7
:10959C0028D00B1D9C46022390E6002900D12BE716
:1095AC008023DB039F4200D226E7984200D323E7B7
:1095BC000124344007001FE734008C467EE601236B
:1095CC00CF0880E600237EE620206546801B854080
:1095DC0063462800F340451EA84103439C461500F2
:1095EC008C446DE70223CF086DE60F1B7B0128D559
:1095FC00BF01BF09380002F06FF93B00053883400A
:10960C0034000125CAE6002900D1B5E60124070083
:10961C00344058E66346002B00D1E9E6002900D11E
:10962C00EAE68023DB039F4200D2E5E6984200D3B2
:10963C00E2E60700E0E6002900D19EE60023CF0811
:10964C0041E634000123FF083DE6002F00D193E6EC
:10965C000023FF0837E60023D70834E60123CF08A0
:10966C0031E680220B00D20401201340114200D0BD
:10967C00AEE6CF0827E6002B00D15FE7561B002D86
:10968C0001D13300E7E680236046DB0418438446AF
:10969C00EBE6C046FFFFFF7D41024200C30F490AC3
:1096AC000020120E7E2A03DD9D2A02DD094A98183D
:1096BC007047802000040143952A07DC9620821A0B
:1096CC00D1404842002BF3D10800F1E7963A914083
:1096DC00F7E7C046FFFFFF7F70B5002812D0C31715
:1096EC00C5185D40C40F280002F0F6F89E231B1A23
:1096FC00962B0FDC082838D0083885406D026D0A8F
:10970C00D8B202E0002400200025C0052843E4075D
:10971C00204370BD992B14DC421F95402A0015493B
:10972C00114055071CD00F252A40042A18D00431AB
:10973C00CA08490115D59F235202181A550AC0B2FE
:10974C00E3E705222900121AD14002001B32954092
:10975C002A00551EAA410A43064911405507E2D179
:10976C00CA085202550AD8B2CFE76D026D0A8E3084
:10977C00CBE7C046FFFFFFFB10B5041E0DD002F077
:10978C00ABF89E231B1A962B0CDC082834D0083817
:10979C0084406402640AD8B201E000200024C005B1
:1097AC00204310BD992B13DC421F9440144A2240D5
:1097BC0061071CD00F212140042918D00432D40891
:1097CC00520115D59F236402181A640AC0B2E6E749
:1097DC00020021001B3291400A00511E8A410521D2
:1097EC00091ACC401443064A22406107E2D1D4083E
:1097FC006402640AD8B2D2E76402640A8E30CEE7FF
:10980C00FFFFFFFBF0B54F464646D646C0B582B0CB
:10981C00009001910E034C00CD0F710A009E5F0069
:10982C00760F0E43009900920193C90089461903E3
:10983C007B0D9846019B490ADB0F9C46009B009AC6
:10984C005B0F0B434146640DD200611A654500D194
:10985C00A6E0002972DD4746002F00D1DDE0CC4F99
:10986C00BC4200D19AE10127382917DC80273F043C
:10987C003B431F2900DDDDE12027781A1F008740BC
:10988C00BA461700CF408446380057460743604617
:10989C008240CB40501E8241F61A17434B46DF1BC9
:1098AC00B94580414042361A330200D4FFE07602BB
:1098BC00760A002E00D13CE1300002F00DF80300D6
:1098CC00083B20213800CA1AD0409E4002009F401D
:1098DC0032439C4200DDA6E1181B0130091A3E0000
:1098EC008F40C6407B1E9F4113008B4037431F4364
:1098FC00C2403B0016000024134300D1DFE17B077C
:10990C0000D132E30F233A003B40042B04D03A1D24
:10991C00BA42BF417F42F619330200D423E39C4B79
:10992C0001349C4200D1B4E09A4B64051E40640D96
:10993C007707D20876021743360BACE0002900D12A
:10994C007EE04146091B002C00D060E13400484603
:10995C00044300D1C9E14C1E012900D12EE28C4DEB
:10996C00A94200D124E20127382C11DC21001F2947
:10997C0000DD0BE2202437004846641AA740C8409B
:10998C0007434846A040CE40441EA0419B1B0743C2
:10999C00D71BBA4292415242654644469E1A83E70F
:1099AC00002900DC9CE04746002F67D11F001743BD
:1099BC0000D1E4E0481E012900D19BE1744FB9426B
:1099CC0000D1EBE001270100382811DC1F2900DD54
:1099DC00C7E12027781A1F00844687401000C84032
:1099EC00074360468240CB40501E8241F618174315
:1099FC004F444F45804140423618330257D5644B93
:109A0C0001349C4245D00121624B7A081E403940FA
:109A1C000A43F7071743760871E71F00174300D175
:109A2C00ADE04F1EBC46012900D182E1584FB9422E
:109A3C0000D190E161460127382900DD2EE718E7B7
:109A4C00554F611C394200D0D0E0310048461F0010
:109A5C0001431743002C00D03DE1002900D1BCE1AB
:109A6C00002F00D0BFE14B460021D80877070743F1
:109A7C00F00806034C05360B640D0CE0444FBC4259
:109A8C0000D18BE001273829B2DC80273F043B430F
:109A9C009CE70026002724053443ED072C433800AF
:109AAC00210002B0E0BCBA46B146A846F0BD7B0727
:109ABC0004D00F233B40042B00D028E7F808344B8C
:109ACC0077070743F0089C4200D04AE23B0003436F
:109ADC0059D080263603064336032D4C360BDAE775
:109AEC00002961D04146091B002C00D1B9E0284C5B
:109AFC00A04500D1A5E10127382913DC80242404DA
:109B0C0026431F2900DDC8E1202437004846641A8B
:109B1C00A740C84007434846A040CE40441EA04141
:109B2C009B190743BF189742924152424446D6189C
:109B3C0063E7380001F0D0FE030018331F2B00DC64
:109B4C00BFE63A00083882409C4200DD83E01B1BD4
:109B5C00581C1F2800DCB4E117001F3BDF402028F5
:109B6C0005D040231B1A9A40531E9A4117430024D8
:109B7C00002F0AD07B0700D0C4E626009EE74B4698
:109B8C000C00D8089BE70027014C002683E7C04651
:109B9C00FF070000FFFF7FFFFE0700004B46770723
:109BAC00D8080743F00891E7CD4F611C39426BD1BF
:109BBC00310048460143002C00D04BE11F001743F5
:109BCC00002900D181E1002F00D14CE74A444A45DD
:109BDC008041F61840423618330200D5B0E1170028
:109BEC009146374300D03EE7002654E74946891A90
:109BFC008846C145BF41F11A7F42C91B0F0261D48F
:109C0C0047460F4300D1BDE00E00474651E6B54C28
:109C1C00A04500D100E10127382900DDB8E68024F9
:109C2C0024042643A3E6B04EE41A16407B0700D06A
:109C3C003FE743E70F001800203FF84084462029F7
:109C4C0003D04027791A8B401A43531E9A4163461E
:109C5C0017001F4322E6A448E11A10404707C0082A
:109C6C0007E734004846044300D1FAE04C1E0129B2
:109C7C0000D1D7E09B4FB94200D1E2E00127382C4C
:109C8C0000DD4FE721003CE7964CA14200D1DDE01E
:109C9C004A444A458041F31840421818C7075208F5
:109CAC0017434608520705D00F220C003A40042AED
:109CBC0000D02CE67607FF0837430009D9E60027C9
:109CCC000026E8E64946571ABA4292419E1B524278
:109CDC006546B61AEDE5002900D0C6E0002F67D125
:109CEC00802600257F4C3603D5E665460C001E0009
:109CFC00D008E4E64A444A458041F318404218181B
:109D0C001100030200D496E0774B49081840C307B2
:109D1C000B434408490700D129E10F221A40042AB9
:109D2C0000D1EAE01F1D9F42B6417642361902244B
:109D3C00C4E649468F1AB9458041F61A4042361A94
:109D4C00330206D47307FF0801211F43F00890E685
:109D5C0065460124ABE54B467707D8080743F00866
:109D6C00B4E60F001800203FF8408446202903D0A9
:109D7C004027791A8B401A43531E9A4163461700A9
:109D8C001F4335E600250024002684E60C00350030
:109D9C00203CE540202905D04024611A8E404946DC
:109DAC00314389464846411E884107002F43EFE561
:109DBC00D2085F0765461743D80887E6171ABA42D8
:109DCC0092419E1B5242B61A3302C1D47307FF084C
:109DDC00654601211F43F0084BE6002F7BD06546FA
:109DEC001E0091463FE6811A8846C145A441F11AEE
:109DFC006442091B80242404214277D0101A824229
:109E0C00924107009E1B5242B61A374300D0A0E085
:109E1C006546002400263EE65F07D20865461743D8
:109E2C00D80853E6811891429241F018524280189A
:109E3C00030200D568E74707C9080F43C008012192
:109E4C0017E6D2085F071743D8083FE60C00002638
:109E5C00002720E6002956D15F07D2081743D808FF
:109E6C0034E60C001E00D00829E6C1087007014337
:109E7C00F008002F62D080242403204207D0DE0893
:109E8C00264204D165463000D1085B0719434F0FB9
:109E9C00C900C9087F070F4318E60C003000203CAE
:109EAC00E0408446202905D04024611A8E40494662
:109EBC00314389464846411E8841614607000F439D
:109ECC0030E620210027091A0EE51E00002F00D0D5
:109EDC0022E5002458E7002500240026DBE5C046D7
:109EEC00FE070000FF070000FFFF7FFF47460F4300
:109EFC0000D147E70E00C146B5E5DF086407022133
:109F0C0027430009B5E51900C0087707074311433B
:109F1C00F008002900D1D9E580210903084207D0B7
:109F2C00DC080C4204D1D2085B071A43170020004E
:109F3C007B0FFF00FF085B071F43C7E50F00C5E55C
:109F4C00124BD20833405F075B02012417431E0BF0
:109F5C00A1E5264212D00D4B6546020001241E409D
:109F6C00E6E4210085E51700A8E53A00D4E4DB0817
:109F7C0064071C432700022100097AE5C008770713
:109F8C00074365460021F00873E5C046FFFF7FFFDD
:109F9C00F0B5DE46454657464E46E0B587B00092D2
:109FAC0001930B031B0B9B46CA0F4B00040080460E
:109FBC005B0D029200D198E07C4A934237D059460F
:109FCC00420FC9000A43802109041143C200904684
:109FDC00774A894692469A44002300240393009EB4
:109FEC00019F3B031B0B9B467B0030005B0DFD0F61
:109FFC00002B59D06D4A934248D05946720FC90074
:10A00C000A438021090411438B466949F2008C46AE
:10A01C0051466344CB1A9A460021029E6E40F6B21A
:10A02C000F2C00D9CEE0634BA4001B599F465A4617
:10A03C000243914600D090E09A46022390460824B1
:10A04C000393CCE7CB464246029D0399022900D1EB
:10A05C00DEE1032900D18DE0012900D079E12E0049
:10A06C0000220023002490461B052343F6073343AC
:10A07C004046190007B0F0BCBB46B246A946A04604
:10A08C00F0BD002200249046484BEDE75A46009B59
:10A09C001A43494B9C46E244002A59D102231C43E3
:10A0AC00002302219B46B8E75A46009B1A4349D02D
:10A0BC005B46002B00D19CE1584601F00DFC0200E0
:10A0CC0003000B3A1D27009EBA1A19005846D640B9
:10A0DC0008398840320002439346009A8A40374937
:10A0EC0053448A4600219A4497E75B4603439946BA
:10A0FC0021D05B46002B00D169E1584601F0ECFB06
:10A10C000B235B429C460200844466461D239B1B2A
:10A11C00260011005846DE400839884033000343BE
:10A12C00994623008B409846254B00249B1A9A464F
:10A13C000023039353E7002398469A4601330424E3
:10A14C0003934CE701231C43002301219B4664E746
:10A15C000323320003211C435FE79A460323D946AD
:10A16C000C2403933BE700238024984600260F4BD6
:10A17C00240379E780245B4624031C4324032E002C
:10A18C0090460A4B240B6FE780244B462403234252
:10A19C0002D05B462342F0D080244B4624031C4360
:10A1AC002403029E014B240B5EE7C046FF07000010
:10A1BC0001FCFFFF088C010801F8FFFFF30300000E
:10A1CC000DFCFFFFCB4500D2F8E000D1F3E00123FA
:10A1DC005B429C46444648460025E2445B46170ECB
:10A1EC001B021F43190C3B04120200971F0C9146D3
:10A1FC0002910397FEF71AF802007A430B04210C24
:10A20C00804619438A4209D9009F0123BC465B4210
:10A21C0061449C46E0448F4200D85CE1881A029964
:10A22C00FEF704F8039A240442430904240C0300A7
:10A23C000C43A24206D90099013B8C466444A142CE
:10A24C0000D842E1A01A424612041A4393464B46E8
:10A25C0059461B0C1F0004930B0449460904090CB6
:10A26C000C001B0C5C43120C7B43884651437A4315
:10A27C00270CBC465B186344994203D980214902E0
:10A28C008C466244190C24041B04240C8A181C19D7
:10A29C00904202D316D1A54214D25B46009F013BDB
:10A2AC004D4405934D459B41BC465B426344C018ED
:10A2BC00874200D302E1824200D929E100D124E196
:10A2CC00059B9B462C1BA542AD41009B801A6D4201
:10A2DC00401B834200D10FE10299FDF7A7FF039ABF
:10A2EC000B044243210C050019438A4200D9CBE0F0
:10A2FC00881A0299FDF79AFF039A24044243090431
:10A30C00240C03000C43A24200D9CAE04146A41A13
:10A31C002A041A43049F13041B0C594340467B43E5
:10A32C009C46150C68430B0C844463447D43984253
:10A33C0003D98020400284466544180C09041B0490
:10A34C00090C40195B18844227D323D00123350014
:10A35C001A43944B5344002B60DD510700D086E028
:10A36C002E00D1085A46D20106D55A468E4B1A40B9
:10A37C0080239346DB0053448C4A934200DD80E6F5
:10A38C005A4652070A4390465A465B055402240B20
:10A39C005B0D69E63500002BDBD0009D511EAC46F1
:10A3AC006444AC4200D29EE0844200D2E1E000D191
:10A3BC00EEE00A00CAE7424500D908E74B46DC0745
:10A3CC00580843465B081C434346DD0706E701F08B
:10A3DC0083FA15239C4684440200634620321C2BCE
:10A3EC0000DC92E623000838834099460023984607
:10A3FC009AE601F071FA02000300153220331C2A90
:10A40C0000DC5FE600990838814000228B4666E646
:10A41C0000222E0000249046654B25E62E000121DB
:10A42C00C91A382900DD1BE61F297EDC614814009F
:10A43C0050445B4682408340CC40501E82412343B3
:10A44C001A435B46CB40510709D00F211140042918
:10A45C0005D0111D9142924152429B180A001902DB
:10A46C0000D49BE00022012300249046FCE50F2140
:10A47C001140042900D173E7111D914292415242BF
:10A48C002E00C90893446DE7009B013D9C46614436
:10A49C008B4200D92CE78A4200D829E7851E6144FB
:10A4AC0026E70099013B8C466444A14200D92DE774
:10A4BC00A24200D82AE7831E644427E7874200D0D3
:10A4CC00FEE6A94500D9FBE6F5E6A24200D8B9E6BE
:10A4DC00831E6444B6E68A4200D89FE6BC46831EBF
:10A4EC00984661449AE60A00844200D02EE74B4518
:10A4FC0000D02BE735002CE72A4B2F4A53449245CA
:10A50C0043DB0122002193442CE7AC4200D8D7E670
:10A51C0002235B429C4600994D444D459B41E344CC
:10A52C008C465B426344C018CCE61F204042C31AE1
:10A53C005846D840202904D05946204B53449940C2
:10A54C000A43531E9A410723190002430024114069
:10A55C00134209D008331340042B1DD0131D934212
:10A56C0089411A0049424907D2080A439046002300
:10A57C007AE54946009F4D004D458941BC4649420C
:10A58C006144A946023A6418AEE70122524246E7FA
:10A59C009945EED30A00AAE70021E5E759075B02CB
:10A5AC001C0BE1E7FF030000FFFFFFFEFE070000AE
:10A5BC00FF0700001E04000002FCFFFF3E04000029
:10A5CC00F0B55746DE464E464546E0B50D00040054
:10A5DC00E80F83460903D80F090B824619488C46AD
:10A5EC001F0369005E00490D3F0B760D814218D0A8
:10A5FC0086420FD00120B1420DD1BC450BD1944203
:10A60C0009D1D3451CD0002905D160462043431EF7
:10A61C00984100E00120F0BCBB46B246A946A046DA
:10A62C00F0BD01208E42F6D1614639430F0017432D
:10A63C002743F0D15B465246981A431E9841EAE7ED
:10A64C000020E8E7FF070000F0B557464E464546A8
:10A65C00DE46E0B50D000E034900490D8A46DF0FBA
:10A66C00E90FBC4683B02F4F04008046019158007F
:10A67C0019039146360B090B400DBA451DD0B84253
:10A68C000DD05746002F2AD13443002824D10A4339
:10A69C0036D0002C41D163465800013815E01143E7
:10A6AC0038D15346002B01D12643F4D0019B63458E
:10A6BC0007D1019B5800013807E026432AD15045A9
:10A6CC0021D00120019B5F42384303B0F0BCBB4654
:10A6DC00B246A946A046F0BD002CDCD0E6E7002827
:10A6EC00EFD0019B6345ECD18245EADCE1DB8E4285
:10A6FC00E7D8DED1C845E4D80020C845E5D2D8E774
:10A70C00002CE2D0DDE7114304D1019B6345D8D185
:10A71C000020DAE702204042D7E7019B6345E6D0F0
:10A72C00CFE7C046FF070000F0B557464E464546FA
:10A73C00DE46E0B50D000E034900490D8A46DF0FD9
:10A74C00E90FBC4683B02E4F04008046019158009F
:10A75C0019039146360B090B400DBA451ED0B84271
:10A76C000DD05746002F27D13443002833D10A434C
:10A77C0034D0002C40D163465800013815E0114309
:10A78C0012D15346002B01D12643F4D0019B6345D3
:10A79C001DD00120019B5F42384306E0264303D1C4
:10A7AC005045F6D111431CD0022003B0F0BCBB467F
:10A7BC00B246A946A046F0BD0028EAD0019B6345ED
:10A7CC00E7D18245E5DC02DB8E42E2D80ED0019B5C
:10A7DC0058000138E9E7002CCDD0D7E7002CE4D0A5
:10A7EC00D7E7019B00206345DFD0D2E7C845D0D81E
:10A7FC000020C845D9D2EAE7019B6345E4D0C8E7FD
:10A80C00FF070000F0B557464E46DE464546E0B51C
:10A81C001F000B031B0B16009A46CA0F4B000400BB
:10A82C00914685B05B0D00D1CFE1CD4A934255D016
:10A83C005146420FC9000A43802109041143C2004A
:10A84C009046C84A8A4693469B44002300250293AF
:10A85C003C037B00FA0F0196240B5B0D009200D198
:10A86C0088E1BF4A934200D192E0BE4A94466344C9
:10A87C009B440A2D42DCE400730F23438024494699
:10A88C0024041C43F3000193009B00205940CBB2DD
:10A89C000393022D00DC94E00123AB401D00A623A2
:10A8AC002A00DB001A401D4200D029E290239B00B5
:10A8BC001D4200D14DE20023802499462403A84B6D
:10A8CC0010004A461B052343D2071343190005B059
:10A8DC00F0BCBB46B246A946A046F0BD5246024368
:10A8EC00904600D0ACE19B46022392460825029389
:10A8FC00AEE7009BA2469946019B9846029B022B11
:10A90C0000D1CAE1032B00D192E1012B10D100231D
:10A91C0000240022D4E701227B083A40134352461C
:10A92C00D2071343984653465B089A46039B9946B5
:10A93C005B46581C8023DB005B44002B00DCB1E140
:10A94C00424652070BD00F2241460A40042A06D039
:10A95C004246111D4145924188465242924452460C
:10A96C00D20106D55246804B1A4080239246DB001A
:10A97C00C3187E4A934200DD8FE14246D10852460D
:10A98C0052070A4351465B054C02240B5B0D97E7BB
:10A99C00734B26439C46E344002E00D16FE1032306
:10A9AC0049461D43009B5940CBB203930A2D00DD51
:10A9BC0033E10123AB401D000323029388222A427A
:10A9CC0097D1424643461204120C160001981D0CF6
:10A9DC00030C0004000C4643B4461E006E43009664
:10A9EC00160007005E436146B0466F430E0CB84438
:10A9FC004644B74205D9802149028846009F474406
:10AA0C00009761460904090C370C36048C4631005A
:10AA1C00614401911100260C2404240C61438C46E2
:10AA2C002100694389466146090C884672434A44B1
:10AA3C0042447543914503D98021490288464544D7
:10AA4C00110C884661460904090C8C4612046244B8
:10AA5C00B91802915146090C8C4651460F043F0C13
:10AA6C003900414345448846614641438A46414644
:10AA7C006046090C894658437B4353444B449A45E2
:10AA8C0003D98021490289464844190C894641461C
:10AA9C000904090C8846390061431B044344884669
:10AAAC0061464C4371438C46414677430E0C3F192B
:10AABC00F6194844B44203D9802149028946CC4452
:10AACC000299009F894631044F448946414697427A
:10AADC0092410C04240C4C44FF1852426419A118E6
:10AAEC009F429B41884682465B42994690459241E3
:10AAFC00AC42A441C244D1445242644214439945ED
:10AB0C009B41824592415B42524213434A46360C6A
:10AB1C00A419E31863445B02D20D1A4301999246BF
:10AB2C007A020A43501E8241FF0D17434A465202D5
:10AB3C001743B846DB0100D5EDE60D4B039A5B4499
:10AB4C009146002B00DCACE03A00520700D110E734
:10AB5C000F2258463A40042A00D0F9E609E7C046CD
:10AB6C00FF07000001FCFFFFFFFFFFFEFE070000D8
:10AB7C00FF030000220032436FD0002C00D1C2E052
:10AB8C00200000F0A9FE020003000B3A1D20821ADF
:10AB9C0030001900D04008398C40020022433400A8
:10ABAC008C405946CB1A86498B469B440A2D00DDB6
:10ABBC00A4E64946009B01945940CBB214000020F6
:10ABCC000393022D00DD67E6FBE6534603439846EC
:10ABDC003CD05346002B00D1A3E0504600F07CFE45
:10ABEC000B235B429C4602008444110050460839FA
:10ABFC0088401D23804660461B1A2000D840030065
:10AC0C00404603439A4623008B4098466C4B0025E4
:10AC1C009B1A9B46002302931AE60F2D00D0C9E025
:10AC2C00802352461B031A4202D01C4200D192E0F0
:10AC3C008024534624031C4324034246240B3EE643
:10AC4C009B46032380460C25029301E600239A467B
:10AC5C009B46013304250293FAE501210D430A2D8D
:10AC6C0000DD4BE6494600984140C9B20391022DE4
:10AC7C0000DC96E000230024012001930CE64946F9
:10AC8C000223009A2B435140CAB203920A2B00DDD7
:10AC9C0034E6002D57D1039B994600240022494BE2
:10ACAC000EE658460121C91A382900DD2FE61F2966
:10ACBC0056DD1F2254465242D31ADC40202907D0BD
:10ACCC00414B42469C465346604483401A4390464F
:10ACDC0042460721531E9A410B0022431340002485
:10ACEC00114209D00F231340042B5DD0111D91424A
:10ACFC009B410A005B425B07D2081A430023DFE545
:10AD0C00039B9946FAE5019800F0E6FD020003006A
:10AD1C00153220331C2A00DC38E7019A08388240AF
:10AD2C003FE700F0D9FD15239C468444020063469E
:10AD3C0020321C2B00DC58E70023984623000838EF
:10AD4C0083409A4662E71D000023002402200193F1
:10AD5C00A2E5029032E61C43009B019A9946AEE5AF
:10AD6C001A4B5246C31840469A40C84002434046CC
:10AD7C0098400300581E834154461A43CC40530755
:10AD8C0009D00F231340042B05D0131D934292417D
:10AD9C005242A4181A00230208D5012300240022D1
:10ADAC008EE5894600248BE50023A5E76307640242
:10ADBC00240BA1E7009BA2469946019B984637E7D6
:10ADCC000DFCFFFFFF0700003E0400001E04000006
:10ADDC00F0B557464E464546DE46E0B583B000908A
:10ADEC0001910C034D00CE0F610A009C5F00640FB3
:10ADFC000C43009900920193C80019037B0D9946EE
:10AE0C00019BCC4FDB0F9C464B0A00998046490FA7
:10AE1C001943009B8B46DA0092466D0DB94500D163
:10AE2C00BFE00123614659404B468C46EB1A8E42DB
:10AE3C0075D0002B00DCA3E24946002900D1CEE0FE
:10AE4C00BD4200D100E20127382B19DC802759467E
:10AE5C003F0439438B461F2B00DDFAE12027F91AFA
:10AE6C008C4659466746B9400F001100D9400F4334
:10AE7C0061468A40511E8A415946D9401743641A8B
:10AE8C00C71BB84280414042241A230200D440E13F
:10AE9C006402640A002C00D154E1200000F01CFD77
:10AEAC000300083B20213800CA1AD0409C40020005
:10AEBC009F4022439D4200DDA6E1581B0130091A38
:10AECC003C008F40C4407B1E9F4113008B402743A6
:10AEDC001F43C2403B0014000025134300D1F7E18F
:10AEEC007B0700D177E30F2338003B40042B04D0C1
:10AEFC00381DB842BF417F42E419230200D468E3F5
:10AF0C008C4B01359D4200D1F4E08B4B6D051C4000
:10AF1C006D0D6707C00864020743240BECE0002B9F
:10AF2C0000DC29E34946002900D0D6E059461143FC
:10AF3C0000D12EE1591E012B00D1E6E1BB4200D11C
:10AF4C0082E101270B00382914DC1F2B00DD3CE2C9
:10AF5C002027F91A8C4659466746B9400F00110054
:10AF6C00D9400F4361468A40511E8A415946D94007
:10AF7C00174364183F18874280414042241823022B
:10AF8C0000D4C6E06B4B01359D4200D1B2E00121EB
:10AF9C00694B7A081C4039400A43E7071743640899
:10AFAC009EE7664B11438A46EB18002928D066456C
:10AFBC002CD0002B5BD0002D00D12CE15B466646DB
:10AFCC005F07D2081743DD083B002B4300D1E2E0BA
:10AFDC00802424032C432403564D240B8CE0594627
:10AFEC00114300D1D5E0591E012B00D1B9E1BB4270
:10AFFC0000D1B1E101270B00382900DD40E72AE739
:10B00C006146012779408C466645D2D1002B00D190
:10B01C00C5E0002D00D055E14B462500054300D17D
:10B02C0012E2591E8C46012B00D149E2414DAB4234
:10B03C0000D18FE20127382911DC63461F2B00DD7C
:10B04C005BE26146202327005B1A050098409F4075
:10B05C00CD40431E9841CC402F430743A344BF1817
:10B06C009742924152425A4414004D4687E7344F5E
:10B07C006B1C3B4200D0B6E05946230011430F0035
:10B08C000343002D00D026E1002B00D1C0E10029A4
:10B09C0000D1A1E0831A98465B464045AD41E31AC6
:10B0AC006D425B1B80252D042B4200D14BE15B468E
:10B0BC00101A824292411C1B070001266346524221
:10B0CC00A41A27431E40002F00D142E12C4200D18C
:10B0DC006DE2194B01251C401BE7BD4200D13BE141
:10B0EC000127382B00DD45E7802759463F043943BB
:10B0FC008B462AE7002400272D052543F607354308
:10B10C003800290003B0F0BCBB46B246A946A046A5
:10B11C00F0BD7B0704D00F233B40042B00D0E7E6A7
:10B12C002B00F808034A67070743E508934200D150
:10B13C004AE7A5E0FF070000FFFF7FFF01F8FFFFD4
:10B14C00FE070000380000F0C7FB030018331F2B6C
:10B15C0000DCA7E63A00083882409D4200DD8AE018
:10B16C005B1B581C1F2800DCD8E117001F3BDF407D
:10B17C00202805D040231B1A9A40531E9A4117438E
:10B18C000025002F00D1E5E07B0700D0ABE62C00BA
:10B19C00C6E7C008C6E700270024D14DACE7D14F65
:10B1AC006B1C3B4271D123000343002D00D04EE1B8
:10B1BC005746002B00D1B5E1002F0DD083188342E8
:10B1CC0080415C4440422418220200D5C8E11F0093
:10B1DC009846274300D1BCE043466707DB081F4372
:10B1EC00E50800234CE0831A98465B464045BF4176
:10B1FC00E31A7F42DB1B1F027CD447461F4300D15E
:10B20C00A6E01C00474645E6B74CED1A14407B07F8
:10B21C0000D080E784E74B462500054366D05F1ECF
:10B22C00012B00D1FCE0AE4DAB4200D15EE1664695
:10B23C00382F00DCB4E00120171ABA4292415B4669
:10B24C0052424D469C1A20E66707C0080743E508A2
:10B25C00BAE61F005946203FF9400F00202B05D0BD
:10B26C004021CB1A594699400A43924653465A1EDE
:10B27C0093411F4304E6EB1A9B4D15406F07ED08F5
:10B28C002C035D05240B6D0D36E7954DAB4200D1BB
:10B29C00D6E082182100824280415944404208186D
:10B2AC00C707520817434408520700D485E10F2200
:10B2BC001D003A40042A00D01AE6FF086407274311
:10B2CC000509DDE75B46D2085F071743DD087BE61F
:10B2DC000027002410E7002B00D0D6E0002900D076
:10B2EC002FE1802400267E4D240305E766465C464C
:10B2FC00D00817E75B46171ABA4292411C1B01266D
:10B30C0063465242A41A1E40C4E58318834280410E
:10B31C005C44404225182A0200D4DAE0724A5B08E9
:10B32C001540EA071A4369085B0700D44AE10F236A
:10B33C001340042B00D1FCE0171D9742A44164423A
:10B34C0002256418ECE647461C001F4300D043E777
:10B35C00002600250024CFE6C00867070743E50850
:10B36C0032E6871A5B46B8428041E41A4042241AFE
:10B37C00230228D46307FF081F43E50801237FE756
:10B38C00002B00D173E64B465F1B3B00002D00D118
:10B39C0042E7382F00DDECE080230E001B041C4339
:10B3AC001F2F25DC20252300ED1B0100A840AB40FE
:10B3BC00F940451EA8410B43FC4018435B461B1B40
:10B3CC009B4639E76646012562E51F005946203F3A
:10B3DC00F9408C46202B05D040275946FB1A994042
:10B3EC000A43924657467B1E9F4163461F43C1E565
:10B3FC003B002500203BDD40202F04D04023DB1BED
:10B40C009C40204380464046431E9841284313E706
:10B41C0000299DD0012663465C4690461E40DBE623
:10B42C00171A5B46BA4292411C1B5242A41A2302C1
:10B43C00C8D46307FF081F4366460123E5081FE7CE
:10B44C001D000024002757E65C46D0086AE6002B56
:10B45C0000D137E75346C00867070743E508002BC0
:10B46C0000D1B1E580231B031D4208D05946C80802
:10B47C00184204D1D20849070A43170005007B0F74
:10B48C00FF00FF085B071F439EE5C00863071843D6
:10B49C00E508002953D080231B031D420AD05946CE
:10B4AC00CC081C4206D1012663462500D00849076A
:10B4BC0008431E40470FC000C0087F07074383E5C1
:10B4CC008318934292415C445242A5182A0200D53B
:10B4DC0024E76F07DB081F43ED080123D0E6C046C5
:10B4EC00FF070000FE070000FFFF7FFF5B46D2084E
:10B4FC005F0766461743DD0866E52500203BDD4007
:10B50C006346202B05D0402361465B1A9C402043A8
:10B51C00804647467B1E9F412F43A0E520210027F4
:10B52C00091AD2E4002F00D113E75C46170000255E
:10B53C00F6E5D708490702230F432D09A0E60700BB
:10B54C0042E55B4601265F07DD086346D2081743D8
:10B55C001E4039E55B46D2085F071743DD0833E52B
:10B56C001E4ADB0822405707520201251F43140BC9
:10B57C00C2E50E0001205FE6002B0DD04B465B1B95
:10B58C009C46002D00D148E50127382B00DD66E5EF
:10B59C0080231B041C4350E56B1C114D2B4200D027
:10B5AC0073E65946230011438A46034300E66707B6
:10B5BC00C00800230743E50862E66407FF08274339
:10B5CC0005095DE6D208490711430F0002232D0936
:10B5DC0056E60700A4E538008FE4C046FFFF7FFF66
:10B5EC00FE070000F0B5C6461E03360BB0460D4EE6
:10B5FC000C034D005F0000B5240B6D0D7F0DB542A3
:10B60C000BD0084900208F4204D146461643300027
:10B61C00431E984180BCB846F0BD04430120002C69
:10B62C00F8D1EEE7FF0700000B00020070B5164DD5
:10B63C000C0382B04900002000920193240B490DA9
:10B64C00DE0FA94204DD1148814203DD104BF018D6
:10B65C0002B070BD8020400320430E4C641A1F2C96
:10B66C0008DD0D4B5B1AD84003005842002EEFD179
:10B67C001800EDE7094B009A9C46030061448B408F
:10B68C00E2401343F1E7C046FE0300001D04000036
:10B69C00FFFFFF7F3304000013040000EDFBFFFFEE
:10B6AC0070B5002816D0C317C5185D40C40F28000C
:10B6BC0000F012F9104B1B1A5B055B0D0A2814DC09
:10B6CC0002002E00153296400B22121AD5402D0383
:10B6DC002D0B03E000240023002500261B052B4323
:10B6EC00E40723433000190070BD0B3885402D034F
:10B6FC0000262D0BF2E7C0461E04000010B5041EF8
:10B70C0010D000F0E9F80E4B1B1A5B055B0D0A28F4
:10B71C000FDC0B222100121AD14015300A03844091
:10B72C00120B01E0002300221B051343200019001B
:10B73C0010BD22000B38824012030024120BF3E7D9
:10B74C001E04000070B542024300C40FFE201B0E05
:10B75C00591C550A08420CD0E02189008C466D0713
:10B76C00120B63441B051343E40723432800190001
:10B77C0070BD002B14D1002D1BD0280000F0ACF8AC
:10B78C000A281CDC0B232A001B1ADA400300153391
:10B79C009D400E4B12031B1A5B05120B5B0DE1E770
:10B7AC00002D09D0130B802212031A436D07084B8E
:10B7BC00D8E700230022D5E70022054BD2E703008F
:10B7CC002A000B3B9A400025E3E7C04689030000A2
:10B7DC00FF070000F0B54B000F035B0D3A4C450F13
:10B7EC0083B07F0A5E1C2F4300900191CA0FC500E5
:10B7FC0026420BD035495C18FE2C13DDFF200023AC
:10B80C00C0051843D207104303B0F0BD3D43002BD5
:10B81C0001D10020F4E7002DF0D08023DB03FF20C2
:10B82C003B43EDE7002C0CDD009BFF009B01581EF9
:10B83C008341690F3B430B43590727D1DB08E0B227
:10B84C00DEE72100173131DB80211E20090439434A
:10B85C00001B1F282DDD02267642341B0E00E6400D
:10B86C003400202804D01A488446634499400D4380
:10B87C002B00591E8B412343590703D00F2119402C
:10B88C0004290BD19B0100205B0AB9E70F21194059
:10B89C00042904D19B015B0AE0B2B1E70024043314
:10B8AC005901F7D501340023E0B2A9E700200023A9
:10B8BC00A6E7084C1C192B00A540C340A140681EEC
:10B8CC00854129430B43D7E7FE07000080FCFFFFAF
:10B8DC00A2FCFFFF82FCFFFF1C2101231B049842EA
:10B8EC0001D3000C10391B0A984201D3000A083905
:10B8FC001B09984201D30009043902A2105C4018BC
:10B90C007047C0460403020201010101000000005F
:10B91C000000000010B5002903D1FFF7DDFF203037
:10B92C0002E00800FFF7D8FF10BDC04682B073B527
:10B93C006C460091079321000300626060C960C3EC
:10B94C0007AA60CA60C313001500103006CB06C0EE
:10B95C0001220098616803F095F969680122099841
:10B96C0003F090F973BC08BC02B0184737B504005B
:10B97C0003F096FDA068A38902691342FCD001690B
:10B98C000A001A401942FAD101AD2068616803F02F
:10B99C0079F929000122032003F0B4FC03CC012225
:10B9AC0003F070F903F07AFD28786B7800041B0221
:10B9BC001843AB7818433EBDF0B5094985B0094B27
:10B9CC0001ACC0CBC0C40B004968074A00911B688E
:10B9DC00064811685268FFF7A9FF05B0F0BDC046D4
:10B9EC00540000204C0000203C000020D402002019
:10B9FC0010B50348FFF7BAFF80231B04584010BD55
:10BA0C00D402002010B50548FFF7B0FF80231B04BB
:10BA1C005840984201DA024B181A10BDD40200208B
:10BA2C00FFFF7F0070B504250024FFF7E1FF013D07
:10BA3C002418002DF9D10723E01718400019C01065
:10BA4C0070BD0000F0B504000525002699B00392E6
:10BA5C000F0048227C4906A804930BF082FD631F5B
:10BA6C0001937A4B02937A4B0593019BAB4257DCC3
:10BA7C0000221E9B1E80774B1A70774A1278029216
:10BA8C00764A964200D874E001251D70714B744AB9
:10BA9C001B782C000192002B1ED0029B714E002BA8
:10BAAC0000D1A0E0704B1B78002B00D19BE06F4BBA
:10BABC001B78002B00D196E06D4B7C1E1C60012284
:10BACC00694B1A70974201D16A4B1F70FA22338866
:10BADC0092009B189BB233805F4B1B78002B0CD0D1
:10BAEC00614B1B78002B08D0604B1B78002B04D0CB
:10BAFC005F4B1B68AB4200DA1C00019B1B78002BD0
:10BB0C0009D05D4B1B78002B05D15C4B039AD35CA1
:10BB1C00A34200DC5C1E201E00DC012019B0F0BD2D
:10BB2C00029B6A00985AFFF7BBFD0022544BFFF7AB
:10BB3C004FF9FFF779FDC317C4185C40059B6A00E9
:10BB4C00985AFFF7ADFD00224D4BFFF741F9FFF777
:10BB5C006BFDC317C018584082B2231CA4B2944288
:10BB6C0000D2031C9AB2B24200D2331C9EB20135F1
:10BB7C007BE7029B002B04D001223C4B1A703C4B00
:10BB8C001F60092301937B1E06ACDB00E3180593B1
:10BB9C00019D30006B1E0193FFF782FD226C636CDC
:10BBAC00FEF730FE059B083C1A685B68FEF7F0F95F
:10BBBC00344A354BFCF740FC002803D1019B002B89
:10BBCC00E6D10125264B1B78002B00D15EE7052F13
:10BBDC0000DC5BE7BD4200DC58E72C4B9E4200D8F2
:10BBEC0054E77D1C52E70624A74207DC023C062FD3
:10BBFC0004D03C00032F00DD0324013C019B029A7E
:10BC0C001B78002A00D05AE7002B00D15EE7049B7A
:10BC1C00002B0ED0039B1E4A013BD35C032B08D890
:10BC2C0001221C4B1A701C4B1C6033881B199BB2D5
:10BC3C003380114B1B78002B00D047E70F4B039A36
:10BC4C00D75402F0BBF941E7388B01088457002028
:10BC5C00944C00200E040020E90100205B3F000002
:10BC6C005A6300206E670020C2650020C06500206A
:10BC7C0014020020C1650020C40A00207663002055
:10BC8C0080FFCF409A99999959CCCC4070170000FD
:10BC9C00E4030020C365002010020020F8B5160054
:10BCAC001F000C001C4B00223900451E3000FCF715
:10BCBC00BDFB1A4B002803D1194A1278002A1AD15D
:10BCCC005A5D0132D2B25A55002C04D0611E5A5C16
:10BCDC000132D2B25A545A5D072A01D907225A5559
:10BCEC00002C05D0013C1A5D072A01D907221A55F0
:10BCFC00585DC0B2F8BD5A5D002A03D05A5D013AB6
:10BD0C00D2B25A55002CE6D0611E5A5C002AE2D001
:10BD1C005A5C013ADDE7C04600002E40E4030020E7
:10BD2C000D04002010B5D02200210B480BF084FB31
:10BD3C0000230020094A0A4913700A4A13700A4A60
:10BD4C0010605160094A0A480A49106051600A4A59
:10BD5C00137002F0B5F910BD78620020E2030020E8
:10BD6C0000002E40E30300202000002010000020E3
:10BD7C000E2DB29DEFFF5840E103002010B5682254
:10BD8C00002103480BF058FB02F016F810BDC0461A
:10BD9C00386500200023190010B5044AD154013332
:10BDAC000D2BFBD102F0E8F810BDC046E4030020D7
:10BDBC00F7B502F01AFC484B0C251B780190002BB0
:10BDCC0000D1083D454B464A1C78002318009C4284
:10BDDC0000DD6CE0FFF792FC424B0022FEF712FDF7
:10BDEC00414B06001B780F00002B67D02000FFF79B
:10BDFC0057FC0B00020039003000FEF7C9F83B4B32
:10BE0C0006001B780F000424002B28D0384B013C73
:10BE1C001B78A34223D8374B1B78002B04D0364B0E
:10BE2C0002341B78002B1AD0019B9D4252D9334906
:10BE3C00002208684968324BFCF7F8FA002841D117
:10BE4C00304B18685968FCF7BFFB2C49C4B2002270
:10BE5C00086849682A4BFCF7E9FA002838D1200019
:10BE6C0001F0BCFE019B9D4207D1274D2B78002B86
:10BE7C0003D1FFF757FF01232B70244B1B78002BAA
:10BE8C0013D0002230003900214BFCF7F3FA0028C4
:10BE9C000BD0204A1368012B07D102201060124AE4
:10BEAC00137002F0B9F9FFF775FF2000FEBDD15CED
:10BEBC00052901D90130C0B2013388E72000FFF712
:10BECC001DFC96E702F0ACFB0228B9D80624C6E7A5
:10BEDC00022CFBD10224C2E77C6700205102002017
:10BEEC00E4030020000059405C6300207F670020C1
:10BEFC00B065002048020020A1660020600A0020E6
:10BF0C0000002E40D0030020C8030020E8010020D0
:10BF1C0000004940EC0100200C4B70B518780C4B1C
:10BF2C0003221C780525002306260A49002800D088
:10BF3C002A00002C00D03200CA5401330D2BF5D14D
:10BF4C000022054B1A7002F063F870BD5963002093
:10BF5C00E8010020A0650020AF650020F0B58DB091
:10BF6C000B930E001300069001928A4208D1854A69
:10BF7C0094466344DB00C318186859680DB0F0BDD3
:10BF8C0000240F00019B251C5B1A04930294019B57
:10BF9C009F4200DA87E00498FDF79EFB071C011C0A
:10BFAC000298FCF7EDFD391C0790281CFCF7E8FD06
:10BFBC00391C0890201CFCF7E3FD00240990049424
:10BFCC00271C03940294019B9E4200DA8EE0049994
:10BFDC000298FCF7A3FF391C051C381CFCF79EFFCC
:10BFEC00011C281CFDF7F4F80499061C0398FCF7B7
:10BFFC0095FF211C051C381CFCF790FF011C281C0C
:10C00C00FDF7E6F8311CFCF7BBFD211C051C029862
:10C01C00FCF784FF391C041C0398FCF77FFF011C00
:10C02C00201CFDF7D5F8311CFCF7AAFD291C041CBB
:10C03C000798FCF773FF011C0898FDF7C9F8211C41
:10C04C00061C0998FCF76AFF011C301CFDF7C0F8B0
:10C05C000B9B061C5A1E9341019AD31A180001938C
:10C06C00FDF73AFB291C071CFCF758FF311CFCF7A9
:10C07C0095FB211C051C381CFCF750FF391CFCF7E8
:10C08C004DFF011C281CFCF789FB0021041CFCF74C
:10C09C000DFA002800D000243B49201CFCF73EFF81
:10C0AC00FFF750FB6AE73800FDF716FB069AFB001A
:10C0BC00D318039018685968FFF78CFB3249FCF7CA
:10C0CC005FFD011C281CFCF769FB0399051C0298F9
:10C0DC00FCF764FB03990290081CFCF71FFF011C82
:10C0EC00201CFCF75BFB0137041C50E73000FDF70C
:10C0FC00F3FA0799051CFDF76BF8011C0590FCF78A
:10C10C000DFF011C0298FCF749FB069AF300D318AB
:10C11C00029018685968FFF75DFB1B49FCF730FD6E
:10C12C000899FDF755F8011C0A900598FCF7F6FEE6
:10C13C00011C0398FCF732FB291C0390281CFCF70C
:10C14C00EDFE0999FDF744F8051C011C0598FCF758
:10C15C00E5FE011C381CFCF721FB291C071C281CC4
:10C16C00FCF7DCFE011C0498FCF718FB291C04905E
:10C17C000A98FCF7D3FE011C201CFCF70FFB0136C0
:10C18C00041C20E7FFFFFF1F00FEFF46F8B506006A
:10C19C000F0014001D00FCF76DF900280CD0069A56
:10C1AC00079B30003900FCF751F900282FD03400E0
:10C1BC003D0029002000F8BD22002B003000390082
:10C1CC00FCF744F900280FD0069A079B3000390081
:10C1DC00FCF750F90028EAD1069A079B20002900A9
:10C1EC00FCF734F90028E4D122002B003000390090
:10C1FC00FCF740F9002807D0069A079B200029007D
:10C20C00FCF738F90028D4D1069C079DD1E7220011
:10C21C002B0030003900FCF709F90028ECD0D3E7EB
:10C22C00F0B589B0069007911900814B10001B786E
:10C23C00002B05D100247F4D2000290009B0F0BD52
:10C24C0000227D4BFDF7DEFA02000B0000207B493B
:10C25C00FDF79EFE02000B0002900391002078492E
:10C26C00FDF796FE0022774BFEF7B2FD029A039B78
:10C27C0004000D0000207449FDF78AFE0022714B6A
:10C28C00FEF7A6FD0E9A0F9B00900191200029004D
:10C29C00FFF77CFF00246D4D02000B000020009482
:10C2AC0001956B49FFF772FF00226A4B04900591D0
:10C2BC00FEF78EFD684B694AFEF7A4FA0BF05AFFA5
:10C2CC00674B1B78002B54D10022664BFDF79AFA72
:10C2DC0002000B0064486549FDF75AFE644A654B41
:10C2EC00FDF790FA06000F00049805990022624BA6
:10C2FC00FEF76EFD32003B00FEF784FA00220400CC
:10C30C000D00069807995D4BFEF762FD02000B00CD
:10C31C0020002900FDF776FA554A04000D00554B14
:10C32C0030003900FEF754FD0022554BFEF76AFA37
:10C33C0002000B0020002900FDF764FA514A524B11
:10C34C00FEF760FA029A039BFEF75CFA00220023C8
:10C35C0004000D00FCF770F8002800D06AE70022FA
:10C36C0020002900494BFCF77BF8002800D061E73E
:10C37C0062E7009401950E9A0F9B00204449FFF749
:10C38C0005FF069A079B04000D0000204149FEF7AB
:10C39C001FFD220006000F002B0000203E49FEF777
:10C3AC0017FD02000B0030003900FDF72BFA3B4A59
:10C3BC0004000D0002980399394BFEF723FA020092
:10C3CC000B0020002900FEF71DFA04000D00354A71
:10C3DC00354BFEF717FA22002B00FEF713FA22005A
:10C3EC002B00FEF70FFA314A06000F00200029003F
:10C3FC002F4BFEF707FA22002B00FEF703FA020080
:10C40C000B0030003900FDF7FDF92A4A06000F0039
:10C41C0020002900284BFEF7F5F902000B00300034
:10C42C003900FDF7EFF9254A254BFEF7D1FC8DE7D6
:10C43C000D04002000002E400010714000A072403E
:10C44C00004C98400000894000A89B4000C08C40E4
:10C45C000080864000E08A409999C9BF9A999999C1
:10C46C00596300200000F03FC01E85EB51B89E3F81
:10C47C00A4703D0AD7A3E83F00488C4000407F40A1
:10C48C0000408F403BDF4F8D976E92BF00002C40D9
:10C49C000008864000908040002889409E12E429C4
:10C4AC00419E923F1B0DE02D90A0A83FBA490C0273
:10C4BC002B87F0BF8351499D804620400E2DB29DA5
:10C4CC00EF272F401F4B70B51B781F4E34687568D3
:10C4DC00002B18D122002B0000201C49FEF778FC01
:10C4EC001B4A1C4BFEF78EF922002B00FDF78AF934
:10C4FC00194A1A4B04000D00FBF7B2FF00281CD19F
:10C50C003460756070BD164B1B88002B08D0220060
:10C51C002B0000201349FEF75BFC0D4A124BE1E7A0
:10C52C00200029000A4A114BFEF76CF902000B009F
:10C53C0020002900FEF74CFCDAE7074B074C336070
:10C54C007460DFE70D040020D003002000000840D9
:10C55C009A9999999999A93FCBA145B6F3FD0740B2
:10C56C006E6700200000F83F9999B93F9999C93F2F
:10C57C00FFB516001F002D4B0C00002230003900B7
:10C58C001B78FFB02A4BFBF757FF2A4D00281BD016
:10C59C000022002330003900FBF762FF002813D083
:10C5AC00002C11D10022AA56234C244BD10001326D
:10C5BC005B1820002A702249C822C8341E605F60B4
:10C5CC000AF028FF2660676000241E4B2C571D784C
:10C5DC00002C3FDC002D00D077E200231A4C009396
:10C5EC0001940023134AD356192B04DD1A3B137004
:10C5FC000122144B1A70FFF765FF0099019A134B37
:10C60C0019605A60124B00221C685D680E4B2000AA
:10C61C002900FBF70BFF002801D10094019500982D
:10C62C00019983239B009D44F0BDC0468367002085
:10C63C0000002C40E2030020F00200207862002071
:10C64C00F8020020E303002000002E400800002028
:10C65C00000000201A230A93002D00D10A94D02246
:10C66C0000211AA80AF0E8FE210000231231D04A5A
:10C67C0004911A390293009206919C4202DD0699AC
:10C68C00994204DD002D10D0049999420DDCD9009B
:10C69C008C461AAA9444009A89186246086849681C
:10C6AC00106051600299013102910A9A01339A4249
:10C6BC00E3DC0822BF4B1A211AA80AF041FC029BAA
:10C6CC00029ADB0F9B185B10D20700D400E2DB0050
:10C6DC001AAA9B185C681B6800930194029B052B9B
:10C6EC0000DCE3E0002230003900B34BFBF79EFE88
:10C6FC00002800D0DAE0B14C002220686168AE4B13
:10C70C00FBF794FE002801D02660676023686468FC
:10C71C001C981D990493059432003B00FBF78CFE8A
:10C72C0000280BD1049A059B30003900FEF750FB12
:10C73C000022A34BFBF794FE00280AD0A14B1A78D9
:10C74C00A14B002A00D1D8E101221A6000229D4B96
:10C75C001A70029B1AAA023BDB009B1819003200CC
:10C76C00086849683B00FBF77BFE00280BD1049A54
:10C77C00059B30003900FEF72BFB0022934BFBF797
:10C78C005BFE00280AD0924B1A788F4B002A00D1FE
:10C79C00BAE101221A6000228D4B1A708A4B0025D7
:10C7AC001A68022A01DD1D6001350298FEF778FF38
:10C7BC000022884BFDF7ECFBFEF736FF1AAAC300EC
:10C7CC009B181900049A059B040008684968FBF73C
:10C7DC0033FE002800D09EE1029B1AAA013B1B1BD2
:10C7EC00DB009B181900049A059B08684968FBF745
:10C7FC0037FE002800D08EE1002D57D0764B774CB9
:10C80C00D02200214EA8069307940AF015FE0023AF
:10C81C00734D4EAC0B932A686B680C920D930C986D
:10C82C000D99009A019BFEF7D3FA4B005B080F930E
:10C83C000E9006000F000E980F990022694BFBF723
:10C84C000FFE002800D169E1009A019B2260636011
:10C85C000B9B083D01330B930B9A029B08349342BC
:10C86C00D9D10123029A00214EA8FFF777FB534B35
:10C87C0006000F000B930020069A079B5949FEF700
:10C88C00A7FA049A059BFDF7BDFF320004000D00CA
:10C89C00069807993B00FDF7B5FF0B000200290035
:10C8AC002000FCF7AFFF0B9B18605960002400269A
:10C8BC0000274D4B3E4D1B785BB20493083B06930F
:10C8CC004A4B1B780B93049B12330C93049BA3428F
:10C8DC0002DD069BA34205DD0B9B002B16D00C9BA7
:10C8EC00A34213DC009A019BE100491908684968CE
:10C8FC00FEF76EFA02000B00FDF784FF02000B003E
:10C90C0030003900FCF77EFF06000F000A9B013453
:10C91C00A342DBDC0298FEF7C3FE02000B003000E2
:10C92C003900FDF735FB0BF093FC0A0014901591C0
:10C93C0001002F4B19605A6000222E4B1A702E4B9F
:10C94C001B78934204D12D4B1B78934200D007E106
:10C95C002B4B2C4C204E10931194204F049B032BEB
:10C96C0003D10B9B002B00D1FFE080240023E405B6
:10C97C000E930F940022002300240C920D930C4B69
:10C98C0006941693049B013B1793049B1233189344
:10C99C00049B083B1993049BA34202DD199BA34201
:10C9AC0032DD0B9B002B6FD0189B9C426CDB2BE079
:10C9BC00786200202116010800002E4000000020A3
:10C9CC000000E03FC0030020C40300200000E0BFD3
:10C9DC00C1030020000018409A9999999999C93F70
:10C9EC00800300200000F03FE2030020E30300205E
:10C9FC0018000020E003002059630020E80100200B
:10CA0C00333333333333C33F169AE3009B181A681E
:10CA1C005B681292139312981399009A019BFEF77C
:10CA2C00D7F9029003910E980F99029B0893039BE0
:10CA3C005B005B080993149A159BFDF7E3FE02005B
:10CA4C000B0008980999FBF7F7FC002808D1109AFD
:10CA5C00119B08980999FBF7EFFC002800D187E09F
:10CA6C000898099932003B00FBF7E6FC002800D13E
:10CA7C007EE00C980D99069B01330693129A139B3A
:10CA8C00FCF7C0FE0C900D910A9B0134A34200DD13
:10CA9C0081E7594B1B78002B02D00022574B1A60B0
:10CAAC00069B002B00DC9CE51800FEF7F9FD02004C
:10CABC000B000C980D99FDF76BFA0A000090019190
:10CACC0001004F4B19605A608BE51A230A93C6E597
:10CADC005A1E1AA9D20052181100DB001AAA9B1870
:10CAEC001A685B6808684968FCF78CFE0022454BA5
:10CAFC00FDF788FE00900191F0E51A6801321A608A
:10CB0C000122414B1A7021E61A6801321A60012287
:10CB1C003E4B1A703FE600233A4C71E63C4A30001B
:10CB2C0039003C4BFBF79CFC394A002807D0009895
:10CB3C000199384BFCF766FE2060616088E6300096
:10CB4C003900354BFBF778FC002802D10C9A0D9B71
:10CB5C007CE62F4A2F4B00980199FEF739F9EBE749
:10CB6C002E4E2F4F10961197F8E600232D4CFFE612
:10CB7C00179B9C4288D1204A1578002D00D183E761
:10CB8C0029490B8864339BB20B8000231370274A0E
:10CB9C0013700122264B1A70264B00221B78002B97
:10CBAC0013D1029803990023FBF746FC002819D0F7
:10CBBC00124A136801331360104B1B68012B00DC05
:10CBCC0062E701221C4B1A705EE70023029803995E
:10CBDC00FBF746FC051EEBD10122084B1A60154BE6
:10CBEC001D7051E70022029803990023FBF738FCD3
:10CBFC000028F1D1E0E7C0460D0400200804002015
:10CC0C00200000200000E03FC1030020C0030020F2
:10CC1C009A9999999999B93F9999B9BF3333333303
:10CC2C003333D33F0000F03F6E6700200C0400202C
:10CC3C00E00300203000002005040020F0B50022A5
:10CC4C0001260400094F0A488A4200DBF0BD082582
:10CC5C00A35C5840030033405B423B4040085840C3
:10CC6C00013D80B2002DF5D10132EDE701A0FFFFAF
:10CC7C00FFFF00000122024B1A8000225A807047ED
:10CC8C00F203002070B5084C050023780E00002B31
:10CC9C0001D1FFF7EFFF31002800FFF7CFFF012391
:10CCAC006080A080637070BDF203002010B5FFF7A8
:10CCBC00E9FF014B187910BDF20300200020034B53
:10CCCC005A78824200D058797047C046F20300204F
:10CCDC0070B504000D0000226168006801F0D2FFFD
:10CCEC0029000122032002F0B3FA03CC012201F047
:10CCFC00C9FF70BD7FB56B4600915A6019000200E8
:10CD0C00050011C911C201220098596801F0BAFF3F
:10CD1C000126282303AC280021002380A670FFF7EE
:10CD2C00D7FF3823280021002380A670FFF7D0FFFF
:10CD3C0002232800F61821002380A670FFF7C8FFF5
:10CD4C00302328002100A6702380FFF7C1FF7FBD90
:10CD5C0007B590220B001202914200D91300182241
:10CD6C0001A90A701A0A4A708B70FFF7B1FF07BD50
:10CD7C0007B590220B001202914200D91300192220
:10CD8C0001A90A701A0A4A708B70FFF7A1FF07BD40
:10CD9C0000880B88C01A7047F0B51F0000250C00E6
:10CDAC0085B08B00060018580A9B039218603D60F2
:10CDBC00039B9C4201DB00251BE0A3000293F3586C
:10CDCC000193002D08D1191CFBF770FB431E9841F1
:10CDDC00050001980134EBE70199FBF77BFB002878
:10CDEC00F7D0029B0A9AF318043B1B68013C3C6089
:10CDFC001360280005B0F0BDF0B50C00060000274C
:10CE0C0085B003938B001958930001921B580A9A12
:10CE1C00019D1360013C019B9C4207DD002F0DD04E
:10CE2C00631BDA179B185340052B07DD039B0A9AEB
:10CE3C001D60AD00AB59136005B0F0BDA300F358F5
:10CE4C00181C0293FBF746FB002806D0002F01D1DB
:10CE5C00651C01370299013CDDE70700FAE7F0B5E4
:10CE6C000C000600002785B003938B001958930023
:10CE7C0001921B580A9A019D13600134019B9C423C
:10CE8C0007DA002F0DD0631BDA179B185340052BC4
:10CE9C0007DD039B0A9A1D60AD00AB59136005B00A
:10CEAC00F0BDA300F358181C0293FBF713FB0028EA
:10CEBC0006D0002F01D1651E013702990134DDE740
:10CECC000700FAE770B50D0004000222044B0AF0CB
:10CEDC0037F8E90F491949108900085980B270BD1B
:10CEEC009DCD0008F0B50D0000241F4B85B00293BA
:10CEFC001E4B21310190203D00910393009B9D42DC
:10CF0C000BD11B49201CFBF73BFEFEF71BFC0BF067
:10CF1C009FF9FEF75FFC05B0F0BD029A6B00D05A8A
:10CF2C00039AD35AC01AC317C0185840FCF7D4FB45
:10CF3C00019AAB00D158FCF74BF9FEF703FC020049
:10CF4C000B00FDF75FFC0600201C0F00FEF7FAFB40
:10CF5C0002000B0030003900FCF754FCFEF73AFCE1
:10CF6C000135041CCAE7C04684570020944C0020AD
:10CF7C0000008242F0B5002689B000AF3A61013A58
:10CF8C003B60D30F9B185B10B8607960BB613B684A
:10CF9C009E4202DBBD4609B0F0BD6B46BC69FB602E
:10CFAC003B69FB61A64203DA340073000133FB6179
:10CFBC006A460025FB69341B9B000733DB08DB004A
:10CFCC00D31A9D467B61BB68A4001C19FB69AB425C
:10CFDC000CDC19007869FFF775FFFCF7CDFB7B685B
:10CFEC00B4001851FB6801369D46D0E701CCFCF724
:10CFFC0053FB7B69AA0098500135E7E7F0B5002494
:10D00C0089B00492013A0593D30F9B185B100393DC
:10D01C00059B069007915E1E059B9C4201DB09B0A7
:10D02C00F0BD039B9C421ADA230065000135069A79
:10D03C00E31A9B00D7180023029300230193029B51
:10D04C009D4216DC2800FCF747FB011C0198FBF7FE
:10D05C0097FD079BA700D8510134013EDCE7039AEA
:10D06C003300964202DA75000135E0E7039B049D1C
:10D07C00DDE7019802CFFBF791FB029B0190013396
:10D08C000293DCE7F8B504000D000020012917DD40
:10D09C0000268F00231FFF1821686068FCF798F8A2
:10D0AC0041004908301CFBF779FB0434061CA742ED
:10D0BC00F2D1681EFCF710FB011C301CFBF760FD65
:10D0CC00F8BD0000F0B5A1B014921593002319938C
:10D0DC001A931B9300231D931E931F93764B04905E
:10D0EC001B780B91002B00D1ACE032231B93734DBA
:10D0FC00734EAB8830002B806B80724B04995A882E
:10D10C0000241A80FFF7BEFF21226F4B18606F4B73
:10D11C001A60049BA34200DD9BE000246C4F30009E
:10D12C0021223900FFF76AFF644E049BA34200DD05
:10D13C0098E00024624F634E049BA34200DD9AE00A
:10D14C000024634E380021223100FFF757FF5D4F5A
:10D15C00049BA34200DD97E000255A4B584C574FD7
:10D16C000393049BAB4200DD97E0544D554E2B8846
:10D17C0030880027C01AC317C0185840FCF7ACFA07
:10D18C0020606B887088C01AC317C0185840FCF711
:10D19C00A3FA4F4D4F4A2900049B1268606020008F
:10D1AC00FFF7E8FE412221002800049BFFF726FF31
:10D1BC002122464B29001A602000049BFFF71EFF1A
:10D1CC00DC220021444852000AF036F90023039374
:10D1DC000C9300230A930F930793049A1CAB0093B0
:10D1EC003B4818AB1B99323AFFF7D6FD039B0890CE
:10D1FC00002B00D0A0E1002872D0384B189F1B7870
:10D20C00002B00D09DE1324C1EAB012239002000D6
:10D21C0000931AABFFF7F0FD049B39005A1E1FABAD
:10D22C00200000931BABFFF71AFE1C9B1E99181CC9
:10D23C000793FBF7CDFF1F990F900798FBF7C8FFDB
:10D24C000A9072E0254B1B78002B00D14FE714237A
:10D25C004CE76300E85AFCF78FFAA700F71938601F
:10D26C00013456E7A300F858FBF796F96500AD19A1
:10D27C002880013459E76300F05AFCF77DFAA500C9
:10D28C007D192860013457E7A300F058FBF784F9A7
:10D29C006500ED19288001345AE7039A6B00D05AC7
:10D2AC00FB5AAE00C01AC317C0185840FCF714FA4A
:10D2BC00A6193060013554E75A63002084570020CA
:10D2CC00B4360020944C0020606700202800002019
:10D2DC00D42000202C00002010040020E9010020A4
:10D2EC00CB4B1B78002B00D1F2E0CA4B1B78002BE8
:10D2FC0000D1F7E00024C84B1D685E68C74B06934D
:10D30C00049BA34211DD069AA300D058FEF71AFA2B
:10D31C002A003300FBF790F8002800D10AE1230023
:10D32C001894323B32341A931B941B9B1A9E06930F
:10D33C00189B340009939B1B642B01DD099C643CF6
:10D34C00099A069B9B1A069A0D92642B02DD099B87
:10D35C0064330D930D9B25001B1B581C80000E93F2
:10D36C0009F082FCAE4B10901193119AA3009B58BC
:10D37C00139012930D9B9B009B5816930D9BAB42E5
:10D38C0000DBEEE01DAB009300210E9A109819AB58
:10D39C00FFF702FD051E13D01D9B1299181C079355
:10D3AC00FBF716FF199F0021E719041CFBF79CF8EB
:10D3BC00002801D00A940F94089B002B00D10C95E7
:10D3CC00109809F05BFC974B1B78002B0BD0964BFD
:10D3DC001B78002B07D0914BBA009449D058FBF71F
:10D3EC0083F8002817D0BB1BDA179B18002053407A
:10D3FC00052B10DD069BFB1ADA179B185340052BE7
:10D40C0009DD069B9B1BDA179B1853400122142B3A
:10D41C0000DC02001000089B002B01D1002D61D014
:10D42C00002800D186E3824B28240D93039B3800FF
:10D43C005D1CFCF751F965430D9B5851039B300063
:10D44C005C430D9B1C19FCF747F9E0620698FCF74E
:10D45C0043F9079B206363630F9B3900A3630A9B0B
:10D46C006F48E363FFF73EFDBB1BDA179B18206484
:10D47C0053400020052B10DD069BFB1ADA179B1876
:10D48C005340052B09DD069B9B1BDA179B18534059
:10D49C000122142B00DC020010002823039A644C98
:10D4AC005343E418FCF718F960640998FCF714F975
:10D4BC005A4BBA00D358A064E364039B0133039323
:10D4CC00089B002B0ED0039B0A2B00D085E609E0AD
:10D4DC00584B1B78002B00D007E701F086F800288A
:10D4EC0000D002E74F4B1B780893002B00D1D8E0FB
:10D4FC00514B4F4C1F78002F51D13E003D004F4BEC
:10D50C0006970A970993039B9D4251DA276C099859
:10D51C00391CFAF7DFFF002809D00021606CFAF7FC
:10D52C00D9FF002800D0B6E0002E00D1B7E00135BD
:10D53C002834E8E70134E3E6089B002B00D05CE6D6
:10D54C00D0E73F4B1B78002B00D15CE6334BBA0085
:10D55C00D058FCF7A1F8C3173A4CC01858402060BB
:10D56C0051E6281BFCF7B8F8169917901298FBF7A0
:10D57C002FFE011C1798FBF7D1FC17900E98FCF7A7
:10D58C00ABF8011C1798FBF7FBFA119AAB00D158BA
:10D59C00FBF704F9139B013501C31393EEE6002549
:10D5AC002E00264B06950A950993039B9D424BDB57
:10D5BC00184B1B780793002B00D19CE01D4B0025CA
:10D5CC001F781B4C002F00D092E0039B022B00D144
:10D5DC0037E13D000027039B9D4200DB8BE0E16BB4
:10D5EC00A06BFBF79BFC0990011C381CFAF75EFF43
:10D5FC00002809D00021606CFAF76CFF002800D0DD
:10D60C0031E1002E00D132E101352834E3E7C04688
:10D61C00C76500205A63002038020020F40A00205D
:10D62C00D4200020E9010020E801002000801844EB
:10D63C0010040020D3650020D265002000FEFF46B8
:10D64C005963002068670020E06CFEF77BF8149AA1
:10D65C00159BFDF7BDFBFDF7E7FFC317C01858403E
:10D66C00FCF73AF80790011C0998FAF733FF0028E9
:10D67C0007D00021606CFAF72DFF002804D1002E92
:10D68C0007D00135283490E7079B3E000A95099393
:10D69C00F7E70695F5E7089E0A95099747E706957B
:10D6AC0045E7089EC54B06960A96099380E7E06C01
:10D6BC00FEF748F8149A159BFDF78AFBFDF7B4FFAB
:10D6CC00C317C0185840FCF707F80D90011C0998B7
:10D6DC00FAF700FF002809D00021606CFAF7FAFE77
:10D6EC00002800D0A6E0002E00D1A8E00135283497
:10D6FC00039B9D42DBDB002E01D00A9B0693039B10
:10D70C00002B00D0B6E0AE4C049D2360A360013D1D
:10D71C00AC4BE560AD001A68AB4EEB582261626110
:10D72C00A3613068FAF738FF80B2A083E083A85970
:10D73C00FAF732FF20840398A44CA14D079B2E6965
:10D74C002060002B1BD0301CFAF726FFA04B20606A
:10D75C001B78002B13D19F4A9F4B1278002A0ED1B5
:10D76C001B689E4C013BDB00E418301CFDF7EAFF04
:10D77C0022686368FCF746F8FEF72CF82861904E97
:10D78C003069FDF7DFFF0A000490059101000B9B47
:10D79C00706919645A64FDF7D5FF0B9B18655965C0
:10D7AC00B069FDF7CFFF0B9B18665966B18B6A33D6
:10D7BC0019800B9BF28B6E331A800B9B728C763319
:10D7CC001A800B98B38C7A3003800798002800D10C
:10D7DC0026E1C820400081428041814C40422070AB
:10D7EC0080480478002C0BD00020092607009642B4
:10D7FC0047417D4D2F707D4D092B00D8013028708D
:10D80C007B480078002800D18EE100200926070013
:10D81C00964247419E424041734D2F70734D287084
:10D82C00002C00D1A4E073484F2A01D94F2B5FD8AC
:10D83C0001235EE00D9B3E000A95099356E7069581
:10D84C0054E70021606CFAF745FE002811D1002145
:10D85C00E06EFAF73FFE0123002802D10A9B002E4E
:10D86C0008D0069306E0079E099F0A95CCE606951C
:10D87C00CAE606972825069B514C5D436519686BD3
:10D88C00FAF78AFEA083E86AFBF706FF4E4E830088
:10D89C0098590493FAF780FEE083286BFBF7FCFEA3
:10D8AC008700B859FAF778FE2822069B20840133AA
:10D8BC0053431859FBF7F0FE424E80008359A86B76
:10D8CC002361049B9B596361BB59A361FAF764FE06
:10D8DC006084E86BFAF760FEA084A86CFBF7DCFEB2
:10D8EC0080008059FBF7D8FEC317C018584023E7B7
:10D8FC0000230370404B41481A7801235340404A9F
:10D90C0003701370C8235B00994207D3364B1B7806
:10D91C00002B03D1354B1B78002B42D00023037016
:10D92C00039B384C002B2CD1238837495B189BB2B6
:10D93C002380039B13700022344B1A70294A1278EF
:10D94C00002A10D12A4A1278002A0CD0244A1278C4
:10D95C00002A08D12E4A1278002A04D0039A002AF1
:10D96C0001D001221A7000222A4B1A7021B0F0BD8E
:10D97C002748182A00D85BE7182B00D858E7047002
:10D98C00B8E70C9B002B07D000F0D3FD2388224A6C
:10D99C009B189BB22380CEE700F0CBFD23881F4A57
:10D9AC00F6E70C9A002AC6D0037000F0C2FD154AA7
:10D9BC00194913885B189BB21380BCE700FEFF4625
:10D9CC0010040020F40A0020D420002068670020F6
:10D9DC005C630020C40A0020880A002038650020FF
:10D9EC0004040020596300200304002002040020DA
:10D9FC00E8010020010400200E0400200C0400208B
:10DA0C000D0400206E67002050C3FFFFFE030020B2
:10DA1C0000040020FF030020204E0000102700000F
:10DA2C0008980028A2D0FA26B600B142B641444864
:10DA3C007642067009270798424E040097424041EF
:10DA4C0025009F42644130703F480470C72A05D9B5
:10DA5C00C72228009A426841C2B208923B4A0898F1
:10DA6C0010703B4A1278002A05D03A4A126B022AEF
:10DA7C0001DC002232700120FA27374A374E127827
:10DA8C008446424032703648BF00B94205D32D4F10
:10DA9C003F78002F01D1092B30D80C9B002B1FD1C4
:10DAAC003370039B2F4A002B05D113882E4C1B1966
:10DABC009BB213800CE013882C4C1B199BB2138067
:10DACC000122049C059D2A4B1A702A4B1C605D6038
:10DADC0000230370FA239B00994200D246E718E01A
:10DAEC000122049C059D224B1A70224B1D4A1C607E
:10DAFC005D600023204C33701388D8E7002A17D0C0
:10DB0C0062461B4B07701A701A4B0499059A1960E0
:10DB1C005A60089B002B00D128E7039B002B00D1F7
:10DB2C0024E70123037021E7002C00D07BE6E1E61B
:10DB3C000270EEE7089B002B01D0FFF74EFBD1E4FF
:10DB4C00FC030020FB030020FA030020F903002053
:10DB5C00E8010020880A00200E040020FD030020AC
:10DB6C00F80300206E67002050C3FFFF1027000051
:10DB7C00B165002008020020409CFFFF10B5010099
:10DB8C00662000F00DFF10BD10B50100622000F002
:10DB9C0007FF10BD10B50100632000F001FF10BDA0
:10DBAC0010B50100602000F0FBFE10BD10B50100A7
:10DBBC00612000F0F5FE10BD10B50100C02000F092
:10DBCC00EFFE10BD10B50100672000F0E9FE10BD9E
:10DBDC0010B501006B2000F0E3FE10BD10B5010084
:10DBEC00682000F0DDFE10BD00233B2909D8181871
:10DBFC00C0B2182801D9182000210002081880B2E0
:10DC0C0070473C390133C9B2DBB2EEE710B5FFF710
:10DC1C00EBFF0400010AC9B2642000F0C1FE6520CC
:10DC2C00E1B200F0BDFE10BD10B5642000F09AFE0C
:10DC3C000400652000F096FE01002000FFF7D4FFE1
:10DC4C0010BD10B5040001000C22C52000F0B6FE7A
:10DC5C0021000C22D12000F0B1FE8A200C222100E0
:10DC6C00400000F0ABFE10BD70B50D4E0500747990
:10DC7C001022122C0ED0112C10D8013C2000203078
:10DC8C00032180B2013400F08BFE122CF6D1727994
:10DC9C00023AD2B22900202000F0C0FE70BDC0466E
:10DCAC00C805002070B5050000242000203080B28B
:10DCBC0000F058FE032804D128550134102CF4D15F
:10DCCC0013E02028F8D02D28F6D02E28F4D02F28B9
:10DCDC0003D93928F0D94028EED810220321280086
:10DCEC0009F0AAFB2800FFF7BFFF70BD70B50D4E01
:10DCFC00050074791022122C0ED0112C10D8013C76
:10DD0C0020004030032180B2013400F049FE122C77
:10DD1C00F6D17279023AD2B22900402000F07EFE90
:10DD2C0070BDC046C805002070B505000024200059
:10DD3C00403080B200F016FE032804D1285501347F
:10DD4C00102CF4D113E02028F8D02D28F6D02E2852
:10DD5C00F4D02F2803D93928F0D94028EED8102236
:10DD6C000321280009F068FB2800FFF77DFF70BD38
:10DD7C0010B50100E02000F013FE10BD010093204F
:10DD8C0010B5400000F00CFE10BD932010B5400003
:10DD9C0000F0E8FDFF2803D1AA38FFF7EFFF55206C
:10DDAC0010BD10B5E02000F0DDFDFF2803D1FD38DB
:10DDBC00FFF7DEFF022010BDF7B5F0248527114ECA
:10DDCC006400BF0003CEFDF705FD01AD011C28006A
:10DDDC0005F00FFF2000297800F0E2FD601C697847
:10DDEC0080B200F0DDFDA01CA97880B200F0D8FD57
:10DDFC00E01C0434E97880B2A4B200F0D1FDBC423E
:10DE0C00E0D1F7BD3865002073B5114E114C03CE2F
:10DE1C00FDF7E0FC01AD011C280005F0EAFE200036
:10DE2C00297800F0BDFD601C697880B200F0B8FD67
:10DE3C00A01CA97880B200F0B3FDE01CE97880B298
:10DE4C0000F0AEFD0434044BA4B29C42DFD173BD90
:10DE5C00D0640020A3020000D702000073B5114E5D
:10DE6C00114C03CEFDF7B6FC01AD011C280005F0EA
:10DE7C00C0FE2000297800F093FD601C697880B208
:10DE8C0000F08EFDA01CA97880B200F089FDE01C8A
:10DE9C00E97880B200F084FD0434044BA4B29C42B7
:10DEAC00DFD173BD68640020D70200000B030000B3
:10DEBC0073B5114E114C03CEFDF78CFC01AD011C5A
:10DECC00280005F096FE2000297800F069FD601C02
:10DEDC00697880B200F064FDA01CA97880B200F0D3
:10DEEC005FFDE01CE97880B200F05AFD0434044B6D
:10DEFC00A4B29C42DFD173BD006400200B03000070
:10DF0C003F03000073B5114E114C03CEFDF762FCBC
:10DF1C0001AD011C280005F06CFE2000297800F0F2
:10DF2C003FFD601C697880B200F03AFDA01CA97816
:10DF3C0080B200F035FDE01CE97880B200F030FDD5
:10DF4C000434044BA4B29C42DFD173BD986300200F
:10DF5C003F0300007303000010B5002420002C3098
:10DF6C00FF3080B200F0FEFC024B185501340D2C32
:10DF7C00F4D110BDE403002010B500242000064BA2
:10DF8C002C30195DFF30C9B280B2013400F008FDAD
:10DF9C000D2CF3D110BDC046E403002010B50024B5
:10DFAC002000054BC130FF30195D80B2013400F008
:10DFBC00F7FC0D2CF4D110BD8463002010B50024A7
:10DFCC00054B195D85239B00E01880B2013400F0ED
:10DFDC00E7FC0D2CF4D110BD7763002070B5002444
:10DFEC0025004135FF35ADB2280000F0BBFC431EC7
:10DFFC00DBB2082B04D92800052100F0D1FC052048
:10E00C00024B185501340F2CEAD170BDA0650020CD
:10E01C0010B500242000054B4130FF30195D80B253
:10E02C00013400F0BDFC0F2CF4D110BDA065002014
:10E03C000A4B37B518685968FDF7CCFB01AD011CCC
:10E04C00280005F0D6FD00242000E830295D80B2C0
:10E05C00013400F0A5FC042CF6D137BD10000020D3
:10E06C000A4B37B518685968FDF7B4FB01AD011CB4
:10E07C00280005F0BEFD00242000F630295D80B29A
:10E08C00013400F08DFC042CF6D137BDD8030020F0
:10E09C000A4B37B518685968FDF79CFB01AD011C9C
:10E0AC00280005F0A6FD00242000E430295D80B294
:10E0BC00013400F075FC042CF6D137BD2000002093
:10E0CC0073B51A4E1A4C03CEFDF784FB01AD011C3F
:10E0DC00280005F08EFD2000297800F061FC601C02
:10E0EC00697880B200F05CFCA01CA97880B200F0CA
:10E0FC0057FCE01CE97880B200F052FC04340D4B64
:10E10C00A4B29C42DFD10C4BE320197800F048FC00
:10E11C000A4BE220197800F043FCFFF7B9FF92207C
:10E12C00074B4000197800F03BFC73BD786200206F
:10E13C003B020000A3020000E3030020E2030020E6
:10E14C00E10300200A4B37B518685968FDF742FB0C
:10E15C0001AD011C280005F04CFD00242000EC3022
:10E16C00295D80B2013400F01BFC042CF6D137BDC4
:10E17C00400200200D4B37B518685968FDF72AFB93
:10E18C0001AD011C280005F034FD00242000F03006
:10E19C00295D80B2013400F003FC042CF6D1044B51
:10E1AC00F4201978C9B200F0FBFB37BD380200200F
:10E1BC00C76500200100262010B5FF3000F0F0FBF1
:10E1CC0010BD10B50100692000F0EAFB10BD000085
:10E1DC0010B50100014800F0E3FB10BD390200004E
:10E1EC000100D12010B5400000F0DAFB10BD010099
:10E1FC00D42010B5400000F0D3FB10BD0100AA20C4
:10E20C0010B5FF3000F0CCFB10BD0100D72010B5CD
:10E21C00400000F0C5FB10BD0100D52010B540003A
:10E22C0000F0BEFB10BD0100A42010B5FF3000F0C3
:10E23C00B7FB10BD0100AC2010B5FF3000F0B0FBF7
:10E24C0010BD0100D22010B5400000F0A9FB10BD9C
:10E25C000100AE2010B5FF3000F0A2FB10BD010094
:10E26C00D62010B5400000F09BFB10BD10B5010C82
:10E27C000400A820C9B2FF3000F092FBD320210A81
:10E28C00C9B2400000F08CFBA620E1B2FF3000F0D8
:10E29C0087FB10BD002110B50800FFF7B7FC01206B
:10E2AC00FFF77EFC0120FFF781FC0020FFF7DEFF6B
:10E2BC0010BD10B5040000F0CDFBFFF7EBFF210003
:10E2CC000622012000F0AAFB21000622102000F0FB
:10E2DC00A5FB06222100302000F0A0FB10BDF0B5FC
:10E2EC00012500272C008FB006AB059001930293FB
:10E2FC000395BEB2701C80B200F034FB029B187008
:10E30C003000103080B200F02DFB082206AB9B18B9
:10E31C003036D8550490B0B200F024FB029A049920
:10E32C0012780AABF854914253D1049A904207D018
:10E33C000024250004E00024049A03948242F8D1BE
:10E34C00029A013701320292062FD2D106AA127A12
:10E35C001B78134006AA1278FF2A0DD1FF3B5A42B4
:10E36C005341DEB200230CA9002C02D1039A002ADF
:10E37C000AD0019A12780DE00026FF2BF2D106A8E4
:10E38C00FFF797FF3500EDE7002DF2D0082006AA25
:10E39C001218D25C5A54019A013301320192062BA5
:10E3AC00E2D10023CA5C10003038092809D90622B2
:10E3BC003021059809F040F80598FFF77AFF0FB067
:10E3CC00F0BD0598C254002EF1D10133062BE9D1D2
:10E3DC00F5E79042AFD1002215000392B0E701009F
:10E3EC00282010B5FF3000F0DBFA10BD01002A2008
:10E3FC0010B5FF3000F0D4FA10BD0100952010B517
:10E40C00400000F0CDFA10BD10B50100014800F03D
:10E41C00C7FA10BD3602000010B50100014800F02B
:10E42C00BFFA10BD3702000070B5050000242000B3
:10E43C00803080B200F096FA28550134102CF6D1B9
:10E44C0070BD10B501001022802000F0E7FA10BD5D
:10E45C00D02310B50C000100580000F0A1FAA22046
:10E46C002100FF3000F09CFA10BDF7B504001D0030
:10E47C000091019200F076FA0600200000F072FA8A
:10E48C0007003000BE4208D0200000F06BFA874233
:10E49C0003D0200000F066FA3000019B984202D8AD
:10E4AC00009B984204D22000290000F079FA280041
:10E4BC00FEBD022310B51A0001216620FFF7D5FF1F
:10E4CC0010BD10B50723082201216220FFF7CDFFF4
:10E4DC0010BD10B50023F0220A216320FFF7C5FF01
:10E4EC0010BD012310B5FF2219006020FFF7BDFFFE
:10E4FC0010BD012310B5022219006120FFF7B5FFF2
:10E50C0010BD022310B51A000121C020FFF7ADFF8A
:10E51C0010BD012310B5022219006720FFF7A5FFDB
:10E52C0010BD002310B5F02219006B20FFF79DFFE2
:10E53C0010BD002310B5062219006820FFF795FFC7
:10E54C0010BD000070B50024FF2585239B00E0184A
:10E55C002A002B00012180B2FFF787FF024B1855D0
:10E56C0001340D2CF1D170BD77630020012310B55F
:10E57C00022219006920FFF778FF10BD022310B5A5
:10E58C001A0001210148FFF770FF10BD390200008D
:10E59C000123D12010B5022219009840FFF765FF26
:10E5AC0010BD0123D42010B5022219009840FFF7AA
:10E5BC005CFF10BD0123AA2010B502221900FF3008
:10E5CC00FFF753FF10BD0121D72010B50B23FE22FE
:10E5DC008840FFF74AFF10BD0123D52010B5022259
:10E5EC0019009840FFF741FF10BD0023A42010B57F
:10E5FC00FE221900FF30FFF738FF10BD0023AC20BE
:10E60C0010B5FE221900FF30FFF72FFF10BD0023BD
:10E61C00D22010B5FE2219004000FFF726FF10BDD6
:10E62C000023AE2010B5FE221900FF30FFF71DFFAE
:10E63C0010BD0023D62010B50D2219004000FFF7A5
:10E64C0014FF10BD0023FF22A82010B5190080185C
:10E65C00FFF70BFF00230400D3201900FF2240001A
:10E66C00FFF703FF240400020023FF222418A62036
:10E67C0019008018FFF7F9FE001910BD01232620A0
:10E68C0010B502221900FF30FFF7EFFE10BD0F236B
:10E69C002A2010B51A000E21FF30FFF7E6FE10BD40
:10E6AC000023952010B5FF2219004000FFF7DDFE76
:10E6BC0010BD000010B50B230D2201210148FFF7FE
:10E6CC00D4FE10BD36020000012310B50D22190036
:10E6DC000148FFF7CAFE10BD3702000037B5050030
:10E6EC000024281980B200F03DF901AB1855013413
:10E6FC00042CF6D12100180005F06AFA0198011CCF
:10E70C00F9F7CEFE002801D10023019301983EBDFC
:10E71C0070B5F0248526074D6400B6002000FFF785
:10E72C00DDFFFDF70FF80434A4B203C5B442F5D1F4
:10E73C0070BDC0463865002070B5074D074C2000F1
:10E74C00FFF7CCFFFCF7FEFF0434054BA4B203C566
:10E75C009C42F4D170BDC046D0640020A3020000DE
:10E76C00D702000070B5074D074C2000FFF7B6FF2D
:10E77C00FCF7E8FF0434054BA4B203C59C42F4D16A
:10E78C0070BDC04668640020D70200000B03000077
:10E79C0070B5074D074C2000FFF7A0FFFCF7D2FF28
:10E7AC000434054BA4B203C59C42F4D170BDC046E1
:10E7BC00006400200B0300003F03000070B5074D00
:10E7CC00074C2000FFF78AFFFCF7BCFF0434054B15
:10E7DC00A4B203C59C42F4D170BDC046986300201E
:10E7EC003F0300007303000010B5EC20FFF776FF29
:10E7FC00FCF7A8FF10BD000070B5354D354C20005E
:10E80C00FFF76CFFFCF79EFF0434334BA4B203C537
:10E81C009C42F4D1002319001A22E220FFF725FEB6
:10E82C002E4B012218700023E3201900FFF71DFE68
:10E83C00421E90412A4B1870E420FFF74FFFFCF763
:10E84C0081FF284B18605960274B18605960274B83
:10E85C0018605960E820FFF741FFFCF773FF244C68
:10E86C0020606160F620FFF739FFFCF76BFF214C4D
:10E87C0020606160F020FFF731FFFCF763FF1E4B57
:10E88C000122186059601D4B186059600023F42058
:10E89C001900FFF7EAFD431E9841194BC0B21870DE
:10E8AC00002301221900F520FFF7DFFD431E9841DC
:10E8BC00144BC0B2187000239220012219004000A2
:10E8CC00FFF7D3FD421E90410F4B187070BDC04630
:10E8DC00786200203B020000A3020000E20300204B
:10E8EC00E303002020000020D80A002000000020B4
:10E8FC0010000020D803002038020020E00A00207D
:10E90C00C7650020C5650020E103002037B5022350
:10E91C006A46134C40BA5370508011712068002223
:10E92C00616800F0AFF9062000F070FC206801224D
:10E93C00616800F0A7F920680022616800F0A2F974
:10E94C0001256B46585D013500F060FC052DF8D1B2
:10E95C0020680122616800F095F900F003FD37BDD5
:10E96C003400002070B505000C4C00222068616852
:10E97C0000F088F9032000F049FC280A00F046FC5E
:10E98C00E8B200F043FC00F095FC05000122206881
:10E99C00616800F077F9280070BDC0463400002093
:10E9AC0070B505000C002800FFF7DCFFA04204D076
:10E9BC0021002800FFF7AAFFF5E770BDF8B50500A8
:10E9CC000F001600144C00222068616800F05AF900
:10E9DC00062000F01BFC20680122616800F052F94F
:10E9EC0000222068616800F04DF9022000F00EFC56
:10E9FC00280A00F00BFCE8B200F008FC39003000EB
:10EA0C00002200F025FC20680122616800F03AF930
:10EA1C0000F0A8FCF8BDC04634000020F7B50D008E
:10EA2C00160005270190320029000198FFF7C6FF58
:10EA3C000024A64200DCF7BD019B181980B2FFF739
:10EA4C0091FF2B5D834201D10134F2E7013F002F8E
:10EA5C00E9D1F0E730B589B02022FF216846802546
:10EA6C0008F0EAFC0024ED00200020342022694646
:10EA7C00A4B2FFF7D3FFAC42F6D109B030BD000011
:10EA8C00604B10B518680022596800F0FBF85E4B1B
:10EA9C0000221868596800F0F5F85C4B00221868E1
:10EAAC00596800F0EFF85A4B00221868596800F0CA
:10EABC00E9F8584B00221868596800F0E3F8564BF7
:10EACC0000221868596800F0DDF8544B00221868D1
:10EADC00596800F0D7F8524B00221868596800F0BA
:10EAEC00D1F8504B00221868596800F0CBF84E4B07
:10EAFC0000221868596800F0C5F84C4B00221868C1
:10EB0C00596800F0BFF84A4B00221868596800F0A9
:10EB1C00B9F8484B00221868596800F0B3F8464B16
:10EB2C0000221868596800F0ADF8444B00221868B0
:10EB3C00596800F0A7F8424B00221868596800F099
:10EB4C00A1F8404B00221868596800F09BF83E4B26
:10EB5C0000221868596800F095F83C4B00221868A0
:10EB6C00596800F08FF83A4B00221868596800F089
:10EB7C0089F8384B00221868596800F083F8364B36
:10EB8C0000221868596800F07DF8344B012218688F
:10EB9C00596800F077F8324B01221868596800F078
:10EBAC0071F8304B01221868596800F06BF82E4B45
:10EBBC0001221868596800F065F82C4B012218687E
:10EBCC00596800F05FF82A4B01221868596800F068
:10EBDC0059F8284B01221868596800F053F8264B55
:10EBEC0001221868596800F04DF8244B002218686F
:10EBFC00596800F047F8224B01221868596800F058
:10EC0C0041F810BD940000208C00002074000020FE
:10EC1C00840000206C0000207C00002044010020B7
:10EC2C003C010020340100202C0100202401002094
:10EC3C001C010020140100200C0100200401002004
:10EC4C00FC000020F4000020EC000020E400002078
:10EC5C00DC000020D4000020CC0000204400002068
:10EC6C003C00002034000020C4000020BC00002028
:10EC7C00AC000020B4000020640000205C000020E8
:10EC8C00A400002007B589B206F08CF907BD07B5C2
:10EC9C0089B206F081F9431E9841C0B20EBD000046
:10ECAC0030B593B03822002104A808F0C5FB10221F
:10ECBC000021684608F0C0FB8020800006F022FA94
:10ECCC0006F016FA1821194A0124D36D02258B433C
:10ECDC00D3650523049380235B02059303230C93D4
:10ECEC0000230D9308330E9380239B020F938023F4
:10ECFC009B041093802304A89B0506940B951193F9
:10ED0C0006F02CFA002801D072B6FEE70723029019
:10ED1C000390210068460093019506F087FC0028BB
:10ED2C0001D072B6FEE713B030BDC04600100240F1
:10ED3C00F0B58FB005F052FEFFF7B2FF14220021A0
:10ED4C0009A808F079FB04220126C74DC74C6B6B50
:10ED5C00210013436B636B6BC54813400493049BF6
:10ED6C006B6B1C3213436B636B6BC24F134005937D
:10ED7C00059B6B6B1E3A33436B636B6B3340069393
:10ED8C00069B6B6B13436B636B6B13400793079B77
:10ED9C006B6B063213436B636B6B1340089300224F
:10EDAC00089B06F0FFF8A02039000022C00506F0F1
:10EDBC00F9F80022B049B14806F0F4F80022B04945
:10EDCC00B04806F0EFF809940024A94809A90A965E
:10EDDC000B940C9406F02EF8A020052309A9C0056D
:10EDEC0009930A940B9406F025F8A02009A9C005F4
:10EDFC0009970A960B940C9406F01CF8A020032398
:10EE0C00102709A9C0050A9309970B9406F012F86C
:10EE1C00994B9A4809A909930A960B940C9406F0FD
:10EE2C0009F8974B974809A909930A960B940C94E7
:10EE3C0006F000F80822914809A909920A940B944B
:10EE4C0005F0F8FFAB6B21003343AB63AB6B2200D7
:10EE5C00334009200393039B05F0F8FD092005F0CE
:10EE6C001FFE894D894B28002B60894BAC606B6071
:10EE7C00EE602C616C61AC61EC612C6206F098F870
:10EE8C000100A04201D072B6FEE7280006F0E6F8B9
:10EE9C00011E01D072B6FEE7280006F005F9031E2C
:10EEAC0001D072B6FEE7E02507247A487A4AED00D5
:10EEBC0043608360036143618361036243628362E5
:10EECC00036343630260C560C46206F02DFE031E3B
:10EEDC0001D072B6FEE77148714A836002608222EB
:10EEEC00036143610362436283620363082352003C
:10EEFC004260FC32C5608261C761C462436306F044
:10EF0C0013FE011E01D072B6FEE7664C664B020082
:10EF1C00236096239B0163600C23A060E06020615A
:10EF2C006361A0610300E06120626062A062200066
:10EF3C0007F0BEFD011E01D072B6FEE7200007F0FF
:10EF4C001FFE011E01D072B6FEE7200007F038FE4E
:10EF5C00002801D072B6FEE7200007F0F3FD031E77
:10EF6C0001D072B6FEE7FF265048514A514F02605D
:10EF7C0046608360C7600361836106F0AFFF0028C1
:10EF8C0001D072B6FEE74C484C4B46600360002340
:10EF9C00C760836003614361836106F09FFF031EBA
:10EFAC0001D072B6FEE74648464A4660026083606E
:10EFBC00C76003614361836106F090FF01900028F4
:10EFCC0001D072B6FEE70C22019909A808F034FAB8
:10EFDC003D4D3E4B28002B60019B6E60AB60EF609B
:10EFEC00AB6106F07BFF002801D072B6FEE70990FA
:10EFFC000B9009A9280006F09BFF0190002801D076
:10F00C0072B6FEE70C22019909A808F015FA304DEA
:10F01C00304B28002B60019B6E60AB60EF60AB61E6
:10F02C0006F05CFF002801D072B6FEE709900B9049
:10F03C0009A9280006F07CFF031E01D072B6FEE77A
:10F04C002548264A836002607F22C2608022D20556
:10F05C00066143618361C3610262436206F00EFD87
:10F06C0000283DD072B6FEE700100240FF3F0000C2
:10F07C00000800502809000034FF00000004005074
:10F08C0065030000000C00508C0900200054004067
:10F09C00BB7C7000FC080020003001409808002068
:10F0AC00003800408806002000380140B4070020DA
:10F0BC0000200040FFFF00006807002000440140D2
:10F0CC001C070020004801400008002000140040EC
:10F0DC004C0800200010004060090020002800406F
:10F0EC00FFF7CEFC28222000194907F08BFD0126E2
:10F0FC00184F3B78002B12D0174D2B78DCB2002B1D
:10F10C000DD102202E7000F03BFB144B3C701C7098
:10F11C00134B1C70134B1C70134B1C702C70134F27
:10F12C003B78002BE4D00C4D2B78DCB2002BDFD1DC
:10F13C0001202E7000F024FB084B3C701C70084B17
:10F14C001C70084B1C70084B1C702C70D0E7C04610
:10F15C0004060020836700207E6700207D67002066
:10F16C007C6700207A670020786700208467002085
:10F17C0070B50B4D0B4C0A002100280008F0F1F97A
:10F18C002800282105F0CCFB21002822064807F096
:10F19C0039FD0421054B1A6813688B43136070BD4D
:10F1AC00DC05002004060020880600202C06002028
:10F1BC0007B56B46D91D087064230122014807F07E
:10F1CC005BFB07BD8806002010B5044C0A0001004B
:10F1DC006423200007F050FB10BDC04688060020B9
:10F1EC00034B1A68402311680B4313607047C046E9
:10F1FC00FC080020022303498A681A42FCD0024B07
:10F20C0018707047003001400C300140402210B59E
:10F21C0001240C4B1B681968914319601968A143B0
:10F22C0019601968196019680A431A600222064BA2
:10F23C0099681142FCD0054A1070802299681142DD
:10F24C00FCD110BD98080020003800400C3800405C
:10F25C00F0B540240126144B1B681D68A5431D60A6
:10F26C001D68B5431D601D68104E15431D601A685E
:10F27C00802514431C60002202240D4B904208DCB4
:10F28C00022299681142FCD0802299681142FCD16B
:10F29C00F0BD9F682742FCD09F682F42FCD18F5C49
:10F2AC0001323770EAE7C046980800200C3800405D
:10F2BC0000380040402210B501240F48036819683B
:10F2CC00914319601968A14319601968196019688C
:10F2DC000A431A6006F0A0FC0222084B99681142FE
:10F2EC00FCD00021064A1170012299681142FCD011
:10F2FC00D868C0B210BDC046980800200038004045
:10F30C000C380040F8B5144F0400380016000D00FE
:10F31C0006F082FC40223B68196891431960012178
:10F32C0018688843186018683043186018680B4ECA
:10F33C0002431A6002200023094A9C4200DCF8BDFB
:10F34C0097680742FCD00027377097680F42FCD0B3
:10F35C00D768EF540133F0E7980800200C380040D0
:10F36C000038004070B50C4C002220686168FFF733
:10F37C0089FC0520FFF74AFF0125FFF79BFFFFF7EC
:10F38C0099FF284205D1206801226168FFF77AFCB9
:10F39C0070BDFFF78FFFF4E73400002010B506288E
:10F3AC0007D10C480222036852421A6106F048FC4D
:10F3BC0010BD072801D10848F4E70E2801D10748F1
:10F3CC00F0E7102801D10648ECE71128F0D10548E8
:10F3DC00E8E7C0464C08002000080020B4070020D5
:10F3EC00680700201C07002010B5062803D10A4826
:10F3FC0006F05AFC10BD072801D10848F8E70E2882
:10F40C0001D10748F4E7102801D10648F0E711288C
:10F41C00F0D10548ECE7C0464C080020000800205D
:10F42C00B4070020680700201C070020084B0628A2
:10F43C000BD0084B072808D0074B0E2805D0074BDC
:10F44C00102802D0112802D1054B1B68D9627047D5
:10F45C004C08002000080020B4070020680700209A
:10F46C001C070020084B06280BD0084B072808D097
:10F47C00074B0E2805D0074B102802D0112802D1BB
:10F48C00054B1B68596270474C080020000800208F
:10F49C00B4070020680700201C07002062B67047E4
:10F4AC0072B670470E4B10B50400984207D103F0AA
:10F4BC00F5FB0C4B9C4207D103F0DAFA0FE00A4B38
:10F4CC00984207D103F0B0FE084B9C4207D103F0E1
:10F4DC00FBFA04E0064B9842EBD103F0B3FE10BDEF
:10F4EC004C08002068070020000800201C070020A2
:10F4FC00B407002072B6FEE7F7B52C4C2C4A23005B
:10F50C00106851688033186059602A4B00261A68BD
:10F51C005B6800270025226163610022264B01A84D
:10F52C0026626762A662E76226636763226463648D
:10F53C002580A56304F0A6F86B4622009B88483210
:10F54C005BBA138001A832003B002665676504F0A6
:10F55C0099F86B4622009B8858325BBA138001A83D
:10F56C0032003B002666676604F08CF86B4622007E
:10F57C009B8868325BBA138023006A331D8023009A
:10F58C006E331D80230072331D80230076331D8063
:10F59C0023007A331D80230088331E605F602300B4
:10F5AC007E3490331E605F602580F7BDE00900203B
:10F5BC002000002010000020E0FFEF40F8B50022F2
:10F5CC00334BFAF71FF90022324BFAF7E1FC040037
:10F5DC000D00314A314BFBF715F922002B00FBF7DC
:10F5EC0011F922002B00FBF70DF92D4A06000F0034
:10F5FC00200029002B4BFBF705F922002B00FBF711
:10F60C0001F902000B0030003900FAF7FBF8244A2C
:10F61C0006000F0020002900234BFBF7F3F8020033
:10F62C000B0030003900FAF7EDF8204A204BFBF7BD
:10F63C00CFFB08F09FFD00221E4B04000D00F8F7D5
:10F64C000FFF002812D01C4B1B78002B04D001227A
:10F65C001A4B1B4C1B4D1A701B4B1B78002B02D0EA
:10F66C000122164B1A7029002000F8BD0022200040
:10F67C002900164BF8F7E0FE0028F4D0124B1B784B
:10F68C00002BF0D001220D4B0D4C0E4D1A70EAE7F9
:10F69C000000894000E09540D7A3703D0AD5814019
:10F6AC006666666666D29EC06672A140295C8FC291
:10F6BC00F5D8894000001E40E80100206467002056
:10F6CC008FC2F5285CFF5840596300200000F03FC2
:10F6DC00F8B50D0004000D4A0D4BFBF793F82B0009
:10F6EC002200FBF78FF80B4A06000F0020002900C0
:10F6FC00094BFBF787F802000B0030003900FAF7D2
:10F70C0081F8064A064BFAF77DF8F8BD865AD3BC49
:10F71C00E3149DBF454772F90FE9FE3F4A0C022BDB
:10F72C008716A93FF8B50F0019000E4B06001B7881
:10F73C001000002B12D00C4C0C4D00220C4BFBF784
:10F74C0047FB2B002200FBF75DF80022094BFAF770
:10F75C0059F832003B00FBF755F8F8BD064C074D45
:10F76C00EBE7C046596300209A9999999999993F6A
:10F77C00000039400000F03F7B14AE47E17A943F23
:10F78C000023F0B5B3B0D24CD24D0A90319301287E
:10F79C0023D120702B70FFF727F806000F00CE4BFB
:10F7AC001E605F60CD4B1B78002B21D00022002304
:10F7BC00F8F756FE00281BD0C94B00223000390048
:10F7CC00F8F73AFE012300280DD0237000232B708C
:10F7DC000022C44B0492059310E00A9A022ADAD153
:10F7EC0023700123D6E720702B700022BE4BF1E76B
:10F7FC002378002BECD12B78002BF6D1FEF7BEFE34
:10F80C00022802D10022B94B1A70FEF7B7FE01286C
:10F81C0001D1B64B1870FEF795FEFEF78AFE022852
:10F82C000AD8FEF786FEFBF73BFF0022B04BF9F738
:10F83C00E9FFB04D28606960FEF7E9FE1A90FEF70B
:10F84C0048FEAD4B1870FEF7FDFE3221F8F7D8FDDF
:10F85C00002901D101F0A4FE002301221900F4209B
:10F86C00FEF703FE431E98410023A44DC0B21900BD
:10F87C0028700122F520FEF7F8FD431E9841A04B9D
:10F88C00C0B21870FEF78DFE012802D000229D4BED
:10F89C001A70FEF7B3FE1290022802DD01229A4B79
:10F8AC001A709A4B1A78002A00D1C4E0924A127846
:10F8BC003B2A00D8BFE0964B01221A70954B1A7068
:10F8CC00954B1A78934B002A03D1914A1278002A4F
:10F8DC0001D001221A701B78002B05D02378002B45
:10F8EC0002D00122814B1A70FEF776FE794B8B49C0
:10F8FC001B780860002B05D00122894B022800D010
:10F90C00A4E01A707F4E824C3378002B09D02378F8
:10F91C00002B06D00020FEF78DFC00227A4B1292B1
:10F92C001A702378764C002B00D195E07D4B7E4AE3
:10F93C001A80754B1B78002B02D001227B4B1A705E
:10F94C0001257B4B1D60FCF7EDF92378D8B2002B19
:10F95C0003D1784B1D70FEF77BFCFEF761FE764BF6
:10F96C001860674B1B78002B06D0FA216D4A890072
:10F97C0013885B189BB21380604B1B78002B04D050
:10F98C00684A13880A339BB21380684B1B78002B90
:10F99C0004D0644A138864339BB213805D4B674C6C
:10F9AC001B78DAB21192002B00D1F8E0FEF782FE40
:10F9BC0020780300083B5A1E93410822DBB21193B6
:10F9CC00574B0B901B781492002B05D00321F8F7A2
:10F9DC00A7FB0130C3B20B930023012022785849B6
:10F9EC009A4200DDE3E002F075FF564C0A991EA81E
:10F9FC0001F092FA48221EA9200007F0B2FDFEF792
:10FA0C0058FD1B90FEF7F8FEFEF782FEFEF794FE03
:10FA1C00FEF7A8FEFEF7BCFEFEF7D0FE4A4B1B78A5
:10FA2C00002B01D0FCF778FA444B01241A78474993
:10FA3C0000234748C3E01B78002B00D140E72E4B36
:10FA4C001B78092B00D83BE7334B35E702201A70A3
:10FA5C000860FEF7E1FB55E73E4B1B78002B1BD0F3
:10FA6C002D4B1B78002B17D02E4B3B4A1A8023783A
:10FA7C00DCB2002B00D070E7012502222B4B1D704D
:10FA8C002B4B1A601D4B1C70FEF774FBFCF74AF9EC
:10FA9C00284B1D7020005EE71C4B1B78002B5FD0A1
:10FAAC003378002B5CD02378002B09D11D4B2B4ACB
:10FABC001A8001231D4A13701D4A13601D4A1370CE
:10FACC0000242C70FEF756FBFCF72CF9E2E7C0463D
:10FADC0059630020E8010020E80A00205863002048
:10FAEC000070874000D0864000208C404C63002082
:10FAFC000000E03FD0030020F10A0020C765002081
:10FB0C00C565002078670020F00A00207D67002082
:10FB1C007B6700207C6700207A670020EC010020C6
:10FB2C005C630020706700201027000081670020B4
:10FB3C004C020020C6650020D00A00205102002093
:10FB4C00F1010020880A0020AF650020E4030020AA
:10FB5C006A63002079670020204E00003075000099
:10FB6C00734B1B78002B00D1F7E63378002B00D0B9
:10FB7C00F3E62378DEB2002B00D0EEE601246D4BC9
:10FB8C006D4A1A806D4B1C706D4B1C602E70FEF70D
:10FB9C00F1FAFCF7C7F86B4B30001C70DBE6FEF794
:10FBAC0012FD032343430B93119B149314E7C85486
:10FBBC00013315E7CD5C052D00D9C45401339A42AD
:10FBCC00F8DC00F075FE03F07BFBFA20C00004F0BB
:10FBDC002BFF0023139315930D93FFF78DFC5A4CB9
:10FBEC00236B012B3DD1594B1B78002B39D003F0E3
:10FBFC00F7FB022835D1FEF78CFC012831D103F03C
:10FC0C00EFFB01282DD003F0EBFB012829D0504845
:10FC1C00236804220370030039331A704D4B0024FF
:10FC2C001A68030078331A800300FF227E331A709F
:10FC3C00312503F0C7FF03F0B3FF04F027F90022CE
:10FC4C00E30FA5425341DBB2934201D0904203D162
:10FC5C00FCF768F833B0F0BD0A2004F0E5FE01347F
:10FC6C00EBE7A269E369A06AE16AFAF791F9FBF79D
:10FC7C00DBFCAF22384B00210890120118000793CF
:10FC8C0007F0DAFBAF22354D00212800120107F0F6
:10FC9C00D3FBAF22324E00215201300007F0CCFBD7
:10FCAC00AF22002152012F4807F0C6FBAF222E4F86
:10FCBC0000215201380007F0BFFB6B461B8C320051
:10FCCC0029001093009307983B0003F0DDFA274BB3
:10FCDC001A4D1A782B78134022003C3212781A42B3
:10FCEC000CD035342378002B08D00498059903F0F8
:10FCFC002FFB002301222B701D4B1A7000221D4B71
:10FD0C001A8002F0EFFF104B9868D96802F048FF98
:10FD1C0003F042F802F0E0FF07900028FAD1164BEE
:10FD2C001B78DAB20C92002B28D103F0F5FE91E788
:10FD3C007D67002070670020409CFFFF81670020DA
:10FD4C004C020020C6650020880A0020E901002032
:10FD5C00E00900207467002084570020944C002098
:10FD6C00B4360020D4200020F40A00207F67002045
:10FD7C001B0A00206E67002050020020D44B079A0B
:10FD8C00D4491A80D44AD54B966B176809785E70A3
:10FD9C00FBB2002905D0126C002A02D01B019B1863
:10FDAC00DBB2CE4CCE4A2370CE4BCB4D226263627B
:10FDBC00286A696ACC4ACD4B22636363A262E36210
:10FDCC002300883318605960AA6AEB6AFBF700F8C5
:10FDDC00FBF72AFCC317C0185840FBF761FCC44B57
:10FDEC0090341B7820606160002B37D05A231AAAFC
:10FDFC009B1800223E351A802B780124934201D1A6
:10FE0C00BC4B1C78BC4B1B78002B12D0BB4B1B780B
:10FE1C00002B09D0B049BA4B002208694969F8F7A0
:10FE2C0005FB0023984206D0B64B1B78002B00D064
:10FE3C0069E2012323405A241AAAA41831003A007B
:10FE4C0008980094FBF7FEFDAF4B22881A80AF4B4D
:10FE5C001B78002B00D062E201F02CF8049A059B71
:10FE6C009E491098FDF72EF9A34B1B78002B09D057
:10FE7C00994B1A6B012A00DD54E25A6BA44B1A42BF
:10FE8C0000D04FE20E9B0F9C089309949A4B1A7862
:10FE9C00984B1B78002B00D166E29E489E49007857
:10FEAC000B78002800D15CE28C48013B046C456C5B
:10FEBC00181C049405951B0600D500200870964963
:10FECC00964B09781970964B1B78002B03D09549EB
:10FEDC00954B096819600021944B1B788B4208D113
:10FEEC0093487D4B0078884203D036331B785B42B5
:10FEFC00D9B2904B794C1970002A59D0834B764E5D
:10FF0C001B78002B54D18C4D0A9B28686968009390
:10FF1C00089A099BFFF752FB20626162FFF7D8FB3E
:10FF2C00226963690A9F206361630097FFF7FAFBFC
:10FF3C00226963690E920F932A686B68A062E16272
:10FF4C00206C616C009201930E9A0F9BFCF768F980
:10FF5C000B0002003100A260E3603F3109780029F8
:10FF6C0008D031003D3109783068FCF701FB803452
:10FF7C00206061600021594D574CAA68EB680091D4
:10FF8C00216C2068FBF78AFE0B9B6C4A013B0B93A0
:10FF9C001378383501331370694B28701B78002B9C
:10FFAC0006D03D3423785A425341139AD3181393F5
:10FFBC000498059901F048FB4E4B1B78002B08D098
:10FFCC00604B1B78002B04D05F4B5C681B68049360
:10FFDC000594414C2068FBF7EBFE5C4B187000203D
:10FFEC0002F068FA119B002B03D0139B149A9342D6
:04FFFC0008D00B9B83
:020000040801F1
:10000000002B00DDDEE136342378002B00D1D9E16E
:100010000122524B1A70FEF759F8FEF70FF8FEF75F
:1000200025F84F4B1B78002B00D1C4E14D4B1B78BA
:10003000002B00D1BEE0474B1C685D684A4B200096
:100040001A685B680E920F93484B29001E685F6820
:100050000E9A0F9BF9F7DCFB454B1C901D911A681B
:100060005B6830003900F9F7D3FB02000B001C98E5
:100070001D99FAF7B3FE4B005B0817931690002208
:10008000169817993B4BF8F7DDF9002812D132008A
:100090003B0020002900FAF7A1FE4B005B081993F2
:1000A0001890002218981999324BF8F7DFF90028B8
:1000B00000D17FE00E9A0F9B224E30687168FAF7EC
:1000C0008DFE2D4A2D4BFAF7A3FB2D4F3A687B6826
:1000D000F9F79EFB0E9A0F9B040053E06C6700201B
:1000E0005C630020880A0020E00900208FC2F52808
:1000F0005CFF58400E2DB29DEFFF58407F670020F7
:10010000E90100205A6300205963002000004440A8
:10011000E8010020520A0020C40A0020FF00FF006E
:10012000FD030020A4660020180A0020BD0A00205C
:1001300074670020686700207C670020C60A0020E2
:100140005E0A002040020020F20A00200D04002078
:10015000BE0A002038020020190A0020E103002016
:10016000D3650020A066002028020020E00A0020BD
:10017000E80A0020000024403BDF4F8D976E923F3D
:10018000600A00200D00326073603C607D600022D8
:100190000023F8F757F9002807D100222000290092
:1001A000964BF8F763F9002804D00020944B95494A
:1001B000186059600122944B1A70944B1B78002BE5
:1001C00001D0FDF7C5FFFDF7DBFF914B1B78002B3E
:1001D0000CD034226B469B181878FEF746F80D9B1E
:1001E000002B03DD8B4B0D9A1599D1548A4B18685F
:1001F000C0B2FEF717F9894B1B78002B03D0FDF72F
:10020000C1FEFDF70BFF864B1B78062B00D0D5E017
:10021000FEF7F1F90130C0B2FEF70BF8FBF788FDED
:100220001A9B581CC0B2FEF712F80021FA20FEF704
:10023000BDFB7C4B1B78002B04D1129B581CC0B219
:10024000FDF7FEFF1A9B092B05D9012002F038F9B2
:100250000020FDF7FCFFFDF7DDFDFDF705FE724B0D
:100260001868596801F0B8F9704B1868596801F0BE
:10027000C5F96F4B18680130FE2800DDFE201860BC
:10028000C0B2FDF7EBFFFEF7E3F90130FDF7F4FF35
:10029000FF22684B1A70684B1B78002B08D0674B05
:1002A0001B78002B04D05C4B654A5B6C9BB21380BF
:1002B0001B9B012B0BD10C9C624B0294109C624A3D
:1002C0000194624C62496348009403F039FA624B2E
:1002D0001B78002B02D10C9B002B15D05F4803F03C
:1002E00077FC312403F062FC03F0D6FD0022079B6B
:1002F0000799DB0F8C425341DBB2934201D090420D
:1003000070D10C9B002B74D1089B099C0E930F9409
:1003100069E44149524B00228868C968F8F78CF8B3
:100320000023984200D08AE58BE54E4B18709BE580
:100330004D4D287802F046F9484C2B78A061022BED
:1003400012D102F04FFA08900991089A099B226194
:1003500063610899099A454B19605A60444B1B78B0
:10036000002B00D194E597E502F080F9EBE701332B
:100370000B70AAE5002A00D1B3E53E49264B097867
:10038000002900D0ADE53C48007800280FD031911D
:100390003A4932480978046C456C04940595002963
:1003A00000D19EE519689B6B0D91159399E5319BE2
:1003B0000133319395E5144A1370FEE60020FDF7F2
:1003C00038FF2DE72C4B2E4A31A91B78127800916B
:1003D0000498059901F012FDFF222A4B1A700023A0
:1003E0000C9365E70A2004F025FB079B0133079374
:1003F0007AE700F069FAFFF733FCC04600002C40B2
:10040000600A002000002E40C7650020A266002080
:100410007B6700209F650020880A00207F670020FE
:10042000190A0020F00A00203802002040020020B3
:10043000D00A00205E0A00205A630020E801002054
:100440006C670020D4200020B4360020F40A00207D
:10045000944C0020845700204D010020E00900202A
:1004600000003E40F0010020EA01002010000020C2
:10047000BC0A0020C40A00200D0400200C04002047
:10048000FD0300205F0A002001210A4B82B01A6C94
:100490000A431A641A6C0A4080210092009ADA6BAF
:1004A00049050A43DA63DB6B0B400193019B02B001
:1004B0007047C0460010024010B5040094B01422EA
:1004C000002102A806F0BEFF3422002107A806F092
:1004D000B9FF174B22689A4227D1202307A8079318
:1004E00005F068F9002801D0FFF70AF80222114C44
:1004F0001148636B02A913436363636B134000935A
:10050000009BC0230293AE3B039300230493059307
:100510000633069304F094FC8022E36B92031343AA
:10052000E363E36B13400193019B14B010BDC0461D
:1005300000540040001002400004005010B50400B8
:100540008EB03422002101A806F07CFF104B2268F7
:100550009A421BD180239B020193802301A85B0058
:100560000D9305F027F9002801D0FEF7C9FF80227E
:10057000084B1202D96D0A438021DA65DA6BC90093
:100580000A43DA63DB6B0B400093009B0EB010BD97
:10059000002800400010024010B504008AB0142268
:1005A000002105A806F04EFF23681F4A93421CD184
:1005B00080211E4B49011A6CA0200A431A641A6C50
:1005C000C0050A4001210192019A5A6B0A435A63FD
:1005D0005B6B0B400293029B154B05A9059302230D
:1005E000069304F02DFC0AB010BD124A9342FAD1D2
:1005F00080210E4BC901DA6B0F480A43DA63DA6BCC
:100600000A4008210392039A5A6B0A435A635B6BB0
:100610000B400493049B1A230593183B0693013B5C
:10062000099305A9DDE7C0460030014000100240F3
:10063000C280000000380040000C00507FB5036805
:10064000324A934212D11021314B1120DA6B0A4306
:10065000DA63DB6B00220B4001930F39019B04F03E
:10066000FBF9112004F022FA07B000BD294A934299
:100670000FD12021264B1220DA6B0A43DA63DB6BA1
:1006800000220B4002931F39029B04F0E5F912206F
:10069000E8E7214A934210D180211D4B09021A6CD0
:1006A00013200A431A641B6C00220B4003930121A0
:1006B000039B04F0D1F91320D4E7184A934210D1D8
:1006C0008021134B89021A6C15200A431A641B6C93
:1006D00000220B4004930121049B04F0BDF9152076
:1006E000C0E70F4A9342BFD18021094BC9021A6C5F
:1006F00016200A431A641B6C00220B40059301214B
:10070000059B04F0A9F91620ACE7C0460010004094
:10071000001002400014004000200040004401404E
:100720000048014070B5060094B01422002102A8D0
:1007300006F088FE3422002107A806F083FE274B2E
:1007400032689A4247D1012307A8079305F032F88F
:10075000002801D0FEF7D4FE8021214BC9011A6C7C
:10076000A0200A431A641A6C00250A400092009ADD
:100770000122596BC005114359635B6B02A91340F9
:100780000193019BB0235B01029302230495039321
:100790000595069204F054FB124C134B2000236085
:1007A000322363604E33A560E56023616561A56116
:1007B000E561256204F0DAF9A84201D0FEF7A0FE57
:1007C0000022331D1B201100DC67A66204F044F9EF
:1007D0001B2004F06BF914B070BDC0460038014016
:1007E000001002402C06002008000240FEE7FEE751
:1007F0007047704710B504F00BF910BD10B50248F2
:1008000004F0CAFA10BDC0462C06002010B50248FC
:1008100005F06EFA10BDC0464C08002010B5024825
:1008200005F066FA10BDC0460008002010B5024869
:1008300005F05EFA10BDC046B407002010B50248AE
:1008400005F056FA10BDC0466807002010B50248F2
:1008500005F04EFA10BDC0461C07002010B5024836
:1008600005F034FC10BDC0468806002010B5034BCF
:10087000012218685968FEF70BFA10BD9400002099
:1008800010B5034B002218685968FEF701FA10BD35
:100890009400002010B5034B012218685968FEF738
:1008A000F7F910BD8C00002010B5034B002218682A
:1008B0005968FEF7EDF910BD8C00002010B5FFF768
:1008C000D5FFFFF7E7FF10BD10B5FFF7D9FFFFF722
:1008D000EBFF10BD10B5034B012218685968FEF7F5
:1008E000D7F910BD7400002010B5034B0022186822
:1008F0005968FEF7CDF910BDC400002010B5034BB8
:10090000012218685968FEF7C3F910BDC400002021
:1009100010B5034B002218685968FEF7B9F910BDED
:10092000BC00002010B5034B012218685968FEF77F
:10093000AFF910BDBC00002010B5034B00221868B1
:100940005968FEF7A5F910BDB400002010B5034B9F
:10095000012218685968FEF79BF910BDB400002009
:1009600010B5034B002218685968FEF791F910BDC5
:10097000AC00002010B5034B012218685968FEF73F
:1009800087F910BDAC00002010B5FFF7ADFFFFF7F1
:10099000BFFFFFF7D1FFFFF7E3FF10BD10B5FFF773
:1009A000ADFFFFF7BFFFFFF7D1FFFFF7E3FF10BD7C
:1009B000304B10B5186800225968FEF769F92E4BC4
:1009C000002218685968FEF763F92C4B002218685A
:1009D0005968FEF75DF92A4B002218685968FEF73E
:1009E00057F9284B002218685968FEF751F9264B31
:1009F000002218685968FEF74BF9244B002218684A
:100A00005968FEF745F9224B002218685968FEF72D
:100A10003FF9204B002218685968FEF739F91E4B40
:100A2000002218685968FEF733F91C4B0022186839
:100A30005968FEF72DF91A4B002218685968FEF71D
:100A400027F9184B002218685968FEF721F9164B50
:100A5000002218685968FEF71BF9144B0022186829
:100A60005968FEF715F9124B002218685968FEF70D
:100A70000FF910BD44010020CC000020E40000204C
:100A80003C010020340100202C0100202401002022
:100A90000C010020F400002004010020FC000020D4
:100AA000EC00002014010020DC000020D400002015
:100AB0001C01002010B5FFF77BFF074B01221868CF
:100AC0005968FEF7E5F8054B012218685968FEF7EA
:100AD000DFF8FFF7FFFE10BD5C000020640000207F
:100AE00010B5FFF765FF034B002218685968FEF741
:100AF000CFF810BD5C000020304B10B51868002204
:100B00005968FEF7C5F82E4B012218685968FEF7A0
:100B1000BFF82C4B012218685968FEF7B9F82A4B28
:100B2000012218685968FEF7B3F8284B01221868AB
:100B30005968FEF7ADF8264B012218685968FEF790
:100B4000A7F8244B012218685968FEF7A1F8224B38
:100B5000012218685968FEF79BF8204B012218689B
:100B60005968FEF795F81E4B012218685968FEF780
:100B70008FF81C4B012218685968FEF789F81A4B48
:100B8000012218685968FEF783F8184B012218688B
:100B90005968FEF77DF8164B012218685968FEF770
:100BA00077F8144B002218685968FEF771F8124B59
:100BB000002218685968FEF76BF810BD4401002048
:100BC000CC000020E40000203C0100203401002083
:100BD0002C010020240100200C010020F400002042
:100BE00004010020FC000020EC0000201401002083
:100BF000DC000020D40000201C01002010B50400FF
:100C0000002901D0FFF7D4FE601E0E280FD8F7F799
:100C100079FA080F11131517191B1D1F21232527FA
:100C20002900114B186801225968FEF731F810BDF0
:100C30000E4BF7E70E4BF5E70E4BF3E70E4BF1E7E4
:100C40000E4BEFE70E4BEDE70E4BEBE70E4BE9E7F4
:100C50000E4BE7E70E4BE5E70E4BE3E70E4BE1E704
:100C60000E4BDFE70E4BDDE7CC000020E400002058
:100C7000240100203C010020F40000203401002069
:100C800004010020FC0000202C010020EC000020CA
:100C90000C01002014010020DC000020D400002002
:100CA0001C010020F7B50190FFF782FE284B294A6E
:100CB0001B780B270092002B04D1274B1B78002BAD
:100CC00000D0177800242600244D009B1B78A342F7
:100CD00000DCF7BDB742FCDD2A780134002A1CD0C5
:100CE0002000A34200DAE01A019B002B01D0002370
:100CF0002B7002381A4B0C2809D8F7F703FA0710A3
:100D0000121416181A1C1E2022242600154B1868CF
:100D100001225968FDF7BCFF01360135D5E7124BBA
:100D2000F5E7124BF3E7124BF1E7124BEFE7124BEB
:100D3000EDE7124BEBE7124BE9E7124BE7E7124BFB
:100D4000E5E7124BE3E7124BE1E7124BDFE7C04662
:100D50005963002051020020E8010020F101002029
:100D6000CC000020E4000020240100203C010020F1
:100D7000F40000203401002004010020FC000020C9
:100D80002C010020EC0000200C01002014010020A8
:100D9000DC000020D400002010B5FFF709FE034B53
:100DA000012218685968FDF773FF10BD4401002047
:100DB0000120704710B506F0ADFB1623036001203B
:100DC000404210BD10B506F0A5FB16230360FEE7F8
:100DD00070B50E0014000025A54201DB200070BD97
:100DE00000E000BF70550135F6E770B50E00140045
:100DF0000025A54201DB200070BD705D00E000BF52
:100E00000135F6E701204042704780239B01002016
:100E10004B60704701207047002070470B490C4A17
:100E20000300521A0B4910B50868002801D10A487E
:100E300008600868C318934206D906F06BFB0C23C0
:100E400003600120404210BD0B60FCE7000400007D
:100E5000009000204863002048690020704700008F
:100E600070B5FDF71AFC0E4C0E4D20602B780F2844
:100E70000DD1002B01D10F2070BD0E20FDF7BCFA63
:100E80000E2323602B78002BF5D02068F4E70E2882
:100E9000F8D1002BEFD00130FDF7AEFA0F23F0E7C9
:100EA0001C020020C16500200F2802DD024B1878CB
:100EB0007047024BC05CFBE7F00100209F650020FB
:100EC000144A30B514680F2C23DC134B1D78002D09
:100ED00002D0092800DD0920104B1B78002B02D01E
:100EE0000923082802DC031E00DC01231100343131
:100EF0000978906B29400125082800DC002529424B
:100F000004D0984202DD5168013151609363044A74
:100F1000A35430BD880A00205A630020E901002054
:100F20009F65002070B50400FDF75EF8FDF71AF824
:100F3000FDF7AAFB174B18491870184B1B78002BAC
:100F400004D1174B1B78002B04D0164948222000EF
:100F500006F00DFB144B1B78002B09D0012213491E
:100F60000A70032B04D918001040134200D10870F6
:100F7000FFF776FF0500FFF797FF01220C4B256076
:100F80001A7000230B4AA06313702000236463646B
:100F900070BDC046EA010020A00100205963002076
:100FA000E801002058010020B0650020C165002044
:100FB000E90100205A630020F0B5674B85B01A782C
:100FC00002931700002301266449654893422EDBF3
:100FD000FAF714FD05F014FF0023624D2B646B64D7
:100FE000614B1C78002C30D0029B1A782B003C33CC
:100FF0001B78002B26D12B680133934200DD9B1A0E
:1010000001215A4A2B609954594A13685B1813609E
:10101000029B574C1A7823689A4206D10D22002170
:101020004E4806F00FFA0023236005B0F0BDCC5CFB
:101030000133002C02D1C45C002C01D0013FC5E774
:101040001E00C3E74B4B1B68DAE74B4B1B78002BAA
:10105000DED0424A0192002F5CDD012F07D12E60C5
:101060009619434A013E136837700133CFE7022FC8
:1010700052D005F0F5FE029B1E783100F7F7C6F955
:10108000019B5B5C002BF4D13C4F7B5C002B01D0BF
:10109000002CEED04B1C2B600123019A5354344A90
:1010A0001368013313609E42B2DD05F0D9FE029B46
:1010B0001B7819000393F7F7A9F9019B5B5C002BE0
:1010C000F3D17B5C002B01D0002CEED04B1C2B64A9
:1010D0000123019A264E53543368039A0133336037
:1010E0009A4295DD05F0BCFE029B1978F7F78EF960
:1010F000019B5B5C002BF5D17B5C002B01D0002CAD
:10110000F0D04B1C6B640123019A535433680133B4
:1011100033607DE71C00ACE7019B2E609E19012324
:10112000134A013E337013681448591C1160029928
:101130000F78A74200DC6BE701990E5D611C002E61
:1011400008D1065D002E05D12964012101980233E2
:1011500001555CE70C00ECE7510200205D630020C4
:1011600069630020880A0020596300205C63002026
:101170005463002050630020E80100206A630020CF
:10118000F7B5C04F00213B003E33197001233B638C
:101190000223FF33BB863B000D223633BA48197059
:1011A000B9873964796406F04DF9B84B1E78002E82
:1011B00000D17FE0B64B00221B78002B78D0802333
:1011C000DB05BA61FB610022B24BBA60FB60002212
:1011D000B14B3A617B610022B04BBA62FB620323E0
:1011E0007B60AF4B00221C685D68AE4B200029007D
:1011F000F7F73CF9002801D00024AA4DAA4B1B7830
:101200000093002B02D0A94B1C685D6800222000CF
:101210002900A74BF9F7E2FDA64AA74BF9F7F8FA20
:1012200002000B000020A549F9F7D8FD0022A34BCE
:1012300004000D00F7F71AF9002801D000249F4D93
:101240009F4B3C627D621B78002B51D0009B002B92
:1012500047D19C4B5C681B689B4A009301941388A0
:1012600001339BB21380002E3ED0984B00221C68A5
:101270005D68974B20002900F8F7CAFA954BB862D1
:10128000F9621A685B6820002900F8F7C1FA894AF8
:1012900004000D0000980199874BF9F7B9FA020094
:1012A0000B0020002900F9F799FD386279621FE0F0
:1012B000894B86E7894B1B78002B92D08023002234
:1012C000DB05BA61FB610022854BBA60FB6000223E
:1012D000844B3A617B610022834BBA62FB6202233A
:1012E0007EE700230024B7E77C4B1B78002BBCD1A2
:1012F0007E4B1B78002B00D186E0002E00D17BE0D6
:10130000FDF79DF9002803D0794B1B78002B06D000
:10131000784B07221D78002377499D4263DC012228
:10132000584B1860754BC254754A136801331360EB
:101330000121744A534B117003225A6000223F333B
:101340001A70714B4F4C1B78002B06D023003E3394
:101350001B78002B01D0012363602068FFF7A4FDF8
:10136000226B6368A0639A4203D1230001223633C3
:101370001A7023003C331B78002B14D1634B1B786D
:10138000002B10D06249002208684968614BF7F7CA
:1013900059F8002807D0206A616A00225E4BF8F7EE
:1013A00037FA2062616223003D331B78002B07D09F
:1013B000206A616A0022584BF8F72AFA20626162BB
:1013C000206A616A00223D4BF7F750F8002803D0ED
:1013D00000223A4B226263620022504B1A70504B3B
:1013E00001321A70F7BDCE5C5C1C964202DC200014
:1013F000CA5CD2B2230090E7384B1B78002B00D197
:1014000096E7FFF7D9FD93E7464B1E4C1B78394D05
:10141000002B26D100208233236023000122424981
:101420003C33A061E16100201B491A703F4B2061F1
:10143000616119781300002906D03D4B1978022309
:101440000F392C2900D913006360FDF743F9394B9C
:101450002A7802301860904200DC72E7801A186027
:101460006FE7230001223E331A70FDF733F92B7822
:1014700001302060984201DDC01A2060FFF79CFD1A
:101480005FE7C046880A00205D63002059630020A2
:101490004C630020000059400000444000908A4006
:1014A0004002002000488C40A0660020E80A00208E
:1014B000004085409A9999999999E93F0060834045
:1014C000C7650020C865002070670020200200204A
:1014D00000206C40380200200000F03FE8010020AE
:1014E00000003E400000544000E08540816700203D
:1014F0007867002051020020E40300205C63002094
:1015000054630020C50A0020180200205B630020FD
:10151000200000200000144000004940E9010020A4
:101520005A6300207B670020000008407C67002091
:10153000F10A00205063002010B50D222821034835
:1015400005F080FFFCF730FD10BDC046846300202D
:1015500010B568220021034805F074FFFCF784FCF5
:1015600010BDC0466864002010B568242200002128
:10157000064805F067FF22000021054805F062FFDC
:10158000FCF79CFCFCF7C4FC10BDC04600640020C6
:101590009863002010B568220021034805F052FF2F
:1015A000FCF738FC10BDC046D064002010B50D22F9
:1015B000FF21034805F046FFFCF706FD10BDC046BD
:1015C0007763002010B50220FCF72CFE0222014BAD
:1015D0001A6010BDEC010020D0B506000F00054CCC
:1015E00060220549200005F01BFF26666766FCF7B0
:1015F00065FCD0BD0064002008640020D0B5060062
:101600000F00054C60220549200005F009FF266601
:101610006766FCF77DFCD0BD98630020A0630020C6
:10162000F8B50C684D68066847682B00220030004A
:101630003900F6F707FF03000120002B08D12B002B
:10164000220030003900F6F711FF431E9841404256
:10165000F8BD0000F0B5D14B93B01B780490059114
:10166000002B00D1C9E0CE4ACE4B116B187801395E
:10167000CD4BC9005B18002800D1E1E10498059921
:1016800018605960130035331B78002B02D10121FB
:10169000C64B1970130036331B78002B00D1ACE019
:1016A000536800240693C24B00261B7800275A4239
:1016B0005341069A9B18043B1D000293BA4B0C93AE
:1016C000069B9D4200DAC0E1BA4B002C00DC2FE201
:1016D000002220001A70F9F7E9FF08900991020032
:1016E0000B0030003900F8F759FC002600270E9057
:1016F0000F91029CAC4D069B9C4200DABFE1089A18
:10170000099B30003900F8F749FC06F0A7FD0023DB
:101710000026002708930C900D91A34B1193029B78
:10172000069A934200DACCE10898F9F7BFFF02006D
:101730000B0030003900F8F731FC06000F009E4B1B
:101740009E4C1D789E4B266067601B785BB2022B17
:1017500000DD24E201229B4B1A70002D14D09A4B1D
:101760009A4D02931B78002B00D1FEE1002230003D
:101770003900974BF6F766FE002800D1F5E100230B
:10178000012202992A700B70924B1B78002B34D0E7
:1017900020686168904B914D1A685B68F9F71EFBF1
:1017A0008F4B286069601B6800210C2B01DC0D3118
:1017B000C91A00230D228B48FAF7D6FB7F4C266806
:1017C000676832003B00F9F709FB02900391039B25
:1017D000029A5B00100059080022834BF6F746FE80
:1017E00000280AD00122814B1A70814B1E605F6075
:1017F000794B1A685B68226063607E4B1B78002B14
:1018000000D1C8E07C4B664A1B78002B4FD17B4B44
:101810001B78002B4BD07A4B1B78002B47D11268DA
:10182000784B013AD2009B181C685D6800220023A7
:1018300020002900F6F71AFE002838D0724B1B88CA
:1018400018000293F9F732FF00220F0006006F4BD9
:1018500020002900F8F7DCFF02000B0030003900FF
:10186000F6F7F0FD6A4F002807D00022200029007B
:10187000684BF6F705FE00280CD1029B042B00D91B
:10188000B1E1002220002900634BF6F7F9FD0028A2
:1018900000D1A8E100223B6801333B60574B1A702E
:1018A0005E4B1A705E4A1388C8339BB21380584A45
:1018B0001368042B0BDD01215A4B00201970002303
:1018C00000211360584B18605960FFF741FE4A4BE6
:1018D0001B78002B00D188E1474B314D1B780293D8
:1018E000002B1CD145492B6B2A680878013B4F49D6
:1018F000013ADB00434CD200CB18002800D1E5E1CF
:101900000498059918605960494BA4189B181860F1
:1019100059603D4B1888F9F7F7FE206061602B0095
:1019200036331B78002B36D02B003D331B78002B31
:1019300003D0254B1B78002B1ED100246B68089325
:101940003C4B1B78A34201D1089B9C1E002500261E
:101950000027364B0A93089B9C4200DAC0E1002D19
:101960000ADD2800F9F7A2FE02000B003000390062
:10197000F8F714FB04900591204B1B78002B0AD03C
:10198000029B002B07D10499059A2B4B19605A60D2
:1019900001222A4B1A7013B0F0BDC046E9010020A5
:1019A000880A0020FD030020F8650020D265002091
:1019B000C16500204802002058630020400200203A
:1019C000A4660020A2660020E801002059630020E0
:1019D00000708740C7650020E80A0020C865002025
:1019E000D00A00209863002000002440A066002058
:1019F000280200205A630020C40A00200D040020A1
:101A00007C67002068640020560A00200000D03F58
:101A1000B465002000004440000034400C04002065
:101A20006E670020D1650020D8030020D865002013
:101A3000D06400201802002038020020B265002087
:101A4000C448C5491860596024E60C9AEB009B18FD
:101A50001A685B680892099308980999BD4ABE4BB9
:101A6000F6F7F0FC002808D0089A099B30003900EE
:101A7000F7F7CEFE06000F000134013520E6E30043
:101A80005B191A685B680C920D930C980D99B14A1A
:101A9000B14BF6F7D7FC002811D00E9A0F9B0C988B
:101AA0000D99F9F79BF902000B00F8F7B1FE02005F
:101AB0000B0030003900F7F7ABFE06000F000134D1
:101AC00019E6029B119ADB009B181C685D68A14A0D
:101AD00020002900A04BF6F7B5FC002824D00E9A70
:101AE0000F9B20002900F9F779F94B005B080A9059
:101AF0000B930A9A0B9B0C980D99F6F7C1FC0028E2
:101B000007D10A980B990022944BF6F79BFC00280A
:101B10000AD0089B300001333900089322002B00C3
:101B2000F7F776FE06000F00029B01330293F6E5FD
:101B30008B4A146855688B4A1278002A04D0002218
:101B40001A7026002F00FAE501221A70864B002237
:101B50001E685F68002330003900F6F787FC002814
:101B6000EFD00122814B1A70E9E52B78002B00D1D0
:101B70000AE60022300039007D4BF6F781FC002890
:101B800000D101E60122029B02201A7000232B7073
:101B9000784B1860784B1A70FCF744FBF4E5774BF0
:101BA0001B780293002B00D1B4E0002230003900F2
:101BB0006F4BF6F747FC00280CD06B4B00221E68D9
:101BC0005F686B4B30003900F6F75AFC002801D0F3
:101BD00026606760002D00D09FE0B2E0029B002BE2
:101BE00000D1D1E5ADE000233B60654C2378002BAC
:101BF00004D1644B1B78002B00D16DE6624B1B783F
:101C0000002B04D1614B1B78002B00D064E6604BA5
:101C10001B78002B04D15F4B1B78002B00D15BE6B7
:101C2000049805995C4B1A685B68F9F7D7F84B0084
:101C300059080022594BF6F719FC594B002819D0C6
:101C40001A6801321A600023564A23701370564AEC
:101C500013889133FF339BB2138051490B68032BD8
:101C600000DC39E60122464B1A7000230B604F4B13
:101C70001A7031E6434A1278002AEED04B4A1278A5
:101C8000002AEAD101211A602170FAF751F8484C74
:101C9000484D22696369206C616C2E686F680096FC
:101CA0000197FAF7C3FA02000B00A260E360424911
:101CB000424809780029D0D001003D3109780068F8
:101CC000FAF75CFC803420606160C6E72148224955
:101CD000A4181860596000220023226063601EE689
:101CE0000A9AE3009B181A685B68069207930698A5
:101CF0000799184A184BF6F7A5FB002808D0069A52
:101D0000079B30003900F7F783FD06000F0001350F
:101D1000013420E6002D00D136E5294D2B78002B2B
:101D200000D15BE72349002208684968104BF6F7A9
:101D3000A7FB002800D151E70122104B1A700023A5
:101D40002B70204B1B78002B00D01DE501221E4B71
:101D50001A7019E50000C0FFFFFFDF4100002440BA
:101D600008020020B1650020E80A0020A1660020DA
:101D700000708740EC0100205C630020E801002037
:101D80000D040020E00300207C670020E103002018
:101D9000C7650020D36500203802002000004940BC
:101DA000B86500200C0400206E670020B26500209A
:101DB000E009002040020020C70A0020880A002015
:101DC0005963002048020020A26600200020094B31
:101DD00010B51C78084B844205D018780130C0B289
:101DE000FF2800D102381870FCF70DFB2000FCF72B
:101DF000FCFA10BD48020020B0650020F0B51E00BE
:101E00007C4B7D4C1F7887B002900391256B002F8F
:101E100000D121E1A068E1680022784BF8F7F8FCD6
:101E2000A269E369F7F7F4FCF6F7D4FB744B80B2D0
:101E30001880744B744A1B78032D1FD1002B0BD0D4
:101E400080210020C905A061E16100206F49A060E8
:101E5000E16000206E4908706E4811780078002813
:101E600032D000295DD000206B49A062E1620022DF
:101E70000220A91E88425241D1B228E0002B21D075
:101E8000052D0CD16549097849B20529E4D1002016
:101E90006349644E2062616230607160DCE7042D4A
:101EA000DAD0062D09D15D49097849B20629D3D186
:101EB00000205D4920616161CEE7032DCCDC00206C
:101EC00053490870012DC7DC11780029CFD1002BB0
:101ED0002DD1504B1B78002B18D0002916D0A06AAA
:101EE000E16A0022514BF8F793FC029A039BF7F743
:101EF0008FFC4C4B206261621E685F6832003B00C1
:101F0000F6F7B4FA002801D0266267622300363360
:101F10001B78002B12D0FFF759FFFFF731F907B0FC
:101F2000F0BD002BD5D00022414BA262E36200221B
:101F30000223023DAB425241D1B2CAE7FEF790FF05
:101F400020603C4B1B78002B00D19EE23A4B2A4D7F
:101F50001B78002B00D198E22B00012435331C7034
:101F6000002322001900FA202C63FCF784FA431E98
:101F70009841324A324B1278C0B21870002A04D00D
:101F80002A003E321178002912D11B780324002B3D
:101F90000ED02B003C331B78002B09D0294B1B782B
:101FA000002B05D1284B07341B78002B00D0073CB1
:101FB0002B6B6C60A34200DA63E201221E4B1A70A5
:101FC0000D4C2068FEF770FF1A4BA0631B78002BA6
:101FD000A5D01E4B1B78002BA1D009289FD11C4BEC
:101FE0001868A063FEF76CFF1A4A13880A339BB285
:101FF000138094E7E9010020880A002000002440B3
:102000006C670020E80100205963002000003E407A
:10201000B1650020D265002000407F40A46600200A
:10202000005094400002002000C072400000E03FD9
:1020300000E085405A630020BE0A002018020020FC
:10204000C46500207C670020F10A0020C3650020E1
:10205000100200206E670020C34B1B780593002BF5
:1020600000D112E2C14B1B78002B00D102E1A26922
:10207000E369A068E168F7F7CBFBF6F7ABFABC4B76
:1020800080B218800021BB4ABB4B11701A003C3251
:1020900012788A4200D137001A68B849013A8A5C3E
:1020A000D2B201921A003D321278002A0AD0002FD3
:1020B00000D0E4E01A0036321278002A00D0DEE0C8
:1020C000FEF77AFFAE4BAC4C1B78002B00D0F1E052
:1020D000002F14D0019B032B00D9F2E0A34B1B78F7
:1020E000002B00D1E0E0A749002208684968A64B10
:1020F000F7F78EFBA062E1620122A14B1A70A34D9B
:102100002B68042B09DCA24B1B780493002B04D111
:10211000002F1DD0019B032B1AD8944B1B78002B4A
:1021200000D1D3E0029A039B9649934E0868496810
:10213000F7F76EFB306271620022954B2A601A70CD
:10214000944B954A106C516C18605960059B049330
:1021500036342378002B00D1E9E00C9B1B68052B5B
:1021600003DC8E4B1B78002B4AD08D4B00221C6861
:102170005D688C4B20002900F6F778F9002801D023
:102180000024884D002220002900874BF8F726FE06
:10219000864A874BF8F73CFB02000B00002085497C
:1021A000F8F71CFE0022834B04000D00F6F75EF9E1
:1021B000002801D000247F4D6C4A6F4B12781C62BE
:1021C0005D62002A00D187E000207B499862D962D5
:1021D00000230C9A6A4D1360704A1370774B1B787A
:1021E000002B02D02B78002B0AD1754C2678F9F7FA
:1021F0009FFD0023734A2B7013702670FBF7C0FFFE
:10220000714B5D4C1B78002B6ED0704B1B78002BF4
:102210006AD0822323600023002223646364013395
:10222000A3876B4BA261E36100226A4B2261636169
:10223000694B514C1B78002B0ED0684B1B78002B40
:102240000AD1049B002B07D0206A616A0022644BEC
:10225000F7F7DEFA20626162206A616A0022554B5C
:10226000F6F704F9002800D16BE60022514B2262F8
:10227000636266E6636C3E4A9BB2138002E701220A
:1022800036331A70434B0299039A19605A60FCF76F
:1022900021FA544A544B127801301860904200DC05
:1022A00010E7801A18600DE7504B1B78002B00D008
:1022B00019E721E7002F00D121E7019B032B00D86C
:1022C0001DE7324A13680133136018E7474B1B7848
:1022D000002B00D026E72FE7444A1278002A00D1CD
:1022E00076E70020424971E72600424B3E361D78D2
:1022F000002D00D18AE0FEF75FFE00233D4A1370F7
:1023000001333370194B1B78002B1CD03A4B002241
:102310001B78002B15D08023DB05A261E36100222E
:10232000364BA260E36000222A4B22616361264A99
:10233000304B12781B78002A6ED0002B00D077E744
:102340007BE02F4BE9E7294B1B78002BEFD0802354
:102350000022DB05A261E36100222A4BA260E36058
:102360000022294BE1E7C0465A6300205963002050
:102370006C670020BC0A0020880A0020E4030020CB
:10238000D36500202002002000206C40BC650020A6
:102390000504002038020020E0090020D16500205B
:1023A0004002002000488C40004085409A9999994D
:1023B0009999E93F0060834000908A407C67002043
:1023C000E1030020C7650020C50A002081670020C6
:1023D00000000840000044407B670020F00A002015
:1023E000000049405102002050630020E801002015
:1023F00000E08540C40A00204C63002000005940E2
:102400000000F03F00003E4000005440FEF7D4FDC5
:1024100001233D3433702570224A234B1278002A61
:1024200000D005E71A0036321278002A02D1196B63
:10243000022924D101223F331A701C4B1A4E1B78FB
:10244000346A756A002B00D1F2E619490022086847
:102450004968184BF5F7F6FF002800D1E8E6002F91
:1024600000D1E5E6019B032B00D9E1E60022200024
:102470002900114BF7F7CCF930627162D8E63F338F
:10248000DAE7002236352A709AE50021064B0B4A1E
:1024900011701A6B01321A635B689A4200DB8CE59B
:1024A0008EE5C046C40A0020880A00205B63002035
:1024B000200000200000144000004940BD0A002018
:1024C000F0B5002604003500394F9FB0F31904AA77
:1024D00018685968B3181860596000220023F5F78E
:1024E000ABFF4342584108362D18682EEED1002D1F
:1024F00042DD08222F4B0D2104A804F027FD6B10AC
:10250000DA00ED073AD5130004AA9B181A685B6835
:10251000009201930099019A274B19605A60002C90
:102520002AD00025224B254C0393039B0022EB1855
:102530001E685F68002330003900F5F77DFF002832
:1025400014D10098019932003B00F8F747FC22684B
:102550006368F7F75DF906000F00F9F76BF8C3172A
:10256000C018584014281EDC2660676008350834FF
:10257000682DDAD1FBF726FC1FB0F0BD013B04A9A2
:10258000DB005B18190013000868496804AA9B184F
:102590001A685B68F7F73CF90022094BF8F738F93D
:1025A00000900191B6E70022002322606360DDE71E
:1025B000D064002021160108300200203865002078
:1025C0000000E03FF0B585B00400FEF7E7F9FEF744
:1025D000E3FB0A2002F02EFA022C1CD1FEF7D4F9FC
:1025E000FA20800002F026FAF9F712FA0027040018
:1025F0001B4EFA2120008900F5F722FEBB1BD917DC
:10260000184D194A5B184B4028801380FEF7D0F90B
:10261000200005B0F0BDFA230024002500279B0010
:102620000F4E0193F9F7EAF9C31702900393029A48
:10263000039BA4185D41864200DD0600874200DA54
:102640000700019B013B0193002BEBD1FA222000F4
:10265000002329009200F5F757FF0400C9E7C046A0
:10266000FFFFFF005A66002058660020F0B50127E2
:1026700000253E0097B003900C22574907A804F0AC
:1026800076FF0AAB01930097ACB22000C53080B250
:10269000FCF76EF9019B18702000D13080B2FCF776
:1026A00067F9242204AB15349B18FF345855029067
:1026B000A0B2FCF75DF9019A0299127810ABE854C8
:1026C000914200D081E0029A904207D00026370064
:1026D00004E00026029A00968242F8D1019A013560
:1026E000013201920C2DCFD1242104AA5218127864
:1026F0001B780AAD13402A7813ACFF2A06D0FF2BB3
:1027000006D12800FBF7A3FA002701E0FF2B55D0E4
:10271000009B002B56D1002E54D1002F52D00DAB70
:1027200023CB23C40398F8F7C1FF00222B4BF8F703
:1027300055FB00222A4BF7F731FC04000D00139BD8
:1027400004A80493149B04210593159B069301F0A0
:1027500045FA05A8042101F041FA06A8042101F078
:102760003DFA22002B0020002900F8F751F806005E
:1027700004980F00F8F7ECFF02000B00300039005E
:10278000F8F746F8060005980F00F8F7E1FF220079
:102790002B00F8F73DF802000B0030003900F7F786
:1027A00037F8040006980D00F8F7D2FF02000B007E
:1027B00020002900F7F72CF817B0F0BD07AD28006E
:1027C000FBF745FA07CD07C4ACE7904200D080E79D
:1027D00000221700009281E7808B010830C0594128
:1027E00080F1FAC0F8B505235B425843F8F75EFF65
:1027F0000022264BF8F70CF80022254C254B2060D0
:102800006160A260E36000228025234B2D062261D7
:102810006361A668E7682269636979193000F7F790
:10282000BDFBA061E16120686168A269E369F7F717
:10283000B5FB20626162194A206A616A184BF8F799
:10284000CDFA184A184BF7F7A9FBA062E162002203
:10285000A06AE16A154BF7F7A1FB05F0C9FC144A21
:10286000144BF6F7D5FF02000B0000201249F7F7D2
:1028700095FB20636163114A206B616B104BF8F785
:10288000ADFAA063E163A06BE16BF8BD0000703EA0
:102890006066002000230E4160301F41FCA9F1D288
:1028A0004D62E03F1AB5F2C8C588DF3E006AF840C5
:1028B000F86F702FADFA2B40004BB040666666662D
:1028C0006612714001220021044B1A705A709A70EE
:1028D0009971D97019715A717047C046C06600204D
:1028E00070B5FFF7EFFF494B494C1B78002B00D127
:1028F00089E0484B1B78002B00D184E0032300259E
:1029000000222381444BA381444B6581E5812582CC
:102910006582A582E58225836583A5832262636241
:10292000A262E36200223E4B2263636300223D4BBE
:10293000A263E36300223C4B2264636400223B4BAE
:10294000A264E36400223A4B2265636500220023FF
:10295000A265E36522666366A266E3662267636733
:10296000230078331D8023007A331D8023007C33BD
:102970001D80230022007E331D80012380321370CE
:1029800022008132137022008232157022008332BD
:102990001370284A1570284A1570284A1370284B5E
:1029A0001D70284B1D70284B1D60FBF77FFE274BC9
:1029B0001870274B1D70274B1D70274B1D70274B20
:1029C0001D70274B1D70274B1D70274B1D70274B0B
:1029D0001D70274B1D70230088331D6023008C332E
:1029E0001D6023009A3498331D802580FDF7D6FFA3
:1029F000204B214819685A68FAF782F9F8F7E2FF84
:102A0000FDF7D6FF70BD052379E7C0464C63002073
:102A1000C06600205963002024F4FFFF00F89140B5
:102A200000E0854000207C4000005440000044400D
:102A30000000F03FA4660020A366002050020020A2
:102A400080670020F20A002054630020B065002057
:102A5000D0650020B1650020D3650020D26500203C
:102A6000C2650020C3650020A1660020A266002088
:102A7000A066002044000020A866002010B5144C79
:102A80006378002B14D0FCF711FD1020FCF7B2FC8A
:102A9000E18A102089B2FCF7CFFC10200021FCF75E
:102AA000E7FCFCF701FD002310206370FCF77CFCC1
:102AB000F8F7BEFF22002300001280B2843210809B
:102AC00088339A341968238812885B00CA5210BD73
:102AD000C066002070B5204CA378002B14D0FCF702
:102AE000E5FC1120FCF786FC218B112089B2FCF754
:102AF000A3FC11200021FCF7BBFCFCF7D5FC002354
:102B00001120A370FCF750FCF8F792FF230022007D
:102B100025000012843380B218809A358C321168F7
:102B20002A881888520088521888230088331A6827
:102B30002B8890345B009B5A2668C01AC317C018B4
:102B40005840F6F7CFFD2C88A40030512B88013374
:102B50009BB22B8070BDC046C066002010B5FCF74C
:102B6000A5FC0620FCF720FCFCF79EFC0122024B92
:102B70009A7100225A8110BDC066002010B5FCF782
:102B800095FC0720FCF710FC0E20FCF70DFC102034
:102B9000FCF70AFC1120FCF707FCFCF785FC01227E
:102BA000014BDA7010BDC046C0660020F8B50200C7
:102BB0000B0000201F49F7F7F1F9F8F73BFD05007E
:102BC000F8F774FD02000B0006000F00F6F720FE78
:102BD000F5F700FD184C80B2E081E389A8B29BB202
:102BE0002382E3899BB26382ABB2A382E3899BB267
:102BF000E382E3899BB22383F8F758FD0F4A104B19
:102C0000F7F706FEF5F7E6FC0C4A0D4B85B23900E6
:102C10003000F7F7FDFDF5F7DDFC80B2F8F746FD73
:102C200032003B00F6F7F4FDF5F7D4FC80B2658383
:102C3000A083F8BD8084EE40C06600205C8FC2F5A2
:102C4000285CEF3F10B5174CE378002B01D1FFF75C
:102C500095FFFCF72BFC218A072089B2FCF7ECFBDF
:102C6000A18A0E2089B2FCF7E7FB618B102089B2A4
:102C7000FCF7E2FBA18B112089B2FCF7DDFB002100
:102C80000720FCF7F5FB00210E20FCF7F1FB0021EB
:102C90001020FCF7EDFB00211120FCF7E9FBFCF70D
:102CA00003FC10BDC066002010B50C4C63890133D5
:102CB0009BB26381628923899A4203D2084B1B78B5
:102CC000002B0AD1FCF7F2FB0620FCF793FBFCF784
:102CD000EBFB0023A371FFF7B5FF10BDC06600201A
:102CE00050020020014B1879C0B27047C066002026
:102CF00010B5154B154C186A596A20626162986AC2
:102D0000D96A20636163186959699A69DB6920642B
:102D1000616422656365206A616A226B636BF8F700
:102D20005DF8A063E163206A616A226D636DF6F766
:102D30006FFDA062E1620022206C616C044BF7F72A
:102D400067FDA064E16410BD880A0020C066002011
:102D50000000E03F10B5104C10492300783308887C
:102D60001A88904207D01A880D4892B20A801988B2
:102D700089B2F9F7F3FF22007A347E321188238872
:102D8000994207D0238806489BB21380218889B2D4
:102D9000F9F7F4FF10BDC046C06600203C67002074
:102DA000A86600200022F8B5644B654C1A80230009
:102DB0007A331A80FFF7CEFFFDF78CFD614B624D31
:102DC0001F78624E002F2BD02B0036331878FDF77A
:102DD00069FF3378002B4DD0A26AE36AA265E365F0
:102DE0000022A06DE16D5A4BF7F712FDF5F7F2FBEB
:102DF000230080B2783318800022002322666366A5
:102E0000230000227A331A80FFF7A4FFA86B092859
:102E10004ED8F5F777F94B62676C71767B828990B3
:102E20004C4B1B78002B13D028680121C0B2FDF752
:102E3000E5FE286C002803D03900C0B2FDF7DEFEA5
:102E4000686C0028C5D00021C0B2FDF7D7FEC0E7EE
:102E50003378002BD8D0404B1F78002F06D10121AA
:102E60000F20FDF7CBFE39000E20EEE72868012188
:102E7000C0B2EAE7374A1278002AC5D00020002104
:102E80002200A065E16578321380A26AE36A2266B7
:102E900063662F4B0022206E616EF7F7B9FCF5F7E1
:102EA00099FB230080B27A331880ADE7FDF776FDF9
:102EB000A379002B01D1FFF751FEFCF7F7FAA189A6
:102EC000062089B2FCF7B8FA00210620FCF7D0FAF8
:102ED000FCF7EAFA01232371F8BDFDF75FFDFDF76A
:102EE00003FDE5E7FDF75AFDFDF712FDE0E7FDF70D
:102EF00055FDFDF7F9FCF7E7FDF750FDFDF71CFD6B
:102F0000D6E7FDF74BFDFDF703FDF7E7FDF746FDBF
:102F1000FDF7EAFCFDF724FDCAE7FDF73FFDFDF7ED
:102F2000E3FCFDF7F5FCF5E7FDF738FDFDF7DCFC0C
:102F3000FDF702FDEEE7FDF727FDB9E73867002052
:102F4000C0660020C40A0020880A0020E901002091
:102F500000403A405A630020C165002010B5FCF7DC
:102F6000A5FA00210620FCF783FA00210720FCF7D0
:102F70007FFA00210E20FCF77BFA00211020FCF7DD
:102F800077FA00211120FCF773FA0620FCF732FAD9
:102F90000720FCF72FFA0E20FCF72CFA1020FCF784
:102FA00029FA1120FCF726FAFCF77EFAFFF78AFCD3
:102FB000FDF7F4FC0022034B1A80034B1A80FFF745
:102FC000C9FE10BD386700203A670020F8B5914C63
:102FD0006379DFB2002B00D1D8E000276771A06AC7
:102FE000E16A226D636DF7F7F9FE2300A062E162EA
:102FF0009433A06AE16A1E6823009A331D88F8F7AB
:10300000EFFBAD007051A06AE16AA26BE36B250093
:10301000F5F722FA01268335B84200D18EE023006D
:1030200082331E70A06AE16AA26BE36BF5F70AFABD
:10303000B84200D182E0FFF791FF774B2F701B78E9
:10304000BB421AD0754B1B78BB4216D0002200231E
:10305000A265E365230078331F80FFF77BFE704B8A
:103060001B78BB4200D167E06E4B1B78BB4200D19E
:1030700062E0FA20400001F0DDFC052001F0DAFCFE
:10308000FDF796FC230083331B78002B27D0664B7B
:103090001B78002B23D0A06AE16A226A636A2500AC
:1030A000F5F7CAF97A3500284AD0A06AE16AA26C1D
:1030B000E36CF6F7ADFBA065E1650022A06DE16D64
:1030C0005A4BF7F7A5FBF5F785FA230080B2783362
:1030D0001880002200232266636600232B802300D1
:1030E00083331B78002B26D04B4B1B78002B22D030
:1030F000A06AE16A226A636A2500F5F79DF97835CE
:10310000002830D000220023A265E36500232B8035
:10311000A06AE16AA26CE36CF6F77AFB206661664E
:103120000022206E616E414BF7F772FBF5F752FA01
:103130007A3480B22080F8BD3D489CE72E70A1E72C
:10314000206E616E226D636DF6F762FB206661662C
:103150000022206E616E354BF7F75AFBF5F73AFA0D
:1031600080B22880BBE7A06DE16D226D636DF6F73C
:103170004FFBA065E165A06DE16D00222B4BF7F7D9
:1031800047FBF5F727FA80B22880D4E70123637163
:10319000254B1E78002E1CD0A06AE16A226A636A61
:1031A0002500F5F749F97A35002809D02300803346
:1031B0001F70226C636C22676367206F616FDCE7AE
:1031C000206F616F226D636DF6F722FB20676167E8
:1031D000F3E7114B1B78002BADD0A06AE16A226A9D
:1031E000636A2500F5F728F97835002809D023000F
:1031F00080331E70226C636CA266E366A06EE16E83
:10320000BBE7A06EE16E226D636DF6F701FBA06671
:10321000E166F3E7C06600205A630020BE0A002082
:103220004C63002059630020E901002000403A402F
:10323000C4090000054B10B51B78002B01D1FFF726
:103240008DFEFFF7C3FEFFF785FD10BD5002002085
:1032500010B50F4C2378002B14D0FCF727F90E2063
:10326000FCF7C8F8618A0E2089B2FCF7E5F80E2059
:103270000021FCF7FDF8FCF717F900230E2023705E
:10328000FCF792F8FFF7A2FEFFF764FD10BDC04601
:10329000C066002070B5040004A80588094E0A48DD
:1032A000346004008C342160010090310A60020017
:1032B00094321360030098331D8000239A300380FA
:1032C00070BDC04648670020C0660020F8B51D4BA1
:1032D0001C78002C2AD01C4B64241B78002B00D1B6
:1032E000503C1A4F012238687968FBF7D1FC184E20
:1032F000012230687168FBF7CBFC164D002228686C
:103300006968FBF7C5FC200001F094FB38680122D6
:103310007968FBF7BDFC306800227168FBF7B8FCE8
:10332000286800226968FBF7B3FCF8BD0A4B1B78DC
:10333000002BD6D0044B64241B78002BD1D0FA2468
:10334000A400CEE7596300208167002074000020AC
:10335000840000206C000020E80100201C4BD0B548
:103360001A6806000F00012A00D01B68FDF7C4FB95
:10337000184C00212000F9F7F1FC0022164B300018
:103380003900F6F745FA154B0022F7F741FAF5F741
:1033900021F981B22000F9F7F1FC114801F04AFB54
:1033A00000212000F9F7DAFC00212000F9F7E6FC03
:1033B000FDF7FEFA0B4B1B78002B07D001220A4BBE
:1033C000F5201A701978C9B2FBF7F0FAD0BDC046E3
:1033D0004C020020A866002000206C4000403A40CB
:1033E000B80B0000C6650020C5650020F0B5444B51
:1033F00087B01E78002E00D078E0424A1278002A6A
:1034000000D077E016000192FDF758FAF8F7DAFAE3
:103410003D4A3E4B0092196800985A68F9F770FCD3
:10342000FDF748FB00210098F9F798FCFA270021E6
:103430000098F9F7A3FC002400257F00F8F7DEFAD6
:10344000C31702900393013F029A039BA4185D41A6
:10345000002FF3D1FA220023520020002900F5F7B3
:1034600053F8310005000098F9F778FCFA24019927
:103470000098F9F783FC002600276400F8F7BEFAED
:10348000C31704900593013C049A059BB6185F414D
:10349000002CF3D121000098F9F760FC210000987E
:1034A000F9F76CFCFDF71CFBFA20400001F0C2FAB2
:1034B000FA220023520030003900F5F725F8451BA9
:1034C000EB17ED185D402800F8F7F0F80022104BDC
:1034D000F6F764FDF5F77EF80E4E0F4A0F4B30609D
:1034E000954209DD0120187007B0F0BD00230C4E95
:1034F000019389E70A4BFBE702201C70F4E7C04602
:10350000E90100205A630020A86600204400002042
:1035100000408F4074670020102700007F67002064
:1035200045330000282210B50021054803F08AFF2A
:103530000022044BDA725A715A729A7210BDC04658
:1035400085670020C8050020F8B505000024FBF7BA
:103550004DFE80260227285DFBF752FE002C05D188
:103560000E4B220018685968FBF792FB0C4B9A68C7
:103570003242FCD09A683A42FCD09A683242FCD17E
:10358000002C07D1054B012218685968FBF780FB16
:103590000134E0E701340C2CDDD1F8BDA40000209B
:1035A00000300140F0B589B002920393029B019074
:1035B0001800039B00225B0059082F4BF7F728F9EE
:1035C000002300220692079306AA04000D0003F0D0
:1035D000D7FF2A4A2A4BF4F749FF002807D006985C
:1035E00007990022274BF6F713F904000D00290074
:1035F0002000F8F71FF80A210600F4F721FE6421E5
:10360000C4B23000F4F71CFE0A27FA21C3B20493B7
:103610007B43E31A7C431B01341B1C19E3B2890072
:1036200030000593F4F70CFE1749C5B23000F4F7EB
:1036300007FE3B00C4B26343EB1A7D43049A1B01AF
:10364000551B124930005D19F4F7FAFD4743029803
:103650000399E41B00220023EDB2E4B2F4F7F2FE7A
:10366000002801D0103CE4B2019B059A5D709A706D
:103670001C7009B0F0BDC04600002440CDCCCCCCBD
:10368000CCCCEC3F0000F03F10270000A0860100EA
:10369000F0B51C0085B06300019059081000234B61
:1036A0000022F7F7B5F8002300220292039302AA42
:1036B00004000D0003F064FF1D4A1E4BF4F7D6FE14
:1036C000002807D00298039900221B4BF6F7A0F8B8
:1036D00004000D0029002000F7F7ACFF0A210500C7
:1036E000F4F7AEFD0A27C4B264212800F4F7A8FD60
:1036F0003B00FA21C6B27343E31A7C431B012C1B27
:103700001C19019B28005C708900F4F799FD0B4996
:10371000C4B22800F4F794FD78436743201A019B54
:10372000F61B00018019187005B0F0BD00002440A0
:10373000CDCCCCCCCCCCEC3F0000F03F102700002F
:10374000F0B58BB0039310AB029204CB07AC1F888B
:1037500012AB1B7800900191049200210C222000F2
:10376000059303F06FFE7BBA200063800025FFF70E
:10377000EBFE07ACAF4218DC0C220021200003F066
:1037800061FE059A2B23002A00D004332000E37049
:1037900023716371FFF7D8FE174B18685968FBF760
:1037A0007CFA0028F8D10BB0F0BDF0232370049B05
:1037B000AE009859F7F7CCFF0B0006A90200481D90
:1037C000FFF7F0FE009B6A009B5A01355BBAA380AD
:1037D000019B9B5A5BBAE380029B9859F4F7E2FE87
:1037E000039B40BA20819859F4F7DCFE40BA60810F
:1037F0002000FFF7A9FEBCE79C00002070B5002464
:10380000044D2E78285DFBF7D9FC230001349E423D
:10381000F8DA70BD8567002070B50E4C0E4DE37967
:1038200028000233DBB22372E3792B70E179E67969
:10383000C9B2F9F741FAF6B2A855E679F9F744FAB0
:10384000F6B2AE197070217A2800C9B2FBF7C2FC3B
:1038500070BDC046C8050020AD67002010B50B4AFA
:103860000B4B5178597091789970D278DA70532255
:103870001A7101325A71073A9A714C3ADA71054B52
:103880000732DA71FFF7C8FF10BDC0468567002018
:10389000AD670020C80500200C22064B10B5064875
:1038A0005A70FAF722FD0822044BDA71FFF7B4FFD1
:1038B00010BDC046AD670020AF670020C8050020DE
:1038C0000722064B10B506485A70FAF7F1F9122292
:1038D000044BDA71FFF7A0FF10BDC046AD670020B2
:1038E000AF670020C80500200822064B10B5064827
:1038F0005A70FAF71FFA1222044BDA71FFF78CFFA5
:1039000010BDC046AD670020AF670020C80500208D
:1039100013226F210D4B10B55A702E329A700D3252
:10392000DA700C3A1A7111325A7112329A710932E4
:10393000DA715972053203311A72DA729972044BD4
:10394000673ADA71FFF768FF10BDC046AD67002027
:10395000C8050020052310B5054C6370FAF7B7FDC4
:103960000322044BA070DA71FFF756FF10BDC0466A
:10397000AD670020C80500202E2310B5054C6370EC
:10398000FAF79EFE0322044BA070DA71FFF744FFA2
:1039900010BDC046AD670020C80500200B2310B540
:1039A000054C6370FAF7ABFD0322044BA070DA718B
:1039B000FFF732FF10BDC046AD670020C8050020EC
:1039C000062310B5054C6370FAF791FD0322044BF2
:1039D000A070DA71FFF720FF10BDC046AD67002070
:1039E000C80500200A2310B5064C6370FAF722F9C7
:1039F0000422030AA370044BE070DA71FFF70CFF96
:103A000010BDC046AD670020C8050020092310B5D1
:103A1000054C6370FAF763FD0322044BA070DA7162
:103A2000FFF7FAFE10BDC046AD670020C8050020B4
:103A30001FB514230F4C0F2268460F49637003F023
:103A400096FD002202236946895C080020385E2822
:103A500001D8E154013301320F2AF4D1102B02DCDA
:103A6000023AE2540133054ADBB2D371FFF7D4FEC8
:103A70001FBDC046AD670020A88C0108C805002006
:103A8000152310B5054C6370FAF785F90322044B32
:103A9000A070DA71FFF7C0FE10BDC046AD67002010
:103AA000C805002010B5024B9878FAF76DF910BDE3
:103AB000856700200D2310B5064C6370FAF72FFDC3
:103AC000A070FAF734FD0422034BE070DA71FFF7BF
:103AD000A3FE10BDAD670020C80500201B2310B554
:103AE000054C6370FAF713FD0322044BA070DA71E2
:103AF000FFF792FE10BDC046AD670020C80500204C
:103B0000172310B5054C6370FAF719FD0322044B17
:103B1000A070DA71FFF780FE10BDC046AD670020CF
:103B2000C80500200222054B10B55A7000229A7079
:103B3000034B0332DA71FFF76FFE10BDAD67002053
:103B4000C8050020122310B5094C6370FAF7B7FCC2
:103B5000084BA070012805D118740322DA71FFF711
:103B60005BFE10BD0228F8D100221A74F5E7C046AA
:103B7000AD670020C80500201D2310B5094C6370F7
:103B8000FAF715F9084BA070012805D158740322E3
:103B9000DA71FFF741FE10BD0228F8D100225A74F5
:103BA000F5E7C046AD670020C805002070B51822B3
:103BB0000125054B054C9D705A700323E371FFF7F7
:103BC0002BFE257170BDC046AD670020C8050020E2
:103BD000014B18607047C046F0670020002370B5A5
:103BE000CA0F521852100139934200DB70BDCC1A33
:103BF000065DC55CC65401330555DBB2F4E710B56C
:103C00000B0A017043700B0C090EC1708370042104
:103C1000FFF7E4FF10BD00003E22F0B58F4B85B0EA
:103C2000DA71DB798E4C2370162363708D4B1D681F
:103C30002B78A3702B0038331B786A781B019B18F4
:103C4000E3702B0080331E685F680022864B3000D3
:103C50003900F4F7F1FB2B0039330093002803D12E
:103C60001B78022B00D8D6E0422323718533637181
:103C70003833A371823BE37128696969F7F7B0FDB6
:103C80007A4B011C1800FFF7BAFF286A696A784B63
:103C90001E78002E00D1C8E042232373853363735E
:103CA0003833A373823BE373286B696B002E00D11A
:103CB000C3E042232374853363743833A374823B97
:103CC000E374009B03AF1B7823752B003A331B78FA
:103CD00063752B003B331B78A3752B008833186862
:103CE0005968F4F777FC80B2030AE37520762A6CF2
:103CF0006B6C3800FFF7CCFC28003B8848305BBA7F
:103D00007A7803805B4B39781888A276617680B226
:103D1000F7F7FAFC02000B003800FFF7B9FC2800A7
:103D20003B8858305BBA7A780380534B3978380037
:103D300022771A685B68E17600920193FFF7A8FC8E
:103D400028003B8868305BBA7A7803802B0039788A
:103D500090336177A2770099019A19605A60080040
:103D60001100F4F737FC2A0080B2030AE377631CE2
:103D7000D877424B70321B889BB21380190AA21C61
:103D8000D177E21CD3772B002A0072331B88743260
:103D90001380190A221DD1772900621DD377384B71
:103DA00078311A6893B20B801B0AA11DCB77E31DF3
:103DB000DA772B002A007A331B887C3213802200AA
:103DC000190A0832D1772200283213702B00220002
:103DD0007E331B7829321370A86AE96A002E34D02A
:103DE000230042222A331A70230085322B331A70A3
:103DF000230038322C331A707D232D342370174C56
:103E00007F35E2791F4B2978D154FFF705FD002358
:103E1000237105B0F0BD39003000F7F7E1FC1A4B13
:103E2000011C1800FFF7EBFE26E7F7F7D9FC174B4C
:103E3000011C1800FFF7E3FE36E7F7F7D1FC144B3F
:103E4000011C1800FFF7DBFE3BE7F7F7C9FC114B3D
:103E5000011C1800FFF7D3FED1E7C046C8050020BB
:103E6000AD670020F067002000002E40B5670020FD
:103E7000646700206C670020400200206E6700200D
:103E800068670020AC670020B1670020B967002098
:103E9000BD670020D7670020014B1879C0B270477A
:103EA000C805002010B5054B9878012802D1F9F714
:103EB0006BFE01E00228FAD010BDC04685670020E5
:103EC00010B5044B9878431E072B01D8F9F762FE12
:103ED00010BDC0468567002010B5054B98780928AD
:103EE00003D80020F9F75CFE01E0F028FAD910BDF4
:103EF0008567002010B5034BD9789878F9F78CFEC8
:103F000010BDC0468567002010B50248FAF7D7F902
:103F100010BDC0468767002010B5054B9878012872
:103F200002D1F9F74FFE01E00228FAD010BDC046D9
:103F30008567002010B5044BDC789878F9F748FEC7
:103F40002000F9F74BFE10BD8567002010B5024B2D
:103F50009878FAF743F910BD8567002010B5024B39
:103F60009878FAF743F910BD8567002010B5024B29
:103F70009878FAF742F910BD8567002010B5024B1A
:103F80009878FAF741F910BD8567002010B5024B0B
:103F90009878FAF740F910BD8567002010B50248FF
:103FA000F9F755FE10BDC0468767002010B50248DE
:103FB000F9F760FE10BDC0468767002010B50248C3
:103FC000F9F79AFE10BDC0468767002010B5F9F7D3
:103FD000EEFE044B012801D1587410BD00225A7422
:103FE000FBE7C046C805002010B5064B98780128AD
:103FF00002D1F9F7C3FE01E00228FAD0FFF7E6FF8D
:1040000010BDC0468567002010B5084B9C78200085
:10401000FAF7D6F8012C03D10B22054B1A7010BD0C
:10402000022CFCD10D22024BF8E7C0468567002028
:104030005102002010B5024B9878FAF7C8F810BD6D
:10404000856700201E2310B5054C6370FAF71CFB32
:104050000322044BA070DA71FFF7DEFB10BDC046EF
:10406000AD670020C80500202F2310B5054C6370F4
:10407000FAF782FA0322044BA070DA71FFF7CCFB47
:1040800010BDC046AD670020C8050020094B10B523
:1040900018695969F7F7A4FB074B011C1800FFF7D3
:1040A000AEFD1022054B5A70054B0A3ADA71FFF744
:1040B000B3FB10BDE0090020AF670020AD67002012
:1040C000C8050020262010B5FF30FAF751FC040087
:1040D000FEF778FA022C07D1FEF784FB044B186137
:1040E0005961F7F77DFB10BDFEF7C0FAF6E7C04651
:1040F000E0090020112310B5064C6370FFF776F934
:104100000322054BA070DA71FFF786FB0122034BF7
:104110001A7010BDAD670020C80500208067002020
:1041200030B585B06846FAF785F9002301211A00F9
:1041300015486C46E55CC45CA54200D00A0001331A
:104140000E2BF6D100239A4202D0FAF780F9FF2312
:104150000E4C3322A370D020FF23627000211A007E
:104160004000FAF788F9FF23E070A2201A0000212E
:10417000FF30FAF780F90522054B2071DA71FFF75D
:104180004BFB05B030BDC046A88C0108AD670020D0
:10419000C8050020342310B5054C6370FAF7F4F914
:1041A0000322044BA070DA71FFF736FB10BDC04646
:1041B000AD670020C8050020362310B5054C63709C
:1041C000FAF7ECF90322044BA070DA71FFF724FB35
:1041D00010BDC046AD670020C8050020372310B5CC
:1041E000054C6370FAF7E3F90322044BA070DA710F
:1041F000FFF712FB10BDC046AD670020C8050020C8
:10420000382310B5054C6370FAF7DAF90322044B32
:10421000A070DA71FFF700FB10BDC046AD6700204B
:10422000C8050020392310B5054C6370FAF7D1F9A1
:104230000322044BA070DA71FFF7EEFA10BDC046FE
:10424000AD670020C8050020F8B5AE4DAE4C2B7808
:10425000280063716B78637263790233DBB2A371F8
:1042600063796179EE5CC9B2F8F726FD864206D122
:104270006379EB185E78F8F727FD864202D0FFF7E6
:1042800051F9F8BD6379052B13D1637A412B10D115
:104290006B78412B0DD1AB784E2B0AD1EB78422BAA
:1042A00007D12B790D2B04D10122984B1A70FFF7FF
:1042B000D5FA627AD3B2012A00D08CE0AA78A27231
:1042C000A17ACAB2012914D1914B1A70914B1A707C
:1042D000914B1A70A37A052B2AD1904A043B137094
:1042E0008F4A13708F4A13708B4A1370FFF786FA48
:1042F000C5E7A27A032A03D1854A13708A4A05E0EA
:10430000A27A022A05D1824A1370854A1370854A1F
:1043100005E0A27A042A06D1804A13707D4A137000
:104320007D4A1370D6E7A27A062AD3D17B4AE4E706
:10433000A37A812B05D1764B01221A70754B1A7026
:10434000D4E7A37A832B06D1714A823B1370764A55
:104350001370744AC9E7A37A822B04D16C4A813B5B
:1043600013706F4AF4E7A37A842B01D16B4BE3E718
:10437000A37A862B02D1694A853BE7E7A37A852B8E
:1043800002D1664A843BEBE7A37A072B02D0A37ADB
:10439000082B0ED10124654B1C70FAF711F95F4B05
:1043A000A04200D05A4B1C705A4B1C705A4B1C70C8
:1043B0009CE7A37A872B02D0A37A882B96D101247D
:1043C0005A4B1C70FAF7FCF8544BA04200D0504BEB
:1043D0001C70504BEBE7637A022B03D1544B002245
:1043E0001A704CE7637A2E2B08D1A37A002B02D0E7
:1043F000A878FAF70FF8FFF7BFFA40E7637A052BC2
:104400000AD1AB78A372A37A002B02D1FFF7A2FAEC
:1044100035E7FFF755FDF9E7637A062B0BD1AB784B
:10442000A372A37A002B03D0A07AC0B2F9F7BEFB27
:10443000FFF7C6FA23E7637A072B12D1AB78A37292
:104440006379032B06D1A37A002B00D017E7FFF77F
:1044500037FA14E76379122B00D910E7FFF7A6FDAE
:10446000F5E7637A082B12D1AB78A3726379032B3B
:1044700006D1A37A002B00D001E7FFF735FAFEE65C
:104480006379122B00D9FAE6FFF798FDF5E7637A16
:10449000092B0AD1AB78A372A37A002B02D1FFF7C4
:1044A000B5FAECE6FFF718FDF9E7637A0A2B12D1AB
:1044B000AB78A3726379032B06D1A37A002B00D0CB
:1044C000DDE6FFF78FFADAE66379042B00D0D6E653
:1044D000FFF710FDF5E7637A0B2B2BD1AB78A372B6
:1044E000A37A002B0AD0A37AD8B2012B02D1F9F714
:1044F00063FB03E0A37AD8B2022BF8D0FFF74EFAA1
:10450000BDE6C04685670020C80500204D0100209B
:10451000846700207D670020786700208367002083
:104520007B670020796700207A670020826700207F
:1045300050020020637A0C2B12D1AB78A3726379FE
:10454000032B06D1A37A002B00D098E6FFF7A4F93D
:1045500095E66379082B00D091E6FFF7D5FCF5E7E7
:10456000637A0D2B10D1AB78A372A37A002B04D001
:10457000A37A012B04D1FFF7DDFCFFF79BFA7EE65F
:10458000A37A022BF9D1F6E7637A0E2B03D1AB782D
:10459000A372A37A73E6637A0F2BF8D0637A102B99
:1045A0000FD1AB78A372A37A002B00D067E6FFF798
:1045B00089FDF7F7CDF8BB4C20616161FFF766FD1F
:1045C0005DE6637A112B08D1AB78A372A37A002B36
:1045D00000D054E6FFF78EFD51E6637A122B10D11E
:1045E000AB78A372A37A002B04D0A37A012B04D159
:1045F000FFF758FCFFF7A6FA41E6A37A022BF9D1A0
:10460000F6E7637A1D2B10D1AB78A372A37A002B47
:1046100004D0A37A012B04D1FFF7E6FCFFF7ACFA34
:104620002DE6A37A022BF9D1F6E7637A132B08D192
:10463000AB78A372A37A002B00D020E6FFF768F9CD
:104640001DE6637A142B08D1AB78A372A37A002BF2
:1046500000D014E6FFF7ECF911E6637A152B0CD1C4
:10466000AB78A372A37A002B04D0637A002B01D01D
:10467000FFF718FAFFF704FA01E6637A162B08D160
:10468000AB78A372A37A002B00D0F8E5FFF7C4FA49
:10469000F5E5637A172B08D1AB78A372A37A002BC8
:1046A00000D0ECE5FFF72CFAE9E5637A1B2B10D17B
:1046B000AB78A372A37A002B04D0A37A012B04D188
:1046C000FFF72AFCFFF70AFAD9E5A37A022BF9D102
:1046D000F6E7637A1C2B06D163790E2B00D0CEE56A
:1046E000FFF75CFCCBE5637A1E2B10D1AB78A3728D
:1046F000A37A002B04D0A37A012B04D1FFF784FC0A
:10470000FFF7A0FCBBE5A37A022BF9D1F6E7637AA9
:104710002F2B10D1AB78A372A37A002B04D0A37AED
:10472000012B04D1FFF786FCFFF79EFCA7E5A37AD7
:10473000022BF9D1F6E7637A1F2B09D15A4B9B78EC
:10474000A372A37A002B00D199E5F7F7F1FACDE532
:10475000637A242B07D1544B9B78A372A37A002B46
:1047600000D18CE5C2E5637A504C252BF3D0637AF7
:10477000282B1AD14C4B01229B78F420A3720023E2
:104780001900F9F778FE431E9841494BC0B21870E2
:10479000002301221900F520F9F76DFE431E984110
:1047A000444BC0B21870A37AA0E5637A312B02D1D2
:1047B000F9F776FD9AE5637A322B01D13E4B0EE68E
:1047C000637A332B0FD1384B9A78A272A27A002ADF
:1047D00006D0A27A012A03D11979D878F9F73EFEDA
:1047E000FFF79EFC4BE5637A342B0AD12E4B9B7866
:1047F000A372A37A002B01D0FFF7A8FBFFF7CAFC36
:104800003DE5637A352B3FD10125002400260027A2
:10481000F7F7C6FA294B1D70F7F78AFAF7F7B4FADB
:104820000020F9F714FD224BF4201C701978C9B24E
:10483000FAF7BCF81F4BF5201C701978C9B2FAF7CB
:10484000B5F8FCF779FEFCF783FEFCF78DFEFCF76C
:10485000A1FEFCF7B7FE2000F9F7F2FC184B1C7024
:10486000FCF7A4FE174B1E605F60F9F7FFFB164BC9
:104870001E605F60F9F76CFC144BFA201D7019780C
:10488000C9B2FAF793F831E5637A362B20D1064B9B
:104890009B78A372A37A002B01D0FFF75FFBFFF791
:1048A0008BFCECE4E009002085670020C8050020AF
:1048B000C7650020C56500204C010020AF650020C1
:1048C000F00A0020D803002040020020C465002028
:1048D000637A372B0AD1144B9B78A372A37A002BEF
:1048E00001D0FFF743FBFFF779FCC8E4637A382B6C
:1048F0000AD10D4B9B78A372A37A002B01D0FFF74E
:104900003DFBFFF77DFCBAE4637A392B00D0B6E4B7
:10491000054B9B78A372A37A002B01D0FFF736FBDF
:10492000FFF780FCABE4C0468567002010B5044B60
:104930000A000100180002F01AFEFFF785FC10BD06
:10494000856700200D488546FCF788FA0C480D491C
:104950000D4A002302E0D458C4500433C4188C42DA
:10496000F9D30A4A0A4C002301E013600432A24240
:10497000FBD302F0D5FDFAF7E1F9FEE70090002045
:1049800000000020B4020020108E0108B8020020B0
:1049900044690020FEE7000070B5104B050019784F
:1049A000002901D1012070BDFA208000F3F7BEFB81
:1049B0000B4C01002068F3F7B9FB00F083F8041EEC
:1049C000F0D1032DEED8020001202900404200F072
:1049D00043F8044B20001D60E5E7C046520200206A
:1049E00050010020540200208023084A5B00116817
:1049F00010B50B4300201360FFF7CEFF041E03D158
:104A0000FBF742FD200010BD0124FBE7002002401F
:104A1000034A044B11681B785B1813607047C0464B
:104A2000F467002052020020014B18687047C0460E
:104A3000F467002070B50400FFF7F6FF0500631C63
:104A400002D0044B1B78E418FFF7EEFF401BA04296
:104A5000FAD370BD5202002010B5FF2403220B00D0
:104A600021000240D20091409B012340C943934062
:104A700000280ADBC0240B4A800880008018A400AC
:104A800002590A401343035110BD0F221040083849
:104A9000054A800880008018C26911401943C1612D
:104AA000F2E7C04600E100E000ED00E0002805DB91
:104AB0001F2318401E3B8340014A13607047C046C5
:104AC00000E100E08022431E5204012093420DD2F7
:104AD000C021074A07485360036A09061B021B0AE4
:104AE0000B43036200200723906013607047C046A9
:104AF00010E000E000ED00E0F0B5846CC56C65608E
:104B0000046D002C02D0446D856D65601C24056C1D
:104B1000084E25401B3CAC4077683C4374600468F9
:104B200063608368102B02D1A260E160F0BDA160D8
:104B3000E260FBE70000024010B50400036C094A84
:104B40009B089B189B00436400681421C0B208387E
:104B5000F3F7ECFA044BA3641F2318401E3B834079
:104B6000E36410BD0082001080080240F8B5040024
:104B70000120002C46D02568254B1421E818F3F7B6
:104B8000D5FA02238000A61D2064F3772B68214A02
:104B9000A76813402B60E36821693B430B436169BD
:104BA0002A680B43A16920000B43E1690B43216A8A
:104BB0000B4313432B60FFF7BFFF8023DB019F42B2
:104BC00001D1002363603F236268616C13400B6076
:104BD000E06CA16C013A4860032A14D80E4A0F48D1
:104BE00099180122013B9A40A26513000022890016
:104BF000216560650A60436000200123E06305349D
:104C0000F377E077F8BD002323656365A365F3E7D9
:104C1000F8FFFDBF0F80FFFF3F82001040090240F8
:104C2000F7B5451D0193EE7F04000220012E33D01D
:104C30000138E877A71DFE7FB4466346F6B20096BA
:104C40000026834230D10130F8772568E663286872
:104C5000009B98432860019B2000FFF74DFF236BCA
:104C6000B3421AD00E232A6813432B60636C1A6870
:104C7000D20304D58022196852000A431A60236DBA
:104C8000002B04D08022196852000A431A600123C5
:104C900000202A6813432B60FEBD04222B68934337
:104CA0002B602A680A23DFE78023E363EE77F3E7CC
:104CB000F0B5002808D0841DE37F411D022B05D0EC
:104CC0000423C3630023CB770120F0BD0E250268C7
:104CD000466C1368AB4313603368104D2B40336050
:104CE000012316689E431660026C1B331A401B3B5F
:104CF00093400B4E77683B437360C26C836C5A6081
:104D0000036D002B05D01A682A401A60436D826D2E
:104D10005A6001230020E377C877D6E7FFFEFFFF44
:104D200000000240F8B5811DCB7F022B03D0042385
:104D3000C3630120F8BD0E2402681C271368456C6C
:104D4000A3431360012314689C4314602A68104C29
:104D500022402A60026C0F4D3A4093406E68334304
:104D60006B60C26C836C5A60036D002B05D01A68AF
:104D700022401A60436D826D5A6001230022CB7776
:104D8000431DDA77836B934200D098470020D1E728
:104D9000FFFEFFFF00000240F8B51C240427016C51
:104DA000264A21403C008C40166803681D68264254
:104DB0000FD03D420DD01968890602D41968B94355
:104DC000196053681C43036B5460002B1BD0984739
:104DD00019E002273C008C40264215D03D4213D0FA
:104DE0001968890606D40A251968A94319600121A2
:104DF000831DD97753681C4354600022431DDA7722
:104E0000C36A9342E3D1F8BD082427008F403E4295
:104E1000F9D02542F7D00E251C68AC431C60012355
:104E20001D008D402900546821435160821DC363D9
:104E3000D3770022431DDA77436BE2E7000002409C
:104E40000023F0B585B00A681400DC4001D105B03C
:104E5000F0BD012514009D402C4000942A4200D151
:104E600091E04A685F00944603226446224003248E
:104E7000BC40E4430194541E012C2ED88668019C4A
:104E80002640CC68BC403443846044680126AC436F
:104E900025006446240934409C402C434460C56886
:104EA000019C25408C68BC402C43C460022A16D16A
:104EB00007250F261D40AD00AE40DC08A4000419F4
:104EC0000294246A03962600039CA64334000E69CC
:104ED000AE402643029C266201E0032ADFD1BA409D
:104EE0000468019D25402A43C02402606246A40252
:104EF000224248D0254A03259C08A400A4180F226A
:104F00001D40ED00AA40A027266EFF059643002213
:104F1000B8420CD01E4F0132B84208D01D4F0132AA
:104F2000B84204D01C4F0332B84200D1023AAA4022
:104F3000674632432266154C009A2668009DD2438C
:104F40003543FF0201D43500154067462560666889
:104F5000009D3543BF0201D43500154067466560AA
:104F60000E4C009DE66F3543BF0301D4350015405C
:104F70006746E5670A4C009EE56F2E43FF0301D4A8
:104F800015402E00E66701335DE7C0460018024079
:104F90000004005000080050000C005008180240A7
:104FA0000418024000690840431E9841C0B270478F
:104FB000002A01D0816170478162FCE770B504006E
:104FC0000120002C3FD0250041352B78DAB2002B90
:104FD00005D12300403320001A70FBF76DFA24231B
:104FE00001212B702368E0681A68A6688A431A605A
:104FF0001A4962680A401A619A6819490A409A6017
:10500000012821D18022120232439A605868154A41
:1050100002435A60DA6800200A40DA606169226956
:105020000A43A16909020A43DA60216AE2690A4374
:105030001A60012219680A431A60202360642B70E9
:1050400020634234207070BD8422120232439A6081
:105050000228DBD1802212015A60D7E7FFFFFFF060
:10506000FF7FFFFF00800002F0B50400413422788A
:1050700003000F000220D6B2202A18D11D004035AF
:105080002A78012A13D0242222701B68233A196837
:105090000748914319601968014000201960196898
:1050A0003943196019680A431A6026702870F0BDE8
:1050B000FFEFFFFF0200F0B5413214780300E5B2C4
:1050C0000220202C17D11C0040342678012E12D04B
:1050D000223010701B6823381E68074F86431E60FD
:1050E0001E6809023E403143196019680843186080
:1050F000002015702070F0BDFFF0FFFF8023034AF1
:105100005B0011680B4313607047C046007000409D
:1051100010B5114C1149236802000B400343236072
:10512000802300209B009A420ED10D4B0D49186838
:1051300006235843F2F7FAFF8022431CD20061692C
:1051400008001040114200D110BD002B01D0013BDE
:10515000F5E70320F8E7C04600700040FFF9FFFFC5
:105160005001002040420F00F0B5040085B0002837
:1051700002D1012005B0F0BD0368DB0710D423681D
:105180009B075CD423681B0700D5C1E023685B073D
:1051900000D5F2E0E369002B00D079E10020E9E7D7
:1051A0003822AF4DAB681340EA68102B09D1D343C6
:1051B0009B0708D12B689B03E1D56368002BDED1E8
:1051C000D7E7082BF6D0802263685202934211D1B0
:1051D0002A6813432B60FFF727FC80270600BF02D5
:1051E0002B683B42CBD1FFF71FFC801B6428F7D90B
:1051F0000320BFE7A021C9028B4208D18023296880
:10520000DB020B432B602B681A432A60E3E72A6812
:1052100094490A402A602A6893490A402A60002B70
:10522000D9D1FFF701FC80270600BF022B683B4263
:10523000A5D0FFF7F9FB801B6428F7D9D8E73822FF
:10524000874DAB681340EA68102B28D103210A4030
:10525000022A26D12A68520503D5E268002A00D125
:1052600087E7696862698148120201400A436A60FF
:10527000002B0CD12B687E4A7E49134022691343D0
:105280002B602B687C4A9B045B0FDA400A607B4BE7
:105290001868FFF781FB002800D173E769E7002B4E
:1052A000D8D0E368002B20D02B68714A80271340A8
:1052B0002269FF0013432B6080232A685B0013439D
:1052C0002B60FFF7B1FB06002B683B4207D06A68F2
:1052D000636966491B020A4013436B6052E7FFF79C
:1052E000A3FB801B0228EFD982E72B68644A802742
:1052F00013402B60FFF798FB0600FF002B683B4232
:1053000000D13FE7FFF790FB801B0228F6D96FE73B
:105310003822534DAB681340182B08D12B6E9B07D6
:1053200000D433E7A369002B00D02FE721E7A2695F
:105330000123002A10D02A6E022713432B66FFF7A1
:1053400073FB06002B6E3B4200D01FE7FFF76CFBA0
:10535000801B0228F6D94BE72A6E02279A432A6659
:10536000FFF762FB06002B6E3B4200D10EE7FFF712
:105370005BFB801B0228F6D93AE73822384DAB6830
:105380001340202B08D1EB6D9B0700D402E7A368E4
:10539000002B00D0FEE6ECE680220021EB6B5205EC
:1053A0000091134208D1EB6B1343EB63EB6B13409B
:1053B0000393039B012300938027324E7F003368C1
:1053C0003B4215D0A368012B22D1EA6D1343EB6554
:1053D000FFF72AFB02270600EB6D3B4238D0009B0B
:1053E000012B00D0D6E6EB6B274A1340EB63D1E6E6
:1053F00033683B433360FFF717FB019033683B4250
:10540000E0D1FFF711FB019BC01A0228F6D9EFE6A5
:10541000EA6D052B05D1013B1343EB65EA6D0123D2
:10542000D4E701218A43EA65EA6D03318A43EA65DC
:10543000002BCDD1FFF7F8FA02270600EB6D3B42B7
:10544000CDD0FFF7F1FA114B801B9842F6D9CFE689
:10545000FFF7EAFA0D4B801B9842BDD9C8E6C0465B
:1054600000100240FFFFFEFFFFFFFBFFFF80FFFF7A
:10547000FFC7FFFF500100200024F4005402002069
:10548000FFFEFFFF00700040FFFFFFEF88130000EA
:105490003821434DAA680A40102A53D0414A022BB2
:1054A0003AD12B68802713402B60FFF7BDFA060026
:1054B000BF042B683B4229D1616A236AEA680B4327
:1054C000394980260A401343E26AB6041343226B2B
:1054D0001343626B1343A26A12021343EB608023EF
:1054E0002A685B0413432B608023EA685B0513433F
:1054F000EB60FFF799FA04002B68334200D04DE6C9
:10550000FFF792FA001B0228F6D971E6FFF78CFA32
:10551000801B0228CDD96BE62B68802613402B60B8
:10552000FFF782FA0400B6042B68334204D1EB681B
:105530001E4A1340EB6031E6FFF776FA001B0228A3
:10554000F2D955E6012B00D113E60322E868216A5F
:1055500002408A4200D00CE67022616A02408A4210
:1055600000D006E6FE21A26AC90101401202914262
:1055700000D0FEE5F822E16A920302408A4200D0A0
:10558000F7E5E022216B120502408A4200D0F0E5E7
:10559000636B400F4007C01A431E9841C0B2E9E553
:1055A00000100240FFFFFFFE8C80C111FCFFFEEEE9
:1055B000382370B51D4CA2681A4205D123681C48D7
:1055C0009B045B0FD84070BDA2681A40082A27D000
:1055D000A2681A40102A17D1E368E168DB43E56846
:1055E0004906490F6F322D0A013115409B0709D139
:1055F0001048F2F79BFDE1686843490F0131F2F76B
:1056000095FDE0E70A48F4E7A2681A40202A09D08D
:10561000A26800201340182BD5D1FA20C001D2E790
:105620000448D0E780200002CDE7C04600100240C9
:105630000024F40000127A00F7B504000D000028E1
:1056400001D10120FEBD0727484E33683B408B4205
:105650002AD3226893073BD4D20748D4072733685C
:105660003B40AB420AD93368BB432B433360FFF75F
:10567000DBF9019033683B40AB4268D123683C4D75
:105680005B076CD4FFF794FFAB683A491B051B0F0F
:105690009B005B581F210B40D840374A374B1060A6
:1056A0001868FFF779F9CDE73368BB430B433360E4
:1056B000FFF7BAF9019033683B40AB42C9D0FFF71E
:1056C000B3F9019BC01A2E4B9842F4D90320B9E7D5
:1056D0002749530704D5E0238868DB0103438B6027
:1056E0008B6828480340A06803438B60B4E7606878
:1056F0001F4F032829D8F2F705FD20021C243B6820
:105700009B039ED50722BB6893430343BB60FFF70F
:105710008BF901903823BA681A406368DB009A421B
:105720009CD0FFF781F9019BC01A154B9842F1D923
:10573000CCE73B689B01E5D483E73B685B05E1D49C
:105740007FE73B6E9B07DDD47BE7FB6DFAE7FFF756
:105750006BF9019BC01A0A4B98428BD9B6E7AB682C
:10576000094A1340E2681343AB608BE70020024014
:1057700000100240688C01085001002054020020F3
:1057800088130000FFF0FFFFFF8FFFFF064B074964
:105790009B68074A5B045B0F9B005B581F211068E6
:1057A0000B40D8407047C04600100240488C0108AA
:1057B00050010020F0B50368040085B000209B0371
:1057C00052D58022704D5205EB6B0090134208D1E8
:1057D000EB6B1343EB63EB6B13400393039B0123CE
:1057E00000938027694E7F0033683B433360FFF7A7
:1057F0001BF9019033683B4228D0EA6DC0231000AA
:105800009B00216B624E18401A4218D0814216D07C
:105810008022EB6DE86D190052020243EA65EA6DE1
:105820005C4831400240EA65E965DB0707D5FFF7D0
:10583000FBF807000222EB6D134200D19CE0EB6DF8
:10584000226B334013430020EB6506E0FFF7ECF8D2
:10585000019BC01A0228CDD90320009B012B03D144
:10586000EB6B4D4A1340EB632368DA0706D503253B
:1058700045494A6DAA4365682A434A659A0706D591
:105880000C2541494A6DAA43A5682A434A65DA06B0
:1058900006D53D49414D4A6D2A40E5682A434A658F
:1058A0009A0506D538493E4D4A6D2A40A5692A43D6
:1058B0004A655A0506D534493A4D4A6D2A40E5698C
:1058C0002A434A659A0606D52F49374D4A6D2A4024
:1058D00025692A434A655A040FD52B49256A4A6D22
:1058E000920092082A434A658022D205954204D14B
:1058F0008022CD6852022A43CA601A0306D5402589
:1059000021494A6DAA43656A2A434A659A020FD51E
:105910001D49264E4A6DA56A32402A434A658022B7
:10592000D203954204D18022CD6852042A43CA6032
:105930005A020DD5144D1E4E696DE26A3140114375
:105940006965802149048A4202D1E9680A43EA6014
:105950001B050FD50C4A6169536D164C23400B4350
:1059600053658023DB01994204D18023D1685B0217
:105970000B43D36005B0F0BDFFF756F80E4BC01BCC
:10598000984200D856E767E70010024000700040D8
:10599000FFFCFFFFFFFFFEFFFFFFFFEFFFF3FFFF37
:1059A000FFFFF3FFFFFFCFFFFFCFFFFFFFFFBFFFB3
:1059B000FFFFFFFEFF3FFFFF88130000A0210268EA
:1059C000F8B5D36804008B43D360FFF72DF8FA27AE
:1059D00005002026BF002368DB68334201D0002089
:1059E000F8BDFFF721F8401BB842F4D90320F7E7D0
:1059F000F7B5402603680500DA680024324211D169
:105A00008022D968FA270A43DA60FFF70DF8BF0051
:105A100000902B68DB681A0032400192334201D1BA
:105A2000032C01D12000FEBDFEF7FEFF009B019C70
:105A3000C01AB842EDD92B00032429331C70E8E7C3
:105A4000802270B50F4C0500E3689343E360A369BF
:105A5000603A134207D1FFF7B1FF002802D00320BC
:105A60002935287070BDA3699343A361FFF7A6FF92
:105A7000002802D00320293528702023A26913436F
:105A8000A361EFE70028004070B504000120002C5E
:105A900017D0250029352B78DAB2002B08D1230046
:105AA00028331A7088231B0220006360FAF746FD32
:105AB00002232B702368DA68D20603D50123002065
:105AC0002B7070BDCA225A62773A20005A62FFF7E3
:105AD0008FFF002825D1236815499A6960690A401B
:105AE0009A61A26899690243E06902430A439A6194
:105AF000226920001A61E268196912040A431A61D6
:105B0000FFF79EFF00280CD12268266A9369DB000C
:105B1000DB089361636A91693343A66933430B439E
:105B20009361FF2223685A620028C7D0C9E7C046A4
:105B3000BFFF8FFBF8B504000120002C67D0636A1B
:105B4000002B65D1822261685200914200D0E3614E
:105B500000232500A3625D352B78DAB2002B05D136
:105B600023005C3320001A70FAF716FD022340224E
:105B70002B702168E6680B689343E0220B60D2002B
:105B80000023964248D9F02218001201964200D014
:105B9000A36282228427636852001340A2683F02F6
:105BA0003A40022713432269A5693A401343012270
:105BB000676917403B438027BF002F403B43E7699D
:105BC000373217403B43276A4832174080223B4315
:105BD000A76A920117403B43102708220B60636AB3
:105BE0002D0C3B40676B17403B43F0273F013E4085
:105BF0003343042635402B4303434B60CB690848AD
:105C000003400020CB61012320665D342370F8BD82
:105C10000023236163619BE780204001B6E7C04613
:105C2000FFF7FFFFC022042313B50468D200A16868
:105C300008001040114200D116BDE168013B0191FE
:105C4000DBB20199002BF2D10320F5E7010003003C
:105C5000012010B53D310C78E2B284421FD100180A
:105C600008701B68D9681143D9600E498B4209D06E
:105C70008021C9058B4205D00B498B4202D00B49CC
:105C80008B420DD19A680A490A40062A06D0073984
:105C90008A4203D0012219680A431A60002010BD0D
:105CA0001968F9E7002C0140000400400040014061
:105CB000070001000121036810B5DA688A43DA6041
:105CC0001C6A074A144206D11C6A064A144202D1D1
:105CD0001A688A431A6001233D300370002010BD0A
:105CE000111100004404000070477047704770476E
:105CF0000222036810B51969040011420ED0D96858
:105D000011420BD0053A1A61043202779B699B0756
:105D100000D186E0FFF7E9FF002323770422236800
:105D20001969114211D0D96811420ED0093A1A618D
:105D3000073222779A69C0239B0020001A4200D1C3
:105D400075E0FFF7D2FF0023237708222368196943
:105D500011420ED0D96811420BD0113A1A610D329E
:105D60002277DB6920009B0767D0FFF7BEFF002387
:105D70002377102223681969114210D0D968114283
:105D80000DD0213A1A6119322277DA69C0239B00BB
:105D900020001A4257D0FFF7A8FF002323770122E3
:105DA00023681969114207D0D968114204D0033A17
:105DB00020001A61F9F77CFB8022236819691142DF
:105DC00008D0D968114205D0023AFF3A20001A6182
:105DD00000F0EFF823681A69D20507D5DA681206D1
:105DE00004D51C4A20001A6100F0E4F84022236820
:105DF0001969114207D0D968114204D0813A2000B4
:105E00001A61FFF774FF202223681969114207D035
:105E1000D968114204D0413A20001A6100F0C8F854
:105E200010BDFFF761FF2000FFF760FF74E7FFF789
:105E30005BFF2000FFF75AFF85E7FFF755FF2000C3
:105E4000FFF754FF93E7FFF74FFF2000FFF74EFFE8
:105E5000A3E7C046FFFEFFFF10B51C4C0368A0423D
:105E600006D08022D205904202D0194A904208D131
:105E7000702293434A681343164A1A40CB6813436F
:105E80000BE0154A9042F7D0144A9042F4D0144ADD
:105E90009042F1D0134A9042EED0802293434A6957
:105EA000134303608B68C3620B688362A04208D00F
:105EB0000A4B984205D00A4B984202D0094B9842AF
:105EC00001D10B6903630123436110BD002C014024
:105ED00000040040FFFCFFFF0020004000400140A4
:105EE000004401400048014070B504000120002C2E
:105EF00023D025003D352B78DAB2002B05D12300C5
:105F00003C3320001A70FAF799FB02232B702068AB
:105F1000211DFFF7A1FF220001230020483213704A
:105F200047340A3A137053709370D37013715371DE
:105F30009371D371137223702B7070BDF0B5040090
:105F400002223C34257803001000012D26D01D00CC
:105F50003D352A701B68124E5A689868B34203D1C7
:105F6000104F3A404F683A437027BA430F683A439C
:105F70005A60B34209D08022D205934205D00A4A22
:105F8000934202D0094A934204D1802290438A6806
:105F900010439860012300202B702070F0BDC04694
:105FA000002C0140FFFF0FFF0004004000400140B3
:105FB000704770477047000030B5EFF3108401223E
:105FC00082F31088C02501680B68AB430B6084F333
:105FD0001088EFF3108182F310880268044C9368F4
:105FE0002340936081F3108820238830036030BD04
:105FF000FFFF7FFF30B5EFF31084012282F310889A
:106000000168134D0B682B400B6084F31088EFF38D
:10601000108182F3108802680E4C936823409360CD
:1060200081F31088C36E012B0AD1EFF3108183F343
:106030001088102402681368A343136081F310884A
:10604000030020228C331A600023C366436730BDEF
:10605000DFFEFFFFFEFFFFEF70477047704770479E
:1060600070B5846A230088331A685D6823689B686A
:106070001B0608D5212A06D1230000225633200012
:106080001A80FFF799FF23689B685B0608D5222DCD
:1060900006D1230000225E3320001A80FFF7AAFFFA
:1060A000220010239032116820000B431360FFF789
:1060B000D6FF70BD806A0023020010B55E321380E7
:1060C000083A1380FFF7CBFF10BD0000F7B5016859
:1060D000C14DCB6904000A6888682B4210D1202585
:1060E0002B4200D19BE080267605154006403543C3
:1060F00000D194E0636F2000002B00D085E085E0A4
:10610000B64D05400095B64D009E1540354300D173
:1061100085E0250001269035334205D0D70503D50B
:106120000E622F683E432E60022633420CD0C70712
:106130000AD527000E6290373E680197B4460426C0
:1061400067463E43019F3E60042633420CD0C7079A
:106150000AD527000E6290373E680197B4460226A2
:1061600067463E43019F3E600826B446334209D04D
:106170002027009E1740374304D066460E622F68E2
:106180003E432E6080263601334206D0570104D5A7
:106190000E6220212E68314329602968002935D0FC
:1061A00020210B420AD080235B0511400340194394
:1061B00004D0636F002B01D02000984722682B6821
:1061C0004027966828223E40134020001E4322D0DC
:1061D000FFF710FF23689B683B4218D0EFF3108154
:1061E000012383F31088250004CD9368BB4393609B
:1061F00081F31088E86F002809D07A4B8363FEF79B
:1062000091FD002802D0E86F836B9847F7BD20000E
:10621000FFF725FFFAE7FFF722FF2E60F6E7E56EAE
:10622000012D00D09FE01026334200D19BE0324286
:1062300000D198E00E62896840230A001A40194292
:1062400057D0211DCA6F1068426892B2002ADDD073
:1062500027005C373F889742D8D927005E373A80BD
:10626000026820208446104000906046024232D1ED
:10627000EFF3108785F3108820685B4E0268324088
:10628000026087F31088EFF3108785F31088206889
:106290008268AA43826087F31088EFF3108785F342
:1062A0001088206882689A43826087F310882300F0
:1062B00062468C331A60009BE366EFF3108085F32F
:1062C000108822680F351368AB43136080F3108881
:1062D000C86FFEF7EDFC02232200236723005C3227
:1062E0005E331B881188C91A89B22000F8F746FF6F
:1062F0008CE7230020005C335E3019880388008817
:106300009BB2002800D181E7C91A89B2002900D1C7
:106310007CE7EFF3108785F310882068334E03681D
:106320003340036087F31088EFF3108785F31088FC
:1063300020682F4E83683340836087F310882300E2
:1063400020208C331860E2666267EFF3108085F3DB
:106350001088102522681368AB43136080F31088FF
:1063600002232367C1E780256D032B4206D0460236
:1063700004D520000D6200F0E7FB47E780210B42C7
:1063800007D080252D0411402840014301D0A36F80
:10639000B1E640210B4216D00A4214D0EFF3108030
:1063A000012383F31088226813688B43136080F302
:1063B00010882300202288331A6000232000A3675E
:1063C000FFF74AFE22E7190214D5510012D520002A
:1063D00000F0BCFB1AE7C0460F08000001000010E7
:1063E00020010004B5600108FFFEFFFFDFFEFFFF94
:1063F000FEFFFFEFDB0100D408E7002A00DB05E722
:10640000200000F0A2FB01E70123806A10B50367BA
:10641000C36E012B06D103005C3319884908F8F7D5
:10642000ADFE10BDFFF71AFEFBE7000003001B687E
:1064300020221B6870B51900806A1140134234D1C4
:1064400003005E331980EFF31085012383F3108876
:1064500004681D4E21683140216085F31088EFF3F8
:10646000108583F310880468A1689943A16085F3BF
:106470001088EFF3108483F31088402501688B683F
:10648000AB438B6084F3108803008C331A60C36EB7
:10649000012B0AD1EFF3108183F3108810240268D6
:1064A0001368A343136081F3108800230367C36E4E
:1064B000012B05D103005C331988F8F75FFE70BD2E
:1064C000FFF7CBFDFBE7C046FFFEFFFFF8B504007A
:1064D0002569A26823682A4365691968C0692A4347
:1064E000734D024329400A431A605A687149A569ED
:1064F0000A40E1680A4370495A608B4201D0226A1F
:1065000015439A686D4E32402A430F259A60DA6A25
:10651000AA43656A2A43DA62694A934225D1694BE4
:106520005A6D03231A4080231B02022A00D1BBE0CC
:10653000032A00D1B2E0012A00D1A8E0984200D19C
:106540007DE0FFF723F9002845D0626A5E4B5200D8
:10655000D15AF1F7EBFD65686B08C0182900F1F717
:10656000E5FD0200594B103A64E0594A934212D1BA
:106570000C22544B5B6D1340082B00D192E005D8E0
:10658000002B00D081E080231B02D7E70C2B00D129
:1065900082E0012020E04F4A9342F4D04E4A9342D9
:1065A000F1D08B42F5D1C0228021464B12015B6DA8
:1065B000090113408B4215D004D8002B07D1FFF7F7
:1065C000E5F806E09342E4D1802636020BE0FEF7C0
:1065D000EFFF061E07D10020404BA3660023636730
:1065E000A367F8BD3E4E626A374B5200D75A30005F
:1065F0003900F1F79BFD032365686B438342C8D8DC
:106600002B038342C5D300233A0030001900F1F771
:106610007BFF0027060E0B02334302026E0892191D
:106620007B41100019002A003B00F1F76DFF2D4B54
:10663000C2182D4B9A42ACD82368D860CBE7FFF73D
:10664000A5F80028C7D0626A1F4B5200D15AF1F753
:106650006DFD656840006B08C0182900F1F766FD04
:1066600002001A4B103A9A4200D992E70F23020017
:1066700000079A4393B2400F22680343D360AAE70E
:106680001748E0E7FEF794FF5DE780231B0298427E
:10669000F8D1FEF78DFFD4E780231B029842D2D0B9
:1066A000180052E780231B029842E9D00C484CE7BF
:1066B000F369FFCFFFCFFFFF00800040FFF4FF1121
:1066C0000038014000100240968D0108EFFF0000E5
:1066D0000044004000480040004C00400100010020
:1066E0000024F40000FDFFFFFFFC0F00836A30B5BB
:1066F000DA0706D50168284C4A682240C46A22435A
:106700004A609A0706D50168244C4A682240046B07
:1067100022434A605A0706D50168214C4A68224044
:10672000446B22434A601A0706D501681D4C4A682B
:106730002240846B22434A60DA0606D501681A4C6F
:106740008A682240C46B22438A609A0606D5016893
:10675000164C8A682240046C22438A605A0610D57F
:106760000168134D4A68446C2A4022434A608022E3
:106770005203944205D14A680E4C2240846C224355
:106780004A601B0606D502680B4953680B40C16C72
:106790000B43536030BDC046FFFFFDFFFFFFFEFF10
:1067A000FFFFFBFFFF7FFFFFFFEFFFFFFFDFFFFFAD
:1067B000FFFFEFFFFFFF9FFFFFFFF7FFF8B50400AC
:1067C0000D0017001E002268D3692B405B1B594245
:1067D0004B41BB4201D0002029E0069B0133F3D09E
:1067E000FEF722F9069B801B984201D8002B1FD18F
:1067F000EFF31080012282F310882168204D0B688E
:106800002B400B6080F31088EFF3108082F3108828
:1068100021688B6893438B6080F3108823001F32BC
:1068200088331A605A600023032084342370F8BD33
:1068300023681A685207C6D58022D969120111420D
:10684000C1D01A62EFF31080012282F31088216810
:106850000B4D0B682B400B6080F31088EFF310801A
:1068600082F3108821688B6893438B6080F31088D3
:10687000220020238832136053609360D3E7C04620
:106880005FFEFFFFF0B51700020087B08832059366
:10689000136804000D000220202B45D10138002987
:1068A00042D0002F40D08023A1685B01994204D1DF
:1068B0002369002B01D1054236D1230000269033F5
:1068C0001E6021231360FEF7AFF8230054331F80AE
:1068D000023303931F808023A26804905B019A42D5
:1068E00004D12369B34201D12E001D002300563389
:1068F0001B889AB2002B0CD1059B402100932000ED
:10690000049BFFF75BFF00280DD120238834236010
:106910000AE0059B0022009380212000049BFFF7E2
:106920004DFF002802D0032007B0F0BD2268002DE3
:106930000BD133880236DB05DB0D9362039B039A90
:106940001B88013B9BB21380D0E72B780135936203
:10695000F4E70000030073B50026040090331E60C6
:10696000FEF762F8236805001B681B0719D423682B
:106970001B685B070AD58021104B00220093200082
:106980002B00C903FFF71AFF002815D122000020B1
:106990002023883213605360E066206784342070BF
:1069A0000BE08021054B3200009389030300200097
:1069B000FFF704FF0028DAD0032076BDFFFFFF01B8
:1069C000F8B513000200060005005C3281650F0077
:1069D00013802221002290368C3532602960011DFF
:1069E0000400C86F904213D01D498263C1621D49E3
:1069F0003A0001631C49416321682431FEF710F914
:106A0000002805D0102301203360DB182B60F8BD6F
:106A10002369002B0BD0EFF31081012383F310883F
:106A20002268FF3310680343136081F31088EFF38B
:106A30001080012383F3108821688A681A438A60D2
:106A400080F31088EFF3108183F3108822683F33BE
:106A500090680343936081F310880020D7E7C04615
:106A60002D6401080964010861600108F7B5070099
:106A7000436E04006A37002B04D10120388068344B
:106A80002080F7BD03680B4E9A689B680A4D5B0F28
:106A9000F05CE95CC0000192F1F7D2FB019B388009
:106AA0001B015B0FF05CE95CC000F1F7C9FB80B231
:106AB000E5E7C046B68D0108AE8D0108F7B50400C4
:106AC0000E001D000192002801D10120FEBD07002B
:106AD00088373B68002B04D1020084321370F9F729
:106AE00021FE2423012122683B60136820008B4390
:106AF0001360FFF7EBFC0128E7D0A36A002B02D05C
:106B00002000FFF7F3FD80222368D20199682D044D
:106B10000A439A609A680A4920000A4032439A6000
:106B2000019A51050D431A6806490A40154301228E
:106B30001D6019680A431A60FFF70CFFC6E7C046DC
:106B4000FF7FFFFFFFFF00FC7047704770470000AA
:106B500070B504008434227803000220012A11D089
:106B60001D002422012688352A601A6811681068E1
:106B7000B043106004480140002058662023116093
:106B80002B60207070BDC046FFFFFFDFF8B5050029
:106B900084350B0029780222012915D00600012135
:106BA0000468883622323260276822688A4322606D
:106BB000A168C900C9081943A160FFF757FF202346
:106BC0000022276033602A701000F8BDF8B5050078
:106BD00084350A0029780223012915D006000121F5
:106BE0000468883622333360276823688B43236028
:106BF000A168064B19401143A160FFF737FF20231E
:106C00002760336000232B701800F8BDFFFFFFF1F1
:106C100003008C331B6870B504000220202B02D1C6
:106C2000002901D1012070BD002AFBD08020A56879
:106C300001234001854204D12069002801D1194275
:106C4000F0D1E366002320002367FFF7B9FE002898
:106C5000E9D1E26E012AE5D1102321680B62EFF33E
:106C6000108182F31088226814682343136081F333
:106C70001088D8E710B5034B0100186800F030F811
:106C800010BDC0466402002010B5034B0100186817
:106C900000F0EEFC10BDC0466402002070B50F4E3F
:106CA0000D0031680400002902D100F00DFC3060B5
:106CB0002900200000F008FC431C03D101256D428F
:106CC000280070BD0323C51C9D43A842F8D0291A93
:106CD000200000F0F9FB0130F2D1EFE7F867002067
:106CE000F7B50322CB1C9343083305001F000C2B80
:106CF00034D20C27B94233D8280000F071F8374E4F
:106D000033681C00002C2FD139002800FFF7C6FF84
:106D10000400431C5FD134680094009B002B4AD1CF
:106D2000002C52D023682800E3180099019300F04A
:106D3000CBFB019B834248D123682800FF1A39000E
:106D4000FFF7ACFF013040D02368DB1923603368C4
:106D50005A68002A33D1009B336019E0002BC9DA4E
:106D60000C232B600020FEBD2168C91B20D40B29F9
:106D70000AD9E2192760A34204D132606368116026
:106D8000536005E05A60F9E76268A3420ED13260B1
:106D9000280000F02DF8200007220B30231D90431F
:106DA000C21A9842DFD01B1AA350DCE75A60EFE703
:106DB00023006468A6E7009C63680093ADE71A00AF
:106DC0005B68A342FBD10023DAE70C2328002B6089
:106DD00000F00EF8C6E70760DAE7C046FC6700205F
:106DE00010B5024800F0C1FB10BDC046406900204C
:106DF00010B5024800F0BAFB10BDC0464069002043
:106E0000114B70B51D6804002B6B002B16D1182098
:106E1000FFF730FF021E286304D146210B4B0C48BC
:106E200000F008FC0B4B002103600B4B43600B4B45
:106E300083600B23838101201061516100222B6B41
:106E40001C615A6170BDC04664020020B78C010805
:106E5000CE8C01080E33CDAB34126DE6ECDE0500AE
:106E6000164B10B51C68236B002B16D11820FFF7AA
:106E700001FF021E206304D15221114B114800F082
:106E8000D9FB114B00210360104B4360104B836012
:106E90000B238381012010615161246B0D4A20690D
:106EA00061690D4BF1F750FB012200238018594115
:106EB000206161614800400810BDC04664020020A6
:106EC000B78C0108CE8C01080E33CDAB34126DE6C1
:106ED000ECDE05002D7F954C2DF4515830B5002483
:106EE000022B09D0920803590D59013A05510B5153
:106EF0000434002AF7DC30BD035D0D5D05550B55EC
:106F00000134131B002BF7DCF5E7F8B50F00160072
:106F100004001D009847310000280DDA3800A8470A
:106F2000002802DA3C002000F8BD31002000A8470C
:106F30000028F8DA3400F6E73800A8470028F1DC2A
:106F400031002000A8470028F4DAECE7F0B599B04A
:106F500000900393009B1700134302220800019244
:106F60009B0704D13B1F1A00531E9A410192002334
:106F700004933C00009B4443DB190293009B1B19C4
:106F80000693062828D8029B069A93420CD3049BAA
:106F9000002B00D020E119B0F0BD3A0029002000FC
:106FA000019BFFF79BFF0FE0029C0EE0E51B210019
:106FB0002800039B984700280ADD019B002BECD199
:106FC00023682A6822602B602C00009BA342EDD32B
:106FD000029BDB190293D6E746087E43009BE41B25
:106FE0009E191C19072821D022000593282817D99B
:106FF000C5087D4359194A19039B0098FFF785FF7F
:1070000031007219039B0590701BFFF77EFF06008D
:107010006800201A2200039B4119FFF776FF020047
:107020003100039B0598FFF770FF0600019B002BC2
:1070300023D1009B32681B6800990A6033600023EB
:107040002600029D07930595A54233D82800009994
:10705000039B984700282BDC0DD1019B002B13D1FB
:10706000059B2A681B6805990A602B60059BDB1944
:10707000059301230793ED19E6E73A003100019BE0
:107080000098FFF72BFFDAE73A002900019B0598EB
:10709000FFF724FFEAE7002809D1019B002B13D159
:1070A00023683268226033600123F61B0793E41BD8
:1070B000AC4210D2079B002B40D1029B069A934210
:1070C00000D364E7029C32E03A0031002000019BCB
:1070D000FFF704FFE8E720000099039B984700288A
:1070E000D9DA019B002B05D12B6822682A60236026
:1070F000E41BBEE73A0021002800019BFFF7EEFEEB
:10710000F6E73A0029002000019BFFF7E7FE0DE0BB
:10711000E51B21002800039B984700280ADD019BFE
:10712000002BEED123682A6822602B602C00009B84
:10713000A342EDD3029BDB190293BEE7059B009AA5
:10714000EB1A0293059B9A1A029B9A4200DD1A00E1
:10715000002A04D0019B0098A91AFFF7BFFE069BE6
:10716000341B9A1BD21BA24200D92200002A05D050
:10717000069B2800991A019BFFF7B0FE069B029E12
:107180001D1BB44205D8230034001E002B00009DB7
:107190000093BE422BD9049B072B11D808AADB0011
:1071A0009D5039009B1820001D00F0F7BFFF049B85
:1071B00068600133390030000493F0F7B7FFD8E678
:1071C00039003000F0F7B2FF3A000100039B00984D
:1071D000FFF7BCFEBC420DD8049B08AA013B0493F8
:1071E000DB009A58009208AA9B185868C1E6BC4276
:1071F00000D8CCE639002000F0F798FF0095B8E6FB
:10720000002310B5040003604360836081814366FE
:10721000C281036143618361190008225C3000F080
:1072200011F90B4B246263620A4BA3620A4BE362BF
:107230000A4B23630A4B9C4205D00A4B9C4202D066
:10724000094B9C4203D12000583000F08DF910BD4D
:1072500089730108B1730108E97301081574010805
:107260000068002068680020D068002010B5034A3C
:107270000349044800F06CF810BDC04658020020D5
:10728000117801086802002041680B4B10B504001A
:10729000994201D000F0BCFAA168084B994202D093
:1072A000200000F0B5FAE168054B994202D02000B9
:1072B00000F0AEFA10BDC0460068002068680020EB
:1072C000D068002010B5094B094A04211A6009480A
:1072D0000022FFF795FF012209210748FFF790FFE1
:1072E000022212210548FFF78BFF10BD38690020EC
:1072F0006D7201080068002068680020D0680020D6
:1073000010B5024800F031F910BDC04641690020B7
:1073100010B5024800F02AF910BDC04641690020AE
:1073200010B50400FFF7ECFF236A002B02D0FFF733
:10733000EFFF10BD044B2362044B1B68002BF6D1FA
:10734000FFF7C0FFF3E7C0468972010838690020E3
:10735000F7B51400002600900191A5686768013F09
:1073600004D52468002CF8D13000FEBDAB89012B78
:1073700008D90E22AB5E013304D029000098019B8E
:10738000984706436835EAE770B50C000E25495F5B
:1073900000F086F8002803DB636D1B18636570BD81
:1073A000A389024A1340A381F9E7C046FFEFFFFF1C
:1073B000F8B51F008B8905000C001600DB0505D50C
:1073C0000E23C95E0022022300F056F8A389054A65
:1073D00028001340A38132000E23E15E3B0000F041
:1073E00085F8F8BDFFEFFFFF70B50C000E25495F73
:1073F00000F042F8A389421C03D1054A1340A3813F
:1074000070BD802252011343A3816065F8E7C04636
:10741000FFEFFFFF10B50E23C95E00F01BF810BD93
:1074200010B5884202D98B18984208D300239A429B
:1074300007D0CC5CC4540133F9E78B5C8354013A28
:10744000FBD210BD03008218934200D1704719701F
:107450000133F9E7002370B5064D040008002B60E6
:10746000F9F7D0FC431C03D12B68002B00D023601C
:1074700070BDC0463C69002070B5040008001100D2
:107480001A000023054D2B60F9F7C6FC431C03D1FD
:107490002B68002B00D0236070BDC0463C690020E3
:1074A00070B50400080011001A000023054D2B6080
:1074B000F9F78EFC431C03D12B68002B00D023600E
:1074C00070BDC0463C690020002370B5064D040025
:1074D00008002B60F9F7A2FC431C03D12B68002B9A
:1074E00000D0236070BDC0463C69002070B5040028
:1074F000080011001A000023054D2B60F9F775FCF8
:10750000431C03D12B68002B00D0236070BDC04604
:107510003C690020014B18687047C0466402002097
:1075200070B500260C4C0D4D641BA410A64209D169
:10753000002601F0F3FA0A4C0A4D641BA410A6427F
:1075400005D170BDB300EB5898470136EEE7B300A4
:10755000EB5898470136F2E7088E0108088E0108BB
:107560000C8E0108088E0108704770477047002391
:1075700010B59A4200D110BDCC5CC4540133F8E779
:10758000F8B50D0017006B00274A5B0D9A180E0026
:1075900004000100132A21DC002A07DA0022EE0F82
:1075A000F3073A607B6029002000F8BD1F481041B6
:1075B00003002B40234305D1F60F3C607D601C0087
:1075C000F507F0E7864300223300200029003A60E7
:1075D0007B60F3F703FC04000D00E4E7332A15DDBC
:1075E00029003C607D6000F04FF900280AD122009C
:1075F0002B0020002900F2F70BF904000D003C607D
:107600007D60D0E7EE0F0024F507CCE70120084AA3
:1076100040429B18D840030023402042CCD08143F5
:107620002B000A00D1E7C04601FCFFFFFFFF0F005F
:10763000EDFBFFFF7FB514001A00094B05001B6826
:107640000E00D868074B002C01D1074B1C000749DE
:10765000019302942B00009600F006F900F044F923
:1076600064020020268D0108618D0108338D010818
:1076700070B505000C1E10D0043C2368002B00DA06
:10768000E4182800FFF7ACFB1D4A1368002B05D156
:10769000636014602800FFF7ABFB70BDA34208D9FC
:1076A000206821188B42F3D119685B6809182160A2
:1076B000EEE71A005B68002B01D0A342F9D91168EC
:1076C0005018A0420BD1206809185018116083424D
:1076D000E0D118685B68411811605360DAE7A04296
:1076E00002D90C232B60D5E7206821188B4203D1E7
:1076F00019685B680918216063605460CAE7C04676
:10770000FC670020F7B50C228B5E05000C001A0701
:1077100056D44A68002A02DC0A6C002A4EDDE76A69
:10772000002F4BD0002280202E682A601A004001D2
:10773000216A0240034233D0626DA3895B0706D5FC
:107740006368D21A636B002B01D0236CD21A00231A
:107750002800E76A216AB847A289431C06D1296834
:107760001D2946D8294BCB40DB0742D50023636057
:1077700023692360D20405D5431C02D12B68002B5A
:1077800000D16065616B2E60002917D0230044335F
:10779000994202D02800FFF76BFF002363630DE0DE
:1077A00001232800B8470200431CC6D12B68002BD8
:1077B000C3D01D2B01D0162B1AD12E6000201EE045
:1077C0000E69002EFAD00F680E60BA1B01920022DB
:1077D0009B0700D14A69A260019B002BEEDDA36AE2
:1077E00032001F002800019B216AB847002807DCEF
:1077F000A2894023012013431BB2A3814042FEBD56
:10780000019B36181B1A0193E6E7C0460100402091
:107810000B6970B505000C00002B02D10025280073
:1078200070BD002804D0036A002B01D1FFF778FD5A
:107830000C22A35E002BF1D0626ED20704D49B050C
:1078400002D4A06DFFF791FE28002100FFF75AFF38
:10785000636E0500DB07E2D4A3899B05DFD4A06D2E
:10786000FFF784FEDBE700000EB417B5054C05AB4F
:1078700004CB01002068019300F064F81EBC08BC32
:1078800003B01847640200200B0070B5040002002A
:1078900001001C430220002C06D0802000068342F9
:1078A00003D14B1E9941881C70BD0C4859004908F2
:1078B0000B4C0E180420A642F6D98024013864032C
:1078C000A342F1D380252D065D19A542ECD3054CCA
:1078D0000020A142E8D150425041E5E70000F0FF0E
:1078E000FFFFDF7F0000F07F062010B500F08CFB6B
:1078F0000120F9F767FA936810B5013B9360002BFC
:1079000004DA9469A34207DB0A2905D01368581CDE
:1079100010601970080010BD00F0ACFA0100F9E722
:10792000F8B506000F001400D518AC4201D10020B4
:1079300007E021783A003000FFF7DDFF0134431CF7
:10794000F3D1F8BDF0B5A1B00F0015001E000390F3
:10795000002804D0036A002B01D1FFF7E1FC7B6E05
:10796000DB0705D4BB899B0502D4B86DFFF7FDFD8D
:10797000BB891B0702D53B69002B13D13900039843
:1079800000F0BAFA00280DD07B6EDB0703D501208A
:10799000404221B0F0BDBB899B05F8D4B86DFFF71C
:1079A000E5FDF4E7002308AC636120336376103310
:1079B000A37607962E003378002B01D0252B48D1D3
:1079C000731B0593AE420BD02A0039000398FFF7D2
:1079D000A7FF013000D1AEE06369059A9B1863618F
:1079E0003378002B00D1A6E00122002352426260CE
:1079F00004A954325218751C2360E360A36013700D
:107A0000A365594B052218002978059300F01CFB4B
:107A10006E1C00281FD12268D30604D5532304A965
:107A20005B1820211970130704D5532304A95B1890
:107A30002B2119702B782A2B16D02E0000210A201A
:107A4000E3683278751C303A092A50D9002911D1DF
:107A500017E00136AFE7059B2268C01A0123834077
:107A6000134335002360CCE7079B191D1B68079162
:107A7000002B01DB0B9304E05B42E3600223134322
:107A8000236033782E2B0CD173782A2B34D1079BAB
:107A900002361A1D1B680792002B01DA01235B4294
:107AA0000993324D03222800317800F0CDFA0028E6
:107AB00006D04023401B83402268013613432360D5
:107AC000317806222A48751C217600F0BDFA00287C
:107AD00040D0284B002B22D10722079B073393432A
:107AE000083307936369049A9B18636162E7434311
:107AF0002E0001219B18A4E700230A20190001365B
:107B000063603278751C303A092A03D9002BC8D03B
:107B10000991C6E741432E0001238918F1E707AA1E
:107B2000009221003A00144B039800E000BF04903B
:107B3000049B0133D6D17B6EDB0705D4BB899B0543
:107B400002D4B86DFFF712FDBB895B0600D51EE7B6
:107B50000D981EE707AA009221003A00064B0398F1
:107B600000F07CF8E3E7C046628D0108688D0108EB
:107B70006C8D01080000000021790108F7B516009E
:107B800001938A680B690C000090934200DA13009D
:107B90002200336043321278002A01D0013333606F
:107BA00023689B0602D533680233336022680623BC
:107BB00015001D401A4227D0230043331B785A1E5C
:107BC00093412268920630D4220001990098089DC2
:107BD0004332A847013025D00622236800251340F0
:107BE000042B05D13368E568ED1AEB43DB171D4024
:107BF000A3682269934201DD9B1AED180026B54265
:107C000020D1002010E00135E36832689B1AAB42B6
:107C1000D2DD2200012301990098089F1932B8474C
:107C20000130F0D101204042FEBD3020E118433147
:107C3000087021005A1C45310978A21843320233DA
:107C40001170C1E72200012301990098089F1A32A0
:107C5000B8470130E6D00136D1E70000F0B58BB06F
:107C600006920A0043320793059003920A7E0C00A5
:107C7000109B782A09D8622A0BD8002A00D1BAE0D2
:107C80007A490491582A00D18EE0250042352A70A5
:107C900022E0100063381528F7D8F0F73DFA1600F7
:107CA0001F00F6FFF6FFF6FFF6FF1F00F6FFF6FFD8
:107CB000F6FFF6FF9F0036007E00F6FFF6FFB000ED
:107CC000F6FF3600F6FFF6FF820025001A684235FF
:107CD000111D196013682B7001239EE01868096854
:107CE000021D0D060BD506681A60002E03DA2D233F
:107CF000039A764213705D4B0A27049318E00668D6
:107D00001A604906F1D536B2EFE70868196840C92C
:107D1000050602D4400600D5B6B21960534B0A27B7
:107D200004936F2A00D1023F2300002243331A70CC
:107D30006368A360002B06DB04212268039D8A434D
:107D4000226033430CD0039D30003900F0F774FA01
:107D5000049B013D5B5C2B70330006009F42F3D90E
:107D6000082F09D12368DB0706D5626823699A4288
:107D700002DC3023013D2B70039B5B1B2361079BBF
:107D8000210000930598069B09AAFFF7F7FE013032
:107D900048D1012040420BB0F0BD202209680A43BF
:107DA0002260782232490491210045310A70196815
:107DB000226840C9100602D4500600D5B6B2196038
:107DC000D30702D5202313432360002E01D01027B0
:107DD000AAE72022236893432360F8E71A680D6816
:107DE000101D4969186013682E0601D5196002E05C
:107DF0006D06FBD519800023039D2361BFE71A6838
:107E0000111D1960156800212800626800F01CF936
:107E1000002801D0401B6060636823610023039A3F
:107E20001370ACE72A00236906990598079DA847B7
:107E30000130AED023689B0715D4099BE0689842B7
:107E4000A9DA1800A7E72200012306990598079EE2
:107E50001932B04701309CD00135E368099A9B1A6A
:107E6000AB42F0DCE9E70025F7E7C046738D010877
:107E7000848D0108F8B506000D001400002804D018
:107E8000036A002B01D1FFF74BFAA369A360A38912
:107E90001B0702D52369002B09D12100300000F017
:107EA0002BF8002803D001256D422800F8BD236976
:107EB0002068EFB2C01A6369EDB2834205DC21008D
:107EC0003000FFF7A5FC0028EDD1A3680130013B8D
:107ED000A36023685A1C22601F706369834204D028
:107EE000A389DB07E1D50A2DDFD121003000FFF7A0
:107EF0008FFC0028D9D0D6E72D4B70B50500186847
:107F00000C00002804D0036A002B01D1FFF708FA07
:107F10000C22A35E1A0723D4DA0607D409222A60AA
:107F2000402201201343A38140423AE05B0713D56E
:107F3000616B002908D023004433994202D0280005
:107F4000FFF796FB002363632422A3899343A38155
:107F500000236360236923600823A2891343A3815C
:107F60002369002B0BD1A0218022A38989009200D4
:107F70000B40934203D02100280000F09BF80C2214
:107F8000A35E01211A000A400B420BD00022A2601E
:107F900062695242A26100202269824201D11A061E
:107FA000BED470BD990700D46269A260F3E7C046F1
:107FB0006402002070B504000D001F2904D91623A7
:107FC00003600120404270BDC36B002B04D08A00C7
:107FD0009B181A68002A08D1200000F031F82A0006
:107FE0000100200000F01AF8EDE7012A09D0511C29
:107FF00003D1162303600120E5E700212800196062
:1080000090470020DFE7000010B5034B010018681F
:10801000FFF7D0FF10BDC04664020020002370B5FA
:10802000064D0400080011002B60F8F7C3FE431C46
:1080300003D12B68002B00D0236070BD3C69002069
:1080400010B5F8F7B5FE10BDC9B28218904201D143
:108050000020704703788B42FBD00130F6E7000028
:1080600070B50E001D000E23C95E140096B00029E5
:108070000CDAB2898023110019401A4214D18023EE
:10808000DB0000202960236016B070BD6A4600F056
:1080900053F80028EDDBF02301991B021940044B33
:1080A000C9184B425941EAE700214023E9E7C0469D
:1080B00000E0FFFFF0B502268B8905000C0085B0BB
:1080C000334207D0230047332360236101236361D8
:1080D00005B0F0BD03AB02AAFFF7C2FF029F0190FB
:1080E00039002800FEF7FCFD002808D10C22A35E11
:1080F0009A05EDD4032293431E43A681E2E7802331
:10810000A28920601343A381039B20616761002B38
:108110000CD028000E23E15E00F020F8002805D0E6
:108120000323A2899A43023B1343A381A389019AA3
:108130001343A381CCE70000002370B5064D040073
:10814000080011002B60F8F760FE431C03D12B6878
:10815000002B00D0236070BD3C690020002370B567
:10816000064D040008002B60F8F754FE431C03D1B1
:108170002B68002B00D0236070BDC0463C690020F6
:10818000F8B504000D0000F081F906000F00200092
:10819000290000F089F800280DD0200029000F4A9E
:1081A0000F4BF0F763F9002808D0FFF7B3F922234B
:1081B00000260C4F036030003900F8BD2000290074
:1081C000094A0A4BF0F73EF90028F4D0FFF7A2F96C
:1081D0002223002600270360EDE7C046EF39FAFEB0
:1081E000422E86400000F07F51302DD5104987C0C7
:1081F000F8B504000D0000F0B1FA220006000F00EF
:108200002B0020002900F3F7F3F9002815D10022F4
:10821000002320002900F0F729F900280DD10022C1
:10822000002320002900F0F707F9002808D0FFF705
:1082300071F922230026074F036030003900F8BD92
:10824000FFF768F921230360034800F035F80600C2
:108250000F00F2E70000F0FF618D0108F8B504009F
:108260000D0000F02FF8220006000F002B00200068
:108270002900F3F7BDF9002813D1002200232000C4
:108280002900F0F7DFF800280BD0FFF743F921238E
:1082900000220360002310001900F1F77FFE0600A2
:1082A0000F0030003900F8BD024B48004008C018EC
:1082B000C00F704700001080002001497047C04681
:1082C0000000F87FF0B50A000D006B4904000300C0
:1082D000080087B02840884211D122002B002000DE
:1082E0002900F2F795FA02000B0020002900F1F7AF
:1082F0008FFA04000D002000290007B0F0BD002D0A
:1083000011DC690049082143F5D00020854210D0D6
:1083100022002B0020002900F2F760FD02000B0074
:10832000F1F73CFEE5E7281515D180240021640310
:1083300007E0DA0A15385B05002AFAD0F5E75200A3
:1083400001312242FBD04C1E001B20241D00641A68
:10835000E5408B402A434949120344188021120BFF
:1083600049031143C00703D4DA0F490051185B00D9
:1083700000256210490080240592DA0F5218162059
:1083800029005B00A4030E19964202DC3119921BEE
:108390002D19DE0F5200013892195B006408002885
:1083A000F1D120268027040004963F063E18B446EB
:1083B0008A4202DC14D19E4212D860466646C01939
:1083C0000091002E03DAC643F60F8E190096521A5A
:1083D000634589414942521A61465B1A0099E41982
:1083E000DE0F52009219049E5B00013E7F08049646
:1083F000002EDBD11A431FD0214E224F3068716806
:108400003A687B6800920193326873680292039322
:10841000009A019BF2F7E2FC02000B00029803991C
:10842000F0F71AF8002807D0306871683A687B685E
:10843000671C0CD1049C0135134A6B109B18059ADC
:10844000ED076408120525432800D11851E7F1F71C
:10845000DFF97768366802000B0030003900EFF76B
:10846000F1FF002804D0023463426341ED18E3E7D2
:10847000012301349C43DFE70000F07F01FCFFFF94
:10848000C88D0108C08D01080000E03FF0B54B0029
:108490000F00CC0F9149060089B05B088B422ED9A2
:1084A0008F498B4211D93B031B0B034306D00200BB
:1084B0003B0030003900F1F7ABF910E0002C00D0A0
:1084C00009E13000390009B0F0BD3900854A864B1A
:1084D000EFF7CCFF051E05D0002000F017FB0600CB
:1084E0000F00EEE730003900804A814BEFF7AAFF1A
:1084F000002800D17DE0280000F001FBEFE77D4A75
:10850000934200D89EE07C4A934272D87B4BE500B0
:108510005B191A685B683900F2F760FC784B0290CF
:1085200003915B191A685B68049205930123634009
:108530001B1B0193049A059B02980399F2F74EFCCA
:1085400006000F0032003B0030003900F2F760F9FE
:1085500004000D006B4A6C4BF2F75AF96B4A6C4BF6
:10856000F2F73CFC22002B00F2F752F9694A6A4B01
:10857000F1F74EF922002B00F2F74AF9674A684BEF
:10858000F2F72CFC22002B00F2F742F9654A664B09
:10859000F1F73EF922002B00F2F73AF902000B0046
:1085A00030003900F2F71AFC0B00020004000D0045
:1085B00030003900F2F72CF9019B06900791002B4F
:1085C00056D18023002220002900DB05F2F706FCAB
:1085D00002000B0006980799F1F7E0FC32003B001F
:1085E000F2F7FCFB02000B0000205049F2F7F6FB0B
:1085F00075E74F4BE4001C194E4A4F4B30003900D1
:10860000F2F706F922686368F1F702F9F3F712F856
:108610000190F3F74BF8494A494B04000D00F2F77B
:10862000F7F802000B0030003900F2F7D7FB454A9B
:1086300002900391444B20002900F2F7E9F80490DE
:10864000059177E7414A93420DD8414A414B3900A1
:10865000F1F7DEF80022354BEFF708FF002805D0D0
:108660000022324B25E7002301936BE7019069E775
:1086700080212B0022000020C905F2F7AFFB020089
:108680000B0006980799F1F789FC02000B0004988B
:108690000599F2F7A3FB029A039BF2F79FFB0200F6
:1086A0000B0000202149F2F799FB2B4B019A0D009A
:1086B0009A4203DB110506004F1902E7FA229200E5
:1086C0009446019B002263441B055918B8235B04A0
:1086D000F2F79EF803E700260027F2E6412E8640D7
:1086E000FFFFEF7FEF39FAFE422E864051302DD545
:1086F000104987C0422ED63FB1A2F03FE08D01085D
:10870000D08D0108D0A4BE726937663EF16BD2C528
:1087100041BDBB3E2CDE25AF6A56113F93BDBE1650
:108720006CC1663F3E5555555555C53F0000F03F5D
:10873000F08D0108FE822B654715F73F0000E0FE33
:10874000422EE63F763C7935EF39EA3DFFFFEF3DBB
:108750009C7500883CE4377E03FCFFFF8023F0B566
:108760005B030E008DB0994223DA4B005B08034394
:1087700007D1002200230020B449F1F70FFC0DB00F
:10878000F0BD002906DA02000B00F2F727FB0022F9
:108790000023F2E7AE4B0022F2F73AF836230E0040
:1087A0005B42AC4A964206DD02000B00F1F730F85E
:1087B000E5E70023F5E7A84C321512193603A74C5C
:1087C000D218330B02931B19802464032340A44C5A
:1087D000029D5C401B159B18254300220093290035
:1087E0009F4BF2F7FBFA029B060002331B030F00BC
:1087F00000221B0B022B64DC0023EFF71DFE002878
:1088000019D0009B002B00D11CE11800F2F74EFF9D
:10881000944A954B04000D00F1F7FAFF934A0600C5
:108820000F00934B20002900F1F7F2FF02000B002C
:1088300030003900BAE78F4A8F4B30003900F1F72A
:10884000E7FF02000B0000208C49F2F7C7FA320064
:1088500004000D003B0030003900F1F7D9FF0B0098
:10886000020029002000F1F7D3FF009B0290039142
:10887000002B06D102000B0030003900F2F7AEFAEF
:108880007DE70098F2F712FF764A774B04000D005F
:10889000F1F7BEFF754A00900191754B2000290049
:1088A000F1F7B6FF02000B0002980399F2F796FA6F
:1088B00032003B00F2F792FA02000B000098019997
:1088C000DCE78023DB05F0F7A3FF02000B0030009C
:1088D0003900F1F763FB049005910098F2F7E6FE8A
:1088E000049A059B0690079110001900F1F790FF7C
:1088F000634A029B9446634402000B930B0008906A
:108900000991F1F785FF04000D005E4A5E4BF1F717
:108910007FFF5E4A5E4BF0F77BFF22002B00F1F7F2
:1089200077FF5C4A5C4BF0F773FF22002B00F1F7F6
:108930006FFF5A4A5A4BF0F76BFF089A099BF1F701
:1089400067FF584A08900991574B20002900F1F71A
:108950005FFF564A564BF0F75BFF22002B00F1F702
:1089600057FF544A544BF0F753FF22002B00F1F706
:108970004FFF02000B0008980999F0F749FF029A8F
:108980004E4B04009B1A0B9A0D001343002B34DD51
:1089900000223A4B30003900F1F73AFF32003B0039
:1089A000F1F736FF02000B0002900391200029002E
:1089B000F0F72EFF049A059BF1F72AFF009B0400B5
:1089C0000D00002B06D102000B0002980399F2F76C
:1089D00005FA4FE7234A244B06980799F1F718FF49
:1089E000224A0090019106980799214BF1F710FF58
:1089F00022002B00F0F70CFF54E702000B003000C0
:108A00003900F2F7EBF9049A059BF1F701FF009B9F
:108A100004000D00002B02D102000B002CE7114ACC
:108A2000114B06980799F1F7F3FE104A0090019157
:108A3000069807990E4BF1F7EBFE02000B002000A1
:108A4000290033E70020002199E6C046000050C30A
:108A500000005043FFFFEF7F01FCFFFF645F090050
:108A60000000F03F0000E0FE422EE63F763C793504
:108A7000EF39EA3D555555555555D53F0000E03F76
:108A800086EBF9FF44523EDF12F1C23FDE03CB9684
:108A90006446C73F599322942449D23F9355555574
:108AA0005555E53F9FC678D0099AC33FAF788E1DD4
:108AB000C571CC3F04FA97999999D93F51B80600EE
:108AC00070B50D0016000400FEF724FD29000660B5
:108AD000200070BD37B514001D00002802D0802191
:108AE00009065B1800920193009A019B200029005F
:108AF000F1F78EFE2222FFF7E3FF03B030BD8023A3
:108B000010B500225B05FFF7E5FF10BDE02310B5AF
:108B10000022DB05FFF7DEFF10BD0000F8B5C04600
:108B2000F8BC08BC9E467047F8B5C046F8BC08BC07
:048B30009E467047A6
:108B3800A089B0E1E995B23FECC039234A7BC33F35
:108B48000A68226C787ACD3FB81E85EB51B8DE3FB3
:108B5800000000000000F03F0F9C33A2B437F93F3B
:108B68008A1F63EE5A420140A54E401361430640F6
:108B7800EF38454772790940000000003F80000047
:108B880000000000228D00084E8C0008388C000878
:108B9800B48C0008388C0008E88C0008388C000871
:108BA800B48C00084E8C00084E8C0008E88C000835
:108BB800B48C0008248C0008248C0008248C00083D
:108BC800F28C00084E8C00084E8C0008388C000887
:108BD8008E8D0008388C0008E88C0008388C000856
:108BE8008E8D00084E8C00084E8C0008E88C00081A
:108BF8008E8D0008248C0008248C0008248C000822
:108C0800D0A100088EA000086CA0000858A0000899
:108C18006CA0000872A100086CA0000858A0000809
:108C28008EA000088EA0000872A1000858A00008B5
:108C380050A0000850A0000850A0000894A1000807
:108C4800000000000000000000000000000000001C
:108C58000100000002000000030000000400000002
:108C680000000000000000000000000000000000FC
:108C780000000000000000000000000000000000EC
:108C880001000000020000000300000004000000D2
:108C980006000000070000000800000009000000AE
:108CA80053544D5F31302E31302E313743520052FC
:108CB80045454E54206D616C6C6F6320737563631A
:108CC8006565646564002F6275696C642F676E75ED
:108CD8002D746F6F6C732D666F722D73746D3332D4
:108CE8005F31332E332E72656C312E323032343090
:108CF8003932362D313731352F7372632F6E6577E0
:108D08006C69622F6E65776C69622F6C6962632F7C
:108D18007374646C69622F72616E642E63002C2018
:108D280066756E6374696F6E3A200061737365725D
:108D380074696F6E2022257322206661696C6564F0
:108D48003A2066696C6520222573222C206C696E96
:108D580065202564257325730A00232D302B2000F8
:108D6800686C4C00656667454647003031323334DD
:108D7800353637383941424344454600303132337D
:108D8800343536373839616263646566000001003E
:108D980002000400060008000A000C001000200071
:108DA80040008000000108040204080101010101DB
:108DB800010307010000000059F3F8C21F6EA50166
:108DC800000000000000F03F763C7935EF39EA3DBD
:108DD800763C7935EF39EABD0000E0FE422EE63FE9
:108DE8000000E0FE422EE6BF000000000000E03F69
:088DF800000000000000E0BFD4
:088E000010F8FE7F01000000E4
:048E0800E5800008F9
:048E0C00BD8000081D
:108E10000000000000002E400000000000002E4076
:108E20000E2DB29DEFFF58400000000000002E40C4
:108E30000000000000002E4021000000090000009A
:108E40000100000000040050200000000004005059
:108E5000100000000008005000100000000000504A
:108E6000000800000004005008000000000C005042
:108E7000040000000008005000200000000800501E
:108E80000008000000080050000200000008005028
:108E90000004000000080050000100000004005021
:108EA00004000000000C0050010000000000005011
:108EB000040000000000005008000000000C0050FA
:108EC00000010000000C005000020000000C0050E7
:108ED00040000000000C0050200000000004005082
:108EE000008000000004005000400000000400501A
:108EF000002000000004005000100000000400509A
:108F000000080000000400500004000000040050AD
:108F100000020000000400500001000000080050A2
:108F200080000000000800504000000000080050D1
:108F30002000000000080050100000000008005051
:108F40000800000000080050040000000008005065
:108F500002000000000800500100000001010000B4
:108F60000024F400000000000F00000008000000D2
:108F70000000000000003E400000000000406F4084
:108F800000000000000000400000000000C092400F
:108F90000000000000008940010000000001000006
:108FA00001000000000000000000000000000000C0
:108FB0000F000000070000000000000000004E400D
:108FC0000000000000005440000000000000F03FDE
:108FD0000000000000F891400000000000E0854023
:108FE000010000000001000001000000000000007E
:108FF000000000000000000001010100020000006C
:10900000010100000000000000000000000000005E
:109010000000000000C092400000000000488C40AA
:109020000900000009000000010000000F0000001E
:1090300000000000003071400000000000D08640B9
:1090400000000000000059400000000000005940EE
:109050000000000000D08640010000000100000078
:10906000010B0100040000000000000003000000EC
:109070000068002068020020000000000068002056
:1090800068680020D0680020000000000000000098
:1090900000000000000000000000000000000000D0
:1090A00000000000000000000000000000000000C0
:1090B00000000000000000000000000000000000B0
:0490C00000000000AC
:040000050801494560
:00000001FF
