:020000040800F2
:10800000009000205D4A0108F1080108F30801080A
:108010000000000000000000000000000000000060
:10802000000000000000000000000000F50801084A
:108030000000000000000000F7080108F90801082E
:10804000AD4A0108AD4A0108AD4A0108AD4A010830
:10805000AD4A0108AD4A0108AD4A0108AD4A010820
:10806000AD4A010801090108AD4A0108AD4A0108FD
:10807000AD4A0108AD4A0108AD4A0108AD4A010800
:10808000AD4A010811090108210901083109010857
:10809000AD4A01084109010851090108AD4A01082A
:1080A000AD4A0108AD4A0108AD4A0108610901085D
:0C80B000AD4A0108AD4A0108AD4A0108C4
:1080BC0010B5064C2378002B07D1054B002B02D0B2
:1080CC00044800E000BF0123237010BDA80200206B
:1080DC0000000000348C0108044B10B5002B03D0B9
:1080EC000349044800E000BF10BDC046000000007A
:1080FC00AC020020348C010802B4714649084900D6
:10810C00095C49008E4402BC7047C04603B47146FA
:10811C00490840004900095E49008E4403BC704781
:10812C00002243088B4274D303098B425FD3030AAA
:10813C008B4244D3030B8B4228D3030C8B420DD3BD
:10814C00FF22090212BA030C8B4202D3121209024B
:10815C0065D0030B8B4219D300E0090AC30B8B4289
:10816C0001D3CB03C01A5241830B8B4201D38B0337
:10817C00C01A5241430B8B4201D34B03C01A5241DC
:10818C00030B8B4201D30B03C01A5241C30A8B421F
:10819C0001D3CB02C01A5241830A8B4201D38B020A
:1081AC00C01A5241430A8B4201D34B02C01A5241AE
:1081BC00030A8B4201D30B02C01A5241CDD2C30920
:1081CC008B4201D3CB01C01A524183098B4201D39C
:1081DC008B01C01A524143098B4201D34B01C01A87
:1081EC00524103098B4201D30B01C01A5241C308FF
:1081FC008B4201D3CB00C01A524183088B4201D36E
:10820C008B00C01A524143088B4201D34B00C01A59
:10821C005241411A00D20146524110467047FFE7C5
:10822C0001B5002000F0F0F802BDC0460029F7D0DF
:10823C0076E7704703460B437FD4002243088B42FA
:10824C0074D303098B425FD3030A8B4244D3030BD1
:10825C008B4228D3030C8B420DD3FF22090212BA96
:10826C00030C8B4202D31212090265D0030B8B4212
:10827C0019D300E0090AC30B8B4201D3CB03C01AFC
:10828C005241830B8B4201D38B03C01A5241430BD7
:10829C008B4201D34B03C01A5241030B8B4201D3C7
:1082AC000B03C01A5241C30A8B4201D3CB02C01A32
:1082BC005241830A8B4201D38B02C01A5241430AAA
:1082CC008B4201D34B02C01A5241030A8B4201D399
:1082DC000B02C01A5241CDD2C3098B4201D3CB0140
:1082EC00C01A524183098B4201D38B01C01A5241EF
:1082FC0043098B4201D34B01C01A524103098B42F3
:10830C0001D30B01C01A5241C3088B4201D3CB00DD
:10831C00C01A524183088B4201D38B00C01A5241C0
:10832C0043088B4201D34B00C01A5241411A00D270
:10833C0001465241104670475DE0CA0F00D04942D9
:10834C00031000D34042534000229C4603098B4249
:10835C002DD3030A8B4212D3FC22890112BA030AD1
:10836C008B420CD3890192118B4208D38901921153
:10837C008B4204D389013AD0921100E08909C309D8
:10838C008B4201D3CB01C01A524183098B4201D3DA
:10839C008B01C01A524143098B4201D34B01C01AC5
:1083AC00524103098B4201D30B01C01A5241C3083D
:1083BC008B4201D3CB00C01A524183088B4201D3AC
:1083CC008B00C01A5241D9D243088B4201D34B00C7
:1083DC00C01A5241411A00D20146634652415B1009
:1083EC00104601D34042002B00D5494270476346EA
:1083FC005B1000D3404201B5002000F005F802BD2F
:10840C000029F8D016E770477047C0468446100024
:10841C0062468C461900634600E0C0461FB502F068
:10842C0083F9002801D40021C8421FBD10B502F009
:10843C00C7F84042013010BD10B502F075F90028A4
:10844C0001DB002010BD012010BDC04610B502F0AC
:10845C006BF9002801DD002010BD012010BDC046C5
:10846C0010B502F0F1F8002801DC002010BD01204D
:10847C0010BDC04610B502F0E7F8002801DA002064
:10848C0010BD012010BDC046844608006146FFE7C0
:10849C001FB500F0FBFC002801D40021C8421FBD11
:1084AC0010B500F083FC4042013010BD10B500F057
:1084BC00EDFC002801DB002010BD012010BDC046E2
:1084CC0010B500F0E3FC002801DD002010BD0120F8
:1084DC0010BDC04610B500F091FC002801DC002056
:1084EC0010BD012010BDC04610B500F087FC00285F
:1084FC0001DA002010BD012010BDC046002B11D1A7
:10850C00002A0FD1002900D1002802D00021C94334
:10851C00080007B4024802A14018029003BDC046EF
:10852C00E9FEFFFF03B4684601B5029800F06AF853
:10853C00019B9E4602B00CBC7047C046F0B5CE46BF
:10854C009946030C9C46130447461B0C1D000E0059
:10855C0061460404240C80B50700100C4B436543A2
:10856C00414360432C0CC01824188C46A34203D9F9
:10857C0080235B029846C444494679435643230CF6
:10858C002D042D0C8919634424046019C918C0BC2E
:10859C00B946B046F0BDC0469E2110B5C905041CB5
:1085AC00FFF7A2FF002803D1201C01F075F810BDC5
:1085BC009E21201CC90500F00BFE01F06DF88023F4
:1085CC001B069C466044F2E770B500220C4B04007D
:1085DC000D00FFF74FFF002804D12000290003F005
:1085EC0023F870BD064B00222000290002F0F0FB9E
:1085FC0003F01AF880231B069C466044F1E7C04642
:10860C000000E041F0B557464E464546DE46E0B523
:10861C0004000D009246994683B08B4230D82DD081
:10862C004946504603F076F929000600200003F075
:10863C0071F9331A9846203B34D49B4653465A461C
:10864C00934042461F00534693401E00AF423BD816
:10865C00AF4200D179E05B46A41BBD41002B00DA90
:10866C0076E0002200230092019301235A469340A6
:10867C000193012342469340009329E08242CFD9D3
:10868C0000220023009201930C9B002B01D01C6054
:10869C005D600098019903B0F0BCBB46B246A94698
:1086AC00A046F0BD42469B4620239B1A5246DA4018
:1086BC00414613004A468A40170042461F43534620
:1086CC0093401E00AF42C3D90022002300920193B5
:1086DC004346002BD8D0FB0772081A4346467B084A
:1086EC000EE0AB4201D1A2420CD8A41A9D4101204C
:1086FC0024196D410021013E24184D41002E06D055
:10870C00AB42EED9013E24196D41002EF8D10098F0
:10871C0001995B4600196941002B24DB2B005A465A
:10872C004446D3402A00E2401C005B461500002B57
:10873C002ADB26009E40330026004746BE4032000E
:10874C00801A9941009001919EE7A342BCD882E720
:10875C004246202300219B1A002200910192012203
:10876C00DA40019285E7424620239B1A2A004646AE
:10877C009A402300F340444613432A00E2401C0075
:10878C005B461500002BD4DA42462F00202326002E
:10879C0097409B1ADE403B003343CDE7F8B54B02C4
:1087AC005A0A94464A00C90FCE46474689464500A8
:1087BC0046022D0E120E80B59909770AC40FB60920
:1087CC00AB1A4C4520D0002B0CDD002A34D10029EB
:1087DC002AD05A1E012B00D18FE0FF2B00D1CDE007
:1087EC0013002FE0002B60D0531B002D00D0EEE0C7
:1087FC00002E00D13EE15C1E012B00D16BE1FF2B62
:10880C0000D1B9E02300E7E0002B00DCA4E0002A53
:10881C0069D0FF2D00D1B1E08022D20411431B2B73
:10882C0000DCE9E02B000536F708FF2B00D1A5E0B2
:10883C007A02520AD8B230E0FF2D00D19EE080229D
:10884C00D204114301201B2B08DC08002022D84045
:10885C00D31A99400B005A1E93411843361A7301D0
:10886C0000D471E0B601B709380003F035F83B00CD
:10887C000538834085424DDDB44E2D1A1E405A07F3
:10888C0068D00F221340042B64D00436730161D5D9
:10889C00681CFE2D54D1FF200022C0051043E407B4
:1088AC002043C0BCB946B046F8BDFE229046681CB9
:1088BC000200404610426BD1002D00D0DDE0002EAE
:1088CC0000D102E10029B3D08022771AD2041742DA
:1088DC0000D136E14C468E1B61D00120164230D1BE
:1088EC000023F708A4E700299ED05A1E012B00D1C3
:1088FC00CAE0FF2B42D0130091E7711A4B0100D450
:10890C00D1E08F01BF09380002F0E6FF3B000538CB
:10891C00834001252022401B0130121A1E00934077
:10892C00C6405A1E93411E4339D0730700D11BE138
:10893C000F2300253340042BA7D1012072017CD5D5
:10894C00C0B2B201520AA8E7730703D00F23334019
:10895C00042B9AD12B0067E7002B23D0531B002D3F
:10896C007BD1002E00D186E05D1E012B00D18BE067
:10897C00FF2B02D02B0075E04C466746002F00D130
:10898C0089E78022D2033A435202FF20520A84E73D
:10899C00771A7B016BD4002F00D065E700240020F0
:1089AC0000227AE7FE226B1C1A4249D1002D00D01E
:1089BC009FE0002E00D1BAE0002900D1CFE0721860
:1089CC00530100D4CDE092010120520A65E7FF2A41
:1089DC00D2D08020C004064301201B2B08DC3000C1
:1089EC002024D840E31A9E4033005C1EA341184358
:1089FC004C4615000E1A32E708002022D840D31A34
:108A0C0099400B005A1E93410343F61873019BD5F2
:108A1C000135FF2D00D13EE701234D49720833404B
:108A2C000A401A431600530704D00F231340042B9B
:108A3C0000D02AE7730100D52AE72B00F708F7E6E8
:108A4C00FF2B00D127E7711849084A072FD00F22B6
:108A5C000A40042A2BD00E1DE6E6FF2A8DD080207A
:108A6C00C00406431B2B24DD13004E1DDCE64C46D4
:108A7C008F1BF9E64C460E00D6E6002E49D1002994
:108A8C0068D067464C467CE77018430174D5304972
:108A9C0040080140430709D00F230340042B05D0A5
:108AAC0002230E1DC0E60123CF08C1E60223CF0826
:108ABC00BEE620253000D840EB1A9E4033005D1EE8
:108ACC00AB41034315005E18A0E7002900D165E710
:108ADC004C466746ACE68F1B7B012ED5BF01BF0908
:108AEC00380002F0F9FE3B00053883404C46013556
:108AFC0010E7002E00D140E7002900D141E7802388
:108B0C00DB039F4200D23CE79C4500D339E7674624
:108B1C0037E7002900D134E78023DB039F4200D2E2
:108B2C002FE79C4500D32CE74C46674629E70029E4
:108B3C0000D134E70023CF087AE64C460123FF0826
:108B4C0076E6002F00D129E7FF0871E6FFFFFFFB57
:108B5C00FFFFFF7D80220024FF20D2039DE600232F
:108B6C0066E60023D70863E60120720100D5E7E62C
:108B7C0031000023CF085BE60123C70858E6C04646
:108B8C00F0B546464F46D6464502C0B5C30F470022
:108B9C0098460E1C6D0A3F0E5BD0FF2F21D0802310
:108BAC00ED00DB041D43002399469A467F3F740277
:108BBC007300640A1B0EF60F002B20D0FF2B43D042
:108BCC0080220020E400D20414437F3B4246FF1A6B
:108BDC004B4672400F2B00D99DE071499B00CB583E
:108BEC009F46002D5AD108239946063B74029A469B
:108BFC007300FF27640A1B0EF60F002BDED1002C2E
:108C0C003BD1012342464946724019430E2918D8DC
:108C1C006448890041588F465346022B00D1B8E076
:108C2C00032B6ED042462C00012B40D10020002497
:108C3C00C0052043D2071043E0BCBA46B146A84653
:108C4C00F0BDFF200024F3E7002C20D10223FF3FCE
:108C5C00D8E7002D05D104239946033B00279A46FB
:108C6C00A5E7280002F038FE7627431F9D4000231D
:108C7C007F4299469A463F1A99E7200002F02CFE53
:108C8C00431F9C4076235B421B1A00209EE7032364
:108C9C004A461A4391460320FC3397E70C23994626
:108CAC00093BFF279A4682E703282CD03200380074
:108CBC007F30002847DD630704D00F232340042BAB
:108CCC0000D00434230103D53800374B80301C40CE
:108CDC00FE28B6DCA401640AC0B2A9E780240022F5
:108CEC00FF20E403A4E78023DB031D4201D01C42D8
:108CFC000BD08024E4032C4364024246FF20640A18
:108D0C0096E746462C008023DB031C4364023200AA
:108D1C00FF20640A8CE76D01600185422DD21B2374
:108D2C000024013F0126290064006D00002901DBAD
:108D3C00854201D32D1A3443013B002BF3D16B1E1A
:108D4C009D412C43B3E701231B1A1B2B00DD6DE760
:108D5C0021009E37D940BC400B00611E8C4123433F
:108D6C00590704D00F211940042900D004335901AC
:108D7C0013D49B0100205C0A5AE71A2301242D1AF4
:108D8C00D0E7981E43425841404232000024C0B202
:108D9C004EE74246FF2000244AE70120002447E723
:108DAC00A48C0108E48C0108FFFFFFF770B54200AA
:108DBC004E024C0045026D0A120EC30F760A240EA9
:108DCC00C90FFF2A10D0FF2C0CD00120A2420AD1CF
:108DDC00B54208D18B420FD0002A04D12800431E83
:108DEC00984100E0012070BD0120FF2CFBD13543E0
:108DFC00F9D14B401800F6E70020F4E730B54200FB
:108E0C0044024D02C30F4800640A120E6D0A000E94
:108E1C00C90FFF2A18D0FF280AD0002A1ED100281B
:108E2C000AD1002D29D0002C2DD14800013830BD9D
:108E3C00002D25D1002A01D1002CF6D08B4219D05F
:108E4C0001205B421843F2E7002C19D1FF28F7D11F
:108E5C00002D15D100208B42F2D1E8E70028EFD08D
:108E6C008B42EDD18242EBDC04DBAC42E8D8002033
:108E7C00AC42DCD258000138D9E7002CD7D0DFE760
:108E8C0002204042D3E78B42DAD1EEE730B5420004
:108E9C0044024D02C30F4800640A120E6D0A000E04
:108EAC00C90FFF2A17D0FF280AD0002A1BD100288F
:108EBC000AD1002D1DD0002C2DD14800013811E015
:108ECC00002D0ED1002A01D1002CF6D08B420CD1F2
:108EDC005800013806E0002C03D1FF2805D1002DE5
:108EEC0015D0022030BD002806D101205B4218436A
:108EFC00F8E7002CF6D0F8E78B42F6D18242F4DC8E
:108F0C00E6DBAC42F1D80020AC42EBD2E0E700202B
:108F1C008B42EAD1E6E78B42E7D1F2E7F0B54F4658
:108F2C004646D6464400C0B546020F1C760A240EAF
:108F3C00C50F002C00D1DAE0FF2C74D08023F60092
:108F4C00DB041E43002399469A467F3C7B025B0A56
:108F5C0098467B001B0EFF0F002B74D0FF2B00D10B
:108F6C008EE042468021D200C90411437F3B2A0087
:108F7C00E4184B467A408846D2B20A2B75DC4B4635
:108F8C000020022B0FDD494601238B40A621C9008E
:108F9C000B4269D1902189000B4200D000E188215D
:108FAC00194200D0F5E041460904090C434608007B
:108FBC00350C36041B0C360C704369435E435D4321
:108FCC007618030C9B19994203D9802149028C46CF
:108FDC00654400041904000C09188E01701E8641AA
:108FEC001B0C890E5B190E439B011E431B016CD499
:108FFC0023007F33002B00DCB1E0150071070BD090
:10900C000F2021003040042806D00436320103D54D
:10901C006E4B1E400B008033FE2B00DDBDE0B20119
:10902C00520ADBB248E0002E00D092E008239946A9
:10903C00063B9A467B025B0A98467B00FF241B0E7C
:10904C00FF0F002B8AD14246002A64D149460132D7
:10905C00114389460A2908DC7D400120EAB2022925
:10906C0091DC1500002227E015005346022B00D19D
:10907C0093E0032B1AD0012B2CD1002300221BE0F0
:10908C004346FF34002B55D003214B460B431900AC
:10909C000A2B00DC92E00F2B00D08CE08022D20354
:1090AC00164203D04346134200D17DE08022D20306
:1090BC0032435202520AFF23D805ED0710432843CE
:1090CC00E0BCBA46B146A846F0BD012315007108B4
:1090DC001E400E4323008033611C002B41DD7207C0
:1090EC0094D00F223240042A00D08EE78EE7002E57
:1090FC0005D104239946033B00249A4626E7300009
:10910C0002F0EAFB7624431F9E40002364429946FA
:10911C009A46241A1AE7404602F0DEFB4B46241A04
:10912C00763C0A2BA1DC4346053883407D409846AB
:10913C00EAB224E74A46023313432A007A40D2B2F9
:10914C000A2B92DC49461500002926D099460220AC
:10915C0019E70C239946093BFF249A46F6E61500BD
:10916C0021000122D31A1B2B00DD86E79E31320031
:10917C008E40DA40731E9E413243530704D00F23B6
:10918C001340042B00D00432530110D501230022CC
:10919C0092E73D004646824667E7FF2300228BE7B5
:1091AC0080220025D20386E73D001A4383E7920113
:1091BC000023520A80E73D00464677E72A00012348
:1091CC007A408B400320D2B2E9E6C046FFFFFFF79E
:1091DC00F8B54746CE46430280B55F0A9B09450069
:1091EC004A009C464B02C40FCE0F2D0E580A120E8D
:1091FC009909FF2A6BD001235E40AB1AB4424BD0C5
:10920C00002B00DCFFE0002A00D188E0FF2D00D10C
:10921C00EFE08022D204114301201B2B08DC080054
:10922C002022D840D31A99400B005A1E9341184360
:10923C0063461B1A9C4663465B0100D4CDE0634633
:10924C009F01BF09380002F047FB3B000538834003
:10925C00854200DCA2E0B74A2D1A1A4094465A0700
:10926C0000D1C3E00F221340042B00D1BEE0042335
:10927C009846C44463465B0100D4B7E0681CFE2DDD
:10928C0000D0A5E0FF200022C0051043E4072043D6
:10929C00C0BCB946B046F8BD002B00DCEBE1002A9F
:1092AC0046D0FF2D00D1A4E08022D20411431B2B09
:1092BC0000DCFBE0052398462B00C4446246D7082B
:1092CC00FF2B00D195E07A02520AD8B2DCE72B00D2
:1092DC00FF3B9946002918D101235E40B44200D1CE
:1092EC00CAE04B46002B2DD0002D00D03CE1FF23D3
:1092FC006446002C00D15FE15D1E012B00D174E1AE
:10930C003400FF2B74D02B0003E1B44200D19CE05D
:10931C00002B17D0002DEAD0070034006CE0002998
:10932C00CCD05A1E012B2BD0FF2B62D0130073E72D
:10933C000029C3D05A1E012B00D11EE1FF2B58D09F
:10934C001300B4E7FE226B1C1A420DD1002D60D025
:10935C006346002B00D020E1002900D028E18022B8
:10936C000024FF20D2038FE763465F1A7B0100D5F0
:10937C00FEE0002F00D065E700240020002283E7E8
:10938C006346591A4B0100D419E18F01BF0938000B
:10939C0002F0A2FA3B000538834001252022401B35
:1093AC000130121A19009340C1405A1E93411943BF
:1093BC008C460B1EE1D05B0700D152E10F23002538
:1093CC000B40042B00D052E701204A0100D492E05C
:1093DC00C0B263469A01520A56E763465B0705D052
:1093EC000F2362461340042B00D040E72B0065E7A7
:1093FC000700002F00D145E78022D2033A435202E6
:10940C00FF20520A40E7002B79D1FE226B1C1A4236
:10941C00AAD16346002B00D1F5E0002900D1D1E0A0
:10942C005F1A8023DB041F4200D10EE16246012447
:10943C008A1A944600203440002A00D124E70120E7
:10944C001A42C6D10023D7083DE7002B17D0002DB8
:10945C0000D0AFE0FF236546002D00D1ADE05E1ECD
:10946C00012B00D189E0FF2BC2D01B2E00DCABE01E
:10947C004B1D9C46130021E74B46002B70D1FE225E
:10948C006B1C1A425ED1002D00D0C3E06346002B4A
:10949C0000D1D0E0002900D194E00A0062445301CD
:1094AC0000D4D8E092010120520AEDE608002022F7
:1094BC00D840D31A99400B005A1E934103439C4445
:1094CC0063465B0189D50135FF2D00D1DAE6624692
:1094DC0001231949134052080A401A4313009446B9
:1094EC005B0704D00F231340042B00D0BFE6634668
:1094FC005B0100D5C2E66346DF082B00E3E6531B95
:10950C00002D00D1F4E680206446C0040443A44638
:10951C00340001201B2B09DC20256046D840EB1AB7
:10952C0065469D402B005D1EAB4118430B1A9C46B3
:10953C00150080E6FFFFFFFBFFFFFF7DFE226B1C8B
:10954C001342A3D0FF2B00D19CE6614449084A0783
:10955C0049D00F220A40042A45D00A1D9446ADE694
:10956C00002D00D176E78DE63400FF2000228BE63B
:10957C0063460124CF1A344064E661444B016DD537
:10958C0048084449014043072CD00F230340042BC7
:10959C0028D00B1D9C46022390E6002900D12BE716
:1095AC008023DB039F4200D226E7984200D323E7B7
:1095BC000124344007001FE734008C467EE601236B
:1095CC00CF0880E600237EE620206546801B854080
:1095DC0063462800F340451EA84103439C461500F2
:1095EC008C446DE70223CF086DE60F1B7B0128D559
:1095FC00BF01BF09380002F06FF93B00053883400A
:10960C0034000125CAE6002900D1B5E60124070083
:10961C00344058E66346002B00D1E9E6002900D11E
:10962C00EAE68023DB039F4200D2E5E6984200D3B2
:10963C00E2E60700E0E6002900D19EE60023CF0811
:10964C0041E634000123FF083DE6002F00D193E6EC
:10965C000023FF0837E60023D70834E60123CF08A0
:10966C0031E680220B00D20401201340114200D0BD
:10967C00AEE6CF0827E6002B00D15FE7561B002D86
:10968C0001D13300E7E680236046DB0418438446AF
:10969C00EBE6C046FFFFFF7D41024200C30F490AC3
:1096AC000020120E7E2A03DD9D2A02DD094A98183D
:1096BC007047802000040143952A07DC9620821A0B
:1096CC00D1404842002BF3D10800F1E7963A914083
:1096DC00F7E7C046FFFFFF7F70B5002812D0C31715
:1096EC00C5185D40C40F280002F0F6F89E231B1A23
:1096FC00962B0FDC082838D0083885406D026D0A8F
:10970C00D8B202E0002400200025C0052843E4075D
:10971C00204370BD992B14DC421F95402A0015493B
:10972C00114055071CD00F252A40042A18D00431AB
:10973C00CA08490115D59F235202181A550AC0B2FE
:10974C00E3E705222900121AD14002001B32954092
:10975C002A00551EAA410A43064911405507E2D179
:10976C00CA085202550AD8B2CFE76D026D0A8E3084
:10977C00CBE7C046FFFFFFFB10B5041E0DD002F077
:10978C00ABF89E231B1A962B0CDC082834D0083817
:10979C0084406402640AD8B201E000200024C005B1
:1097AC00204310BD992B13DC421F9440144A2240D5
:1097BC0061071CD00F212140042918D00432D40891
:1097CC00520115D59F236402181A640AC0B2E6E749
:1097DC00020021001B3291400A00511E8A410521D2
:1097EC00091ACC401443064A22406107E2D1D4083E
:1097FC006402640AD8B2D2E76402640A8E30CEE7FF
:10980C00FFFFFFFBF0B54F464646D646C0B582B0CB
:10981C00009001910E034C00CD0F710A009E5F0069
:10982C00760F0E43009900920193C90089461903E3
:10983C007B0D9846019B490ADB0F9C46009B009AC6
:10984C005B0F0B434146640DD200611A654500D194
:10985C00A6E0002972DD4746002F00D1DDE0CC4F99
:10986C00BC4200D19AE10127382917DC80273F043C
:10987C003B431F2900DDDDE12027781A1F008740BC
:10988C00BA461700CF408446380057460743604617
:10989C008240CB40501E8241F61A17434B46DF1BC9
:1098AC00B94580414042361A330200D4FFE07602BB
:1098BC00760A002E00D13CE1300002F00DF80300D6
:1098CC00083B20213800CA1AD0409E4002009F401D
:1098DC0032439C4200DDA6E1181B0130091A3E0000
:1098EC008F40C6407B1E9F4113008B4037431F4364
:1098FC00C2403B0016000024134300D1DFE17B077C
:10990C0000D132E30F233A003B40042B04D03A1D24
:10991C00BA42BF417F42F619330200D423E39C4B79
:10992C0001349C4200D1B4E09A4B64051E40640D96
:10993C007707D20876021743360BACE0002900D12A
:10994C007EE04146091B002C00D060E13400484603
:10995C00044300D1C9E14C1E012900D12EE28C4DEB
:10996C00A94200D124E20127382C11DC21001F2947
:10997C0000DD0BE2202437004846641AA740C8409B
:10998C0007434846A040CE40441EA0419B1B0743C2
:10999C00D71BBA4292415242654644469E1A83E70F
:1099AC00002900DC9CE04746002F67D11F001743BD
:1099BC0000D1E4E0481E012900D19BE1744FB9426B
:1099CC0000D1EBE001270100382811DC1F2900DD54
:1099DC00C7E12027781A1F00844687401000C84032
:1099EC00074360468240CB40501E8241F618174315
:1099FC004F444F45804140423618330257D5644B93
:109A0C0001349C4245D00121624B7A081E403940FA
:109A1C000A43F7071743760871E71F00174300D175
:109A2C00ADE04F1EBC46012900D182E1584FB9422E
:109A3C0000D190E161460127382900DD2EE718E7B7
:109A4C00554F611C394200D0D0E0310048461F0010
:109A5C0001431743002C00D03DE1002900D1BCE1AB
:109A6C00002F00D0BFE14B460021D80877070743F1
:109A7C00F00806034C05360B640D0CE0444FBC4259
:109A8C0000D18BE001273829B2DC80273F043B430F
:109A9C009CE70026002724053443ED072C433800AF
:109AAC00210002B0E0BCBA46B146A846F0BD7B0727
:109ABC0004D00F233B40042B00D028E7F808344B8C
:109ACC0077070743F0089C4200D04AE23B0003436F
:109ADC0059D080263603064336032D4C360BDAE775
:109AEC00002961D04146091B002C00D1B9E0284C5B
:109AFC00A04500D1A5E10127382913DC80242404DA
:109B0C0026431F2900DDC8E1202437004846641A8B
:109B1C00A740C84007434846A040CE40441EA04141
:109B2C009B190743BF189742924152424446D6189C
:109B3C0063E7380001F0D0FE030018331F2B00DC64
:109B4C00BFE63A00083882409C4200DD83E01B1BD4
:109B5C00581C1F2800DCB4E117001F3BDF402028F5
:109B6C0005D040231B1A9A40531E9A4117430024D8
:109B7C00002F0AD07B0700D0C4E626009EE74B4698
:109B8C000C00D8089BE70027014C002683E7C04651
:109B9C00FF070000FFFF7FFFFE0700004B46770723
:109BAC00D8080743F00891E7CD4F611C39426BD1BF
:109BBC00310048460143002C00D04BE11F001743F5
:109BCC00002900D181E1002F00D14CE74A444A45DD
:109BDC008041F61840423618330200D5B0E1170028
:109BEC009146374300D03EE7002654E74946891A90
:109BFC008846C145BF41F11A7F42C91B0F0261D48F
:109C0C0047460F4300D1BDE00E00474651E6B54C28
:109C1C00A04500D100E10127382900DDB8E68024F9
:109C2C0024042643A3E6B04EE41A16407B0700D06A
:109C3C003FE743E70F001800203FF84084462029F7
:109C4C0003D04027791A8B401A43531E9A4163461E
:109C5C0017001F4322E6A448E11A10404707C0082A
:109C6C0007E734004846044300D1FAE04C1E0129B2
:109C7C0000D1D7E09B4FB94200D1E2E00127382C4C
:109C8C0000DD4FE721003CE7964CA14200D1DDE01E
:109C9C004A444A458041F31840421818C7075208F5
:109CAC0017434608520705D00F220C003A40042AED
:109CBC0000D02CE67607FF0837430009D9E60027C9
:109CCC000026E8E64946571ABA4292419E1B524278
:109CDC006546B61AEDE5002900D0C6E0002F67D125
:109CEC00802600257F4C3603D5E665460C001E0009
:109CFC00D008E4E64A444A458041F318404218181B
:109D0C001100030200D496E0774B49081840C307B2
:109D1C000B434408490700D129E10F221A40042AB9
:109D2C0000D1EAE01F1D9F42B6417642361902244B
:109D3C00C4E649468F1AB9458041F61A4042361A94
:109D4C00330206D47307FF0801211F43F00890E685
:109D5C0065460124ABE54B467707D8080743F00866
:109D6C00B4E60F001800203FF8408446202903D0A9
:109D7C004027791A8B401A43531E9A4163461700A9
:109D8C001F4335E600250024002684E60C00350030
:109D9C00203CE540202905D04024611A8E404946DC
:109DAC00314389464846411E884107002F43EFE561
:109DBC00D2085F0765461743D80887E6171ABA42D8
:109DCC0092419E1B5242B61A3302C1D47307FF084C
:109DDC00654601211F43F0084BE6002F7BD06546FA
:109DEC001E0091463FE6811A8846C145A441F11AEE
:109DFC006442091B80242404214277D0101A824229
:109E0C00924107009E1B5242B61A374300D0A0E085
:109E1C006546002400263EE65F07D20865461743D8
:109E2C00D80853E6811891429241F018524280189A
:109E3C00030200D568E74707C9080F43C008012192
:109E4C0017E6D2085F071743D8083FE60C00002638
:109E5C00002720E6002956D15F07D2081743D808FF
:109E6C0034E60C001E00D00829E6C1087007014337
:109E7C00F008002F62D080242403204207D0DE0893
:109E8C00264204D165463000D1085B0719434F0FB9
:109E9C00C900C9087F070F4318E60C003000203CAE
:109EAC00E0408446202905D04024611A8E40494662
:109EBC00314389464846411E8841614607000F439D
:109ECC0030E620210027091A0EE51E00002F00D0D5
:109EDC0022E5002458E7002500240026DBE5C046D7
:109EEC00FE070000FF070000FFFF7FFF47460F4300
:109EFC0000D147E70E00C146B5E5DF086407022133
:109F0C0027430009B5E51900C0087707074311433B
:109F1C00F008002900D1D9E580210903084207D0B7
:109F2C00DC080C4204D1D2085B071A43170020004E
:109F3C007B0FFF00FF085B071F43C7E50F00C5E55C
:109F4C00124BD20833405F075B02012417431E0BF0
:109F5C00A1E5264212D00D4B6546020001241E409D
:109F6C00E6E4210085E51700A8E53A00D4E4DB0817
:109F7C0064071C432700022100097AE5C008770713
:109F8C00074365460021F00873E5C046FFFF7FFFDD
:109F9C00F0B5DE46454657464E46E0B587B00092D2
:109FAC0001930B031B0B9B46CA0F4B00040080460E
:109FBC005B0D029200D198E07C4A934237D059460F
:109FCC00420FC9000A43802109041143C200904684
:109FDC00774A894692469A44002300240393009EB4
:109FEC00019F3B031B0B9B467B0030005B0DFD0F61
:109FFC00002B59D06D4A934248D05946720FC90074
:10A00C000A438021090411438B466949F2008C46AE
:10A01C0051466344CB1A9A460021029E6E40F6B21A
:10A02C000F2C00D9CEE0634BA4001B599F465A4617
:10A03C000243914600D090E09A46022390460824B1
:10A04C000393CCE7CB464246029D0399022900D1EB
:10A05C00DEE1032900D18DE0012900D079E12E0049
:10A06C0000220023002490461B052343F6073343AC
:10A07C004046190007B0F0BCBB46B246A946A04604
:10A08C00F0BD002200249046484BEDE75A46009B59
:10A09C001A43494B9C46E244002A59D102231C43E3
:10A0AC00002302219B46B8E75A46009B1A4349D02D
:10A0BC005B46002B00D19CE1584601F00DFC0200E0
:10A0CC0003000B3A1D27009EBA1A19005846D640B9
:10A0DC0008398840320002439346009A8A40374937
:10A0EC0053448A4600219A4497E75B4603439946BA
:10A0FC0021D05B46002B00D169E1584601F0ECFB06
:10A10C000B235B429C460200844466461D239B1B2A
:10A11C00260011005846DE400839884033000343BE
:10A12C00994623008B409846254B00249B1A9A464F
:10A13C000023039353E7002398469A4601330424E3
:10A14C0003934CE701231C43002301219B4664E746
:10A15C000323320003211C435FE79A460323D946AD
:10A16C000C2403933BE700238024984600260F4BD6
:10A17C00240379E780245B4624031C4324032E002C
:10A18C0090460A4B240B6FE780244B462403234252
:10A19C0002D05B462342F0D080244B4624031C4360
:10A1AC002403029E014B240B5EE7C046FF07000010
:10A1BC0001FCFFFF208D010801F8FFFFF3030000F5
:10A1CC000DFCFFFFCB4500D2F8E000D1F3E00123FA
:10A1DC005B429C46444648460025E2445B46170ECB
:10A1EC001B021F43190C3B04120200971F0C9146D3
:10A1FC0002910397FEF71AF802007A430B04210C24
:10A20C00804619438A4209D9009F0123BC465B4210
:10A21C0061449C46E0448F4200D85CE1881A029964
:10A22C00FEF704F8039A240442430904240C0300A7
:10A23C000C43A24206D90099013B8C466444A142CE
:10A24C0000D842E1A01A424612041A4393464B46E8
:10A25C0059461B0C1F0004930B0449460904090CB6
:10A26C000C001B0C5C43120C7B43884651437A4315
:10A27C00270CBC465B186344994203D980214902E0
:10A28C008C466244190C24041B04240C8A181C19D7
:10A29C00904202D316D1A54214D25B46009F013BDB
:10A2AC004D4405934D459B41BC465B426344C018ED
:10A2BC00874200D302E1824200D929E100D124E196
:10A2CC00059B9B462C1BA542AD41009B801A6D4201
:10A2DC00401B834200D10FE10299FDF7A7FF039ABF
:10A2EC000B044243210C050019438A4200D9CBE0F0
:10A2FC00881A0299FDF79AFF039A24044243090431
:10A30C00240C03000C43A24200D9CAE04146A41A13
:10A31C002A041A43049F13041B0C594340467B43E5
:10A32C009C46150C68430B0C844463447D43984253
:10A33C0003D98020400284466544180C09041B0490
:10A34C00090C40195B18844227D323D00123350014
:10A35C001A43944B5344002B60DD510700D086E028
:10A36C002E00D1085A46D20106D55A468E4B1A40B9
:10A37C0080239346DB0053448C4A934200DD80E6F5
:10A38C005A4652070A4390465A465B055402240B20
:10A39C005B0D69E63500002BDBD0009D511EAC46F1
:10A3AC006444AC4200D29EE0844200D2E1E000D191
:10A3BC00EEE00A00CAE7424500D908E74B46DC0745
:10A3CC00580843465B081C434346DD0706E701F08B
:10A3DC0083FA15239C4684440200634620321C2BCE
:10A3EC0000DC92E623000838834099460023984607
:10A3FC009AE601F071FA02000300153220331C2A90
:10A40C0000DC5FE600990838814000228B4666E646
:10A41C0000222E0000249046654B25E62E000121DB
:10A42C00C91A382900DD1BE61F297EDC614814009F
:10A43C0050445B4682408340CC40501E82412343B3
:10A44C001A435B46CB40510709D00F211140042918
:10A45C0005D0111D9142924152429B180A001902DB
:10A46C0000D49BE00022012300249046FCE50F2140
:10A47C001140042900D173E7111D914292415242BF
:10A48C002E00C90893446DE7009B013D9C46614436
:10A49C008B4200D92CE78A4200D829E7851E6144FB
:10A4AC0026E70099013B8C466444A14200D92DE774
:10A4BC00A24200D82AE7831E644427E7874200D0D3
:10A4CC00FEE6A94500D9FBE6F5E6A24200D8B9E6BE
:10A4DC00831E6444B6E68A4200D89FE6BC46831EBF
:10A4EC00984661449AE60A00844200D02EE74B4518
:10A4FC0000D02BE735002CE72A4B2F4A53449245CA
:10A50C0043DB0122002193442CE7AC4200D8D7E670
:10A51C0002235B429C4600994D444D459B41E344CC
:10A52C008C465B426344C018CCE61F204042C31AE1
:10A53C005846D840202904D05946204B53449940C2
:10A54C000A43531E9A410723190002430024114069
:10A55C00134209D008331340042B1DD0131D934212
:10A56C0089411A0049424907D2080A439046002300
:10A57C007AE54946009F4D004D458941BC4649420C
:10A58C006144A946023A6418AEE70122524246E7FA
:10A59C009945EED30A00AAE70021E5E759075B02CB
:10A5AC001C0BE1E7FF030000FFFFFFFEFE070000AE
:10A5BC00FF0700001E04000002FCFFFF3E04000029
:10A5CC00F0B55746DE464E464546E0B50D00040054
:10A5DC00E80F83460903D80F090B824619488C46AD
:10A5EC001F0369005E00490D3F0B760D814218D0A8
:10A5FC0086420FD00120B1420DD1BC450BD1944203
:10A60C0009D1D3451CD0002905D160462043431EF7
:10A61C00984100E00120F0BCBB46B246A946A046DA
:10A62C00F0BD01208E42F6D1614639430F0017432D
:10A63C002743F0D15B465246981A431E9841EAE7ED
:10A64C000020E8E7FF070000F0B557464E464546A8
:10A65C00DE46E0B50D000E034900490D8A46DF0FBA
:10A66C00E90FBC4683B02F4F04008046019158007F
:10A67C0019039146360B090B400DBA451DD0B84253
:10A68C000DD05746002F2AD13443002824D10A4339
:10A69C0036D0002C41D163465800013815E01143E7
:10A6AC0038D15346002B01D12643F4D0019B63458E
:10A6BC0007D1019B5800013807E026432AD15045A9
:10A6CC0021D00120019B5F42384303B0F0BCBB4654
:10A6DC00B246A946A046F0BD002CDCD0E6E7002827
:10A6EC00EFD0019B6345ECD18245EADCE1DB8E4285
:10A6FC00E7D8DED1C845E4D80020C845E5D2D8E774
:10A70C00002CE2D0DDE7114304D1019B6345D8D185
:10A71C000020DAE702204042D7E7019B6345E6D0F0
:10A72C00CFE7C046FF070000F0B557464E464546FA
:10A73C00DE46E0B50D000E034900490D8A46DF0FD9
:10A74C00E90FBC4683B02E4F04008046019158009F
:10A75C0019039146360B090B400DBA451ED0B84271
:10A76C000DD05746002F27D13443002833D10A434C
:10A77C0034D0002C40D163465800013815E0114309
:10A78C0012D15346002B01D12643F4D0019B6345D3
:10A79C001DD00120019B5F42384306E0264303D1C4
:10A7AC005045F6D111431CD0022003B0F0BCBB467F
:10A7BC00B246A946A046F0BD0028EAD0019B6345ED
:10A7CC00E7D18245E5DC02DB8E42E2D80ED0019B5C
:10A7DC0058000138E9E7002CCDD0D7E7002CE4D0A5
:10A7EC00D7E7019B00206345DFD0D2E7C845D0D81E
:10A7FC000020C845D9D2EAE7019B6345E4D0C8E7FD
:10A80C00FF070000F0B557464E46DE464546E0B51C
:10A81C001F000B031B0B16009A46CA0F4B000400BB
:10A82C00914685B05B0D00D1CFE1CD4A934255D016
:10A83C005146420FC9000A43802109041143C2004A
:10A84C009046C84A8A4693469B44002300250293AF
:10A85C003C037B00FA0F0196240B5B0D009200D198
:10A86C0088E1BF4A934200D192E0BE4A94466344C9
:10A87C009B440A2D42DCE400730F23438024494699
:10A88C0024041C43F3000193009B00205940CBB2DD
:10A89C000393022D00DC94E00123AB401D00A623A2
:10A8AC002A00DB001A401D4200D029E290239B00B5
:10A8BC001D4200D14DE20023802499462403A84B6D
:10A8CC0010004A461B052343D2071343190005B059
:10A8DC00F0BCBB46B246A946A046F0BD5246024368
:10A8EC00904600D0ACE19B46022392460825029389
:10A8FC00AEE7009BA2469946019B9846029B022B11
:10A90C0000D1CAE1032B00D192E1012B10D100231D
:10A91C0000240022D4E701227B083A40134352461C
:10A92C00D2071343984653465B089A46039B9946B5
:10A93C005B46581C8023DB005B44002B00DCB1E140
:10A94C00424652070BD00F2241460A40042A06D039
:10A95C004246111D4145924188465242924452460C
:10A96C00D20106D55246804B1A4080239246DB001A
:10A97C00C3187E4A934200DD8FE14246D10852460D
:10A98C0052070A4351465B054C02240B5B0D97E7BB
:10A99C00734B26439C46E344002E00D16FE1032306
:10A9AC0049461D43009B5940CBB203930A2D00DD51
:10A9BC0033E10123AB401D000323029388222A427A
:10A9CC0097D1424643461204120C160001981D0CF6
:10A9DC00030C0004000C4643B4461E006E43009664
:10A9EC00160007005E436146B0466F430E0CB84438
:10A9FC004644B74205D9802149028846009F474406
:10AA0C00009761460904090C370C36048C4631005A
:10AA1C00614401911100260C2404240C61438C46E2
:10AA2C002100694389466146090C884672434A44B1
:10AA3C0042447543914503D98021490288464544D7
:10AA4C00110C884661460904090C8C4612046244B8
:10AA5C00B91802915146090C8C4651460F043F0C13
:10AA6C003900414345448846614641438A46414644
:10AA7C006046090C894658437B4353444B449A45E2
:10AA8C0003D98021490289464844190C894641461C
:10AA9C000904090C8846390061431B044344884669
:10AAAC0061464C4371438C46414677430E0C3F192B
:10AABC00F6194844B44203D9802149028946CC4452
:10AACC000299009F894631044F448946414697427A
:10AADC0092410C04240C4C44FF1852426419A118E6
:10AAEC009F429B41884682465B42994690459241E3
:10AAFC00AC42A441C244D1445242644214439945ED
:10AB0C009B41824592415B42524213434A46360C6A
:10AB1C00A419E31863445B02D20D1A4301999246BF
:10AB2C007A020A43501E8241FF0D17434A465202D5
:10AB3C001743B846DB0100D5EDE60D4B039A5B4499
:10AB4C009146002B00DCACE03A00520700D110E734
:10AB5C000F2258463A40042A00D0F9E609E7C046CD
:10AB6C00FF07000001FCFFFFFFFFFFFEFE070000D8
:10AB7C00FF030000220032436FD0002C00D1C2E052
:10AB8C00200000F0A9FE020003000B3A1D20821ADF
:10AB9C0030001900D04008398C40020022433400A8
:10ABAC008C405946CB1A86498B469B440A2D00DDB6
:10ABBC00A4E64946009B01945940CBB214000020F6
:10ABCC000393022D00DD67E6FBE6534603439846EC
:10ABDC003CD05346002B00D1A3E0504600F07CFE45
:10ABEC000B235B429C4602008444110050460839FA
:10ABFC0088401D23804660461B1A2000D840030065
:10AC0C00404603439A4623008B4098466C4B0025E4
:10AC1C009B1A9B46002302931AE60F2D00D0C9E025
:10AC2C00802352461B031A4202D01C4200D192E0F0
:10AC3C008024534624031C4324034246240B3EE643
:10AC4C009B46032380460C25029301E600239A467B
:10AC5C009B46013304250293FAE501210D430A2D8D
:10AC6C0000DD4BE6494600984140C9B20391022DE4
:10AC7C0000DC96E000230024012001930CE64946F9
:10AC8C000223009A2B435140CAB203920A2B00DDD7
:10AC9C0034E6002D57D1039B994600240022494BE2
:10ACAC000EE658460121C91A382900DD2FE61F2966
:10ACBC0056DD1F2254465242D31ADC40202907D0BD
:10ACCC00414B42469C465346604483401A4390464F
:10ACDC0042460721531E9A410B0022431340002485
:10ACEC00114209D00F231340042B5DD0111D91424A
:10ACFC009B410A005B425B07D2081A430023DFE545
:10AD0C00039B9946FAE5019800F0E6FD020003006A
:10AD1C00153220331C2A00DC38E7019A08388240AF
:10AD2C003FE700F0D9FD15239C468444020063469E
:10AD3C0020321C2B00DC58E70023984623000838EF
:10AD4C0083409A4662E71D000023002402200193F1
:10AD5C00A2E5029032E61C43009B019A9946AEE5AF
:10AD6C001A4B5246C31840469A40C84002434046CC
:10AD7C0098400300581E834154461A43CC40530755
:10AD8C0009D00F231340042B05D0131D934292417D
:10AD9C005242A4181A00230208D5012300240022D1
:10ADAC008EE5894600248BE50023A5E76307640242
:10ADBC00240BA1E7009BA2469946019B984637E7D6
:10ADCC000DFCFFFFFF0700003E0400001E04000006
:10ADDC00F0B557464E464546DE46E0B583B000908A
:10ADEC0001910C034D00CE0F610A009C5F00640FB3
:10ADFC000C43009900920193C80019037B0D9946EE
:10AE0C00019BCC4FDB0F9C464B0A00998046490FA7
:10AE1C001943009B8B46DA0092466D0DB94500D163
:10AE2C00BFE00123614659404B468C46EB1A8E42DB
:10AE3C0075D0002B00DCA3E24946002900D1CEE0FE
:10AE4C00BD4200D100E20127382B19DC802759467E
:10AE5C003F0439438B461F2B00DDFAE12027F91AFA
:10AE6C008C4659466746B9400F001100D9400F4334
:10AE7C0061468A40511E8A415946D9401743641A8B
:10AE8C00C71BB84280414042241A230200D440E13F
:10AE9C006402640A002C00D154E1200000F01CFD77
:10AEAC000300083B20213800CA1AD0409C40020005
:10AEBC009F4022439D4200DDA6E1581B0130091A38
:10AECC003C008F40C4407B1E9F4113008B402743A6
:10AEDC001F43C2403B0014000025134300D1F7E18F
:10AEEC007B0700D177E30F2338003B40042B04D0C1
:10AEFC00381DB842BF417F42E419230200D468E3F5
:10AF0C008C4B01359D4200D1F4E08B4B6D051C4000
:10AF1C006D0D6707C00864020743240BECE0002B9F
:10AF2C0000DC29E34946002900D0D6E059461143FC
:10AF3C0000D12EE1591E012B00D1E6E1BB4200D11C
:10AF4C0082E101270B00382914DC1F2B00DD3CE2C9
:10AF5C002027F91A8C4659466746B9400F00110054
:10AF6C00D9400F4361468A40511E8A415946D94007
:10AF7C00174364183F18874280414042241823022B
:10AF8C0000D4C6E06B4B01359D4200D1B2E00121EB
:10AF9C00694B7A081C4039400A43E7071743640899
:10AFAC009EE7664B11438A46EB18002928D066456C
:10AFBC002CD0002B5BD0002D00D12CE15B466646DB
:10AFCC005F07D2081743DD083B002B4300D1E2E0BA
:10AFDC00802424032C432403564D240B8CE0594627
:10AFEC00114300D1D5E0591E012B00D1B9E1BB4270
:10AFFC0000D1B1E101270B00382900DD40E72AE739
:10B00C006146012779408C466645D2D1002B00D190
:10B01C00C5E0002D00D055E14B462500054300D17D
:10B02C0012E2591E8C46012B00D149E2414DAB4234
:10B03C0000D18FE20127382911DC63461F2B00DD7C
:10B04C005BE26146202327005B1A050098409F4075
:10B05C00CD40431E9841CC402F430743A344BF1817
:10B06C009742924152425A4414004D4687E7344F5E
:10B07C006B1C3B4200D0B6E05946230011430F0035
:10B08C000343002D00D026E1002B00D1C0E10029A4
:10B09C0000D1A1E0831A98465B464045AD41E31AC6
:10B0AC006D425B1B80252D042B4200D14BE15B468E
:10B0BC00101A824292411C1B070001266346524221
:10B0CC00A41A27431E40002F00D142E12C4200D18C
:10B0DC006DE2194B01251C401BE7BD4200D13BE141
:10B0EC000127382B00DD45E7802759463F043943BB
:10B0FC008B462AE7002400272D052543F607354308
:10B10C003800290003B0F0BCBB46B246A946A046A5
:10B11C00F0BD7B0704D00F233B40042B00D0E7E6A7
:10B12C002B00F808034A67070743E508934200D150
:10B13C004AE7A5E0FF070000FFFF7FFF01F8FFFFD4
:10B14C00FE070000380000F0C7FB030018331F2B6C
:10B15C0000DCA7E63A00083882409D4200DD8AE018
:10B16C005B1B581C1F2800DCD8E117001F3BDF407D
:10B17C00202805D040231B1A9A40531E9A4117438E
:10B18C000025002F00D1E5E07B0700D0ABE62C00BA
:10B19C00C6E7C008C6E700270024D14DACE7D14F65
:10B1AC006B1C3B4271D123000343002D00D04EE1B8
:10B1BC005746002B00D1B5E1002F0DD083188342E8
:10B1CC0080415C4440422418220200D5C8E11F0093
:10B1DC009846274300D1BCE043466707DB081F4372
:10B1EC00E50800234CE0831A98465B464045BF4176
:10B1FC00E31A7F42DB1B1F027CD447461F4300D15E
:10B20C00A6E01C00474645E6B74CED1A14407B07F8
:10B21C0000D080E784E74B462500054366D05F1ECF
:10B22C00012B00D1FCE0AE4DAB4200D15EE1664695
:10B23C00382F00DCB4E00120171ABA4292415B4669
:10B24C0052424D469C1A20E66707C0080743E508A2
:10B25C00BAE61F005946203FF9400F00202B05D0BD
:10B26C004021CB1A594699400A43924653465A1EDE
:10B27C0093411F4304E6EB1A9B4D15406F07ED08F5
:10B28C002C035D05240B6D0D36E7954DAB4200D1BB
:10B29C00D6E082182100824280415944404208186D
:10B2AC00C707520817434408520700D485E10F2200
:10B2BC001D003A40042A00D01AE6FF086407274311
:10B2CC000509DDE75B46D2085F071743DD087BE61F
:10B2DC000027002410E7002B00D0D6E0002900D076
:10B2EC002FE1802400267E4D240305E766465C464C
:10B2FC00D00817E75B46171ABA4292411C1B01266D
:10B30C0063465242A41A1E40C4E58318834280410E
:10B31C005C44404225182A0200D4DAE0724A5B08E9
:10B32C001540EA071A4369085B0700D44AE10F236A
:10B33C001340042B00D1FCE0171D9742A44164423A
:10B34C0002256418ECE647461C001F4300D043E777
:10B35C00002600250024CFE6C00867070743E50850
:10B36C0032E6871A5B46B8428041E41A4042241AFE
:10B37C00230228D46307FF081F43E50801237FE756
:10B38C00002B00D173E64B465F1B3B00002D00D118
:10B39C0042E7382F00DDECE080230E001B041C4339
:10B3AC001F2F25DC20252300ED1B0100A840AB40FE
:10B3BC00F940451EA8410B43FC4018435B461B1B40
:10B3CC009B4639E76646012562E51F005946203F3A
:10B3DC00F9408C46202B05D040275946FB1A994042
:10B3EC000A43924657467B1E9F4163461F43C1E565
:10B3FC003B002500203BDD40202F04D04023DB1BED
:10B40C009C40204380464046431E9841284313E706
:10B41C0000299DD0012663465C4690461E40DBE623
:10B42C00171A5B46BA4292411C1B5242A41A2302C1
:10B43C00C8D46307FF081F4366460123E5081FE7CE
:10B44C001D000024002757E65C46D0086AE6002B56
:10B45C0000D137E75346C00867070743E508002BC0
:10B46C0000D1B1E580231B031D4208D05946C80802
:10B47C00184204D1D20849070A43170005007B0F74
:10B48C00FF00FF085B071F439EE5C00863071843D6
:10B49C00E508002953D080231B031D420AD05946CE
:10B4AC00CC081C4206D1012663462500D00849076A
:10B4BC0008431E40470FC000C0087F07074383E5C1
:10B4CC008318934292415C445242A5182A0200D53B
:10B4DC0024E76F07DB081F43ED080123D0E6C046C5
:10B4EC00FF070000FE070000FFFF7FFF5B46D2084E
:10B4FC005F0766461743DD0866E52500203BDD4007
:10B50C006346202B05D0402361465B1A9C402043A8
:10B51C00804647467B1E9F412F43A0E520210027F4
:10B52C00091AD2E4002F00D113E75C46170000255E
:10B53C00F6E5D708490702230F432D09A0E60700BB
:10B54C0042E55B4601265F07DD086346D2081743D8
:10B55C001E4039E55B46D2085F071743DD0833E52B
:10B56C001E4ADB0822405707520201251F43140BC9
:10B57C00C2E50E0001205FE6002B0DD04B465B1B95
:10B58C009C46002D00D148E50127382B00DD66E5EF
:10B59C0080231B041C4350E56B1C114D2B4200D027
:10B5AC0073E65946230011438A46034300E66707B6
:10B5BC00C00800230743E50862E66407FF08274339
:10B5CC0005095DE6D208490711430F0002232D0936
:10B5DC0056E60700A4E538008FE4C046FFFF7FFF66
:10B5EC00FE070000F0B5C6461E03360BB0460D4EE6
:10B5FC000C034D005F0000B5240B6D0D7F0DB542A3
:10B60C000BD0084900208F4204D146461643300027
:10B61C00431E984180BCB846F0BD04430120002C69
:10B62C00F8D1EEE7FF0700000B00020070B5164DD5
:10B63C000C0382B04900002000920193240B490DA9
:10B64C00DE0FA94204DD1148814203DD104BF018D6
:10B65C0002B070BD8020400320430E4C641A1F2C96
:10B66C0008DD0D4B5B1AD84003005842002EEFD179
:10B67C001800EDE7094B009A9C46030061448B408F
:10B68C00E2401343F1E7C046FE0300001D04000036
:10B69C00FFFFFF7F3304000013040000EDFBFFFFEE
:10B6AC0070B5002816D0C317C5185D40C40F28000C
:10B6BC0000F012F9104B1B1A5B055B0D0A2814DC09
:10B6CC0002002E00153296400B22121AD5402D0383
:10B6DC002D0B03E000240023002500261B052B4323
:10B6EC00E40723433000190070BD0B3885402D034F
:10B6FC0000262D0BF2E7C0461E04000010B5041EF8
:10B70C0010D000F0E9F80E4B1B1A5B055B0D0A28F4
:10B71C000FDC0B222100121AD14015300A03844091
:10B72C00120B01E0002300221B051343200019001B
:10B73C0010BD22000B38824012030024120BF3E7D9
:10B74C001E04000070B542024300C40FFE201B0E05
:10B75C00591C550A08420CD0E02189008C466D0713
:10B76C00120B63441B051343E40723432800190001
:10B77C0070BD002B14D1002D1BD0280000F0ACF8AC
:10B78C000A281CDC0B232A001B1ADA400300153391
:10B79C009D400E4B12031B1A5B05120B5B0DE1E770
:10B7AC00002D09D0130B802212031A436D07084B8E
:10B7BC00D8E700230022D5E70022054BD2E703008F
:10B7CC002A000B3B9A400025E3E7C04689030000A2
:10B7DC00FF070000F0B54B000F035B0D3A4C450F13
:10B7EC0083B07F0A5E1C2F4300900191CA0FC500E5
:10B7FC0026420BD035495C18FE2C13DDFF200023AC
:10B80C00C0051843D207104303B0F0BD3D43002BD5
:10B81C0001D10020F4E7002DF0D08023DB03FF20C2
:10B82C003B43EDE7002C0CDD009BFF009B01581EF9
:10B83C008341690F3B430B43590727D1DB08E0B227
:10B84C00DEE72100173131DB80211E20090439434A
:10B85C00001B1F282DDD02267642341B0E00E6400D
:10B86C003400202804D01A488446634499400D4380
:10B87C002B00591E8B412343590703D00F2119402C
:10B88C0004290BD19B0100205B0AB9E70F21194059
:10B89C00042904D19B015B0AE0B2B1E70024043314
:10B8AC005901F7D501340023E0B2A9E700200023A9
:10B8BC00A6E7084C1C192B00A540C340A140681EEC
:10B8CC00854129430B43D7E7FE07000080FCFFFFAF
:10B8DC00A2FCFFFF82FCFFFF1C2101231B049842EA
:10B8EC0001D3000C10391B0A984201D3000A083905
:10B8FC001B09984201D30009043902A2105C4018BC
:10B90C007047C0460403020201010101000000005F
:10B91C000000000010B5002903D1FFF7DDFF203037
:10B92C0002E00800FFF7D8FF10BDC04682B073B527
:10B93C006C460091079321000300626060C960C3EC
:10B94C0007AA60CA60C313001500103006CB06C0EE
:10B95C0001220098616803F045FA69680122099890
:10B96C0003F040FA73BC08BC02B0184737B50400AA
:10B97C0003F046FEA068A38902691342FCD001695A
:10B98C000A001A401942FAD101AD2068616803F02F
:10B99C0029FA29000122032003F064FD03CC0122C3
:10B9AC0003F020FA03F02AFE28786B7800041B02BF
:10B9BC001843AB7818433EBDF0B5094985B0094B27
:10B9CC0001ACC0CBC0C40B004968074A00911B688E
:10B9DC00064811685268FFF7A9FF05B0F0BDC046D4
:10B9EC00440000203C0000202C000020C402002059
:10B9FC0010B50348FFF7BAFF80231B04584010BD55
:10BA0C00C402002010B50548FFF7B0FF80231B04CB
:10BA1C005840984201DA024B181A10BDC40200209B
:10BA2C00FFFF7F0070B504250024FFF7E1FF013D07
:10BA3C002418002DF9D10723E01718400019C01065
:10BA4C0070BD0000F0B504000525002699B00392E6
:10BA5C000F0048227C4906A804930BF00EFE631FCE
:10BA6C0001937A4B02937A4B0593019BAB4257DCC3
:10BA7C0000221E9B1E80774B1A70774A1278029216
:10BA8C00764A964200D874E001251D70714B744AB9
:10BA9C001B782C000192002B1ED0029B714E002BA8
:10BAAC0000D1A0E0704B1B78002B00D19BE06F4BBA
:10BABC001B78002B00D196E06D4B7C1E1C60012284
:10BACC00694B1A70974201D16A4B1F70FA22338866
:10BADC0092009B189BB233805F4B1B78002B0CD0D1
:10BAEC00614B1B78002B08D0604B1B78002B04D0CB
:10BAFC005F4B1B68AB4200DA1C00019B1B78002BD0
:10BB0C0009D05D4B1B78002B05D15C4B039AD35CA1
:10BB1C00A34200DC5C1E201E00DC012019B0F0BD2D
:10BB2C00029B6A00985AFFF7BBFD0022544BFFF7AB
:10BB3C004FF9FFF779FDC317C4185C40059B6A00E9
:10BB4C00985AFFF7ADFD00224D4BFFF741F9FFF777
:10BB5C006BFDC317C018584082B2231CA4B2944288
:10BB6C0000D2031C9AB2B24200D2331C9EB20135F1
:10BB7C007BE7029B002B04D001223C4B1A703C4B00
:10BB8C001F60092301937B1E06ACDB00E3180593B1
:10BB9C00019D30006B1E0193FFF782FD226C636CDC
:10BBAC00FEF730FE059B083C1A685B68FEF7F0F95F
:10BBBC00344A354BFCF740FC002803D1019B002B89
:10BBCC00E6D10125264B1B78002B00D15EE7052F13
:10BBDC0000DC5BE7BD4200DC58E72C4B9E4200D8F2
:10BBEC0054E77D1C52E70624A74207DC023C062FD3
:10BBFC0004D03C00032F00DD0324013C019B029A7E
:10BC0C001B78002A00D05AE7002B00D15EE7049B7A
:10BC1C00002B0ED0039B1E4A013BD35C032B08D890
:10BC2C0001221C4B1A701C4B1C6033881B199BB2D5
:10BC3C003380114B1B78002B00D047E70F4B039A36
:10BC4C00D75402F065FA41E7508C01088457002064
:10BC5C00944C002002040020D90100205B3F00001E
:10BC6C005A6300207E670020C2650020C06500205A
:10BC7C0004020020C1650020BC0A0020776300206C
:10BC8C0080FFCF409A99999959CCCC4070170000FD
:10BC9C00D4030020C36500200002002070B506000C
:10BCAC000D0019001D4B10001B781D4C013E002B84
:10BCBC0021D000221B4BFCF7B9FB002803D11A4BF7
:10BCCC001B78002B1AD1A35D0133DBB2A355002DD9
:10BCDC0004D06A1EA35C0133DBB2A354A35D072B13
:10BCEC0001D90723A355002D05D0013D635D072B1A
:10BCFC0001D907236355A05DC0B270BDA35D002BB5
:10BD0C0003D0A35D013BDBB2A355002DE6D06A1E28
:10BD1C00A35C002BE2D0A35C013BDDE75D6300205C
:10BD2C00D403002000002E400104002010B5D022C6
:10BD3C0000210B480BF00CFC00230020094A0A4997
:10BD4C0013700A4A13700A4A10605160094A0A4873
:10BD5C000A49106051600A4A137002F05BFA10BD78
:10BD6C0078620020D203002000002E40D303002074
:10BD7C0000000020080000200E2DB29DEFFF58405F
:10BD8C00D103002010B56822002103480BF0E0FB22
:10BD9C0002F0BCF810BDC046386500200023190025
:10BDAC0010B5044AD15401330D2BFBD102F08EF99E
:10BDBC0010BDC046D4030020F7B502F0B8FC424BCE
:10BDCC0005001B780C27002B00D1083F3F4B404A45
:10BDDC001B78019300231E00019999424CDC3D4BCA
:10BDEC0004241B78002B10D03B4B013C1B78A34246
:10BDFC000BD83A4B1B78002B04D0394B02341B78F0
:10BE0C00002B02D0AF423ED80224200001F07AFF72
:10BE1C00AF4207D1334F3B78002B03D1FFF786FF9E
:10BE2C0001233B70304B1B78002B23D03000FFF7E5
:10BE3C0065FC00222D4BFEF7E5FC060001980F0077
:10BE4C00FFF72EFC02000B0030003900FEF7A0F8C3
:10BE5C000022274BFCF70EFB00280BD0254A136859
:10BE6C00012B07D102201060234A137002F07EFAD6
:10BE7C00FFF794FF2000FEBDD15C022901D90136E9
:10BE8C00F6B20133A8E71D490022086849681C4B2B
:10BE9C00FCF7CCFA002805D002F064FC022801D88B
:10BEAC000624B2E7174B18685968FCF78DFB134949
:10BEBC00C4B2002208684968114BFCF7B7FA002895
:10BECC00A3D0022CECD19FE78C670020410200200C
:10BEDC00D40300208F670020B065002038020020BA
:10BEEC00A1660020B8030020D801002000005940B2
:10BEFC0000004940DC0100205C630020580A00204F
:10BF0C0000002E40C00300200C4B70B518780C4B71
:10BF1C0003221C780525002306260A49002800D098
:10BF2C002A00002C00D03200CA5401330D2BF5D15D
:10BF3C000022054B1A7002F015F970BD59630020F0
:10BF4C00D8010020A0650020AF650020F0B58DB0B1
:10BF5C000B930E001300069001928A4208D1854A79
:10BF6C0094466344DB00C318186859680DB0F0BDE3
:10BF7C0000240F00019B251C5B1A04930294019B67
:10BF8C009F4200DA87E00498FDF7A6FB071C011C12
:10BF9C000298FCF7F5FD391C0790281CFCF7F0FD06
:10BFAC00391C0890201CFCF7EBFD0024099004942C
:10BFBC00271C03940294019B9E4200DA8EE00499A4
:10BFCC000298FCF7ABFF391C051C381CFCF7A6FFCC
:10BFDC00011C281CFDF7FCF80499061C0398FCF7BF
:10BFEC009DFF211C051C381CFCF798FF011C281C0C
:10BFFC00FDF7EEF8311CFCF7C3FD211C051C029863
:10C00C00FCF78CFF391C041C0398FCF787FF011C00
:10C01C00201CFDF7DDF8311CFCF7B2FD291C041CBB
:10C02C000798FCF77BFF011C0898FDF7D1F8211C41
:10C03C00061C0998FCF772FF011C301CFDF7C8F8B0
:10C04C000B9B061C5A1E9341019AD31A180001939C
:10C05C00FDF742FB291C071CFCF760FF311CFCF7A9
:10C06C009DFB211C051C381CFCF758FF391CFCF7E8
:10C07C0055FF011C281CFCF791FB0021041CFCF74C
:10C08C0015FA002800D000243B49201CFCF746FF81
:10C09C00FFF758FB6AE73800FDF71EFB069AFB001A
:10C0AC00D318039018685968FFF794FB3249FCF7D2
:10C0BC0067FD011C281CFCF771FB0399051C0298F9
:10C0CC00FCF76CFB03990290081CFCF727FF011C82
:10C0DC00201CFCF763FB0137041C50E73000FDF714
:10C0EC00FBFA0799051CFDF773F8011C0590FCF78A
:10C0FC0015FF011C0298FCF751FB069AF300D318AC
:10C10C00029018685968FFF765FB1B49FCF738FD6E
:10C11C000899FDF75DF8011C0A900598FCF7FEFEE6
:10C12C00011C0398FCF73AFB291C0390281CFCF714
:10C13C00F5FE0999FDF74CF8051C011C0598FCF758
:10C14C00EDFE011C381CFCF729FB291C071C281CC4
:10C15C00FCF7E4FE011C0498FCF720FB291C04905E
:10C16C000A98FCF7DBFE011C201CFCF717FB0136C0
:10C17C00041C20E7FFFFFF1F00FEFF46F8B506007A
:10C18C000F0014001D00FCF775F900280CD0069A5E
:10C19C00079B30003900FCF759F900282FD03400E8
:10C1AC003D0029002000F8BD22002B003000390092
:10C1BC00FCF74CF900280FD0069A079B3000390089
:10C1CC00FCF758F90028EAD1069A079B20002900B1
:10C1DC00FCF73CF90028E4D122002B003000390098
:10C1EC00FCF748F9002807D0069A079B2000290085
:10C1FC00FCF740F90028D4D1069C079DD1E722001A
:10C20C002B0030003900FCF711F90028ECD0D3E7F3
:10C21C00F0B589B0069007911900814B10001B787E
:10C22C00002B05D100247F4D2000290009B0F0BD62
:10C23C0000227D4BFDF7E6FA02000B0000207B4943
:10C24C00FDF7A6FE02000B00029003910020784936
:10C25C00FDF79EFE0022774BFEF7BAFD029A039B78
:10C26C0004000D0000207449FDF792FE0022714B72
:10C27C00FEF7AEFD0E9A0F9B009001912000290055
:10C28C00FFF77CFF00246D4D02000B000020009492
:10C29C0001956B49FFF772FF00226A4B04900591E0
:10C2AC00FEF796FD684B694AFEF7ACFA0BF0EEFF11
:10C2BC00674B1B78002B54D10022664BFDF7A2FA7A
:10C2CC0002000B0064486549FDF762FE644A654B49
:10C2DC00FDF798FA06000F00049805990022624BAE
:10C2EC00FEF776FD32003B00FEF78CFA00220400CC
:10C2FC000D00069807995D4BFEF76AFD02000B00D6
:10C30C0020002900FDF77EFA554A04000D00554B1C
:10C31C0030003900FEF75CFD0022554BFEF772FA37
:10C32C0002000B0020002900FDF76CFA514A524B19
:10C33C00FEF768FA029A039BFEF764FA00220023C8
:10C34C0004000D00FCF778F8002800D06AE7002202
:10C35C0020002900494BFCF783F8002800D061E746
:10C36C0062E7009401950E9A0F9B00204449FFF759
:10C37C0005FF069A079B04000D0000204149FEF7BB
:10C38C0027FD220006000F002B0000203E49FEF77F
:10C39C001FFD02000B0030003900FDF733FA3B4A59
:10C3AC0004000D0002980399394BFEF72BFA02009A
:10C3BC000B0020002900FEF725FA04000D00354A79
:10C3CC00354BFEF71FFA22002B00FEF71BFA22005A
:10C3DC002B00FEF717FA314A06000F002000290047
:10C3EC002F4BFEF70FFA22002B00FEF70BFA020080
:10C3FC000B0030003900FDF705FA2A4A06000F0041
:10C40C0020002900284BFEF7FDF902000B0030003C
:10C41C003900FDF7F7F9254A254BFEF7D9FC8DE7D6
:10C42C000104002000002E400010714000A072405A
:10C43C00004C98400000894000A89B4000C08C40F4
:10C44C000080864000E08A409999C9BF9A999999D1
:10C45C00596300200000F03FC01E85EB51B89E3F91
:10C46C00A4703D0AD7A3E83F00488C4000407F40B1
:10C47C0000408F403BDF4F8D976E92BF00002C40E9
:10C48C000008864000908040002889409E12E429D4
:10C49C00419E923F1B0DE02D90A0A83FBA490C0283
:10C4AC002B87F0BF8351499D804620400E2DB29DB5
:10C4BC00EF272F401F4B70B51B781F4E34687568E3
:10C4CC00002B18D122002B0000201C49FEF780FC09
:10C4DC001B4A1C4BFEF796F922002B00FDF792F934
:10C4EC00194A1A4B04000D00FBF7BAFF00281CD1A7
:10C4FC003460756070BD164B1B88002B08D0220071
:10C50C002B0000201349FEF763FC0D4A124BE1E7A8
:10C51C00200029000A4A114BFEF774F902000B00A7
:10C52C0020002900FEF754FCDAE7074B074C336078
:10C53C007460DFE701040020C00300200000084005
:10C54C009A9999999999A93FCBA145B6F3FD0740C2
:10C55C007E6700200000F83F9999B93F9999C93F2F
:10C56C00F0B516001F00364B0C001B78E1B0002212
:10C57C0030003900334BFBF759FF002804D0324B05
:10C58C001868596861B0F0BD0022300039002F4B9B
:10C59C00FBF752FF002846D0002200233000390060
:10C5AC00FBF75EFF00283ED0002C3CD100241A2162
:10C5BC00274A284D14578C46E300013464B2EB181B
:10C5CC001E605F6023001470234AA4441900192BC9
:10C5DC0000DD1A39C900691801330868496803C2BB
:10C5EC006345F3D11D4B1B780693002C3EDC002BCE
:10C5FC0000D0CEE10023134C009301940023144A85
:10C60C00D356192B04DD1A3B13700122134B1A70ED
:10C61C00FFF750FF069A0C4B002AB1D00099019AF3
:10C62C0019605A60ACE7E1210D4A890013885B1848
:10C63C009BB2138000220B4B1A700B4B1A709EE7A7
:10C64C009367002000002E400000002000002C40CA
:10C65C00D203002078620020E0020020D3030020E7
:10C66C007E67002001040020000400201A23189388
:10C67C00069B002B00D11894D02200212CA80AF084
:10C68C0067FF25000023D54A029300921A3D9C4275
:10C69C0000DC98E29D420DDC2CA88446009AD9005F
:10C6AC008C44891862460868496810605160029988
:10C6BC0001310291189A01339A42E8DC08221A21BE
:10C6CC00C74B2CA80AF0C8FC029B029ADB0F9B18E4
:10C6DC0002995B10DA00C90700D45DE12CAB9B1802
:10C6EC005C681B680093019401230693029B052B45
:10C6FC0000DC82E0BB4C002220686168BA4BFBF77F
:10C70C0095FE002801D026606760236864682E9827
:10C71C002F990493059432003B00FBF78DFE002803
:10C72C000BD1049A059B30003900FEF751FB002217
:10C73C00AE4BFBF795FE00280AD0AD4B1A78AD4BEB
:10C74C00002A00D13BE101221A600022A84B1A708A
:10C75C00029B2CAA023BDB00D11808684968320006
:10C76C003B00FBF77DFE00280BD1049A059B3000A3
:10C77C003900FEF72DFB00229F4BFBF75DFE0028D6
:10C78C000AD09E4B1A789B4B002A00D11EE1012245
:10C79C001A600022994B1A70964B00251A68022ACF
:10C7AC0001DD1D6001350298FEF77AFF0022944BE3
:10C7BC00FDF7EEFBFEF738FF2CAAC300D1180400DE
:10C7CC00049A059B08684968FBF736FE002800D0E0
:10C7DC0030E1029B2CAA013B1B1BDB00D118086823
:10C7EC004968049A059BFBF73BFE002800D021E129
:10C7FC00002D00D076E100230693002400260027AC
:10C80C00804B764D1B785BB204931A3B0A937E4B9C
:10C81C001B780C93049BA34200DCD9E10A9BA34236
:10C82C0013DC009A019BE100491908684968FEF77E
:10C83C00CFFA02000B00FDF7E5FF02000B00300001
:10C84C003900FCF7DFFF06000F00189B0134A342F0
:10C85C00E0DC0298FEF724FF02000B0030003900E8
:10C86C00FDF796FB0BF080FD0A0016901791010066
:10C87C00664B19605A600022654B1A70654B1B7829
:10C88C00934204D1644B1B78934200D04FE1634B2D
:10C89C00634C644E12931394634F049B032B03D18C
:10C8AC000C9B002B00D147E180240023E40510935E
:10C8BC0011940022002300240E920F93474B0A94EC
:10C8CC001993049B013B1A93049B1A3B1B93049BE7
:10C8DC00A34200DC81E11B9BA3423FDC199AE300DD
:10C8EC009B181A685B681492159314981599009A02
:10C8FC00019BFEF76DFA0290039110981199029B1F
:10C90C000893039B5B005B080993169A179BFDF732
:10C91C0079FF02000B0008980999FBF78DFD0028A0
:10C92C0008D1129A139B08980999FBF785FD0028EA
:10C93C0000D104E10898099932003B00FBF77CFD1B
:10C94C00002800D1FBE00E980F990A9B01330A9343
:10C95C00149A159BFCF756FF0E900F91189B0134FF
:10C96C00A342B4DC314B1B78002B02D00022304B9D
:10C97C001A600A9B002B00DC40E61800FEF790FEC4
:10C98C0002000B000E980F99FDF702FB009001912D
:10C99C0034E61A2318936FE6013BDB002CA9C91867
:10C9AC002CAB9B181A685B6808684968FCF72AFF6F
:10C9BC0000220E4BFDF726FF0090019194E61A68B9
:10C9CC0001321A6001220D4B1A70BEE61A68013250
:10C9DC001A600122064B1A70DBE6C0467862002012
:10C9EC00691701080000002000002E400000E03F05
:10C9FC00B0030020B40300200000E0BFB10300200E
:10CA0C0000001840D2030020D303002010000020A7
:10CA1C00D003002059630020D80100203333333376
:10CA2C003333C33F9A9999999999C93F01040020CE
:10CA3C00FC03002000236B4C0025402200211CA885
:10CA4C00069307940AF084FD674B1CAC0E932B00E5
:10CA5C000E9AC8339B181A685B680A920B930A9853
:10CA6C000B99009A019BFEF7B3F94B005B080D93F1
:10CA7C000C9006000F000C980D9900225B4BFBF7F5
:10CA8C00EFFC002831D0009A019B22606360083DC6
:10CA9C002B0008344033DAD10123082200211CA8D2
:10CAAC00FFF754FA524B06000F000A930020069A27
:10CABC00079B4E49FEF78CF9049A059BFDF7A2FEE5
:10CACC00320004000D00069807993B00FDF79AFE12
:10CADC000B00020029002000FCF794FE0A9B186052
:10CAEC00596088E6434B444CA6E7424A3000390073
:10CAFC00424BFBF7B5FC3F4A002807D00098019940
:10CB0C003E4BFCF77FFE20606160C0E730003900CF
:10CB1C003B4BFBF791FC002802D10A9A0B9BB4E724
:10CB2C00344A364B00980199FEF752F9EBE7354E33
:10CB3C00354F12961397B0E600232C4CB7E61A9B90
:10CB4C00A34200D00AE7314A1578002D00D105E741
:10CB5C002F490B8864339BB20B80002313702D4A32
:10CB6C00137001222C4B1A702C4B00221B78002BBB
:10CB7C0013D1029803990023FBF75EFC002819D00F
:10CB8C00274A136801331360254B1B68012B00DC0B
:10CB9C00E4E60122234B1A70E0E600230298039985
:10CBAC00FBF75EFC051EEBD101221D4B1A601B4BE3
:10CBBC001D70D3E60022029803990023FBF750FC6A
:10CBCC000028F1D1E0E7069A002A00D172E563E56E
:10CBDC000C9B002B00D138E623E60C9B002B00D1DC
:10CBEC00BCE67BE60000E03FE00200200000F03FE6
:10CBFC00000000209A9999999999C93F9999B93F40
:10CC0C009999B9BF333333333333D33F0104002005
:10CC1C007E67002000040020D003002020000020AC
:10CC2C00FC030020FA030020F0B5002201260400CA
:10CC3C00094F0A488A4200DBF0BD0825A35C584026
:10CC4C00030033405B423B4040085840013D80B2FA
:10CC5C00002DF5D10132EDE701A0FFFFFFFF000031
:10CC6C000122024B1A8000225A807047E2030020F6
:10CC7C0070B5084C050023780E00002B01D1FFF78E
:10CC8C00EFFF31002800FFF7CFFF01236080A08069
:10CC9C00637070BDE203002010B5FFF7E9FF014B94
:10CCAC00187910BDE20300200020034B5A78824211
:10CCBC0000D058797047C046E203002070B50400DC
:10CCCC000D0000226168006802F08CF82900012236
:10CCDC00032002F06DFB03CC012202F083F870BD3F
:10CCEC007FB56B4600915A6019000200050011C90E
:10CCFC0011C201220098596802F074F80126282309
:10CD0C0003AC280021002380A670FFF7D7FF38233F
:10CD1C00280021002380A670FFF7D0FF02232800F3
:10CD2C00F61821002380A670FFF7C8FF30232800D7
:10CD3C002100A6702380FFF7C1FF7FBD07B59022AD
:10CD4C000B001202914200D91300182201A90A709B
:10CD5C001A0A4A708B70FFF7B1FF07BD07B5902216
:10CD6C000B001202914200D91300192201A90A707A
:10CD7C001A0A4A708B70FFF7A1FF07BD00880B8859
:10CD8C00C01A7047F0B51F0000250C0085B08B0051
:10CD9C00060018580A9B039218603D60039B9C4246
:10CDAC0001DB00251BE0A3000293F3580193002D37
:10CDBC0008D1191CFBF77AFB431E9841050001981A
:10CDCC000134EBE70199FBF785FB0028F7D0029BB8
:10CDDC000A9AF318043B1B68013C3C601360280062
:10CDEC0005B0F0BDF0B51F0085B08B0006001858DB
:10CDFC000A9B0C0018600023012503923B60039BE7
:10CE0C009C4201DB00201EE0A3000293F358019327
:10CE1C00002D0AD0191CFBF75DFB431E9841012322
:10CE2C0005005D4001980134E9E70199FBF73EFBF1
:10CE3C000028F7D00120029B0A9AF318043B1B68C8
:10CE4C00013C3C60136005B0F0BDF0B50C00060071
:10CE5C00002785B003938B001958930001921B583F
:10CE6C000A9A019D1360013C019B9C4207DD002F37
:10CE7C000DD0631BDA179B185340052B07DD039B62
:10CE8C000A9A1D60AD00AB59136005B0F0BDA3004C
:10CE9C00F358181C0293FBF71DFB002806D0002F3B
:10CEAC0001D1651C01370299013CDDE70700FAE767
:10CEBC00F0B50C000600002785B003938B001958C1
:10CECC00930001921B580A9A019D13600134019B37
:10CEDC009C4207DA002F0DD0631BDA179B185340C6
:10CEEC00052B07DD039B0A9A1D60AD00AB5913603F
:10CEFC0005B0F0BDA300F358181C0293FBF7EAFA37
:10CF0C00002806D0002F01D1651E0137029901348B
:10CF1C00DDE70700FAE7000070B50D0004000222FF
:10CF2C00044B0AF099F8E90F49194910890008597E
:10CF3C0080B270BD89CD0008F0B50D0000241F4BE8
:10CF4C0085B002931E4B21310190203D009103933B
:10CF5C00009B9D420BD11B49201CFBF711FEFEF7D9
:10CF6C00F1FB0BF001FAFEF735FC05B0F0BD029AAF
:10CF7C006B00D05A039AD35AC01AC317C018584022
:10CF8C00FCF7AAFB019AAB00D158FCF721F9FEF78C
:10CF9C00D9FB02000B00FDF735FC0600201C0F002E
:10CFAC00FEF7D0FB02000B0030003900FCF72AFC26
:10CFBC00FEF710FC0135041CCAE7C046845700205C
:10CFCC00944C002000008242F0B5002689B000AFDE
:10CFDC003A61013A3B60D30F9B185B10B8607960E3
:10CFEC00BB613B689E4202DBBD4609B0F0BD6B469F
:10CFFC00BC69FB603B69FB61A64203DA3400730039
:10D00C000133FB616A460025FB69341B9B00073327
:10D01C00DB08DB00D31A9D467B61BB68A4001C199E
:10D02C00FB69AB420CDC19007869FFF775FFFCF764
:10D03C00A3FB7B68B4001851FB6801369D46D0E712
:10D04C0001CCFCF729FB7B69AA0098500135E7E776
:10D05C00F0B5002489B00492013A0593D30F9B18C4
:10D06C005B100393059B069007915E1E059B9C42EB
:10D07C0001DB09B0F0BD039B9C421ADA230065006A
:10D08C000135069AE31A9B00D7180023029300235C
:10D09C000193029B9D4216DC2800FCF71DFB011C32
:10D0AC000198FBF76DFD079BA700D8510134013E99
:10D0BC00DCE7039A3300964202DA75000135E0E7AB
:10D0CC00039B049DDDE7019802CFFBF767FB029BF6
:10D0DC00019001330293DCE7F8B504000D00002049
:10D0EC00012917DD00268F00231FFF1821686068B7
:10D0FC00FCF76EF841004908301CFBF74FFB043479
:10D10C00061CA742F2D1681EFCF7E6FA011C301C83
:10D11C00FBF736FDF8BD0000F7B5104B00251B687A
:10D12C000F4E019301230F4F5B420093019BAB42C7
:10D13C0001DC0098FEBDF16BB06BFBF7EFFE041C3D
:10D14C00011C381CFBF7B2F9002804D13C1C01353A
:10D15C002836271CEAE70095F9E7C046E8030020CB
:10D16C0004040020000080BFF0B5184B85B01B688C
:10D17C0000250393164B174F5C681B6800930194B2
:10D18C000123154E5B420293039BAB4202DC0298D7
:10D19C0005B0F0BDF86CFEF7D5FA009A019BFDF7CF
:10D1AC0017FEFEF741FAC317C0185840FCF794FA63
:10D1BC00041C011C301CFBF78DF9002804D1341C15
:10D1CC0001352837261CDFE70295F9E7E803002034
:10D1DC00C80A00200404002000FEFF46F7B50E4BE1
:10D1EC0000241B680D4E019301230D4D5B420093EF
:10D1FC00019BA34201DC0098FEBD376C281C391C36
:10D20C00FBF768F9002804D12F1C013428363D1C8B
:10D21C00EEE70094F9E7C046E80300200404002080
:10D22C0000FEFF46F0B59FB0119324AB1B88002481
:10D23C00099325AB1B78109213930023DC221A93CD
:10D24C001B931C931D93D14B03900D91D04821003F
:10D25C0052001C6016941794189419940AF078F9DB
:10D26C00CC4B1C70CC4B1B78A34220D0322319938F
:10D27C000023069300230B930893012300260F939E
:10D28C00C24D2C68092C60DC099A13981AAB0093D8
:10D29C001999323A16AB00280FD00398FFF772FD9C
:10D2AC000790002C20D0079B002B22D14DE0BB4BCC
:10D2BC001B78002BDCD01423D9E70398FFF792FDE1
:10D2CC000123169A2B60B64B9200D3580D9A1A98DC
:10D2DC0013600022109B1A60FBF75EF9119B1880FB
:10D2EC000D9B18681FB0F0BDAB4B079A1B78002A3A
:10D2FC0029D0AA4B169E1B78002B00D060E11CABEA
:10D30C00012231000398009318ABFFF79EFD099B97
:10D31C0031005A1E1DAB0398009319ABFFF7C8FDE3
:10D32C001A98FBF739F983B218000693FCF7D4F975
:10D33C001C99041CFBF74CFF1D990890201CFBF753
:10D34C0047FF0B9051E0002B30D1904B904D1E6855
:10D35C00002E00DD70E100D0B5E1099C904B013C42
:10D36C00EC60A4001A68E3582A61AB61039B6A6104
:10D37C0018682E60AE60FBF70FF9039B80B2A88390
:10D38C00E883E058FBF708F92884864B0D9A1E6059
:10D39C002B691360A88CFCF7EFF9109B119A18609D
:10D3AC00AB8B30001380FCF7E7F99BE77E4B1B78C7
:10D3BC00002B00D1DCE07D4B794D1A685B68049240
:10D3CC000593099B9C4210DAA300E858FEF7BAF9C2
:10D3DC00049A059BFBF730F8002800D1D3E023001A
:10D3EC001694323B3234189319946B4B1F78002FE0
:10D3FC0000D014E10F9B002B50D0189B199D049367
:10D40C00049A169B9A1A642A02DD1A00643A049252
:10D41C00EA1A642A01DD64331D00049BEB1A581CC4
:10D42C0080000A9309F0ACFC0700049B039A9B0054
:10D43C009B58049C0E93AB009B580C9012935C4B26
:10D44C001593A54200DBCBE01BAB009300210A9A9D
:10D45C000C9817ABFFF796FC071E1CD01B98FBF71C
:10D46C009BF883B218000693FCF736F90E99FBF77C
:10D47C00AFFE0021179E051CFBF736F8002800D0E4
:10D48C00CBE0089D079B002B02D10122414B1A7067
:10D49C00049B0895F6180C9809F07CFC3F4B1B7804
:10D4AC00002B0CD0434B1B78002B00D1BBE03C4B2A
:10D4BC004149B200D058FBF717F8002817D018993B
:10D4CC000020731ADA179B185340052B0FDD199B9C
:10D4DC00F21AD41712196240052A08DD5B1ADA1702
:10D4EC009B1853400122142B00DC02001000274B28
:10D4FC001B680493002F03D1079B002B00D124E75A
:10D50C00002830D02824049B30005F1C23007B4370
:10D51C000A93FCF7E1F81E4D0A9BE850049B1898FF
:10D52C005C43FCF7D9F82C19E0621998FCF7D4F895
:10D53C0020630698FCF720F9089B3100A3630B9B32
:10D54C0060630398E363FFF7F7FCFE239B052064FD
:10D55C0063641698FCF7C0F8114BB200D358A06462
:10D56C00E3640A4B1F60079B002B00D088E6ECE6B7
:10D57C00124B1B78002B00D01DE701F0D8F80028C7
:10D58C0000D1E2E617E701341BE7C046E8030020B0
:10D59C0004040020EC0300205A630020D901002071
:10D5AC00F40A002068670020C765002028020020CC
:10D5BC00D4200020D801002000801844D36500201E
:10D5CC00424B1B78002B00D199E6414BB200D0584E
:10D5DC00FCF762F8C3173F4CC018584020608EE629
:10D5EC00049BE01AFCF778F8129914900E98FBF74C
:10D5FC00EFFD011C1498FBF791FC14900A98FCF7B2
:10D60C006BF8011C1498FBF7BBFA159AA300D158C0
:10D61C00FBF7C4F8013401C713E70B9532E700237D
:10D62C001F000F933AE7294B1B78002B00D146E7DC
:10D63C00274B2949B2003DE7284B1B78002B3AD0E9
:10D64C00274B1B78002B33D0FFF78EFD0400254BA6
:10D65C001B78002B08D0002C06DA234B1C78002CEE
:10D66C002CD0FFF781FD040028273E006643AE193D
:10D67C00706BFAF791FF01346743A883E859FCF704
:10D68C000BF8134C80000359B06B2B61FAF784FF35
:10D69C006884F06BFAF780FFA884B06CFBF7FCFF92
:10D6AC0080000059FBF7F8FFC317C6185E406CE604
:10D6BC00FFF794FDCAE701246442C8E7022ED3D0D9
:10D6CC00FFF72AFDCFE701246442CDE75963002020
:10D6DC00F40A0020686700200000FA43D9010020FA
:10D6EC00D26500205A630020D36500200023F0B5DA
:10D6FC008BB00993BB4B0490069105939B88059ABC
:10D70C00B94C13805380B94D6388010028002380E5
:10D71C00FFF7E2FC21220026B54B1860B54B1A60CE
:10D72C00049BB34200DDBAE0B34F2122390028003C
:10D73C00FFF78EFC0026049BB34200DDB8E0002608
:10D74C00049BB34200DDBEE0AB4E28002122310029
:10D75C00FFF77EFC0025049BAB4200DDBDE00026FC
:10D76C00A24D049BB34200DDC1E0059B20881B88C1
:10D77C00C01AC317C0185840FBF7AEFF059B2860B2
:10D78C0060885B88C01AC317C0185840FBF7A4FF09
:10D79C00994E9A4A3100049B126868602800FFF782
:10D7AC0013FC412229003000049BFFF751FC21227D
:10D7BC00904C049B310028002260FFF749FC904BF1
:10D7CC001A7800239A4203D08E4B1A7801235340C7
:10D7DC00012213400293049B01920093122304AA8A
:10D7EC009B183000884909AAFFF71CFD874B18606D
:10D7FC00834B1B78002B00D0E0E0854B1E78824BCE
:10D80C00002E00D1834B1868FDF79CFF069B186413
:10D81C00596481498B8B0493069B049A6A331A8052
:10D82C00069B8A8C7A331A80754B1B78002B00D19F
:10D83C006EE1C823049C5B009C429B4177485B4291
:10D84C000370774B187800280CD0002309271C0094
:10D85C004E8C744DB7425C412C70734DBA4200D85B
:10D86C0001332B70714B1B78002B00D1DBE10023B3
:10D87C0009271C004E8C6B4DB7425C4197425B41B3
:10D88C002C70694D2B70002800D119E1498C684B24
:10D89C004F2902D94F2A00D9D0E00122CFE07300E2
:10D8AC00E05AFBF769FFB700EF193860013637E72C
:10D8BC007300E3180793B300F858FAF76DFE079B53
:10D8CC000136188037E7059A7300D05AFBF754FFDE
:10D8DC00B700EF193860013632E7059B6F00DF198E
:10D8EC00AB00F058FAF758FE0135388033E7059A4B
:10D8FC007300E05AD35AB700C01AC317C018584067
:10D90C00FBF7EAFEEF19386001362AE7079A6B003D
:10D91C00D05AFBF731FF4749FBF75AFCAF004000E8
:10D92C00F719400838600135049BAB42EEDC324DF0
:10D93C00226829003000FFF78BFB01230193049B25
:10D94C0000240093122304AA9B1830003A49029435
:10D95C0009AAFFF767FC254F049BA34233DC254A39
:10D96C00290038001268FFF773FB00230293049B15
:10D97C00012600931223274C04AA9B18210028008F
:10D98C00019609AAFFF74EFC23682B4D191C286839
:10D99C000593FAF79FFD002800D12EE7059B04AAFA
:10D9AC002B6000230293049B210000931223380068
:10D9BC009B18019609AAFFF735FC1EE70A4B0025B8
:10D9CC000A4E0793B0E7059A6300D05AFBF7D4FED2
:10D9DC001849FBF7FDFBA6004000BE19400830605B
:10D9EC000134B9E784570020944C0020B436002051
:10D9FC006067002018000020D42000201C000020AC
:10DA0C005A630020BC0A0020706700206C6700205D
:10DA1C00D90100207867002004040020F9030020BD
:10DA2C0059630020F8030020F7030020D8010020E0
:10DA3C00F603002000FC7F467467002000221A7059
:10DA4C007C4B7D491A78012353407C4A0B70137030
:10DA5C00C82304985B00984207D3794B1B78002BA2
:10DA6C0003D1784B1B78002B44D000231370764BDA
:10DA7C00764C1A68002A2CD1238875480A701B181A
:10DA8C009BB223800022734B1A70734A1278002ABF
:10DA9C0011D1724A1278002A0DD0714A1278002ADC
:10DAAC0009D1704A1278002A05D0674A1268002AF8
:10DABC0001D001221A7000226B4B1A700BB0F0BD12
:10DACC00684B182E00D8E8E6182A00D8E5E618703E
:10DADC00B6E7664B1B78002B07D000F0BBFE238803
:10DAEC00634A9B189BB22380CCE700F0B3FE2388DB
:10DAFC00604AF6E75D4909780029C3D0137000F03D
:10DB0C00A9FE524A5A4913885B189BB21380B9E795
:10DB1C00002ED3D0FA20049C800084428041564DC4
:10DB2C0040420927287018001C004D8C97425C411C
:10DB3C00AF4258415149087051480470C72D03D960
:10DB4C00C72090425B41DEB24E4B1E70434B1B789C
:10DB5C00002B05D04C4B1B6B022B01DC00230B70F4
:10DB6C000120FA25334B84461B78484C43400498DB
:10DB7C00474F2370AD00A84204D30D78002D01D17E
:10DB8C00092A38D8394B314D1B78002B22D1237000
:10DB9C002D4B1B68002B05D12B882D4A9B189BB253
:10DBAC002B800EE02B88334A9B1801229BB22B80D2
:10DBBC00384B394D1A70394B1868FDF7C3FD286086
:10DBCC00696000233B70FA23049A9B009A4200D2AE
:10DBDC0074E71DE001222F4B1A702F4B05932F4B2E
:10DBEC001868FDF7AFFD059B2D4A1860596000239E
:10DBFC0023702B88D2E7002B19D06246254B264C7C
:10DC0C001A70264B1868FDF79DFD206061603D7011
:10DC1C00002E00D152E70C4B1B68002B00D14DE7B6
:10DC2C0001233B704AE7002800D02FE608E73B7041
:10DC3C00EEE7C0460204002001040020000400208E
:10DC4C00F8030020F7030020E80300207E67002083
:10DC5C0050C3FFFFF303002059630020D8010020BC
:10DC6C00F9030020F5030020F4030020EC0300204E
:10DC7C00204E000010270000F1030020F0030020CC
:10DC8C00EF030020EE030020800A0020F2030020A6
:10DC9C00ED030020B1650020F80100207067002022
:10DCAC00409CFFFF10B50100662000F029FF10BD5D
:10DCBC0010B50100622000F023FF10BD10B501006B
:10DCCC00632000F01DFF10BD10B50100602000F0B6
:10DCDC0017FF10BD10B50100612000F011FF10BD41
:10DCEC0010B50100C02000F00BFF10BD10B50100F5
:10DCFC00672000F005FF10BD10B501006B2000F08F
:10DD0C00FFFE10BD37B50100682000F0F9FE0A4B8C
:10DD1C0001AD18685968FDF75DFD011C280005F080
:10DD2C00F4FF002420006C30295D80B2013400F037
:10DD3C00E7FE042CF6D137BDC003002000233B299D
:10DD4C0009D81818C0B2182801D9182000210002CF
:10DD5C00081880B270473C390133C9B2DBB2EEE728
:10DD6C0010B5FFF7EBFF0400010AC9B2642000F004
:10DD7C00C7FE6520E1B200F0C3FE10BD10B56420F3
:10DD8C0000F0A0FE0400652000F09CFE01002000C5
:10DD9C00FFF7D4FF10BD10B5040001000C22C52004
:10DDAC0000F0BCFE21000C22D12000F0B7FE8A202E
:10DDBC000C222100400000F0B1FE10BD70B50D4EDC
:10DDCC00050074791022122C0ED0112C10D8013CA5
:10DDDC0020002030032180B2013400F091FE122C7F
:10DDEC00F6D17279023AD2B22900202000F0C6FE98
:10DDFC0070BDC046BC05002070B505000024200095
:10DE0C00203080B200F05EFE032804D12855013486
:10DE1C00102CF4D113E02028F8D02D28F6D02E2881
:10DE2C00F4D02F2803D93928F0D94028EED8102265
:10DE3C000321280009F08CFB2800FFF7BFFF70BD01
:10DE4C0070B50D4E050074791022122C0ED0112CC9
:10DE5C0010D8013C20004030032180B2013400F086
:10DE6C004FFE122CF6D17279023AD2B22900402020
:10DE7C0000F084FE70BDC046BC05002070B50500E6
:10DE8C0000242000403080B200F01CFE032804D196
:10DE9C0028550134102CF4D113E02028F8D02D286B
:10DEAC00F6D02E28F4D02F2803D93928F0D94028C1
:10DEBC00EED810220321280009F04AFB2800FFF7B6
:10DECC007DFF70BD10B50100E02000F019FE10BD03
:10DEDC000100932010B5400000F012FE10BD9320FD
:10DEEC0010B5400000F0EEFDFF2803D1AA38FFF773
:10DEFC00EFFF552010BD10B5E02000F0E3FDFF282A
:10DF0C0003D1FD38FFF7DEFF022010BDF7B5F0247A
:10DF1C008527114E6400BF0003CEFDF75BFC01ADFD
:10DF2C00011C280005F0F1FE2000297800F0E8FD26
:10DF3C00601C697880B200F0E3FDA01CA97880B267
:10DF4C0000F0DEFDE01C0434E97880B2A4B200F0ED
:10DF5C00D7FDBC42E0D1F7BD3865002073B5114E3A
:10DF6C00114C03CEFDF736FC01AD011C280005F069
:10DF7C00CCFE2000297800F0C3FD601C697880B2CB
:10DF8C0000F0BEFDA01CA97880B200F0B9FDE01C29
:10DF9C00E97880B200F0B4FD0434044BA4B29C4286
:10DFAC00DFD173BDD0640020A3020000D7020000B3
:10DFBC0073B5114E114C03CEFDF70CFC01AD011CD9
:10DFCC00280005F0A2FE2000297800F099FD601CC5
:10DFDC00697880B200F094FDA01CA97880B200F0A2
:10DFEC008FFDE01CE97880B200F08AFD0434044B0C
:10DFFC00A4B29C42DFD173BD68640020D70200003C
:10E00C000B03000073B5114E114C03CEFDF7E2FB70
:10E01C0001AD011C280005F078FE2000297800F0E5
:10E02C006FFD601C697880B200F06AFDA01CA978B5
:10E03C0080B200F065FDE01CE97880B200F060FD74
:10E04C000434044BA4B29C42DFD173BD00640020A5
:10E05C000B0300003F03000073B5114E114C03CEAF
:10E06C00FDF7B8FB01AD011C280005F04EFE2000A9
:10E07C00297800F045FD601C697880B200F040FD05
:10E08C00A01CA97880B200F03BFDE01CE97880B2BE
:10E09C0000F036FD0434044BA4B29C42DFD173BDB6
:10E0AC00986300203F0300007303000010B50024A8
:10E0BC0020002C30FF3080B200F004FD024B1855CC
:10E0CC0001340D2CF4D110BDD403002010B5002464
:10E0DC002000064B2C30195DFF30C9B280B20134E0
:10E0EC0000F00EFD0D2CF3D110BDC046D403002062
:10E0FC0010B500242000054BC130FF30195D80B2F3
:10E10C00013400F0FDFC0D2CF4D110BD8563002012
:10E11C0010B50024054B195D85239B00E01880B2D7
:10E12C00013400F0EDFC0D2CF4D110BD786300200F
:10E13C0070B5002425004135FF35ADB2280000F044
:10E14C00C1FC431EDBB2082B04D92800052100F0CA
:10E15C00D7FC0520024B185501340F2CEAD170BDA9
:10E16C00A065002010B500242000054B4130FF3085
:10E17C00195D80B2013400F0C3FC0F2CF4D110BD3A
:10E18C00A06500200A4B37B518685968FDF722FBCB
:10E19C0001AD011C280005F0B8FD00242000E8307A
:10E1AC00295D80B2013400F0ABFC042CF6D137BDF4
:10E1BC00080000200A4B37B518685968FDF70AFBB0
:10E1CC0001AD011C280005F0A0FD00242000F63054
:10E1DC00295D80B2013400F093FC042CF6D137BDDC
:10E1EC00C80300200A4B37B518685968FDF7F2FAD6
:10E1FC0001AD011C280005F088FD00242000E4304E
:10E20C00295D80B2013400F07BFC042CF6D137BDC3
:10E21C000000002073B51A4E1A4C03CEFDF7DAFA43
:10E22C0001AD011C280005F070FD2000297800F0DC
:10E23C0067FC601C697880B200F062FCA01CA978B5
:10E24C0080B200F05DFCE01CE97880B200F058FC74
:10E25C0004340D4BA4B29C42DFD10C4BE320197853
:10E26C0000F04EFC0A4BE220197800F049FCFFF755
:10E27C00B9FF9220074B4000197800F041FC73BDA8
:10E28C00786200203B020000A3020000D3030020B0
:10E29C00D2030020D10300200A4B37B51868596807
:10E2AC00FDF798FA01AD011C280005F02EFD0024A5
:10E2BC002000EC30295D80B2013400F021FC042CEC
:10E2CC00F6D137BD300200200D4B37B518685968B0
:10E2DC00FDF780FA01AD011C280005F016FD0024A5
:10E2EC002000F030295D80B2013400F009FC042CD0
:10E2FC00F6D1044BF4201978C9B200F001FC37BDFB
:10E30C0028020020C76500200100262010B5FF3030
:10E31C0000F0F6FB10BD10B50100692000F0F0FB19
:10E32C0010BD000010B50100014800F0E9FB10BD64
:10E33C00390200000100D12010B5400000F0E0FBD4
:10E34C0010BD0100D42010B5400000F0D9FB10BD69
:10E35C000100AA2010B5FF3000F0D2FB10BD010067
:10E36C00D72010B5400000F0CBFB10BD0100D5202C
:10E37C0010B5400000F0C4FB10BD0100A42010B586
:10E38C00FF3000F0BDFB10BD0100AC2010B5FF301C
:10E39C0000F0B6FB10BD0100D22010B5400000F01B
:10E3AC00AFFB10BD0100AE2010B5FF3000F0A8FB94
:10E3BC0010BD0100D62010B5400000F0A1FB10BD2F
:10E3CC0010B5010C0400A820C9B2FF3000F098FB76
:10E3DC00D320210AC9B2400000F092FBA620E1B282
:10E3EC00FF3000F08DFB10BD002110B50800FFF7C9
:10E3FC00B7FC0120FFF768FC0120FFF76BFC002045
:10E40C00FFF7DEFF10BD10B5040000F0D3FBFFF7E3
:10E41C00EBFF21000622012000F0B0FB21000622B8
:10E42C00102000F0ABFB06222100302000F0A6FBF0
:10E43C0010BDF0B5012500272C008FB006AB059060
:10E44C00019302930395BEB2701C80B200F03AFBAC
:10E45C00029B18703000103080B200F033FB0822A1
:10E46C0006AB9B183036D8550490B0B200F02AFB9E
:10E47C00029A049912780AABF854914253D1049A37
:10E48C00904207D00024250004E00024049A039451
:10E49C008242F8D1029A013701320292062FD2D170
:10E4AC0006AA127A1B78134006AA1278FF2A0DD1FD
:10E4BC00FF3B5A425341DEB200230CA9002C02D17F
:10E4CC00039A002A0AD0019A12780DE00026FF2B3D
:10E4DC00F2D106A8FFF797FF3500EDE7002DF2D03B
:10E4EC00082006AA1218D25C5A54019A0133013240
:10E4FC000192062BE2D10023CA5C100030380928A7
:10E50C0009D906223021059809F022F80598FFF761
:10E51C007AFF0FB0F0BD0598C254002EF1D1013333
:10E52C00062BE9D1F5E79042AFD1002215000392FA
:10E53C00B0E70100282010B5FF3000F0E1FA10BD63
:10E54C0001002A2010B5FF3000F0DAFA10BD0100EE
:10E55C00952010B5400000F0D3FA10BD10B50100A5
:10E56C00014800F0CDFA10BD3602000010B50100D4
:10E57C00014800F0C5FA10BD3702000070B5050067
:10E58C0000242000803080B200F09CFA2855013421
:10E59C00102CF6D170BD10B501001022802000F0B7
:10E5AC00EDFA10BDD02310B50C000100580000F09E
:10E5BC00A7FAA2202100FF3000F0A2FA10BDF7B597
:10E5CC0004001D000091019200F07CFA060020006E
:10E5DC0000F078FA07003000BE4208D0200000F0AE
:10E5EC0071FA874203D0200000F06CFA3000019BD6
:10E5FC00984202D8009B984204D22000290000F0D7
:10E60C007FFA2800FEBD022310B51A0001216620F6
:10E61C00FFF7D5FF10BD10B507230822012162209A
:10E62C00FFF7CDFF10BD10B50023F0220A216320A7
:10E63C00FFF7C5FF10BD012310B5FF2219006020A4
:10E64C00FFF7BDFF10BD012310B502221900612098
:10E65C00FFF7B5FF10BD022310B51A000121C02031
:10E66C00FFF7ADFF10BD012310B502221900672082
:10E67C00FFF7A5FF10BD002310B5F02219006B2089
:10E68C00FFF79DFF10BD000070B50024FF2585230A
:10E69C009B00E0182A002B00012180B2FFF78FFFAE
:10E6AC00024B185501340D2CF1D170BD786300204C
:10E6BC00012310B5022219006920FFF780FF10BD5D
:10E6CC00022310B51A0001210148FFF778FF10BD95
:10E6DC00390200000123D12010B502221900984004
:10E6EC00FFF76DFF10BD0123D42010B502221900D5
:10E6FC009840FFF764FF10BD0123AA2010B5022239
:10E70C001900FF30FFF75BFF10BD0121D72010B5BA
:10E71C000B23FE228840FFF752FF10BD0123D520AA
:10E72C0010B5022219009840FFF749FF10BD0023D5
:10E73C00A42010B5FE221900FF30FFF740FF10BDDA
:10E74C000023AC2010B5FE221900FF30FFF737FF75
:10E75C0010BD0023D22010B5FE2219004000FFF797
:10E76C002EFF10BD0023AE2010B5FE221900FF3085
:10E77C00FFF725FF10BD0023D62010B50D22190080
:10E78C004000FFF71CFF10BD0023FF22A82010B58E
:10E79C0019008018FFF713FF00230400D320190081
:10E7AC00FF224000FFF70BFF240400020023FF228E
:10E7BC002418A62019008018FFF701FF001910BDBE
:10E7CC000123262010B502221900FF30FFF7F7FEB7
:10E7DC0010BD0F232A2010B51A000E21FF30FFF7B1
:10E7EC00EEFE10BD0023952010B5FF22190040004D
:10E7FC00FFF7E5FE10BD000010B50B230D22012123
:10E80C000148FFF7DCFE10BD36020000012310B5F5
:10E81C000D2219000148FFF7D2FE10BD370200008F
:10E82C0037B505000024281980B200F04BF901AB74
:10E83C0018550134042CF6D12100180005F054FAB7
:10E84C000198011CF9F72CFE002801D1002301933B
:10E85C0001983EBD002370B5062219006820FFF711
:10E86C00AEFE04006C20FFF7DBFFFCF76BFF024DE4
:10E87C0028606960200070BDC003002070B5F024D2
:10E88C008526074D6400B6002000FFF7C9FFFCF792
:10E89C0059FF0434A4B203C5B442F5D170BDC046CF
:10E8AC003865002070B5074D074C2000FFF7B8FF06
:10E8BC00FCF748FF0434054BA4B203C59C42F4D1C9
:10E8CC0070BDC046D0640020A3020000D702000037
:10E8DC0070B5074D074C2000FFF7A2FFFCF732FF85
:10E8EC000434054BA4B203C59C42F4D170BDC046A0
:10E8FC0068640020D70200000B03000070B5074DC0
:10E90C00074C2000FFF78CFFFCF71CFF0434054B71
:10E91C00A4B203C59C42F4D170BDC0460064002073
:10E92C000B0300003F03000070B5074D074C20009F
:10E93C00FFF776FFFCF706FF0434054BA4B203C5C2
:10E94C009C42F4D170BDC046986300203F03000088
:10E95C007303000010B5EC20FFF762FFFCF7F2FE2A
:10E96C0010BD000070B5334D334C2000FFF758FF3D
:10E97C00FCF7E8FE0434314BA4B203C59C42F4D13D
:10E98C00002319001A22E220FFF719FE2C4B01225A
:10E99C0018700023E3201900FFF711FE421E90416E
:10E9AC00284B1870E420FFF73BFFFCF7CBFE264BFF
:10E9BC0018605960254B18605960E820FFF730FF4C
:10E9CC00FCF7C0FE224C20606160F620FFF728FFA8
:10E9DC00FCF7B8FE1F4C20606160F020FFF720FFB1
:10E9EC00FCF7B0FE1C4B0122186059601B4B1860E1
:10E9FC0059600023F4201900FFF7E1FD431E9841F4
:10EA0C00174BC0B21870002301221900F520FFF734
:10EA1C00D6FD431E9841134BC0B2187000239220B0
:10EA2C00012219004000FFF7CAFD421E90410E4B17
:10EA3C00187070BD786200203B020000A302000039
:10EA4C00D2030020D303002000000020D80A0020AD
:10EA5C0008000020C803002028020020E00A002043
:10EA6C00C7650020C5650020D103002037B50223FF
:10EA7C006A46134C40BA53705080117120680022C2
:10EA8C00616800F0AFF9062000F070FC20680122EC
:10EA9C00616800F0A7F920680022616800F0A2F913
:10EAAC0001256B46585D013500F060FC052DF8D151
:10EABC0020680122616800F095F900F003FD37BD74
:10EACC002400002070B505000C4C00222068616801
:10EADC0000F088F9032000F049FC280A00F046FCFD
:10EAEC00E8B200F043FC00F095FC05000122206820
:10EAFC00616800F077F9280070BDC0462400002042
:10EB0C0070B505000C002800FFF7DCFFA04204D014
:10EB1C0021002800FFF7AAFFF5E770BDF8B5050046
:10EB2C000F001600144C00222068616800F05AF99E
:10EB3C00062000F01BFC20680122616800F052F9ED
:10EB4C0000222068616800F04DF9022000F00EFCF4
:10EB5C00280A00F00BFCE8B200F008FC3900300089
:10EB6C00002200F025FC20680122616800F03AF9CF
:10EB7C0000F0A8FCF8BDC04624000020F7B50D003D
:10EB8C00160005270190320029000198FFF7C6FFF7
:10EB9C000024A64200DCF7BD019B181980B2FFF7D8
:10EBAC0091FF2B5D834201D10134F2E7013F002F2D
:10EBBC00E9D1F0E730B589B02022FF2168468025E5
:10EBCC0008F0C6FC0024ED00200020342022694609
:10EBDC00A4B2FFF7D3FFAC42F6D109B030BD0000B0
:10EBEC00604B10B518680022596800F0FBF85E4BBA
:10EBFC0000221868596800F0F5F85C4B0022186880
:10EC0C00596800F0EFF85A4B00221868596800F068
:10EC1C00E9F8584B00221868596800F0E3F8564B95
:10EC2C0000221868596800F0DDF8544B002218686F
:10EC3C00596800F0D7F8524B00221868596800F058
:10EC4C00D1F8504B00221868596800F0CBF84E4BA5
:10EC5C0000221868596800F0C5F84C4B002218685F
:10EC6C00596800F0BFF84A4B00221868596800F048
:10EC7C00B9F8484B00221868596800F0B3F8464BB5
:10EC8C0000221868596800F0ADF8444B002218684F
:10EC9C00596800F0A7F8424B00221868596800F038
:10ECAC00A1F8404B00221868596800F09BF83E4BC5
:10ECBC0000221868596800F095F83C4B002218683F
:10ECCC00596800F08FF83A4B00221868596800F028
:10ECDC0089F8384B00221868596800F083F8364BD5
:10ECEC0000221868596800F07DF8344B012218682E
:10ECFC00596800F077F8324B01221868596800F017
:10ED0C0071F8304B01221868596800F06BF82E4BE3
:10ED1C0001221868596800F065F82C4B012218681C
:10ED2C00596800F05FF82A4B01221868596800F006
:10ED3C0059F8284B01221868596800F053F8264BF3
:10ED4C0001221868596800F04DF8244B002218680D
:10ED5C00596800F047F8224B01221868596800F0F6
:10ED6C0041F810BD840000207C00002064000020CD
:10ED7C00740000205C0000206C0000203401002096
:10ED8C002C010020240100201C0100201401002073
:10ED9C000C01002004010020FC000020F4000020E5
:10EDAC00EC000020E4000020DC000020D400002057
:10EDBC00CC000020C4000020BC0000203400002047
:10EDCC002C00002024000020B4000020AC00002007
:10EDDC009C000020A4000020540000204C000020C7
:10EDEC009400002007B589B206F068F907BD07B595
:10EDFC0089B206F05DF9431E9841C0B20EBD000009
:10EE0C0030B593B03822002104A808F0A1FB1022E1
:10EE1C000021684608F09CFB8020800006F0FEF97B
:10EE2C0006F0F2F91821194A0124D36D02258B43FF
:10EE3C00D3650523049380235B02059303230C9372
:10EE4C0000230D9308330E9380239B020F93802392
:10EE5C009B041093802304A89B0506940B95119397
:10EE6C0006F008FA002801D072B6FEE707230290DC
:10EE7C000390210068460093019506F063FC00287E
:10EE8C0001D072B6FEE713B030BDC0460010024090
:10EE9C00F0B58FB005F02EFEFFF7B2FF1422002163
:10EEAC0009A808F055FB04220126C74DC74C6B6B13
:10EEBC00210013436B636B6BC54813400493049B95
:10EECC006B6B1C3213436B636B6BC24F134005931C
:10EEDC00059B6B6B1E3A33436B636B6B3340069332
:10EEEC00069B6B6B13436B636B6B13400793079B16
:10EEFC006B6B063213436B636B6B134008930022EE
:10EF0C00089B06F0DBF8A02039000022C00506F0B3
:10EF1C00D5F80022B049B14806F0D0F80022B0492B
:10EF2C00B04806F0CBF809940024A94809A90A9620
:10EF3C000B940C9406F00AF8A020052309A9C0052F
:10EF4C0009930A940B9406F001F8A02009A9C005B6
:10EF5C0009970A960B940C9405F0F8FFA020032354
:10EF6C00102709A9C0050A9309970B9405F0EEFF29
:10EF7C00994B9A4809A909930A960B940C9405F09D
:10EF8C00E5FF974B974809A909930A960B940C94A3
:10EF9C0005F0DCFF0822914809A909920A940B9408
:10EFAC0005F0D4FFAB6B21003343AB63AB6B22009A
:10EFBC00334009200393039B05F0D4FD092005F091
:10EFCC00FBFD894D894B28002B60894BAC606B6035
:10EFDC00EE602C616C61AC61EC612C6206F074F833
:10EFEC000100A04201D072B6FEE7280006F0C2F87C
:10EFFC00011E01D072B6FEE7280006F0E1F8031EF0
:10F00C0001D072B6FEE7E02507247A487A4AED0073
:10F01C004360836003614361836103624362836283
:10F02C00036343630260C560C46206F009FE031EFD
:10F03C0001D072B6FEE77148714A83600260822289
:10F04C0003614361036243628362036308235200DA
:10F05C004260FC32C5608261C761C462436306F0E2
:10F06C00EFFD011E01D072B6FEE7664C664B020046
:10F07C00236096239B0163600C23A060E0602061F9
:10F08C006361A0610300E06120626062A062200005
:10F09C0007F09AFD011E01D072B6FEE7200007F0C2
:10F0AC00FBFD011E01D072B6FEE7200007F014FE36
:10F0BC00002801D072B6FEE7200007F0CFFD031E3A
:10F0CC0001D072B6FEE7FF265048514A514F0260FC
:10F0DC0046608360C7600361836106F08BFF002884
:10F0EC0001D072B6FEE74C484C4B466003600023DF
:10F0FC00C760836003614361836106F07BFF031E7D
:10F10C0001D072B6FEE74648464A4660026083600C
:10F11C00C76003614361836106F06CFF01900028B6
:10F12C0001D072B6FEE70C22019909A808F010FA7A
:10F13C003D4D3E4B28002B60019B6E60AB60EF6039
:10F14C00AB6106F057FF002801D072B6FEE70990BC
:10F15C000B9009A9280006F077FF0190002801D038
:10F16C0072B6FEE70C22019909A808F0F1F9304DAE
:10F17C00304B28002B60019B6E60AB60EF60AB6185
:10F18C0006F038FF002801D072B6FEE709900B900C
:10F19C0009A9280006F058FF031E01D072B6FEE73D
:10F1AC002548264A836002607F22C2608022D205F5
:10F1BC00066143618361C3610262436206F0EAFC4B
:10F1CC0000283DD072B6FEE700100240FF3F000061
:10F1DC00000800502809000034FF00000004005013
:10F1EC0065030000000C0050800900200054004012
:10F1FC00BB7C7000F0080020003001408C0800201F
:10F20C00003800407C06002000380140A807002090
:10F21C0000200040FFFF00005C070020004401407C
:10F22C001007002000480140F407002000140040A3
:10F23C004008002000100040540900200028004025
:10F24C00FFF7CEFC28222000194907F067FD0126A4
:10F25C00184F3B78002B12D0174D2B78DCB2002BBB
:10F26C000DD102202E7000F019FB144B3C701C7059
:10F27C00134B1C70134B1C70134B1C702C70134FC6
:10F28C003B78002BE4D00C4D2B78DCB2002BDFD17B
:10F29C0001202E7000F002FB084B3C701C70084BD8
:10F2AC001C70084B1C70084B1C702C70D0E7C046AF
:10F2BC00F8050020936700208E6700208D670020E2
:10F2CC008C6700208A6700208867002094670020E4
:10F2DC0070B50B4D0B4C0A002100280008F0CDF93D
:10F2EC002800282105F0A8FB21002822064807F059
:10F2FC0015FD0421054B1A6813688B43136070BD10
:10F30C00D0050020F80500207C06002020060020F7
:10F31C0007B56B46D91D087064230122014807F01C
:10F32C0037FB07BD7C06002010B5044C0A00010019
:10F33C006423200007F02CFB10BDC0467C06002087
:10F34C00034B1A68402311680B4313607047C04687
:10F35C00F0080020022303498A681A42FCD0024BB1
:10F36C0018707047003001400C300140402210B53D
:10F37C0001240C4B1B681968914319601968A1434F
:10F38C0019601968196019680A431A600222064B41
:10F39C0099681142FCD0054A10708022996811427C
:10F3AC00FCD110BD8C080020003800400C38004007
:10F3BC00F0B540240126144B1B681D68A5431D6045
:10F3CC001D68B5431D601D68104E15431D601A68FD
:10F3DC00802514431C60002202240D4B904208DC53
:10F3EC00022299681142FCD0802299681142FCD10A
:10F3FC00F0BD9F682742FCD09F682F42FCD18F5CE8
:10F40C0001323770EAE7C0468C0800200C38004007
:10F41C0000380040402210B501240F4803681968D9
:10F42C00914319601968A14319601968196019682A
:10F43C000A431A6006F07CFC0222084B99681142C0
:10F44C00FCD00021064A1170012299681142FCD0AF
:10F45C00D868C0B210BDC0468C08002000380040EF
:10F46C000C380040F8B5144F0400380016000D009D
:10F47C0006F05EFC40223B6819689143196001213B
:10F48C0018688843186018683043186018680B4E69
:10F49C0002431A6002200023094A9C4200DCF8BD9A
:10F4AC0097680742FCD00027377097680F42FCD052
:10F4BC00D768EF540133F0E78C0800200C3800407B
:10F4CC000038004070B50C4C002220686168FFF7D2
:10F4DC0089FC0520FFF74AFF0125FFF79BFFFFF78B
:10F4EC0099FF284205D1206801226168FFF77AFC58
:10F4FC0070BDFFF78FFFF4E72400002010B506283D
:10F50C0007D10C480222036852421A6106F024FC0F
:10F51C0010BD072801D10848F4E70E2801D107488F
:10F52C00F0E7102801D10648ECE71128F0D1054886
:10F53C00E8E7C04640080020F4070020A807002098
:10F54C005C0700201007002010B5062803D10A48DC
:10F55C0006F036FC10BD072801D10848F8E70E2844
:10F56C0001D10748F4E7102801D10648F0E711282B
:10F57C00F0D10548ECE7C04640080020F407002015
:10F58C00A80700205C07002010070020084B062865
:10F59C000BD0084B072808D0074B0E2805D0074B7B
:10F5AC00102802D0112802D1054B1B68D962704774
:10F5BC0040080020F4070020A80700205C0700206A
:10F5CC0010070020084B06280BD0084B072808D042
:10F5DC00074B0E2805D0074B102802D0112802D15A
:10F5EC00054B1B685962704740080020F407002047
:10F5FC00A80700205C0700201007002062B67047A7
:10F60C0072B670470E4B10B50400984207D103F048
:10F61C00D1FB0C4B9C4207D103F0B6FA0FE00A4B1E
:10F62C00984207D103F08CFE084B9C4207D103F0A3
:10F63C00D7FA04E0064B9842EBD103F08FFE10BDD5
:10F64C00400800205C070020F40700201007002071
:10F65C00A807002072B6FEE7F7B51B4C1B4A230027
:10F66C0010685168803318605960194B00251A686E
:10F67C005B6800260027226163610022154B01A8FC
:10F68C0026626762A662E76226636763226463642C
:10F69C002580A56304F082F86B4622009B884832D3
:10F6AC005BBA138023006A331D8023007A331D80DC
:10F6BC00230088331E605F6023007E3490331E600D
:10F6CC005F602580F7BDC046D809002000000020EF
:10F6DC0008000020E0FFEF40F8B50022334BFAF7AA
:10F6EC0091F80022324BFAF753FC04000D00314A1A
:10F6FC00314BFBF787F822002B00FBF783F8220035
:10F70C002B00FBF77FF82D4A06000F002000290084
:10F71C002B4BFBF777F822002B00FBF773F802005A
:10F72C000B0030003900FAF76DF8244A06000F0080
:10F73C0020002900234BFBF765F802000B0030007A
:10F74C003900FAF75FF8204A204BFBF741FB08F031
:10F75C009DFD00221E4B04000D00F8F781FE0028D1
:10F76C0012D01C4B1B78002B04D001221A4B1B4CC3
:10F77C001B4D1A701B4B1B78002B02D00122164B11
:10F78C001A7029002000F8BD002220002900164B19
:10F79C00F8F752FE0028F4D0124B1B78002BF0D057
:10F7AC0001220D4B0D4C0E4D1A70EAE700008940FA
:10F7BC0000E09540D7A3703D0AD581406666666629
:10F7CC0066D29EC06672A140295C8FC2F5D8894072
:10F7DC0000001E40D8010020646700208FC2F5286D
:10F7EC005CFF5840596300200000F03FF8B50D0055
:10F7FC0004000D4A0D4BFBF705F82B002200FBF71C
:10F80C0001F80B4A06000F0020002900094BFAF7FB
:10F81C00F9FF02000B0030003900F9F7F3FF064A3C
:10F82C00064BF9F7EFFFF8BD865AD3BCE3149DBF26
:10F83C00454772F90FE9FE3F4A0C022B8716A93F88
:10F84C00F8B50F0019000E4B06001B781000002BAA
:10F85C0012D00C4C0C4D00220C4BFBF7B9FA2B00C0
:10F86C002200FAF7CFFF0022094BF9F7CBFF320049
:10F87C003B00FAF7C7FFF8BD064C074DEBE7C04657
:10F88C00596300209A9999999999993F00003940A8
:10F89C000000F03F7B14AE47E17A943F0023F0B5B3
:10F8AC00B1B0CB4DCB4C09902F93012824D12870AB
:10F8BC002370FFF74FF806000F00C74B1E605F6008
:10F8CC00C64B1B78002B23D000220023F8F7C8FD71
:10F8DC0000281DD0C24B002230003900F8F7ACFDD7
:10F8EC00012300280ED02B70002323700020BD4B69
:10F8FC00BD491860596011E0099A022AD9D12B70C0
:10F90C000123D5E7287023700020B64BB749F0E7E8
:10F91C002B78002BEAD12378002BF5D1FEF7D0FE03
:10F92C00022802D10022B24B1A70FEF7C9FE012840
:10F93C0001D1AF4B1870FEF7A7FEFEF78BFFFEF759
:10F94C0008FF1890FEF76FFEAA4B05931870FEF790
:10F95C001BFF3221F8F754FD002901D101F0C4FE40
:10F96C00002301221900F420FEF729FE431E9841C2
:10F97C000023A14FC0B2190038700122F520FEF708
:10F98C001EFE431E98419D4EC0B23070FEF7ABFE7A
:10F99C00012802D000229A4B1A70FEF7D1FE10906B
:10F9AC00022802DD0122974B1A70974B1A78002A15
:10F9BC0000D1C4E0059A12783B2A00D8BFE0934BE3
:10F9CC0001221A70924B1A70924B1A78904B002AA3
:10F9DC0003D18E4A1278002A01D001221A701B78AA
:10F9EC00002B05D02B78002B02D00122804B1A70F3
:10F9FC00FEF794FE884923780860002B05D001227D
:10FA0C00864B022800D0A5E01A707D4C7F4D2378E0
:10FA1C00002B09D02B78002B06D00020FEF7B4FC6D
:10FA2C000022784B10921A702A787D4B002A00D154
:10FA3C0096E07C4A7C491180724A1278002A01D0E7
:10FA4C0001221A700124794B1C60FCF76FF9337892
:10FA5C00D8B2002B03D1764B1C70FEF7A3FCFEF73B
:10FA6C0081FE744B18603378002B06D0FA216D4A56
:10FA7C00890013885B189BB213803B78002B04D051
:10FA8C00684A13880A339BB21380654B1B78002B92
:10FA9C0004D0644A138864339BB213805C4B664C6D
:10FAAC001B78DAB20C92002B00D1F6E0FEF7A4FE24
:10FABC0022781300083B591E8B41DBB20C93574B39
:10FACC0005921B78002B06D003211000F8F728FBB9
:10FADC000330C3B205930022584B1A7008231393BA
:10FAEC0001200023227856499A4200DDDCE002F026
:10FAFC007DFF544C09991CA801F090FA48221CA9CE
:10FB0C00200007F0BAFDFEF77EFD1990FEF72AFFE4
:10FB1C00FEF7B4FEFEF7C6FEFEF7DAFEFEF7EEFECB
:10FB2C00FEF702FF484B1B78002B01D0FCF7ECF9D9
:10FB3C00414B01241A78454900234548BCE01B7809
:10FB4C00002B00D140E7059B1B78092B00D83BE725
:10FB5C00304B35E702201A700860FEF707FC54E7BB
:10FB6C003C4A1278002A19D02A4A1278002A15D059
:10FB7C002C4A394911803278D4B2002A00D06EE771
:10FB8C0001251D70294B02321A603C70FEF79CFB5C
:10FB9C00FCF7CCF8264B1D7020005EE71A4A117852
:10FBAC0000295DD0217800295AD03278002A08D15A
:10FBBC001C4A2A49118001221A701C4B1A601C4BDA
:10FBCC001A7000243C70FEF77FFBFCF7AFF8E3E7FC
:10FBDC0059630020D8010020E80A00205863002057
:10FBEC0000708740C80A002000D0864000208C405E
:10FBFC004D630020F10A0020C7650020C565002078
:10FC0C0088670020F00A00208D6700208B67002099
:10FC1C008C6700208A670020DC0100205C630020D8
:10FC2C009167002080670020102700003C02002014
:10FC3C00C6650020D00A0020410200204C63002041
:10FC4C00E1010020800A0020AF650020D4030020D1
:10FC5C006B63002089670020204E00003075000087
:10FC6C001278002A00D1FAE62278002A00D0F6E6B3
:10FC7C003278D5B2002A00D0F1E601246B4A6C49E7
:10FC8C0011801C706B4B1C603D70FEF71DFBFCF76C
:10FC9C004DF8694B28001C70DFE6FEF736FD032398
:10FCAC00434305930C9B1AE7C85401331CE7CD5C06
:10FCBC00022D00D9C45401339A42F8DC00F07AFECC
:10FCCC0003F08AFBFA20C00004F03AFF00231193E2
:10FCDC0012930B93FFF7C0FC584C236B012B3DD1B7
:10FCEC00574B1B78002B39D003F006FC022835D17A
:10FCFC00FEF7B9FC012831D103F0FEFB01282DD011
:10FD0C0003F0FAFB012829D04E4823680422037023
:10FD1C00030039331A704C4B00241A6803007833F3
:10FD2C001A800300FF227E331A70312503F0D6FFB0
:10FD3C0003F0C2FF04F036F90022E30FA542534151
:10FD4C00DBB2934201D0904203D1FBF7EFFF31B00D
:10FD5C00F0BD0A2004F0F4FE0134EBE7A269E3697C
:10FD6C00A06AE16AFAF714F9FBF75EFCAF22374B95
:10FD7C000021069012011800089307F0E9FBAF224E
:10FD8C00334D00212800120107F0E2FBAF22314E67
:10FD9C0000215201300007F0DBFBAF2200215201A1
:10FDAC002D4807F0D5FBAF222C4F00215201380013
:10FDBC0007F0CEFB6B461B8B320029000D93009392
:10FDCC0008983B0003F0ECFA254B264D1A782B785B
:10FDDC00134022003C3212781A420DD0353423786D
:10FDEC00002B09D0204B1868596803F03DFB002309
:10FDFC0001222B701D4B1A7000221D4B1A8002F031
:10FE0C00FDFF0E4B9868D96802F056FF03F050F8CE
:10FE1C0002F0EEFF08900028FAD1164B1B78DAB2EC
:10FE2C000A92002B28D103F003FF90E78067002093
:10FE3C00409CFFFF3C020020C6650020800A002089
:10FE4C00D9010020D80900208467002084570020A5
:10FE5C00944C0020B4360020D4200020F40A00205A
:10FE6C008F67002091670020C80A0020130A002029
:10FE7C007E67002040020020C94B089AC9491A80AD
:10FE8C00C94ACA4B966B176809785E70FBB2002999
:10FE9C0005D0126C002A02D01B019B18DBB2C34C9C
:10FEAC00C34A2370C34BC04D22626362286A696ADD
:10FEBC00C14AC24B22636363A262E36223008833AC
:10FECC0018605960AA6AEB6AFAF782FFFBF7ACFB81
:10FEDC00C317C0185840FBF7E3FBB94B90341B78A1
:10FEEC0020606160002B37D05A2318AA9B1800227F
:10FEFC003E351A802B780124934201D1B14B1C78EA
:10FF0C00B14B1B78002B12D0B04B1B78002B09D0B7
:10FF1C00A549AF4B002208694969F8F787FA002315
:10FF2C00984206D0AB4B1B78002B00D029E1012363
:10FF3C0023405A2418AAA41831003A0006980094B9
:10FF4C00FBF780FDA44B22881A80A44B1B78002B56
:10FF5C0000D022E101F030F894490D98FDF7C6FB72
:10FF6C00994B1B78002B09D08F4B1A6B012A00DDA3
:10FF7C006CE15A6B9A4B1A4200D067E10E9B0F9CB6
:10FF8C0006930794904B1A788E4B1B78002B00D15C
:10FF9C007DE19449944B09781B78002900D174E1D8
:10FFAC00924C8249086C496C20606160591E0B1C94
:10FFBC00090600D500238C495BB20B708C490B7081
:10FFCC008C4B1B78002B03D08B498C4B0968196028
:10FFDC0000218B4B1B788B4208D18A48724B0078DE
:10FFEC00884203D036331B785B42D9B2864B6F4CB8
:04FFFC001970002A4E
:020000040801F1
:1000000059D0794B6B4E1B78002B54D1824D099BF4
:10001000286869680093069A079BFFF763FB2062D4
:100020006162FFF7E9FB22696369099F20636163ED
:100030000097FFF70BFC226963690E920F932A6801
:100040006B68A062E162206C616C009201930E9A71
:100050000F9BFCF7E3F80B0002003100A260E360A5
:100060003F310978002908D031003D3109783068E6
:10007000FCF77CFA80342060616000214E4D4D4CCD
:10008000AA68EB680091216C2068FBF70DFE059BC8
:10009000624A013B05931378383501331370604B86
:1000A00028701B78002B06D03D3423785A425341E8
:1000B000119AD318119301F071FB454B1B78002B5B
:1000C00009D0584B1B78002B05D04B4B564A106873
:1000D000516818605960374C2068FBF773FE534B2A
:1000E0001870002002F078FA0C9B002B04D0119BB2
:1000F000139A934200D1F2E0059B002B04DC3634C6
:100100002378002B00D0EAE0494B1C78002C00D06B
:10011000E5E0434B2FAA1978354B187801F0F2FE31
:10012000FF22444B0A941A70199B012B0BD10A9C95
:10013000414B02940D9C414A0194414C4149424833
:10014000009403F089FB414B1B78002B02D10A9BE2
:10015000002B17D0184803F0C7FD312403F0B2FD7F
:1001600003F026FF0022089B0899DB0F8C425341C5
:10017000DBB2934202D0904200D0B6E10A9B002B42
:1001800000D0B9E1069B079C0E930F94A8E509499E
:100190002F4B00228868C968F8F74EF9002398426F
:1001A00000D0CAE6CBE62B4B1870DBE67C6700205C
:1001B0005C630020800A0020D80900208FC2F52847
:1001C0005CFF58400E2DB29DEFFF58408F67002016
:1001D000D90100205A6300205963002000004440E8
:1001E000D80100204A0A0020BC0A0020FF00FF00BE
:1001F000F2030020A4660020C80A0020100A002094
:10020000B50A002084670020686700208C67002002
:10021000BE0A0020560A002030020020F20A002008
:1002200001040020B60A002028020020110A002044
:100230004C630020570A0020D4200020B436002050
:10024000F40A0020944C0020845700203D01002037
:1002500000003E40E0010020A94D287802F03EFA5F
:10026000A84C2B78A061022B12D102F047FB06901C
:100270000791069A079B226163610699079AA24B30
:1002800019605A60A14B1B78002B00D17CE67FE6F9
:1002900002F078FAEBE7013393E6002A00D19DE6FD
:1002A0009B4B9C4C1D78002D00D097E69A4B1B78F9
:1002B000002B10D0994B93492F95086C496C18600E
:1002C0005960974B1B78002B00D187E623680B936E
:1002D000A36B129382E62F9B01332F937EE60122BC
:1002E000904B1A70FDF79CFFFDF752FFFDF768FF7A
:1002F0008D4B1B78002B00D1F0E08C4B1B78002B32
:1003000068D08B4B1C685D688A4B20001A685B685C
:100310000E920F93884B29001E685F680E9A0F9B00
:10032000F9F776FA854B1A901B911A685B683000D2
:100330003900F9F76DFA02000B001A981B99FAF7C9
:100340004DFD4B005B0815931490002214981599ED
:100350007B4BF8F777F8002811D132003B002000E2
:100360002900FAF73BFD4B005B081793169000221B
:1003700016981799724BF8F779F800282AD00E9A38
:100380000F9B704E30687168FAF728FD6E4A6F4B0C
:10039000FAF73EFA6E4F3A687B68F9F739FA0E9A27
:1003A0000F9B04000D00326073603C607D60002292
:1003B0000023F8F747F8002807D100222000290081
:1003C000644BF8F753F8002804D00020604B6249D2
:1003D000186059600122614B1A70614B1B78002B29
:1003E00001D0FDF75FFFFDF775FF5E4B1B78002B1B
:1003F0000CD02C226B469B181878FDF7E0FF0B9B66
:10040000002B03DD584B0B9A1299D154414B1868BD
:10041000C0B2FEF7B1F8554B1B78002B03D0FDF7A7
:100420005BFEFDF7A5FE524B1B78062B03D03E4B1F
:100430001B78002B55D1FEF780F90130C0B2FDF7D3
:10044000A2FFFBF779FC189B581CC0B2FDF7A9FF6F
:100450000021FA20FEF75AFB464B1B78002B04D1F3
:10046000109B581CC0B2FDF795FF189B092B05D9AE
:10047000012002F0B1F80020FDF793FFFDF774FDB5
:10048000FDF79CFD2A4B1868596801F049F92D4B7E
:100490001868596801F056F9374B18680130FE2882
:1004A00000DDFE201860C0B2FDF782FFFEF772F992
:1004B0000130FDF78BFFFF22304B1A70304B1B7859
:1004C000002B00D130E62F4B1B78002B00D12BE600
:1004D000104B2D4A5B6C9BB2138025E61F4A1370AC
:1004E0007BE70020FDF74FFFADE70A2004F02EFB6D
:1004F000089B0133089333E600F068FAFFF72DFC00
:10050000DA010020D809002008000020B40A0020E9
:10051000BC0A0020800A002001040020C80A002034
:1005200000040020D1030020D3650020A066002035
:100530002802002018020020E00A0020E80A00201B
:1005400000002440300200203BDF4F8D976E923F29
:10055000580A002000002C4000002E40C7650020F3
:10056000A26600208B6700209F6500208F67002017
:10057000110A0020F00A0020D00A0020560A0020AC
:100580005A630020D80100207C67002001210A4B1B
:1005900082B01A6C0A431A641A6C0A4080210092D5
:1005A000009ADA6B49050A43DA63DB6B0B4001936F
:1005B000019B02B07047C0460010024010B5040015
:1005C00094B01422002102A806F0C8FF34220021B2
:1005D00007A806F0C3FF174B22689A4227D12023B1
:1005E00007A8079305F072F9002801D0FFF738F843
:1005F0000222114C1148636B02A913436363636BBE
:1006000013400093009BC0230293AE3B039300234F
:10061000049305930633069304F09EFC8022E36B5B
:1006200092031343E363E36B13400193019B14B004
:1006300010BDC046005400400010024000040050AD
:1006400010B504008EB03422002101A806F086FF08
:10065000104B22689A421BD180239B020193802376
:1006600001A85B000D9305F031F9002801D0FEF7D9
:10067000F7FF8022084B1202D96D0A438021DA6508
:10068000DA6BC9000A43DA63DB6B0B400093009B13
:100690000EB010BD002800400010024010B504004C
:1006A0008AB01422002105A806F058FF23681F4ACB
:1006B00093421CD180211E4B49011A6CA0200A4391
:1006C0001A641A6CC0050A4001210192019A5A6B02
:1006D0000A435A635B6B0B400293029B154B05A9BF
:1006E00005930223069304F037FC0AB010BD124AAA
:1006F0009342FAD180210E4BC901DA6B0F480A43AD
:10070000DA63DA6B0A4008210392039A5A6B0A43B0
:100710005A635B6B0B400493049B1A230593183BAD
:100720000693013B099305A9DDE7C046003001406F
:1007300000100240C280000000380040000C005051
:100740007FB50368324A934212D11021314B1120F8
:10075000DA6B0A43DA63DB6B00220B4001930F393B
:10076000019B04F005FA112004F02CFA07B000BD3B
:10077000294A93420FD12021264B1220DA6B0A43DB
:10078000DA63DB6B00220B4002931F39029B04F0FB
:10079000EFF91220E8E7214A934210D180211D4B46
:1007A00009021A6C13200A431A641B6C00220B40C6
:1007B00003930121039B04F0DBF91320D4E7184ACB
:1007C000934210D18021134B89021A6C15200A43E1
:1007D0001A641B6C00220B4004930121049B04F05B
:1007E000C7F91520C0E70F4A9342BFD18021094BBA
:1007F000C9021A6C16200A431A641B6C00220B40B3
:1008000005930121059B04F0B3F91620ACE7C0461F
:100810000010004000100240001400400020004082
:10082000004401400048014070B5060094B0142215
:10083000002102A806F092FE3422002107A806F04B
:100840008DFE274B32689A4247D1012307A80793B0
:1008500005F03CF8002801D0FEF702FF8021214B73
:10086000C9011A6CA0200A431A641A6C00250A40B8
:100870000092009A0122596BC005114359635B6BCA
:1008800002A913400193019BB0235B010293022351
:10089000049503930595069204F05EFB124C134BEE
:1008A00020002360322363604E33A560E56023613E
:1008B0006561A561E561256204F0E4F9A84201D013
:1008C000FEF7CEFE0022331D1B201100DC67A6625E
:1008D00004F04EF91B2004F075F914B070BDC04649
:1008E00000380140001002402006002008000240AD
:1008F000FEE7FEE77047704710B504F015F910BD2C
:1009000010B5024804F0D4FA10BDC04620060020FD
:1009100010B5024805F078FA10BDC0464008002026
:1009200010B5024805F070FA10BDC046F40700206B
:1009300010B5024805F068FA10BDC046A8070020AF
:1009400010B5024805F060FA10BDC0465C070020F3
:1009500010B5024805F058FA10BDC0461007002037
:1009600010B5024805F03EFC10BDC0467C060020D4
:1009700010B5034B012218685968FEF739FA10BD0B
:100980008400002010B5034B002218685968FEF758
:100990002FFA10BD8400002010B5034B0122186807
:1009A0005968FEF725FA10BD7C00002010B5034BF6
:1009B000002218685968FEF71BFA10BD7C00002061
:1009C00010B5FFF7D5FFFFF7E7FF10BD10B5FFF734
:1009D000D9FFFFF7EBFF10BD10B5034B01221868DC
:1009E0005968FEF705FA10BD6400002010B5034BEE
:1009F000002218685968FEF7FBF910BDB40000200A
:100A000010B5034B012218685968FEF7F1F910BDC3
:100A1000B400002010B5034B002218685968FEF797
:100A2000E7F910BDAC00002010B5034B0122186897
:100A30005968FEF7DDF910BDAC00002010B5034B7E
:100A4000002218685968FEF7D3F910BDA4000020F1
:100A500010B5034B012218685968FEF7C9F910BD9B
:100A6000A400002010B5034B002218685968FEF757
:100A7000BFF910BD9C00002010B5034B012218687F
:100A80005968FEF7B5F910BD9C00002010B5FFF7BE
:100A9000ADFFFFF7BFFFFFF7D1FFFFF7E3FF10BD8B
:100AA00010B5FFF7ADFFFFF7BFFFFFF7D1FFFFF76F
:100AB000E3FF10BD304B10B5186800225968FEF7EF
:100AC00097F92E4B002218685968FEF791F92C4BC4
:100AD000002218685968FEF78BF92A4B0022186823
:100AE0005968FEF785F9284B002218685968FEF707
:100AF0007FF9264B002218685968FEF779F9244BD4
:100B0000002218685968FEF773F9224B0022186812
:100B10005968FEF76DF9204B002218685968FEF7F6
:100B200067F91E4B002218685968FEF761F91C4BE3
:100B3000002218685968FEF75BF91A4B0022186802
:100B40005968FEF755F9184B002218685968FEF7E6
:100B50004FF9164B002218685968FEF749F9144BF3
:100B6000002218685968FEF743F9124B00221868F2
:100B70005968FEF73DF910BD34010020BC0000208B
:100B8000D40000202C010020240100201C010020A2
:100B900014010020FC000020E4000020F4000020EC
:100BA000EC000020DC00002004010020CC0000202C
:100BB000C40000200C01002010B5FFF77BFF074B9D
:100BC000012218685968FEF713F9054B01221868CD
:100BD0005968FEF70DF9FFF7FFFE10BD4C0000202D
:100BE0005400002010B5FFF765FF034B0022186882
:100BF0005968FEF7FDF810BD4C000020304B10B5D1
:100C0000186800225968FEF7F3F82E4B0122186885
:100C10005968FEF7EDF82C4B012218685968FEF769
:100C2000E7F82A4B012218685968FEF7E1F8284BCB
:100C3000012218685968FEF7DBF8264B0122186874
:100C40005968FEF7D5F8244B012218685968FEF759
:100C5000CFF8224B012218685968FEF7C9F8204BDB
:100C6000012218685968FEF7C3F81E4B0122186864
:100C70005968FEF7BDF81C4B012218685968FEF749
:100C8000B7F81A4B012218685968FEF7B1F8184BEB
:100C9000012218685968FEF7ABF8164B0122186854
:100CA0005968FEF7A5F8144B002218685968FEF73A
:100CB0009FF8124B002218685968FEF799F810BD8A
:100CC00034010020BC000020D40000202C010020B2
:100CD000240100201C01002014010020FC00002041
:100CE000E4000020F4000020EC000020DC000020E4
:100CF00004010020CC000020C40000200C010020D2
:100D000010B50400002901D0FFF7D4FE601E0E28A4
:100D10000FD8F7F7F7F9080F11131517191B1D1F37
:100D2000212325272900114B186801225968FEF755
:100D30005FF810BD0E4BF7E70E4BF5E70E4BF3E7F0
:100D40000E4BF1E70E4BEFE70E4BEDE70E4BEBE7EB
:100D50000E4BE9E70E4BE7E70E4BE5E70E4BE3E7FB
:100D60000E4BE1E70E4BDFE70E4BDDE7BC0000204A
:100D7000D4000020140100202C010020E4000020F9
:100D800024010020F4000020EC0000201C010020C1
:100D9000DC000020FC00002004010020CC0000202A
:100DA000C40000200C010020F7B50190FFF782FE7F
:100DB000284B294A1B780B270092002B04D1274B84
:100DC0001B78002B00D0177800242600244D009BB0
:100DD0001B78A34200DCF7BDB742FCDD2A78013462
:100DE000002A1CD02000A34200DAE01A019B002B4D
:100DF00001D000232B7002381A4B0C2809D8F7F7C2
:100E000081F90710121416181A1C1E20222426001D
:100E1000154B186801225968FDF7EAFF01360135C4
:100E2000D5E7124BF5E7124BF3E7124BF1E7124B04
:100E3000EFE7124BEDE7124BEBE7124BE9E7124BF2
:100E4000E7E7124BE5E7124BE3E7124BE1E7124B02
:100E5000DFE7C0465963002041020020D80100208E
:100E6000E1010020BC000020D4000020140100207B
:100E70002C010020E400002024010020F4000020C8
:100E8000EC0000201C010020DC000020FC00002001
:100E900004010020CC000020C400002010B5FFF7A2
:100EA00009FE034B012218685968FDF7A1FF10BD28
:100EB000340100200120704710B506F0B7FB16235F
:100EC00003600120404210BD10B506F0AFFB1623B1
:100ED0000360FEE770B50E0014000025A54201DB9B
:100EE000200070BD00E000BF70550135F6E770B519
:100EF0000E0014000025A54201DB200070BD705DCE
:100F000000E000BF0135F6E7012040427047802332
:100F10009B0100204B607047012070470020704704
:100F20000B490C4A0300521A0B4910B508680028F7
:100F300001D10A4808600868C318934206D906F030
:100F400075FB0C2303600120404210BD0B60FCE7E1
:100F50000004000000900020486300205869002031
:100F60007047000070B5FDF73AFC0E4C0E4D206046
:100F70002B780F280DD1002B01D10F2070BD0E2032
:100F8000FDF7E4FA0E2323602B78002BF5D02068C0
:100F9000F4E70E28F8D1002BEFD00130FDF7D6FA98
:100FA0000F23F0E70C020020C16500200F2802DDAE
:100FB000024B18787047024BC05CFBE7E001002051
:100FC0009F650020144A30B514680F2C23DC134BA6
:100FD0001D78002D02D0092800DD0920104B1B7858
:100FE000002B02D00923082802DC031E00DC0123A9
:100FF000110034310978906B29400125082800DC64
:101000000025294204D0984202DD51680131516027
:101010009363044AA35430BD800A00205A63002021
:10102000D90100209F65002070B50400FDF786F807
:10103000FDF742F8FDF7CAFB174B18491870184B1B
:101040001B78002B04D1174B1B78002B04D01649BA
:101050004822200006F017FB144B1B78002B09D008
:10106000012213490A70032B04D9180010401342BF
:1010700000D10870FFF776FF0500FFF797FF012208
:101080000C4B25601A7000230B4AA06313702000DC
:101090002364636470BDC046DA0100209001002023
:1010A00059630020D801002048010020B0650020CD
:1010B000C1650020D90100205A630020F0B58E4B95
:1010C00087B01F780193FDF765FB0B21F7F79EF9B9
:1010D00001238A4D05916B540B0006330393019B4A
:1010E0001A78039B9A4201DA9B1A03930121039B0E
:1010F0000291EB18013B1970002381499A4230DCC0
:10110000FAF77CFC05F008FF00237E4E336473641D
:101110007D4B1B780093002B31D0019B1A78330054
:101120003C331B78002B27D133680133934200DD19
:101130009B1A01223360EB18013B1A70734A136843
:10114000013313606C4B714C1A7823689A4206D1B4
:101150000D220021280006F001FA0023236007B0C9
:10116000F0BDE85C0133002802D1C85C002801D042
:10117000013FC3E70293C1E7654B1B68D9E7654BA5
:101180001A78002ADED0019B604C1B7862480099D7
:10119000049301702368002F3BDD012F0FD1029AC9
:1011A00001333260AA18013A17702360002001222F
:1011B000544B5A4918615961574B1A70C2E7022FB4
:1011C00028D10120029A564F3260AA18013A1070B5
:1011D0001A1822604948009A04998A4204DB494B54
:1011E0001B6C002B0DD1E1E7815C561C00290ED150
:1011F000B95C00290BD1434902330E6401212360FD
:10120000815400203F4B4749186159619AE73200E9
:10121000E2E70092049A0499023A481E9A4205D1E4
:10122000059B384A013313602060BFE798420CD118
:10123000344B039A1A60049B23603B4B1B78002BB2
:10124000B4D00122394B1A70B0E705F095FE019B2E
:101250001F783900F7F7DAF8284B5B5C002BF4D1E4
:101260002F4B5B5C002B02D0009B002BEDD04B1C66
:10127000336001236B54236801332360FB1A022B74
:1012800004DC244B1B78002BBBD0A8E705F074FED0
:10129000019B1F783900F7F7B9F8184B5B5C002BFE
:1012A000F4D11F4B5B5C002B02D0009B002BEDD0D8
:1012B0004B1C336401236B54236801332360FB1AF6
:1012C000022BDEDD05F058FE019B1978F7F79EF83A
:1012D0000A4B5B5C002BF5D1114B5B5C002B02D001
:1012E000009B002BEED04B1C736401236B542368CE
:1012F00001332360C5E7C046410200205E63002041
:101300006A630020800A0020596300205463002093
:1013100050630020D80100205D6300200000694078
:101320006B630020000054408C6700204C63002059
:10133000F7B5AA4C002123003E3319700123236323
:101340000223FF33A38623000D223633A4481970ED
:10135000A1872164616406F001F9A24B1D78002D7C
:1013600000D17FE0A04B00221B78002B78D0802397
:10137000DB05A261E36100229C4BA260E3600022D6
:101380009B4B2261636100229A4BA262E3620323BA
:101390006360994B00221E685F68984B30003900EB
:1013A000F7F764F8002801D00026944F944B1B787F
:1013B0000093002B02D0934B1E685F680022300020
:1013C0003900914BF9F70AFD904A914BF9F720FA51
:1013D00002000B0000208F49F9F700FD00228E4B20
:1013E00006000F00F7F742F8002801D000268A4FC8
:1013F0008A4B266267621B78002B51D0009B002B22
:1014000047D1874B1A685B6800920193854A13881D
:1014100001339BB21380002D3ED0834B00221E6807
:101420005F68824B30003900F8F7F2F9804BA06218
:10143000E1621A685B6830003900F8F7E9F9734A2D
:1014400006000F0000980199714BF9F7E1F90200CD
:101450000B0030003900F9F7C1FC206261621FE027
:10146000744B86E7744B1B78002B92D080230022AC
:10147000DB05A261E3610022704BA260E360002201
:101480006F4B2261636100226E4BA262E362022312
:101490007EE700220023B7E7674B1B78002BBCD107
:1014A000694B1B78002B00D186E0002D00D17BE03A
:1014B000FDF767F9002803D0644B1B78002B06D09A
:1014C000634B07221D78002362499D4263DC0122A1
:1014D000424B1860604BC254604A1368013313607A
:1014E00001215F4A3D4B117003225A6000223F33B5
:1014F0001A705C4B394C1B78002B06D023003E330E
:101500001B78002B01D0012363602068FFF74EFD9C
:10151000226B6368A0639A4203D123000122363311
:101520001A7023003C331B78002B14D14E4B1B78D0
:10153000002B10D04D490022086849684C4BF6F743
:1015400081FF002807D0206A616A0022494BF8F722
:101550005FF92062616223003D331B78002B07D0C6
:10156000206A616A0022434BF8F752F920626162F7
:10157000206A616A0022284BF6F778FF002803D022
:101580000022254B2262636200223B4B1A703B4BC8
:1015900001321A70F7BDCE5C5C1C964202DC200062
:1015A000CA5CD2B2230090E7234B1B78002B00D1FA
:1015B00096E7FFF783FD93E70223084CFF33E387A9
:1015C000FDF72AF9224B01301B782060984201DD9B
:1015D000C01A2060FFF772FD8BE7C046800A00202A
:1015E0005E630020596300204D63002000005940D5
:1015F0000000444000908A403002002000488C40A7
:10160000A0660020E80A0020004085409A99999938
:101610009999E93F0060834000808640C7650020BB
:10162000C8650020806700201002002000206C4068
:10163000280200200000F03FD801002000003E40BA
:101640000000544000E0854091670020886700203A
:1016500041020020D40300205D6300205463002079
:10166000BD0A0020080200205B630020000000206B
:101670000000144000004940D90100205A630020B6
:1016800010B50D222821034805F068FFFCF736FD50
:1016900010BDC0468563002010B5682200210348B4
:1016A00005F05CFFFCF78AFC10BDC04668640020B2
:1016B00010B5682422000021064805F04FFF2200E3
:1016C0000021054805F04AFFFCF7A2FCFCF7CAFC24
:1016D00010BDC046006400209863002010B5682249
:1016E0000021034805F03AFFFCF73EFC10BDC04660
:1016F000D064002010B50D22FF21034805F02EFF15
:10170000FCF70CFD10BDC0467863002010B5022028
:10171000FCF732FE0222014B1A6010BDDC010020F2
:10172000D0B506000F00054C60220549200005F0E9
:1017300003FF26666766FCF76BFCD0BD00640020E3
:1017400008640020D0B506000F00054C6022054952
:10175000200005F0F1FE26666766FCF783FCD0BD2D
:1017600098630020A0630020F8B50C684D680668F7
:1017700047682B00220030003900F6F763FE0300B3
:101780000120002B08D12B00220030003900F6F791
:101790006DFE431E98414042F8BD0000F0B5BF4BBE
:1017A0008FB01B78002B00D1CBE0BD4ABD4B116B35
:1017B00018780139BC4BC9005B18002800D12CE116
:1017C000BA490868496818605960130035331B78B6
:1017D000002B02D10121B64B1970130036331B7850
:1017E000002B00D1ADE0536800240293B14B0026DA
:1017F0001B7800275A425341029A9B18043B1D0054
:101800000093A94B0893029B9D4200DA0AE1AA4B80
:10181000002C00DCC9E1002220001A70F9F746FF15
:101820000490059102000B0030003900F8F7B6FB78
:10183000002400250A900B91009E9B4F029B9E4224
:1018400000DA09E1049A059B20002900F8F7A6FBBD
:1018500006F090FD002300260027049308900991CC
:10186000914B0D93009B029A934200DA66E1049833
:10187000F9F71CFF02000B0030003900F8F78EFB6F
:1018800000900191009A019B8C4C226063608C4B0C
:101890001D788C4B1B785BB2022B00DDBCE101276D
:1018A000894B1F70002D11D0884E894D3378002B45
:1018B00000D198E1009801990022864BF6F7C2FD0D
:1018C000002800D18FE100232F703370824B1B78EA
:1018D000002B36D020686168804B814D1A685B68A8
:1018E000F9F77CFA7F4B286069601B6800210C2B9C
:1018F00001DC0D31C91A00230D227B48FAF72CFBBD
:101900006E4C2668676832003B00F9F767FA009072
:101910000191019B009A5B00100059080022734B53
:10192000F6F7A4FD00280CD00122714B1A70714B00
:101930001E605F60694B186859686F4B206061607A
:101940001A706E4B1B78002B00D12BE26C4B544C61
:101950001B78002B4FD16B4B1B78002B4BD06A4B65
:101960001B78002B47D12268684B013AD2009B18A4
:101970001E685F680022002330003900F6F776FD0C
:10198000002838D0624B1B8818000093F9F78EFEB0
:101990000022029003915F4B30003900F8F738FFC6
:1019A00002000B0002980399F6F74CFD5A4D0028EF
:1019B00007D0002230003900584BF6F761FD0028AF
:1019C0000CD1009B042B00D94CE1002230003900DF
:1019D000534BF6F755FD002800D143E100222B6858
:1019E00001332B60474B1A704E4B1A704E4A1388C6
:1019F000C8339BB21380484A1368042B00DC33E1E0
:101A000001214A4B00201970002300211360484B2C
:101A100018605960FFF740FE26E1464846491860C5
:101A20005960DAE6089AEB009B181A685B68049222
:101A30000593049805993F4A3F4BF6F703FD0028AC
:101A400008D0049A059B30003900F7F7E1FE060044
:101A50000F0001340135D6E6F300DB191A685B6824
:101A60000892099308980999324A334BF6F7EAFC31
:101A7000002811D00A9A0B9B08980999F9F7AEF93A
:101A800002000B00F8F7C4FE02000B002000290042
:101A9000F7F7BEFE04000D000136CFE6D9010020A5
:101AA000800A0020F2030020F8650020C80A002008
:101AB000D2650020C16500203802002030020020DD
:101AC00058630020A4660020A2660020D8010020F0
:101AD0005963002000708740C7650020E80A002095
:101AE000C8650020D00A0020986300200000244030
:101AF000A066002018020020A16600205A63002082
:101B0000BC0A0020010400208C67002068640020CB
:101B1000520A00200000D03FB4650020000044407D
:101B200000003440000400207E670020D1650020C2
:101B3000C80300200000C0FFFFFFDF41009B0D9A9B
:101B4000DB009B181C685D68C04A20002900C04B60
:101B5000F6F778FC002824D00A9A0B9B2000290075
:101B6000F9F73CF94B005B0806900793069A079B30
:101B700008980999F6F784FC002807D10698079978
:101B80000022B44BF6F75EFC00280AD0049B30001C
:101B900001333900049322002B00F7F739FE0600C9
:101BA0000F00009B013300935CE6AB4A1668576850
:101BB000AA4A1278002A04D000221A7000960197CF
:101BC00060E601241C70A64B1A685B6800920193C2
:101BD0000098019900220023F6F748FC0028EDD078
:101BE000A04B1C704EE62B78002B00D16EE60098BF
:101BF000019900229C4BF6F743FC002800D165E6D2
:101C00000023022001222B70984B32701860984BF1
:101C10001A70FCF7B1FB59E6964E3778002F00D1C9
:101C2000F6E00098019900228F4BF6F70BFC002894
:101C300010D08B4B1A685B68009201930098019951
:101C40000022894BF6F71CFC002803D0009A019B68
:101C500022606360002D00D0DDE0EEE0002F00D1B7
:101C600034E6EAE000232B60834B844D1B7800931D
:101C7000002B60D1824B834F1B78002B04D1824B09
:101C80001B78002B00D193E0804B1B78002B04D1F4
:101C90007F4B1B78002B00D086E07E4B1B78002BFF
:101CA00004D17D4B1B78002B00D17DE07B497C4B20
:101CB000086849681A685B68F9F790F80290039120
:101CC000039B029A5B0059081000764B0022F6F73E
:101CD000CDFB6B49744A00280CD01368734801335C
:101CE00013600023037072480B7003889133FF3335
:101CF0009BB203801368032B56DD01230B70002178
:101D000011606C4A1370654B6B4A18685968236BF5
:101D1000013BDB00FB18186059602368674C013BEE
:101D2000DB00D21810605160E418654B1888F9F791
:101D3000EBFC206061602B0036331B78002B31D028
:101D40002B003D331B78002B03D04A4B1B78002B14
:101D50005AD100246B6804935A4B1B78A34201D1DB
:101D6000049B9C1E002500260027464B0693049BDF
:101D70009C422FDB002D47DD2800F9F797FC02007D
:101D80000B0030003900F8F709F93D4B1B78002BA8
:101D900008D0009B002B05D10122414B18605960EF
:101DA000444B1A700FB0F0BD354B1B78002BAAD1F5
:101DB00000200021236B254A013BDB00FF18244B48
:101DC0003A607B6022683D4B013AD2009B18186054
:101DD0005960B0E7069AE3009B181A685B680292A4
:101DE000039302980399194A194BF6F72BFB002825
:101DF00008D0029A039B30003900F7F709FD06006E
:101E00000F0001350134B2E7244B18685968BCE76C
:101E1000002D00D15AE52C4D2B78002B00D11DE769
:101E2000206861680022104BF6F72AFB002800D1D9
:101E300014E70123337000232B70244B1B78002BF5
:101E400000D043E50122224B1A703FE50000C0FF9D
:101E5000FFFFDF4100002440F8010020B1650020B1
:101E6000E80A0020A166002000708740DC01002005
:101E70005C630020D8010020BC0A0020800A0020FA
:101E800001040020D8650020D00300208C670020CA
:101E9000D1030020C7650020D3650020C80A0020B8
:101EA0002802002000004940B865002000040020FE
:101EB0007E670020B2650020D064002068640020A6
:101EC000520A002008020020596300203802002036
:101ED000A26600200020094B10B51C78084B8442F4
:101EE00005D018780130C0B2FF2800D10238187030
:101EF000FCF733FB2000FCF722FB10BD380200206A
:101F0000B0650020F0B57D4B7D4C1B7885B00E0090
:101F10001700256B0093002B00D123E1A068E16836
:101F20000022784BF8F774FCA269E369F7F770FCBC
:101F3000F6F750FB744B80B21880744B744A1B78D0
:101F4000744E032D1ED1002B0BD080210020C9051B
:101F5000A061E16100207049A060E16000206F494C
:101F6000087030781178002832D000295DD0002028
:101F70006B49A062E16200220220A91E8842524100
:101F8000D1B228E0002B21D0052D0CD1654909786C
:101F900049B20529E5D100206349644F206261629E
:101FA00038607960DDE7042DDBD0062D09D15D496D
:101FB000097849B20629D4D100205D4920616161C8
:101FC000CFE7032DCDDC002054490870012DC8DC7B
:101FD00011780029CFD1002B2DD13378002B19D0C7
:101FE000002917D0A06AE16A0022524BF8F710FCD2
:101FF000514B1A685B68F7F70BFC4C4B206261622F
:102000001E685F6832003B00F6F730FA002801D006
:1020100026626762230036331B78002B12D0FFF74D
:1020200059FFFFF785F905B0F0BD002BD5D0002290
:10203000424BA262E36200220223023DAB425241C4
:10204000D1B2CAE7FEF78EFF20603D4B1B78002B14
:1020500000D1A7E23B4B2A4D1B78002B00D1A1E217
:102060002B00012435331C70002322001900FA20B4
:102070002C63FCF7AAFA431E9841334A334B12787B
:10208000C0B21870002A04D02A003E32117800290C
:1020900012D11B780324002B0ED02B003C331B786D
:1020A000002B09D02A4B1B78002B05D1294B073474
:1020B0001B78002B00D0073C2B6B6C60A34200DA2E
:1020C0006CE201221F4B1A700D4C2068FEF76EFF68
:1020D0001B4BA0631B78002BA5D01F4B1B78002B3C
:1020E000A1D009289FD11D4B1868A063FEF76AFF95
:1020F0001B4A13880A339BB2138094E7D90100204E
:10210000800A0020000024407C670020D8010020C5
:1021100059630020D265002000003E40B1650020D8
:1021200000407F40A466002000509440F001002051
:1021300000C072400000E03FC80A002000E0854077
:102140005A630020B60A002008020020C46500205F
:102150008C670020F10A0020C365002000020020E7
:102160007E670020C44B1B780393002B00D119E23B
:10217000C24B1B78002B00D102E1A269E369A06881
:10218000E168F7F745FBF6F725FABD4B80B21880FA
:102190002300002234331A7023003C331B7893420F
:1021A00000D100962368B74A013BD35CDBB20193B0
:1021B00023003D331B78002B0BD0009B002B00D05D
:1021C000E3E0230036331B78002B00D0DDE0FEF780
:1021D00075FFAD4B1B78002B00D0F3E0009B002B6C
:1021E00014D0019B032B00D9F4E0A44B1B78002BE7
:1021F00000D1E1E0A549002208684968A44BF7F73F
:1022000007FBA062E16201229F4B1A70A14CA24D14
:102210002368042B09DC2B780293002B05D1009B4B
:10222000002B1DD0019B032B1AD8944B1B78002B3D
:1022300000D1D4E09949954B086849681A685B68F1
:10224000F7F7E6FA964E306271620023954A2B70DA
:102250002360954B106C516C18605960039B02937E
:10226000924B1B78002B00D1EAE03B68052B03DC86
:102270008F4B1B78002B49D08E4B00221C685D6869
:102280008D4B20002900F6F7F1F8002801D000243A
:10229000894D002220002900884BF8F79FFD884ACD
:1022A000884BF8F7B5FA02000B0000208649F8F7D2
:1022B00095FD0022854B04000D00F6F7D7F80028A5
:1022C00001D00024814D6D4A754B12781C625D620D
:1022D000002A00D189E000207D499862D96200235C
:1022E000734A3B6013707B4B674D1B78002B02D009
:1022F0002B78002B0AD1784C2678F9F71DFD0023A6
:10230000764A2B7013702670FBF7E4FF744B644C15
:102310001B78002B71D0734B1B78002B6DD0822360
:10232000236000230022236463640133A3876E4B80
:10233000A261E36100226D4B226163616C4B584CDA
:102340001B78002B0ED06B4B1B78002B0AD1029B05
:10235000002B07D0206A616A0022674BF7F758FA12
:1023600020626162206A616A0022584BF6F77EF8AB
:10237000002800D169E60022544B2262636264E6C1
:10238000636C3F4A9BB2138002E72300012236337D
:102390001A70454B414A1068516818605960FCF743
:1023A0003BFA564A564B127801301860904200DCD6
:1023B0000FE7801A18600CE7524B1B78002B00D0F7
:1023C00018E720E7009B002B00D11FE7019B032BA0
:1023D00000D81BE72F4A13680133136016E7494BF7
:1023E0001B78002B00D025E72FE7464A1278002AF9
:1023F00000D174E7002044496FE7270026003C37EE
:102400003D783E36002D00D18CE0FEF757FE0023CC
:102410003B7001333370194B1B78002B1CD03B4BA6
:1024200000221B78002B15D08023DB05A261E3611D
:102430000022374BA260E36000222C4B22616361D3
:10244000274A344B12781B78002A71D0002B00D019
:1024500074E77EE0304BE9E72A4B1B78002BEFD086
:1024600080230022DB05A261E36100222B4BA260E6
:10247000E36000222A4BE1E75A6300205963002001
:102480007C670020D4030020D365002010020020C8
:1024900000206C40BC650020FA030020C80A002020
:1024A000800A0020D809002028020020B60A002057
:1024B000D16500203002002000488C40004085405B
:1024C0009A9999999999E93F0060834000808640E4
:1024D00000908A408C670020D1030020C76500204F
:1024E000BD0A002091670020000008400000444021
:1024F0008B670020F00A00200000494041020020C4
:1025000050630020D801002000E085404D6300208A
:1025100000005940BC0A00200000F03F00003E408F
:1025200000005440FEF7CAFD01233D34337025708E
:10253000224A234B1278002A00D0FFE61A003632D6
:102540001278002A02D1196B022925D101223F33CA
:102550001A701C4B1A4C1B78266A676A002B00D134
:10256000ECE61949002208684968184BF5F76AFF3C
:10257000002800D1E2E6009B002B00D1DEE6019BA3
:10258000032B00D9DAE6002230003900104BF7F7B0
:102590003FF920626162D1E63F33D9E70022363548
:1025A0002A7091E50021064B0A4A11701A6B01321C
:1025B0001A635B689A4200DB83E585E5BC0A00206C
:1025C000800A00205B63002000000020000014400F
:1025D00000004940B50A0020F0B50026040035008F
:1025E000394F9FB0F31904AA18685968B3181860D6
:1025F000596000220023F5F71FFF43425841083677
:102600002D18682EEED1002D42DD08222F4B0D2112
:1026100004A804F027FD6B10DA00ED073AD513008B
:1026200004AA9B181A685B68009201930099019AAA
:10263000274B19605A60002C2AD00025224B254CCC
:102640000393039B0022EB181E685F680023300091
:102650003900F5F7F1FE002814D1009801993200F5
:102660003B00F8F7BBFB22686368F7F7D1F8060078
:102670000F00F8F7DFFFC317C018584014281EDCFE
:102680002660676008350834682DDAD1FBF744FC12
:102690001FB0F0BD013B04A9DB005B18190013005B
:1026A0000868496804AA9B181A685B68F7F7B0F8CD
:1026B0000022094BF8F7ACF800900191B6E7002230
:1026C000002322606360DDE7D06400206917010801
:1026D00020020020386500200000E03FF0B585B002
:1026E0000400FEF7DDF9FEF7D9FB0A2002F02EFA0E
:1026F000022C1CD1FEF7CAF9FA20800002F026FA5B
:10270000F9F786F9002704001B4EFA212000890002
:10271000F5F796FDBB1BD917184D194A5B184B40AE
:1027200028801380FEF7C6F9200005B0F0BDFA231B
:102730000024002500279B000F4E0193F9F75EF956
:10274000C31702900393029A039BA4185D4186422B
:1027500000DD0600874200DA0700019B013B019380
:10276000002BEBD1FA222000002329009200F5F77C
:10277000CBFE0400C9E7C046FFFFFF005A660020F9
:1027800058660020F0B5012700253E0097B0039061
:102790000C22574907A804F076FF0AAB0193009773
:1027A000ACB22000C53080B2FCF792F9019B1870E2
:1027B0002000D13080B2FCF78BF9242204AB153411
:1027C0009B18FF3458550290A0B2FCF781F9019A8A
:1027D0000299127810ABE854914200D081E0029A3D
:1027E000904207D00026370004E00026029A0096A7
:1027F0008242F8D1019A0135013201920C2DCFD1DC
:10280000242104AA521812781B780AAD13402A78A2
:1028100013ACFF2A06D0FF2B06D12800FBF7C1FA24
:10282000002701E0FF2B55D0009B002B56D1002E36
:1028300054D1002F52D00DAB23CB23C40398F8F70B
:1028400035FF00222B4BF8F7C9FA00222A4BF7F785
:10285000A5FB04000D00139B04A80493149B042102
:102860000593159B069301F045FA05A8042101F094
:1028700041FA06A8042101F03DFA22002B002000B5
:102880002900F7F7C5FF060004980F00F8F760FF6E
:1028900002000B0030003900F7F7BAFF0600059878
:1028A0000F00F8F755FF22002B00F7F7B1FF0200E9
:1028B0000B0030003900F6F7ABFF040006980D005E
:1028C000F8F746FF02000B0020002900F6F7A0FFF2
:1028D00017B0F0BD07AD2800FBF763FA07CD07C4BA
:1028E000ACE7904200D080E700221700009281E719
:1028F000988C010830C0594180F1FAC0F8B5052321
:102900005B425843F8F7D2FE0022264BF7F780FFD0
:102910000022254C254B20606160A260E36000220C
:102920008025234B2D0622616361A668E768226932
:10293000636979193000F7F731FBA061E161206824
:102940006168A269E369F7F729FB20626162194AAD
:10295000206A616A184BF8F741FA184A184BF7F7E2
:102960001DFBA062E1620022A06AE16A154BF7F745
:1029700015FB05F0C9FC144A144BF6F749FF020099
:102980000B0000201249F7F709FB20636163114A2D
:10299000206B616B104BF8F721FAA063E163A06B29
:1029A000E16BF8BD0000703E6066002000230E4120
:1029B00060301F41FCA9F1D24D62E03F1AB5F2C868
:1029C000C588DF3E006AF840F86F702FADFA2B40E3
:1029D000004BB040666666666612714001220021B7
:1029E000044B1A705A709A709971D97019715A7192
:1029F0007047C046C066002070B5FFF7EFFF494B37
:102A0000494C1B78002B00D189E0484B1B78002BE8
:102A100000D184E00323002500222381444BA381BD
:102A2000444B6581E58125826582A582E582258307
:102A30006583A58322626362A262E36200223E4B49
:102A40002263636300223D4BA263E36300223C4B9D
:102A50002264636400223B4BA264E36400223A4B8D
:102A60002265636500220023A265E3652266636632
:102A7000A266E36622676367230078331D80230024
:102A80007A331D8023007C331D80230022007E3397
:102A90001D800123803213702200813213702200C6
:102AA00082321570220083321370284A1570284A2A
:102AB0001570284A1370284B1D70284B1D70284B29
:102AC0001D60FBF795FE274B1870274B1D70274B99
:102AD0001D70274B1D70274B1D70274B1D70274BFA
:102AE0001D70274B1D70274B1D70274B1D70230039
:102AF00088331D6023008C331D6023009A34983383
:102B00001D802580FDF7CCFF204B214819685A68AD
:102B1000FAF7ECF8F8F756FFFDF7CCFF70BD052388
:102B200079E7C0464D630020C0660020596300204D
:102B300024F4FFFF00F8914000E0854000207C4035
:102B400000005440000044400000F03FA466002014
:102B5000A36600204002002090670020F20A0020B7
:102B600054630020B0650020D0650020B1650020CE
:102B7000D3650020D2650020C2650020C365002017
:102B8000A1660020A2660020A0660020340000207C
:102B9000A866002010B5144C6378002B14D0FCF705
:102BA00035FD1020FCF7D6FCE18A102089B2FCF735
:102BB000F3FC10200021FCF70BFDFCF725FD0023A2
:102BC00010206370FCF7A0FCF8F732FF220023000E
:102BD000001280B28432108088339A3419682388B6
:102BE00012885B00CA5210BDC066002070B5204C30
:102BF000A378002B14D0FCF709FD1120FCF7AAFCE8
:102C0000218B112089B2FCF7C7FC11200021FCF7B1
:102C1000DFFCFCF7F9FC00231120A370FCF774FC27
:102C2000F8F706FF2300220025000012843380B24B
:102C300018809A358C3211682A8818885200885278
:102C40001888230088331A682B8890345B009B5ABD
:102C50002668C01AC317C0185840F6F743FD2C88E1
:102C6000A40030512B8801339BB22B8070BDC0462D
:102C7000C066002010B5FCF7C9FC0620FCF744FC38
:102C8000FCF7C2FC0122024B9A7100225A8110BD4E
:102C9000C066002010B5FCF7B9FC0720FCF734FC37
:102CA0000E20FCF731FC1020FCF72EFC1120FCF765
:102CB0002BFCFCF7A9FC0122014BDA7010BDC046C9
:102CC000C0660020F8B502000B0000201F49F7F78E
:102CD00065F9F8F7AFFC0500F8F7E8FC02000B0017
:102CE00006000F00F6F794FDF5F774FC184C80B25F
:102CF000E081E389A8B29BB22382E3899BB263821D
:102D0000ABB2A382E3899BB2E382E3899BB22383C4
:102D1000F8F7CCFC0F4A104BF7F77AFDF5F75AFCA1
:102D20000C4A0D4B85B239003000F7F771FDF5F70D
:102D300051FC80B2F8F7BAFC32003B00F6F768FDB0
:102D4000F5F748FC80B26583A083F8BD8084EE402F
:102D5000C06600205C8FC2F5285CEF3F10B5174CB1
:102D6000E378002B01D1FFF795FFFCF74FFC218A98
:102D7000072089B2FCF710FCA18A0E2089B2FCF76B
:102D80000BFC618B102089B2FCF706FCA18B112093
:102D900089B2FCF701FC00210720FCF719FC002197
:102DA0000E20FCF715FC00211020FCF711FC00217F
:102DB0001120FCF70DFCFCF727FC10BDC0660020BD
:102DC00010B50C4C638901339BB2638162892389FE
:102DD0009A4203D2084B1B78002B0AD1FCF716FC51
:102DE0000620FCF7B7FBFCF70FFC0023A371FFF7ED
:102DF000B5FF10BDC066002040020020014B1879CD
:102E0000C0B27047C066002010B5154B154C186A4B
:102E1000596A20626162986AD96A2063616318699D
:102E200059699A69DB692064616422656365206A77
:102E3000616A226B636BF7F7D1FFA063E163206ADD
:102E4000616A226D636DF6F7E3FCA062E162002225
:102E5000206C616C044BF7F7DBFCA064E16410BDEF
:102E6000800A0020C06600200000E03F10B5104C32
:102E700010492300783308881A88904207D01A88AE
:102E80000D4892B20A80198889B2F9F75DFF2200D5
:102E90007A347E3211882388994207D023880648E5
:102EA0009BB21380218889B2F9F75EFF10BDC0463E
:102EB000C06600203C670020A86600200022F8B50C
:102EC000644B654C1A8023007A331A80FFF7CEFFDB
:102ED000FDF782FD614B624D1F78624E002F2BD0B3
:102EE0002B0036331878FDF75FFF3378002B4DD079
:102EF000A26AE36AA265E3650022A06DE16D5A4B08
:102F0000F7F786FCF5F766FB230080B2783318806C
:102F10000022002322666366230000227A331A808F
:102F2000FFF7A4FFA86B09284ED8F5F7EBF84B6222
:102F3000676C71767B8289904C4B1B78002B13D089
:102F400028680121C0B2FDF7DBFE286C002803D001
:102F50003900C0B2FDF7D4FE686C0028C5D000214E
:102F6000C0B2FDF7CDFEC0E73378002BD8D0404B80
:102F70001F78002F06D101210F20FDF7C1FE390077
:102F80000E20EEE728680121C0B2EAE7374A12783E
:102F9000002AC5D0002000212200A065E16578321A
:102FA0001380A26AE36A226663662F4B0022206EBA
:102FB000616EF7F72DFCF5F70DFB230080B27A3335
:102FC0001880ADE7FDF76CFDA379002B01D1FFF769
:102FD00051FEFCF71BFBA189062089B2FCF7DCFA45
:102FE00000210620FCF7F4FAFCF70EFB0123237105
:102FF000F8BDFDF755FDFDF7F9FCE5E7FDF750FDE0
:10300000FDF708FDE0E7FDF74BFDFDF7EFFCF7E707
:10301000FDF746FDFDF712FDD6E7FDF741FDFDF793
:10302000F9FCF7E7FDF73CFDFDF7E0FCFDF71AFDC5
:10303000CAE7FDF735FDFDF7D9FCFDF7EBFCF5E739
:10304000FDF72EFDFDF7D2FCFDF7F8FCEEE7FDF7EE
:103050001DFDB9E738670020C0660020BC0A0020CB
:10306000800A0020D901002000403A405A63002025
:10307000C165002010B5FCF7C9FA00210620FCF755
:10308000A7FA00210720FCF7A3FA00210E20FCF785
:103090009FFA00211020FCF79BFA00211120FCF779
:1030A00097FA0620FCF756FA0720FCF753FA0E2091
:1030B000FCF750FA1020FCF74DFA1120FCF74AFA01
:1030C000FCF7A2FAFFF78AFCFDF7EAFC0022034BAB
:1030D0001A80034B1A80FFF7C9FE10BD3867002025
:1030E0003A670020F8B5914C6379DFB2002B00D12C
:1030F000D8E000276771A06AE16A226D636DF7F777
:103100006DFE2300A062E1629433A06AE16A1E684A
:1031100023009A331D88F8F763FBAD007051A06A55
:10312000E16AA26BE36B2500F5F796F9012683357A
:10313000B84200D18EE0230082331E70A06AE16A9B
:10314000A26BE36BF5F77EF9B84200D182E0FFF79E
:1031500091FF774B2F701B78BB421AD0754B1B78B1
:10316000BB4216D000220023A265E365230078331A
:103170001F80FFF77BFE704B1B78BB4200D167E0DE
:103180006E4B1B78BB4200D162E0FA20400001F098
:10319000DDFC052001F0DAFCFDF78CFC2300833315
:1031A0001B78002B27D0664B1B78002B23D0A06AFE
:1031B000E16A226A636A2500F5F73EF97A3500284C
:1031C0004AD0A06AE16AA26CE36CF6F721FBA06525
:1031D000E1650022A06DE16D5A4BF7F719FBF5F799
:1031E000F9F9230080B27833188000220023226688
:1031F000636600232B80230083331B78002B26D0AB
:103200004B4B1B78002B22D0A06AE16A226A636ACA
:103210002500F5F711F97835002830D00022002379
:10322000A265E36500232B80A06AE16AA26CE36CCF
:10323000F6F7EEFA206661660022206E616E414B61
:10324000F7F7E6FAF5F7C6F97A3480B22080F8BDD0
:103250003D489CE72E70A1E7206E616E226D636D84
:10326000F6F7D6FA206661660022206E616E354B55
:10327000F7F7CEFAF5F7AEF980B22880BBE7A06D7C
:10328000E16D226D636DF6F7C3FAA065E165A06D8F
:10329000E16D00222B4BF7F7BBFAF5F79BF980B2F3
:1032A0002880D4E701236371254B1E78002E1CD0A3
:1032B000A06AE16A226A636A2500F5F7BDF87A35EB
:1032C000002809D0230080331F70226C636C2267B2
:1032D0006367206F616FDCE7206F616F226D636D44
:1032E000F6F796FA20676167F3E7114B1B78002B1E
:1032F000ADD0A06AE16A226A636A2500F5F79CF8FE
:103300007835002809D0230080331E70226C636C4E
:10331000A266E366A06EE16EBBE7A06EE16E226D71
:10332000636DF6F775FAA066E166F3E7C066002004
:103330005A630020B60A00204D6300205963002024
:10334000D901002000403A40C4090000054B10B5E7
:103350001B78002B01D1FFF78DFEFFF7C3FEFFF7AF
:1033600085FD10BD4002002010B50F4C2378002BC6
:1033700014D0FCF74BF90E20FCF7ECF8618A0E2014
:1033800089B2FCF709F90E200021FCF721F9FCF7BE
:103390003BF900230E202370FCF7B6F8FFF7A2FEDE
:1033A000FFF764FD10BDC046C066002070B5040084
:1033B00004A80588094E0A48346004008C34216052
:1033C000010090310A6002009432136003009833C8
:1033D0001D8000239A30038070BDC04648670020DE
:1033E000C0660020F8B51D4B1C78002C2AD01C4B61
:1033F00064241B78002B00D1503C1A4F01223868FE
:103400007968FBF7F5FC184E012230687168FBF70C
:10341000EFFC164D002228686968FBF7E9FC2000E4
:1034200001F094FB386801227968FBF7E1FC306811
:1034300000227168FBF7DCFC286800226968FBF752
:10344000D7FCF8BD0A4B1B78002BD6D0044B642464
:103450001B78002BD1D0FA24A400CEE759630020BA
:103460009167002064000020740000205C000020B0
:10347000D80100201C4BD0B51A6806000F00012AA5
:1034800000D01B68FDF7BAFB184C00212000F9F7AB
:103490005BFC0022164B30003900F6F7B9F9154BEA
:1034A0000022F7F7B5F9F5F795F881B22000F9F7A2
:1034B0005BFC114801F04AFB00212000F9F744FCB5
:1034C00000212000F9F750FCFDF7F4FA0B4B1B78B4
:1034D000002B07D001220A4BF5201A701978C9B2C7
:1034E000FBF714FBD0BDC0463C020020A8660020BC
:1034F00000206C4000403A40B80B0000C665002038
:10350000C5650020F0B5444B87B01E78002E00D072
:1035100078E0424A1278002A00D077E01600019243
:10352000FDF74EFAF8F74EFA3D4A3E4B0092196805
:1035300000985A68F9F7DAFBFDF73EFB0021009886
:10354000F9F702FCFA2700210098F9F70DFC002496
:1035500000257F00F8F752FAC31702900393013F4A
:10356000029A039BA4185D41002FF3D1FA22002395
:10357000520020002900F4F7C7FF31000500009831
:10358000F9F7E2FBFA2401990098F9F7EDFB002620
:1035900000276400F8F732FAC31704900593013C42
:1035A000049A059BB6185F41002CF3D121000098C6
:1035B000F9F7CAFB21000098F9F7D6FBFDF712FBDB
:1035C000FA20400001F0C2FAFA2200235200300033
:1035D0003900F4F799FF451BEB17ED185D40280003
:1035E000F8F764F80022104BF6F7D8FCF4F7F2FF76
:1035F0000E4E0F4A0F4B3060954209DD01201870C6
:1036000007B0F0BD00230C4E019389E70A4BFBE79E
:1036100002201C70F4E7C046D90100205A63002044
:10362000A86600203400002000408F4084670020FE
:10363000102700008F67002045330000282210B5B6
:103640000021054803F08AFF0022044BDA725A7108
:103650005A729A7210BDC04695670020BC050020C2
:10366000F8B505000024FBF771FE80260227285DCF
:10367000FBF776FE002C05D10E4B22001868596826
:10368000FBF7B6FB0C4B9A683242FCD09A683A4280
:10369000FCD09A683242FCD1002C07D1054B0122A4
:1036A00018685968FBF7A4FB0134E0E701340C2CDF
:1036B000DDD1F8BD9400002000300140F0B589B0A4
:1036C00002920393029B01901800039B00225B006F
:1036D00059082F4BF7F79CF8002300220692079316
:1036E00006AA04000D0003F0D7FF2A4A2A4BF4F77C
:1036F000BDFE002807D0069807990022274BF6F751
:1037000087F804000D0029002000F7F793FF0A2135
:103710000600F4F795FD6421C4B23000F4F790FD83
:103720000A27FA21C3B204937B43E31A7C431B01AB
:10373000341B1C19E3B2890030000593F4F780FDB7
:103740001749C5B23000F4F77BFD3B00C4B26343B8
:10375000EB1A7D43049A1B01551B124930005D1979
:10376000F4F76EFD474302980399E41B00220023FF
:10377000EDB2E4B2F4F766FE002801D0103CE4B2EA
:10378000019B059A5D709A701C7009B0F0BDC0462F
:1037900000002440CDCCCCCCCCCCEC3F0000F03FA2
:1037A00010270000A0860100F0B51C0085B0630062
:1037B000019059081000234B0022F7F729F8002345
:1037C00000220292039302AA04000D0003F064FF9A
:1037D0001D4A1E4BF4F74AFE002807D002980399B1
:1037E00000221B4BF6F714F804000D0029002000FE
:1037F000F7F720FF0A210500F4F722FD0A27C4B2DB
:1038000064212800F4F71CFD3B00FA21C6B2734383
:10381000E31A7C431B012C1B1C19019B28005C70C4
:103820008900F4F70DFD0B49C4B22800F4F708FD38
:1038300078436743201A019BF61B0001801918701A
:1038400005B0F0BD00002440CDCCCCCCCCCCEC3FBE
:103850000000F03F10270000F0B58BB0039310ABD1
:10386000029204CB07AC1F8812AB1B780090019129
:10387000049200210C222000059303F06FFE7BBA16
:10388000200063800025FFF7EBFE07ACAF4218DC99
:103890000C220021200003F061FE059A2B23002A50
:1038A00000D004332000E37023716371FFF7D8FE6A
:1038B000174B18685968FBF7A0FA0028F8D10BB02D
:1038C000F0BDF0232370049BAE009859F7F740FF3A
:1038D0000B0006A90200481DFFF7F0FE009B6A00DE
:1038E0009B5A01355BBAA380019B9B5A5BBAE3806C
:1038F000029B9859F4F756FE039B40BA20819859D1
:10390000F4F750FE40BA60812000FFF7A9FEBCE743
:103910008C00002070B50024044D2E78285DFBF744
:10392000FDFC230001349E42F8DA70BD956700204B
:1039300070B50E4C0E4DE37928000233DBB22372D2
:10394000E3792B70E179E679C9B2F9F7ABF9F6B210
:10395000A855E679F9F7AEF9F6B2AE197070217A8A
:103960002800C9B2FBF7E6FC70BDC046BC050020CC
:10397000BD67002010B50B4A0B4B517859709178F8
:103980009970D278DA7053221A7101325A71073A5B
:103990009A714C3ADA71054B0732DA71FFF7C8FFBA
:1039A00010BDC04695670020BD670020BC05002003
:1039B0000C22064B10B506485A70FAF740FD082253
:1039C000044BDA71FFF7B4FF10BDC046BD6700209D
:1039D000BF670020BC0500200722064B10B5064833
:1039E0005A70FAF70FFA1222044BDA71FFF7A0FFB0
:1039F00010BDC046BD670020BF670020BC05002089
:103A00000822064B10B506485A70FAF73DFA122202
:103A1000044BDA71FFF78CFF10BDC046BD67002074
:103A2000BF670020BC05002013226F210D4B10B58D
:103A30005A702E329A700D32DA700C3A1A711132B5
:103A40005A7112329A710932DA71597205320331A0
:103A50001A72DA729972044B673ADA71FFF768FFEB
:103A600010BDC046BD670020BC050020052310B571
:103A7000054C6370FAF7D5FD0322044BA070DA7190
:103A8000FFF756FF10BDC046BD670020BC050020F3
:103A90002E2310B5054C6370FAF7B4FE0322044BD5
:103AA000A070DA71FFF744FF10BDC046BD6700206B
:103AB000BC0500200B2310B5054C6370FAF7C9FD57
:103AC0000322044BA070DA71FFF732FF10BDC0462D
:103AD000BD670020BC050020062310B5054C6370AF
:103AE000FAF7AFFD0322044BA070DA71FFF720FF55
:103AF00010BDC046BD670020BC0500200A2310B5DC
:103B0000064C6370FAF740F90422030AA370044BD1
:103B1000E070DA71FFF70CFF10BDC046BD670020F2
:103B2000BC050020092310B5054C6370FAF781FD30
:103B30000322044BA070DA71FFF7FAFE10BDC046F5
:103B4000BD670020BC0500201FB514230F4C0F22B9
:103B500068460F49637003F096FD00220223694610
:103B6000895C080020385E2801D8E1540133013215
:103B70000F2AF4D1102B02DC023AE2540133054A39
:103B8000DBB2D371FFF7D4FE1FBDC046BD67002076
:103B9000C08D0108BC050020152310B5054C6370CD
:103BA000FAF7A3F90322044BA070DA71FFF7C0FE05
:103BB00010BDC046BD670020BC05002010B5024BFB
:103BC0009878FAF78BF910BD956700200D2310B592
:103BD000064C6370FAF74DFDA070FAF752FD04220F
:103BE000034BE070DA71FFF7A3FE10BDBD67002044
:103BF000BC0500201B2310B5054C6370FAF731FD9E
:103C00000322044BA070DA71FFF792FE10BDC0468C
:103C1000BD670020BC050020172310B5054C63705C
:103C2000FAF71EFE0322044BA070DA71FFF780FE44
:103C300010BDC046BD670020BC0500200222054B18
:103C400010B55A7000229A70034B0332DA71FFF7F5
:103C50006FFE10BDBD670020BC050020122310B50B
:103C6000094C6370FAF7D5FC084BA070012805D108
:103C700018740322DA71FFF75BFE10BD0228F8D139
:103C800000221A74F5E7C046BD670020BC0500207D
:103C90001D2310B5094C6370FAF733F9084BA07077
:103CA000012805D158740322DA71FFF741FE10BDD7
:103CB0000228F8D100225A74F5E7C046BD670020FB
:103CC000BC05002070B518220125054B054C9D70E0
:103CD0005A700323E371FFF72BFE257170BDC046B8
:103CE000BD670020BC050020014B18607047C0462E
:103CF00000680020002370B5CA0F52185210013915
:103D0000934200DB70BDCC1A065DC55CC65401331E
:103D10000555DBB2F4E710B50B0A017043700B0CCC
:103D2000090EC17083700421FFF7E4FF10BD00008D
:103D30003E23F0B58E4F85B0FB71FB798D4C23701F
:103D4000162363708C4B1D682B782E00A3702B00FC
:103D500038331B786A781B019B18E3702B00803383
:103D60001A685B6800920193009801990022834BC6
:103D7000F4F762FB3936002803D13378022B00D8E0
:103D8000D4E042232371853363713833A371823BBE
:103D9000E37128696969F7F723FD794B011C180065
:103DA000FFF7B9FF286A696A764B1B780093002BEE
:103DB00000D1C5E042232373853363733833A37383
:103DC000823BE373009B286B696B002B00D1BFE043
:103DD00042232374853363743833A374823BE374C2
:103DE000337803AE23752B003A331B7863752B00B1
:103DF0003B331B78A3752B00883318685968F4F798
:103E0000E9FB80B2030AE37520762A6C6B6C300004
:103E1000FFF7CAFC2800338848305BBA7278038009
:103E2000594B31781888A276617680B2F7F76CFC2E
:103E300002000B003000FFF7B7FC28003388583031
:103E40005BBA72780380514B3178300022771A6860
:103E50005B68E176FFF7A8FC2800338868305BBA1E
:103E60007278317803804A4B6177A2771868596875
:103E700028666966F4F7AEFB2A0080B2030AE3778E
:103E8000631CD877434B70321B889BB21380190A8E
:103E9000A21CD177E21CD3772B002A0072331B8837
:103EA0007432190A1380221DD177621DD3773A4BE1
:103EB0001868F4F777FB2B0080B278331880020A79
:103EC000A31DDA77E31DD8772B002A007A331B88ED
:103ED0007C3213802200190A0832D177220028325E
:103EE00013702B0022007E331B7829321370009B45
:103EF000A86AE96A002B33D0230042222A331A70C1
:103F0000230085322B331A70230038322C331A7079
:103F10007D232D3423707F35FA79204B2978D154B5
:103F2000FFF706FD00233B7105B0F0BD0098019935
:103F3000F7F756FC1A4B011C1800FFF7ECFE28E7B8
:103F4000F7F74EFC174B011C1800FFF7E4FE39E7AA
:103F5000F7F746FC144B011C1800FFF7DCFE3FE7A7
:103F6000F7F73EFC114B011C1800FFF7D4FED2E717
:103F7000BC050020BD6700200068002000002E4026
:103F8000C5670020646700207C67002030020020A5
:103F9000180200207E67002070670020BC670020A8
:103FA000C1670020C9670020CD670020E7670020B7
:103FB000014B1879C0B27047BC05002010B5054B05
:103FC0009878012802D1F9F773FE01E00228FAD0AF
:103FD00010BDC0469567002010B5044B9878431E6D
:103FE000072B01D8F9F76AFE10BDC046956700207F
:103FF00010B5054B9878092803D80020F9F764FE1E
:1040000001E0F028FAD910BD9567002010B5034BE8
:10401000D9789878F9F7AAFE10BDC04695670020B8
:1040200010B50248FAF7F5F910BDC04697670020B1
:1040300010B5054B9878012802D1F9F757FE01E039
:104040000228FAD010BDC0469567002010B5044B79
:10405000DC789878F9F750FE2000F9F753FE10BD90
:104060009567002010B5024B9878FAF761F910BDFA
:104070009567002010B5024B9878FAF761F910BDEA
:104080009567002010B5024B9878FAF760F910BDDB
:104090009567002010B5024B9878FAF75FF910BDCC
:1040A0009567002010B5024B9878FAF75EF910BDBD
:1040B0009567002010B50248F9F773FE10BDC046A1
:1040C0009767002010B50248F9F77EFE10BDC04684
:1040D0009767002010B50248F9F7B8FE10BDC0463A
:1040E0009767002010B5F9F70CFF044B012801D1A8
:1040F000587410BD00225A74FBE7C046BC0500206E
:1041000010B5064B9878012802D1F9F7E1FE01E0DD
:104110000228FAD0FFF7E6FF10BDC04695670020E1
:1041200010B5084B9C782000FAF7F4F8012C03D165
:104130000B22054B1A7010BD022CFCD10D22024B34
:10414000F8E7C046956700204102002010B5024BF9
:104150009878FAF7E6F810BD956700201E2310B591
:10416000054C6370FAF732FB0322044BA070DA713E
:10417000FFF7DEFB10BDC046BD670020BC05002078
:104180002F2310B5054C6370FAF798FA0322044BFD
:10419000A070DA71FFF7CCFB10BDC046BD670020F0
:1041A000BC050020094B10B518695969F7F718FBD1
:1041B000074B011C1800FFF7AEFD1022054B5A708B
:1041C000054B0A3ADA71FFF7B3FB10BDD80900209E
:1041D000BF670020BD670020BC050020262010B569
:1041E000FF30FAF775FC0400FEF778FA022C07D1CD
:1041F000FEF784FB044B18615961F7F7F1FA10BD23
:10420000FEF7C0FAF6E7C046D8090020112310B522
:10421000064C6370FFF776F90322054BA070DA7144
:10422000FFF786FB0122034B1A7010BDBD6700200B
:10423000BC0500209067002030B585B06846FAF7CD
:10424000A3F9002301211A0015486C46E55CC45C03
:10425000A54200D00A0001330E2BF6D100239A426A
:1042600002D0FAF79EF9FF230E4C3322A370D02020
:10427000FF23627000211A004000FAF7A6F9FF231D
:10428000E070A2201A000021FF30FAF79EF9052203
:10429000054B2071DA71FFF74BFB05B030BDC0460E
:1042A000C08D0108BD670020BC050020342310B577
:1042B000054C6370FAF70AFA0322044BA070DA7116
:1042C000FFF736FB10BDC046BD670020BC050020CF
:1042D000362310B5054C6370FAF702FA0322044B3B
:1042E000A070DA71FFF724FB10BDC046BD67002047
:1042F000BC050020372310B5054C6370FAF7F9F9B7
:104300000322044BA070DA71FFF712FB10BDC04608
:10431000BD670020BC050020382310B5054C637034
:10432000FAF7F0F90322044BA070DA71FFF700FBF3
:1043300010BDC046BD670020BC050020392310B564
:10434000054C6370FAF7E7F90322044BA070DA71A9
:10435000FFF7EEFA10BDC046BD670020BC05002087
:10436000F8B5AE4DAE4C2B78280063716B78637254
:1043700063790233DBB2A37163796179EE5CC9B210
:10438000F8F790FC864206D16379EB185E78F8F76F
:1043900091FC864202D0FFF751F9F8BD6379052BF5
:1043A00013D1637A412B10D16B78412B0DD1AB78AF
:1043B0004E2B0AD1EB78422B07D12B790D2B04D150
:1043C0000122984B1A70FFF7D5FA627AD3B2012A0C
:1043D00000D08CE0AA78A272A17ACAB2012914D1C5
:1043E000914B1A70914B1A70914B1A70A37A052B4E
:1043F0002AD1904A043B13708F4A13708F4A13706E
:104400008B4A1370FFF786FAC5E7A27A032A03D115
:10441000854A13708A4A05E0A27A022A05D1824AA7
:104420001370854A1370854A05E0A27A042A06D1E2
:10443000804A13707D4A13707D4A1370D6E7A27AC2
:10444000062AD3D17B4AE4E7A37A812B05D1764BA8
:1044500001221A70754B1A70D4E7A37A832B06D108
:10446000714A823B1370764A1370744AC9E7A37A83
:10447000822B04D16C4A813B13706F4AF4E7A37A14
:10448000842B01D16B4BE3E7A37A862B02D1694AD7
:10449000853BE7E7A37A852B02D1664A843BEBE7AD
:1044A000A37A072B02D0A37A082B0ED10124654BE7
:1044B0001C70FAF727F95F4BA04200D05A4B1C70D2
:1044C0005A4B1C705A4B1C709CE7A37A872B02D066
:1044D000A37A882B96D101245A4B1C70FAF712F953
:1044E000544BA04200D0504B1C70504BEBE7637A0A
:1044F000022B03D1544B00221A704CE7637A2E2B07
:1045000008D1A37A002B02D0A878FAF72DF8FFF78C
:10451000BFFA40E7637A052B0AD1AB78A372A37A7E
:10452000002B02D1FFF7A2FA35E7FFF755FDF9E7B7
:10453000637A062B0BD1AB78A372A37A002B03D03E
:10454000A07AC0B2F9F7C6FBFFF7C6FA23E7637A91
:10455000072B12D1AB78A3726379032B06D1A37A10
:10456000002B00D017E7FFF737FA14E76379122B17
:1045700000D910E7FFF7A6FDF5E7637A082B12D103
:10458000AB78A3726379032B06D1A37A002B00D0FA
:1045900001E7FFF735FAFEE66379122B00D9FAE658
:1045A000FFF798FDF5E7637A092B0AD1AB78A37280
:1045B000A37A002B02D1FFF7B5FAECE6FFF718FD5E
:1045C000F9E7637A0A2B12D1AB78A3726379032BD4
:1045D00006D1A37A002B00D0DDE6FFF78FFADAE6EA
:1045E0006379042B00D0D6E6FFF710FDF5E7637A78
:1045F0000B2B2BD1AB78A372A37A002B0AD0A37A12
:10460000D8B2012B02D1F9F76BFB03E0A37AD8B241
:10461000022BF8D0FFF74EFABDE6C04695670020A2
:10462000BC0500203D010020946700208D6700201C
:1046300088670020936700208B670020896700202F
:104640008A6700209267002040020020637A0C2BCA
:1046500012D1AB78A3726379032B06D1A37A002B16
:1046600000D098E6FFF7A4F995E66379082B00D00F
:1046700091E6FFF7D5FCF5E7637A0D2B10D1AB7807
:10468000A372A37A002B04D0A37A012B04D1FFF7E5
:10469000DDFCFFF79BFA7EE6A37A022BF9D1F6E761
:1046A000637A0E2B03D1AB78A372A37A73E6637A95
:1046B0000F2BF8D0637A102B0FD1AB78A372A37AAB
:1046C000002B00D067E6FFF789FDF7F741F8BB4CF8
:1046D00020616161FFF766FD5DE6637A112B08D109
:1046E000AB78A372A37A002B00D054E6FFF78EFDBF
:1046F00051E6637A122B10D1AB78A372A37A002B08
:1047000004D0A37A012B04D1FFF758FCFFF7A6FAD7
:1047100041E6A37A022BF9D1F6E7637A1D2B10D17B
:10472000AB78A372A37A002B04D0A37A012B04D117
:10473000FFF7E6FCFFF7ACFA2DE6A37A022BF9D1DE
:10474000F6E7637A132B08D1AB78A372A37A002B18
:1047500000D020E6FFF768F91DE6637A142B08D134
:10476000AB78A372A37A002B00D014E6FFF7ECF924
:1047700011E6637A152B0CD1AB78A372A37A002BC8
:1047800004D0637A002B01D0FFF718FAFFF704FA80
:1047900001E6637A162B08D1AB78A372A37A002BBB
:1047A00000D0F8E5FFF7C4FAF5E5637A172B08D1D6
:1047B000AB78A372A37A002B00D0ECE5FFF72CFABC
:1047C000E9E5637A1B2B10D1AB78A372A37A002B97
:1047D00004D0A37A012B04D1FFF72AFCFFF70AFAD1
:1047E000D9E5A37A022BF9D1F6E7637A1C2B06D11F
:1047F00063790E2B00D0CEE5FFF75CFCCBE5637A46
:104800001E2B10D1AB78A372A37A002B04D0A37A0D
:10481000012B04D1FFF784FCFFF7A0FCBBE5A37AD2
:10482000022BF9D1F6E7637A2F2B10D1AB78A37264
:10483000A37A002B04D0A37A012B04D1FFF786FCC6
:10484000FFF79EFCA7E5A37A022BF9D1F6E7637A7E
:104850001F2B09D15A4B9B78A372A37A002B00D14E
:1048600099E5F7F769FACDE5637A242B07D1544B24
:104870009B78A372A37A002B00D18CE5C2E5637A02
:10488000504C252BF3D0637A282B1AD14C4B0122A4
:104890009B78F420A37200231900F9F796FE431EBB
:1048A0009841494BC0B21870002301221900F5202D
:1048B000F9F78BFE431E9841444BC0B21870A37A9F
:1048C000A0E5637A312B02D1F9F794FD9AE5637A7A
:1048D000322B01D13E4B0EE6637A332B0FD1384B8E
:1048E0009A78A272A27A002A06D0A27A012A03D16B
:1048F0001979D878F9F75CFEFFF79EFC4BE5637AEF
:10490000342B0AD12E4B9B78A372A37A002B01D0B3
:10491000FFF7A8FBFFF7CAFC3DE5637A352B3FD1D3
:104920000125002400260027F7F73EFA294B1D70C9
:10493000F7F702FAF7F72CFA0020F9F732FD224BCD
:10494000F4201C701978C9B2FAF7E0F81F4BF52073
:104950001C701978C9B2FAF7D9F8FCF791FEFCF788
:104960009BFEFCF7A5FEFCF7B9FEFCF7CFFE20008E
:10497000F9F710FD184B1C70FCF7BCFE174B1E60BE
:104980005F60F9F71DFC164B1E605F60F9F78AFC4B
:10499000144BFA201D701978C9B2FAF7B7F831E54F
:1049A000637A362B20D1064B9B78A372A37A002B17
:1049B00001D0FFF75FFBFFF78BFCECE4D809002088
:1049C00095670020BC050020C7650020C565002054
:1049D0003C010020AF650020F00A0020C803002041
:1049E00030020020C4650020637A372B0AD1144BB3
:1049F0009B78A372A37A002B01D0FFF743FBFFF74C
:104A000079FCC8E4637A382B0AD10D4B9B78A372EA
:104A1000A37A002B01D0FFF73DFBFFF77DFCBAE442
:104A2000637A392B00D0B6E4054B9B78A372A37A46
:104A3000002B01D0FFF736FBFFF780FCABE4C0464C
:104A40009567002010B5044B0A000100180002F021
:104A50001AFEFFF785FC10BD956700200D488546BE
:104A6000FCF77EFA0C480D490D4A002302E0D458A9
:104A7000C4500433C4188C42F9D30A4A0A4C0023A8
:104A800001E013600432A242FBD302F0D5FDFAF735
:104A900005FAFEE70090002000000020A40200209C
:104AA000288F0108A802002054690020FEE70000BA
:104AB00070B5104B05001978002901D1012070BD97
:104AC000FA208000F3F732FB0B4C01002068F3F76B
:104AD0002DFB00F083F8041EF0D1032DEED8020068
:104AE00001202900404200F043F8044B20001D60E3
:104AF000E5E7C046420200204001002044020020B9
:104B00008023084A5B00116810B50B430020136036
:104B1000FFF7CEFF041E03D1FBF738FD200010BDC8
:104B20000124FBE700200240034A044B11681B7874
:104B30005B1813607047C0460468002042020020E2
:104B4000014B18687047C0460468002070B5040027
:104B5000FFF7F6FF0500631C02D0044B1B78E41836
:104B6000FFF7EEFF401BA042FAD370BD42020020C7
:104B700010B5FF2403220B0021000240D200914017
:104B80009B012340C943934000280ADBC0240B4A01
:104B9000800880008018A40002590A401343035182
:104BA00010BD0F2210400838054A80088000801888
:104BB000C26911401943C161F2E7C04600E100E05B
:104BC00000ED00E0002805DB1F2318401E3B83405A
:104BD000014A13607047C04600E100E08022431E96
:104BE0005204012093420DD2C021074A0748536066
:104BF000036A09061B021B0A0B43036200200723FA
:104C0000906013607047C04610E000E000ED00E0E7
:104C1000F0B5846CC56C6560046D002C02D0446DE9
:104C2000856D65601C24056C084E25401B3CAC401E
:104C300077683C437460046863608368102B02D11A
:104C4000A260E160F0BDA160E260FBE7000002400D
:104C500010B50400036C094A9B089B189B00436431
:104C600000681421C0B20838F3F760FA044BA3645B
:104C70001F2318401E3B8340E36410BD00820010D8
:104C800080080240F8B504000120002C46D02568B9
:104C9000254B1421E818F3F749FA02238000A61DDA
:104CA0002064F3772B68214AA76813402B60E368E0
:104CB00021693B430B4361692A680B43A1692000CA
:104CC0000B43E1690B43216A0B4313432B60FFF74E
:104CD000BFFF8023DB019F4201D1002363603F239C
:104CE0006268616C13400B60E06CA16C013A486033
:104CF000032A14D80E4A0F4899180122013B9A4002
:104D0000A265130000228900216560650A60436086
:104D100000200123E0630534F377E077F8BD00233A
:104D200023656365A365F3E7F8FFFDBF0F80FFFF11
:104D30003F82001040090240F7B5451D0193EE7F08
:104D400004000220012E33D00138E877A71DFE7F32
:104D5000B4466346F6B200960026834230D1013055
:104D6000F8772568E6632868009B98432860019BD4
:104D70002000FFF74DFF236BB3421AD00E232A68A1
:104D800013432B60636C1A68D20304D58022196820
:104D900052000A431A60236D002B04D08022196848
:104DA00052000A431A60012300202A6813432B6033
:104DB000FEBD04222B6893432B602A680A23DFE799
:104DC0008023E363EE77F3E7F0B5002808D0841D75
:104DD000E37F411D022B05D00423C3630023CB775F
:104DE0000120F0BD0E250268466C1368AB431360CA
:104DF0003368104D2B403360012316689E431660C4
:104E0000026C1B331A401B3B93400B4E77683B43AD
:104E10007360C26C836C5A60036D002B05D01A68F6
:104E20002A401A60436D826D5A6001230020E377A7
:104E3000C877D6E7FFFEFFFF00000240F8B5811DEE
:104E4000CB7F022B03D00423C3630120F8BD0E24C3
:104E500002681C271368456CA34313600123146880
:104E60009C4314602A68104C22402A60026C0F4D4B
:104E70003A4093406E6833436B60C26C836C5A60F7
:104E8000036D002B05D01A6822401A60436D826DB5
:104E90005A6001230022CB77431DDA77836B93425C
:104EA00000D098470020D1E7FFFEFFFF000002403E
:104EB000F8B51C240427016C264A21403C008C4094
:104EC000166803681D6826420FD03D420DD0196850
:104ED000890602D41968B943196053681C43036BEF
:104EE0005460002B1BD0984719E002273C008C40EF
:104EF000264215D03D4213D01968890606D40A25EA
:104F00001968A94319600121831DD97753681C438F
:104F100054600022431DDA77C36A9342E3D1F8BD9F
:104F2000082427008F403E42F9D02542F7D00E25B5
:104F30001C68AC431C6001231D008D40290054688F
:104F400021435160821DC363D3770022431DDA776A
:104F5000436BE2E7000002400023F0B585B00A6829
:104F60001400DC4001D105B0F0BD012514009D40C6
:104F70002C4000942A4200D191E04A685F00944698
:104F80000322644622400324BC40E4430194541E9F
:104F9000012C2ED88668019C2640CC68BC40344346
:104FA000846044680126AC432500644624093440EB
:104FB0009C402C434460C568019C25408C68BC40E3
:104FC0002C43C460022A16D107250F261D40AD00D0
:104FD000AE40DC08A40004190294246A039626005B
:104FE000039CA64334000E69AE402643029C266211
:104FF00001E0032ADFD1BA400468019D25402A431D
:10500000C02402606246A402224248D0254A0325F9
:105010009C08A400A4180F221D40ED00AA40A02760
:10502000266EFF0596430022B8420CD01E4F013277
:10503000B84208D01D4F0132B84204D01C4F033291
:10504000B84200D1023AAA40674632432266154C64
:10505000009A2668009DD2433543FF0201D43500F3
:105060001540674625606668009D3543BF0201D440
:1050700035001540674665600E4C009DE66F354370
:10508000BF0301D4350015406746E5670A4C009E12
:10509000E56F2E43FF0301D415402E00E667013370
:1050A0005DE7C046001802400004005000080050B0
:1050B000000C005008180240041802400069084023
:1050C000431E9841C0B27047002A01D081617047E9
:1050D0008162FCE770B504000120002C3FD0250060
:1050E00041352B78DAB2002B05D123004033200064
:1050F0001A70FBF763FA242301212B702368E06800
:105100001A68A6688A431A601A4962680A401A61D6
:105110009A6819490A409A60012821D18022120216
:1051200032439A605868154A02435A60DA68002090
:105130000A40DA60616922690A43A16909020A43E7
:10514000DA60216AE2690A431A60012219680A4397
:105150001A60202360642B7020634234207070BD7D
:105160008422120232439A600228DBD1802212018B
:105170005A60D7E7FFFFFFF0FF7FFFFF00800002CC
:10518000F0B504004134227803000F000220D6B2AB
:10519000202A18D11D0040352A78012A13D0242254
:1051A00022701B68233A19680748914319601968EF
:1051B00001400020196019683943196019680A43D1
:1051C0001A6026702870F0BDFFEFFFFF0200F0B5F7
:1051D000413214780300E5B20220202C17D11C00C4
:1051E00040342678012E12D0223010701B682338EC
:1051F0001E68074F86431E601E6809023E40314309
:105200001960196808431860002015702070F0BDFF
:10521000FFF0FFFF8023034A5B0011680B4313601C
:105220007047C0460070004010B5114C114923680A
:1052300002000B4003432360802300209B009A421E
:105240000ED10D4B0D49186806235843F2F76EFF37
:105250008022431CD200616908001040114200D135
:1052600010BD002B01D0013BF5E70320F8E7C04655
:1052700000700040FFF9FFFF4001002040420F0096
:10528000F0B5040085B0002802D1012005B0F0BDC2
:105290000368DB0710D423689B075CD423681B07D3
:1052A00000D5C1E023685B0700D5F2E0E369002B7D
:1052B00000D079E10020E9E73822AF4DAB68134018
:1052C000EA68102B09D1D3439B0708D12B689B03B5
:1052D000E1D56368002BDED1D7E7082BF6D080221A
:1052E00063685202934211D12A6813432B60FFF77F
:1052F00027FC80270600BF022B683B42CBD1FFF77B
:105300001FFC801B6428F7D90320BFE7A021C90236
:105310008B4208D180232968DB020B432B602B686A
:105320001A432A60E3E72A6894490A402A602A68F7
:1053300093490A402A60002BD9D1FFF701FC80274E
:105340000600BF022B683B42A5D0FFF7F9FB801B8C
:105350006428F7D9D8E73822874DAB681340EA684C
:10536000102B28D103210A40022A26D12A6852058F
:1053700003D5E268002A00D187E76968626981483D
:10538000120201400A436A60002B0CD12B687E4A4E
:105390007E491340226913432B602B687C4A9B048F
:1053A0005B0FDA400A607B4B1868FFF781FB00282F
:1053B00000D173E769E7002BD8D0E368002B20D039
:1053C0002B68714A802713402269FF0013432B602A
:1053D00080232A685B0013432B60FFF7B1FB0600B4
:1053E0002B683B4207D06A68636966491B020A4022
:1053F00013436B6052E7FFF7A3FB801B0228EFD932
:1054000082E72B68644A802713402B60FFF798FBE4
:105410000600FF002B683B4200D13FE7FFF790FBFF
:10542000801B0228F6D96FE73822534DAB68134032
:10543000182B08D12B6E9B0700D433E7A369002BF0
:1054400000D02FE721E7A2690123002A10D02A6E9D
:10545000022713432B66FFF773FB06002B6E3B42BC
:1054600000D01FE7FFF76CFB801B0228F6D94BE743
:105470002A6E02279A432A66FFF762FB06002B6E0C
:105480003B4200D10EE7FFF75BFB801B0228F6D9F9
:105490003AE73822384DAB681340202B08D1EB6D2A
:1054A0009B0700D402E7A368002B00D0FEE6ECE6E1
:1054B00080220021EB6B52050091134208D1EB6B67
:1054C0001343EB63EB6B13400393039B01230093A4
:1054D0008027324E7F0033683B4215D0A368012BF2
:1054E00022D1EA6D1343EB65FFF72AFB0227060082
:1054F000EB6D3B4238D0009B012B00D0D6E6EB6B26
:10550000274A1340EB63D1E633683B433360FFF730
:1055100017FB019033683B42E0D1FFF711FB019B81
:10552000C01A0228F6D9EFE6EA6D052B05D1013B3A
:105530001343EB65EA6D0123D4E701218A43EA6551
:10554000EA6D03318A43EA65002BCDD1FFF7F8FA03
:1055500002270600EB6D3B42CDD0FFF7F1FA114B6D
:10556000801B9842F6D9CFE6FFF7EAFA0D4B801B75
:105570009842BDD9C8E6C04600100240FFFFFEFFBA
:10558000FFFFFBFFFF80FFFFFFC7FFFF4001002081
:105590000024F40044020020FFFEFFFF00700040E2
:1055A000FFFFFFEF881300003821434DAA680A402F
:1055B000102A53D0414A022B3AD12B68802713403E
:1055C0002B60FFF7BDFA0600BF042B683B4229D1D0
:1055D000616A236AEA680B43394980260A4013430B
:1055E000E26AB6041343226B1343626B1343A26A4D
:1055F00012021343EB6080232A685B0413432B6081
:105600008023EA685B051343EB60FFF799FA040017
:105610002B68334200D04DE6FFF792FA001B0228B8
:10562000F6D971E6FFF78CFA801B0228CDD96BE61C
:105630002B68802613402B60FFF782FA0400B60423
:105640002B68334204D1EB681E4A1340EB6031E60D
:10565000FFF776FA001B0228F2D955E6012B00D19C
:1056600013E60322E868216A02408A4200D00CE671
:105670007022616A02408A4200D006E6FE21A26AD8
:10568000C90101401202914200D0FEE5F822E16A10
:10569000920302408A4200D0F7E5E022216B120516
:1056A00002408A4200D0F0E5636B400F4007C01A09
:1056B000431E9841C0B2E9E500100240FFFFFFFE23
:1056C0008C80C111FCFFFEEE382370B51D4CA26822
:1056D0001A4205D123681C489B045B0FD84070BD5B
:1056E000A2681A40082A27D0A2681A40102A17D1A7
:1056F000E368E168DB43E5684906490F6F322D0A2C
:10570000013115409B0709D11048F2F70FFDE16800
:105710006843490F0131F2F709FDE0E70A48F4E771
:10572000A2681A40202A09D0A26800201340182B32
:10573000D5D1FA20C001D2E70448D0E7802000028A
:10574000CDE7C046001002400024F40000127A00A9
:10575000F7B504000D00002801D10120FEBD072788
:10576000484E33683B408B422AD3226893073BD490
:10577000D20748D4072733683B40AB420AD9336885
:10578000BB432B433360FFF7DBF9019033683B40A9
:10579000AB4268D123683C4D5B076CD4FFF794FFA4
:1057A000AB683A491B051B0F9B005B581F210B4040
:1057B000D840374A374B10601868FFF779F9CDE7C2
:1057C0003368BB430B433360FFF7BAF9019033688A
:1057D0003B40AB42C9D0FFF7B3F9019BC01A2E4B37
:1057E0009842F4D90320B9E72749530704D5E023A9
:1057F0008868DB0103438B608B6828480340A068FE
:1058000003438B60B4E760681F4F032829D8F2F781
:1058100079FC20021C243B689B039ED50722BB68B1
:1058200093430343BB60FFF78BF901903823BA68B9
:105830001A406368DB009A429CD0FFF781F9019B14
:10584000C01A154B9842F1D9CCE73B689B01E5D4CF
:1058500083E73B685B05E1D47FE73B6E9B07DDD4C4
:105860007BE7FB6DFAE7FFF76BF9019BC01A0A4B68
:1058700098428BD9B6E7AB68094A1340E2681343F4
:10588000AB608BE70020024000100240808D0108D1
:10589000400100204402002088130000FFF0FFFFB9
:1058A000FF8FFFFF064B07499B68074A5B045B0FAE
:1058B0009B005B581F2110680B40D8407047C046C2
:1058C00000100240608D010840010020F0B503681F
:1058D000040085B000209B0352D58022704D5205F4
:1058E000EB6B0090134208D1EB6B1343EB63EB6B54
:1058F00013400393039B012300938027694E7F008D
:1059000033683B433360FFF71BF9019033683B4238
:1059100028D0EA6DC02310009B00216B624E184016
:105920001A4218D0814216D08022EB6DE86D190022
:1059300052020243EA65EA6D5C4831400240EA6582
:10594000E965DB0707D5FFF7FBF807000222EB6DDF
:10595000134200D19CE0EB6D226B334013430020D7
:10596000EB6506E0FFF7ECF8019BC01A0228CDD9E1
:105970000320009B012B03D1EB6B4D4A1340EB63DB
:105980002368DA0706D5032545494A6DAA436568A9
:105990002A434A659A0706D50C2541494A6DAA4310
:1059A000A5682A434A65DA0606D53D49414D4A6D48
:1059B0002A40E5682A434A659A0506D538493E4D8E
:1059C0004A6D2A40A5692A434A655A0506D53449D5
:1059D0003A4D4A6D2A40E5692A434A659A0606D53A
:1059E0002F49374D4A6D2A4025692A434A655A0492
:1059F0000FD52B49256A4A6D920092082A434A65C1
:105A00008022D205954204D18022CD6852022A43D9
:105A1000CA601A0306D5402521494A6DAA43656A22
:105A20002A434A659A020FD51D49264E4A6DA56A3A
:105A300032402A434A658022D203954204D1802213
:105A4000CD6852042A43CA605A020DD5144D1E4E29
:105A5000696DE26A314011436965802149048A42D7
:105A600002D1E9680A43EA601B050FD50C4A616957
:105A7000536D164C23400B4353658023DB01994241
:105A800004D18023D1685B020B43D36005B0F0BD25
:105A9000FFF756F80E4BC01B984200D856E767E751
:105AA0000010024000700040FFFCFFFFFFFFFEFF00
:105AB000FFFFFFEFFFF3FFFFFFFFF3FFFFFFCFFF4E
:105AC000FFCFFFFFFFFFBFFFFFFFFFFEFF3FFFFF17
:105AD00088130000A0210268F8B5D36804008B4346
:105AE000D360FFF72DF8FA2705002026BF002368B2
:105AF000DB68334201D00020F8BDFFF721F8401BDE
:105B0000B842F4D90320F7E7F7B54026036805004B
:105B1000DA680024324211D18022D968FA270A4378
:105B2000DA60FFF70DF8BF0000902B68DB681A0001
:105B300032400192334201D1032C01D12000FEBD3D
:105B4000FEF7FEFF009B019CC01AB842EDD92B0066
:105B5000032429331C70E8E7802270B50F4C050040
:105B6000E3689343E360A369603A134207D1FFF708
:105B7000B1FF002802D003202935287070BDA36929
:105B80009343A361FFF7A6FF002802D00320293525
:105B900028702023A2691343A361EFE70028004087
:105BA00070B504000120002C17D0250029352B7872
:105BB000DAB2002B08D1230028331A7088231B0285
:105BC00020006360FAF73CFD02232B702368DA683B
:105BD000D20603D5012300202B7070BDCA225A6261
:105BE000773A20005A62FFF78FFF002825D12368FB
:105BF00015499A6960690A409A61A26899690243E5
:105C0000E06902430A439A61226920001A61E2684E
:105C1000196912040A431A61FFF79EFF00280CD18C
:105C20002268266A9369DB00DB089361636A9169E5
:105C30003343A66933430B439361FF2223685A62BF
:105C40000028C7D0C9E7C046BFFF8FFBF8B50400E6
:105C50000120002C67D0636A002B65D18222616825
:105C60005200914200D0E36100232500A3625D351C
:105C70002B78DAB2002B05D123005C3320001A7098
:105C8000FAF70CFD022340222B702168E6680B68AE
:105C90009343E0220B60D2000023964248D9F022C1
:105CA00018001201964200D0A36282228427636802
:105CB00052001340A2683F023A4002271343226970
:105CC000A5693A4013430122676917403B43802787
:105CD000BF002F403B43E769373217403B43276AF9
:105CE0004832174080223B43A76A920117403B434A
:105CF000102708220B60636A2D0C3B40676B17402E
:105D00003B43F0273F013E403343042635402B43BD
:105D100003434B60CB69084803400020CB6101235B
:105D200020665D342370F8BD0023236163619BE727
:105D300080204001B6E7C046FFF7FFFFC0220423E2
:105D400013B50468D200A16808001040114200D1C8
:105D500016BDE168013B0191DBB20199002BF2D144
:105D60000320F5E701000300012010B53D310C7858
:105D7000E2B284421FD1001808701B68D968114331
:105D8000D9600E498B4209D08021C9058B4205D0CC
:105D90000B498B4202D00B498B420DD19A680A49BC
:105DA0000A40062A06D007398A4203D00122196820
:105DB0000A431A60002010BD1968F9E7002C014061
:105DC0000004004000400140070001000121036879
:105DD00010B5DA688A43DA601C6A074A144206D1B1
:105DE0001C6A064A144202D11A688A431A600123C7
:105DF0003D300370002010BD11110000440400006C
:105E000070477047704770470222036810B51969E0
:105E1000040011420ED0D96811420BD0053A1A6124
:105E2000043202779B699B0700D186E0FFF7E9FF08
:105E300000232377042223681969114211D0D968FD
:105E400011420ED0093A1A61073222779A69C023AB
:105E50009B0020001A4200D175E0FFF7D2FF00231B
:105E6000237708222368196911420ED0D96811429C
:105E70000BD0113A1A610D322277DB6920009B07A3
:105E800067D0FFF7BEFF002323771022236819692C
:105E9000114210D0D96811420DD0213A1A6119323D
:105EA0002277DA69C0239B0020001A4257D0FFF7FF
:105EB000A8FF00232377012223681969114207D024
:105EC000D968114204D0033A20001A61F9F7A0FB07
:105ED000802223681969114208D0D968114205D07F
:105EE000023AFF3A20001A6100F0EFF823681A69BD
:105EF000D20507D5DA68120604D51C4A20001A61BB
:105F000000F0E4F8402223681969114207D0D968EB
:105F1000114204D0813A20001A61FFF774FF202259
:105F200023681969114207D0D968114204D0413A57
:105F300020001A6100F0C8F810BDFFF761FF2000D3
:105F4000FFF760FF74E7FFF75BFF2000FFF75AFFE2
:105F500085E7FFF755FF2000FFF754FF93E7FFF7B2
:105F60004FFF2000FFF74EFFA3E7C046FFFEFFFFF5
:105F700010B51C4C0368A04206D08022D205904286
:105F800002D0194A904208D1702293434A681343C1
:105F9000164A1A40CB6813430BE0154A9042F7D0DB
:105FA000144A9042F4D0144A9042F1D0134A9042DD
:105FB000EED0802293434A69134303608B68C36227
:105FC0000B688362A04208D00A4B984205D00A4B66
:105FD000984202D0094B984201D10B690363012317
:105FE000436110BD002C014000040040FFFCFFFF96
:105FF00000200040004001400044014000480140B2
:1060000070B504000120002C23D025003D352B78ED
:10601000DAB2002B05D123003C3320001A70FAF7C6
:106020008FFB02232B702068211DFFF7A1FF2200A8
:10603000012300204832137047340A3A137053701A
:106040009370D370137153719371D3711372237062
:106050002B7070BDF0B5040002223C34257803009B
:106060001000012D26D01D003D352A701B68124EF0
:106070005A689868B34203D1104F3A404F683A4388
:106080007027BA430F683A435A60B34209D080225E
:10609000D205934205D00A4A934202D0094A93425C
:1060A00004D1802290438A68104398600123002025
:1060B0002B702070F0BDC046002C0140FFFF0FFF89
:1060C00000040040004001407047704770470000E6
:1060D00030B5EFF31084012282F31088C0250168E7
:1060E0000B68AB430B6084F31088EFF3108182F3ED
:1060F00010880268044C93682340936081F31088F1
:1061000020238830036030BDFFFF7FFF30B5EFF301
:106110001084012282F310880168134D0B682B4014
:106120000B6084F31088EFF3108182F3108802680B
:106130000E4C93682340936081F31088C36E012B4B
:106140000AD1EFF3108183F31088102402681368DA
:10615000A343136081F31088030020228C331A605C
:106160000023C366436730BDDFFEFFFFFEFFFFEF86
:10617000704770477047704770B5846A2300883352
:106180001A685D6823689B681B0608D5212A06D11A
:1061900023000022563320001A80FFF799FF23685E
:1061A0009B685B0608D5222D06D1230000225E33B2
:1061B00020001A80FFF7AAFF2200102390321168F6
:1061C00020000B431360FFF7D6FF70BD806A0023E9
:1061D000020010B55E321380083A1380FFF7CBFF40
:1061E00010BD0000F7B50168C14DCB6904000A6815
:1061F00088682B4210D120252B4200D19BE08026BD
:10620000760515400640354300D194E0636F2000C9
:10621000002B00D085E085E0B64D05400095B64DD9
:10622000009E1540354300D185E0250001269035BC
:10623000334205D0D70503D50E622F683E432E604A
:10624000022633420CD0C7070AD527000E629037CA
:106250003E680197B446042667463E43019F3E6070
:10626000042633420CD0C7070AD527000E629037A8
:106270003E680197B446022667463E43019F3E6052
:106280000826B446334209D02027009E17403743E2
:1062900004D066460E622F683E432E60802636018B
:1062A000334206D0570104D50E6220212E683143B7
:1062B00029602968002935D020210B420AD080238B
:1062C0005B0511400340194304D0636F002B01D0DC
:1062D0002000984722682B684027966828223E4075
:1062E000134020001E4322D0FFF710FF23689B6855
:1062F0003B4218D0EFF31081012383F3108825006F
:1063000004CD9368BB43936081F31088E86F002845
:1063100009D07A4B8363FEF791FD002802D0E86F25
:10632000836B9847F7BD2000FFF725FFFAE7FFF7DB
:1063300022FF2E60F6E7E56E012D00D09FE01026CB
:10634000334200D19BE0324200D198E00E6289686E
:1063500040230A001A40194257D0211DCA6F106805
:10636000426892B2002ADDD027005C373F8897420E
:10637000D8D927005E373A80026820208446104032
:1063800000906046024232D1EFF3108785F3108807
:1063900020685B4E02683240026087F31088EFF39A
:1063A000108785F3108820688268AA43826087F38B
:1063B0001088EFF3108785F31088206882689A436D
:1063C000826087F31088230062468C331A60009B3A
:1063D000E366EFF3108085F3108822680F351368A9
:1063E000AB43136080F31088C86FFEF7EDFC022307
:1063F0002200236723005C325E331B881188C91A90
:1064000089B22000F8F76AFF8CE7230020005C3394
:106410005E301988038800889BB2002800D181E78C
:10642000C91A89B2002900D17CE7EFF3108785F300
:1064300010882068334E03683340036087F3108868
:10644000EFF3108785F3108820682F4E8368334060
:10645000836087F31088230020208C331860E26665
:106460006267EFF3108085F31088102522681368A7
:10647000AB43136080F3108802232367C1E78025B4
:106480006D032B4206D0460204D520000D6200F0B9
:10649000E7FB47E780210B4207D080252D04114000
:1064A0002840014301D0A36FB1E640210B4216D032
:1064B0000A4214D0EFF31080012383F3108822687E
:1064C00013688B43136080F31088230020228833E5
:1064D0001A6000232000A367FFF74AFE22E7190293
:1064E00014D5510012D5200000F0BCFB1AE7C046BD
:1064F0000F0800000100001020010004CD61010818
:10650000FFFEFFFFDFFEFFFFFEFFFFEFDB0100D41A
:1065100008E7002A00DB05E7200000F0A2FB01E706
:106520000123806A10B50367C36E012B06D10300F7
:106530005C3319884908F8F7D1FE10BDFFF71AFE41
:10654000FBE7000003001B6820221B6870B51900E0
:10655000806A1140134234D103005E331980EFF397
:106560001085012383F3108804681D4E2168314093
:10657000216085F31088EFF3108583F31088046899
:10658000A1689943A16085F31088EFF3108483F329
:106590001088402501688B68AB438B6084F31088BA
:1065A00003008C331A60C36E012B0AD1EFF3108104
:1065B00083F31088102402681368A343136081F3E7
:1065C000108800230367C36E012B05D103005C33E1
:1065D0001988F8F783FE70BDFFF7CBFDFBE7C046D7
:1065E000FFFEFFFFF8B504002569A26823682A436F
:1065F00065691968C0692A43734D024329400A43FB
:106600001A605A687149A5690A40E1680A437049ED
:106610005A608B4201D0226A15439A686D4E32400F
:106620002A430F259A60DA6AAA43656A2A43DA6226
:10663000694A934225D1694B5A6D03231A4080233E
:106640001B02022A00D1BBE0032A00D1B2E0012ADA
:1066500000D1A8E0984200D17DE0FFF723F900289F
:1066600045D0626A5E4B5200D15AF1F75FFD656812
:106670006B08C0182900F1F759FD0200594B103A78
:1066800064E0594A934212D10C22544B5B6D134083
:10669000082B00D192E005D8002B00D081E08023A8
:1066A0001B02D7E70C2B00D182E0012020E04F4AEB
:1066B0009342F4D04E4A9342F1D08B42F5D1C0229E
:1066C0008021464B12015B6D090113408B4215D0AE
:1066D00004D8002B07D1FFF7E5F806E09342E4D198
:1066E000802636020BE0FEF7EFFF061E07D10020E2
:1066F000404BA36600236367A367F8BD3E4E626A02
:10670000374B5200D75A30003900F1F70FFD032301
:1067100065686B438342C8D82B038342C5D30023EB
:106720003A0030001900F1F7EFFE0027060E0B02C9
:10673000334302026E0892197B41100019002A00AF
:106740003B00F1F7E1FE2D4BC2182D4B9A42ACD81D
:106750002368D860CBE7FFF7A5F80028C7D0626AA6
:106760001F4B5200D15AF1F7E1FC656840006B08FD
:10677000C0182900F1F7DAFC02001A4B103A9A42CD
:1067800000D992E70F23020000079A4393B2400F0B
:1067900022680343D360AAE71748E0E7FEF794FFB7
:1067A0005DE780231B029842F8D1FEF78DFFD4E706
:1067B00080231B029842D2D0180052E780231B028C
:1067C0009842E9D00C484CE7F369FFCFFFCFFFFFB9
:1067D00000800040FFF4FF1100380140001002402B
:1067E000AE8E0108EFFF000000440040004800406A
:1067F000004C0040010001000024F40000FDFFFFF8
:10680000FFFC0F00836A30B5DA0706D50168284C13
:106810004A682240C46A22434A609A0706D5016842
:10682000244C4A682240046B22434A605A0706D52A
:106830000168214C4A682240446B22434A601A078F
:1068400006D501681D4C4A682240846B22434A6089
:10685000DA0606D501681A4C8A682240C46B2243C6
:106860008A609A0606D50168164C8A682240046C34
:1068700022438A605A0610D50168134D4A68446C59
:106880002A4022434A6080225203944205D14A683A
:106890000E4C2240846C22434A601B0606D50268D7
:1068A0000B4953680B40C16C0B43536030BDC0466D
:1068B000FFFFFDFFFFFFFEFFFFFFFBFFFF7FFFFF6F
:1068C000FFEFFFFFFFDFFFFFFFFFEFFFFFFF9FFF78
:1068D000FFFFF7FFF8B504000D0017001E00226847
:1068E000D3692B405B1B59424B41BB4201D0002076
:1068F00029E0069B0133F3D0FEF722F9069B801BAB
:10690000984201D8002B1FD1EFF31080012282F3AF
:1069100010882168204D0B682B400B6080F3108895
:10692000EFF3108082F3108821688B6893438B60AB
:1069300080F3108823001F3288331A605A600023C6
:10694000032084342370F8BD23681A685207C6D523
:106950008022D96912011142C1D01A62EFF310806E
:10696000012282F3108821680B4D0B682B400B60CD
:1069700080F31088EFF3108082F3108821688B6811
:1069800093438B6080F310882200202388321360A9
:1069900053609360D3E7C0465FFEFFFFF0B517007A
:1069A000020087B088320593136804000D000220AE
:1069B000202B45D10138002942D0002F40D0802320
:1069C000A1685B01994204D12369002B01D10542E2
:1069D00036D12300002690331E6021231360FEF77A
:1069E000AFF8230054331F80023303931F808023AA
:1069F000A26804905B019A4204D12369B34201D199
:106A00002E001D00230056331B889AB2002B0CD198
:106A1000059B402100932000049BFFF75BFF0028AB
:106A20000DD12023883423600AE0059B00220093C7
:106A300080212000049BFFF74DFF002802D0032097
:106A400007B0F0BD2268002D0BD133880236DB057C
:106A5000DB0D9362039B039A1B88013B9BB213805F
:106A6000D0E72B7801359362F4E70000030073B59B
:106A70000026040090331E60FEF762F823680500CC
:106A80001B681B0719D423681B685B070AD5802184
:106A9000104B0022009320002B00C903FFF71AFFC0
:106AA000002815D122000020202388321360536073
:106AB000E0662067843420700BE08021054B3200B3
:106AC0000093890303002000FFF704FF0028DAD0B9
:106AD000032076BDFFFFFF01F8B51300020006009A
:106AE00005005C3281650F00138022210022903660
:106AF0008C3532602960011D0400C86F904213D0AC
:106B00001D498263C1621D493A0001631C4941630A
:106B100021682431FEF710F9002805D01023012048
:106B20003360DB182B60F8BD2369002B0BD0EFF32B
:106B30001081012383F310882268FF331068034318
:106B4000136081F31088EFF31080012383F3108822
:106B500021688A681A438A6080F31088EFF31081F5
:106B600083F3108822683F3390680343936081F376
:106B700010880020D7E7C046456501082165010857
:106B800079610108F7B50700436E04006A37002BEE
:106B900004D10120388068342080F7BD03680B4E93
:106BA0009A689B680A4D5B0FF05CE95CC00001923B
:106BB000F1F746FB019B38801B015B0FF05CE95C41
:106BC000C000F1F73DFB80B2E5E7C046CE8E01087C
:106BD000C68E0108F7B504000E001D0001920028C2
:106BE00001D10120FEBD070088373B68002B04D18E
:106BF000020084321370F9F717FE24230121226862
:106C00003B60136820008B431360FFF7EBFC012807
:106C1000E7D0A36A002B02D02000FFF7F3FD80220B
:106C20002368D20199682D040A439A609A680A4938
:106C300020000A4032439A60019A51050D431A68B8
:106C400006490A40154301221D6019680A431A606B
:106C5000FFF70CFFC6E7C046FF7FFFFFFFFF00FC0A
:106C6000704770477047000070B504008434227884
:106C700003000220012A11D01D002422012688359C
:106C80002A601A6811681068B04310600448014017
:106C900000205866202311602B60207070BDC04614
:106CA000FFFFFFDFF8B5050084350B0029780222CD
:106CB000012915D00600012104688836223232608D
:106CC000276822688A432260A168C900C90819435D
:106CD000A160FFF757FF20230022276033602A704E
:106CE0001000F8BDF8B5050084350A0029780223A4
:106CF000012915D00600012104688836223333604B
:106D0000276823688B432360A168064B1940114311
:106D1000A160FFF737FF20232760336000232B702B
:106D20001800F8BDFFFFFFF103008C331B6870B53E
:106D300004000220202B02D1002901D1012070BDC6
:106D4000002AFBD08020A56801234001854204D1A0
:106D50002069002801D11942F0D1E3660023200008
:106D60002367FFF7B9FE0028E9D1E26E012AE5D1D9
:106D7000102321680B62EFF3108182F310882268E0
:106D800014682343136081F31088D8E710B5034BD0
:106D90000100186800F030F810BDC0465402002011
:106DA00010B5034B0100186800F0EEFC10BDC046A2
:106DB0005402002070B50F4E0D0031680400002908
:106DC00002D100F00DFC30602900200000F008FC2A
:106DD000431C03D101256D42280070BD0323C51C4F
:106DE0009D43A842F8D0291A200000F0F9FB013099
:106DF000F2D1EFE708680020F7B50322CB1C9343DC
:106E0000083305001F000C2B34D20C27B94233D8AD
:106E1000280000F071F8374E33681C00002C2FD189
:106E200039002800FFF7C6FF0400431C5FD1346817
:106E30000094009B002B4AD1002C52D023682800DC
:106E4000E3180099019300F0CBFB019B834248D1EA
:106E500023682800FF1A3900FFF7ACFF013040D04B
:106E60002368DB19236033685A68002A33D1009BFA
:106E7000336019E0002BC9DA0C232B600020FEBD23
:106E80002168C91B20D40B290AD9E2192760A34223
:106E900004D1326063681160536005E05A60F9E71D
:106EA0006268A3420ED13260280000F02DF8200065
:106EB00007220B30231D9043C21A9842DFD01B1AC1
:106EC000A350DCE75A60EFE723006468A6E7009C64
:106ED00063680093ADE71A005B68A342FBD100230F
:106EE000DAE70C2328002B6000F00EF8C6E70760F5
:106EF000DAE7C0460C68002010B5024800F0C1FB7C
:106F000010BDC0465069002010B5024800F0BAFB21
:106F100010BDC04650690020114B70B51D680400BB
:106F20002B6B002B16D11820FFF730FF021E2863B1
:106F300004D146210B4B0C4800F008FC0B4B002100
:106F400003600B4B43600B4B83600B238381012059
:106F50001061516100222B6B1C615A6170BDC046EB
:106F600054020020CF8D0108E68D01080E33CDAB11
:106F700034126DE6ECDE0500164B10B51C68236B71
:106F8000002B16D11820FFF701FF021E206304D149
:106F90005221114B114800F0D9FB114B0021036025
:106FA000104B4360104B83600B23838101201061E1
:106FB0005161246B0D4A206961690D4BF1F7C4FAE8
:106FC0000122002380185941206161614800400876
:106FD00010BDC04654020020CF8D0108E68D010887
:106FE0000E33CDAB34126DE6ECDE05002D7F954CF3
:106FF0002DF4515830B50024022B09D092080359C2
:107000000D59013A05510B510434002AF7DC30BD0B
:10701000035D0D5D05550B550134131B002BF7DC8B
:10702000F5E7F8B50F00160004001D009847310081
:1070300000280DDA3800A847002802DA3C002000BA
:10704000F8BD31002000A8470028F8DA3400F6E740
:107050003800A8470028F1DC31002000A8470028AC
:10706000F4DAECE7F0B599B000900393009B1700B9
:1070700013430222080001929B0704D13B1F1A0010
:10708000531E9A410192002304933C00009B444309
:10709000DB190293009B1B190693062828D8029B34
:1070A000069A93420CD3049B002B00D020E119B028
:1070B000F0BD3A0029002000019BFFF79BFF0FE085
:1070C000029C0EE0E51B21002800039B9847002846
:1070D0000ADD019B002BECD123682A6822602B601B
:1070E0002C00009BA342EDD3029BDB190293D6E751
:1070F00046087E43009BE41B9E191C19072821D0DB
:1071000022000593282817D9C5087D4359194A1923
:10711000039B0098FFF785FF31007219039B0590D0
:10712000701BFFF77EFF06006800201A2200039BF9
:107130004119FFF776FF02003100039B0598FFF726
:1071400070FF0600019B002B23D1009B32681B6857
:1071500000990A60336000232600029D079305957D
:10716000A54233D828000099039B984700282BDCC0
:107170000DD1019B002B13D1059B2A681B68059933
:107180000A602B60059BDB19059301230793ED191A
:10719000E6E73A003100019B0098FFF72BFFDAE7A2
:1071A0003A002900019B0598FFF724FFEAE7002831
:1071B00009D1019B002B13D1236832682260336010
:1071C0000123F61B0793E41BAC4210D2079B002B54
:1071D00040D1029B069A934200D364E7029C32E0BE
:1071E0003A0031002000019BFFF704FFE8E7200090
:1071F0000099039B98470028D9DA019B002B05D101
:107200002B6822682A602360E41BBEE73A00210055
:107210002800019BFFF7EEFEF6E73A002900200068
:10722000019BFFF7E7FE0DE0E51B21002800039B13
:10723000984700280ADD019B002BEED123682A68BD
:1072400022602B602C00009BA342EDD3029BDB1934
:107250000293BEE7059B009AEB1A0293059B9A1ACC
:10726000029B9A4200DD1A00002A04D0019B00987C
:10727000A91AFFF7BFFE069B341B9A1BD21BA24222
:1072800000D92200002A05D0069B2800991A019BEC
:10729000FFF7B0FE069B029E1D1BB44205D82300DB
:1072A00034001E002B00009D0093BE422BD9049B8E
:1072B000072B11D808AADB009D5039009B1820002D
:1072C0001D00F0F733FF049B686001333900300084
:1072D0000493F0F72BFFD8E639003000F0F726FFD3
:1072E0003A000100039B0098FFF7BCFEBC420DD89A
:1072F000049B08AA013B0493DB009A58009208AA59
:107300009B185868C1E6BC4200D8CCE63900200082
:10731000F0F70CFF0095B8E6002310B504000360F9
:107320004360836081814366C281036143618361FD
:10733000190008225C3000F011F90B4B24626362E3
:107340000A4BA3620A4BE3620A4B23630A4B9C423B
:1073500005D00A4B9C4202D0094B9C4203D120002D
:10736000583000F08DF910BDA1740108C9740108EE
:10737000017501082D75010810680020786800204B
:10738000E068002010B5034A0349044800F06CF897
:1073900010BDC0464802002029790108580200208B
:1073A00041680B4B10B50400994201D000F0BCFAC3
:1073B000A168084B994202D0200000F0B5FAE168BC
:1073C000054B994202D0200000F0AEFA10BDC04635
:1073D0001068002078680020E068002010B5094B94
:1073E000094A04211A6009480022FFF795FF01228B
:1073F00009210748FFF790FF022212210548FFF7F5
:107400008BFF10BD486900208573010810680020BB
:1074100078680020E068002010B5024800F031F9DB
:1074200010BDC0465169002010B5024800F02AF98D
:1074300010BDC0465169002010B50400FFF7ECFFF5
:10744000236A002B02D0FFF7EFFF10BD044B23622D
:10745000044B1B68002BF6D1FFF7C0FFF3E7C046D3
:10746000A173010848690020F7B5140000260090B8
:107470000191A5686768013F04D52468002CF8D104
:107480003000FEBDAB89012B08D90E22AB5E013363
:1074900004D029000098019B984706436835EAE725
:1074A00070B50C000E25495F00F086F8002803DB5C
:1074B000636D1B18636570BDA389024A1340A381E5
:1074C000F9E7C046FFEFFFFFF8B51F008B89050005
:1074D0000C001600DB0505D50E23C95E0022022331
:1074E00000F056F8A389054A28001340A381320012
:1074F0000E23E15E3B0000F085F8F8BDFFEFFFFFD3
:1075000070B50C000E25495F00F042F8A389421CBB
:1075100003D1054A1340A38170BD80225201134359
:10752000A3816065F8E7C046FFEFFFFF10B50E23AB
:10753000C95E00F01BF810BD10B5884202D98B1847
:10754000984208D300239A4207D0CC5CC45401333C
:10755000F9E78B5C8354013AFBD210BD030082181B
:10756000934200D1704719700133F9E7002370B5D9
:10757000064D040008002B60F9F7C6FC431C03D13C
:107580002B68002B00D0236070BDC0464C690020E2
:1075900070B50400080011001A000023054D2B608F
:1075A000F9F7BCFC431C03D12B68002B00D02360EF
:1075B00070BDC0464C69002070B504000800110081
:1075C0001A000023054D2B60F9F784FC431C03D1FE
:1075D0002B68002B00D0236070BDC0464C69002092
:1075E000002370B5064D040008002B60F9F798FCE5
:1075F000431C03D12B68002B00D0236070BDC04614
:107600004C69002070B50400080011001A00002326
:10761000054D2B60F9F76BFC431C03D12B68002B45
:1076200000D0236070BDC0464C690020014B186833
:107630007047C0465402002070B500260C4C0D4D1A
:10764000641BA410A64209D1002601F0F3FA0A4CEB
:107650000A4D641BA410A64205D170BDB300EB58BF
:1076600098470136EEE7B300EB5898470136F2E74A
:10767000208F0108208F0108248F0108208F010826
:10768000704770477047002310B59A4200D110BD73
:10769000CC5CC4540133F8E7F8B50D0017006B005B
:1076A000274A5B0D9A180E0004000100132A21DC02
:1076B000002A07DA0022EE0FF3073A607B60290008
:1076C0002000F8BD1F48104103002B40234305D183
:1076D000F60F3C607D601C00F507F0E78643002252
:1076E0003300200029003A607B60F3F777FB040049
:1076F0000D00E4E7332A15DD29003C607D6000F0D1
:107700004FF900280AD122002B0020002900F2F7AF
:107710007FF804000D003C607D60D0E7EE0F002490
:10772000F507CCE70120084A40429B18D8400300E7
:1077300023402042CCD081432B000A00D1E7C04631
:1077400001FCFFFFFFFF0F00EDFBFFFF7FB5140003
:107750001A00094B05001B680E00D868074B002C67
:1077600001D1074B1C000749019302942B0000969E
:1077700000F006F900F044F9540200203E8E0108A2
:10778000798E01084B8E010870B505000C1E10D0D3
:10779000043C2368002B00DAE4182800FFF7ACFB58
:1077A0001D4A1368002B05D1636014602800FFF7A1
:1077B000ABFB70BDA34208D9206821188B42F3D1DE
:1077C00019685B6809182160EEE71A005B68002BF6
:1077D00001D0A342F9D911685018A0420BD12068FA
:1077E0000918501811608342E0D118685B6841188D
:1077F00011605360DAE7A04202D90C232B60D5E771
:10780000206821188B4203D119685B680918216030
:1078100063605460CAE7C0460C680020F7B50C22CC
:107820008B5E05000C001A0756D44A68002A02DC59
:107830000A6C002A4EDDE76A002F4BD00022802020
:107840002E682A601A004001216A0240034233D0A8
:10785000626DA3895B0706D56368D21A636B002B40
:1078600001D0236CD21A00232800E76A216AB847A6
:10787000A289431C06D129681D2946D8294BCB4033
:10788000DB0742D50023636023692360D20405D55A
:10789000431C02D12B68002B00D16065616B2E6008
:1078A000002917D023004433994202D02800FFF763
:1078B0006BFF002363630DE001232800B84702003B
:1078C000431CC6D12B68002BC3D01D2B01D0162B17
:1078D0001AD12E6000201EE00E69002EFAD00F682B
:1078E0000E60BA1B019200229B0700D14A69A26078
:1078F000019B002BEEDDA36A32001F002800019BD4
:10790000216AB847002807DCA289402301201343DD
:107910001BB2A3814042FEBD019B36181B1A019386
:10792000E6E7C046010040200B6970B505000C0079
:10793000002B02D10025280070BD002804D0036A66
:10794000002B01D1FFF778FD0C22A35E002BF1D0B4
:10795000626ED20704D49B0502D4A06DFFF791FE9E
:1079600028002100FFF75AFF636E0500DB07E2D411
:10797000A3899B05DFD4A06DFFF784FEDBE7000041
:107980000EB417B5054C05AB04CB0100206801937C
:1079900000F064F81EBC08BC03B018475402002075
:1079A0000B0070B50400020001001C430220002CF3
:1079B00006D080200006834203D14B1E9941881CCB
:1079C00070BD0C48590049080B4C0E180420A64203
:1079D000F6D9802401386403A342F1D380252D0613
:1079E0005D19A542ECD3054C0020A142E8D15042DC
:1079F0005041E5E70000F0FFFFFFDF7F0000F07F70
:107A0000062010B500F08CFB0120F9F75DFA9368B1
:107A100010B5013B9360002B04DA9469A34207DBA5
:107A20000A2905D01368581C10601970080010BD91
:107A300000F0ACFA0100F9E7F8B506000F001400F9
:107A4000D518AC4201D1002007E021783A0030007F
:107A5000FFF7DDFF0134431CF3D1F8BDF0B5A1B051
:107A60000F0015001E000390002804D0036A002BAD
:107A700001D1FFF7E1FC7B6EDB0705D4BB899B05D9
:107A800002D4B86DFFF7FDFDBB891B0702D53B692A
:107A9000002B13D13900039800F0BAFA00280DD05A
:107AA0007B6EDB0703D50120404221B0F0BDBB89CE
:107AB0009B05F8D4B86DFFF7E5FDF4E7002308ACAB
:107AC0006361203363761033A37607962E003378F4
:107AD000002B01D0252B48D1731B0593AE420BD050
:107AE0002A0039000398FFF7A7FF013000D1AEE06C
:107AF0006369059A9B1863613378002B00D1A6E077
:107B0000012200235242626004A954325218751CAB
:107B10002360E360A3601370A365594B052218002E
:107B20002978059300F01CFB6E1C00281FD12268E9
:107B3000D30604D5532304A95B1820211970130719
:107B400004D5532304A95B182B2119702B782A2BF9
:107B500016D02E0000210A20E3683278751C303AD6
:107B6000092A50D9002911D117E00136AFE7059B4A
:107B70002268C01A01238340134335002360CCE7F9
:107B8000079B191D1B680791002B01DB0B9304E079
:107B90005B42E36002231343236033782E2B0CD126
:107BA00073782A2B34D1079B02361A1D1B68079263
:107BB000002B01DA01235B420993324D0322280096
:107BC000317800F0CDFA002806D04023401B8340D6
:107BD0002268013613432360317806222A48751C37
:107BE000217600F0BDFA002840D0284B002B22D18E
:107BF0000722079B07339343083307936369049A6B
:107C00009B18636162E743432E0001219B18A4E7A0
:107C100000230A201900013663603278751C303A5F
:107C2000092A03D9002BC8D00991C6E741432E0089
:107C300001238918F1E707AA009221003A00144BAA
:107C4000039800E000BF0490049B0133D6D17B6E03
:107C5000DB0705D4BB899B0502D4B86DFFF712FD85
:107C6000BB895B0600D51EE70D981EE707AA0092A8
:107C700021003A00064B039800F07CF8E3E7C04689
:107C80007A8E0108808E0108848E010800000000B1
:107C9000397A0108F7B5160001938A680B690C0060
:107CA0000090934200DA13002200336043321278CE
:107CB000002A01D00133336023689B0602D5336864
:107CC000023333602268062315001D401A4227D074
:107CD000230043331B785A1E93412268920630D406
:107CE000220001990098089D4332A847013025D011
:107CF0000622236800251340042B05D13368E5686C
:107D0000ED1AEB43DB171D40A3682269934201DDA6
:107D10009B1AED180026B54220D1002010E0013555
:107D2000E36832689B1AAB42D2DD2200012301993D
:107D30000098089F1932B8470130F0D10120404225
:107D4000FEBD3020E1184331087021005A1C453136
:107D50000978A218433202331170C1E722000123CF
:107D600001990098089F1A32B8470130E6D00136D1
:107D7000D1E70000F0B58BB006920A0043320793BA
:107D8000059003920A7E0C00109B782A09D8622A7B
:107D90000BD8002A00D1BAE07A490491582A00D1C0
:107DA0008EE0250042352A7022E010006338152845
:107DB000F7D8F0F7B1F916001F00F6FFF6FFF6FF4F
:107DC000F6FF1F00F6FFF6FFF6FFF6FF9F003600F6
:107DD0007E00F6FFF6FFB000F6FF3600F6FFF6FF76
:107DE000820025001A684235111D196013682B7036
:107DF00001239EE018680968021D0D060BD5066870
:107E00001A60002E03DA2D23039A764213705D4B1D
:107E10000A27049318E006681A604906F1D536B2BD
:107E2000EFE70868196840C9050602D4400600D586
:107E3000B6B21960534B0A2704936F2A00D1023F50
:107E40002300002243331A706368A360002B06DB13
:107E500004212268039D8A43226033430CD0039D92
:107E600030003900F0F7E8F9049B013D5B5C2B70B2
:107E7000330006009F42F3D9082F09D12368DB079E
:107E800006D5626823699A4202DC3023013D2B70DB
:107E9000039B5B1B2361079B210000930598069BB6
:107EA00009AAFFF7F7FE013048D1012040420BB08C
:107EB000F0BD202209680A432260782232490491E9
:107EC000210045310A701968226840C9100602D4A1
:107ED000500600D5B6B21960D30702D5202313434C
:107EE0002360002E01D01027AAE7202223689343A5
:107EF0002360F8E71A680D68101D49691860136857
:107F00002E0601D5196002E06D06FBD5198000230D
:107F1000039D2361BFE71A68111D196015680021D0
:107F20002800626800F01CF9002801D0401B606046
:107F3000636823610023039A1370ACE72A00236966
:107F400006990598079DA8470130AED023689B0786
:107F500015D4099BE0689842A9DA1800A7E7220027
:107F6000012306990598079E1932B04701309CD02D
:107F70000135E368099A9B1AAB42F0DCE9E700257A
:107F8000F7E7C0468B8E01089C8E0108F8B5060005
:107F90000D001400002804D0036A002B01D1FFF764
:107FA0004BFAA369A360A3891B0702D52369002BA1
:107FB00009D12100300000F02BF8002803D0012562
:107FC0006D422800F8BD23692068EFB2C01A6369CA
:107FD000EDB2834205DC21003000FFF7A5FC00284C
:107FE000EDD1A3680130013BA36023685A1C2260D5
:107FF0001F706369834204D0A389DB07E1D50A2D92
:10800000DFD121003000FFF78FFC0028D9D0D6E760
:108010002D4B70B5050018680C00002804D0036AC9
:10802000002B01D1FFF708FA0C22A35E1A0723D414
:10803000DA0607D409222A60402201201343A381D3
:1080400040423AE05B0713D5616B002908D023005A
:108050004433994202D02800FFF796FB0023636364
:108060002422A3899343A3810023636023692360AF
:108070000823A2891343A3812369002B0BD1A021DC
:108080008022A389890092000B40934203D02100F3
:10809000280000F09BF80C22A35E01211A000A4080
:1080A0000B420BD00022A26062695242A261002002
:1080B0002269824201D11A06BED470BD990700D44C
:1080C0006269A260F3E7C0465402002070B5040064
:1080D0000D001F2904D9162303600120404270BD02
:1080E000C36B002B04D08A009B181A68002A08D1A1
:1080F000200000F031F82A000100200000F01AF8FA
:10810000EDE7012A09D0511C03D116230360012099
:10811000E5E700212800196090470020DFE7000014
:1081200010B5034B01001868FFF7D0FF10BDC04623
:1081300054020020002370B5064D04000800110011
:108140002B60F8F7B9FE431C03D12B68002B00D03D
:10815000236070BD4C69002010B5F8F7ABFE10BD70
:10816000C9B28218904201D10020704703788B4237
:10817000FBD00130F6E7000070B50E001D000E23A5
:10818000C95E140096B000290CDAB2898023110070
:1081900019401A4214D18023DB000020296023609B
:1081A00016B070BD6A4600F053F80028EDDBF023EE
:1081B00001991B021940044BC9184B425941EAE787
:1081C00000214023E9E7C04600E0FFFFF0B50226AA
:1081D0008B8905000C0085B0334207D0230047335C
:1081E000236023610123636105B0F0BD03AB02AAE4
:1081F000FFF7C2FF029F019039002800FEF7FCFD47
:10820000002808D10C22A35E9A05EDD403229343E3
:108210001E43A681E2E78023A28920601343A38145
:10822000039B20616761002B0CD028000E23E15EC8
:1082300000F020F8002805D00323A2899A43023BCE
:108240001343A381A389019A1343A381CCE70000C0
:10825000002370B5064D0400080011002B60F8F7EC
:1082600056FE431C03D12B68002B00D0236070BD49
:108270004C690020002370B5064D040008002B60F7
:10828000F8F74AFE431C03D12B68002B00D0236073
:1082900070BDC0464C690020F8B504000D0000F028
:1082A00081F906000F002000290000F089F800285D
:1082B0000DD0200029000F4A0F4BF0F7D7F8002807
:1082C00008D0FFF7B3F9222300260C4F03603000DB
:1082D0003900F8BD20002900094A0A4BF0F7B2F82E
:1082E0000028F4D0FFF7A2F922230026002703601C
:1082F000EDE7C046EF39FAFE422E86400000F07FDF
:1083000051302DD5104987C0F8B504000D0000F09C
:10831000B1FA220006000F002B0020002900F3F71D
:1083200067F9002815D10022002320002900F0F76A
:108330009DF800280DD10022002320002900F0F72D
:108340007BF8002808D0FFF771F922230026074F99
:10835000036030003900F8BDFFF768F9212303609E
:10836000034800F035F806000F00F2E70000F0FFC8
:10837000798E0108F8B504000D0000F02FF82200F6
:1083800006000F002B0020002900F3F731F9002828
:1083900013D10022002320002900F0F753F8002811
:1083A0000BD0FFF743F921230022036000231000C4
:1083B0001900F1F7F3FD06000F0030003900F8BD99
:1083C000024B48004008C018C00F704700001080E2
:1083D000002001497047C0460000F87FF0B50A0050
:1083E0000D006B4904000300080087B02840884254
:1083F00011D122002B0020002900F2F709FA020017
:108400000B0020002900F1F703FA04000D00200002
:10841000290007B0F0BD002D11DC69004908214397
:10842000F5D00020854210D022002B00200029002A
:10843000F2F7D4FC02000B00F1F7B0FDE5E72815D8
:1084400015D180240021640307E0DA0A15385B05A2
:10845000002AFAD0F5E7520001312242FBD04C1E2F
:10846000001B20241D00641AE5408B402A43494923
:10847000120344188021120B49031143C00703D48F
:10848000DA0F490051185B00002562104900802472
:108490000592DA0F5218162029005B00A4030E196A
:1084A000964202DC3119921B2D19DE0F5200013861
:1084B00092195B0064080028F1D12026802704006F
:1084C00004963F063E18B4468A4202DC14D19E420E
:1084D00012D860466646C0190091002E03DAC643E2
:1084E000F60F8E190096521A634589414942521A75
:1084F00061465B1A0099E419DE0F52009219049E3E
:108500005B00013E7F080496002EDBD11A431FD08A
:10851000214E224F306871683A687B68009201935F
:108520003268736802920393009A019BF2F756FC3B
:1085300002000B0002980399EFF78EFF002807D086
:10854000306871683A687B68671C0CD1049C0135FF
:10855000134A6B109B18059AED0764081205254312
:108560002800D11851E7F1F753F97768366802000F
:108570000B0030003900EFF765FF002804D002340B
:1085800063426341ED18E3E7012301349C43DFE7D5
:108590000000F07F01FCFFFFE08E0108D88E01088B
:1085A0000000E03FF0B54B000F00CC0F91490600F2
:1085B00089B05B088B422ED98F498B4211D93B037E
:1085C0001B0B034306D002003B0030003900F1F7DB
:1085D0001FF910E0002C00D009E13000390009B08B
:1085E000F0BD3900854A864BEFF740FF051E05D0E8
:1085F000002000F017FB06000F00EEE73000390006
:10860000804A814BEFF71EFF002800D17DE0280053
:1086100000F001FBEFE77D4A934200D89EE07C4AE0
:10862000934272D87B4BE5005B191A685B6839008E
:10863000F2F7D4FB784B029003915B191A685B68E0
:1086400004920593012363401B1B0193049A059B2D
:1086500002980399F2F7C2FB06000F0032003B00BC
:1086600030003900F2F7D4F804000D006B4A6C4B6F
:10867000F2F7CEF86B4A6C4BF2F7B0FB22002B00FE
:10868000F2F7C6F8694A6A4BF1F7C2F822002B00EC
:10869000F2F7BEF8674A684BF2F7A0FB22002B0006
:1086A000F2F7B6F8654A664BF1F7B2F822002B00F4
:1086B000F2F7AEF802000B0030003900F2F78EFB43
:1086C0000B00020004000D0030003900F2F7A0F8A2
:1086D000019B06900791002B56D180230022200099
:1086E0002900DB05F2F77AFB02000B0006980799D8
:1086F000F1F754FC32003B00F2F770FB02000B0074
:1087000000205049F2F76AFB75E74F4BE4001C1953
:108710004E4A4F4B30003900F2F77AF8226863680E
:10872000F1F776F8F2F786FF0190F2F7BFFF494ABA
:10873000494B04000D00F2F76BF802000B0030000B
:108740003900F2F74BFB454A02900391444B20005D
:108750002900F2F75DF80490059177E7414A9342CA
:108760000DD8414A414B3900F1F752F80022354B00
:10877000EFF77CFE002805D00022324B25E70023CE
:1087800001936BE7019069E780212B002200002014
:10879000C905F2F723FB02000B0006980799F1F7D1
:1087A000FDFB02000B0004980599F2F717FB029AF3
:1087B000039BF2F713FB02000B0000202149F2F7A4
:1087C0000DFB2B4B019A0D009A4203DB11050600AD
:1087D0004F1902E7FA2292009446019B002263445B
:1087E0001B055918B8235B04F2F712F803E70026BB
:1087F0000027F2E6412E8640FFFFEF7FEF39FAFEB9
:10880000422E864051302DD5104987C0422ED63F8A
:10881000B1A2F03FF88E0108E88E0108D0A4BE7224
:108820006937663EF16BD2C541BDBB3E2CDE25AF3C
:108830006A56113F93BDBE166CC1663F3E555555F5
:108840005555C53F0000F03F088F0108FE822B659B
:108850004715F73F0000E0FE422EE63F763C7935B3
:10886000EF39EA3DFFFFEF3D9C7500883CE4377E21
:1088700003FCFFFF8023F0B55B030E008DB099422F
:1088800023DA4B005B08034307D1002200230020BA
:10889000B449F1F783FB0DB0F0BD002906DA020000
:1088A0000B00F2F79BFA00220023F2E7AE4B002206
:1088B000F1F7AEFF36230E005B42AC4A964206DD6E
:1088C00002000B00F0F7A4FFE5E70023F5E7A84C52
:1088D000321512193603A74CD218330B02931B1909
:1088E000802464032340A44C029D5C401B159B180C
:1088F00025430022009329009F4BF2F76FFA029B59
:10890000060002331B030F0000221B0B022B64DC4A
:108910000023EFF791FD002819D0009B002B00D118
:108920001CE11800F2F7C2FE944A954B04000D00BA
:10893000F1F76EFF934A06000F00934B20002900C9
:10894000F1F766FF02000B0030003900BAE78F4AEA
:108950008F4B30003900F1F75BFF02000B00002065
:108960008C49F2F73BFA320004000D003B00300066
:108970003900F1F74DFF0B00020029002000F1F74C
:1089800047FF009B02900391002B06D102000B00D1
:1089900030003900F2F722FA7DE70098F2F786FE00
:1089A000764A774B04000D00F1F732FF754A0090CC
:1089B0000191754B20002900F1F72AFF02000B00FE
:1089C00002980399F2F70AFA32003B00F2F706FA2E
:1089D00002000B0000980199DCE78023DB05F0F72B
:1089E00017FF02000B0030003900F1F7D7FA0490AE
:1089F00005910098F2F75AFE049A059B069007919C
:108A000010001900F1F704FF634A029B9446634487
:108A100002000B930B0008900991F1F7F9FE040096
:108A20000D005E4A5E4BF1F7F3FE5E4A5E4BF0F7D7
:108A3000EFFE22002B00F1F7EBFE5C4A5C4BF0F7F7
:108A4000E7FE22002B00F1F7E3FE5A4A5A4BF0F7FB
:108A5000DFFE089A099BF1F7DBFE584A089009915E
:108A6000574B20002900F1F7D3FE564A564BF0F73A
:108A7000CFFE22002B00F1F7CBFE544A544BF0F707
:108A8000C7FE22002B00F1F7C3FE02000B0008987E
:108A90000999F0F7BDFE029A4E4B04009B1A0B9AFF
:108AA0000D001343002B34DD00223A4B3000390017
:108AB000F1F7AEFE32003B00F1F7AAFE02000B0018
:108AC0000290039120002900F0F7A2FE049A059B72
:108AD000F1F79EFE009B04000D00002B06D1020062
:108AE0000B0002980399F2F779F94FE7234A244BD8
:108AF00006980799F1F78CFE224A0090019106989A
:108B00000799214BF1F784FE22002B00F0F780FE3D
:108B100054E702000B0030003900F2F75FF9049AC5
:108B2000059BF1F775FE009B04000D00002B02D1A0
:108B300002000B002CE7114A114B06980799F1F738
:108B400067FE104A00900191069807990E4BF1F7C5
:108B50005FFE02000B002000290033E70020002107
:108B600099E6C046000050C300005043FFFFEF7F6E
:108B700001FCFFFF645F09000000F03F0000E0FE21
:108B8000422EE63F763C7935EF39EA3D555555554D
:108B90005555D53F0000E03F86EBF9FF44523EDFDC
:108BA00012F1C23FDE03CB966446C73F599322942D
:108BB0002449D23F935555555555E53F9FC678D02A
:108BC000099AC33FAF788E1DC571CC3F04FA9799BF
:108BD0009999D93F51B8060070B50D0016000400F0
:108BE000FEF724FD29000660200070BD37B5140093
:108BF0001D00002802D0802109065B180092019315
:108C0000009A019B20002900F1F702FE2222FFF7C3
:108C1000E3FF03B030BD802310B500225B05FFF7F2
:108C2000E5FF10BDE02310B50022DB05FFF7DEFFF6
:108C300010BD0000F8B5C046F8BC08BC9E467047A1
:0C8C4000F8B5C046F8BC08BC9E46704762
:108C5000A089B0E1E995B23FECC039234A7BC33F1C
:108C60000A68226C787ACD3FB81E85EB51B8DE3F9A
:108C7000000000000000F03F0F9C33A2B437F93F22
:108C80008A1F63EE5A420140A54E401361430640DD
:108C9000EF38454772790940000000003F8000002E
:108CA00000000000228D00084E8C0008388C00085F
:108CB000B48C0008388C0008E88C0008388C000858
:108CC000B48C00084E8C00084E8C0008E88C00081C
:108CD000B48C0008248C0008248C0008248C000824
:108CE000F28C00084E8C00084E8C0008388C00086E
:108CF0008E8D0008388C0008E88C0008388C00083D
:108D00008E8D00084E8C00084E8C0008E88C000800
:108D10008E8D0008248C0008248C0008248C000808
:108D2000D0A100088EA000086CA0000858A0000880
:108D30006CA0000872A100086CA0000858A00008F0
:108D40008EA000088EA0000872A1000858A000089C
:108D500050A0000850A0000850A0000894A10008EE
:108D60000000000000000000000000000000000003
:108D700001000000020000000300000004000000E9
:108D800000000000000000000000000000000000E3
:108D900000000000000000000000000000000000D3
:108DA00001000000020000000300000004000000B9
:108DB0000600000007000000080000000900000095
:108DC00053544D5F31302E31302E333443520052E4
:108DD00045454E54206D616C6C6F63207375636301
:108DE0006565646564002F6275696C642F676E75D4
:108DF0002D746F6F6C732D666F722D73746D3332BB
:108E00005F31332E332E72656C312E323032343076
:108E10003932362D313731352F7372632F6E6577C6
:108E20006C69622F6E65776C69622F6C6962632F63
:108E30007374646C69622F72616E642E63002C20FF
:108E400066756E6374696F6E3A2000617373657244
:108E500074696F6E2022257322206661696C6564D7
:108E60003A2066696C6520222573222C206C696E7D
:108E700065202564257325730A00232D302B2000DF
:108E8000686C4C00656667454647003031323334C4
:108E90003536373839414243444546003031323364
:108EA0003435363738396162636465660000010025
:108EB00002000400060008000A000C001000200058
:108EC00040008000000108040204080101010101C2
:108ED000010307010000000059F3F8C21F6EA5014D
:108EE000000000000000F03F763C7935EF39EA3DA4
:108EF000763C7935EF39EABD0000E0FE422EE63FD0
:108F00000000E0FE422EE6BF000000000000E03F4F
:088F1000000000000000E0BFBA
:088F1800F8F6FE7F01000000E5
:048F2000E5800008E0
:048F2400BD80000804
:108F28000000000000002E400E2DB29DEFFF5840BB
:108F38000000000000002E40210000000900000091
:108F48000100000000040050200000000004005050
:108F58001000000000080050001000000000005041
:108F6800000800000004005008000000000C005039
:108F78000400000000080050002000000008005015
:108F8800000800000008005000020000000800501F
:108F98000004000000080050000100000004005018
:108FA80004000000000C0050010000000000005008
:108FB800040000000000005008000000000C0050F1
:108FC80000010000000C005000020000000C0050DE
:108FD80040000000000C0050200000000004005079
:108FE8000080000000040050004000000004005011
:108FF8000020000000040050001000000004005091
:1090080000080000000400500004000000040050A4
:109018000002000000040050000100000008005099
:1090280080000000000800504000000000080050C8
:109038002000000000080050100000000008005048
:10904800080000000008005004000000000800505C
:1090580002000000000800500100000001010000AB
:109068000024F400000000000F00000008000000C9
:109078000000000000003E400000000000406F407B
:1090880000000000000000400000000000C0924006
:1090980000000000000089400100000000010000FD
:1090A80001000000000000000000000000000000B7
:1090B8000F000000070000000000000000004E4004
:1090C8000000000000005440000000000000F03FD5
:1090D8000000000000F891400000000000E085401A
:1090E8000100000000010000010000000000000075
:1090F8000000000000000000010101000200000063
:109108000101000000000000000000000000000055
:109118000000000000C092400000000000488C40A1
:109128000900000009000000010000000F00000015
:1091380000000000003071400000000000D08640B0
:1091480000000000000059400000000000005940E5
:109158000000000000D0864001000000010000006F
:10916800010B0100040000000000000003000000E3
:10917800106800205802002000000000106800203D
:1091880078680020E068002000000000000000006F
:1091980000000000000000000000000000000000C7
:1091A80000000000000000000000000000000000B7
:1091B80000000000000000000000000000000000A7
:0491C80000000000A3
:0400000508014A5D47
:00000001FF
