:020000040800F2
:1080000000900020594A0108C1080108C30801086E
:108010000000000000000000000000000000000060
:10802000000000000000000000000000C50801087A
:108030000000000000000000C7080108C90801088E
:10804000A94A0108A94A0108A94A0108A94A010840
:10805000A94A0108A94A0108A94A0108A94A010830
:10806000A94A0108D1080108A94A0108A94A01083A
:10807000A94A0108A94A0108A94A0108A94A010810
:10808000A94A0108E1080108F108010801090108ED
:10809000A94A01081109010821090108A94A010892
:1080A000A94A0108A94A0108A94A01083109010899
:0C80B000A94A0108A94A0108A94A0108D0
:1080BC0010B5064C2378002B07D1054B002B02D0B2
:1080CC00044800E000BF0123237010BDA80200206B
:1080DC0000000000308C0108044B10B5002B03D0BD
:1080EC000349044800E000BF10BDC046000000007A
:1080FC00AC020020308C010802B4714649084900DA
:10810C00095C49008E4402BC7047C04603B47146FA
:10811C00490840004900095E49008E4403BC704781
:10812C00002243088B4274D303098B425FD3030AAA
:10813C008B4244D3030B8B4228D3030C8B420DD3BD
:10814C00FF22090212BA030C8B4202D3121209024B
:10815C0065D0030B8B4219D300E0090AC30B8B4289
:10816C0001D3CB03C01A5241830B8B4201D38B0337
:10817C00C01A5241430B8B4201D34B03C01A5241DC
:10818C00030B8B4201D30B03C01A5241C30A8B421F
:10819C0001D3CB02C01A5241830A8B4201D38B020A
:1081AC00C01A5241430A8B4201D34B02C01A5241AE
:1081BC00030A8B4201D30B02C01A5241CDD2C30920
:1081CC008B4201D3CB01C01A524183098B4201D39C
:1081DC008B01C01A524143098B4201D34B01C01A87
:1081EC00524103098B4201D30B01C01A5241C308FF
:1081FC008B4201D3CB00C01A524183088B4201D36E
:10820C008B00C01A524143088B4201D34B00C01A59
:10821C005241411A00D20146524110467047FFE7C5
:10822C0001B5002000F0F0F802BDC0460029F7D0DF
:10823C0076E7704703460B437FD4002243088B42FA
:10824C0074D303098B425FD3030A8B4244D3030BD1
:10825C008B4228D3030C8B420DD3FF22090212BA96
:10826C00030C8B4202D31212090265D0030B8B4212
:10827C0019D300E0090AC30B8B4201D3CB03C01AFC
:10828C005241830B8B4201D38B03C01A5241430BD7
:10829C008B4201D34B03C01A5241030B8B4201D3C7
:1082AC000B03C01A5241C30A8B4201D3CB02C01A32
:1082BC005241830A8B4201D38B02C01A5241430AAA
:1082CC008B4201D34B02C01A5241030A8B4201D399
:1082DC000B02C01A5241CDD2C3098B4201D3CB0140
:1082EC00C01A524183098B4201D38B01C01A5241EF
:1082FC0043098B4201D34B01C01A524103098B42F3
:10830C0001D30B01C01A5241C3088B4201D3CB00DD
:10831C00C01A524183088B4201D38B00C01A5241C0
:10832C0043088B4201D34B00C01A5241411A00D270
:10833C0001465241104670475DE0CA0F00D04942D9
:10834C00031000D34042534000229C4603098B4249
:10835C002DD3030A8B4212D3FC22890112BA030AD1
:10836C008B420CD3890192118B4208D38901921153
:10837C008B4204D389013AD0921100E08909C309D8
:10838C008B4201D3CB01C01A524183098B4201D3DA
:10839C008B01C01A524143098B4201D34B01C01AC5
:1083AC00524103098B4201D30B01C01A5241C3083D
:1083BC008B4201D3CB00C01A524183088B4201D3AC
:1083CC008B00C01A5241D9D243088B4201D34B00C7
:1083DC00C01A5241411A00D20146634652415B1009
:1083EC00104601D34042002B00D5494270476346EA
:1083FC005B1000D3404201B5002000F005F802BD2F
:10840C000029F8D016E770477047C0468446100024
:10841C0062468C461900634600E0C0461FB502F068
:10842C0083F9002801D40021C8421FBD10B502F009
:10843C00C7F84042013010BD10B502F075F90028A4
:10844C0001DB002010BD012010BDC04610B502F0AC
:10845C006BF9002801DD002010BD012010BDC046C5
:10846C0010B502F0F1F8002801DC002010BD01204D
:10847C0010BDC04610B502F0E7F8002801DA002064
:10848C0010BD012010BDC046844608006146FFE7C0
:10849C001FB500F0FBFC002801D40021C8421FBD11
:1084AC0010B500F083FC4042013010BD10B500F057
:1084BC00EDFC002801DB002010BD012010BDC046E2
:1084CC0010B500F0E3FC002801DD002010BD0120F8
:1084DC0010BDC04610B500F091FC002801DC002056
:1084EC0010BD012010BDC04610B500F087FC00285F
:1084FC0001DA002010BD012010BDC046002B11D1A7
:10850C00002A0FD1002900D1002802D00021C94334
:10851C00080007B4024802A14018029003BDC046EF
:10852C00E9FEFFFF03B4684601B5029800F06AF853
:10853C00019B9E4602B00CBC7047C046F0B5CE46BF
:10854C009946030C9C46130447461B0C1D000E0059
:10855C0061460404240C80B50700100C4B436543A2
:10856C00414360432C0CC01824188C46A34203D9F9
:10857C0080235B029846C444494679435643230CF6
:10858C002D042D0C8919634424046019C918C0BC2E
:10859C00B946B046F0BDC0469E2110B5C905041CB5
:1085AC00FFF7A2FF002803D1201C01F075F810BDC5
:1085BC009E21201CC90500F00BFE01F06DF88023F4
:1085CC001B069C466044F2E770B500220C4B04007D
:1085DC000D00FFF74FFF002804D12000290003F005
:1085EC0023F870BD064B00222000290002F0F0FB9E
:1085FC0003F01AF880231B069C466044F1E7C04642
:10860C000000E041F0B557464E464546DE46E0B523
:10861C0004000D009246994683B08B4230D82DD081
:10862C004946504603F076F929000600200003F075
:10863C0071F9331A9846203B34D49B4653465A461C
:10864C00934042461F00534693401E00AF423BD816
:10865C00AF4200D179E05B46A41BBD41002B00DA90
:10866C0076E0002200230092019301235A469340A6
:10867C000193012342469340009329E08242CFD9D3
:10868C0000220023009201930C9B002B01D01C6054
:10869C005D600098019903B0F0BCBB46B246A94698
:1086AC00A046F0BD42469B4620239B1A5246DA4018
:1086BC00414613004A468A40170042461F43534620
:1086CC0093401E00AF42C3D90022002300920193B5
:1086DC004346002BD8D0FB0772081A4346467B084A
:1086EC000EE0AB4201D1A2420CD8A41A9D4101204C
:1086FC0024196D410021013E24184D41002E06D055
:10870C00AB42EED9013E24196D41002EF8D10098F0
:10871C0001995B4600196941002B24DB2B005A465A
:10872C004446D3402A00E2401C005B461500002B57
:10873C002ADB26009E40330026004746BE4032000E
:10874C00801A9941009001919EE7A342BCD882E720
:10875C004246202300219B1A002200910192012203
:10876C00DA40019285E7424620239B1A2A004646AE
:10877C009A402300F340444613432A00E2401C0075
:10878C005B461500002BD4DA42462F00202326002E
:10879C0097409B1ADE403B003343CDE7F8B54B02C4
:1087AC005A0A94464A00C90FCE46474689464500A8
:1087BC0046022D0E120E80B59909770AC40FB60920
:1087CC00AB1A4C4520D0002B0CDD002A34D10029EB
:1087DC002AD05A1E012B00D18FE0FF2B00D1CDE007
:1087EC0013002FE0002B60D0531B002D00D0EEE0C7
:1087FC00002E00D13EE15C1E012B00D16BE1FF2B62
:10880C0000D1B9E02300E7E0002B00DCA4E0002A53
:10881C0069D0FF2D00D1B1E08022D20411431B2B73
:10882C0000DCE9E02B000536F708FF2B00D1A5E0B2
:10883C007A02520AD8B230E0FF2D00D19EE080229D
:10884C00D204114301201B2B08DC08002022D84045
:10885C00D31A99400B005A1E93411843361A7301D0
:10886C0000D471E0B601B709380003F035F83B00CD
:10887C000538834085424DDDB44E2D1A1E405A07F3
:10888C0068D00F221340042B64D00436730161D5D9
:10889C00681CFE2D54D1FF200022C0051043E407B4
:1088AC002043C0BCB946B046F8BDFE229046681CB9
:1088BC000200404610426BD1002D00D0DDE0002EAE
:1088CC0000D102E10029B3D08022771AD2041742DA
:1088DC0000D136E14C468E1B61D00120164230D1BE
:1088EC000023F708A4E700299ED05A1E012B00D1C3
:1088FC00CAE0FF2B42D0130091E7711A4B0100D450
:10890C00D1E08F01BF09380002F0E6FF3B000538CB
:10891C00834001252022401B0130121A1E00934077
:10892C00C6405A1E93411E4339D0730700D11BE138
:10893C000F2300253340042BA7D1012072017CD5D5
:10894C00C0B2B201520AA8E7730703D00F23334019
:10895C00042B9AD12B0067E7002B23D0531B002D3F
:10896C007BD1002E00D186E05D1E012B00D18BE067
:10897C00FF2B02D02B0075E04C466746002F00D130
:10898C0089E78022D2033A435202FF20520A84E73D
:10899C00771A7B016BD4002F00D065E700240020F0
:1089AC0000227AE7FE226B1C1A4249D1002D00D01E
:1089BC009FE0002E00D1BAE0002900D1CFE0721860
:1089CC00530100D4CDE092010120520A65E7FF2A41
:1089DC00D2D08020C004064301201B2B08DC3000C1
:1089EC002024D840E31A9E4033005C1EA341184358
:1089FC004C4615000E1A32E708002022D840D31A34
:108A0C0099400B005A1E93410343F61873019BD5F2
:108A1C000135FF2D00D13EE701234D49720833404B
:108A2C000A401A431600530704D00F231340042B9B
:108A3C0000D02AE7730100D52AE72B00F708F7E6E8
:108A4C00FF2B00D127E7711849084A072FD00F22B6
:108A5C000A40042A2BD00E1DE6E6FF2A8DD080207A
:108A6C00C00406431B2B24DD13004E1DDCE64C46D4
:108A7C008F1BF9E64C460E00D6E6002E49D1002994
:108A8C0068D067464C467CE77018430174D5304972
:108A9C0040080140430709D00F230340042B05D0A5
:108AAC0002230E1DC0E60123CF08C1E60223CF0826
:108ABC00BEE620253000D840EB1A9E4033005D1EE8
:108ACC00AB41034315005E18A0E7002900D165E710
:108ADC004C466746ACE68F1B7B012ED5BF01BF0908
:108AEC00380002F0F9FE3B00053883404C46013556
:108AFC0010E7002E00D140E7002900D141E7802388
:108B0C00DB039F4200D23CE79C4500D339E7674624
:108B1C0037E7002900D134E78023DB039F4200D2E2
:108B2C002FE79C4500D32CE74C46674629E70029E4
:108B3C0000D134E70023CF087AE64C460123FF0826
:108B4C0076E6002F00D129E7FF0871E6FFFFFFFB57
:108B5C00FFFFFF7D80220024FF20D2039DE600232F
:108B6C0066E60023D70863E60120720100D5E7E62C
:108B7C0031000023CF085BE60123C70858E6C04646
:108B8C00F0B546464F46D6464502C0B5C30F470022
:108B9C0098460E1C6D0A3F0E5BD0FF2F21D0802310
:108BAC00ED00DB041D43002399469A467F3F740277
:108BBC007300640A1B0EF60F002B20D0FF2B43D042
:108BCC0080220020E400D20414437F3B4246FF1A6B
:108BDC004B4672400F2B00D99DE071499B00CB583E
:108BEC009F46002D5AD108239946063B74029A469B
:108BFC007300FF27640A1B0EF60F002BDED1002C2E
:108C0C003BD1012342464946724019430E2918D8DC
:108C1C006448890041588F465346022B00D1B8E076
:108C2C00032B6ED042462C00012B40D10020002497
:108C3C00C0052043D2071043E0BCBA46B146A84653
:108C4C00F0BDFF200024F3E7002C20D10223FF3FCE
:108C5C00D8E7002D05D104239946033B00279A46FB
:108C6C00A5E7280002F038FE7627431F9D4000231D
:108C7C007F4299469A463F1A99E7200002F02CFE53
:108C8C00431F9C4076235B421B1A00209EE7032364
:108C9C004A461A4391460320FC3397E70C23994626
:108CAC00093BFF279A4682E703282CD03200380074
:108CBC007F30002847DD630704D00F232340042BAB
:108CCC0000D00434230103D53800374B80301C40CE
:108CDC00FE28B6DCA401640AC0B2A9E780240022F5
:108CEC00FF20E403A4E78023DB031D4201D01C42D8
:108CFC000BD08024E4032C4364024246FF20640A18
:108D0C0096E746462C008023DB031C4364023200AA
:108D1C00FF20640A8CE76D01600185422DD21B2374
:108D2C000024013F0126290064006D00002901DBAD
:108D3C00854201D32D1A3443013B002BF3D16B1E1A
:108D4C009D412C43B3E701231B1A1B2B00DD6DE760
:108D5C0021009E37D940BC400B00611E8C4123433F
:108D6C00590704D00F211940042900D004335901AC
:108D7C0013D49B0100205C0A5AE71A2301242D1AF4
:108D8C00D0E7981E43425841404232000024C0B202
:108D9C004EE74246FF2000244AE70120002447E723
:108DAC009C8C0108DC8C0108FFFFFFF770B54200BA
:108DBC004E024C0045026D0A120EC30F760A240EA9
:108DCC00C90FFF2A10D0FF2C0CD00120A2420AD1CF
:108DDC00B54208D18B420FD0002A04D12800431E83
:108DEC00984100E0012070BD0120FF2CFBD13543E0
:108DFC00F9D14B401800F6E70020F4E730B54200FB
:108E0C0044024D02C30F4800640A120E6D0A000E94
:108E1C00C90FFF2A18D0FF280AD0002A1ED100281B
:108E2C000AD1002D29D0002C2DD14800013830BD9D
:108E3C00002D25D1002A01D1002CF6D08B4219D05F
:108E4C0001205B421843F2E7002C19D1FF28F7D11F
:108E5C00002D15D100208B42F2D1E8E70028EFD08D
:108E6C008B42EDD18242EBDC04DBAC42E8D8002033
:108E7C00AC42DCD258000138D9E7002CD7D0DFE760
:108E8C0002204042D3E78B42DAD1EEE730B5420004
:108E9C0044024D02C30F4800640A120E6D0A000E04
:108EAC00C90FFF2A17D0FF280AD0002A1BD100288F
:108EBC000AD1002D1DD0002C2DD14800013811E015
:108ECC00002D0ED1002A01D1002CF6D08B420CD1F2
:108EDC005800013806E0002C03D1FF2805D1002DE5
:108EEC0015D0022030BD002806D101205B4218436A
:108EFC00F8E7002CF6D0F8E78B42F6D18242F4DC8E
:108F0C00E6DBAC42F1D80020AC42EBD2E0E700202B
:108F1C008B42EAD1E6E78B42E7D1F2E7F0B54F4658
:108F2C004646D6464400C0B546020F1C760A240EAF
:108F3C00C50F002C00D1DAE0FF2C74D08023F60092
:108F4C00DB041E43002399469A467F3C7B025B0A56
:108F5C0098467B001B0EFF0F002B74D0FF2B00D10B
:108F6C008EE042468021D200C90411437F3B2A0087
:108F7C00E4184B467A408846D2B20A2B75DC4B4635
:108F8C000020022B0FDD494601238B40A621C9008E
:108F9C000B4269D1902189000B4200D000E188215D
:108FAC00194200D0F5E041460904090C434608007B
:108FBC00350C36041B0C360C704369435E435D4321
:108FCC007618030C9B19994203D9802149028C46CF
:108FDC00654400041904000C09188E01701E8641AA
:108FEC001B0C890E5B190E439B011E431B016CD499
:108FFC0023007F33002B00DCB1E0150071070BD090
:10900C000F2021003040042806D00436320103D54D
:10901C006E4B1E400B008033FE2B00DDBDE0B20119
:10902C00520ADBB248E0002E00D092E008239946A9
:10903C00063B9A467B025B0A98467B00FF241B0E7C
:10904C00FF0F002B8AD14246002A64D149460132D7
:10905C00114389460A2908DC7D400120EAB2022925
:10906C0091DC1500002227E015005346022B00D19D
:10907C0093E0032B1AD0012B2CD1002300221BE0F0
:10908C004346FF34002B55D003214B460B431900AC
:10909C000A2B00DC92E00F2B00D08CE08022D20354
:1090AC00164203D04346134200D17DE08022D20306
:1090BC0032435202520AFF23D805ED0710432843CE
:1090CC00E0BCBA46B146A846F0BD012315007108B4
:1090DC001E400E4323008033611C002B41DD7207C0
:1090EC0094D00F223240042A00D08EE78EE7002E57
:1090FC0005D104239946033B00249A4626E7300009
:10910C0002F0EAFB7624431F9E40002364429946FA
:10911C009A46241A1AE7404602F0DEFB4B46241A04
:10912C00763C0A2BA1DC4346053883407D409846AB
:10913C00EAB224E74A46023313432A007A40D2B2F9
:10914C000A2B92DC49461500002926D099460220AC
:10915C0019E70C239946093BFF249A46F6E61500BD
:10916C0021000122D31A1B2B00DD86E79E31320031
:10917C008E40DA40731E9E413243530704D00F23B6
:10918C001340042B00D00432530110D501230022CC
:10919C0092E73D004646824667E7FF2300228BE7B5
:1091AC0080220025D20386E73D001A4383E7920113
:1091BC000023520A80E73D00464677E72A00012348
:1091CC007A408B400320D2B2E9E6C046FFFFFFF79E
:1091DC00F8B54746CE46430280B55F0A9B09450069
:1091EC004A009C464B02C40FCE0F2D0E580A120E8D
:1091FC009909FF2A6BD001235E40AB1AB4424BD0C5
:10920C00002B00DCFFE0002A00D188E0FF2D00D10C
:10921C00EFE08022D204114301201B2B08DC080054
:10922C002022D840D31A99400B005A1E9341184360
:10923C0063461B1A9C4663465B0100D4CDE0634633
:10924C009F01BF09380002F047FB3B000538834003
:10925C00854200DCA2E0B74A2D1A1A4094465A0700
:10926C0000D1C3E00F221340042B00D1BEE0042335
:10927C009846C44463465B0100D4B7E0681CFE2DDD
:10928C0000D0A5E0FF200022C0051043E4072043D6
:10929C00C0BCB946B046F8BD002B00DCEBE1002A9F
:1092AC0046D0FF2D00D1A4E08022D20411431B2B09
:1092BC0000DCFBE0052398462B00C4446246D7082B
:1092CC00FF2B00D195E07A02520AD8B2DCE72B00D2
:1092DC00FF3B9946002918D101235E40B44200D1CE
:1092EC00CAE04B46002B2DD0002D00D03CE1FF23D3
:1092FC006446002C00D15FE15D1E012B00D174E1AE
:10930C003400FF2B74D02B0003E1B44200D19CE05D
:10931C00002B17D0002DEAD0070034006CE0002998
:10932C00CCD05A1E012B2BD0FF2B62D0130073E72D
:10933C000029C3D05A1E012B00D11EE1FF2B58D09F
:10934C001300B4E7FE226B1C1A420DD1002D60D025
:10935C006346002B00D020E1002900D028E18022B8
:10936C000024FF20D2038FE763465F1A7B0100D5F0
:10937C00FEE0002F00D065E700240020002283E7E8
:10938C006346591A4B0100D419E18F01BF0938000B
:10939C0002F0A2FA3B000538834001252022401B35
:1093AC000130121A19009340C1405A1E93411943BF
:1093BC008C460B1EE1D05B0700D152E10F23002538
:1093CC000B40042B00D052E701204A0100D492E05C
:1093DC00C0B263469A01520A56E763465B0705D052
:1093EC000F2362461340042B00D040E72B0065E7A7
:1093FC000700002F00D145E78022D2033A435202E6
:10940C00FF20520A40E7002B79D1FE226B1C1A4236
:10941C00AAD16346002B00D1F5E0002900D1D1E0A0
:10942C005F1A8023DB041F4200D10EE16246012447
:10943C008A1A944600203440002A00D124E70120E7
:10944C001A42C6D10023D7083DE7002B17D0002DB8
:10945C0000D0AFE0FF236546002D00D1ADE05E1ECD
:10946C00012B00D189E0FF2BC2D01B2E00DCABE01E
:10947C004B1D9C46130021E74B46002B70D1FE225E
:10948C006B1C1A425ED1002D00D0C3E06346002B4A
:10949C0000D1D0E0002900D194E00A0062445301CD
:1094AC0000D4D8E092010120520AEDE608002022F7
:1094BC00D840D31A99400B005A1E934103439C4445
:1094CC0063465B0189D50135FF2D00D1DAE6624692
:1094DC0001231949134052080A401A4313009446B9
:1094EC005B0704D00F231340042B00D0BFE6634668
:1094FC005B0100D5C2E66346DF082B00E3E6531B95
:10950C00002D00D1F4E680206446C0040443A44638
:10951C00340001201B2B09DC20256046D840EB1AB7
:10952C0065469D402B005D1EAB4118430B1A9C46B3
:10953C00150080E6FFFFFFFBFFFFFF7DFE226B1C8B
:10954C001342A3D0FF2B00D19CE6614449084A0783
:10955C0049D00F220A40042A45D00A1D9446ADE694
:10956C00002D00D176E78DE63400FF2000228BE63B
:10957C0063460124CF1A344064E661444B016DD537
:10958C0048084449014043072CD00F230340042BC7
:10959C0028D00B1D9C46022390E6002900D12BE716
:1095AC008023DB039F4200D226E7984200D323E7B7
:1095BC000124344007001FE734008C467EE601236B
:1095CC00CF0880E600237EE620206546801B854080
:1095DC0063462800F340451EA84103439C461500F2
:1095EC008C446DE70223CF086DE60F1B7B0128D559
:1095FC00BF01BF09380002F06FF93B00053883400A
:10960C0034000125CAE6002900D1B5E60124070083
:10961C00344058E66346002B00D1E9E6002900D11E
:10962C00EAE68023DB039F4200D2E5E6984200D3B2
:10963C00E2E60700E0E6002900D19EE60023CF0811
:10964C0041E634000123FF083DE6002F00D193E6EC
:10965C000023FF0837E60023D70834E60123CF08A0
:10966C0031E680220B00D20401201340114200D0BD
:10967C00AEE6CF0827E6002B00D15FE7561B002D86
:10968C0001D13300E7E680236046DB0418438446AF
:10969C00EBE6C046FFFFFF7D41024200C30F490AC3
:1096AC000020120E7E2A03DD9D2A02DD094A98183D
:1096BC007047802000040143952A07DC9620821A0B
:1096CC00D1404842002BF3D10800F1E7963A914083
:1096DC00F7E7C046FFFFFF7F70B5002812D0C31715
:1096EC00C5185D40C40F280002F0F6F89E231B1A23
:1096FC00962B0FDC082838D0083885406D026D0A8F
:10970C00D8B202E0002400200025C0052843E4075D
:10971C00204370BD992B14DC421F95402A0015493B
:10972C00114055071CD00F252A40042A18D00431AB
:10973C00CA08490115D59F235202181A550AC0B2FE
:10974C00E3E705222900121AD14002001B32954092
:10975C002A00551EAA410A43064911405507E2D179
:10976C00CA085202550AD8B2CFE76D026D0A8E3084
:10977C00CBE7C046FFFFFFFB10B5041E0DD002F077
:10978C00ABF89E231B1A962B0CDC082834D0083817
:10979C0084406402640AD8B201E000200024C005B1
:1097AC00204310BD992B13DC421F9440144A2240D5
:1097BC0061071CD00F212140042918D00432D40891
:1097CC00520115D59F236402181A640AC0B2E6E749
:1097DC00020021001B3291400A00511E8A410521D2
:1097EC00091ACC401443064A22406107E2D1D4083E
:1097FC006402640AD8B2D2E76402640A8E30CEE7FF
:10980C00FFFFFFFBF0B54F464646D646C0B582B0CB
:10981C00009001910E034C00CD0F710A009E5F0069
:10982C00760F0E43009900920193C90089461903E3
:10983C007B0D9846019B490ADB0F9C46009B009AC6
:10984C005B0F0B434146640DD200611A654500D194
:10985C00A6E0002972DD4746002F00D1DDE0CC4F99
:10986C00BC4200D19AE10127382917DC80273F043C
:10987C003B431F2900DDDDE12027781A1F008740BC
:10988C00BA461700CF408446380057460743604617
:10989C008240CB40501E8241F61A17434B46DF1BC9
:1098AC00B94580414042361A330200D4FFE07602BB
:1098BC00760A002E00D13CE1300002F00DF80300D6
:1098CC00083B20213800CA1AD0409E4002009F401D
:1098DC0032439C4200DDA6E1181B0130091A3E0000
:1098EC008F40C6407B1E9F4113008B4037431F4364
:1098FC00C2403B0016000024134300D1DFE17B077C
:10990C0000D132E30F233A003B40042B04D03A1D24
:10991C00BA42BF417F42F619330200D423E39C4B79
:10992C0001349C4200D1B4E09A4B64051E40640D96
:10993C007707D20876021743360BACE0002900D12A
:10994C007EE04146091B002C00D060E13400484603
:10995C00044300D1C9E14C1E012900D12EE28C4DEB
:10996C00A94200D124E20127382C11DC21001F2947
:10997C0000DD0BE2202437004846641AA740C8409B
:10998C0007434846A040CE40441EA0419B1B0743C2
:10999C00D71BBA4292415242654644469E1A83E70F
:1099AC00002900DC9CE04746002F67D11F001743BD
:1099BC0000D1E4E0481E012900D19BE1744FB9426B
:1099CC0000D1EBE001270100382811DC1F2900DD54
:1099DC00C7E12027781A1F00844687401000C84032
:1099EC00074360468240CB40501E8241F618174315
:1099FC004F444F45804140423618330257D5644B93
:109A0C0001349C4245D00121624B7A081E403940FA
:109A1C000A43F7071743760871E71F00174300D175
:109A2C00ADE04F1EBC46012900D182E1584FB9422E
:109A3C0000D190E161460127382900DD2EE718E7B7
:109A4C00554F611C394200D0D0E0310048461F0010
:109A5C0001431743002C00D03DE1002900D1BCE1AB
:109A6C00002F00D0BFE14B460021D80877070743F1
:109A7C00F00806034C05360B640D0CE0444FBC4259
:109A8C0000D18BE001273829B2DC80273F043B430F
:109A9C009CE70026002724053443ED072C433800AF
:109AAC00210002B0E0BCBA46B146A846F0BD7B0727
:109ABC0004D00F233B40042B00D028E7F808344B8C
:109ACC0077070743F0089C4200D04AE23B0003436F
:109ADC0059D080263603064336032D4C360BDAE775
:109AEC00002961D04146091B002C00D1B9E0284C5B
:109AFC00A04500D1A5E10127382913DC80242404DA
:109B0C0026431F2900DDC8E1202437004846641A8B
:109B1C00A740C84007434846A040CE40441EA04141
:109B2C009B190743BF189742924152424446D6189C
:109B3C0063E7380001F0D0FE030018331F2B00DC64
:109B4C00BFE63A00083882409C4200DD83E01B1BD4
:109B5C00581C1F2800DCB4E117001F3BDF402028F5
:109B6C0005D040231B1A9A40531E9A4117430024D8
:109B7C00002F0AD07B0700D0C4E626009EE74B4698
:109B8C000C00D8089BE70027014C002683E7C04651
:109B9C00FF070000FFFF7FFFFE0700004B46770723
:109BAC00D8080743F00891E7CD4F611C39426BD1BF
:109BBC00310048460143002C00D04BE11F001743F5
:109BCC00002900D181E1002F00D14CE74A444A45DD
:109BDC008041F61840423618330200D5B0E1170028
:109BEC009146374300D03EE7002654E74946891A90
:109BFC008846C145BF41F11A7F42C91B0F0261D48F
:109C0C0047460F4300D1BDE00E00474651E6B54C28
:109C1C00A04500D100E10127382900DDB8E68024F9
:109C2C0024042643A3E6B04EE41A16407B0700D06A
:109C3C003FE743E70F001800203FF84084462029F7
:109C4C0003D04027791A8B401A43531E9A4163461E
:109C5C0017001F4322E6A448E11A10404707C0082A
:109C6C0007E734004846044300D1FAE04C1E0129B2
:109C7C0000D1D7E09B4FB94200D1E2E00127382C4C
:109C8C0000DD4FE721003CE7964CA14200D1DDE01E
:109C9C004A444A458041F31840421818C7075208F5
:109CAC0017434608520705D00F220C003A40042AED
:109CBC0000D02CE67607FF0837430009D9E60027C9
:109CCC000026E8E64946571ABA4292419E1B524278
:109CDC006546B61AEDE5002900D0C6E0002F67D125
:109CEC00802600257F4C3603D5E665460C001E0009
:109CFC00D008E4E64A444A458041F318404218181B
:109D0C001100030200D496E0774B49081840C307B2
:109D1C000B434408490700D129E10F221A40042AB9
:109D2C0000D1EAE01F1D9F42B6417642361902244B
:109D3C00C4E649468F1AB9458041F61A4042361A94
:109D4C00330206D47307FF0801211F43F00890E685
:109D5C0065460124ABE54B467707D8080743F00866
:109D6C00B4E60F001800203FF8408446202903D0A9
:109D7C004027791A8B401A43531E9A4163461700A9
:109D8C001F4335E600250024002684E60C00350030
:109D9C00203CE540202905D04024611A8E404946DC
:109DAC00314389464846411E884107002F43EFE561
:109DBC00D2085F0765461743D80887E6171ABA42D8
:109DCC0092419E1B5242B61A3302C1D47307FF084C
:109DDC00654601211F43F0084BE6002F7BD06546FA
:109DEC001E0091463FE6811A8846C145A441F11AEE
:109DFC006442091B80242404214277D0101A824229
:109E0C00924107009E1B5242B61A374300D0A0E085
:109E1C006546002400263EE65F07D20865461743D8
:109E2C00D80853E6811891429241F018524280189A
:109E3C00030200D568E74707C9080F43C008012192
:109E4C0017E6D2085F071743D8083FE60C00002638
:109E5C00002720E6002956D15F07D2081743D808FF
:109E6C0034E60C001E00D00829E6C1087007014337
:109E7C00F008002F62D080242403204207D0DE0893
:109E8C00264204D165463000D1085B0719434F0FB9
:109E9C00C900C9087F070F4318E60C003000203CAE
:109EAC00E0408446202905D04024611A8E40494662
:109EBC00314389464846411E8841614607000F439D
:109ECC0030E620210027091A0EE51E00002F00D0D5
:109EDC0022E5002458E7002500240026DBE5C046D7
:109EEC00FE070000FF070000FFFF7FFF47460F4300
:109EFC0000D147E70E00C146B5E5DF086407022133
:109F0C0027430009B5E51900C0087707074311433B
:109F1C00F008002900D1D9E580210903084207D0B7
:109F2C00DC080C4204D1D2085B071A43170020004E
:109F3C007B0FFF00FF085B071F43C7E50F00C5E55C
:109F4C00124BD20833405F075B02012417431E0BF0
:109F5C00A1E5264212D00D4B6546020001241E409D
:109F6C00E6E4210085E51700A8E53A00D4E4DB0817
:109F7C0064071C432700022100097AE5C008770713
:109F8C00074365460021F00873E5C046FFFF7FFFDD
:109F9C00F0B5DE46454657464E46E0B587B00092D2
:109FAC0001930B031B0B9B46CA0F4B00040080460E
:109FBC005B0D029200D198E07C4A934237D059460F
:109FCC00420FC9000A43802109041143C200904684
:109FDC00774A894692469A44002300240393009EB4
:109FEC00019F3B031B0B9B467B0030005B0DFD0F61
:109FFC00002B59D06D4A934248D05946720FC90074
:10A00C000A438021090411438B466949F2008C46AE
:10A01C0051466344CB1A9A460021029E6E40F6B21A
:10A02C000F2C00D9CEE0634BA4001B599F465A4617
:10A03C000243914600D090E09A46022390460824B1
:10A04C000393CCE7CB464246029D0399022900D1EB
:10A05C00DEE1032900D18DE0012900D079E12E0049
:10A06C0000220023002490461B052343F6073343AC
:10A07C004046190007B0F0BCBB46B246A946A04604
:10A08C00F0BD002200249046484BEDE75A46009B59
:10A09C001A43494B9C46E244002A59D102231C43E3
:10A0AC00002302219B46B8E75A46009B1A4349D02D
:10A0BC005B46002B00D19CE1584601F00DFC0200E0
:10A0CC0003000B3A1D27009EBA1A19005846D640B9
:10A0DC0008398840320002439346009A8A40374937
:10A0EC0053448A4600219A4497E75B4603439946BA
:10A0FC0021D05B46002B00D169E1584601F0ECFB06
:10A10C000B235B429C460200844466461D239B1B2A
:10A11C00260011005846DE400839884033000343BE
:10A12C00994623008B409846254B00249B1A9A464F
:10A13C000023039353E7002398469A4601330424E3
:10A14C0003934CE701231C43002301219B4664E746
:10A15C000323320003211C435FE79A460323D946AD
:10A16C000C2403933BE700238024984600260F4BD6
:10A17C00240379E780245B4624031C4324032E002C
:10A18C0090460A4B240B6FE780244B462403234252
:10A19C0002D05B462342F0D080244B4624031C4360
:10A1AC002403029E014B240B5EE7C046FF07000010
:10A1BC0001FCFFFF188D010801F8FFFFF3030000FD
:10A1CC000DFCFFFFCB4500D2F8E000D1F3E00123FA
:10A1DC005B429C46444648460025E2445B46170ECB
:10A1EC001B021F43190C3B04120200971F0C9146D3
:10A1FC0002910397FEF71AF802007A430B04210C24
:10A20C00804619438A4209D9009F0123BC465B4210
:10A21C0061449C46E0448F4200D85CE1881A029964
:10A22C00FEF704F8039A240442430904240C0300A7
:10A23C000C43A24206D90099013B8C466444A142CE
:10A24C0000D842E1A01A424612041A4393464B46E8
:10A25C0059461B0C1F0004930B0449460904090CB6
:10A26C000C001B0C5C43120C7B43884651437A4315
:10A27C00270CBC465B186344994203D980214902E0
:10A28C008C466244190C24041B04240C8A181C19D7
:10A29C00904202D316D1A54214D25B46009F013BDB
:10A2AC004D4405934D459B41BC465B426344C018ED
:10A2BC00874200D302E1824200D929E100D124E196
:10A2CC00059B9B462C1BA542AD41009B801A6D4201
:10A2DC00401B834200D10FE10299FDF7A7FF039ABF
:10A2EC000B044243210C050019438A4200D9CBE0F0
:10A2FC00881A0299FDF79AFF039A24044243090431
:10A30C00240C03000C43A24200D9CAE04146A41A13
:10A31C002A041A43049F13041B0C594340467B43E5
:10A32C009C46150C68430B0C844463447D43984253
:10A33C0003D98020400284466544180C09041B0490
:10A34C00090C40195B18844227D323D00123350014
:10A35C001A43944B5344002B60DD510700D086E028
:10A36C002E00D1085A46D20106D55A468E4B1A40B9
:10A37C0080239346DB0053448C4A934200DD80E6F5
:10A38C005A4652070A4390465A465B055402240B20
:10A39C005B0D69E63500002BDBD0009D511EAC46F1
:10A3AC006444AC4200D29EE0844200D2E1E000D191
:10A3BC00EEE00A00CAE7424500D908E74B46DC0745
:10A3CC00580843465B081C434346DD0706E701F08B
:10A3DC0083FA15239C4684440200634620321C2BCE
:10A3EC0000DC92E623000838834099460023984607
:10A3FC009AE601F071FA02000300153220331C2A90
:10A40C0000DC5FE600990838814000228B4666E646
:10A41C0000222E0000249046654B25E62E000121DB
:10A42C00C91A382900DD1BE61F297EDC614814009F
:10A43C0050445B4682408340CC40501E82412343B3
:10A44C001A435B46CB40510709D00F211140042918
:10A45C0005D0111D9142924152429B180A001902DB
:10A46C0000D49BE00022012300249046FCE50F2140
:10A47C001140042900D173E7111D914292415242BF
:10A48C002E00C90893446DE7009B013D9C46614436
:10A49C008B4200D92CE78A4200D829E7851E6144FB
:10A4AC0026E70099013B8C466444A14200D92DE774
:10A4BC00A24200D82AE7831E644427E7874200D0D3
:10A4CC00FEE6A94500D9FBE6F5E6A24200D8B9E6BE
:10A4DC00831E6444B6E68A4200D89FE6BC46831EBF
:10A4EC00984661449AE60A00844200D02EE74B4518
:10A4FC0000D02BE735002CE72A4B2F4A53449245CA
:10A50C0043DB0122002193442CE7AC4200D8D7E670
:10A51C0002235B429C4600994D444D459B41E344CC
:10A52C008C465B426344C018CCE61F204042C31AE1
:10A53C005846D840202904D05946204B53449940C2
:10A54C000A43531E9A410723190002430024114069
:10A55C00134209D008331340042B1DD0131D934212
:10A56C0089411A0049424907D2080A439046002300
:10A57C007AE54946009F4D004D458941BC4649420C
:10A58C006144A946023A6418AEE70122524246E7FA
:10A59C009945EED30A00AAE70021E5E759075B02CB
:10A5AC001C0BE1E7FF030000FFFFFFFEFE070000AE
:10A5BC00FF0700001E04000002FCFFFF3E04000029
:10A5CC00F0B55746DE464E464546E0B50D00040054
:10A5DC00E80F83460903D80F090B824619488C46AD
:10A5EC001F0369005E00490D3F0B760D814218D0A8
:10A5FC0086420FD00120B1420DD1BC450BD1944203
:10A60C0009D1D3451CD0002905D160462043431EF7
:10A61C00984100E00120F0BCBB46B246A946A046DA
:10A62C00F0BD01208E42F6D1614639430F0017432D
:10A63C002743F0D15B465246981A431E9841EAE7ED
:10A64C000020E8E7FF070000F0B557464E464546A8
:10A65C00DE46E0B50D000E034900490D8A46DF0FBA
:10A66C00E90FBC4683B02F4F04008046019158007F
:10A67C0019039146360B090B400DBA451DD0B84253
:10A68C000DD05746002F2AD13443002824D10A4339
:10A69C0036D0002C41D163465800013815E01143E7
:10A6AC0038D15346002B01D12643F4D0019B63458E
:10A6BC0007D1019B5800013807E026432AD15045A9
:10A6CC0021D00120019B5F42384303B0F0BCBB4654
:10A6DC00B246A946A046F0BD002CDCD0E6E7002827
:10A6EC00EFD0019B6345ECD18245EADCE1DB8E4285
:10A6FC00E7D8DED1C845E4D80020C845E5D2D8E774
:10A70C00002CE2D0DDE7114304D1019B6345D8D185
:10A71C000020DAE702204042D7E7019B6345E6D0F0
:10A72C00CFE7C046FF070000F0B557464E464546FA
:10A73C00DE46E0B50D000E034900490D8A46DF0FD9
:10A74C00E90FBC4683B02E4F04008046019158009F
:10A75C0019039146360B090B400DBA451ED0B84271
:10A76C000DD05746002F27D13443002833D10A434C
:10A77C0034D0002C40D163465800013815E0114309
:10A78C0012D15346002B01D12643F4D0019B6345D3
:10A79C001DD00120019B5F42384306E0264303D1C4
:10A7AC005045F6D111431CD0022003B0F0BCBB467F
:10A7BC00B246A946A046F0BD0028EAD0019B6345ED
:10A7CC00E7D18245E5DC02DB8E42E2D80ED0019B5C
:10A7DC0058000138E9E7002CCDD0D7E7002CE4D0A5
:10A7EC00D7E7019B00206345DFD0D2E7C845D0D81E
:10A7FC000020C845D9D2EAE7019B6345E4D0C8E7FD
:10A80C00FF070000F0B557464E46DE464546E0B51C
:10A81C001F000B031B0B16009A46CA0F4B000400BB
:10A82C00914685B05B0D00D1CFE1CD4A934255D016
:10A83C005146420FC9000A43802109041143C2004A
:10A84C009046C84A8A4693469B44002300250293AF
:10A85C003C037B00FA0F0196240B5B0D009200D198
:10A86C0088E1BF4A934200D192E0BE4A94466344C9
:10A87C009B440A2D42DCE400730F23438024494699
:10A88C0024041C43F3000193009B00205940CBB2DD
:10A89C000393022D00DC94E00123AB401D00A623A2
:10A8AC002A00DB001A401D4200D029E290239B00B5
:10A8BC001D4200D14DE20023802499462403A84B6D
:10A8CC0010004A461B052343D2071343190005B059
:10A8DC00F0BCBB46B246A946A046F0BD5246024368
:10A8EC00904600D0ACE19B46022392460825029389
:10A8FC00AEE7009BA2469946019B9846029B022B11
:10A90C0000D1CAE1032B00D192E1012B10D100231D
:10A91C0000240022D4E701227B083A40134352461C
:10A92C00D2071343984653465B089A46039B9946B5
:10A93C005B46581C8023DB005B44002B00DCB1E140
:10A94C00424652070BD00F2241460A40042A06D039
:10A95C004246111D4145924188465242924452460C
:10A96C00D20106D55246804B1A4080239246DB001A
:10A97C00C3187E4A934200DD8FE14246D10852460D
:10A98C0052070A4351465B054C02240B5B0D97E7BB
:10A99C00734B26439C46E344002E00D16FE1032306
:10A9AC0049461D43009B5940CBB203930A2D00DD51
:10A9BC0033E10123AB401D000323029388222A427A
:10A9CC0097D1424643461204120C160001981D0CF6
:10A9DC00030C0004000C4643B4461E006E43009664
:10A9EC00160007005E436146B0466F430E0CB84438
:10A9FC004644B74205D9802149028846009F474406
:10AA0C00009761460904090C370C36048C4631005A
:10AA1C00614401911100260C2404240C61438C46E2
:10AA2C002100694389466146090C884672434A44B1
:10AA3C0042447543914503D98021490288464544D7
:10AA4C00110C884661460904090C8C4612046244B8
:10AA5C00B91802915146090C8C4651460F043F0C13
:10AA6C003900414345448846614641438A46414644
:10AA7C006046090C894658437B4353444B449A45E2
:10AA8C0003D98021490289464844190C894641461C
:10AA9C000904090C8846390061431B044344884669
:10AAAC0061464C4371438C46414677430E0C3F192B
:10AABC00F6194844B44203D9802149028946CC4452
:10AACC000299009F894631044F448946414697427A
:10AADC0092410C04240C4C44FF1852426419A118E6
:10AAEC009F429B41884682465B42994690459241E3
:10AAFC00AC42A441C244D1445242644214439945ED
:10AB0C009B41824592415B42524213434A46360C6A
:10AB1C00A419E31863445B02D20D1A4301999246BF
:10AB2C007A020A43501E8241FF0D17434A465202D5
:10AB3C001743B846DB0100D5EDE60D4B039A5B4499
:10AB4C009146002B00DCACE03A00520700D110E734
:10AB5C000F2258463A40042A00D0F9E609E7C046CD
:10AB6C00FF07000001FCFFFFFFFFFFFEFE070000D8
:10AB7C00FF030000220032436FD0002C00D1C2E052
:10AB8C00200000F0A9FE020003000B3A1D20821ADF
:10AB9C0030001900D04008398C40020022433400A8
:10ABAC008C405946CB1A86498B469B440A2D00DDB6
:10ABBC00A4E64946009B01945940CBB214000020F6
:10ABCC000393022D00DD67E6FBE6534603439846EC
:10ABDC003CD05346002B00D1A3E0504600F07CFE45
:10ABEC000B235B429C4602008444110050460839FA
:10ABFC0088401D23804660461B1A2000D840030065
:10AC0C00404603439A4623008B4098466C4B0025E4
:10AC1C009B1A9B46002302931AE60F2D00D0C9E025
:10AC2C00802352461B031A4202D01C4200D192E0F0
:10AC3C008024534624031C4324034246240B3EE643
:10AC4C009B46032380460C25029301E600239A467B
:10AC5C009B46013304250293FAE501210D430A2D8D
:10AC6C0000DD4BE6494600984140C9B20391022DE4
:10AC7C0000DC96E000230024012001930CE64946F9
:10AC8C000223009A2B435140CAB203920A2B00DDD7
:10AC9C0034E6002D57D1039B994600240022494BE2
:10ACAC000EE658460121C91A382900DD2FE61F2966
:10ACBC0056DD1F2254465242D31ADC40202907D0BD
:10ACCC00414B42469C465346604483401A4390464F
:10ACDC0042460721531E9A410B0022431340002485
:10ACEC00114209D00F231340042B5DD0111D91424A
:10ACFC009B410A005B425B07D2081A430023DFE545
:10AD0C00039B9946FAE5019800F0E6FD020003006A
:10AD1C00153220331C2A00DC38E7019A08388240AF
:10AD2C003FE700F0D9FD15239C468444020063469E
:10AD3C0020321C2B00DC58E70023984623000838EF
:10AD4C0083409A4662E71D000023002402200193F1
:10AD5C00A2E5029032E61C43009B019A9946AEE5AF
:10AD6C001A4B5246C31840469A40C84002434046CC
:10AD7C0098400300581E834154461A43CC40530755
:10AD8C0009D00F231340042B05D0131D934292417D
:10AD9C005242A4181A00230208D5012300240022D1
:10ADAC008EE5894600248BE50023A5E76307640242
:10ADBC00240BA1E7009BA2469946019B984637E7D6
:10ADCC000DFCFFFFFF0700003E0400001E04000006
:10ADDC00F0B557464E464546DE46E0B583B000908A
:10ADEC0001910C034D00CE0F610A009C5F00640FB3
:10ADFC000C43009900920193C80019037B0D9946EE
:10AE0C00019BCC4FDB0F9C464B0A00998046490FA7
:10AE1C001943009B8B46DA0092466D0DB94500D163
:10AE2C00BFE00123614659404B468C46EB1A8E42DB
:10AE3C0075D0002B00DCA3E24946002900D1CEE0FE
:10AE4C00BD4200D100E20127382B19DC802759467E
:10AE5C003F0439438B461F2B00DDFAE12027F91AFA
:10AE6C008C4659466746B9400F001100D9400F4334
:10AE7C0061468A40511E8A415946D9401743641A8B
:10AE8C00C71BB84280414042241A230200D440E13F
:10AE9C006402640A002C00D154E1200000F01CFD77
:10AEAC000300083B20213800CA1AD0409C40020005
:10AEBC009F4022439D4200DDA6E1581B0130091A38
:10AECC003C008F40C4407B1E9F4113008B402743A6
:10AEDC001F43C2403B0014000025134300D1F7E18F
:10AEEC007B0700D177E30F2338003B40042B04D0C1
:10AEFC00381DB842BF417F42E419230200D468E3F5
:10AF0C008C4B01359D4200D1F4E08B4B6D051C4000
:10AF1C006D0D6707C00864020743240BECE0002B9F
:10AF2C0000DC29E34946002900D0D6E059461143FC
:10AF3C0000D12EE1591E012B00D1E6E1BB4200D11C
:10AF4C0082E101270B00382914DC1F2B00DD3CE2C9
:10AF5C002027F91A8C4659466746B9400F00110054
:10AF6C00D9400F4361468A40511E8A415946D94007
:10AF7C00174364183F18874280414042241823022B
:10AF8C0000D4C6E06B4B01359D4200D1B2E00121EB
:10AF9C00694B7A081C4039400A43E7071743640899
:10AFAC009EE7664B11438A46EB18002928D066456C
:10AFBC002CD0002B5BD0002D00D12CE15B466646DB
:10AFCC005F07D2081743DD083B002B4300D1E2E0BA
:10AFDC00802424032C432403564D240B8CE0594627
:10AFEC00114300D1D5E0591E012B00D1B9E1BB4270
:10AFFC0000D1B1E101270B00382900DD40E72AE739
:10B00C006146012779408C466645D2D1002B00D190
:10B01C00C5E0002D00D055E14B462500054300D17D
:10B02C0012E2591E8C46012B00D149E2414DAB4234
:10B03C0000D18FE20127382911DC63461F2B00DD7C
:10B04C005BE26146202327005B1A050098409F4075
:10B05C00CD40431E9841CC402F430743A344BF1817
:10B06C009742924152425A4414004D4687E7344F5E
:10B07C006B1C3B4200D0B6E05946230011430F0035
:10B08C000343002D00D026E1002B00D1C0E10029A4
:10B09C0000D1A1E0831A98465B464045AD41E31AC6
:10B0AC006D425B1B80252D042B4200D14BE15B468E
:10B0BC00101A824292411C1B070001266346524221
:10B0CC00A41A27431E40002F00D142E12C4200D18C
:10B0DC006DE2194B01251C401BE7BD4200D13BE141
:10B0EC000127382B00DD45E7802759463F043943BB
:10B0FC008B462AE7002400272D052543F607354308
:10B10C003800290003B0F0BCBB46B246A946A046A5
:10B11C00F0BD7B0704D00F233B40042B00D0E7E6A7
:10B12C002B00F808034A67070743E508934200D150
:10B13C004AE7A5E0FF070000FFFF7FFF01F8FFFFD4
:10B14C00FE070000380000F0C7FB030018331F2B6C
:10B15C0000DCA7E63A00083882409D4200DD8AE018
:10B16C005B1B581C1F2800DCD8E117001F3BDF407D
:10B17C00202805D040231B1A9A40531E9A4117438E
:10B18C000025002F00D1E5E07B0700D0ABE62C00BA
:10B19C00C6E7C008C6E700270024D14DACE7D14F65
:10B1AC006B1C3B4271D123000343002D00D04EE1B8
:10B1BC005746002B00D1B5E1002F0DD083188342E8
:10B1CC0080415C4440422418220200D5C8E11F0093
:10B1DC009846274300D1BCE043466707DB081F4372
:10B1EC00E50800234CE0831A98465B464045BF4176
:10B1FC00E31A7F42DB1B1F027CD447461F4300D15E
:10B20C00A6E01C00474645E6B74CED1A14407B07F8
:10B21C0000D080E784E74B462500054366D05F1ECF
:10B22C00012B00D1FCE0AE4DAB4200D15EE1664695
:10B23C00382F00DCB4E00120171ABA4292415B4669
:10B24C0052424D469C1A20E66707C0080743E508A2
:10B25C00BAE61F005946203FF9400F00202B05D0BD
:10B26C004021CB1A594699400A43924653465A1EDE
:10B27C0093411F4304E6EB1A9B4D15406F07ED08F5
:10B28C002C035D05240B6D0D36E7954DAB4200D1BB
:10B29C00D6E082182100824280415944404208186D
:10B2AC00C707520817434408520700D485E10F2200
:10B2BC001D003A40042A00D01AE6FF086407274311
:10B2CC000509DDE75B46D2085F071743DD087BE61F
:10B2DC000027002410E7002B00D0D6E0002900D076
:10B2EC002FE1802400267E4D240305E766465C464C
:10B2FC00D00817E75B46171ABA4292411C1B01266D
:10B30C0063465242A41A1E40C4E58318834280410E
:10B31C005C44404225182A0200D4DAE0724A5B08E9
:10B32C001540EA071A4369085B0700D44AE10F236A
:10B33C001340042B00D1FCE0171D9742A44164423A
:10B34C0002256418ECE647461C001F4300D043E777
:10B35C00002600250024CFE6C00867070743E50850
:10B36C0032E6871A5B46B8428041E41A4042241AFE
:10B37C00230228D46307FF081F43E50801237FE756
:10B38C00002B00D173E64B465F1B3B00002D00D118
:10B39C0042E7382F00DDECE080230E001B041C4339
:10B3AC001F2F25DC20252300ED1B0100A840AB40FE
:10B3BC00F940451EA8410B43FC4018435B461B1B40
:10B3CC009B4639E76646012562E51F005946203F3A
:10B3DC00F9408C46202B05D040275946FB1A994042
:10B3EC000A43924657467B1E9F4163461F43C1E565
:10B3FC003B002500203BDD40202F04D04023DB1BED
:10B40C009C40204380464046431E9841284313E706
:10B41C0000299DD0012663465C4690461E40DBE623
:10B42C00171A5B46BA4292411C1B5242A41A2302C1
:10B43C00C8D46307FF081F4366460123E5081FE7CE
:10B44C001D000024002757E65C46D0086AE6002B56
:10B45C0000D137E75346C00867070743E508002BC0
:10B46C0000D1B1E580231B031D4208D05946C80802
:10B47C00184204D1D20849070A43170005007B0F74
:10B48C00FF00FF085B071F439EE5C00863071843D6
:10B49C00E508002953D080231B031D420AD05946CE
:10B4AC00CC081C4206D1012663462500D00849076A
:10B4BC0008431E40470FC000C0087F07074383E5C1
:10B4CC008318934292415C445242A5182A0200D53B
:10B4DC0024E76F07DB081F43ED080123D0E6C046C5
:10B4EC00FF070000FE070000FFFF7FFF5B46D2084E
:10B4FC005F0766461743DD0866E52500203BDD4007
:10B50C006346202B05D0402361465B1A9C402043A8
:10B51C00804647467B1E9F412F43A0E520210027F4
:10B52C00091AD2E4002F00D113E75C46170000255E
:10B53C00F6E5D708490702230F432D09A0E60700BB
:10B54C0042E55B4601265F07DD086346D2081743D8
:10B55C001E4039E55B46D2085F071743DD0833E52B
:10B56C001E4ADB0822405707520201251F43140BC9
:10B57C00C2E50E0001205FE6002B0DD04B465B1B95
:10B58C009C46002D00D148E50127382B00DD66E5EF
:10B59C0080231B041C4350E56B1C114D2B4200D027
:10B5AC0073E65946230011438A46034300E66707B6
:10B5BC00C00800230743E50862E66407FF08274339
:10B5CC0005095DE6D208490711430F0002232D0936
:10B5DC0056E60700A4E538008FE4C046FFFF7FFF66
:10B5EC00FE070000F0B5C6461E03360BB0460D4EE6
:10B5FC000C034D005F0000B5240B6D0D7F0DB542A3
:10B60C000BD0084900208F4204D146461643300027
:10B61C00431E984180BCB846F0BD04430120002C69
:10B62C00F8D1EEE7FF0700000B00020070B5164DD5
:10B63C000C0382B04900002000920193240B490DA9
:10B64C00DE0FA94204DD1148814203DD104BF018D6
:10B65C0002B070BD8020400320430E4C641A1F2C96
:10B66C0008DD0D4B5B1AD84003005842002EEFD179
:10B67C001800EDE7094B009A9C46030061448B408F
:10B68C00E2401343F1E7C046FE0300001D04000036
:10B69C00FFFFFF7F3304000013040000EDFBFFFFEE
:10B6AC0070B5002816D0C317C5185D40C40F28000C
:10B6BC0000F012F9104B1B1A5B055B0D0A2814DC09
:10B6CC0002002E00153296400B22121AD5402D0383
:10B6DC002D0B03E000240023002500261B052B4323
:10B6EC00E40723433000190070BD0B3885402D034F
:10B6FC0000262D0BF2E7C0461E04000010B5041EF8
:10B70C0010D000F0E9F80E4B1B1A5B055B0D0A28F4
:10B71C000FDC0B222100121AD14015300A03844091
:10B72C00120B01E0002300221B051343200019001B
:10B73C0010BD22000B38824012030024120BF3E7D9
:10B74C001E04000070B542024300C40FFE201B0E05
:10B75C00591C550A08420CD0E02189008C466D0713
:10B76C00120B63441B051343E40723432800190001
:10B77C0070BD002B14D1002D1BD0280000F0ACF8AC
:10B78C000A281CDC0B232A001B1ADA400300153391
:10B79C009D400E4B12031B1A5B05120B5B0DE1E770
:10B7AC00002D09D0130B802212031A436D07084B8E
:10B7BC00D8E700230022D5E70022054BD2E703008F
:10B7CC002A000B3B9A400025E3E7C04689030000A2
:10B7DC00FF070000F0B54B000F035B0D3A4C450F13
:10B7EC0083B07F0A5E1C2F4300900191CA0FC500E5
:10B7FC0026420BD035495C18FE2C13DDFF200023AC
:10B80C00C0051843D207104303B0F0BD3D43002BD5
:10B81C0001D10020F4E7002DF0D08023DB03FF20C2
:10B82C003B43EDE7002C0CDD009BFF009B01581EF9
:10B83C008341690F3B430B43590727D1DB08E0B227
:10B84C00DEE72100173131DB80211E20090439434A
:10B85C00001B1F282DDD02267642341B0E00E6400D
:10B86C003400202804D01A488446634499400D4380
:10B87C002B00591E8B412343590703D00F2119402C
:10B88C0004290BD19B0100205B0AB9E70F21194059
:10B89C00042904D19B015B0AE0B2B1E70024043314
:10B8AC005901F7D501340023E0B2A9E700200023A9
:10B8BC00A6E7084C1C192B00A540C340A140681EEC
:10B8CC00854129430B43D7E7FE07000080FCFFFFAF
:10B8DC00A2FCFFFF82FCFFFF1C2101231B049842EA
:10B8EC0001D3000C10391B0A984201D3000A083905
:10B8FC001B09984201D30009043902A2105C4018BC
:10B90C007047C0460403020201010101000000005F
:10B91C000000000010B5002903D1FFF7DDFF203037
:10B92C0002E00800FFF7D8FF10BDC04682B073B527
:10B93C006C460091079321000300626060C960C3EC
:10B94C0007AA60CA60C313001500103006CB06C0EE
:10B95C0001220098616803F02DFA696801220998A8
:10B96C0003F028FA73BC08BC02B0184737B50400C2
:10B97C0003F02EFEA068A38902691342FCD0016972
:10B98C000A001A401942FAD101AD2068616803F02F
:10B99C0011FA29000122032003F04CFD03CC0122F3
:10B9AC0003F008FA03F012FE28786B7800041B02EF
:10B9BC001843AB7818433EBDF0B5094985B0094B27
:10B9CC0001ACC0CBC0C40B004968074A00911B688E
:10B9DC00064811685268FFF7A9FF05B0F0BDC046D4
:10B9EC00440000203C0000202C000020C402002059
:10B9FC0010B50348FFF7BAFF80231B04584010BD55
:10BA0C00C402002010B50548FFF7B0FF80231B04CB
:10BA1C005840984201DA024B181A10BDC40200209B
:10BA2C00FFFF7F0070B504250024FFF7E1FF013D07
:10BA3C002418002DF9D10723E01718400019C01065
:10BA4C0070BD0000F0B504000525002699B00392E6
:10BA5C000F0048227C4906A804930BF00CFE631FD0
:10BA6C0001937A4B02937A4B0593019BAB4257DCC3
:10BA7C0000221E9B1E80774B1A70774A1278029216
:10BA8C00764A964200D874E001251D70714B744AB9
:10BA9C001B782C000192002B1ED0029B714E002BA8
:10BAAC0000D1A0E0704B1B78002B00D19BE06F4BBA
:10BABC001B78002B00D196E06D4B7C1E1C60012284
:10BACC00694B1A70974201D16A4B1F70FA22338866
:10BADC0092009B189BB233805F4B1B78002B0CD0D1
:10BAEC00614B1B78002B08D0604B1B78002B04D0CB
:10BAFC005F4B1B68AB4200DA1C00019B1B78002BD0
:10BB0C0009D05D4B1B78002B05D15C4B039AD35CA1
:10BB1C00A34200DC5C1E201E00DC012019B0F0BD2D
:10BB2C00029B6A00985AFFF7BBFD0022544BFFF7AB
:10BB3C004FF9FFF779FDC317C4185C40059B6A00E9
:10BB4C00985AFFF7ADFD00224D4BFFF741F9FFF777
:10BB5C006BFDC317C018584082B2231CA4B2944288
:10BB6C0000D2031C9AB2B24200D2331C9EB20135F1
:10BB7C007BE7029B002B04D001223C4B1A703C4B00
:10BB8C001F60092301937B1E06ACDB00E3180593B1
:10BB9C00019D30006B1E0193FFF782FD226C636CDC
:10BBAC00FEF730FE059B083C1A685B68FEF7F0F95F
:10BBBC00344A354BFCF740FC002803D1019B002B89
:10BBCC00E6D10125264B1B78002B00D15EE7052F13
:10BBDC0000DC5BE7BD4200DC58E72C4B9E4200D8F2
:10BBEC0054E77D1C52E70624A74207DC023C062FD3
:10BBFC0004D03C00032F00DD0324013C019B029A7E
:10BC0C001B78002A00D05AE7002B00D15EE7049B7A
:10BC1C00002B0ED0039B1E4A013BD35C032B08D890
:10BC2C0001221C4B1A701C4B1C6033881B199BB2D5
:10BC3C003380114B1B78002B00D047E70F4B039A36
:10BC4C00D75402F04DFA41E7488C01088457002084
:10BC5C00944C002002040020D90100205B3F00001E
:10BC6C005A6300207E670020C2650020C06500205A
:10BC7C0004020020C1650020BC0A0020776300206C
:10BC8C0080FFCF409A99999959CCCC4070170000FD
:10BC9C00D4030020C36500200002002070B506000C
:10BCAC000D0019001D4B10001B781D4C013E002B84
:10BCBC0021D000221B4BFCF7B9FB002803D11A4BF7
:10BCCC001B78002B1AD1A35D0133DBB2A355002DD9
:10BCDC0004D06A1EA35C0133DBB2A354A35D072B13
:10BCEC0001D90723A355002D05D0013D635D072B1A
:10BCFC0001D907236355A05DC0B270BDA35D002BB5
:10BD0C0003D0A35D013BDBB2A355002DE6D06A1E28
:10BD1C00A35C002BE2D0A35C013BDDE75D6300205C
:10BD2C00D403002000002E400104002010B5D022C6
:10BD3C0000210B480BF00AFC00230020094A0A4999
:10BD4C0013700A4A13700A4A10605160094A0A4873
:10BD5C000A49106051600A4A137002F043FA10BD90
:10BD6C0078620020D203002000002E40D303002074
:10BD7C0000000020080000200E2DB29DEFFF58405F
:10BD8C00D103002010B56822002103480BF0DEFB24
:10BD9C0002F0A4F810BDC04638650020002319003D
:10BDAC0010B5044AD15401330D2BFBD102F076F9B6
:10BDBC0010BDC046D4030020F7B502F0A0FC424BE6
:10BDCC0005001B780C27002B00D1083F3F4B404A45
:10BDDC001B78019300231E00019999424CDC3D4BCA
:10BDEC0004241B78002B10D03B4B013C1B78A34246
:10BDFC000BD83A4B1B78002B04D0394B02341B78F0
:10BE0C00002B02D0AF423ED80224200001F062FF8A
:10BE1C00AF4207D1334F3B78002B03D1FFF786FF9E
:10BE2C0001233B70304B1B78002B23D03000FFF7E5
:10BE3C0065FC00222D4BFEF7E5FC060001980F0077
:10BE4C00FFF72EFC02000B0030003900FEF7A0F8C3
:10BE5C000022274BFCF70EFB00280BD0254A136859
:10BE6C00012B07D102201060234A137002F066FAEE
:10BE7C00FFF794FF2000FEBDD15C022901D90136E9
:10BE8C00F6B20133A8E71D490022086849681C4B2B
:10BE9C00FCF7CCFA002805D002F04CFC022801D8A3
:10BEAC000624B2E7174B18685968FCF78DFB134949
:10BEBC00C4B2002208684968114BFCF7B7FA002895
:10BECC00A3D0022CECD19FE78C670020410200200C
:10BEDC00D40300208F670020B065002038020020BA
:10BEEC00A1660020B8030020D801002000005940B2
:10BEFC0000004940DC0100205C630020580A00204F
:10BF0C0000002E40C00300200C4B70B518780C4B71
:10BF1C0003221C780525002306260A49002800D098
:10BF2C002A00002C00D03200CA5401330D2BF5D15D
:10BF3C000022054B1A7002F0FDF870BD5963002009
:10BF4C00D8010020A0650020AF650020F0B58DB0B1
:10BF5C000B930E001300069001928A4208D1854A79
:10BF6C0094466344DB00C318186859680DB0F0BDE3
:10BF7C0000240F00019B251C5B1A04930294019B67
:10BF8C009F4200DA87E00498FDF7A6FB071C011C12
:10BF9C000298FCF7F5FD391C0790281CFCF7F0FD06
:10BFAC00391C0890201CFCF7EBFD0024099004942C
:10BFBC00271C03940294019B9E4200DA8EE00499A4
:10BFCC000298FCF7ABFF391C051C381CFCF7A6FFCC
:10BFDC00011C281CFDF7FCF80499061C0398FCF7BF
:10BFEC009DFF211C051C381CFCF798FF011C281C0C
:10BFFC00FDF7EEF8311CFCF7C3FD211C051C029863
:10C00C00FCF78CFF391C041C0398FCF787FF011C00
:10C01C00201CFDF7DDF8311CFCF7B2FD291C041CBB
:10C02C000798FCF77BFF011C0898FDF7D1F8211C41
:10C03C00061C0998FCF772FF011C301CFDF7C8F8B0
:10C04C000B9B061C5A1E9341019AD31A180001939C
:10C05C00FDF742FB291C071CFCF760FF311CFCF7A9
:10C06C009DFB211C051C381CFCF758FF391CFCF7E8
:10C07C0055FF011C281CFCF791FB0021041CFCF74C
:10C08C0015FA002800D000243B49201CFCF746FF81
:10C09C00FFF758FB6AE73800FDF71EFB069AFB001A
:10C0AC00D318039018685968FFF794FB3249FCF7D2
:10C0BC0067FD011C281CFCF771FB0399051C0298F9
:10C0CC00FCF76CFB03990290081CFCF727FF011C82
:10C0DC00201CFCF763FB0137041C50E73000FDF714
:10C0EC00FBFA0799051CFDF773F8011C0590FCF78A
:10C0FC0015FF011C0298FCF751FB069AF300D318AC
:10C10C00029018685968FFF765FB1B49FCF738FD6E
:10C11C000899FDF75DF8011C0A900598FCF7FEFEE6
:10C12C00011C0398FCF73AFB291C0390281CFCF714
:10C13C00F5FE0999FDF74CF8051C011C0598FCF758
:10C14C00EDFE011C381CFCF729FB291C071C281CC4
:10C15C00FCF7E4FE011C0498FCF720FB291C04905E
:10C16C000A98FCF7DBFE011C201CFCF717FB0136C0
:10C17C00041C20E7FFFFFF1F00FEFF46F8B506007A
:10C18C000F0014001D00FCF775F900280CD0069A5E
:10C19C00079B30003900FCF759F900282FD03400E8
:10C1AC003D0029002000F8BD22002B003000390092
:10C1BC00FCF74CF900280FD0069A079B3000390089
:10C1CC00FCF758F90028EAD1069A079B20002900B1
:10C1DC00FCF73CF90028E4D122002B003000390098
:10C1EC00FCF748F9002807D0069A079B2000290085
:10C1FC00FCF740F90028D4D1069C079DD1E722001A
:10C20C002B0030003900FCF711F90028ECD0D3E7F3
:10C21C00F0B589B0069007911900814B10001B787E
:10C22C00002B05D100247F4D2000290009B0F0BD62
:10C23C0000227D4BFDF7E6FA02000B0000207B4943
:10C24C00FDF7A6FE02000B00029003910020784936
:10C25C00FDF79EFE0022774BFEF7BAFD029A039B78
:10C26C0004000D0000207449FDF792FE0022714B72
:10C27C00FEF7AEFD0E9A0F9B009001912000290055
:10C28C00FFF77CFF00246D4D02000B000020009492
:10C29C0001956B49FFF772FF00226A4B04900591E0
:10C2AC00FEF796FD684B694AFEF7ACFA0BF0ECFF13
:10C2BC00674B1B78002B54D10022664BFDF7A2FA7A
:10C2CC0002000B0064486549FDF762FE644A654B49
:10C2DC00FDF798FA06000F00049805990022624BAE
:10C2EC00FEF776FD32003B00FEF78CFA00220400CC
:10C2FC000D00069807995D4BFEF76AFD02000B00D6
:10C30C0020002900FDF77EFA554A04000D00554B1C
:10C31C0030003900FEF75CFD0022554BFEF772FA37
:10C32C0002000B0020002900FDF76CFA514A524B19
:10C33C00FEF768FA029A039BFEF764FA00220023C8
:10C34C0004000D00FCF778F8002800D06AE7002202
:10C35C0020002900494BFCF783F8002800D061E746
:10C36C0062E7009401950E9A0F9B00204449FFF759
:10C37C0005FF069A079B04000D0000204149FEF7BB
:10C38C0027FD220006000F002B0000203E49FEF77F
:10C39C001FFD02000B0030003900FDF733FA3B4A59
:10C3AC0004000D0002980399394BFEF72BFA02009A
:10C3BC000B0020002900FEF725FA04000D00354A79
:10C3CC00354BFEF71FFA22002B00FEF71BFA22005A
:10C3DC002B00FEF717FA314A06000F002000290047
:10C3EC002F4BFEF70FFA22002B00FEF70BFA020080
:10C3FC000B0030003900FDF705FA2A4A06000F0041
:10C40C0020002900284BFEF7FDF902000B0030003C
:10C41C003900FDF7F7F9254A254BFEF7D9FC8DE7D6
:10C42C000104002000002E400010714000A072405A
:10C43C00004C98400000894000A89B4000C08C40F4
:10C44C000080864000E08A409999C9BF9A999999D1
:10C45C00596300200000F03FC01E85EB51B89E3F91
:10C46C00A4703D0AD7A3E83F00488C4000407F40B1
:10C47C0000408F403BDF4F8D976E92BF00002C40E9
:10C48C000008864000908040002889409E12E429D4
:10C49C00419E923F1B0DE02D90A0A83FBA490C0283
:10C4AC002B87F0BF8351499D804620400E2DB29DB5
:10C4BC00EF272F401F4B70B51B781F4E34687568E3
:10C4CC00002B18D122002B0000201C49FEF780FC09
:10C4DC001B4A1C4BFEF796F922002B00FDF792F934
:10C4EC00194A1A4B04000D00FBF7BAFF00281CD1A7
:10C4FC003460756070BD164B1B88002B08D0220071
:10C50C002B0000201349FEF763FC0D4A124BE1E7A8
:10C51C00200029000A4A114BFEF774F902000B00A7
:10C52C0020002900FEF754FCDAE7074B074C336078
:10C53C007460DFE701040020C00300200000084005
:10C54C009A9999999999A93FCBA145B6F3FD0740C2
:10C55C007E6700200000F83F9999B93F9999C93F2F
:10C56C00F0B516001F00304B0C001B78E1B0002218
:10C57C00300039002D4BFBF759FF002804D02C4B11
:10C58C001868596861B0F0BD002230003900294BA1
:10C59C00FBF752FF0028F2D00022002330003900B4
:10C5AC00FBF75EFF0028EAD0002CE8D100241A210A
:10C5BC00214A224D14578C46E300013464B2EB1827
:10C5CC001E605F60230014701D4AA4441900192BCF
:10C5DC0000DD1A39C900691801330868496803C2BB
:10C5EC006345F3D1174B1B780693002C2CDC002BE6
:10C5FC0000D0BCE100230D4C0093019400230E4AA3
:10C60C00D356192B04DD1A3B137001220D4B1A70F3
:10C61C00FFF750FF069A064B002AB1D00099019AF9
:10C62C0019605A60ACE7C0469367002000002E40AA
:10C63C000000002000002C40D20300207862002073
:10C64C00E0020020D30300201A231893069B002B32
:10C65C0000D11894D02200212CA80AF077FF2500D5
:10C66C000023D54A029300921A3D9C4200DC98E2CA
:10C67C009D420DDC2CA88446009AD9008C44891864
:10C68C006246086849681060516002990131029154
:10C69C00189A01339A42E8DC08221A21C74B2CA8BD
:10C6AC000AF0D8FC029B029ADB0F9B1802995B10D4
:10C6BC00DA00C90700D45DE12CAB9B185C681B68E1
:10C6CC000093019401230693029B052B00DC82E06E
:10C6DC00BB4C002220686168BA4BFBF7A7FE002810
:10C6EC0001D026606760236864682E982F990493A4
:10C6FC00059432003B00FBF79FFE00280BD1049AF7
:10C70C00059B30003900FEF763FB0022AE4BFBF7B4
:10C71C00A7FE00280AD0AD4B1A78AD4B002A00D1E9
:10C72C003BE101221A600022A84B1A70029B2CAA32
:10C73C00023BDB00D1180868496832003B00FBF76C
:10C74C008FFE00280BD1049A059B30003900FEF7B0
:10C75C003FFB00229F4BFBF76FFE00280AD09E4B3D
:10C76C001A789B4B002A00D11EE101221A6000228C
:10C77C00994B1A70964B00251A68022A01DD1D6030
:10C78C0001350298FEF78CFF0022944BFDF700FC5C
:10C79C00FEF74AFF2CAAC300D1180400049A059B8B
:10C7AC0008684968FBF748FE002800D030E1029B7E
:10C7BC002CAA013B1B1BDB00D11808684968049AA2
:10C7CC00059BFBF74DFE002800D021E1002D00D089
:10C7DC0076E100230693002400260027804B764D3B
:10C7EC001B785BB204931A3B0A937E4B1B780C9319
:10C7FC00049BA34200DCD9E10A9BA34213DC009A00
:10C80C00019BE100491908684968FEF7E1FA02004A
:10C81C000B00FDF7F7FF02000B0030003900FCF7AE
:10C82C00F1FF06000F00189B0134A342E0DC0298D4
:10C83C00FEF736FF02000B0030003900FDF7A8FBB5
:10C84C000BF090FD0A00169017910100664B1960D1
:10C85C005A600022654B1A70654B1B78934204D1C9
:10C86C00644B1B78934200D04FE1634B634C644E96
:10C87C0012931394634F049B032B03D10C9B002B3B
:10C88C0000D147E180240023E40510931194002289
:10C89C00002300240E920F93474B0A941993049B88
:10C8AC00013B1A93049B1A3B1B93049BA34200DC91
:10C8BC0081E11B9BA3423FDC199AE3009B181A6889
:10C8CC005B681492159314981599009A019BFEF7C6
:10C8DC007FFA0290039110981199029B0893039B85
:10C8EC005B005B080993169A179BFDF78BFF020000
:10C8FC000B0008980999FBF79FFD002808D1129AA4
:10C90C00139B08980999FBF797FD002800D104E1C7
:10C91C000898099932003B00FBF78EFD002800D1E6
:10C92C00FBE00E980F990A9B01330A93149A159BFE
:10C93C00FCF768FF0E900F91189B0134A342B4DCF6
:10C94C00314B1B78002B02D00022304B1A600A9B13
:10C95C00002B00DC52E61800FEF7A2FE02000B00D2
:10C96C000E980F99FDF714FB0090019146E61A23DF
:10C97C0018936FE6013BDB002CA9C9182CAB9B1854
:10C98C001A685B6808684968FCF73CFF00220E4B8C
:10C99C00FDF738FF0090019194E61A6801321A6095
:10C9AC0001220D4B1A70BEE61A6801321A60012280
:10C9BC00064B1A70DBE6C04678620020651701084A
:10C9CC000000002000002E400000E03FB0030020DB
:10C9DC00B40300200000E0BFB103002000001840A9
:10C9EC00D2030020D303002010000020D00300202D
:10C9FC0059630020D8010020333333333333C33F22
:10CA0C009A9999999999C93F01040020FC03002037
:10CA1C0000236B4C0025402200211CA80693079490
:10CA2C000AF094FD674B1CAC0E932B000E9AC83386
:10CA3C009B181A685B680A920B930A980B99009AD8
:10CA4C00019BFEF7C5F94B005B080D930C9006009B
:10CA5C000F000C980D9900225B4BFBF701FD002891
:10CA6C0031D0009A019B22606360083D2B00083492
:10CA7C004033DAD10123082200211CA8FFF766FA03
:10CA8C00524B06000F000A930020069A079B4E4952
:10CA9C00FEF79EF9049A059BFDF7B4FE32000400E4
:10CAAC000D00069807993B00FDF7ACFE0B00020049
:10CABC0029002000FCF7A6FE0A9B1860596088E646
:10CACC00434B444CA6E7424A30003900424BFBF73B
:10CADC00C7FC3F4A002807D0009801993E4BFCF751
:10CAEC0091FE20606160C0E7300039003B4BFBF7E2
:10CAFC00A3FC002802D10A9A0B9BB4E7344A364BAC
:10CB0C0000980199FEF764F9EBE7354E354F129614
:10CB1C001397B0E600232C4CB7E61A9BA34200D027
:10CB2C000AE7314A1578002D00D105E72F490B880B
:10CB3C0064339BB20B80002313702D4A13700122B7
:10CB4C002C4B1A702C4B00221B78002B13D1029803
:10CB5C0003990023FBF770FC002819D0274A1368AF
:10CB6C0001331360254B1B68012B00DCE4E601222A
:10CB7C00234B1A70E0E6002302980399FBF770FC34
:10CB8C00051EEBD101221D4B1A601B4B1D70D3E609
:10CB9C000022029803990023FBF762FC0028F1D1D4
:10CBAC00E0E7069A002A00D172E563E50C9B002BA6
:10CBBC0000D138E623E60C9B002B00D1BCE67BE6CB
:10CBCC000000E03FE00200200000F03F00000020E9
:10CBDC009A9999999999C93F9999B93F9999B9BFD6
:10CBEC00333333333333D33F010400207E670020CB
:10CBFC0000040020D003002020000020FC030020B3
:10CC0C00FA030020F0B5002201260400094F0A485F
:10CC1C008A4200DBF0BD0825A35C5840030033407A
:10CC2C005B423B4040085840013D80B2002DF5D19D
:10CC3C000132EDE701A0FFFFFFFF00000122024BD4
:10CC4C001A8000225A807047E203002070B5084C0D
:10CC5C00050023780E00002B01D1FFF7EFFF310008
:10CC6C002800FFF7CFFF01236080A080637070BDA8
:10CC7C00E203002010B5FFF7E9FF014B187910BD56
:10CC8C00E20300200020034B5A78824200D05879EE
:10CC9C007047C046E203002070B504000D0000226E
:10CCAC006168006802F086F829000122032002F076
:10CCBC0067FB03CC012202F07DF870BD7FB56B469B
:10CCCC0000915A6019000200050011C911C201221D
:10CCDC000098596802F06EF80126282303AC28004E
:10CCEC0021002380A670FFF7D7FF382328002100EE
:10CCFC002380A670FFF7D0FF02232800F61821002E
:10CD0C002380A670FFF7C8FF302328002100A670EF
:10CD1C002380FFF7C1FF7FBD07B590220B001202E5
:10CD2C00914200D91300182201A90A701A0A4A70FC
:10CD3C008B70FFF7B1FF07BD07B590220B001202F5
:10CD4C00914200D91300192201A90A701A0A4A70DB
:10CD5C008B70FFF7A1FF07BD00880B88C01A7047C6
:10CD6C00F0B51F0000250C0085B08B00060018588C
:10CD7C000A9B039218603D60039B9C4201DB0025DB
:10CD8C001BE0A3000293F3580193002D08D1191C4A
:10CD9C00FBF78CFB431E9841050001980134EBE72F
:10CDAC000199FBF797FB0028F7D0029B0A9AF3181E
:10CDBC00043B1B68013C3C601360280005B0F0BDCF
:10CDCC00F0B51F0085B08B00060018580A9B0C00AC
:10CDDC0018600023012503923B60039B9C4201DBFE
:10CDEC0000201EE0A3000293F3580193002D0AD0FB
:10CDFC00191CFBF76FFB431E9841012305005D4096
:10CE0C0001980134E9E70199FBF750FB0028F7D0B2
:10CE1C000120029B0A9AF318043B1B68013C3C60FE
:10CE2C00136005B0F0BDF0B50C000600002785B00E
:10CE3C0003938B001958930001921B580A9A019D79
:10CE4C001360013C019B9C4207DD002F0DD0631B3E
:10CE5C00DA179B185340052B07DD039B0A9A1D60BC
:10CE6C00AD00AB59136005B0F0BDA300F358181C0E
:10CE7C000293FBF72FFB002806D0002F01D1651C75
:10CE8C0001370299013CDDE70700FAE7F0B50C0029
:10CE9C000600002785B003938B001958930001926C
:10CEAC001B580A9A019D13600134019B9C4207DABE
:10CEBC00002F0DD0631BDA179B185340052B07DD91
:10CECC00039B0A9A1D60AD00AB59136005B0F0BD11
:10CEDC00A300F358181C0293FBF7FCFA002806D0A9
:10CEEC00002F01D1651E013702990134DDE70700DF
:10CEFC00FAE7000070B50D0004000222044B0AF0A2
:10CF0C00A9F8E90F491949108900085980B270BD78
:10CF1C0065CD0008F0B50D0000241F4B85B00293C1
:10CF2C001E4B21310190203D00910393009B9D42AB
:10CF3C000BD11B49201CFBF723FEFEF703FC0BF067
:10CF4C0011FAFEF747FC05B0F0BD029A6B00D05AFF
:10CF5C00039AD35AC01AC317C0185840FCF7BCFB2D
:10CF6C00019AAB00D158FCF733F9FEF7EBFB02004A
:10CF7C000B00FDF747FC0600201C0F00FEF7E2FB40
:10CF8C0002000B0030003900FCF73CFCFEF722FCE1
:10CF9C000135041CCAE7C04684570020944C00207D
:10CFAC0000008242F0B5002689B000AF3A61013A28
:10CFBC003B60D30F9B185B10B8607960BB613B681A
:10CFCC009E4202DBBD4609B0F0BD6B46BC69FB60FE
:10CFDC003B69FB61A64203DA340073000133FB6149
:10CFEC006A460025FB69341B9B000733DB08DB001A
:10CFFC00D31A9D467B61BB68A4001C19FB69AB422C
:10D00C000CDC19007869FFF775FFFCF7B5FB7B6842
:10D01C00B4001851FB6801369D46D0E701CCFCF7F3
:10D02C003BFB7B69AA0098500135E7E7F0B500247B
:10D03C0089B00492013A0593D30F9B185B100393AC
:10D04C00059B069007915E1E059B9C4201DB09B077
:10D05C00F0BD039B9C421ADA230065000135069A49
:10D06C00E31A9B00D7180023029300230193029B21
:10D07C009D4216DC2800FCF72FFB011C0198FBF7E6
:10D08C007FFD079BA700D8510134013EDCE7039AD2
:10D09C003300964202DA75000135E0E7039B049DEC
:10D0AC00DDE7019802CFFBF779FB029B019001337E
:10D0BC000293DCE7F8B504000D000020012917DD10
:10D0CC0000268F00231FFF1821686068FCF780F88A
:10D0DC0041004908301CFBF761FB0434061CA742D5
:10D0EC00F2D1681EFCF7F8FA011C301CFBF748FD66
:10D0FC00F8BD0000F7B5104B00251B680F4E0193CF
:10D10C0001230F4F5B420093019BAB4201DC009863
:10D11C00FEBDF16BB06BFBF701FF041C011C381C4E
:10D12C00FBF7C4F9002804D13C1C01352836271C18
:10D13C00EAE70095F9E7C046E80300200404002064
:10D14C00000080BFF0B5184B85B01B680025039319
:10D15C00164B174F5C681B68009301940123154E06
:10D16C005B420293039BAB4202DC029805B0F0BD1C
:10D17C00F86CFEF7E7FA009A019BFDF729FEFEF723
:10D18C0053FAC317C0185840FCF7A6FA041C011C2C
:10D19C00301CFBF79FF9002804D1341C01352837CB
:10D1AC00261CDFE70295F9E7E8030020C80A0020F7
:10D1BC000404002000FEFF46F7B50E4B00241B684C
:10D1CC000D4E019301230D4D5B420093019BA34235
:10D1DC0001DC0098FEBD376C281C391CFBF77AF972
:10D1EC00002804D12F1C013428363D1CEEE7009496
:10D1FC00F9E7C046E80300200404002000FEFF46C7
:10D20C00F0B5A1B0139326AB1B8800240C9327AB6D
:10D21C001B78129215930023DC221C931D931E93F2
:10D22C001F93D04B03901091CF48210052001C60EB
:10D23C00189419941A941B940AF088F9CB4B1C700F
:10D24C00CB4B1B78A3421ED032231B930023079396
:10D25C00002300260E930B93C24D2C68092C60DC26
:10D26C000C9A15981CAB00931B99323A18AB0028FA
:10D27C000FD00398FFF774FD0A90002C20D00A9B66
:10D28C00002B20D14DE0BB4B1B78002BDED01423A0
:10D29C00DBE70398FFF794FD0123189A2B60B64B3C
:10D2AC009200D358109A1C9813600022129B1A609B
:10D2BC00FBF772F9139B1880109B186821B0F0BD16
:10D2CC000A9B002B29D0AB4B189E1B78002B00D04F
:10D2DC0062E11EAB01223100039800931AABFFF7F9
:10D2EC00A2FD0C9B31005A1E1FAB039800931BAB85
:10D2FC00FFF7CCFD1C98FBF74FF983B2180007938E
:10D30C00FCF7EAF91E99041CFBF762FF1F990B90BE
:10D31C00201CFBF75DFF0E9053E0954B1B78002B08
:10D32C0030D1904B904D1E68002E00DD6CE100D08A
:10D33C00B1E10C9C904B013CEC60A4001A68E358E2
:10D34C002A61AB61039B6A6118682E60AE60FBF7C3
:10D35C0023F9039B80B2A883E883E058FBF71CF900
:10D36C002884864B109A1E602B691360A88CFCF7DE
:10D37C0003FA129B139A1860AB8B30001380FCF7E6
:10D38C00FBF99BE77E4B1B78002B00D1DCE07D4B3F
:10D39C00794D1A685B68049205930C9B9C4210DAD9
:10D3AC00A300E858FEF7CEF9049A059BFBF744F866
:10D3BC00002800D1D3E023001894323B32341A9366
:10D3CC001B941A9B08931B9B089A0993189B049215
:10D3DC0006939B1A642B02DD069B643B0493099B0A
:10D3EC00069A099D9B1A642B01DD15006435049B7C
:10D3FC00EB1A581C80000D9309F0C0FC0700049B2D
:10D40C00039A9B009B58049C1193AB009B580F9064
:10D41C0014935D4B1793A54200DBCDE01DAB00933D
:10D42C0000210D9A0F9819ABFFF79AFC071E1CD020
:10D43C001D98FBF7B1F883B218000793FCF74CF971
:10D44C001199FBF7C5FE0021199E051CFBF74CF842
:10D45C00002800D0CDE00B9D0A9B002B02D10122AD
:10D46C00424B1A70049B0B95F6180F9809F090FC20
:10D47C00404B1B78002B0CD0444B1B78002B00D15D
:10D48C00B9E03D4B4249B200D058FBF72DF80028CB
:10D49C0019D0089B0020F31ADA179B185340052B60
:10D4AC0011DD099BF31ADA179B185340052B0ADD83
:10D4BC00089A099B9B1ADA179B1853400122142BCC
:10D4CC0000DC02001000274B1B6804930A9B002B06
:10D4DC0002D1002F00D124E7002830D02824049B4F
:10D4EC0030005F1C23007B430D93FCF7F5F81E4DB9
:10D4FC000D9BE850049B08985C43FCF7EDF82C1945
:10D50C00E0620998FCF7E8F820630798FCF734F917
:10D51C000B9B3100A3630E9B60630398E363FFF7DF
:10D52C00F9FCFE239B05206463640698FCF7D4F891
:10D53C00114BB200D358A064E3640A4B1F600A9BE2
:10D54C00002B00D088E6ECE6124B1B78002B00D0A9
:10D55C001DE701F0D4F8002800D1E2E617E701340A
:10D56C001BE7C046E803002004040020EC03002065
:10D57C005A630020D9010020F40A002068670020BB
:10D58C00C765002028020020D4200020D8010020EC
:10D59C0000801844D3650020404B1B78002B00D131
:10D5AC0097E63F4BB200D058FCF776F8C3173D4CCA
:10D5BC00C018584020608CE6049BE01AFCF78CF8ED
:10D5CC00149916901198FBF703FE011C1698FBF7A3
:10D5DC00A5FC16900D98FCF77FF8011C1698FBF72C
:10D5EC00CFFA179AA300D158FBF7D8F8013401C72A
:10D5FC0011E70E9530E7294B1B78002B00D148E73B
:10D60C00274B2949B2003FE7284B1B78002B3AD017
:10D61C00274B1B78002B33D0FFF794FD0400254BD0
:10D62C001B78002B08D0002C06DA234B1C78002C1E
:10D63C002CD0FFF787FD040028273E006643AE1967
:10D64C00706BFAF7A9FF01346743A883E859FCF71C
:10D65C0023F8134C80000359B06B2B61FAF79CFF35
:10D66C006884F06BFAF798FFA884B06CFCF714F898
:10D67C0080000059FCF710F8C317C6185E4070E61E
:10D68C00FFF79AFDCAE701246442C8E7022ED3D003
:10D69C00FFF730FDCFE701246442CDE7596300204A
:10D6AC00F40A0020686700200000FA43D90100202A
:10D6BC00D26500205A630020D36500200023F0B50A
:10D6CC008BB00993BB4B0490069105939B88059AEC
:10D6DC00B94C13805380B94D638801002800238016
:10D6EC00FFF7E8FC21220026B54B1860B54B1A60F9
:10D6FC00049BB34200DDBAE0B34F2122390028006D
:10D70C00FFF794FC0026049BB34200DDB8E0002632
:10D71C00049BB34200DDBEE0AB4E28002122310059
:10D72C00FFF784FC0025049BAB4200DDBDE0002626
:10D73C00A24D049BB34200DDC1E0059B20881B88F1
:10D74C00C01AC317C0185840FBF7C6FF059B2860CA
:10D75C0060885B88C01AC317C0185840FBF7BCFF21
:10D76C00994E9A4A3100049B126868602800FFF7B2
:10D77C0019FC412229003000049BFFF757FC2122A1
:10D78C00904C049B310028002260FFF74FFC904B1B
:10D79C001A7800239A4203D08E4B1A7801235340F7
:10D7AC00012213400293049B01920093122304AABA
:10D7BC009B183000884909AAFFF722FD874B186097
:10D7CC00834B1B78002B00D0E0E0854B1E78824BFE
:10D7DC00002E00D1834B1868FDF7B4FF069B18642C
:10D7EC00596481498B8B0493069B049A6A331A8083
:10D7FC00069B8A8C7A331A80754B1B78002B00D1D0
:10D80C006EE1C823049C5B009C429B4177485B42C1
:10D81C000370774B187800280CD0002309271C00C4
:10D82C004E8C744DB7425C412C70734DBA4200D88B
:10D83C0001332B70714B1B78002B00D1DBE10023E3
:10D84C0009271C004E8C6B4DB7425C4197425B41E3
:10D85C002C70694D2B70002800D119E1498C684B54
:10D86C004F2902D94F2A00D9D0E00122CFE0730012
:10D87C00E05AFBF781FFB700EF193860013637E744
:10D88C007300E3180793B300F858FAF785FE079B6B
:10D89C000136188037E7059A7300D05AFBF76CFFF6
:10D8AC00B700EF193860013632E7059B6F00DF19BE
:10D8BC00AB00F058FAF770FE0135388033E7059A63
:10D8CC007300E05AD35AB700C01AC317C018584097
:10D8DC00FBF702FFEF19386001362AE7079A6B0055
:10D8EC00D05AFBF749FF4749FBF772FCAF004000E9
:10D8FC00F719400838600135049BAB42EEDC324D21
:10D90C00226829003000FFF791FB01230193049B4F
:10D91C0000240093122304AA9B1830003A49029465
:10D92C0009AAFFF76DFC254F049BA34233DC254A63
:10D93C00290038001268FFF779FB00230293049B3F
:10D94C00012600931223274C04AA9B1821002800BF
:10D95C00019609AAFFF754FC23682B4D191C286863
:10D96C000593FAF7B7FD002800D12EE7059B04AA12
:10D97C002B6000230293049B210000931223380098
:10D98C009B18019609AAFFF73BFC1EE70A4B0025E2
:10D99C000A4E0793B0E7059A6300D05AFBF7ECFEEA
:10D9AC001849FBF715FCA6004000BE194008306072
:10D9BC000134B9E784570020944C0020B436002081
:10D9CC006067002018000020D42000201C000020DC
:10D9DC005A630020BC0A0020706700206C6700208E
:10D9EC00D90100207867002004040020F9030020EE
:10D9FC0059630020F8030020F7030020D801002011
:10DA0C00F603002000FC7F467467002000221A7089
:10DA1C007C4B7D491A78012353407C4A0B70137060
:10DA2C00C82304985B00984207D3794B1B78002BD2
:10DA3C0003D1784B1B78002B44D000231370764B0A
:10DA4C00764C1A68002A2CD1238875480A701B184A
:10DA5C009BB223800022734B1A70734A1278002AEF
:10DA6C0011D1724A1278002A0DD0714A1278002A0C
:10DA7C0009D1704A1278002A05D0674A1268002A28
:10DA8C0001D001221A7000226B4B1A700BB0F0BD42
:10DA9C00684B182E00D8E8E6182A00D8E5E618706E
:10DAAC00B6E7664B1B78002B07D000F0BBFE238833
:10DABC00634A9B189BB22380CCE700F0B3FE23880B
:10DACC00604AF6E75D4909780029C3D0137000F06D
:10DADC00A9FE524A5A4913885B189BB21380B9E7C6
:10DAEC00002ED3D0FA20049C800084428041564DF5
:10DAFC0040420927287018001C004D8C97425C414D
:10DB0C00AF4258415149087051480470C72D03D990
:10DB1C00C72090425B41DEB24E4B1E70434B1B78CC
:10DB2C00002B05D04C4B1B6B022B01DC00230B7024
:10DB3C000120FA25334B84461B78484C434004980B
:10DB4C00474F2370AD00A84204D30D78002D01D1AE
:10DB5C00092A38D8394B314D1B78002B22D1237030
:10DB6C002D4B1B68002B05D12B882D4A9B189BB283
:10DB7C002B800EE02B88334A9B1801229BB22B8002
:10DB8C00384B394D1A70394B1868FDF7DBFD28609E
:10DB9C00696000233B70FA23049A9B009A4200D2DE
:10DBAC0074E71DE001222F4B1A702F4B05932F4B5E
:10DBBC001868FDF7C7FD059B2D4A186059600023B6
:10DBCC0023702B88D2E7002B19D06246254B264CAC
:10DBDC001A70264B1868FDF7B5FD206061603D702A
:10DBEC00002E00D152E70C4B1B68002B00D14DE7E7
:10DBFC0001233B704AE7002800D02FE608E73B7072
:10DC0C00EEE7C046020400200104002000040020BE
:10DC1C00F8030020F7030020E80300207E670020B3
:10DC2C0050C3FFFFF303002059630020D8010020EC
:10DC3C00F9030020F5030020F4030020EC0300207E
:10DC4C00204E000010270000F1030020F0030020FC
:10DC5C00EF030020EE030020800A0020F2030020D6
:10DC6C00ED030020B1650020F80100207067002052
:10DC7C00409CFFFF10B50100662000F029FF10BD8D
:10DC8C0010B50100622000F023FF10BD10B501009B
:10DC9C00632000F01DFF10BD10B50100602000F0E6
:10DCAC0017FF10BD10B50100612000F011FF10BD71
:10DCBC0010B50100C02000F00BFF10BD10B5010025
:10DCCC00672000F005FF10BD10B501006B2000F0BF
:10DCDC00FFFE10BD37B50100682000F0F9FE0A4BBD
:10DCEC0001AD18685968FDF775FD011C280006F098
:10DCFC000AF8002420006C30295D80B2013400F059
:10DD0C00E7FE042CF6D137BDC003002000233B29CD
:10DD1C0009D81818C0B2182801D9182000210002FF
:10DD2C00081880B270473C390133C9B2DBB2EEE758
:10DD3C0010B5FFF7EBFF0400010AC9B2642000F034
:10DD4C00C7FE6520E1B200F0C3FE10BD10B5642023
:10DD5C0000F0A0FE0400652000F09CFE01002000F5
:10DD6C00FFF7D4FF10BD10B5040001000C22C52034
:10DD7C0000F0BCFE21000C22D12000F0B7FE8A205E
:10DD8C000C222100400000F0B1FE10BD70B50D4E0C
:10DD9C00050074791022122C0ED0112C10D8013CD5
:10DDAC0020002030032180B2013400F091FE122CAF
:10DDBC00F6D17279023AD2B22900202000F0C6FEC8
:10DDCC0070BDC046BC05002070B5050000242000C5
:10DDDC00203080B200F05EFE032804D128550134B7
:10DDEC00102CF4D113E02028F8D02D28F6D02E28B2
:10DDFC00F4D02F2803D93928F0D94028EED8102296
:10DE0C000321280009F0A2FB2800FFF7BFFF70BD1B
:10DE1C0070B50D4E050074791022122C0ED0112CF9
:10DE2C0010D8013C20004030032180B2013400F0B6
:10DE3C004FFE122CF6D17279023AD2B22900402050
:10DE4C0000F084FE70BDC046BC05002070B5050016
:10DE5C0000242000403080B200F01CFE032804D1C6
:10DE6C0028550134102CF4D113E02028F8D02D289B
:10DE7C00F6D02E28F4D02F2803D93928F0D94028F1
:10DE8C00EED810220321280009F060FB2800FFF7D0
:10DE9C007DFF70BD10B50100E02000F019FE10BD33
:10DEAC000100932010B5400000F012FE10BD93202D
:10DEBC0010B5400000F0EEFDFF2803D1AA38FFF7A3
:10DECC00EFFF552010BD10B5E02000F0E3FDFF285A
:10DEDC0003D1FD38FFF7DEFF022010BDF7B5F024AB
:10DEEC008527114E6400BF0003CEFDF773FC01AD16
:10DEFC00011C280005F007FF2000297800F0E8FD40
:10DF0C00601C697880B200F0E3FDA01CA97880B297
:10DF1C0000F0DEFDE01C0434E97880B2A4B200F01D
:10DF2C00D7FDBC42E0D1F7BD3865002073B5114E6A
:10DF3C00114C03CEFDF74EFC01AD011C280005F081
:10DF4C00E2FE2000297800F0C3FD601C697880B2E5
:10DF5C0000F0BEFDA01CA97880B200F0B9FDE01C59
:10DF6C00E97880B200F0B4FD0434044BA4B29C42B6
:10DF7C00DFD173BDD0640020A3020000D7020000E3
:10DF8C0073B5114E114C03CEFDF724FC01AD011CF1
:10DF9C00280005F0B8FE2000297800F099FD601CDF
:10DFAC00697880B200F094FDA01CA97880B200F0D2
:10DFBC008FFDE01CE97880B200F08AFD0434044B3C
:10DFCC00A4B29C42DFD173BD68640020D70200006C
:10DFDC000B03000073B5114E114C03CEFDF7FAFB89
:10DFEC0001AD011C280005F08EFE2000297800F000
:10DFFC006FFD601C697880B200F06AFDA01CA978E6
:10E00C0080B200F065FDE01CE97880B200F060FDA4
:10E01C000434044BA4B29C42DFD173BD00640020D5
:10E02C000B0300003F03000073B5114E114C03CEDF
:10E03C00FDF7D0FB01AD011C280005F064FE2000AB
:10E04C00297800F045FD601C697880B200F040FD35
:10E05C00A01CA97880B200F03BFDE01CE97880B2EE
:10E06C0000F036FD0434044BA4B29C42DFD173BDE6
:10E07C00986300203F0300007303000010B50024D8
:10E08C0020002C30FF3080B200F004FD024B1855FC
:10E09C0001340D2CF4D110BDD403002010B5002494
:10E0AC002000064B2C30195DFF30C9B280B2013410
:10E0BC0000F00EFD0D2CF3D110BDC046D403002092
:10E0CC0010B500242000054BC130FF30195D80B223
:10E0DC00013400F0FDFC0D2CF4D110BD8563002043
:10E0EC0010B50024054B195D85239B00E01880B208
:10E0FC00013400F0EDFC0D2CF4D110BD7863002040
:10E10C0070B5002425004135FF35ADB2280000F074
:10E11C00C1FC431EDBB2082B04D92800052100F0FA
:10E12C00D7FC0520024B185501340F2CEAD170BDD9
:10E13C00A065002010B500242000054B4130FF30B5
:10E14C00195D80B2013400F0C3FC0F2CF4D110BD6A
:10E15C00A06500200A4B37B518685968FDF73AFBE3
:10E16C0001AD011C280005F0CEFD00242000E83094
:10E17C00295D80B2013400F0ABFC042CF6D137BD24
:10E18C00080000200A4B37B518685968FDF722FBC8
:10E19C0001AD011C280005F0B6FD00242000F6306E
:10E1AC00295D80B2013400F093FC042CF6D137BD0C
:10E1BC00C80300200A4B37B518685968FDF70AFBED
:10E1CC0001AD011C280005F09EFD00242000E43068
:10E1DC00295D80B2013400F07BFC042CF6D137BDF4
:10E1EC000000002073B51A4E1A4C03CEFDF7F2FA5C
:10E1FC0001AD011C280005F086FD2000297800F0F7
:10E20C0067FC601C697880B200F062FCA01CA978E5
:10E21C0080B200F05DFCE01CE97880B200F058FCA4
:10E22C0004340D4BA4B29C42DFD10C4BE320197883
:10E23C0000F04EFC0A4BE220197800F049FCFFF785
:10E24C00B9FF9220074B4000197800F041FC73BDD8
:10E25C00786200203B020000A3020000D3030020E0
:10E26C00D2030020D10300200A4B37B51868596837
:10E27C00FDF7B0FA01AD011C280005F044FD0024A7
:10E28C002000EC30295D80B2013400F021FC042C1C
:10E29C00F6D137BD300200200D4B37B518685968E0
:10E2AC00FDF798FA01AD011C280005F02CFD0024A7
:10E2BC002000F030295D80B2013400F009FC042C00
:10E2CC00F6D1044BF4201978C9B200F001FC37BD2B
:10E2DC0028020020C76500200100262010B5FF3061
:10E2EC0000F0F6FB10BD10B50100692000F0F0FB4A
:10E2FC0010BD000010B50100014800F0E9FB10BD95
:10E30C00390200000100D12010B5400000F0E0FB04
:10E31C0010BD0100D42010B5400000F0D9FB10BD99
:10E32C000100AA2010B5FF3000F0D2FB10BD010097
:10E33C00D72010B5400000F0CBFB10BD0100D5205C
:10E34C0010B5400000F0C4FB10BD0100A42010B5B6
:10E35C00FF3000F0BDFB10BD0100AC2010B5FF304C
:10E36C0000F0B6FB10BD0100D22010B5400000F04B
:10E37C00AFFB10BD0100AE2010B5FF3000F0A8FBC4
:10E38C0010BD0100D62010B5400000F0A1FB10BD5F
:10E39C0010B5010C0400A820C9B2FF3000F098FBA6
:10E3AC00D320210AC9B2400000F092FBA620E1B2B2
:10E3BC00FF3000F08DFB10BD002110B50800FFF7F9
:10E3CC00B7FC0120FFF768FC0120FFF76BFC002075
:10E3DC00FFF7DEFF10BD10B5040000F0D3FBFFF714
:10E3EC00EBFF21000622012000F0B0FB21000622E9
:10E3FC00102000F0ABFB06222100302000F0A6FB21
:10E40C0010BDF0B5012500272C008FB006AB059090
:10E41C00019302930395BEB2701C80B200F03AFBDC
:10E42C00029B18703000103080B200F033FB0822D1
:10E43C0006AB9B183036D8550490B0B200F02AFBCE
:10E44C00029A049912780AABF854914253D1049A67
:10E45C00904207D00024250004E00024049A039481
:10E46C008242F8D1029A013701320292062FD2D1A0
:10E47C0006AA127A1B78134006AA1278FF2A0DD12D
:10E48C00FF3B5A425341DEB200230CA9002C02D1AF
:10E49C00039A002A0AD0019A12780DE00026FF2B6D
:10E4AC00F2D106A8FFF797FF3500EDE7002DF2D06B
:10E4BC00082006AA1218D25C5A54019A0133013270
:10E4CC000192062BE2D10023CA5C100030380928D7
:10E4DC0009D906223021059809F038F80598FFF77C
:10E4EC007AFF0FB0F0BD0598C254002EF1D1013364
:10E4FC00062BE9D1F5E79042AFD10022150003922B
:10E50C00B0E70100282010B5FF3000F0E1FA10BD93
:10E51C0001002A2010B5FF3000F0DAFA10BD01001E
:10E52C00952010B5400000F0D3FA10BD10B50100D5
:10E53C00014800F0CDFA10BD3602000010B5010004
:10E54C00014800F0C5FA10BD3702000070B5050097
:10E55C0000242000803080B200F09CFA2855013451
:10E56C00102CF6D170BD10B501001022802000F0E7
:10E57C00EDFA10BDD02310B50C000100580000F0CE
:10E58C00A7FAA2202100FF3000F0A2FA10BDF7B5C7
:10E59C0004001D000091019200F07CFA060020009E
:10E5AC0000F078FA07003000BE4208D0200000F0DE
:10E5BC0071FA874203D0200000F06CFA3000019B06
:10E5CC00984202D8009B984204D22000290000F007
:10E5DC007FFA2800FEBD022310B51A000121662027
:10E5EC00FFF7D5FF10BD10B50723082201216220CB
:10E5FC00FFF7CDFF10BD10B50023F0220A216320D8
:10E60C00FFF7C5FF10BD012310B5FF2219006020D4
:10E61C00FFF7BDFF10BD012310B5022219006120C8
:10E62C00FFF7B5FF10BD022310B51A000121C02061
:10E63C00FFF7ADFF10BD012310B5022219006720B2
:10E64C00FFF7A5FF10BD002310B5F02219006B20B9
:10E65C00FFF79DFF10BD000070B50024FF2585233A
:10E66C009B00E0182A002B00012180B2FFF78FFFDE
:10E67C00024B185501340D2CF1D170BD786300207C
:10E68C00012310B5022219006920FFF780FF10BD8D
:10E69C00022310B51A0001210148FFF778FF10BDC5
:10E6AC00390200000123D12010B502221900984034
:10E6BC00FFF76DFF10BD0123D42010B50222190005
:10E6CC009840FFF764FF10BD0123AA2010B5022269
:10E6DC001900FF30FFF75BFF10BD0121D72010B5EB
:10E6EC000B23FE228840FFF752FF10BD0123D520DB
:10E6FC0010B5022219009840FFF749FF10BD002306
:10E70C00A42010B5FE221900FF30FFF740FF10BD0A
:10E71C000023AC2010B5FE221900FF30FFF737FFA5
:10E72C0010BD0023D22010B5FE2219004000FFF7C7
:10E73C002EFF10BD0023AE2010B5FE221900FF30B5
:10E74C00FFF725FF10BD0023D62010B50D221900B0
:10E75C004000FFF71CFF10BD0023FF22A82010B5BE
:10E76C0019008018FFF713FF00230400D3201900B1
:10E77C00FF224000FFF70BFF240400020023FF22BE
:10E78C002418A62019008018FFF701FF001910BDEE
:10E79C000123262010B502221900FF30FFF7F7FEE7
:10E7AC0010BD0F232A2010B51A000E21FF30FFF7E1
:10E7BC00EEFE10BD0023952010B5FF22190040007D
:10E7CC00FFF7E5FE10BD000010B50B230D22012153
:10E7DC000148FFF7DCFE10BD36020000012310B526
:10E7EC000D2219000148FFF7D2FE10BD37020000C0
:10E7FC0037B505000024281980B200F04BF901ABA5
:10E80C0018550134042CF6D12100180005F06AFAD1
:10E81C000198011CF9F744FE002801D10023019353
:10E82C0001983EBD002370B5062219006820FFF741
:10E83C00AEFE04006C20FFF7DBFFFCF783FF024DFC
:10E84C0028606960200070BDC003002070B5F02402
:10E85C008526074D6400B6002000FFF7C9FFFCF7C2
:10E86C0071FF0434A4B203C5B442F5D170BDC046E7
:10E87C003865002070B5074D074C2000FFF7B8FF36
:10E88C00FCF760FF0434054BA4B203C59C42F4D1E1
:10E89C0070BDC046D0640020A3020000D702000067
:10E8AC0070B5074D074C2000FFF7A2FFFCF74AFF9D
:10E8BC000434054BA4B203C59C42F4D170BDC046D0
:10E8CC0068640020D70200000B03000070B5074DF0
:10E8DC00074C2000FFF78CFFFCF734FF0434054B8A
:10E8EC00A4B203C59C42F4D170BDC04600640020A4
:10E8FC000B0300003F03000070B5074D074C2000D0
:10E90C00FFF776FFFCF71EFF0434054BA4B203C5DA
:10E91C009C42F4D170BDC046986300203F030000B8
:10E92C007303000010B5EC20FFF762FFFCF70AFF41
:10E93C0010BD000070B5334D334C2000FFF758FF6D
:10E94C00FCF700FF0434314BA4B203C59C42F4D154
:10E95C00002319001A22E220FFF719FE2C4B01228A
:10E96C0018700023E3201900FFF711FE421E90419E
:10E97C00284B1870E420FFF73BFFFCF7E3FE264B17
:10E98C0018605960254B18605960E820FFF730FF7C
:10E99C00FCF7D8FE224C20606160F620FFF728FFC0
:10E9AC00FCF7D0FE1F4C20606160F020FFF720FFC9
:10E9BC00FCF7C8FE1C4B0122186059601B4B1860F9
:10E9CC0059600023F4201900FFF7E1FD431E984124
:10E9DC00174BC0B21870002301221900F520FFF765
:10E9EC00D6FD431E9841134BC0B2187000239220E1
:10E9FC00012219004000FFF7CAFD421E90410E4B48
:10EA0C00187070BD786200203B020000A302000069
:10EA1C00D2030020D303002000000020D80A0020DD
:10EA2C0008000020C803002028020020E00A002073
:10EA3C00C7650020C5650020D103002037B502232F
:10EA4C006A46134C40BA53705080117120680022F2
:10EA5C00616800F0AFF9062000F070FC206801221C
:10EA6C00616800F0A7F920680022616800F0A2F943
:10EA7C0001256B46585D013500F060FC052DF8D181
:10EA8C0020680122616800F095F900F003FD37BDA4
:10EA9C002400002070B505000C4C00222068616831
:10EAAC0000F088F9032000F049FC280A00F046FC2D
:10EABC00E8B200F043FC00F095FC05000122206850
:10EACC00616800F077F9280070BDC0462400002072
:10EADC0070B505000C002800FFF7DCFFA04204D045
:10EAEC0021002800FFF7AAFFF5E770BDF8B5050077
:10EAFC000F001600144C00222068616800F05AF9CF
:10EB0C00062000F01BFC20680122616800F052F91D
:10EB1C0000222068616800F04DF9022000F00EFC24
:10EB2C00280A00F00BFCE8B200F008FC39003000B9
:10EB3C00002200F025FC20680122616800F03AF9FF
:10EB4C0000F0A8FCF8BDC04624000020F7B50D006D
:10EB5C00160005270190320029000198FFF7C6FF27
:10EB6C000024A64200DCF7BD019B181980B2FFF708
:10EB7C0091FF2B5D834201D10134F2E7013F002F5D
:10EB8C00E9D1F0E730B589B02022FF216846802515
:10EB9C0008F0DCFC0024ED00200020342022694623
:10EBAC00A4B2FFF7D3FFAC42F6D109B030BD0000E0
:10EBBC00604B10B518680022596800F0FBF85E4BEA
:10EBCC0000221868596800F0F5F85C4B00221868B0
:10EBDC00596800F0EFF85A4B00221868596800F099
:10EBEC00E9F8584B00221868596800F0E3F8564BC6
:10EBFC0000221868596800F0DDF8544B00221868A0
:10EC0C00596800F0D7F8524B00221868596800F088
:10EC1C00D1F8504B00221868596800F0CBF84E4BD5
:10EC2C0000221868596800F0C5F84C4B002218688F
:10EC3C00596800F0BFF84A4B00221868596800F078
:10EC4C00B9F8484B00221868596800F0B3F8464BE5
:10EC5C0000221868596800F0ADF8444B002218687F
:10EC6C00596800F0A7F8424B00221868596800F068
:10EC7C00A1F8404B00221868596800F09BF83E4BF5
:10EC8C0000221868596800F095F83C4B002218686F
:10EC9C00596800F08FF83A4B00221868596800F058
:10ECAC0089F8384B00221868596800F083F8364B05
:10ECBC0000221868596800F07DF8344B012218685E
:10ECCC00596800F077F8324B01221868596800F047
:10ECDC0071F8304B01221868596800F06BF82E4B14
:10ECEC0001221868596800F065F82C4B012218684D
:10ECFC00596800F05FF82A4B01221868596800F037
:10ED0C0059F8284B01221868596800F053F8264B23
:10ED1C0001221868596800F04DF8244B002218683D
:10ED2C00596800F047F8224B01221868596800F026
:10ED3C0041F810BD840000207C00002064000020FD
:10ED4C00740000205C0000206C00002034010020C6
:10ED5C002C010020240100201C01002014010020A3
:10ED6C000C01002004010020FC000020F400002015
:10ED7C00EC000020E4000020DC000020D400002087
:10ED8C00CC000020C4000020BC0000203400002077
:10ED9C002C00002024000020B4000020AC00002037
:10EDAC009C000020A4000020540000204C000020F7
:10EDBC009400002007B589B206F07EF907BD07B5AF
:10EDCC0089B206F073F9431E9841C0B20EBD000023
:10EDDC0030B593B03822002104A808F0B7FB1022FC
:10EDEC000021684608F0B2FB8020800006F014FA7F
:10EDFC0006F008FA1821194A0124D36D02258B4319
:10EE0C00D3650523049380235B02059303230C93A2
:10EE1C0000230D9308330E9380239B020F938023C2
:10EE2C009B041093802304A89B0506940B951193C7
:10EE3C0006F01EFA002801D072B6FEE707230290F6
:10EE4C000390210068460093019506F079FC002898
:10EE5C0001D072B6FEE713B030BDC04600100240C0
:10EE6C00F0B58FB005F044FEFFF7B2FF142200217D
:10EE7C0009A808F06BFB04220126C74DC74C6B6B2D
:10EE8C00210013436B636B6BC54813400493049BC5
:10EE9C006B6B1C3213436B636B6BC24F134005934C
:10EEAC00059B6B6B1E3A33436B636B6B3340069362
:10EEBC00069B6B6B13436B636B6B13400793079B46
:10EECC006B6B063213436B636B6B1340089300221E
:10EEDC00089B06F0F1F8A02039000022C00506F0CE
:10EEEC00EBF80022B049B14806F0E6F80022B04930
:10EEFC00B04806F0E1F809940024A94809A90A963B
:10EF0C000B940C9406F020F8A020052309A9C00549
:10EF1C0009930A940B9406F017F8A02009A9C005D0
:10EF2C0009970A960B940C9406F00EF8A020032374
:10EF3C00102709A9C0050A9309970B9406F004F849
:10EF4C00994B9A4809A909930A960B940C9405F0CD
:10EF5C00FBFF974B974809A909930A960B940C94BD
:10EF6C0005F0F2FF0822914809A909920A940B9422
:10EF7C0005F0EAFFAB6B21003343AB63AB6B2200B4
:10EF8C00334009200393039B05F0EAFD092005F0AB
:10EF9C0011FE894D894B28002B60894BAC606B604E
:10EFAC00EE602C616C61AC61EC612C6206F08AF84D
:10EFBC000100A04201D072B6FEE7280006F0D8F896
:10EFCC00011E01D072B6FEE7280006F0F7F8031E0A
:10EFDC0001D072B6FEE7E02507247A487A4AED00A4
:10EFEC0043608360036143618361036243628362B4
:10EFFC00036343630260C560C46206F01FFE031E18
:10F00C0001D072B6FEE77148714A836002608222B9
:10F01C00036143610362436283620363082352000A
:10F02C004260FC32C5608261C761C462436306F012
:10F03C0005FE011E01D072B6FEE7664C664B02005F
:10F04C00236096239B0163600C23A060E060206129
:10F05C006361A0610300E06120626062A062200035
:10F06C0007F0B0FD011E01D072B6FEE7200007F0DC
:10F07C0011FE011E01D072B6FEE7200007F02AFE39
:10F08C00002801D072B6FEE7200007F0E5FD031E54
:10F09C0001D072B6FEE7FF265048514A514F02602C
:10F0AC0046608360C7600361836106F0A1FF00289E
:10F0BC0001D072B6FEE74C484C4B4660036000230F
:10F0CC00C760836003614361836106F091FF031E97
:10F0DC0001D072B6FEE74648464A4660026083603D
:10F0EC00C76003614361836106F082FF01900028D1
:10F0FC0001D072B6FEE70C22019909A808F026FA95
:10F10C003D4D3E4B28002B60019B6E60AB60EF6069
:10F11C00AB6106F06DFF002801D072B6FEE70990D6
:10F12C000B9009A9280006F08DFF0190002801D052
:10F13C0072B6FEE70C22019909A808F007FA304DC7
:10F14C00304B28002B60019B6E60AB60EF60AB61B5
:10F15C0006F04EFF002801D072B6FEE709900B9026
:10F16C0009A9280006F06EFF031E01D072B6FEE757
:10F17C002548264A836002607F22C2608022D20525
:10F18C00066143618361C3610262436206F000FD64
:10F19C0000283DD072B6FEE700100240FF3F000091
:10F1AC00000800502809000034FF00000004005043
:10F1BC0065030000000C0050800900200054004042
:10F1CC00BB7C7000F0080020003001408C0800204F
:10F1DC00003800407C06002000380140A8070020C1
:10F1EC0000200040FFFF00005C07002000440140AD
:10F1FC001007002000480140F407002000140040D4
:10F20C004008002000100040540900200028004055
:10F21C00FFF7CEFC28222000194907F07DFD0126BE
:10F22C00184F3B78002B12D0174D2B78DCB2002BEB
:10F23C000DD102202E7000F019FB144B3C701C7089
:10F24C00134B1C70134B1C70134B1C702C70134FF6
:10F25C003B78002BE4D00C4D2B78DCB2002BDFD1AB
:10F26C0001202E7000F002FB084B3C701C70084B08
:10F27C001C70084B1C70084B1C702C70D0E7C046DF
:10F28C00F8050020936700208E6700208D67002012
:10F29C008C6700208A670020886700209467002014
:10F2AC0070B50B4D0B4C0A002100280008F0E3F957
:10F2BC002800282105F0BEFB21002822064807F073
:10F2CC002BFD0421054B1A6813688B43136070BD2A
:10F2DC00D0050020F80500207C0600202006002028
:10F2EC0007B56B46D91D087064230122014807F04D
:10F2FC004DFB07BD7C06002010B5044C0A00010034
:10F30C006423200007F042FB10BDC0467C060020A1
:10F31C00034B1A68402311680B4313607047C046B7
:10F32C00F0080020022303498A681A42FCD0024BE1
:10F33C0018707047003001400C300140402210B56D
:10F34C0001240C4B1B681968914319601968A1437F
:10F35C0019601968196019680A431A600222064B71
:10F36C0099681142FCD0054A1070802299681142AC
:10F37C00FCD110BD8C080020003800400C38004037
:10F38C00F0B540240126144B1B681D68A5431D6075
:10F39C001D68B5431D601D68104E15431D601A682D
:10F3AC00802514431C60002202240D4B904208DC83
:10F3BC00022299681142FCD0802299681142FCD13A
:10F3CC00F0BD9F682742FCD09F682F42FCD18F5C18
:10F3DC0001323770EAE7C0468C0800200C38004038
:10F3EC0000380040402210B501240F48036819680A
:10F3FC00914319601968A14319601968196019685B
:10F40C000A431A6006F092FC0222084B99681142DA
:10F41C00FCD00021064A1170012299681142FCD0DF
:10F42C00D868C0B210BDC0468C080020003800401F
:10F43C000C380040F8B5144F0400380016000D00CD
:10F44C0006F074FC40223B68196891431960012155
:10F45C0018688843186018683043186018680B4E99
:10F46C0002431A6002200023094A9C4200DCF8BDCA
:10F47C0097680742FCD00027377097680F42FCD082
:10F48C00D768EF540133F0E78C0800200C380040AB
:10F49C000038004070B50C4C002220686168FFF702
:10F4AC0089FC0520FFF74AFF0125FFF79BFFFFF7BB
:10F4BC0099FF284205D1206801226168FFF77AFC88
:10F4CC0070BDFFF78FFFF4E72400002010B506286D
:10F4DC0007D10C480222036852421A6106F03AFC2A
:10F4EC0010BD072801D10848F4E70E2801D10748C0
:10F4FC00F0E7102801D10648ECE71128F0D10548B7
:10F50C00E8E7C04640080020F4070020A8070020C8
:10F51C005C0700201007002010B5062803D10A480C
:10F52C0006F04CFC10BD072801D10848F8E70E285E
:10F53C0001D10748F4E7102801D10648F0E711285B
:10F54C00F0D10548ECE7C04640080020F407002045
:10F55C00A80700205C07002010070020084B062895
:10F56C000BD0084B072808D0074B0E2805D0074BAB
:10F57C00102802D0112802D1054B1B68D9627047A4
:10F58C0040080020F4070020A80700205C0700209A
:10F59C0010070020084B06280BD0084B072808D072
:10F5AC00074B0E2805D0074B102802D0112802D18A
:10F5BC00054B1B685962704740080020F407002077
:10F5CC00A80700205C0700201007002062B67047D7
:10F5DC0072B670470E4B10B50400984207D103F079
:10F5EC00E7FB0C4B9C4207D103F0CCFA0FE00A4B23
:10F5FC00984207D103F0A2FE084B9C4207D103F0BE
:10F60C00EDFA04E0064B9842EBD103F0A5FE10BDD9
:10F61C00400800205C070020F407002010070020A1
:10F62C00A807002072B6FEE7F7B51B4C1B4A230057
:10F63C0010685168803318605960194B00251A689E
:10F64C005B6800260027226163610022154B01A82C
:10F65C0026626762A662E76226636763226463645C
:10F66C002580A56304F098F86B4622009B884832ED
:10F67C005BBA138023006A331D8023007A331D800C
:10F68C00230088331E605F6023007E3490331E603D
:10F69C005F602580F7BDC046D8090020000000201F
:10F6AC0008000020E0FFEF40F8B50022334BFAF7DA
:10F6BC00A9F80022324BFAF76BFC04000D00314A1A
:10F6CC00314BFBF79FF822002B00FBF79BF8220035
:10F6DC002B00FBF797F82D4A06000F00200029009D
:10F6EC002B4BFBF78FF822002B00FBF78BF802005B
:10F6FC000B0030003900FAF785F8244A06000F0099
:10F70C0020002900234BFBF77DF802000B00300092
:10F71C003900FAF777F8204A204BFBF759FB08F031
:10F72C00B3FD00221E4B04000D00F8F799FE0028D3
:10F73C0012D01C4B1B78002B04D001221A4B1B4CF3
:10F74C001B4D1A701B4B1B78002B02D00122164B41
:10F75C001A7029002000F8BD002220002900164B49
:10F76C00F8F76AFE0028F4D0124B1B78002BF0D06F
:10F77C0001220D4B0D4C0E4D1A70EAE7000089402A
:10F78C0000E09540D7A3703D0AD581406666666659
:10F79C0066D29EC06672A140295C8FC2F5D88940A2
:10F7AC0000001E40D8010020646700208FC2F5289D
:10F7BC005CFF5840596300200000F03FF8B50D0085
:10F7CC0004000D4A0D4BFBF71DF82B002200FBF734
:10F7DC0019F80B4A06000F0020002900094BFBF713
:10F7EC0011F802000B0030003900FAF70BF8064A4A
:10F7FC00064BFAF707F8F8BD865AD3BCE3149DBF45
:10F80C00454772F90FE9FE3F4A0C022B8716A93FB8
:10F81C00F8B50F0019000E4B06001B781000002BDA
:10F82C0012D00C4C0C4D00220C4BFBF7D1FA2B00D8
:10F83C002200FAF7E7FF0022094BF9F7E3FF320049
:10F84C003B00FAF7DFFFF8BD064C074DEBE7C0466F
:10F85C00596300209A9999999999993F00003940D8
:10F86C000000F03F7B14AE47E17A943F0023F0B5E3
:10F87C00B1B0CB4DCB4C09902F93012824D12870DB
:10F88C002370FFF74FF806000F00C74B1E605F6038
:10F89C00C64B1B78002B23D000220023F8F7E0FD89
:10F8AC0000281DD0C24B002230003900F8F7C4FDEF
:10F8BC00012300280ED02B70002323700020BD4B99
:10F8CC00BD491860596011E0099A022AD9D12B70F0
:10F8DC000123D5E7287023700020B64BB749F0E719
:10F8EC002B78002BEAD12378002BF5D1FEF7D0FE34
:10F8FC00022802D10022B24B1A70FEF7C9FE012871
:10F90C0001D1AF4B1870FEF7A7FEFEF78BFFFEF789
:10F91C0008FF1890FEF76FFEAA4B05931870FEF7C0
:10F92C001BFF3221F8F76CFD002901D101F0DAFE42
:10F93C00002301221900F420FEF729FE431E9841F2
:10F94C000023A14FC0B2190038700122F520FEF738
:10F95C001EFE431E98419D4EC0B23070FEF7ABFEAA
:10F96C00012802D000229A4B1A70FEF7D1FE10909B
:10F97C00022802DD0122974B1A70974B1A78002A45
:10F98C0000D1C4E0059A12783B2A00D8BFE0934B13
:10F99C0001221A70924B1A70924B1A78904B002AD3
:10F9AC0003D18E4A1278002A01D001221A701B78DA
:10F9BC00002B05D02B78002B02D00122804B1A7023
:10F9CC00FEF794FE884923780860002B05D00122AD
:10F9DC00864B022800D0A5E01A707D4C7F4D237811
:10F9EC00002B09D02B78002B06D00020FEF7B4FC9E
:10F9FC000022784B10921A702A787D4B002A00D185
:10FA0C0096E07C4A7C491180724A1278002A01D017
:10FA1C0001221A700124794B1C60FCF787F93378AA
:10FA2C00D8B2002B03D1764B1C70FEF7A3FCFEF76B
:10FA3C0081FE744B18603378002B06D0FA216D4A86
:10FA4C00890013885B189BB213803B78002B04D081
:10FA5C00684A13880A339BB21380654B1B78002BC2
:10FA6C0004D0644A138864339BB213805C4B664C9D
:10FA7C001B78DAB20C92002B00D1F6E0FEF7A4FE54
:10FA8C0022781300083B591E8B41DBB20C93574B69
:10FA9C0005921B78002B06D003211000F8F740FBD1
:10FAAC000330C3B205930022584B1A7008231393EA
:10FABC0001200023227856499A4200DDDCE002F056
:10FACC0093FF544C09991CA801F090FA48221CA9E8
:10FADC00200007F0D0FDFEF77EFD1990FEF72AFFFF
:10FAEC00FEF7B4FEFEF7C6FEFEF7DAFEFEF7EEFEFC
:10FAFC00FEF702FF484B1B78002B01D0FCF704FAF1
:10FB0C00414B01241A78454900234548BCE01B7839
:10FB1C00002B00D140E7059B1B78092B00D83BE755
:10FB2C00304B35E702201A700860FEF707FC54E7EB
:10FB3C003C4A1278002A19D02A4A1278002A15D089
:10FB4C002C4A394911803278D4B2002A00D06EE7A1
:10FB5C0001251D70294B02321A603C70FEF79CFB8C
:10FB6C00FCF7E4F8264B1D7020005EE71A4A11786A
:10FB7C0000295DD0217800295AD03278002A08D18A
:10FB8C001C4A2A49118001221A701C4B1A601C4B0A
:10FB9C001A7000243C70FEF77FFBFCF7C7F8E3E714
:10FBAC0059630020D8010020E80A00205863002087
:10FBBC0000708740C80A002000D0864000208C408E
:10FBCC004D630020F10A0020C7650020C5650020A8
:10FBDC0088670020F00A00208D6700208B670020CA
:10FBEC008C6700208A670020DC0100205C63002009
:10FBFC009167002080670020102700003C02002045
:10FC0C00C6650020D00A0020410200204C63002071
:10FC1C00E1010020800A0020AF650020D403002001
:10FC2C006B63002089670020204E000030750000B7
:10FC3C001278002A00D1FAE62278002A00D0F6E6E3
:10FC4C003278D5B2002A00D0F1E601246B4A6C4917
:10FC5C0011801C706B4B1C603D70FEF71DFBFCF79C
:10FC6C0065F8694B28001C70DFE6FEF736FD0323B0
:10FC7C00434305930C9B1AE7C85401331CE7CD5C36
:10FC8C00022D00D9C45401339A42F8DC00F07AFEFC
:10FC9C0003F0A0FBFA20C00004F050FF00231193E6
:10FCAC0012930B93FFF7C0FC584C236B012B3DD1E7
:10FCBC00574B1B78002B39D003F01CFC022835D194
:10FCCC00FEF7B9FC012831D103F014FC01282DD02A
:10FCDC0003F010FC012829D04E482368042203703D
:10FCEC00030039331A704C4B00241A680300783324
:10FCFC001A800300FF227E331A70312503F0ECFFCB
:10FD0C0003F0D8FF04F04CF90022E30FA542534155
:10FD1C00DBB2934201D0904203D1FCF707F831B02B
:10FD2C00F0BD0A2004F00AFF0134EBE7A269E36995
:10FD3C00A06AE16AFAF72CF9FBF776FCAF22374B95
:10FD4C000021069012011800089307F0FFFBAF2268
:10FD5C00334D00212800120107F0F8FBAF22314E81
:10FD6C0000215201300007F0F1FBAF2200215201BB
:10FD7C002D4807F0EBFBAF222C4F0021520138002D
:10FD8C0007F0E4FB6B461B8B320029000D930093AC
:10FD9C0008983B0003F002FB254B264D1A782B7874
:10FDAC00134022003C3212781A420DD0353423789D
:10FDBC00002B09D0204B1868596803F053FB002323
:10FDCC0001222B701D4B1A7000221D4B1A8003F060
:10FDDC0013F80E4B9868D96802F06CFF03F066F8C4
:10FDEC0003F004F808900028FAD1164B1B78DAB20D
:10FDFC000A92002B28D103F019FF90E780670020AE
:10FE0C00409CFFFF3C020020C6650020800A0020B9
:10FE1C00D9010020D80900208467002084570020D5
:10FE2C00944C0020B4360020D4200020F40A00208A
:10FE3C008F67002091670020C80A0020130A002059
:10FE4C007E67002040020020C94B089AC9491A80DD
:10FE5C00C94ACA4B966B176809785E70FBB20029C9
:10FE6C0005D0126C002A02D01B019B18DBB2C34CCC
:10FE7C00C34A2370C34BC04D22626362286A696A0D
:10FE8C00C14AC24B22636363A262E36223008833DC
:10FE9C0018605960AA6AEB6AFAF79AFFFBF7C4FB81
:10FEAC00C317C0185840FBF7FBFBB94B90341B78B9
:10FEBC0020606160002B37D05A2318AA9B180022AF
:10FECC003E351A802B780124934201D1B14B1C781A
:10FEDC00B14B1B78002B12D0B04B1B78002B09D0E8
:10FEEC00A549AF4B002208694969F8F79FFA00232E
:10FEFC00984206D0AB4B1B78002B00D029E1012394
:10FF0C0023405A2418AAA41831003A0006980094E9
:10FF1C00FBF798FDA44B22881A80A44B1B78002B6E
:10FF2C0000D022E101F030F894490D98FDF7C6FBA2
:10FF3C00994B1B78002B09D08F4B1A6B012A00DDD3
:10FF4C006CE15A6B9A4B1A4200D067E10E9B0F9CE6
:10FF5C0006930794904B1A788E4B1B78002B00D18C
:10FF6C007DE19449944B09781B78002900D174E108
:10FF7C00924C8249086C496C20606160591E0B1CC4
:10FF8C00090600D500238C495BB20B708C490B70B1
:10FF9C008C4B1B78002B03D08B498C4B0968196058
:10FFAC0000218B4B1B788B4208D18A48724B00780E
:10FFBC00884203D036331B785B42D9B2864B6F4CE8
:10FFCC001970002A59D0794B6B4E1B78002B54D1E9
:10FFDC00824D099B286869680093069A079BFFF776
:10FFEC0063FB20626162FFF7E9FB22696369099F89
:04FFFC0020636163BA
:020000040801F1
:100000000097FFF70BFC226963690E920F932A6831
:100010006B68A062E162206C616C009201930E9AA1
:100020000F9BFCF7FBF80B0002003100A260E360BD
:100030003F310978002908D031003D310978306816
:10004000FCF794FA80342060616000214E4D4D4CE5
:10005000AA68EB680091216C2068FBF725FE059BE0
:10006000624A013B05931378383501331370604BB6
:1000700028701B78002B06D03D3423785A42534118
:10008000119AD318119301F087FB454B1B78002B75
:1000900009D0584B1B78002B05D04B4B564A1068A3
:1000A000516818605960374C2068FBF78BFE534B42
:1000B0001870002002F08EFA0C9B002B04D0119BCC
:1000C000139A934200D1F2E0059B002B04DC3634F6
:1000D0002378002B00D0EAE0494B1C78002C00D09C
:1000E000E5E0434B2FAA1978354B187801F008FF4B
:1000F000FF22444B0A941A70199B012B0BD10A9CC6
:10010000414B02940D9C414A0194414C4149424863
:10011000009403F09FFB414B1B78002B02D10A9BFC
:10012000002B17D0184803F0DDFD312403F0C8FD83
:1001300003F03CFF0022089B0899DB0F8C425341DF
:10014000DBB2934202D0904200D0B6E10A9B002B72
:1001500000D0B9E1069B079C0E930F94A8E50949CE
:100160002F4B00228868C968F8F766F90023984287
:1001700000D0CAE6CBE62B4B1870DBE67C6700208C
:100180005C630020800A0020D80900208FC2F52877
:100190005CFF58400E2DB29DEFFF58408F67002046
:1001A000D90100205A630020596300200000444018
:1001B000D80100204A0A0020BC0A0020FF00FF00EE
:1001C000F2030020A4660020C80A0020100A0020C4
:1001D000B50A002084670020686700208C67002033
:1001E000BE0A0020560A002030020020F20A002039
:1001F00001040020B60A002028020020110A002075
:100200004C630020570A0020D4200020B436002080
:10021000F40A0020944C0020845700203D01002067
:1002200000003E40E0010020A94D287802F054FA79
:10023000A84C2B78A061022B12D102F05DFB069036
:100240000791069A079B226163610699079AA24B60
:1002500019605A60A14B1B78002B00D17CE67FE629
:1002600002F08EFAEBE7013393E6002A00D19DE617
:100270009B4B9C4C1D78002D00D097E69A4B1B7829
:10028000002B10D0994B93492F95086C496C18603E
:100290005960974B1B78002B00D187E623680B939E
:1002A000A36B129382E62F9B01332F937EE60122EC
:1002B000904B1A70FDF79CFFFDF752FFFDF768FFAA
:1002C0008D4B1B78002B00D1F0E08C4B1B78002B62
:1002D00068D08B4B1C685D688A4B20001A685B688D
:1002E0000E920F93884B29001E685F680E9A0F9B31
:1002F000F9F78EFA854B1A901B911A685B683000EB
:100300003900F9F785FA02000B001A981B99FAF7E1
:1003100065FD4B005B081593149000221498159905
:100320007B4BF8F78FF8002811D132003B002000FA
:100330002900FAF753FD4B005B0817931690002233
:1003400016981799724BF8F791F800282AD00E9A50
:100350000F9B704E30687168FAF740FD6E4A6F4B24
:10036000FAF756FA6E4F3A687B68F9F751FA0E9A27
:100370000F9B04000D00326073603C607D600022C2
:100380000023F8F75FF8002807D100222000290099
:10039000644BF8F76BF8002804D00020604B6249EA
:1003A000186059600122614B1A70614B1B78002B59
:1003B00001D0FDF75FFFFDF775FF5E4B1B78002B4B
:1003C0000CD02C226B469B181878FDF7E0FF0B9B96
:1003D000002B03DD584B0B9A1299D154414B1868EE
:1003E000C0B2FEF7B1F8554B1B78002B03D0FDF7D8
:1003F0005BFEFDF7A5FE524B1B78062B03D03E4B50
:100400001B78002B55D1FEF780F90130C0B2FDF703
:10041000A2FFFBF791FC189B581CC0B2FDF7A9FF87
:100420000021FA20FEF75AFB464B1B78002B04D123
:10043000109B581CC0B2FDF795FF189B092B05D9DE
:10044000012002F0C7F80020FDF793FFFDF774FDCF
:10045000FDF79CFD2A4B1868596801F05FF92D4B98
:100460001868596801F06CF9374B18680130FE289C
:1004700000DDFE201860C0B2FDF782FFFEF772F9C2
:100480000130FDF78BFFFF22304B1A70304B1B7889
:10049000002B00D130E62F4B1B78002B00D12BE630
:1004A000104B2D4A5B6C9BB2138025E61F4A1370DC
:1004B0007BE70020FDF74FFFADE70A2004F044FB87
:1004C000089B0133089333E600F068FAFFF72DFC30
:1004D000DA010020D809002008000020B40A00201A
:1004E000BC0A0020800A002001040020C80A002065
:1004F00000040020D1030020D3650020A066002066
:100500002802002018020020E00A0020E80A00204B
:1005100000002440300200203BDF4F8D976E923F59
:10052000580A002000002C4000002E40C765002023
:10053000A26600208B6700209F6500208F67002047
:10054000110A0020F00A0020D00A0020560A0020DC
:100550005A630020D80100207C67002001210A4B4B
:1005600082B01A6C0A431A641A6C0A408021009205
:10057000009ADA6B49050A43DA63DB6B0B4001939F
:10058000019B02B07047C0460010024010B5040045
:1005900094B01422002102A806F0DEFF34220021CC
:1005A00007A806F0D9FF174B22689A4227D12023CB
:1005B00007A8079305F088F9002801D0FFF738F85D
:1005C0000222114C1148636B02A913436363636BEE
:1005D00013400093009BC0230293AE3B0393002380
:1005E000049305930633069304F0B4FC8022E36B76
:1005F00092031343E363E36B13400193019B14B035
:1006000010BDC046005400400010024000040050DD
:1006100010B504008EB03422002101A806F09CFF22
:10062000104B22689A421BD180239B0201938023A6
:1006300001A85B000D9305F047F9002801D0FEF7F3
:10064000F7FF8022084B1202D96D0A438021DA6538
:10065000DA6BC9000A43DA63DB6B0B400093009B43
:100660000EB010BD002800400010024010B504007C
:100670008AB01422002105A806F06EFF23681F4AE5
:1006800093421CD180211E4B49011A6CA0200A43C1
:100690001A641A6CC0050A4001210192019A5A6B32
:1006A0000A435A635B6B0B400293029B154B05A9EF
:1006B00005930223069304F04DFC0AB010BD124AC4
:1006C0009342FAD180210E4BC901DA6B0F480A43DD
:1006D000DA63DA6B0A4008210392039A5A6B0A43E1
:1006E0005A635B6B0B400493049B1A230593183BDE
:1006F0000693013B099305A9DDE7C04600300140A0
:1007000000100240C280000000380040000C005081
:100710007FB50368324A934212D11021314B112028
:10072000DA6B0A43DA63DB6B00220B4001930F396B
:10073000019B04F01BFA112004F042FA07B000BD3F
:10074000294A93420FD12021264B1220DA6B0A430B
:10075000DA63DB6B00220B4002931F39029B04F02B
:1007600005FA1220E8E7214A934210D180211D4B5F
:1007700009021A6C13200A431A641B6C00220B40F6
:1007800003930121039B04F0F1F91320D4E7184AE5
:10079000934210D18021134B89021A6C15200A4311
:1007A0001A641B6C00220B4004930121049B04F08B
:1007B000DDF91520C0E70F4A9342BFD18021094BD4
:1007C000C9021A6C16200A431A641B6C00220B40E3
:1007D00005930121059B04F0C9F91620ACE7C0463A
:1007E00000100040001002400014004000200040B3
:1007F000004401400048014070B5060094B0142246
:10080000002102A806F0A8FE3422002107A806F065
:10081000A3FE274B32689A4247D1012307A80793CA
:1008200005F052F8002801D0FEF702FF8021214B8D
:10083000C9011A6CA0200A431A641A6C00250A40E8
:100840000092009A0122596BC005114359635B6BFA
:1008500002A913400193019BB0235B010293022381
:10086000049503930595069204F074FB124C134B08
:1008700020002360322363604E33A560E56023616E
:100880006561A561E561256204F0FAF9A84201D02D
:10089000FEF7CEFE0022331D1B201100DC67A6628E
:1008A00004F064F91B2004F08BF914B070BDC0464D
:1008B00000380140001002402006002008000240DD
:1008C000FEE7FEE77047704710B504F02BF910BD46
:1008D00010B5024804F0EAFA10BDC0462006002018
:1008E00010B5024805F08EFA10BDC0464008002041
:1008F00010B5024805F086FA10BDC046F407002086
:1009000010B5024805F07EFA10BDC046A8070020C9
:1009100010B5024805F076FA10BDC0465C0700200D
:1009200010B5024805F06EFA10BDC0461007002051
:1009300010B5024805F054FC10BDC0467C060020EE
:1009400010B5034B012218685968FEF739FA10BD3B
:100950008400002010B5034B002218685968FEF788
:100960002FFA10BD8400002010B5034B0122186837
:100970005968FEF725FA10BD7C00002010B5034B26
:10098000002218685968FEF71BFA10BD7C00002091
:1009900010B5FFF7D5FFFFF7E7FF10BD10B5FFF764
:1009A000D9FFFFF7EBFF10BD10B5034B012218680C
:1009B0005968FEF705FA10BD6400002010B5034B1E
:1009C000002218685968FEF7FBF910BDB40000203A
:1009D00010B5034B012218685968FEF7F1F910BDF4
:1009E000B400002010B5034B002218685968FEF7C8
:1009F000E7F910BDAC00002010B5034B01221868C8
:100A00005968FEF7DDF910BDAC00002010B5034BAE
:100A1000002218685968FEF7D3F910BDA400002021
:100A200010B5034B012218685968FEF7C9F910BDCB
:100A3000A400002010B5034B002218685968FEF787
:100A4000BFF910BD9C00002010B5034B01221868AF
:100A50005968FEF7B5F910BD9C00002010B5FFF7EE
:100A6000ADFFFFF7BFFFFFF7D1FFFFF7E3FF10BDBB
:100A700010B5FFF7ADFFFFF7BFFFFFF7D1FFFFF79F
:100A8000E3FF10BD304B10B5186800225968FEF71F
:100A900097F92E4B002218685968FEF791F92C4BF4
:100AA000002218685968FEF78BF92A4B0022186853
:100AB0005968FEF785F9284B002218685968FEF737
:100AC0007FF9264B002218685968FEF779F9244B04
:100AD000002218685968FEF773F9224B0022186843
:100AE0005968FEF76DF9204B002218685968FEF727
:100AF00067F91E4B002218685968FEF761F91C4B14
:100B0000002218685968FEF75BF91A4B0022186832
:100B10005968FEF755F9184B002218685968FEF716
:100B20004FF9164B002218685968FEF749F9144B23
:100B3000002218685968FEF743F9124B0022186822
:100B40005968FEF73DF910BD34010020BC000020BB
:100B5000D40000202C010020240100201C010020D2
:100B600014010020FC000020E4000020F40000201C
:100B7000EC000020DC00002004010020CC0000205C
:100B8000C40000200C01002010B5FFF77BFF074BCD
:100B9000012218685968FEF713F9054B01221868FD
:100BA0005968FEF70DF9FFF7FFFE10BD4C0000205D
:100BB0005400002010B5FFF765FF034B00221868B2
:100BC0005968FEF7FDF810BD4C000020304B10B501
:100BD000186800225968FEF7F3F82E4B01221868B6
:100BE0005968FEF7EDF82C4B012218685968FEF79A
:100BF000E7F82A4B012218685968FEF7E1F8284BFC
:100C0000012218685968FEF7DBF8264B01221868A4
:100C10005968FEF7D5F8244B012218685968FEF789
:100C2000CFF8224B012218685968FEF7C9F8204B0B
:100C3000012218685968FEF7C3F81E4B0122186894
:100C40005968FEF7BDF81C4B012218685968FEF779
:100C5000B7F81A4B012218685968FEF7B1F8184B1B
:100C6000012218685968FEF7ABF8164B0122186884
:100C70005968FEF7A5F8144B002218685968FEF76A
:100C80009FF8124B002218685968FEF799F810BDBA
:100C900034010020BC000020D40000202C010020E2
:100CA000240100201C01002014010020FC00002071
:100CB000E4000020F4000020EC000020DC00002014
:100CC00004010020CC000020C40000200C01002002
:100CD00010B50400002901D0FFF7D4FE601E0E28D5
:100CE0000FD8F7F70FFA080F11131517191B1D1F4F
:100CF000212325272900114B186801225968FEF786
:100D00005FF810BD0E4BF7E70E4BF5E70E4BF3E720
:100D10000E4BF1E70E4BEFE70E4BEDE70E4BEBE71B
:100D20000E4BE9E70E4BE7E70E4BE5E70E4BE3E72B
:100D30000E4BE1E70E4BDFE70E4BDDE7BC0000207A
:100D4000D4000020140100202C010020E400002029
:100D500024010020F4000020EC0000201C010020F1
:100D6000DC000020FC00002004010020CC0000205A
:100D7000C40000200C010020F7B50190FFF782FEAF
:100D8000284B294A1B780B270092002B04D1274BB4
:100D90001B78002B00D0177800242600244D009BE0
:100DA0001B78A34200DCF7BDB742FCDD2A78013492
:100DB000002A1CD02000A34200DAE01A019B002B7D
:100DC00001D000232B7002381A4B0C2809D8F7F7F2
:100DD00099F90710121416181A1C1E202224260036
:100DE000154B186801225968FDF7EAFF01360135F5
:100DF000D5E7124BF5E7124BF3E7124BF1E7124B35
:100E0000EFE7124BEDE7124BEBE7124BE9E7124B22
:100E1000E7E7124BE5E7124BE3E7124BE1E7124B32
:100E2000DFE7C0465963002041020020D8010020BE
:100E3000E1010020BC000020D400002014010020AB
:100E40002C010020E400002024010020F4000020F8
:100E5000EC0000201C010020DC000020FC00002031
:100E600004010020CC000020C400002010B5FFF7D2
:100E700009FE034B012218685968FDF7A1FF10BD58
:100E8000340100200120704710B506F0CDFB162379
:100E900003600120404210BD10B506F0C5FB1623CB
:100EA0000360FEE770B50E0014000025A54201DBCB
:100EB000200070BD00E000BF70550135F6E770B549
:100EC0000E0014000025A54201DB200070BD705DFE
:100ED00000E000BF0135F6E7012040427047802363
:100EE0009B0100204B607047012070470020704735
:100EF0000B490C4A0300521A0B4910B50868002828
:100F000001D10A4808600868C318934206D906F060
:100F10008BFB0C2303600120404210BD0B60FCE7FB
:100F20000004000000900020486300205869002061
:100F30007047000070B5FDF73AFC0E4C0E4D206076
:100F40002B780F280DD1002B01D10F2070BD0E2062
:100F5000FDF7E4FA0E2323602B78002BF5D02068F0
:100F6000F4E70E28F8D1002BEFD00130FDF7D6FAC8
:100F70000F23F0E70C020020C16500200F2802DDDE
:100F8000024B18787047024BC05CFBE7E001002081
:100F90009F650020144A30B514680F2C23DC134BD6
:100FA0001D78002D02D0092800DD0920104B1B7888
:100FB000002B02D00923082802DC031E00DC0123D9
:100FC000110034310978906B29400125082800DC94
:100FD0000025294204D0984202DD51680131516058
:100FE0009363044AA35430BD800A00205A63002052
:100FF000D90100209F65002070B50400FDF786F838
:10100000FDF742F8FDF7CAFB174B18491870184B4B
:101010001B78002B04D1174B1B78002B04D01649EA
:101020004822200006F02DFB144B1B78002B09D022
:10103000012213490A70032B04D9180010401342EF
:1010400000D10870FFF776FF0500FFF797FF012238
:101050000C4B25601A7000230B4AA063137020000C
:101060002364636470BDC046DA0100209001002053
:1010700059630020D801002048010020B0650020FD
:10108000C1650020D90100205A630020F0B58E4BC5
:1010900087B01F780193FDF765FB0B21F7F7B6F9D1
:1010A00001238A4D05916B540B0006330393019B7A
:1010B0001A78039B9A4201DA9B1A03930121039B3E
:1010C0000291EB18013B1970002381499A4230DCF0
:1010D000FAF794FC05F01EFF00237E4E3364736420
:1010E0007D4B1B780093002B31D0019B1A78330085
:1010F0003C331B78002B27D133680133934200DD4A
:101100009B1A01223360EB18013B1A70734A136873
:10111000013313606C4B714C1A7823689A4206D1E4
:101120000D220021280006F017FA0023236007B0E3
:10113000F0BDE85C0133002802D1C85C002801D072
:10114000013FC3E70293C1E7654B1B68D9E7654BD5
:101150001A78002ADED0019B604C1B786248009907
:10116000049301702368002F3BDD012F0FD1029AF9
:1011700001333260AA18013A17702360002001225F
:10118000544B5A4918615961574B1A70C2E7022FE4
:1011900028D10120029A564F3260AA18013A1070E5
:1011A0001A1822604948009A04998A4204DB494B84
:1011B0001B6C002B0DD1E1E7815C561C00290ED180
:1011C000B95C00290BD1434902330E64012123602D
:1011D000815400203F4B4749186159619AE732001A
:1011E000E2E70092049A0499023A481E9A4205D115
:1011F000059B384A013313602060BFE798420CD149
:10120000344B039A1A60049B23603B4B1B78002BE2
:10121000B4D00122394B1A70B0E705F0ABFE019B48
:101220001F783900F7F7F2F8284B5B5C002BF4D1FC
:101230002F4B5B5C002B02D0009B002BEDD04B1C96
:10124000336001236B54236801332360FB1A022BA4
:1012500004DC244B1B78002BBBD0A8E705F08AFEEA
:10126000019B1F783900F7F7D1F8184B5B5C002B16
:10127000F4D11F4B5B5C002B02D0009B002BEDD008
:101280004B1C336401236B54236801332360FB1A26
:10129000022BDEDD05F06EFE019B1978F7F7B6F83C
:1012A0000A4B5B5C002BF5D1114B5B5C002B02D031
:1012B000009B002BEED04B1C736401236B542368FE
:1012C00001332360C5E7C046410200205E63002071
:1012D0006A630020800A00205963002054630020C4
:1012E00050630020D80100205D63002000006940A9
:1012F0006B630020000054408C6700204C6300208A
:10130000F0B5B34C002123003E3385B019700123A2
:1013100023630223FF33A38623000D223633AD4817
:101320001970A1872164616406F016F9AA4B039332
:101330001B78002B00D18BE0A84B00221B78002BE0
:1013400000D183E08023DB05A261E3610022A44B8E
:10135000A260E3600022A34B226163610022A24BE2
:10136000A262E36203236360A04B00221E685F68F1
:101370009F4B30003900F7F779F8002801D000269C
:101380009B4F9C4D2B78002B02D09B4B1E685F68B7
:10139000002230003900994BF9F720FD984A994B0B
:1013A000F9F736FA02000B0000209749F9F716FD0D
:1013B0000022964B06000F00F7F758F8002801D0DE
:1013C0000026924F26626762FDF7CCF91421F7F7E9
:1013D0001DF809310026122951D88D4F8D4B1E6002
:1013E0005F608D4B1B78002B52D02B78002B48D19F
:1013F0008A4B1A685B6800920193894A138801330B
:101400009BB21380039B1B78002B3DD00022300041
:101410003900844BF8F7FCF9834BA062E1621A684B
:101420005B6830003900F8F7F3F9754A06000F00E1
:1014300000980199734BF9F7EBF902000B003000AB
:101440003900F9F7CBFC2062616221E0774B7BE742
:10145000774B1B78002B87D080230022DB05A2610D
:10146000E3610022734BA260E3600022724B2261B1
:1014700063610022714BA262E362022373E7704F43
:10148000ACE700220023B6E7694B1B78002BBDD1E7
:101490006C4B1B78002B00D189E04F4B1B78002B45
:1014A00000D17CE0FDF755F9002803D0664B1B788E
:1014B000002B06D0654B07221D78002364499D420E
:1014C00064DC0122424B1860624BC254624A1368CA
:1014D000013313600121614A3D4B117003225A60B0
:1014E00000223F331A705E4B394C1B78002B06D01C
:1014F00023003E331B78002B01D00123636020685A
:10150000FFF73CFD226B6368A0639A4203D123007E
:10151000012236331A7023003C331B78002B14D180
:10152000504B1B78002B10D04F49002208684968A7
:101530004E4BF6F787FF002807D0206A616A002229
:101540004B4BF8F765F92062616223003D331B784D
:10155000002B07D0206A616A0022454BF8F758F942
:1015600020626162206A616A0022284BF6F77EFFE2
:10157000002803D00022254B2262636200223D4BEB
:101580001A703D4B01321A7005B0F0BDCE5C5C1C88
:10159000964202DC2000CA5CD2B223008FE7244BC3
:1015A0001B78002B00D195E7FFF770FD92E702232F
:1015B000074CFF33E387FDF717F9244B01301B7805
:1015C0002060984201DDC01A2060FFF75FFD8AE7C6
:1015D000800A00205E630020596300204D630020D4
:1015E000000059400000444000908A403002002032
:1015F00000488C40A0660020E80A0020004085409A
:101600009A9999999999E93F0060834000808640B2
:101610000000694010020020C7650020C865002056
:101620008067002000206C40280200200000F03F6E
:10163000D801002000003E400000544000E08540FA
:10164000003071409167002088670020410200202F
:10165000D40300205D63002054630020BD0A0020F5
:10166000080200205B6300200000002000001440FE
:1016700000004940D90100205A63002010B50D2216
:101680002821034805F068FFFCF720FD10BDC04687
:101690008563002010B568220021034805F05CFF37
:1016A000FCF774FC10BDC0466864002010B56824C7
:1016B00022000021064805F04FFF220000210548C6
:1016C00005F04AFFFCF78CFCFCF7B4FC10BDC046EB
:1016D000006400209863002010B5682200210348B0
:1016E00005F03AFFFCF728FC10BDC046D06400208E
:1016F00010B50D22FF21034805F02EFFFCF7F6FC84
:1017000010BDC0467863002010B50220FCF71CFE17
:101710000222014B1A6010BDDC010020D0B506008A
:101720000F00054C60220549200005F003FF2666E6
:101730006766FCF755FCD0BD0064002008640020FB
:10174000D0B506000F00054C60220549200005F0C9
:10175000F1FE26666766FCF76DFCD0BD986300203D
:10176000A0630020F8B50C684D68066847682B0038
:10177000220030003900F6F765FE03000120002B3F
:1017800008D12B00220030003900F6F76FFE431E0F
:1017900098414042F8BD0000F0B5BF4B8FB01B78B8
:1017A000002B00D1CBE0BD4ABD4B116B187801393D
:1017B000BC4BC9005B18002800D12CE1BA4908686D
:1017C000496818605960130035331B78002B02D12B
:1017D0000121B64B1970130036331B78002B00D152
:1017E000ADE0536800240293B14B00261B7800271C
:1017F0005A425341029A9B18043B1D000093A94B87
:101800000893029B9D4200DA0AE1AA4B002C00DCFF
:10181000C9E1002220001A70F9F748FF04900591F1
:1018200002000B0030003900F8F7B8FB0024002557
:101830000A900B91009E9B4F029B9E4200DA09E1A9
:10184000049A059B20002900F8F7A8FB06F090FDFC
:10185000002300260027049308900991914B0D93D3
:10186000009B029A934200DA66E10498F9F71EFFA2
:1018700002000B0030003900F8F790FB0090019156
:10188000009A019B8C4C226063608C4B1D788C4BC2
:101890001B785BB2022B00DDBCE10127894B1F7076
:1018A000002D11D0884E894D3378002B00D198E15E
:1018B000009801990022864BF6F7C4FD002800D15C
:1018C0008FE100232F703370824B1B78002B36D0B2
:1018D00020686168804B814D1A685B68F9F77EFA71
:1018E0007F4B286069601B6800210C2B01DC0D31E7
:1018F000C91A00230D227B48FAF72EFB6E4C26688E
:10190000676832003B00F9F769FA00900191019B8A
:10191000009A5B00100059080022734BF6F7A6FDF1
:1019200000280CD00122714B1A70714B1E605F6051
:10193000694B186859686F4B206061601A706E4B74
:101940001B78002B00D12BE26C4B544C1B78002BE6
:101950004FD16B4B1B78002B4BD06A4B1B78002B65
:1019600047D12268684B013AD2009B181E685F6815
:101970000022002330003900F6F778FD002838D027
:10198000624B1B8818000093F9F790FE002202902A
:1019900003915F4B30003900F8F73AFF02000B006B
:1019A00002980399F6F74EFD5A4D002807D0002201
:1019B00030003900584BF6F763FD00280CD1009B2E
:1019C000042B00D94CE1002230003900534BF6F7CC
:1019D00057FD002800D143E100222B6801332B6022
:1019E000474B1A704E4B1A704E4A1388C8339BB23D
:1019F0001380484A1368042B00DC33E101214A4B71
:101A000000201970002300211360484B18605960B2
:101A1000FFF740FE26E14648464918605960DAE67D
:101A2000089AEB009B181A685B6804920593049867
:101A300005993F4A3F4BF6F705FD002808D0049A68
:101A4000059B30003900F7F7E3FE06000F00013474
:101A50000135D6E6F300DB191A685B680892099332
:101A600008980999324A334BF6F7ECFC002811D05C
:101A70000A9A0B9B08980999F9F7B0F902000B0034
:101A8000F8F7C6FE02000B0020002900F7F7C0FEA1
:101A900004000D000136CFE6D9010020800A0020A5
:101AA000F2030020F8650020C80A0020D26500205B
:101AB000C165002038020020300200205863002059
:101AC000A4660020A2660020D801002059630020EF
:101AD00000708740C7650020E80A0020C865002024
:101AE000D00A00209863002000002440A066002057
:101AF00018020020A16600205A630020BC0A0020C2
:101B0000010400208C67002068640020520A002035
:101B10000000D03FB4650020000044400000344085
:101B2000000400207E670020D1650020C80300204B
:101B30000000C0FFFFFFDF41009B0D9ADB009B18F8
:101B40001C685D68C04A20002900C04BF6F77AFC8B
:101B5000002824D00A9A0B9B20002900F9F73EF9AF
:101B60004B005B0806900793069A079B0898099913
:101B7000F6F786FC002807D1069807990022B44B97
:101B8000F6F760FC00280AD0049B300001333900CE
:101B9000049322002B00F7F73BFE06000F00009B8A
:101BA000013300935CE6AB4A16685768AA4A12787C
:101BB000002A04D000221A700096019760E60124E2
:101BC0001C70A64B1A685B680092019300980199FB
:101BD00000220023F6F74AFC0028EDD0A04B1C7031
:101BE0004EE62B78002B00D16EE60098019900227A
:101BF0009C4BF6F745FC002800D165E60023022047
:101C000001222B70984B32701860984B1A70FCF7B9
:101C10009BFB59E6964E3778002F00D1F6E00098EE
:101C2000019900228F4BF6F70DFC002810D08B4B4A
:101C30001A685B6800920193009801990022894B11
:101C4000F6F71EFC002803D0009A019B2260636017
:101C5000002D00D0DDE0EEE0002F00D134E6EAE018
:101C600000232B60834B844D1B780093002B60D1A5
:101C7000824B834F1B78002B04D1824B1B78002BA7
:101C800000D193E0804B1B78002B04D17F4B1B7855
:101C9000002B00D086E07E4B1B78002B04D17D4BBF
:101CA0001B78002B00D17DE07B497C4B086849689C
:101CB0001A685B68F9F792F802900391039B029A05
:101CC0005B0059081000764B0022F6F7CFFB6B49FA
:101CD000744A00280CD01368734801331360002342
:101CE000037072480B7003889133FF339BB20380FB
:101CF0001368032B56DD01230B70002111606C4A21
:101D00001370654B6B4A18685968236B013BDB0005
:101D1000FB18186059602368674C013BDB00D21840
:101D200010605160E418654B1888F9F7EDFC2060ED
:101D300061602B0036331B78002B31D02B003D33F4
:101D40001B78002B03D04A4B1B78002B5AD1002460
:101D50006B6804935A4B1B78A34201D1049B9C1ED1
:101D6000002500260027464B0693049B9C422FDB50
:101D7000002D47DD2800F9F799FC02000B00300028
:101D80003900F8F70BF93D4B1B78002B08D0009B6E
:101D9000002B05D10122414B18605960444B1A7049
:101DA0000FB0F0BD354B1B78002BAAD100200021CD
:101DB000236B254A013BDB00FF18244B3A607B6014
:101DC00022683D4B013AD2009B1818605960B0E779
:101DD000069AE3009B181A685B68029203930298C4
:101DE0000399194A194BF6F72DFB002808D0029ADF
:101DF000039B30003900F7F70BFD06000F0001359B
:101E00000134B2E7244B18685968BCE7002D00D1B3
:101E10005AE52C4D2B78002B00D11DE72068616816
:101E20000022104BF6F72CFB002800D114E7012309
:101E3000337000232B70244B1B78002B00D043E51C
:101E40000122224B1A703FE50000C0FFFFFFDF4177
:101E500000002440F8010020B1650020E80A0020BD
:101E6000A166002000708740DC0100205C63002038
:101E7000D8010020BC0A0020800A002001040020B4
:101E8000D8650020D00300208C670020D1030020FB
:101E9000C7650020D3650020C80A00202802002062
:101EA00000004940B8650020000400207E67002043
:101EB000B2650020D064002068640020520A00202F
:101EC000080200205963002038020020A26600208A
:101ED0000020094B10B51C78084B844205D01878B7
:101EE0000130C0B2FF2800D102381870FCF71DFB8A
:101EF0002000FCF70CFB10BD38020020B06500206C
:101F0000F0B57D4B7D4C1B7885B00E001700256B1E
:101F10000093002B00D123E1A068E1680022784BF8
:101F2000F8F776FCA269E369F7F772FCF6F752FB63
:101F3000744B80B21880744B744A1B78744E032D16
:101F40001ED1002B0BD080210020C905A061E161CA
:101F500000207049A060E16000206F49087030786F
:101F60001178002832D000295DD000206B49A06292
:101F7000E16200220220A91E88425241D1B228E02B
:101F8000002B21D0052D0CD16549097849B20529CE
:101F9000E5D100206349644F206261623860796056
:101FA000DDE7042DDBD0062D09D15D49097849B262
:101FB0000629D4D100205D4920616161CFE7032D5E
:101FC000CDDC002054490870012DC8DC11780029AF
:101FD000CFD1002B2DD13378002B19D0002917D069
:101FE000A06AE16A0022524BF8F712FC514B1A68C2
:101FF0005B68F7F70DFC4C4B206261621E685F68FE
:1020000032003B00F6F732FA002801D02662676200
:10201000230036331B78002B12D0FFF759FFFFF750
:102020006FF905B0F0BD002BD5D00022424BA26263
:10203000E36200220223023DAB425241D1B2CAE721
:10204000FEF778FF20603D4B1B78002B00D1A7E204
:102050003B4B2A4D1B78002B00D1A1E22B00012421
:1020600035331C70002322001900FA202C63FCF782
:1020700094FA431E9841334A334B1278C0B2187019
:10208000002A04D02A003E321178002912D11B7890
:102090000324002B0ED02B003C331B78002B09D0DF
:1020A0002A4B1B78002B05D1294B07341B78002BBA
:1020B00000D0073C2B6B6C60A34200DA6CE201227B
:1020C0001F4B1A700D4C2068FEF758FF1B4BA06386
:1020D0001B78002BA5D01F4B1B78002BA1D0092803
:1020E0009FD11D4B1868A063FEF754FF1B4A13884D
:1020F0000A339BB2138094E7D9010020800A0020A4
:10210000000024407C670020D80100205963002093
:10211000D265002000003E40B165002000407F40B5
:10212000A466002000509440F001002000C07240DE
:102130000000E03FC80A002000E085405A6300200C
:10214000B60A002008020020C46500208C67002029
:10215000F10A0020C3650020000200207E670020F5
:10216000C44B1B780393002B00D119E2C24B1B78A0
:10217000002B00D102E1A269E369A068E168F7F7EA
:1021800047FBF6F727FABD4B80B2188023000022E8
:1021900034331A7023003C331B78934200D10096ED
:1021A0002368B74A013BD35CDBB2019323003D3384
:1021B0001B78002B0BD0009B002B00D0E3E023000A
:1021C00036331B78002B00D0DDE0FEF75FFFAD4B10
:1021D0001B78002B00D0F3E0009B002B14D0019B58
:1021E000032B00D9F4E0A44B1B78002B00D1E1E0D5
:1021F000A549002208684968A44BF7F709FBA062CB
:10220000E16201229F4B1A70A14CA24D2368042B5E
:1022100009DC2B780293002B05D1009B002B1DD0ED
:10222000019B032B1AD8944B1B78002B00D1D4E0D0
:102230009949954B086849681A685B68F7F7E8FAA6
:10224000964E306271620023954A2B702360954B45
:10225000106C516C18605960039B0293924B1B7871
:10226000002B00D1EAE03B68052B03DC8F4B1B7889
:10227000002B49D08E4B00221C685D688D4B2000DE
:102280002900F6F7F3F8002801D00024894D002238
:1022900020002900884BF8F7A1FD884A884BF8F701
:1022A000B7FA02000B0000208649F8F797FD0022DC
:1022B000854B04000D00F6F7D9F8002801D0002462
:1022C000814D6D4A754B12781C625D62002A00D107
:1022D00089E000207D499862D9620023734A3B60FF
:1022E00013707B4B674D1B78002B02D02B78002B93
:1022F0000AD1784C2678F9F71FFD0023764A2B7017
:1023000013702670FBF7CEFF744B644C1B78002BC8
:1023100071D0734B1B78002B6DD082232360002378
:102320000022236463640133A3876E4BA261E361DF
:1023300000226D4B226163616C4B584C1B78002B63
:102340000ED06B4B1B78002B0AD1029B002B07D0C1
:10235000206A616A0022674BF7F75AFA20626162CD
:10236000206A616A0022584BF6F780F8002800D1F5
:1023700069E60022544B2262636264E6636C3F4A62
:102380009BB2138002E72300012236331A70454BBB
:10239000414A1068516818605960FCF725FA564A9E
:1023A000564B127801301860904200DC0FE7801A1B
:1023B00018600CE7524B1B78002B00D018E720E781
:1023C000009B002B00D11FE7019B032B00D81BE7CC
:1023D0002F4A13680133136016E7494B1B78002B13
:1023E00000D025E72FE7464A1278002A00D174E78B
:1023F000002044496FE7270026003C373D783E36F1
:10240000002D00D18CE0FEF741FE00233B7001332C
:102410003370194B1B78002B1CD03B4B00221B78D0
:10242000002B15D08023DB05A261E3610022374B2E
:10243000A260E36000222C4B22616361274A344B87
:1024400012781B78002A71D0002B00D074E77EE050
:10245000304BE9E72A4B1B78002BEFD0802300227A
:10246000DB05A261E36100222B4BA260E360002246
:102470002A4BE1E75A630020596300207C67002063
:10248000D4030020D36500201002002000206C40FF
:10249000BC650020FA030020C80A0020800A002042
:1024A000D809002028020020B60A0020D1650020AB
:1024B0003002002000488C40004085409A9999994C
:1024C0009999E93F006083400080864000908A40EF
:1024D0008C670020D1030020C7650020BD0A0020C2
:1024E0009167002000000840000044408B670020F6
:1024F000F00A002000004940410200205063002003
:10250000D801002000E085404D63002000005940C4
:10251000BC0A00200000F03F00003E400000544094
:10252000FEF7B4FD01233D3433702570224A234B5E
:102530001278002A00D0FFE61A0036321278002AFC
:1025400002D1196B022925D101223F331A701C4B8D
:102550001A4C1B78266A676A002B00D1ECE61949F1
:10256000002208684968184BF5F76CFF002800D175
:10257000E2E6009B002B00D1DEE6019B032B00D995
:10258000DAE6002230003900104BF7F741F92062FB
:102590006162D1E63F33D9E7002236352A7091E5F2
:1025A0000021064B0A4A11701A6B01321A635B68EC
:1025B0009A4200DB83E585E5BC0A0020800A002002
:1025C0005B63002000000020000014400000494030
:1025D000B50A0020F0B5002604003500394F9FB041
:1025E000F31904AA18685968B318186059600022D2
:1025F0000023F5F721FF4342584108362D18682E75
:10260000EED1002D42DD08222F4B0D2104A804F04D
:1026100027FD6B10DA00ED073AD5130004AA9B18CA
:102620001A685B68009201930099019A274B196020
:102630005A60002C2AD00025224B254C0393039B83
:102640000022EB181E685F68002330003900F5F7A0
:10265000F3FE002814D10098019932003B00F8F7EE
:10266000BDFB22686368F7F7D3F806000F00F8F7A0
:10267000E1FFC317C018584014281EDC26606760AD
:1026800008350834682DDAD1FBF72EFC1FB0F0BDF9
:10269000013B04A9DB005B181900130008684968B6
:1026A00004AA9B181A685B68F7F7B2F80022094B76
:1026B000F8F7AEF800900191B6E7002200232260FF
:1026C0006360DDE7D0640020651701082002002068
:1026D000386500200000E03FF0B585B00400FEF74B
:1026E000C7F9FEF7C3FB0A2002F02EFA022C1CD118
:1026F000FEF7B4F9FA20800002F026FAF9F788F91B
:10270000002704001B4EFA2120008900F5F798FDF0
:10271000BB1BD917184D194A5B184B4028801380F2
:10272000FEF7B0F9200005B0F0BDFA230024002523
:1027300000279B000F4E0193F9F760F9C317029031
:102740000393029A039BA4185D41864200DD0600B4
:10275000874200DA0700019B013B0193002BEBD17C
:10276000FA222000002329009200F5F7CDFE040094
:10277000C9E7C046FFFFFF005A66002058660020E8
:10278000F0B5012700253E0097B003900C22574971
:1027900007A804F076FF0AAB01930097ACB22000C3
:1027A000C53080B2FCF77CF9019B18702000D13055
:1027B00080B2FCF775F9242204AB15349B18FF3462
:1027C00058550290A0B2FCF76BF9019A0299127861
:1027D00010ABE854914200D081E0029A904207D0B9
:1027E0000026370004E00026029A00968242F8D1C3
:1027F000019A0135013201920C2DCFD1242104AA76
:10280000521812781B780AAD13402A7813ACFF2AAD
:1028100006D0FF2B06D12800FBF7ABFA002701E01A
:10282000FF2B55D0009B002B56D1002E54D1002FEA
:1028300052D00DAB23CB23C40398F8F737FF002207
:102840002B4BF8F7CBFA00222A4BF7F7A7FB040033
:102850000D00139B04A80493149B04210593159B5E
:10286000069301F045FA05A8042101F041FA06A8F3
:10287000042101F03DFA22002B0020002900F7F787
:10288000C7FF060004980F00F8F762FF02000B0074
:1028900030003900F7F7BCFF060005980F00F8F785
:1028A00057FF22002B00F7F7B3FF02000B003000A8
:1028B0003900F6F7ADFF040006980D00F8F748FF61
:1028C00002000B0020002900F6F7A2FF17B0F0BDB0
:1028D00007AD2800FBF74DFA07CD07C4ACE79042DF
:1028E00000D080E700221700009281E7908C010859
:1028F00030C0594180F1FAC0F8B505235B42584316
:10290000F8F7D4FE0022264BF7F782FF0022254C71
:10291000254B20606160A260E36000228025234B8C
:102920002D0622616361A668E768226963697919E7
:102930003000F7F733FBA061E16120686168A269AC
:10294000E369F7F72BFB20626162194A206A616A2A
:10295000184BF8F743FA184A184BF7F71FFBA06219
:10296000E1620022A06AE16A154BF7F717FB05F058
:10297000C9FC144A144BF6F74BFF02000B00002071
:102980001249F7F70BFB20636163114A206B616BFF
:10299000104BF8F723FAA063E163A06BE16BF8BD7D
:1029A0000000703E6066002000230E4160301F4131
:1029B000FCA9F1D24D62E03F1AB5F2C8C588DF3EEE
:1029C000006AF840F86F702FADFA2B40004BB04012
:1029D000666666666612714001220021044B1A7019
:1029E0005A709A709971D97019715A717047C046AE
:1029F000C066002070B5FFF7EFFF494B494C1B78CC
:102A0000002B00D189E0484B1B78002B00D184E0DB
:102A10000323002500222381444BA381444B65817D
:102A2000E58125826582A582E58225836583A5836C
:102A300022626362A262E36200223E4B226363630E
:102A400000223D4BA263E36300223C4B226463649B
:102A500000223B4BA264E36400223A4B226563658B
:102A600000220023A265E36522666366A266E36630
:102A700022676367230078331D8023007A331D802B
:102A800023007C331D80230022007E331D80012320
:102A9000803213702200813213702200823215704E
:102AA000220083321370284A1570284A1570284A6C
:102AB0001370284B1D70284B1D70284B1D60FBF7B1
:102AC0007FFE274B1870274B1D70274B1D70274B1F
:102AD0001D70274B1D70274B1D70274B1D70274BFA
:102AE0001D70274B1D70274B1D70230088331D6000
:102AF00023008C331D6023009A3498331D80258079
:102B0000FDF7B6FF204B214819685A68FAF7DCF840
:102B1000F8F758FFFDF7B6FF70BD052379E7C0460B
:102B20004D630020C06600205963002024F4FFFF9D
:102B300000F8914000E0854000207C4000005440B7
:102B4000000044400000F03FA4660020A36600207F
:102B50004002002090670020F20A00205463002009
:102B6000B0650020D0650020B1650020D36500204D
:102B7000D2650020C2650020C3650020A166002048
:102B8000A2660020A066002034000020A866002075
:102B900010B5144C6378002B14D0FCF71FFD1020E7
:102BA000FCF7C0FCE18A102089B2FCF7DDFC1020A4
:102BB0000021FCF7F5FCFCF70FFD002310206370EB
:102BC000FCF78AFCF8F734FF22002300001280B2E1
:102BD0008432108088339A341968238812885B0005
:102BE000CA5210BDC066002070B5204CA378002BDF
:102BF00014D0FCF7F3FC1120FCF794FC218B11207E
:102C000089B2FCF7B1FC11200021FCF7C9FCFCF7EC
:102C1000E3FC00231120A370FCF75EFCF8F708FF2B
:102C20002300220025000012843380B218809A35D8
:102C30008C3211682A88188852008852188823001C
:102C400088331A682B8890345B009B5A2668C01A18
:102C5000C317C0185840F6F745FD2C88A400305122
:102C60002B8801339BB22B8070BDC046C06600200C
:102C700010B5FCF7B3FC0620FCF72EFCFCF7ACFC0F
:102C80000122024B9A7100225A8110BDC0660020B9
:102C900010B5FCF7A3FC0720FCF71EFC0E20FCF788
:102CA0001BFC1020FCF718FC1120FCF715FCFCF7AE
:102CB00093FC0122014BDA7010BDC046C0660020B3
:102CC000F8B502000B0000201F49F7F767F9F8F785
:102CD000B1FC0500F8F7EAFC02000B0006000F004B
:102CE000F6F796FDF5F776FC184C80B2E081E389A3
:102CF000A8B29BB22382E3899BB26382ABB2A38268
:102D0000E3899BB2E382E3899BB22383F8F7CEFC8D
:102D10000F4A104BF7F77CFDF5F75CFC0C4A0D4BA6
:102D200085B239003000F7F773FDF5F753FC80B238
:102D3000F8F7BCFC32003B00F6F76AFDF5F74AFCF9
:102D400080B26583A083F8BD8084EE40C066002019
:102D50005C8FC2F5285CEF3F10B5174CE378002B71
:102D600001D1FFF795FFFCF739FC218A072089B2D2
:102D7000FCF7FAFBA18A0E2089B2FCF7F5FB618B08
:102D8000102089B2FCF7F0FBA18B112089B2FCF76F
:102D9000EBFB00210720FCF703FC00210E20FCF7D1
:102DA000FFFB00211020FCF7FBFB00211120FCF7AA
:102DB000F7FBFCF711FC10BDC066002010B50C4CF1
:102DC000638901339BB26381628923899A4203D26A
:102DD000084B1B78002B0AD1FCF700FC0620FCF7FF
:102DE000A1FBFCF7F9FB0023A371FFF7B5FF10BDB2
:102DF000C066002040020020014B1879C0B2704725
:102E0000C066002010B5154B154C186A596A20622F
:102E10006162986AD96A20636163186959699A691D
:102E2000DB692064616422656365206A616A226BE4
:102E3000636BF7F7D3FFA063E163206A616A226DD9
:102E4000636DF6F7E5FCA062E1620022206C616C24
:102E5000044BF7F7DDFCA064E16410BD800A00209C
:102E6000C06600200000E03F10B5104C1049230060
:102E7000783308881A88904207D01A880D4892B291
:102E80000A80198889B2F9F74DFF22007A347E3220
:102E900011882388994207D0238806489BB2138063
:102EA000218889B2F9F74EFF10BDC046C0660020E8
:102EB0003C670020A86600200022F8B5644B654CF2
:102EC0001A8023007A331A80FFF7CEFFFDF76CFDDE
:102ED000614B624D1F78624E002F2BD02B00363392
:102EE0001878FDF749FF3378002B4DD0A26AE36ACA
:102EF000A265E3650022A06DE16D5A4BF7F788FCEF
:102F0000F5F768FB230080B2783318800022002395
:102F100022666366230000227A331A80FFF7A4FF3B
:102F2000A86B09284ED8F5F7EDF84B62676C7176FF
:102F30007B8289904C4B1B78002B13D02868012191
:102F4000C0B2FDF7C5FE286C002803D03900C0B21E
:102F5000FDF7BEFE686C0028C5D00021C0B2FDF7A9
:102F6000B7FEC0E73378002BD8D0404B1F78002F36
:102F700006D101210F20FDF7ABFE39000E20EEE750
:102F800028680121C0B2EAE7374A1278002AC5D082
:102F9000002000212200A065E16578321380A26A3A
:102FA000E36A226663662F4B0022206E616EF7F79C
:102FB0002FFCF5F70FFB230080B27A331880ADE7C2
:102FC000FDF756FDA379002B01D1FFF751FEFCF769
:102FD00005FBA189062089B2FCF7C6FA002106206C
:102FE000FCF7DEFAFCF7F8FA01232371F8BDFDF7D0
:102FF0003FFDFDF7E3FCE5E7FDF73AFDFDF7F2FCE9
:10300000E0E7FDF735FDFDF7D9FCF7E7FDF730FD0B
:10301000FDF7FCFCD6E7FDF72BFDFDF7E3FCF7E73A
:10302000FDF726FDFDF7CAFCFDF704FDCAE7FDF735
:103030001FFDFDF7C3FCFDF7D5FCF5E7FDF718FD17
:10304000FDF7BCFCFDF7E2FCEEE7FDF707FDB9E795
:1030500038670020C0660020BC0A0020800A0020DB
:10306000D901002000403A405A630020C165002089
:1030700010B5FCF7B3FA00210620FCF791FA002105
:103080000720FCF78DFA00210E20FCF789FA0021B9
:103090001020FCF785FA00211120FCF781FA0620A8
:1030A000FCF740FA0720FCF73DFA0E20FCF73AFA4D
:1030B0001020FCF737FA1120FCF734FAFCF78CFAF1
:1030C000FFF78AFCFDF7D4FC0022034B1A80034B68
:1030D0001A80FFF7C9FE10BD386700203A6700204C
:1030E000F8B5914C6379DFB2002B00D1D8E000270E
:1030F0006771A06AE16A226D636DF7F76FFE2300C6
:10310000A062E1629433A06AE16A1E6823009A33E8
:103110001D88F8F765FBAD007051A06AE16AA26BEB
:10312000E36B2500F5F798F901268335B84200D105
:103130008EE0230082331E70A06AE16AA26BE36B0B
:10314000F5F780F9B84200D182E0FFF791FF774BA5
:103150002F701B78BB421AD0754B1B78BB4216D020
:1031600000220023A265E365230078331F80FFF768
:103170007BFE704B1B78BB4200D167E06E4B1B7827
:10318000BB4200D162E0FA20400001F0DDFC0520E6
:1031900001F0DAFCFDF776FC230083331B78002B6B
:1031A00027D0664B1B78002B23D0A06AE16A226AE5
:1031B000636A2500F5F740F97A3500284AD0A06AFD
:1031C000E16AA26CE36CF6F723FBA065E1650022DF
:1031D000A06DE16D5A4BF7F71BFBF5F7FBF92300E8
:1031E00080B27833188000220023226663660023B1
:1031F0002B80230083331B78002B26D04B4B1B786E
:10320000002B22D0A06AE16A226A636A2500F5F7E2
:1032100013F97835002830D000220023A265E36539
:1032200000232B80A06AE16AA26CE36CF6F7F0FA47
:10323000206661660022206E616E414BF7F7E8FA66
:10324000F5F7C8F97A3480B22080F8BD3D489CE794
:103250002E70A1E7206E616E226D636DF6F7D8FACD
:10326000206661660022206E616E354BF7F7D0FA5A
:10327000F5F7B0F980B22880BBE7A06DE16D226D53
:10328000636DF6F7C5FAA065E165A06DE16D0022FA
:103290002B4BF7F7BDFAF5F79DF980B22880D4E7FC
:1032A00001236371254B1E78002E1CD0A06AE16AB1
:1032B000226A636A2500F5F7BFF87A35002809D03D
:1032C000230080331F70226C636C22676367206F5A
:1032D000616FDCE7206F616F226D636DF6F798FA1E
:1032E00020676167F3E7114B1B78002BADD0A06A14
:1032F000E16A226A636A2500F5F79EF878350028AE
:1033000009D0230080331E70226C636CA266E366D2
:10331000A06EE16EBBE7A06EE16E226D636DF6F705
:1033200077FAA066E166F3E7C06600205A630020E2
:10333000B60A00204D63002059630020D901002007
:1033400000403A40C4090000054B10B51B78002B23
:1033500001D1FFF78DFEFFF7C3FEFFF785FD10BD1E
:103360004002002010B50F4C2378002B14D0FCF73E
:1033700035F90E20FCF7D6F8618A0E2089B2FCF7E9
:10338000F3F80E200021FCF70BF9FCF725F90023D8
:103390000E202370FCF7A0F8FFF7A2FEFFF764FDF4
:1033A00010BDC046C066002070B5040004A80588A2
:1033B000094E0A48346004008C34216001009031C9
:1033C0000A60020094321360030098331D800023CA
:1033D0009A30038070BDC04648670020C066002058
:1033E000F8B51D4B1C78002C2AD01C4B64241B788C
:1033F000002B00D1503C1A4F012238687968FBF746
:10340000DFFC184E012230687168FBF7D9FC164DBD
:10341000002228686968FBF7D3FC200001F094FBC8
:10342000386801227968FBF7CBFC306800227168AC
:10343000FBF7C6FC286800226968FBF7C1FCF8BDF1
:103440000A4B1B78002BD6D0044B64241B78002B2E
:10345000D1D0FA24A400CEE7596300209167002060
:1034600064000020740000205C000020D8010020CF
:103470001C4BD0B51A6806000F00012A00D01B684B
:10348000FDF7A4FB184C00212000F9F74BFC0022AB
:10349000164B30003900F6F7BBF9154B0022F7F751
:1034A000B7F9F5F797F881B22000F9F74BFC11480E
:1034B00001F04AFB00212000F9F734FC0021200034
:1034C000F9F740FCFDF7DEFA0B4B1B78002B07D019
:1034D00001220A4BF5201A701978C9B2FBF7FEFADF
:1034E000D0BDC0463C020020A866002000206C40F1
:1034F00000403A40B80B0000C6650020C5650020BA
:10350000F0B5444B87B01E78002E00D078E0424AD8
:103510001278002A00D077E016000192FDF738FA01
:10352000F8F750FA3D4A3E4B0092196800985A68E5
:10353000F9F7CAFBFDF728FB00210098F9F7F2FB29
:10354000FA2700210098F9F7FDFB002400257F00F1
:10355000F8F754FAC31702900393013F029A039BB2
:10356000A4185D41002FF3D1FA220023520020005D
:103570002900F4F7C9FF310005000098F9F7D2FBE4
:10358000FA2401990098F9F7DDFB00260027640072
:10359000F8F734FAC31704900593013C049A059B8D
:1035A000B6185F41002CF3D121000098F9F7BAFB5F
:1035B00021000098F9F7C6FBFDF7FCFAFA2040005D
:1035C00001F0C2FAFA220023520030003900F4F769
:1035D0009BFF451BEB17ED185D402800F8F766F8D8
:1035E0000022104BF6F7DAFCF4F7F4FF0E4E0F4A08
:1035F0000F4B3060954209DD0120187007B0F0BD17
:1036000000230C4E019389E70A4BFBE702201C7054
:10361000F4E7C046D90100205A630020A8660020C4
:103620003400002000408F408467002010270000F5
:103630008F67002045330000282210B5002105487F
:1036400003F08AFF0022044BDA725A715A729A729E
:1036500010BDC04695670020BC050020F8B50500E8
:103660000024FBF75BFE80260227285DFBF760FE47
:10367000002C05D10E4B220018685968FBF7A0FBFF
:103680000C4B9A683242FCD09A683A42FCD09A6855
:103690003242FCD1002C07D1054B01221868596831
:1036A000FBF78EFB0134E0E701340C2CDDD1F8BDD3
:1036B0009400002000300140F0B589B002920393DD
:1036C000029B01901800039B00225B0059082F4BBE
:1036D000F7F79EF8002300220692079306AA04003B
:1036E0000D0003F0D7FF2A4A2A4BF4F7BFFE00284B
:1036F00007D0069807990022274BF6F789F80400AF
:103700000D0029002000F7F795FF0A210600F4F7C5
:1037100097FD6421C4B23000F4F792FD0A27FA2124
:10372000C3B204937B43E31A7C431B01341B1C1973
:10373000E3B2890030000593F4F782FD1749C5B262
:103740003000F4F77DFD3B00C4B26343EB1A7D43C8
:10375000049A1B01551B124930005D19F4F770FDE6
:10376000474302980399E41B00220023EDB2E4B220
:10377000F4F768FE002801D0103CE4B2019B059AE2
:103780005D709A701C7009B0F0BDC0460000244006
:10379000CDCCCCCCCCCCEC3F0000F03F10270000CF
:1037A000A0860100F0B51C0085B0630001905908A7
:1037B0001000234B0022F7F72BF80023002202927F
:1037C000039302AA04000D0003F064FF1D4A1E4B80
:1037D000F4F74CFE002807D00298039900221B4BF7
:1037E000F6F716F804000D0029002000F7F722FF75
:1037F0000A210500F4F724FD0A27C4B26421280039
:10380000F4F71EFD3B00FA21C6B27343E31A7C4372
:103810001B012C1B1C19019B28005C708900F4F70C
:103820000FFD0B49C4B22800F4F70AFD7843674343
:10383000201A019BF61B00018019187005B0F0BD1D
:1038400000002440CDCCCCCCCCCCEC3F0000F03FF1
:1038500010270000F0B58BB0039310AB029204CB9D
:1038600007AC1F8812AB1B780090019104920021D5
:103870000C222000059303F06FFE7BBA20006380CA
:103880000025FFF7EBFE07ACAF4218DC0C2200214D
:10389000200003F061FE059A2B23002A00D0043398
:1038A0002000E37023716371FFF7D8FE174B18688F
:1038B0005968FBF78AFA0028F8D10BB0F0BDF02365
:1038C0002370049BAE009859F7F742FF0B0006A93E
:1038D0000200481DFFF7F0FE009B6A009B5A01356D
:1038E0005BBAA380019B9B5A5BBAE380029B985909
:1038F000F4F758FE039B40BA20819859F4F752FE22
:1039000040BA60812000FFF7A9FEBCE78C000020D0
:1039100070B50024044D2E78285DFBF7E7FC2300EA
:1039200001349E42F8DA70BD9567002070B50E4CE8
:103930000E4DE37928000233DBB22372E3792B705A
:10394000E179E679C9B2F9F79BF9F6B2A855E679BB
:10395000F9F79EF9F6B2AE197070217A2800C9B253
:10396000FBF7D0FC70BDC046BC050020BD67002041
:1039700010B50B4A0B4B5178597091789970D278E9
:10398000DA7053221A7101325A71073A9A714C3A1D
:10399000DA71054B0732DA71FFF7C8FF10BDC04678
:1039A00095670020BD670020BC0500200C22064B57
:1039B00010B506485A70FAF72AFD0822044BDA714E
:1039C000FFF7B4FF10BDC046BD670020BF670020F1
:1039D000BC0500200722064B10B506485A70FAF7BE
:1039E000F9F91222044BDA71FFF7A0FF10BDC046AF
:1039F000BD670020BF670020BC0500200822064BE1
:103A000010B506485A70FAF727FA1222044BDA71F9
:103A1000FFF78CFF10BDC046BD670020BF670020C8
:103A2000BC05002013226F210D4B10B55A702E32A9
:103A30009A700D32DA700C3A1A7111325A711232D0
:103A40009A710932DA715972053203311A72DA72D7
:103A50009972044B673ADA71FFF768FF10BDC046F0
:103A6000BD670020BC050020052310B5054C637020
:103A7000FAF7BFFD0322044BA070DA71FFF756FF7F
:103A800010BDC046BD670020BC0500202E2310B528
:103A9000054C6370FAF79EFE0322044BA070DA71A6
:103AA000FFF744FF10BDC046BD670020BC050020E5
:103AB0000B2310B5054C6370FAF7B3FD0322044BDA
:103AC000A070DA71FFF732FF10BDC046BD6700205D
:103AD000BC050020062310B5054C6370FAF799FD6C
:103AE0000322044BA070DA71FFF720FF10BDC0461F
:103AF000BD670020BC0500200A2310B5064C63708A
:103B0000FAF72AF90422030AA370044BE070DA7171
:103B1000FFF70CFF10BDC046BD670020BC050020AC
:103B2000092310B5054C6370FAF76BFD0322044BB3
:103B3000A070DA71FFF7FAFE10BDC046BD67002025
:103B4000BC0500201FB514230F4C0F2268460F49F7
:103B5000637003F096FD002202236946895C080029
:103B600020385E2801D8E154013301320F2AF4D104
:103B7000102B02DC023AE2540133054ADBB2D37166
:103B8000FFF7D4FE1FBDC046BD670020B88D0108F9
:103B9000BC050020152310B5054C6370FAF78DF9AC
:103BA0000322044BA070DA71FFF7C0FE10BDC046BF
:103BB000BD670020BC05002010B5024B9878FAF7CD
:103BC00075F910BD956700200D2310B5064C637084
:103BD000FAF737FDA070FAF73CFD0422034BE070C2
:103BE000DA71FFF7A3FE10BDBD670020BC05002001
:103BF0001B2310B5054C6370FAF71BFD0322044B21
:103C0000A070DA71FFF792FE10BDC046BD670020BC
:103C1000BC050020172310B5054C6370FAF708FEA9
:103C20000322044BA070DA71FFF780FE10BDC0467E
:103C3000BD670020BC0500200222054B10B55A705C
:103C400000229A70034B0332DA71FFF76FFE10BD4A
:103C5000BD670020BC050020122310B5094C63701D
:103C6000FAF7BFFC084BA070012805D11874032295
:103C7000DA71FFF75BFE10BD0228F8D100221A743A
:103C8000F5E7C046BD670020BC0500201D2310B528
:103C9000094C6370FAF71DF9084BA070012805D193
:103CA00058740322DA71FFF741FE10BD0228F8D1E3
:103CB00000225A74F5E7C046BD670020BC0500200D
:103CC00070B518220125054B054C9D705A700323D1
:103CD000E371FFF72BFE257170BDC046BD67002064
:103CE000BC050020014B18607047C04600680020EA
:103CF000002370B5CA0F521852100139934200DBED
:103D000070BDCC1A065DC55CC65401330555DBB2E7
:103D1000F4E710B50B0A017043700B0C090EC1706B
:103D200083700421FFF7E4FF10BD00003E23F0B5CF
:103D30008E4F85B0FB71FB798D4C23701623637019
:103D40008C4B1D682B782E00A3702B0038331B780A
:103D50006A781B019B18E3702B0080331A685B683C
:103D600000920193009801990022834BF4F764FBC1
:103D70003936002803D13378022B00D8D4E042230F
:103D80002371853363713833A371823BE3712869F2
:103D90006969F7F725FD794B011C1800FFF7B9FF9A
:103DA000286A696A764B1B780093002B00D1C5E026
:103DB00042232373853363733833A373823BE373E6
:103DC000009B286B696B002B00D1BFE0422323745A
:103DD000853363743833A374823BE374337803AE62
:103DE00023752B003A331B7863752B003B331B780C
:103DF000A3752B00883318685968F4F7EBFB80B281
:103E0000030AE37520762A6C6B6C3000FFF7CAFC5E
:103E10002800338848305BBA72780380594B317878
:103E20001888A276617680B2F7F76EFC02000B006C
:103E30003000FFF7B7FC2800338858305BBA72783F
:103E40000380514B3178300022771A685B68E17645
:103E5000FFF7A8FC2800338868305BBA72783178A5
:103E600003804A4B6177A2771868596828666966AB
:103E7000F4F7B0FB2A0080B2030AE377631CD8771B
:103E8000434B70321B889BB21380190AA21CD17756
:103E9000E21CD3772B002A0072331B887432190A74
:103EA0001380221DD177621DD3773A4B1868F4F73F
:103EB00079FB2B0080B278331880020AA31DDA77D1
:103EC000E31DD8772B002A007A331B887C321380BD
:103ED0002200190A0832D1772200283213702B00F1
:103EE00022007E331B7829321370009BA86AE96A8E
:103EF000002B33D0230042222A331A70230085324C
:103F00002B331A70230038322C331A707D232D3452
:103F100023707F35FA79204B2978D154FFF706FDBD
:103F200000233B7105B0F0BD00980199F7F758FCEC
:103F30001A4B011C1800FFF7ECFE28E7F7F750FCBE
:103F4000174B011C1800FFF7E4FE39E7F7F748FCB0
:103F5000144B011C1800FFF7DCFE3FE7F7F740FCAD
:103F6000114B011C1800FFF7D4FED2E7BC0500205E
:103F7000BD6700200068002000002E40C5670020BB
:103F8000646700207C6700203002002018020020B7
:103F90007E67002070670020BC670020C16700209A
:103FA000C9670020CD670020E7670020014B187922
:103FB000C0B27047BC05002010B5054B98780128A9
:103FC00002D1F9F75DFE01E00228FAD010BDC0462B
:103FD0009567002010B5044B9878431E072B01D835
:103FE000F9F754FE10BDC0469567002010B5054B8B
:103FF0009878092803D80020F9F74EFE01E0F02850
:10400000FAD910BD9567002010B5034BD978987880
:10401000F9F794FE10BDC0469567002010B5024820
:10402000FAF7DFF910BDC0469767002010B5054BC1
:104030009878012802D1F9F741FE01E00228FAD070
:1040400010BDC0469567002010B5044BDC78987809
:10405000F9F73AFE2000F9F73DFE10BD9567002004
:1040600010B5024B9878FAF74BF910BD9567002010
:1040700010B5024B9878FAF74BF910BD9567002000
:1040800010B5024B9878FAF74AF910BD95670020F1
:1040900010B5024B9878FAF749F910BD95670020E2
:1040A00010B5024B9878FAF748F910BD95670020D3
:1040B00010B50248F9F75DFE10BDC04697670020B5
:1040C00010B50248F9F768FE10BDC046976700209A
:1040D00010B50248F9F7A2FE10BDC0469767002050
:1040E00010B5F9F7F6FE044B012801D1587410BD44
:1040F00000225A74FBE7C046BC05002010B5064BF1
:104100009878012802D1F9F7CBFE01E00228FAD015
:10411000FFF7E6FF10BDC0469567002010B5084BBD
:104120009C782000FAF7DEF8012C03D10B22054B16
:104130001A7010BD022CFCD10D22024BF8E7C046CC
:10414000956700204102002010B5024B9878FAF7DD
:10415000D0F810BD956700201E2310B5054C637084
:10416000FAF71CFB0322044BA070DA71FFF7DEFBA9
:1041700010BDC046BD670020BC0500202F2310B530
:10418000054C6370FAF782FA0322044BA070DA71CF
:10419000FFF7CCFB10BDC046BD670020BC0500206A
:1041A000094B10B518695969F7F71AFB074B011C41
:1041B0001800FFF7AEFD1022054B5A70054B0A3A66
:1041C000DA71FFF7B3FB10BDD8090020BF670020EC
:1041D000BD670020BC050020262010B5FF30FAF78F
:1041E0005FFC0400FEF778FA022C07D1FEF784FB8F
:1041F000044B18615961F7F7F3FA10BDFEF7C0FAE6
:10420000F6E7C046D8090020112310B5064C6370AC
:10421000FFF776F90322054BA070DA71FFF786FBF2
:104220000122034B1A7010BDBD670020BC050020A1
:104230009067002030B585B06846FAF78DF9002305
:1042400001211A0015486C46E55CC45CA54200D00B
:104250000A0001330E2BF6D100239A4202D0FAF75E
:1042600088F9FF230E4C3322A370D020FF23627005
:1042700000211A004000FAF790F9FF23E070A22015
:104280001A000021FF30FAF788F90522054B20714A
:10429000DA71FFF74BFB05B030BDC046B88D0108A1
:1042A000BD670020BC050020342310B5054C6370A9
:1042B000FAF7F4F90322044BA070DA71FFF736FB2A
:1042C00010BDC046BD670020BC050020362310B5D8
:1042D000054C6370FAF7ECF90322044BA070DA7115
:1042E000FFF724FB10BDC046BD670020BC050020C1
:1042F000372310B5054C6370FAF7E3F90322044B3A
:10430000A070DA71FFF712FB10BDC046BD67002038
:10431000BC050020382310B5054C6370FAF7DAF9B4
:104320000322044BA070DA71FFF700FB10BDC046FA
:10433000BD670020BC050020392310B5054C637013
:10434000FAF7D1F90322044BA070DA71FFF7EEFA05
:1043500010BDC046BD670020BC050020F8B5AE4DBD
:10436000AE4C2B78280063716B78637263790233EB
:10437000DBB2A37163796179EE5CC9B2F8F780FCB6
:10438000864206D16379EB185E78F8F781FC8642A5
:1043900002D0FFF751F9F8BD6379052B13D1637A89
:1043A000412B10D16B78412B0DD1AB784E2B0AD11C
:1043B000EB78422B07D12B790D2B04D10122984B9E
:1043C0001A70FFF7D5FA627AD3B2012A00D08CE0D6
:1043D000AA78A272A17ACAB2012914D1914B1A709B
:1043E000914B1A70914B1A70A37A052B2AD1904ADF
:1043F000043B13708F4A13708F4A13708B4A1370EB
:10440000FFF786FAC5E7A27A032A03D1854A13701B
:104410008A4A05E0A27A022A05D1824A1370854AA7
:104420001370854A05E0A27A042A06D1804A1370E7
:104430007D4A13707D4A1370D6E7A27A062AD3D13B
:104440007B4AE4E7A37A812B05D1764B01221A70CF
:10445000754B1A70D4E7A37A832B06D1714A823B3D
:104460001370764A1370744AC9E7A37A822B04D179
:104470006C4A813B13706F4AF4E7A37A842B01D115
:104480006B4BE3E7A37A862B02D1694A853BE7E7CA
:10449000A37A852B02D1664A843BEBE7A37A072BEC
:1044A00002D0A37A082B0ED10124654B1C70FAF7B9
:1044B00011F95F4BA04200D05A4B1C705A4B1C7034
:1044C0005A4B1C709CE7A37A872B02D0A37A882BC7
:1044D00096D101245A4B1C70FAF7FCF8544BA042B9
:1044E00000D0504B1C70504BEBE7637A022B03D18A
:1044F000544B00221A704CE7637A2E2B08D1A37A12
:10450000002B02D0A878FAF717F8FFF7BFFA40E7B8
:10451000637A052B0AD1AB78A372A37A002B02D160
:10452000FFF7A2FA35E7FFF755FDF9E7637A062BA7
:104530000BD1AB78A372A37A002B03D0A07AC0B2C0
:10454000F9F7B0FBFFF7C6FA23E7637A072B12D11E
:10455000AB78A3726379032B06D1A37A002B00D02A
:1045600017E7FFF737FA14E76379122B00D910E742
:10457000FFF7A6FDF5E7637A082B12D1AB78A3729B
:104580006379032B06D1A37A002B00D001E7FFF754
:1045900035FAFEE66379122B00D9FAE6FFF798FDAB
:1045A000F5E7637A092B0AD1AB78A372A37A002BC3
:1045B00002D1FFF7B5FAECE6FFF718FDF9E7637AE9
:1045C0000A2B12D1AB78A3726379032B06D1A37A9D
:1045D000002B00D0DDE6FFF78FFADAE66379042BD3
:1045E00000D0D6E6FFF710FDF5E7637A0B2B2BD151
:1045F000AB78A372A37A002B0AD0A37AD8B2012B8E
:1046000002D1F9F755FB03E0A37AD8B2022BF8D018
:10461000FFF74EFABDE6C04695670020BC050020B6
:104620003D010020946700208D67002088670020EE
:10463000936700208B670020896700208A6700202D
:104640009267002040020020637A0C2B12D1AB78D5
:10465000A3726379032B06D1A37A002B00D098E6CE
:10466000FFF7A4F995E66379082B00D091E6FFF7F0
:10467000D5FCF5E7637A0D2B10D1AB78A372A37A42
:10468000002B04D0A37A012B04D1FFF7DDFCFFF748
:104690009BFA7EE6A37A022BF9D1F6E7637A0E2B1A
:1046A00003D1AB78A372A37A73E6637A0F2BF8D0A9
:1046B000637A102B0FD1AB78A372A37A002B00D0B2
:1046C00067E6FFF789FDF7F743F8BB4C20616161AE
:1046D000FFF766FD5DE6637A112B08D1AB78A37214
:1046E000A37A002B00D054E6FFF78EFD51E6637AE3
:1046F000122B10D1AB78A372A37A002B04D0A37A2B
:10470000012B04D1FFF758FCFFF7A6FA41E6A37A84
:10471000022BF9D1F6E7637A1D2B10D1AB78A37287
:10472000A37A002B04D0A37A012B04D1FFF7E6FC77
:10473000FFF7ACFA2DE6A37A022BF9D1F6E7637AFC
:10474000132B08D1AB78A372A37A002B00D020E6FC
:10475000FFF768F91DE6637A142B08D1AB78A372D2
:10476000A37A002B00D014E6FFF7ECF911E6637A88
:10477000152B0CD1AB78A372A37A002B04D0637AEB
:10478000002B01D0FFF718FAFFF704FA01E6637A6D
:10479000162B08D1AB78A372A37A002B00D0F8E5D2
:1047A000FFF7C4FAF5E5637A172B08D1AB78A3724B
:1047B000A37A002B00D0ECE5FFF72CFAE9E5637A49
:1047C0001B2B10D1AB78A372A37A002B04D0A37A51
:1047D000012B04D1FFF72AFCFFF70AFAD9E5A37AE7
:1047E000022BF9D1F6E7637A1C2B06D163790E2BE5
:1047F00000D0CEE5FFF75CFCCBE5637A1E2B10D131
:10480000AB78A372A37A002B04D0A37A012B04D136
:10481000FFF784FCFFF7A0FCBBE5A37A022BF9D1DC
:10482000F6E7637A2F2B10D1AB78A372A37A002B13
:1048300004D0A37A012B04D1FFF786FCFFF79EFC7E
:10484000A7E5A37A022BF9D1F6E7637A1F2B09D1EA
:104850005A4B9B78A372A37A002B00D199E5F7F706
:104860006BFACDE5637A242B07D1544B9B78A37266
:10487000A37A002B00D18CE5C2E5637A504C252B3E
:10488000F3D0637A282B1AD14C4B01229B78F42069
:10489000A37200231900F9F780FE431E9841494B8B
:1048A000C0B21870002301221900F520F9F775FE37
:1048B000431E9841444BC0B21870A37AA0E5637AB6
:1048C000312B02D1F9F77EFD9AE5637A322B01D1C3
:1048D0003E4B0EE6637A332B0FD1384B9A78A27297
:1048E000A27A002A06D0A27A012A03D11979D878AF
:1048F000F9F746FEFFF79EFC4BE5637A342B0AD1AD
:104900002E4B9B78A372A37A002B01D0FFF7A8FB54
:10491000FFF7CAFC3DE5637A352B3FD10125002422
:1049200000260027F7F740FA294B1D70F7F704FA25
:10493000F7F72EFA0020F9F71CFD224BF4201C702B
:104940001978C9B2FAF7CAF81F4BF5201C7019780C
:10495000C9B2FAF7C3F8FCF791FEFCF79BFEFCF72F
:10496000A5FEFCF7B9FEFCF7CFFE2000F9F7FAFC34
:10497000184B1C70FCF7BCFE174B1E605F60F9F70C
:1049800007FC164B1E605F60F9F774FC144BFA20AD
:104990001D701978C9B2FAF7A1F831E5637A362BA0
:1049A00020D1064B9B78A372A37A002B01D0FFF78E
:1049B0005FFBFFF78BFCECE4D80900209567002033
:1049C000BC050020C7650020C56500203C01002013
:1049D000AF650020F00A0020C8030020300200204C
:1049E000C4650020637A372B0AD1144B9B78A372DD
:1049F000A37A002B01D0FFF743FBFFF779FCC8E453
:104A0000637A382B0AD10D4B9B78A372A37A002BC3
:104A100001D0FFF73DFBFFF77DFCBAE4637A392B49
:104A200000D0B6E4054B9B78A372A37A002B01D08B
:104A3000FFF736FBFFF780FCABE4C046956700202C
:104A400010B5044B0A000100180002F01AFEFFF72F
:104A500085FC10BD956700200D488546FCF768FA77
:104A60000C480D490D4A002302E0D458C4500433C9
:104A7000C4188C42F9D30A4A0A4C002301E013609F
:104A80000432A242FBD302F0D5FDFAF7EFF9FEE7BC
:104A90000090002000000020A4020020208F0108C8
:104AA000A802002054690020FEE7000070B5104BFA
:104AB00005001978002901D1012070BDFA2080007D
:104AC000F3F734FB0B4C01002068F3F72FFB00F0E9
:104AD00083F8041EF0D1032DEED802000120290036
:104AE000404200F043F8044B20001D60E5E7C0465B
:104AF0004202002040010020440200208023084A96
:104B00005B00116810B50B4300201360FFF7CEFF68
:104B1000041E03D1FBF722FD200010BD0124FBE79A
:104B200000200240034A044B11681B785B18136095
:104B30007047C0460468002042020020014B1868FC
:104B40007047C0460468002070B50400FFF7F6FF08
:104B50000500631C02D0044B1B78E418FFF7EEFF3E
:104B6000401BA042FAD370BD4202002010B5FF24C2
:104B700003220B0021000240D20091409B01234000
:104B8000C943934000280ADBC0240B4A80088000F8
:104B90008018A40002590A401343035110BD0F228C
:104BA00010400838054A800880008018C26911400A
:104BB0001943C161F2E7C04600E100E000ED00E00A
:104BC000002805DB1F2318401E3B8340014A136069
:104BD0007047C04600E100E08022431E52040120DD
:104BE00093420DD2C021074A07485360036A090661
:104BF0001B021B0A0B430362002007239060136013
:104C00007047C04610E000E000ED00E0F0B5846CB5
:104C1000C56C6560046D002C02D0446D856D6560C7
:104C20001C24056C084E25401B3CAC4077683C4377
:104C30007460046863608368102B02D1A260E16035
:104C4000F0BDA160E260FBE70000024010B5040087
:104C5000036C094A9B089B189B004364006814215D
:104C6000C0B20838F3F762FA044BA3641F2318405C
:104C70001E3B8340E36410BD0082001080080240A8
:104C8000F8B504000120002C46D02568254B1421DE
:104C9000E818F3F74BFA02238000A61D2064F3778F
:104CA0002B68214AA76813402B60E36821693B43C6
:104CB0000B4361692A680B43A16920000B43E1693A
:104CC0000B43216A0B4313432B60FFF7BFFF802385
:104CD000DB019F4201D1002363603F236268616C66
:104CE00013400B60E06CA16C013A4860032A14D8B1
:104CF0000E4A0F4899180122013B9A40A265130001
:104D000000228900216560650A604360002001235C
:104D1000E0630534F377E077F8BD0023236563652E
:104D2000A365F3E7F8FFFDBF0F80FFFF3F82001090
:104D300040090240F7B5451D0193EE7F04000220B3
:104D4000012E33D00138E877A71DFE7FB4466346B5
:104D5000F6B200960026834230D10130F8772568FC
:104D6000E6632868009B98432860019B2000FFF7BA
:104D70004DFF236BB3421AD00E232A6813432B60D6
:104D8000636C1A68D20304D58022196852000A4362
:104D90001A60236D002B04D08022196852000A4348
:104DA0001A60012300202A6813432B60FEBD0422F1
:104DB0002B6893432B602A680A23DFE78023E36391
:104DC000EE77F3E7F0B5002808D0841DE37F411D9E
:104DD000022B05D00423C3630023CB770120F0BD51
:104DE0000E250268466C1368AB4313603368104DA0
:104DF0002B403360012316689E431660026C1B3300
:104E00001A401B3B93400B4E77683B437360C26C68
:104E1000836C5A60036D002B05D01A682A401A6013
:104E2000436D826D5A6001230020E377C877D6E78F
:104E3000FFFEFFFF00000240F8B5811DCB7F022B73
:104E400003D00423C3630120F8BD0E2402681C278D
:104E50001368456CA3431360012314689C431460DA
:104E60002A68104C22402A60026C0F4D3A40934051
:104E70006E6833436B60C26C836C5A60036D002BA9
:104E800005D01A6822401A60436D826D5A60012372
:104E90000022CB77431DDA77836B934200D098478B
:104EA0000020D1E7FFFEFFFF00000240F8B51C2400
:104EB0000427016C264A21403C008C401668036898
:104EC0001D6826420FD03D420DD01968890602D4D4
:104ED0001968B943196053681C43036B5460002B75
:104EE0001BD0984719E002273C008C40264215D081
:104EF0003D4213D01968890606D40A251968A943CA
:104F000019600121831DD97753681C435460002226
:104F1000431DDA77C36A9342E3D1F8BD0824270022
:104F20008F403E42F9D02542F7D00E251C68AC4395
:104F30001C6001231D008D402900546821435160ED
:104F4000821DC363D3770022431DDA77436BE2E708
:104F5000000002400023F0B585B00A681400DC4070
:104F600001D105B0F0BD012514009D402C400094F6
:104F70002A4200D191E04A685F00944603226446C9
:104F800022400324BC40E4430194541E012C2ED83B
:104F90008668019C2640CC68BC40344384604468E9
:104FA0000126AC4325006446240934409C402C4330
:104FB0004460C568019C25408C68BC402C43C4609B
:104FC000022A16D107250F261D40AD00AE40DC0891
:104FD000A40004190294246A03962600039CA643A5
:104FE00034000E69AE402643029C266201E0032A8B
:104FF000DFD1BA400468019D25402A43C0240260E5
:105000006246A402224248D0254A03259C08A400F7
:10501000A4180F221D40ED00AA40A027266EFF0510
:1050200096430022B8420CD01E4F0132B84208D03D
:105030001D4F0132B84204D01C4F0332B84200D198
:10504000023AAA40674632432266154C009A266807
:10505000009DD2433543FF0201D435001540674619
:1050600025606668009D3543BF0201D435001540B8
:10507000674665600E4C009DE66F3543BF0301D463
:10508000350015406746E5670A4C009EE56F2E43E4
:10509000FF0301D415402E00E66701335DE7C046EB
:1050A000001802400004005000080050000C00509E
:1050B000081802400418024000690840431E984145
:1050C000C0B27047002A01D0816170478162FCE75D
:1050D00070B504000120002C3FD0250041352B780D
:1050E000DAB2002B05D12300403320001A70FBF701
:1050F0004DFA242301212B702368E0681A68A66802
:105100008A431A601A4962680A401A619A68194902
:105110000A409A60012821D18022120232439A600B
:105120005868154A02435A60DA6800200A40DA607B
:10513000616922690A43A16909020A43DA60216AA6
:10514000E2690A431A60012219680A431A6020239F
:1051500060642B7020634234207070BD8422120280
:1051600032439A600228DBD1802212015A60D7E7CD
:10517000FFFFFFF0FF7FFFFF00800002F0B504009B
:105180004134227803000F000220D6B2202A18D121
:105190001D0040352A78012A13D0242222701B6872
:1051A000233A1968074891431960196801400020A3
:1051B000196019683943196019680A431A60267022
:1051C0002870F0BDFFEFFFFF0200F0B54132147808
:1051D0000300E5B20220202C17D11C0040342678B1
:1051E000012E12D0223010701B6823381E68074F22
:1051F00086431E601E6809023E40314319601968EB
:1052000008431860002015702070F0BDFFF0FFFF0C
:105210008023034A5B0011680B4313607047C0464C
:105220000070004010B5114C1149236802000B407A
:1052300003432360802300209B009A420ED10D4B34
:105240000D49186806235843F2F770FF8022431C6B
:10525000D200616908001040114200D110BD002B3E
:1052600001D0013BF5E70320F8E7C046007000409D
:10527000FFF9FFFF4001002040420F00F0B504009D
:1052800085B0002802D1012005B0F0BD0368DB071E
:1052900010D423689B075CD423681B0700D5C1E0AA
:1052A00023685B0700D5F2E0E369002B00D079E1C9
:1052B0000020E9E73822AF4DAB681340EA68102BB5
:1052C00009D1D3439B0708D12B689B03E1D56368C1
:1052D000002BDED1D7E7082BF6D08022636852027C
:1052E000934211D12A6813432B60FFF727FC8027D4
:1052F0000600BF022B683B42CBD1FFF71FFC801B8F
:105300006428F7D90320BFE7A021C9028B4208D146
:1053100080232968DB020B432B602B681A432A6029
:10532000E3E72A6894490A402A602A6893490A40B8
:105330002A60002BD9D1FFF701FC80270600BF02AD
:105340002B683B42A5D0FFF7F9FB801B6428F7D9F7
:10535000D8E73822874DAB681340EA68102B28D174
:1053600003210A40022A26D12A68520503D5E268A1
:10537000002A00D187E7696862698148120201400A
:105380000A436A60002B0CD12B687E4A7E49134089
:10539000226913432B602B687C4A9B045B0FDA4025
:1053A0000A607B4B1868FFF781FB002800D173E788
:1053B00069E7002BD8D0E368002B20D02B68714A16
:1053C000802713402269FF0013432B6080232A6843
:1053D0005B0013432B60FFF7B1FB06002B683B42D9
:1053E00007D06A68636966491B020A4013436B6011
:1053F00052E7FFF7A3FB801B0228EFD982E72B6857
:10540000644A802713402B60FFF798FB0600FF00DB
:105410002B683B4200D13FE7FFF790FB801B02283F
:10542000F6D96FE73822534DAB681340182B08D1DB
:105430002B6E9B0700D433E7A369002B00D02FE726
:1054400021E7A2690123002A10D02A6E0227134304
:105450002B66FFF773FB06002B6E3B4200D01FE765
:10546000FFF76CFB801B0228F6D94BE72A6E022758
:105470009A432A66FFF762FB06002B6E3B4200D17F
:105480000EE7FFF75BFB801B0228F6D93AE73822CC
:10549000384DAB681340202B08D1EB6D9B0700D42F
:1054A00002E7A368002B00D0FEE6ECE68022002194
:1054B000EB6B52050091134208D1EB6B1343EB6386
:1054C000EB6B13400393039B012300938027324E21
:1054D0007F0033683B4215D0A368012B22D1EA6DCF
:1054E0001343EB65FFF72AFB02270600EB6D3B42F7
:1054F00038D0009B012B00D0D6E6EB6B274A134037
:10550000EB63D1E633683B433360FFF717FB019051
:1055100033683B42E0D1FFF711FB019BC01A022820
:10552000F6D9EFE6EA6D052B05D1013B1343EB6598
:10553000EA6D0123D4E701218A43EA65EA6D03316C
:105540008A43EA65002BCDD1FFF7F8FA022706005F
:10555000EB6D3B42CDD0FFF7F1FA114B801B984227
:10556000F6D9CFE6FFF7EAFA0D4B801B9842BDD97A
:10557000C8E6C04600100240FFFFFEFFFFFFFBFF32
:10558000FF80FFFFFFC7FFFF400100200024F40061
:1055900044020020FFFEFFFF00700040FFFFFFEF0E
:1055A000881300003821434DAA680A40102A53D0BE
:1055B000414A022B3AD12B68802713402B60FFF71A
:1055C000BDFA0600BF042B683B4229D1616A236AF9
:1055D000EA680B43394980260A401343E26AB6045D
:1055E0001343226B1343626B1343A26A12021343E9
:1055F000EB6080232A685B0413432B608023EA68F6
:105600005B051343EB60FFF799FA04002B68334204
:1056100000D04DE6FFF792FA001B0228F6D971E69A
:10562000FFF78CFA801B0228CDD96BE62B68802609
:1056300013402B60FFF782FA0400B6042B68334254
:1056400004D1EB681E4A1340EB6031E6FFF776FAAF
:10565000001B0228F2D955E6012B00D113E60322E4
:10566000E868216A02408A4200D00CE67022616A32
:1056700002408A4200D006E6FE21A26AC90101402A
:105680001202914200D0FEE5F822E16A9203024044
:105690008A4200D0F7E5E022216B120502408A42DF
:1056A00000D0F0E5636B400F4007C01A431E9841DD
:1056B000C0B2E9E500100240FFFFFFFE8C80C1117F
:1056C000FCFFFEEE382370B51D4CA2681A4205D1CE
:1056D00023681C489B045B0FD84070BDA2681A4029
:1056E000082A27D0A2681A40102A17D1E368E16877
:1056F000DB43E5684906490F6F322D0A0131154039
:105700009B0709D11048F2F711FDE1686843490F82
:105710000131F2F70BFDE0E70A48F4E7A2681A400E
:10572000202A09D0A26800201340182BD5D1FA20D6
:10573000C001D2E70448D0E780200002CDE7C04690
:10574000001002400024F40000127A00F7B50400B3
:105750000D00002801D10120FEBD0727484E336807
:105760003B408B422AD3226893073BD4D20748D4CC
:10577000072733683B40AB420AD93368BB432B430E
:105780003360FFF7DBF9019033683B40AB4268D1EF
:1057900023683C4D5B076CD4FFF794FFAB683A4934
:1057A0001B051B0F9B005B581F210B40D840374A3D
:1057B000374B10601868FFF779F9CDE73368BB43C2
:1057C0000B433360FFF7BAF9019033683B40AB42BB
:1057D000C9D0FFF7B3F9019BC01A2E4B9842F4D9F8
:1057E0000320B9E72749530704D5E0238868DB0184
:1057F00003438B608B6828480340A06803438B6099
:10580000B4E760681F4F032829D8F2F77BFC200219
:105810001C243B689B039ED50722BB68934303432C
:10582000BB60FFF78BF901903823BA681A406368B0
:10583000DB009A429CD0FFF781F9019BC01A154BFF
:105840009842F1D9CCE73B689B01E5D483E73B68FC
:105850005B05E1D47FE73B6E9B07DDD47BE7FB6D07
:10586000FAE7FFF76BF9019BC01A0A4B98428BD9F4
:10587000B6E7AB68094A1340E2681343AB608BE7B5
:105880000020024000100240788D010840010020F5
:105890004402002088130000FFF0FFFFFF8FFFFF8E
:1058A000064B07499B68074A5B045B0F9B005B58EC
:1058B0001F2110680B40D8407047C04600100240BE
:1058C000588D010840010020F0B50368040085B040
:1058D00000209B0352D58022704D5205EB6B009047
:1058E000134208D1EB6B1343EB63EB6B1340039351
:1058F000039B012300938027694E7F0033683B435D
:105900003360FFF71BF9019033683B4228D0EA6D02
:10591000C02310009B00216B624E18401A4218D021
:10592000814216D08022EB6DE86D190052020243CD
:10593000EA65EA6D5C4831400240EA65E965DB07EB
:1059400007D5FFF7FBF807000222EB6D134200D1E9
:105950009CE0EB6D226B334013430020EB6506E0C7
:10596000FFF7ECF8019BC01A0228CDD90320009B59
:10597000012B03D1EB6B4D4A1340EB632368DA072D
:1059800006D5032545494A6DAA4365682A434A65F9
:105990009A0706D50C2541494A6DAA43A5682A43B2
:1059A0004A65DA0606D53D49414D4A6D2A40E5680B
:1059B0002A434A659A0506D538493E4D4A6D2A4024
:1059C000A5692A434A655A0506D534493A4D4A6DB8
:1059D0002A40E5692A434A659A0606D52F49374D7C
:1059E0004A6D2A4025692A434A655A040FD52B4936
:1059F000256A4A6D920092082A434A658022D205A0
:105A0000954204D18022CD6852022A43CA601A030B
:105A100006D5402521494A6DAA43656A2A434A654D
:105A20009A020FD51D49264E4A6DA56A32402A4377
:105A30004A658022D203954204D18022CD68520467
:105A40002A43CA605A020DD5144D1E4E696DE26A92
:105A5000314011436965802149048A4202D1E968D5
:105A60000A43EA601B050FD50C4A6169536D164C59
:105A700023400B4353658023DB01994204D18023EB
:105A8000D1685B020B43D36005B0F0BDFFF756F859
:105A90000E4BC01B984200D856E767E70010024043
:105AA00000700040FFFCFFFFFFFFFEFFFFFFFFEF66
:105AB000FFF3FFFFFFFFF3FFFFFFCFFFFFCFFFFF6E
:105AC000FFFFBFFFFFFFFFFEFF3FFFFF8813000048
:105AD000A0210268F8B5D36804008B43D360FFF7B8
:105AE0002DF8FA2705002026BF002368DB68334223
:105AF00001D00020F8BDFFF721F8401BB842F4D9CF
:105B00000320F7E7F7B5402603680500DA680024AC
:105B1000324211D18022D968FA270A43DA60FFF7AE
:105B20000DF8BF0000902B68DB681A00324001922C
:105B3000334201D1032C01D12000FEBDFEF7FEFF50
:105B4000009B019CC01AB842EDD92B0003242933D5
:105B50001C70E8E7802270B50F4C0500E3689343A2
:105B6000E360A369603A134207D1FFF7B1FF002851
:105B700002D003202935287070BDA3699343A36127
:105B8000FFF7A6FF002802D0032029352870202324
:105B9000A2691343A361EFE70028004070B5040039
:105BA0000120002C17D0250029352B78DAB2002BE4
:105BB00008D1230028331A7088231B022000636059
:105BC000FAF726FD02232B702368DA68D20603D584
:105BD000012300202B7070BDCA225A62773A200040
:105BE0005A62FFF78FFF002825D1236815499A696B
:105BF00060690A409A61A26899690243E0690243B8
:105C00000A439A61226920001A61E2681969120444
:105C10000A431A61FFF79EFF00280CD12268266A0A
:105C20009369DB00DB089361636A91693343A6697A
:105C300033430B439361FF2223685A620028C7D085
:105C4000C9E7C046BFFF8FFBF8B504000120002C58
:105C500067D0636A002B65D182226168520091424D
:105C600000D0E36100232500A3625D352B78DAB212
:105C7000002B05D123005C3320001A70FAF7F6FCE4
:105C8000022340222B702168E6680B689343E022D0
:105C90000B60D2000023964248D9F022180012016E
:105CA000964200D0A3628222842763685200134088
:105CB000A2683F023A40022713432269A5693A408D
:105CC00013430122676917403B438027BF002F40E1
:105CD0003B43E769373217403B43276A4832174056
:105CE00080223B43A76A920117403B4310270822BA
:105CF0000B60636A2D0C3B40676B17403B43F027FA
:105D00003F013E403343042635402B4303434B6061
:105D1000CB69084803400020CB61012320665D3435
:105D20002370F8BD0023236163619BE7802040015D
:105D3000B6E7C046FFF7FFFFC022042313B504688F
:105D4000D200A16808001040114200D116BDE168E0
:105D5000013B0191DBB20199002BF2D10320F5E761
:105D600001000300012010B53D310C78E2B28442FD
:105D70001FD1001808701B68D9681143D9600E49FB
:105D80008B4209D08021C9058B4205D00B498B423B
:105D900002D00B498B420DD19A680A490A40062A63
:105DA00006D007398A4203D0012219680A431A60D3
:105DB000002010BD1968F9E7002C014000040040E4
:105DC00000400140070001000121036810B5DA68B6
:105DD0008A43DA601C6A074A144206D11C6A064AE2
:105DE000144202D11A688A431A6001233D300370BD
:105DF000002010BD111100004404000070477047DE
:105E0000704770470222036810B5196904001142F7
:105E10000ED0D96811420BD0053A1A6104320277CC
:105E20009B699B0700D186E0FFF7E9FF00232377FA
:105E3000042223681969114211D0D96811420ED089
:105E4000093A1A61073222779A69C0239B00200021
:105E50001A4200D175E0FFF7D2FF00232377082212
:105E60002368196911420ED0D96811420BD0113A3A
:105E70001A610D322277DB6920009B0767D0FFF79C
:105E8000BEFF00232377102223681969114210D026
:105E9000D96811420DD0213A1A6119322277DA6994
:105EA000C0239B0020001A4257D0FFF7A8FF002311
:105EB0002377012223681969114207D0D96811425A
:105EC00004D0033A20001A61F9F78AFB8022236884
:105ED0001969114208D0D968114205D0023AFF3A37
:105EE00020001A6100F0EFF823681A69D20507D57F
:105EF000DA68120604D51C4A20001A6100F0E4F8A2
:105F0000402223681969114207D0D968114204D090
:105F1000813A20001A61FFF774FF20222368196973
:105F2000114207D0D968114204D0413A20001A61C9
:105F300000F0C8F810BDFFF761FF2000FFF760FF19
:105F400074E7FFF75BFF2000FFF75AFF85E7FFF7D5
:105F500055FF2000FFF754FF93E7FFF74FFF2000A6
:105F6000FFF74EFFA3E7C046FFFEFFFF10B51C4C36
:105F70000368A04206D08022D205904202D0194A7E
:105F8000904208D1702293434A681343164A1A403C
:105F9000CB6813430BE0154A9042F7D0144A904265
:105FA000F4D0144A9042F1D0134A9042EED08022AD
:105FB00093434A69134303608B68C3620B6883622F
:105FC000A04208D00A4B984205D00A4B984202D012
:105FD000094B984201D10B6903630123436110BD52
:105FE000002C014000040040FFFCFFFF00200040A7
:105FF00000400140004401400048014070B50400E9
:106000000120002C23D025003D352B78DAB2002B5F
:1060100005D123003C3320001A70FAF779FB0223E4
:106020002B702068211DFFF7A1FF22000123002013
:106030004832137047340A3A137053709370D37018
:10604000137153719371D371137223702B7070BDE0
:10605000F0B5040002223C34257803001000012D25
:1060600026D01D003D352A701B68124E5A6898686C
:10607000B34203D1104F3A404F683A437027BA43B6
:106080000F683A435A60B34209D08022D205934246
:1060900005D00A4A934202D0094A934204D1802291
:1060A00090438A6810439860012300202B70207071
:1060B000F0BDC046002C0140FFFF0FFF0004004070
:1060C00000400140704770477047000030B5EFF363
:1060D0001084012282F31088C02501680B68AB434D
:1060E0000B6084F31088EFF3108182F3108802684C
:1060F000044C93682340936081F3108820238830F8
:10610000036030BDFFFF7FFF30B5EFF31084012245
:1061100082F310880168134D0B682B400B6084F3E9
:106120001088EFF3108182F3108802680E4C936898
:106130002340936081F31088C36E012B0AD1EFF3E3
:10614000108183F31088102402681368A34313603E
:1061500081F31088030020228C331A600023C36669
:10616000436730BDDFFEFFFFFEFFFFEF7047704764
:106170007047704770B5846A230088331A685D6879
:1061800023689B681B0608D5212A06D1230000221C
:10619000563320001A80FFF799FF23689B685B063F
:1061A00008D5222D06D1230000225E3320001A805C
:1061B000FFF7AAFF220010239032116820000B4342
:1061C0001360FFF7D6FF70BD806A0023020010B590
:1061D0005E321380083A1380FFF7CBFF10BD00003A
:1061E000F7B50168C14DCB6904000A6888682B4285
:1061F00010D120252B4200D19BE08026760515404A
:106200000640354300D194E0636F2000002B00D09E
:1062100085E085E0B64D05400095B64D009E1540E1
:10622000354300D185E0250001269035334205D065
:10623000D70503D50E622F683E432E6002263342F7
:106240000CD0C7070AD527000E6290373E68019729
:10625000B446042667463E43019F3E60042633420F
:106260000CD0C7070AD527000E6290373E68019709
:10627000B446022667463E43019F3E600826B44668
:10628000334209D02027009E1740374304D066468A
:106290000E622F683E432E6080263601334206D0C0
:1062A000570104D50E6220212E68314329602968E8
:1062B000002935D020210B420AD080235B051140F4
:1062C0000340194304D0636F002B01D0200098478E
:1062D00022682B684027966828223E401340200001
:1062E0001E4322D0FFF710FF23689B683B4218D063
:1062F000EFF31081012383F31088250004CD936808
:10630000BB43936081F31088E86F002809D07A4B73
:106310008363FEF791FD002802D0E86F836B9847F6
:10632000F7BD2000FFF725FFFAE7FFF722FF2E60F9
:10633000F6E7E56E012D00D09FE01026334200D134
:106340009BE0324200D198E00E62896840230A0047
:106350001A40194257D0211DCA6F1068426892B284
:10636000002ADDD027005C373F889742D8D9270024
:106370005E373A80026820208446104000906046D4
:10638000024232D1EFF3108785F3108820685B4E0C
:1063900002683240026087F31088EFF3108785F3BC
:1063A000108820688268AA43826087F31088EFF320
:1063B000108785F31088206882689A43826087F38B
:1063C0001088230062468C331A60009BE366EFF36B
:1063D000108085F3108822680F351368AB43136073
:1063E00080F31088C86FFEF7EDFC022322002367BC
:1063F00023005C325E331B881188C91A89B22000E1
:10640000F8F754FF8CE7230020005C335E301988D6
:10641000038800889BB2002800D181E7C91A89B29D
:10642000002900D17CE7EFF3108785F310882068FE
:10643000334E03683340036087F31088EFF310870F
:1064400085F3108820682F4E83683340836087F37C
:106450001088230020208C331860E2666267EFF317
:10646000108085F31088102522681368AB431360F1
:1064700080F3108802232367C1E780256D032B4238
:1064800006D0460204D520000D6200F0E7FB47E786
:1064900080210B4207D080252D0411402840014364
:1064A00001D0A36FB1E640210B4216D00A4214D0AE
:1064B000EFF31080012383F31088226813688B4365
:1064C000136080F310882300202288331A60002391
:1064D0002000A367FFF74AFE22E7190214D55100F6
:1064E00012D5200000F0BCFB1AE7C0460F080000E0
:1064F0000100001020010004C9610108FFFEFFFF38
:10650000DFFEFFFFFEFFFFEFDB0100D408E7002AFC
:1065100000DB05E7200000F0A2FB01E70123806A11
:1065200010B50367C36E012B06D103005C331988D5
:106530004908F8F7BBFE10BDFFF71AFEFBE70000A5
:1065400003001B6820221B6870B51900806A114087
:10655000134234D103005E331980EFF31085012319
:1065600083F3108804681D4E21683140216085F353
:106570001088EFF3108583F310880468A1689943AD
:10658000A16085F31088EFF3108483F31088402511
:1065900001688B68AB438B6084F3108803008C33F5
:1065A0001A60C36E012B0AD1EFF3108183F31088B8
:1065B000102402681368A343136081F3108800233A
:1065C0000367C36E012B05D103005C331988F8F70C
:1065D0006DFE70BDFFF7CBFDFBE7C046FFFEFFFF82
:1065E000F8B504002569A26823682A43656919681B
:1065F000C0692A43734D024329400A431A605A680E
:106600007149A5690A40E1680A4370495A608B42A2
:1066100001D0226A15439A686D4E32402A430F25F5
:106620009A60DA6AAA43656A2A43DA62694A93423F
:1066300025D1694B5A6D03231A4080231B02022A7D
:1066400000D1BBE0032A00D1B2E0012A00D1A8E0CA
:10665000984200D17DE0FFF723F9002845D0626A17
:106660005E4B5200D15AF1F761FD65686B08C018A6
:106670002900F1F75BFD0200594B103A64E0594ADA
:10668000934212D10C22544B5B6D1340082B00D166
:1066900092E005D8002B00D081E080231B02D7E7D1
:1066A0000C2B00D182E0012020E04F4A9342F4D02D
:1066B0004E4A9342F1D08B42F5D1C0228021464B05
:1066C00012015B6D090113408B4215D004D8002BD9
:1066D00007D1FFF7E5F806E09342E4D180263602C1
:1066E0000BE0FEF7EFFF061E07D10020404BA3662C
:1066F00000236367A367F8BD3E4E626A374B5200C2
:10670000D75A30003900F1F711FD032365686B4358
:106710008342C8D82B038342C5D300233A003000FC
:106720001900F1F7F1FE0027060E0B0233430202B7
:106730006E0892197B41100019002A003B00F1F706
:10674000E3FE2D4BC2182D4B9A42ACD82368D8607B
:10675000CBE7FFF7A5F80028C7D0626A1F4B5200AD
:10676000D15AF1F7E3FC656840006B08C0182900B6
:10677000F1F7DCFC02001A4B103A9A4200D992E77A
:106780000F23020000079A4393B2400F226803438D
:10679000D360AAE71748E0E7FEF794FF5DE78023A0
:1067A0001B029842F8D1FEF78DFFD4E780231B022D
:1067B0009842D2D0180052E780231B029842E9D0B9
:1067C0000C484CE7F369FFCFFFCFFFFF008000408C
:1067D000FFF4FF110038014000100240A68E0108AE
:1067E000EFFF00000044004000480040004C004023
:1067F000010001000024F40000FDFFFFFFFC0F007A
:10680000836A30B5DA0706D50168284C4A68224009
:10681000C46A22434A609A0706D50168244C4A6834
:106820002240046B22434A605A0706D50168214C76
:106830004A682240446B22434A601A0706D5016821
:106840001D4C4A682240846B22434A60DA0606D512
:1068500001681A4C8A682240C46B22438A609A06F7
:1068600006D50168164C8A682240046C22438A606F
:106870005A0610D50168134D4A68446C2A402243D9
:106880004A6080225203944205D14A680E4C22404D
:10689000846C22434A601B0606D502680B49536884
:1068A0000B40C16C0B43536030BDC046FFFFFDFF82
:1068B000FFFFFEFFFFFFFBFFFF7FFFFFFFEFFFFF7D
:1068C000FFDFFFFFFFFFEFFFFFFF9FFFFFFFF7FF70
:1068D000F8B504000D0017001E002268D3692B4094
:1068E0005B1B59424B41BB4201D0002029E0069B73
:1068F0000133F3D0FEF722F9069B801B984201D8A2
:10690000002B1FD1EFF31080012282F31088216841
:10691000204D0B682B400B6080F31088EFF3108044
:1069200082F3108821688B6893438B6080F3108812
:1069300023001F3288331A605A60002303208434F6
:106940002370F8BD23681A685207C6D58022D9691A
:1069500012011142C1D01A62EFF31080012282F3BA
:10696000108821680B4D0B682B400B6080F310885A
:10697000EFF3108082F3108821688B6893438B605B
:1069800080F31088220020238832136053609360C4
:10699000D3E7C0465FFEFFFFF0B51700020087B0E7
:1069A00088320593136804000D000220202B45D186
:1069B0000138002942D0002F40D08023A1685B011C
:1069C000994204D12369002B01D1054236D123001D
:1069D000002690331E6021231360FEF7AFF82300DA
:1069E00054331F80023303931F808023A2680490D6
:1069F0005B019A4204D12369B34201D12E001D00EC
:106A0000230056331B889AB2002B0CD1059B4021E2
:106A100000932000049BFFF75BFF00280DD120238B
:106A2000883423600AE0059B002200938021200027
:106A3000049BFFF74DFF002802D0032007B0F0BDF4
:106A40002268002D0BD133880236DB05DB0D936203
:106A5000039B039A1B88013B9BB21380D0E72B78E2
:106A600001359362F4E70000030073B500260400CB
:106A700090331E60FEF762F8236805001B681B0751
:106A800019D423681B685B070AD58021104B0022AC
:106A9000009320002B00C903FFF71AFF002815D12F
:106AA000220000202023883213605360E0662067B4
:106AB000843420700BE08021054B32000093890361
:106AC00003002000FFF704FF0028DAD0032076BD82
:106AD000FFFFFF01F8B513000200060005005C325D
:106AE00081650F0013802221002290368C353260A0
:106AF0002960011D0400C86F904213D01D498263B4
:106B0000C1621D493A0001631C4941632168243177
:106B1000FEF710F9002805D0102301203360DB18A0
:106B20002B60F8BD2369002B0BD0EFF310810123FC
:106B300083F310882268FF3310680343136081F3E6
:106B40001088EFF31080012383F3108821688A688E
:106B50001A438A6080F31088EFF3108183F3108862
:106B600022683F3390680343936081F310880020CC
:106B7000D7E7C046416501081D6501087561010838
:106B8000F7B50700436E04006A37002B04D10120DB
:106B9000388068342080F7BD03680B4E9A689B6884
:106BA0000A4D5B0FF05CE95CC0000192F1F748FB15
:106BB000019B38801B015B0FF05CE95CC000F1F7C2
:106BC0003FFB80B2E5E7C046C68E0108BE8E0108D5
:106BD000F7B504000E001D000192002801D101202C
:106BE000FEBD070088373B68002B04D102008432C9
:106BF0001370F9F701FE2423012122683B6013681A
:106C000020008B431360FFF7EBFC0128E7D0A36A59
:106C1000002B02D02000FFF7F3FD80222368D20171
:106C200099682D040A439A609A680A4920000A402C
:106C300032439A60019A51050D431A6806490A4089
:106C4000154301221D6019680A431A60FFF70CFF03
:106C5000C6E7C046FF7FFFFFFFFF00FC704770479D
:106C60007047000070B504008434227803000220CD
:106C7000012A11D01D002422012688352A601A68B5
:106C800011681068B0431060044801400020586645
:106C9000202311602B60207070BDC046FFFFFFDF16
:106CA000F8B5050084350B0029780222012915D09A
:106CB0000600012104688836223232602768226883
:106CC0008A432260A168C900C9081943A160FFF77F
:106CD00057FF20230022276033602A701000F8BD80
:106CE000F8B5050084350A0029780223012915D05A
:106CF0000600012104688836223333602768236840
:106D00008B432360A168064B19401143A160FFF734
:106D100037FF20232760336000232B701800F8BD55
:106D2000FFFFFFF103008C331B6870B504000220E5
:106D3000202B02D1002901D1012070BD002AFBD0F7
:106D40008020A56801234001854204D120690028E4
:106D500001D11942F0D1E366002320002367FFF739
:106D6000B9FE0028E9D1E26E012AE5D1102321689D
:106D70000B62EFF3108182F31088226814682343BA
:106D8000136081F31088D8E710B5034B0100186831
:106D900000F030F810BDC0465402002010B5034B7F
:106DA0000100186800F0EEFC10BDC046540200203F
:106DB00070B50F4E0D0031680400002902D100F0BB
:106DC0000DFC30602900200000F008FC431C03D1BA
:106DD00001256D42280070BD0323C51C9D43A842B8
:106DE000F8D0291A200000F0F9FB0130F2D1EFE7CA
:106DF00008680020F7B50322CB1C93430833050035
:106E00001F000C2B34D20C27B94233D8280000F0D5
:106E100071F8374E33681C00002C2FD13900280040
:106E2000FFF7C6FF0400431C5FD134680094009B49
:106E3000002B4AD1002C52D023682800E318009977
:106E4000019300F0CBFB019B834248D123682800CB
:106E5000FF1A3900FFF7ACFF013040D02368DB197F
:106E6000236033685A68002A33D1009B336019E0ED
:106E7000002BC9DA0C232B600020FEBD2168C91B42
:106E800020D40B290AD9E2192760A34204D1326029
:106E900063681160536005E05A60F9E76268A342D5
:106EA0000ED13260280000F02DF8200007220B30B0
:106EB000231D9043C21A9842DFD01B1AA350DCE76F
:106EC0005A60EFE723006468A6E7009C63680093BC
:106ED000ADE71A005B68A342FBD10023DAE70C237D
:106EE00028002B6000F00EF8C6E70760DAE7C0461E
:106EF0000C68002010B5024800F0C1FB10BDC04670
:106F00005069002010B5024800F0BAFB10BDC04621
:106F100050690020114B70B51D6804002B6B002BCD
:106F200016D11820FFF730FF021E286304D1462136
:106F30000B4B0C4800F008FC0B4B002103600B4B83
:106F400043600B4B83600B238381012010615161EF
:106F500000222B6B1C615A6170BDC0465402002098
:106F6000C78D0108DE8D01080E33CDAB34126DE6FE
:106F7000ECDE0500164B10B51C68236B002B16D1F8
:106F80001820FFF701FF021E206304D15221114B8C
:106F9000114800F0D9FB114B00210360104B4360F6
:106FA000104B83600B238381012010615161246B9E
:106FB0000D4A206961690D4BF1F7C6FA01220023E1
:106FC00080185941206161614800400810BDC046E9
:106FD00054020020C78D0108DE8D01080E33CDABB1
:106FE00034126DE6ECDE05002D7F954C2DF45158E2
:106FF00030B50024022B09D0920803590D59013AEB
:1070000005510B510434002AF7DC30BD035D0D5DE2
:1070100005550B550134131B002BF7DCF5E7F8B5CC
:107020000F00160004001D009847310000280DDAFB
:107030003800A847002802DA3C002000F8BD3100E3
:107040002000A8470028F8DA3400F6E73800A847FF
:107050000028F1DC31002000A8470028F4DAECE732
:10706000F0B599B000900393009B170013430222E0
:10707000080001929B0704D13B1F1A00531E9A413E
:107080000192002304933C00009B4443DB190293CC
:10709000009B1B190693062828D8029B069A934248
:1070A0000CD3049B002B00D020E119B0F0BD3A00B6
:1070B00029002000019BFFF79BFF0FE0029C0EE0E0
:1070C000E51B21002800039B984700280ADD019B4F
:1070D000002BECD123682A6822602B602C00009BD7
:1070E000A342EDD3029BDB190293D6E746087E4309
:1070F000009BE41B9E191C19072821D02200059330
:10710000282817D9C5087D4359194A19039B0098A7
:10711000FFF785FF31007219039B0590701BFFF785
:107120007EFF06006800201A2200039B4119FFF72A
:1071300076FF02003100039B0598FFF770FF060001
:10714000019B002B23D1009B32681B6800990A60C9
:10715000336000232600029D07930595A54233D88E
:1071600028000099039B984700282BDC0DD1019B38
:10717000002B13D1059B2A681B6805990A602B60B8
:10718000059BDB19059301230793ED19E6E73A0008
:107190003100019B0098FFF72BFFDAE73A00290046
:1071A000019B0598FFF724FFEAE7002809D1019B1E
:1071B000002B13D123683268226033600123F61B51
:1071C0000793E41BAC4210D2079B002B40D1029BDB
:1071D000069A934200D364E7029C32E03A00310001
:1071E0002000019BFFF704FFE8E720000099039BC4
:1071F00098470028D9DA019B002B05D12B6822681B
:107200002A602360E41BBEE73A0021002800019BAE
:10721000FFF7EEFEF6E73A0029002000019BFFF79A
:10722000E7FE0DE0E51B21002800039B984700289E
:107230000ADD019B002BEED123682A6822602B60B7
:107240002C00009BA342EDD3029BDB190293BEE707
:10725000059B009AEB1A0293059B9A1A029B9A428D
:1072600000DD1A00002A04D0019B0098A91AFFF73C
:10727000BFFE069B341B9A1BD21BA24200D92200E0
:10728000002A05D0069B2800991A019BFFF7B0FE43
:10729000069B029E1D1BB44205D8230034001E002D
:1072A0002B00009D0093BE422BD9049B072B11D8C5
:1072B00008AADB009D5039009B1820001D00F0F744
:1072C00035FF049B68600133390030000493F0F708
:1072D0002DFFD8E639003000F0F728FF3A00010012
:1072E000039B0098FFF7BCFEBC420DD8049B08AA84
:1072F000013B0493DB009A58009208AA9B18586837
:10730000C1E6BC4200D8CCE639002000F0F70EFF01
:107310000095B8E6002310B5040003604360836065
:1073200081814366C2810361436183611900082240
:107330005C3000F011F90B4B246263620A4BA362CC
:107340000A4BE3620A4B23630A4B9C4205D00A4B6B
:107350009C4202D0094B9C4203D12000583000F0DF
:107360008DF910BD9D740108C5740108FD740108F4
:10737000297501081068002078680020E068002066
:1073800010B5034A0349044800F06CF810BDC0462C
:1073900048020020257901085802002041680B4B63
:1073A00010B50400994201D000F0BCFAA168084B66
:1073B000994202D0200000F0B5FAE168054B9942ED
:1073C00002D0200000F0AEFA10BDC04610680020C8
:1073D00078680020E068002010B5094B094A0421B4
:1073E0001A6009480022FFF795FF0122092107488A
:1073F000FFF790FF022212210548FFF78BFF10BD17
:107400004869002081730108106800207868002016
:10741000E068002010B5024800F031F910BDC04608
:107420005169002010B5024800F02AF910BDC0468D
:107430005169002010B50400FFF7ECFF236A002B10
:1074400002D0FFF7EFFF10BD044B2362044B1B6813
:10745000002BF6D1FFF7C0FFF3E7C0469D7301088C
:1074600048690020F7B51400002600900191A56836
:107470006768013F04D52468002CF8D13000FEBDB8
:10748000AB89012B08D90E22AB5E013304D0290051
:107490000098019B984706436835EAE770B50C00F1
:1074A0000E25495F00F086F8002803DB636D1B188A
:1074B000636570BDA389024A1340A381F9E7C04602
:1074C000FFEFFFFFF8B51F008B8905000C001600C9
:1074D000DB0505D50E23C95E0022022300F056F815
:1074E000A389054A28001340A38132000E23E15EE0
:1074F0003B0000F085F8F8BDFFEFFFFF70B50C0012
:107500000E25495F00F042F8A389421C03D1054AC9
:107510001340A38170BD802252011343A381606593
:10752000F8E7C046FFEFFFFF10B50E23C95E00F07D
:107530001BF810BD10B5884202D98B18984208D3A9
:1075400000239A4207D0CC5CC4540133F9E78B5C2A
:107550008354013AFBD210BD03008218934200D13C
:10756000704719700133F9E7002370B5064D040028
:1075700008002B60F9F7B0FC431C03D12B68002BEB
:1075800000D0236070BDC0464C69002070B5040077
:10759000080011001A000023054D2B60F9F7A6FC26
:1075A000431C03D12B68002B00D0236070BDC04664
:1075B0004C69002070B50400080011001A00002377
:1075C000054D2B60F9F76EFC431C03D12B68002B93
:1075D00000D0236070BDC0464C690020002370B508
:1075E000064D040008002B60F9F782FC431C03D110
:1075F0002B68002B00D0236070BDC0464C69002072
:1076000070B50400080011001A000023054D2B601E
:10761000F9F755FC431C03D12B68002B00D02360E5
:1076200070BDC0464C690020014B18687047C046C9
:107630005402002070B500260C4C0D4D641BA410A4
:10764000A64209D1002601F0F3FA0A4C0A4D641B48
:10765000A410A64205D170BDB300EB58984701367F
:10766000EEE7B300EB5898470136F2E7188F0108B0
:10767000188F01081C8F0108188F01087047704788
:107680007047002310B59A4200D110BDCC5CC454A1
:107690000133F8E7F8B50D0017006B00274A5B0DC2
:1076A0009A180E0004000100132A21DC002A07DAD0
:1076B0000022EE0FF3073A607B6029002000F8BD3E
:1076C0001F48104103002B40234305D1F60F3C60B7
:1076D0007D601C00F507F0E78643002233002000A0
:1076E00029003A607B60F3F779FB04000D00E4E7C2
:1076F000332A15DD29003C607D6000F04FF9002839
:107700000AD122002B0020002900F2F781F80400A2
:107710000D003C607D60D0E7EE0F0024F507CCE75C
:107720000120084A40429B18D840030023402042D1
:10773000CCD081432B000A00D1E7C04601FCFFFFFB
:10774000FFFF0F00EDFBFFFF7FB514001A00094B90
:1077500005001B680E00D868074B002C01D1074BB1
:107760001C000749019302942B00009600F006F9D3
:1077700000F044F954020020368E0108718E010891
:10778000438E010870B505000C1E10D0043C236820
:10779000002B00DAE4182800FFF7ACFB1D4A136841
:1077A000002B05D1636014602800FFF7ABFB70BDB0
:1077B000A34208D9206821188B42F3D119685B686D
:1077C00009182160EEE71A005B68002B01D0A34284
:1077D000F9D911685018A0420BD120680918501827
:1077E00011608342E0D118685B68411811605360F2
:1077F000DAE7A04202D90C232B60D5E720682118D4
:107800008B4203D119685B6809182160636054607A
:10781000CAE7C0460C680020F7B50C228B5E050055
:107820000C001A0756D44A68002A02DC0A6C002AA7
:107830004EDDE76A002F4BD0002280202E682A60A0
:107840001A004001216A0240034233D0626DA389CD
:107850005B0706D56368D21A636B002B01D0236CDB
:10786000D21A00232800E76A216AB847A289431C7C
:1078700006D129681D2946D8294BCB40DB0742D5C4
:107880000023636023692360D20405D5431C02D121
:107890002B68002B00D16065616B2E60002917D02A
:1078A00023004433994202D02800FFF76BFF0023E6
:1078B00063630DE001232800B8470200431CC6D1D2
:1078C0002B68002BC3D01D2B01D0162B1AD12E6094
:1078D00000201EE00E69002EFAD00F680E60BA1B61
:1078E000019200229B0700D14A69A260019B002BF4
:1078F000EEDDA36A32001F002800019B216AB84711
:10790000002807DCA2894023012013431BB2A38176
:107910004042FEBD019B36181B1A0193E6E7C046A4
:10792000010040200B6970B505000C00002B02D14E
:107930000025280070BD002804D0036A002B01D167
:10794000FFF778FD0C22A35E002BF1D0626ED20708
:1079500004D49B0502D4A06DFFF791FE28002100FE
:10796000FFF75AFF636E0500DB07E2D4A3899B058E
:10797000DFD4A06DFFF784FEDBE700000EB417B57F
:10798000054C05AB04CB01002068019300F064F8BE
:107990001EBC08BC03B01847540200200B0070B591
:1079A0000400020001001C430220002C06D08020AD
:1079B0000006834203D14B1E9941881C70BD0C48C0
:1079C000590049080B4C0E180420A642F6D9802411
:1079D00001386403A342F1D380252D065D19A54229
:1079E000ECD3054C0020A142E8D150425041E5E7DC
:1079F0000000F0FFFFFFDF7F0000F07F062010B5E2
:107A000000F08CFB0120F9F747FA936810B5013BB1
:107A10009360002B04DA9469A34207DB0A2905D09E
:107A20001368581C10601970080010BD00F0ACFA03
:107A30000100F9E7F8B506000F001400D518AC42B4
:107A400001D1002007E021783A003000FFF7DDFF88
:107A50000134431CF3D1F8BDF0B5A1B00F001500FF
:107A60001E000390002804D0036A002B01D1FFF709
:107A7000E1FC7B6EDB0705D4BB899B0502D4B86DA6
:107A8000FFF7FDFDBB891B0702D53B69002B13D116
:107A90003900039800F0BAFA00280DD07B6EDB079E
:107AA00003D50120404221B0F0BDBB899B05F8D42D
:107AB000B86DFFF7E5FDF4E7002308AC6361203300
:107AC00063761033A37607962E003378002B01D00F
:107AD000252B48D1731B0593AE420BD02A003900E9
:107AE0000398FFF7A7FF013000D1AEE06369059A64
:107AF0009B1863613378002B00D1A6E0012200239C
:107B00005242626004A954325218751C2360E3602B
:107B1000A3601370A365594B0522180029780593BB
:107B200000F01CFB6E1C00281FD12268D30604D570
:107B3000532304A95B1820211970130704D553237C
:107B400004A95B182B2119702B782A2B16D02E0034
:107B500000210A20E3683278751C303A092A50D98E
:107B6000002911D117E00136AFE7059B2268C01A42
:107B700001238340134335002360CCE7079B191D85
:107B80001B680791002B01DB0B9304E05B42E36071
:107B900002231343236033782E2B0CD173782A2BC6
:107BA00034D1079B02361A1D1B680792002B01DA9D
:107BB00001235B420993324D03222800317800F003
:107BC000CDFA002806D04023401B834022680136AE
:107BD00013432360317806222A48751C217600F071
:107BE000BDFA002840D0284B002B22D10722079B4A
:107BF00007339343083307936369049A9B186361BF
:107C000062E743432E0001219B18A4E700230A20CA
:107C10001900013663603278751C303A092A03D99D
:107C2000002BC8D00991C6E741432E0001238918D3
:107C3000F1E707AA009221003A00144B039800E0F4
:107C400000BF0490049B0133D6D17B6EDB0705D4C3
:107C5000BB899B0502D4B86DFFF712FDBB895B069B
:107C600000D51EE70D981EE707AA009221003A00F2
:107C7000064B039800F07CF8E3E7C046728E0108DB
:107C8000788E01087C8E010800000000357A01081A
:107C9000F7B5160001938A680B690C0000909342B7
:107CA00000DA13002200336043321278002A01D038
:107CB0000133336023689B0602D533680233336097
:107CC0002268062315001D401A4227D023004333A3
:107CD0001B785A1E93412268920630D422000199E3
:107CE0000098089D4332A847013025D0062223681A
:107CF00000251340042B05D13368E568ED1AEB43EA
:107D0000DB171D40A3682269934201DD9B1AED1821
:107D10000026B54220D1002010E00135E36832682A
:107D20009B1AAB42D2DD2200012301990098089FE3
:107D30001932B8470130F0D101204042FEBD302059
:107D4000E1184331087021005A1C45310978A21806
:107D5000433202331170C1E72200012301990098D8
:107D6000089F1A32B8470130E6D00136D1E700004B
:107D7000F0B58BB006920A00433207930590039248
:107D80000A7E0C00109B782A09D8622A0BD8002A98
:107D900000D1BAE07A490491582A00D18EE025003A
:107DA00042352A7022E0100063381528F7D8F0F722
:107DB000B3F916001F00F6FFF6FFF6FFF6FF1F00EF
:107DC000F6FFF6FFF6FFF6FF9F0036007E00F6FF97
:107DD000F6FFB000F6FF3600F6FFF6FF8200250042
:107DE0001A684235111D196013682B7001239EE03B
:107DF00018680968021D0D060BD506681A60002E6A
:107E000003DA2D23039A764213705D4B0A270493FD
:107E100018E006681A604906F1D536B2EFE708683F
:107E2000196840C9050602D4400600D5B6B21960EB
:107E3000534B0A2704936F2A00D1023F23000022EC
:107E400043331A706368A360002B06DB04212268A9
:107E5000039D8A43226033430CD0039D30003900D8
:107E6000F0F7EAF9049B013D5B5C2B7033000600E0
:107E70009F42F3D9082F09D12368DB0706D5626832
:107E800023699A4202DC3023013D2B70039B5B1B6C
:107E90002361079B210000930598069B09AAFFF721
:107EA000F7FE013048D1012040420BB0F0BD202246
:107EB00009680A4322607822324904912100453141
:107EC0000A701968226840C9100602D4500600D50D
:107ED000B6B21960D30702D5202313432360002EC6
:107EE00001D01027AAE72022236893432360F8E7F4
:107EF0001A680D68101D4969186013682E0601D5AF
:107F0000196002E06D06FBD519800023039D2361F3
:107F1000BFE71A68111D1960156800212800626802
:107F200000F01CF9002801D0401B606063682361E9
:107F30000023039A1370ACE72A0023690699059879
:107F4000079DA8470130AED023689B0715D4099B35
:107F5000E0689842A9DA1800A7E7220001230699F1
:107F60000598079E1932B04701309CD00135E3686F
:107F7000099A9B1AAB42F0DCE9E70025F7E7C04617
:107F8000838E0108948E0108F8B506000D001400D8
:107F9000002804D0036A002B01D1FFF74BFAA36934
:107FA000A360A3891B0702D52369002B09D12100F7
:107FB000300000F02BF8002803D001256D42280086
:107FC000F8BD23692068EFB2C01A6369EDB283423D
:107FD00005DC21003000FFF7A5FC0028EDD1A368E7
:107FE0000130013BA36023685A1C22601F70636943
:107FF000834204D0A389DB07E1D50A2DDFD121001C
:108000003000FFF78FFC0028D9D0D6E72D4B70B594
:10801000050018680C00002804D0036A002B01D169
:10802000FFF708FA0C22A35E1A0723D4DA0607D456
:1080300009222A60402201201343A38140423AE0F2
:108040005B0713D5616B002908D0230044339942A4
:1080500002D02800FFF796FB002363632422A38944
:108060009343A38100236360236923600823A289CB
:108070001343A3812369002B0BD1A0218022A38964
:10808000890092000B40934203D02100280000F0A9
:108090009BF80C22A35E01211A000A400B420BD070
:1080A0000022A26062695242A261002022698242DB
:1080B00001D11A06BED470BD990700D46269A260CE
:1080C000F3E7C0465402002070B504000D001F29DC
:1080D00004D9162303600120404270BDC36B002BFE
:1080E00004D08A009B181A68002A08D1200000F0EA
:1080F00031F82A000100200000F01AF8EDE7012A0B
:1081000009D0511C03D1162303600120E5E70021AB
:108110002800196090470020DFE7000010B5034BEE
:1081200001001868FFF7D0FF10BDC04654020020C0
:10813000002370B5064D0400080011002B60F8F70D
:10814000A3FE431C03D12B68002B00D0236070BD1D
:108150004C69002010B5F8F795FE10BDC9B2821821
:10816000904201D10020704703788B42FBD0013050
:10817000F6E7000070B50E001D000E23C95E140066
:1081800096B000290CDAB2898023110019401A42F6
:1081900014D18023DB0000202960236016B070BD5D
:1081A0006A4600F053F80028EDDBF02301991B022A
:1081B0001940044BC9184B425941EAE700214023BA
:1081C000E9E7C04600E0FFFFF0B502268B89050015
:1081D0000C0085B0334207D023004733236023616E
:1081E0000123636105B0F0BD03AB02AAFFF7C2FF34
:1081F000029F019039002800FEF7FCFD002808D1FD
:108200000C22A35E9A05EDD4032293431E43A6815C
:10821000E2E78023A28920601343A381039B2061AE
:108220006761002B0CD028000E23E15E00F020F8DF
:10823000002805D00323A2899A43023B1343A3815C
:10824000A389019A1343A381CCE70000002370B5F2
:10825000064D0400080011002B60F8F740FE431C97
:1082600003D12B68002B00D0236070BD4C69002027
:10827000002370B5064D040008002B60F8F734FEAB
:10828000431C03D12B68002B00D0236070BDC04677
:108290004C690020F8B504000D0000F081F90600DB
:1082A0000F002000290000F089F800280DD02000E0
:1082B00029000F4A0F4BF0F7D9F8002808D0FFF734
:1082C000B3F9222300260C4F036030003900F8BDBB
:1082D00020002900094A0A4BF0F7B4F80028F4D02E
:1082E000FFF7A2F92223002600270360EDE7C0462E
:1082F000EF39FAFE422E86400000F07F51302DD536
:10830000104987C0F8B504000D0000F0B1FA220052
:1083100006000F002B0020002900F3F769F9002860
:1083200015D10022002320002900F0F79FF8002833
:108330000DD10022002320002900F0F77DF800284D
:1083400008D0FFF771F922230026074F03603000A1
:108350003900F8BDFFF768F921230360034800F0F6
:1083600035F806000F00F2E70000F0FF718E0108FB
:10837000F8B504000D0000F02FF8220006000F00F1
:108380002B0020002900F3F733F9002813D1002235
:10839000002320002900F0F755F800280BD0FFF744
:1083A00043F9212300220360002310001900F1F794
:1083B000F5FD06000F0030003900F8BD024B480003
:1083C0004008C018C00F704700001080002001490D
:1083D0007047C0460000F87FF0B50A000D006B49F9
:1083E00004000300080087B02840884211D1220011
:1083F0002B0020002900F2F70BFA02000B002000EE
:108400002900F1F705FA04000D002000290007B04B
:10841000F0BD002D11DC690049082143F5D0002092
:10842000854210D022002B0020002900F2F7D6FC54
:1084300002000B00F1F7B2FDE5E7281515D1802405
:108440000021640307E0DA0A15385B05002AFAD038
:10845000F5E7520001312242FBD04C1E001B2024C4
:108460001D00641AE5408B402A4349491203441811
:108470008021120B49031143C00703D4DA0F4900CE
:1084800051185B0000256210490080240592DA0F24
:108490005218162029005B00A4030E19964202DC34
:1084A0003119921B2D19DE0F5200013892195B0011
:1084B00064080028F1D120268027040004963F0696
:1084C0003E18B4468A4202DC14D19E4212D860465D
:1084D0006646C0190091002E03DAC643F60F8E19C6
:1084E0000096521A634589414942521A61465B1A05
:1084F0000099E419DE0F52009219049E5B00013EC0
:108500007F080496002EDBD11A431FD0214E224F44
:10851000306871683A687B680092019332687368CA
:1085200002920393009A019BF2F758FC02000B00A1
:1085300002980399EFF790FF002807D03068716820
:108540003A687B68671C0CD1049C0135134A6B1098
:108550009B18059AED076408120525432800D118D9
:1085600051E7F1F755F97768366802000B003000E3
:108570003900EFF767FF002804D0023463426341FB
:10858000ED18E3E7012301349C43DFE70000F07FAF
:1085900001FCFFFFD88E0108D08E01080000E03FEB
:1085A000F0B54B000F00CC0F9149060089B05B0875
:1085B0008B422ED98F498B4211D93B031B0B0343AE
:1085C00006D002003B0030003900F1F721F910E03D
:1085D000002C00D009E13000390009B0F0BD3900AD
:1085E000854A864BEFF742FF051E05D0002000F0BC
:1085F00017FB06000F00EEE730003900804A814B80
:10860000EFF720FF002800D17DE0280000F001FBFB
:10861000EFE77D4A934200D89EE07C4A934272D8AD
:108620007B4BE5005B191A685B683900F2F7D6FBF3
:10863000784B029003915B191A685B68049205936A
:10864000012363401B1B0193049A059B0298039925
:10865000F2F7C4FB06000F0032003B003000390087
:10866000F2F7D6F804000D006B4A6C4BF2F7D0F825
:108670006B4A6C4BF2F7B2FB22002B00F2F7C8F802
:10868000694A6A4BF1F7C4F822002B00F2F7C0F8F0
:10869000674A684BF2F7A2FB22002B00F2F7B8F80A
:1086A000654A664BF1F7B4F822002B00F2F7B0F8F8
:1086B00002000B0030003900F2F790FB0B000200C3
:1086C00004000D0030003900F2F7A2F8019B06907B
:1086D0000791002B56D18023002220002900DB05C2
:1086E000F2F77CFB02000B0006980799F1F756FCA5
:1086F00032003B00F2F772FB02000B0000205049F1
:10870000F2F76CFB75E74F4BE4001C194E4A4F4BD8
:1087100030003900F2F77CF822686368F1F778F8E6
:10872000F2F788FF0190F2F7C1FF494A494B040074
:108730000D00F2F76DF802000B0030003900F2F77F
:108740004DFB454A02900391444B20002900F2F76B
:108750005FF80490059177E7414A93420DD8414A6A
:10876000414B3900F1F754F80022354BEFF77EFE0C
:10877000002805D00022324B25E7002301936BE748
:10878000019069E780212B0022000020C905F2F743
:1087900025FB02000B0006980799F1F7FFFB02008A
:1087A0000B0004980599F2F719FB029A039BF2F764
:1087B00015FB02000B0000202149F2F70FFB2B4BA9
:1087C000019A0D009A4203DB110506004F1902E7DA
:1087D000FA2292009446019B002263441B0559181B
:1087E000B8235B04F2F714F803E700260027F2E64B
:1087F000412E8640FFFFEF7FEF39FAFE422E864082
:1088000051302DD5104987C0422ED63FB1A2F03F3E
:10881000F08E0108E08E0108D0A4BE726937663E72
:10882000F16BD2C541BDBB3E2CDE25AF6A56113F70
:1088300093BDBE166CC1663F3E5555555555C53F57
:108840000000F03F008F0108FE822B654715F73FBF
:108850000000E0FE422EE63F763C7935EF39EA3DF6
:10886000FFFFEF3D9C7500883CE4377E03FCFFFF73
:108870008023F0B55B030E008DB0994223DA4B00E4
:108880005B08034307D1002200230020B449F1F71D
:1088900085FB0DB0F0BD002906DA02000B00F2F7EF
:1088A0009DFA00220023F2E7AE4B0022F1F7B0FF61
:1088B00036230E005B42AC4A964206DD02000B00F6
:1088C000F0F7A6FFE5E70023F5E7A84C32151219EB
:1088D0003603A74CD218330B02931B198024640370
:1088E0002340A44C029D5C401B159B18254300228D
:1088F000009329009F4BF2F771FA029B06000233A6
:108900001B030F0000221B0B022B64DC0023EFF77C
:1089100093FD002819D0009B002B00D11CE118000A
:10892000F2F7C4FE944A954B04000D00F1F770FF76
:10893000934A06000F00934B20002900F1F768FFCF
:1089400002000B0030003900BAE78F4A8F4B30002D
:108950003900F1F75DFF02000B0000208C49F2F7AF
:108960003DFA320004000D003B0030003900F1F701
:108970004FFF0B00020029002000F1F749FF009B88
:1089800002900391002B06D102000B003000390049
:10899000F2F724FA7DE70098F2F788FE764A774BE3
:1089A00004000D00F1F734FF754A00900191754BFA
:1089B00020002900F1F72CFF02000B000298039918
:1089C000F2F70CFA32003B00F2F708FA02000B0053
:1089D00000980199DCE78023DB05F0F719FF02001E
:1089E0000B0030003900F1F7D9FA04900591009896
:1089F000F2F75CFE049A059B06900791100019009F
:108A0000F1F706FF634A029B9446634402000B930E
:108A10000B0008900991F1F7FBFE04000D005E4A7F
:108A20005E4BF1F7F5FE5E4A5E4BF0F7F1FE220079
:108A30002B00F1F7EDFE5C4A5C4BF0F7E9FE2200FB
:108A40002B00F1F7E5FE5A4A5A4BF0F7E1FE089A7F
:108A5000099BF1F7DDFE584A08900991574B200019
:108A60002900F1F7D5FE564A564BF0F7D1FE220009
:108A70002B00F1F7CDFE544A544BF0F7C9FE22000B
:108A80002B00F1F7C5FE02000B0008980999F0F7DA
:108A9000BFFE029A4E4B04009B1A0B9A0D00134323
:108AA000002B34DD00223A4B30003900F1F7B0FEE4
:108AB00032003B00F1F7ACFE02000B000290039184
:108AC00020002900F0F7A4FE049A059BF1F7A0FE10
:108AD000009B04000D00002B06D102000B00029841
:108AE0000399F2F77BF94FE7234A244B069807993D
:108AF000F1F78EFE224A0090019106980799214BCA
:108B0000F1F786FE22002B00F0F782FE54E7020008
:108B10000B0030003900F2F761F9049A059BF1F778
:108B200077FE009B04000D00002B02D102000B0019
:108B30002CE7114A114B06980799F1F769FE104A84
:108B400000900191069807990E4BF1F761FE020023
:108B50000B002000290033E70020002199E6C046E1
:108B6000000050C300005043FFFFEF7F01FCFFFFF8
:108B7000645F09000000F03F0000E0FE422EE63F87
:108B8000763C7935EF39EA3D555555555555D53F24
:108B90000000E03F86EBF9FF44523EDF12F1C23F96
:108BA000DE03CB966446C73F599322942449D23FB3
:108BB000935555555555E53F9FC678D0099AC33F03
:108BC000AF788E1DC571CC3F04FA97999999D93F1A
:108BD00051B8060070B50D0016000400FEF724FD24
:108BE00029000660200070BD37B514001D00002864
:108BF00002D0802109065B1800920193009A019B24
:108C000020002900F1F704FE2222FFF7E3FF03B062
:108C100030BD802310B500225B05FFF7E5FF10BDD6
:108C2000E02310B50022DB05FFF7DEFF10BD0000DA
:108C3000F8B5C046F8BC08BC9E467047F8B5C046BB
:088C4000F8BC08BC9E46704719
:108C4800A089B0E1E995B23FECC039234A7BC33F24
:108C58000A68226C787ACD3FB81E85EB51B8DE3FA2
:108C6800000000000000F03F0F9C33A2B437F93F2A
:108C78008A1F63EE5A420140A54E401361430640E5
:108C8800EF38454772790940000000003F80000036
:108C980000000000228D00084E8C0008388C000867
:108CA800B48C0008388C0008E88C0008388C000860
:108CB800B48C00084E8C00084E8C0008E88C000824
:108CC800B48C0008248C0008248C0008248C00082C
:108CD800F28C00084E8C00084E8C0008388C000876
:108CE8008E8D0008388C0008E88C0008388C000845
:108CF8008E8D00084E8C00084E8C0008E88C000809
:108D08008E8D0008248C0008248C0008248C000810
:108D1800D0A100088EA000086CA0000858A0000888
:108D28006CA0000872A100086CA0000858A00008F8
:108D38008EA000088EA0000872A1000858A00008A4
:108D480050A0000850A0000850A0000894A10008F6
:108D5800000000000000000000000000000000000B
:108D680001000000020000000300000004000000F1
:108D780000000000000000000000000000000000EB
:108D880000000000000000000000000000000000DB
:108D980001000000020000000300000004000000C1
:108DA800060000000700000008000000090000009D
:108DB80053544D5F31302E31302E333243520052EE
:108DC80045454E54206D616C6C6F63207375636309
:108DD8006565646564002F6275696C642F676E75DC
:108DE8002D746F6F6C732D666F722D73746D3332C3
:108DF8005F31332E332E72656C312E32303234307F
:108E08003932362D313731352F7372632F6E6577CE
:108E18006C69622F6E65776C69622F6C6962632F6B
:108E28007374646C69622F72616E642E63002C2007
:108E380066756E6374696F6E3A200061737365724C
:108E480074696F6E2022257322206661696C6564DF
:108E58003A2066696C6520222573222C206C696E85
:108E680065202564257325730A00232D302B2000E7
:108E7800686C4C00656667454647003031323334CC
:108E8800353637383941424344454600303132336C
:108E9800343536373839616263646566000001002D
:108EA80002000400060008000A000C001000200060
:108EB80040008000000108040204080101010101CA
:108EC800010307010000000059F3F8C21F6EA50155
:108ED800000000000000F03F763C7935EF39EA3DAC
:108EE800763C7935EF39EABD0000E0FE422EE63FD8
:108EF8000000E0FE422EE6BF000000000000E03F58
:088F0800000000000000E0BFC2
:088F100000F7FE7F01000000E4
:048F1800E5800008E8
:048F1C00BD8000080C
:108F20000000000000002E400E2DB29DEFFF5840C3
:108F30000000000000002E40210000000900000099
:108F40000100000000040050200000000004005058
:108F50001000000000080050001000000000005049
:108F6000000800000004005008000000000C005041
:108F7000040000000008005000200000000800501D
:108F80000008000000080050000200000008005027
:108F90000004000000080050000100000004005020
:108FA00004000000000C0050010000000000005010
:108FB000040000000000005008000000000C0050F9
:108FC00000010000000C005000020000000C0050E6
:108FD00040000000000C0050200000000004005081
:108FE0000080000000040050004000000004005019
:108FF0000020000000040050001000000004005099
:1090000000080000000400500004000000040050AC
:1090100000020000000400500001000000080050A1
:1090200080000000000800504000000000080050D0
:109030002000000000080050100000000008005050
:109040000800000000080050040000000008005064
:1090500002000000000800500100000001010000B3
:109060000024F400000000000F00000008000000D1
:109070000000000000003E400000000000406F4083
:1090800000000000000000400000000000C092400E
:109090000000000000008940010000000001000005
:1090A00001000000000000000000000000000000BF
:1090B0000F000000070000000000000000004E400C
:1090C0000000000000005440000000000000F03FDD
:1090D0000000000000F891400000000000E0854022
:1090E000010000000001000001000000000000007D
:1090F000000000000000000001010100020000006B
:10910000010100000000000000000000000000005D
:109110000000000000C092400000000000488C40A9
:109120000900000009000000010000000F0000001D
:1091300000000000003071400000000000D08640B8
:1091400000000000000059400000000000005940ED
:109150000000000000D08640010000000100000077
:10916000010B0100040000000000000003000000EB
:109170001068002058020020000000001068002045
:1091800078680020E0680020000000000000000077
:1091900000000000000000000000000000000000CF
:1091A00000000000000000000000000000000000BF
:1091B00000000000000000000000000000000000AF
:0491C00000000000AB
:0400000508014A594B
:00000001FF
