:020000040800F2
:1080000000900020BD4A01085109010853090108E8
:108010000000000000000000000000000000000060
:1080200000000000000000000000000055090108E9
:10803000000000000000000057090108590901086C
:108040000D4B01080D4B01080D4B01080D4B0108AC
:108050000D4B01080D4B01080D4B01080D4B01089C
:108060000D4B0108610901080D4B01080D4B01087A
:108070000D4B01080D4B01080D4B01080D4B01087C
:108080000D4B0108710901088109010891090108D6
:108090000D4B0108A1090108B10901080D4B0108A8
:1080A0000D4B01080D4B01080D4B0108C1090108DA
:0C80B0000D4B01080D4B01080D4B0108A1
:1080BC0010B5064C2378002B07D1054B002B02D0B2
:1080CC00044800E000BF0123237010BDA80200206B
:1080DC0000000000948C0108044B10B5002B03D059
:1080EC000349044800E000BF10BDC046000000007A
:1080FC00AC020020948C010802B471464908490076
:10810C00095C49008E4402BC7047C04603B47146FA
:10811C00490840004900095E49008E4403BC704781
:10812C00002243088B4274D303098B425FD3030AAA
:10813C008B4244D3030B8B4228D3030C8B420DD3BD
:10814C00FF22090212BA030C8B4202D3121209024B
:10815C0065D0030B8B4219D300E0090AC30B8B4289
:10816C0001D3CB03C01A5241830B8B4201D38B0337
:10817C00C01A5241430B8B4201D34B03C01A5241DC
:10818C00030B8B4201D30B03C01A5241C30A8B421F
:10819C0001D3CB02C01A5241830A8B4201D38B020A
:1081AC00C01A5241430A8B4201D34B02C01A5241AE
:1081BC00030A8B4201D30B02C01A5241CDD2C30920
:1081CC008B4201D3CB01C01A524183098B4201D39C
:1081DC008B01C01A524143098B4201D34B01C01A87
:1081EC00524103098B4201D30B01C01A5241C308FF
:1081FC008B4201D3CB00C01A524183088B4201D36E
:10820C008B00C01A524143088B4201D34B00C01A59
:10821C005241411A00D20146524110467047FFE7C5
:10822C0001B5002000F0F0F802BDC0460029F7D0DF
:10823C0076E7704703460B437FD4002243088B42FA
:10824C0074D303098B425FD3030A8B4244D3030BD1
:10825C008B4228D3030C8B420DD3FF22090212BA96
:10826C00030C8B4202D31212090265D0030B8B4212
:10827C0019D300E0090AC30B8B4201D3CB03C01AFC
:10828C005241830B8B4201D38B03C01A5241430BD7
:10829C008B4201D34B03C01A5241030B8B4201D3C7
:1082AC000B03C01A5241C30A8B4201D3CB02C01A32
:1082BC005241830A8B4201D38B02C01A5241430AAA
:1082CC008B4201D34B02C01A5241030A8B4201D399
:1082DC000B02C01A5241CDD2C3098B4201D3CB0140
:1082EC00C01A524183098B4201D38B01C01A5241EF
:1082FC0043098B4201D34B01C01A524103098B42F3
:10830C0001D30B01C01A5241C3088B4201D3CB00DD
:10831C00C01A524183088B4201D38B00C01A5241C0
:10832C0043088B4201D34B00C01A5241411A00D270
:10833C0001465241104670475DE0CA0F00D04942D9
:10834C00031000D34042534000229C4603098B4249
:10835C002DD3030A8B4212D3FC22890112BA030AD1
:10836C008B420CD3890192118B4208D38901921153
:10837C008B4204D389013AD0921100E08909C309D8
:10838C008B4201D3CB01C01A524183098B4201D3DA
:10839C008B01C01A524143098B4201D34B01C01AC5
:1083AC00524103098B4201D30B01C01A5241C3083D
:1083BC008B4201D3CB00C01A524183088B4201D3AC
:1083CC008B00C01A5241D9D243088B4201D34B00C7
:1083DC00C01A5241411A00D20146634652415B1009
:1083EC00104601D34042002B00D5494270476346EA
:1083FC005B1000D3404201B5002000F005F802BD2F
:10840C000029F8D016E770477047C0468446100024
:10841C0062468C461900634600E0C0461FB502F068
:10842C0083F9002801D40021C8421FBD10B502F009
:10843C00C7F84042013010BD10B502F075F90028A4
:10844C0001DB002010BD012010BDC04610B502F0AC
:10845C006BF9002801DD002010BD012010BDC046C5
:10846C0010B502F0F1F8002801DC002010BD01204D
:10847C0010BDC04610B502F0E7F8002801DA002064
:10848C0010BD012010BDC046844608006146FFE7C0
:10849C001FB500F0FBFC002801D40021C8421FBD11
:1084AC0010B500F083FC4042013010BD10B500F057
:1084BC00EDFC002801DB002010BD012010BDC046E2
:1084CC0010B500F0E3FC002801DD002010BD0120F8
:1084DC0010BDC04610B500F091FC002801DC002056
:1084EC0010BD012010BDC04610B500F087FC00285F
:1084FC0001DA002010BD012010BDC046002B11D1A7
:10850C00002A0FD1002900D1002802D00021C94334
:10851C00080007B4024802A14018029003BDC046EF
:10852C00E9FEFFFF03B4684601B5029800F06AF853
:10853C00019B9E4602B00CBC7047C046F0B5CE46BF
:10854C009946030C9C46130447461B0C1D000E0059
:10855C0061460404240C80B50700100C4B436543A2
:10856C00414360432C0CC01824188C46A34203D9F9
:10857C0080235B029846C444494679435643230CF6
:10858C002D042D0C8919634424046019C918C0BC2E
:10859C00B946B046F0BDC0469E2110B5C905041CB5
:1085AC00FFF7A2FF002803D1201C01F075F810BDC5
:1085BC009E21201CC90500F00BFE01F06DF88023F4
:1085CC001B069C466044F2E770B500220C4B04007D
:1085DC000D00FFF74FFF002804D12000290003F005
:1085EC0023F870BD064B00222000290002F0F0FB9E
:1085FC0003F01AF880231B069C466044F1E7C04642
:10860C000000E041F0B557464E464546DE46E0B523
:10861C0004000D009246994683B08B4230D82DD081
:10862C004946504603F076F929000600200003F075
:10863C0071F9331A9846203B34D49B4653465A461C
:10864C00934042461F00534693401E00AF423BD816
:10865C00AF4200D179E05B46A41BBD41002B00DA90
:10866C0076E0002200230092019301235A469340A6
:10867C000193012342469340009329E08242CFD9D3
:10868C0000220023009201930C9B002B01D01C6054
:10869C005D600098019903B0F0BCBB46B246A94698
:1086AC00A046F0BD42469B4620239B1A5246DA4018
:1086BC00414613004A468A40170042461F43534620
:1086CC0093401E00AF42C3D90022002300920193B5
:1086DC004346002BD8D0FB0772081A4346467B084A
:1086EC000EE0AB4201D1A2420CD8A41A9D4101204C
:1086FC0024196D410021013E24184D41002E06D055
:10870C00AB42EED9013E24196D41002EF8D10098F0
:10871C0001995B4600196941002B24DB2B005A465A
:10872C004446D3402A00E2401C005B461500002B57
:10873C002ADB26009E40330026004746BE4032000E
:10874C00801A9941009001919EE7A342BCD882E720
:10875C004246202300219B1A002200910192012203
:10876C00DA40019285E7424620239B1A2A004646AE
:10877C009A402300F340444613432A00E2401C0075
:10878C005B461500002BD4DA42462F00202326002E
:10879C0097409B1ADE403B003343CDE7F8B54B02C4
:1087AC005A0A94464A00C90FCE46474689464500A8
:1087BC0046022D0E120E80B59909770AC40FB60920
:1087CC00AB1A4C4520D0002B0CDD002A34D10029EB
:1087DC002AD05A1E012B00D18FE0FF2B00D1CDE007
:1087EC0013002FE0002B60D0531B002D00D0EEE0C7
:1087FC00002E00D13EE15C1E012B00D16BE1FF2B62
:10880C0000D1B9E02300E7E0002B00DCA4E0002A53
:10881C0069D0FF2D00D1B1E08022D20411431B2B73
:10882C0000DCE9E02B000536F708FF2B00D1A5E0B2
:10883C007A02520AD8B230E0FF2D00D19EE080229D
:10884C00D204114301201B2B08DC08002022D84045
:10885C00D31A99400B005A1E93411843361A7301D0
:10886C0000D471E0B601B709380003F035F83B00CD
:10887C000538834085424DDDB44E2D1A1E405A07F3
:10888C0068D00F221340042B64D00436730161D5D9
:10889C00681CFE2D54D1FF200022C0051043E407B4
:1088AC002043C0BCB946B046F8BDFE229046681CB9
:1088BC000200404610426BD1002D00D0DDE0002EAE
:1088CC0000D102E10029B3D08022771AD2041742DA
:1088DC0000D136E14C468E1B61D00120164230D1BE
:1088EC000023F708A4E700299ED05A1E012B00D1C3
:1088FC00CAE0FF2B42D0130091E7711A4B0100D450
:10890C00D1E08F01BF09380002F0E6FF3B000538CB
:10891C00834001252022401B0130121A1E00934077
:10892C00C6405A1E93411E4339D0730700D11BE138
:10893C000F2300253340042BA7D1012072017CD5D5
:10894C00C0B2B201520AA8E7730703D00F23334019
:10895C00042B9AD12B0067E7002B23D0531B002D3F
:10896C007BD1002E00D186E05D1E012B00D18BE067
:10897C00FF2B02D02B0075E04C466746002F00D130
:10898C0089E78022D2033A435202FF20520A84E73D
:10899C00771A7B016BD4002F00D065E700240020F0
:1089AC0000227AE7FE226B1C1A4249D1002D00D01E
:1089BC009FE0002E00D1BAE0002900D1CFE0721860
:1089CC00530100D4CDE092010120520A65E7FF2A41
:1089DC00D2D08020C004064301201B2B08DC3000C1
:1089EC002024D840E31A9E4033005C1EA341184358
:1089FC004C4615000E1A32E708002022D840D31A34
:108A0C0099400B005A1E93410343F61873019BD5F2
:108A1C000135FF2D00D13EE701234D49720833404B
:108A2C000A401A431600530704D00F231340042B9B
:108A3C0000D02AE7730100D52AE72B00F708F7E6E8
:108A4C00FF2B00D127E7711849084A072FD00F22B6
:108A5C000A40042A2BD00E1DE6E6FF2A8DD080207A
:108A6C00C00406431B2B24DD13004E1DDCE64C46D4
:108A7C008F1BF9E64C460E00D6E6002E49D1002994
:108A8C0068D067464C467CE77018430174D5304972
:108A9C0040080140430709D00F230340042B05D0A5
:108AAC0002230E1DC0E60123CF08C1E60223CF0826
:108ABC00BEE620253000D840EB1A9E4033005D1EE8
:108ACC00AB41034315005E18A0E7002900D165E710
:108ADC004C466746ACE68F1B7B012ED5BF01BF0908
:108AEC00380002F0F9FE3B00053883404C46013556
:108AFC0010E7002E00D140E7002900D141E7802388
:108B0C00DB039F4200D23CE79C4500D339E7674624
:108B1C0037E7002900D134E78023DB039F4200D2E2
:108B2C002FE79C4500D32CE74C46674629E70029E4
:108B3C0000D134E70023CF087AE64C460123FF0826
:108B4C0076E6002F00D129E7FF0871E6FFFFFFFB57
:108B5C00FFFFFF7D80220024FF20D2039DE600232F
:108B6C0066E60023D70863E60120720100D5E7E62C
:108B7C0031000023CF085BE60123C70858E6C04646
:108B8C00F0B546464F46D6464502C0B5C30F470022
:108B9C0098460E1C6D0A3F0E5BD0FF2F21D0802310
:108BAC00ED00DB041D43002399469A467F3F740277
:108BBC007300640A1B0EF60F002B20D0FF2B43D042
:108BCC0080220020E400D20414437F3B4246FF1A6B
:108BDC004B4672400F2B00D99DE071499B00CB583E
:108BEC009F46002D5AD108239946063B74029A469B
:108BFC007300FF27640A1B0EF60F002BDED1002C2E
:108C0C003BD1012342464946724019430E2918D8DC
:108C1C006448890041588F465346022B00D1B8E076
:108C2C00032B6ED042462C00012B40D10020002497
:108C3C00C0052043D2071043E0BCBA46B146A84653
:108C4C00F0BDFF200024F3E7002C20D10223FF3FCE
:108C5C00D8E7002D05D104239946033B00279A46FB
:108C6C00A5E7280002F038FE7627431F9D4000231D
:108C7C007F4299469A463F1A99E7200002F02CFE53
:108C8C00431F9C4076235B421B1A00209EE7032364
:108C9C004A461A4391460320FC3397E70C23994626
:108CAC00093BFF279A4682E703282CD03200380074
:108CBC007F30002847DD630704D00F232340042BAB
:108CCC0000D00434230103D53800374B80301C40CE
:108CDC00FE28B6DCA401640AC0B2A9E780240022F5
:108CEC00FF20E403A4E78023DB031D4201D01C42D8
:108CFC000BD08024E4032C4364024246FF20640A18
:108D0C0096E746462C008023DB031C4364023200AA
:108D1C00FF20640A8CE76D01600185422DD21B2374
:108D2C000024013F0126290064006D00002901DBAD
:108D3C00854201D32D1A3443013B002BF3D16B1E1A
:108D4C009D412C43B3E701231B1A1B2B00DD6DE760
:108D5C0021009E37D940BC400B00611E8C4123433F
:108D6C00590704D00F211940042900D004335901AC
:108D7C0013D49B0100205C0A5AE71A2301242D1AF4
:108D8C00D0E7981E43425841404232000024C0B202
:108D9C004EE74246FF2000244AE70120002447E723
:108DAC00048D0108448D0108FFFFFFF770B54200E8
:108DBC004E024C0045026D0A120EC30F760A240EA9
:108DCC00C90FFF2A10D0FF2C0CD00120A2420AD1CF
:108DDC00B54208D18B420FD0002A04D12800431E83
:108DEC00984100E0012070BD0120FF2CFBD13543E0
:108DFC00F9D14B401800F6E70020F4E730B54200FB
:108E0C0044024D02C30F4800640A120E6D0A000E94
:108E1C00C90FFF2A18D0FF280AD0002A1ED100281B
:108E2C000AD1002D29D0002C2DD14800013830BD9D
:108E3C00002D25D1002A01D1002CF6D08B4219D05F
:108E4C0001205B421843F2E7002C19D1FF28F7D11F
:108E5C00002D15D100208B42F2D1E8E70028EFD08D
:108E6C008B42EDD18242EBDC04DBAC42E8D8002033
:108E7C00AC42DCD258000138D9E7002CD7D0DFE760
:108E8C0002204042D3E78B42DAD1EEE730B5420004
:108E9C0044024D02C30F4800640A120E6D0A000E04
:108EAC00C90FFF2A17D0FF280AD0002A1BD100288F
:108EBC000AD1002D1DD0002C2DD14800013811E015
:108ECC00002D0ED1002A01D1002CF6D08B420CD1F2
:108EDC005800013806E0002C03D1FF2805D1002DE5
:108EEC0015D0022030BD002806D101205B4218436A
:108EFC00F8E7002CF6D0F8E78B42F6D18242F4DC8E
:108F0C00E6DBAC42F1D80020AC42EBD2E0E700202B
:108F1C008B42EAD1E6E78B42E7D1F2E7F0B54F4658
:108F2C004646D6464400C0B546020F1C760A240EAF
:108F3C00C50F002C00D1DAE0FF2C74D08023F60092
:108F4C00DB041E43002399469A467F3C7B025B0A56
:108F5C0098467B001B0EFF0F002B74D0FF2B00D10B
:108F6C008EE042468021D200C90411437F3B2A0087
:108F7C00E4184B467A408846D2B20A2B75DC4B4635
:108F8C000020022B0FDD494601238B40A621C9008E
:108F9C000B4269D1902189000B4200D000E188215D
:108FAC00194200D0F5E041460904090C434608007B
:108FBC00350C36041B0C360C704369435E435D4321
:108FCC007618030C9B19994203D9802149028C46CF
:108FDC00654400041904000C09188E01701E8641AA
:108FEC001B0C890E5B190E439B011E431B016CD499
:108FFC0023007F33002B00DCB1E0150071070BD090
:10900C000F2021003040042806D00436320103D54D
:10901C006E4B1E400B008033FE2B00DDBDE0B20119
:10902C00520ADBB248E0002E00D092E008239946A9
:10903C00063B9A467B025B0A98467B00FF241B0E7C
:10904C00FF0F002B8AD14246002A64D149460132D7
:10905C00114389460A2908DC7D400120EAB2022925
:10906C0091DC1500002227E015005346022B00D19D
:10907C0093E0032B1AD0012B2CD1002300221BE0F0
:10908C004346FF34002B55D003214B460B431900AC
:10909C000A2B00DC92E00F2B00D08CE08022D20354
:1090AC00164203D04346134200D17DE08022D20306
:1090BC0032435202520AFF23D805ED0710432843CE
:1090CC00E0BCBA46B146A846F0BD012315007108B4
:1090DC001E400E4323008033611C002B41DD7207C0
:1090EC0094D00F223240042A00D08EE78EE7002E57
:1090FC0005D104239946033B00249A4626E7300009
:10910C0002F0EAFB7624431F9E40002364429946FA
:10911C009A46241A1AE7404602F0DEFB4B46241A04
:10912C00763C0A2BA1DC4346053883407D409846AB
:10913C00EAB224E74A46023313432A007A40D2B2F9
:10914C000A2B92DC49461500002926D099460220AC
:10915C0019E70C239946093BFF249A46F6E61500BD
:10916C0021000122D31A1B2B00DD86E79E31320031
:10917C008E40DA40731E9E413243530704D00F23B6
:10918C001340042B00D00432530110D501230022CC
:10919C0092E73D004646824667E7FF2300228BE7B5
:1091AC0080220025D20386E73D001A4383E7920113
:1091BC000023520A80E73D00464677E72A00012348
:1091CC007A408B400320D2B2E9E6C046FFFFFFF79E
:1091DC00F8B54746CE46430280B55F0A9B09450069
:1091EC004A009C464B02C40FCE0F2D0E580A120E8D
:1091FC009909FF2A6BD001235E40AB1AB4424BD0C5
:10920C00002B00DCFFE0002A00D188E0FF2D00D10C
:10921C00EFE08022D204114301201B2B08DC080054
:10922C002022D840D31A99400B005A1E9341184360
:10923C0063461B1A9C4663465B0100D4CDE0634633
:10924C009F01BF09380002F047FB3B000538834003
:10925C00854200DCA2E0B74A2D1A1A4094465A0700
:10926C0000D1C3E00F221340042B00D1BEE0042335
:10927C009846C44463465B0100D4B7E0681CFE2DDD
:10928C0000D0A5E0FF200022C0051043E4072043D6
:10929C00C0BCB946B046F8BD002B00DCEBE1002A9F
:1092AC0046D0FF2D00D1A4E08022D20411431B2B09
:1092BC0000DCFBE0052398462B00C4446246D7082B
:1092CC00FF2B00D195E07A02520AD8B2DCE72B00D2
:1092DC00FF3B9946002918D101235E40B44200D1CE
:1092EC00CAE04B46002B2DD0002D00D03CE1FF23D3
:1092FC006446002C00D15FE15D1E012B00D174E1AE
:10930C003400FF2B74D02B0003E1B44200D19CE05D
:10931C00002B17D0002DEAD0070034006CE0002998
:10932C00CCD05A1E012B2BD0FF2B62D0130073E72D
:10933C000029C3D05A1E012B00D11EE1FF2B58D09F
:10934C001300B4E7FE226B1C1A420DD1002D60D025
:10935C006346002B00D020E1002900D028E18022B8
:10936C000024FF20D2038FE763465F1A7B0100D5F0
:10937C00FEE0002F00D065E700240020002283E7E8
:10938C006346591A4B0100D419E18F01BF0938000B
:10939C0002F0A2FA3B000538834001252022401B35
:1093AC000130121A19009340C1405A1E93411943BF
:1093BC008C460B1EE1D05B0700D152E10F23002538
:1093CC000B40042B00D052E701204A0100D492E05C
:1093DC00C0B263469A01520A56E763465B0705D052
:1093EC000F2362461340042B00D040E72B0065E7A7
:1093FC000700002F00D145E78022D2033A435202E6
:10940C00FF20520A40E7002B79D1FE226B1C1A4236
:10941C00AAD16346002B00D1F5E0002900D1D1E0A0
:10942C005F1A8023DB041F4200D10EE16246012447
:10943C008A1A944600203440002A00D124E70120E7
:10944C001A42C6D10023D7083DE7002B17D0002DB8
:10945C0000D0AFE0FF236546002D00D1ADE05E1ECD
:10946C00012B00D189E0FF2BC2D01B2E00DCABE01E
:10947C004B1D9C46130021E74B46002B70D1FE225E
:10948C006B1C1A425ED1002D00D0C3E06346002B4A
:10949C0000D1D0E0002900D194E00A0062445301CD
:1094AC0000D4D8E092010120520AEDE608002022F7
:1094BC00D840D31A99400B005A1E934103439C4445
:1094CC0063465B0189D50135FF2D00D1DAE6624692
:1094DC0001231949134052080A401A4313009446B9
:1094EC005B0704D00F231340042B00D0BFE6634668
:1094FC005B0100D5C2E66346DF082B00E3E6531B95
:10950C00002D00D1F4E680206446C0040443A44638
:10951C00340001201B2B09DC20256046D840EB1AB7
:10952C0065469D402B005D1EAB4118430B1A9C46B3
:10953C00150080E6FFFFFFFBFFFFFF7DFE226B1C8B
:10954C001342A3D0FF2B00D19CE6614449084A0783
:10955C0049D00F220A40042A45D00A1D9446ADE694
:10956C00002D00D176E78DE63400FF2000228BE63B
:10957C0063460124CF1A344064E661444B016DD537
:10958C0048084449014043072CD00F230340042BC7
:10959C0028D00B1D9C46022390E6002900D12BE716
:1095AC008023DB039F4200D226E7984200D323E7B7
:1095BC000124344007001FE734008C467EE601236B
:1095CC00CF0880E600237EE620206546801B854080
:1095DC0063462800F340451EA84103439C461500F2
:1095EC008C446DE70223CF086DE60F1B7B0128D559
:1095FC00BF01BF09380002F06FF93B00053883400A
:10960C0034000125CAE6002900D1B5E60124070083
:10961C00344058E66346002B00D1E9E6002900D11E
:10962C00EAE68023DB039F4200D2E5E6984200D3B2
:10963C00E2E60700E0E6002900D19EE60023CF0811
:10964C0041E634000123FF083DE6002F00D193E6EC
:10965C000023FF0837E60023D70834E60123CF08A0
:10966C0031E680220B00D20401201340114200D0BD
:10967C00AEE6CF0827E6002B00D15FE7561B002D86
:10968C0001D13300E7E680236046DB0418438446AF
:10969C00EBE6C046FFFFFF7D41024200C30F490AC3
:1096AC000020120E7E2A03DD9D2A02DD094A98183D
:1096BC007047802000040143952A07DC9620821A0B
:1096CC00D1404842002BF3D10800F1E7963A914083
:1096DC00F7E7C046FFFFFF7F70B5002812D0C31715
:1096EC00C5185D40C40F280002F0F6F89E231B1A23
:1096FC00962B0FDC082838D0083885406D026D0A8F
:10970C00D8B202E0002400200025C0052843E4075D
:10971C00204370BD992B14DC421F95402A0015493B
:10972C00114055071CD00F252A40042A18D00431AB
:10973C00CA08490115D59F235202181A550AC0B2FE
:10974C00E3E705222900121AD14002001B32954092
:10975C002A00551EAA410A43064911405507E2D179
:10976C00CA085202550AD8B2CFE76D026D0A8E3084
:10977C00CBE7C046FFFFFFFB10B5041E0DD002F077
:10978C00ABF89E231B1A962B0CDC082834D0083817
:10979C0084406402640AD8B201E000200024C005B1
:1097AC00204310BD992B13DC421F9440144A2240D5
:1097BC0061071CD00F212140042918D00432D40891
:1097CC00520115D59F236402181A640AC0B2E6E749
:1097DC00020021001B3291400A00511E8A410521D2
:1097EC00091ACC401443064A22406107E2D1D4083E
:1097FC006402640AD8B2D2E76402640A8E30CEE7FF
:10980C00FFFFFFFBF0B54F464646D646C0B582B0CB
:10981C00009001910E034C00CD0F710A009E5F0069
:10982C00760F0E43009900920193C90089461903E3
:10983C007B0D9846019B490ADB0F9C46009B009AC6
:10984C005B0F0B434146640DD200611A654500D194
:10985C00A6E0002972DD4746002F00D1DDE0CC4F99
:10986C00BC4200D19AE10127382917DC80273F043C
:10987C003B431F2900DDDDE12027781A1F008740BC
:10988C00BA461700CF408446380057460743604617
:10989C008240CB40501E8241F61A17434B46DF1BC9
:1098AC00B94580414042361A330200D4FFE07602BB
:1098BC00760A002E00D13CE1300002F00DF80300D6
:1098CC00083B20213800CA1AD0409E4002009F401D
:1098DC0032439C4200DDA6E1181B0130091A3E0000
:1098EC008F40C6407B1E9F4113008B4037431F4364
:1098FC00C2403B0016000024134300D1DFE17B077C
:10990C0000D132E30F233A003B40042B04D03A1D24
:10991C00BA42BF417F42F619330200D423E39C4B79
:10992C0001349C4200D1B4E09A4B64051E40640D96
:10993C007707D20876021743360BACE0002900D12A
:10994C007EE04146091B002C00D060E13400484603
:10995C00044300D1C9E14C1E012900D12EE28C4DEB
:10996C00A94200D124E20127382C11DC21001F2947
:10997C0000DD0BE2202437004846641AA740C8409B
:10998C0007434846A040CE40441EA0419B1B0743C2
:10999C00D71BBA4292415242654644469E1A83E70F
:1099AC00002900DC9CE04746002F67D11F001743BD
:1099BC0000D1E4E0481E012900D19BE1744FB9426B
:1099CC0000D1EBE001270100382811DC1F2900DD54
:1099DC00C7E12027781A1F00844687401000C84032
:1099EC00074360468240CB40501E8241F618174315
:1099FC004F444F45804140423618330257D5644B93
:109A0C0001349C4245D00121624B7A081E403940FA
:109A1C000A43F7071743760871E71F00174300D175
:109A2C00ADE04F1EBC46012900D182E1584FB9422E
:109A3C0000D190E161460127382900DD2EE718E7B7
:109A4C00554F611C394200D0D0E0310048461F0010
:109A5C0001431743002C00D03DE1002900D1BCE1AB
:109A6C00002F00D0BFE14B460021D80877070743F1
:109A7C00F00806034C05360B640D0CE0444FBC4259
:109A8C0000D18BE001273829B2DC80273F043B430F
:109A9C009CE70026002724053443ED072C433800AF
:109AAC00210002B0E0BCBA46B146A846F0BD7B0727
:109ABC0004D00F233B40042B00D028E7F808344B8C
:109ACC0077070743F0089C4200D04AE23B0003436F
:109ADC0059D080263603064336032D4C360BDAE775
:109AEC00002961D04146091B002C00D1B9E0284C5B
:109AFC00A04500D1A5E10127382913DC80242404DA
:109B0C0026431F2900DDC8E1202437004846641A8B
:109B1C00A740C84007434846A040CE40441EA04141
:109B2C009B190743BF189742924152424446D6189C
:109B3C0063E7380001F0D0FE030018331F2B00DC64
:109B4C00BFE63A00083882409C4200DD83E01B1BD4
:109B5C00581C1F2800DCB4E117001F3BDF402028F5
:109B6C0005D040231B1A9A40531E9A4117430024D8
:109B7C00002F0AD07B0700D0C4E626009EE74B4698
:109B8C000C00D8089BE70027014C002683E7C04651
:109B9C00FF070000FFFF7FFFFE0700004B46770723
:109BAC00D8080743F00891E7CD4F611C39426BD1BF
:109BBC00310048460143002C00D04BE11F001743F5
:109BCC00002900D181E1002F00D14CE74A444A45DD
:109BDC008041F61840423618330200D5B0E1170028
:109BEC009146374300D03EE7002654E74946891A90
:109BFC008846C145BF41F11A7F42C91B0F0261D48F
:109C0C0047460F4300D1BDE00E00474651E6B54C28
:109C1C00A04500D100E10127382900DDB8E68024F9
:109C2C0024042643A3E6B04EE41A16407B0700D06A
:109C3C003FE743E70F001800203FF84084462029F7
:109C4C0003D04027791A8B401A43531E9A4163461E
:109C5C0017001F4322E6A448E11A10404707C0082A
:109C6C0007E734004846044300D1FAE04C1E0129B2
:109C7C0000D1D7E09B4FB94200D1E2E00127382C4C
:109C8C0000DD4FE721003CE7964CA14200D1DDE01E
:109C9C004A444A458041F31840421818C7075208F5
:109CAC0017434608520705D00F220C003A40042AED
:109CBC0000D02CE67607FF0837430009D9E60027C9
:109CCC000026E8E64946571ABA4292419E1B524278
:109CDC006546B61AEDE5002900D0C6E0002F67D125
:109CEC00802600257F4C3603D5E665460C001E0009
:109CFC00D008E4E64A444A458041F318404218181B
:109D0C001100030200D496E0774B49081840C307B2
:109D1C000B434408490700D129E10F221A40042AB9
:109D2C0000D1EAE01F1D9F42B6417642361902244B
:109D3C00C4E649468F1AB9458041F61A4042361A94
:109D4C00330206D47307FF0801211F43F00890E685
:109D5C0065460124ABE54B467707D8080743F00866
:109D6C00B4E60F001800203FF8408446202903D0A9
:109D7C004027791A8B401A43531E9A4163461700A9
:109D8C001F4335E600250024002684E60C00350030
:109D9C00203CE540202905D04024611A8E404946DC
:109DAC00314389464846411E884107002F43EFE561
:109DBC00D2085F0765461743D80887E6171ABA42D8
:109DCC0092419E1B5242B61A3302C1D47307FF084C
:109DDC00654601211F43F0084BE6002F7BD06546FA
:109DEC001E0091463FE6811A8846C145A441F11AEE
:109DFC006442091B80242404214277D0101A824229
:109E0C00924107009E1B5242B61A374300D0A0E085
:109E1C006546002400263EE65F07D20865461743D8
:109E2C00D80853E6811891429241F018524280189A
:109E3C00030200D568E74707C9080F43C008012192
:109E4C0017E6D2085F071743D8083FE60C00002638
:109E5C00002720E6002956D15F07D2081743D808FF
:109E6C0034E60C001E00D00829E6C1087007014337
:109E7C00F008002F62D080242403204207D0DE0893
:109E8C00264204D165463000D1085B0719434F0FB9
:109E9C00C900C9087F070F4318E60C003000203CAE
:109EAC00E0408446202905D04024611A8E40494662
:109EBC00314389464846411E8841614607000F439D
:109ECC0030E620210027091A0EE51E00002F00D0D5
:109EDC0022E5002458E7002500240026DBE5C046D7
:109EEC00FE070000FF070000FFFF7FFF47460F4300
:109EFC0000D147E70E00C146B5E5DF086407022133
:109F0C0027430009B5E51900C0087707074311433B
:109F1C00F008002900D1D9E580210903084207D0B7
:109F2C00DC080C4204D1D2085B071A43170020004E
:109F3C007B0FFF00FF085B071F43C7E50F00C5E55C
:109F4C00124BD20833405F075B02012417431E0BF0
:109F5C00A1E5264212D00D4B6546020001241E409D
:109F6C00E6E4210085E51700A8E53A00D4E4DB0817
:109F7C0064071C432700022100097AE5C008770713
:109F8C00074365460021F00873E5C046FFFF7FFFDD
:109F9C00F0B5DE46454657464E46E0B587B00092D2
:109FAC0001930B031B0B9B46CA0F4B00040080460E
:109FBC005B0D029200D198E07C4A934237D059460F
:109FCC00420FC9000A43802109041143C200904684
:109FDC00774A894692469A44002300240393009EB4
:109FEC00019F3B031B0B9B467B0030005B0DFD0F61
:109FFC00002B59D06D4A934248D05946720FC90074
:10A00C000A438021090411438B466949F2008C46AE
:10A01C0051466344CB1A9A460021029E6E40F6B21A
:10A02C000F2C00D9CEE0634BA4001B599F465A4617
:10A03C000243914600D090E09A46022390460824B1
:10A04C000393CCE7CB464246029D0399022900D1EB
:10A05C00DEE1032900D18DE0012900D079E12E0049
:10A06C0000220023002490461B052343F6073343AC
:10A07C004046190007B0F0BCBB46B246A946A04604
:10A08C00F0BD002200249046484BEDE75A46009B59
:10A09C001A43494B9C46E244002A59D102231C43E3
:10A0AC00002302219B46B8E75A46009B1A4349D02D
:10A0BC005B46002B00D19CE1584601F00DFC0200E0
:10A0CC0003000B3A1D27009EBA1A19005846D640B9
:10A0DC0008398840320002439346009A8A40374937
:10A0EC0053448A4600219A4497E75B4603439946BA
:10A0FC0021D05B46002B00D169E1584601F0ECFB06
:10A10C000B235B429C460200844466461D239B1B2A
:10A11C00260011005846DE400839884033000343BE
:10A12C00994623008B409846254B00249B1A9A464F
:10A13C000023039353E7002398469A4601330424E3
:10A14C0003934CE701231C43002301219B4664E746
:10A15C000323320003211C435FE79A460323D946AD
:10A16C000C2403933BE700238024984600260F4BD6
:10A17C00240379E780245B4624031C4324032E002C
:10A18C0090460A4B240B6FE780244B462403234252
:10A19C0002D05B462342F0D080244B4624031C4360
:10A1AC002403029E014B240B5EE7C046FF07000010
:10A1BC0001FCFFFF808D010801F8FFFFF303000095
:10A1CC000DFCFFFFCB4500D2F8E000D1F3E00123FA
:10A1DC005B429C46444648460025E2445B46170ECB
:10A1EC001B021F43190C3B04120200971F0C9146D3
:10A1FC0002910397FEF71AF802007A430B04210C24
:10A20C00804619438A4209D9009F0123BC465B4210
:10A21C0061449C46E0448F4200D85CE1881A029964
:10A22C00FEF704F8039A240442430904240C0300A7
:10A23C000C43A24206D90099013B8C466444A142CE
:10A24C0000D842E1A01A424612041A4393464B46E8
:10A25C0059461B0C1F0004930B0449460904090CB6
:10A26C000C001B0C5C43120C7B43884651437A4315
:10A27C00270CBC465B186344994203D980214902E0
:10A28C008C466244190C24041B04240C8A181C19D7
:10A29C00904202D316D1A54214D25B46009F013BDB
:10A2AC004D4405934D459B41BC465B426344C018ED
:10A2BC00874200D302E1824200D929E100D124E196
:10A2CC00059B9B462C1BA542AD41009B801A6D4201
:10A2DC00401B834200D10FE10299FDF7A7FF039ABF
:10A2EC000B044243210C050019438A4200D9CBE0F0
:10A2FC00881A0299FDF79AFF039A24044243090431
:10A30C00240C03000C43A24200D9CAE04146A41A13
:10A31C002A041A43049F13041B0C594340467B43E5
:10A32C009C46150C68430B0C844463447D43984253
:10A33C0003D98020400284466544180C09041B0490
:10A34C00090C40195B18844227D323D00123350014
:10A35C001A43944B5344002B60DD510700D086E028
:10A36C002E00D1085A46D20106D55A468E4B1A40B9
:10A37C0080239346DB0053448C4A934200DD80E6F5
:10A38C005A4652070A4390465A465B055402240B20
:10A39C005B0D69E63500002BDBD0009D511EAC46F1
:10A3AC006444AC4200D29EE0844200D2E1E000D191
:10A3BC00EEE00A00CAE7424500D908E74B46DC0745
:10A3CC00580843465B081C434346DD0706E701F08B
:10A3DC0083FA15239C4684440200634620321C2BCE
:10A3EC0000DC92E623000838834099460023984607
:10A3FC009AE601F071FA02000300153220331C2A90
:10A40C0000DC5FE600990838814000228B4666E646
:10A41C0000222E0000249046654B25E62E000121DB
:10A42C00C91A382900DD1BE61F297EDC614814009F
:10A43C0050445B4682408340CC40501E82412343B3
:10A44C001A435B46CB40510709D00F211140042918
:10A45C0005D0111D9142924152429B180A001902DB
:10A46C0000D49BE00022012300249046FCE50F2140
:10A47C001140042900D173E7111D914292415242BF
:10A48C002E00C90893446DE7009B013D9C46614436
:10A49C008B4200D92CE78A4200D829E7851E6144FB
:10A4AC0026E70099013B8C466444A14200D92DE774
:10A4BC00A24200D82AE7831E644427E7874200D0D3
:10A4CC00FEE6A94500D9FBE6F5E6A24200D8B9E6BE
:10A4DC00831E6444B6E68A4200D89FE6BC46831EBF
:10A4EC00984661449AE60A00844200D02EE74B4518
:10A4FC0000D02BE735002CE72A4B2F4A53449245CA
:10A50C0043DB0122002193442CE7AC4200D8D7E670
:10A51C0002235B429C4600994D444D459B41E344CC
:10A52C008C465B426344C018CCE61F204042C31AE1
:10A53C005846D840202904D05946204B53449940C2
:10A54C000A43531E9A410723190002430024114069
:10A55C00134209D008331340042B1DD0131D934212
:10A56C0089411A0049424907D2080A439046002300
:10A57C007AE54946009F4D004D458941BC4649420C
:10A58C006144A946023A6418AEE70122524246E7FA
:10A59C009945EED30A00AAE70021E5E759075B02CB
:10A5AC001C0BE1E7FF030000FFFFFFFEFE070000AE
:10A5BC00FF0700001E04000002FCFFFF3E04000029
:10A5CC00F0B55746DE464E464546E0B50D00040054
:10A5DC00E80F83460903D80F090B824619488C46AD
:10A5EC001F0369005E00490D3F0B760D814218D0A8
:10A5FC0086420FD00120B1420DD1BC450BD1944203
:10A60C0009D1D3451CD0002905D160462043431EF7
:10A61C00984100E00120F0BCBB46B246A946A046DA
:10A62C00F0BD01208E42F6D1614639430F0017432D
:10A63C002743F0D15B465246981A431E9841EAE7ED
:10A64C000020E8E7FF070000F0B557464E464546A8
:10A65C00DE46E0B50D000E034900490D8A46DF0FBA
:10A66C00E90FBC4683B02F4F04008046019158007F
:10A67C0019039146360B090B400DBA451DD0B84253
:10A68C000DD05746002F2AD13443002824D10A4339
:10A69C0036D0002C41D163465800013815E01143E7
:10A6AC0038D15346002B01D12643F4D0019B63458E
:10A6BC0007D1019B5800013807E026432AD15045A9
:10A6CC0021D00120019B5F42384303B0F0BCBB4654
:10A6DC00B246A946A046F0BD002CDCD0E6E7002827
:10A6EC00EFD0019B6345ECD18245EADCE1DB8E4285
:10A6FC00E7D8DED1C845E4D80020C845E5D2D8E774
:10A70C00002CE2D0DDE7114304D1019B6345D8D185
:10A71C000020DAE702204042D7E7019B6345E6D0F0
:10A72C00CFE7C046FF070000F0B557464E464546FA
:10A73C00DE46E0B50D000E034900490D8A46DF0FD9
:10A74C00E90FBC4683B02E4F04008046019158009F
:10A75C0019039146360B090B400DBA451ED0B84271
:10A76C000DD05746002F27D13443002833D10A434C
:10A77C0034D0002C40D163465800013815E0114309
:10A78C0012D15346002B01D12643F4D0019B6345D3
:10A79C001DD00120019B5F42384306E0264303D1C4
:10A7AC005045F6D111431CD0022003B0F0BCBB467F
:10A7BC00B246A946A046F0BD0028EAD0019B6345ED
:10A7CC00E7D18245E5DC02DB8E42E2D80ED0019B5C
:10A7DC0058000138E9E7002CCDD0D7E7002CE4D0A5
:10A7EC00D7E7019B00206345DFD0D2E7C845D0D81E
:10A7FC000020C845D9D2EAE7019B6345E4D0C8E7FD
:10A80C00FF070000F0B557464E46DE464546E0B51C
:10A81C001F000B031B0B16009A46CA0F4B000400BB
:10A82C00914685B05B0D00D1CFE1CD4A934255D016
:10A83C005146420FC9000A43802109041143C2004A
:10A84C009046C84A8A4693469B44002300250293AF
:10A85C003C037B00FA0F0196240B5B0D009200D198
:10A86C0088E1BF4A934200D192E0BE4A94466344C9
:10A87C009B440A2D42DCE400730F23438024494699
:10A88C0024041C43F3000193009B00205940CBB2DD
:10A89C000393022D00DC94E00123AB401D00A623A2
:10A8AC002A00DB001A401D4200D029E290239B00B5
:10A8BC001D4200D14DE20023802499462403A84B6D
:10A8CC0010004A461B052343D2071343190005B059
:10A8DC00F0BCBB46B246A946A046F0BD5246024368
:10A8EC00904600D0ACE19B46022392460825029389
:10A8FC00AEE7009BA2469946019B9846029B022B11
:10A90C0000D1CAE1032B00D192E1012B10D100231D
:10A91C0000240022D4E701227B083A40134352461C
:10A92C00D2071343984653465B089A46039B9946B5
:10A93C005B46581C8023DB005B44002B00DCB1E140
:10A94C00424652070BD00F2241460A40042A06D039
:10A95C004246111D4145924188465242924452460C
:10A96C00D20106D55246804B1A4080239246DB001A
:10A97C00C3187E4A934200DD8FE14246D10852460D
:10A98C0052070A4351465B054C02240B5B0D97E7BB
:10A99C00734B26439C46E344002E00D16FE1032306
:10A9AC0049461D43009B5940CBB203930A2D00DD51
:10A9BC0033E10123AB401D000323029388222A427A
:10A9CC0097D1424643461204120C160001981D0CF6
:10A9DC00030C0004000C4643B4461E006E43009664
:10A9EC00160007005E436146B0466F430E0CB84438
:10A9FC004644B74205D9802149028846009F474406
:10AA0C00009761460904090C370C36048C4631005A
:10AA1C00614401911100260C2404240C61438C46E2
:10AA2C002100694389466146090C884672434A44B1
:10AA3C0042447543914503D98021490288464544D7
:10AA4C00110C884661460904090C8C4612046244B8
:10AA5C00B91802915146090C8C4651460F043F0C13
:10AA6C003900414345448846614641438A46414644
:10AA7C006046090C894658437B4353444B449A45E2
:10AA8C0003D98021490289464844190C894641461C
:10AA9C000904090C8846390061431B044344884669
:10AAAC0061464C4371438C46414677430E0C3F192B
:10AABC00F6194844B44203D9802149028946CC4452
:10AACC000299009F894631044F448946414697427A
:10AADC0092410C04240C4C44FF1852426419A118E6
:10AAEC009F429B41884682465B42994690459241E3
:10AAFC00AC42A441C244D1445242644214439945ED
:10AB0C009B41824592415B42524213434A46360C6A
:10AB1C00A419E31863445B02D20D1A4301999246BF
:10AB2C007A020A43501E8241FF0D17434A465202D5
:10AB3C001743B846DB0100D5EDE60D4B039A5B4499
:10AB4C009146002B00DCACE03A00520700D110E734
:10AB5C000F2258463A40042A00D0F9E609E7C046CD
:10AB6C00FF07000001FCFFFFFFFFFFFEFE070000D8
:10AB7C00FF030000220032436FD0002C00D1C2E052
:10AB8C00200000F0A9FE020003000B3A1D20821ADF
:10AB9C0030001900D04008398C40020022433400A8
:10ABAC008C405946CB1A86498B469B440A2D00DDB6
:10ABBC00A4E64946009B01945940CBB214000020F6
:10ABCC000393022D00DD67E6FBE6534603439846EC
:10ABDC003CD05346002B00D1A3E0504600F07CFE45
:10ABEC000B235B429C4602008444110050460839FA
:10ABFC0088401D23804660461B1A2000D840030065
:10AC0C00404603439A4623008B4098466C4B0025E4
:10AC1C009B1A9B46002302931AE60F2D00D0C9E025
:10AC2C00802352461B031A4202D01C4200D192E0F0
:10AC3C008024534624031C4324034246240B3EE643
:10AC4C009B46032380460C25029301E600239A467B
:10AC5C009B46013304250293FAE501210D430A2D8D
:10AC6C0000DD4BE6494600984140C9B20391022DE4
:10AC7C0000DC96E000230024012001930CE64946F9
:10AC8C000223009A2B435140CAB203920A2B00DDD7
:10AC9C0034E6002D57D1039B994600240022494BE2
:10ACAC000EE658460121C91A382900DD2FE61F2966
:10ACBC0056DD1F2254465242D31ADC40202907D0BD
:10ACCC00414B42469C465346604483401A4390464F
:10ACDC0042460721531E9A410B0022431340002485
:10ACEC00114209D00F231340042B5DD0111D91424A
:10ACFC009B410A005B425B07D2081A430023DFE545
:10AD0C00039B9946FAE5019800F0E6FD020003006A
:10AD1C00153220331C2A00DC38E7019A08388240AF
:10AD2C003FE700F0D9FD15239C468444020063469E
:10AD3C0020321C2B00DC58E70023984623000838EF
:10AD4C0083409A4662E71D000023002402200193F1
:10AD5C00A2E5029032E61C43009B019A9946AEE5AF
:10AD6C001A4B5246C31840469A40C84002434046CC
:10AD7C0098400300581E834154461A43CC40530755
:10AD8C0009D00F231340042B05D0131D934292417D
:10AD9C005242A4181A00230208D5012300240022D1
:10ADAC008EE5894600248BE50023A5E76307640242
:10ADBC00240BA1E7009BA2469946019B984637E7D6
:10ADCC000DFCFFFFFF0700003E0400001E04000006
:10ADDC00F0B557464E464546DE46E0B583B000908A
:10ADEC0001910C034D00CE0F610A009C5F00640FB3
:10ADFC000C43009900920193C80019037B0D9946EE
:10AE0C00019BCC4FDB0F9C464B0A00998046490FA7
:10AE1C001943009B8B46DA0092466D0DB94500D163
:10AE2C00BFE00123614659404B468C46EB1A8E42DB
:10AE3C0075D0002B00DCA3E24946002900D1CEE0FE
:10AE4C00BD4200D100E20127382B19DC802759467E
:10AE5C003F0439438B461F2B00DDFAE12027F91AFA
:10AE6C008C4659466746B9400F001100D9400F4334
:10AE7C0061468A40511E8A415946D9401743641A8B
:10AE8C00C71BB84280414042241A230200D440E13F
:10AE9C006402640A002C00D154E1200000F01CFD77
:10AEAC000300083B20213800CA1AD0409C40020005
:10AEBC009F4022439D4200DDA6E1581B0130091A38
:10AECC003C008F40C4407B1E9F4113008B402743A6
:10AEDC001F43C2403B0014000025134300D1F7E18F
:10AEEC007B0700D177E30F2338003B40042B04D0C1
:10AEFC00381DB842BF417F42E419230200D468E3F5
:10AF0C008C4B01359D4200D1F4E08B4B6D051C4000
:10AF1C006D0D6707C00864020743240BECE0002B9F
:10AF2C0000DC29E34946002900D0D6E059461143FC
:10AF3C0000D12EE1591E012B00D1E6E1BB4200D11C
:10AF4C0082E101270B00382914DC1F2B00DD3CE2C9
:10AF5C002027F91A8C4659466746B9400F00110054
:10AF6C00D9400F4361468A40511E8A415946D94007
:10AF7C00174364183F18874280414042241823022B
:10AF8C0000D4C6E06B4B01359D4200D1B2E00121EB
:10AF9C00694B7A081C4039400A43E7071743640899
:10AFAC009EE7664B11438A46EB18002928D066456C
:10AFBC002CD0002B5BD0002D00D12CE15B466646DB
:10AFCC005F07D2081743DD083B002B4300D1E2E0BA
:10AFDC00802424032C432403564D240B8CE0594627
:10AFEC00114300D1D5E0591E012B00D1B9E1BB4270
:10AFFC0000D1B1E101270B00382900DD40E72AE739
:10B00C006146012779408C466645D2D1002B00D190
:10B01C00C5E0002D00D055E14B462500054300D17D
:10B02C0012E2591E8C46012B00D149E2414DAB4234
:10B03C0000D18FE20127382911DC63461F2B00DD7C
:10B04C005BE26146202327005B1A050098409F4075
:10B05C00CD40431E9841CC402F430743A344BF1817
:10B06C009742924152425A4414004D4687E7344F5E
:10B07C006B1C3B4200D0B6E05946230011430F0035
:10B08C000343002D00D026E1002B00D1C0E10029A4
:10B09C0000D1A1E0831A98465B464045AD41E31AC6
:10B0AC006D425B1B80252D042B4200D14BE15B468E
:10B0BC00101A824292411C1B070001266346524221
:10B0CC00A41A27431E40002F00D142E12C4200D18C
:10B0DC006DE2194B01251C401BE7BD4200D13BE141
:10B0EC000127382B00DD45E7802759463F043943BB
:10B0FC008B462AE7002400272D052543F607354308
:10B10C003800290003B0F0BCBB46B246A946A046A5
:10B11C00F0BD7B0704D00F233B40042B00D0E7E6A7
:10B12C002B00F808034A67070743E508934200D150
:10B13C004AE7A5E0FF070000FFFF7FFF01F8FFFFD4
:10B14C00FE070000380000F0C7FB030018331F2B6C
:10B15C0000DCA7E63A00083882409D4200DD8AE018
:10B16C005B1B581C1F2800DCD8E117001F3BDF407D
:10B17C00202805D040231B1A9A40531E9A4117438E
:10B18C000025002F00D1E5E07B0700D0ABE62C00BA
:10B19C00C6E7C008C6E700270024D14DACE7D14F65
:10B1AC006B1C3B4271D123000343002D00D04EE1B8
:10B1BC005746002B00D1B5E1002F0DD083188342E8
:10B1CC0080415C4440422418220200D5C8E11F0093
:10B1DC009846274300D1BCE043466707DB081F4372
:10B1EC00E50800234CE0831A98465B464045BF4176
:10B1FC00E31A7F42DB1B1F027CD447461F4300D15E
:10B20C00A6E01C00474645E6B74CED1A14407B07F8
:10B21C0000D080E784E74B462500054366D05F1ECF
:10B22C00012B00D1FCE0AE4DAB4200D15EE1664695
:10B23C00382F00DCB4E00120171ABA4292415B4669
:10B24C0052424D469C1A20E66707C0080743E508A2
:10B25C00BAE61F005946203FF9400F00202B05D0BD
:10B26C004021CB1A594699400A43924653465A1EDE
:10B27C0093411F4304E6EB1A9B4D15406F07ED08F5
:10B28C002C035D05240B6D0D36E7954DAB4200D1BB
:10B29C00D6E082182100824280415944404208186D
:10B2AC00C707520817434408520700D485E10F2200
:10B2BC001D003A40042A00D01AE6FF086407274311
:10B2CC000509DDE75B46D2085F071743DD087BE61F
:10B2DC000027002410E7002B00D0D6E0002900D076
:10B2EC002FE1802400267E4D240305E766465C464C
:10B2FC00D00817E75B46171ABA4292411C1B01266D
:10B30C0063465242A41A1E40C4E58318834280410E
:10B31C005C44404225182A0200D4DAE0724A5B08E9
:10B32C001540EA071A4369085B0700D44AE10F236A
:10B33C001340042B00D1FCE0171D9742A44164423A
:10B34C0002256418ECE647461C001F4300D043E777
:10B35C00002600250024CFE6C00867070743E50850
:10B36C0032E6871A5B46B8428041E41A4042241AFE
:10B37C00230228D46307FF081F43E50801237FE756
:10B38C00002B00D173E64B465F1B3B00002D00D118
:10B39C0042E7382F00DDECE080230E001B041C4339
:10B3AC001F2F25DC20252300ED1B0100A840AB40FE
:10B3BC00F940451EA8410B43FC4018435B461B1B40
:10B3CC009B4639E76646012562E51F005946203F3A
:10B3DC00F9408C46202B05D040275946FB1A994042
:10B3EC000A43924657467B1E9F4163461F43C1E565
:10B3FC003B002500203BDD40202F04D04023DB1BED
:10B40C009C40204380464046431E9841284313E706
:10B41C0000299DD0012663465C4690461E40DBE623
:10B42C00171A5B46BA4292411C1B5242A41A2302C1
:10B43C00C8D46307FF081F4366460123E5081FE7CE
:10B44C001D000024002757E65C46D0086AE6002B56
:10B45C0000D137E75346C00867070743E508002BC0
:10B46C0000D1B1E580231B031D4208D05946C80802
:10B47C00184204D1D20849070A43170005007B0F74
:10B48C00FF00FF085B071F439EE5C00863071843D6
:10B49C00E508002953D080231B031D420AD05946CE
:10B4AC00CC081C4206D1012663462500D00849076A
:10B4BC0008431E40470FC000C0087F07074383E5C1
:10B4CC008318934292415C445242A5182A0200D53B
:10B4DC0024E76F07DB081F43ED080123D0E6C046C5
:10B4EC00FF070000FE070000FFFF7FFF5B46D2084E
:10B4FC005F0766461743DD0866E52500203BDD4007
:10B50C006346202B05D0402361465B1A9C402043A8
:10B51C00804647467B1E9F412F43A0E520210027F4
:10B52C00091AD2E4002F00D113E75C46170000255E
:10B53C00F6E5D708490702230F432D09A0E60700BB
:10B54C0042E55B4601265F07DD086346D2081743D8
:10B55C001E4039E55B46D2085F071743DD0833E52B
:10B56C001E4ADB0822405707520201251F43140BC9
:10B57C00C2E50E0001205FE6002B0DD04B465B1B95
:10B58C009C46002D00D148E50127382B00DD66E5EF
:10B59C0080231B041C4350E56B1C114D2B4200D027
:10B5AC0073E65946230011438A46034300E66707B6
:10B5BC00C00800230743E50862E66407FF08274339
:10B5CC0005095DE6D208490711430F0002232D0936
:10B5DC0056E60700A4E538008FE4C046FFFF7FFF66
:10B5EC00FE070000F0B5C6461E03360BB0460D4EE6
:10B5FC000C034D005F0000B5240B6D0D7F0DB542A3
:10B60C000BD0084900208F4204D146461643300027
:10B61C00431E984180BCB846F0BD04430120002C69
:10B62C00F8D1EEE7FF0700000B00020070B5164DD5
:10B63C000C0382B04900002000920193240B490DA9
:10B64C00DE0FA94204DD1148814203DD104BF018D6
:10B65C0002B070BD8020400320430E4C641A1F2C96
:10B66C0008DD0D4B5B1AD84003005842002EEFD179
:10B67C001800EDE7094B009A9C46030061448B408F
:10B68C00E2401343F1E7C046FE0300001D04000036
:10B69C00FFFFFF7F3304000013040000EDFBFFFFEE
:10B6AC0070B5002816D0C317C5185D40C40F28000C
:10B6BC0000F012F9104B1B1A5B055B0D0A2814DC09
:10B6CC0002002E00153296400B22121AD5402D0383
:10B6DC002D0B03E000240023002500261B052B4323
:10B6EC00E40723433000190070BD0B3885402D034F
:10B6FC0000262D0BF2E7C0461E04000010B5041EF8
:10B70C0010D000F0E9F80E4B1B1A5B055B0D0A28F4
:10B71C000FDC0B222100121AD14015300A03844091
:10B72C00120B01E0002300221B051343200019001B
:10B73C0010BD22000B38824012030024120BF3E7D9
:10B74C001E04000070B542024300C40FFE201B0E05
:10B75C00591C550A08420CD0E02189008C466D0713
:10B76C00120B63441B051343E40723432800190001
:10B77C0070BD002B14D1002D1BD0280000F0ACF8AC
:10B78C000A281CDC0B232A001B1ADA400300153391
:10B79C009D400E4B12031B1A5B05120B5B0DE1E770
:10B7AC00002D09D0130B802212031A436D07084B8E
:10B7BC00D8E700230022D5E70022054BD2E703008F
:10B7CC002A000B3B9A400025E3E7C04689030000A2
:10B7DC00FF070000F0B54B000F035B0D3A4C450F13
:10B7EC0083B07F0A5E1C2F4300900191CA0FC500E5
:10B7FC0026420BD035495C18FE2C13DDFF200023AC
:10B80C00C0051843D207104303B0F0BD3D43002BD5
:10B81C0001D10020F4E7002DF0D08023DB03FF20C2
:10B82C003B43EDE7002C0CDD009BFF009B01581EF9
:10B83C008341690F3B430B43590727D1DB08E0B227
:10B84C00DEE72100173131DB80211E20090439434A
:10B85C00001B1F282DDD02267642341B0E00E6400D
:10B86C003400202804D01A488446634499400D4380
:10B87C002B00591E8B412343590703D00F2119402C
:10B88C0004290BD19B0100205B0AB9E70F21194059
:10B89C00042904D19B015B0AE0B2B1E70024043314
:10B8AC005901F7D501340023E0B2A9E700200023A9
:10B8BC00A6E7084C1C192B00A540C340A140681EEC
:10B8CC00854129430B43D7E7FE07000080FCFFFFAF
:10B8DC00A2FCFFFF82FCFFFF1C2101231B049842EA
:10B8EC0001D3000C10391B0A984201D3000A083905
:10B8FC001B09984201D30009043902A2105C4018BC
:10B90C007047C0460403020201010101000000005F
:10B91C000000000010B5002903D1FFF7DDFF203037
:10B92C0002E00800FFF7D8FF10BDC04682B073B527
:10B93C006C460091079321000300626060C960C3EC
:10B94C0007AA60CA60C313001500103006CB06C0EE
:10B95C0001220098616803F075FA69680122099860
:10B96C0003F070FA73BC08BC02B0184737B504007A
:10B97C0003F076FEA068A38902691342FCD001692A
:10B98C000A001A401942FAD101AD2068616803F02F
:10B99C0059FA29000122032003F094FD03CC012263
:10B9AC0003F050FA03F05AFE28786B7800041B025F
:10B9BC001843AB7818433EBDF0B5094985B0094B27
:10B9CC0001ACC0CBC0C40B004968074A00911B688E
:10B9DC00064811685268FFF7A9FF05B0F0BDC046D4
:10B9EC00440000203C0000202C000020C402002059
:10B9FC0010B50348FFF7BAFF80231B04584010BD55
:10BA0C00C402002010B50548FFF7B0FF80231B04CB
:10BA1C005840984201DA024B181A10BDC40200209B
:10BA2C00FFFF7F0070B504250024FFF7E1FF013D07
:10BA3C002418002DF9D10723E01718400019C01065
:10BA4C0070BD0000F0B504000525002699B00392E6
:10BA5C000F0048227C4906A804930BF03EFE631F9E
:10BA6C0001937A4B02937A4B0593019BAB4257DCC3
:10BA7C0000221E9B1E80774B1A70774A1278029216
:10BA8C00764A964200D874E001251D70714B744AB9
:10BA9C001B782C000192002B1ED0029B714E002BA8
:10BAAC0000D1A0E0704B1B78002B00D19BE06F4BBA
:10BABC001B78002B00D196E06D4B7C1E1C60012284
:10BACC00694B1A70974201D16A4B1F70FA22338866
:10BADC0092009B189BB233805F4B1B78002B0CD0D1
:10BAEC00614B1B78002B08D0604B1B78002B04D0CB
:10BAFC005F4B1B68AB4200DA1C00019B1B78002BD0
:10BB0C0009D05D4B1B78002B05D15C4B039AD35CA1
:10BB1C00A34200DC5C1E201E00DC012019B0F0BD2D
:10BB2C00029B6A00985AFFF7BBFD0022544BFFF7AB
:10BB3C004FF9FFF779FDC317C4185C40059B6A00E9
:10BB4C00985AFFF7ADFD00224D4BFFF741F9FFF777
:10BB5C006BFDC317C018584082B2231CA4B2944288
:10BB6C0000D2031C9AB2B24200D2331C9EB20135F1
:10BB7C007BE7029B002B04D001223C4B1A703C4B00
:10BB8C001F60092301937B1E06ACDB00E3180593B1
:10BB9C00019D30006B1E0193FFF782FD226C636CDC
:10BBAC00FEF730FE059B083C1A685B68FEF7F0F95F
:10BBBC00344A354BFCF740FC002803D1019B002B89
:10BBCC00E6D10125264B1B78002B00D15EE7052F13
:10BBDC0000DC5BE7BD4200DC58E72C4B9E4200D8F2
:10BBEC0054E77D1C52E70624A74207DC023C062FD3
:10BBFC0004D03C00032F00DD0324013C019B029A7E
:10BC0C001B78002A00D05AE7002B00D15EE7049B7A
:10BC1C00002B0ED0039B1E4A013BD35C032B08D890
:10BC2C0001221C4B1A701C4B1C6033881B199BB2D5
:10BC3C003380114B1B78002B00D047E70F4B039A36
:10BC4C00D75402F095FA41E7B08C010884570020D4
:10BC5C00944C002002040020D90100205B3F00001E
:10BC6C005A6300207E670020C2650020C06500205A
:10BC7C0004020020C1650020BC0A0020776300206C
:10BC8C0080FFCF409A99999959CCCC4070170000FD
:10BC9C00D4030020C36500200002002070B506000C
:10BCAC000D0019001D4B10001B781D4C013E002B84
:10BCBC0021D000221B4BFCF7B9FB002803D11A4BF7
:10BCCC001B78002B1AD1A35D0133DBB2A355002DD9
:10BCDC0004D06A1EA35C0133DBB2A354A35D072B13
:10BCEC0001D90723A355002D05D0013D635D072B1A
:10BCFC0001D907236355A05DC0B270BDA35D002BB5
:10BD0C0003D0A35D013BDBB2A355002DE6D06A1E28
:10BD1C00A35C002BE2D0A35C013BDDE75D6300205C
:10BD2C00D403002000002E400104002010B5D022C6
:10BD3C0000210B480BF03CFC00230020094A0A4967
:10BD4C0013700A4A13700A4A10605160094A0A4873
:10BD5C000A49106051600A4A137002F08BFA10BD48
:10BD6C0078620020D203002000002E40D303002074
:10BD7C0000000020080000200E2DB29DEFFF58405F
:10BD8C00D103002010B56822002103480BF010FCF1
:10BD9C0002F0ECF810BDC0463865002000231900F5
:10BDAC0010B5044AD15401330D2BFBD102F0BEF96E
:10BDBC0010BDC046D4030020F7B502F0E8FC424B9E
:10BDCC0005001B780C27002B00D1083F3F4B404A45
:10BDDC001B78019300231E00019999424CDC3D4BCA
:10BDEC0004241B78002B10D03B4B013C1B78A34246
:10BDFC000BD83A4B1B78002B04D0394B02341B78F0
:10BE0C00002B02D0AF423ED80224200001F0AAFF42
:10BE1C00AF4207D1334F3B78002B03D1FFF786FF9E
:10BE2C0001233B70304B1B78002B23D03000FFF7E5
:10BE3C0065FC00222D4BFEF7E5FC060001980F0077
:10BE4C00FFF72EFC02000B0030003900FEF7A0F8C3
:10BE5C000022274BFCF70EFB00280BD0254A136859
:10BE6C00012B07D102201060234A137002F0AEFAA6
:10BE7C00FFF794FF2000FEBDD15C022901D90136E9
:10BE8C00F6B20133A8E71D490022086849681C4B2B
:10BE9C00FCF7CCFA002805D002F094FC022801D85B
:10BEAC000624B2E7174B18685968FCF78DFB134949
:10BEBC00C4B2002208684968114BFCF7B7FA002895
:10BECC00A3D0022CECD19FE78C670020410200200C
:10BEDC00D40300208F670020B065002038020020BA
:10BEEC00A1660020B8030020D801002000005940B2
:10BEFC0000004940DC0100205C630020580A00204F
:10BF0C0000002E40C00300200C4B70B518780C4B71
:10BF1C0003221C780525002306260A49002800D098
:10BF2C002A00002C00D03200CA5401330D2BF5D15D
:10BF3C000022054B1A7002F045F970BD59630020C0
:10BF4C00D8010020A0650020AF650020F0B58DB0B1
:10BF5C000B930E001300069001928A4208D1854A79
:10BF6C0094466344DB00C318186859680DB0F0BDE3
:10BF7C0000240F00019B251C5B1A04930294019B67
:10BF8C009F4200DA87E00498FDF7A6FB071C011C12
:10BF9C000298FCF7F5FD391C0790281CFCF7F0FD06
:10BFAC00391C0890201CFCF7EBFD0024099004942C
:10BFBC00271C03940294019B9E4200DA8EE00499A4
:10BFCC000298FCF7ABFF391C051C381CFCF7A6FFCC
:10BFDC00011C281CFDF7FCF80499061C0398FCF7BF
:10BFEC009DFF211C051C381CFCF798FF011C281C0C
:10BFFC00FDF7EEF8311CFCF7C3FD211C051C029863
:10C00C00FCF78CFF391C041C0398FCF787FF011C00
:10C01C00201CFDF7DDF8311CFCF7B2FD291C041CBB
:10C02C000798FCF77BFF011C0898FDF7D1F8211C41
:10C03C00061C0998FCF772FF011C301CFDF7C8F8B0
:10C04C000B9B061C5A1E9341019AD31A180001939C
:10C05C00FDF742FB291C071CFCF760FF311CFCF7A9
:10C06C009DFB211C051C381CFCF758FF391CFCF7E8
:10C07C0055FF011C281CFCF791FB0021041CFCF74C
:10C08C0015FA002800D000243B49201CFCF746FF81
:10C09C00FFF758FB6AE73800FDF71EFB069AFB001A
:10C0AC00D318039018685968FFF794FB3249FCF7D2
:10C0BC0067FD011C281CFCF771FB0399051C0298F9
:10C0CC00FCF76CFB03990290081CFCF727FF011C82
:10C0DC00201CFCF763FB0137041C50E73000FDF714
:10C0EC00FBFA0799051CFDF773F8011C0590FCF78A
:10C0FC0015FF011C0298FCF751FB069AF300D318AC
:10C10C00029018685968FFF765FB1B49FCF738FD6E
:10C11C000899FDF75DF8011C0A900598FCF7FEFEE6
:10C12C00011C0398FCF73AFB291C0390281CFCF714
:10C13C00F5FE0999FDF74CF8051C011C0598FCF758
:10C14C00EDFE011C381CFCF729FB291C071C281CC4
:10C15C00FCF7E4FE011C0498FCF720FB291C04905E
:10C16C000A98FCF7DBFE011C201CFCF717FB0136C0
:10C17C00041C20E7FFFFFF1F00FEFF46F8B506007A
:10C18C000F0014001D00FCF775F900280CD0069A5E
:10C19C00079B30003900FCF759F900282FD03400E8
:10C1AC003D0029002000F8BD22002B003000390092
:10C1BC00FCF74CF900280FD0069A079B3000390089
:10C1CC00FCF758F90028EAD1069A079B20002900B1
:10C1DC00FCF73CF90028E4D122002B003000390098
:10C1EC00FCF748F9002807D0069A079B2000290085
:10C1FC00FCF740F90028D4D1069C079DD1E722001A
:10C20C002B0030003900FCF711F90028ECD0D3E7F3
:10C21C00F0B589B0069007911900814B10001B787E
:10C22C00002B05D100247F4D2000290009B0F0BD62
:10C23C0000227D4BFDF7E6FA02000B0000207B4943
:10C24C00FDF7A6FE02000B00029003910020784936
:10C25C00FDF79EFE0022774BFEF7BAFD029A039B78
:10C26C0004000D0000207449FDF792FE0022714B72
:10C27C00FEF7AEFD0E9A0F9B009001912000290055
:10C28C00FFF77CFF00246D4D02000B000020009492
:10C29C0001956B49FFF772FF00226A4B04900591E0
:10C2AC00FEF796FD684B694AFEF7ACFA0CF01EF8E7
:10C2BC00674B1B78002B54D10022664BFDF7A2FA7A
:10C2CC0002000B0064486549FDF762FE644A654B49
:10C2DC00FDF798FA06000F00049805990022624BAE
:10C2EC00FEF776FD32003B00FEF78CFA00220400CC
:10C2FC000D00069807995D4BFEF76AFD02000B00D6
:10C30C0020002900FDF77EFA554A04000D00554B1C
:10C31C0030003900FEF75CFD0022554BFEF772FA37
:10C32C0002000B0020002900FDF76CFA514A524B19
:10C33C00FEF768FA029A039BFEF764FA00220023C8
:10C34C0004000D00FCF778F8002800D06AE7002202
:10C35C0020002900494BFCF783F8002800D061E746
:10C36C0062E7009401950E9A0F9B00204449FFF759
:10C37C0005FF069A079B04000D0000204149FEF7BB
:10C38C0027FD220006000F002B0000203E49FEF77F
:10C39C001FFD02000B0030003900FDF733FA3B4A59
:10C3AC0004000D0002980399394BFEF72BFA02009A
:10C3BC000B0020002900FEF725FA04000D00354A79
:10C3CC00354BFEF71FFA22002B00FEF71BFA22005A
:10C3DC002B00FEF717FA314A06000F002000290047
:10C3EC002F4BFEF70FFA22002B00FEF70BFA020080
:10C3FC000B0030003900FDF705FA2A4A06000F0041
:10C40C0020002900284BFEF7FDF902000B0030003C
:10C41C003900FDF7F7F9254A254BFEF7D9FC8DE7D6
:10C42C000104002000002E400010714000A072405A
:10C43C00004C98400000894000A89B4000C08C40F4
:10C44C000080864000E08A409999C9BF9A999999D1
:10C45C00596300200000F03FC01E85EB51B89E3F91
:10C46C00A4703D0AD7A3E83F00488C4000407F40B1
:10C47C0000408F403BDF4F8D976E92BF00002C40E9
:10C48C000008864000908040002889409E12E429D4
:10C49C00419E923F1B0DE02D90A0A83FBA490C0283
:10C4AC002B87F0BF8351499D804620400E2DB29DB5
:10C4BC00EF272F401F4B70B51B781F4E34687568E3
:10C4CC00002B18D122002B0000201C49FEF780FC09
:10C4DC001B4A1C4BFEF796F922002B00FDF792F934
:10C4EC00194A1A4B04000D00FBF7BAFF00281CD1A7
:10C4FC003460756070BD164B1B88002B08D0220071
:10C50C002B0000201349FEF763FC0D4A124BE1E7A8
:10C51C00200029000A4A114BFEF774F902000B00A7
:10C52C0020002900FEF754FCDAE7074B074C336078
:10C53C007460DFE701040020C00300200000084005
:10C54C009A9999999999A93FCBA145B6F3FD0740C2
:10C55C007E6700200000F83F9999B93F9999C93F2F
:10C56C00F0B516001F00364B0C001B78E1B0002212
:10C57C0030003900334BFBF759FF002804D0324B05
:10C58C001868596861B0F0BD0022300039002F4B9B
:10C59C00FBF752FF002846D0002200233000390060
:10C5AC00FBF75EFF00283ED0002C3CD100241A2162
:10C5BC00274A284D14578C46E300013464B2EB181B
:10C5CC001E605F6023001470234AA4441900192BC9
:10C5DC0000DD1A39C900691801330868496803C2BB
:10C5EC006345F3D11D4B1B780693002C3EDC002BCE
:10C5FC0000D0CEE10023134C009301940023144A85
:10C60C00D356192B04DD1A3B13700122134B1A70ED
:10C61C00FFF750FF069A0C4B002AB1D00099019AF3
:10C62C0019605A60ACE7E1210D4A890013885B1848
:10C63C009BB2138000220B4B1A700B4B1A709EE7A7
:10C64C009367002000002E400000002000002C40CA
:10C65C00D203002078620020E0020020D3030020E7
:10C66C007E67002001040020000400201A23189388
:10C67C00069B002B00D11894D02200212CA80AF084
:10C68C0097FF25000023D54A029300921A3D9C4245
:10C69C0000DC9EE29D420DDC2CA88446009AD90059
:10C6AC008C44891862460868496810605160029988
:10C6BC0001310291189A01339A42E8DC08221A21BE
:10C6CC00C74B2CA80AF0F8FC029B029ADB0F9B18B4
:10C6DC0002995B10DA00C90700D45DE12CAB9B1802
:10C6EC005C681B680093019401230693029B052B45
:10C6FC0000DC82E0BB4C002220686168BA4BFBF77F
:10C70C0095FE002801D026606760236864682E9827
:10C71C002F990493059432003B00FBF78DFE002803
:10C72C000BD1049A059B30003900FEF751FB002217
:10C73C00AE4BFBF795FE00280AD0AD4B1A78AD4BEB
:10C74C00002A00D13BE101221A600022A84B1A708A
:10C75C00029B2CAA023BDB00D11808684968320006
:10C76C003B00FBF77DFE00280BD1049A059B3000A3
:10C77C003900FEF72DFB00229F4BFBF75DFE0028D6
:10C78C000AD09E4B1A789B4B002A00D11EE1012245
:10C79C001A600022994B1A70964B00251A68022ACF
:10C7AC0001DD1D6001350298FEF77AFF0022944BE3
:10C7BC00FDF7EEFBFEF738FF2CAAC300D1180400DE
:10C7CC00049A059B08684968FBF736FE002800D0E0
:10C7DC0030E1029B2CAA013B1B1BDB00D118086823
:10C7EC004968049A059BFBF73BFE002800D021E129
:10C7FC00002D00D076E100230693002400260027AC
:10C80C00804B764D1B785BB204931A3B0A937E4B9C
:10C81C001B780C93049BA34200DCDFE10A9BA34230
:10C82C0013DC009A019BE100491908684968FEF77E
:10C83C00CFFA02000B00FDF7E5FF02000B00300001
:10C84C003900FCF7DFFF06000F00189B0134A342F0
:10C85C00E0DC0298FEF724FF02000B0030003900E8
:10C86C00FDF796FB0BF0B0FD0A0016901791010036
:10C87C00664B19605A600022654B1A70654B1B7829
:10C88C00934204D1644B1B78934200D04FE1634B2D
:10C89C00634C644E12931394634F049B032B03D18C
:10C8AC000C9B002B00D147E180240023E40510935E
:10C8BC0011940022002300240E920F93474B0A94EC
:10C8CC001993049B013B1A93049B1A3B1B93049BE7
:10C8DC00A34200DC87E11B9BA3423FDC199AE300D7
:10C8EC009B181A685B681492159314981599009A02
:10C8FC00019BFEF76DFA0290039110981199029B1F
:10C90C000893039B5B005B080993169A179BFDF732
:10C91C0079FF02000B0008980999FBF78DFD0028A0
:10C92C0008D1129A139B08980999FBF785FD0028EA
:10C93C0000D104E10898099932003B00FBF77CFD1B
:10C94C00002800D1FBE00E980F990A9B01330A9343
:10C95C00149A159BFCF756FF0E900F91189B0134FF
:10C96C00A342B4DC314B1B78002B02D00022304B9D
:10C97C001A600A9B002B00DC40E61800FEF790FEC4
:10C98C0002000B000E980F99FDF702FB009001912D
:10C99C0034E61A2318936FE6013BDB002CA9C91867
:10C9AC002CAB9B181A685B6808684968FCF72AFF6F
:10C9BC0000220E4BFDF726FF0090019194E61A68B9
:10C9CC0001321A6001220D4B1A70BEE61A68013250
:10C9DC001A600122064B1A70DBE6C0467862002012
:10C9EC00C91701080000002000002E400000E03FA5
:10C9FC00B0030020B40300200000E0BFB10300200E
:10CA0C0000001840D2030020D303002010000020A7
:10CA1C00D003002059630020D80100203333333376
:10CA2C003333C33F9A9999999999C93F01040020CE
:10CA3C00FC03002000236E4C0025402200211CA882
:10CA4C00069307940AF0B4FD6A4B1CAC0E932B00B2
:10CA5C000E9AC8339B181A685B680A920B930A9853
:10CA6C000B99009A019BFEF7B3F94B005B080D93F1
:10CA7C000C9006000F000C980D9900225E4BFBF7F2
:10CA8C00EFFC002831D0009A019B22606360083DC6
:10CA9C002B0008344033DAD10123082200211CA8D2
:10CAAC00FFF754FA554B06000F000A930020069A24
:10CABC00079B5149FEF78CF9049A059BFDF7A2FEE2
:10CACC00320004000D00069807993B00FDF79AFE12
:10CADC000B00020029002000FCF794FE0A9B186052
:10CAEC00596088E6464B474CA6E7454A300039006A
:10CAFC00454BFBF7B5FC424A002807D0009801993A
:10CB0C00414BFCF77FFE20606160C0E730003900CC
:10CB1C003E4BFBF791FC002802D10A9A0B9BB4E721
:10CB2C00374A394B00980199FEF752F9EBE7384E2A
:10CB3C00384F12961397B0E600232F4CB7E61A9B8A
:10CB4C00A34200D00AE7344A1578002D00D105E73E
:10CB5C0032490B8864339BB20B8000231370304A2C
:10CB6C00137001222F4B1A702F4B00221B78002BB5
:10CB7C0019D1029803990023FBF75EFC00281FD003
:10CB8C002A4A136801331360294B1A780323002AAD
:10CB9C0000D1023B254A12689A4200DCDEE60122F3
:10CBAC00244B1A70DAE6002302980399FBF758FC21
:10CBBC00051EE5D101221D4B1A601B4B1D70E3E7CE
:10CBCC000022029803990023FBF74AFC0028F1D1BC
:10CBDC00DAE7069A002A00D16CE55DE50C9B002B88
:10CBEC0000D132E61DE60C9B002B00D1B6E675E6B3
:10CBFC000000E03FE00200200000F03F00000020B9
:10CC0C009A9999999999C93F9999B93F9999B9BFA5
:10CC1C00333333333333D33F010400207E6700209A
:10CC2C0000040020D003002020000020FC03002082
:10CC3C008C670020FA030020F0B5002201260400C6
:10CC4C00094F0A488A4200DBF0BD0825A35C584016
:10CC5C00030033405B423B4040085840013D80B2EA
:10CC6C00002DF5D10132EDE701A0FFFFFFFF000021
:10CC7C000122024B1A8000225A807047E2030020E6
:10CC8C0070B5084C050023780E00002B01D1FFF77E
:10CC9C00EFFF31002800FFF7CFFF01236080A08059
:10CCAC00637070BDE203002010B5FFF7E9FF014B84
:10CCBC00187910BDE20300200020034B5A78824201
:10CCCC0000D058797047C046E203002070B50400CC
:10CCDC000D0000226168006802F0B4F829000122FE
:10CCEC00032002F095FB03CC012202F0ABF870BDDF
:10CCFC007FB56B4600915A6019000200050011C9FE
:10CD0C0011C201220098596802F09CF801262823D0
:10CD1C0003AC280021002380A670FFF7D7FF38232F
:10CD2C00280021002380A670FFF7D0FF02232800E3
:10CD3C00F61821002380A670FFF7C8FF30232800C7
:10CD4C002100A6702380FFF7C1FF7FBD07B590229D
:10CD5C000B001202914200D91300182201A90A708B
:10CD6C001A0A4A708B70FFF7B1FF07BD07B5902206
:10CD7C000B001202914200D91300192201A90A706A
:10CD8C001A0A4A708B70FFF7A1FF07BD00880B8849
:10CD9C00C01A7047F0B51F0000250C0085B08B0041
:10CDAC00060018580A9B039218603D60039B9C4236
:10CDBC0001DB00251BE0A3000293F3580193002D27
:10CDCC0008D1191CFBF772FB431E98410500019812
:10CDDC000134EBE70199FBF77DFB0028F7D0029BB0
:10CDEC000A9AF318043B1B68013C3C601360280052
:10CDFC0005B0F0BDF0B51F0085B08B0006001858CB
:10CE0C000A9B0C0018600023012503923B60039BD6
:10CE1C009C4201DB00201EE0A3000293F358019317
:10CE2C00002D0AD0191CFBF755FB431E984101231A
:10CE3C0005005D4001980134E9E70199FBF736FBE9
:10CE4C000028F7D00120029B0A9AF318043B1B68B8
:10CE5C00013C3C60136005B0F0BDF0B50C00060061
:10CE6C00002785B003938B001958930001921B582F
:10CE7C000A9A019D1360013C019B9C4207DD002F27
:10CE8C000DD0631BDA179B185340052B07DD039B52
:10CE9C000A9A1D60AD00AB59136005B0F0BDA3003C
:10CEAC00F358181C0293FBF715FB002806D0002F33
:10CEBC0001D1651C01370299013CDDE70700FAE757
:10CECC00F0B50C000600002785B003938B001958B1
:10CEDC00930001921B580A9A019D13600134019B27
:10CEEC009C4207DA002F0DD0631BDA179B185340B6
:10CEFC00052B07DD039B0A9A1D60AD00AB5913602F
:10CF0C0005B0F0BDA300F358181C0293FBF7E2FA2E
:10CF1C00002806D0002F01D1651E0137029901347B
:10CF2C00DDE70700FAE7000070B50D0004000222EF
:10CF3C00044B0AF0C1F8E90F491949108900085946
:10CF4C0080B270BD99CD0008F0B50D0000241F4BC8
:10CF5C0085B002931E4B21310190203D009103932B
:10CF6C00009B9D420BD11B49201CFBF709FEFEF7D1
:10CF7C00E9FB0BF029FAFEF72DFC05B0F0BD029A87
:10CF8C006B00D05A039AD35AC01AC317C018584012
:10CF9C00FCF7A2FB019AAB00D158FCF719F9FEF78C
:10CFAC00D1FB02000B00FDF72DFC0600201C0F002E
:10CFBC00FEF7C8FB02000B0030003900FCF722FC26
:10CFCC00FEF708FC0135041CCAE7C0468457002054
:10CFDC00944C002000008242F0B5002689B000AFCE
:10CFEC003A61013A3B60D30F9B185B10B8607960D3
:10CFFC00BB613B689E4202DBBD4609B0F0BD6B468F
:10D00C00BC69FB603B69FB61A64203DA3400730028
:10D01C000133FB616A460025FB69341B9B00073317
:10D02C00DB08DB00D31A9D467B61BB68A4001C198E
:10D03C00FB69AB420CDC19007869FFF775FFFCF754
:10D04C009BFB7B68B4001851FB6801369D46D0E70A
:10D05C0001CCFCF721FB7B69AA0098500135E7E76E
:10D06C00F0B5002489B00492013A0593D30F9B18B4
:10D07C005B100393059B069007915E1E059B9C42DB
:10D08C0001DB09B0F0BD039B9C421ADA230065005A
:10D09C000135069AE31A9B00D7180023029300234C
:10D0AC000193029B9D4216DC2800FCF715FB011C2A
:10D0BC000198FBF765FD079BA700D8510134013E91
:10D0CC00DCE7039A3300964202DA75000135E0E79B
:10D0DC00039B049DDDE7019802CFFBF75FFB029BEE
:10D0EC00019001330293DCE7F8B504000D00002039
:10D0FC00012917DD00268F00231FFF1821686068A7
:10D10C00FCF766F841004908301CFBF747FB043478
:10D11C00061CA742F2D1681EFCF7DEFA011C301C7B
:10D12C00FBF72EFDF8BD0000F7B5104B00251B6872
:10D13C000F4E019301230F4F5B420093019BAB42B7
:10D14C0001DC0098FEBDF16BB06BFBF7E7FE041C35
:10D15C00011C381CFBF7AAF9002804D13C1C013532
:10D16C002836271CEAE70095F9E7C046E8030020BB
:10D17C0004040020000080BFF0B5184B85B01B687C
:10D18C0000250393164B174F5C681B6800930194A2
:10D19C000123154E5B420293039BAB4202DC0298C7
:10D1AC0005B0F0BDF86CFEF7CDFA009A019BFDF7C7
:10D1BC000FFEFEF739FAC317C0185840FCF78CFA6B
:10D1CC00041C011C301CFBF785F9002804D1341C0D
:10D1DC0001352837261CDFE70295F9E7E803002024
:10D1EC00C80A00200404002000FEFF46F7B50E4BD1
:10D1FC0000241B680D4E019301230D4D5B420093DF
:10D20C00019BA34201DC0098FEBD376C281C391C25
:10D21C00FBF760F9002804D12F1C013428363D1C83
:10D22C00EEE70094F9E7C046E80300200404002070
:10D23C0000FEFF46F0B5A1B0139326AB1B8800246B
:10D24C000C9327AB1B78129215930023DC221C93B2
:10D25C001D931E931F93D04B03901091CF48210028
:10D26C0052001C60189419941A941B940AF0A0F99B
:10D27C00CB4B1C70CB4B1B78A3421ED032231B9381
:10D28C0000230793002300260E930B93C24D2C68AA
:10D29C00092C60DC0C9A15981CAB00931B99323A44
:10D2AC0018AB00280FD00398FFF774FD0A90002CE0
:10D2BC0020D00A9B002B20D14DE0BB4B1B78002BC0
:10D2CC00DED01423DBE70398FFF794FD0123189AB3
:10D2DC002B60B64B9200D358109A1C981360002206
:10D2EC00129B1A60FBF758F9139B1880109B186857
:10D2FC0021B0F0BD0A9B002B29D0AB4B189E1B789C
:10D30C00002B00D062E11EAB012231000398009388
:10D31C001AABFFF7A2FD0C9B31005A1E1FAB0398F2
:10D32C0000931BABFFF7CCFD1C98FBF735F983B2D0
:10D33C0018000793FCF7D0F91E99041CFBF748FF63
:10D34C001F990B90201CFBF743FF0E9053E0954B5D
:10D35C001B78002B30D1904B904D1E68002E00DDB9
:10D36C006CE100D0B1E10C9C904B013CEC60A40052
:10D37C001A68E3582A61AB61039B6A6118682E60D6
:10D38C00AE60FBF709F9039B80B2A883E883E058F1
:10D39C00FBF702F92884864B109A1E602B691360E8
:10D3AC00A88CFCF7E9F9129B139A1860AB8B300030
:10D3BC001380FCF7E1F99BE77E4B1B78002B00D127
:10D3CC00DCE07D4B794D1A685B68049205930C9BED
:10D3DC009C4210DAA300E858FEF7B4F9049A059BB6
:10D3EC00FBF72AF8002800D1D3E023001894323B35
:10D3FC0032341A931B941A9B08931B9B089A09931B
:10D40C00189B049206939B1A642B02DD069B643BCB
:10D41C000493099B069A099D9B1A642B01DD150048
:10D42C006435049BEB1A581C80000D9309F0D8FC52
:10D43C000700049B039A9B009B58049C1193AB0020
:10D44C009B580F9014935D4B1793A54200DBCDE0D6
:10D45C001DAB009300210D9A0F9819ABFFF79AFCA6
:10D46C00071E1CD01D98FBF797F883B21800079382
:10D47C00FCF732F91199FBF7ABFE0021199E051C44
:10D48C00FBF732F8002800D0CDE00B9D0A9B002B57
:10D49C0002D10122424B1A70049B0B95F6180F987F
:10D4AC0009F0A8FC404B1B78002B0CD0444B1B788C
:10D4BC00002B00D1B9E03D4B4249B200D058FBF7EC
:10D4CC0013F8002819D0089B0020F31ADA179B18C0
:10D4DC005340052B11DD099BF31ADA179B185340A7
:10D4EC00052B0ADD089A099B9B1ADA179B185340E7
:10D4FC000122142B00DC02001000274B1B68049344
:10D50C000A9B002B02D1002F00D124E7002830D039
:10D51C002824049B30005F1C23007B430D93FCF7F5
:10D52C00DBF81E4D0D9BE850049B08985C43FCF700
:10D53C00D3F82C19E0620998FCF7CEF82063079811
:10D54C00FCF71AF90B9B3100A3630E9B60630398E5
:10D55C00E363FFF7F9FCFE239B05206463640698E4
:10D56C00FCF7BAF8114BB200D358A064E3640A4B31
:10D57C001F600A9B002B00D088E6ECE6124B1B7850
:10D58C00002B00D01DE701F002F9002800D1E2E6E3
:10D59C0017E701341BE7C046E80300200404002011
:10D5AC00EC0300205A630020D9010020F40A00206B
:10D5BC0068670020C765002028020020D4200020C6
:10D5CC00D801002000801844D3650020404B1B7804
:10D5DC00002B00D197E63F4BB200D058FCF75CF81B
:10D5EC00C3173D4CC018584020608CE6049BE01AD1
:10D5FC00FCF772F8149916901198FBF7E9FD011CD1
:10D60C001698FBF78BFC16900D98FCF765F8011C2F
:10D61C001698FBF7B5FA179AA300D158FBF7BEF88A
:10D62C00013401C711E70E9530E7294B1B78002B0D
:10D63C0000D148E7274B2949B2003FE7284B1B781C
:10D64C00002B3AD0274B1B78002B33D0FFF794FDDF
:10D65C000400254B1B78002B08D0002C06DA234B3A
:10D66C001C78002C2CD0FFF787FD040028273E00E7
:10D67C006643AE19706BFAF78FFF01346743A883CA
:10D68C00E859FCF709F8134C80000359B06B2B6177
:10D69C00FAF782FF6884F06BFAF77EFFA884B06C0F
:10D6AC00FBF7FAFF80000059FBF7F6FFC317C6180B
:10D6BC005E4070E6FFF79AFDCAE701246442C8E7B2
:10D6CC00022ED3D0FFF730FDCFE701246442CDE723
:10D6DC0059630020F40A0020686700200000FA4318
:10D6EC00D9010020D26500205A630020D3650020A8
:10D6FC000023F0B58BB00993D14B049006910593A0
:10D70C009B88059ACF4C13805380CF4D63880100C2
:10D71C0028002380FFF7E8FC21220026CB4B186061
:10D72C00CB4B1A60049BB34200DDBCE0C94B2122F9
:10D73C0007932800049B0799FFF792FC0026049B93
:10D74C00B34200DDB8E00026049BB34200DDBDE02F
:10D75C00C04E280021223100FFF782FC0025049BDB
:10D76C00AB4200DDBCE00026B74D049BB34200DDAC
:10D77C00C0E0059B20881B88C01AC317C0185840EE
:10D78C00FBF7AAFF059B286060885B88C01AC3174B
:10D79C00C0185840FBF7A0FFAE4CAF4A2100049BC9
:10D7AC00126868602800FFF717FC4122290020004E
:10D7BC00049BFFF755FC2122A54F049B2100280058
:10D7CC003A60FFF74DFCA54B1A7800239A4203D020
:10D7DC00A34B1A7801235340012213400293049B5C
:10D7EC0001920093122304AA9B1820009D4909AAB8
:10D7FC00FFF720FD9C4B1860984B1B78002B00D03A
:10D80C00F4E09A4B1E78974B002E00D1984B186879
:10D81C00FDF798FF069B1864596496498B8B04930B
:10D82C00069B049A6A331A80069B8A8C7A331A8078
:10D83C008A4B1B78002B00D19AE1C823049C5B0017
:10D84C009C429B418C485B4203708C4B187800289F
:10D85C000CD0002309271C004E8C894DB7425C412B
:10D86C002C70884DBA4200D801332B70864B1B7834
:10D87C00002B00D107E2002309271C004E8C804DA1
:10D88C00B7425C4197425B412C707E4D2B70002857
:10D89C0000D145E1498C7D4B4F2902D94F2A00D943
:10D8AC00FCE00122FBE07300E05AFBF765FFB700D8
:10D8BC00EF193860013635E7079AB300D058FAF7FC
:10D8CC006BFE7700E7193880013638E7059A73004C
:10D8DC00D05AFBF751FFB700EF193860013633E728
:10D8EC00059B6F00DF19AB00F058FAF755FE0135B8
:10D8FC00388034E7059A7300E05AD35AB700C01A3F
:10D90C00C317C0185840FBF7E7FEEF193860013613
:10D91C002BE7079A6300D05AFBF72EFF5C49FBF705
:10D92C0057FCA6004000AE19400830600134049B3F
:10D93C00A342EEDC474C280021003A68FFF790FB2D
:10D94C0001230193049B00250093122304AA9B1826
:10D95C0020005049029509AAFFF76CFC4E4B3A4C3B
:10D96C001B680793049BAB4245DC3A4B20000593A4
:10D97C003A68049B0599FFF773FB0023029301336C
:10D98C000193049B3A4C0093122304AA21009B1888
:10D99C00059809AAFFF74EFC25683E4C3E4B2068C3
:10D9AC00291C1E68FAF796FD079B002832D0002B25
:10D9BC0000DC26E725600024224B234D0793049BB3
:10D9CC00A3422EDC28003A680599FFF749FB002397
:10D9DC00029301330193049B04AA0093122324495C
:10D9EC009B18059809AAFFF725FC0AE7154B00249C
:10D9FC00154D07939BE7059A6B00D05AFBF7BCFEBD
:10DA0C002349FBF7E5FBAE004000A6194008306047
:10DA1C000135A7E7002B00DCF3E6002E00D0F0E682
:10DA2C00C8E7079A6300D05AFBF7A6FE1849FBF724
:10DA3C00CFFBA6004000AE19400830600134BEE7B1
:10DA4C0084570020944C0020B436002060670020DE
:10DA5C0018000020D42000201C0000205A63002055
:10DA6C00BC0A0020706700206C670020D9010020E0
:10DA7C007867002004040020F9030020596300207B
:10DA8C00F8030020F7030020D8010020F603002043
:10DA9C0000FC7F4674670020E803002000221A7007
:10DAAC007C4B7D491A78012353407C4A0B701370D0
:10DABC00C82304985B00984207D3794B1B78002B42
:10DACC0003D1784B1B78002B44D000231370764B7A
:10DADC00764C1A68002A2CD1238875480A701B18BA
:10DAEC009BB223800022734B1A70734A1278002A5F
:10DAFC0011D1724A1278002A0DD0714A1278002A7C
:10DB0C0009D1704A1278002A05D0674A1268002A97
:10DB1C0001D001221A7000226B4B1A700BB0F0BDB1
:10DB2C00684B182E00D8BCE6182A00D8B9E6187035
:10DB3C00B6E7664B1B78002B07D000F0BBFE2388A2
:10DB4C00634A9B189BB22380CCE700F0B3FE23887A
:10DB5C00604AF6E75D4909780029C3D0137000F0DC
:10DB6C00A9FE524A5A4913885B189BB21380B9E735
:10DB7C00002ED3D0FA20049C800084428041564D64
:10DB8C0040420927287018001C004D8C97425C41BC
:10DB9C00AF4258415149087051480470C72D03D900
:10DBAC00C72090425B41DEB24E4B1E70434B1B783C
:10DBBC00002B05D04C4B1B6B022B01DC00230B7094
:10DBCC000120FA25334B84461B78484C434004987B
:10DBDC00474F2370AD00A84204D30D78002D01D11E
:10DBEC00092A38D8394B314D1B78002B22D12370A0
:10DBFC002D4B1B68002B05D12B882D4A9B189BB2F3
:10DC0C002B800EE02B88334A9B1801229BB22B8071
:10DC1C00384B394D1A70394B1868FDF793FD286055
:10DC2C00696000233B70FA23049A9B009A4200D24D
:10DC3C0074E71DE001222F4B1A702F4B05932F4BCD
:10DC4C001868FDF77FFD059B2D4A1860596000236D
:10DC5C0023702B88D2E7002B19D06246254B264C1B
:10DC6C001A70264B1868FDF76DFD206061603D70E1
:10DC7C00002E00D152E70C4B1B68002B00D14DE756
:10DC8C0001233B704AE7002800D003E608E73B700D
:10DC9C00EEE7C0460204002001040020000400202E
:10DCAC00F8030020F7030020E80300207E67002023
:10DCBC0050C3FFFFF303002059630020D80100205C
:10DCCC00F9030020F5030020F4030020EC030020EE
:10DCDC00204E000010270000F1030020F00300206C
:10DCEC00EF030020EE030020800A0020F203002046
:10DCFC00ED030020B1650020F801002070670020C2
:10DD0C00409CFFFF10B50100662000F029FF10BDFC
:10DD1C0010B50100622000F023FF10BD10B501000A
:10DD2C00632000F01DFF10BD10B50100602000F055
:10DD3C0017FF10BD10B50100612000F011FF10BDE0
:10DD4C0010B50100C02000F00BFF10BD10B5010094
:10DD5C00672000F005FF10BD10B501006B2000F02E
:10DD6C00FFFE10BD37B50100682000F0F9FE0A4B2C
:10DD7C0001AD18685968FDF72DFD011C280005F050
:10DD8C00F4FF002420006C30295D80B2013400F0D7
:10DD9C00E7FE042CF6D137BDC003002000233B293D
:10DDAC0009D81818C0B2182801D91820002100026F
:10DDBC00081880B270473C390133C9B2DBB2EEE7C8
:10DDCC0010B5FFF7EBFF0400010AC9B2642000F0A4
:10DDDC00C7FE6520E1B200F0C3FE10BD10B5642093
:10DDEC0000F0A0FE0400652000F09CFE0100200065
:10DDFC00FFF7D4FF10BD10B5040001000C22C520A4
:10DE0C0000F0BCFE21000C22D12000F0B7FE8A20CD
:10DE1C000C222100400000F0B1FE10BD70B50D4E7B
:10DE2C00050074791022122C0ED0112C10D8013C44
:10DE3C0020002030032180B2013400F091FE122C1E
:10DE4C00F6D17279023AD2B22900202000F0C6FE37
:10DE5C0070BDC046BC05002070B505000024200034
:10DE6C00203080B200F05EFE032804D12855013426
:10DE7C00102CF4D113E02028F8D02D28F6D02E2821
:10DE8C00F4D02F2803D93928F0D94028EED8102205
:10DE9C000321280009F08CFB2800FFF7BFFF70BDA1
:10DEAC0070B50D4E050074791022122C0ED0112C69
:10DEBC0010D8013C20004030032180B2013400F026
:10DECC004FFE122CF6D17279023AD2B229004020C0
:10DEDC0000F084FE70BDC046BC05002070B5050086
:10DEEC0000242000403080B200F01CFE032804D136
:10DEFC0028550134102CF4D113E02028F8D02D280B
:10DF0C00F6D02E28F4D02F2803D93928F0D9402860
:10DF1C00EED810220321280009F04AFB2800FFF755
:10DF2C007DFF70BD10B50100E02000F019FE10BDA2
:10DF3C000100932010B5400000F012FE10BD93209C
:10DF4C0010B5400000F0EEFDFF2803D1AA38FFF712
:10DF5C00EFFF552010BD10B5E02000F0E3FDFF28C9
:10DF6C0003D1FD38FFF7DEFF022010BDF7B5F0241A
:10DF7C008527114E6400BF0003CEFDF72BFC01ADCD
:10DF8C00011C280005F0F1FE2000297800F0E8FDC6
:10DF9C00601C697880B200F0E3FDA01CA97880B207
:10DFAC0000F0DEFDE01C0434E97880B2A4B200F08D
:10DFBC00D7FDBC42E0D1F7BD3865002073B5114EDA
:10DFCC00114C03CEFDF706FC01AD011C280005F039
:10DFDC00CCFE2000297800F0C3FD601C697880B26B
:10DFEC0000F0BEFDA01CA97880B200F0B9FDE01CC9
:10DFFC00E97880B200F0B4FD0434044BA4B29C4226
:10E00C00DFD173BDD0640020A3020000D702000052
:10E01C0073B5114E114C03CEFDF7DCFB01AD011CA9
:10E02C00280005F0A2FE2000297800F099FD601C64
:10E03C00697880B200F094FDA01CA97880B200F041
:10E04C008FFDE01CE97880B200F08AFD0434044BAB
:10E05C00A4B29C42DFD173BD68640020D7020000DB
:10E06C000B03000073B5114E114C03CEFDF7B2FB40
:10E07C0001AD011C280005F078FE2000297800F085
:10E08C006FFD601C697880B200F06AFDA01CA97855
:10E09C0080B200F065FDE01CE97880B200F060FD14
:10E0AC000434044BA4B29C42DFD173BD0064002045
:10E0BC000B0300003F03000073B5114E114C03CE4F
:10E0CC00FDF788FB01AD011C280005F04EFE200079
:10E0DC00297800F045FD601C697880B200F040FDA5
:10E0EC00A01CA97880B200F03BFDE01CE97880B25E
:10E0FC0000F036FD0434044BA4B29C42DFD173BD56
:10E10C00986300203F0300007303000010B5002447
:10E11C0020002C30FF3080B200F004FD024B18556B
:10E12C0001340D2CF4D110BDD403002010B5002403
:10E13C002000064B2C30195DFF30C9B280B201347F
:10E14C0000F00EFD0D2CF3D110BDC046D403002001
:10E15C0010B500242000054BC130FF30195D80B292
:10E16C00013400F0FDFC0D2CF4D110BD85630020B2
:10E17C0010B50024054B195D85239B00E01880B277
:10E18C00013400F0EDFC0D2CF4D110BD78630020AF
:10E19C0070B5002425004135FF35ADB2280000F0E4
:10E1AC00C1FC431EDBB2082B04D92800052100F06A
:10E1BC00D7FC0520024B185501340F2CEAD170BD49
:10E1CC00A065002010B500242000054B4130FF3025
:10E1DC00195D80B2013400F0C3FC0F2CF4D110BDDA
:10E1EC00A06500200A4B37B518685968FDF7F2FA9C
:10E1FC0001AD011C280005F0B8FD00242000E8301A
:10E20C00295D80B2013400F0ABFC042CF6D137BD93
:10E21C00080000200A4B37B518685968FDF7DAFA80
:10E22C0001AD011C280005F0A0FD00242000F630F3
:10E23C00295D80B2013400F093FC042CF6D137BD7B
:10E24C00C80300200A4B37B518685968FDF7C2FAA5
:10E25C0001AD011C280005F088FD00242000E430ED
:10E26C00295D80B2013400F07BFC042CF6D137BD63
:10E27C000000002073B51A4E1A4C03CEFDF7AAFA13
:10E28C0001AD011C280005F070FD2000297800F07C
:10E29C0067FC601C697880B200F062FCA01CA97855
:10E2AC0080B200F05DFCE01CE97880B200F058FC14
:10E2BC0004340D4BA4B29C42DFD10C4BE3201978F3
:10E2CC0000F04EFC0A4BE220197800F049FCFFF7F5
:10E2DC00B9FF9220074B4000197800F041FC73BD48
:10E2EC00786200203B020000A3020000D303002050
:10E2FC00D2030020D10300200A4B37B518685968A7
:10E30C00FDF768FA01AD011C280005F02EFD002474
:10E31C002000EC30295D80B2013400F021FC042C8B
:10E32C00F6D137BD300200200D4B37B5186859684F
:10E33C00FDF750FA01AD011C280005F016FD002474
:10E34C002000F030295D80B2013400F009FC042C6F
:10E35C00F6D1044BF4201978C9B200F001FC37BD9A
:10E36C0028020020C76500200100262010B5FF30D0
:10E37C0000F0F6FB10BD10B50100692000F0F0FBB9
:10E38C0010BD000010B50100014800F0E9FB10BD04
:10E39C00390200000100D12010B5400000F0E0FB74
:10E3AC0010BD0100D42010B5400000F0D9FB10BD09
:10E3BC000100AA2010B5FF3000F0D2FB10BD010007
:10E3CC00D72010B5400000F0CBFB10BD0100D520CC
:10E3DC0010B5400000F0C4FB10BD0100A42010B526
:10E3EC00FF3000F0BDFB10BD0100AC2010B5FF30BC
:10E3FC0000F0B6FB10BD0100D22010B5400000F0BB
:10E40C00AFFB10BD0100AE2010B5FF3000F0A8FB33
:10E41C0010BD0100D62010B5400000F0A1FB10BDCE
:10E42C0010B5010C0400A820C9B2FF3000F098FB15
:10E43C00D320210AC9B2400000F092FBA620E1B221
:10E44C00FF3000F08DFB10BD002110B50800FFF768
:10E45C00B7FC0120FFF768FC0120FFF76BFC0020E4
:10E46C00FFF7DEFF10BD10B5040000F0D3FBFFF783
:10E47C00EBFF21000622012000F0B0FB2100062258
:10E48C00102000F0ABFB06222100302000F0A6FB90
:10E49C0010BDF0B5012500272C008FB006AB059000
:10E4AC00019302930395BEB2701C80B200F03AFB4C
:10E4BC00029B18703000103080B200F033FB082241
:10E4CC0006AB9B183036D8550490B0B200F02AFB3E
:10E4DC00029A049912780AABF854914253D1049AD7
:10E4EC00904207D00024250004E00024049A0394F1
:10E4FC008242F8D1029A013701320292062FD2D110
:10E50C0006AA127A1B78134006AA1278FF2A0DD19C
:10E51C00FF3B5A425341DEB200230CA9002C02D11E
:10E52C00039A002A0AD0019A12780DE00026FF2BDC
:10E53C00F2D106A8FFF797FF3500EDE7002DF2D0DA
:10E54C00082006AA1218D25C5A54019A01330132DF
:10E55C000192062BE2D10023CA5C10003038092846
:10E56C0009D906223021059809F022F80598FFF701
:10E57C007AFF0FB0F0BD0598C254002EF1D10133D3
:10E58C00062BE9D1F5E79042AFD10022150003929A
:10E59C00B0E70100282010B5FF3000F0E1FA10BD03
:10E5AC0001002A2010B5FF3000F0DAFA10BD01008E
:10E5BC00952010B5400000F0D3FA10BD10B5010045
:10E5CC00014800F0CDFA10BD3602000010B5010074
:10E5DC00014800F0C5FA10BD3702000070B5050007
:10E5EC0000242000803080B200F09CFA28550134C1
:10E5FC00102CF6D170BD10B501001022802000F057
:10E60C00EDFA10BDD02310B50C000100580000F03D
:10E61C00A7FAA2202100FF3000F0A2FA10BDF7B536
:10E62C0004001D000091019200F07CFA060020000D
:10E63C0000F078FA07003000BE4208D0200000F04D
:10E64C0071FA874203D0200000F06CFA3000019B75
:10E65C00984202D8009B984204D22000290000F076
:10E66C007FFA2800FEBD022310B51A000121662096
:10E67C00FFF7D5FF10BD10B507230822012162203A
:10E68C00FFF7CDFF10BD10B50023F0220A21632047
:10E69C00FFF7C5FF10BD012310B5FF221900602044
:10E6AC00FFF7BDFF10BD012310B502221900612038
:10E6BC00FFF7B5FF10BD022310B51A000121C020D1
:10E6CC00FFF7ADFF10BD012310B502221900672022
:10E6DC00FFF7A5FF10BD002310B5F02219006B2029
:10E6EC00FFF79DFF10BD000070B50024FF258523AA
:10E6FC009B00E0182A002B00012180B2FFF78FFF4E
:10E70C00024B185501340D2CF1D170BD78630020EB
:10E71C00012310B5022219006920FFF780FF10BDFC
:10E72C00022310B51A0001210148FFF778FF10BD34
:10E73C00390200000123D12010B5022219009840A3
:10E74C00FFF76DFF10BD0123D42010B50222190074
:10E75C009840FFF764FF10BD0123AA2010B50222D8
:10E76C001900FF30FFF75BFF10BD0121D72010B55A
:10E77C000B23FE228840FFF752FF10BD0123D5204A
:10E78C0010B5022219009840FFF749FF10BD002375
:10E79C00A42010B5FE221900FF30FFF740FF10BD7A
:10E7AC000023AC2010B5FE221900FF30FFF737FF15
:10E7BC0010BD0023D22010B5FE2219004000FFF737
:10E7CC002EFF10BD0023AE2010B5FE221900FF3025
:10E7DC00FFF725FF10BD0023D62010B50D22190020
:10E7EC004000FFF71CFF10BD0023FF22A82010B52E
:10E7FC0019008018FFF713FF00230400D320190021
:10E80C00FF224000FFF70BFF240400020023FF222D
:10E81C002418A62019008018FFF701FF001910BD5D
:10E82C000123262010B502221900FF30FFF7F7FE56
:10E83C0010BD0F232A2010B51A000E21FF30FFF750
:10E84C00EEFE10BD0023952010B5FF2219004000EC
:10E85C00FFF7E5FE10BD000010B50B230D220121C2
:10E86C000148FFF7DCFE10BD36020000012310B595
:10E87C000D2219000148FFF7D2FE10BD370200002F
:10E88C0037B505000024281980B200F04BF901AB14
:10E89C0018550134042CF6D12100180005F054FA57
:10E8AC000198011CF9F7FCFD002801D1002301930C
:10E8BC0001983EBD002370B5062219006820FFF7B1
:10E8CC00AEFE04006C20FFF7DBFFFCF73BFF024DB4
:10E8DC0028606960200070BDC003002070B5F02472
:10E8EC008526074D6400B6002000FFF7C9FFFCF732
:10E8FC0029FF0434A4B203C5B442F5D170BDC0469F
:10E90C003865002070B5074D074C2000FFF7B8FFA5
:10E91C00FCF718FF0434054BA4B203C59C42F4D198
:10E92C0070BDC046D0640020A3020000D7020000D6
:10E93C0070B5074D074C2000FFF7A2FFFCF702FF54
:10E94C000434054BA4B203C59C42F4D170BDC0463F
:10E95C0068640020D70200000B03000070B5074D5F
:10E96C00074C2000FFF78CFFFCF7ECFE0434054B42
:10E97C00A4B203C59C42F4D170BDC0460064002013
:10E98C000B0300003F03000070B5074D074C20003F
:10E99C00FFF776FFFCF7D6FE0434054BA4B203C593
:10E9AC009C42F4D170BDC046986300203F03000028
:10E9BC007303000010B5EC20FFF762FFFCF7C2FEFA
:10E9CC0010BD000070B5334D334C2000FFF758FFDD
:10E9DC00FCF7B8FE0434314BA4B203C59C42F4D10D
:10E9EC00002319001A22E220FFF719FE2C4B0122FA
:10E9FC0018700023E3201900FFF711FE421E90410E
:10EA0C00284B1870E420FFF73BFFFCF79BFE264BCE
:10EA1C0018605960254B18605960E820FFF730FFEB
:10EA2C00FCF790FE224C20606160F620FFF728FF77
:10EA3C00FCF788FE1F4C20606160F020FFF720FF80
:10EA4C00FCF780FE1C4B0122186059601B4B1860B0
:10EA5C0059600023F4201900FFF7E1FD431E984193
:10EA6C00174BC0B21870002301221900F520FFF7D4
:10EA7C00D6FD431E9841134BC0B218700023922050
:10EA8C00012219004000FFF7CAFD421E90410E4BB7
:10EA9C00187070BD786200203B020000A3020000D9
:10EAAC00D2030020D303002000000020D80A00204D
:10EABC0008000020C803002028020020E00A0020E3
:10EACC00C7650020C5650020D103002037B502239F
:10EADC006A46134C40BA5370508011712068002262
:10EAEC00616800F0AFF9062000F070FC206801228C
:10EAFC00616800F0A7F920680022616800F0A2F9B3
:10EB0C0001256B46585D013500F060FC052DF8D1F0
:10EB1C0020680122616800F095F900F003FD37BD13
:10EB2C002400002070B505000C4C002220686168A0
:10EB3C0000F088F9032000F049FC280A00F046FC9C
:10EB4C00E8B200F043FC00F095FC050001222068BF
:10EB5C00616800F077F9280070BDC04624000020E1
:10EB6C0070B505000C002800FFF7DCFFA04204D0B4
:10EB7C0021002800FFF7AAFFF5E770BDF8B50500E6
:10EB8C000F001600144C00222068616800F05AF93E
:10EB9C00062000F01BFC20680122616800F052F98D
:10EBAC0000222068616800F04DF9022000F00EFC94
:10EBBC00280A00F00BFCE8B200F008FC3900300029
:10EBCC00002200F025FC20680122616800F03AF96F
:10EBDC0000F0A8FCF8BDC04624000020F7B50D00DD
:10EBEC00160005270190320029000198FFF7C6FF97
:10EBFC000024A64200DCF7BD019B181980B2FFF778
:10EC0C0091FF2B5D834201D10134F2E7013F002FCC
:10EC1C00E9D1F0E730B589B02022FF216846802584
:10EC2C0008F0C6FC0024ED002000203420226946A8
:10EC3C00A4B2FFF7D3FFAC42F6D109B030BD00004F
:10EC4C00604B10B518680022596800F0FBF85E4B59
:10EC5C0000221868596800F0F5F85C4B002218681F
:10EC6C00596800F0EFF85A4B00221868596800F008
:10EC7C00E9F8584B00221868596800F0E3F8564B35
:10EC8C0000221868596800F0DDF8544B002218680F
:10EC9C00596800F0D7F8524B00221868596800F0F8
:10ECAC00D1F8504B00221868596800F0CBF84E4B45
:10ECBC0000221868596800F0C5F84C4B00221868FF
:10ECCC00596800F0BFF84A4B00221868596800F0E8
:10ECDC00B9F8484B00221868596800F0B3F8464B55
:10ECEC0000221868596800F0ADF8444B00221868EF
:10ECFC00596800F0A7F8424B00221868596800F0D8
:10ED0C00A1F8404B00221868596800F09BF83E4B64
:10ED1C0000221868596800F095F83C4B00221868DE
:10ED2C00596800F08FF83A4B00221868596800F0C7
:10ED3C0089F8384B00221868596800F083F8364B74
:10ED4C0000221868596800F07DF8344B01221868CD
:10ED5C00596800F077F8324B01221868596800F0B6
:10ED6C0071F8304B01221868596800F06BF82E4B83
:10ED7C0001221868596800F065F82C4B01221868BC
:10ED8C00596800F05FF82A4B01221868596800F0A6
:10ED9C0059F8284B01221868596800F053F8264B93
:10EDAC0001221868596800F04DF8244B00221868AD
:10EDBC00596800F047F8224B01221868596800F096
:10EDCC0041F810BD840000207C000020640000206D
:10EDDC00740000205C0000206C0000203401002036
:10EDEC002C010020240100201C0100201401002013
:10EDFC000C01002004010020FC000020F400002085
:10EE0C00EC000020E4000020DC000020D4000020F6
:10EE1C00CC000020C4000020BC00002034000020E6
:10EE2C002C00002024000020B4000020AC000020A6
:10EE3C009C000020A4000020540000204C00002066
:10EE4C009400002007B589B206F068F907BD07B534
:10EE5C0089B206F05DF9431E9841C0B20EBD0000A8
:10EE6C0030B593B03822002104A808F0A1FB102281
:10EE7C000021684608F09CFB8020800006F0FEF91B
:10EE8C0006F0F2F91821194A0124D36D02258B439F
:10EE9C00D3650523049380235B02059303230C9312
:10EEAC0000230D9308330E9380239B020F93802332
:10EEBC009B041093802304A89B0506940B95119337
:10EECC0006F008FA002801D072B6FEE7072302907C
:10EEDC000390210068460093019506F063FC00281E
:10EEEC0001D072B6FEE713B030BDC0460010024030
:10EEFC00F0B58FB005F02EFEFFF7B2FF1422002103
:10EF0C0009A808F055FB04220126C74DC74C6B6BB2
:10EF1C00210013436B636B6BC54813400493049B34
:10EF2C006B6B1C3213436B636B6BC24F13400593BB
:10EF3C00059B6B6B1E3A33436B636B6B33400693D1
:10EF4C00069B6B6B13436B636B6B13400793079BB5
:10EF5C006B6B063213436B636B6B1340089300228D
:10EF6C00089B06F0DBF8A02039000022C00506F053
:10EF7C00D5F80022B049B14806F0D0F80022B049CB
:10EF8C00B04806F0CBF809940024A94809A90A96C0
:10EF9C000B940C9406F00AF8A020052309A9C005CF
:10EFAC0009930A940B9406F001F8A02009A9C00556
:10EFBC0009970A960B940C9405F0F8FFA0200323F4
:10EFCC00102709A9C0050A9309970B9405F0EEFFC9
:10EFDC00994B9A4809A909930A960B940C9405F03D
:10EFEC00E5FF974B974809A909930A960B940C9443
:10EFFC0005F0DCFF0822914809A909920A940B94A8
:10F00C0005F0D4FFAB6B21003343AB63AB6B220039
:10F01C00334009200393039B05F0D4FD092005F030
:10F02C00FBFD894D894B28002B60894BAC606B60D4
:10F03C00EE602C616C61AC61EC612C6206F074F8D2
:10F04C000100A04201D072B6FEE7280006F0C2F81B
:10F05C00011E01D072B6FEE7280006F0E1F8031E8F
:10F06C0001D072B6FEE7E02507247A487A4AED0013
:10F07C004360836003614361836103624362836223
:10F08C00036343630260C560C46206F009FE031E9D
:10F09C0001D072B6FEE77148714A83600260822229
:10F0AC00036143610362436283620363082352007A
:10F0BC004260FC32C5608261C761C462436306F082
:10F0CC00EFFD011E01D072B6FEE7664C664B0200E6
:10F0DC00236096239B0163600C23A060E060206199
:10F0EC006361A0610300E06120626062A0622000A5
:10F0FC0007F09AFD011E01D072B6FEE7200007F062
:10F10C00FBFD011E01D072B6FEE7200007F014FED5
:10F11C00002801D072B6FEE7200007F0CFFD031ED9
:10F12C0001D072B6FEE7FF265048514A514F02609B
:10F13C0046608360C7600361836106F08BFF002823
:10F14C0001D072B6FEE74C484C4B4660036000237E
:10F15C00C760836003614361836106F07BFF031E1C
:10F16C0001D072B6FEE74648464A466002608360AC
:10F17C00C76003614361836106F06CFF0190002856
:10F18C0001D072B6FEE70C22019909A808F010FA1A
:10F19C003D4D3E4B28002B60019B6E60AB60EF60D9
:10F1AC00AB6106F057FF002801D072B6FEE709905C
:10F1BC000B9009A9280006F077FF0190002801D0D8
:10F1CC0072B6FEE70C22019909A808F0F1F9304D4E
:10F1DC00304B28002B60019B6E60AB60EF60AB6125
:10F1EC0006F038FF002801D072B6FEE709900B90AC
:10F1FC0009A9280006F058FF031E01D072B6FEE7DD
:10F20C002548264A836002607F22C2608022D20594
:10F21C00066143618361C3610262436206F0EAFCEA
:10F22C0000283DD072B6FEE700100240FF3F000000
:10F23C00000800502809000034FF000000040050B2
:10F24C0065030000000C00508009002000540040B1
:10F25C00BB7C7000F0080020003001408C080020BE
:10F26C00003800407C06002000380140A807002030
:10F27C0000200040FFFF00005C070020004401401C
:10F28C001007002000480140F40700200014004043
:10F29C0040080020001000405409002000280040C5
:10F2AC00FFF7CEFC28222000194907F067FD012644
:10F2BC00184F3B78002B12D0174D2B78DCB2002B5B
:10F2CC000DD102202E7000F019FB144B3C701C70F9
:10F2DC00134B1C70134B1C70134B1C702C70134F66
:10F2EC003B78002BE4D00C4D2B78DCB2002BDFD11B
:10F2FC0001202E7000F002FB084B3C701C70084B78
:10F30C001C70084B1C70084B1C702C70D0E7C0464E
:10F31C00F8050020936700208E6700208D67002081
:10F32C008C6700208A670020886700209467002083
:10F33C0070B50B4D0B4C0A002100280008F0CDF9DC
:10F34C002800282105F0A8FB21002822064807F0F8
:10F35C0015FD0421054B1A6813688B43136070BDAF
:10F36C00D0050020F80500207C0600202006002097
:10F37C0007B56B46D91D087064230122014807F0BC
:10F38C0037FB07BD7C06002010B5044C0A000100B9
:10F39C006423200007F02CFB10BDC0467C06002027
:10F3AC00034B1A68402311680B4313607047C04627
:10F3BC00F0080020022303498A681A42FCD0024B51
:10F3CC0018707047003001400C300140402210B5DD
:10F3DC0001240C4B1B681968914319601968A143EF
:10F3EC0019601968196019680A431A600222064BE1
:10F3FC0099681142FCD0054A10708022996811421C
:10F40C00FCD110BD8C080020003800400C380040A6
:10F41C00F0B540240126144B1B681D68A5431D60E4
:10F42C001D68B5431D601D68104E15431D601A689C
:10F43C00802514431C60002202240D4B904208DCF2
:10F44C00022299681142FCD0802299681142FCD1A9
:10F45C00F0BD9F682742FCD09F682F42FCD18F5C87
:10F46C0001323770EAE7C0468C0800200C380040A7
:10F47C0000380040402210B501240F480368196879
:10F48C00914319601968A1431960196819601968CA
:10F49C000A431A6006F07CFC0222084B9968114260
:10F4AC00FCD00021064A1170012299681142FCD04F
:10F4BC00D868C0B210BDC0468C080020003800408F
:10F4CC000C380040F8B5144F0400380016000D003D
:10F4DC0006F05EFC40223B681968914319600121DB
:10F4EC0018688843186018683043186018680B4E09
:10F4FC0002431A6002200023094A9C4200DCF8BD3A
:10F50C0097680742FCD00027377097680F42FCD0F1
:10F51C00D768EF540133F0E78C0800200C3800401A
:10F52C000038004070B50C4C002220686168FFF771
:10F53C0089FC0520FFF74AFF0125FFF79BFFFFF72A
:10F54C0099FF284205D1206801226168FFF77AFCF7
:10F55C0070BDFFF78FFFF4E72400002010B50628DC
:10F56C0007D10C480222036852421A6106F024FCAF
:10F57C0010BD072801D10848F4E70E2801D107482F
:10F58C00F0E7102801D10648ECE71128F0D1054826
:10F59C00E8E7C04640080020F4070020A807002038
:10F5AC005C0700201007002010B5062803D10A487C
:10F5BC0006F036FC10BD072801D10848F8E70E28E4
:10F5CC0001D10748F4E7102801D10648F0E71128CB
:10F5DC00F0D10548ECE7C04640080020F4070020B5
:10F5EC00A80700205C07002010070020084B062805
:10F5FC000BD0084B072808D0074B0E2805D0074B1B
:10F60C00102802D0112802D1054B1B68D962704713
:10F61C0040080020F4070020A80700205C07002009
:10F62C0010070020084B06280BD0084B072808D0E1
:10F63C00074B0E2805D0074B102802D0112802D1F9
:10F64C00054B1B685962704740080020F4070020E6
:10F65C00A80700205C0700201007002062B6704746
:10F66C0072B670470E4B10B50400984207D103F0E8
:10F67C00D1FB0C4B9C4207D103F0B6FA0FE00A4BBE
:10F68C00984207D103F08CFE084B9C4207D103F043
:10F69C00D7FA04E0064B9842EBD103F08FFE10BD75
:10F6AC00400800205C070020F40700201007002011
:10F6BC00A807002072B6FEE7F7B51B4C1B4A2300C7
:10F6CC0010685168803318605960194B00251A680E
:10F6DC005B6800260027226163610022154B01A89C
:10F6EC0026626762A662E7622663676322646364CC
:10F6FC002580A56304F082F86B4622009B88483273
:10F70C005BBA138023006A331D8023007A331D807B
:10F71C00230088331E605F6023007E3490331E60AC
:10F72C005F602580F7BDC046D8090020000000208E
:10F73C0008000020E0FFEF40F8B50022334BFAF749
:10F74C0061F80022324BFAF723FC04000D00314A19
:10F75C00314BFBF757F822002B00FBF753F8220034
:10F76C002B00FBF74FF82D4A06000F002000290054
:10F77C002B4BFBF747F822002B00FBF743F802005A
:10F78C000B0030003900FAF73DF8244A06000F0050
:10F79C0020002900234BFBF735F802000B0030004A
:10F7AC003900FAF72FF8204A204BFBF711FB08F031
:10F7BC009DFD00221E4B04000D00F8F751FE0028A1
:10F7CC0012D01C4B1B78002B04D001221A4B1B4C63
:10F7DC001B4D1A701B4B1B78002B02D00122164BB1
:10F7EC001A7029002000F8BD002220002900164BB9
:10F7FC00F8F722FE0028F4D0124B1B78002BF0D027
:10F80C0001220D4B0D4C0E4D1A70EAE70000894099
:10F81C0000E09540D7A3703D0AD5814066666666C8
:10F82C0066D29EC06672A140295C8FC2F5D8894011
:10F83C0000001E40D8010020646700208FC2F5280C
:10F84C005CFF5840596300200000F03FF8B50D00F4
:10F85C0004000D4A0D4BFAF7D5FF2B002200FAF7E6
:10F86C00D1FF0B4A06000F0020002900094BFAF7C4
:10F87C00C9FF02000B0030003900F9F7C3FF064A3C
:10F88C00064BF9F7BFFFF8BD865AD3BCE3149DBFF6
:10F89C00454772F90FE9FE3F4A0C022B8716A93F28
:10F8AC00F8B50F0019000E4B06001B781000002B4A
:10F8BC0012D00C4C0C4D00220C4BFBF789FA2B0090
:10F8CC002200FAF79FFF0022094BF9F79BFF320049
:10F8DC003B00FAF797FFF8BD064C074DEBE7C04627
:10F8EC00596300209A9999999999993F0000394048
:10F8FC000000F03F7B14AE47E17A943F0023F0B553
:10F90C00B1B0CB4DCB4C09902F93012824D128704A
:10F91C002370FFF74FF806000F00C74B1E605F60A7
:10F92C00C64B1B78002B23D000220023F8F798FD40
:10F93C0000281DD0C24B002230003900F8F77CFDA6
:10F94C00012300280ED02B70002323700020BD4B08
:10F95C00BD491860596011E0099A022AD9D12B705F
:10F96C000123D5E7287023700020B64BB749F0E788
:10F97C002B78002BEAD12378002BF5D1FEF7D0FEA3
:10F98C00022802D10022B24B1A70FEF7C9FE0128E0
:10F99C0001D1AF4B1870FEF7A7FEFEF78BFFFEF7F9
:10F9AC0008FF1890FEF76FFEAA4B05931870FEF730
:10F9BC001BFF3221F8F724FD002901D101F0C4FE10
:10F9CC00002301221900F420FEF729FE431E984162
:10F9DC000023A14FC0B2190038700122F520FEF7A8
:10F9EC001EFE431E98419D4EC0B23070FEF7ABFE1A
:10F9FC00012802D000229A4B1A70FEF7D1FE10900B
:10FA0C00022802DD0122974B1A70974B1A78002AB4
:10FA1C0000D1C4E0059A12783B2A00D8BFE0934B82
:10FA2C0001221A70924B1A70924B1A78904B002A42
:10FA3C0003D18E4A1278002A01D001221A701B7849
:10FA4C00002B05D02B78002B02D00122804B1A7092
:10FA5C00FEF794FE884923780860002B05D001221C
:10FA6C00864B022800D0A5E01A707D4C7F4D237880
:10FA7C00002B09D02B78002B06D00020FEF7B4FC0D
:10FA8C000022784B10921A702A787D4B002A00D1F4
:10FA9C0096E07C4A7C491180724A1278002A01D087
:10FAAC0001221A700124794B1C60FCF73FF9337862
:10FABC00D8B2002B03D1764B1C70FEF7A3FCFEF7DB
:10FACC0081FE744B18603378002B06D0FA216D4AF6
:10FADC00890013885B189BB213803B78002B04D0F1
:10FAEC00684A13880A339BB21380654B1B78002B32
:10FAFC0004D0644A138864339BB213805C4B664C0D
:10FB0C001B78DAB20C92002B00D1F6E0FEF7A4FEC3
:10FB1C0022781300083B591E8B41DBB20C93574BD8
:10FB2C0005921B78002B06D003211000F8F7F8FA89
:10FB3C000330C3B205930022584B1A700823139359
:10FB4C0001200023227856499A4200DDDCE002F0C5
:10FB5C007DFF544C09991CA801F090FA48221CA96D
:10FB6C00200007F0BAFDFEF77EFD1990FEF72AFF84
:10FB7C00FEF7B4FEFEF7C6FEFEF7DAFEFEF7EEFE6B
:10FB8C00FEF702FF484B1B78002B01D0FCF7BCF9A9
:10FB9C00414B01241A78454900234548BCE01B78A9
:10FBAC00002B00D140E7059B1B78092B00D83BE7C5
:10FBBC00304B35E702201A700860FEF707FC54E75B
:10FBCC003C4A1278002A19D02A4A1278002A15D0F9
:10FBDC002C4A394911803278D4B2002A00D06EE711
:10FBEC0001251D70294B02321A603C70FEF79CFBFC
:10FBFC00FCF79CF8264B1D7020005EE71A4A117822
:10FC0C0000295DD0217800295AD03278002A08D1F9
:10FC1C001C4A2A49118001221A701C4B1A601C4B79
:10FC2C001A7000243C70FEF77FFBFCF77FF8E3E7CB
:10FC3C0059630020D8010020E80A002058630020F6
:10FC4C0000708740C80A002000D0864000208C40FD
:10FC5C004D630020F10A0020C7650020C565002017
:10FC6C0088670020F00A00208D6700208B67002039
:10FC7C008C6700208A670020DC0100205C63002078
:10FC8C009167002080670020102700003C020020B4
:10FC9C00C6650020D00A0020410200204C630020E1
:10FCAC00E1010020800A0020AF650020D403002071
:10FCBC006B63002089670020204E00003075000027
:10FCCC001278002A00D1FAE62278002A00D0F6E653
:10FCDC003278D5B2002A00D0F1E601246B4A6C4987
:10FCEC0011801C706B4B1C603D70FEF71DFBFCF70C
:10FCFC001DF8694B28001C70DFE6FEF736FD032368
:10FD0C00434305930C9B1AE7C85401331CE7CD5CA5
:10FD1C00022D00D9C45401339A42F8DC00F07AFE6B
:10FD2C0003F08AFBFA20C00004F03AFF0023119381
:10FD3C0012930B93FFF7C0FC584C236B012B3DD156
:10FD4C00574B1B78002B39D003F006FC022835D119
:10FD5C00FEF7B9FC012831D103F0FEFB01282DD0B0
:10FD6C0003F0FAFB012829D04E48236804220370C3
:10FD7C00030039331A704C4B00241A680300783393
:10FD8C001A800300FF227E331A70312503F0D6FF50
:10FD9C0003F0C2FF04F036F90022E30FA5425341F1
:10FDAC00DBB2934201D0904203D1FBF7BFFF31B0DD
:10FDBC00F0BD0A2004F0F4FE0134EBE7A269E3691C
:10FDCC00A06AE16AFAF7E4F8FBF72EFCAF22374B96
:10FDDC000021069012011800089307F0E9FBAF22EE
:10FDEC00334D00212800120107F0E2FBAF22314E07
:10FDFC0000215201300007F0DBFBAF220021520141
:10FE0C002D4807F0D5FBAF222C4F002152013800B2
:10FE1C0007F0CEFB6B461B8B320029000D93009331
:10FE2C0008983B0003F0ECFA254B264D1A782B78FA
:10FE3C00134022003C3212781A420DD0353423780C
:10FE4C00002B09D0204B1868596803F03DFB0023A8
:10FE5C0001222B701D4B1A7000221D4B1A8002F0D0
:10FE6C00FDFF0E4B9868D96802F056FF03F050F86E
:10FE7C0002F0EEFF08900028FAD1164B1B78DAB28C
:10FE8C000A92002B28D103F003FF90E78067002033
:10FE9C00409CFFFF3C020020C6650020800A002029
:10FEAC00D9010020D8090020846700208457002045
:10FEBC00944C0020B4360020D4200020F40A0020FA
:10FECC008F67002091670020C80A0020130A0020C9
:10FEDC007E67002040020020C94B089AC9491A804D
:10FEEC00C94ACA4B966B176809785E70FBB2002939
:10FEFC0005D0126C002A02D01B019B18DBB2C34C3C
:10FF0C00C34A2370C34BC04D22626362286A696A7C
:10FF1C00C14AC24B22636363A262E362230088334B
:10FF2C0018605960AA6AEB6AFAF752FFFBF77CFB80
:10FF3C00C317C0185840FBF7B3FBB94B90341B7870
:10FF4C0020606160002B37D05A2318AA9B1800221E
:10FF5C003E351A802B780124934201D1B14B1C7889
:10FF6C00B14B1B78002B12D0B04B1B78002B09D057
:10FF7C00A549AF4B002208694969F8F757FA0023E5
:10FF8C00984206D0AB4B1B78002B00D029E1012303
:10FF9C0023405A2418AAA41831003A000698009459
:10FFAC00FBF750FDA44B22881A80A44B1B78002B26
:10FFBC0000D022E101F030F894490D98FDF798FB40
:10FFCC00994B1B78002B09D08F4B1A6B012A00DD43
:10FFDC006CE15A6B9A4B1A4200D067E10E9B0F9C56
:10FFEC0006930794904B1A788E4B1B78002B00D1FC
:04FFFC007DE19449C6
:020000040801F1
:10000000944B09781B78002900D174E1924C824905
:10001000086C496C20606160591E0B1C090600D5F4
:1000200000238C495BB20B708C490B708C4B1B7896
:10003000002B03D08B498C4B0968196000218B4B36
:100040001B788B4208D18A48724B0078884203D0D3
:1000500036331B785B42D9B2864B6F4C1970002A3D
:1000600059D0794B6B4E1B78002B54D1824D099B94
:10007000286869680093069A079BFFF763FB206274
:100080006162FFF7E9FB22696369099F206361638D
:100090000097FFF70BFC226963690E920F932A68A1
:1000A0006B68A062E162206C616C009201930E9A11
:1000B0000F9BFCF7B3F80B0002003100A260E36075
:1000C0003F310978002908D031003D310978306886
:1000D000FCF74CFA80342060616000214E4D4D4C9D
:1000E000AA68EB680091216C2068FBF7DDFD059B99
:1000F000624A013B05931378383501331370604B26
:1001000028701B78002B06D03D3423785A42534187
:10011000119AD318119301F071FB454B1B78002BFA
:1001200009D0584B1B78002B05D04B4B564A106812
:10013000516818605960374C2068FBF743FE534BF9
:100140001870002002F078FA0C9B002B04D0119B51
:10015000139A934200D1F2E0059B002B04DC363465
:100160002378002B00D0EAE0494B1C78002C00D00B
:10017000E5E0434B2FAA1978354B187801F0F2FED1
:10018000FF22444B0A941A70199B012B0BD10A9C35
:10019000414B02940D9C414A0194414C41494248D3
:1001A000009403F089FB414B1B78002B02D10A9B82
:1001B000002B17D0184803F0C7FD312403F0B2FD1F
:1001C00003F026FF0022089B0899DB0F8C42534165
:1001D000DBB2934202D0904200D0B6E10A9B002BE2
:1001E00000D0B9E1069B079C0E930F94A8E509493E
:1001F0002F4B00228868C968F8F71EF9002398423F
:1002000000D0CAE6CBE62B4B1870DBE67C670020FB
:100210005C630020800A0020D80900208FC2F528E6
:100220005CFF58400E2DB29DEFFF58408F670020B5
:10023000D90100205A630020596300200000444087
:10024000D80100204A0A0020BC0A0020FF00FF005D
:10025000F2030020A4660020C80A0020100A002033
:10026000B50A002084670020686700208C670020A2
:10027000BE0A0020560A002030020020F20A0020A8
:1002800001040020B60A002028020020110A0020E4
:100290004C630020570A0020D4200020B4360020F0
:1002A000F40A0020944C0020845700203D010020D7
:1002B00000003E40E0010020A94D287802F03EFAFF
:1002C000A84C2B78A061022B12D102F047FB0690BC
:1002D0000791069A079B226163610699079AA24BD0
:1002E00019605A60A14B1B78002B00D17CE67FE699
:1002F00002F078FAEBE7013393E6002A00D19DE69D
:100300009B4B9C4C1D78002D00D097E69A4B1B7898
:10031000002B10D0994B93492F95086C496C1860AD
:100320005960974B1B78002B00D187E623680B930D
:10033000A36B129382E62F9B01332F937EE601225B
:10034000904B1A70FDF79CFFFDF752FFFDF768FF19
:100350008D4B1B78002B00D1F0E08C4B1B78002BD1
:1003600068D08B4B1C685D688A4B20001A685B68FC
:100370000E920F93884B29001E685F680E9A0F9BA0
:10038000F9F746FA854B1A901B911A685B683000A2
:100390003900F9F73DFA02000B001A981B99FAF799
:1003A0001DFD4B005B0815931490002214981599BD
:1003B0007B4BF8F747F8002811D132003B002000B2
:1003C0002900FAF70BFD4B005B08179316900022EB
:1003D00016981799724BF8F749F800282AD00E9A08
:1003E0000F9B704E30687168FAF7F8FC6E4A6F4BDD
:1003F000FAF70EFA6E4F3A687B68F9F709FA0E9A27
:100400000F9B04000D00326073603C607D60002231
:100410000023F8F717F8002807D100222000290050
:10042000644BF8F723F8002804D00020604B6249A1
:10043000186059600122614B1A70614B1B78002BC8
:1004400001D0FDF75FFF5F4B1B78002B0CD02C22F7
:100450006B469B181878FDF7E2FF0B9B002B03DD22
:10046000594B0B9A1299D154424B1868C0B2FEF7FF
:10047000B3F8564B1B78002B03D0FDF75DFEFDF75C
:10048000A7FE534B1B78062B03D03F4B1B78002B4A
:1004900057D1FEF782F90130C0B2FDF7A4FFFBF798
:1004A0004BFCFDF747FF189B581CC0B2FDF7A9FF96
:1004B0000021FA20FEF75AFB464B1B78002B04D193
:1004C000109B581CC0B2FDF795FF189B092B05D94E
:1004D000012002F0B1F80020FDF793FFFDF774FD55
:1004E000FDF79CFD2A4B1868596801F049F92D4B1E
:1004F0001868596801F056F9374B18680130FE2822
:1005000000DDFE201860C0B2FDF782FFFEF772F931
:100510000130FDF78BFFFF22304B1A70304B1B78F8
:10052000002B00D130E62F4B1B78002B00D12BE69F
:10053000104B2D4A5B6C9BB2138025E61F4A13704B
:100540007BE70020FDF74FFFABE70A2004F02EFB0E
:10055000089B0133089333E600F068FAFFF72DFC9F
:10056000DA010020D809002008000020B40A002089
:10057000BC0A0020800A002001040020C80A0020D4
:1005800000040020D1030020D3650020A0660020D5
:100590002802002018020020E00A0020E80A0020BB
:1005A00000002440300200203BDF4F8D976E923FC9
:1005B000580A002000002C4000002E40C765002093
:1005C000A26600208B6700209F6500208F670020B7
:1005D000110A0020F00A0020D00A0020560A00204C
:1005E0005A630020D80100207C67002001210A4BBB
:1005F00082B01A6C0A431A641A6C0A408021009275
:10060000009ADA6B49050A43DA63DB6B0B4001930E
:10061000019B02B07047C0460010024010B50400B4
:1006200094B01422002102A806F0C8FF3422002151
:1006300007A806F0C3FF174B22689A4227D1202350
:1006400007A8079305F072F9002801D0FFF738F8E2
:100650000222114C1148636B02A913436363636B5D
:1006600013400093009BC0230293AE3B03930023EF
:10067000049305930633069304F09EFC8022E36BFB
:1006800092031343E363E36B13400193019B14B0A4
:1006900010BDC0460054004000100240000400504D
:1006A00010B504008EB03422002101A806F086FFA8
:1006B000104B22689A421BD180239B020193802316
:1006C00001A85B000D9305F031F9002801D0FEF779
:1006D000F7FF8022084B1202D96D0A438021DA65A8
:1006E000DA6BC9000A43DA63DB6B0B400093009BB3
:1006F0000EB010BD002800400010024010B50400EC
:100700008AB01422002105A806F058FF23681F4A6A
:1007100093421CD180211E4B49011A6CA0200A4330
:100720001A641A6CC0050A4001210192019A5A6BA1
:100730000A435A635B6B0B400293029B154B05A95E
:1007400005930223069304F037FC0AB010BD124A49
:100750009342FAD180210E4BC901DA6B0F480A434C
:10076000DA63DA6B0A4008210392039A5A6B0A4350
:100770005A635B6B0B400493049B1A230593183B4D
:100780000693013B099305A9DDE7C046003001400F
:1007900000100240C280000000380040000C0050F1
:1007A0007FB50368324A934212D11021314B112098
:1007B000DA6B0A43DA63DB6B00220B4001930F39DB
:1007C000019B04F005FA112004F02CFA07B000BDDB
:1007D000294A93420FD12021264B1220DA6B0A437B
:1007E000DA63DB6B00220B4002931F39029B04F09B
:1007F000EFF91220E8E7214A934210D180211D4BE6
:1008000009021A6C13200A431A641B6C00220B4065
:1008100003930121039B04F0DBF91320D4E7184A6A
:10082000934210D18021134B89021A6C15200A4380
:100830001A641B6C00220B4004930121049B04F0FA
:10084000C7F91520C0E70F4A9342BFD18021094B59
:10085000C9021A6C16200A431A641B6C00220B4052
:1008600005930121059B04F0B3F91620ACE7C046BF
:100870000010004000100240001400400020004022
:10088000004401400048014070B5060094B01422B5
:10089000002102A806F092FE3422002107A806F0EB
:1008A0008DFE274B32689A4247D1012307A8079350
:1008B00005F03CF8002801D0FEF702FF8021214B13
:1008C000C9011A6CA0200A431A641A6C00250A4058
:1008D0000092009A0122596BC005114359635B6B6A
:1008E00002A913400193019BB0235B0102930223F1
:1008F000049503930595069204F05EFB124C134B8E
:1009000020002360322363604E33A560E5602361DD
:100910006561A561E561256204F0E4F9A84201D0B2
:10092000FEF7CEFE0022331D1B201100DC67A662FD
:1009300004F04EF91B2004F075F914B070BDC046E8
:10094000003801400010024020060020080002404C
:10095000FEE7FEE77047704710B504F015F910BDCB
:1009600010B5024804F0D4FA10BDC046200600209D
:1009700010B5024805F078FA10BDC04640080020C6
:1009800010B5024805F070FA10BDC046F40700200B
:1009900010B5024805F068FA10BDC046A80700204F
:1009A00010B5024805F060FA10BDC0465C07002093
:1009B00010B5024805F058FA10BDC04610070020D7
:1009C00010B5024805F03EFC10BDC0467C06002074
:1009D00010B5034B012218685968FEF739FA10BDAB
:1009E0008400002010B5034B002218685968FEF7F8
:1009F0002FFA10BD8400002010B5034B01221868A7
:100A00005968FEF725FA10BD7C00002010B5034B95
:100A1000002218685968FEF71BFA10BD7C00002000
:100A200010B5FFF7D5FFFFF7E7FF10BD10B5FFF7D3
:100A3000D9FFFFF7EBFF10BD10B5034B012218687B
:100A40005968FEF705FA10BD6400002010B5034B8D
:100A5000002218685968FEF7FBF910BDB4000020A9
:100A600010B5034B012218685968FEF7F1F910BD63
:100A7000B400002010B5034B002218685968FEF737
:100A8000E7F910BDAC00002010B5034B0122186837
:100A90005968FEF7DDF910BDAC00002010B5034B1E
:100AA000002218685968FEF7D3F910BDA400002091
:100AB00010B5034B012218685968FEF7C9F910BD3B
:100AC000A400002010B5034B002218685968FEF7F7
:100AD000BFF910BD9C00002010B5034B012218681F
:100AE0005968FEF7B5F910BD9C00002010B5FFF75E
:100AF000ADFFFFF7BFFFFFF7D1FFFFF7E3FF10BD2B
:100B000010B5FFF7ADFFFFF7BFFFFFF7D1FFFFF70E
:100B1000E3FF10BD304B10B5186800225968FEF78E
:100B200097F92E4B002218685968FEF791F92C4B63
:100B3000002218685968FEF78BF92A4B00221868C2
:100B40005968FEF785F9284B002218685968FEF7A6
:100B50007FF9264B002218685968FEF779F9244B73
:100B6000002218685968FEF773F9224B00221868B2
:100B70005968FEF76DF9204B002218685968FEF796
:100B800067F91E4B002218685968FEF761F91C4B83
:100B9000002218685968FEF75BF91A4B00221868A2
:100BA0005968FEF755F9184B002218685968FEF786
:100BB0004FF9164B002218685968FEF749F9144B93
:100BC000002218685968FEF743F9124B0022186892
:100BD0005968FEF73DF910BD34010020BC0000202B
:100BE000D40000202C010020240100201C01002042
:100BF00014010020FC000020E4000020F40000208C
:100C0000EC000020DC00002004010020CC000020CB
:100C1000C40000200C01002010B5FFF77BFF074B3C
:100C2000012218685968FEF713F9054B012218686C
:100C30005968FEF70DF9FFF7FFFE10BD4C000020CC
:100C40005400002010B5FFF765FF034B0022186821
:100C50005968FEF7FDF810BD4C000020304B10B570
:100C6000186800225968FEF7F3F82E4B0122186825
:100C70005968FEF7EDF82C4B012218685968FEF709
:100C8000E7F82A4B012218685968FEF7E1F8284B6B
:100C9000012218685968FEF7DBF8264B0122186814
:100CA0005968FEF7D5F8244B012218685968FEF7F9
:100CB000CFF8224B012218685968FEF7C9F8204B7B
:100CC000012218685968FEF7C3F81E4B0122186804
:100CD0005968FEF7BDF81C4B012218685968FEF7E9
:100CE000B7F81A4B012218685968FEF7B1F8184B8B
:100CF000012218685968FEF7ABF8164B01221868F4
:100D00005968FEF7A5F8144B002218685968FEF7D9
:100D10009FF8124B002218685968FEF799F810BD29
:100D200034010020BC000020D40000202C01002051
:100D3000240100201C01002014010020FC000020E0
:100D4000E4000020F4000020EC000020DC00002083
:100D500004010020CC000020C40000200C01002071
:100D600010B50400002901D0FFF7D4FE601E0E2844
:100D70000FD8F7F7C7F9080F11131517191B1D1F07
:100D8000212325272900114B186801225968FEF7F5
:100D90005FF810BD0E4BF7E70E4BF5E70E4BF3E790
:100DA0000E4BF1E70E4BEFE70E4BEDE70E4BEBE78B
:100DB0000E4BE9E70E4BE7E70E4BE5E70E4BE3E79B
:100DC0000E4BE1E70E4BDFE70E4BDDE7BC000020EA
:100DD000D4000020140100202C010020E400002099
:100DE00024010020F4000020EC0000201C01002061
:100DF000DC000020FC00002004010020CC000020CA
:100E0000C40000200C010020F7B50190FFF782FE1E
:100E1000284B294A1B780B270092002B04D1274B23
:100E20001B78002B00D0177800242600244D009B4F
:100E30001B78A34200DCF7BDB742FCDD2A78013401
:100E4000002A1CD02000A34200DAE01A019B002BEC
:100E500001D000232B7002381A4B0C2809D8F7F761
:100E600051F90710121416181A1C1E2022242600ED
:100E7000154B186801225968FDF7EAFF0136013564
:100E8000D5E7124BF5E7124BF3E7124BF1E7124BA4
:100E9000EFE7124BEDE7124BEBE7124BE9E7124B92
:100EA000E7E7124BE5E7124BE3E7124BE1E7124BA2
:100EB000DFE7C0465963002041020020D80100202E
:100EC000E1010020BC000020D4000020140100201B
:100ED0002C010020E400002024010020F400002068
:100EE000EC0000201C010020DC000020FC000020A1
:100EF00004010020CC000020C400002010B5FFF742
:100F000009FE034B012218685968FDF7A1FF10BDC7
:100F1000340100200120704710B506F0B7FB1623FE
:100F200003600120404210BD10B506F0AFFB162350
:100F30000360FEE770B50E0014000025A54201DB3A
:100F4000200070BD00E000BF70550135F6E770B5B8
:100F50000E0014000025A54201DB200070BD705D6D
:100F600000E000BF0135F6E70120404270478023D2
:100F70009B0100204B6070470120704700207047A4
:100F80000B490C4A0300521A0B4910B50868002897
:100F900001D10A4808600868C318934206D906F0D0
:100FA00075FB0C2303600120404210BD0B60FCE781
:100FB00000040000009000204863002058690020D1
:100FC0007047000070B5FDF73AFC0E4C0E4D2060E6
:100FD0002B780F280DD1002B01D10F2070BD0E20D2
:100FE000FDF7E4FA0E2323602B78002BF5D0206860
:100FF000F4E70E28F8D1002BEFD00130FDF7D6FA38
:101000000F23F0E70C020020C16500200F2802DD4D
:10101000024B18787047024BC05CFBE7E0010020F0
:101020009F650020144A30B514680F2C23DC134B45
:101030001D78002D02D0092800DD0920104B1B78F7
:10104000002B02D00923082802DC031E00DC012348
:10105000110034310978906B29400125082800DC03
:101060000025294204D0984202DD516801315160C7
:101070009363044AA35430BD800A00205A630020C1
:10108000D90100209F65002070B50400FDF786F8A7
:10109000FDF742F8FDF7CAFB174B18491870184BBB
:1010A0001B78002B04D1174B1B78002B04D016495A
:1010B0004822200006F017FB144B1B78002B09D0A8
:1010C000012213490A70032B04D91800104013425F
:1010D00000D10870FFF776FF0500FFF797FF0122A8
:1010E0000C4B25601A7000230B4AA063137020007C
:1010F0002364636470BDC046DA01002090010020C3
:1011000059630020D801002048010020B06500206C
:10111000C1650020D90100205A630020F0B58E4B34
:1011200087B01F780193FDF765FB0B21F7F76EF988
:1011300001238A4D05916B540B0006330393019BE9
:101140001A78039B9A4201DA9B1A03930121039BAD
:101150000291EB18013B1970002381499A4230DC5F
:10116000FAF74CFC05F008FF00237E4E33647364ED
:101170007D4B1B780093002B31D0019B1A783300F4
:101180003C331B78002B27D133680133934200DDB9
:101190009B1A01223360EB18013B1A70734A1368E3
:1011A000013313606C4B714C1A7823689A4206D154
:1011B0000D220021280006F001FA0023236007B069
:1011C000F0BDE85C0133002802D1C85C002801D0E2
:1011D000013FC3E70293C1E7654B1B68D9E7654B45
:1011E0001A78002ADED0019B604C1B786248009977
:1011F000049301702368002F3BDD012F0FD1029A69
:1012000001333260AA18013A1770236000200122CE
:10121000544B5A4918615961574B1A70C2E7022F53
:1012200028D10120029A564F3260AA18013A107054
:101230001A1822604948009A04998A4204DB494BF3
:101240001B6C002B0DD1E1E7815C561C00290ED1EF
:10125000B95C00290BD1434902330E64012123609C
:10126000815400203F4B4749186159619AE7320089
:10127000E2E70092049A0499023A481E9A4205D184
:10128000059B384A013313602060BFE798420CD1B8
:10129000344B039A1A60049B23603B4B1B78002B52
:1012A000B4D00122394B1A70B0E705F095FE019BCE
:1012B0001F783900F7F7AAF8284B5B5C002BF4D1B4
:1012C0002F4B5B5C002B02D0009B002BEDD04B1C06
:1012D000336001236B54236801332360FB1A022B14
:1012E00004DC244B1B78002BBBD0A8E705F074FE70
:1012F000019B1F783900F7F789F8184B5B5C002BCE
:10130000F4D11F4B5B5C002B02D0009B002BEDD077
:101310004B1C336401236B54236801332360FB1A95
:10132000022BDEDD05F058FE019B1978F7F76EF809
:101330000A4B5B5C002BF5D1114B5B5C002B02D0A0
:10134000009B002BEED04B1C736401236B5423686D
:1013500001332360C5E7C046410200205E630020E0
:101360006A630020800A0020596300205463002033
:1013700050630020D80100205D6300200000694018
:101380006B630020000054408C6700204C630020F9
:10139000F7B5AA4C002123003E33197001232363C3
:1013A0000223FF33A38623000D223633A44819708D
:1013B000A1872164616406F001F9A24B1D78002D1C
:1013C00000D17FE0A04B00221B78002B78D0802337
:1013D000DB05A261E36100229C4BA260E360002276
:1013E0009B4B2261636100229A4BA262E36203235A
:1013F0006360994B00221E685F68984B300039008B
:10140000F7F734F8002801D00026944F944B1B784E
:101410000093002B02D0934B1E685F6800223000BF
:101420003900914BF9F7DAFC904A914BF9F7F0F952
:1014300002000B0000208F49F9F7D0FC00228E4BF0
:1014400006000F00F7F712F8002801D000268A4F97
:101450008A4B266267621B78002B51D0009B002BC1
:1014600047D1874B1A685B6800920193854A1388BD
:1014700001339BB21380002D3ED0834B00221E68A7
:101480005F68824B30003900F8F7C2F9804BA062E8
:10149000E1621A685B6830003900F8F7B9F9734AFD
:1014A00006000F0000980199714BF9F7B1F902009D
:1014B0000B0030003900F9F791FC206261621FE0F7
:1014C000744B86E7744B1B78002B92D0802300224C
:1014D000DB05A261E3610022704BA260E3600022A1
:1014E0006F4B2261636100226E4BA262E3620223B2
:1014F0007EE700220023B7E7674B1B78002BBCD1A7
:10150000694B1B78002B00D186E0002D00D17BE0D9
:10151000FDF767F9002803D0644B1B78002B06D039
:10152000634B07221D78002362499D4263DC012240
:10153000424B1860604BC254604A13680133136019
:1015400001215F4A3D4B117003225A6000223F3354
:101550001A705C4B394C1B78002B06D023003E33AD
:101560001B78002B01D0012363602068FFF74EFD3C
:10157000226B6368A0639A4203D1230001223633B1
:101580001A7023003C331B78002B14D14E4B1B7870
:10159000002B10D04D490022086849684C4BF6F7E3
:1015A00051FF002807D0206A616A0022494BF8F7F2
:1015B0002FF92062616223003D331B78002B07D096
:1015C000206A616A0022434BF8F722F920626162C7
:1015D000206A616A0022284BF6F748FF002803D0F2
:1015E0000022254B2262636200223B4B1A703B4B68
:1015F00001321A70F7BDCE5C5C1C964202DC200002
:10160000CA5CD2B2230090E7234B1B78002B00D199
:1016100096E7FFF783FD93E70223084CFF33E38748
:10162000FDF72AF9224B01301B782060984201DD3A
:10163000C01A2060FFF772FD8BE7C046800A0020C9
:101640005E630020596300204D6300200000594074
:101650000000444000908A403002002000488C4046
:10166000A0660020E80A0020004085409A999999D8
:101670009999E93F0060834000808640C76500205B
:10168000C8650020806700201002002000206C4008
:10169000280200200000F03FD801002000003E405A
:1016A0000000544000E085409167002088670020DA
:1016B00041020020D40300205D6300205463002019
:1016C000BD0A0020080200205B630020000000200B
:1016D0000000144000004940D90100205A63002056
:1016E00010B50D222821034805F068FFFCF736FDF0
:1016F00010BDC0468563002010B568220021034854
:1017000005F05CFFFCF78AFC10BDC0466864002051
:1017100010B5682422000021064805F04FFF220082
:101720000021054805F04AFFFCF7A2FCFCF7CAFCC3
:1017300010BDC046006400209863002010B56822E8
:101740000021034805F03AFFFCF73EFC10BDC046FF
:10175000D064002010B50D22FF21034805F02EFFB4
:10176000FCF70CFD10BDC0467863002010B50220C8
:10177000FCF732FE0222014B1A6010BDDC01002092
:10178000D0B506000F00054C60220549200005F089
:1017900003FF26666766FCF76BFCD0BD0064002083
:1017A00008640020D0B506000F00054C60220549F2
:1017B000200005F0F1FE26666766FCF783FCD0BDCD
:1017C00098630020A0630020F8B50C684D68066897
:1017D00047682B00220030003900F6F733FE030083
:1017E0000120002B08D12B00220030003900F6F731
:1017F0003DFE431E98414042F8BD0000F0B5BF4B8E
:101800008FB01B78002B00D1CBE0BD4ABD4B116BD4
:1018100018780139BC4BC9005B18002800D12CE1B5
:10182000BA490868496818605960130035331B7855
:10183000002B02D10121B64B1970130036331B78EF
:10184000002B00D1ADE0536800240293B14B002679
:101850001B7800275A425341029A9B18043B1D00F3
:101860000093A94B0893029B9D4200DA0AE1AA4B20
:10187000002C00DCC9E1002220001A70F9F716FFE5
:101880000490059102000B0030003900F8F786FB48
:10189000002400250A900B91009E9B4F029B9E42C4
:1018A00000DA09E1049A059B20002900F8F776FB8D
:1018B00006F090FD0023002600270493089009916C
:1018C000914B0D93009B029A934200DA66E10498D3
:1018D000F9F7ECFE02000B0030003900F8F75EFB70
:1018E00000900191009A019B8C4C226063608C4BAC
:1018F0001D788C4B1B785BB2022B00DDBCE101270D
:10190000894B1F70002D11D0884E894D3378002BE4
:1019100000D198E1009801990022864BF6F792FDDC
:10192000002800D18FE100232F703370824B1B7889
:10193000002B36D020686168804B814D1A685B6847
:10194000F9F74CFA7F4B286069601B6800210C2B6B
:1019500001DC0D31C91A00230D227B48FAF7FCFA8D
:101960006E4C2668676832003B00F9F737FA009042
:101970000191019B009A5B00100059080022734BF3
:10198000F6F774FD00280CD00122714B1A70714BD0
:101990001E605F60694B186859686F4B206061601A
:1019A0001A706E4B1B78002B00D12BE26C4B544C01
:1019B0001B78002B4FD16B4B1B78002B4BD06A4B05
:1019C0001B78002B47D12268684B013AD2009B1844
:1019D0001E685F680022002330003900F6F746FDDC
:1019E000002838D0624B1B8818000093F9F75EFE80
:1019F0000022029003915F4B30003900F8F708FF96
:101A000002000B0002980399F6F71CFD5A4D0028BE
:101A100007D0002230003900584BF6F731FD00287E
:101A20000CD1009B042B00D94CE10022300039007E
:101A3000534BF6F725FD002800D143E100222B6827
:101A400001332B60474B1A704E4B1A704E4A138865
:101A5000C8339BB21380484A1368042B00DC33E17F
:101A600001214A4B00201970002300211360484BCC
:101A700018605960FFF740FE26E146484649186065
:101A80005960DAE6089AEB009B181A685B680492C2
:101A90000593049805993F4A3F4BF6F7D3FC00287D
:101AA00008D0049A059B30003900F7F7B1FE060014
:101AB0000F0001340135D6E6F300DB191A685B68C4
:101AC0000892099308980999324A334BF6F7BAFC01
:101AD000002811D00A9A0B9B08980999F9F77EF90A
:101AE00002000B00F8F794FE02000B002000290012
:101AF000F7F78EFE04000D000136CFE6D901002075
:101B0000800A0020F2030020F8650020C80A0020A7
:101B1000D2650020C165002038020020300200207C
:101B200058630020A4660020A2660020D80100208F
:101B30005963002000708740C7650020E80A002034
:101B4000C8650020D00A00209863002000002440CF
:101B5000A066002018020020A16600205A63002021
:101B6000BC0A0020010400208C670020686400206B
:101B7000520A00200000D03FB4650020000044401D
:101B800000003440000400207E670020D165002062
:101B9000C80300200000C0FFFFFFDF41009B0D9A3B
:101BA000DB009B181C685D68C04A20002900C04B00
:101BB000F6F748FC002824D00A9A0B9B2000290045
:101BC000F9F70CF94B005B0806900793069A079B00
:101BD00008980999F6F754FC002807D10698079948
:101BE0000022B44BF6F72EFC00280AD0049B3000EC
:101BF00001333900049322002B00F7F709FE060099
:101C00000F00009B013300935CE6AB4A16685768EF
:101C1000AA4A1278002A04D000221A70009601976E
:101C200060E601241C70A64B1A685B680092019361
:101C30000098019900220023F6F718FC0028EDD047
:101C4000A04B1C704EE62B78002B00D16EE600985E
:101C5000019900229C4BF6F713FC002800D165E6A1
:101C60000023022001222B70984B32701860984B91
:101C70001A70FCF7B1FB59E6964E3778002F00D169
:101C8000F6E00098019900228F4BF6F7DBFB002865
:101C900010D08B4B1A685B680092019300980199F1
:101CA0000022894BF6F7ECFB002803D0009A019B39
:101CB00022606360002D00D0DDE0EEE0002F00D157
:101CC00034E6EAE000232B60834B844D1B780093BD
:101CD000002B60D1824B834F1B78002B04D1824BA9
:101CE0001B78002B00D193E0804B1B78002B04D194
:101CF0007F4B1B78002B00D086E07E4B1B78002B9F
:101D000004D17D4B1B78002B00D17DE07B497C4BBF
:101D1000086849681A685B68F9F760F802900391EF
:101D2000039B029A5B0059081000764B0022F6F7DD
:101D30009DFB6B49744A00280CD01368734801332B
:101D400013600023037072480B7003889133FF33D4
:101D50009BB203801368032B56DD01230B70002117
:101D600011606C4A1370654B6B4A18685968236B95
:101D7000013BDB00FB18186059602368674C013B8E
:101D8000DB00D21810605160E418654B1888F9F731
:101D9000BBFC206061602B0036331B78002B31D0F8
:101DA0002B003D331B78002B03D04A4B1B78002BB4
:101DB0005AD100246B6804935A4B1B78A34201D17B
:101DC000049B9C1E002500260027464B0693049B7F
:101DD0009C422FDB002D47DD2800F9F767FC02004D
:101DE0000B0030003900F8F7D9F83D4B1B78002B79
:101DF00008D0009B002B05D10122414B186059608F
:101E0000444B1A700FB0F0BD354B1B78002BAAD194
:101E100000200021236B254A013BDB00FF18244BE7
:101E20003A607B6022683D4B013AD2009B181860F3
:101E30005960B0E7069AE3009B181A685B68029243
:101E4000039302980399194A194BF6F7FBFA0028F5
:101E500008D0029A039B30003900F7F7D9FC06003E
:101E60000F0001350134B2E7244B18685968BCE70C
:101E7000002D00D15AE52C4D2B78002B00D11DE709
:101E8000206861680022104BF6F7FAFA002800D1AA
:101E900014E70123337000232B70244B1B78002B95
:101EA00000D043E50122224B1A703FE50000C0FF3D
:101EB000FFFFDF4100002440F8010020B165002051
:101EC000E80A0020A166002000708740DC010020A5
:101ED0005C630020D8010020BC0A0020800A00209A
:101EE00001040020D8650020D00300208C6700206A
:101EF000D1030020C7650020D3650020C80A002058
:101F00002802002000004940B8650020000400209D
:101F10007E670020B2650020D06400206864002045
:101F2000520A0020080200205963002038020020D5
:101F3000A26600200020094B10B51C78084B844293
:101F400005D018780130C0B2FF2800D102381870CF
:101F5000FCF733FB2000FCF722FB10BD3802002009
:101F6000B0650020F0B57D4B7D4C1B7885B00E0030
:101F70001700256B0093002B00D123E1A068E168D6
:101F80000022784BF8F744FCA269E369F7F740FCBC
:101F9000F6F720FB744B80B21880744B744A1B78A0
:101FA000744E032D1ED1002B0BD080210020C905BB
:101FB000A061E16100207049A060E16000206F49EC
:101FC000087030781178002832D000295DD00020C8
:101FD0006B49A062E16200220220A91E88425241A0
:101FE000D1B228E0002B21D0052D0CD1654909780C
:101FF00049B20529E5D100206349644F206261623E
:1020000038607960DDE7042DDBD0062D09D15D490C
:10201000097849B20629D4D100205D492061616167
:10202000CFE7032DCDDC002054490870012DC8DC1A
:1020300011780029CFD1002B2DD13378002B19D066
:10204000002917D0A06AE16A0022524BF8F7E0FBA2
:10205000514B1A685B68F7F7DBFB4C4B20626162FF
:102060001E685F6832003B00F6F700FA002801D0D6
:1020700026626762230036331B78002B12D0FFF7ED
:1020800059FFFFF785F905B0F0BD002BD5D0002230
:10209000424BA262E36200220223023DAB42524164
:1020A000D1B2CAE7FEF78EFF20603D4B1B78002BB4
:1020B00000D1A7E23B4B2A4D1B78002B00D1A1E2B7
:1020C0002B00012435331C70002322001900FA2054
:1020D0002C63FCF7AAFA431E9841334A334B12781B
:1020E000C0B21870002A04D02A003E3211780029AC
:1020F00012D11B780324002B0ED02B003C331B780D
:10210000002B09D02A4B1B78002B05D1294B073413
:102110001B78002B00D0073C2B6B6C60A34200DACD
:102120006CE201221F4B1A700D4C2068FEF76EFF07
:102130001B4BA0631B78002BA5D01F4B1B78002BDB
:10214000A1D009289FD11D4B1868A063FEF76AFF34
:102150001B4A13880A339BB2138094E7D9010020ED
:10216000800A0020000024407C670020D801002065
:1021700059630020D265002000003E40B165002078
:1021800000407F40A466002000509440F0010020F1
:1021900000C072400000E03FC80A002000E0854017
:1021A0005A630020B60A002008020020C4650020FF
:1021B0008C670020F10A0020C36500200002002087
:1021C0007E670020C44B1B780393002B00D119E2DB
:1021D000C24B1B78002B00D102E1A269E369A06821
:1021E000E168F7F715FBF6F7F5F9BD4B80B21880FB
:1021F0002300002234331A7023003C331B789342AF
:1022000000D100962368B74A013BD35CDBB201934F
:1022100023003D331B78002B0BD0009B002B00D0FC
:10222000E3E0230036331B78002B00D0DDE0FEF71F
:1022300075FFAD4B1B78002B00D0F3E0009B002B0B
:1022400014D0019B032B00D9F4E0A44B1B78002B86
:1022500000D1E1E0A549002208684968A44BF7F7DE
:10226000D7FAA062E16201229F4B1A70A14CA24DE5
:102270002368042B09DC2B780293002B05D1009BEB
:10228000002B1DD0019B032B1AD8944B1B78002BDD
:1022900000D1D4E09949954B086849681A685B6891
:1022A000F7F7B6FA964E306271620023954A2B70AA
:1022B0002360954B106C516C18605960039B02931E
:1022C000924B1B78002B00D1EAE03B68052B03DC26
:1022D0008F4B1B78002B49D08E4B00221C685D6809
:1022E0008D4B20002900F6F7C1F8002801D000240A
:1022F000894D002220002900884BF8F76FFD884A9D
:10230000884BF8F785FA02000B0000208649F8F7A1
:1023100065FD0022854B04000D00F6F7A7F80028A4
:1023200001D00024814D6D4A754B12781C625D62AC
:10233000002A00D189E000207D499862D9620023FB
:10234000734A3B6013707B4B674D1B78002B02D0A8
:102350002B78002B0AD1784C2678F9F7EDFC002376
:10236000764A2B7013702670FBF7E4FF744B644CB5
:102370001B78002B71D0734B1B78002B6DD0822300
:10238000236000230022236463640133A3876E4B20
:10239000A261E36100226D4B226163616C4B584C7A
:1023A0001B78002B0ED06B4B1B78002B0AD1029BA5
:1023B000002B07D0206A616A0022674BF7F728FAE2
:1023C00020626162206A616A0022584BF6F74EF87B
:1023D000002800D169E60022544B2262636264E661
:1023E000636C3F4A9BB2138002E72300012236331D
:1023F0001A70454B414A1068516818605960FCF7E3
:102400003BFA564A564B127801301860904200DC75
:102410000FE7801A18600CE7524B1B78002B00D096
:1024200018E720E7009B002B00D11FE7019B032B3F
:1024300000D81BE72F4A13680133136016E7494B96
:102440001B78002B00D025E72FE7464A1278002A98
:1024500000D174E7002044496FE7270026003C378D
:102460003D783E36002D00D18CE0FEF757FE00236C
:102470003B7001333370194B1B78002B1CD03B4B46
:1024800000221B78002B15D08023DB05A261E361BD
:102490000022374BA260E36000222C4B2261636173
:1024A000274A344B12781B78002A71D0002B00D0B9
:1024B00074E77EE0304BE9E72A4B1B78002BEFD026
:1024C00080230022DB05A261E36100222B4BA26086
:1024D000E36000222A4BE1E75A63002059630020A1
:1024E0007C670020D4030020D36500201002002068
:1024F00000206C40BC650020FA030020C80A0020C0
:10250000800A0020D809002028020020B60A0020F6
:10251000D16500203002002000488C4000408540FA
:102520009A9999999999E93F006083400080864083
:1025300000908A408C670020D1030020C7650020EE
:10254000BD0A0020916700200000084000004440C0
:102550008B670020F00A0020000049404102002063
:1025600050630020D801002000E085404D6300202A
:1025700000005940BC0A00200000F03F00003E402F
:1025800000005440FEF7CAFD01233D34337025702E
:10259000224A234B1278002A00D0FFE61A00363276
:1025A0001278002A02D1196B022925D101223F336A
:1025B0001A701C4B1A4C1B78266A676A002B00D1D4
:1025C000ECE61949002208684968184BF5F73AFF0C
:1025D000002800D1E2E6009B002B00D1DEE6019B43
:1025E000032B00D9DAE6002230003900104BF7F750
:1025F0000FF920626162D1E63F33D9E70022363518
:102600002A7091E50021064B0A4A11701A6B0132BB
:102610001A635B689A4200DB83E585E5BC0A00200B
:10262000800A00205B6300200000002000001440AE
:1026300000004940B50A0020F0B50026040035002E
:10264000394F9FB0F31904AA18685968B318186075
:10265000596000220023F5F7EFFE43425841083647
:102660002D18682EEED1002D42DD08222F4B0D21B2
:1026700004A804F027FD6B10DA00ED073AD513002B
:1026800004AA9B181A685B68009201930099019A4A
:10269000274B19605A60002C2AD00025224B254C6C
:1026A0000393039B0022EB181E685F680023300031
:1026B0003900F5F7C1FE002814D1009801993200C5
:1026C0003B00F8F78BFB22686368F7F7A1F8060078
:1026D0000F00F8F7AFFFC317C018584014281EDCCE
:1026E0002660676008350834682DDAD1FBF744FCB2
:1026F0001FB0F0BD013B04A9DB005B1819001300FB
:102700000868496804AA9B181A685B68F7F780F89C
:102710000022094BF8F77CF800900191B6E70022FF
:10272000002322606360DDE7D0640020C917010840
:1027300020020020386500200000E03FF0B585B0A1
:102740000400FEF7DDF9FEF7D9FB0A2002F02EFAAD
:10275000022C1CD1FEF7CAF9FA20800002F026FAFA
:10276000F9F756F9002704001B4EFA2120008900D2
:10277000F5F766FDBB1BD917184D194A5B184B407E
:1027800028801380FEF7C6F9200005B0F0BDFA23BB
:102790000024002500279B000F4E0193F9F72EF926
:1027A000C31702900393029A039BA4185D418642CB
:1027B00000DD0600874200DA0700019B013B019320
:1027C000002BEBD1FA222000002329009200F5F71C
:1027D0009BFE0400C9E7C046FFFFFF005A660020C9
:1027E00058660020F0B5012700253E0097B0039001
:1027F0000C22574907A804F076FF0AAB0193009713
:10280000ACB22000C53080B2FCF792F9019B187081
:102810002000D13080B2FCF78BF9242204AB1534B0
:102820009B18FF3458550290A0B2FCF781F9019A29
:102830000299127810ABE854914200D081E0029ADC
:10284000904207D00026370004E00026029A009646
:102850008242F8D1019A0135013201920C2DCFD17B
:10286000242104AA521812781B780AAD13402A7842
:1028700013ACFF2A06D0FF2B06D12800FBF7C1FAC4
:10288000002701E0FF2B55D0009B002B56D1002ED6
:1028900054D1002F52D00DAB23CB23C40398F8F7AB
:1028A00005FF00222B4BF8F799FA00222A4BF7F785
:1028B00075FB04000D00139B04A80493149B0421D2
:1028C0000593159B069301F045FA05A8042101F034
:1028D00041FA06A8042101F03DFA22002B00200055
:1028E0002900F7F795FF060004980F00F8F730FF6E
:1028F00002000B0030003900F7F78AFF0600059848
:102900000F00F8F725FF22002B00F7F781FF0200E8
:102910000B0030003900F6F77BFF040006980D002D
:10292000F8F716FF02000B0020002900F6F770FFF1
:1029300017B0F0BD07AD2800FBF763FA07CD07C459
:10294000ACE7904200D080E700221700009281E7B8
:10295000F88C010830C0594180F1FAC0F8B5052360
:102960005B425843F8F7A2FE0022264BF7F750FFD0
:102970000022254C254B20606160A260E3600022AC
:102980008025234B2D0622616361A668E7682269D2
:10299000636979193000F7F701FBA061E1612068F4
:1029A0006168A269E369F7F7F9FA20626162194A7E
:1029B000206A616A184BF8F711FA184A184BF7F7B2
:1029C000EDFAA062E1620022A06AE16A154BF7F716
:1029D000E5FA05F0C9FC144A144BF6F719FF02009A
:1029E0000B0000201249F7F7D9FA20636163114AFE
:1029F000206B616B104BF8F7F1F9A063E163A06BFA
:102A0000E16BF8BD0000703E6066002000230E41BF
:102A100060301F41FCA9F1D24D62E03F1AB5F2C807
:102A2000C588DF3E006AF840F86F702FADFA2B4082
:102A3000004BB04066666666661271400122002156
:102A4000044B1A705A709A709971D97019715A7131
:102A50007047C046C066002070B5FFF7EFFF494BD6
:102A6000494C1B78002B00D189E0484B1B78002B88
:102A700000D184E00323002500222381444BA3815D
:102A8000444B6581E58125826582A582E5822583A7
:102A90006583A58322626362A262E36200223E4BE9
:102AA0002263636300223D4BA263E36300223C4B3D
:102AB0002264636400223B4BA264E36400223A4B2D
:102AC0002265636500220023A265E36522666366D2
:102AD000A266E36622676367230078331D802300C4
:102AE0007A331D8023007C331D80230022007E3337
:102AF0001D80012380321370220081321370220066
:102B000082321570220083321370284A1570284AC9
:102B10001570284A1370284B1D70284B1D70284BC8
:102B20001D60FBF795FE274B1870274B1D70274B38
:102B30001D70274B1D70274B1D70274B1D70274B99
:102B40001D70274B1D70274B1D70274B1D702300D8
:102B500088331D6023008C331D6023009A34983322
:102B60001D802580FDF7CCFF204B214819685A684D
:102B7000FAF7C4F8F8F726FFFDF7CCFF70BD052380
:102B800079E7C0464D630020C066002059630020ED
:102B900024F4FFFF00F8914000E0854000207C40D5
:102BA00000005440000044400000F03FA4660020B4
:102BB000A36600204002002090670020F20A002057
:102BC00054630020B0650020D0650020B16500206E
:102BD000D3650020D2650020C2650020C3650020B7
:102BE000A1660020A2660020A0660020340000201C
:102BF000A866002010B5144C6378002B14D0FCF7A5
:102C000035FD1020FCF7D6FCE18A102089B2FCF7D4
:102C1000F3FC10200021FCF70BFDFCF725FD002341
:102C200010206370FCF7A0FCF8F702FF22002300DD
:102C3000001280B28432108088339A341968238855
:102C400012885B00CA5210BDC066002070B5204CCF
:102C5000A378002B14D0FCF709FD1120FCF7AAFC87
:102C6000218B112089B2FCF7C7FC11200021FCF751
:102C7000DFFCFCF7F9FC00231120A370FCF774FCC7
:102C8000F8F7D6FE2300220025000012843380B21C
:102C900018809A358C3211682A8818885200885218
:102CA0001888230088331A682B8890345B009B5A5D
:102CB0002668C01AC317C0185840F6F713FD2C88B1
:102CC000A40030512B8801339BB22B8070BDC046CD
:102CD000C066002010B5FCF7C9FC0620FCF744FCD8
:102CE000FCF7C2FC0122024B9A7100225A8110BDEE
:102CF000C066002010B5FCF7B9FC0720FCF734FCD7
:102D00000E20FCF731FC1020FCF72EFC1120FCF704
:102D10002BFCFCF7A9FC0122014BDA7010BDC04668
:102D2000C0660020F8B502000B0000201F49F7F72D
:102D300035F9F8F77FFC0500F8F7B8FC02000B0046
:102D400006000F00F6F764FDF5F744FC184C80B25E
:102D5000E081E389A8B29BB22382E3899BB26382BC
:102D6000ABB2A382E3899BB2E382E3899BB2238364
:102D7000F8F79CFC0F4A104BF7F74AFDF5F72AFCD1
:102D80000C4A0D4B85B239003000F7F741FDF5F7DD
:102D900021FC80B2F8F78AFC32003B00F6F738FDE0
:102DA000F5F718FC80B26583A083F8BD8084EE40FF
:102DB000C06600205C8FC2F5285CEF3F10B5174C51
:102DC000E378002B01D1FFF795FFFCF74FFC218A38
:102DD000072089B2FCF710FCA18A0E2089B2FCF70B
:102DE0000BFC618B102089B2FCF706FCA18B112033
:102DF00089B2FCF701FC00210720FCF719FC002137
:102E00000E20FCF715FC00211020FCF711FC00211E
:102E10001120FCF70DFCFCF727FC10BDC06600205C
:102E200010B50C4C638901339BB26381628923899D
:102E30009A4203D2084B1B78002B0AD1FCF716FCF0
:102E40000620FCF7B7FBFCF70FFC0023A371FFF78C
:102E5000B5FF10BDC066002040020020014B18796C
:102E6000C0B27047C066002010B5154B154C186AEB
:102E7000596A20626162986AD96A2063616318693D
:102E800059699A69DB692064616422656365206A17
:102E9000616A226B636BF7F7A1FFA063E163206AAD
:102EA000616A226D636DF6F7B3FCA062E1620022F5
:102EB000206C616C044BF7F7ABFCA064E16410BDBF
:102EC000800A0020C06600200000E03F10B5104CD2
:102ED00010492300783308881A88904207D01A884E
:102EE0000D4892B20A80198889B2F9F735FF22009D
:102EF0007A347E3211882388994207D02388064885
:102F00009BB21380218889B2F9F736FF10BDC04605
:102F1000C06600203C670020A86600200022F8B5AB
:102F2000644B654C1A8023007A331A80FFF7CEFF7A
:102F3000FDF782FD614B624D1F78624E002F2BD052
:102F40002B0036331878FDF75FFF3378002B4DD018
:102F5000A26AE36AA265E3650022A06DE16D5A4BA7
:102F6000F7F756FCF5F736FB230080B2783318806C
:102F70000022002322666366230000227A331A802F
:102F8000FFF7A4FFA86B09284ED8F5F7BBF84B62F2
:102F9000676C71767B8289904C4B1B78002B13D029
:102FA00028680121C0B2FDF7DBFE286C002803D0A1
:102FB0003900C0B2FDF7D4FE686C0028C5D00021EE
:102FC000C0B2FDF7CDFEC0E73378002BD8D0404B20
:102FD0001F78002F06D101210F20FDF7C1FE390017
:102FE0000E20EEE728680121C0B2EAE7374A1278DE
:102FF000002AC5D0002000212200A065E1657832BA
:103000001380A26AE36A226663662F4B0022206E59
:10301000616EF7F7FDFBF5F7DDFA230080B27A3336
:103020001880ADE7FDF76CFDA379002B01D1FFF708
:1030300051FEFCF71BFBA189062089B2FCF7DCFAE4
:1030400000210620FCF7F4FAFCF70EFB01232371A4
:10305000F8BDFDF755FDFDF7F9FCE5E7FDF750FD7F
:10306000FDF708FDE0E7FDF74BFDFDF7EFFCF7E7A7
:10307000FDF746FDFDF712FDD6E7FDF741FDFDF733
:10308000F9FCF7E7FDF73CFDFDF7E0FCFDF71AFD65
:10309000CAE7FDF735FDFDF7D9FCFDF7EBFCF5E7D9
:1030A000FDF72EFDFDF7D2FCFDF7F8FCEEE7FDF78E
:1030B0001DFDB9E738670020C0660020BC0A00206B
:1030C000800A0020D901002000403A405A630020C5
:1030D000C165002010B5FCF7C9FA00210620FCF7F5
:1030E000A7FA00210720FCF7A3FA00210E20FCF725
:1030F0009FFA00211020FCF79BFA00211120FCF719
:1031000097FA0620FCF756FA0720FCF753FA0E2030
:10311000FCF750FA1020FCF74DFA1120FCF74AFAA0
:10312000FCF7A2FAFFF78AFCFDF7EAFC0022034B4A
:103130001A80034B1A80FFF7C9FE10BD38670020C4
:103140003A670020F8B5914C6379DFB2002B00D1CB
:10315000D8E000276771A06AE16A226D636DF7F716
:103160003DFE2300A062E1629433A06AE16A1E681A
:1031700023009A331D88F8F733FBAD007051A06A25
:10318000E16AA26BE36B2500F5F766F9012683354A
:10319000B84200D18EE0230082331E70A06AE16A3B
:1031A000A26BE36BF5F74EF9B84200D182E0FFF76E
:1031B00091FF774B2F701B78BB421AD0754B1B7851
:1031C000BB4216D000220023A265E36523007833BA
:1031D0001F80FFF77BFE704B1B78BB4200D167E07E
:1031E0006E4B1B78BB4200D162E0FA20400001F038
:1031F000DDFC052001F0DAFCFDF78CFC23008333B5
:103200001B78002B27D0664B1B78002B23D0A06A9D
:10321000E16A226A636A2500F5F70EF97A3500281B
:103220004AD0A06AE16AA26CE36CF6F7F1FAA065F5
:10323000E1650022A06DE16D5A4BF7F7E9FAF5F769
:10324000C9F9230080B27833188000220023226657
:10325000636600232B80230083331B78002B26D04A
:103260004B4B1B78002B22D0A06AE16A226A636A6A
:103270002500F5F7E1F87835002830D0002200234A
:10328000A265E36500232B80A06AE16AA26CE36C6F
:10329000F6F7BEFA206661660022206E616E414B31
:1032A000F7F7B6FAF5F796F97A3480B22080F8BDD0
:1032B0003D489CE72E70A1E7206E616E226D636D24
:1032C000F6F7A6FA206661660022206E616E354B25
:1032D000F7F79EFAF5F77EF980B22880BBE7A06D7C
:1032E000E16D226D636DF6F793FAA065E165A06D5F
:1032F000E16D00222B4BF7F78BFAF5F76BF980B2F3
:103300002880D4E701236371254B1E78002E1CD042
:10331000A06AE16A226A636A2500F5F78DF87A35BA
:10332000002809D0230080331F70226C636C226751
:103330006367206F616FDCE7206F616F226D636DE3
:10334000F6F766FA20676167F3E7114B1B78002BED
:10335000ADD0A06AE16A226A636A2500F5F76CF8CD
:103360007835002809D0230080331E70226C636CEE
:10337000A266E366A06EE16EBBE7A06EE16E226D11
:10338000636DF6F745FAA066E166F3E7C0660020D4
:103390005A630020B60A00204D63002059630020C4
:1033A000D901002000403A40C4090000054B10B587
:1033B0001B78002B01D1FFF78DFEFFF7C3FEFFF74F
:1033C00085FD10BD4002002010B50F4C2378002B66
:1033D00014D0FCF74BF90E20FCF7ECF8618A0E20B4
:1033E00089B2FCF709F90E200021FCF721F9FCF75E
:1033F0003BF900230E202370FCF7B6F8FFF7A2FE7E
:10340000FFF764FD10BDC046C066002070B5040023
:1034100004A80588094E0A48346004008C342160F1
:10342000010090310A600200943213600300983367
:103430001D8000239A30038070BDC046486700207D
:10344000C0660020F8B51D4B1C78002C2AD01C4B00
:1034500064241B78002B00D1503C1A4F012238689D
:103460007968FBF7F5FC184E012230687168FBF7AC
:10347000EFFC164D002228686968FBF7E9FC200084
:1034800001F094FB386801227968FBF7E1FC3068B1
:1034900000227168FBF7DCFC286800226968FBF7F2
:1034A000D7FCF8BD0A4B1B78002BD6D0044B642404
:1034B0001B78002BD1D0FA24A400CEE7596300205A
:1034C0009167002064000020740000205C00002050
:1034D000D80100201C4BD0B51A6806000F00012A45
:1034E00000D01B68FDF7BAFB184C00212000F9F74B
:1034F00033FC0022164B30003900F6F789F9154BE2
:103500000022F7F785F9F5F765F881B22000F9F7A1
:1035100033FC114801F04AFB00212000F9F71CFCA4
:1035200000212000F9F728FCFDF7F4FA0B4B1B787B
:10353000002B07D001220A4BF5201A701978C9B266
:10354000FBF714FBD0BDC0463C020020A86600205B
:1035500000206C4000403A40B80B0000C6650020D7
:10356000C5650020F0B5444B87B01E78002E00D012
:1035700078E0424A1278002A00D077E016000192E3
:10358000FDF74EFAF8F71EFA3D4A3E4B00921968D5
:1035900000985A68F9F7B2FBFDF73EFB002100984E
:1035A000F9F7DAFBFA2700210098F9F7E5FB002488
:1035B00000257F00F8F722FAC31702900393013F1A
:1035C000029A039BA4185D41002FF3D1FA22002335
:1035D000520020002900F4F797FF31000500009801
:1035E000F9F7BAFBFA2401990098F9F7C5FB002610
:1035F00000276400F8F702FAC31704900593013C12
:10360000049A059BB6185F41002CF3D12100009865
:10361000F9F7A2FB21000098F9F7AEFBFDF712FBCA
:10362000FA20400001F0C2FAFA22002352003000D2
:103630003900F4F769FF451BEB17ED185D402800D2
:10364000F8F734F80022104BF6F7A8FCF4F7C2FFA5
:103650000E4E0F4A0F4B3060954209DD0120187065
:1036600007B0F0BD00230C4E019389E70A4BFBE73E
:1036700002201C70F4E7C046D90100205A630020E4
:10368000A86600203400002000408F40846700209E
:10369000102700008F67002045330000282210B556
:1036A0000021054803F08AFF0022044BDA725A71A8
:1036B0005A729A7210BDC04695670020BC05002062
:1036C000F8B505000024FBF771FE80260227285D6F
:1036D000FBF776FE002C05D10E4B220018685968C6
:1036E000FBF7B6FB0C4B9A683242FCD09A683A4220
:1036F000FCD09A683242FCD1002C07D1054B012244
:1037000018685968FBF7A4FB0134E0E701340C2C7E
:10371000DDD1F8BD9400002000300140F0B589B043
:1037200002920393029B01901800039B00225B000E
:1037300059082F4BF7F76CF80023002206920793E5
:1037400006AA04000D0003F0D7FF2A4A2A4BF4F71B
:103750008DFE002807D0069807990022274BF6F720
:1037600057F804000D0029002000F7F763FF0A2135
:103770000600F4F765FD6421C4B23000F4F760FD83
:103780000A27FA21C3B204937B43E31A7C431B014B
:10379000341B1C19E3B2890030000593F4F750FD87
:1037A0001749C5B23000F4F74BFD3B00C4B2634388
:1037B000EB1A7D43049A1B01551B124930005D1919
:1037C000F4F73EFD474302980399E41B00220023CF
:1037D000EDB2E4B2F4F736FE002801D0103CE4B2BA
:1037E000019B059A5D709A701C7009B0F0BDC046CF
:1037F00000002440CDCCCCCCCCCCEC3F0000F03F42
:1038000010270000A0860100F0B51C0085B0630001
:10381000019059081000234B0022F6F7F9FF00230E
:1038200000220292039302AA04000D0003F064FF39
:103830001D4A1E4BF4F71AFE002807D00298039980
:1038400000221B4BF5F7E4FF04000D0029002000C7
:10385000F7F7F0FE0A210500F4F7F2FC0A27C4B2DC
:1038600064212800F4F7ECFC3B00FA21C6B2734354
:10387000E31A7C431B012C1B1C19019B28005C7064
:103880008900F4F7DDFC0B49C4B22800F4F7D8FC3A
:1038900078436743201A019BF61B000180191870BA
:1038A00005B0F0BD00002440CDCCCCCCCCCCEC3F5E
:1038B0000000F03F10270000F0B58BB0039310AB71
:1038C000029204CB07AC1F8812AB1B7800900191C9
:1038D000049200210C222000059303F06FFE7BBAB6
:1038E000200063800025FFF7EBFE07ACAF4218DC39
:1038F0000C220021200003F061FE059A2B23002AF0
:1039000000D004332000E37023716371FFF7D8FE09
:10391000174B18685968FBF7A0FA0028F8D10BB0CC
:10392000F0BDF0232370049BAE009859F7F710FF09
:103930000B0006A90200481DFFF7F0FE009B6A007D
:103940009B5A01355BBAA380019B9B5A5BBAE3800B
:10395000029B9859F4F726FE039B40BA20819859A0
:10396000F4F720FE40BA60812000FFF7A9FEBCE713
:103970008C00002070B50024044D2E78285DFBF7E4
:10398000FDFC230001349E42F8DA70BD95670020EB
:1039900070B50E4C0E4DE37928000233DBB2237272
:1039A000E3792B70E179E679C9B2F9F783F9F6B2D8
:1039B000A855E679F9F786F9F6B2AE197070217A52
:1039C0002800C9B2FBF7E6FC70BDC046BC0500206C
:1039D000BD67002010B50B4A0B4B51785970917898
:1039E0009970D278DA7053221A7101325A71073AFB
:1039F0009A714C3ADA71054B0732DA71FFF7C8FF5A
:103A000010BDC04695670020BD670020BC050020A2
:103A10000C22064B10B506485A70FAF740FD0822F2
:103A2000044BDA71FFF7B4FF10BDC046BD6700203C
:103A3000BF670020BC0500200722064B10B50648D2
:103A40005A70FAF70FFA1222044BDA71FFF7A0FF4F
:103A500010BDC046BD670020BF670020BC05002028
:103A60000822064B10B506485A70FAF73DFA1222A2
:103A7000044BDA71FFF78CFF10BDC046BD67002014
:103A8000BF670020BC05002013226F210D4B10B52D
:103A90005A702E329A700D32DA700C3A1A71113255
:103AA0005A7112329A710932DA7159720532033140
:103AB0001A72DA729972044B673ADA71FFF768FF8B
:103AC00010BDC046BD670020BC050020052310B511
:103AD000054C6370FAF7D5FD0322044BA070DA7130
:103AE000FFF756FF10BDC046BD670020BC05002093
:103AF0002E2310B5054C6370FAF7B4FE0322044B75
:103B0000A070DA71FFF744FF10BDC046BD6700200A
:103B1000BC0500200B2310B5054C6370FAF7C9FDF6
:103B20000322044BA070DA71FFF732FF10BDC046CC
:103B3000BD670020BC050020062310B5054C63704E
:103B4000FAF7AFFD0322044BA070DA71FFF720FFF4
:103B500010BDC046BD670020BC0500200A2310B57B
:103B6000064C6370FAF740F90422030AA370044B71
:103B7000E070DA71FFF70CFF10BDC046BD67002092
:103B8000BC050020092310B5054C6370FAF781FDD0
:103B90000322044BA070DA71FFF7FAFE10BDC04695
:103BA000BD670020BC0500201FB514230F4C0F2259
:103BB00068460F49637003F096FD002202236946B0
:103BC000895C080020385E2801D8E15401330132B5
:103BD0000F2AF4D1102B02DC023AE2540133054AD9
:103BE000DBB2D371FFF7D4FE1FBDC046BD67002016
:103BF000208E0108BC050020152310B5054C63700C
:103C0000FAF7A3F90322044BA070DA71FFF7C0FEA4
:103C100010BDC046BD670020BC05002010B5024B9A
:103C20009878FAF78BF910BD956700200D2310B531
:103C3000064C6370FAF74DFDA070FAF752FD0422AE
:103C4000034BE070DA71FFF7A3FE10BDBD670020E3
:103C5000BC0500201B2310B5054C6370FAF731FD3D
:103C60000322044BA070DA71FFF792FE10BDC0462C
:103C7000BD670020BC050020172310B5054C6370FC
:103C8000FAF71EFE0322044BA070DA71FFF780FEE4
:103C900010BDC046BD670020BC0500200222054BB8
:103CA00010B55A7000229A70034B0332DA71FFF795
:103CB0006FFE10BDBD670020BC050020122310B5AB
:103CC000094C6370FAF7D5FC084BA070012805D1A8
:103CD00018740322DA71FFF75BFE10BD0228F8D1D9
:103CE00000221A74F5E7C046BD670020BC0500201D
:103CF0001D2310B5094C6370FAF733F9084BA07017
:103D0000012805D158740322DA71FFF741FE10BD76
:103D10000228F8D100225A74F5E7C046BD6700209A
:103D2000BC05002070B518220125054B054C9D707F
:103D30005A700323E371FFF72BFE257170BDC04657
:103D4000BD670020BC050020014B18607047C046CD
:103D500000680020002370B5CA0F521852100139B4
:103D6000934200DB70BDCC1A065DC55CC6540133BE
:103D70000555DBB2F4E710B50B0A017043700B0C6C
:103D8000090EC17083700421FFF7E4FF10BD00002D
:103D90003E23F0B58E4F85B0FB71FB798D4C2370BF
:103DA000162363708C4B1D682B782E00A3702B009C
:103DB00038331B786A781B019B18E3702B00803323
:103DC0001A685B6800920193009801990022834B66
:103DD000F4F732FB3936002803D13378022B00D8B0
:103DE000D4E042232371853363713833A371823B5E
:103DF000E37128696969F7F7F3FC794B011C180036
:103E0000FFF7B9FF286A696A764B1B780093002B8D
:103E100000D1C5E042232373853363733833A37322
:103E2000823BE373009B286B696B002B00D1BFE0E2
:103E300042232374853363743833A374823BE37461
:103E4000337803AE23752B003A331B7863752B0050
:103E50003B331B78A3752B00883318685968F4F737
:103E6000B9FB80B2030AE37520762A6C6B6C3000D4
:103E7000FFF7CAFC2800338848305BBA72780380A9
:103E8000594B31781888A276617680B2F7F73CFCFE
:103E900002000B003000FFF7B7FC280033885830D1
:103EA0005BBA72780380514B3178300022771A6800
:103EB0005B68E176FFF7A8FC2800338868305BBABE
:103EC0007278317803804A4B6177A2771868596815
:103ED00028666966F4F77EFB2A0080B2030AE3775E
:103EE000631CD877434B70321B889BB21380190A2E
:103EF000A21CD177E21CD3772B002A0072331B88D7
:103F00007432190A1380221DD177621DD3773A4B80
:103F10001868F4F747FB2B0080B278331880020A48
:103F2000A31DDA77E31DD8772B002A007A331B888C
:103F30007C3213802200190A0832D17722002832FD
:103F400013702B0022007E331B7829321370009BE4
:103F5000A86AE96A002B33D0230042222A331A7060
:103F6000230085322B331A70230038322C331A7019
:103F70007D232D3423707F35FA79204B2978D15455
:103F8000FFF706FD00233B7105B0F0BD00980199D5
:103F9000F7F726FC1A4B011C1800FFF7ECFE28E788
:103FA000F7F71EFC174B011C1800FFF7E4FE39E77A
:103FB000F7F716FC144B011C1800FFF7DCFE3FE777
:103FC000F7F70EFC114B011C1800FFF7D4FED2E7E7
:103FD000BC050020BD6700200068002000002E40C6
:103FE000C5670020646700207C6700203002002045
:103FF000180200207E67002070670020BC67002048
:10400000C1670020C9670020CD670020E767002056
:10401000014B1879C0B27047BC05002010B5054BA4
:104020009878012802D1F9F773FE01E00228FAD04E
:1040300010BDC0469567002010B5044B9878431E0C
:10404000072B01D8F9F76AFE10BDC046956700201E
:1040500010B5054B9878092803D80020F9F764FEBD
:1040600001E0F028FAD910BD9567002010B5034B88
:10407000D9789878F9F7AAFE10BDC0469567002058
:1040800010B50248FAF7F5F910BDC0469767002051
:1040900010B5054B9878012802D1F9F757FE01E0D9
:1040A0000228FAD010BDC0469567002010B5044B19
:1040B000DC789878F9F750FE2000F9F753FE10BD30
:1040C0009567002010B5024B9878FAF761F910BD9A
:1040D0009567002010B5024B9878FAF761F910BD8A
:1040E0009567002010B5024B9878FAF760F910BD7B
:1040F0009567002010B5024B9878FAF75FF910BD6C
:104100009567002010B5024B9878FAF75EF910BD5C
:104110009567002010B50248F9F773FE10BDC04640
:104120009767002010B50248F9F77EFE10BDC04623
:104130009767002010B50248F9F7B8FE10BDC046D9
:104140009767002010B5F9F70CFF044B012801D147
:10415000587410BD00225A74FBE7C046BC0500200D
:1041600010B5064B9878012802D1F9F7E1FE01E07D
:104170000228FAD0FFF7E6FF10BDC0469567002081
:1041800010B5084B9C782000FAF7F4F8012C03D105
:104190000B22054B1A7010BD022CFCD10D22024BD4
:1041A000F8E7C046956700204102002010B5024B99
:1041B0009878FAF7E6F810BD956700201E2310B531
:1041C000054C6370FAF732FB0322044BA070DA71DE
:1041D000FFF7DEFB10BDC046BD670020BC05002018
:1041E0002F2310B5054C6370FAF798FA0322044B9D
:1041F000A070DA71FFF7CCFB10BDC046BD67002090
:10420000BC050020094B10B518695969F7F7E8FAA1
:10421000074B011C1800FFF7AEFD1022054B5A702A
:10422000054B0A3ADA71FFF7B3FB10BDD80900203D
:10423000BF670020BD670020BC050020262010B508
:10424000FF30FAF775FC0400FEF778FA022C07D16C
:10425000FEF784FB044B18615961F7F7C1FA10BDF2
:10426000FEF7C0FAF6E7C046D8090020112310B5C2
:10427000064C6370FFF776F90322054BA070DA71E4
:10428000FFF786FB0122034B1A7010BDBD670020AB
:10429000BC0500209067002030B585B06846FAF76D
:1042A000A3F9002301211A0015486C46E55CC45CA3
:1042B000A54200D00A0001330E2BF6D100239A420A
:1042C00002D0FAF79EF9FF230E4C3322A370D020C0
:1042D000FF23627000211A004000FAF7A6F9FF23BD
:1042E000E070A2201A000021FF30FAF79EF90522A3
:1042F000054B2071DA71FFF74BFB05B030BDC046AE
:10430000208E0108BD670020BC050020342310B5B5
:10431000054C6370FAF70AFA0322044BA070DA71B5
:10432000FFF736FB10BDC046BD670020BC0500206E
:10433000362310B5054C6370FAF702FA0322044BDA
:10434000A070DA71FFF724FB10BDC046BD670020E6
:10435000BC050020372310B5054C6370FAF7F9F956
:104360000322044BA070DA71FFF712FB10BDC046A8
:10437000BD670020BC050020382310B5054C6370D4
:10438000FAF7F0F90322044BA070DA71FFF700FB93
:1043900010BDC046BD670020BC050020392310B504
:1043A000054C6370FAF7E7F90322044BA070DA7149
:1043B000FFF7EEFA10BDC046BD670020BC05002027
:1043C000F8B5AE4DAE4C2B78280063716B786372F4
:1043D00063790233DBB2A37163796179EE5CC9B2B0
:1043E000F8F768FC864206D16379EB185E78F8F737
:1043F00069FC864202D0FFF751F9F8BD6379052BBD
:1044000013D1637A412B10D16B78412B0DD1AB784E
:104410004E2B0AD1EB78422B07D12B790D2B04D1EF
:104420000122984B1A70FFF7D5FA627AD3B2012AAB
:1044300000D08CE0AA78A272A17ACAB2012914D164
:10444000914B1A70914B1A70914B1A70A37A052BED
:104450002AD1904A043B13708F4A13708F4A13700D
:104460008B4A1370FFF786FAC5E7A27A032A03D1B5
:10447000854A13708A4A05E0A27A022A05D1824A47
:104480001370854A1370854A05E0A27A042A06D182
:10449000804A13707D4A13707D4A1370D6E7A27A62
:1044A000062AD3D17B4AE4E7A37A812B05D1764B48
:1044B00001221A70754B1A70D4E7A37A832B06D1A8
:1044C000714A823B1370764A1370744AC9E7A37A23
:1044D000822B04D16C4A813B13706F4AF4E7A37AB4
:1044E000842B01D16B4BE3E7A37A862B02D1694A77
:1044F000853BE7E7A37A852B02D1664A843BEBE74D
:10450000A37A072B02D0A37A082B0ED10124654B86
:104510001C70FAF727F95F4BA04200D05A4B1C7071
:104520005A4B1C705A4B1C709CE7A37A872B02D005
:10453000A37A882B96D101245A4B1C70FAF712F9F2
:10454000544BA04200D0504B1C70504BEBE7637AA9
:10455000022B03D1544B00221A704CE7637A2E2BA6
:1045600008D1A37A002B02D0A878FAF72DF8FFF72C
:10457000BFFA40E7637A052B0AD1AB78A372A37A1E
:10458000002B02D1FFF7A2FA35E7FFF755FDF9E757
:10459000637A062B0BD1AB78A372A37A002B03D0DE
:1045A000A07AC0B2F9F7C6FBFFF7C6FA23E7637A31
:1045B000072B12D1AB78A3726379032B06D1A37AB0
:1045C000002B00D017E7FFF737FA14E76379122BB7
:1045D00000D910E7FFF7A6FDF5E7637A082B12D1A3
:1045E000AB78A3726379032B06D1A37A002B00D09A
:1045F00001E7FFF735FAFEE66379122B00D9FAE6F8
:10460000FFF798FDF5E7637A092B0AD1AB78A3721F
:10461000A37A002B02D1FFF7B5FAECE6FFF718FDFD
:10462000F9E7637A0A2B12D1AB78A3726379032B73
:1046300006D1A37A002B00D0DDE6FFF78FFADAE689
:104640006379042B00D0D6E6FFF710FDF5E7637A17
:104650000B2B2BD1AB78A372A37A002B0AD0A37AB1
:10466000D8B2012B02D1F9F76BFB03E0A37AD8B2E1
:10467000022BF8D0FFF74EFABDE6C0469567002042
:10468000BC0500203D010020946700208D670020BC
:1046900088670020936700208B67002089670020CF
:1046A0008A6700209267002040020020637A0C2B6A
:1046B00012D1AB78A3726379032B06D1A37A002BB6
:1046C00000D098E6FFF7A4F995E66379082B00D0AF
:1046D00091E6FFF7D5FCF5E7637A0D2B10D1AB78A7
:1046E000A372A37A002B04D0A37A012B04D1FFF785
:1046F000DDFCFFF79BFA7EE6A37A022BF9D1F6E701
:10470000637A0E2B03D1AB78A372A37A73E6637A34
:104710000F2BF8D0637A102B0FD1AB78A372A37A4A
:10472000002B00D067E6FFF789FDF7F711F8BB4CC7
:1047300020616161FFF766FD5DE6637A112B08D1A8
:10474000AB78A372A37A002B00D054E6FFF78EFD5E
:1047500051E6637A122B10D1AB78A372A37A002BA7
:1047600004D0A37A012B04D1FFF758FCFFF7A6FA77
:1047700041E6A37A022BF9D1F6E7637A1D2B10D11B
:10478000AB78A372A37A002B04D0A37A012B04D1B7
:10479000FFF7E6FCFFF7ACFA2DE6A37A022BF9D17E
:1047A000F6E7637A132B08D1AB78A372A37A002BB8
:1047B00000D020E6FFF768F91DE6637A142B08D1D4
:1047C000AB78A372A37A002B00D014E6FFF7ECF9C4
:1047D00011E6637A152B0CD1AB78A372A37A002B68
:1047E00004D0637A002B01D0FFF718FAFFF704FA20
:1047F00001E6637A162B08D1AB78A372A37A002B5B
:1048000000D0F8E5FFF7C4FAF5E5637A172B08D175
:10481000AB78A372A37A002B00D0ECE5FFF72CFA5B
:10482000E9E5637A1B2B10D1AB78A372A37A002B36
:1048300004D0A37A012B04D1FFF72AFCFFF70AFA70
:10484000D9E5A37A022BF9D1F6E7637A1C2B06D1BE
:1048500063790E2B00D0CEE5FFF75CFCCBE5637AE5
:104860001E2B10D1AB78A372A37A002B04D0A37AAD
:10487000012B04D1FFF784FCFFF7A0FCBBE5A37A72
:10488000022BF9D1F6E7637A2F2B10D1AB78A37204
:10489000A37A002B04D0A37A012B04D1FFF786FC66
:1048A000FFF79EFCA7E5A37A022BF9D1F6E7637A1E
:1048B0001F2B09D15A4B9B78A372A37A002B00D1EE
:1048C00099E5F7F739FACDE5637A242B07D1544BF4
:1048D0009B78A372A37A002B00D18CE5C2E5637AA2
:1048E000504C252BF3D0637A282B1AD14C4B012244
:1048F0009B78F420A37200231900F9F796FE431E5B
:104900009841494BC0B21870002301221900F520CC
:10491000F9F78BFE431E9841444BC0B21870A37A3E
:10492000A0E5637A312B02D1F9F794FD9AE5637A19
:10493000322B01D13E4B0EE6637A332B0FD1384B2D
:104940009A78A272A27A002A06D0A27A012A03D10A
:104950001979D878F9F75CFEFFF79EFC4BE5637A8E
:10496000342B0AD12E4B9B78A372A37A002B01D053
:10497000FFF7A8FBFFF7CAFC3DE5637A352B3FD173
:104980000125002400260027F7F70EFA294B1D7099
:10499000F7F7D2F9F7F7FCF90020F9F732FD224BCF
:1049A000F4201C701978C9B2FAF7E0F81F4BF52013
:1049B0001C701978C9B2FAF7D9F8FCF791FEFCF728
:1049C0009BFEFCF7A5FEFCF7B9FEFCF7CFFE20002E
:1049D000F9F710FD184B1C70FCF7BCFE174B1E605E
:1049E0005F60F9F71DFC164B1E605F60F9F78AFCEB
:1049F000144BFA201D701978C9B2FAF7B7F831E5EF
:104A0000637A362B20D1064B9B78A372A37A002BB6
:104A100001D0FFF75FFBFFF78BFCECE4D809002027
:104A200095670020BC050020C7650020C5650020F3
:104A30003C010020AF650020F00A0020C8030020E0
:104A400030020020C4650020637A372B0AD1144B52
:104A50009B78A372A37A002B01D0FFF743FBFFF7EB
:104A600079FCC8E4637A382B0AD10D4B9B78A3728A
:104A7000A37A002B01D0FFF73DFBFFF77DFCBAE4E2
:104A8000637A392B00D0B6E4054B9B78A372A37AE6
:104A9000002B01D0FFF736FBFFF780FCABE4C046EC
:104AA0009567002010B5044B0A000100180002F0C1
:104AB0001AFEFFF785FC10BD956700200D4885465E
:104AC000FCF77EFA0C480D490D4A002302E0D45849
:104AD000C4500433C4188C42F9D30A4A0A4C002348
:104AE00001E013600432A242FBD302F0D5FDFAF7D5
:104AF00005FAFEE70090002000000020A40200203C
:104B0000888F0108A802002054690020FEE70000F9
:104B100070B5104B05001978002901D1012070BD36
:104B2000FA208000F3F702FB0B4C01002068F3F73A
:104B3000FDFA00F083F8041EF0D1032DEED8020038
:104B400001202900404200F043F8044B20001D6082
:104B5000E5E7C04642020020400100204402002058
:104B60008023084A5B00116810B50B4300201360D6
:104B7000FFF7CEFF041E03D1FBF738FD200010BD68
:104B80000124FBE700200240034A044B11681B7814
:104B90005B1813607047C046046800204202002082
:104BA000014B18687047C0460468002070B50400C7
:104BB000FFF7F6FF0500631C02D0044B1B78E418D6
:104BC000FFF7EEFF401BA042FAD370BD4202002067
:104BD00010B5FF2403220B0021000240D2009140B7
:104BE0009B012340C943934000280ADBC0240B4AA1
:104BF000800880008018A40002590A401343035122
:104C000010BD0F2210400838054A80088000801827
:104C1000C26911401943C161F2E7C04600E100E0FA
:104C200000ED00E0002805DB1F2318401E3B8340F9
:104C3000014A13607047C04600E100E08022431E35
:104C40005204012093420DD2C021074A0748536005
:104C5000036A09061B021B0A0B4303620020072399
:104C6000906013607047C04610E000E000ED00E087
:104C7000F0B5846CC56C6560046D002C02D0446D89
:104C8000856D65601C24056C084E25401B3CAC40BE
:104C900077683C437460046863608368102B02D1BA
:104CA000A260E160F0BDA160E260FBE700000240AD
:104CB00010B50400036C094A9B089B189B004364D1
:104CC00000681421C0B20838F3F730FA044BA3642B
:104CD0001F2318401E3B8340E36410BD0082001078
:104CE00080080240F8B504000120002C46D0256859
:104CF000254B1421E818F3F719FA02238000A61DAA
:104D00002064F3772B68214AA76813402B60E3687F
:104D100021693B430B4361692A680B43A169200069
:104D20000B43E1690B43216A0B4313432B60FFF7ED
:104D3000BFFF8023DB019F4201D1002363603F233B
:104D40006268616C13400B60E06CA16C013A4860D2
:104D5000032A14D80E4A0F4899180122013B9A40A1
:104D6000A265130000228900216560650A60436026
:104D700000200123E0630534F377E077F8BD0023DA
:104D800023656365A365F3E7F8FFFDBF0F80FFFFB1
:104D90003F82001040090240F7B5451D0193EE7FA8
:104DA00004000220012E33D00138E877A71DFE7FD2
:104DB000B4466346F6B200960026834230D10130F5
:104DC000F8772568E6632868009B98432860019B74
:104DD0002000FFF74DFF236BB3421AD00E232A6841
:104DE00013432B60636C1A68D20304D580221968C0
:104DF00052000A431A60236D002B04D080221968E8
:104E000052000A431A60012300202A6813432B60D2
:104E1000FEBD04222B6893432B602A680A23DFE738
:104E20008023E363EE77F3E7F0B5002808D0841D14
:104E3000E37F411D022B05D00423C3630023CB77FE
:104E40000120F0BD0E250268466C1368AB43136069
:104E50003368104D2B403360012316689E43166063
:104E6000026C1B331A401B3B93400B4E77683B434D
:104E70007360C26C836C5A60036D002B05D01A6896
:104E80002A401A60436D826D5A6001230020E37747
:104E9000C877D6E7FFFEFFFF00000240F8B5811D8E
:104EA000CB7F022B03D00423C3630120F8BD0E2463
:104EB00002681C271368456CA34313600123146820
:104EC0009C4314602A68104C22402A60026C0F4DEB
:104ED0003A4093406E6833436B60C26C836C5A6097
:104EE000036D002B05D01A6822401A60436D826D55
:104EF0005A6001230022CB77431DDA77836B9342FC
:104F000000D098470020D1E7FFFEFFFF00000240DD
:104F1000F8B51C240427016C264A21403C008C4033
:104F2000166803681D6826420FD03D420DD01968EF
:104F3000890602D41968B943196053681C43036B8E
:104F40005460002B1BD0984719E002273C008C408E
:104F5000264215D03D4213D01968890606D40A2589
:104F60001968A94319600121831DD97753681C432F
:104F700054600022431DDA77C36A9342E3D1F8BD3F
:104F8000082427008F403E42F9D02542F7D00E2555
:104F90001C68AC431C6001231D008D40290054682F
:104FA00021435160821DC363D3770022431DDA770A
:104FB000436BE2E7000002400023F0B585B00A68C9
:104FC0001400DC4001D105B0F0BD012514009D4066
:104FD0002C4000942A4200D191E04A685F00944638
:104FE0000322644622400324BC40E4430194541E3F
:104FF000012C2ED88668019C2640CC68BC403443E6
:10500000846044680126AC4325006446240934408A
:105010009C402C434460C568019C25408C68BC4082
:105020002C43C460022A16D107250F261D40AD006F
:10503000AE40DC08A40004190294246A03962600FA
:10504000039CA64334000E69AE402643029C2662B0
:1050500001E0032ADFD1BA400468019D25402A43BC
:10506000C02402606246A402224248D0254A032599
:105070009C08A400A4180F221D40ED00AA40A02700
:10508000266EFF0596430022B8420CD01E4F013217
:10509000B84208D01D4F0132B84204D01C4F033231
:1050A000B84200D1023AAA40674632432266154C04
:1050B000009A2668009DD2433543FF0201D4350093
:1050C0001540674625606668009D3543BF0201D4E0
:1050D00035001540674665600E4C009DE66F354310
:1050E000BF0301D4350015406746E5670A4C009EB2
:1050F000E56F2E43FF0301D415402E00E667013310
:105100005DE7C0460018024000040050000800504F
:10511000000C0050081802400418024000690840C2
:10512000431E9841C0B27047002A01D08161704788
:105130008162FCE770B504000120002C3FD02500FF
:1051400041352B78DAB2002B05D123004033200003
:105150001A70FBF763FA242301212B702368E0689F
:105160001A68A6688A431A601A4962680A401A6176
:105170009A6819490A409A60012821D180221202B6
:1051800032439A605868154A02435A60DA68002030
:105190000A40DA60616922690A43A16909020A4387
:1051A000DA60216AE2690A431A60012219680A4337
:1051B0001A60202360642B7020634234207070BD1D
:1051C0008422120232439A600228DBD1802212012B
:1051D0005A60D7E7FFFFFFF0FF7FFFFF008000026C
:1051E000F0B504004134227803000F000220D6B24B
:1051F000202A18D11D0040352A78012A13D02422F4
:1052000022701B68233A196807489143196019688E
:1052100001400020196019683943196019680A4370
:105220001A6026702870F0BDFFEFFFFF0200F0B596
:10523000413214780300E5B20220202C17D11C0063
:1052400040342678012E12D0223010701B6823388B
:105250001E68074F86431E601E6809023E403143A8
:105260001960196808431860002015702070F0BD9F
:10527000FFF0FFFF8023034A5B0011680B431360BC
:105280007047C0460070004010B5114C11492368AA
:1052900002000B4003432360802300209B009A42BE
:1052A0000ED10D4B0D49186806235843F2F73EFF07
:1052B0008022431CD200616908001040114200D1D5
:1052C00010BD002B01D0013BF5E70320F8E7C046F5
:1052D00000700040FFF9FFFF4001002040420F0036
:1052E000F0B5040085B0002802D1012005B0F0BD62
:1052F0000368DB0710D423689B075CD423681B0773
:1053000000D5C1E023685B0700D5F2E0E369002B1C
:1053100000D079E10020E9E73822AF4DAB681340B7
:10532000EA68102B09D1D3439B0708D12B689B0354
:10533000E1D56368002BDED1D7E7082BF6D08022B9
:1053400063685202934211D12A6813432B60FFF71E
:1053500027FC80270600BF022B683B42CBD1FFF71A
:105360001FFC801B6428F7D90320BFE7A021C902D6
:105370008B4208D180232968DB020B432B602B680A
:105380001A432A60E3E72A6894490A402A602A6897
:1053900093490A402A60002BD9D1FFF701FC8027EE
:1053A0000600BF022B683B42A5D0FFF7F9FB801B2C
:1053B0006428F7D9D8E73822874DAB681340EA68EC
:1053C000102B28D103210A40022A26D12A6852052F
:1053D00003D5E268002A00D187E7696862698148DD
:1053E000120201400A436A60002B0CD12B687E4AEE
:1053F0007E491340226913432B602B687C4A9B042F
:105400005B0FDA400A607B4B1868FFF781FB0028CE
:1054100000D173E769E7002BD8D0E368002B20D0D8
:105420002B68714A802713402269FF0013432B60C9
:1054300080232A685B0013432B60FFF7B1FB060053
:105440002B683B4207D06A68636966491B020A40C1
:1054500013436B6052E7FFF7A3FB801B0228EFD9D1
:1054600082E72B68644A802713402B60FFF798FB84
:105470000600FF002B683B4200D13FE7FFF790FB9F
:10548000801B0228F6D96FE73822534DAB681340D2
:10549000182B08D12B6E9B0700D433E7A369002B90
:1054A00000D02FE721E7A2690123002A10D02A6E3D
:1054B000022713432B66FFF773FB06002B6E3B425C
:1054C00000D01FE7FFF76CFB801B0228F6D94BE7E3
:1054D0002A6E02279A432A66FFF762FB06002B6EAC
:1054E0003B4200D10EE7FFF75BFB801B0228F6D999
:1054F0003AE73822384DAB681340202B08D1EB6DCA
:105500009B0700D402E7A368002B00D0FEE6ECE680
:1055100080220021EB6B52050091134208D1EB6B06
:105520001343EB63EB6B13400393039B0123009343
:105530008027324E7F0033683B4215D0A368012B91
:1055400022D1EA6D1343EB65FFF72AFB0227060021
:10555000EB6D3B4238D0009B012B00D0D6E6EB6BC5
:10556000274A1340EB63D1E633683B433360FFF7D0
:1055700017FB019033683B42E0D1FFF711FB019B21
:10558000C01A0228F6D9EFE6EA6D052B05D1013BDA
:105590001343EB65EA6D0123D4E701218A43EA65F1
:1055A000EA6D03318A43EA65002BCDD1FFF7F8FAA3
:1055B00002270600EB6D3B42CDD0FFF7F1FA114B0D
:1055C000801B9842F6D9CFE6FFF7EAFA0D4B801B15
:1055D0009842BDD9C8E6C04600100240FFFFFEFF5A
:1055E000FFFFFBFFFF80FFFFFFC7FFFF4001002021
:1055F0000024F40044020020FFFEFFFF0070004082
:10560000FFFFFFEF881300003821434DAA680A40CE
:10561000102A53D0414A022B3AD12B6880271340DD
:105620002B60FFF7BDFA0600BF042B683B4229D16F
:10563000616A236AEA680B43394980260A401343AA
:10564000E26AB6041343226B1343626B1343A26AEC
:1056500012021343EB6080232A685B0413432B6020
:105660008023EA685B051343EB60FFF799FA0400B7
:105670002B68334200D04DE6FFF792FA001B022858
:10568000F6D971E6FFF78CFA801B0228CDD96BE6BC
:105690002B68802613402B60FFF782FA0400B604C3
:1056A0002B68334204D1EB681E4A1340EB6031E6AD
:1056B000FFF776FA001B0228F2D955E6012B00D13C
:1056C00013E60322E868216A02408A4200D00CE611
:1056D0007022616A02408A4200D006E6FE21A26A78
:1056E000C90101401202914200D0FEE5F822E16AB0
:1056F000920302408A4200D0F7E5E022216B1205B6
:1057000002408A4200D0F0E5636B400F4007C01AA8
:10571000431E9841C0B2E9E500100240FFFFFFFEC2
:105720008C80C111FCFFFEEE382370B51D4CA268C1
:105730001A4205D123681C489B045B0FD84070BDFA
:10574000A2681A40082A27D0A2681A40102A17D146
:10575000E368E168DB43E5684906490F6F322D0ACB
:10576000013115409B0709D11048F2F7DFFCE168D1
:105770006843490F0131F2F7D9FCE0E70A48F4E742
:10578000A2681A40202A09D0A26800201340182BD2
:10579000D5D1FA20C001D2E70448D0E7802000022A
:1057A000CDE7C046001002400024F40000127A0049
:1057B000F7B504000D00002801D10120FEBD072728
:1057C000484E33683B408B422AD3226893073BD430
:1057D000D20748D4072733683B40AB420AD9336825
:1057E000BB432B433360FFF7DBF9019033683B4049
:1057F000AB4268D123683C4D5B076CD4FFF794FF44
:10580000AB683A491B051B0F9B005B581F210B40DF
:10581000D840374A374B10601868FFF779F9CDE761
:105820003368BB430B433360FFF7BAF90190336829
:105830003B40AB42C9D0FFF7B3F9019BC01A2E4BD6
:105840009842F4D90320B9E72749530704D5E02348
:105850008868DB0103438B608B6828480340A0689D
:1058600003438B60B4E760681F4F032829D8F2F721
:1058700049FC20021C243B689B039ED50722BB6881
:1058800093430343BB60FFF78BF901903823BA6859
:105890001A406368DB009A429CD0FFF781F9019BB4
:1058A000C01A154B9842F1D9CCE73B689B01E5D46F
:1058B00083E73B685B05E1D47FE73B6E9B07DDD464
:1058C0007BE7FB6DFAE7FFF76BF9019BC01A0A4B08
:1058D00098428BD9B6E7AB68094A1340E268134394
:1058E000AB608BE70020024000100240E08D010811
:1058F000400100204402002088130000FFF0FFFF59
:10590000FF8FFFFF064B07499B68074A5B045B0F4D
:105910009B005B581F2110680B40D8407047C04661
:1059200000100240C08D010840010020F0B503685E
:10593000040085B000209B0352D58022704D520593
:10594000EB6B0090134208D1EB6B1343EB63EB6BF3
:1059500013400393039B012300938027694E7F002C
:1059600033683B433360FFF71BF9019033683B42D8
:1059700028D0EA6DC02310009B00216B624E1840B6
:105980001A4218D0814216D08022EB6DE86D1900C2
:1059900052020243EA65EA6D5C4831400240EA6522
:1059A000E965DB0707D5FFF7FBF807000222EB6D7F
:1059B000134200D19CE0EB6D226B33401343002077
:1059C000EB6506E0FFF7ECF8019BC01A0228CDD981
:1059D0000320009B012B03D1EB6B4D4A1340EB637B
:1059E0002368DA0706D5032545494A6DAA43656849
:1059F0002A434A659A0706D50C2541494A6DAA43B0
:105A0000A5682A434A65DA0606D53D49414D4A6DE7
:105A10002A40E5682A434A659A0506D538493E4D2D
:105A20004A6D2A40A5692A434A655A0506D5344974
:105A30003A4D4A6D2A40E5692A434A659A0606D5D9
:105A40002F49374D4A6D2A4025692A434A655A0431
:105A50000FD52B49256A4A6D920092082A434A6560
:105A60008022D205954204D18022CD6852022A4379
:105A7000CA601A0306D5402521494A6DAA43656AC2
:105A80002A434A659A020FD51D49264E4A6DA56ADA
:105A900032402A434A658022D203954204D18022B3
:105AA000CD6852042A43CA605A020DD5144D1E4EC9
:105AB000696DE26A314011436965802149048A4277
:105AC00002D1E9680A43EA601B050FD50C4A6169F7
:105AD000536D164C23400B4353658023DB019942E1
:105AE00004D18023D1685B020B43D36005B0F0BDC5
:105AF000FFF756F80E4BC01B984200D856E767E7F1
:105B00000010024000700040FFFCFFFFFFFFFEFF9F
:105B1000FFFFFFEFFFF3FFFFFFFFF3FFFFFFCFFFED
:105B2000FFCFFFFFFFFFBFFFFFFFFFFEFF3FFFFFB6
:105B300088130000A0210268F8B5D36804008B43E5
:105B4000D360FFF72DF8FA2705002026BF00236851
:105B5000DB68334201D00020F8BDFFF721F8401B7D
:105B6000B842F4D90320F7E7F7B5402603680500EB
:105B7000DA680024324211D18022D968FA270A4318
:105B8000DA60FFF70DF8BF0000902B68DB681A00A1
:105B900032400192334201D1032C01D12000FEBDDD
:105BA000FEF7FEFF009B019CC01AB842EDD92B0006
:105BB000032429331C70E8E7802270B50F4C0500E0
:105BC000E3689343E360A369603A134207D1FFF7A8
:105BD000B1FF002802D003202935287070BDA369C9
:105BE0009343A361FFF7A6FF002802D003202935C5
:105BF00028702023A2691343A361EFE70028004027
:105C000070B504000120002C17D0250029352B7811
:105C1000DAB2002B08D1230028331A7088231B0224
:105C200020006360FAF73CFD02232B702368DA68DA
:105C3000D20603D5012300202B7070BDCA225A6200
:105C4000773A20005A62FFF78FFF002825D123689A
:105C500015499A6960690A409A61A2689969024384
:105C6000E06902430A439A61226920001A61E268EE
:105C7000196912040A431A61FFF79EFF00280CD12C
:105C80002268266A9369DB00DB089361636A916985
:105C90003343A66933430B439361FF2223685A625F
:105CA0000028C7D0C9E7C046BFFF8FFBF8B5040086
:105CB0000120002C67D0636A002B65D182226168C5
:105CC0005200914200D0E36100232500A3625D35BC
:105CD0002B78DAB2002B05D123005C3320001A7038
:105CE000FAF70CFD022340222B702168E6680B684E
:105CF0009343E0220B60D2000023964248D9F02261
:105D000018001201964200D0A362822284276368A1
:105D100052001340A2683F023A400227134322690F
:105D2000A5693A4013430122676917403B43802726
:105D3000BF002F403B43E769373217403B43276A98
:105D40004832174080223B43A76A920117403B43E9
:105D5000102708220B60636A2D0C3B40676B1740CD
:105D60003B43F0273F013E403343042635402B435D
:105D700003434B60CB69084803400020CB610123FB
:105D800020665D342370F8BD0023236163619BE7C7
:105D900080204001B6E7C046FFF7FFFFC022042382
:105DA00013B50468D200A16808001040114200D168
:105DB00016BDE168013B0191DBB20199002BF2D1E4
:105DC0000320F5E701000300012010B53D310C78F8
:105DD000E2B284421FD1001808701B68D9681143D1
:105DE000D9600E498B4209D08021C9058B4205D06C
:105DF0000B498B4202D00B498B420DD19A680A495C
:105E00000A40062A06D007398A4203D001221968BF
:105E10000A431A60002010BD1968F9E7002C014000
:105E20000004004000400140070001000121036818
:105E300010B5DA688A43DA601C6A074A144206D150
:105E40001C6A064A144202D11A688A431A60012366
:105E50003D300370002010BD11110000440400000B
:105E600070477047704770470222036810B5196980
:105E7000040011420ED0D96811420BD0053A1A61C4
:105E8000043202779B699B0700D186E0FFF7E9FFA8
:105E900000232377042223681969114211D0D9689D
:105EA00011420ED0093A1A61073222779A69C0234B
:105EB0009B0020001A4200D175E0FFF7D2FF0023BB
:105EC000237708222368196911420ED0D96811423C
:105ED0000BD0113A1A610D322277DB6920009B0743
:105EE00067D0FFF7BEFF00232377102223681969CC
:105EF000114210D0D96811420DD0213A1A611932DD
:105F00002277DA69C0239B0020001A4257D0FFF79E
:105F1000A8FF00232377012223681969114207D0C3
:105F2000D968114204D0033A20001A61F9F7A0FBA6
:105F3000802223681969114208D0D968114205D01E
:105F4000023AFF3A20001A6100F0EFF823681A695C
:105F5000D20507D5DA68120604D51C4A20001A615A
:105F600000F0E4F8402223681969114207D0D9688B
:105F7000114204D0813A20001A61FFF774FF2022F9
:105F800023681969114207D0D968114204D0413AF7
:105F900020001A6100F0C8F810BDFFF761FF200073
:105FA000FFF760FF74E7FFF75BFF2000FFF75AFF82
:105FB00085E7FFF755FF2000FFF754FF93E7FFF752
:105FC0004FFF2000FFF74EFFA3E7C046FFFEFFFF95
:105FD00010B51C4C0368A04206D08022D205904226
:105FE00002D0194A904208D1702293434A68134361
:105FF000164A1A40CB6813430BE0154A9042F7D07B
:10600000144A9042F4D0144A9042F1D0134A90427C
:10601000EED0802293434A69134303608B68C362C6
:106020000B688362A04208D00A4B984205D00A4B05
:10603000984202D0094B984201D10B6903630123B6
:10604000436110BD002C014000040040FFFCFFFF35
:106050000020004000400140004401400048014051
:1060600070B504000120002C23D025003D352B788D
:10607000DAB2002B05D123003C3320001A70FAF766
:106080008FFB02232B702068211DFFF7A1FF220048
:10609000012300204832137047340A3A13705370BA
:1060A0009370D370137153719371D3711372237002
:1060B0002B7070BDF0B5040002223C34257803003B
:1060C0001000012D26D01D003D352A701B68124E90
:1060D0005A689868B34203D1104F3A404F683A4328
:1060E0007027BA430F683A435A60B34209D08022FE
:1060F000D205934205D00A4A934202D0094A9342FC
:1061000004D1802290438A681043986001230020C4
:106110002B702070F0BDC046002C0140FFFF0FFF28
:106120000004004000400140704770477047000085
:1061300030B5EFF31084012282F31088C025016886
:106140000B68AB430B6084F31088EFF3108182F38C
:1061500010880268044C93682340936081F3108890
:1061600020238830036030BDFFFF7FFF30B5EFF3A1
:106170001084012282F310880168134D0B682B40B4
:106180000B6084F31088EFF3108182F310880268AB
:106190000E4C93682340936081F31088C36E012BEB
:1061A0000AD1EFF3108183F310881024026813687A
:1061B000A343136081F31088030020228C331A60FC
:1061C0000023C366436730BDDFFEFFFFFEFFFFEF26
:1061D000704770477047704770B5846A23008833F2
:1061E0001A685D6823689B681B0608D5212A06D1BA
:1061F00023000022563320001A80FFF799FF2368FE
:106200009B685B0608D5222D06D1230000225E3351
:1062100020001A80FFF7AAFF220010239032116895
:1062200020000B431360FFF7D6FF70BD806A002388
:10623000020010B55E321380083A1380FFF7CBFFDF
:1062400010BD0000F7B50168C14DCB6904000A68B4
:1062500088682B4210D120252B4200D19BE080265C
:10626000760515400640354300D194E0636F200069
:10627000002B00D085E085E0B64D05400095B64D79
:10628000009E1540354300D185E02500012690355C
:10629000334205D0D70503D50E622F683E432E60EA
:1062A000022633420CD0C7070AD527000E6290376A
:1062B0003E680197B446042667463E43019F3E6010
:1062C000042633420CD0C7070AD527000E62903748
:1062D0003E680197B446022667463E43019F3E60F2
:1062E0000826B446334209D02027009E1740374382
:1062F00004D066460E622F683E432E60802636012B
:10630000334206D0570104D50E6220212E68314356
:1063100029602968002935D020210B420AD080232A
:106320005B0511400340194304D0636F002B01D07B
:106330002000984722682B684027966828223E4014
:10634000134020001E4322D0FFF710FF23689B68F4
:106350003B4218D0EFF31081012383F3108825000E
:1063600004CD9368BB43936081F31088E86F0028E5
:1063700009D07A4B8363FEF791FD002802D0E86FC5
:10638000836B9847F7BD2000FFF725FFFAE7FFF77B
:1063900022FF2E60F6E7E56E012D00D09FE010266B
:1063A000334200D19BE0324200D198E00E6289680E
:1063B00040230A001A40194257D0211DCA6F1068A5
:1063C000426892B2002ADDD027005C373F889742AE
:1063D000D8D927005E373A800268202084461040D2
:1063E00000906046024232D1EFF3108785F31088A7
:1063F00020685B4E02683240026087F31088EFF33A
:10640000108785F3108820688268AA43826087F32A
:106410001088EFF3108785F31088206882689A430C
:10642000826087F31088230062468C331A60009BD9
:10643000E366EFF3108085F3108822680F35136848
:10644000AB43136080F31088C86FFEF7EDFC0223A6
:106450002200236723005C325E331B881188C91A2F
:1064600089B22000F8F76AFF8CE7230020005C3334
:106470005E301988038800889BB2002800D181E72C
:10648000C91A89B2002900D17CE7EFF3108785F3A0
:1064900010882068334E03683340036087F3108808
:1064A000EFF3108785F3108820682F4E8368334000
:1064B000836087F31088230020208C331860E26605
:1064C0006267EFF3108085F3108810252268136847
:1064D000AB43136080F3108802232367C1E7802554
:1064E0006D032B4206D0460204D520000D6200F059
:1064F000E7FB47E780210B4207D080252D041140A0
:106500002840014301D0A36FB1E640210B4216D0D1
:106510000A4214D0EFF31080012383F3108822681D
:1065200013688B43136080F3108823002022883384
:106530001A6000232000A367FFF74AFE22E7190232
:1065400014D5510012D5200000F0BCFB1AE7C0465C
:106550000F08000001000010200100042D62010856
:10656000FFFEFFFFDFFEFFFFFEFFFFEFDB0100D4BA
:1065700008E7002A00DB05E7200000F0A2FB01E7A6
:106580000123806A10B50367C36E012B06D1030097
:106590005C3319884908F8F7D1FE10BDFFF71AFEE1
:1065A000FBE7000003001B6820221B6870B5190080
:1065B000806A1140134234D103005E331980EFF337
:1065C0001085012383F3108804681D4E2168314033
:1065D000216085F31088EFF3108583F31088046839
:1065E000A1689943A16085F31088EFF3108483F3C9
:1065F0001088402501688B68AB438B6084F310885A
:1066000003008C331A60C36E012B0AD1EFF31081A3
:1066100083F31088102402681368A343136081F386
:10662000108800230367C36E012B05D103005C3380
:106630001988F8F783FE70BDFFF7CBFDFBE7C04676
:10664000FFFEFFFFF8B504002569A26823682A430E
:1066500065691968C0692A43734D024329400A439A
:106660001A605A687149A5690A40E1680A4370498D
:106670005A608B4201D0226A15439A686D4E3240AF
:106680002A430F259A60DA6AAA43656A2A43DA62C6
:10669000694A934225D1694B5A6D03231A408023DE
:1066A0001B02022A00D1BBE0032A00D1B2E0012A7A
:1066B00000D1A8E0984200D17DE0FFF723F900283F
:1066C00045D0626A5E4B5200D15AF1F72FFD6568E2
:1066D0006B08C0182900F1F729FD0200594B103A48
:1066E00064E0594A934212D10C22544B5B6D134023
:1066F000082B00D192E005D8002B00D081E0802348
:106700001B02D7E70C2B00D182E0012020E04F4A8A
:106710009342F4D04E4A9342F1D08B42F5D1C0223D
:106720008021464B12015B6D090113408B4215D04D
:1067300004D8002B07D1FFF7E5F806E09342E4D137
:10674000802636020BE0FEF7EFFF061E07D1002081
:10675000404BA36600236367A367F8BD3E4E626AA1
:10676000374B5200D75A30003900F1F7DFFC0323D2
:1067700065686B438342C8D82B038342C5D300238B
:106780003A0030001900F1F7BFFE0027060E0B0299
:10679000334302026E0892197B41100019002A004F
:1067A0003B00F1F7B1FE2D4BC2182D4B9A42ACD8ED
:1067B0002368D860CBE7FFF7A5F80028C7D0626A46
:1067C0001F4B5200D15AF1F7B1FC656840006B08CD
:1067D000C0182900F1F7AAFC02001A4B103A9A429D
:1067E00000D992E70F23020000079A4393B2400FAB
:1067F00022680343D360AAE71748E0E7FEF794FF57
:106800005DE780231B029842F8D1FEF78DFFD4E7A5
:1068100080231B029842D2D0180052E780231B022B
:106820009842E9D00C484CE7F369FFCFFFCFFFFF58
:1068300000800040FFF4FF110038014000100240CA
:106840000E8F0108EFFF00000044004000480040A8
:10685000004C0040010001000024F40000FDFFFF97
:10686000FFFC0F00836A30B5DA0706D50168284CB3
:106870004A682240C46A22434A609A0706D50168E2
:10688000244C4A682240046B22434A605A0706D5CA
:106890000168214C4A682240446B22434A601A072F
:1068A00006D501681D4C4A682240846B22434A6029
:1068B000DA0606D501681A4C8A682240C46B224366
:1068C0008A609A0606D50168164C8A682240046CD4
:1068D00022438A605A0610D50168134D4A68446CF9
:1068E0002A4022434A6080225203944205D14A68DA
:1068F0000E4C2240846C22434A601B0606D5026877
:106900000B4953680B40C16C0B43536030BDC0460C
:10691000FFFFFDFFFFFFFEFFFFFFFBFFFF7FFFFF0E
:10692000FFEFFFFFFFDFFFFFFFFFEFFFFFFF9FFF17
:10693000FFFFF7FFF8B504000D0017001E002268E6
:10694000D3692B405B1B59424B41BB4201D0002015
:1069500029E0069B0133F3D0FEF722F9069B801B4A
:10696000984201D8002B1FD1EFF31080012282F34F
:1069700010882168204D0B682B400B6080F3108835
:10698000EFF3108082F3108821688B6893438B604B
:1069900080F3108823001F3288331A605A60002366
:1069A000032084342370F8BD23681A685207C6D5C3
:1069B0008022D96912011142C1D01A62EFF310800E
:1069C000012282F3108821680B4D0B682B400B606D
:1069D00080F31088EFF3108082F3108821688B68B1
:1069E00093438B6080F31088220020238832136049
:1069F00053609360D3E7C0465FFEFFFFF0B517001A
:106A0000020087B088320593136804000D0002204D
:106A1000202B45D10138002942D0002F40D08023BF
:106A2000A1685B01994204D12369002B01D1054281
:106A300036D12300002690331E6021231360FEF719
:106A4000AFF8230054331F80023303931F80802349
:106A5000A26804905B019A4204D12369B34201D138
:106A60002E001D00230056331B889AB2002B0CD138
:106A7000059B402100932000049BFFF75BFF00284B
:106A80000DD12023883423600AE0059B0022009367
:106A900080212000049BFFF74DFF002802D0032037
:106AA00007B0F0BD2268002D0BD133880236DB051C
:106AB000DB0D9362039B039A1B88013B9BB21380FF
:106AC000D0E72B7801359362F4E70000030073B53B
:106AD0000026040090331E60FEF762F8236805006C
:106AE0001B681B0719D423681B685B070AD5802124
:106AF000104B0022009320002B00C903FFF71AFF60
:106B0000002815D122000020202388321360536012
:106B1000E0662067843420700BE08021054B320052
:106B20000093890303002000FFF704FF0028DAD058
:106B3000032076BDFFFFFF01F8B513000200060039
:106B400005005C3281650F001380222100229036FF
:106B50008C3532602960011D0400C86F904213D04B
:106B60001D498263C1621D493A0001631C494163AA
:106B700021682431FEF710F9002805D010230120E8
:106B80003360DB182B60F8BD2369002B0BD0EFF3CB
:106B90001081012383F310882268FF3310680343B8
:106BA000136081F31088EFF31080012383F31088C2
:106BB00021688A681A438A6080F31088EFF3108195
:106BC00083F3108822683F3390680343936081F316
:106BD00010880020D7E7C046A56501088165010837
:106BE000D9610108F7B50700436E04006A37002B2E
:106BF00004D10120388068342080F7BD03680B4E33
:106C00009A689B680A4D5B0FF05CE95CC0000192DA
:106C1000F1F716FB019B38801B015B0FF05CE95C10
:106C2000C000F1F70DFB80B2E5E7C0462E8F0108EA
:106C3000268F0108F7B504000E001D000192002800
:106C400001D10120FEBD070088373B68002B04D12D
:106C5000020084321370F9F717FE24230121226801
:106C60003B60136820008B431360FFF7EBFC0128A7
:106C7000E7D0A36A002B02D02000FFF7F3FD8022AB
:106C80002368D20199682D040A439A609A680A49D8
:106C900020000A4032439A60019A51050D431A6858
:106CA00006490A40154301221D6019680A431A600B
:106CB000FFF70CFFC6E7C046FF7FFFFFFFFF00FCAA
:106CC000704770477047000070B504008434227824
:106CD00003000220012A11D01D002422012688353C
:106CE0002A601A6811681068B043106004480140B7
:106CF00000205866202311602B60207070BDC046B4
:106D0000FFFFFFDFF8B5050084350B00297802226C
:106D1000012915D00600012104688836223232602C
:106D2000276822688A432260A168C900C9081943FC
:106D3000A160FFF757FF20230022276033602A70ED
:106D40001000F8BDF8B5050084350A002978022343
:106D5000012915D0060001210468883622333360EA
:106D6000276823688B432360A168064B19401143B1
:106D7000A160FFF737FF20232760336000232B70CB
:106D80001800F8BDFFFFFFF103008C331B6870B5DE
:106D900004000220202B02D1002901D1012070BD66
:106DA000002AFBD08020A56801234001854204D140
:106DB0002069002801D11942F0D1E36600232000A8
:106DC0002367FFF7B9FE0028E9D1E26E012AE5D179
:106DD000102321680B62EFF3108182F31088226880
:106DE00014682343136081F31088D8E710B5034B70
:106DF0000100186800F030F810BDC04654020020B1
:106E000010B5034B0100186800F0EEFC10BDC04641
:106E10005402002070B50F4E0D00316804000029A7
:106E200002D100F00DFC30602900200000F008FCC9
:106E3000431C03D101256D42280070BD0323C51CEE
:106E40009D43A842F8D0291A200000F0F9FB013038
:106E5000F2D1EFE708680020F7B50322CB1C93437B
:106E6000083305001F000C2B34D20C27B94233D84D
:106E7000280000F071F8374E33681C00002C2FD129
:106E800039002800FFF7C6FF0400431C5FD13468B7
:106E90000094009B002B4AD1002C52D0236828007C
:106EA000E3180099019300F0CBFB019B834248D18A
:106EB00023682800FF1A3900FFF7ACFF013040D0EB
:106EC0002368DB19236033685A68002A33D1009B9A
:106ED000336019E0002BC9DA0C232B600020FEBDC3
:106EE0002168C91B20D40B290AD9E2192760A342C3
:106EF00004D1326063681160536005E05A60F9E7BD
:106F00006268A3420ED13260280000F02DF8200004
:106F100007220B30231D9043C21A9842DFD01B1A60
:106F2000A350DCE75A60EFE723006468A6E7009C03
:106F300063680093ADE71A005B68A342FBD10023AE
:106F4000DAE70C2328002B6000F00EF8C6E7076094
:106F5000DAE7C0460C68002010B5024800F0C1FB1B
:106F600010BDC0465069002010B5024800F0BAFBC1
:106F700010BDC04650690020114B70B51D6804005B
:106F80002B6B002B16D11820FFF730FF021E286351
:106F900004D146210B4B0C4800F008FC0B4B0021A0
:106FA00003600B4B43600B4B83600B2383810120F9
:106FB0001061516100222B6B1C615A6170BDC0468B
:106FC000540200202F8E0108468E01080E33CDABEF
:106FD00034126DE6ECDE0500164B10B51C68236B11
:106FE000002B16D11820FFF701FF021E206304D1E9
:106FF0005221114B114800F0D9FB114B00210360C5
:10700000104B4360104B83600B2383810120106180
:107010005161246B0D4A206961690D4BF1F794FAB7
:107020000122002380185941206161614800400815
:1070300010BDC046540200202F8E0108468E010864
:107040000E33CDAB34126DE6ECDE05002D7F954C92
:107050002DF4515830B50024022B09D09208035961
:107060000D59013A05510B510434002AF7DC30BDAB
:10707000035D0D5D05550B550134131B002BF7DC2B
:10708000F5E7F8B50F00160004001D009847310021
:1070900000280DDA3800A847002802DA3C0020005A
:1070A000F8BD31002000A8470028F8DA3400F6E7E0
:1070B0003800A8470028F1DC31002000A84700284C
:1070C000F4DAECE7F0B599B000900393009B170059
:1070D00013430222080001929B0704D13B1F1A00B0
:1070E000531E9A410192002304933C00009B4443A9
:1070F000DB190293009B1B190693062828D8029BD4
:10710000069A93420CD3049B002B00D020E119B0C7
:10711000F0BD3A0029002000019BFFF79BFF0FE024
:10712000029C0EE0E51B21002800039B98470028E5
:107130000ADD019B002BECD123682A6822602B60BA
:107140002C00009BA342EDD3029BDB190293D6E7F0
:1071500046087E43009BE41B9E191C19072821D07A
:1071600022000593282817D9C5087D4359194A19C3
:10717000039B0098FFF785FF31007219039B059070
:10718000701BFFF77EFF06006800201A2200039B99
:107190004119FFF776FF02003100039B0598FFF7C6
:1071A00070FF0600019B002B23D1009B32681B68F7
:1071B00000990A60336000232600029D079305951D
:1071C000A54233D828000099039B984700282BDC60
:1071D0000DD1019B002B13D1059B2A681B680599D3
:1071E0000A602B60059BDB19059301230793ED19BA
:1071F000E6E73A003100019B0098FFF72BFFDAE742
:107200003A002900019B0598FFF724FFEAE70028D0
:1072100009D1019B002B13D12368326822603360AF
:107220000123F61B0793E41BAC4210D2079B002BF3
:1072300040D1029B069A934200D364E7029C32E05D
:107240003A0031002000019BFFF704FFE8E720002F
:107250000099039B98470028D9DA019B002B05D1A0
:107260002B6822682A602360E41BBEE73A002100F5
:107270002800019BFFF7EEFEF6E73A002900200008
:10728000019BFFF7E7FE0DE0E51B21002800039BB3
:10729000984700280ADD019B002BEED123682A685D
:1072A00022602B602C00009BA342EDD3029BDB19D4
:1072B0000293BEE7059B009AEB1A0293059B9A1A6C
:1072C000029B9A4200DD1A00002A04D0019B00981C
:1072D000A91AFFF7BFFE069B341B9A1BD21BA242C2
:1072E00000D92200002A05D0069B2800991A019B8C
:1072F000FFF7B0FE069B029E1D1BB44205D823007B
:1073000034001E002B00009D0093BE422BD9049B2D
:10731000072B11D808AADB009D5039009B182000CC
:107320001D00F0F703FF049B686001333900300053
:107330000493F0F7FBFED8E639003000F0F7F6FED4
:107340003A000100039B0098FFF7BCFEBC420DD839
:10735000049B08AA013B0493DB009A58009208AAF8
:107360009B185868C1E6BC4200D8CCE63900200022
:10737000F0F7DCFE0095B8E6002310B504000360CA
:107380004360836081814366C2810361436183619D
:10739000190008225C3000F011F90B4B2462636283
:1073A0000A4BA3620A4BE3620A4B23630A4B9C42DB
:1073B00005D00A4B9C4202D0094B9C4203D12000CD
:1073C000583000F08DF910BD0175010829750108CC
:1073D000617501088D75010810680020786800202B
:1073E000E068002010B5034A0349044800F06CF837
:1073F00010BDC046480200208979010858020020CB
:1074000041680B4B10B50400994201D000F0BCFA62
:10741000A168084B994202D0200000F0B5FAE1685B
:10742000054B994202D0200000F0AEFA10BDC046D4
:107430001068002078680020E068002010B5094B33
:10744000094A04211A6009480022FFF795FF01222A
:1074500009210748FFF790FF022212210548FFF794
:107460008BFF10BD48690020E573010810680020FB
:1074700078680020E068002010B5024800F031F97B
:1074800010BDC0465169002010B5024800F02AF92D
:1074900010BDC0465169002010B50400FFF7ECFF95
:1074A000236A002B02D0FFF7EFFF10BD044B2362CD
:1074B000044B1B68002BF6D1FFF7C0FFF3E7C04673
:1074C0000174010848690020F7B5140000260090F7
:1074D0000191A5686768013F04D52468002CF8D1A4
:1074E0003000FEBDAB89012B08D90E22AB5E013303
:1074F00004D029000098019B984706436835EAE7C5
:1075000070B50C000E25495F00F086F8002803DBFB
:10751000636D1B18636570BDA389024A1340A38184
:10752000F9E7C046FFEFFFFFF8B51F008B890500A4
:107530000C001600DB0505D50E23C95E00220223D0
:1075400000F056F8A389054A28001340A3813200B1
:107550000E23E15E3B0000F085F8F8BDFFEFFFFF72
:1075600070B50C000E25495F00F042F8A389421C5B
:1075700003D1054A1340A38170BD802252011343F9
:10758000A3816065F8E7C046FFEFFFFF10B50E234B
:10759000C95E00F01BF810BD10B5884202D98B18E7
:1075A000984208D300239A4207D0CC5CC4540133DC
:1075B000F9E78B5C8354013AFBD210BD03008218BB
:1075C000934200D1704719700133F9E7002370B579
:1075D000064D040008002B60F9F7C6FC431C03D1DC
:1075E0002B68002B00D0236070BDC0464C69002082
:1075F00070B50400080011001A000023054D2B602F
:10760000F9F7BCFC431C03D12B68002B00D023608E
:1076100070BDC0464C69002070B504000800110020
:107620001A000023054D2B60F9F784FC431C03D19D
:107630002B68002B00D0236070BDC0464C69002031
:10764000002370B5064D040008002B60F9F798FC84
:10765000431C03D12B68002B00D0236070BDC046B3
:107660004C69002070B50400080011001A000023C6
:10767000054D2B60F9F76BFC431C03D12B68002BE5
:1076800000D0236070BDC0464C690020014B1868D3
:107690007047C0465402002070B500260C4C0D4DBA
:1076A000641BA410A64209D1002601F0F3FA0A4C8B
:1076B0000A4D641BA410A64205D170BDB300EB585F
:1076C00098470136EEE7B300EB5898470136F2E7EA
:1076D000808F0108808F0108848F0108808F010846
:1076E000704770477047002310B59A4200D110BD13
:1076F000CC5CC4540133F8E7F8B50D0017006B00FB
:10770000274A5B0D9A180E0004000100132A21DCA1
:10771000002A07DA0022EE0FF3073A607B602900A7
:107720002000F8BD1F48104103002B40234305D122
:10773000F60F3C607D601C00F507F0E786430022F1
:107740003300200029003A607B60F3F747FB040018
:107750000D00E4E7332A15DD29003C607D6000F070
:107760004FF900280AD122002B0020002900F2F74F
:107770004FF804000D003C607D60D0E7EE0F002460
:10778000F507CCE70120084A40429B18D840030087
:1077900023402042CCD081432B000A00D1E7C046D1
:1077A00001FCFFFFFFFF0F00EDFBFFFF7FB51400A3
:1077B0001A00094B05001B680E00D868074B002C07
:1077C00001D1074B1C000749019302942B0000963E
:1077D00000F006F900F044F9540200209E8E0108E2
:1077E000D98E0108AB8E010870B505000C1E10D0B3
:1077F000043C2368002B00DAE4182800FFF7ACFBF8
:107800001D4A1368002B05D1636014602800FFF740
:10781000ABFB70BDA34208D9206821188B42F3D17D
:1078200019685B6809182160EEE71A005B68002B95
:1078300001D0A342F9D911685018A0420BD1206899
:107840000918501811608342E0D118685B6841182C
:1078500011605360DAE7A04202D90C232B60D5E710
:10786000206821188B4203D119685B6809182160D0
:1078700063605460CAE7C0460C680020F7B50C226C
:107880008B5E05000C001A0756D44A68002A02DCF9
:107890000A6C002A4EDDE76A002F4BD000228020C0
:1078A0002E682A601A004001216A0240034233D048
:1078B000626DA3895B0706D56368D21A636B002BE0
:1078C00001D0236CD21A00232800E76A216AB84746
:1078D000A289431C06D129681D2946D8294BCB40D3
:1078E000DB0742D50023636023692360D20405D5FA
:1078F000431C02D12B68002B00D16065616B2E60A8
:10790000002917D023004433994202D02800FFF702
:107910006BFF002363630DE001232800B8470200DA
:10792000431CC6D12B68002BC3D01D2B01D0162BB6
:107930001AD12E6000201EE00E69002EFAD00F68CA
:107940000E60BA1B019200229B0700D14A69A26017
:10795000019B002BEEDDA36A32001F002800019B73
:10796000216AB847002807DCA2894023012013437D
:107970001BB2A3814042FEBD019B36181B1A019326
:10798000E6E7C046010040200B6970B505000C0019
:10799000002B02D10025280070BD002804D0036A06
:1079A000002B01D1FFF778FD0C22A35E002BF1D054
:1079B000626ED20704D49B0502D4A06DFFF791FE3E
:1079C00028002100FFF75AFF636E0500DB07E2D4B1
:1079D000A3899B05DFD4A06DFFF784FEDBE70000E1
:1079E0000EB417B5054C05AB04CB0100206801931C
:1079F00000F064F81EBC08BC03B018475402002015
:107A00000B0070B50400020001001C430220002C92
:107A100006D080200006834203D14B1E9941881C6A
:107A200070BD0C48590049080B4C0E180420A642A2
:107A3000F6D9802401386403A342F1D380252D06B2
:107A40005D19A542ECD3054C0020A142E8D150427B
:107A50005041E5E70000F0FFFFFFDF7F0000F07F0F
:107A6000062010B500F08CFB0120F9F75DFA936851
:107A700010B5013B9360002B04DA9469A34207DB45
:107A80000A2905D01368581C10601970080010BD31
:107A900000F0ACFA0100F9E7F8B506000F00140099
:107AA000D518AC4201D1002007E021783A0030001F
:107AB000FFF7DDFF0134431CF3D1F8BDF0B5A1B0F1
:107AC0000F0015001E000390002804D0036A002B4D
:107AD00001D1FFF7E1FC7B6EDB0705D4BB899B0579
:107AE00002D4B86DFFF7FDFDBB891B0702D53B69CA
:107AF000002B13D13900039800F0BAFA00280DD0FA
:107B00007B6EDB0703D50120404221B0F0BDBB896D
:107B10009B05F8D4B86DFFF7E5FDF4E7002308AC4A
:107B20006361203363761033A37607962E00337893
:107B3000002B01D0252B48D1731B0593AE420BD0EF
:107B40002A0039000398FFF7A7FF013000D1AEE00B
:107B50006369059A9B1863613378002B00D1A6E016
:107B6000012200235242626004A954325218751C4B
:107B70002360E360A3601370A365594B05221800CE
:107B80002978059300F01CFB6E1C00281FD1226889
:107B9000D30604D5532304A95B18202119701307B9
:107BA00004D5532304A95B182B2119702B782A2B99
:107BB00016D02E0000210A20E3683278751C303A76
:107BC000092A50D9002911D117E00136AFE7059BEA
:107BD0002268C01A01238340134335002360CCE799
:107BE000079B191D1B680791002B01DB0B9304E019
:107BF0005B42E36002231343236033782E2B0CD1C6
:107C000073782A2B34D1079B02361A1D1B68079202
:107C1000002B01DA01235B420993324D0322280035
:107C2000317800F0CDFA002806D04023401B834075
:107C30002268013613432360317806222A48751CD6
:107C4000217600F0BDFA002840D0284B002B22D12D
:107C50000722079B07339343083307936369049A0A
:107C60009B18636162E743432E0001219B18A4E740
:107C700000230A201900013663603278751C303AFF
:107C8000092A03D9002BC8D00991C6E741432E0029
:107C900001238918F1E707AA009221003A00144B4A
:107CA000039800E000BF0490049B0133D6D17B6EA3
:107CB000DB0705D4BB899B0502D4B86DFFF712FD25
:107CC000BB895B0600D51EE70D981EE707AA009248
:107CD00021003A00064B039800F07CF8E3E7C04629
:107CE000DA8E0108E08E0108E48E01080000000031
:107CF000997A0108F7B5160001938A680B690C00A0
:107D00000090934200DA130022003360433212786D
:107D1000002A01D00133336023689B0602D5336803
:107D2000023333602268062315001D401A4227D013
:107D3000230043331B785A1E93412268920630D4A5
:107D4000220001990098089D4332A847013025D0B0
:107D50000622236800251340042B05D13368E5680B
:107D6000ED1AEB43DB171D40A3682269934201DD46
:107D70009B1AED180026B54220D1002010E00135F5
:107D8000E36832689B1AAB42D2DD220001230199DD
:107D90000098089F1932B8470130F0D101204042C5
:107DA000FEBD3020E1184331087021005A1C4531D6
:107DB0000978A218433202331170C1E7220001236F
:107DC00001990098089F1A32B8470130E6D0013671
:107DD000D1E70000F0B58BB006920A00433207935A
:107DE000059003920A7E0C00109B782A09D8622A1B
:107DF0000BD8002A00D1BAE07A490491582A00D160
:107E00008EE0250042352A7022E0100063381528E4
:107E1000F7D8F0F781F916001F00F6FFF6FFF6FF1E
:107E2000F6FF1F00F6FFF6FFF6FFF6FF9F00360095
:107E30007E00F6FFF6FFB000F6FF3600F6FFF6FF15
:107E4000820025001A684235111D196013682B70D5
:107E500001239EE018680968021D0D060BD506680F
:107E60001A60002E03DA2D23039A764213705D4BBD
:107E70000A27049318E006681A604906F1D536B25D
:107E8000EFE70868196840C9050602D4400600D526
:107E9000B6B21960534B0A2704936F2A00D1023FF0
:107EA0002300002243331A706368A360002B06DBB3
:107EB00004212268039D8A43226033430CD0039D32
:107EC00030003900F0F7B8F9049B013D5B5C2B7082
:107ED000330006009F42F3D9082F09D12368DB073E
:107EE00006D5626823699A4202DC3023013D2B707B
:107EF000039B5B1B2361079B210000930598069B56
:107F000009AAFFF7F7FE013048D1012040420BB02B
:107F1000F0BD202209680A43226078223249049188
:107F2000210045310A701968226840C9100602D440
:107F3000500600D5B6B21960D30702D520231343EB
:107F40002360002E01D01027AAE720222368934344
:107F50002360F8E71A680D68101D496918601368F6
:107F60002E0601D5196002E06D06FBD519800023AD
:107F7000039D2361BFE71A68111D19601568002170
:107F80002800626800F01CF9002801D0401B6060E6
:107F9000636823610023039A1370ACE72A00236906
:107FA00006990598079DA8470130AED023689B0726
:107FB00015D4099BE0689842A9DA1800A7E72200C7
:107FC000012306990598079E1932B04701309CD0CD
:107FD0000135E368099A9B1AAB42F0DCE9E700251A
:107FE000F7E7C046EB8E0108FC8E0108F8B50600E5
:107FF0000D001400002804D0036A002B01D1FFF704
:108000004BFAA369A360A3891B0702D52369002B40
:1080100009D12100300000F02BF8002803D0012501
:108020006D422800F8BD23692068EFB2C01A636969
:10803000EDB2834205DC21003000FFF7A5FC0028EB
:10804000EDD1A3680130013BA36023685A1C226074
:108050001F706369834204D0A389DB07E1D50A2D31
:10806000DFD121003000FFF78FFC0028D9D0D6E700
:108070002D4B70B5050018680C00002804D0036A69
:10808000002B01D1FFF708FA0C22A35E1A0723D4B4
:10809000DA0607D409222A60402201201343A38173
:1080A00040423AE05B0713D5616B002908D02300FA
:1080B0004433994202D02800FFF796FB0023636304
:1080C0002422A3899343A38100236360236923604F
:1080D0000823A2891343A3812369002B0BD1A0217C
:1080E0008022A389890092000B40934203D0210093
:1080F000280000F09BF80C22A35E01211A000A4020
:108100000B420BD00022A26062695242A2610020A1
:108110002269824201D11A06BED470BD990700D4EB
:108120006269A260F3E7C0465402002070B5040003
:108130000D001F2904D9162303600120404270BDA1
:10814000C36B002B04D08A009B181A68002A08D140
:10815000200000F031F82A000100200000F01AF899
:10816000EDE7012A09D0511C03D116230360012039
:10817000E5E700212800196090470020DFE70000B4
:1081800010B5034B01001868FFF7D0FF10BDC046C3
:1081900054020020002370B5064D040008001100B1
:1081A0002B60F8F7B9FE431C03D12B68002B00D0DD
:1081B000236070BD4C69002010B5F8F7ABFE10BD10
:1081C000C9B28218904201D10020704703788B42D7
:1081D000FBD00130F6E7000070B50E001D000E2345
:1081E000C95E140096B000290CDAB2898023110010
:1081F00019401A4214D18023DB000020296023603B
:1082000016B070BD6A4600F053F80028EDDBF0238D
:1082100001991B021940044BC9184B425941EAE726
:1082200000214023E9E7C04600E0FFFFF0B5022649
:108230008B8905000C0085B0334207D023004733FB
:10824000236023610123636105B0F0BD03AB02AA83
:10825000FFF7C2FF029F019039002800FEF7FCFDE6
:10826000002808D10C22A35E9A05EDD40322934383
:108270001E43A681E2E78023A28920601343A381E5
:10828000039B20616761002B0CD028000E23E15E68
:1082900000F020F8002805D00323A2899A43023B6E
:1082A0001343A381A389019A1343A381CCE7000060
:1082B000002370B5064D0400080011002B60F8F78C
:1082C00056FE431C03D12B68002B00D0236070BDE9
:1082D0004C690020002370B5064D040008002B6097
:1082E000F8F74AFE431C03D12B68002B00D0236013
:1082F00070BDC0464C690020F8B504000D0000F0C8
:1083000081F906000F002000290000F089F80028FC
:108310000DD0200029000F4A0F4BF0F7A7F80028D6
:1083200008D0FFF7B3F9222300260C4F036030007A
:108330003900F8BD20002900094A0A4BF0F782F8FD
:108340000028F4D0FFF7A2F92223002600270360BB
:10835000EDE7C046EF39FAFE422E86400000F07F7E
:1083600051302DD5104987C0F8B504000D0000F03C
:10837000B1FA220006000F002B0020002900F3F7BD
:1083800037F9002815D10022002320002900F0F73A
:108390006DF800280DD10022002320002900F0F7FD
:1083A0004BF8002808D0FFF771F922230026074F69
:1083B000036030003900F8BDFFF768F9212303603E
:1083C000034800F035F806000F00F2E70000F0FF68
:1083D000D98E0108F8B504000D0000F02FF8220036
:1083E00006000F002B0020002900F3F701F90028F8
:1083F00013D10022002320002900F0F723F80028E1
:108400000BD0FFF743F92123002203600023100063
:108410001900F1F7C3FD06000F0030003900F8BD68
:10842000024B48004008C018C00F70470000108081
:10843000002001497047C0460000F87FF0B50A00EF
:108440000D006B4904000300080087B028408842F3
:1084500011D122002B0020002900F2F7D9F90200E7
:108460000B0020002900F1F7D3F904000D002000D3
:10847000290007B0F0BD002D11DC69004908214337
:10848000F5D00020854210D022002B0020002900CA
:10849000F2F7A4FC02000B00F1F780FDE5E72815D8
:1084A00015D180240021640307E0DA0A15385B0542
:1084B000002AFAD0F5E7520001312242FBD04C1ECF
:1084C000001B20241D00641AE5408B402A434949C3
:1084D000120344188021120B49031143C00703D42F
:1084E000DA0F490051185B00002562104900802412
:1084F0000592DA0F5218162029005B00A4030E190A
:10850000964202DC3119921B2D19DE0F5200013800
:1085100092195B0064080028F1D12026802704000E
:1085200004963F063E18B4468A4202DC14D19E42AD
:1085300012D860466646C0190091002E03DAC64381
:10854000F60F8E190096521A634589414942521A14
:1085500061465B1A0099E419DE0F52009219049EDD
:108560005B00013E7F080496002EDBD11A431FD02A
:10857000214E224F306871683A687B6800920193FF
:108580003268736802920393009A019BF2F726FC0B
:1085900002000B0002980399EFF75EFF002807D056
:1085A000306871683A687B68671C0CD1049C01359F
:1085B000134A6B109B18059AED07640812052543B2
:1085C0002800D11851E7F1F723F9776836680200DF
:1085D0000B0030003900EFF735FF002804D00234DB
:1085E00063426341ED18E3E7012301349C43DFE775
:1085F0000000F07F01FCFFFF408F0108388F010869
:108600000000E03FF0B54B000F00CC0F9149060091
:1086100089B05B088B422ED98F498B4211D93B031D
:108620001B0B034306D002003B0030003900F1F77A
:10863000EFF810E0002C00D009E13000390009B05B
:10864000F0BD3900854A864BEFF710FF051E05D0B7
:10865000002000F017FB06000F00EEE730003900A5
:10866000804A814BEFF7EEFE002800D17DE0280024
:1086700000F001FBEFE77D4A934200D89EE07C4A80
:10868000934272D87B4BE5005B191A685B6839002E
:10869000F2F7A4FB784B029003915B191A685B68B0
:1086A00004920593012363401B1B0193049A059BCD
:1086B00002980399F2F792FB06000F0032003B008C
:1086C00030003900F2F7A4F804000D006B4A6C4B3F
:1086D000F2F79EF86B4A6C4BF2F780FB22002B00FE
:1086E000F2F796F8694A6A4BF1F792F822002B00EC
:1086F000F2F78EF8674A684BF2F770FB22002B0006
:10870000F2F786F8654A664BF1F782F822002B00F3
:10871000F2F77EF802000B0030003900F2F75EFB42
:108720000B00020004000D0030003900F2F770F871
:10873000019B06900791002B56D180230022200038
:108740002900DB05F2F74AFB02000B0006980799A7
:10875000F1F724FC32003B00F2F740FB02000B0073
:1087600000205049F2F73AFB75E74F4BE4001C1923
:108770004E4A4F4B30003900F2F74AF822686368DE
:10878000F1F746F8F2F756FF0190F2F78FFF494AEA
:10879000494B04000D00F2F73BF802000B003000DB
:1087A0003900F2F71BFB454A02900391444B20002D
:1087B0002900F2F72DF80490059177E7414A93429A
:1087C0000DD8414A414B3900F1F722F80022354BD0
:1087D000EFF74CFE002805D00022324B25E700239E
:1087E00001936BE7019069E780212B0022000020B4
:1087F000C905F2F7F3FA02000B0006980799F1F7A2
:10880000CDFB02000B0004980599F2F7E7FA029AF3
:10881000039BF2F7E3FA02000B0000202149F2F774
:10882000DDFA2B4B019A0D009A4203DB110506007D
:108830004F1902E7FA2292009446019B00226344FA
:108840001B055918B8235B04F1F7E2FF03E7002684
:108850000027F2E6412E8640FFFFEF7FEF39FAFE58
:10886000422E864051302DD5104987C0422ED63F2A
:10887000B1A2F03F588F0108488F0108D0A4BE7202
:108880006937663EF16BD2C541BDBB3E2CDE25AFDC
:108890006A56113F93BDBE166CC1663F3E55555595
:1088A0005555C53F0000F03F688F0108FE822B65DB
:1088B0004715F73F0000E0FE422EE63F763C793553
:1088C000EF39EA3DFFFFEF3D9C7500883CE4377EC1
:1088D00003FCFFFF8023F0B55B030E008DB09942CF
:1088E00023DA4B005B08034307D10022002300205A
:1088F000B449F1F753FB0DB0F0BD002906DA0200D0
:108900000B00F2F76BFA00220023F2E7AE4B0022D5
:10891000F1F77EFF36230E005B42AC4A964206DD3D
:1089200002000B00F0F774FFE5E70023F5E7A84C21
:10893000321512193603A74CD218330B02931B19A8
:10894000802464032340A44C029D5C401B159B18AB
:1089500025430022009329009F4BF2F73FFA029B28
:10896000060002331B030F0000221B0B022B64DCEA
:108970000023EFF761FD002819D0009B002B00D1E8
:108980001CE11800F2F792FE944A954B04000D008A
:10899000F1F73EFF934A06000F00934B2000290099
:1089A000F1F736FF02000B0030003900BAE78F4ABA
:1089B0008F4B30003900F1F72BFF02000B00002035
:1089C0008C49F2F70BFA320004000D003B00300036
:1089D0003900F1F71DFF0B00020029002000F1F71C
:1089E00017FF009B02900391002B06D102000B00A1
:1089F00030003900F2F7F2F97DE70098F2F756FE01
:108A0000764A774B04000D00F1F702FF754A00909B
:108A10000191754B20002900F1F7FAFE02000B00CE
:108A200002980399F2F7DAF932003B00F2F7D6F92F
:108A300002000B0000980199DCE78023DB05F0F7CA
:108A4000E7FE02000B0030003900F1F7A7FA0490AE
:108A500005910098F2F72AFE049A059B069007916B
:108A600010001900F1F7D4FE634A029B9446634458
:108A700002000B930B0008900991F1F7C9FE040066
:108A80000D005E4A5E4BF1F7C3FE5E4A5E4BF0F7A7
:108A9000BFFE22002B00F1F7BBFE5C4A5C4BF0F7F7
:108AA000B7FE22002B00F1F7B3FE5A4A5A4BF0F7FB
:108AB000AFFE089A099BF1F7ABFE584A089009915E
:108AC000574B20002900F1F7A3FE564A564BF0F70A
:108AD0009FFE22002B00F1F79BFE544A544BF0F707
:108AE00097FE22002B00F1F793FE02000B0008987E
:108AF0000999F0F78DFE029A4E4B04009B1A0B9ACF
:108B00000D001343002B34DD00223A4B30003900B6
:108B1000F1F77EFE32003B00F1F77AFE02000B0017
:108B20000290039120002900F0F772FE049A059B41
:108B3000F1F76EFE009B04000D00002B06D1020031
:108B40000B0002980399F2F749F94FE7234A244BA7
:108B500006980799F1F75CFE224A00900191069869
:108B60000799214BF1F754FE22002B00F0F750FE3D
:108B700054E702000B0030003900F2F72FF9049A95
:108B8000059BF1F745FE009B04000D00002B02D170
:108B900002000B002CE7114A114B06980799F1F7D8
:108BA00037FE104A00900191069807990E4BF1F795
:108BB0002FFE02000B002000290033E700200021D7
:108BC00099E6C046000050C300005043FFFFEF7F0E
:108BD00001FCFFFF645F09000000F03F0000E0FEC1
:108BE000422EE63F763C7935EF39EA3D55555555ED
:108BF0005555D53F0000E03F86EBF9FF44523EDF7C
:108C000012F1C23FDE03CB966446C73F59932294CC
:108C10002449D23F935555555555E53F9FC678D0C9
:108C2000099AC33FAF788E1DC571CC3F04FA97995E
:108C30009999D93F51B8060070B50D00160004008F
:108C4000FEF724FD29000660200070BD37B5140032
:108C50001D00002802D0802109065B1800920193B4
:108C6000009A019B20002900F1F7D2FD2222FFF794
:108C7000E3FF03B030BD802310B500225B05FFF792
:108C8000E5FF10BDE02310B50022DB05FFF7DEFF96
:108C900010BD0000F8B5C046F8BC08BC9E46704741
:0C8CA000F8B5C046F8BC08BC9E46704702
:108CB000A089B0E1E995B23FECC039234A7BC33FBC
:108CC0000A68226C787ACD3FB81E85EB51B8DE3F3A
:108CD000000000000000F03F0F9C33A2B437F93FC2
:108CE0008A1F63EE5A420140A54E4013614306407D
:108CF000EF38454772790940000000003F800000CE
:108D000000000000228D00084E8C0008388C0008FE
:108D1000B48C0008388C0008E88C0008388C0008F7
:108D2000B48C00084E8C00084E8C0008E88C0008BB
:108D3000B48C0008248C0008248C0008248C0008C3
:108D4000F28C00084E8C00084E8C0008388C00080D
:108D50008E8D0008388C0008E88C0008388C0008DC
:108D60008E8D00084E8C00084E8C0008E88C0008A0
:108D70008E8D0008248C0008248C0008248C0008A8
:108D8000D0A100088EA000086CA0000858A0000820
:108D90006CA0000872A100086CA0000858A0000890
:108DA0008EA000088EA0000872A1000858A000083C
:108DB00050A0000850A0000850A0000894A100088E
:108DC00000000000000000000000000000000000A3
:108DD0000100000002000000030000000400000089
:108DE0000000000000000000000000000000000083
:108DF0000000000000000000000000000000000073
:108E00000100000002000000030000000400000058
:108E10000600000007000000080000000900000034
:108E200053544D5F31302E31302E33364352005281
:108E300045454E54206D616C6C6F632073756363A0
:108E40006565646564002F6275696C642F676E7573
:108E50002D746F6F6C732D666F722D73746D33325A
:108E60005F31332E332E72656C312E323032343016
:108E70003932362D313731352F7372632F6E657766
:108E80006C69622F6E65776C69622F6C6962632F03
:108E90007374646C69622F72616E642E63002C209F
:108EA00066756E6374696F6E3A20006173736572E4
:108EB00074696F6E2022257322206661696C656477
:108EC0003A2066696C6520222573222C206C696E1D
:108ED00065202564257325730A00232D302B20007F
:108EE000686C4C0065666745464700303132333464
:108EF0003536373839414243444546003031323304
:108F000034353637383961626364656600000100C4
:108F100002000400060008000A000C0010002000F7
:108F20004000800000010804020408010101010161
:108F3000010307010000000059F3F8C21F6EA501EC
:108F4000000000000000F03F763C7935EF39EA3D43
:108F5000763C7935EF39EABD0000E0FE422EE63F6F
:108F60000000E0FE422EE6BF000000000000E03FEF
:088F7000000000000000E0BF5A
:088F780098F6FE7F01000000E5
:048F8000E580000880
:048F8400BD800008A4
:108F88000000000000002E400E2DB29DEFFF58405B
:108F98000000000000002E40210000000900000031
:108FA80001000000000400502000000000040050F0
:108FB80010000000000800500010000000000050E1
:108FC800000800000004005008000000000C0050D9
:108FD80004000000000800500020000000080050B5
:108FE80000080000000800500002000000080050BF
:108FF80000040000000800500001000000040050B8
:1090080004000000000C00500100000000000050A7
:10901800040000000000005008000000000C005090
:1090280000010000000C005000020000000C00507D
:1090380040000000000C0050200000000004005018
:1090480000800000000400500040000000040050B0
:109058000020000000040050001000000004005030
:109068000008000000040050000400000004005044
:109078000002000000040050000100000008005039
:109088008000000000080050400000000008005068
:1090980020000000000800501000000000080050E8
:1090A80008000000000800500400000000080050FC
:1090B800020000000008005001000000010100004B
:1090C8000024F400000000000F0000000800000069
:1090D8000000000000003E400000000000406F401B
:1090E80000000000000000400000000000C09240A6
:1090F800000000000000894001000000000100009D
:109108000100000000000000000000000000000056
:109118000F000000070000000000000000004E40A3
:109128000000000000005440000000000000F03F74
:109138000000000000F891400000000000E08540B9
:109148000100000000010000010000000000000014
:109158000000000000000000010101000200000002
:1091680001010000000000000000000000000000F5
:109178000000000000C092400000000000488C4041
:109188000900000009000000010000000F000000B5
:1091980000000000003071400000000000D0864050
:1091A8000000000000005940000000000000594085
:1091B8000000000000D0864001000000010000000F
:1091C800010B010004000000000000000300000083
:1091D80010680020580200200000000010680020DD
:1091E80078680020E068002000000000000000000F
:1091F8000000000000000000000000000000000067
:109208000000000000000000000000000000000056
:109218000000000000000000000000000000000046
:049228000000000042
:0400000508014ABDE7
:00000001FF
