:020000040800F2
:1080000000900020D9480108810701088307010872
:108010000000000000000000000000000000000060
:1080200000000000000000000000000085070108BB
:108030000000000000000000870701088907010810
:108040002949010829490108294901082949010844
:108050002949010829490108294901082949010834
:1080600029490108910701082949010829490108FE
:108070002949010829490108294901082949010814
:1080800029490108A1070108B1070108C107010832
:1080900029490108D1070108E10701082949010818
:1080A000294901082949010829490108F10701085E
:0C80B00029490108294901082949010853
:1080BC0010B5064C2378002B07D1054B002B02D0B2
:1080CC00044800E000BF0123237010BDB80200205B
:1080DC0000000000B08A0108044B10B5002B03D03F
:1080EC000349044800E000BF10BDC046000000007A
:1080FC00BC020020B08A010802B47146490849004C
:10810C00095C49008E4402BC7047C04603B47146FA
:10811C00490840004900095E49008E4403BC704781
:10812C00002243088B4274D303098B425FD3030AAA
:10813C008B4244D3030B8B4228D3030C8B420DD3BD
:10814C00FF22090212BA030C8B4202D3121209024B
:10815C0065D0030B8B4219D300E0090AC30B8B4289
:10816C0001D3CB03C01A5241830B8B4201D38B0337
:10817C00C01A5241430B8B4201D34B03C01A5241DC
:10818C00030B8B4201D30B03C01A5241C30A8B421F
:10819C0001D3CB02C01A5241830A8B4201D38B020A
:1081AC00C01A5241430A8B4201D34B02C01A5241AE
:1081BC00030A8B4201D30B02C01A5241CDD2C30920
:1081CC008B4201D3CB01C01A524183098B4201D39C
:1081DC008B01C01A524143098B4201D34B01C01A87
:1081EC00524103098B4201D30B01C01A5241C308FF
:1081FC008B4201D3CB00C01A524183088B4201D36E
:10820C008B00C01A524143088B4201D34B00C01A59
:10821C005241411A00D20146524110467047FFE7C5
:10822C0001B5002000F0F0F802BDC0460029F7D0DF
:10823C0076E7704703460B437FD4002243088B42FA
:10824C0074D303098B425FD3030A8B4244D3030BD1
:10825C008B4228D3030C8B420DD3FF22090212BA96
:10826C00030C8B4202D31212090265D0030B8B4212
:10827C0019D300E0090AC30B8B4201D3CB03C01AFC
:10828C005241830B8B4201D38B03C01A5241430BD7
:10829C008B4201D34B03C01A5241030B8B4201D3C7
:1082AC000B03C01A5241C30A8B4201D3CB02C01A32
:1082BC005241830A8B4201D38B02C01A5241430AAA
:1082CC008B4201D34B02C01A5241030A8B4201D399
:1082DC000B02C01A5241CDD2C3098B4201D3CB0140
:1082EC00C01A524183098B4201D38B01C01A5241EF
:1082FC0043098B4201D34B01C01A524103098B42F3
:10830C0001D30B01C01A5241C3088B4201D3CB00DD
:10831C00C01A524183088B4201D38B00C01A5241C0
:10832C0043088B4201D34B00C01A5241411A00D270
:10833C0001465241104670475DE0CA0F00D04942D9
:10834C00031000D34042534000229C4603098B4249
:10835C002DD3030A8B4212D3FC22890112BA030AD1
:10836C008B420CD3890192118B4208D38901921153
:10837C008B4204D389013AD0921100E08909C309D8
:10838C008B4201D3CB01C01A524183098B4201D3DA
:10839C008B01C01A524143098B4201D34B01C01AC5
:1083AC00524103098B4201D30B01C01A5241C3083D
:1083BC008B4201D3CB00C01A524183088B4201D3AC
:1083CC008B00C01A5241D9D243088B4201D34B00C7
:1083DC00C01A5241411A00D20146634652415B1009
:1083EC00104601D34042002B00D5494270476346EA
:1083FC005B1000D3404201B5002000F005F802BD2F
:10840C000029F8D016E770477047C0468446100024
:10841C0062468C461900634600E0C0461FB502F068
:10842C0083F9002801D40021C8421FBD10B502F009
:10843C00C7F84042013010BD10B502F075F90028A4
:10844C0001DB002010BD012010BDC04610B502F0AC
:10845C006BF9002801DD002010BD012010BDC046C5
:10846C0010B502F0F1F8002801DC002010BD01204D
:10847C0010BDC04610B502F0E7F8002801DA002064
:10848C0010BD012010BDC046844608006146FFE7C0
:10849C001FB500F0FBFC002801D40021C8421FBD11
:1084AC0010B500F083FC4042013010BD10B500F057
:1084BC00EDFC002801DB002010BD012010BDC046E2
:1084CC0010B500F0E3FC002801DD002010BD0120F8
:1084DC0010BDC04610B500F091FC002801DC002056
:1084EC0010BD012010BDC04610B500F087FC00285F
:1084FC0001DA002010BD012010BDC046002B11D1A7
:10850C00002A0FD1002900D1002802D00021C94334
:10851C00080007B4024802A14018029003BDC046EF
:10852C00E9FEFFFF03B4684601B5029800F06AF853
:10853C00019B9E4602B00CBC7047C046F0B5CE46BF
:10854C009946030C9C46130447461B0C1D000E0059
:10855C0061460404240C80B50700100C4B436543A2
:10856C00414360432C0CC01824188C46A34203D9F9
:10857C0080235B029846C444494679435643230CF6
:10858C002D042D0C8919634424046019C918C0BC2E
:10859C00B946B046F0BDC0469E2110B5C905041CB5
:1085AC00FFF7A2FF002803D1201C01F075F810BDC5
:1085BC009E21201CC90500F00BFE01F06DF88023F4
:1085CC001B069C466044F2E770B500220C4B04007D
:1085DC000D00FFF74FFF002804D12000290003F005
:1085EC0023F870BD064B00222000290002F0F0FB9E
:1085FC0003F01AF880231B069C466044F1E7C04642
:10860C000000E041F0B557464E464546DE46E0B523
:10861C0004000D009246994683B08B4230D82DD081
:10862C004946504603F076F929000600200003F075
:10863C0071F9331A9846203B34D49B4653465A461C
:10864C00934042461F00534693401E00AF423BD816
:10865C00AF4200D179E05B46A41BBD41002B00DA90
:10866C0076E0002200230092019301235A469340A6
:10867C000193012342469340009329E08242CFD9D3
:10868C0000220023009201930C9B002B01D01C6054
:10869C005D600098019903B0F0BCBB46B246A94698
:1086AC00A046F0BD42469B4620239B1A5246DA4018
:1086BC00414613004A468A40170042461F43534620
:1086CC0093401E00AF42C3D90022002300920193B5
:1086DC004346002BD8D0FB0772081A4346467B084A
:1086EC000EE0AB4201D1A2420CD8A41A9D4101204C
:1086FC0024196D410021013E24184D41002E06D055
:10870C00AB42EED9013E24196D41002EF8D10098F0
:10871C0001995B4600196941002B24DB2B005A465A
:10872C004446D3402A00E2401C005B461500002B57
:10873C002ADB26009E40330026004746BE4032000E
:10874C00801A9941009001919EE7A342BCD882E720
:10875C004246202300219B1A002200910192012203
:10876C00DA40019285E7424620239B1A2A004646AE
:10877C009A402300F340444613432A00E2401C0075
:10878C005B461500002BD4DA42462F00202326002E
:10879C0097409B1ADE403B003343CDE7F8B54B02C4
:1087AC005A0A94464A00C90FCE46474689464500A8
:1087BC0046022D0E120E80B59909770AC40FB60920
:1087CC00AB1A4C4520D0002B0CDD002A34D10029EB
:1087DC002AD05A1E012B00D18FE0FF2B00D1CDE007
:1087EC0013002FE0002B60D0531B002D00D0EEE0C7
:1087FC00002E00D13EE15C1E012B00D16BE1FF2B62
:10880C0000D1B9E02300E7E0002B00DCA4E0002A53
:10881C0069D0FF2D00D1B1E08022D20411431B2B73
:10882C0000DCE9E02B000536F708FF2B00D1A5E0B2
:10883C007A02520AD8B230E0FF2D00D19EE080229D
:10884C00D204114301201B2B08DC08002022D84045
:10885C00D31A99400B005A1E93411843361A7301D0
:10886C0000D471E0B601B709380003F035F83B00CD
:10887C000538834085424DDDB44E2D1A1E405A07F3
:10888C0068D00F221340042B64D00436730161D5D9
:10889C00681CFE2D54D1FF200022C0051043E407B4
:1088AC002043C0BCB946B046F8BDFE229046681CB9
:1088BC000200404610426BD1002D00D0DDE0002EAE
:1088CC0000D102E10029B3D08022771AD2041742DA
:1088DC0000D136E14C468E1B61D00120164230D1BE
:1088EC000023F708A4E700299ED05A1E012B00D1C3
:1088FC00CAE0FF2B42D0130091E7711A4B0100D450
:10890C00D1E08F01BF09380002F0E6FF3B000538CB
:10891C00834001252022401B0130121A1E00934077
:10892C00C6405A1E93411E4339D0730700D11BE138
:10893C000F2300253340042BA7D1012072017CD5D5
:10894C00C0B2B201520AA8E7730703D00F23334019
:10895C00042B9AD12B0067E7002B23D0531B002D3F
:10896C007BD1002E00D186E05D1E012B00D18BE067
:10897C00FF2B02D02B0075E04C466746002F00D130
:10898C0089E78022D2033A435202FF20520A84E73D
:10899C00771A7B016BD4002F00D065E700240020F0
:1089AC0000227AE7FE226B1C1A4249D1002D00D01E
:1089BC009FE0002E00D1BAE0002900D1CFE0721860
:1089CC00530100D4CDE092010120520A65E7FF2A41
:1089DC00D2D08020C004064301201B2B08DC3000C1
:1089EC002024D840E31A9E4033005C1EA341184358
:1089FC004C4615000E1A32E708002022D840D31A34
:108A0C0099400B005A1E93410343F61873019BD5F2
:108A1C000135FF2D00D13EE701234D49720833404B
:108A2C000A401A431600530704D00F231340042B9B
:108A3C0000D02AE7730100D52AE72B00F708F7E6E8
:108A4C00FF2B00D127E7711849084A072FD00F22B6
:108A5C000A40042A2BD00E1DE6E6FF2A8DD080207A
:108A6C00C00406431B2B24DD13004E1DDCE64C46D4
:108A7C008F1BF9E64C460E00D6E6002E49D1002994
:108A8C0068D067464C467CE77018430174D5304972
:108A9C0040080140430709D00F230340042B05D0A5
:108AAC0002230E1DC0E60123CF08C1E60223CF0826
:108ABC00BEE620253000D840EB1A9E4033005D1EE8
:108ACC00AB41034315005E18A0E7002900D165E710
:108ADC004C466746ACE68F1B7B012ED5BF01BF0908
:108AEC00380002F0F9FE3B00053883404C46013556
:108AFC0010E7002E00D140E7002900D141E7802388
:108B0C00DB039F4200D23CE79C4500D339E7674624
:108B1C0037E7002900D134E78023DB039F4200D2E2
:108B2C002FE79C4500D32CE74C46674629E70029E4
:108B3C0000D134E70023CF087AE64C460123FF0826
:108B4C0076E6002F00D129E7FF0871E6FFFFFFFB57
:108B5C00FFFFFF7D80220024FF20D2039DE600232F
:108B6C0066E60023D70863E60120720100D5E7E62C
:108B7C0031000023CF085BE60123C70858E6C04646
:108B8C00F0B546464F46D6464502C0B5C30F470022
:108B9C0098460E1C6D0A3F0E5BD0FF2F21D0802310
:108BAC00ED00DB041D43002399469A467F3F740277
:108BBC007300640A1B0EF60F002B20D0FF2B43D042
:108BCC0080220020E400D20414437F3B4246FF1A6B
:108BDC004B4672400F2B00D99DE071499B00CB583E
:108BEC009F46002D5AD108239946063B74029A469B
:108BFC007300FF27640A1B0EF60F002BDED1002C2E
:108C0C003BD1012342464946724019430E2918D8DC
:108C1C006448890041588F465346022B00D1B8E076
:108C2C00032B6ED042462C00012B40D10020002497
:108C3C00C0052043D2071043E0BCBA46B146A84653
:108C4C00F0BDFF200024F3E7002C20D10223FF3FCE
:108C5C00D8E7002D05D104239946033B00279A46FB
:108C6C00A5E7280002F038FE7627431F9D4000231D
:108C7C007F4299469A463F1A99E7200002F02CFE53
:108C8C00431F9C4076235B421B1A00209EE7032364
:108C9C004A461A4391460320FC3397E70C23994626
:108CAC00093BFF279A4682E703282CD03200380074
:108CBC007F30002847DD630704D00F232340042BAB
:108CCC0000D00434230103D53800374B80301C40CE
:108CDC00FE28B6DCA401640AC0B2A9E780240022F5
:108CEC00FF20E403A4E78023DB031D4201D01C42D8
:108CFC000BD08024E4032C4364024246FF20640A18
:108D0C0096E746462C008023DB031C4364023200AA
:108D1C00FF20640A8CE76D01600185422DD21B2374
:108D2C000024013F0126290064006D00002901DBAD
:108D3C00854201D32D1A3443013B002BF3D16B1E1A
:108D4C009D412C43B3E701231B1A1B2B00DD6DE760
:108D5C0021009E37D940BC400B00611E8C4123433F
:108D6C00590704D00F211940042900D004335901AC
:108D7C0013D49B0100205C0A5AE71A2301242D1AF4
:108D8C00D0E7981E43425841404232000024C0B202
:108D9C004EE74246FF2000244AE70120002447E723
:108DAC001C8B01085C8B0108FFFFFFF770B54200BC
:108DBC004E024C0045026D0A120EC30F760A240EA9
:108DCC00C90FFF2A10D0FF2C0CD00120A2420AD1CF
:108DDC00B54208D18B420FD0002A04D12800431E83
:108DEC00984100E0012070BD0120FF2CFBD13543E0
:108DFC00F9D14B401800F6E70020F4E730B54200FB
:108E0C0044024D02C30F4800640A120E6D0A000E94
:108E1C00C90FFF2A18D0FF280AD0002A1ED100281B
:108E2C000AD1002D29D0002C2DD14800013830BD9D
:108E3C00002D25D1002A01D1002CF6D08B4219D05F
:108E4C0001205B421843F2E7002C19D1FF28F7D11F
:108E5C00002D15D100208B42F2D1E8E70028EFD08D
:108E6C008B42EDD18242EBDC04DBAC42E8D8002033
:108E7C00AC42DCD258000138D9E7002CD7D0DFE760
:108E8C0002204042D3E78B42DAD1EEE730B5420004
:108E9C0044024D02C30F4800640A120E6D0A000E04
:108EAC00C90FFF2A17D0FF280AD0002A1BD100288F
:108EBC000AD1002D1DD0002C2DD14800013811E015
:108ECC00002D0ED1002A01D1002CF6D08B420CD1F2
:108EDC005800013806E0002C03D1FF2805D1002DE5
:108EEC0015D0022030BD002806D101205B4218436A
:108EFC00F8E7002CF6D0F8E78B42F6D18242F4DC8E
:108F0C00E6DBAC42F1D80020AC42EBD2E0E700202B
:108F1C008B42EAD1E6E78B42E7D1F2E7F0B54F4658
:108F2C004646D6464400C0B546020F1C760A240EAF
:108F3C00C50F002C00D1DAE0FF2C74D08023F60092
:108F4C00DB041E43002399469A467F3C7B025B0A56
:108F5C0098467B001B0EFF0F002B74D0FF2B00D10B
:108F6C008EE042468021D200C90411437F3B2A0087
:108F7C00E4184B467A408846D2B20A2B75DC4B4635
:108F8C000020022B0FDD494601238B40A621C9008E
:108F9C000B4269D1902189000B4200D000E188215D
:108FAC00194200D0F5E041460904090C434608007B
:108FBC00350C36041B0C360C704369435E435D4321
:108FCC007618030C9B19994203D9802149028C46CF
:108FDC00654400041904000C09188E01701E8641AA
:108FEC001B0C890E5B190E439B011E431B016CD499
:108FFC0023007F33002B00DCB1E0150071070BD090
:10900C000F2021003040042806D00436320103D54D
:10901C006E4B1E400B008033FE2B00DDBDE0B20119
:10902C00520ADBB248E0002E00D092E008239946A9
:10903C00063B9A467B025B0A98467B00FF241B0E7C
:10904C00FF0F002B8AD14246002A64D149460132D7
:10905C00114389460A2908DC7D400120EAB2022925
:10906C0091DC1500002227E015005346022B00D19D
:10907C0093E0032B1AD0012B2CD1002300221BE0F0
:10908C004346FF34002B55D003214B460B431900AC
:10909C000A2B00DC92E00F2B00D08CE08022D20354
:1090AC00164203D04346134200D17DE08022D20306
:1090BC0032435202520AFF23D805ED0710432843CE
:1090CC00E0BCBA46B146A846F0BD012315007108B4
:1090DC001E400E4323008033611C002B41DD7207C0
:1090EC0094D00F223240042A00D08EE78EE7002E57
:1090FC0005D104239946033B00249A4626E7300009
:10910C0002F0EAFB7624431F9E40002364429946FA
:10911C009A46241A1AE7404602F0DEFB4B46241A04
:10912C00763C0A2BA1DC4346053883407D409846AB
:10913C00EAB224E74A46023313432A007A40D2B2F9
:10914C000A2B92DC49461500002926D099460220AC
:10915C0019E70C239946093BFF249A46F6E61500BD
:10916C0021000122D31A1B2B00DD86E79E31320031
:10917C008E40DA40731E9E413243530704D00F23B6
:10918C001340042B00D00432530110D501230022CC
:10919C0092E73D004646824667E7FF2300228BE7B5
:1091AC0080220025D20386E73D001A4383E7920113
:1091BC000023520A80E73D00464677E72A00012348
:1091CC007A408B400320D2B2E9E6C046FFFFFFF79E
:1091DC00F8B54746CE46430280B55F0A9B09450069
:1091EC004A009C464B02C40FCE0F2D0E580A120E8D
:1091FC009909FF2A6BD001235E40AB1AB4424BD0C5
:10920C00002B00DCFFE0002A00D188E0FF2D00D10C
:10921C00EFE08022D204114301201B2B08DC080054
:10922C002022D840D31A99400B005A1E9341184360
:10923C0063461B1A9C4663465B0100D4CDE0634633
:10924C009F01BF09380002F047FB3B000538834003
:10925C00854200DCA2E0B74A2D1A1A4094465A0700
:10926C0000D1C3E00F221340042B00D1BEE0042335
:10927C009846C44463465B0100D4B7E0681CFE2DDD
:10928C0000D0A5E0FF200022C0051043E4072043D6
:10929C00C0BCB946B046F8BD002B00DCEBE1002A9F
:1092AC0046D0FF2D00D1A4E08022D20411431B2B09
:1092BC0000DCFBE0052398462B00C4446246D7082B
:1092CC00FF2B00D195E07A02520AD8B2DCE72B00D2
:1092DC00FF3B9946002918D101235E40B44200D1CE
:1092EC00CAE04B46002B2DD0002D00D03CE1FF23D3
:1092FC006446002C00D15FE15D1E012B00D174E1AE
:10930C003400FF2B74D02B0003E1B44200D19CE05D
:10931C00002B17D0002DEAD0070034006CE0002998
:10932C00CCD05A1E012B2BD0FF2B62D0130073E72D
:10933C000029C3D05A1E012B00D11EE1FF2B58D09F
:10934C001300B4E7FE226B1C1A420DD1002D60D025
:10935C006346002B00D020E1002900D028E18022B8
:10936C000024FF20D2038FE763465F1A7B0100D5F0
:10937C00FEE0002F00D065E700240020002283E7E8
:10938C006346591A4B0100D419E18F01BF0938000B
:10939C0002F0A2FA3B000538834001252022401B35
:1093AC000130121A19009340C1405A1E93411943BF
:1093BC008C460B1EE1D05B0700D152E10F23002538
:1093CC000B40042B00D052E701204A0100D492E05C
:1093DC00C0B263469A01520A56E763465B0705D052
:1093EC000F2362461340042B00D040E72B0065E7A7
:1093FC000700002F00D145E78022D2033A435202E6
:10940C00FF20520A40E7002B79D1FE226B1C1A4236
:10941C00AAD16346002B00D1F5E0002900D1D1E0A0
:10942C005F1A8023DB041F4200D10EE16246012447
:10943C008A1A944600203440002A00D124E70120E7
:10944C001A42C6D10023D7083DE7002B17D0002DB8
:10945C0000D0AFE0FF236546002D00D1ADE05E1ECD
:10946C00012B00D189E0FF2BC2D01B2E00DCABE01E
:10947C004B1D9C46130021E74B46002B70D1FE225E
:10948C006B1C1A425ED1002D00D0C3E06346002B4A
:10949C0000D1D0E0002900D194E00A0062445301CD
:1094AC0000D4D8E092010120520AEDE608002022F7
:1094BC00D840D31A99400B005A1E934103439C4445
:1094CC0063465B0189D50135FF2D00D1DAE6624692
:1094DC0001231949134052080A401A4313009446B9
:1094EC005B0704D00F231340042B00D0BFE6634668
:1094FC005B0100D5C2E66346DF082B00E3E6531B95
:10950C00002D00D1F4E680206446C0040443A44638
:10951C00340001201B2B09DC20256046D840EB1AB7
:10952C0065469D402B005D1EAB4118430B1A9C46B3
:10953C00150080E6FFFFFFFBFFFFFF7DFE226B1C8B
:10954C001342A3D0FF2B00D19CE6614449084A0783
:10955C0049D00F220A40042A45D00A1D9446ADE694
:10956C00002D00D176E78DE63400FF2000228BE63B
:10957C0063460124CF1A344064E661444B016DD537
:10958C0048084449014043072CD00F230340042BC7
:10959C0028D00B1D9C46022390E6002900D12BE716
:1095AC008023DB039F4200D226E7984200D323E7B7
:1095BC000124344007001FE734008C467EE601236B
:1095CC00CF0880E600237EE620206546801B854080
:1095DC0063462800F340451EA84103439C461500F2
:1095EC008C446DE70223CF086DE60F1B7B0128D559
:1095FC00BF01BF09380002F06FF93B00053883400A
:10960C0034000125CAE6002900D1B5E60124070083
:10961C00344058E66346002B00D1E9E6002900D11E
:10962C00EAE68023DB039F4200D2E5E6984200D3B2
:10963C00E2E60700E0E6002900D19EE60023CF0811
:10964C0041E634000123FF083DE6002F00D193E6EC
:10965C000023FF0837E60023D70834E60123CF08A0
:10966C0031E680220B00D20401201340114200D0BD
:10967C00AEE6CF0827E6002B00D15FE7561B002D86
:10968C0001D13300E7E680236046DB0418438446AF
:10969C00EBE6C046FFFFFF7D41024200C30F490AC3
:1096AC000020120E7E2A03DD9D2A02DD094A98183D
:1096BC007047802000040143952A07DC9620821A0B
:1096CC00D1404842002BF3D10800F1E7963A914083
:1096DC00F7E7C046FFFFFF7F70B5002812D0C31715
:1096EC00C5185D40C40F280002F0F6F89E231B1A23
:1096FC00962B0FDC082838D0083885406D026D0A8F
:10970C00D8B202E0002400200025C0052843E4075D
:10971C00204370BD992B14DC421F95402A0015493B
:10972C00114055071CD00F252A40042A18D00431AB
:10973C00CA08490115D59F235202181A550AC0B2FE
:10974C00E3E705222900121AD14002001B32954092
:10975C002A00551EAA410A43064911405507E2D179
:10976C00CA085202550AD8B2CFE76D026D0A8E3084
:10977C00CBE7C046FFFFFFFB10B5041E0DD002F077
:10978C00ABF89E231B1A962B0CDC082834D0083817
:10979C0084406402640AD8B201E000200024C005B1
:1097AC00204310BD992B13DC421F9440144A2240D5
:1097BC0061071CD00F212140042918D00432D40891
:1097CC00520115D59F236402181A640AC0B2E6E749
:1097DC00020021001B3291400A00511E8A410521D2
:1097EC00091ACC401443064A22406107E2D1D4083E
:1097FC006402640AD8B2D2E76402640A8E30CEE7FF
:10980C00FFFFFFFBF0B54F464646D646C0B582B0CB
:10981C00009001910E034C00CD0F710A009E5F0069
:10982C00760F0E43009900920193C90089461903E3
:10983C007B0D9846019B490ADB0F9C46009B009AC6
:10984C005B0F0B434146640DD200611A654500D194
:10985C00A6E0002972DD4746002F00D1DDE0CC4F99
:10986C00BC4200D19AE10127382917DC80273F043C
:10987C003B431F2900DDDDE12027781A1F008740BC
:10988C00BA461700CF408446380057460743604617
:10989C008240CB40501E8241F61A17434B46DF1BC9
:1098AC00B94580414042361A330200D4FFE07602BB
:1098BC00760A002E00D13CE1300002F00DF80300D6
:1098CC00083B20213800CA1AD0409E4002009F401D
:1098DC0032439C4200DDA6E1181B0130091A3E0000
:1098EC008F40C6407B1E9F4113008B4037431F4364
:1098FC00C2403B0016000024134300D1DFE17B077C
:10990C0000D132E30F233A003B40042B04D03A1D24
:10991C00BA42BF417F42F619330200D423E39C4B79
:10992C0001349C4200D1B4E09A4B64051E40640D96
:10993C007707D20876021743360BACE0002900D12A
:10994C007EE04146091B002C00D060E13400484603
:10995C00044300D1C9E14C1E012900D12EE28C4DEB
:10996C00A94200D124E20127382C11DC21001F2947
:10997C0000DD0BE2202437004846641AA740C8409B
:10998C0007434846A040CE40441EA0419B1B0743C2
:10999C00D71BBA4292415242654644469E1A83E70F
:1099AC00002900DC9CE04746002F67D11F001743BD
:1099BC0000D1E4E0481E012900D19BE1744FB9426B
:1099CC0000D1EBE001270100382811DC1F2900DD54
:1099DC00C7E12027781A1F00844687401000C84032
:1099EC00074360468240CB40501E8241F618174315
:1099FC004F444F45804140423618330257D5644B93
:109A0C0001349C4245D00121624B7A081E403940FA
:109A1C000A43F7071743760871E71F00174300D175
:109A2C00ADE04F1EBC46012900D182E1584FB9422E
:109A3C0000D190E161460127382900DD2EE718E7B7
:109A4C00554F611C394200D0D0E0310048461F0010
:109A5C0001431743002C00D03DE1002900D1BCE1AB
:109A6C00002F00D0BFE14B460021D80877070743F1
:109A7C00F00806034C05360B640D0CE0444FBC4259
:109A8C0000D18BE001273829B2DC80273F043B430F
:109A9C009CE70026002724053443ED072C433800AF
:109AAC00210002B0E0BCBA46B146A846F0BD7B0727
:109ABC0004D00F233B40042B00D028E7F808344B8C
:109ACC0077070743F0089C4200D04AE23B0003436F
:109ADC0059D080263603064336032D4C360BDAE775
:109AEC00002961D04146091B002C00D1B9E0284C5B
:109AFC00A04500D1A5E10127382913DC80242404DA
:109B0C0026431F2900DDC8E1202437004846641A8B
:109B1C00A740C84007434846A040CE40441EA04141
:109B2C009B190743BF189742924152424446D6189C
:109B3C0063E7380001F0D0FE030018331F2B00DC64
:109B4C00BFE63A00083882409C4200DD83E01B1BD4
:109B5C00581C1F2800DCB4E117001F3BDF402028F5
:109B6C0005D040231B1A9A40531E9A4117430024D8
:109B7C00002F0AD07B0700D0C4E626009EE74B4698
:109B8C000C00D8089BE70027014C002683E7C04651
:109B9C00FF070000FFFF7FFFFE0700004B46770723
:109BAC00D8080743F00891E7CD4F611C39426BD1BF
:109BBC00310048460143002C00D04BE11F001743F5
:109BCC00002900D181E1002F00D14CE74A444A45DD
:109BDC008041F61840423618330200D5B0E1170028
:109BEC009146374300D03EE7002654E74946891A90
:109BFC008846C145BF41F11A7F42C91B0F0261D48F
:109C0C0047460F4300D1BDE00E00474651E6B54C28
:109C1C00A04500D100E10127382900DDB8E68024F9
:109C2C0024042643A3E6B04EE41A16407B0700D06A
:109C3C003FE743E70F001800203FF84084462029F7
:109C4C0003D04027791A8B401A43531E9A4163461E
:109C5C0017001F4322E6A448E11A10404707C0082A
:109C6C0007E734004846044300D1FAE04C1E0129B2
:109C7C0000D1D7E09B4FB94200D1E2E00127382C4C
:109C8C0000DD4FE721003CE7964CA14200D1DDE01E
:109C9C004A444A458041F31840421818C7075208F5
:109CAC0017434608520705D00F220C003A40042AED
:109CBC0000D02CE67607FF0837430009D9E60027C9
:109CCC000026E8E64946571ABA4292419E1B524278
:109CDC006546B61AEDE5002900D0C6E0002F67D125
:109CEC00802600257F4C3603D5E665460C001E0009
:109CFC00D008E4E64A444A458041F318404218181B
:109D0C001100030200D496E0774B49081840C307B2
:109D1C000B434408490700D129E10F221A40042AB9
:109D2C0000D1EAE01F1D9F42B6417642361902244B
:109D3C00C4E649468F1AB9458041F61A4042361A94
:109D4C00330206D47307FF0801211F43F00890E685
:109D5C0065460124ABE54B467707D8080743F00866
:109D6C00B4E60F001800203FF8408446202903D0A9
:109D7C004027791A8B401A43531E9A4163461700A9
:109D8C001F4335E600250024002684E60C00350030
:109D9C00203CE540202905D04024611A8E404946DC
:109DAC00314389464846411E884107002F43EFE561
:109DBC00D2085F0765461743D80887E6171ABA42D8
:109DCC0092419E1B5242B61A3302C1D47307FF084C
:109DDC00654601211F43F0084BE6002F7BD06546FA
:109DEC001E0091463FE6811A8846C145A441F11AEE
:109DFC006442091B80242404214277D0101A824229
:109E0C00924107009E1B5242B61A374300D0A0E085
:109E1C006546002400263EE65F07D20865461743D8
:109E2C00D80853E6811891429241F018524280189A
:109E3C00030200D568E74707C9080F43C008012192
:109E4C0017E6D2085F071743D8083FE60C00002638
:109E5C00002720E6002956D15F07D2081743D808FF
:109E6C0034E60C001E00D00829E6C1087007014337
:109E7C00F008002F62D080242403204207D0DE0893
:109E8C00264204D165463000D1085B0719434F0FB9
:109E9C00C900C9087F070F4318E60C003000203CAE
:109EAC00E0408446202905D04024611A8E40494662
:109EBC00314389464846411E8841614607000F439D
:109ECC0030E620210027091A0EE51E00002F00D0D5
:109EDC0022E5002458E7002500240026DBE5C046D7
:109EEC00FE070000FF070000FFFF7FFF47460F4300
:109EFC0000D147E70E00C146B5E5DF086407022133
:109F0C0027430009B5E51900C0087707074311433B
:109F1C00F008002900D1D9E580210903084207D0B7
:109F2C00DC080C4204D1D2085B071A43170020004E
:109F3C007B0FFF00FF085B071F43C7E50F00C5E55C
:109F4C00124BD20833405F075B02012417431E0BF0
:109F5C00A1E5264212D00D4B6546020001241E409D
:109F6C00E6E4210085E51700A8E53A00D4E4DB0817
:109F7C0064071C432700022100097AE5C008770713
:109F8C00074365460021F00873E5C046FFFF7FFFDD
:109F9C00F0B5DE46454657464E46E0B587B00092D2
:109FAC0001930B031B0B9B46CA0F4B00040080460E
:109FBC005B0D029200D198E07C4A934237D059460F
:109FCC00420FC9000A43802109041143C200904684
:109FDC00774A894692469A44002300240393009EB4
:109FEC00019F3B031B0B9B467B0030005B0DFD0F61
:109FFC00002B59D06D4A934248D05946720FC90074
:10A00C000A438021090411438B466949F2008C46AE
:10A01C0051466344CB1A9A460021029E6E40F6B21A
:10A02C000F2C00D9CEE0634BA4001B599F465A4617
:10A03C000243914600D090E09A46022390460824B1
:10A04C000393CCE7CB464246029D0399022900D1EB
:10A05C00DEE1032900D18DE0012900D079E12E0049
:10A06C0000220023002490461B052343F6073343AC
:10A07C004046190007B0F0BCBB46B246A946A04604
:10A08C00F0BD002200249046484BEDE75A46009B59
:10A09C001A43494B9C46E244002A59D102231C43E3
:10A0AC00002302219B46B8E75A46009B1A4349D02D
:10A0BC005B46002B00D19CE1584601F00DFC0200E0
:10A0CC0003000B3A1D27009EBA1A19005846D640B9
:10A0DC0008398840320002439346009A8A40374937
:10A0EC0053448A4600219A4497E75B4603439946BA
:10A0FC0021D05B46002B00D169E1584601F0ECFB06
:10A10C000B235B429C460200844466461D239B1B2A
:10A11C00260011005846DE400839884033000343BE
:10A12C00994623008B409846254B00249B1A9A464F
:10A13C000023039353E7002398469A4601330424E3
:10A14C0003934CE701231C43002301219B4664E746
:10A15C000323320003211C435FE79A460323D946AD
:10A16C000C2403933BE700238024984600260F4BD6
:10A17C00240379E780245B4624031C4324032E002C
:10A18C0090460A4B240B6FE780244B462403234252
:10A19C0002D05B462342F0D080244B4624031C4360
:10A1AC002403029E014B240B5EE7C046FF07000010
:10A1BC0001FCFFFF988B010801F8FFFFF30300007F
:10A1CC000DFCFFFFCB4500D2F8E000D1F3E00123FA
:10A1DC005B429C46444648460025E2445B46170ECB
:10A1EC001B021F43190C3B04120200971F0C9146D3
:10A1FC0002910397FEF71AF802007A430B04210C24
:10A20C00804619438A4209D9009F0123BC465B4210
:10A21C0061449C46E0448F4200D85CE1881A029964
:10A22C00FEF704F8039A240442430904240C0300A7
:10A23C000C43A24206D90099013B8C466444A142CE
:10A24C0000D842E1A01A424612041A4393464B46E8
:10A25C0059461B0C1F0004930B0449460904090CB6
:10A26C000C001B0C5C43120C7B43884651437A4315
:10A27C00270CBC465B186344994203D980214902E0
:10A28C008C466244190C24041B04240C8A181C19D7
:10A29C00904202D316D1A54214D25B46009F013BDB
:10A2AC004D4405934D459B41BC465B426344C018ED
:10A2BC00874200D302E1824200D929E100D124E196
:10A2CC00059B9B462C1BA542AD41009B801A6D4201
:10A2DC00401B834200D10FE10299FDF7A7FF039ABF
:10A2EC000B044243210C050019438A4200D9CBE0F0
:10A2FC00881A0299FDF79AFF039A24044243090431
:10A30C00240C03000C43A24200D9CAE04146A41A13
:10A31C002A041A43049F13041B0C594340467B43E5
:10A32C009C46150C68430B0C844463447D43984253
:10A33C0003D98020400284466544180C09041B0490
:10A34C00090C40195B18844227D323D00123350014
:10A35C001A43944B5344002B60DD510700D086E028
:10A36C002E00D1085A46D20106D55A468E4B1A40B9
:10A37C0080239346DB0053448C4A934200DD80E6F5
:10A38C005A4652070A4390465A465B055402240B20
:10A39C005B0D69E63500002BDBD0009D511EAC46F1
:10A3AC006444AC4200D29EE0844200D2E1E000D191
:10A3BC00EEE00A00CAE7424500D908E74B46DC0745
:10A3CC00580843465B081C434346DD0706E701F08B
:10A3DC0083FA15239C4684440200634620321C2BCE
:10A3EC0000DC92E623000838834099460023984607
:10A3FC009AE601F071FA02000300153220331C2A90
:10A40C0000DC5FE600990838814000228B4666E646
:10A41C0000222E0000249046654B25E62E000121DB
:10A42C00C91A382900DD1BE61F297EDC614814009F
:10A43C0050445B4682408340CC40501E82412343B3
:10A44C001A435B46CB40510709D00F211140042918
:10A45C0005D0111D9142924152429B180A001902DB
:10A46C0000D49BE00022012300249046FCE50F2140
:10A47C001140042900D173E7111D914292415242BF
:10A48C002E00C90893446DE7009B013D9C46614436
:10A49C008B4200D92CE78A4200D829E7851E6144FB
:10A4AC0026E70099013B8C466444A14200D92DE774
:10A4BC00A24200D82AE7831E644427E7874200D0D3
:10A4CC00FEE6A94500D9FBE6F5E6A24200D8B9E6BE
:10A4DC00831E6444B6E68A4200D89FE6BC46831EBF
:10A4EC00984661449AE60A00844200D02EE74B4518
:10A4FC0000D02BE735002CE72A4B2F4A53449245CA
:10A50C0043DB0122002193442CE7AC4200D8D7E670
:10A51C0002235B429C4600994D444D459B41E344CC
:10A52C008C465B426344C018CCE61F204042C31AE1
:10A53C005846D840202904D05946204B53449940C2
:10A54C000A43531E9A410723190002430024114069
:10A55C00134209D008331340042B1DD0131D934212
:10A56C0089411A0049424907D2080A439046002300
:10A57C007AE54946009F4D004D458941BC4649420C
:10A58C006144A946023A6418AEE70122524246E7FA
:10A59C009945EED30A00AAE70021E5E759075B02CB
:10A5AC001C0BE1E7FF030000FFFFFFFEFE070000AE
:10A5BC00FF0700001E04000002FCFFFF3E04000029
:10A5CC00F0B55746DE464E464546E0B50D00040054
:10A5DC00E80F83460903D80F090B824619488C46AD
:10A5EC001F0369005E00490D3F0B760D814218D0A8
:10A5FC0086420FD00120B1420DD1BC450BD1944203
:10A60C0009D1D3451CD0002905D160462043431EF7
:10A61C00984100E00120F0BCBB46B246A946A046DA
:10A62C00F0BD01208E42F6D1614639430F0017432D
:10A63C002743F0D15B465246981A431E9841EAE7ED
:10A64C000020E8E7FF070000F0B557464E464546A8
:10A65C00DE46E0B50D000E034900490D8A46DF0FBA
:10A66C00E90FBC4683B02F4F04008046019158007F
:10A67C0019039146360B090B400DBA451DD0B84253
:10A68C000DD05746002F2AD13443002824D10A4339
:10A69C0036D0002C41D163465800013815E01143E7
:10A6AC0038D15346002B01D12643F4D0019B63458E
:10A6BC0007D1019B5800013807E026432AD15045A9
:10A6CC0021D00120019B5F42384303B0F0BCBB4654
:10A6DC00B246A946A046F0BD002CDCD0E6E7002827
:10A6EC00EFD0019B6345ECD18245EADCE1DB8E4285
:10A6FC00E7D8DED1C845E4D80020C845E5D2D8E774
:10A70C00002CE2D0DDE7114304D1019B6345D8D185
:10A71C000020DAE702204042D7E7019B6345E6D0F0
:10A72C00CFE7C046FF070000F0B557464E464546FA
:10A73C00DE46E0B50D000E034900490D8A46DF0FD9
:10A74C00E90FBC4683B02E4F04008046019158009F
:10A75C0019039146360B090B400DBA451ED0B84271
:10A76C000DD05746002F27D13443002833D10A434C
:10A77C0034D0002C40D163465800013815E0114309
:10A78C0012D15346002B01D12643F4D0019B6345D3
:10A79C001DD00120019B5F42384306E0264303D1C4
:10A7AC005045F6D111431CD0022003B0F0BCBB467F
:10A7BC00B246A946A046F0BD0028EAD0019B6345ED
:10A7CC00E7D18245E5DC02DB8E42E2D80ED0019B5C
:10A7DC0058000138E9E7002CCDD0D7E7002CE4D0A5
:10A7EC00D7E7019B00206345DFD0D2E7C845D0D81E
:10A7FC000020C845D9D2EAE7019B6345E4D0C8E7FD
:10A80C00FF070000F0B557464E46DE464546E0B51C
:10A81C001F000B031B0B16009A46CA0F4B000400BB
:10A82C00914685B05B0D00D1CFE1CD4A934255D016
:10A83C005146420FC9000A43802109041143C2004A
:10A84C009046C84A8A4693469B44002300250293AF
:10A85C003C037B00FA0F0196240B5B0D009200D198
:10A86C0088E1BF4A934200D192E0BE4A94466344C9
:10A87C009B440A2D42DCE400730F23438024494699
:10A88C0024041C43F3000193009B00205940CBB2DD
:10A89C000393022D00DC94E00123AB401D00A623A2
:10A8AC002A00DB001A401D4200D029E290239B00B5
:10A8BC001D4200D14DE20023802499462403A84B6D
:10A8CC0010004A461B052343D2071343190005B059
:10A8DC00F0BCBB46B246A946A046F0BD5246024368
:10A8EC00904600D0ACE19B46022392460825029389
:10A8FC00AEE7009BA2469946019B9846029B022B11
:10A90C0000D1CAE1032B00D192E1012B10D100231D
:10A91C0000240022D4E701227B083A40134352461C
:10A92C00D2071343984653465B089A46039B9946B5
:10A93C005B46581C8023DB005B44002B00DCB1E140
:10A94C00424652070BD00F2241460A40042A06D039
:10A95C004246111D4145924188465242924452460C
:10A96C00D20106D55246804B1A4080239246DB001A
:10A97C00C3187E4A934200DD8FE14246D10852460D
:10A98C0052070A4351465B054C02240B5B0D97E7BB
:10A99C00734B26439C46E344002E00D16FE1032306
:10A9AC0049461D43009B5940CBB203930A2D00DD51
:10A9BC0033E10123AB401D000323029388222A427A
:10A9CC0097D1424643461204120C160001981D0CF6
:10A9DC00030C0004000C4643B4461E006E43009664
:10A9EC00160007005E436146B0466F430E0CB84438
:10A9FC004644B74205D9802149028846009F474406
:10AA0C00009761460904090C370C36048C4631005A
:10AA1C00614401911100260C2404240C61438C46E2
:10AA2C002100694389466146090C884672434A44B1
:10AA3C0042447543914503D98021490288464544D7
:10AA4C00110C884661460904090C8C4612046244B8
:10AA5C00B91802915146090C8C4651460F043F0C13
:10AA6C003900414345448846614641438A46414644
:10AA7C006046090C894658437B4353444B449A45E2
:10AA8C0003D98021490289464844190C894641461C
:10AA9C000904090C8846390061431B044344884669
:10AAAC0061464C4371438C46414677430E0C3F192B
:10AABC00F6194844B44203D9802149028946CC4452
:10AACC000299009F894631044F448946414697427A
:10AADC0092410C04240C4C44FF1852426419A118E6
:10AAEC009F429B41884682465B42994690459241E3
:10AAFC00AC42A441C244D1445242644214439945ED
:10AB0C009B41824592415B42524213434A46360C6A
:10AB1C00A419E31863445B02D20D1A4301999246BF
:10AB2C007A020A43501E8241FF0D17434A465202D5
:10AB3C001743B846DB0100D5EDE60D4B039A5B4499
:10AB4C009146002B00DCACE03A00520700D110E734
:10AB5C000F2258463A40042A00D0F9E609E7C046CD
:10AB6C00FF07000001FCFFFFFFFFFFFEFE070000D8
:10AB7C00FF030000220032436FD0002C00D1C2E052
:10AB8C00200000F0A9FE020003000B3A1D20821ADF
:10AB9C0030001900D04008398C40020022433400A8
:10ABAC008C405946CB1A86498B469B440A2D00DDB6
:10ABBC00A4E64946009B01945940CBB214000020F6
:10ABCC000393022D00DD67E6FBE6534603439846EC
:10ABDC003CD05346002B00D1A3E0504600F07CFE45
:10ABEC000B235B429C4602008444110050460839FA
:10ABFC0088401D23804660461B1A2000D840030065
:10AC0C00404603439A4623008B4098466C4B0025E4
:10AC1C009B1A9B46002302931AE60F2D00D0C9E025
:10AC2C00802352461B031A4202D01C4200D192E0F0
:10AC3C008024534624031C4324034246240B3EE643
:10AC4C009B46032380460C25029301E600239A467B
:10AC5C009B46013304250293FAE501210D430A2D8D
:10AC6C0000DD4BE6494600984140C9B20391022DE4
:10AC7C0000DC96E000230024012001930CE64946F9
:10AC8C000223009A2B435140CAB203920A2B00DDD7
:10AC9C0034E6002D57D1039B994600240022494BE2
:10ACAC000EE658460121C91A382900DD2FE61F2966
:10ACBC0056DD1F2254465242D31ADC40202907D0BD
:10ACCC00414B42469C465346604483401A4390464F
:10ACDC0042460721531E9A410B0022431340002485
:10ACEC00114209D00F231340042B5DD0111D91424A
:10ACFC009B410A005B425B07D2081A430023DFE545
:10AD0C00039B9946FAE5019800F0E6FD020003006A
:10AD1C00153220331C2A00DC38E7019A08388240AF
:10AD2C003FE700F0D9FD15239C468444020063469E
:10AD3C0020321C2B00DC58E70023984623000838EF
:10AD4C0083409A4662E71D000023002402200193F1
:10AD5C00A2E5029032E61C43009B019A9946AEE5AF
:10AD6C001A4B5246C31840469A40C84002434046CC
:10AD7C0098400300581E834154461A43CC40530755
:10AD8C0009D00F231340042B05D0131D934292417D
:10AD9C005242A4181A00230208D5012300240022D1
:10ADAC008EE5894600248BE50023A5E76307640242
:10ADBC00240BA1E7009BA2469946019B984637E7D6
:10ADCC000DFCFFFFFF0700003E0400001E04000006
:10ADDC00F0B557464E464546DE46E0B583B000908A
:10ADEC0001910C034D00CE0F610A009C5F00640FB3
:10ADFC000C43009900920193C80019037B0D9946EE
:10AE0C00019BCC4FDB0F9C464B0A00998046490FA7
:10AE1C001943009B8B46DA0092466D0DB94500D163
:10AE2C00BFE00123614659404B468C46EB1A8E42DB
:10AE3C0075D0002B00DCA3E24946002900D1CEE0FE
:10AE4C00BD4200D100E20127382B19DC802759467E
:10AE5C003F0439438B461F2B00DDFAE12027F91AFA
:10AE6C008C4659466746B9400F001100D9400F4334
:10AE7C0061468A40511E8A415946D9401743641A8B
:10AE8C00C71BB84280414042241A230200D440E13F
:10AE9C006402640A002C00D154E1200000F01CFD77
:10AEAC000300083B20213800CA1AD0409C40020005
:10AEBC009F4022439D4200DDA6E1581B0130091A38
:10AECC003C008F40C4407B1E9F4113008B402743A6
:10AEDC001F43C2403B0014000025134300D1F7E18F
:10AEEC007B0700D177E30F2338003B40042B04D0C1
:10AEFC00381DB842BF417F42E419230200D468E3F5
:10AF0C008C4B01359D4200D1F4E08B4B6D051C4000
:10AF1C006D0D6707C00864020743240BECE0002B9F
:10AF2C0000DC29E34946002900D0D6E059461143FC
:10AF3C0000D12EE1591E012B00D1E6E1BB4200D11C
:10AF4C0082E101270B00382914DC1F2B00DD3CE2C9
:10AF5C002027F91A8C4659466746B9400F00110054
:10AF6C00D9400F4361468A40511E8A415946D94007
:10AF7C00174364183F18874280414042241823022B
:10AF8C0000D4C6E06B4B01359D4200D1B2E00121EB
:10AF9C00694B7A081C4039400A43E7071743640899
:10AFAC009EE7664B11438A46EB18002928D066456C
:10AFBC002CD0002B5BD0002D00D12CE15B466646DB
:10AFCC005F07D2081743DD083B002B4300D1E2E0BA
:10AFDC00802424032C432403564D240B8CE0594627
:10AFEC00114300D1D5E0591E012B00D1B9E1BB4270
:10AFFC0000D1B1E101270B00382900DD40E72AE739
:10B00C006146012779408C466645D2D1002B00D190
:10B01C00C5E0002D00D055E14B462500054300D17D
:10B02C0012E2591E8C46012B00D149E2414DAB4234
:10B03C0000D18FE20127382911DC63461F2B00DD7C
:10B04C005BE26146202327005B1A050098409F4075
:10B05C00CD40431E9841CC402F430743A344BF1817
:10B06C009742924152425A4414004D4687E7344F5E
:10B07C006B1C3B4200D0B6E05946230011430F0035
:10B08C000343002D00D026E1002B00D1C0E10029A4
:10B09C0000D1A1E0831A98465B464045AD41E31AC6
:10B0AC006D425B1B80252D042B4200D14BE15B468E
:10B0BC00101A824292411C1B070001266346524221
:10B0CC00A41A27431E40002F00D142E12C4200D18C
:10B0DC006DE2194B01251C401BE7BD4200D13BE141
:10B0EC000127382B00DD45E7802759463F043943BB
:10B0FC008B462AE7002400272D052543F607354308
:10B10C003800290003B0F0BCBB46B246A946A046A5
:10B11C00F0BD7B0704D00F233B40042B00D0E7E6A7
:10B12C002B00F808034A67070743E508934200D150
:10B13C004AE7A5E0FF070000FFFF7FFF01F8FFFFD4
:10B14C00FE070000380000F0C7FB030018331F2B6C
:10B15C0000DCA7E63A00083882409D4200DD8AE018
:10B16C005B1B581C1F2800DCD8E117001F3BDF407D
:10B17C00202805D040231B1A9A40531E9A4117438E
:10B18C000025002F00D1E5E07B0700D0ABE62C00BA
:10B19C00C6E7C008C6E700270024D14DACE7D14F65
:10B1AC006B1C3B4271D123000343002D00D04EE1B8
:10B1BC005746002B00D1B5E1002F0DD083188342E8
:10B1CC0080415C4440422418220200D5C8E11F0093
:10B1DC009846274300D1BCE043466707DB081F4372
:10B1EC00E50800234CE0831A98465B464045BF4176
:10B1FC00E31A7F42DB1B1F027CD447461F4300D15E
:10B20C00A6E01C00474645E6B74CED1A14407B07F8
:10B21C0000D080E784E74B462500054366D05F1ECF
:10B22C00012B00D1FCE0AE4DAB4200D15EE1664695
:10B23C00382F00DCB4E00120171ABA4292415B4669
:10B24C0052424D469C1A20E66707C0080743E508A2
:10B25C00BAE61F005946203FF9400F00202B05D0BD
:10B26C004021CB1A594699400A43924653465A1EDE
:10B27C0093411F4304E6EB1A9B4D15406F07ED08F5
:10B28C002C035D05240B6D0D36E7954DAB4200D1BB
:10B29C00D6E082182100824280415944404208186D
:10B2AC00C707520817434408520700D485E10F2200
:10B2BC001D003A40042A00D01AE6FF086407274311
:10B2CC000509DDE75B46D2085F071743DD087BE61F
:10B2DC000027002410E7002B00D0D6E0002900D076
:10B2EC002FE1802400267E4D240305E766465C464C
:10B2FC00D00817E75B46171ABA4292411C1B01266D
:10B30C0063465242A41A1E40C4E58318834280410E
:10B31C005C44404225182A0200D4DAE0724A5B08E9
:10B32C001540EA071A4369085B0700D44AE10F236A
:10B33C001340042B00D1FCE0171D9742A44164423A
:10B34C0002256418ECE647461C001F4300D043E777
:10B35C00002600250024CFE6C00867070743E50850
:10B36C0032E6871A5B46B8428041E41A4042241AFE
:10B37C00230228D46307FF081F43E50801237FE756
:10B38C00002B00D173E64B465F1B3B00002D00D118
:10B39C0042E7382F00DDECE080230E001B041C4339
:10B3AC001F2F25DC20252300ED1B0100A840AB40FE
:10B3BC00F940451EA8410B43FC4018435B461B1B40
:10B3CC009B4639E76646012562E51F005946203F3A
:10B3DC00F9408C46202B05D040275946FB1A994042
:10B3EC000A43924657467B1E9F4163461F43C1E565
:10B3FC003B002500203BDD40202F04D04023DB1BED
:10B40C009C40204380464046431E9841284313E706
:10B41C0000299DD0012663465C4690461E40DBE623
:10B42C00171A5B46BA4292411C1B5242A41A2302C1
:10B43C00C8D46307FF081F4366460123E5081FE7CE
:10B44C001D000024002757E65C46D0086AE6002B56
:10B45C0000D137E75346C00867070743E508002BC0
:10B46C0000D1B1E580231B031D4208D05946C80802
:10B47C00184204D1D20849070A43170005007B0F74
:10B48C00FF00FF085B071F439EE5C00863071843D6
:10B49C00E508002953D080231B031D420AD05946CE
:10B4AC00CC081C4206D1012663462500D00849076A
:10B4BC0008431E40470FC000C0087F07074383E5C1
:10B4CC008318934292415C445242A5182A0200D53B
:10B4DC0024E76F07DB081F43ED080123D0E6C046C5
:10B4EC00FF070000FE070000FFFF7FFF5B46D2084E
:10B4FC005F0766461743DD0866E52500203BDD4007
:10B50C006346202B05D0402361465B1A9C402043A8
:10B51C00804647467B1E9F412F43A0E520210027F4
:10B52C00091AD2E4002F00D113E75C46170000255E
:10B53C00F6E5D708490702230F432D09A0E60700BB
:10B54C0042E55B4601265F07DD086346D2081743D8
:10B55C001E4039E55B46D2085F071743DD0833E52B
:10B56C001E4ADB0822405707520201251F43140BC9
:10B57C00C2E50E0001205FE6002B0DD04B465B1B95
:10B58C009C46002D00D148E50127382B00DD66E5EF
:10B59C0080231B041C4350E56B1C114D2B4200D027
:10B5AC0073E65946230011438A46034300E66707B6
:10B5BC00C00800230743E50862E66407FF08274339
:10B5CC0005095DE6D208490711430F0002232D0936
:10B5DC0056E60700A4E538008FE4C046FFFF7FFF66
:10B5EC00FE070000F0B5C6461E03360BB0460D4EE6
:10B5FC000C034D005F0000B5240B6D0D7F0DB542A3
:10B60C000BD0084900208F4204D146461643300027
:10B61C00431E984180BCB846F0BD04430120002C69
:10B62C00F8D1EEE7FF0700000B00020070B5164DD5
:10B63C000C0382B04900002000920193240B490DA9
:10B64C00DE0FA94204DD1148814203DD104BF018D6
:10B65C0002B070BD8020400320430E4C641A1F2C96
:10B66C0008DD0D4B5B1AD84003005842002EEFD179
:10B67C001800EDE7094B009A9C46030061448B408F
:10B68C00E2401343F1E7C046FE0300001D04000036
:10B69C00FFFFFF7F3304000013040000EDFBFFFFEE
:10B6AC0070B5002816D0C317C5185D40C40F28000C
:10B6BC0000F012F9104B1B1A5B055B0D0A2814DC09
:10B6CC0002002E00153296400B22121AD5402D0383
:10B6DC002D0B03E000240023002500261B052B4323
:10B6EC00E40723433000190070BD0B3885402D034F
:10B6FC0000262D0BF2E7C0461E04000010B5041EF8
:10B70C0010D000F0E9F80E4B1B1A5B055B0D0A28F4
:10B71C000FDC0B222100121AD14015300A03844091
:10B72C00120B01E0002300221B051343200019001B
:10B73C0010BD22000B38824012030024120BF3E7D9
:10B74C001E04000070B542024300C40FFE201B0E05
:10B75C00591C550A08420CD0E02189008C466D0713
:10B76C00120B63441B051343E40723432800190001
:10B77C0070BD002B14D1002D1BD0280000F0ACF8AC
:10B78C000A281CDC0B232A001B1ADA400300153391
:10B79C009D400E4B12031B1A5B05120B5B0DE1E770
:10B7AC00002D09D0130B802212031A436D07084B8E
:10B7BC00D8E700230022D5E70022054BD2E703008F
:10B7CC002A000B3B9A400025E3E7C04689030000A2
:10B7DC00FF070000F0B54B000F035B0D3A4C450F13
:10B7EC0083B07F0A5E1C2F4300900191CA0FC500E5
:10B7FC0026420BD035495C18FE2C13DDFF200023AC
:10B80C00C0051843D207104303B0F0BD3D43002BD5
:10B81C0001D10020F4E7002DF0D08023DB03FF20C2
:10B82C003B43EDE7002C0CDD009BFF009B01581EF9
:10B83C008341690F3B430B43590727D1DB08E0B227
:10B84C00DEE72100173131DB80211E20090439434A
:10B85C00001B1F282DDD02267642341B0E00E6400D
:10B86C003400202804D01A488446634499400D4380
:10B87C002B00591E8B412343590703D00F2119402C
:10B88C0004290BD19B0100205B0AB9E70F21194059
:10B89C00042904D19B015B0AE0B2B1E70024043314
:10B8AC005901F7D501340023E0B2A9E700200023A9
:10B8BC00A6E7084C1C192B00A540C340A140681EEC
:10B8CC00854129430B43D7E7FE07000080FCFFFFAF
:10B8DC00A2FCFFFF82FCFFFF1C2101231B049842EA
:10B8EC0001D3000C10391B0A984201D3000A083905
:10B8FC001B09984201D30009043902A2105C4018BC
:10B90C007047C0460403020201010101000000005F
:10B91C000000000010B5002903D1FFF7DDFF203037
:10B92C0002E00800FFF7D8FF10BDC04682B073B527
:10B93C006C460091079321000300626060C960C3EC
:10B94C0007AA60CA60C313001500103006CB06C0EE
:10B95C0001220098616803F07DF969680122099859
:10B96C0003F078F973BC08BC02B0184737B5040073
:10B97C0003F07EFDA068A38902691342FCD0016923
:10B98C000A001A401942FAD101AD2068616803F02F
:10B99C0061F929000122032003F09CFC03CC012255
:10B9AC0003F058F903F062FD28786B7800041B0251
:10B9BC001843AB7818433EBDF0B5094985B0094B27
:10B9CC0001ACC0CBC0C40B004968074A00911B688E
:10B9DC00064811685268FFF7A9FF05B0F0BDC046D4
:10B9EC00540000204C0000203C000020D402002019
:10B9FC0010B50348FFF7BAFF80231B04584010BD55
:10BA0C00D402002010B50548FFF7B0FF80231B04BB
:10BA1C005840984201DA024B181A10BDD40200208B
:10BA2C00FFFF7F0070B504250024FFF7E1FF013D07
:10BA3C002418002DF9D10723E01718400019C01065
:10BA4C0070BD0000F0B504000525002699B00392E6
:10BA5C000F0048227C4906A804930BF04CFD631F91
:10BA6C0001937A4B02937A4B0593019BAB4257DCC3
:10BA7C0000221E9B1E80774B1A70774A1278029216
:10BA8C00764A964200D874E001251D70714B744AB9
:10BA9C001B782C000192002B1ED0029B714E002BA8
:10BAAC0000D1A0E0704B1B78002B00D19BE06F4BBA
:10BABC001B78002B00D196E06D4B7C1E1C60012284
:10BACC00694B1A70974201D16A4B1F70FA22338866
:10BADC0092009B189BB233805F4B1B78002B0CD0D1
:10BAEC00614B1B78002B08D0604B1B78002B04D0CB
:10BAFC005F4B1B68AB4200DA1C00019B1B78002BD0
:10BB0C0009D05D4B1B78002B05D15C4B039AD35CA1
:10BB1C00A34200DC5C1E201E00DC012019B0F0BD2D
:10BB2C00029B6A00985AFFF7BBFD0022544BFFF7AB
:10BB3C004FF9FFF779FDC317C4185C40059B6A00E9
:10BB4C00985AFFF7ADFD00224D4BFFF741F9FFF777
:10BB5C006BFDC317C018584082B2231CA4B2944288
:10BB6C0000D2031C9AB2B24200D2331C9EB20135F1
:10BB7C007BE7029B002B04D001223C4B1A703C4B00
:10BB8C001F60092301937B1E06ACDB00E3180593B1
:10BB9C00019D30006B1E0193FFF782FD226C636CDC
:10BBAC00FEF730FE059B083C1A685B68FEF7F0F95F
:10BBBC00344A354BFCF740FC002803D1019B002B89
:10BBCC00E6D10125264B1B78002B00D15EE7052F13
:10BBDC0000DC5BE7BD4200DC58E72C4B9E4200D8F2
:10BBEC0054E77D1C52E70624A74207DC023C062FD3
:10BBFC0004D03C00032F00DD0324013C019B029A7E
:10BC0C001B78002A00D05AE7002B00D15EE7049B7A
:10BC1C00002B0ED0039B1E4A013BD35C032B08D890
:10BC2C0001221C4B1A701C4B1C6033881B199BB2D5
:10BC3C003380114B1B78002B00D047E70F4B039A36
:10BC4C00D75402F0A3F941E7C88A010884570020B1
:10BC5C00944C00200E040020E90100205B3F000002
:10BC6C005A6300206E670020C2650020C06500206A
:10BC7C0014020020C1650020C40A00207663002055
:10BC8C0080FFCF409A99999959CCCC4070170000FD
:10BC9C00E4030020C365002010020020F8B5160054
:10BCAC001F000C001C4B00223900451E3000FCF715
:10BCBC00BDFB1A4B002803D1194A1278002A1AD15D
:10BCCC005A5D0132D2B25A55002C04D0611E5A5C16
:10BCDC000132D2B25A545A5D072A01D907225A5559
:10BCEC00002C05D0013C1A5D072A01D907221A55F0
:10BCFC00585DC0B2F8BD5A5D002A03D05A5D013AB6
:10BD0C00D2B25A55002CE6D0611E5A5C002AE2D001
:10BD1C005A5C013ADDE7C04600002E40E4030020E7
:10BD2C000D04002010B5D02200210B480BF04EFB67
:10BD3C0000230020094A0A4913700A4A13700A4A60
:10BD4C0010605160094A0A480A49106051600A4A59
:10BD5C00137002F09DF910BD78620020E203002000
:10BD6C0000002E40E30300202000002010000020E3
:10BD7C000E2DB29DEFFF5840E103002010B5682254
:10BD8C00002103480BF022FB01F0FEFF10BDC04662
:10BD9C00386500200023190010B5044AD154013332
:10BDAC000D2BFBD102F0D0F810BDC046E4030020EF
:10BDBC00F7B502F002FC484B0C251B780190002BC8
:10BDCC0000D1083D454B464A1C78002318009C4284
:10BDDC0000DD6CE0FFF792FC424B0022FEF712FDF7
:10BDEC00414B06001B780F00002B67D02000FFF79B
:10BDFC0057FC0B00020039003000FEF7C9F83B4B32
:10BE0C0006001B780F000424002B28D0384B013C73
:10BE1C001B78A34223D8374B1B78002B04D0364B0E
:10BE2C0002341B78002B1AD0019B9D4252D9334906
:10BE3C00002208684968324BFCF7F8FA002841D117
:10BE4C00304B18685968FCF7BFFB2C49C4B2002270
:10BE5C00086849682A4BFCF7E9FA002838D1200019
:10BE6C0001F0A4FE019B9D4207D1274D2B78002B9E
:10BE7C0003D1FFF757FF01232B70244B1B78002BAA
:10BE8C0013D0002230003900214BFCF7F3FA0028C4
:10BE9C000BD0204A1368012B07D102201060124AE4
:10BEAC00137002F0A1F9FFF775FF2000FEBDD15C05
:10BEBC00052901D90130C0B2013388E72000FFF712
:10BECC001DFC96E702F094FB0228B9D80624C6E7BD
:10BEDC00022CFBD10224C2E77C6700205102002017
:10BEEC00E4030020000059405C6300207F670020C1
:10BEFC00B065002048020020A1660020600A0020E6
:10BF0C0000002E40D0030020C8030020E8010020D0
:10BF1C0000004940EC0100200C4B70B518780C4B1C
:10BF2C0003221C780525002306260A49002800D088
:10BF3C002A00002C00D03200CA5401330D2BF5D14D
:10BF4C000022054B1A7002F04BF870BD59630020AB
:10BF5C00E8010020A0650020AF650020F0B58DB091
:10BF6C000B930E001300069001928A4208D1854A69
:10BF7C0094466344DB00C318186859680DB0F0BDD3
:10BF8C0000240F00019B251C5B1A04930294019B57
:10BF9C009F4200DA87E00498FDF79EFB071C011C0A
:10BFAC000298FCF7EDFD391C0790281CFCF7E8FD06
:10BFBC00391C0890201CFCF7E3FD00240990049424
:10BFCC00271C03940294019B9E4200DA8EE0049994
:10BFDC000298FCF7A3FF391C051C381CFCF79EFFCC
:10BFEC00011C281CFDF7F4F80499061C0398FCF7B7
:10BFFC0095FF211C051C381CFCF790FF011C281C0C
:10C00C00FDF7E6F8311CFCF7BBFD211C051C029862
:10C01C00FCF784FF391C041C0398FCF77FFF011C00
:10C02C00201CFDF7D5F8311CFCF7AAFD291C041CBB
:10C03C000798FCF773FF011C0898FDF7C9F8211C41
:10C04C00061C0998FCF76AFF011C301CFDF7C0F8B0
:10C05C000B9B061C5A1E9341019AD31A180001938C
:10C06C00FDF73AFB291C071CFCF758FF311CFCF7A9
:10C07C0095FB211C051C381CFCF750FF391CFCF7E8
:10C08C004DFF011C281CFCF789FB0021041CFCF74C
:10C09C000DFA002800D000243B49201CFCF73EFF81
:10C0AC00FFF750FB6AE73800FDF716FB069AFB001A
:10C0BC00D318039018685968FFF78CFB3249FCF7CA
:10C0CC005FFD011C281CFCF769FB0399051C0298F9
:10C0DC00FCF764FB03990290081CFCF71FFF011C82
:10C0EC00201CFCF75BFB0137041C50E73000FDF70C
:10C0FC00F3FA0799051CFDF76BF8011C0590FCF78A
:10C10C000DFF011C0298FCF749FB069AF300D318AB
:10C11C00029018685968FFF75DFB1B49FCF730FD6E
:10C12C000899FDF755F8011C0A900598FCF7F6FEE6
:10C13C00011C0398FCF732FB291C0390281CFCF70C
:10C14C00EDFE0999FDF744F8051C011C0598FCF758
:10C15C00E5FE011C381CFCF721FB291C071C281CC4
:10C16C00FCF7DCFE011C0498FCF718FB291C04905E
:10C17C000A98FCF7D3FE011C201CFCF70FFB0136C0
:10C18C00041C20E7FFFFFF1F00FEFF46F8B506006A
:10C19C000F0014001D00FCF76DF900280CD0069A56
:10C1AC00079B30003900FCF751F900282FD03400E0
:10C1BC003D0029002000F8BD22002B003000390082
:10C1CC00FCF744F900280FD0069A079B3000390081
:10C1DC00FCF750F90028EAD1069A079B20002900A9
:10C1EC00FCF734F90028E4D122002B003000390090
:10C1FC00FCF740F9002807D0069A079B200029007D
:10C20C00FCF738F90028D4D1069C079DD1E7220011
:10C21C002B0030003900FCF709F90028ECD0D3E7EB
:10C22C00F0B589B0069007911900814B10001B786E
:10C23C00002B05D100247F4D2000290009B0F0BD52
:10C24C0000227D4BFDF7DEFA02000B0000207B493B
:10C25C00FDF79EFE02000B0002900391002078492E
:10C26C00FDF796FE0022774BFEF7B2FD029A039B78
:10C27C0004000D0000207449FDF78AFE0022714B6A
:10C28C00FEF7A6FD0E9A0F9B00900191200029004D
:10C29C00FFF77CFF00246D4D02000B000020009482
:10C2AC0001956B49FFF772FF00226A4B04900591D0
:10C2BC00FEF78EFD684B694AFEF7A4FA0BF024FFDB
:10C2CC00674B1B78002B54D10022664BFDF79AFA72
:10C2DC0002000B0064486549FDF75AFE644A654B41
:10C2EC00FDF790FA06000F00049805990022624BA6
:10C2FC00FEF76EFD32003B00FEF784FA00220400CC
:10C30C000D00069807995D4BFEF762FD02000B00CD
:10C31C0020002900FDF776FA554A04000D00554B14
:10C32C0030003900FEF754FD0022554BFEF76AFA37
:10C33C0002000B0020002900FDF764FA514A524B11
:10C34C00FEF760FA029A039BFEF75CFA00220023C8
:10C35C0004000D00FCF770F8002800D06AE70022FA
:10C36C0020002900494BFCF77BF8002800D061E73E
:10C37C0062E7009401950E9A0F9B00204449FFF749
:10C38C0005FF069A079B04000D0000204149FEF7AB
:10C39C001FFD220006000F002B0000203E49FEF777
:10C3AC0017FD02000B0030003900FDF72BFA3B4A59
:10C3BC0004000D0002980399394BFEF723FA020092
:10C3CC000B0020002900FEF71DFA04000D00354A71
:10C3DC00354BFEF717FA22002B00FEF713FA22005A
:10C3EC002B00FEF70FFA314A06000F00200029003F
:10C3FC002F4BFEF707FA22002B00FEF703FA020080
:10C40C000B0030003900FDF7FDF92A4A06000F0039
:10C41C0020002900284BFEF7F5F902000B00300034
:10C42C003900FDF7EFF9254A254BFEF7D1FC8DE7D6
:10C43C000D04002000002E400010714000A072403E
:10C44C00004C98400000894000A89B4000C08C40E4
:10C45C000080864000E08A409999C9BF9A999999C1
:10C46C00596300200000F03FC01E85EB51B89E3F81
:10C47C00A4703D0AD7A3E83F00488C4000407F40A1
:10C48C0000408F403BDF4F8D976E92BF00002C40D9
:10C49C000008864000908040002889409E12E429C4
:10C4AC00419E923F1B0DE02D90A0A83FBA490C0273
:10C4BC002B87F0BF8351499D804620400E2DB29DA5
:10C4CC00EF272F401F4B70B51B781F4E34687568D3
:10C4DC00002B18D122002B0000201C49FEF778FC01
:10C4EC001B4A1C4BFEF78EF922002B00FDF78AF934
:10C4FC00194A1A4B04000D00FBF7B2FF00281CD19F
:10C50C003460756070BD164B1B88002B08D0220060
:10C51C002B0000201349FEF75BFC0D4A124BE1E7A0
:10C52C00200029000A4A114BFEF76CF902000B009F
:10C53C0020002900FEF74CFCDAE7074B074C336070
:10C54C007460DFE70D040020D003002000000840D9
:10C55C009A9999999999A93FCBA145B6F3FD0740B2
:10C56C006E6700200000F83F9999B93F9999C93F2F
:10C57C00FFB516001F002D4B0C00002230003900B7
:10C58C001B78FFB02A4BFBF757FF2A4D00281BD016
:10C59C000022002330003900FBF762FF002813D083
:10C5AC00002C11D10022AA56234C244BD10001326D
:10C5BC005B1820002A702249C822C8341E605F60B4
:10C5CC000AF0F2FE2660676000241E4B2C571D7883
:10C5DC00002C3FDC002D00D077E200231A4C009396
:10C5EC0001940023134AD356192B04DD1A3B137004
:10C5FC000122144B1A70FFF765FF0099019A134B37
:10C60C0019605A60124B00221C685D680E4B2000AA
:10C61C002900FBF70BFF002801D10094019500982D
:10C62C00019983239B009D44F0BDC0468367002085
:10C63C0000002C40E2030020F00200207862002071
:10C64C00F8020020E303002000002E400800002028
:10C65C00000000201A230A93002D00D10A94D02246
:10C66C0000211AA80AF0B2FE210000231231D04A90
:10C67C0004911A390293009206919C4202DD0699AC
:10C68C00994204DD002D10D0049999420DDCD9009B
:10C69C008C461AAA9444009A89186246086849681C
:10C6AC00106051600299013102910A9A01339A4249
:10C6BC00E3DC0822BF4B1A211AA80AF00BFC029BE0
:10C6CC00029ADB0F9B185B10D20700D400E2DB0050
:10C6DC001AAA9B185C681B6800930194029B052B9B
:10C6EC0000DCE3E0002230003900B34BFBF79EFE88
:10C6FC00002800D0DAE0B14C002220686168AE4B13
:10C70C00FBF794FE002801D02660676023686468FC
:10C71C001C981D990493059432003B00FBF78CFE8A
:10C72C0000280BD1049A059B30003900FEF750FB12
:10C73C000022A34BFBF794FE00280AD0A14B1A78D9
:10C74C00A14B002A00D1D8E101221A6000229D4B96
:10C75C001A70029B1AAA023BDB009B1819003200CC
:10C76C00086849683B00FBF77BFE00280BD1049A54
:10C77C00059B30003900FEF72BFB0022934BFBF797
:10C78C005BFE00280AD0924B1A788F4B002A00D1FE
:10C79C00BAE101221A6000228D4B1A708A4B0025D7
:10C7AC001A68022A01DD1D6001350298FEF778FF38
:10C7BC000022884BFDF7ECFBFEF736FF1AAAC300EC
:10C7CC009B181900049A059B040008684968FBF73C
:10C7DC0033FE002800D09EE1029B1AAA013B1B1BD2
:10C7EC00DB009B181900049A059B08684968FBF745
:10C7FC0037FE002800D08EE1002D57D0764B774CB9
:10C80C00D02200214EA8069307940AF0DFFD0023E6
:10C81C00734D4EAC0B932A686B680C920D930C986D
:10C82C000D99009A019BFEF7D3FA4B005B080F930E
:10C83C000E9006000F000E980F990022694BFBF723
:10C84C000FFE002800D169E1009A019B2260636011
:10C85C000B9B083D01330B930B9A029B08349342BC
:10C86C00D9D10123029A00214EA8FFF777FB534B35
:10C87C0006000F000B930020069A079B5949FEF700
:10C88C00A7FA049A059BFDF7BDFF320004000D00CA
:10C89C00069807993B00FDF7B5FF0B000200290035
:10C8AC002000FCF7AFFF0B9B18605960002400269A
:10C8BC0000274D4B3E4D1B785BB20493083B06930F
:10C8CC004A4B1B780B93049B12330C93049BA3428F
:10C8DC0002DD069BA34205DD0B9B002B16D00C9BA7
:10C8EC00A34213DC009A019BE100491908684968CE
:10C8FC00FEF76EFA02000B00FDF784FF02000B003E
:10C90C0030003900FCF77EFF06000F000A9B013453
:10C91C00A342DBDC0298FEF7C3FE02000B003000E2
:10C92C003900FDF735FB0BF05DFC0A0014901591F6
:10C93C0001002F4B19605A6000222E4B1A702E4B9F
:10C94C001B78934204D12D4B1B78934200D007E106
:10C95C002B4B2C4C204E10931194204F049B032BEB
:10C96C0003D10B9B002B00D1FFE080240023E405B6
:10C97C000E930F940022002300240C920D930C4B69
:10C98C0006941693049B013B1793049B1233189344
:10C99C00049B083B1993049BA34202DD199BA34201
:10C9AC0032DD0B9B002B6FD0189B9C426CDB2BE079
:10C9BC0078620020B515010800002E400000002010
:10C9CC000000E03FC0030020C40300200000E0BFD3
:10C9DC00C1030020000018409A9999999999C93F70
:10C9EC00800300200000F03FE2030020E30300205E
:10C9FC0018000020E003002059630020E80100200B
:10CA0C00333333333333C33F169AE3009B181A681E
:10CA1C005B681292139312981399009A019BFEF77C
:10CA2C00D7F9029003910E980F99029B0893039BE0
:10CA3C005B005B080993149A159BFDF7E3FE02005B
:10CA4C000B0008980999FBF7F7FC002808D1109AFD
:10CA5C00119B08980999FBF7EFFC002800D187E09F
:10CA6C000898099932003B00FBF7E6FC002800D13E
:10CA7C007EE00C980D99069B01330693129A139B3A
:10CA8C00FCF7C0FE0C900D910A9B0134A34200DD13
:10CA9C0081E7594B1B78002B02D00022574B1A60B0
:10CAAC00069B002B00DC9CE51800FEF7F9FD02004C
:10CABC000B000C980D99FDF76BFA0A000090019190
:10CACC0001004F4B19605A608BE51A230A93C6E597
:10CADC005A1E1AA9D20052181100DB001AAA9B1870
:10CAEC001A685B6808684968FCF78CFE0022454BA5
:10CAFC00FDF788FE00900191F0E51A6801321A608A
:10CB0C000122414B1A7021E61A6801321A60012287
:10CB1C003E4B1A703FE600233A4C71E63C4A30001B
:10CB2C0039003C4BFBF79CFC394A002807D0009895
:10CB3C000199384BFCF766FE2060616088E6300096
:10CB4C003900354BFBF778FC002802D10C9A0D9B71
:10CB5C007CE62F4A2F4B00980199FEF739F9EBE749
:10CB6C002E4E2F4F10961197F8E600232D4CFFE612
:10CB7C00179B9C4288D1204A1578002D00D183E761
:10CB8C0029490B8864339BB20B8000231370274A0E
:10CB9C0013700122264B1A70264B00221B78002B97
:10CBAC0013D1029803990023FBF746FC002819D0F7
:10CBBC00124A136801331360104B1B68012B00DC05
:10CBCC0062E701221C4B1A705EE70023029803995E
:10CBDC00FBF746FC051EEBD10122084B1A60154BE6
:10CBEC001D7051E70022029803990023FBF738FCD3
:10CBFC000028F1D1E0E7C0460D0400200804002015
:10CC0C00200000200000E03FC1030020C0030020F2
:10CC1C009A9999999999B93F9999B9BF3333333303
:10CC2C003333D33F0000F03F6E6700200C0400202C
:10CC3C00E00300203000002005040020F0B50022A5
:10CC4C0001260400094F0A488A4200DBF0BD082582
:10CC5C00A35C5840030033405B423B4040085840C3
:10CC6C00013D80B2002DF5D10132EDE701A0FFFFAF
:10CC7C00FFFF00000122024B1A8000225A807047ED
:10CC8C00F203002070B5084C050023780E00002B31
:10CC9C0001D1FFF7EFFF31002800FFF7CFFF012391
:10CCAC006080A080637070BDF203002010B5FFF7A8
:10CCBC00E9FF014B187910BDF20300200020034B53
:10CCCC005A78824200D058797047C046F20300204F
:10CCDC0070B504000D0000226168006801F0BAFF15
:10CCEC0029000122032002F09BFA03CC012201F05F
:10CCFC00B1FF70BD7FB56B4600915A601900020000
:10CD0C00050011C911C201220098596801F0A2FF57
:10CD1C000126282303AC280021002380A670FFF7EE
:10CD2C00D7FF3823280021002380A670FFF7D0FFFF
:10CD3C0002232800F61821002380A670FFF7C8FFF5
:10CD4C00302328002100A6702380FFF7C1FF7FBD90
:10CD5C0007B590220B001202914200D91300182241
:10CD6C0001A90A701A0A4A708B70FFF7B1FF07BD50
:10CD7C0007B590220B001202914200D91300192220
:10CD8C0001A90A701A0A4A708B70FFF7A1FF07BD40
:10CD9C0000880B88C01A7047F0B51F0000250C00E6
:10CDAC0085B08B00060018580A9B039218603D60F2
:10CDBC00039B9C4201DB00251BE0A3000293F3586C
:10CDCC000193002D08D1191CFBF770FB431E9841F1
:10CDDC00050001980134EBE70199FBF77BFB002878
:10CDEC00F7D0029B0A9AF318043B1B68013C3C6089
:10CDFC001360280005B0F0BDF0B50C00060000274C
:10CE0C0085B003938B001958930001921B580A9A12
:10CE1C00019D1360013C019B9C4207DD002F0DD04E
:10CE2C00631BDA179B185340052B07DD039B0A9AEB
:10CE3C001D60AD00AB59136005B0F0BDA300F358F5
:10CE4C00181C0293FBF746FB002806D0002F01D1DB
:10CE5C00651C01370299013CDDE70700FAE7F0B5E4
:10CE6C000C000600002785B003938B001958930023
:10CE7C0001921B580A9A019D13600134019B9C423C
:10CE8C0007DA002F0DD0631BDA179B185340052BC4
:10CE9C0007DD039B0A9A1D60AD00AB59136005B00A
:10CEAC00F0BDA300F358181C0293FBF713FB0028EA
:10CEBC0006D0002F01D1651E013702990134DDE740
:10CECC000700FAE770B50D0004000222044B0AF0CB
:10CEDC0001F8E90F491949108900085980B270BD51
:10CEEC009DCD0008F0B50D0000241F4B85B00293BA
:10CEFC001E4B21310190203D00910393009B9D42DC
:10CF0C000BD11B49201CFBF73BFEFEF71BFC0BF067
:10CF1C0069F9FEF75FFC05B0F0BD029A6B00D05AC0
:10CF2C00039AD35AC01AC317C0185840FCF7D4FB45
:10CF3C00019AAB00D158FCF74BF9FEF703FC020049
:10CF4C000B00FDF75FFC0600201C0F00FEF7FAFB40
:10CF5C0002000B0030003900FCF754FCFEF73AFCE1
:10CF6C000135041CCAE7C04684570020944C0020AD
:10CF7C0000008242F0B5002689B000AF3A61013A58
:10CF8C003B60D30F9B185B10B8607960BB613B684A
:10CF9C009E4202DBBD4609B0F0BD6B46BC69FB602E
:10CFAC003B69FB61A64203DA340073000133FB6179
:10CFBC006A460025FB69341B9B000733DB08DB004A
:10CFCC00D31A9D467B61BB68A4001C19FB69AB425C
:10CFDC000CDC19007869FFF775FFFCF7CDFB7B685B
:10CFEC00B4001851FB6801369D46D0E701CCFCF724
:10CFFC0053FB7B69AA0098500135E7E7F0B5002494
:10D00C0089B00492013A0593D30F9B185B100393DC
:10D01C00059B069007915E1E059B9C4201DB09B0A7
:10D02C00F0BD039B9C421ADA230065000135069A79
:10D03C00E31A9B00D7180023029300230193029B51
:10D04C009D4216DC2800FCF747FB011C0198FBF7FE
:10D05C0097FD079BA700D8510134013EDCE7039AEA
:10D06C003300964202DA75000135E0E7039B049D1C
:10D07C00DDE7019802CFFBF791FB029B0190013396
:10D08C000293DCE7F8B504000D000020012917DD40
:10D09C0000268F00231FFF1821686068FCF798F8A2
:10D0AC0041004908301CFBF779FB0434061CA742ED
:10D0BC00F2D1681EFCF710FB011C301CFBF760FD65
:10D0CC00F8BD0000F0B5A1B014921593002319938C
:10D0DC001A931B9300231D931E931F93764B04905E
:10D0EC001B780B91002B00D1ACE032231B93734DBA
:10D0FC00734EAB8830002B806B80724B04995A882E
:10D10C0000241A80FFF7BEFF21226F4B18606F4B73
:10D11C001A60049BA34200DD9BE000246C4F30009E
:10D12C0021223900FFF76AFF644E049BA34200DD05
:10D13C0098E00024624F634E049BA34200DD9AE00A
:10D14C000024634E380021223100FFF757FF5D4F5A
:10D15C00049BA34200DD97E000255A4B584C574FD7
:10D16C000393049BAB4200DD97E0544D554E2B8846
:10D17C0030880027C01AC317C0185840FCF7ACFA07
:10D18C0020606B887088C01AC317C0185840FCF711
:10D19C00A3FA4F4D4F4A2900049B1268606020008F
:10D1AC00FFF7E8FE412221002800049BFFF726FF31
:10D1BC002122464B29001A602000049BFFF71EFF1A
:10D1CC00DC220021444852000AF000F900230393AA
:10D1DC000C9300230A930F930693049A1CAB0093B1
:10D1EC003B4818AB1B99323AFFF7D6FD039B0890CE
:10D1FC00002B00D08BE1002872D0384B189F1B7885
:10D20C00002B00D088E1324C1EAB012239002000EB
:10D21C0000931AABFFF7F0FD049B39005A1E1FABAD
:10D22C00200000931BABFFF71AFE1C9B1E99181CC9
:10D23C000693FBF7CDFF1F990F900698FBF7C8FFDD
:10D24C000A9072E0254B1B78002B00D14FE714237A
:10D25C004CE76300E85AFCF78FFAA700F71938601F
:10D26C00013456E7A300F858FBF796F96500AD19A1
:10D27C002880013459E76300F05AFCF77DFAA500C9
:10D28C007D192860013457E7A300F058FBF784F9A7
:10D29C006500ED19288001345AE7039A6B00D05AC7
:10D2AC00FB5AAE00C01AC317C0185840FCF714FA4A
:10D2BC00A6193060013554E75A63002084570020CA
:10D2CC00B4360020944C0020606700202800002019
:10D2DC00D42000202C00002010040020E9010020A4
:10D2EC00D64B1B78002B00D1DDE0D54B1B78002BE7
:10D2FC0000D1E2E00024D34B1D685E68D24B07934B
:10D30C00049BA34211DD079AA300D058FEF71AFA2A
:10D31C002A003300FBF790F8002800D1F5E0230039
:10D32C001894323B32341A931B941A9B1B9E07930E
:10D33C00079A189B140009939B1A642B01DD099C16
:10D34C00643C099B0D96F31A642B02DD099B643334
:10D35C000D930D9B25001B1B581C80000E9309F090
:10D36C004DFCBA4B10901193119AA3009B5813903B
:10D37C0012930D9B9B009B5816930D9BAB4200DBAD
:10D38C00DAE01DAB009300210E9A109819ABFFF751
:10D39C0003FD051E13D01D9B1299181C0693FBF759
:10D3AC0017FF199F0021E719041CFBF79DF80028B3
:10D3BC0001D00A940F94089B002B00D10C95109867
:10D3CC0009F026FC079BFC1AE317E4185C400023C9
:10D3DC00052C0FDDBA1BD11752184A40052A09DD5E
:10D3EC00079AB21AD11752184A400121142A00DCAC
:10D3FC0019000B00089A002A01D1002D5DD0002BDA
:10D40C0000D17FE3924B38000D93039B5D1C2823C6
:10D41C005D43FCF761F90D9B58512825039B079838
:10D42C005D430D9B5D19FCF757F9E8623000FCF782
:10D43C0053F9069B28636B630F9B3900AB630A9B04
:10D44C008248EB63FFF74EFD28640020052C0FDDAE
:10D45C00BB1BDA179B185340052B09DD079BF31AEE
:10D46C00DA179B1853400122142B00DC0200100029
:10D47C002823039A764C5343E418FCF72DF9606487
:10D48C000998FCF729F9704BBA00D358A064E364EF
:10D49C00039B01330393089B002B0ED0039B0A2B99
:10D4AC0000D09AE609E06B4B1B78002B00D01CE7F0
:10D4BC0001F083F8002800D017E7674B1B7808931E
:10D4CC00002B00D1D4E0654B614C1F78002F51D15B
:10D4DC003E003D00624B06970A970993039B9D42C1
:10D4EC0051DA276C0998391CFAF7F4FF002809D097
:10D4FC000021606CFAF7EEFF002800D099E0002EB6
:10D50C0000D1B3E001352834E8E70134F8E6089B94
:10D51C00002B00D071E6D0E7524B1B78002B00D1CA
:10D52C0071E6494BBA00D058FCF7B6F8C3174E4C0D
:10D53C00C0185840206066E6281BFCF7CDF81699F9
:10D54C0017901298FBF744FE011C1798FBF7E6FCAA
:10D55C0017900E98FCF7C0F8011C1798FBF710FBFE
:10D56C00119AAB00D158FBF719F9139B013501C384
:10D57C00139302E700252E00394B06950A95099363
:10D58C00039B9D422EDB2E4B1B780793002B00D167
:10D59C0098E0304B00251F782D4C002F00D08EE0EA
:10D5AC00039B022B00D133E13D000027039B9D42DE
:10D5BC0000DB87E0E16BA06BFBF7B0FC0990011C72
:10D5CC00381CFAF773FF002809D00021606CFAF7B9
:10D5DC0081FF002800D02DE1002E00D12EE1013575
:10D5EC002834E3E7E06CFEF7ADF8149A159BFDF7D1
:10D5FC00EFFBFEF719F8C317C0185840FCF76CF88E
:10D60C000790011C0998FAF765FF002807D0002144
:10D61C00606CFAF75FFF002804D1002E07D00135AB
:10D62C002834ADE7079B3E000A950993F7E706956A
:10D63C00F5E7089E0A95099764E7C046C765002080
:10D64C005A63002038020020F40A0020D420002065
:10D65C0010040020D3650020E9010020D2650020D1
:10D66C0000FEFF465963002068670020069549E7D5
:10D67C00089EC64B06960A96099384E7E06CFEF763
:10D68C0061F8149A159BFDF7A3FBFDF7CDFFC317AB
:10D69C00C0185840FCF720F80D90011C0998FAF7B7
:10D6AC0019FF002809D00021606CFAF713FF00283D
:10D6BC0000D0A6E0002E00D1A8E001352834039B51
:10D6CC009D42DBDB002E01D00A9B0693039B002BB3
:10D6DC0000D0B6E0AE4C049D2360A360013DAD4B81
:10D6EC00E560AD001A68AC4EEB5822616261A36133
:10D6FC003068FAF751FF80B2A083E083A859FAF79B
:10D70C004BFF20840398A54CA14D079B2E692060EC
:10D71C00002B1BD0301CFAF73FFFA14B20601B786D
:10D72C00002B13D19F4AA04B1278002A0ED11B68F4
:10D73C009E4C013BDB00E418301CFEF703F822681A
:10D74C006368FCF75FF8FEF745F82861904E306986
:10D75C00FDF7F8FF0A000490059101000B9B70691E
:10D76C0019645A64FDF7EEFF0B9B18655965B06997
:10D77C00FDF7E8FF0B9B18665966B18B6A3319806D
:10D78C000B9BF28B6E331A800B9B728C76331A8048
:10D79C000B98B38C7A3003800798002800D127E1CE
:10D7AC00C820400081428041814C40422070814819
:10D7BC000478002C0BD00020092607009642474124
:10D7CC007D4D2F707D4D092B00D8013028707C4881
:10D7DC000078002800D18FE100200926070096422E
:10D7EC0047419E424041744D2F70744D2870002C5F
:10D7FC0000D1A4E073484F2A01D94F2B5FD80123E5
:10D80C005EE00D9B3E000A95099356E7069554E79A
:10D81C000021606CFAF75EFE002811D10021E06E49
:10D82C00FAF758FE0123002802D10A9B002E08D0DB
:10D83C00069306E0079E099F0A95D0E60695CEE66C
:10D84C0006972825069B524C5D436519686BFAF7C1
:10D85C00A3FEA083E86AFBF71FFF4F4E8300985985
:10D86C000493FAF799FEE083286BFBF715FF87000A
:10D87C00B859FAF791FE2822069B208401335343B2
:10D88C001859FBF709FF434E80008359A86B23619D
:10D89C00049B9B596361BB59A361FAF77DFE6084BD
:10D8AC00E86BFAF779FEA084A86CFBF7F5FE800014
:10D8BC008059FBF7F1FEC317C018584023E700232B
:10D8CC000370414B41481A7801235340404A03707E
:10D8DC001370C8235B00994207D3374B1B78002B7E
:10D8EC0003D1364B1B78002B42D000230370039BD3
:10D8FC00384C002B2CD1238837495B189BB22380E2
:10D90C00039B13700022354B1A702A4A1278002A96
:10D91C0010D12B4A1278002A0CD0254A1278002AF2
:10D92C0008D12F4A1278002A04D0039A002A01D079
:10D93C0001221A7000222B4B1A7021B0F0BD28481E
:10D94C00182A00D85BE7182B00D858E70470B8E702
:10D95C000C9B002B07D000F0D4FD2388224A9B1887
:10D96C009BB22380CEE700F0CCFD23881F4AF6E75C
:10D97C000C9A002AC6D0037000F0C3FD154A1A4950
:10D98C0013885B189BB21380BCE7C04600FEFF46B1
:10D99C0010040020F40A0020D42000206867002026
:10D9AC005C630020C40A0020880A0020386500202F
:10D9BC00040400205963002003040020020400200A
:10D9CC00E8010020010400200E0400200C040020BB
:10D9DC000D0400206E67002050C3FFFFFE030020E3
:10D9EC0000040020FF030020204E00001027000040
:10D9FC0008980028A1D0FA26B600B142B641444896
:10DA0C007642067009270798424E0400974240411F
:10DA1C0025009F42644130703F480470C72A05D9E5
:10DA2C00C72228009A426841C2B208923B4A089821
:10DA3C0010703B4A1278002A05D03A4A126B022A1F
:10DA4C0001DC002232700120FA27374A374E127857
:10DA5C008446424032703648BF00B94205D32D4F40
:10DA6C003F78002F01D1092B30D80C9B002B1FD1F4
:10DA7C003370039B2F4A002B05D113882E4C1B1996
:10DA8C009BB213800CE013882C4C1B199BB2138097
:10DA9C000122049C059D2A4B1A702A4B1C605D6068
:10DAAC0000230370FA239B00994200D245E718E04B
:10DABC000122049C059D224B1A70224B1D4A1C60AE
:10DACC005D600023204C33701388D8E7002A17D0F0
:10DADC0062461B4B07701A701A4B0499059A196011
:10DAEC005A60089B002B00D127E7039B002B00D129
:10DAFC0023E70123037020E7002C00D07AE6E0E650
:10DB0C000270EEE7089B002B01D0FFF766FBD4E414
:10DB1C00FC030020FB030020FA030020F903002083
:10DB2C00E8010020880A00200E040020FD030020DC
:10DB3C00F80300206E67002050C3FFFF1027000081
:10DB4C00B165002008020020409CFFFF10B50100C9
:10DB5C00662000F00DFF10BD10B50100622000F032
:10DB6C0007FF10BD10B50100632000F001FF10BDD0
:10DB7C0010B50100602000F0FBFE10BD10B50100D7
:10DB8C00612000F0F5FE10BD10B50100C02000F0C2
:10DB9C00EFFE10BD10B50100672000F0E9FE10BDCE
:10DBAC0010B501006B2000F0E3FE10BD10B50100B4
:10DBBC00682000F0DDFE10BD00233B2909D81818A1
:10DBCC00C0B2182801D9182000210002081880B210
:10DBDC0070473C390133C9B2DBB2EEE710B5FFF741
:10DBEC00EBFF0400010AC9B2642000F0C1FE6520FD
:10DBFC00E1B200F0BDFE10BD10B5642000F09AFE3D
:10DC0C000400652000F096FE01002000FFF7D4FF11
:10DC1C0010BD10B5040001000C22C52000F0B6FEAA
:10DC2C0021000C22D12000F0B1FE8A200C22210010
:10DC3C00400000F0ABFE10BD70B50D4E05007479C0
:10DC4C001022122C0ED0112C10D8013C20002030A8
:10DC5C00032180B2013400F08BFE122CF6D17279C4
:10DC6C00023AD2B22900202000F0C0FE70BDC0469E
:10DC7C00C805002070B5050000242000203080B2BB
:10DC8C0000F058FE032804D128550134102CF4D18F
:10DC9C0013E02028F8D02D28F6D02E28F4D02F28E9
:10DCAC0003D93928F0D94028EED8102203212800B6
:10DCBC0009F08CFB2800FFF7BFFF70BD70B50D4E4F
:10DCCC00050074791022122C0ED0112C10D8013CA6
:10DCDC0020004030032180B2013400F049FE122CA8
:10DCEC00F6D17279023AD2B22900402000F07EFEC1
:10DCFC0070BDC046C805002070B50500002420008A
:10DD0C00403080B200F016FE032804D128550134AF
:10DD1C00102CF4D113E02028F8D02D28F6D02E2882
:10DD2C00F4D02F2803D93928F0D94028EED8102266
:10DD3C000321280009F04AFB2800FFF77DFF70BD86
:10DD4C0010B50100E02000F013FE10BD010093207F
:10DD5C0010B5400000F00CFE10BD932010B5400033
:10DD6C0000F0E8FDFF2803D1AA38FFF7EFFF55209C
:10DD7C0010BD10B5E02000F0DDFDFF2803D1FD380B
:10DD8C00FFF7DEFF022010BDF7B5F0248527114EFA
:10DD9C006400BF0003CEFDF71DFD01AD011C280082
:10DDAC0005F0F1FE2000297800F0E2FD601C697896
:10DDBC0080B200F0DDFDA01CA97880B200F0D8FD87
:10DDCC00E01C0434E97880B2A4B200F0D1FDBC426E
:10DDDC00E0D1F7BD3865002073B5114E114C03CE60
:10DDEC00FDF7F8FC01AD011C280005F0CCFE20006D
:10DDFC00297800F0BDFD601C697880B200F0B8FD98
:10DE0C00A01CA97880B200F0B3FDE01CE97880B2C8
:10DE1C0000F0AEFD0434044BA4B29C42DFD173BDC0
:10DE2C00D0640020A3020000D702000073B5114E8D
:10DE3C00114C03CEFDF7CEFC01AD011C280005F002
:10DE4C00A2FE2000297800F093FD601C697880B256
:10DE5C0000F08EFDA01CA97880B200F089FDE01CBA
:10DE6C00E97880B200F084FD0434044BA4B29C42E7
:10DE7C00DFD173BD68640020D70200000B030000E3
:10DE8C0073B5114E114C03CEFDF7A4FC01AD011C72
:10DE9C00280005F078FE2000297800F069FD601C50
:10DEAC00697880B200F064FDA01CA97880B200F003
:10DEBC005FFDE01CE97880B200F05AFD0434044B9D
:10DECC00A4B29C42DFD173BD006400200B030000A0
:10DEDC003F03000073B5114E114C03CEFDF77AFCD5
:10DEEC0001AD011C280005F04EFE2000297800F041
:10DEFC003FFD601C697880B200F03AFDA01CA97847
:10DF0C0080B200F035FDE01CE97880B200F030FD05
:10DF1C000434044BA4B29C42DFD173BD986300203F
:10DF2C003F0300007303000010B5002420002C30C8
:10DF3C00FF3080B200F0FEFC024B185501340D2C62
:10DF4C00F4D110BDE403002010B500242000064BD2
:10DF5C002C30195DFF30C9B280B2013400F008FDDD
:10DF6C000D2CF3D110BDC046E403002010B50024E5
:10DF7C002000054BC130FF30195D80B2013400F038
:10DF8C00F7FC0D2CF4D110BD8463002010B50024D7
:10DF9C00054B195D85239B00E01880B2013400F01D
:10DFAC00E7FC0D2CF4D110BD7763002070B5002474
:10DFBC0025004135FF35ADB2280000F0BBFC431EF7
:10DFCC00DBB2082B04D92800052100F0D1FC052078
:10DFDC00024B185501340F2CEAD170BDA0650020FE
:10DFEC0010B500242000054B4130FF30195D80B284
:10DFFC00013400F0BDFC0F2CF4D110BDA065002045
:10E00C000A4B37B518685968FDF7E4FB01AD011CE4
:10E01C00280005F0B8FD00242000E830295D80B20E
:10E02C00013400F0A5FC042CF6D137BD1000002003
:10E03C000A4B37B518685968FDF7CCFB01AD011CCC
:10E04C00280005F0A0FD00242000F630295D80B2E8
:10E05C00013400F08DFC042CF6D137BDD803002020
:10E06C000A4B37B518685968FDF7B4FB01AD011CB4
:10E07C00280005F088FD00242000E430295D80B2E2
:10E08C00013400F075FC042CF6D137BD20000020C3
:10E09C0073B51A4E1A4C03CEFDF79CFB01AD011C57
:10E0AC00280005F070FD2000297800F061FC601C50
:10E0BC00697880B200F05CFCA01CA97880B200F0FA
:10E0CC0057FCE01CE97880B200F052FC04340D4B94
:10E0DC00A4B29C42DFD10C4BE320197800F048FC31
:10E0EC000A4BE220197800F043FCFFF7B9FF9220AD
:10E0FC00074B4000197800F03BFC73BD78620020A0
:10E10C003B020000A3020000E3030020E203002016
:10E11C00E10300200A4B37B518685968FDF75AFB24
:10E12C0001AD011C280005F02EFD00242000EC3070
:10E13C00295D80B2013400F01BFC042CF6D137BDF4
:10E14C00400200200D4B37B518685968FDF742FBAB
:10E15C0001AD011C280005F016FD00242000F03054
:10E16C00295D80B2013400F003FC042CF6D1044B81
:10E17C00F4201978C9B200F0FBFB37BD380200203F
:10E18C00C76500200100262010B5FF3000F0F0FB21
:10E19C0010BD10B50100692000F0EAFB10BD0000B5
:10E1AC0010B50100014800F0E3FB10BD390200007E
:10E1BC000100D12010B5400000F0DAFB10BD0100C9
:10E1CC00D42010B5400000F0D3FB10BD0100AA20F4
:10E1DC0010B5FF3000F0CCFB10BD0100D72010B5FE
:10E1EC00400000F0C5FB10BD0100D52010B540006B
:10E1FC0000F0BEFB10BD0100A42010B5FF3000F0F4
:10E20C00B7FB10BD0100AC2010B5FF3000F0B0FB27
:10E21C0010BD0100D22010B5400000F0A9FB10BDCC
:10E22C000100AE2010B5FF3000F0A2FB10BD0100C4
:10E23C00D62010B5400000F09BFB10BD10B5010CB2
:10E24C000400A820C9B2FF3000F092FBD320210AB1
:10E25C00C9B2400000F08CFBA620E1B2FF3000F008
:10E26C0087FB10BD002110B50800FFF7B7FC01209B
:10E27C00FFF77EFC0120FFF781FC0020FFF7DEFF9B
:10E28C0010BD10B5040000F0CDFBFFF7EBFF210033
:10E29C000622012000F0AAFB21000622102000F02B
:10E2AC00A5FB06222100302000F0A0FB10BDF0B52C
:10E2BC00012500272C008FB006AB0590019302932B
:10E2CC000395BEB2701C80B200F034FB029B187038
:10E2DC003000103080B200F02DFB082206AB9B18EA
:10E2EC003036D8550490B0B200F024FB029A049951
:10E2FC0012780AABF854914253D1049A904207D049
:10E30C000024250004E00024049A03948242F8D1EE
:10E31C00029A013701320292062FD2D106AA127A42
:10E32C001B78134006AA1278FF2A0DD1FF3B5A42E4
:10E33C005341DEB200230CA9002C02D1039A002A0F
:10E34C000AD0019A12780DE00026FF2BF2D106A814
:10E35C00FFF797FF3500EDE7002DF2D0082006AA55
:10E36C001218D25C5A54019A013301320192062BD5
:10E37C00E2D10023CA5C10003038092809D90622E2
:10E38C003021059809F022F80598FFF77AFF0FB0B5
:10E39C00F0BD0598C254002EF1D10133062BE9D102
:10E3AC00F5E79042AFD1002215000392B0E70100CF
:10E3BC00282010B5FF3000F0DBFA10BD01002A2038
:10E3CC0010B5FF3000F0D4FA10BD0100952010B547
:10E3DC00400000F0CDFA10BD10B50100014800F06E
:10E3EC00C7FA10BD3602000010B50100014800F05C
:10E3FC00BFFA10BD3702000070B5050000242000E4
:10E40C00803080B200F096FA28550134102CF6D1E9
:10E41C0070BD10B501001022802000F0E7FA10BD8D
:10E42C00D02310B50C000100580000F0A1FAA22076
:10E43C002100FF3000F09CFA10BDF7B504001D0060
:10E44C000091019200F076FA0600200000F072FABA
:10E45C0007003000BE4208D0200000F06BFA874263
:10E46C0003D0200000F066FA3000019B984202D8DD
:10E47C00009B984204D22000290000F079FA280071
:10E48C00FEBD022310B51A0001216620FFF7D5FF4F
:10E49C0010BD10B50723082201216220FFF7CDFF24
:10E4AC0010BD10B50023F0220A216320FFF7C5FF31
:10E4BC0010BD012310B5FF2219006020FFF7BDFF2E
:10E4CC0010BD012310B5022219006120FFF7B5FF22
:10E4DC0010BD022310B51A000121C020FFF7ADFFBB
:10E4EC0010BD012310B5022219006720FFF7A5FF0C
:10E4FC0010BD002310B5F02219006B20FFF79DFF13
:10E50C0010BD002310B5062219006820FFF795FFF7
:10E51C0010BD000070B50024FF2585239B00E0187A
:10E52C002A002B00012180B2FFF787FF024B185500
:10E53C0001340D2CF1D170BD77630020012310B58F
:10E54C00022219006920FFF778FF10BD022310B5D5
:10E55C001A0001210148FFF770FF10BD39020000BD
:10E56C000123D12010B5022219009840FFF765FF56
:10E57C0010BD0123D42010B5022219009840FFF7DA
:10E58C005CFF10BD0123AA2010B502221900FF3038
:10E59C00FFF753FF10BD0121D72010B50B23FE222E
:10E5AC008840FFF74AFF10BD0123D52010B5022289
:10E5BC0019009840FFF741FF10BD0023A42010B5AF
:10E5CC00FE221900FF30FFF738FF10BD0023AC20EE
:10E5DC0010B5FE221900FF30FFF72FFF10BD0023EE
:10E5EC00D22010B5FE2219004000FFF726FF10BD07
:10E5FC000023AE2010B5FE221900FF30FFF71DFFDF
:10E60C0010BD0023D62010B50D2219004000FFF7D5
:10E61C0014FF10BD0023FF22A82010B5190080188C
:10E62C00FFF70BFF00230400D3201900FF2240004A
:10E63C00FFF703FF240400020023FF222418A62066
:10E64C0019008018FFF7F9FE001910BD01232620D0
:10E65C0010B502221900FF30FFF7EFFE10BD0F239B
:10E66C002A2010B51A000E21FF30FFF7E6FE10BD70
:10E67C000023952010B5FF2219004000FFF7DDFEA6
:10E68C0010BD000010B50B230D2201210148FFF72E
:10E69C00D4FE10BD36020000012310B50D22190066
:10E6AC000148FFF7CAFE10BD3702000037B5050060
:10E6BC000024281980B200F03DF901AB1855013443
:10E6CC00042CF6D12100180005F04CFA0198011C1D
:10E6DC00F9F7E6FE002801D10023019301983EBD15
:10E6EC0070B5F0248526074D6400B6002000FFF7B6
:10E6FC00DDFFFDF727F80434A4B203C5B442F5D10D
:10E70C0070BDC0463865002070B5074D074C200021
:10E71C00FFF7CCFFFDF716F80434054BA4B203C584
:10E72C009C42F4D170BDC046D0640020A30200000E
:10E73C00D702000070B5074D074C2000FFF7B6FF5D
:10E74C00FDF700F80434054BA4B203C59C42F4D188
:10E75C0070BDC04668640020D70200000B030000A7
:10E76C0070B5074D074C2000FFF7A0FFFCF7EAFF40
:10E77C000434054BA4B203C59C42F4D170BDC04611
:10E78C00006400200B0300003F03000070B5074D30
:10E79C00074C2000FFF78AFFFCF7D4FF0434054B2D
:10E7AC00A4B203C59C42F4D170BDC046986300204E
:10E7BC003F0300007303000010B5EC20FFF776FF59
:10E7CC00FCF7C0FF10BD000070B5354D354C200076
:10E7DC00FFF76CFFFCF7B6FF0434334BA4B203C550
:10E7EC009C42F4D1002319001A22E220FFF725FEE7
:10E7FC002E4B012218700023E3201900FFF71DFE99
:10E80C00421E90412A4B1870E420FFF74FFFFCF793
:10E81C0099FF284B18605960274B18605960274B9B
:10E82C0018605960E820FFF741FFFCF78BFF244C80
:10E83C0020606160F620FFF739FFFCF783FF214C65
:10E84C0020606160F020FFF731FFFCF77BFF1E4B6F
:10E85C000122186059601D4B186059600023F42088
:10E86C001900FFF7EAFD431E9841194BC0B218700E
:10E87C00002301221900F520FFF7DFFD431E98410C
:10E88C00144BC0B2187000239220012219004000D2
:10E89C00FFF7D3FD421E90410F4B187070BDC04660
:10E8AC00786200203B020000A3020000E20300207B
:10E8BC00E303002020000020D80A002000000020E4
:10E8CC0010000020D803002038020020E00A0020AD
:10E8DC00C7650020C5650020E103002037B5022381
:10E8EC006A46134C40BA5370508011712068002254
:10E8FC00616800F0AFF9062000F070FC206801227E
:10E90C00616800F0A7F920680022616800F0A2F9A4
:10E91C0001256B46585D013500F060FC052DF8D1E2
:10E92C0020680122616800F095F900F003FD37BD05
:10E93C003400002070B505000C4C00222068616882
:10E94C0000F088F9032000F049FC280A00F046FC8E
:10E95C00E8B200F043FC00F095FC050001222068B1
:10E96C00616800F077F9280070BDC04634000020C3
:10E97C0070B505000C002800FFF7DCFFA04204D0A6
:10E98C0021002800FFF7AAFFF5E770BDF8B50500D8
:10E99C000F001600144C00222068616800F05AF930
:10E9AC00062000F01BFC20680122616800F052F97F
:10E9BC0000222068616800F04DF9022000F00EFC86
:10E9CC00280A00F00BFCE8B200F008FC390030001B
:10E9DC00002200F025FC20680122616800F03AF961
:10E9EC0000F0A8FCF8BDC04634000020F7B50D00BF
:10E9FC00160005270190320029000198FFF7C6FF89
:10EA0C000024A64200DCF7BD019B181980B2FFF769
:10EA1C0091FF2B5D834201D10134F2E7013F002FBE
:10EA2C00E9D1F0E730B589B02022FF216846802576
:10EA3C0008F0CCFC0024ED00200020342022694694
:10EA4C00A4B2FFF7D3FFAC42F6D109B030BD000041
:10EA5C00604B10B518680022596800F0FBF85E4B4B
:10EA6C0000221868596800F0F5F85C4B0022186811
:10EA7C00596800F0EFF85A4B00221868596800F0FA
:10EA8C00E9F8584B00221868596800F0E3F8564B27
:10EA9C0000221868596800F0DDF8544B0022186801
:10EAAC00596800F0D7F8524B00221868596800F0EA
:10EABC00D1F8504B00221868596800F0CBF84E4B37
:10EACC0000221868596800F0C5F84C4B00221868F1
:10EADC00596800F0BFF84A4B00221868596800F0DA
:10EAEC00B9F8484B00221868596800F0B3F8464B47
:10EAFC0000221868596800F0ADF8444B00221868E1
:10EB0C00596800F0A7F8424B00221868596800F0C9
:10EB1C00A1F8404B00221868596800F09BF83E4B56
:10EB2C0000221868596800F095F83C4B00221868D0
:10EB3C00596800F08FF83A4B00221868596800F0B9
:10EB4C0089F8384B00221868596800F083F8364B66
:10EB5C0000221868596800F07DF8344B01221868BF
:10EB6C00596800F077F8324B01221868596800F0A8
:10EB7C0071F8304B01221868596800F06BF82E4B75
:10EB8C0001221868596800F065F82C4B01221868AE
:10EB9C00596800F05FF82A4B01221868596800F098
:10EBAC0059F8284B01221868596800F053F8264B85
:10EBBC0001221868596800F04DF8244B002218689F
:10EBCC00596800F047F8224B01221868596800F088
:10EBDC0041F810BD940000208C000020740000202F
:10EBEC00840000206C0000207C00002044010020E8
:10EBFC003C010020340100202C01002024010020C5
:10EC0C001C010020140100200C0100200401002034
:10EC1C00FC000020F4000020EC000020E4000020A8
:10EC2C00DC000020D4000020CC0000204400002098
:10EC3C003C00002034000020C4000020BC00002058
:10EC4C00AC000020B4000020640000205C00002018
:10EC5C00A400002007B589B206F06EF907BD07B510
:10EC6C0089B206F063F9431E9841C0B20EBD000094
:10EC7C0030B593B03822002104A808F0A7FB10226D
:10EC8C000021684608F0A2FB8020800006F004FA00
:10EC9C0006F0F8F91821194A0124D36D02258B438B
:10ECAC00D3650523049380235B02059303230C9304
:10ECBC0000230D9308330E9380239B020F93802324
:10ECCC009B041093802304A89B0506940B95119329
:10ECDC0006F00EFA002801D072B6FEE70723029068
:10ECEC000390210068460093019506F069FC00280A
:10ECFC0001D072B6FEE713B030BDC0460010024022
:10ED0C00F0B58FB005F034FEFFF7B2FF14220021EE
:10ED1C0009A808F05BFB04220126C74DC74C6B6B9E
:10ED2C00210013436B636B6BC54813400493049B26
:10ED3C006B6B1C3213436B636B6BC24F13400593AD
:10ED4C00059B6B6B1E3A33436B636B6B33400693C3
:10ED5C00069B6B6B13436B636B6B13400793079BA7
:10ED6C006B6B063213436B636B6B1340089300227F
:10ED7C00089B06F0E1F8A02039000022C00506F03F
:10ED8C00DBF80022B049B14806F0D6F80022B049B1
:10ED9C00B04806F0D1F809940024A94809A90A96AC
:10EDAC000B940C9406F010F8A020052309A9C005BB
:10EDBC0009930A940B9406F007F8A02009A9C00542
:10EDCC0009970A960B940C9405F0FEFFA0200323E0
:10EDDC00102709A9C0050A9309970B9405F0F4FFB5
:10EDEC00994B9A4809A909930A960B940C9405F02F
:10EDFC00EBFF974B974809A909930A960B940C942F
:10EE0C0005F0E2FF0822914809A909920A940B9493
:10EE1C0005F0DAFFAB6B21003343AB63AB6B220025
:10EE2C00334009200393039B05F0DAFD092005F01C
:10EE3C0001FE894D894B28002B60894BAC606B60BF
:10EE4C00EE602C616C61AC61EC612C6206F07AF8BE
:10EE5C000100A04201D072B6FEE7280006F0C8F807
:10EE6C00011E01D072B6FEE7280006F0E7F8031E7B
:10EE7C0001D072B6FEE7E02507247A487A4AED0005
:10EE8C004360836003614361836103624362836215
:10EE9C00036343630260C560C46206F00FFE031E89
:10EEAC0001D072B6FEE77148714A8360026082221B
:10EEBC00036143610362436283620363082352006C
:10EECC004260FC32C5608261C761C462436306F074
:10EEDC00F5FD011E01D072B6FEE7664C664B0200D2
:10EEEC00236096239B0163600C23A060E06020618B
:10EEFC006361A0610300E06120626062A062200097
:10EF0C0007F0A0FD011E01D072B6FEE7200007F04D
:10EF1C0001FE011E01D072B6FEE7200007F01AFEBA
:10EF2C00002801D072B6FEE7200007F0D5FD031EC5
:10EF3C0001D072B6FEE7FF265048514A514F02608D
:10EF4C0046608360C7600361836106F091FF00280F
:10EF5C0001D072B6FEE74C484C4B46600360002370
:10EF6C00C760836003614361836106F081FF031E08
:10EF7C0001D072B6FEE74648464A4660026083609E
:10EF8C00C76003614361836106F072FF0190002842
:10EF9C0001D072B6FEE70C22019909A808F016FA06
:10EFAC003D4D3E4B28002B60019B6E60AB60EF60CB
:10EFBC00AB6106F05DFF002801D072B6FEE7099048
:10EFCC000B9009A9280006F07DFF0190002801D0C4
:10EFDC0072B6FEE70C22019909A808F0F7F9304D3A
:10EFEC00304B28002B60019B6E60AB60EF60AB6117
:10EFFC0006F03EFF002801D072B6FEE709900B9098
:10F00C0009A9280006F05EFF031E01D072B6FEE7C8
:10F01C002548264A836002607F22C2608022D20586
:10F02C00066143618361C3610262436206F0F0FCD6
:10F03C0000283DD072B6FEE700100240FF3F0000F2
:10F04C00000800502809000034FF000000040050A4
:10F05C0065030000000C00508C0900200054004097
:10F06C00BB7C7000FC080020003001409808002098
:10F07C00003800408806002000380140B40700200A
:10F08C0000200040FFFF0000680700200044014002
:10F09C001C0700200048014000080020001400401C
:10F0AC004C0800200010004060090020002800409F
:10F0BC00FFF7CEFC28222000194907F06DFD012630
:10F0CC00184F3B78002B12D0174D2B78DCB2002B4D
:10F0DC000DD102202E7000F03BFB144B3C701C70C9
:10F0EC00134B1C70134B1C70134B1C702C70134F58
:10F0FC003B78002BE4D00C4D2B78DCB2002BDFD10D
:10F10C0001202E7000F024FB084B3C701C70084B47
:10F11C001C70084B1C70084B1C702C70D0E7C04640
:10F12C0004060020836700207E6700207D67002096
:10F13C007C6700207A6700207867002084670020B5
:10F14C0070B50B4D0B4C0A002100280008F0D3F9C8
:10F15C002800282105F0AEFB21002822064807F0E4
:10F16C001BFD0421054B1A6813688B43136070BD9B
:10F17C00DC05002004060020880600202C06002058
:10F18C0007B56B46D91D087064230122014807F0AE
:10F19C003DFB07BD8806002010B5044C0A00010099
:10F1AC006423200007F032FB10BDC0468806002007
:10F1BC00034B1A68402311680B4313607047C04619
:10F1CC00FC080020022303498A681A42FCD0024B37
:10F1DC0018707047003001400C300140402210B5CF
:10F1EC0001240C4B1B681968914319601968A143E1
:10F1FC0019601968196019680A431A600222064BD3
:10F20C0099681142FCD0054A10708022996811420D
:10F21C00FCD110BD98080020003800400C3800408C
:10F22C00F0B540240126144B1B681D68A5431D60D6
:10F23C001D68B5431D601D68104E15431D601A688E
:10F24C00802514431C60002202240D4B904208DCE4
:10F25C00022299681142FCD0802299681142FCD19B
:10F26C00F0BD9F682742FCD09F682F42FCD18F5C79
:10F27C0001323770EAE7C046980800200C3800408D
:10F28C0000380040402210B501240F48036819686B
:10F29C00914319601968A1431960196819601968BC
:10F2AC000A431A6006F082FC0222084B996811424C
:10F2BC00FCD00021064A1170012299681142FCD041
:10F2CC00D868C0B210BDC046980800200038004075
:10F2DC000C380040F8B5144F0400380016000D002F
:10F2EC0006F064FC40223B681968914319600121C7
:10F2FC0018688843186018683043186018680B4EFB
:10F30C0002431A6002200023094A9C4200DCF8BD2B
:10F31C0097680742FCD00027377097680F42FCD0E3
:10F32C00D768EF540133F0E7980800200C38004000
:10F33C000038004070B50C4C002220686168FFF763
:10F34C0089FC0520FFF74AFF0125FFF79BFFFFF71C
:10F35C0099FF284205D1206801226168FFF77AFCE9
:10F36C0070BDFFF78FFFF4E73400002010B50628BE
:10F37C0007D10C480222036852421A6106F02AFC9B
:10F38C0010BD072801D10848F4E70E2801D1074821
:10F39C00F0E7102801D10648ECE71128F0D1054818
:10F3AC00E8E7C0464C08002000080020B407002005
:10F3BC00680700201C07002010B5062803D10A4856
:10F3CC0006F03CFC10BD072801D10848F8E70E28D0
:10F3DC0001D10748F4E7102801D10648F0E71128BD
:10F3EC00F0D10548ECE7C0464C080020000800208E
:10F3FC00B4070020680700201C070020084B0628D3
:10F40C000BD0084B072808D0074B0E2805D0074B0C
:10F41C00102802D0112802D1054B1B68D962704705
:10F42C004C08002000080020B407002068070020CA
:10F43C001C070020084B06280BD0084B072808D0C7
:10F44C00074B0E2805D0074B102802D0112802D1EB
:10F45C00054B1B68596270474C08002000080020BF
:10F46C00B4070020680700201C07002062B6704714
:10F47C0072B670470E4B10B50400984207D103F0DA
:10F48C00D7FB0C4B9C4207D103F0BCFA0FE00A4BA4
:10F49C00984207D103F092FE084B9C4207D103F02F
:10F4AC00DDFA04E0064B9842EBD103F095FE10BD5B
:10F4BC004C08002068070020000800201C070020D2
:10F4CC00B407002072B6FEE7F7B52C4C2C4A23008B
:10F4DC00106851688033186059602A4B00261A68EE
:10F4EC005B6800270025226163610022264B01A87E
:10F4FC0026626762A662E7622663676322646364BE
:10F50C002580A56304F088F86B4622009B8848325E
:10F51C005BBA138001A832003B002665676504F0D6
:10F52C007BF86B4622009B8858325BBA138001A88B
:10F53C0032003B002666676604F06EF86B462200CC
:10F54C009B8868325BBA138023006A331D802300CA
:10F55C006E331D80230072331D80230076331D8093
:10F56C0023007A331D80230088331E605F602300E4
:10F57C007E3490331E605F602580F7BDE00900206B
:10F58C002000002010000020E0FFEF40F8B5002222
:10F59C00334BFAF737F90022324BFAF7F9FC040037
:10F5AC000D00314A314BFBF72DF922002B00FBF7F4
:10F5BC0029F922002B00FBF725F92D4A06000F0034
:10F5CC00200029002B4BFBF71DF922002B00FBF729
:10F5DC0019F902000B0030003900FAF713F9244A2C
:10F5EC0006000F0020002900234BFBF70BF902004B
:10F5FC000B0030003900FAF705F9204A204BFBF7D5
:10F60C00E7FB08F081FD00221E4B04000D00F8F70B
:10F61C0027FF002812D01C4B1B78002B04D0012292
:10F62C001A4B1B4C1B4D1A701B4B1B78002B02D01A
:10F63C000122164B1A7029002000F8BD0022200070
:10F64C002900164BF8F7F8FE0028F4D0124B1B7863
:10F65C00002BF0D001220D4B0D4C0E4D1A70EAE729
:10F66C000000894000E09540D7A3703D0AD5814049
:10F67C006666666666D29EC06672A140295C8FC2C1
:10F68C00F5D8894000001E40E80100206467002086
:10F69C008FC2F5285CFF5840596300200000F03FF2
:10F6AC00F8B50D0004000D4A0D4BFBF7ABF82B0021
:10F6BC002200FBF7A7F80B4A06000F0020002900D8
:10F6CC00094BFBF79FF802000B0030003900FAF7EA
:10F6DC0099F8064A064BFAF795F8F8BD865AD3BC4A
:10F6EC00E3149DBF454772F90FE9FE3F4A0C022B0C
:10F6FC008716A93FF8B50F0019000E4B06001B78B2
:10F70C001000002B12D00C4C0C4D00220C4BFBF7B4
:10F71C005FFB2B002200FBF775F80022094BFAF770
:10F72C0071F832003B00FBF76DF8F8BD064C074D45
:10F73C00EBE7C046596300209A9999999999993F9A
:10F74C00000039400000F03F7B14AE47E17A943F53
:10F75C000023F0B5B3B0D24CD24D089031930128B0
:10F76C0023D120702B70FFF727F806000F00CE4B2B
:10F77C001E605F60CD4B1B78002B21D00022002334
:10F78C00F8F76EFE00281BD0C94B00223000390060
:10F79C00F8F752FE012300280DD0237000232B70A4
:10F7AC000022C44B0492059310E0089A022ADAD185
:10F7BC0023700123D6E720702B700022BE4BF1E79B
:10F7CC002378002BECD12B78002BF6D1FEF7BEFE64
:10F7DC00022802D10022B94B1A70FEF7B7FE01289D
:10F7EC0001D1B64B1870FEF795FEFEF78AFE022883
:10F7FC000AD8FEF786FEFBF753FF0022B04BFAF750
:10F80C0001F8B04D28606960FEF7E9FE1A90FEF72A
:10F81C0048FEAD4B1870FEF7FDFE3221F8F7F0FDF7
:10F82C00002901D101F086FE002301221900F420E9
:10F83C00FEF703FE431E98410023A44DC0B21900ED
:10F84C0028700122F520FEF7F8FD431E9841A04BCD
:10F85C00C0B21870FEF78DFE012802D000229D4B1D
:10F86C001A70FEF7B3FE1090022802DD01229A4BAB
:10F87C001A709A4B1A78002A00D1C4E0924A127876
:10F88C003B2A00D8BFE0964B01221A70954B1A7098
:10F89C00954B1A78934B002A03D1914A1278002A7F
:10F8AC0001D001221A701B78002B05D02378002B75
:10F8BC0002D00122814B1A70FEF776FE794B8B49F0
:10F8CC001B780860002B05D00122894B022800D040
:10F8DC00A4E01A707F4E824C3378002B09D0237829
:10F8EC00002B06D00020FEF78DFC00227A4B1092E4
:10F8FC001A702378764C002B00D195E07D4B7E4A14
:10F90C001A80754B1B78002B02D001227B4B1A708E
:10F91C0001257B4B1D60FCF705FA2378D8B2002B30
:10F92C0003D1784B1D70FEF77BFCFEF761FE764B26
:10F93C001860674B1B78002B06D0FA216D4A8900A2
:10F94C0013885B189BB21380604B1B78002B04D080
:10F95C00684A13880A339BB21380684B1B78002BC0
:10F96C0004D0644A138864339BB213805D4B674C9C
:10F97C001B78DAB20F92002B00D1F8E0FEF782FE72
:10F98C0020780300083B5A1E93410822DBB20F93E8
:10F99C00574B09901B781492002B05D00321F8F7D4
:10F9AC00BFFB0130C3B209930023012022785849D0
:10F9BC009A4200DDE3E002F057FF564C08991EA86E
:10F9CC0001F074FA48221EA9200007F094FDFEF7FE
:10F9DC0058FD1B90FEF7F8FEFEF782FEFEF794FE34
:10F9EC00FEF7A8FEFEF7BCFEFEF7D0FE4A4B1B78D6
:10F9FC00002B01D0FCF790FA444B01241A784749AC
:10FA0C0000234748C3E01B78002B00D140E72E4B66
:10FA1C001B78092B00D83BE7334B35E702201A70D3
:10FA2C000860FEF7E1FB55E73E4B1B78002B1BD023
:10FA3C002D4B1B78002B17D02E4B3B4A1A8023786A
:10FA4C00DCB2002B00D070E7012502222B4B1D707D
:10FA5C002B4B1A601D4B1C70FEF774FBFCF762F904
:10FA6C00284B1D7020005EE71C4B1B78002B5FD0D1
:10FA7C003378002B5CD02378002B09D11D4B2B4AFB
:10FA8C001A8001231D4A13701D4A13601D4A1370FE
:10FA9C0000242C70FEF756FBFCF744F9E2E7C04655
:10FAAC0059630020E8010020E80A00205863002078
:10FABC000070874000D0864000208C404C630020B2
:10FACC000000E03FD0030020F10A0020C7650020B1
:10FADC00C565002078670020F00A00207D670020B3
:10FAEC007B6700207C6700207A670020EC010020F7
:10FAFC005C630020706700201027000081670020E5
:10FB0C004C020020C6650020D00A002051020020C3
:10FB1C00F1010020880A0020AF650020E4030020DA
:10FB2C006A63002079670020204E000030750000C9
:10FB3C00734B1B78002B00D1F7E63378002B00D0E9
:10FB4C00F3E62378DEB2002B00D0EEE601246D4BF9
:10FB5C006D4A1A806D4B1C706D4B1C602E70FEF73D
:10FB6C00F1FAFCF7DFF86B4B30001C70DBE6FEF7AC
:10FB7C0012FD0323434309930F9B149314E7C854BA
:10FB8C00013315E7CD5C052D00D9C45401339A42DD
:10FB9C00F8DC00F057FE03F05DFBFA20C00004F027
:10FBAC000DFF0023119315930B93FFF78DFC5A4C0B
:10FBBC00236B012B3DD1594B1B78002B39D003F013
:10FBCC00D9FB022835D1FEF78CFC012831D103F08A
:10FBDC00D1FB01282DD003F0CDFB012829D05048B2
:10FBEC00236804220370030039331A704D4B002430
:10FBFC001A68030078331A800300FF227E331A70D0
:10FC0C00312503F0A9FF03F095FF04F009F9002258
:10FC1C00E30FA5425341DBB2934201D0904203D192
:10FC2C00FCF780F833B0F0BD0A2004F0C7FE0134B5
:10FC3C00EBE7A269E369A06AE16AFAF7A9F9FBF7B5
:10FC4C00F3FCAF22384B00210C90120118000793E3
:10FC5C0007F0BCFBAF22354D00212800120107F044
:10FC6C00B5FBAF22324E00215201300007F0AEFB43
:10FC7C00AF22002152012F4807F0A8FBAF222E4FD4
:10FC8C0000215201380007F0A1FB6B461B8E32009D
:10FC9C0029000E93009307983B0003F0BFFA274B03
:10FCAC001A4D1A782B78134022003C3212781A42E3
:10FCBC000CD035342378002B08D00498059903F028
:10FCCC0011FB002301222B701D4B1A7000221D4BBF
:10FCDC001A8002F0D1FF104B9868D96802F02AFF05
:10FCEC0003F024F802F0C2FF07900028FAD1164B5B
:10FCFC001B78DAB20A92002B28D103F0D7FE91E7D9
:10FD0C007D67002070670020409CFFFF816700200A
:10FD1C004C020020C6650020880A0020E901002062
:10FD2C00E00900207467002084570020944C0020C8
:10FD3C00B4360020D4200020F40A00207F67002075
:10FD4C001B0A00206E67002050020020D34B079A3C
:10FD5C00D3491A80D34AD44B966B176809785E70D6
:10FD6C00FBB2002905D0126C002A02D01B019B1893
:10FD7C00DBB2CD4CCD4A2370CD4BCA4D22626362AF
:10FD8C00286A696ACB4ACC4B22636363A262E36242
:10FD9C002300883318605960AA6AEB6AFBF718F8DD
:10FDAC00FBF742FCC317C0185840FBF779FCC34B58
:10FDBC0090341B7820606160002B37D05A231AAA2C
:10FDCC009B1800223E351A802B780124934201D1D6
:10FDDC00BB4B1C78BB4B1B78002B12D0BA4B1B783F
:10FDEC00002B09D0AF49B94B002208694969F8F7D3
:10FDFC001DFB0023984206D0B54B1B78002B00D07E
:10FE0C0057E2012323405A241AAAA41831003A00BD
:10FE1C000C980094FBF716FEAE4B22881A80AE4B62
:10FE2C001B78002B00D050E201F00EF8049A059BD1
:10FE3C009D490E98FDF746F9A24B1B78002B09D073
:10FE4C00984B1A6B012A00DD42E25A6BA34B1A4203
:10FE5C0000D03DE2129E139F9A4B1A78984B1B7858
:10FE6C00002B00D152E29E489E4900780B78002866
:10FE7C0000D148E28C48013B046C456C181C04947E
:10FE8C0005951B0600D5002008709649964B0978FD
:10FE9C001970964B1B78002B03D09549954B09682C
:10FEAC0019600021944B1B788B4208D193487D4BF1
:10FEBC000078884203D036331B785B42D9B2904B22
:10FECC00794C1970002A5FD0764B0C93824B1B78BF
:10FEDC00002B59D18B4D089B320028686968009320
:10FEEC003B00FFF753FB20626162FFF7D9FB2269ED
:10FEFC00636912921393089B206361630093129AB7
:10FF0C00139BFFF7F7FB22696369129213932A681C
:10FF1C006B68A062E162206C616C00920193129A92
:10FF2C00139BFCF77DF90B0002000C99A260E360B7
:10FF3C003F310978002909D00C990C983D3109788A
:10FF4C000068FCF715FB8034206061600021564D81
:10FF5C00544CAA68EB680091216C2068FBF79EFE5C
:10FF6C00099B694A013B09931378383501331370A7
:10FF7C00664B28701B78002B06D03D3423785A42F0
:10FF8C005341119AD31811930498059901F026FB4B
:10FF9C004B4B1B78002B08D05D4B1B78002B04D0EF
:10FFAC005C4B5C681B68049305943E4C2068FBF723
:10FFBC00FFFE594B1870002002F046FA0F9B002BE5
:10FFCC0003D0119B149A934208D0099B002B00DD9F
:10FFDC00C4E136342378002B00D1BFE101224F4B12
:10FFEC001A70FEF755F8FEF70BF8FEF721F84C4B9C
:04FFFC001B78002B43
:020000040801F1
:1000000000D1AAE14A4B1B78002B00D1AAE0444B57
:100010001C685D68474B20001A685B680C920D9362
:10002000454B29001A685B68129213930C9A0D9B3A
:10003000F9F7EEFB414B1C901D911A685B68129812
:100040001399F9F7E5FB02000B001C981D99FAF7CC
:10005000C5FE4B005B08179316900022169817995F
:10006000374BF8F7EFF9002811D1129A139B2000B3
:100070002900FAF7B3FE4B005B0819931890002291
:10008000189819992E4BF8F7F1F900286AD00C9AB4
:100090000D9B1F4C2B4D20686168FAF79FFE2A4A82
:1000A0002A4BFAF7B5FB53E06C6700205C63002035
:1000B000880A0020E00900208FC2F5285CFF584024
:1000C0000E2DB29DEFFF58407F670020E901002010
:1000D0005A6300205963002000004440E8010020DA
:1000E000520A0020C40A0020FF00FF00FD03002088
:1000F000A4660020180A0020BD0A002074670020B2
:10010000686700207C670020C60A00205E0A002085
:1001100040020020F20A00200D040020BE0A002048
:1001200038020020190A0020E1030020D3650020D6
:10013000A066002028020020E00A0020E80A002033
:1001400000002440600A00203BDF4F8D976E923FF5
:100150002A686B68F9F75CFB0C9A0D9B2860696054
:100160002260636001228D4B1A708D4B1B78002B2F
:1001700001D0FDF7D5FFFDF7EBFF8A4B1B78002B75
:100180000CD02C226B469B181878FEF756F80B9B68
:10019000002B03DD844B0B9A1599D154834B1868BF
:1001A000C0B2FEF727F9824B1B78002B03D0FDF776
:1001B000D1FEFDF71BFF7F4B1B78062B00D0CFE055
:1001C000FEF701FA0130C0B2FEF71BF8FBF7B0FDF5
:1001D0001A9B581CC0B2FEF722F80021FA20FEF745
:1001E000CDFB754B1B78002B04D1109B581CC0B263
:1001F000FEF70EF81A9B092B05D9012002F02AF907
:100200000020FEF70CF8FDF7EDFDFDF715FE6B4B3A
:100210001868596801F0AAF9694B1868596801F023
:10022000B7F9684B18680130FE2800DDFE20186021
:10023000C0B2FDF7FBFFFEF7F3F90130FEF704F85B
:10024000FF22614B1A70614B1B78002B08D0604B6A
:100250001B78002B04D0554B5E4A5B6C9BB213801D
:100260001B9B012B0BD10A9C5B4B02940E9C5B4A9F
:1002700001945B4C5B495C48009403F02BFA5B4BA8
:100280001B78002B02D10A9B002B15D0584803F095
:1002900069FC312403F054FC03F0C8FD0022079BE5
:1002A0000799DB0F8C425341DBB2934201D090425D
:1002B0006AD10A9B002B6ED1129613977BE43B49BF
:1002C0004C4B00228868C968F8F7B6F800239842BA
:1002D00000D09CE59DE5484B1870ADE5474D28786A
:1002E00002F03AF9424C2B78A061022B0ED102F0B9
:1002F00043FA06000F00424B266167611E605F6093
:10030000404B1B78002B00D1AAE5ABE502F078F951
:10031000EFE701330B70BEE5002A00D1C7E53A498B
:10032000224B0978002900D0C1E538480078002820
:100330000FD0319136492E480978046C456C0494ED
:100340000595002900D1B2E519689B6B0B911593B7
:10035000ADE5319B01333193A9E5104A137004E7F1
:100360000020FDF74EFF33E7284B2A4A31A91B78BE
:10037000127800910498059901F00AFDFF22264B9E
:100380001A7000230A936BE70A2004F01DFB079BF9
:100390000133079380E700F061FA49E4C765002064
:1003A000A26600207B6700209F650020880A00204D
:1003B0007F670020190A0020F00A00203802002080
:1003C00040020020D00A00205E0A00205A6300206C
:1003D000E80100206C670020D4200020B436002003
:1003E000F40A0020944C0020845700204D01002086
:1003F000E009002000003E40F0010020EA0100205A
:1004000010000020BC0A0020C40A00200D040020B7
:100410000C040020FD0300205F0A002001210A4B8C
:1004200082B01A6C0A431A641A6C0A408021009246
:10043000009ADA6B49050A43DA63DB6B0B400193E0
:10044000019B02B07047C0460010024010B5040086
:1004500094B01422002102A806F0BEFF342200212D
:1004600007A806F0B9FF174B22689A4227D120232C
:1004700007A8079305F068F9002801D0FFF728F8CE
:100480000222114C1148636B02A913436363636B2F
:1004900013400093009BC0230293AE3B03930023C1
:1004A000049305930633069304F094FC8022E36BD7
:1004B00092031343E363E36B13400193019B14B076
:1004C00010BDC0460054004000100240000400501F
:1004D00010B504008EB03422002101A806F07CFF84
:1004E000104B22689A421BD180239B0201938023E8
:1004F00001A85B000D9305F027F9002801D0FEF755
:10050000E7FF8022084B1202D96D0A438021DA6589
:10051000DA6BC9000A43DA63DB6B0B400093009B84
:100520000EB010BD002800400010024010B50400BD
:100530008AB01422002105A806F04EFF23681F4A46
:1005400093421CD180211E4B49011A6CA0200A4302
:100550001A641A6CC0050A4001210192019A5A6B73
:100560000A435A635B6B0B400293029B154B05A930
:1005700005930223069304F02DFC0AB010BD124A25
:100580009342FAD180210E4BC901DA6B0F480A431E
:10059000DA63DA6B0A4008210392039A5A6B0A4322
:1005A0005A635B6B0B400493049B1A230593183B1F
:1005B0000693013B099305A9DDE7C04600300140E1
:1005C00000100240C280000000380040000C0050C3
:1005D0007FB50368324A934212D11021314B11206A
:1005E000DA6B0A43DA63DB6B00220B4001930F39AD
:1005F000019B04F0FBF9112004F022FA07B000BDC2
:10060000294A93420FD12021264B1220DA6B0A434C
:10061000DA63DB6B00220B4002931F39029B04F06C
:10062000E5F91220E8E7214A934210D180211D4BC1
:1006300009021A6C13200A431A641B6C00220B4037
:1006400003930121039B04F0D1F91320D4E7184A46
:10065000934210D18021134B89021A6C15200A4352
:100660001A641B6C00220B4004930121049B04F0CC
:10067000BDF91520C0E70F4A9342BFD18021094B35
:10068000C9021A6C16200A431A641B6C00220B4024
:1006900005930121059B04F0A9F91620ACE7C0469B
:1006A00000100040001002400014004000200040F4
:1006B000004401400048014070B5060094B0142287
:1006C000002102A806F088FE3422002107A806F0C7
:1006D00083FE274B32689A4247D1012307A807932C
:1006E00005F032F8002801D0FEF7F2FE8021214B00
:1006F000C9011A6CA0200A431A641A6C00250A402A
:100700000092009A0122596BC005114359635B6B3B
:1007100002A913400193019BB0235B0102930223C2
:10072000049503930595069204F054FB124C134B69
:1007300020002360322363604E33A560E5602361AF
:100740006561A561E561256204F0DAF9A84201D08E
:10075000FEF7BEFE0022331D1B201100DC67A662DF
:1007600004F044F91B2004F06BF914B070BDC046CE
:1007700000380140001002402C0600200800024012
:10078000FEE7FEE77047704710B504F00BF910BDA7
:1007900010B5024804F0CAFA10BDC0462C0600206D
:1007A00010B5024805F06EFA10BDC0464C08002096
:1007B00010B5024805F066FA10BDC04600080020DA
:1007C00010B5024805F05EFA10BDC046B40700201F
:1007D00010B5024805F056FA10BDC0466807002063
:1007E00010B5024805F04EFA10BDC0461C070020A7
:1007F00010B5024805F034FC10BDC0468806002044
:1008000010B5034B012218685968FEF729FA10BD8C
:100810009400002010B5034B002218685968FEF7B9
:100820001FFA10BD9400002010B5034B0122186878
:100830005968FEF715FA10BD8C00002010B5034B67
:10084000002218685968FEF70BFA10BD8C000020D2
:1008500010B5FFF7D5FFFFF7E7FF10BD10B5FFF7A5
:10086000D9FFFFF7EBFF10BD10B5034B012218684D
:100870005968FEF7F5F910BD7400002010B5034B60
:10088000002218685968FEF7EBF910BDC40000207B
:1008900010B5034B012218685968FEF7E1F910BD45
:1008A000C400002010B5034B002218685968FEF7F9
:1008B000D7F910BDBC00002010B5034B0122186809
:1008C0005968FEF7CDF910BDBC00002010B5034BF0
:1008D000002218685968FEF7C3F910BDB400002063
:1008E00010B5034B012218685968FEF7B9F910BD1D
:1008F000B400002010B5034B002218685968FEF7B9
:10090000AFF910BDAC00002010B5034B01221868F0
:100910005968FEF7A5F910BDAC00002010B5FFF72F
:10092000ADFFFFF7BFFFFFF7D1FFFFF7E3FF10BDFC
:1009300010B5FFF7ADFFFFF7BFFFFFF7D1FFFFF7E0
:10094000E3FF10BD304B10B5186800225968FEF760
:1009500087F92E4B002218685968FEF781F92C4B55
:10096000002218685968FEF77BF92A4B00221868A4
:100970005968FEF775F9284B002218685968FEF788
:100980006FF9264B002218685968FEF769F9244B65
:10099000002218685968FEF763F9224B0022186894
:1009A0005968FEF75DF9204B002218685968FEF778
:1009B00057F91E4B002218685968FEF751F91C4B75
:1009C000002218685968FEF74BF91A4B0022186884
:1009D0005968FEF745F9184B002218685968FEF768
:1009E0003FF9164B002218685968FEF739F9144B85
:1009F000002218685968FEF733F9124B0022186874
:100A00005968FEF72DF910BD44010020CC000020EC
:100A1000E40000203C010020340100202C010020D3
:100A2000240100200C010020F4000020040100201B
:100A3000FC000020EC00002014010020DC0000205D
:100A4000D40000201C01002010B5FFF77BFF074BEE
:100A5000012218685968FEF703F9054B012218684E
:100A60005968FEF7FDF8FFF7FFFE10BD5C0000209F
:100A70006400002010B5FFF765FF034B00221868E3
:100A80005968FEF7EDF810BD5C000020304B10B542
:100A9000186800225968FEF7E3F82E4B0122186807
:100AA0005968FEF7DDF82C4B012218685968FEF7EB
:100AB000D7F82A4B012218685968FEF7D1F8284B5D
:100AC000012218685968FEF7CBF8264B01221868F6
:100AD0005968FEF7C5F8244B012218685968FEF7DB
:100AE000BFF8224B012218685968FEF7B9F8204B6D
:100AF000012218685968FEF7B3F81E4B01221868E6
:100B00005968FEF7ADF81C4B012218685968FEF7CA
:100B1000A7F81A4B012218685968FEF7A1F8184B7C
:100B2000012218685968FEF79BF8164B01221868D5
:100B30005968FEF795F8144B002218685968FEF7BB
:100B40008FF8124B002218685968FEF789F810BD1B
:100B500044010020CC000020E40000203C010020E3
:100B6000340100202C010020240100200C01002071
:100B7000F400002004010020FC000020EC00002014
:100B800014010020DC000020D40000201C01002003
:100B900010B50400002901D0FFF7D4FE601E0E2816
:100BA0000FD8F7F7AFFA080F11131517191B1D1FF0
:100BB000212325272900114B186801225968FEF7C7
:100BC0004FF810BD0E4BF7E70E4BF5E70E4BF3E772
:100BD0000E4BF1E70E4BEFE70E4BEDE70E4BEBE75D
:100BE0000E4BE9E70E4BE7E70E4BE5E70E4BE3E76D
:100BF0000E4BE1E70E4BDFE70E4BDDE7CC000020AC
:100C0000E4000020240100203C010020F40000202A
:100C10003401002004010020FC0000202C010020F1
:100C2000EC0000200C01002014010020DC0000205A
:100C3000D40000201C010020F7B50190FFF782FED0
:100C4000284B294A1B780B270092002B04D1274BF5
:100C50001B78002B00D0177800242600244D009B21
:100C60001B78A34200DCF7BDB742FCDD2A780134D3
:100C7000002A1CD02000A34200DAE01A019B002BBE
:100C800001D000232B7002381A4B0C2809D8F7F733
:100C900039FA0710121416181A1C1E2022242600D6
:100CA000154B186801225968FDF7DAFF0136013546
:100CB000D5E7124BF5E7124BF3E7124BF1E7124B76
:100CC000EFE7124BEDE7124BEBE7124BE9E7124B64
:100CD000E7E7124BE5E7124BE3E7124BE1E7124B74
:100CE000DFE7C0465963002051020020E8010020E0
:100CF000F1010020CC000020E400002024010020AD
:100D00003C010020F40000203401002004010020F8
:100D1000FC0000202C010020EC0000200C01002031
:100D200014010020DC000020D400002010B5FFF7E3
:100D300009FE034B012218685968FDF791FF10BDA9
:100D4000440100200120704710B506F0ADFB1623CA
:100D500003600120404210BD10B506F0A5FB16232C
:100D60000360FEE770B50E0014000025A54201DB0C
:100D7000200070BD00E000BF70550135F6E770B58A
:100D80000E0014000025A54201DB200070BD705D3F
:100D900000E000BF0135F6E70120404270478023A4
:100DA0009B0100204B607047012070470020704776
:100DB0000B490C4A0300521A0B4910B50868002869
:100DC00001D10A4808600868C318934206D906F0A2
:100DD0006BFB0C2303600120404210BD0B60FCE75D
:100DE00000040000009000204863002048690020B3
:100DF0007047000070B5FDF738FC0E4C0E4D2060BA
:100E00002B780F280DD1002B01D10F2070BD0E20A3
:100E1000FDF7DAFA0E2323602B78002BF5D020683B
:100E2000F4E70E28F8D1002BEFD00130FDF7CCFA13
:100E30000F23F0E71C020020C16500200F2802DD0F
:100E4000024B18787047024BC05CFBE7F0010020B2
:100E50009F650020144A30B514680F2C23DC134B17
:100E60001D78002D02D0092800DD0920104B1B78C9
:100E7000002B02D00923082802DC031E00DC01231A
:100E8000110034310978906B29400125082800DCD5
:100E90000025294204D0984202DD51680131516099
:100EA0009363044AA35430BD880A00205A6300208B
:100EB000E90100209F65002070B50400FDF77CF873
:100EC000FDF738F8FDF7C8FB174B18491870184B99
:100ED0001B78002B04D1174B1B78002B04D016492C
:100EE0004822200006F00DFB144B1B78002B09D084
:100EF000012213490A70032B04D918001040134231
:100F000000D10870FFF776FF0500FFF797FF012279
:100F10000C4B25601A7000230B4AA063137020004D
:100F20002364636470BDC046EA010020A001002074
:100F300059630020E801002058010020B06500201E
:100F4000C1650020E90100205A630020F0B5674B1D
:100F500085B01A780293170000230126644965487A
:100F600093422EDBFAF74AFD05F014FF0023624D91
:100F70002B646B64614B1C78002C30D0029B1A7878
:100F80002B003C331B78002B26D12B680133934276
:100F900000DD9B1A01215A4A2B609954594A136863
:100FA0005B181360029B574C1A7823689A4206D14B
:100FB0000D2200214E4806F00FFA0023236005B0F1
:100FC000F0BDCC5C0133002C02D1C45C002C01D0FC
:100FD000013FC5E71E00C3E74B4B1B68DAE74B4BED
:100FE0001B78002BDED0424A0192002F5CDD012FDE
:100FF00007D12E609619434A013E136837700133BA
:10100000CFE7022F52D005F0F5FE029B1E7831008B
:10101000F7F7FCF9019B5B5C002BF4D13C4F7B5C48
:10102000002B01D0002CEED04B1C2B600123019A29
:101030005354344A1368013313609E42B2DD05F005
:10104000D9FE029B1B7819000393F7F7DFF9019B88
:101050005B5C002BF3D17B5C002B01D0002CEED02D
:101060004B1C2B640123019A264E53543368039A78
:10107000013333609A4295DD05F0BCFE029B19787E
:10108000F7F7C4F9019B5B5C002BF5D17B5C002B6F
:1010900001D0002CF0D04B1C6B640123019A5354F7
:1010A0003368013333607DE71C00ACE7019B2E60A1
:1010B0009E190123134A013E337013681448591CCA
:1010C000116002990F78A74200DC6BE701990E5D71
:1010D000611C002E08D1065D002E05D12964012176
:1010E0000198023301555CE70C00ECE75102002047
:1010F0005D63002069630020880A00205963002096
:101100005C6300205463002050630020E80100204D
:101110006A630020F7B5C04F00213B003E331970D1
:1011200001233B630223FF33BB863B000D22363392
:10113000BA481970B9873964796406F04DF9B84B2B
:101140001E78002E00D17FE0B64B00221B78002BCA
:1011500078D08023DB05BA61FB610022B24BBA6014
:10116000FB600022B14B3A617B610022B04BBA6256
:10117000FB6203237B60AF4B00221C685D68AE4BB3
:1011800020002900F7F772F9002801D00024AA4DA9
:10119000AA4B1B780093002B02D0A94B1C685D68FA
:1011A000002220002900A74BF9F718FEA64AA74BFA
:1011B000F9F72EFB02000B000020A549F9F70EFEFF
:1011C0000022A34B04000D00F7F750F9002801D0CE
:1011D00000249F4D9F4B3C627D621B78002B51D0B9
:1011E000009B002B47D19C4B5C681B689B4A00937B
:1011F0000194138801339BB21380002E3ED0984B8C
:1012000000221C685D68974B20002900F8F700FB5E
:10121000954BB862F9621A685B6820002900F8F7FC
:10122000F7FA894A04000D0000980199874BF9F7F5
:10123000EFFA02000B0020002900F9F7CFFD386219
:1012400079621FE0894B86E7894B1B78002B92D08F
:1012500080230022DB05BA61FB610022854BBA6066
:10126000FB600022844B3A617B610022834BBA62AF
:10127000FB6202237EE700230024B7E77C4B1B7848
:10128000002BBCD17E4B1B78002B00D186E0002EBA
:1012900000D17BE0FDF7BBF9002803D0794B1B7828
:1012A000002B06D0784B07221D78002377499D42FA
:1012B00063DC0122584B1860754BC254754A1368A1
:1012C000013313600121744A534B117003225A6099
:1012D00000223F331A70714B4F4C1B78002B06D005
:1012E00023003E331B78002B01D00123636020686C
:1012F000FFF7A4FD226B6368A0639A4203D1230029
:10130000012236331A7023003C331B78002B14D192
:10131000634B1B78002B10D0624900220868496893
:10132000614BF7F78FF8002807D0206A616A002226
:101330005E4BF8F76DFA2062616223003D331B7843
:10134000002B07D0206A616A0022584BF8F760FA38
:1013500020626162206A616A00223D4BF7F786F8DD
:10136000002803D000223A4B226263620022504BD5
:101370001A70504B01321A70F7BDCE5C5C1C96425D
:1013800002DC2000CA5CD2B2230090E7384B1B7805
:10139000002B00D196E7FFF7D9FD93E7464B1E4C93
:1013A0001B78394D002B26D1002082332360230087
:1013B000012242493C33A061E16100201B491A70BF
:1013C0003F4B2061616119781300002906D03D4B25
:1013D000197802230F392C2900D913006360FDF717
:1013E00061F9394B2A7802301860904200DC72E7CC
:1013F000801A18606FE7230001223E331A70FDF750
:1014000051F92B7801302060984201DDC01A20602C
:10141000FFF79CFD5FE7C046880A00205D6300205F
:10142000596300204C6300200000594000004440F4
:1014300000908A404002002000488C40A0660020B6
:10144000E80A0020004085409A9999999999E93FC6
:1014500000608340C7650020C865002070670020D9
:101460002002002000206C40380200200000F03FE5
:10147000E801002000003E400000544000E08540AC
:10148000816700207867002051020020E4030020DB
:101490005C63002054630020C50A0020180200206D
:1014A0005B63002020000020000014400000494041
:1014B000E90100205A6300207B67002000000840FB
:1014C0007C670020F10A00205063002010B50D2237
:1014D0002821034805F080FFFCF74EFD10BDC046F3
:1014E0008463002010B568220021034805F074FFD2
:1014F000FCF7A2FC10BDC0466864002010B568244B
:1015000022000021064805F067FF2200002105485F
:1015100005F062FFFCF7BAFCFCF7E2FC10BDC04628
:10152000006400209863002010B568220021034861
:1015300005F052FFFCF756FC10BDC046D0640020F9
:1015400010B50D22FF21034805F046FFFCF724FDEE
:1015500010BDC0467763002010B50220FCF74AFE9C
:101560000222014B1A6010BDEC010020D0B506002C
:101570000F00054C60220549200005F01BFF266680
:101580006766FCF783FCD0BD00640020086400207F
:10159000D0B506000F00054C60220549200005F07B
:1015A00009FF26666766FCF79BFCD0BD98630020A8
:1015B000A0630020F8B50C684D68066847682B00EA
:1015C000220030003900F6F73DFF03000120002B18
:1015D00008D12B00220030003900F6F747FF431EE8
:1015E00098414042F8BD0000F0B5D14B93B01B7854
:1015F00004900591002B00D1C9E0CE4ACE4B116B6F
:1016000018780139CD4BC9005B18002800D1E1E101
:101610000498059918605960130035331B78002B26
:1016200002D10121C64B1970130036331B78002BF1
:1016300000D1ACE0536800240693C24B00261B780F
:1016400000275A425341069A9B18043B1D000293FF
:10165000BA4B0C93069B9D4200DAC0E1BA4B002CBA
:1016600000DC2FE2002220001A70FAF71FF8089021
:10167000099102000B0030003900F8F78FFC0026BA
:1016800000270E900F91029CAC4D069B9C4200DA05
:10169000BFE1089A099B30003900F8F77FFC06F09B
:1016A000A7FD00230026002708930C900D91A34B63
:1016B0001193029B069A934200DACCE10898F9F75D
:1016C000F5FF02000B0030003900F8F767FC060058
:1016D0000F009E4B9E4C1D789E4B266067601B78CA
:1016E0005BB2022B00DD24E201229B4B1A70002D1D
:1016F00014D09A4B9A4D02931B78002B00D1FEE137
:10170000002230003900974BF6F79CFE002800D1EC
:10171000F5E10023012202992A700B70924B1B788D
:10172000002B34D020686168904B914D1A685B683B
:10173000F9F754FB8F4B286069601B6800210C2B64
:1017400001DC0D31C91A00230D228B48FAF70CFC7D
:101750007F4C2668676832003B00F9F73FFB029038
:101760000391039B029A5B00100059080022834BEF
:10177000F6F77CFE00280AD00122814B1A70814BBB
:101780001E605F60794B1A685B68226063607E4B05
:101790001B78002B00D1C8E07C4B664A1B78002BDD
:1017A0004FD17B4B1B78002B4BD07A4B1B78002BF7
:1017B00047D11268784B013AD2009B181C685D68CB
:1017C0000022002320002900F6F750FE002838D020
:1017D000724B1B8818000293F9F768FF00220F0074
:1017E00006006F4B20002900F9F712F802000B00E9
:1017F00030003900F6F726FE6A4F002807D0002295
:1018000020002900684BF6F73BFE00280CD1029B14
:10181000042B00D9B1E1002220002900634BF6F728
:101820002FFE002800D1A8E100223B6801333B6075
:10183000574B1A705E4B1A705E4A1388C8339BB2BE
:101840001380584A1368042B0BDD01215A4B0020EA
:101850001970002300211360584B18605960FFF77E
:1018600041FE4A4B1B78002B00D188E1474B314D9C
:101870001B780293002B1CD145492B6B2A680878F2
:10188000013B4F49013ADB00434CD200CB18002802
:1018900000D1E5E10498059918605960494BA418F6
:1018A0009B18186059603D4B1888F9F72DFF206090
:1018B00061602B0036331B78002B36D02B003D3374
:1018C0001B78002B03D0254B1B78002B1ED1002446
:1018D0006B6808933C4B1B78A34201D1089B9C1E6C
:1018E000002500260027364B0A93089B9C4200DA0D
:1018F000C0E1002D0ADD2800F9F7D8FE02000B0038
:1019000030003900F8F74AFB04900591204B1B7812
:10191000002B0AD0029B002B07D10499059A2B4B70
:1019200019605A6001222A4B1A7013B0F0BDC046EC
:10193000E9010020880A0020FD030020F86500204E
:10194000D2650020C16500204802002058630020B5
:1019500040020020A4660020A2660020E8010020CA
:101960005963002000708740C7650020E80A002006
:10197000C8650020D00A00209863002000002440A1
:10198000A0660020280200205A630020C40A00201C
:101990000D0400207C67002068640020560A0020A7
:1019A0000000D03FB46500200000444000003440F7
:1019B0000C0400206E670020D1650020D8030020B1
:1019C000D8650020D06400201802002038020020D2
:1019D000B2650020C448C5491860596024E60C9AD5
:1019E000EB009B181A685B6808920993089809999C
:1019F000BD4ABE4BF6F726FD002808D0089A099B81
:101A000030003900F7F704FF06000F0001340135FC
:101A100020E6E3005B191A685B680C920D930C9842
:101A20000D99B14AB14BF6F70DFD002811D00E9A71
:101A30000F9B0C980D99F9F7D1F902000B00F8F7FC
:101A4000E7FE02000B0030003900F7F7E1FE060068
:101A50000F00013419E6029B119ADB009B181C68E9
:101A60005D68A14A20002900A04BF6F7EBFC002896
:101A700024D00E9A0F9B20002900F9F7AFF94B00F4
:101A80005B080A900B930A9A0B9B0C980D99F6F73A
:101A9000F7FC002807D10A980B990022944BF6F71F
:101AA000D1FC00280AD0089B30000133390008938C
:101AB00022002B00F7F7ACFE06000F00029B01335B
:101AC0000293F6E58B4A146855688B4A1278002A0F
:101AD00004D000221A7026002F00FAE501221A70A5
:101AE000864B00221E685F68002330003900F6F73D
:101AF000BDFC0028EFD00122814B1A70E9E52B785C
:101B0000002B00D10AE60022300039007D4BF6F7A9
:101B1000B7FC002800D101E60122029B02201A70C6
:101B200000232B70784B1860784B1A70FCF762FB1F
:101B3000F4E5774B1B780293002B00D1B4E0002230
:101B4000300039006F4BF6F77DFC00280CD06B4B52
:101B500000221E685F686B4B30003900F6F790FC7E
:101B6000002801D026606760002D00D09FE0B2E021
:101B7000029B002B00D1D1E5ADE000233B60654C1A
:101B80002378002B04D1644B1B78002B00D16DE629
:101B9000624B1B78002B04D1614B1B78002B00D0CB
:101BA00064E6604B1B78002B04D15F4B1B78002B45
:101BB00000D15BE6049805995C4B1A685B68F9F7FD
:101BC0000DF94B0059080022594BF6F74FFC594BC1
:101BD000002819D01A6801321A600023564A23706F
:101BE0001370564A13889133FF339BB213805149C7
:101BF0000B68032B00DC39E60122464B1A700023E8
:101C00000B604F4B1A7031E6434A1278002AEED02F
:101C10004B4A1278002AEAD101211A602170FAF7A2
:101C200087F8484C484D22696369206C616C2E68C6
:101C30006F6800960197FAF7F9FA02000B00A260AC
:101C4000E3604249424809780029D0D001003D3183
:101C500009780068FAF792FC803420606160C6E77A
:101C600021482249A41818605960002200232260EC
:101C700063601EE60A9AE3009B181A685B68069286
:101C8000079306980799184A184BF6F7DBFB0028CC
:101C900008D0069A079B30003900F7F7B9FD060017
:101CA0000F000135013420E6002D00D136E5294D25
:101CB0002B78002B00D15BE7234900220868496894
:101CC000104BF6F7DDFB002800D151E70122104B45
:101CD0001A7000232B70204B1B78002B00D01DE5C1
:101CE00001221E4B1A7019E50000C0FFFFFFDF4103
:101CF0000000244008020020B1650020E80A00200E
:101D0000A166002000708740EC0100205C63002089
:101D1000E80100200D040020E00300207C67002083
:101D2000E1030020C7650020D365002038020020B1
:101D300000004940B86500200C0400206E670020B8
:101D4000B2650020E009002040020020C70A002000
:101D5000880A00205963002048020020A266002063
:101D60000020094B10B51C78084B844205D0187828
:101D70000130C0B2FF2800D102381870FCF72BFBED
:101D80002000FCF71AFB10BD48020020B0650020BF
:101D9000F0B51E007C4B7D4C1F7887B002900391FC
:101DA000256B002F00D121E1A068E1680022784B6B
:101DB000F8F72EFDA269E369F7F72AFDF6F70AFCAA
:101DC000744B80B21880744B744A1B78032D1FD15A
:101DD000002B0BD080210020C905A061E16100200B
:101DE0006F49A060E16000206E4908706E4811786C
:101DF0000078002832D000295DD000206B49A06215
:101E0000E16200220220A91E88425241D1B228E09C
:101E1000002B21D0052D0CD16549097849B205293F
:101E2000E4D100206349644E2062616230607160D9
:101E3000DCE7042DDAD0062D09D15D49097849B2D5
:101E40000629D3D100205D4920616161CEE7032DD1
:101E5000CCDC002053490870012DC7DC1178002923
:101E6000CFD1002B2DD1504B1B78002B18D000293F
:101E700016D0A06AE16A0022514BF8F7C9FC029A19
:101E8000039BF7F7C5FC4C4B206261621E685F68DC
:101E900032003B00F6F7EAFA002801D026626762BA
:101EA000230036331B78002B12D0FFF759FFFFF7C2
:101EB00031F907B0F0BD002BD5D00022414BA26212
:101EC000E36200220223023DAB425241D1B2CAE793
:101ED000FEF790FF20603C4B1B78002B00D19EE268
:101EE0003A4B2A4D1B78002B00D198E22B0001249D
:101EF00035331C70002322001900FA202C63FCF7F4
:101F0000A2FA431E9841324A324B1278C0B218707E
:101F1000002A04D02A003E321178002912D11B7801
:101F20000324002B0ED02B003C331B78002B09D050
:101F3000294B1B78002B05D1284B07341B78002B2D
:101F400000D0073C2B6B6C60A34200DA63E20122F5
:101F50001E4B1A700D4C2068FEF770FF1A4BA063E1
:101F60001B78002BA5D01E4B1B78002BA1D0092875
:101F70009FD11C4B1868A063FEF76CFF1A4A1388A8
:101F80000A339BB2138094E7E9010020880A0020FD
:101F9000000024406C670020E80100205963002005
:101FA00000003E40B1650020D265002000407F4027
:101FB000A4660020005094400002002000C072403F
:101FC0000000E03F00E085405A630020BE0A002088
:101FD00018020020C46500207C670020F10A002060
:101FE000C3650020100200206E670020C34B1B78E1
:101FF0000593002B00D112E2C14B1B78002B00D1BE
:1020000002E1A269E369A068E168F7F701FCF6F76D
:10201000E1FABC4B80B218800021BB4ABB4B117067
:102020001A003C3212788A4200D137001A68B84947
:10203000013A8A5CD2B201921A003D321278002A2B
:102040000AD0002F00D0E4E01A0036321278002ABD
:1020500000D0DEE0FEF77AFFAE4BAC4C1B78002BD5
:1020600000D0F1E0002F14D0019B032B00D9F2E047
:10207000A34B1B78002B00D1E0E0A74900220868A1
:102080004968A64BF7F7C4FBA062E1620122A14BAD
:102090001A70A34D2B68042B09DCA24B1B78049308
:1020A000002B04D1002F1DD0019B032B1AD8944B79
:1020B0001B78002B00D1D3E0029A039B9649934EE4
:1020C00008684968F7F7A4FB306271620022954BFB
:1020D0002A601A70944B954A106C516C18605960C4
:1020E000059B049336342378002B00D1E9E00C9B48
:1020F0001B68052B03DC8E4B1B78002B4AD08D4BC5
:1021000000221C685D688C4B20002900F6F7AEF9B0
:10211000002801D00024884D002220002900874B90
:10212000F8F75CFE864A874BF8F772FB02000B005B
:1021300000208549F8F752FE0022834B04000D0071
:10214000F6F794F9002801D000247F4D6C4A6F4BBC
:1021500012781C625D62002A00D187E000207B4972
:102160009862D96200230C9A6A4D1360704A13700A
:10217000774B1B78002B02D02B78002B0AD1754CA3
:102180002678F9F7D5FD0023734A2B70137026705B
:10219000FBF7DEFF714B5D4C1B78002B6ED0704B54
:1021A0001B78002B6AD08223236000230022236443
:1021B00063640133A3876B4BA261E36100226A4B26
:1021C00022616361694B514C1B78002B0ED0684B28
:1021D0001B78002B0AD1049B002B07D0206A616A70
:1021E0000022644BF7F714FB20626162206A616A87
:1021F0000022554BF6F73AF9002800D16BE6002291
:10220000514B2262636266E6636C3E4A9BB2138066
:1022100002E7012236331A70434B0299039A196080
:102220005A60FCF73FFA544A544B12780130186058
:10223000904200DC10E7801A18600DE7504B1B78C5
:10224000002B00D019E721E7002F00D121E7019BE7
:10225000032B00D81DE7324A13680133136018E7D7
:10226000474B1B78002B00D026E72FE7444A127813
:10227000002A00D176E70020424971E72600424B50
:102280003E361D78002D00D18AE0FEF75FFE002368
:102290003D4A137001333370194B1B78002B1CD04F
:1022A0003A4B00221B78002B15D08023DB05A2615E
:1022B000E3610022364BA260E36000222A4B2261D8
:1022C0006361264A304B12781B78002A6ED0002BAF
:1022D00000D077E77BE02F4BE9E7294B1B78002BF9
:1022E000EFD080230022DB05A261E36100222A4BAC
:1022F000A260E3600022294BE1E7C0465A63002058
:10230000596300206C670020BC0A0020880A002066
:10231000E4030020D36500202002002000206C4050
:10232000BC6500200504002038020020E0090020E0
:10233000D16500204002002000488C4000408540CC
:102340009A9999999999E93F0060834000908A4051
:102350007C670020E1030020C7650020C50A00203B
:102360008167002000000840000044407B67002097
:10237000F00A002000004940510200205063002074
:10238000E801002000E08540C40A00204C630020E2
:10239000000059400000F03F00003E400000544063
:1023A000FEF7D4FD01233D3433702570224A234BC0
:1023B0001278002A00D005E71A0036321278002A77
:1023C00002D1196B022924D101223F331A701C4B10
:1023D0001A4E1B78346A756A002B00D1F2E619494F
:1023E000002208684968184BF6F72CF8002800D13D
:1023F000E8E6002F00D1E5E6019B032B00D9E1E6DA
:10240000002220002900114BF7F702FA30627162B6
:10241000D8E63F33DAE7002236352A709AE5002104
:10242000064B0B4A11701A6B01321A635B689A42B1
:1024300000DB8CE58EE5C046C40A0020880A002037
:102440005B63002020000020000014400000494091
:10245000BD0A0020F0B5002604003500394F9FB0BA
:10246000F31904AA18685968B31818605960002253
:102470000023F5F7E1FF4342584108362D18682E36
:10248000EED1002D42DD08222F4B0D2104A804F0CF
:1024900027FD6B10DA00ED073AD5130004AA9B184C
:1024A0001A685B68009201930099019A274B1960A2
:1024B0005A60002C2AD00025224B254C0393039B05
:1024C0000022EB181E685F68002330003900F5F722
:1024D000B3FF002814D10098019932003B00F8F7AF
:1024E0007DFC22686368F7F793F906000F00F9F79F
:1024F000A1F8C317C018584014281EDC2660676076
:1025000008350834682DDAD1FBF744FC1FB0F0BD64
:10251000013B04A9DB005B18190013000868496837
:1025200004AA9B181A685B68F7F772F90022094B36
:10253000F8F76EF900900191B6E7002200232260BF
:102540006360DDE7D0640020B5150108300200208B
:10255000386500200000E03FF0B585B00400FEF7CC
:10256000E7F9FEF7E3FB0A2002F02EFA022C1CD159
:10257000FEF7D4F9FA20800002F026FAF9F748FABB
:10258000002704001B4EFA2120008900F5F758FEB1
:10259000BB1BD917184D194A5B184B402880138074
:1025A000FEF7D0F9200005B0F0BDFA230024002585
:1025B00000279B000F4E0193F9F720FAC3170290F2
:1025C0000393029A039BA4185D41864200DD060036
:1025D000874200DA0700019B013B0193002BEBD1FE
:1025E000FA222000002329009200F5F78DFF040055
:1025F000C9E7C046FFFFFF005A660020586600206A
:10260000F0B5012700253E0097B003900C225749F2
:1026100007A804F076FF0AAB01930097ACB2200044
:10262000C53080B2FCF78CF9019B18702000D130C6
:1026300080B2FCF785F9242204AB15349B18FF34D3
:1026400058550290A0B2FCF77BF9019A02991278D2
:1026500010ABE854914200D081E0029A904207D03A
:102660000026370004E00026029A00968242F8D144
:10267000019A0135013201920C2DCFD1242104AAF7
:10268000521812781B780AAD13402A7813ACFF2A2F
:1026900006D0FF2B06D12800FBF7C1FA002701E086
:1026A000FF2B55D0009B002B56D1002E54D1002F6C
:1026B00052D00DAB23CB23C40398F8F7F7FF0022C9
:1026C0002B4BF8F78BFB00222A4BF7F767FC040033
:1026D0000D00139B04A80493149B04210593159BE0
:1026E000069301F045FA05A8042101F041FA06A875
:1026F000042101F03DFA22002B0020002900F8F708
:1027000087F8060004980F00F9F722F802000B0082
:1027100030003900F8F77CF8060005980F00F9F74B
:1027200017F822002B00F8F773F802000B003000B6
:102730003900F7F76DF8040006980D00F9F708F86E
:1027400002000B0020002900F7F762F817B0F0BD77
:1027500007AD2800FBF763FA07CD07C4ACE790424A
:1027600000D080E700221700009281E7108B01085B
:1027700030C0594180F1FAC0F8B505235B42584397
:10278000F8F794FF0022264BF8F742F80022254C78
:10279000254B20606160A260E36000228025234B0E
:1027A0002D0622616361A668E76822696369791969
:1027B0003000F7F7F3FBA061E16120686168A2696E
:1027C000E369F7F7EBFB20626162194A206A616AEC
:1027D000184BF8F703FB184A184BF7F7DFFBA0621A
:1027E000E1620022A06AE16A154BF7F7D7FB05F01A
:1027F000C9FC144A144BF7F70BF802000B00002039
:102800001249F7F7CBFB20636163114A206B616BC0
:10281000104BF8F7E3FAA063E163A06BE16BF8BD3E
:102820000000703E6066002000230E4160301F41B2
:10283000FCA9F1D24D62E03F1AB5F2C8C588DF3E6F
:10284000006AF840F86F702FADFA2B40004BB04093
:10285000666666666612714001220021044B1A709A
:102860005A709A709971D97019715A717047C0462F
:10287000C066002070B5FFF7EFFF494B494C1B784D
:10288000002B00D189E0484B1B78002B00D184E05D
:102890000323002500222381444BA381444B6581FF
:1028A000E58125826582A582E58225836583A583EE
:1028B00022626362A262E36200223E4B2263636390
:1028C00000223D4BA263E36300223C4B226463641D
:1028D00000223B4BA264E36400223A4B226563650D
:1028E00000220023A265E36522666366A266E366B2
:1028F00022676367230078331D8023007A331D80AD
:1029000023007C331D80230022007E331D800123A1
:1029100080321370220081321370220082321570CF
:10292000220083321370284A1570284A1570284AED
:102930001370284B1D70284B1D70284B1D60FBF732
:102940009DFE274B1870274B1D70274B1D70274B82
:102950001D70274B1D70274B1D70274B1D70274B7B
:102960001D70274B1D70274B1D70230088331D6081
:1029700023008C331D6023009A3498331D802580FA
:10298000FDF7D6FF204B214819685A68FAF7B8F9C5
:10299000F9F718F8FDF7D6FF70BD052379E7C046B3
:1029A0004C630020C06600205963002024F4FFFF20
:1029B00000F8914000E0854000207C400000544039
:1029C000000044400000F03FA4660020A366002001
:1029D0005002002080670020F20A0020546300208B
:1029E000B0650020D0650020B1650020D3650020CF
:1029F000D2650020C2650020C3650020A1660020CA
:102A0000A2660020A066002044000020A8660020E6
:102A100010B5144C6378002B14D0FCF72FFD102058
:102A2000FCF7D0FCE18A102089B2FCF7EDFC102005
:102A30000021FCF705FDFCF71FFD0023102063704B
:102A4000FCF79AFCF8F7F4FF22002300001280B292
:102A50008432108088339A341968238812885B0086
:102A6000CA5210BDC066002070B5204CA378002B60
:102A700014D0FCF703FD1120FCF7A4FC218B1120DE
:102A800089B2FCF7C1FC11200021FCF7D9FCFCF74E
:102A9000F3FC00231120A370FCF76EFCF8F7C8FFCD
:102AA0002300220025000012843380B218809A355A
:102AB0008C3211682A88188852008852188823009E
:102AC00088331A682B8890345B009B5A2668C01A9A
:102AD000C317C0185840F6F705FE2C88A4003051E3
:102AE0002B8801339BB22B8070BDC046C06600208E
:102AF00010B5FCF7C3FC0620FCF73EFCFCF7BCFC61
:102B00000122024B9A7100225A8110BDC06600203A
:102B100010B5FCF7B3FC0720FCF72EFC0E20FCF7E9
:102B20002BFC1020FCF728FC1120FCF725FCFCF7FF
:102B3000A3FC0122014BDA7010BDC046C066002024
:102B4000F8B502000B0000201F49F7F727FAF8F745
:102B500071FD0500F8F7AAFD02000B0006000F004A
:102B6000F6F756FEF5F736FD184C80B2E081E389A2
:102B7000A8B29BB22382E3899BB26382ABB2A382E9
:102B8000E3899BB2E382E3899BB22383F8F78EFD4E
:102B90000F4A104BF7F73CFEF5F71CFD0C4A0D4BA6
:102BA00085B239003000F7F733FEF5F713FD80B238
:102BB000F8F77CFD32003B00F6F72AFEF5F70AFD38
:102BC00080B26583A083F8BD8084EE40C06600209B
:102BD0005C8FC2F5285CEF3F10B5174CE378002BF3
:102BE00001D1FFF795FFFCF749FC218A072089B244
:102BF000FCF70AFCA18A0E2089B2FCF705FC618B68
:102C0000102089B2FCF700FCA18B112089B2FCF7DF
:102C1000FBFB00210720FCF713FC00210E20FCF732
:102C20000FFC00211020FCF70BFC00211120FCF709
:102C300007FCFCF721FC10BDC066002010B50C4C51
:102C4000638901339BB26381628923899A4203D2EB
:102C5000084B1B78002B0AD1FCF710FC0620FCF770
:102C6000B1FBFCF709FC0023A371FFF7B5FF10BD12
:102C7000C066002050020020014B1879C0B2704796
:102C8000C066002010B5154B154C186A596A2062B1
:102C90006162986AD96A20636163186959699A699F
:102CA000DB692064616422656365206A616A226B66
:102CB000636BF8F793F8A063E163206A616A226DA1
:102CC000636DF6F7A5FDA062E1620022206C616CE5
:102CD000044BF7F79DFDA064E16410BD880A002055
:102CE000C06600200000E03F10B5104C10492300E2
:102CF000783308881A88904207D01A880D4892B213
:102D00000A80198889B2FAF729F822007A347E32CB
:102D100011882388994207D0238806489BB21380E4
:102D2000218889B2FAF72AF810BDC046C066002093
:102D30003C670020A86600200022F8B5644B654C73
:102D40001A8023007A331A80FFF7CEFFFDF78CFD3F
:102D5000614B624D1F78624E002F2BD02B00363313
:102D60001878FDF769FF3378002B4DD0A26AE36A2B
:102D7000A265E3650022A06DE16D5A4BF7F748FDAF
:102D8000F5F728FC230080B2783318800022002356
:102D900022666366230000227A331A80FFF7A4FFBD
:102DA000A86B09284ED8F5F7ADF94B62676C7176C0
:102DB0007B8289904C4B1B78002B13D02868012113
:102DC000C0B2FDF7E5FE286C002803D03900C0B280
:102DD000FDF7DEFE686C0028C5D00021C0B2FDF70B
:102DE000D7FEC0E73378002BD8D0404B1F78002F98
:102DF00006D101210F20FDF7CBFE39000E20EEE7B2
:102E000028680121C0B2EAE7374A1278002AC5D003
:102E1000002000212200A065E16578321380A26ABB
:102E2000E36A226663662F4B0022206E616EF7F71D
:102E3000EFFCF5F7CFFB230080B27A331880ADE7C3
:102E4000FDF776FDA379002B01D1FFF751FEFCF7CA
:102E500015FBA189062089B2FCF7D6FA00210620CD
:102E6000FCF7EEFAFCF708FB01232371F8BDFDF730
:102E70005FFDFDF703FDE5E7FDF75AFDFDF712FDE8
:102E8000E0E7FDF755FDFDF7F9FCF7E7FDF750FD2D
:102E9000FDF71CFDD6E7FDF74BFDFDF703FDF7E75A
:102EA000FDF746FDFDF7EAFCFDF724FDCAE7FDF757
:102EB0003FFDFDF7E3FCFDF7F5FCF5E7FDF738FD19
:102EC000FDF7DCFCFDF702FDEEE7FDF727FDB9E7B6
:102ED00038670020C0660020C40A0020880A00204D
:102EE000E901002000403A405A630020C1650020FB
:102EF00010B5FCF7C3FA00210620FCF7A1FA002167
:102F00000720FCF79DFA00210E20FCF799FA00211A
:102F10001020FCF795FA00211120FCF791FA062009
:102F2000FCF750FA0720FCF74DFA0E20FCF74AFA9E
:102F30001020FCF747FA1120FCF744FAFCF79CFA42
:102F4000FFF78AFCFDF7F4FC0022034B1A80034BC9
:102F50001A80FFF7C9FE10BD386700203A670020CD
:102F6000F8B5914C6379DFB2002B00D1D8E000278F
:102F70006771A06AE16A226D636DF7F72FFF230086
:102F8000A062E1629433A06AE16A1E6823009A336A
:102F90001D88F8F725FCAD007051A06AE16AA26BAC
:102FA000E36B2500F5F758FA01268335B84200D1C6
:102FB0008EE0230082331E70A06AE16AA26BE36B8D
:102FC000F5F740FAB84200D182E0FFF791FF774B66
:102FD0002F701B78BB421AD0754B1B78BB4216D0A2
:102FE00000220023A265E365230078331F80FFF7EA
:102FF0007BFE704B1B78BB4200D167E06E4B1B78A9
:10300000BB4200D162E0FA20400001F0DDFC052067
:1030100001F0DAFCFDF796FC230083331B78002BCC
:1030200027D0664B1B78002B23D0A06AE16A226A66
:10303000636A2500F5F700FA7A3500284AD0A06ABD
:10304000E16AA26CE36CF6F7E3FBA065E1650022A0
:10305000A06DE16D5A4BF7F7DBFBF5F7BBFA2300E8
:1030600080B2783318800022002322666366002332
:103070002B80230083331B78002B26D04B4B1B78EF
:10308000002B22D0A06AE16A226A636A2500F5F764
:10309000D3F97835002830D000220023A265E365FB
:1030A00000232B80A06AE16AA26CE36CF6F7B0FB08
:1030B000206661660022206E616E414BF7F7A8FB27
:1030C000F5F788FA7A3480B22080F8BD3D489CE755
:1030D0002E70A1E7206E616E226D636DF6F798FB8E
:1030E000206661660022206E616E354BF7F790FB1B
:1030F000F5F770FA80B22880BBE7A06DE16D226D14
:10310000636DF6F785FBA065E165A06DE16D0022BA
:103110002B4BF7F77DFBF5F75DFA80B22880D4E7FB
:1031200001236371254B1E78002E1CD0A06AE16A32
:10313000226A636A2500F5F77FF97A35002809D0FD
:10314000230080331F70226C636C22676367206FDB
:10315000616FDCE7206F616F226D636DF6F758FBDE
:1031600020676167F3E7114B1B78002BADD0A06A95
:10317000E16A226A636A2500F5F75EF9783500286E
:1031800009D0230080331E70226C636CA266E36654
:10319000A06EE16EBBE7A06EE16E226D636DF6F787
:1031A00037FBA066E166F3E7C06600205A630020A3
:1031B000BE0A00204C63002059630020E901002072
:1031C00000403A40C4090000054B10B51B78002BA5
:1031D00001D1FFF78DFEFFF7C3FEFFF785FD10BDA0
:1031E0005002002010B50F4C2378002B14D0FCF7B0
:1031F00045F90E20FCF7E6F8618A0E2089B2FCF74B
:1032000003F90E200021FCF71BF9FCF735F9002328
:103210000E202370FCF7B0F8FFF7A2FEFFF764FD65
:1032200010BDC046C066002070B5040004A8058823
:10323000094E0A48346004008C342160010090314A
:103240000A60020094321360030098331D8000234B
:103250009A30038070BDC04648670020C0660020D9
:10326000F8B51D4B1C78002C2AD01C4B64241B780D
:10327000002B00D1503C1A4F012238687968FBF7C7
:10328000EFFC184E012230687168FBF7E9FC164D1F
:10329000002228686968FBF7E3FC200001F094FB3A
:1032A000386801227968FBF7DBFC3068002271681E
:1032B000FBF7D6FC286800226968FBF7D1FCF8BD53
:1032C0000A4B1B78002BD6D0044B64241B78002BB0
:1032D000D1D0FA24A400CEE75963002081670020F2
:1032E00074000020840000206C000020E801002011
:1032F0001C4BD0B51A6806000F00012A00D01B68CD
:10330000FDF7C4FB184C00212000F9F727FD00222F
:10331000164B30003900F6F77BFA154B0022F7F711
:1033200077FAF5F757F981B22000F9F727FD114830
:1033300001F04AFB00212000F9F710FD00212000D8
:10334000F9F71CFDFDF7FEFA0B4B1B78002B07D09D
:1033500001220A4BF5201A701978C9B2FBF70EFB4F
:10336000D0BDC0464C020020A866002000206C4062
:1033700000403A40B80B0000C6650020C56500203B
:10338000F0B5444B87B01E78002E00D078E0424A5A
:103390001278002A00D077E016000192FDF758FA63
:1033A000F8F710FB3D4A3E4B0092196800985A68A6
:1033B000F9F7A6FCFDF748FB00210098F9F7CEFCD1
:1033C000FA2700210098F9F7D9FC002400257F0096
:1033D000F8F714FBC31702900393013F029A039B73
:1033E000A4185D41002FF3D1FA22002352002000DF
:1033F0002900F5F789F8310005000098F9F7AEFCCF
:10340000FA2401990098F9F7B9FC00260027640016
:10341000F8F7F4FAC31704900593013C049A059B4E
:10342000B6185F41002CF3D121000098F9F796FC03
:1034300021000098F9F7A2FCFDF71CFBFA204000E0
:1034400001F0C2FAFA220023520030003900F5F7E9
:103450005BF8451BEB17ED185D402800F8F726F9DF
:103460000022104BF6F79AFDF5F7B4F80E4E0F4A0E
:103470000F4B3060954209DD0120187007B0F0BD98
:1034800000230C4E019389E70A4BFBE702201C70D6
:10349000F4E7C046E90100205A630020A866002036
:1034A0004400002000408F40746700201027000077
:1034B0007F67002045330000282210B50021054811
:1034C00003F08AFF0022044BDA725A715A729A7220
:1034D00010BDC04685670020C8050020F8B505006E
:1034E0000024FBF76BFE80260227285DFBF770FEA9
:1034F000002C05D10E4B220018685968FBF7B0FB71
:103500000C4B9A683242FCD09A683A42FCD09A68D6
:103510003242FCD1002C07D1054B012218685968B2
:10352000FBF79EFB0134E0E701340C2CDDD1F8BD44
:10353000A400002000300140F0B589B0029203934E
:10354000029B01901800039B00225B0059082F4B3F
:10355000F7F75EF9002300220692079306AA0400FB
:103560000D0003F0D7FF2A4A2A4BF4F77FFF00280B
:1035700007D0069807990022274BF6F749F904006F
:103580000D0029002000F8F755F80A210600F4F78D
:1035900057FE6421C4B23000F4F752FE0A27FA2124
:1035A000C3B204937B43E31A7C431B01341B1C19F5
:1035B000E3B2890030000593F4F742FE1749C5B223
:1035C0003000F4F73DFE3B00C4B26343EB1A7D4389
:1035D000049A1B01551B124930005D19F4F730FEA7
:1035E000474302980399E41B00220023EDB2E4B2A2
:1035F000F4F728FF002801D0103CE4B2019B059AA3
:103600005D709A701C7009B0F0BDC0460000244087
:10361000CDCCCCCCCCCCEC3F0000F03F1027000050
:10362000A0860100F0B51C0085B063000190590828
:103630001000234B0022F7F7EBF800230022029240
:10364000039302AA04000D0003F064FF1D4A1E4B01
:10365000F4F70CFF002807D00298039900221B4BB7
:10366000F6F7D6F804000D0029002000F7F7E2FF76
:103670000A210500F4F7E4FD0A27C4B264212800FA
:10368000F4F7DEFD3B00FA21C6B27343E31A7C4334
:103690001B012C1B1C19019B28005C708900F4F78E
:1036A000CFFD0B49C4B22800F4F7CAFD7843674345
:1036B000201A019BF61B00018019187005B0F0BD9F
:1036C00000002440CDCCCCCCCCCCEC3F0000F03F73
:1036D00010270000F0B58BB0039310AB029204CB1F
:1036E00007AC1F8812AB1B78009001910492002157
:1036F0000C222000059303F06FFE7BBA200063804C
:103700000025FFF7EBFE07ACAF4218DC0C220021CE
:10371000200003F061FE059A2B23002A00D0043319
:103720002000E37023716371FFF7D8FE174B186810
:103730005968FBF79AFA0028F8D10BB0F0BDF023D6
:103740002370049BAE009859F8F702F80B0006A905
:103750000200481DFFF7F0FE009B6A009B5A0135EE
:103760005BBAA380019B9B5A5BBAE380029B98598A
:10377000F4F718FF039B40BA20819859F4F712FF21
:1037800040BA60812000FFF7A9FEBCE79C00002042
:1037900070B50024044D2E78285DFBF7F7FC23005C
:1037A00001349E42F8DA70BD8567002070B50E4C7A
:1037B0000E4DE37928000233DBB22372E3792B70DC
:1037C000E179E679C9B2F9F777FAF6B2A855E67960
:1037D000F9F77AFAF6B2AE197070217A2800C9B2F8
:1037E000FBF7E0FC70BDC046C8050020AD670020B7
:1037F00010B50B4A0B4B5178597091789970D2786B
:10380000DA7053221A7101325A71073A9A714C3A9E
:10381000DA71054B0732DA71FFF7C8FF10BDC046F9
:1038200085670020AD670020C80500200C22064BEC
:1038300010B506485A70FAF740FD0822044BDA71B9
:10384000FFF7B4FF10BDC046AD670020AF67002092
:10385000C80500200722064B10B506485A70FAF733
:103860000FFA1222044BDA71FFF7A0FF10BDC04619
:10387000AD670020AF670020C80500200822064B76
:1038800010B506485A70FAF73DFA1222044BDA7165
:10389000FFF78CFF10BDC046AD670020AF6700206A
:1038A000C805002013226F210D4B10B55A702E321F
:1038B0009A700D32DA700C3A1A7111325A71123252
:1038C0009A710932DA715972053203311A72DA7259
:1038D0009972044B673ADA71FFF768FF10BDC04672
:1038E000AD670020C8050020052310B5054C6370A6
:1038F000FAF7D5FD0322044BA070DA71FFF756FFEB
:1039000010BDC046AD670020C80500202E2310B5AD
:10391000054C6370FAF7BCFE0322044BA070DA7109
:10392000FFF744FF10BDC046AD670020C80500206A
:103930000B2310B5054C6370FAF7C9FD0322044B45
:10394000A070DA71FFF732FF10BDC046AD670020EE
:10395000C8050020062310B5054C6370FAF7AFFDCB
:103960000322044BA070DA71FFF720FF10BDC046A0
:10397000AD670020C80500200A2310B5064C63700F
:10398000FAF740F90422030AA370044BE070DA71DD
:10399000FFF70CFF10BDC046AD670020C805002032
:1039A000092310B5054C6370FAF781FD0322044B1F
:1039B000A070DA71FFF7FAFE10BDC046AD670020B7
:1039C000C80500201FB514230F4C0F2268460F496D
:1039D000637003F096FD002202236946895C0800AB
:1039E00020385E2801D8E154013301320F2AF4D186
:1039F000102B02DC023AE2540133054ADBB2D371E8
:103A0000FFF7D4FE1FBDC046AD670020388C01080B
:103A1000C8050020152310B5054C6370FAF7A3F90B
:103A20000322044BA070DA71FFF7C0FE10BDC04640
:103A3000AD670020C805002010B5024B9878FAF752
:103A40008BF910BD856700200D2310B5064C6370FF
:103A5000FAF74DFDA070FAF752FD0422034BE07017
:103A6000DA71FFF7A3FE10BDAD670020C805002086
:103A70001B2310B5054C6370FAF731FD0322044B8C
:103A8000A070DA71FFF792FE10BDC046AD6700204E
:103A9000C8050020172310B5054C6370FAF737FDF1
:103AA0000322044BA070DA71FFF780FE10BDC04600
:103AB000AD670020C80500200222054B10B55A70E2
:103AC00000229A70034B0332DA71FFF76FFE10BDCC
:103AD000AD670020C8050020122310B5094C6370A3
:103AE000FAF7D5FC084BA070012805D11874032201
:103AF000DA71FFF75BFE10BD0228F8D100221A74BC
:103B0000F5E7C046AD670020C80500201D2310B5AD
:103B1000094C6370FAF733F9084BA070012805D1FE
:103B200058740322DA71FFF741FE10BD0228F8D164
:103B300000225A74F5E7C046AD670020C805002092
:103B400070B518220125054B054C9D705A70032352
:103B5000E371FFF72BFE257170BDC046AD670020F5
:103B6000C8050020014B18607047C046F067002070
:103B7000002370B5CA0F521852100139934200DB6E
:103B800070BDCC1A065DC55CC65401330555DBB269
:103B9000F4E710B50B0A017043700B0C090EC170ED
:103BA00083700421FFF7E4FF10BD00003E22F0B552
:103BB0008F4B85B0DA71DB798E4C237016236370DE
:103BC0008D4B1D682B78A3702B0038331B786A78D7
:103BD0001B019B18E3702B0080331E685F68002276
:103BE000864B30003900F4F727FC2B003933009363
:103BF000002803D11B78022B00D8D6E04223237182
:103C0000853363713833A371823BE3712869696935
:103C1000F7F7E6FD7A4B011C1800FFF7BAFF286A98
:103C2000696A784B1E78002E00D1C8E042232373C6
:103C3000853363733833A373823BE373286B696BFB
:103C4000002E00D1C3E042232374853363743833DC
:103C5000A374823BE374009B03AF1B7823752B0096
:103C60003A331B7863752B003B331B78A3752B000D
:103C7000883318685968F4F7ADFC80B2030AE3751D
:103C800020762A6C6B6C3800FFF7CCFC28003B8850
:103C900048305BBA7A7803805B4B39781888A27613
:103CA000617680B2F7F730FD02000B003800FFF7B5
:103CB000B9FC28003B8858305BBA7A780380534BB4
:103CC0003978380022771A685B68E17600920193B0
:103CD000FFF7A8FC28003B8868305BBA7A7803803D
:103CE0002B00397890336177A2770099019A196097
:103CF0005A6008001100F4F76DFC2A0080B2030A34
:103D0000E377631CD877424B70321B889BB21380D9
:103D1000190AA21CD177E21CD3772B002A00723338
:103D20001B8874321380190A221DD1772900621D65
:103D3000D377384B78311A6893B20B801B0AA11DD8
:103D4000CB77E31DDA772B002A007A331B887C328D
:103D500013802200190A0832D1772200283213700A
:103D60002B0022007E331B7829321370A86AE96A7F
:103D7000002E34D0230042222A331A7023008532C9
:103D80002B331A70230038322C331A707D232D34D4
:103D90002370174C7F35E2791F4B2978D154FFF7F8
:103DA00005FD0023237105B0F0BD39003000F7F7A1
:103DB00017FD1A4B011C1800FFF7EBFE26E7F7F77B
:103DC0000FFD174B011C1800FFF7E3FE36E7F7F76E
:103DD00007FD144B011C1800FFF7DBFE3BE7F7F76C
:103DE000FFFC114B011C1800FFF7D3FED1E7C046C2
:103DF000C8050020AD670020F067002000002E40BD
:103E0000B5670020646700206C6700204002002036
:103E10006E67002068670020AC670020B167002053
:103E2000B9670020BD670020D7670020014B1879D3
:103E3000C0B27047C805002010B5054B987801281E
:103E400002D1F9F789FE01E00228FAD010BDC04680
:103E50008567002010B5044B9878431E072B01D8C6
:103E6000F9F780FE10BDC0468567002010B5054BF0
:103E70009878092803D80020F9F77AFE01E0F028A5
:103E8000FAD910BD8567002010B5034BD978987812
:103E9000F9F7AAFE10BDC0468567002010B502489C
:103EA000FAF7F5F910BDC0468767002010B5054B3D
:103EB0009878012802D1F9F76DFE01E00228FAD0C6
:103EC00010BDC0468567002010B5044BDC7898789B
:103ED000F9F766FE2000F9F769FE10BD856700203E
:103EE00010B5024B9878FAF761F910BD856700208C
:103EF00010B5024B9878FAF761F910BD856700207C
:103F000010B5024B9878FAF760F910BD856700206C
:103F100010B5024B9878FAF75FF910BD856700205D
:103F200010B5024B9878FAF75EF910BD856700204E
:103F300010B50248F9F773FE10BDC0468767002030
:103F400010B50248F9F77EFE10BDC0468767002015
:103F500010B50248F9F7B8FE10BDC04687670020CB
:103F600010B5F9F70CFF044B012801D1587410BDAE
:103F700000225A74FBE7C046C805002010B5064B66
:103F80009878012802D1F9F7E1FE01E00228FAD081
:103F9000FFF7E6FF10BDC0468567002010B5084B4F
:103FA0009C782000FAF7F4F8012C03D10B22054B82
:103FB0001A7010BD022CFCD10D22024BF8E7C0464E
:103FC000856700205102002010B5024B9878FAF75F
:103FD000E6F810BD856700201E2310B5054C637000
:103FE000FAF73AFB0322044BA070DA71FFF7DEFB0D
:103FF00010BDC046AD670020C80500202F2310B5B6
:10400000054C6370FAF7A0FA0322044BA070DA7132
:10401000FFF7CCFB10BDC046AD670020C8050020EF
:10402000094B10B518695969F7F7DAFB074B011C02
:104030001800FFF7AEFD1022054B5A70054B0A3AE7
:10404000DA71FFF7B3FB10BDE0090020AF67002075
:10405000AD670020C8050020262010B5FF30FAF714
:104060006FFC0400FEF778FA022C07D1FEF784FB00
:10407000044B18615961F7F7B3FB10BDFEF7C0FAA6
:10408000F6E7C046E0090020112310B5064C637026
:10409000FFF776F90322054BA070DA71FFF786FB74
:1040A0000122034B1A7010BDAD670020C805002027
:1040B0008067002030B585B06846FAF7A3F9002381
:1040C00001211A0015486C46E55CC45CA54200D08D
:1040D0000A0001330E2BF6D100239A4202D0FAF7E0
:1040E0009EF9FF230E4C3322A370D020FF23627071
:1040F00000211A004000FAF7A6F9FF23E070A22081
:104100001A000021FF30FAF79EF90522054B2071B5
:10411000DA71FFF74BFB05B030BDC046388C0108A3
:10412000AD670020C8050020342310B5054C63702E
:10413000FAF712FA0322044BA070DA71FFF736FB8C
:1041400010BDC046AD670020C8050020362310B55D
:10415000054C6370FAF70AFA0322044BA070DA7177
:10416000FFF724FB10BDC046AD670020C805002046
:10417000372310B5054C6370FAF701FA0322044B9C
:10418000A070DA71FFF712FB10BDC046AD670020CA
:10419000C8050020382310B5054C6370FAF7F8F90C
:1041A0000322044BA070DA71FFF700FB10BDC0467C
:1041B000AD670020C8050020392310B5054C637099
:1041C000FAF7EFF90322044BA070DA71FFF7EEFA69
:1041D00010BDC046AD670020C8050020F8B5AE4D43
:1041E000AE4C2B78280063716B786372637902336D
:1041F000DBB2A37163796179EE5CC9B2F8F75CFD5B
:10420000864206D16379EB185E78F8F75DFD864249
:1042100002D0FFF751F9F8BD6379052B13D1637A0A
:10422000412B10D16B78412B0DD1AB784E2B0AD19D
:10423000EB78422B07D12B790D2B04D10122984B1F
:104240001A70FFF7D5FA627AD3B2012A00D08CE057
:10425000AA78A272A17ACAB2012914D1914B1A701C
:10426000914B1A70914B1A70A37A052B2AD1904A60
:10427000043B13708F4A13708F4A13708B4A13706C
:10428000FFF786FAC5E7A27A032A03D1854A13709D
:104290008A4A05E0A27A022A05D1824A1370854A29
:1042A0001370854A05E0A27A042A06D1804A137069
:1042B0007D4A13707D4A1370D6E7A27A062AD3D1BD
:1042C0007B4AE4E7A37A812B05D1764B01221A7051
:1042D000754B1A70D4E7A37A832B06D1714A823BBF
:1042E0001370764A1370744AC9E7A37A822B04D1FB
:1042F0006C4A813B13706F4AF4E7A37A842B01D197
:104300006B4BE3E7A37A862B02D1694A853BE7E74B
:10431000A37A852B02D1664A843BEBE7A37A072B6D
:1043200002D0A37A082B0ED10124654B1C70FAF73A
:104330002FF95F4BA04200D05A4B1C705A4B1C7097
:104340005A4B1C709CE7A37A872B02D0A37A882B48
:1043500096D101245A4B1C70FAF71AF9544BA0421B
:1043600000D0504B1C70504BEBE7637A022B03D10B
:10437000544B00221A704CE7637A2E2B08D1A37A93
:10438000002B02D0A878FAF72DF8FFF7BFFA40E724
:10439000637A052B0AD1AB78A372A37A002B02D1E2
:1043A000FFF7A2FA35E7FFF755FDF9E7637A062B29
:1043B0000BD1AB78A372A37A002B03D0A07AC0B242
:1043C000F9F7DCFBFFF7C6FA23E7637A072B12D174
:1043D000AB78A3726379032B06D1A37A002B00D0AC
:1043E00017E7FFF737FA14E76379122B00D910E7C4
:1043F000FFF7A6FDF5E7637A082B12D1AB78A3721D
:104400006379032B06D1A37A002B00D001E7FFF7D5
:1044100035FAFEE66379122B00D9FAE6FFF798FD2C
:10442000F5E7637A092B0AD1AB78A372A37A002B44
:1044300002D1FFF7B5FAECE6FFF718FDF9E7637A6A
:104440000A2B12D1AB78A3726379032B06D1A37A1E
:10445000002B00D0DDE6FFF78FFADAE66379042B54
:1044600000D0D6E6FFF710FDF5E7637A0B2B2BD1D2
:10447000AB78A372A37A002B0AD0A37AD8B2012B0F
:1044800002D1F9F781FB03E0A37AD8B2022BF8D06E
:10449000FFF74EFABDE6C04685670020C80500203C
:1044A0004D010020846700207D6700207867002090
:1044B000836700207B670020796700207A670020EF
:1044C0008267002050020020637A0C2B12D1AB7857
:1044D000A3726379032B06D1A37A002B00D098E650
:1044E000FFF7A4F995E66379082B00D091E6FFF772
:1044F000D5FCF5E7637A0D2B10D1AB78A372A37AC4
:10450000002B04D0A37A012B04D1FFF7DDFCFFF7C9
:104510009BFA7EE6A37A022BF9D1F6E7637A0E2B9B
:1045200003D1AB78A372A37A73E6637A0F2BF8D02A
:10453000637A102B0FD1AB78A372A37A002B00D033
:1045400067E6FFF789FDF7F703F9BB4C206161616E
:10455000FFF766FD5DE6637A112B08D1AB78A37295
:10456000A37A002B00D054E6FFF78EFD51E6637A64
:10457000122B10D1AB78A372A37A002B04D0A37AAC
:10458000012B04D1FFF758FCFFF7A6FA41E6A37A06
:10459000022BF9D1F6E7637A1D2B10D1AB78A37209
:1045A000A37A002B04D0A37A012B04D1FFF7E6FCF9
:1045B000FFF7ACFA2DE6A37A022BF9D1F6E7637A7E
:1045C000132B08D1AB78A372A37A002B00D020E67E
:1045D000FFF768F91DE6637A142B08D1AB78A37254
:1045E000A37A002B00D014E6FFF7ECF911E6637A0A
:1045F000152B0CD1AB78A372A37A002B04D0637A6D
:10460000002B01D0FFF718FAFFF704FA01E6637AEE
:10461000162B08D1AB78A372A37A002B00D0F8E553
:10462000FFF7C4FAF5E5637A172B08D1AB78A372CC
:10463000A37A002B00D0ECE5FFF72CFAE9E5637ACA
:104640001B2B10D1AB78A372A37A002B04D0A37AD2
:10465000012B04D1FFF72AFCFFF70AFAD9E5A37A68
:10466000022BF9D1F6E7637A1C2B06D163790E2B66
:1046700000D0CEE5FFF75CFCCBE5637A1E2B10D1B2
:10468000AB78A372A37A002B04D0A37A012B04D1B8
:10469000FFF784FCFFF7A0FCBBE5A37A022BF9D15E
:1046A000F6E7637A2F2B10D1AB78A372A37A002B95
:1046B00004D0A37A012B04D1FFF786FCFFF79EFC00
:1046C000A7E5A37A022BF9D1F6E7637A1F2B09D16C
:1046D0005A4B9B78A372A37A002B00D199E5F7F788
:1046E00027FBCDE5637A242B07D1544B9B78A3722B
:1046F000A37A002B00D18CE5C2E5637A504C252BC0
:10470000F3D0637A282B1AD14C4B01229B78F420EA
:10471000A37200231900F9F796FE431E9841494BF6
:10472000C0B21870002301221900F520F9F78BFEA2
:10473000431E9841444BC0B21870A37AA0E5637A37
:10474000312B02D1F9F794FD9AE5637A322B01D12E
:104750003E4B0EE6637A332B0FD1384B9A78A27218
:10476000A27A002A06D0A27A012A03D11979D87830
:10477000F9F75CFEFFF79EFC4BE5637A342B0AD118
:104780002E4B9B78A372A37A002B01D0FFF7A8FBD6
:10479000FFF7CAFC3DE5637A352B3FD101250024A4
:1047A00000260027F7F7FCFA294B1D70F7F7C0FA2F
:1047B000F7F7EAFA0020F9F732FD224BF4201C70DB
:1047C0001978C9B2FAF7DAF81F4BF5201C7019787E
:1047D000C9B2FAF7D3F8FCF779FEFCF783FEFCF7D1
:1047E0008DFEFCF7A1FEFCF7B7FE2000F9F710FDE7
:1047F000184B1C70FCF7A4FE174B1E605F60F9F7A6
:104800001DFC164B1E605F60F9F78AFC144BFA2002
:104810001D701978C9B2FAF7B1F831E5637A362B11
:1048200020D1064B9B78A372A37A002B01D0FFF70F
:104830005FFBFFF78BFCECE4E009002085670020BC
:10484000C8050020C7650020C56500204C01002078
:10485000AF650020F00A0020D803002040020020AD
:10486000C4650020637A372B0AD1144B9B78A3725E
:10487000A37A002B01D0FFF743FBFFF779FCC8E4D4
:10488000637A382B0AD10D4B9B78A372A37A002B45
:1048900001D0FFF73DFBFFF77DFCBAE4637A392BCB
:1048A00000D0B6E4054B9B78A372A37A002B01D00D
:1048B000FFF736FBFFF780FCABE4C04685670020BE
:1048C00010B5044B0A000100180002F01AFEFFF7B1
:1048D00085FC10BD856700200D488546FCF788FAE9
:1048E0000C480D490D4A002302E0D458C45004334B
:1048F000C4188C42F9D30A4A0A4C002301E0136021
:104900000432A242FBD302F0D5FDFAF7FFF9FEE72D
:104910000090002000000020B4020020A08D0108BB
:10492000B802002044690020FEE7000070B5104B7B
:1049300005001978002901D1012070BDFA208000FE
:10494000F3F7F4FB0B4C01002068F3F7EFFB00F0EA
:1049500083F8041EF0D1032DEED8020001202900B7
:10496000404200F043F8044B20001D60E5E7C046DC
:104970005202002050010020540200208023084AE7
:104980005B00116810B50B4300201360FFF7CEFFEA
:10499000041E03D1FBF742FD200010BD0124FBE7FC
:1049A00000200240034A044B11681B785B18136017
:1049B0007047C046F467002052020020014B18687F
:1049C0007047C046F467002070B50400FFF7F6FF9B
:1049D0000500631C02D0044B1B78E418FFF7EEFFC0
:1049E000401BA042FAD370BD5202002010B5FF2434
:1049F00003220B0021000240D20091409B01234082
:104A0000C943934000280ADBC0240B4A8008800079
:104A10008018A40002590A401343035110BD0F220D
:104A200010400838054A800880008018C26911408B
:104A30001943C161F2E7C04600E100E000ED00E08B
:104A4000002805DB1F2318401E3B8340014A1360EA
:104A50007047C04600E100E08022431E520401205E
:104A600093420DD2C021074A07485360036A0906E2
:104A70001B021B0A0B430362002007239060136094
:104A80007047C04610E000E000ED00E0F0B5846C37
:104A9000C56C6560046D002C02D0446D856D656049
:104AA0001C24056C084E25401B3CAC4077683C43F9
:104AB0007460046863608368102B02D1A260E160B7
:104AC000F0BDA160E260FBE70000024010B5040009
:104AD000036C094A9B089B189B00436400681421DF
:104AE000C0B20838F3F722FB044BA3641F2318401D
:104AF0001E3B8340E36410BD00820010800802402A
:104B0000F8B504000120002C46D02568254B14215F
:104B1000E818F3F70BFB02238000A61D2064F3774F
:104B20002B68214AA76813402B60E36821693B4347
:104B30000B4361692A680B43A16920000B43E169BB
:104B40000B43216A0B4313432B60FFF7BFFF802306
:104B5000DB019F4201D1002363603F236268616CE7
:104B600013400B60E06CA16C013A4860032A14D832
:104B70000E4A0F4899180122013B9A40A265130082
:104B800000228900216560650A60436000200123DE
:104B9000E0630534F377E077F8BD002323656365B0
:104BA000A365F3E7F8FFFDBF0F80FFFF3F82001012
:104BB00040090240F7B5451D0193EE7F0400022035
:104BC000012E33D00138E877A71DFE7FB446634637
:104BD000F6B200960026834230D10130F87725687E
:104BE000E6632868009B98432860019B2000FFF73C
:104BF0004DFF236BB3421AD00E232A6813432B6058
:104C0000636C1A68D20304D58022196852000A43E3
:104C10001A60236D002B04D08022196852000A43C9
:104C20001A60012300202A6813432B60FEBD042272
:104C30002B6893432B602A680A23DFE78023E36312
:104C4000EE77F3E7F0B5002808D0841DE37F411D1F
:104C5000022B05D00423C3630023CB770120F0BDD2
:104C60000E250268466C1368AB4313603368104D21
:104C70002B403360012316689E431660026C1B3381
:104C80001A401B3B93400B4E77683B437360C26CEA
:104C9000836C5A60036D002B05D01A682A401A6095
:104CA000436D826D5A6001230020E377C877D6E711
:104CB000FFFEFFFF00000240F8B5811DCB7F022BF5
:104CC00003D00423C3630120F8BD0E2402681C270F
:104CD0001368456CA3431360012314689C4314605C
:104CE0002A68104C22402A60026C0F4D3A409340D3
:104CF0006E6833436B60C26C836C5A60036D002B2B
:104D000005D01A6822401A60436D826D5A600123F3
:104D10000022CB77431DDA77836B934200D098470C
:104D20000020D1E7FFFEFFFF00000240F8B51C2481
:104D30000427016C264A21403C008C401668036819
:104D40001D6826420FD03D420DD01968890602D455
:104D50001968B943196053681C43036B5460002BF6
:104D60001BD0984719E002273C008C40264215D002
:104D70003D4213D01968890606D40A251968A9434B
:104D800019600121831DD97753681C4354600022A8
:104D9000431DDA77C36A9342E3D1F8BD08242700A4
:104DA0008F403E42F9D02542F7D00E251C68AC4317
:104DB0001C6001231D008D4029005468214351606F
:104DC000821DC363D3770022431DDA77436BE2E78A
:104DD000000002400023F0B585B00A681400DC40F2
:104DE00001D105B0F0BD012514009D402C40009478
:104DF0002A4200D191E04A685F009446032264464B
:104E000022400324BC40E4430194541E012C2ED8BC
:104E10008668019C2640CC68BC403443846044686A
:104E20000126AC4325006446240934409C402C43B1
:104E30004460C568019C25408C68BC402C43C4601C
:104E4000022A16D107250F261D40AD00AE40DC0812
:104E5000A40004190294246A03962600039CA64326
:104E600034000E69AE402643029C266201E0032A0C
:104E7000DFD1BA400468019D25402A43C024026066
:104E80006246A402224248D0254A03259C08A40079
:104E9000A4180F221D40ED00AA40A027266EFF0592
:104EA00096430022B8420CD01E4F0132B84208D0BF
:104EB0001D4F0132B84204D01C4F0332B84200D11A
:104EC000023AAA40674632432266154C009A266889
:104ED000009DD2433543FF0201D43500154067469B
:104EE00025606668009D3543BF0201D4350015403A
:104EF000674665600E4C009DE66F3543BF0301D4E5
:104F0000350015406746E5670A4C009EE56F2E4365
:104F1000FF0301D415402E00E66701335DE7C0466C
:104F2000001802400004005000080050000C00501F
:104F3000081802400418024000690840431E9841C6
:104F4000C0B27047002A01D0816170478162FCE7DE
:104F500070B504000120002C3FD0250041352B788E
:104F6000DAB2002B05D12300403320001A70FBF782
:104F70006DFA242301212B702368E0681A68A66863
:104F80008A431A601A4962680A401A619A68194984
:104F90000A409A60012821D18022120232439A608D
:104FA0005868154A02435A60DA6800200A40DA60FD
:104FB000616922690A43A16909020A43DA60216A28
:104FC000E2690A431A60012219680A431A60202321
:104FD00060642B7020634234207070BD8422120202
:104FE00032439A600228DBD1802212015A60D7E74F
:104FF000FFFFFFF0FF7FFFFF00800002F0B504001D
:105000004134227803000F000220D6B2202A18D1A2
:105010001D0040352A78012A13D0242222701B68F3
:10502000233A196807489143196019680140002024
:10503000196019683943196019680A431A602670A3
:105040002870F0BDFFEFFFFF0200F0B54132147889
:105050000300E5B20220202C17D11C004034267832
:10506000012E12D0223010701B6823381E68074FA3
:1050700086431E601E6809023E403143196019686C
:1050800008431860002015702070F0BDFFF0FFFF8E
:105090008023034A5B0011680B4313607047C046CE
:1050A0000070004010B5114C1149236802000B40FC
:1050B00003432360802300209B009A420ED10D4BB6
:1050C0000D49186806235843F3F730F88022431C33
:1050D000D200616908001040114200D110BD002BC0
:1050E00001D0013BF5E70320F8E7C046007000401F
:1050F000FFF9FFFF5001002040420F00F0B504000F
:1051000085B0002802D1012005B0F0BD0368DB079F
:1051100010D423689B075CD423681B0700D5C1E02B
:1051200023685B0700D5F2E0E369002B00D079E14A
:105130000020E9E73822AF4DAB681340EA68102B36
:1051400009D1D3439B0708D12B689B03E1D5636842
:10515000002BDED1D7E7082BF6D0802263685202FD
:10516000934211D12A6813432B60FFF727FC802755
:105170000600BF022B683B42CBD1FFF71FFC801B10
:105180006428F7D90320BFE7A021C9028B4208D1C8
:1051900080232968DB020B432B602B681A432A60AB
:1051A000E3E72A6894490A402A602A6893490A403A
:1051B0002A60002BD9D1FFF701FC80270600BF022F
:1051C0002B683B42A5D0FFF7F9FB801B6428F7D979
:1051D000D8E73822874DAB681340EA68102B28D1F6
:1051E00003210A40022A26D12A68520503D5E26823
:1051F000002A00D187E7696862698148120201408C
:105200000A436A60002B0CD12B687E4A7E4913400A
:10521000226913432B602B687C4A9B045B0FDA40A6
:105220000A607B4B1868FFF781FB002800D173E709
:1052300069E7002BD8D0E368002B20D02B68714A97
:10524000802713402269FF0013432B6080232A68C4
:105250005B0013432B60FFF7B1FB06002B683B425A
:1052600007D06A68636966491B020A4013436B6092
:1052700052E7FFF7A3FB801B0228EFD982E72B68D8
:10528000644A802713402B60FFF798FB0600FF005D
:105290002B683B4200D13FE7FFF790FB801B0228C1
:1052A000F6D96FE73822534DAB681340182B08D15D
:1052B0002B6E9B0700D433E7A369002B00D02FE7A8
:1052C00021E7A2690123002A10D02A6E0227134386
:1052D0002B66FFF773FB06002B6E3B4200D01FE7E7
:1052E000FFF76CFB801B0228F6D94BE72A6E0227DA
:1052F0009A432A66FFF762FB06002B6E3B4200D101
:105300000EE7FFF75BFB801B0228F6D93AE738224D
:10531000384DAB681340202B08D1EB6D9B0700D4B0
:1053200002E7A368002B00D0FEE6ECE68022002115
:10533000EB6B52050091134208D1EB6B1343EB6307
:10534000EB6B13400393039B012300938027324EA2
:105350007F0033683B4215D0A368012B22D1EA6D50
:105360001343EB65FFF72AFB02270600EB6D3B4278
:1053700038D0009B012B00D0D6E6EB6B274A1340B8
:10538000EB63D1E633683B433360FFF717FB0190D3
:1053900033683B42E0D1FFF711FB019BC01A0228A2
:1053A000F6D9EFE6EA6D052B05D1013B1343EB651A
:1053B000EA6D0123D4E701218A43EA65EA6D0331EE
:1053C0008A43EA65002BCDD1FFF7F8FA02270600E1
:1053D000EB6D3B42CDD0FFF7F1FA114B801B9842A9
:1053E000F6D9CFE6FFF7EAFA0D4B801B9842BDD9FC
:1053F000C8E6C04600100240FFFFFEFFFFFFFBFFB4
:10540000FF80FFFFFFC7FFFF500100200024F400D2
:1054100054020020FFFEFFFF00700040FFFFFFEF7F
:10542000881300003821434DAA680A40102A53D03F
:10543000414A022B3AD12B68802713402B60FFF79B
:10544000BDFA0600BF042B683B4229D1616A236A7A
:10545000EA680B43394980260A401343E26AB604DE
:105460001343226B1343626B1343A26A120213436A
:10547000EB6080232A685B0413432B608023EA6877
:105480005B051343EB60FFF799FA04002B68334286
:1054900000D04DE6FFF792FA001B0228F6D971E61C
:1054A000FFF78CFA801B0228CDD96BE62B6880268B
:1054B00013402B60FFF782FA0400B6042B683342D6
:1054C00004D1EB681E4A1340EB6031E6FFF776FA31
:1054D000001B0228F2D955E6012B00D113E6032266
:1054E000E868216A02408A4200D00CE67022616AB4
:1054F00002408A4200D006E6FE21A26AC9010140AC
:105500001202914200D0FEE5F822E16A92030240C5
:105510008A4200D0F7E5E022216B120502408A4260
:1055200000D0F0E5636B400F4007C01A431E98415E
:10553000C0B2E9E500100240FFFFFFFE8C80C11100
:10554000FCFFFEEE382370B51D4CA2681A4205D14F
:1055500023681C489B045B0FD84070BDA2681A40AA
:10556000082A27D0A2681A40102A17D1E368E168F8
:10557000DB43E5684906490F6F322D0A01311540BA
:105580009B0709D11048F2F7D1FDE1686843490F44
:105590000131F2F7CBFDE0E70A48F4E7A2681A40D0
:1055A000202A09D0A26800201340182BD5D1FA2058
:1055B000C001D2E70448D0E780200002CDE7C04612
:1055C000001002400024F40000127A00F7B5040035
:1055D0000D00002801D10120FEBD0727484E336889
:1055E0003B408B422AD3226893073BD4D20748D44E
:1055F000072733683B40AB420AD93368BB432B4390
:105600003360FFF7DBF9019033683B40AB4268D170
:1056100023683C4D5B076CD4FFF794FFAB683A49B5
:105620001B051B0F9B005B581F210B40D840374ABE
:10563000374B10601868FFF779F9CDE73368BB4343
:105640000B433360FFF7BAF9019033683B40AB423C
:10565000C9D0FFF7B3F9019BC01A2E4B9842F4D979
:105660000320B9E72749530704D5E0238868DB0105
:1056700003438B608B6828480340A06803438B601A
:10568000B4E760681F4F032829D8F2F73BFD2002DA
:105690001C243B689B039ED50722BB6893430343AE
:1056A000BB60FFF78BF901903823BA681A40636832
:1056B000DB009A429CD0FFF781F9019BC01A154B81
:1056C0009842F1D9CCE73B689B01E5D483E73B687E
:1056D0005B05E1D47FE73B6E9B07DDD47BE7FB6D89
:1056E000FAE7FFF76BF9019BC01A0A4B98428BD976
:1056F000B6E7AB68094A1340E2681343AB608BE737
:105700000020024000100240F88B010850010020E8
:105710005402002088130000FFF0FFFFFF8FFFFFFF
:10572000064B07499B68074A5B045B0F9B005B586D
:105730001F2110680B40D8407047C046001002403F
:10574000D88B010850010020F0B50368040085B033
:1057500000209B0352D58022704D5205EB6B0090C8
:10576000134208D1EB6B1343EB63EB6B13400393D2
:10577000039B012300938027694E7F0033683B43DE
:105780003360FFF71BF9019033683B4228D0EA6D84
:10579000C02310009B00216B624E18401A4218D0A3
:1057A000814216D08022EB6DE86D1900520202434F
:1057B000EA65EA6D5C4831400240EA65E965DB076D
:1057C00007D5FFF7FBF807000222EB6D134200D16B
:1057D0009CE0EB6D226B334013430020EB6506E049
:1057E000FFF7ECF8019BC01A0228CDD90320009BDB
:1057F000012B03D1EB6B4D4A1340EB632368DA07AF
:1058000006D5032545494A6DAA4365682A434A657A
:105810009A0706D50C2541494A6DAA43A5682A4333
:105820004A65DA0606D53D49414D4A6D2A40E5688C
:105830002A434A659A0506D538493E4D4A6D2A40A5
:10584000A5692A434A655A0506D534493A4D4A6D39
:105850002A40E5692A434A659A0606D52F49374DFD
:105860004A6D2A4025692A434A655A040FD52B49B7
:10587000256A4A6D920092082A434A658022D20521
:10588000954204D18022CD6852022A43CA601A038D
:1058900006D5402521494A6DAA43656A2A434A65CF
:1058A0009A020FD51D49264E4A6DA56A32402A43F9
:1058B0004A658022D203954204D18022CD685204E9
:1058C0002A43CA605A020DD5144D1E4E696DE26A14
:1058D000314011436965802149048A4202D1E96857
:1058E0000A43EA601B050FD50C4A6169536D164CDB
:1058F00023400B4353658023DB01994204D180236D
:10590000D1685B020B43D36005B0F0BDFFF756F8DA
:105910000E4BC01B984200D856E767E700100240C4
:1059200000700040FFFCFFFFFFFFFEFFFFFFFFEFE7
:10593000FFF3FFFFFFFFF3FFFFFFCFFFFFCFFFFFEF
:10594000FFFFBFFFFFFFFFFEFF3FFFFF88130000C9
:10595000A0210268F8B5D36804008B43D360FFF739
:105960002DF8FA2705002026BF002368DB683342A4
:1059700001D00020F8BDFFF721F8401BB842F4D950
:105980000320F7E7F7B5402603680500DA6800242E
:10599000324211D18022D968FA270A43DA60FFF730
:1059A0000DF8BF0000902B68DB681A0032400192AE
:1059B000334201D1032C01D12000FEBDFEF7FEFFD2
:1059C000009B019CC01AB842EDD92B000324293357
:1059D0001C70E8E7802270B50F4C0500E368934324
:1059E000E360A369603A134207D1FFF7B1FF0028D3
:1059F00002D003202935287070BDA3699343A361A9
:105A0000FFF7A6FF002802D00320293528702023A5
:105A1000A2691343A361EFE70028004070B50400BA
:105A20000120002C17D0250029352B78DAB2002B65
:105A300008D1230028331A7088231B0220006360DA
:105A4000FAF746FD02232B702368DA68D20603D5E5
:105A5000012300202B7070BDCA225A62773A2000C1
:105A60005A62FFF78FFF002825D1236815499A69EC
:105A700060690A409A61A26899690243E069024339
:105A80000A439A61226920001A61E26819691204C6
:105A90000A431A61FFF79EFF00280CD12268266A8C
:105AA0009369DB00DB089361636A91693343A669FC
:105AB00033430B439361FF2223685A620028C7D007
:105AC000C9E7C046BFFF8FFBF8B504000120002CDA
:105AD00067D0636A002B65D18222616852009142CF
:105AE00000D0E36100232500A3625D352B78DAB294
:105AF000002B05D123005C3320001A70FAF716FD45
:105B0000022340222B702168E6680B689343E02251
:105B10000B60D2000023964248D9F02218001201EF
:105B2000964200D0A3628222842763685200134009
:105B3000A2683F023A40022713432269A5693A400E
:105B400013430122676917403B438027BF002F4062
:105B50003B43E769373217403B43276A48321740D7
:105B600080223B43A76A920117403B43102708223B
:105B70000B60636A2D0C3B40676B17403B43F0277B
:105B80003F013E403343042635402B4303434B60E3
:105B9000CB69084803400020CB61012320665D34B7
:105BA0002370F8BD0023236163619BE780204001DF
:105BB000B6E7C046FFF7FFFFC022042313B5046811
:105BC000D200A16808001040114200D116BDE16862
:105BD000013B0191DBB20199002BF2D10320F5E7E3
:105BE00001000300012010B53D310C78E2B284427F
:105BF0001FD1001808701B68D9681143D9600E497D
:105C00008B4209D08021C9058B4205D00B498B42BC
:105C100002D00B498B420DD19A680A490A40062AE4
:105C200006D007398A4203D0012219680A431A6054
:105C3000002010BD1968F9E7002C01400004004065
:105C400000400140070001000121036810B5DA6837
:105C50008A43DA601C6A074A144206D11C6A064A63
:105C6000144202D11A688A431A6001233D3003703E
:105C7000002010BD1111000044040000704770475F
:105C8000704770470222036810B519690400114279
:105C90000ED0D96811420BD0053A1A61043202774E
:105CA0009B699B0700D186E0FFF7E9FF002323777C
:105CB000042223681969114211D0D96811420ED00B
:105CC000093A1A61073222779A69C0239B002000A3
:105CD0001A4200D175E0FFF7D2FF00232377082294
:105CE0002368196911420ED0D96811420BD0113ABC
:105CF0001A610D322277DB6920009B0767D0FFF71E
:105D0000BEFF00232377102223681969114210D0A7
:105D1000D96811420DD0213A1A6119322277DA6915
:105D2000C0239B0020001A4257D0FFF7A8FF002392
:105D30002377012223681969114207D0D9681142DB
:105D400004D0033A20001A61F9F79AFB80222368F5
:105D50001969114208D0D968114205D0023AFF3AB8
:105D600020001A6100F0EFF823681A69D20507D500
:105D7000DA68120604D51C4A20001A6100F0E4F823
:105D8000402223681969114207D0D968114204D012
:105D9000813A20001A61FFF774FF202223681969F5
:105DA000114207D0D968114204D0413A20001A614B
:105DB00000F0C8F810BDFFF761FF2000FFF760FF9B
:105DC00074E7FFF75BFF2000FFF75AFF85E7FFF757
:105DD00055FF2000FFF754FF93E7FFF74FFF200028
:105DE000FFF74EFFA3E7C046FFFEFFFF10B51C4CB8
:105DF0000368A04206D08022D205904202D0194A00
:105E0000904208D1702293434A681343164A1A40BD
:105E1000CB6813430BE0154A9042F7D0144A9042E6
:105E2000F4D0144A9042F1D0134A9042EED080222E
:105E300093434A69134303608B68C3620B688362B0
:105E4000A04208D00A4B984205D00A4B984202D093
:105E5000094B984201D10B6903630123436110BDD3
:105E6000002C014000040040FFFCFFFF0020004028
:105E700000400140004401400048014070B504006A
:105E80000120002C23D025003D352B78DAB2002BE1
:105E900005D123003C3320001A70FAF799FB022346
:105EA0002B702068211DFFF7A1FF22000123002095
:105EB0004832137047340A3A137053709370D3709A
:105EC000137153719371D371137223702B7070BD62
:105ED000F0B5040002223C34257803001000012DA7
:105EE00026D01D003D352A701B68124E5A689868EE
:105EF000B34203D1104F3A404F683A437027BA4338
:105F00000F683A435A60B34209D08022D2059342C7
:105F100005D00A4A934202D0094A934204D1802212
:105F200090438A6810439860012300202B702070F2
:105F3000F0BDC046002C0140FFFF0FFF00040040F1
:105F400000400140704770477047000030B5EFF3E4
:105F50001084012282F31088C02501680B68AB43CE
:105F60000B6084F31088EFF3108182F310880268CD
:105F7000044C93682340936081F310882023883079
:105F8000036030BDFFFF7FFF30B5EFF310840122C7
:105F900082F310880168134D0B682B400B6084F36B
:105FA0001088EFF3108182F3108802680E4C93681A
:105FB0002340936081F31088C36E012B0AD1EFF365
:105FC000108183F31088102402681368A3431360C0
:105FD00081F31088030020228C331A600023C366EB
:105FE000436730BDDFFEFFFFFEFFFFEF70477047E6
:105FF0007047704770B5846A230088331A685D68FB
:1060000023689B681B0608D5212A06D1230000229D
:10601000563320001A80FFF799FF23689B685B06C0
:1060200008D5222D06D1230000225E3320001A80DD
:10603000FFF7AAFF220010239032116820000B43C3
:106040001360FFF7D6FF70BD806A0023020010B511
:106050005E321380083A1380FFF7CBFF10BD0000BB
:10606000F7B50168C14DCB6904000A6888682B4206
:1060700010D120252B4200D19BE0802676051540CB
:106080000640354300D194E0636F2000002B00D020
:1060900085E085E0B64D05400095B64D009E154063
:1060A000354300D185E0250001269035334205D0E7
:1060B000D70503D50E622F683E432E600226334279
:1060C0000CD0C7070AD527000E6290373E680197AB
:1060D000B446042667463E43019F3E600426334291
:1060E0000CD0C7070AD527000E6290373E6801978B
:1060F000B446022667463E43019F3E600826B446EA
:10610000334209D02027009E1740374304D066460B
:106110000E622F683E432E6080263601334206D041
:10612000570104D50E6220212E6831432960296869
:10613000002935D020210B420AD080235B05114075
:106140000340194304D0636F002B01D0200098470F
:1061500022682B684027966828223E401340200082
:106160001E4322D0FFF710FF23689B683B4218D0E4
:10617000EFF31081012383F31088250004CD936889
:10618000BB43936081F31088E86F002809D07A4BF5
:106190008363FEF791FD002802D0E86F836B984778
:1061A000F7BD2000FFF725FFFAE7FFF722FF2E607B
:1061B000F6E7E56E012D00D09FE01026334200D1B6
:1061C0009BE0324200D198E00E62896840230A00C9
:1061D0001A40194257D0211DCA6F1068426892B206
:1061E000002ADDD027005C373F889742D8D92700A6
:1061F0005E373A8002682020844610400090604656
:10620000024232D1EFF3108785F3108820685B4E8D
:1062100002683240026087F31088EFF3108785F33D
:10622000108820688268AA43826087F31088EFF3A1
:10623000108785F31088206882689A43826087F30C
:106240001088230062468C331A60009BE366EFF3EC
:10625000108085F3108822680F351368AB431360F4
:1062600080F31088C86FFEF7EDFC0223220023673D
:1062700023005C325E331B881188C91A89B2200062
:10628000F8F764FF8CE7230020005C335E30198848
:10629000038800889BB2002800D181E7C91A89B21F
:1062A000002900D17CE7EFF3108785F31088206880
:1062B000334E03683340036087F31088EFF3108791
:1062C00085F3108820682F4E83683340836087F3FE
:1062D0001088230020208C331860E2666267EFF399
:1062E000108085F31088102522681368AB43136073
:1062F00080F3108802232367C1E780256D032B42BA
:1063000006D0460204D520000D6200F0E7FB47E707
:1063100080210B4207D080252D04114028400143E5
:1063200001D0A36FB1E640210B4216D00A4214D02F
:10633000EFF31080012383F31088226813688B43E6
:10634000136080F310882300202288331A60002312
:106350002000A367FFF74AFE22E7190214D5510077
:1063600012D5200000F0BCFB1AE7C0460F08000061
:10637000010000102001000449600108FFFEFFFF3A
:10638000DFFEFFFFFEFFFFEFDB0100D408E7002A7E
:1063900000DB05E7200000F0A2FB01E70123806A93
:1063A00010B50367C36E012B06D103005C33198857
:1063B0004908F8F7CBFE10BDFFF71AFEFBE7000017
:1063C00003001B6820221B6870B51900806A114009
:1063D000134234D103005E331980EFF3108501239B
:1063E00083F3108804681D4E21683140216085F3D5
:1063F0001088EFF3108583F310880468A16899432F
:10640000A16085F31088EFF3108483F31088402592
:1064100001688B68AB438B6084F3108803008C3376
:106420001A60C36E012B0AD1EFF3108183F3108839
:10643000102402681368A343136081F310880023BB
:106440000367C36E012B05D103005C331988F8F78D
:106450007DFE70BDFFF7CBFDFBE7C046FFFEFFFFF3
:10646000F8B504002569A26823682A43656919689C
:10647000C0692A43734D024329400A431A605A688F
:106480007149A5690A40E1680A4370495A608B4224
:1064900001D0226A15439A686D4E32402A430F2577
:1064A0009A60DA6AAA43656A2A43DA62694A9342C1
:1064B00025D1694B5A6D03231A4080231B02022AFF
:1064C00000D1BBE0032A00D1B2E0012A00D1A8E04C
:1064D000984200D17DE0FFF723F9002845D0626A99
:1064E0005E4B5200D15AF1F721FE65686B08C01867
:1064F0002900F1F71BFE0200594B103A64E0594A9B
:10650000934212D10C22544B5B6D1340082B00D1E7
:1065100092E005D8002B00D081E080231B02D7E752
:106520000C2B00D182E0012020E04F4A9342F4D0AE
:106530004E4A9342F1D08B42F5D1C0228021464B86
:1065400012015B6D090113408B4215D004D8002B5A
:1065500007D1FFF7E5F806E09342E4D18026360242
:106560000BE0FEF7EFFF061E07D10020404BA366AD
:1065700000236367A367F8BD3E4E626A374B520043
:10658000D75A30003900F1F7D1FD032365686B431A
:106590008342C8D82B038342C5D300233A0030007E
:1065A0001900F1F7B1FF0027060E0B023343020278
:1065B0006E0892197B41100019002A003B00F1F788
:1065C000A3FF2D4BC2182D4B9A42ACD82368D8603C
:1065D000CBE7FFF7A5F80028C7D0626A1F4B52002F
:1065E000D15AF1F7A3FD656840006B08C018290077
:1065F000F1F79CFD02001A4B103A9A4200D992E73B
:106600000F23020000079A4393B2400F226803430E
:10661000D360AAE71748E0E7FEF794FF5DE7802321
:106620001B029842F8D1FEF78DFFD4E780231B02AE
:106630009842D2D0180052E780231B029842E9D03A
:106640000C484CE7F369FFCFFFCFFFFF008000400D
:10665000FFF4FF110038014000100240268D0108B0
:10666000EFFF00000044004000480040004C0040A4
:10667000010001000024F40000FDFFFFFFFC0F00FB
:10668000836A30B5DA0706D50168284C4A6822408B
:10669000C46A22434A609A0706D50168244C4A68B6
:1066A0002240046B22434A605A0706D50168214CF8
:1066B0004A682240446B22434A601A0706D50168A3
:1066C0001D4C4A682240846B22434A60DA0606D594
:1066D00001681A4C8A682240C46B22438A609A0679
:1066E00006D50168164C8A682240046C22438A60F1
:1066F0005A0610D50168134D4A68446C2A4022435B
:106700004A6080225203944205D14A680E4C2240CE
:10671000846C22434A601B0606D502680B49536805
:106720000B40C16C0B43536030BDC046FFFFFDFF03
:10673000FFFFFEFFFFFFFBFFFF7FFFFFFFEFFFFFFE
:10674000FFDFFFFFFFFFEFFFFFFF9FFFFFFFF7FFF1
:10675000F8B504000D0017001E002268D3692B4015
:106760005B1B59424B41BB4201D0002029E0069BF4
:106770000133F3D0FEF722F9069B801B984201D823
:10678000002B1FD1EFF31080012282F310882168C3
:10679000204D0B682B400B6080F31088EFF31080C6
:1067A00082F3108821688B6893438B6080F3108894
:1067B00023001F3288331A605A6000230320843478
:1067C0002370F8BD23681A685207C6D58022D9699C
:1067D00012011142C1D01A62EFF31080012282F33C
:1067E000108821680B4D0B682B400B6080F31088DC
:1067F000EFF3108082F3108821688B6893438B60DD
:1068000080F3108822002023883213605360936045
:10681000D3E7C0465FFEFFFFF0B51700020087B068
:1068200088320593136804000D000220202B45D107
:106830000138002942D0002F40D08023A1685B019D
:10684000994204D12369002B01D1054236D123009E
:10685000002690331E6021231360FEF7AFF823005B
:1068600054331F80023303931F808023A268049057
:106870005B019A4204D12369B34201D12E001D006D
:10688000230056331B889AB2002B0CD1059B402164
:1068900000932000049BFFF75BFF00280DD120230D
:1068A000883423600AE0059B0022009380212000A9
:1068B000049BFFF74DFF002802D0032007B0F0BD76
:1068C0002268002D0BD133880236DB05DB0D936285
:1068D000039B039A1B88013B9BB21380D0E72B7864
:1068E00001359362F4E70000030073B5002604004D
:1068F00090331E60FEF762F8236805001B681B07D3
:1069000019D423681B685B070AD58021104B00222D
:10691000009320002B00C903FFF71AFF002815D1B0
:10692000220000202023883213605360E066206735
:10693000843420700BE08021054B320000938903E2
:1069400003002000FFF704FF0028DAD0032076BD03
:10695000FFFFFF01F8B513000200060005005C32DE
:1069600081650F0013802221002290368C35326021
:106970002960011D0400C86F904213D01D49826335
:10698000C1621D493A0001631C49416321682431F9
:10699000FEF710F9002805D0102301203360DB1822
:1069A0002B60F8BD2369002B0BD0EFF3108101237E
:1069B00083F310882268FF3310680343136081F368
:1069C0001088EFF31080012383F3108821688A6810
:1069D0001A438A6080F31088EFF3108183F31088E4
:1069E00022683F3390680343936081F3108800204E
:1069F000D7E7C046C16301089D630108F55F010840
:106A0000F7B50700436E04006A37002B04D101205C
:106A1000388068342080F7BD03680B4E9A689B6805
:106A20000A4D5B0FF05CE95CC0000192F1F708FCD5
:106A3000019B38801B015B0FF05CE95CC000F1F743
:106A4000FFFB80B2E5E7C046468D01083E8D010898
:106A5000F7B504000E001D000192002801D10120AD
:106A6000FEBD070088373B68002B04D1020084324A
:106A70001370F9F721FE2423012122683B6013687B
:106A800020008B431360FFF7EBFC0128E7D0A36ADB
:106A9000002B02D02000FFF7F3FD80222368D201F3
:106AA00099682D040A439A609A680A4920000A40AE
:106AB00032439A60019A51050D431A6806490A400B
:106AC000154301221D6019680A431A60FFF70CFF85
:106AD000C6E7C046FF7FFFFFFFFF00FC704770471F
:106AE0007047000070B5040084342278030002204F
:106AF000012A11D01D002422012688352A601A6837
:106B000011681068B04310600448014000205866C6
:106B1000202311602B60207070BDC046FFFFFFDF97
:106B2000F8B5050084350B0029780222012915D01B
:106B30000600012104688836223232602768226804
:106B40008A432260A168C900C9081943A160FFF700
:106B500057FF20230022276033602A701000F8BD01
:106B6000F8B5050084350A0029780223012915D0DB
:106B700006000121046888362233336027682368C1
:106B80008B432360A168064B19401143A160FFF7B6
:106B900037FF20232760336000232B701800F8BDD7
:106BA000FFFFFFF103008C331B6870B50400022067
:106BB000202B02D1002901D1012070BD002AFBD079
:106BC0008020A56801234001854204D12069002866
:106BD00001D11942F0D1E366002320002367FFF7BB
:106BE000B9FE0028E9D1E26E012AE5D1102321681F
:106BF0000B62EFF3108182F310882268146823433C
:106C0000136081F31088D8E710B5034B01001868B2
:106C100000F030F810BDC0466402002010B5034BF0
:106C20000100186800F0EEFC10BDC04664020020B0
:106C300070B50F4E0D0031680400002902D100F03C
:106C40000DFC30602900200000F008FC431C03D13B
:106C500001256D42280070BD0323C51C9D43A84239
:106C6000F8D0291A200000F0F9FB0130F2D1EFE74B
:106C7000F8670020F7B50322CB1C934308330500C7
:106C80001F000C2B34D20C27B94233D8280000F057
:106C900071F8374E33681C00002C2FD139002800C2
:106CA000FFF7C6FF0400431C5FD134680094009BCB
:106CB000002B4AD1002C52D023682800E3180099F9
:106CC000019300F0CBFB019B834248D1236828004D
:106CD000FF1A3900FFF7ACFF013040D02368DB1901
:106CE000236033685A68002A33D1009B336019E06F
:106CF000002BC9DA0C232B600020FEBD2168C91BC4
:106D000020D40B290AD9E2192760A34204D13260AA
:106D100063681160536005E05A60F9E76268A34256
:106D20000ED13260280000F02DF8200007220B3031
:106D3000231D9043C21A9842DFD01B1AA350DCE7F0
:106D40005A60EFE723006468A6E7009C636800933D
:106D5000ADE71A005B68A342FBD10023DAE70C23FE
:106D600028002B6000F00EF8C6E70760DAE7C0469F
:106D7000FC67002010B5024800F0C1FB10BDC04602
:106D80004069002010B5024800F0BAFB10BDC046B3
:106D900040690020114B70B51D6804002B6B002B5F
:106DA00016D11820FFF730FF021E286304D14621B8
:106DB0000B4B0C4800F008FC0B4B002103600B4B05
:106DC00043600B4B83600B23838101201061516171
:106DD00000222B6B1C615A6170BDC046640200200A
:106DE000478C01085E8C01080E33CDAB34126DE682
:106DF000ECDE0500164B10B51C68236B002B16D17A
:106E00001820FFF701FF021E206304D15221114B0D
:106E1000114800F0D9FB114B00210360104B436077
:106E2000104B83600B238381012010615161246B1F
:106E30000D4A206961690D4BF1F786FB01220023A1
:106E400080185941206161614800400810BDC0466A
:106E500064020020478C01085E8C01080E33CDAB24
:106E600034126DE6ECDE05002D7F954C2DF4515863
:106E700030B50024022B09D0920803590D59013A6C
:106E800005510B510434002AF7DC30BD035D0D5D64
:106E900005550B550134131B002BF7DCF5E7F8B54E
:106EA0000F00160004001D009847310000280DDA7D
:106EB0003800A847002802DA3C002000F8BD310065
:106EC0002000A8470028F8DA3400F6E73800A84781
:106ED0000028F1DC31002000A8470028F4DAECE7B4
:106EE000F0B599B000900393009B17001343022262
:106EF000080001929B0704D13B1F1A00531E9A41C0
:106F00000192002304933C00009B4443DB1902934D
:106F1000009B1B190693062828D8029B069A9342C9
:106F20000CD3049B002B00D020E119B0F0BD3A0037
:106F300029002000019BFFF79BFF0FE0029C0EE061
:106F4000E51B21002800039B984700280ADD019BD0
:106F5000002BECD123682A6822602B602C00009B58
:106F6000A342EDD3029BDB190293D6E746087E438A
:106F7000009BE41B9E191C19072821D022000593B1
:106F8000282817D9C5087D4359194A19039B009829
:106F9000FFF785FF31007219039B0590701BFFF707
:106FA0007EFF06006800201A2200039B4119FFF7AC
:106FB00076FF02003100039B0598FFF770FF060083
:106FC000019B002B23D1009B32681B6800990A604B
:106FD000336000232600029D07930595A54233D810
:106FE00028000099039B984700282BDC0DD1019BBA
:106FF000002B13D1059B2A681B6805990A602B603A
:10700000059BDB19059301230793ED19E6E73A0089
:107010003100019B0098FFF72BFFDAE73A002900C7
:10702000019B0598FFF724FFEAE7002809D1019B9F
:10703000002B13D123683268226033600123F61BD2
:107040000793E41BAC4210D2079B002B40D1029B5C
:10705000069A934200D364E7029C32E03A00310082
:107060002000019BFFF704FFE8E720000099039B45
:1070700098470028D9DA019B002B05D12B6822689C
:107080002A602360E41BBEE73A0021002800019B30
:10709000FFF7EEFEF6E73A0029002000019BFFF71C
:1070A000E7FE0DE0E51B21002800039B9847002820
:1070B0000ADD019B002BEED123682A6822602B6039
:1070C0002C00009BA342EDD3029BDB190293BEE789
:1070D000059B009AEB1A0293059B9A1A029B9A420F
:1070E00000DD1A00002A04D0019B0098A91AFFF7BE
:1070F000BFFE069B341B9A1BD21BA24200D9220062
:10710000002A05D0069B2800991A019BFFF7B0FEC4
:10711000069B029E1D1BB44205D8230034001E00AE
:107120002B00009D0093BE422BD9049B072B11D846
:1071300008AADB009D5039009B1820001D00F0F7C5
:10714000F5FF049B68600133390030000493F0F7C9
:10715000EDFFD8E639003000F0F7E8FF3A00010013
:10716000039B0098FFF7BCFEBC420DD8049B08AA05
:10717000013B0493DB009A58009208AA9B185868B8
:10718000C1E6BC4200D8CCE639002000F0F7CEFFC3
:107190000095B8E6002310B50400036043608360E7
:1071A00081814366C28103614361836119000822C2
:1071B0005C3000F011F90B4B246263620A4BA3624E
:1071C0000A4BE3620A4B23630A4B9C4205D00A4BED
:1071D0009C4202D0094B9C4203D12000583000F061
:1071E0008DF910BD1D730108457301087D730108F9
:1071F000A97301080068002068680020D06800209A
:1072000010B5034A0349044800F06CF810BDC046AD
:1072100058020020A57701086802002041680B4B46
:1072200010B50400994201D000F0BCFAA168084BE7
:10723000994202D0200000F0B5FAE168054B99426E
:1072400002D0200000F0AEFA10BDC0460068002059
:1072500068680020D068002010B5094B094A042155
:107260001A6009480022FFF795FF0122092107480B
:10727000FFF790FF022212210548FFF78BFF10BD98
:107280003869002001720108006800206868002049
:10729000D068002010B5024800F031F910BDC0469A
:1072A0004169002010B5024800F02AF910BDC0461F
:1072B0004169002010B50400FFF7ECFF236A002BA2
:1072C00002D0FFF7EFFF10BD044B2362044B1B6895
:1072D000002BF6D1FFF7C0FFF3E7C0461D7201088F
:1072E00038690020F7B51400002600900191A568C8
:1072F0006768013F04D52468002CF8D13000FEBD3A
:10730000AB89012B08D90E22AB5E013304D02900D2
:107310000098019B984706436835EAE770B50C0072
:107320000E25495F00F086F8002803DB636D1B180B
:10733000636570BDA389024A1340A381F9E7C04683
:10734000FFEFFFFFF8B51F008B8905000C0016004A
:10735000DB0505D50E23C95E0022022300F056F896
:10736000A389054A28001340A38132000E23E15E61
:107370003B0000F085F8F8BDFFEFFFFF70B50C0093
:107380000E25495F00F042F8A389421C03D1054A4B
:107390001340A38170BD802252011343A381606515
:1073A000F8E7C046FFEFFFFF10B50E23C95E00F0FF
:1073B0001BF810BD10B5884202D98B18984208D32B
:1073C00000239A4207D0CC5CC4540133F9E78B5CAC
:1073D0008354013AFBD210BD03008218934200D1BE
:1073E000704719700133F9E7002370B5064D0400AA
:1073F00008002B60F9F7D0FC431C03D12B68002B4D
:1074000000D0236070BDC0463C69002070B5040008
:10741000080011001A000023054D2B60F9F7C6FC87
:10742000431C03D12B68002B00D0236070BDC046E5
:107430003C69002070B50400080011001A00002308
:10744000054D2B60F9F78EFC431C03D12B68002BF4
:1074500000D0236070BDC0463C690020002370B599
:10746000064D040008002B60F9F7A2FC431C03D171
:107470002B68002B00D0236070BDC0463C69002003
:1074800070B50400080011001A000023054D2B60A0
:10749000F9F775FC431C03D12B68002B00D0236047
:1074A00070BDC0463C690020014B18687047C0465B
:1074B0006402002070B500260C4C0D4D641BA41016
:1074C000A64209D1002601F0F3FA0A4C0A4D641BCA
:1074D000A410A64205D170BDB300EB589847013601
:1074E000EEE7B300EB5898470136F2E7988D0108B4
:1074F000988D01089C8D0108988D01087047704790
:107500007047002310B59A4200D110BDCC5CC45422
:107510000133F8E7F8B50D0017006B00274A5B0D43
:107520009A180E0004000100132A21DC002A07DA51
:107530000022EE0FF3073A607B6029002000F8BDBF
:107540001F48104103002B40234305D1F60F3C6038
:107550007D601C00F507F0E7864300223300200021
:1075600029003A607B60F3F739FC04000D00E4E782
:10757000332A15DD29003C607D6000F04FF90028BA
:107580000AD122002B0020002900F2F741F9040063
:107590000D003C607D60D0E7EE0F0024F507CCE7DE
:1075A0000120084A40429B18D84003002340204253
:1075B000CCD081432B000A00D1E7C04601FCFFFF7D
:1075C000FFFF0F00EDFBFFFF7FB514001A00094B12
:1075D00005001B680E00D868074B002C01D1074B33
:1075E0001C000749019302942B00009600F006F955
:1075F00000F044F964020020B68C0108F18C010807
:10760000C38C010870B505000C1E10D0043C236823
:10761000002B00DAE4182800FFF7ACFB1D4A1368C2
:10762000002B05D1636014602800FFF7ABFB70BD31
:10763000A34208D9206821188B42F3D119685B68EE
:1076400009182160EEE71A005B68002B01D0A34205
:10765000F9D911685018A0420BD1206809185018A8
:1076600011608342E0D118685B6841181160536073
:10767000DAE7A04202D90C232B60D5E72068211855
:107680008B4203D119685B680918216063605460FC
:10769000CAE7C046FC670020F7B50C228B5E0500E8
:1076A0000C001A0756D44A68002A02DC0A6C002A29
:1076B0004EDDE76A002F4BD0002280202E682A6022
:1076C0001A004001216A0240034233D0626DA3894F
:1076D0005B0706D56368D21A636B002B01D0236C5D
:1076E000D21A00232800E76A216AB847A289431CFE
:1076F00006D129681D2946D8294BCB40DB0742D546
:107700000023636023692360D20405D5431C02D1A2
:107710002B68002B00D16065616B2E60002917D0AB
:1077200023004433994202D02800FFF76BFF002367
:1077300063630DE001232800B8470200431CC6D153
:107740002B68002BC3D01D2B01D0162B1AD12E6015
:1077500000201EE00E69002EFAD00F680E60BA1BE2
:10776000019200229B0700D14A69A260019B002B75
:10777000EEDDA36A32001F002800019B216AB84792
:10778000002807DCA2894023012013431BB2A381F8
:107790004042FEBD019B36181B1A0193E6E7C04626
:1077A000010040200B6970B505000C00002B02D1D0
:1077B0000025280070BD002804D0036A002B01D1E9
:1077C000FFF778FD0C22A35E002BF1D0626ED2078A
:1077D00004D49B0502D4A06DFFF791FE2800210080
:1077E000FFF75AFF636E0500DB07E2D4A3899B0510
:1077F000DFD4A06DFFF784FEDBE700000EB417B501
:10780000054C05AB04CB01002068019300F064F83F
:107810001EBC08BC03B01847640200200B0070B502
:107820000400020001001C430220002C06D080202E
:107830000006834203D14B1E9941881C70BD0C4841
:10784000590049080B4C0E180420A642F6D9802492
:1078500001386403A342F1D380252D065D19A542AA
:10786000ECD3054C0020A142E8D150425041E5E75D
:107870000000F0FFFFFFDF7F0000F07F062010B563
:1078800000F08CFB0120F9F767FA936810B5013B13
:107890009360002B04DA9469A34207DB0A2905D020
:1078A0001368581C10601970080010BD00F0ACFA85
:1078B0000100F9E7F8B506000F001400D518AC4236
:1078C00001D1002007E021783A003000FFF7DDFF0A
:1078D0000134431CF3D1F8BDF0B5A1B00F00150081
:1078E0001E000390002804D0036A002B01D1FFF78B
:1078F000E1FC7B6EDB0705D4BB899B0502D4B86D28
:10790000FFF7FDFDBB891B0702D53B69002B13D197
:107910003900039800F0BAFA00280DD07B6EDB071F
:1079200003D50120404221B0F0BDBB899B05F8D4AE
:10793000B86DFFF7E5FDF4E7002308AC6361203381
:1079400063761033A37607962E003378002B01D090
:10795000252B48D1731B0593AE420BD02A0039006A
:107960000398FFF7A7FF013000D1AEE06369059AE5
:107970009B1863613378002B00D1A6E0012200231D
:107980005242626004A954325218751C2360E360AD
:10799000A3601370A365594B05221800297805933D
:1079A00000F01CFB6E1C00281FD12268D30604D5F2
:1079B000532304A95B1820211970130704D55323FE
:1079C00004A95B182B2119702B782A2B16D02E00B6
:1079D00000210A20E3683278751C303A092A50D910
:1079E000002911D117E00136AFE7059B2268C01AC4
:1079F00001238340134335002360CCE7079B191D07
:107A00001B680791002B01DB0B9304E05B42E360F2
:107A100002231343236033782E2B0CD173782A2B47
:107A200034D1079B02361A1D1B680792002B01DA1E
:107A300001235B420993324D03222800317800F084
:107A4000CDFA002806D04023401B8340226801362F
:107A500013432360317806222A48751C217600F0F2
:107A6000BDFA002840D0284B002B22D10722079BCB
:107A700007339343083307936369049A9B18636140
:107A800062E743432E0001219B18A4E700230A204C
:107A90001900013663603278751C303A092A03D91F
:107AA000002BC8D00991C6E741432E000123891855
:107AB000F1E707AA009221003A00144B039800E076
:107AC00000BF0490049B0133D6D17B6EDB0705D445
:107AD000BB899B0502D4B86DFFF712FDBB895B061D
:107AE00000D51EE70D981EE707AA009221003A0074
:107AF000064B039800F07CF8E3E7C046F28C0108DF
:107B0000F88C0108FC8C010800000000B578010821
:107B1000F7B5160001938A680B690C000090934238
:107B200000DA13002200336043321278002A01D0B9
:107B30000133336023689B0602D533680233336018
:107B40002268062315001D401A4227D02300433324
:107B50001B785A1E93412268920630D42200019964
:107B60000098089D4332A847013025D0062223689B
:107B700000251340042B05D13368E568ED1AEB436B
:107B8000DB171D40A3682269934201DD9B1AED18A3
:107B90000026B54220D1002010E00135E3683268AC
:107BA0009B1AAB42D2DD2200012301990098089F65
:107BB0001932B8470130F0D101204042FEBD3020DB
:107BC000E1184331087021005A1C45310978A21888
:107BD000433202331170C1E722000123019900985A
:107BE000089F1A32B8470130E6D00136D1E70000CD
:107BF000F0B58BB006920A004332079305900392CA
:107C00000A7E0C00109B782A09D8622A0BD8002A19
:107C100000D1BAE07A490491582A00D18EE02500BB
:107C200042352A7022E0100063381528F7D8F0F7A3
:107C300073FA16001F00F6FFF6FFF6FFF6FF1F00AF
:107C4000F6FFF6FFF6FFF6FF9F0036007E00F6FF18
:107C5000F6FFB000F6FF3600F6FFF6FF82002500C3
:107C60001A684235111D196013682B7001239EE0BC
:107C700018680968021D0D060BD506681A60002EEB
:107C800003DA2D23039A764213705D4B0A2704937F
:107C900018E006681A604906F1D536B2EFE70868C1
:107CA000196840C9050602D4400600D5B6B219606D
:107CB000534B0A2704936F2A00D1023F230000226E
:107CC00043331A706368A360002B06DB042122682B
:107CD000039D8A43226033430CD0039D300039005A
:107CE000F0F7AAFA049B013D5B5C2B7033000600A1
:107CF0009F42F3D9082F09D12368DB0706D56268B4
:107D000023699A4202DC3023013D2B70039B5B1BED
:107D10002361079B210000930598069B09AAFFF7A2
:107D2000F7FE013048D1012040420BB0F0BD2022C7
:107D300009680A43226078223249049121004531C2
:107D40000A701968226840C9100602D4500600D58E
:107D5000B6B21960D30702D5202313432360002E47
:107D600001D01027AAE72022236893432360F8E775
:107D70001A680D68101D4969186013682E0601D530
:107D8000196002E06D06FBD519800023039D236175
:107D9000BFE71A68111D1960156800212800626884
:107DA00000F01CF9002801D0401B6060636823616B
:107DB0000023039A1370ACE72A00236906990598FB
:107DC000079DA8470130AED023689B0715D4099BB7
:107DD000E0689842A9DA1800A7E722000123069973
:107DE0000598079E1932B04701309CD00135E368F1
:107DF000099A9B1AAB42F0DCE9E70025F7E7C04699
:107E0000038D0108148D0108F8B506000D0014005B
:107E1000002804D0036A002B01D1FFF74BFAA369B5
:107E2000A360A3891B0702D52369002B09D1210078
:107E3000300000F02BF8002803D001256D42280007
:107E4000F8BD23692068EFB2C01A6369EDB28342BE
:107E500005DC21003000FFF7A5FC0028EDD1A36868
:107E60000130013BA36023685A1C22601F706369C4
:107E7000834204D0A389DB07E1D50A2DDFD121009D
:107E80003000FFF78FFC0028D9D0D6E72D4B70B516
:107E9000050018680C00002804D0036A002B01D1EB
:107EA000FFF708FA0C22A35E1A0723D4DA0607D4D8
:107EB00009222A60402201201343A38140423AE074
:107EC0005B0713D5616B002908D023004433994226
:107ED00002D02800FFF796FB002363632422A389C6
:107EE0009343A38100236360236923600823A2894D
:107EF0001343A3812369002B0BD1A0218022A389E6
:107F0000890092000B40934203D02100280000F02A
:107F10009BF80C22A35E01211A000A400B420BD0F1
:107F20000022A26062695242A2610020226982425C
:107F300001D11A06BED470BD990700D46269A2604F
:107F4000F3E7C0466402002070B504000D001F294D
:107F500004D9162303600120404270BDC36B002B7F
:107F600004D08A009B181A68002A08D1200000F06B
:107F700031F82A000100200000F01AF8EDE7012A8C
:107F800009D0511C03D1162303600120E5E700212D
:107F90002800196090470020DFE7000010B5034B70
:107FA00001001868FFF7D0FF10BDC0466402002032
:107FB000002370B5064D0400080011002B60F8F78F
:107FC000C3FE431C03D12B68002B00D0236070BD7F
:107FD0003C69002010B5F8F7B5FE10BDC9B2821893
:107FE000904201D10020704703788B42FBD00130D2
:107FF000F6E7000070B50E001D000E23C95E1400E8
:1080000096B000290CDAB2898023110019401A4277
:1080100014D18023DB0000202960236016B070BDDE
:108020006A4600F053F80028EDDBF02301991B02AB
:108030001940044BC9184B425941EAE7002140233B
:10804000E9E7C04600E0FFFFF0B502268B89050096
:108050000C0085B0334207D02300473323602361EF
:108060000123636105B0F0BD03AB02AAFFF7C2FFB5
:10807000029F019039002800FEF7FCFD002808D17E
:108080000C22A35E9A05EDD4032293431E43A681DE
:10809000E2E78023A28920601343A381039B206130
:1080A0006761002B0CD028000E23E15E00F020F861
:1080B000002805D00323A2899A43023B1343A381DE
:1080C000A389019A1343A381CCE70000002370B574
:1080D000064D0400080011002B60F8F760FE431CF9
:1080E00003D12B68002B00D0236070BD3C690020B9
:1080F000002370B5064D040008002B60F8F754FE0D
:10810000431C03D12B68002B00D0236070BDC046F8
:108110003C690020F8B504000D0000F081F906006C
:108120000F002000290000F089F800280DD0200061
:1081300029000F4A0F4BF0F799F9002808D0FFF7F4
:10814000B3F9222300260C4F036030003900F8BD3C
:1081500020002900094A0A4BF0F774F90028F4D0EE
:10816000FFF7A2F92223002600270360EDE7C046AF
:10817000EF39FAFE422E86400000F07F51302DD5B7
:10818000104987C0F8B504000D0000F0B1FA2200D4
:1081900006000F002B0020002900F3F729FA002821
:1081A00015D10022002320002900F0F75FF90028F4
:1081B0000DD10022002320002900F0F73DF900280E
:1081C00008D0FFF771F922230026074F0360300023
:1081D0003900F8BDFFF768F921230360034800F078
:1081E00035F806000F00F2E70000F0FFF18C0108FF
:1081F000F8B504000D0000F02FF8220006000F0073
:108200002B0020002900F3F7F3F9002813D10022F6
:10821000002320002900F0F715F900280BD0FFF704
:1082200043F9212300220360002310001900F1F715
:10823000B5FE06000F0030003900F8BD024B4800C3
:108240004008C018C00F704700001080002001498E
:108250007047C0460000F87FF0B50A000D006B497A
:1082600004000300080087B02840884211D1220092
:108270002B0020002900F2F7CBFA02000B002000AF
:108280002900F1F7C5FA04000D002000290007B00D
:10829000F0BD002D11DC690049082143F5D0002014
:1082A000854210D022002B0020002900F2F796FD15
:1082B00002000B00F1F772FEE5E7281515D18024C6
:1082C0000021640307E0DA0A15385B05002AFAD0BA
:1082D000F5E7520001312242FBD04C1E001B202446
:1082E0001D00641AE5408B402A4349491203441893
:1082F0008021120B49031143C00703D4DA0F490050
:1083000051185B0000256210490080240592DA0FA5
:108310005218162029005B00A4030E19964202DCB5
:108320003119921B2D19DE0F5200013892195B0092
:1083300064080028F1D120268027040004963F0617
:108340003E18B4468A4202DC14D19E4212D86046DE
:108350006646C0190091002E03DAC643F60F8E1947
:108360000096521A634589414942521A61465B1A86
:108370000099E419DE0F52009219049E5B00013E41
:108380007F080496002EDBD11A431FD0214E224FC6
:10839000306871683A687B6800920193326873684C
:1083A00002920393009A019BF2F718FD02000B0062
:1083B00002980399F0F750F8002807D030687168E8
:1083C0003A687B68671C0CD1049C0135134A6B101A
:1083D0009B18059AED076408120525432800D1185B
:1083E00051E7F1F715FA7768366802000B003000A4
:1083F0003900F0F727F8002804D0023463426341C3
:10840000ED18E3E7012301349C43DFE70000F07F30
:1084100001FCFFFF588D0108508D01080000E03F6E
:10842000F0B54B000F00CC0F9149060089B05B08F6
:108430008B422ED98F498B4211D93B031B0B03432F
:1084400006D002003B0030003900F1F7E1F910E0FE
:10845000002C00D009E13000390009B0F0BD39002E
:10846000854A864BF0F702F8051E05D0002000F083
:1084700017FB06000F00EEE730003900804A814B01
:10848000EFF7E0FF002800D17DE0280000F001FBBD
:10849000EFE77D4A934200D89EE07C4A934272D82F
:1084A0007B4BE5005B191A685B683900F2F796FCB4
:1084B000784B029003915B191A685B6804920593EC
:1084C000012363401B1B0193049A059B02980399A7
:1084D000F2F784FC06000F0032003B003000390048
:1084E000F2F796F904000D006B4A6C4BF2F790F925
:1084F0006B4A6C4BF2F772FC22002B00F2F788F902
:10850000694A6A4BF1F784F922002B00F2F780F9EF
:10851000674A684BF2F762FC22002B00F2F778F909
:10852000654A664BF1F774F922002B00F2F770F9F7
:1085300002000B0030003900F2F750FC0B00020083
:1085400004000D0030003900F2F762F9019B06903B
:108550000791002B56D18023002220002900DB0543
:10856000F2F73CFC02000B0006980799F1F716FDA4
:1085700032003B00F2F732FC02000B0000205049B1
:10858000F2F72CFC75E74F4BE4001C194E4A4F4B99
:1085900030003900F2F73CF922686368F1F738F9E6
:1085A000F3F748F80190F3F781F8494A494B040082
:1085B0000D00F2F72DF902000B0030003900F2F740
:1085C0000DFC454A02900391444B20002900F2F72C
:1085D0001FF90490059177E7414A93420DD8414A2B
:1085E000414B3900F1F714F90022354BEFF73EFF0C
:1085F000002805D00022324B25E7002301936BE7CA
:10860000019069E780212B0022000020C905F2F7C4
:10861000E5FB02000B0006980799F1F7BFFC02008A
:108620000B0004980599F2F7D9FB029A039BF2F725
:10863000D5FB02000B0000202149F2F7CFFB2B4BAA
:10864000019A0D009A4203DB110506004F1902E75B
:10865000FA2292009446019B002263441B0559189C
:10866000B8235B04F2F7D4F803E700260027F2E60C
:10867000412E8640FFFFEF7FEF39FAFE422E864003
:1086800051302DD5104987C0422ED63FB1A2F03FC0
:10869000708D0108608D0108D0A4BE726937663EF6
:1086A000F16BD2C541BDBB3E2CDE25AF6A56113FF2
:1086B00093BDBE166CC1663F3E5555555555C53FD9
:1086C0000000F03F808D0108FE822B654715F73FC3
:1086D0000000E0FE422EE63F763C7935EF39EA3D78
:1086E000FFFFEF3D9C7500883CE4377E03FCFFFFF5
:1086F0008023F0B55B030E008DB0994223DA4B0066
:108700005B08034307D1002200230020B449F1F79E
:1087100045FC0DB0F0BD002906DA02000B00F2F7AF
:108720005DFB00220023F2E7AE4B0022F2F770F867
:1087300036230E005B42AC4A964206DD02000B0077
:10874000F1F766F8E5E70023F5E7A84C32151219B2
:108750003603A74CD218330B02931B1980246403F1
:108760002340A44C029D5C401B159B18254300220E
:10877000009329009F4BF2F731FB029B0600023366
:108780001B030F0000221B0B022B64DC0023EFF7FE
:1087900053FE002819D0009B002B00D11CE11800CB
:1087A000F2F784FF944A954B04000D00F2F730F87D
:1087B000934A06000F00934B20002900F2F728F897
:1087C00002000B0030003900BAE78F4A8F4B3000AF
:1087D0003900F2F71DF802000B0000208C49F2F777
:1087E000FDFA320004000D003B0030003900F2F7C2
:1087F0000FF80B00020029002000F2F709F8009B97
:1088000002900391002B06D102000B0030003900CA
:10881000F2F7E4FA7DE70098F2F748FF764A774BE3
:1088200004000D00F1F7F4FF754A00900191754BBB
:1088300020002900F1F7ECFF02000B0002980399D9
:10884000F2F7CCFA32003B00F2F7C8FA02000B0054
:1088500000980199DCE78023DB05F0F7D9FF0200DF
:108860000B0030003900F1F799FB04900591009856
:10887000F2F71CFF049A059B06900791100019005F
:10888000F1F7C6FF634A029B9446634402000B93D0
:108890000B0008900991F1F7BBFF04000D005E4A40
:1088A0005E4BF1F7B5FF5E4A5E4BF0F7B1FF220079
:1088B0002B00F1F7ADFF5C4A5C4BF0F7A9FF2200FB
:1088C0002B00F1F7A5FF5A4A5A4BF0F7A1FF089A7F
:1088D000099BF1F79DFF584A08900991574B2000DA
:1088E0002900F1F795FF564A564BF0F791FF220009
:1088F0002B00F1F78DFF544A544BF0F789FF22000B
:108900002B00F1F785FF02000B0008980999F0F79A
:108910007FFF029A4E4B04009B1A0B9A0D001343E3
:10892000002B34DD00223A4B30003900F1F770FFA4
:1089300032003B00F1F76CFF02000B000290039144
:1089400020002900F0F764FF049A059BF1F760FF0F
:10895000009B04000D00002B06D102000B000298C2
:108960000399F2F73BFA4FE7234A244B06980799FD
:10897000F1F74EFF224A0090019106980799214B8A
:10898000F1F746FF22002B00F0F742FF54E7020008
:108990000B0030003900F2F721FA049A059BF1F739
:1089A00037FF009B04000D00002B02D102000B00DA
:1089B0002CE7114A114B06980799F1F729FF104A45
:1089C00000900191069807990E4BF1F721FF0200E4
:1089D0000B002000290033E70020002199E6C04663
:1089E000000050C300005043FFFFEF7F01FCFFFF7A
:1089F000645F09000000F03F0000E0FE422EE63F09
:108A0000763C7935EF39EA3D555555555555D53FA5
:108A10000000E03F86EBF9FF44523EDF12F1C23F17
:108A2000DE03CB966446C73F599322942449D23F34
:108A3000935555555555E53F9FC678D0099AC33F84
:108A4000AF788E1DC571CC3F04FA97999999D93F9B
:108A500051B8060070B50D0016000400FEF724FDA5
:108A600029000660200070BD37B514001D000028E5
:108A700002D0802109065B1800920193009A019BA5
:108A800020002900F1F7C4FE2222FFF7E3FF03B024
:108A900030BD802310B500225B05FFF7E5FF10BD58
:108AA000E02310B50022DB05FFF7DEFF10BD00005C
:108AB000F8B5C046F8BC08BC9E467047F8B5C0463D
:088AC000F8BC08BC9E4670479B
:108AC800A089B0E1E995B23FECC039234A7BC33FA6
:108AD8000A68226C787ACD3FB81E85EB51B8DE3F24
:108AE800000000000000F03F0F9C33A2B437F93FAC
:108AF8008A1F63EE5A420140A54E40136143064067
:108B0800EF38454772790940000000003F800000B7
:108B180000000000228D00084E8C0008388C0008E8
:108B2800B48C0008388C0008E88C0008388C0008E1
:108B3800B48C00084E8C00084E8C0008E88C0008A5
:108B4800B48C0008248C0008248C0008248C0008AD
:108B5800F28C00084E8C00084E8C0008388C0008F7
:108B68008E8D0008388C0008E88C0008388C0008C6
:108B78008E8D00084E8C00084E8C0008E88C00088A
:108B88008E8D0008248C0008248C0008248C000892
:108B9800D0A100088EA000086CA0000858A000080A
:108BA8006CA0000872A100086CA0000858A000087A
:108BB8008EA000088EA0000872A1000858A0000826
:108BC80050A0000850A0000850A0000894A1000878
:108BD800000000000000000000000000000000008D
:108BE8000100000002000000030000000400000073
:108BF800000000000000000000000000000000006D
:108C0800000000000000000000000000000000005C
:108C18000100000002000000030000000400000042
:108C2800060000000700000008000000090000001E
:108C380053544D5F31302E31302E3136435200526D
:108C480045454E54206D616C6C6F6320737563638A
:108C58006565646564002F6275696C642F676E755D
:108C68002D746F6F6C732D666F722D73746D333244
:108C78005F31332E332E72656C312E323032343000
:108C88003932362D313731352F7372632F6E657750
:108C98006C69622F6E65776C69622F6C6962632FED
:108CA8007374646C69622F72616E642E63002C2089
:108CB80066756E6374696F6E3A20006173736572CE
:108CC80074696F6E2022257322206661696C656461
:108CD8003A2066696C6520222573222C206C696E07
:108CE80065202564257325730A00232D302B200069
:108CF800686C4C006566674546470030313233344E
:108D080035363738394142434445460030313233ED
:108D180034353637383961626364656600000100AE
:108D280002000400060008000A000C0010002000E1
:108D3800400080000001080402040801010101014B
:108D4800010307010000000059F3F8C21F6EA501D6
:108D5800000000000000F03F763C7935EF39EA3D2D
:108D6800763C7935EF39EABD0000E0FE422EE63F59
:108D78000000E0FE422EE6BF000000000000E03FD9
:088D8800000000000000E0BF44
:088D900080F8FE7F01000000E5
:048D9800E58000086A
:048D9C00BD8000088E
:108DA0000000000000002E400000000000002E40E7
:108DB0000E2DB29DEFFF58400000000000002E4035
:108DC0000000000000002E4021000000090000000B
:108DD00001000000000400502000000000040050CA
:108DE00010000000000800500010000000000050BB
:108DF000000800000004005008000000000C0050B3
:108E0000040000000008005000200000000800508E
:108E10000008000000080050000200000008005098
:108E20000004000000080050000100000004005091
:108E300004000000000C0050010000000000005081
:108E4000040000000000005008000000000C00506A
:108E500000010000000C005000020000000C005057
:108E600040000000000C00502000000000040050F2
:108E7000008000000004005000400000000400508A
:108E8000002000000004005000100000000400500A
:108E9000000800000004005000040000000400501E
:108EA0000002000000040050000100000008005013
:108EB0008000000000080050400000000008005042
:108EC00020000000000800501000000000080050C2
:108ED00008000000000800500400000000080050D6
:108EE0000200000000080050010000000101000025
:108EF0000024F400000000000F0000000800000043
:108F00000000000000003E400000000000406F40F4
:108F100000000000000000400000000000C092407F
:108F20000000000000008940010000000001000076
:108F30000100000000000000000000000000000030
:108F40000F000000070000000000000000004E407D
:108F50000000000000005440000000000000F03F4E
:108F60000000000000F891400000000000E0854093
:108F700001000000000100000100000000000000EE
:108F800000000000000000000101010002000000DC
:108F900001010000000000000000000000000000CF
:108FA0000000000000C092400000000000488C401B
:108FB0000900000009000000010000000F0000008F
:108FC00000000000003071400000000000D086402A
:108FD000000000000000594000000000000059405F
:108FE0000000000000D086400100000001000000E9
:108FF000010B01000400000000000000030000005D
:1090000000680020680200200000000000680020C6
:1090100068680020D0680020000000000000000008
:109020000000000000000000000000000000000040
:109030000000000000000000000000000000000030
:109040000000000000000000000000000000000020
:04905000000000001C
:04000005080148D9CD
:00000001FF
