:020000040800F2
:1080000000900020C94A01085D0901085F090108C4
:108010000000000000000000000000000000000060
:1080200000000000000000000000000061090108DD
:108030000000000000000000630901086509010854
:10804000194B0108194B0108194B0108194B01087C
:10805000194B0108194B0108194B0108194B01086C
:10806000194B01086D090108194B0108194B01084A
:10807000194B0108194B0108194B0108194B01084C
:10808000194B01087D0901088D0901089D090108A6
:10809000194B0108AD090108BD090108194B010878
:1080A000194B0108194B0108194B0108CD090108AA
:0C80B000194B0108194B0108194B01087D
:1080BC0010B5064C2378002B07D1054B002B02D0B2
:1080CC00044800E000BF0123237010BDA80200206B
:1080DC0000000000A08C0108044B10B5002B03D04D
:1080EC000349044800E000BF10BDC046000000007A
:1080FC00AC020020A08C010802B47146490849006A
:10810C00095C49008E4402BC7047C04603B47146FA
:10811C00490840004900095E49008E4403BC704781
:10812C00002243088B4274D303098B425FD3030AAA
:10813C008B4244D3030B8B4228D3030C8B420DD3BD
:10814C00FF22090212BA030C8B4202D3121209024B
:10815C0065D0030B8B4219D300E0090AC30B8B4289
:10816C0001D3CB03C01A5241830B8B4201D38B0337
:10817C00C01A5241430B8B4201D34B03C01A5241DC
:10818C00030B8B4201D30B03C01A5241C30A8B421F
:10819C0001D3CB02C01A5241830A8B4201D38B020A
:1081AC00C01A5241430A8B4201D34B02C01A5241AE
:1081BC00030A8B4201D30B02C01A5241CDD2C30920
:1081CC008B4201D3CB01C01A524183098B4201D39C
:1081DC008B01C01A524143098B4201D34B01C01A87
:1081EC00524103098B4201D30B01C01A5241C308FF
:1081FC008B4201D3CB00C01A524183088B4201D36E
:10820C008B00C01A524143088B4201D34B00C01A59
:10821C005241411A00D20146524110467047FFE7C5
:10822C0001B5002000F0F0F802BDC0460029F7D0DF
:10823C0076E7704703460B437FD4002243088B42FA
:10824C0074D303098B425FD3030A8B4244D3030BD1
:10825C008B4228D3030C8B420DD3FF22090212BA96
:10826C00030C8B4202D31212090265D0030B8B4212
:10827C0019D300E0090AC30B8B4201D3CB03C01AFC
:10828C005241830B8B4201D38B03C01A5241430BD7
:10829C008B4201D34B03C01A5241030B8B4201D3C7
:1082AC000B03C01A5241C30A8B4201D3CB02C01A32
:1082BC005241830A8B4201D38B02C01A5241430AAA
:1082CC008B4201D34B02C01A5241030A8B4201D399
:1082DC000B02C01A5241CDD2C3098B4201D3CB0140
:1082EC00C01A524183098B4201D38B01C01A5241EF
:1082FC0043098B4201D34B01C01A524103098B42F3
:10830C0001D30B01C01A5241C3088B4201D3CB00DD
:10831C00C01A524183088B4201D38B00C01A5241C0
:10832C0043088B4201D34B00C01A5241411A00D270
:10833C0001465241104670475DE0CA0F00D04942D9
:10834C00031000D34042534000229C4603098B4249
:10835C002DD3030A8B4212D3FC22890112BA030AD1
:10836C008B420CD3890192118B4208D38901921153
:10837C008B4204D389013AD0921100E08909C309D8
:10838C008B4201D3CB01C01A524183098B4201D3DA
:10839C008B01C01A524143098B4201D34B01C01AC5
:1083AC00524103098B4201D30B01C01A5241C3083D
:1083BC008B4201D3CB00C01A524183088B4201D3AC
:1083CC008B00C01A5241D9D243088B4201D34B00C7
:1083DC00C01A5241411A00D20146634652415B1009
:1083EC00104601D34042002B00D5494270476346EA
:1083FC005B1000D3404201B5002000F005F802BD2F
:10840C000029F8D016E770477047C0468446100024
:10841C0062468C461900634600E0C0461FB502F068
:10842C0083F9002801D40021C8421FBD10B502F009
:10843C00C7F84042013010BD10B502F075F90028A4
:10844C0001DB002010BD012010BDC04610B502F0AC
:10845C006BF9002801DD002010BD012010BDC046C5
:10846C0010B502F0F1F8002801DC002010BD01204D
:10847C0010BDC04610B502F0E7F8002801DA002064
:10848C0010BD012010BDC046844608006146FFE7C0
:10849C001FB500F0FBFC002801D40021C8421FBD11
:1084AC0010B500F083FC4042013010BD10B500F057
:1084BC00EDFC002801DB002010BD012010BDC046E2
:1084CC0010B500F0E3FC002801DD002010BD0120F8
:1084DC0010BDC04610B500F091FC002801DC002056
:1084EC0010BD012010BDC04610B500F087FC00285F
:1084FC0001DA002010BD012010BDC046002B11D1A7
:10850C00002A0FD1002900D1002802D00021C94334
:10851C00080007B4024802A14018029003BDC046EF
:10852C00E9FEFFFF03B4684601B5029800F06AF853
:10853C00019B9E4602B00CBC7047C046F0B5CE46BF
:10854C009946030C9C46130447461B0C1D000E0059
:10855C0061460404240C80B50700100C4B436543A2
:10856C00414360432C0CC01824188C46A34203D9F9
:10857C0080235B029846C444494679435643230CF6
:10858C002D042D0C8919634424046019C918C0BC2E
:10859C00B946B046F0BDC0469E2110B5C905041CB5
:1085AC00FFF7A2FF002803D1201C01F075F810BDC5
:1085BC009E21201CC90500F00BFE01F06DF88023F4
:1085CC001B069C466044F2E770B500220C4B04007D
:1085DC000D00FFF74FFF002804D12000290003F005
:1085EC0023F870BD064B00222000290002F0F0FB9E
:1085FC0003F01AF880231B069C466044F1E7C04642
:10860C000000E041F0B557464E464546DE46E0B523
:10861C0004000D009246994683B08B4230D82DD081
:10862C004946504603F076F929000600200003F075
:10863C0071F9331A9846203B34D49B4653465A461C
:10864C00934042461F00534693401E00AF423BD816
:10865C00AF4200D179E05B46A41BBD41002B00DA90
:10866C0076E0002200230092019301235A469340A6
:10867C000193012342469340009329E08242CFD9D3
:10868C0000220023009201930C9B002B01D01C6054
:10869C005D600098019903B0F0BCBB46B246A94698
:1086AC00A046F0BD42469B4620239B1A5246DA4018
:1086BC00414613004A468A40170042461F43534620
:1086CC0093401E00AF42C3D90022002300920193B5
:1086DC004346002BD8D0FB0772081A4346467B084A
:1086EC000EE0AB4201D1A2420CD8A41A9D4101204C
:1086FC0024196D410021013E24184D41002E06D055
:10870C00AB42EED9013E24196D41002EF8D10098F0
:10871C0001995B4600196941002B24DB2B005A465A
:10872C004446D3402A00E2401C005B461500002B57
:10873C002ADB26009E40330026004746BE4032000E
:10874C00801A9941009001919EE7A342BCD882E720
:10875C004246202300219B1A002200910192012203
:10876C00DA40019285E7424620239B1A2A004646AE
:10877C009A402300F340444613432A00E2401C0075
:10878C005B461500002BD4DA42462F00202326002E
:10879C0097409B1ADE403B003343CDE7F8B54B02C4
:1087AC005A0A94464A00C90FCE46474689464500A8
:1087BC0046022D0E120E80B59909770AC40FB60920
:1087CC00AB1A4C4520D0002B0CDD002A34D10029EB
:1087DC002AD05A1E012B00D18FE0FF2B00D1CDE007
:1087EC0013002FE0002B60D0531B002D00D0EEE0C7
:1087FC00002E00D13EE15C1E012B00D16BE1FF2B62
:10880C0000D1B9E02300E7E0002B00DCA4E0002A53
:10881C0069D0FF2D00D1B1E08022D20411431B2B73
:10882C0000DCE9E02B000536F708FF2B00D1A5E0B2
:10883C007A02520AD8B230E0FF2D00D19EE080229D
:10884C00D204114301201B2B08DC08002022D84045
:10885C00D31A99400B005A1E93411843361A7301D0
:10886C0000D471E0B601B709380003F035F83B00CD
:10887C000538834085424DDDB44E2D1A1E405A07F3
:10888C0068D00F221340042B64D00436730161D5D9
:10889C00681CFE2D54D1FF200022C0051043E407B4
:1088AC002043C0BCB946B046F8BDFE229046681CB9
:1088BC000200404610426BD1002D00D0DDE0002EAE
:1088CC0000D102E10029B3D08022771AD2041742DA
:1088DC0000D136E14C468E1B61D00120164230D1BE
:1088EC000023F708A4E700299ED05A1E012B00D1C3
:1088FC00CAE0FF2B42D0130091E7711A4B0100D450
:10890C00D1E08F01BF09380002F0E6FF3B000538CB
:10891C00834001252022401B0130121A1E00934077
:10892C00C6405A1E93411E4339D0730700D11BE138
:10893C000F2300253340042BA7D1012072017CD5D5
:10894C00C0B2B201520AA8E7730703D00F23334019
:10895C00042B9AD12B0067E7002B23D0531B002D3F
:10896C007BD1002E00D186E05D1E012B00D18BE067
:10897C00FF2B02D02B0075E04C466746002F00D130
:10898C0089E78022D2033A435202FF20520A84E73D
:10899C00771A7B016BD4002F00D065E700240020F0
:1089AC0000227AE7FE226B1C1A4249D1002D00D01E
:1089BC009FE0002E00D1BAE0002900D1CFE0721860
:1089CC00530100D4CDE092010120520A65E7FF2A41
:1089DC00D2D08020C004064301201B2B08DC3000C1
:1089EC002024D840E31A9E4033005C1EA341184358
:1089FC004C4615000E1A32E708002022D840D31A34
:108A0C0099400B005A1E93410343F61873019BD5F2
:108A1C000135FF2D00D13EE701234D49720833404B
:108A2C000A401A431600530704D00F231340042B9B
:108A3C0000D02AE7730100D52AE72B00F708F7E6E8
:108A4C00FF2B00D127E7711849084A072FD00F22B6
:108A5C000A40042A2BD00E1DE6E6FF2A8DD080207A
:108A6C00C00406431B2B24DD13004E1DDCE64C46D4
:108A7C008F1BF9E64C460E00D6E6002E49D1002994
:108A8C0068D067464C467CE77018430174D5304972
:108A9C0040080140430709D00F230340042B05D0A5
:108AAC0002230E1DC0E60123CF08C1E60223CF0826
:108ABC00BEE620253000D840EB1A9E4033005D1EE8
:108ACC00AB41034315005E18A0E7002900D165E710
:108ADC004C466746ACE68F1B7B012ED5BF01BF0908
:108AEC00380002F0F9FE3B00053883404C46013556
:108AFC0010E7002E00D140E7002900D141E7802388
:108B0C00DB039F4200D23CE79C4500D339E7674624
:108B1C0037E7002900D134E78023DB039F4200D2E2
:108B2C002FE79C4500D32CE74C46674629E70029E4
:108B3C0000D134E70023CF087AE64C460123FF0826
:108B4C0076E6002F00D129E7FF0871E6FFFFFFFB57
:108B5C00FFFFFF7D80220024FF20D2039DE600232F
:108B6C0066E60023D70863E60120720100D5E7E62C
:108B7C0031000023CF085BE60123C70858E6C04646
:108B8C00F0B546464F46D6464502C0B5C30F470022
:108B9C0098460E1C6D0A3F0E5BD0FF2F21D0802310
:108BAC00ED00DB041D43002399469A467F3F740277
:108BBC007300640A1B0EF60F002B20D0FF2B43D042
:108BCC0080220020E400D20414437F3B4246FF1A6B
:108BDC004B4672400F2B00D99DE071499B00CB583E
:108BEC009F46002D5AD108239946063B74029A469B
:108BFC007300FF27640A1B0EF60F002BDED1002C2E
:108C0C003BD1012342464946724019430E2918D8DC
:108C1C006448890041588F465346022B00D1B8E076
:108C2C00032B6ED042462C00012B40D10020002497
:108C3C00C0052043D2071043E0BCBA46B146A84653
:108C4C00F0BDFF200024F3E7002C20D10223FF3FCE
:108C5C00D8E7002D05D104239946033B00279A46FB
:108C6C00A5E7280002F038FE7627431F9D4000231D
:108C7C007F4299469A463F1A99E7200002F02CFE53
:108C8C00431F9C4076235B421B1A00209EE7032364
:108C9C004A461A4391460320FC3397E70C23994626
:108CAC00093BFF279A4682E703282CD03200380074
:108CBC007F30002847DD630704D00F232340042BAB
:108CCC0000D00434230103D53800374B80301C40CE
:108CDC00FE28B6DCA401640AC0B2A9E780240022F5
:108CEC00FF20E403A4E78023DB031D4201D01C42D8
:108CFC000BD08024E4032C4364024246FF20640A18
:108D0C0096E746462C008023DB031C4364023200AA
:108D1C00FF20640A8CE76D01600185422DD21B2374
:108D2C000024013F0126290064006D00002901DBAD
:108D3C00854201D32D1A3443013B002BF3D16B1E1A
:108D4C009D412C43B3E701231B1A1B2B00DD6DE760
:108D5C0021009E37D940BC400B00611E8C4123433F
:108D6C00590704D00F211940042900D004335901AC
:108D7C0013D49B0100205C0A5AE71A2301242D1AF4
:108D8C00D0E7981E43425841404232000024C0B202
:108D9C004EE74246FF2000244AE70120002447E723
:108DAC000C8D01084C8D0108FFFFFFF770B54200D8
:108DBC004E024C0045026D0A120EC30F760A240EA9
:108DCC00C90FFF2A10D0FF2C0CD00120A2420AD1CF
:108DDC00B54208D18B420FD0002A04D12800431E83
:108DEC00984100E0012070BD0120FF2CFBD13543E0
:108DFC00F9D14B401800F6E70020F4E730B54200FB
:108E0C0044024D02C30F4800640A120E6D0A000E94
:108E1C00C90FFF2A18D0FF280AD0002A1ED100281B
:108E2C000AD1002D29D0002C2DD14800013830BD9D
:108E3C00002D25D1002A01D1002CF6D08B4219D05F
:108E4C0001205B421843F2E7002C19D1FF28F7D11F
:108E5C00002D15D100208B42F2D1E8E70028EFD08D
:108E6C008B42EDD18242EBDC04DBAC42E8D8002033
:108E7C00AC42DCD258000138D9E7002CD7D0DFE760
:108E8C0002204042D3E78B42DAD1EEE730B5420004
:108E9C0044024D02C30F4800640A120E6D0A000E04
:108EAC00C90FFF2A17D0FF280AD0002A1BD100288F
:108EBC000AD1002D1DD0002C2DD14800013811E015
:108ECC00002D0ED1002A01D1002CF6D08B420CD1F2
:108EDC005800013806E0002C03D1FF2805D1002DE5
:108EEC0015D0022030BD002806D101205B4218436A
:108EFC00F8E7002CF6D0F8E78B42F6D18242F4DC8E
:108F0C00E6DBAC42F1D80020AC42EBD2E0E700202B
:108F1C008B42EAD1E6E78B42E7D1F2E7F0B54F4658
:108F2C004646D6464400C0B546020F1C760A240EAF
:108F3C00C50F002C00D1DAE0FF2C74D08023F60092
:108F4C00DB041E43002399469A467F3C7B025B0A56
:108F5C0098467B001B0EFF0F002B74D0FF2B00D10B
:108F6C008EE042468021D200C90411437F3B2A0087
:108F7C00E4184B467A408846D2B20A2B75DC4B4635
:108F8C000020022B0FDD494601238B40A621C9008E
:108F9C000B4269D1902189000B4200D000E188215D
:108FAC00194200D0F5E041460904090C434608007B
:108FBC00350C36041B0C360C704369435E435D4321
:108FCC007618030C9B19994203D9802149028C46CF
:108FDC00654400041904000C09188E01701E8641AA
:108FEC001B0C890E5B190E439B011E431B016CD499
:108FFC0023007F33002B00DCB1E0150071070BD090
:10900C000F2021003040042806D00436320103D54D
:10901C006E4B1E400B008033FE2B00DDBDE0B20119
:10902C00520ADBB248E0002E00D092E008239946A9
:10903C00063B9A467B025B0A98467B00FF241B0E7C
:10904C00FF0F002B8AD14246002A64D149460132D7
:10905C00114389460A2908DC7D400120EAB2022925
:10906C0091DC1500002227E015005346022B00D19D
:10907C0093E0032B1AD0012B2CD1002300221BE0F0
:10908C004346FF34002B55D003214B460B431900AC
:10909C000A2B00DC92E00F2B00D08CE08022D20354
:1090AC00164203D04346134200D17DE08022D20306
:1090BC0032435202520AFF23D805ED0710432843CE
:1090CC00E0BCBA46B146A846F0BD012315007108B4
:1090DC001E400E4323008033611C002B41DD7207C0
:1090EC0094D00F223240042A00D08EE78EE7002E57
:1090FC0005D104239946033B00249A4626E7300009
:10910C0002F0EAFB7624431F9E40002364429946FA
:10911C009A46241A1AE7404602F0DEFB4B46241A04
:10912C00763C0A2BA1DC4346053883407D409846AB
:10913C00EAB224E74A46023313432A007A40D2B2F9
:10914C000A2B92DC49461500002926D099460220AC
:10915C0019E70C239946093BFF249A46F6E61500BD
:10916C0021000122D31A1B2B00DD86E79E31320031
:10917C008E40DA40731E9E413243530704D00F23B6
:10918C001340042B00D00432530110D501230022CC
:10919C0092E73D004646824667E7FF2300228BE7B5
:1091AC0080220025D20386E73D001A4383E7920113
:1091BC000023520A80E73D00464677E72A00012348
:1091CC007A408B400320D2B2E9E6C046FFFFFFF79E
:1091DC00F8B54746CE46430280B55F0A9B09450069
:1091EC004A009C464B02C40FCE0F2D0E580A120E8D
:1091FC009909FF2A6BD001235E40AB1AB4424BD0C5
:10920C00002B00DCFFE0002A00D188E0FF2D00D10C
:10921C00EFE08022D204114301201B2B08DC080054
:10922C002022D840D31A99400B005A1E9341184360
:10923C0063461B1A9C4663465B0100D4CDE0634633
:10924C009F01BF09380002F047FB3B000538834003
:10925C00854200DCA2E0B74A2D1A1A4094465A0700
:10926C0000D1C3E00F221340042B00D1BEE0042335
:10927C009846C44463465B0100D4B7E0681CFE2DDD
:10928C0000D0A5E0FF200022C0051043E4072043D6
:10929C00C0BCB946B046F8BD002B00DCEBE1002A9F
:1092AC0046D0FF2D00D1A4E08022D20411431B2B09
:1092BC0000DCFBE0052398462B00C4446246D7082B
:1092CC00FF2B00D195E07A02520AD8B2DCE72B00D2
:1092DC00FF3B9946002918D101235E40B44200D1CE
:1092EC00CAE04B46002B2DD0002D00D03CE1FF23D3
:1092FC006446002C00D15FE15D1E012B00D174E1AE
:10930C003400FF2B74D02B0003E1B44200D19CE05D
:10931C00002B17D0002DEAD0070034006CE0002998
:10932C00CCD05A1E012B2BD0FF2B62D0130073E72D
:10933C000029C3D05A1E012B00D11EE1FF2B58D09F
:10934C001300B4E7FE226B1C1A420DD1002D60D025
:10935C006346002B00D020E1002900D028E18022B8
:10936C000024FF20D2038FE763465F1A7B0100D5F0
:10937C00FEE0002F00D065E700240020002283E7E8
:10938C006346591A4B0100D419E18F01BF0938000B
:10939C0002F0A2FA3B000538834001252022401B35
:1093AC000130121A19009340C1405A1E93411943BF
:1093BC008C460B1EE1D05B0700D152E10F23002538
:1093CC000B40042B00D052E701204A0100D492E05C
:1093DC00C0B263469A01520A56E763465B0705D052
:1093EC000F2362461340042B00D040E72B0065E7A7
:1093FC000700002F00D145E78022D2033A435202E6
:10940C00FF20520A40E7002B79D1FE226B1C1A4236
:10941C00AAD16346002B00D1F5E0002900D1D1E0A0
:10942C005F1A8023DB041F4200D10EE16246012447
:10943C008A1A944600203440002A00D124E70120E7
:10944C001A42C6D10023D7083DE7002B17D0002DB8
:10945C0000D0AFE0FF236546002D00D1ADE05E1ECD
:10946C00012B00D189E0FF2BC2D01B2E00DCABE01E
:10947C004B1D9C46130021E74B46002B70D1FE225E
:10948C006B1C1A425ED1002D00D0C3E06346002B4A
:10949C0000D1D0E0002900D194E00A0062445301CD
:1094AC0000D4D8E092010120520AEDE608002022F7
:1094BC00D840D31A99400B005A1E934103439C4445
:1094CC0063465B0189D50135FF2D00D1DAE6624692
:1094DC0001231949134052080A401A4313009446B9
:1094EC005B0704D00F231340042B00D0BFE6634668
:1094FC005B0100D5C2E66346DF082B00E3E6531B95
:10950C00002D00D1F4E680206446C0040443A44638
:10951C00340001201B2B09DC20256046D840EB1AB7
:10952C0065469D402B005D1EAB4118430B1A9C46B3
:10953C00150080E6FFFFFFFBFFFFFF7DFE226B1C8B
:10954C001342A3D0FF2B00D19CE6614449084A0783
:10955C0049D00F220A40042A45D00A1D9446ADE694
:10956C00002D00D176E78DE63400FF2000228BE63B
:10957C0063460124CF1A344064E661444B016DD537
:10958C0048084449014043072CD00F230340042BC7
:10959C0028D00B1D9C46022390E6002900D12BE716
:1095AC008023DB039F4200D226E7984200D323E7B7
:1095BC000124344007001FE734008C467EE601236B
:1095CC00CF0880E600237EE620206546801B854080
:1095DC0063462800F340451EA84103439C461500F2
:1095EC008C446DE70223CF086DE60F1B7B0128D559
:1095FC00BF01BF09380002F06FF93B00053883400A
:10960C0034000125CAE6002900D1B5E60124070083
:10961C00344058E66346002B00D1E9E6002900D11E
:10962C00EAE68023DB039F4200D2E5E6984200D3B2
:10963C00E2E60700E0E6002900D19EE60023CF0811
:10964C0041E634000123FF083DE6002F00D193E6EC
:10965C000023FF0837E60023D70834E60123CF08A0
:10966C0031E680220B00D20401201340114200D0BD
:10967C00AEE6CF0827E6002B00D15FE7561B002D86
:10968C0001D13300E7E680236046DB0418438446AF
:10969C00EBE6C046FFFFFF7D41024200C30F490AC3
:1096AC000020120E7E2A03DD9D2A02DD094A98183D
:1096BC007047802000040143952A07DC9620821A0B
:1096CC00D1404842002BF3D10800F1E7963A914083
:1096DC00F7E7C046FFFFFF7F70B5002812D0C31715
:1096EC00C5185D40C40F280002F0F6F89E231B1A23
:1096FC00962B0FDC082838D0083885406D026D0A8F
:10970C00D8B202E0002400200025C0052843E4075D
:10971C00204370BD992B14DC421F95402A0015493B
:10972C00114055071CD00F252A40042A18D00431AB
:10973C00CA08490115D59F235202181A550AC0B2FE
:10974C00E3E705222900121AD14002001B32954092
:10975C002A00551EAA410A43064911405507E2D179
:10976C00CA085202550AD8B2CFE76D026D0A8E3084
:10977C00CBE7C046FFFFFFFB10B5041E0DD002F077
:10978C00ABF89E231B1A962B0CDC082834D0083817
:10979C0084406402640AD8B201E000200024C005B1
:1097AC00204310BD992B13DC421F9440144A2240D5
:1097BC0061071CD00F212140042918D00432D40891
:1097CC00520115D59F236402181A640AC0B2E6E749
:1097DC00020021001B3291400A00511E8A410521D2
:1097EC00091ACC401443064A22406107E2D1D4083E
:1097FC006402640AD8B2D2E76402640A8E30CEE7FF
:10980C00FFFFFFFBF0B54F464646D646C0B582B0CB
:10981C00009001910E034C00CD0F710A009E5F0069
:10982C00760F0E43009900920193C90089461903E3
:10983C007B0D9846019B490ADB0F9C46009B009AC6
:10984C005B0F0B434146640DD200611A654500D194
:10985C00A6E0002972DD4746002F00D1DDE0CC4F99
:10986C00BC4200D19AE10127382917DC80273F043C
:10987C003B431F2900DDDDE12027781A1F008740BC
:10988C00BA461700CF408446380057460743604617
:10989C008240CB40501E8241F61A17434B46DF1BC9
:1098AC00B94580414042361A330200D4FFE07602BB
:1098BC00760A002E00D13CE1300002F00DF80300D6
:1098CC00083B20213800CA1AD0409E4002009F401D
:1098DC0032439C4200DDA6E1181B0130091A3E0000
:1098EC008F40C6407B1E9F4113008B4037431F4364
:1098FC00C2403B0016000024134300D1DFE17B077C
:10990C0000D132E30F233A003B40042B04D03A1D24
:10991C00BA42BF417F42F619330200D423E39C4B79
:10992C0001349C4200D1B4E09A4B64051E40640D96
:10993C007707D20876021743360BACE0002900D12A
:10994C007EE04146091B002C00D060E13400484603
:10995C00044300D1C9E14C1E012900D12EE28C4DEB
:10996C00A94200D124E20127382C11DC21001F2947
:10997C0000DD0BE2202437004846641AA740C8409B
:10998C0007434846A040CE40441EA0419B1B0743C2
:10999C00D71BBA4292415242654644469E1A83E70F
:1099AC00002900DC9CE04746002F67D11F001743BD
:1099BC0000D1E4E0481E012900D19BE1744FB9426B
:1099CC0000D1EBE001270100382811DC1F2900DD54
:1099DC00C7E12027781A1F00844687401000C84032
:1099EC00074360468240CB40501E8241F618174315
:1099FC004F444F45804140423618330257D5644B93
:109A0C0001349C4245D00121624B7A081E403940FA
:109A1C000A43F7071743760871E71F00174300D175
:109A2C00ADE04F1EBC46012900D182E1584FB9422E
:109A3C0000D190E161460127382900DD2EE718E7B7
:109A4C00554F611C394200D0D0E0310048461F0010
:109A5C0001431743002C00D03DE1002900D1BCE1AB
:109A6C00002F00D0BFE14B460021D80877070743F1
:109A7C00F00806034C05360B640D0CE0444FBC4259
:109A8C0000D18BE001273829B2DC80273F043B430F
:109A9C009CE70026002724053443ED072C433800AF
:109AAC00210002B0E0BCBA46B146A846F0BD7B0727
:109ABC0004D00F233B40042B00D028E7F808344B8C
:109ACC0077070743F0089C4200D04AE23B0003436F
:109ADC0059D080263603064336032D4C360BDAE775
:109AEC00002961D04146091B002C00D1B9E0284C5B
:109AFC00A04500D1A5E10127382913DC80242404DA
:109B0C0026431F2900DDC8E1202437004846641A8B
:109B1C00A740C84007434846A040CE40441EA04141
:109B2C009B190743BF189742924152424446D6189C
:109B3C0063E7380001F0D0FE030018331F2B00DC64
:109B4C00BFE63A00083882409C4200DD83E01B1BD4
:109B5C00581C1F2800DCB4E117001F3BDF402028F5
:109B6C0005D040231B1A9A40531E9A4117430024D8
:109B7C00002F0AD07B0700D0C4E626009EE74B4698
:109B8C000C00D8089BE70027014C002683E7C04651
:109B9C00FF070000FFFF7FFFFE0700004B46770723
:109BAC00D8080743F00891E7CD4F611C39426BD1BF
:109BBC00310048460143002C00D04BE11F001743F5
:109BCC00002900D181E1002F00D14CE74A444A45DD
:109BDC008041F61840423618330200D5B0E1170028
:109BEC009146374300D03EE7002654E74946891A90
:109BFC008846C145BF41F11A7F42C91B0F0261D48F
:109C0C0047460F4300D1BDE00E00474651E6B54C28
:109C1C00A04500D100E10127382900DDB8E68024F9
:109C2C0024042643A3E6B04EE41A16407B0700D06A
:109C3C003FE743E70F001800203FF84084462029F7
:109C4C0003D04027791A8B401A43531E9A4163461E
:109C5C0017001F4322E6A448E11A10404707C0082A
:109C6C0007E734004846044300D1FAE04C1E0129B2
:109C7C0000D1D7E09B4FB94200D1E2E00127382C4C
:109C8C0000DD4FE721003CE7964CA14200D1DDE01E
:109C9C004A444A458041F31840421818C7075208F5
:109CAC0017434608520705D00F220C003A40042AED
:109CBC0000D02CE67607FF0837430009D9E60027C9
:109CCC000026E8E64946571ABA4292419E1B524278
:109CDC006546B61AEDE5002900D0C6E0002F67D125
:109CEC00802600257F4C3603D5E665460C001E0009
:109CFC00D008E4E64A444A458041F318404218181B
:109D0C001100030200D496E0774B49081840C307B2
:109D1C000B434408490700D129E10F221A40042AB9
:109D2C0000D1EAE01F1D9F42B6417642361902244B
:109D3C00C4E649468F1AB9458041F61A4042361A94
:109D4C00330206D47307FF0801211F43F00890E685
:109D5C0065460124ABE54B467707D8080743F00866
:109D6C00B4E60F001800203FF8408446202903D0A9
:109D7C004027791A8B401A43531E9A4163461700A9
:109D8C001F4335E600250024002684E60C00350030
:109D9C00203CE540202905D04024611A8E404946DC
:109DAC00314389464846411E884107002F43EFE561
:109DBC00D2085F0765461743D80887E6171ABA42D8
:109DCC0092419E1B5242B61A3302C1D47307FF084C
:109DDC00654601211F43F0084BE6002F7BD06546FA
:109DEC001E0091463FE6811A8846C145A441F11AEE
:109DFC006442091B80242404214277D0101A824229
:109E0C00924107009E1B5242B61A374300D0A0E085
:109E1C006546002400263EE65F07D20865461743D8
:109E2C00D80853E6811891429241F018524280189A
:109E3C00030200D568E74707C9080F43C008012192
:109E4C0017E6D2085F071743D8083FE60C00002638
:109E5C00002720E6002956D15F07D2081743D808FF
:109E6C0034E60C001E00D00829E6C1087007014337
:109E7C00F008002F62D080242403204207D0DE0893
:109E8C00264204D165463000D1085B0719434F0FB9
:109E9C00C900C9087F070F4318E60C003000203CAE
:109EAC00E0408446202905D04024611A8E40494662
:109EBC00314389464846411E8841614607000F439D
:109ECC0030E620210027091A0EE51E00002F00D0D5
:109EDC0022E5002458E7002500240026DBE5C046D7
:109EEC00FE070000FF070000FFFF7FFF47460F4300
:109EFC0000D147E70E00C146B5E5DF086407022133
:109F0C0027430009B5E51900C0087707074311433B
:109F1C00F008002900D1D9E580210903084207D0B7
:109F2C00DC080C4204D1D2085B071A43170020004E
:109F3C007B0FFF00FF085B071F43C7E50F00C5E55C
:109F4C00124BD20833405F075B02012417431E0BF0
:109F5C00A1E5264212D00D4B6546020001241E409D
:109F6C00E6E4210085E51700A8E53A00D4E4DB0817
:109F7C0064071C432700022100097AE5C008770713
:109F8C00074365460021F00873E5C046FFFF7FFFDD
:109F9C00F0B5DE46454657464E46E0B587B00092D2
:109FAC0001930B031B0B9B46CA0F4B00040080460E
:109FBC005B0D029200D198E07C4A934237D059460F
:109FCC00420FC9000A43802109041143C200904684
:109FDC00774A894692469A44002300240393009EB4
:109FEC00019F3B031B0B9B467B0030005B0DFD0F61
:109FFC00002B59D06D4A934248D05946720FC90074
:10A00C000A438021090411438B466949F2008C46AE
:10A01C0051466344CB1A9A460021029E6E40F6B21A
:10A02C000F2C00D9CEE0634BA4001B599F465A4617
:10A03C000243914600D090E09A46022390460824B1
:10A04C000393CCE7CB464246029D0399022900D1EB
:10A05C00DEE1032900D18DE0012900D079E12E0049
:10A06C0000220023002490461B052343F6073343AC
:10A07C004046190007B0F0BCBB46B246A946A04604
:10A08C00F0BD002200249046484BEDE75A46009B59
:10A09C001A43494B9C46E244002A59D102231C43E3
:10A0AC00002302219B46B8E75A46009B1A4349D02D
:10A0BC005B46002B00D19CE1584601F00DFC0200E0
:10A0CC0003000B3A1D27009EBA1A19005846D640B9
:10A0DC0008398840320002439346009A8A40374937
:10A0EC0053448A4600219A4497E75B4603439946BA
:10A0FC0021D05B46002B00D169E1584601F0ECFB06
:10A10C000B235B429C460200844466461D239B1B2A
:10A11C00260011005846DE400839884033000343BE
:10A12C00994623008B409846254B00249B1A9A464F
:10A13C000023039353E7002398469A4601330424E3
:10A14C0003934CE701231C43002301219B4664E746
:10A15C000323320003211C435FE79A460323D946AD
:10A16C000C2403933BE700238024984600260F4BD6
:10A17C00240379E780245B4624031C4324032E002C
:10A18C0090460A4B240B6FE780244B462403234252
:10A19C0002D05B462342F0D080244B4624031C4360
:10A1AC002403029E014B240B5EE7C046FF07000010
:10A1BC0001FCFFFF888D010801F8FFFFF30300008D
:10A1CC000DFCFFFFCB4500D2F8E000D1F3E00123FA
:10A1DC005B429C46444648460025E2445B46170ECB
:10A1EC001B021F43190C3B04120200971F0C9146D3
:10A1FC0002910397FEF71AF802007A430B04210C24
:10A20C00804619438A4209D9009F0123BC465B4210
:10A21C0061449C46E0448F4200D85CE1881A029964
:10A22C00FEF704F8039A240442430904240C0300A7
:10A23C000C43A24206D90099013B8C466444A142CE
:10A24C0000D842E1A01A424612041A4393464B46E8
:10A25C0059461B0C1F0004930B0449460904090CB6
:10A26C000C001B0C5C43120C7B43884651437A4315
:10A27C00270CBC465B186344994203D980214902E0
:10A28C008C466244190C24041B04240C8A181C19D7
:10A29C00904202D316D1A54214D25B46009F013BDB
:10A2AC004D4405934D459B41BC465B426344C018ED
:10A2BC00874200D302E1824200D929E100D124E196
:10A2CC00059B9B462C1BA542AD41009B801A6D4201
:10A2DC00401B834200D10FE10299FDF7A7FF039ABF
:10A2EC000B044243210C050019438A4200D9CBE0F0
:10A2FC00881A0299FDF79AFF039A24044243090431
:10A30C00240C03000C43A24200D9CAE04146A41A13
:10A31C002A041A43049F13041B0C594340467B43E5
:10A32C009C46150C68430B0C844463447D43984253
:10A33C0003D98020400284466544180C09041B0490
:10A34C00090C40195B18844227D323D00123350014
:10A35C001A43944B5344002B60DD510700D086E028
:10A36C002E00D1085A46D20106D55A468E4B1A40B9
:10A37C0080239346DB0053448C4A934200DD80E6F5
:10A38C005A4652070A4390465A465B055402240B20
:10A39C005B0D69E63500002BDBD0009D511EAC46F1
:10A3AC006444AC4200D29EE0844200D2E1E000D191
:10A3BC00EEE00A00CAE7424500D908E74B46DC0745
:10A3CC00580843465B081C434346DD0706E701F08B
:10A3DC0083FA15239C4684440200634620321C2BCE
:10A3EC0000DC92E623000838834099460023984607
:10A3FC009AE601F071FA02000300153220331C2A90
:10A40C0000DC5FE600990838814000228B4666E646
:10A41C0000222E0000249046654B25E62E000121DB
:10A42C00C91A382900DD1BE61F297EDC614814009F
:10A43C0050445B4682408340CC40501E82412343B3
:10A44C001A435B46CB40510709D00F211140042918
:10A45C0005D0111D9142924152429B180A001902DB
:10A46C0000D49BE00022012300249046FCE50F2140
:10A47C001140042900D173E7111D914292415242BF
:10A48C002E00C90893446DE7009B013D9C46614436
:10A49C008B4200D92CE78A4200D829E7851E6144FB
:10A4AC0026E70099013B8C466444A14200D92DE774
:10A4BC00A24200D82AE7831E644427E7874200D0D3
:10A4CC00FEE6A94500D9FBE6F5E6A24200D8B9E6BE
:10A4DC00831E6444B6E68A4200D89FE6BC46831EBF
:10A4EC00984661449AE60A00844200D02EE74B4518
:10A4FC0000D02BE735002CE72A4B2F4A53449245CA
:10A50C0043DB0122002193442CE7AC4200D8D7E670
:10A51C0002235B429C4600994D444D459B41E344CC
:10A52C008C465B426344C018CCE61F204042C31AE1
:10A53C005846D840202904D05946204B53449940C2
:10A54C000A43531E9A410723190002430024114069
:10A55C00134209D008331340042B1DD0131D934212
:10A56C0089411A0049424907D2080A439046002300
:10A57C007AE54946009F4D004D458941BC4649420C
:10A58C006144A946023A6418AEE70122524246E7FA
:10A59C009945EED30A00AAE70021E5E759075B02CB
:10A5AC001C0BE1E7FF030000FFFFFFFEFE070000AE
:10A5BC00FF0700001E04000002FCFFFF3E04000029
:10A5CC00F0B55746DE464E464546E0B50D00040054
:10A5DC00E80F83460903D80F090B824619488C46AD
:10A5EC001F0369005E00490D3F0B760D814218D0A8
:10A5FC0086420FD00120B1420DD1BC450BD1944203
:10A60C0009D1D3451CD0002905D160462043431EF7
:10A61C00984100E00120F0BCBB46B246A946A046DA
:10A62C00F0BD01208E42F6D1614639430F0017432D
:10A63C002743F0D15B465246981A431E9841EAE7ED
:10A64C000020E8E7FF070000F0B557464E464546A8
:10A65C00DE46E0B50D000E034900490D8A46DF0FBA
:10A66C00E90FBC4683B02F4F04008046019158007F
:10A67C0019039146360B090B400DBA451DD0B84253
:10A68C000DD05746002F2AD13443002824D10A4339
:10A69C0036D0002C41D163465800013815E01143E7
:10A6AC0038D15346002B01D12643F4D0019B63458E
:10A6BC0007D1019B5800013807E026432AD15045A9
:10A6CC0021D00120019B5F42384303B0F0BCBB4654
:10A6DC00B246A946A046F0BD002CDCD0E6E7002827
:10A6EC00EFD0019B6345ECD18245EADCE1DB8E4285
:10A6FC00E7D8DED1C845E4D80020C845E5D2D8E774
:10A70C00002CE2D0DDE7114304D1019B6345D8D185
:10A71C000020DAE702204042D7E7019B6345E6D0F0
:10A72C00CFE7C046FF070000F0B557464E464546FA
:10A73C00DE46E0B50D000E034900490D8A46DF0FD9
:10A74C00E90FBC4683B02E4F04008046019158009F
:10A75C0019039146360B090B400DBA451ED0B84271
:10A76C000DD05746002F27D13443002833D10A434C
:10A77C0034D0002C40D163465800013815E0114309
:10A78C0012D15346002B01D12643F4D0019B6345D3
:10A79C001DD00120019B5F42384306E0264303D1C4
:10A7AC005045F6D111431CD0022003B0F0BCBB467F
:10A7BC00B246A946A046F0BD0028EAD0019B6345ED
:10A7CC00E7D18245E5DC02DB8E42E2D80ED0019B5C
:10A7DC0058000138E9E7002CCDD0D7E7002CE4D0A5
:10A7EC00D7E7019B00206345DFD0D2E7C845D0D81E
:10A7FC000020C845D9D2EAE7019B6345E4D0C8E7FD
:10A80C00FF070000F0B557464E46DE464546E0B51C
:10A81C001F000B031B0B16009A46CA0F4B000400BB
:10A82C00914685B05B0D00D1CFE1CD4A934255D016
:10A83C005146420FC9000A43802109041143C2004A
:10A84C009046C84A8A4693469B44002300250293AF
:10A85C003C037B00FA0F0196240B5B0D009200D198
:10A86C0088E1BF4A934200D192E0BE4A94466344C9
:10A87C009B440A2D42DCE400730F23438024494699
:10A88C0024041C43F3000193009B00205940CBB2DD
:10A89C000393022D00DC94E00123AB401D00A623A2
:10A8AC002A00DB001A401D4200D029E290239B00B5
:10A8BC001D4200D14DE20023802499462403A84B6D
:10A8CC0010004A461B052343D2071343190005B059
:10A8DC00F0BCBB46B246A946A046F0BD5246024368
:10A8EC00904600D0ACE19B46022392460825029389
:10A8FC00AEE7009BA2469946019B9846029B022B11
:10A90C0000D1CAE1032B00D192E1012B10D100231D
:10A91C0000240022D4E701227B083A40134352461C
:10A92C00D2071343984653465B089A46039B9946B5
:10A93C005B46581C8023DB005B44002B00DCB1E140
:10A94C00424652070BD00F2241460A40042A06D039
:10A95C004246111D4145924188465242924452460C
:10A96C00D20106D55246804B1A4080239246DB001A
:10A97C00C3187E4A934200DD8FE14246D10852460D
:10A98C0052070A4351465B054C02240B5B0D97E7BB
:10A99C00734B26439C46E344002E00D16FE1032306
:10A9AC0049461D43009B5940CBB203930A2D00DD51
:10A9BC0033E10123AB401D000323029388222A427A
:10A9CC0097D1424643461204120C160001981D0CF6
:10A9DC00030C0004000C4643B4461E006E43009664
:10A9EC00160007005E436146B0466F430E0CB84438
:10A9FC004644B74205D9802149028846009F474406
:10AA0C00009761460904090C370C36048C4631005A
:10AA1C00614401911100260C2404240C61438C46E2
:10AA2C002100694389466146090C884672434A44B1
:10AA3C0042447543914503D98021490288464544D7
:10AA4C00110C884661460904090C8C4612046244B8
:10AA5C00B91802915146090C8C4651460F043F0C13
:10AA6C003900414345448846614641438A46414644
:10AA7C006046090C894658437B4353444B449A45E2
:10AA8C0003D98021490289464844190C894641461C
:10AA9C000904090C8846390061431B044344884669
:10AAAC0061464C4371438C46414677430E0C3F192B
:10AABC00F6194844B44203D9802149028946CC4452
:10AACC000299009F894631044F448946414697427A
:10AADC0092410C04240C4C44FF1852426419A118E6
:10AAEC009F429B41884682465B42994690459241E3
:10AAFC00AC42A441C244D1445242644214439945ED
:10AB0C009B41824592415B42524213434A46360C6A
:10AB1C00A419E31863445B02D20D1A4301999246BF
:10AB2C007A020A43501E8241FF0D17434A465202D5
:10AB3C001743B846DB0100D5EDE60D4B039A5B4499
:10AB4C009146002B00DCACE03A00520700D110E734
:10AB5C000F2258463A40042A00D0F9E609E7C046CD
:10AB6C00FF07000001FCFFFFFFFFFFFEFE070000D8
:10AB7C00FF030000220032436FD0002C00D1C2E052
:10AB8C00200000F0A9FE020003000B3A1D20821ADF
:10AB9C0030001900D04008398C40020022433400A8
:10ABAC008C405946CB1A86498B469B440A2D00DDB6
:10ABBC00A4E64946009B01945940CBB214000020F6
:10ABCC000393022D00DD67E6FBE6534603439846EC
:10ABDC003CD05346002B00D1A3E0504600F07CFE45
:10ABEC000B235B429C4602008444110050460839FA
:10ABFC0088401D23804660461B1A2000D840030065
:10AC0C00404603439A4623008B4098466C4B0025E4
:10AC1C009B1A9B46002302931AE60F2D00D0C9E025
:10AC2C00802352461B031A4202D01C4200D192E0F0
:10AC3C008024534624031C4324034246240B3EE643
:10AC4C009B46032380460C25029301E600239A467B
:10AC5C009B46013304250293FAE501210D430A2D8D
:10AC6C0000DD4BE6494600984140C9B20391022DE4
:10AC7C0000DC96E000230024012001930CE64946F9
:10AC8C000223009A2B435140CAB203920A2B00DDD7
:10AC9C0034E6002D57D1039B994600240022494BE2
:10ACAC000EE658460121C91A382900DD2FE61F2966
:10ACBC0056DD1F2254465242D31ADC40202907D0BD
:10ACCC00414B42469C465346604483401A4390464F
:10ACDC0042460721531E9A410B0022431340002485
:10ACEC00114209D00F231340042B5DD0111D91424A
:10ACFC009B410A005B425B07D2081A430023DFE545
:10AD0C00039B9946FAE5019800F0E6FD020003006A
:10AD1C00153220331C2A00DC38E7019A08388240AF
:10AD2C003FE700F0D9FD15239C468444020063469E
:10AD3C0020321C2B00DC58E70023984623000838EF
:10AD4C0083409A4662E71D000023002402200193F1
:10AD5C00A2E5029032E61C43009B019A9946AEE5AF
:10AD6C001A4B5246C31840469A40C84002434046CC
:10AD7C0098400300581E834154461A43CC40530755
:10AD8C0009D00F231340042B05D0131D934292417D
:10AD9C005242A4181A00230208D5012300240022D1
:10ADAC008EE5894600248BE50023A5E76307640242
:10ADBC00240BA1E7009BA2469946019B984637E7D6
:10ADCC000DFCFFFFFF0700003E0400001E04000006
:10ADDC00F0B557464E464546DE46E0B583B000908A
:10ADEC0001910C034D00CE0F610A009C5F00640FB3
:10ADFC000C43009900920193C80019037B0D9946EE
:10AE0C00019BCC4FDB0F9C464B0A00998046490FA7
:10AE1C001943009B8B46DA0092466D0DB94500D163
:10AE2C00BFE00123614659404B468C46EB1A8E42DB
:10AE3C0075D0002B00DCA3E24946002900D1CEE0FE
:10AE4C00BD4200D100E20127382B19DC802759467E
:10AE5C003F0439438B461F2B00DDFAE12027F91AFA
:10AE6C008C4659466746B9400F001100D9400F4334
:10AE7C0061468A40511E8A415946D9401743641A8B
:10AE8C00C71BB84280414042241A230200D440E13F
:10AE9C006402640A002C00D154E1200000F01CFD77
:10AEAC000300083B20213800CA1AD0409C40020005
:10AEBC009F4022439D4200DDA6E1581B0130091A38
:10AECC003C008F40C4407B1E9F4113008B402743A6
:10AEDC001F43C2403B0014000025134300D1F7E18F
:10AEEC007B0700D177E30F2338003B40042B04D0C1
:10AEFC00381DB842BF417F42E419230200D468E3F5
:10AF0C008C4B01359D4200D1F4E08B4B6D051C4000
:10AF1C006D0D6707C00864020743240BECE0002B9F
:10AF2C0000DC29E34946002900D0D6E059461143FC
:10AF3C0000D12EE1591E012B00D1E6E1BB4200D11C
:10AF4C0082E101270B00382914DC1F2B00DD3CE2C9
:10AF5C002027F91A8C4659466746B9400F00110054
:10AF6C00D9400F4361468A40511E8A415946D94007
:10AF7C00174364183F18874280414042241823022B
:10AF8C0000D4C6E06B4B01359D4200D1B2E00121EB
:10AF9C00694B7A081C4039400A43E7071743640899
:10AFAC009EE7664B11438A46EB18002928D066456C
:10AFBC002CD0002B5BD0002D00D12CE15B466646DB
:10AFCC005F07D2081743DD083B002B4300D1E2E0BA
:10AFDC00802424032C432403564D240B8CE0594627
:10AFEC00114300D1D5E0591E012B00D1B9E1BB4270
:10AFFC0000D1B1E101270B00382900DD40E72AE739
:10B00C006146012779408C466645D2D1002B00D190
:10B01C00C5E0002D00D055E14B462500054300D17D
:10B02C0012E2591E8C46012B00D149E2414DAB4234
:10B03C0000D18FE20127382911DC63461F2B00DD7C
:10B04C005BE26146202327005B1A050098409F4075
:10B05C00CD40431E9841CC402F430743A344BF1817
:10B06C009742924152425A4414004D4687E7344F5E
:10B07C006B1C3B4200D0B6E05946230011430F0035
:10B08C000343002D00D026E1002B00D1C0E10029A4
:10B09C0000D1A1E0831A98465B464045AD41E31AC6
:10B0AC006D425B1B80252D042B4200D14BE15B468E
:10B0BC00101A824292411C1B070001266346524221
:10B0CC00A41A27431E40002F00D142E12C4200D18C
:10B0DC006DE2194B01251C401BE7BD4200D13BE141
:10B0EC000127382B00DD45E7802759463F043943BB
:10B0FC008B462AE7002400272D052543F607354308
:10B10C003800290003B0F0BCBB46B246A946A046A5
:10B11C00F0BD7B0704D00F233B40042B00D0E7E6A7
:10B12C002B00F808034A67070743E508934200D150
:10B13C004AE7A5E0FF070000FFFF7FFF01F8FFFFD4
:10B14C00FE070000380000F0C7FB030018331F2B6C
:10B15C0000DCA7E63A00083882409D4200DD8AE018
:10B16C005B1B581C1F2800DCD8E117001F3BDF407D
:10B17C00202805D040231B1A9A40531E9A4117438E
:10B18C000025002F00D1E5E07B0700D0ABE62C00BA
:10B19C00C6E7C008C6E700270024D14DACE7D14F65
:10B1AC006B1C3B4271D123000343002D00D04EE1B8
:10B1BC005746002B00D1B5E1002F0DD083188342E8
:10B1CC0080415C4440422418220200D5C8E11F0093
:10B1DC009846274300D1BCE043466707DB081F4372
:10B1EC00E50800234CE0831A98465B464045BF4176
:10B1FC00E31A7F42DB1B1F027CD447461F4300D15E
:10B20C00A6E01C00474645E6B74CED1A14407B07F8
:10B21C0000D080E784E74B462500054366D05F1ECF
:10B22C00012B00D1FCE0AE4DAB4200D15EE1664695
:10B23C00382F00DCB4E00120171ABA4292415B4669
:10B24C0052424D469C1A20E66707C0080743E508A2
:10B25C00BAE61F005946203FF9400F00202B05D0BD
:10B26C004021CB1A594699400A43924653465A1EDE
:10B27C0093411F4304E6EB1A9B4D15406F07ED08F5
:10B28C002C035D05240B6D0D36E7954DAB4200D1BB
:10B29C00D6E082182100824280415944404208186D
:10B2AC00C707520817434408520700D485E10F2200
:10B2BC001D003A40042A00D01AE6FF086407274311
:10B2CC000509DDE75B46D2085F071743DD087BE61F
:10B2DC000027002410E7002B00D0D6E0002900D076
:10B2EC002FE1802400267E4D240305E766465C464C
:10B2FC00D00817E75B46171ABA4292411C1B01266D
:10B30C0063465242A41A1E40C4E58318834280410E
:10B31C005C44404225182A0200D4DAE0724A5B08E9
:10B32C001540EA071A4369085B0700D44AE10F236A
:10B33C001340042B00D1FCE0171D9742A44164423A
:10B34C0002256418ECE647461C001F4300D043E777
:10B35C00002600250024CFE6C00867070743E50850
:10B36C0032E6871A5B46B8428041E41A4042241AFE
:10B37C00230228D46307FF081F43E50801237FE756
:10B38C00002B00D173E64B465F1B3B00002D00D118
:10B39C0042E7382F00DDECE080230E001B041C4339
:10B3AC001F2F25DC20252300ED1B0100A840AB40FE
:10B3BC00F940451EA8410B43FC4018435B461B1B40
:10B3CC009B4639E76646012562E51F005946203F3A
:10B3DC00F9408C46202B05D040275946FB1A994042
:10B3EC000A43924657467B1E9F4163461F43C1E565
:10B3FC003B002500203BDD40202F04D04023DB1BED
:10B40C009C40204380464046431E9841284313E706
:10B41C0000299DD0012663465C4690461E40DBE623
:10B42C00171A5B46BA4292411C1B5242A41A2302C1
:10B43C00C8D46307FF081F4366460123E5081FE7CE
:10B44C001D000024002757E65C46D0086AE6002B56
:10B45C0000D137E75346C00867070743E508002BC0
:10B46C0000D1B1E580231B031D4208D05946C80802
:10B47C00184204D1D20849070A43170005007B0F74
:10B48C00FF00FF085B071F439EE5C00863071843D6
:10B49C00E508002953D080231B031D420AD05946CE
:10B4AC00CC081C4206D1012663462500D00849076A
:10B4BC0008431E40470FC000C0087F07074383E5C1
:10B4CC008318934292415C445242A5182A0200D53B
:10B4DC0024E76F07DB081F43ED080123D0E6C046C5
:10B4EC00FF070000FE070000FFFF7FFF5B46D2084E
:10B4FC005F0766461743DD0866E52500203BDD4007
:10B50C006346202B05D0402361465B1A9C402043A8
:10B51C00804647467B1E9F412F43A0E520210027F4
:10B52C00091AD2E4002F00D113E75C46170000255E
:10B53C00F6E5D708490702230F432D09A0E60700BB
:10B54C0042E55B4601265F07DD086346D2081743D8
:10B55C001E4039E55B46D2085F071743DD0833E52B
:10B56C001E4ADB0822405707520201251F43140BC9
:10B57C00C2E50E0001205FE6002B0DD04B465B1B95
:10B58C009C46002D00D148E50127382B00DD66E5EF
:10B59C0080231B041C4350E56B1C114D2B4200D027
:10B5AC0073E65946230011438A46034300E66707B6
:10B5BC00C00800230743E50862E66407FF08274339
:10B5CC0005095DE6D208490711430F0002232D0936
:10B5DC0056E60700A4E538008FE4C046FFFF7FFF66
:10B5EC00FE070000F0B5C6461E03360BB0460D4EE6
:10B5FC000C034D005F0000B5240B6D0D7F0DB542A3
:10B60C000BD0084900208F4204D146461643300027
:10B61C00431E984180BCB846F0BD04430120002C69
:10B62C00F8D1EEE7FF0700000B00020070B5164DD5
:10B63C000C0382B04900002000920193240B490DA9
:10B64C00DE0FA94204DD1148814203DD104BF018D6
:10B65C0002B070BD8020400320430E4C641A1F2C96
:10B66C0008DD0D4B5B1AD84003005842002EEFD179
:10B67C001800EDE7094B009A9C46030061448B408F
:10B68C00E2401343F1E7C046FE0300001D04000036
:10B69C00FFFFFF7F3304000013040000EDFBFFFFEE
:10B6AC0070B5002816D0C317C5185D40C40F28000C
:10B6BC0000F012F9104B1B1A5B055B0D0A2814DC09
:10B6CC0002002E00153296400B22121AD5402D0383
:10B6DC002D0B03E000240023002500261B052B4323
:10B6EC00E40723433000190070BD0B3885402D034F
:10B6FC0000262D0BF2E7C0461E04000010B5041EF8
:10B70C0010D000F0E9F80E4B1B1A5B055B0D0A28F4
:10B71C000FDC0B222100121AD14015300A03844091
:10B72C00120B01E0002300221B051343200019001B
:10B73C0010BD22000B38824012030024120BF3E7D9
:10B74C001E04000070B542024300C40FFE201B0E05
:10B75C00591C550A08420CD0E02189008C466D0713
:10B76C00120B63441B051343E40723432800190001
:10B77C0070BD002B14D1002D1BD0280000F0ACF8AC
:10B78C000A281CDC0B232A001B1ADA400300153391
:10B79C009D400E4B12031B1A5B05120B5B0DE1E770
:10B7AC00002D09D0130B802212031A436D07084B8E
:10B7BC00D8E700230022D5E70022054BD2E703008F
:10B7CC002A000B3B9A400025E3E7C04689030000A2
:10B7DC00FF070000F0B54B000F035B0D3A4C450F13
:10B7EC0083B07F0A5E1C2F4300900191CA0FC500E5
:10B7FC0026420BD035495C18FE2C13DDFF200023AC
:10B80C00C0051843D207104303B0F0BD3D43002BD5
:10B81C0001D10020F4E7002DF0D08023DB03FF20C2
:10B82C003B43EDE7002C0CDD009BFF009B01581EF9
:10B83C008341690F3B430B43590727D1DB08E0B227
:10B84C00DEE72100173131DB80211E20090439434A
:10B85C00001B1F282DDD02267642341B0E00E6400D
:10B86C003400202804D01A488446634499400D4380
:10B87C002B00591E8B412343590703D00F2119402C
:10B88C0004290BD19B0100205B0AB9E70F21194059
:10B89C00042904D19B015B0AE0B2B1E70024043314
:10B8AC005901F7D501340023E0B2A9E700200023A9
:10B8BC00A6E7084C1C192B00A540C340A140681EEC
:10B8CC00854129430B43D7E7FE07000080FCFFFFAF
:10B8DC00A2FCFFFF82FCFFFF1C2101231B049842EA
:10B8EC0001D3000C10391B0A984201D3000A083905
:10B8FC001B09984201D30009043902A2105C4018BC
:10B90C007047C0460403020201010101000000005F
:10B91C000000000010B5002903D1FFF7DDFF203037
:10B92C0002E00800FFF7D8FF10BDC04682B073B527
:10B93C006C460091079321000300626060C960C3EC
:10B94C0007AA60CA60C313001500103006CB06C0EE
:10B95C0001220098616803F07BFA6968012209985A
:10B96C0003F076FA73BC08BC02B0184737B5040074
:10B97C0003F07CFEA068A38902691342FCD0016924
:10B98C000A001A401942FAD101AD2068616803F02F
:10B99C005FFA29000122032003F09AFD03CC012257
:10B9AC0003F056FA03F060FE28786B7800041B0253
:10B9BC001843AB7818433EBDF0B5094985B0094B27
:10B9CC0001ACC0CBC0C40B004968074A00911B688E
:10B9DC00064811685268FFF7A9FF05B0F0BDC046D4
:10B9EC00440000203C0000202C000020C402002059
:10B9FC0010B50348FFF7BAFF80231B04584010BD55
:10BA0C00C402002010B50548FFF7B0FF80231B04CB
:10BA1C005840984201DA024B181A10BDC40200209B
:10BA2C00FFFF7F0070B504250024FFF7E1FF013D07
:10BA3C002418002DF9D10723E01718400019C01065
:10BA4C0070BD0000F0B504000525002699B00392E6
:10BA5C000F0048227C4906A804930BF044FE631F98
:10BA6C0001937A4B02937A4B0593019BAB4257DCC3
:10BA7C0000221E9B1E80774B1A70774A1278029216
:10BA8C00764A964200D874E001251D70714B744AB9
:10BA9C001B782C000192002B1ED0029B714E002BA8
:10BAAC0000D1A0E0704B1B78002B00D19BE06F4BBA
:10BABC001B78002B00D196E06D4B7C1E1C60012284
:10BACC00694B1A70974201D16A4B1F70FA22338866
:10BADC0092009B189BB233805F4B1B78002B0CD0D1
:10BAEC00614B1B78002B08D0604B1B78002B04D0CB
:10BAFC005F4B1B68AB4200DA1C00019B1B78002BD0
:10BB0C0009D05D4B1B78002B05D15C4B039AD35CA1
:10BB1C00A34200DC5C1E201E00DC012019B0F0BD2D
:10BB2C00029B6A00985AFFF7BBFD0022544BFFF7AB
:10BB3C004FF9FFF779FDC317C4185C40059B6A00E9
:10BB4C00985AFFF7ADFD00224D4BFFF741F9FFF777
:10BB5C006BFDC317C018584082B2231CA4B2944288
:10BB6C0000D2031C9AB2B24200D2331C9EB20135F1
:10BB7C007BE7029B002B04D001223C4B1A703C4B00
:10BB8C001F60092301937B1E06ACDB00E3180593B1
:10BB9C00019D30006B1E0193FFF782FD226C636CDC
:10BBAC00FEF730FE059B083C1A685B68FEF7F0F95F
:10BBBC00344A354BFCF740FC002803D1019B002B89
:10BBCC00E6D10125264B1B78002B00D15EE7052F13
:10BBDC0000DC5BE7BD4200DC58E72C4B9E4200D8F2
:10BBEC0054E77D1C52E70624A74207DC023C062FD3
:10BBFC0004D03C00032F00DD0324013C019B029A7E
:10BC0C001B78002A00D05AE7002B00D15EE7049B7A
:10BC1C00002B0ED0039B1E4A013BD35C032B08D890
:10BC2C0001221C4B1A701C4B1C6033881B199BB2D5
:10BC3C003380114B1B78002B00D047E70F4B039A36
:10BC4C00D75402F09BFA41E7B88C010884570020C6
:10BC5C00944C002002040020D90100205B3F00001E
:10BC6C005A6300207E670020C2650020C06500205A
:10BC7C0004020020C1650020BC0A0020776300206C
:10BC8C0080FFCF409A99999959CCCC4070170000FD
:10BC9C00D4030020C36500200002002070B506000C
:10BCAC000D0019001D4B10001B781D4C013E002B84
:10BCBC0021D000221B4BFCF7B9FB002803D11A4BF7
:10BCCC001B78002B1AD1A35D0133DBB2A355002DD9
:10BCDC0004D06A1EA35C0133DBB2A354A35D072B13
:10BCEC0001D90723A355002D05D0013D635D072B1A
:10BCFC0001D907236355A05DC0B270BDA35D002BB5
:10BD0C0003D0A35D013BDBB2A355002DE6D06A1E28
:10BD1C00A35C002BE2D0A35C013BDDE75D6300205C
:10BD2C00D403002000002E400104002010B5D022C6
:10BD3C0000210B480BF042FC00230020094A0A4961
:10BD4C0013700A4A13700A4A10605160094A0A4873
:10BD5C000A49106051600A4A137002F091FA10BD42
:10BD6C0078620020D203002000002E40D303002074
:10BD7C0000000020080000200E2DB29DEFFF58405F
:10BD8C00D103002010B56822002103480BF016FCEB
:10BD9C0002F0F2F810BDC0463865002000231900EF
:10BDAC0010B5044AD15401330D2BFBD102F0C4F968
:10BDBC0010BDC046D4030020F7B502F0EEFC424B98
:10BDCC0005001B780C27002B00D1083F3F4B404A45
:10BDDC001B78019300231E00019999424CDC3D4BCA
:10BDEC0004241B78002B10D03B4B013C1B78A34246
:10BDFC000BD83A4B1B78002B04D0394B02341B78F0
:10BE0C00002B02D0AF423ED80224200001F0B0FF3C
:10BE1C00AF4207D1334F3B78002B03D1FFF786FF9E
:10BE2C0001233B70304B1B78002B23D03000FFF7E5
:10BE3C0065FC00222D4BFEF7E5FC060001980F0077
:10BE4C00FFF72EFC02000B0030003900FEF7A0F8C3
:10BE5C000022274BFCF70EFB00280BD0254A136859
:10BE6C00012B07D102201060234A137002F0B4FAA0
:10BE7C00FFF794FF2000FEBDD15C022901D90136E9
:10BE8C00F6B20133A8E71D490022086849681C4B2B
:10BE9C00FCF7CCFA002805D002F09AFC022801D855
:10BEAC000624B2E7174B18685968FCF78DFB134949
:10BEBC00C4B2002208684968114BFCF7B7FA002895
:10BECC00A3D0022CECD19FE78C670020410200200C
:10BEDC00D40300208F670020B065002038020020BA
:10BEEC00A1660020B8030020D801002000005940B2
:10BEFC0000004940DC0100205C630020580A00204F
:10BF0C0000002E40C00300200C4B70B518780C4B71
:10BF1C0003221C780525002306260A49002800D098
:10BF2C002A00002C00D03200CA5401330D2BF5D15D
:10BF3C000022054B1A7002F04BF970BD59630020BA
:10BF4C00D8010020A0650020AF650020F0B58DB0B1
:10BF5C000B930E001300069001928A4208D1854A79
:10BF6C0094466344DB00C318186859680DB0F0BDE3
:10BF7C0000240F00019B251C5B1A04930294019B67
:10BF8C009F4200DA87E00498FDF7A6FB071C011C12
:10BF9C000298FCF7F5FD391C0790281CFCF7F0FD06
:10BFAC00391C0890201CFCF7EBFD0024099004942C
:10BFBC00271C03940294019B9E4200DA8EE00499A4
:10BFCC000298FCF7ABFF391C051C381CFCF7A6FFCC
:10BFDC00011C281CFDF7FCF80499061C0398FCF7BF
:10BFEC009DFF211C051C381CFCF798FF011C281C0C
:10BFFC00FDF7EEF8311CFCF7C3FD211C051C029863
:10C00C00FCF78CFF391C041C0398FCF787FF011C00
:10C01C00201CFDF7DDF8311CFCF7B2FD291C041CBB
:10C02C000798FCF77BFF011C0898FDF7D1F8211C41
:10C03C00061C0998FCF772FF011C301CFDF7C8F8B0
:10C04C000B9B061C5A1E9341019AD31A180001939C
:10C05C00FDF742FB291C071CFCF760FF311CFCF7A9
:10C06C009DFB211C051C381CFCF758FF391CFCF7E8
:10C07C0055FF011C281CFCF791FB0021041CFCF74C
:10C08C0015FA002800D000243B49201CFCF746FF81
:10C09C00FFF758FB6AE73800FDF71EFB069AFB001A
:10C0AC00D318039018685968FFF794FB3249FCF7D2
:10C0BC0067FD011C281CFCF771FB0399051C0298F9
:10C0CC00FCF76CFB03990290081CFCF727FF011C82
:10C0DC00201CFCF763FB0137041C50E73000FDF714
:10C0EC00FBFA0799051CFDF773F8011C0590FCF78A
:10C0FC0015FF011C0298FCF751FB069AF300D318AC
:10C10C00029018685968FFF765FB1B49FCF738FD6E
:10C11C000899FDF75DF8011C0A900598FCF7FEFEE6
:10C12C00011C0398FCF73AFB291C0390281CFCF714
:10C13C00F5FE0999FDF74CF8051C011C0598FCF758
:10C14C00EDFE011C381CFCF729FB291C071C281CC4
:10C15C00FCF7E4FE011C0498FCF720FB291C04905E
:10C16C000A98FCF7DBFE011C201CFCF717FB0136C0
:10C17C00041C20E7FFFFFF1F00FEFF46F8B506007A
:10C18C000F0014001D00FCF775F900280CD0069A5E
:10C19C00079B30003900FCF759F900282FD03400E8
:10C1AC003D0029002000F8BD22002B003000390092
:10C1BC00FCF74CF900280FD0069A079B3000390089
:10C1CC00FCF758F90028EAD1069A079B20002900B1
:10C1DC00FCF73CF90028E4D122002B003000390098
:10C1EC00FCF748F9002807D0069A079B2000290085
:10C1FC00FCF740F90028D4D1069C079DD1E722001A
:10C20C002B0030003900FCF711F90028ECD0D3E7F3
:10C21C00F0B589B0069007911900814B10001B787E
:10C22C00002B05D100247F4D2000290009B0F0BD62
:10C23C0000227D4BFDF7E6FA02000B0000207B4943
:10C24C00FDF7A6FE02000B00029003910020784936
:10C25C00FDF79EFE0022774BFEF7BAFD029A039B78
:10C26C0004000D0000207449FDF792FE0022714B72
:10C27C00FEF7AEFD0E9A0F9B009001912000290055
:10C28C00FFF77CFF00246D4D02000B000020009492
:10C29C0001956B49FFF772FF00226A4B04900591E0
:10C2AC00FEF796FD684B694AFEF7ACFA0CF024F8E1
:10C2BC00674B1B78002B54D10022664BFDF7A2FA7A
:10C2CC0002000B0064486549FDF762FE644A654B49
:10C2DC00FDF798FA06000F00049805990022624BAE
:10C2EC00FEF776FD32003B00FEF78CFA00220400CC
:10C2FC000D00069807995D4BFEF76AFD02000B00D6
:10C30C0020002900FDF77EFA554A04000D00554B1C
:10C31C0030003900FEF75CFD0022554BFEF772FA37
:10C32C0002000B0020002900FDF76CFA514A524B19
:10C33C00FEF768FA029A039BFEF764FA00220023C8
:10C34C0004000D00FCF778F8002800D06AE7002202
:10C35C0020002900494BFCF783F8002800D061E746
:10C36C0062E7009401950E9A0F9B00204449FFF759
:10C37C0005FF069A079B04000D0000204149FEF7BB
:10C38C0027FD220006000F002B0000203E49FEF77F
:10C39C001FFD02000B0030003900FDF733FA3B4A59
:10C3AC0004000D0002980399394BFEF72BFA02009A
:10C3BC000B0020002900FEF725FA04000D00354A79
:10C3CC00354BFEF71FFA22002B00FEF71BFA22005A
:10C3DC002B00FEF717FA314A06000F002000290047
:10C3EC002F4BFEF70FFA22002B00FEF70BFA020080
:10C3FC000B0030003900FDF705FA2A4A06000F0041
:10C40C0020002900284BFEF7FDF902000B0030003C
:10C41C003900FDF7F7F9254A254BFEF7D9FC8DE7D6
:10C42C000104002000002E400010714000A072405A
:10C43C00004C98400000894000A89B4000C08C40F4
:10C44C000080864000E08A409999C9BF9A999999D1
:10C45C00596300200000F03FC01E85EB51B89E3F91
:10C46C00A4703D0AD7A3E83F00488C4000407F40B1
:10C47C0000408F403BDF4F8D976E92BF00002C40E9
:10C48C000008864000908040002889409E12E429D4
:10C49C00419E923F1B0DE02D90A0A83FBA490C0283
:10C4AC002B87F0BF8351499D804620400E2DB29DB5
:10C4BC00EF272F401F4B70B51B781F4E34687568E3
:10C4CC00002B18D122002B0000201C49FEF780FC09
:10C4DC001B4A1C4BFEF796F922002B00FDF792F934
:10C4EC00194A1A4B04000D00FBF7BAFF00281CD1A7
:10C4FC003460756070BD164B1B88002B08D0220071
:10C50C002B0000201349FEF763FC0D4A124BE1E7A8
:10C51C00200029000A4A114BFEF774F902000B00A7
:10C52C0020002900FEF754FCDAE7074B074C336078
:10C53C007460DFE701040020C00300200000084005
:10C54C009A9999999999A93FCBA145B6F3FD0740C2
:10C55C007E6700200000F83F9999B93F9999C93F2F
:10C56C00F0B516001F00364B0C001B78E1B0002212
:10C57C0030003900334BFBF759FF002804D0324B05
:10C58C001868596861B0F0BD0022300039002F4B9B
:10C59C00FBF752FF002846D0002200233000390060
:10C5AC00FBF75EFF00283ED0002C3CD100241A2162
:10C5BC00274A284D14578C46E300013464B2EB181B
:10C5CC001E605F6023001470234AA4441900192BC9
:10C5DC0000DD1A39C900691801330868496803C2BB
:10C5EC006345F3D11D4B1B780693002C3EDC002BCE
:10C5FC0000D0CEE10023134C009301940023144A85
:10C60C00D356192B04DD1A3B13700122134B1A70ED
:10C61C00FFF750FF069A0C4B002AB1D00099019AF3
:10C62C0019605A60ACE7E1210D4A890013885B1848
:10C63C009BB2138000220B4B1A700B4B1A709EE7A7
:10C64C009367002000002E400000002000002C40CA
:10C65C00D203002078620020E0020020D3030020E7
:10C66C007E67002001040020000400201A23189388
:10C67C00069B002B00D11894D02200212CA80AF084
:10C68C009DFF25000023D54A029300921A3D9C423F
:10C69C0000DC9EE29D420DDC2CA88446009AD90059
:10C6AC008C44891862460868496810605160029988
:10C6BC0001310291189A01339A42E8DC08221A21BE
:10C6CC00C74B2CA80AF0FEFC029B029ADB0F9B18AE
:10C6DC0002995B10DA00C90700D45DE12CAB9B1802
:10C6EC005C681B680093019401230693029B052B45
:10C6FC0000DC82E0BB4C002220686168BA4BFBF77F
:10C70C0095FE002801D026606760236864682E9827
:10C71C002F990493059432003B00FBF78DFE002803
:10C72C000BD1049A059B30003900FEF751FB002217
:10C73C00AE4BFBF795FE00280AD0AD4B1A78AD4BEB
:10C74C00002A00D13BE101221A600022A84B1A708A
:10C75C00029B2CAA023BDB00D11808684968320006
:10C76C003B00FBF77DFE00280BD1049A059B3000A3
:10C77C003900FEF72DFB00229F4BFBF75DFE0028D6
:10C78C000AD09E4B1A789B4B002A00D11EE1012245
:10C79C001A600022994B1A70964B00251A68022ACF
:10C7AC0001DD1D6001350298FEF77AFF0022944BE3
:10C7BC00FDF7EEFBFEF738FF2CAAC300D1180400DE
:10C7CC00049A059B08684968FBF736FE002800D0E0
:10C7DC0030E1029B2CAA013B1B1BDB00D118086823
:10C7EC004968049A059BFBF73BFE002800D021E129
:10C7FC00002D00D076E100230693002400260027AC
:10C80C00804B764D1B785BB204931A3B0A937E4B9C
:10C81C001B780C93049BA34200DCDFE10A9BA34230
:10C82C0013DC009A019BE100491908684968FEF77E
:10C83C00CFFA02000B00FDF7E5FF02000B00300001
:10C84C003900FCF7DFFF06000F00189B0134A342F0
:10C85C00E0DC0298FEF724FF02000B0030003900E8
:10C86C00FDF796FB0BF0B6FD0A0016901791010030
:10C87C00664B19605A600022654B1A70654B1B7829
:10C88C00934204D1644B1B78934200D04FE1634B2D
:10C89C00634C644E12931394634F049B032B03D18C
:10C8AC000C9B002B00D147E180240023E40510935E
:10C8BC0011940022002300240E920F93474B0A94EC
:10C8CC001993049B013B1A93049B1A3B1B93049BE7
:10C8DC00A34200DC87E11B9BA3423FDC199AE300D7
:10C8EC009B181A685B681492159314981599009A02
:10C8FC00019BFEF76DFA0290039110981199029B1F
:10C90C000893039B5B005B080993169A179BFDF732
:10C91C0079FF02000B0008980999FBF78DFD0028A0
:10C92C0008D1129A139B08980999FBF785FD0028EA
:10C93C0000D104E10898099932003B00FBF77CFD1B
:10C94C00002800D1FBE00E980F990A9B01330A9343
:10C95C00149A159BFCF756FF0E900F91189B0134FF
:10C96C00A342B4DC314B1B78002B02D00022304B9D
:10C97C001A600A9B002B00DC40E61800FEF790FEC4
:10C98C0002000B000E980F99FDF702FB009001912D
:10C99C0034E61A2318936FE6013BDB002CA9C91867
:10C9AC002CAB9B181A685B6808684968FCF72AFF6F
:10C9BC0000220E4BFDF726FF0090019194E61A68B9
:10C9CC0001321A6001220D4B1A70BEE61A68013250
:10C9DC001A600122064B1A70DBE6C0467862002012
:10C9EC00D51701080000002000002E400000E03F99
:10C9FC00B0030020B40300200000E0BFB10300200E
:10CA0C0000001840D2030020D303002010000020A7
:10CA1C00D003002059630020D80100203333333376
:10CA2C003333C33F9A9999999999C93F01040020CE
:10CA3C00FC03002000236E4C0025402200211CA882
:10CA4C00069307940AF0BAFD6A4B1CAC0E932B00AC
:10CA5C000E9AC8339B181A685B680A920B930A9853
:10CA6C000B99009A019BFEF7B3F94B005B080D93F1
:10CA7C000C9006000F000C980D9900225E4BFBF7F2
:10CA8C00EFFC002831D0009A019B22606360083DC6
:10CA9C002B0008344033DAD10123082200211CA8D2
:10CAAC00FFF754FA554B06000F000A930020069A24
:10CABC00079B5149FEF78CF9049A059BFDF7A2FEE2
:10CACC00320004000D00069807993B00FDF79AFE12
:10CADC000B00020029002000FCF794FE0A9B186052
:10CAEC00596088E6464B474CA6E7454A300039006A
:10CAFC00454BFBF7B5FC424A002807D0009801993A
:10CB0C00414BFCF77FFE20606160C0E730003900CC
:10CB1C003E4BFBF791FC002802D10A9A0B9BB4E721
:10CB2C00374A394B00980199FEF752F9EBE7384E2A
:10CB3C00384F12961397B0E600232F4CB7E61A9B8A
:10CB4C00A34200D00AE7344A1578002D00D105E73E
:10CB5C0032490B8864339BB20B8000231370304A2C
:10CB6C00137001222F4B1A702F4B00221B78002BB5
:10CB7C0019D1029803990023FBF75EFC00281FD003
:10CB8C002A4A136801331360294B1A780323002AAD
:10CB9C0000D1023B254A12689A4200DCDEE60122F3
:10CBAC00244B1A70DAE6002302980399FBF758FC21
:10CBBC00051EE5D101221D4B1A601B4B1D70E3E7CE
:10CBCC000022029803990023FBF74AFC0028F1D1BC
:10CBDC00DAE7069A002A00D16CE55DE50C9B002B88
:10CBEC0000D132E61DE60C9B002B00D1B6E675E6B3
:10CBFC000000E03FE00200200000F03F00000020B9
:10CC0C009A9999999999C93F9999B93F9999B9BFA5
:10CC1C00333333333333D33F010400207E6700209A
:10CC2C0000040020D003002020000020FC03002082
:10CC3C008C670020FA030020F0B5002201260400C6
:10CC4C00094F0A488A4200DBF0BD0825A35C584016
:10CC5C00030033405B423B4040085840013D80B2EA
:10CC6C00002DF5D10132EDE701A0FFFFFFFF000021
:10CC7C000122024B1A8000225A807047E2030020E6
:10CC8C0070B5084C050023780E00002B01D1FFF77E
:10CC9C00EFFF31002800FFF7CFFF01236080A08059
:10CCAC00637070BDE203002010B5FFF7E9FF014B84
:10CCBC00187910BDE20300200020034B5A78824201
:10CCCC0000D058797047C046E203002070B50400CC
:10CCDC000D0000226168006802F0BAF829000122F8
:10CCEC00032002F09BFB03CC012202F0B1F870BDD3
:10CCFC007FB56B4600915A6019000200050011C9FE
:10CD0C0011C201220098596802F0A2F801262823CA
:10CD1C0003AC280021002380A670FFF7D7FF38232F
:10CD2C00280021002380A670FFF7D0FF02232800E3
:10CD3C00F61821002380A670FFF7C8FF30232800C7
:10CD4C002100A6702380FFF7C1FF7FBD07B590229D
:10CD5C000B001202914200D91300182201A90A708B
:10CD6C001A0A4A708B70FFF7B1FF07BD07B5902206
:10CD7C000B001202914200D91300192201A90A706A
:10CD8C001A0A4A708B70FFF7A1FF07BD00880B8849
:10CD9C00C01A7047F0B51F0000250C0085B08B0041
:10CDAC00060018580A9B039218603D60039B9C4236
:10CDBC0001DB00251BE0A3000293F3580193002D27
:10CDCC0008D1191CFBF772FB431E98410500019812
:10CDDC000134EBE70199FBF77DFB0028F7D0029BB0
:10CDEC000A9AF318043B1B68013C3C601360280052
:10CDFC0005B0F0BDF0B51F0085B08B0006001858CB
:10CE0C000A9B0C0018600023012503923B60039BD6
:10CE1C009C4201DB00201EE0A3000293F358019317
:10CE2C00002D0AD0191CFBF755FB431E984101231A
:10CE3C0005005D4001980134E9E70199FBF736FBE9
:10CE4C000028F7D00120029B0A9AF318043B1B68B8
:10CE5C00013C3C60136005B0F0BDF0B50C00060061
:10CE6C00002785B003938B001958930001921B582F
:10CE7C000A9A019D1360013C019B9C4207DD002F27
:10CE8C000DD0631BDA179B185340052B07DD039B52
:10CE9C000A9A1D60AD00AB59136005B0F0BDA3003C
:10CEAC00F358181C0293FBF715FB002806D0002F33
:10CEBC0001D1651C01370299013CDDE70700FAE757
:10CECC00F0B50C000600002785B003938B001958B1
:10CEDC00930001921B580A9A019D13600134019B27
:10CEEC009C4207DA002F0DD0631BDA179B185340B6
:10CEFC00052B07DD039B0A9A1D60AD00AB5913602F
:10CF0C0005B0F0BDA300F358181C0293FBF7E2FA2E
:10CF1C00002806D0002F01D1651E0137029901347B
:10CF2C00DDE70700FAE7000070B50D0004000222EF
:10CF3C00044B0AF0C7F8E90F491949108900085940
:10CF4C0080B270BD99CD0008F0B50D0000241F4BC8
:10CF5C0085B002931E4B21310190203D009103932B
:10CF6C00009B9D420BD11B49201CFBF709FEFEF7D1
:10CF7C00E9FB0BF02FFAFEF72DFC05B0F0BD029A81
:10CF8C006B00D05A039AD35AC01AC317C018584012
:10CF9C00FCF7A2FB019AAB00D158FCF719F9FEF78C
:10CFAC00D1FB02000B00FDF72DFC0600201C0F002E
:10CFBC00FEF7C8FB02000B0030003900FCF722FC26
:10CFCC00FEF708FC0135041CCAE7C0468457002054
:10CFDC00944C002000008242F0B5002689B000AFCE
:10CFEC003A61013A3B60D30F9B185B10B8607960D3
:10CFFC00BB613B689E4202DBBD4609B0F0BD6B468F
:10D00C00BC69FB603B69FB61A64203DA3400730028
:10D01C000133FB616A460025FB69341B9B00073317
:10D02C00DB08DB00D31A9D467B61BB68A4001C198E
:10D03C00FB69AB420CDC19007869FFF775FFFCF754
:10D04C009BFB7B68B4001851FB6801369D46D0E70A
:10D05C0001CCFCF721FB7B69AA0098500135E7E76E
:10D06C00F0B5002489B00492013A0593D30F9B18B4
:10D07C005B100393059B069007915E1E059B9C42DB
:10D08C0001DB09B0F0BD039B9C421ADA230065005A
:10D09C000135069AE31A9B00D7180023029300234C
:10D0AC000193029B9D4216DC2800FCF715FB011C2A
:10D0BC000198FBF765FD079BA700D8510134013E91
:10D0CC00DCE7039A3300964202DA75000135E0E79B
:10D0DC00039B049DDDE7019802CFFBF75FFB029BEE
:10D0EC00019001330293DCE7F8B504000D00002039
:10D0FC00012917DD00268F00231FFF1821686068A7
:10D10C00FCF766F841004908301CFBF747FB043478
:10D11C00061CA742F2D1681EFCF7DEFA011C301C7B
:10D12C00FBF72EFDF8BD0000F7B5104B00251B6872
:10D13C000F4E019301230F4F5B420093019BAB42B7
:10D14C0001DC0098FEBDF16BB06BFBF7E7FE041C35
:10D15C00011C381CFBF7AAF9002804D13C1C013532
:10D16C002836271CEAE70095F9E7C046E8030020BB
:10D17C0004040020000080BFF0B5184B85B01B687C
:10D18C0000250393164B174F5C681B6800930194A2
:10D19C000123154E5B420293039BAB4202DC0298C7
:10D1AC0005B0F0BDF86CFEF7CDFA009A019BFDF7C7
:10D1BC000FFEFEF739FAC317C0185840FCF78CFA6B
:10D1CC00041C011C301CFBF785F9002804D1341C0D
:10D1DC0001352837261CDFE70295F9E7E803002024
:10D1EC00C80A00200404002000FEFF46F7B50E4BD1
:10D1FC0000241B680D4E019301230D4D5B420093DF
:10D20C00019BA34201DC0098FEBD376C281C391C25
:10D21C00FBF760F9002804D12F1C013428363D1C83
:10D22C00EEE70094F9E7C046E80300200404002070
:10D23C0000FEFF46F0B59FB0119324AB1B88002471
:10D24C00099325AB1B78109213930023DC221A93BD
:10D25C001B931C931D93D14B03900D91D04821002F
:10D26C0052001C6016941794189419940AF0A6F99D
:10D27C00CC4B1C70CC4B1B78A34220D0322319937F
:10D28C000023069300230B930893012300260F938E
:10D29C00C24D2C68092C60DC099A13981AAB0093C8
:10D2AC001999323A16AB00280FD00398FFF772FD8C
:10D2BC000790002C20D0079B002B22D14DE0BB4BBC
:10D2CC001B78002BDCD01423D9E70398FFF792FDD1
:10D2DC000123169A2B60B64B9200D3580D9A1A98CC
:10D2EC0013600022109B1A60FBF756F9119B1880F3
:10D2FC000D9B18681FB0F0BDAB4B079A1B78002A2A
:10D30C0029D0AA4B169E1B78002B00D060E11CABD9
:10D31C00012231000398009318ABFFF79EFD099B87
:10D32C0031005A1E1DAB0398009319ABFFF7C8FDD3
:10D33C001A98FBF731F983B218000693FCF7CCF975
:10D34C001C99041CFBF744FF1D990890201CFBF74B
:10D35C003FFF0B9051E0002B30D1904B904D1E684D
:10D36C00002E00DD70E100D0B5E1099C904B013C32
:10D37C00EC60A4001A68E3582A61AB61039B6A61F4
:10D38C0018682E60AE60FBF707F9039B80B2A88388
:10D39C00E883E058FBF700F92884864B0D9A1E6051
:10D3AC002B691360A88CFCF7E7F9109B119A186095
:10D3BC00AB8B30001380FCF7DFF99BE77E4B1B78BF
:10D3CC00002B00D1DCE07D4B794D1A685B68049230
:10D3DC000593099B9C4210DAA300E858FEF7B2F9BA
:10D3EC00049A059BFBF728F8002800D1D3E0230012
:10D3FC001694323B3234189319946B4B1F78002FD0
:10D40C0000D014E10F9B002B50D0189B199D049356
:10D41C00049A169B9A1A642A02DD1A00643A049242
:10D42C00EA1A642A01DD64331D00049BEB1A581CB4
:10D43C0080000A9309F0DAFC0700049B039A9B0016
:10D44C009B58049C0E93AB009B580C9012935C4B16
:10D45C001593A54200DBCBE01BAB009300210A9A8D
:10D46C000C9817ABFFF796FC071E1CD01B98FBF70C
:10D47C0093F883B218000693FCF72EF90E99FBF77C
:10D48C00A7FE0021179E051CFBF72EF8002800D0E4
:10D49C00CBE0089D079B002B02D10122414B1A7057
:10D4AC00049B0895F6180C9809F0AAFC3F4B1B78C6
:10D4BC00002B0CD0434B1B78002B00D1BBE03C4B1A
:10D4CC004149B200D058FBF70FF8002817D0189933
:10D4DC000020731ADA179B185340052B0FDD199B8C
:10D4EC00F21AD41712196240052A08DD5B1ADA17F2
:10D4FC009B1853400122142B00DC02001000274B18
:10D50C001B680493002F03D1079B002B00D124E749
:10D51C00002830D02824049B30005F1C23007B4360
:10D52C000A93FCF7D9F81E4D0A9BE850049B1898F7
:10D53C005C43FCF7D1F82C19E0621998FCF7CCF895
:10D54C0020630698FCF718F9089B3100A3630B9B2A
:10D55C0060630398E363FFF7F7FCFE239B052064ED
:10D56C0063641698FCF7B8F8114BB200D358A0645A
:10D57C00E3640A4B1F60079B002B00D088E6ECE6A7
:10D58C00124B1B78002B00D01DE701F006F9002888
:10D59C0000D1E2E617E701341BE7C046E8030020A0
:10D5AC0004040020EC0300205A630020D901002061
:10D5BC00F40A002068670020C765002028020020BC
:10D5CC00D4200020D801002000801844D36500200E
:10D5DC00424B1B78002B00D199E6414BB200D0583E
:10D5EC00FCF75AF8C3173F4CC018584020608EE621
:10D5FC00049BE01AFCF770F8129914900E98FBF744
:10D60C00E7FD011C1498FBF789FC14900A98FCF7B1
:10D61C0063F8011C1498FBF7B3FA159AA300D158C0
:10D62C00FBF7BCF8013401C713E70B9532E7002375
:10D63C001F000F933AE7294B1B78002B00D146E7CC
:10D64C00274B2949B2003DE7284B1B78002B3AD0D9
:10D65C00274B1B78002B33D0FFF78EFD0400254B96
:10D66C001B78002B08D0002C06DA234B1C78002CDE
:10D67C002CD0FFF781FD040028273E006643AE192D
:10D68C00706BFAF789FF01346743A883E859FCF7FC
:10D69C0003F8134C80000359B06B2B61FAF77CFF35
:10D6AC006884F06BFAF778FFA884B06CFBF7F4FF92
:10D6BC0080000059FBF7F0FFC317C6185E406CE6FC
:10D6CC00FFF794FDCAE701246442C8E7022ED3D0C9
:10D6DC00FFF72AFDCFE701246442CDE75963002010
:10D6EC00F40A0020686700200000FA43D9010020EA
:10D6FC00D26500205A630020D36500200023F0B5CA
:10D70C008BB00993D14B0490069105939B88059A95
:10D71C00CF4C13805380CF4D6388010028002380A9
:10D72C00FFF7E2FC21220026CB4B1860CB4B1A6092
:10D73C00049BB34200DDBCE0C94B212207932800B7
:10D74C00049B0799FFF78CFC0026049BB34200DD79
:10D75C00B8E00026049BB34200DDBDE0C04E2800BB
:10D76C0021223100FFF77CFC0025049BAB4200DD3D
:10D77C00BCE00026B74D049BB34200DDC0E0059B26
:10D78C0020881B88C01AC317C0185840FBF7A4FF89
:10D79C00059B286060885B88C01AC317C018584066
:10D7AC00FBF79AFFAE4CAF4A2100049B12686860ED
:10D7BC002800FFF711FC412229002000049BFFF7F1
:10D7CC004FFC2122A54F049B210028003A60FFF753
:10D7DC0047FCA54B1A7800239A4203D0A34B1A7826
:10D7EC0001235340012213400293049B01920093A6
:10D7FC00122304AA9B1820009D4909AAFFF71AFDC1
:10D80C009C4B1860984B1B78002B00D0F4E09A4B83
:10D81C001E78974B002E00D1984B1868FDF792FF9D
:10D82C00069B1864596496498B8B0493069B049A47
:10D83C006A331A80069B8A8C7A331A808A4B1B783F
:10D84C00002B00D19AE1C823049C5B009C429B41B5
:10D85C008C485B4203708C4B187800280CD000234A
:10D86C0009271C004E8C894DB7425C412C70884DA9
:10D87C00BA4200D801332B70864B1B78002B00D199
:10D88C0007E2002309271C004E8C804DB7425C41F7
:10D89C0097425B412C707E4D2B70002800D145E1E6
:10D8AC00498C7D4B4F2902D94F2A00D9FCE001222B
:10D8BC00FBE07300E05AFBF75FFFB700EF1938602D
:10D8CC00013635E7079AB300D058FAF765FE7700B2
:10D8DC00E7193880013638E7059A7300D05AFBF700
:10D8EC004BFFB700EF193860013633E7059B6F002B
:10D8FC00DF19AB00F058FAF74FFE0135388034E7EA
:10D90C00059A7300E05AD35AB700C01AC317C0184F
:10D91C005840FBF7E1FEEF19386001362BE7079A08
:10D92C006300D05AFBF728FF5C49FBF751FCA600BB
:10D93C004000AE19400830600134049BA342EEDC79
:10D94C00474C280021003A68FFF78AFB012301931A
:10D95C00049B00250093122304AA9B182000504915
:10D96C00029509AAFFF766FC4E4B3A4C1B680793CD
:10D97C00049BAB4245DC3A4B200005933A68049B70
:10D98C000599FFF76DFB0023029301330193049B70
:10D99C003A4C0093122304AA21009B18059809AA5B
:10D9AC00FFF748FC25683E4C3E4B2068291C1E683E
:10D9BC00FAF790FD079B002832D0002B00DC26E7FD
:10D9CC0025600024224B234D0793049BA3422EDC9D
:10D9DC0028003A680599FFF743FB002302930133B3
:10D9EC000193049B04AA0093122324499B180598C5
:10D9FC0009AAFFF71FFC0AE7154B0024154D0793E6
:10DA0C009BE7059A6B00D05AFBF7B6FE2349FBF750
:10DA1C00DFFBAE004000A619400830600135A7E7D7
:10DA2C00002B00DCF3E6002E00D0F0E6C8E7079AE6
:10DA3C006300D05AFBF7A0FE1849FBF7C9FBA60000
:10DA4C004000AE19400830600134BEE78457002016
:10DA5C00944C0020B4360020606700201800002091
:10DA6C00D42000201C0000205A630020BC0A002097
:10DA7C00706700206C670020D901002078670020B7
:10DA8C0004040020F903002059630020F80300204F
:10DA9C00F7030020D8010020F603002000FC7F468D
:10DAAC0074670020E803002000221A707C4B7D492B
:10DABC001A78012353407C4A0B701370C8230498C6
:10DACC005B00984207D3794B1B78002B03D1784B22
:10DADC001B78002B44D000231370764B764C1A68BD
:10DAEC00002A2CD1238875480A701B189BB22380FE
:10DAFC000022734B1A70734A1278002A11D1724AA1
:10DB0C001278002A0DD0714A1278002A09D1704A75
:10DB1C001278002A05D0674A1268002A01D0012227
:10DB2C001A7000226B4B1A700BB0F0BD684B182E9C
:10DB3C0000D8BCE6182A00D8B9E61870B6E7664BD0
:10DB4C001B78002B07D000F0BBFE2388634A9B1880
:10DB5C009BB22380CCE700F0B3FE2388604AF6E743
:10DB6C005D4909780029C3D0137000F0A9FE524A10
:10DB7C005A4913885B189BB21380B9E7002ED3D097
:10DB8C00FA20049C800084428041564D4042092773
:10DB9C00287018001C004D8C97425C41AF425841D4
:10DBAC005149087051480470C72D03D9C7209042C1
:10DBBC005B41DEB24E4B1E70434B1B78002B05D0E5
:10DBCC004C4B1B6B022B01DC00230B700120FA2544
:10DBDC00334B84461B78484C43400498474F237082
:10DBEC00AD00A84204D30D78002D01D1092A38D8F4
:10DBFC00394B314D1B78002B22D123702D4B1B68D8
:10DC0C00002B05D12B882D4A9B189BB22B800EE044
:10DC1C002B88334A9B1801229BB22B80384B394DF1
:10DC2C001A70394B1868FDF78DFD28606960002368
:10DC3C003B70FA23049A9B009A4200D274E71DE0D1
:10DC4C0001222F4B1A702F4B05932F4B1868FDF7A1
:10DC5C0079FD059B2D4A18605960002323702B8891
:10DC6C00D2E7002B19D06246254B264C1A70264B56
:10DC7C001868FDF767FD206061603D70002E00D1D3
:10DC8C0052E70C4B1B68002B00D14DE701233B7076
:10DC9C004AE7002800D003E608E73B70EEE7C046F1
:10DCAC00020400200104002000040020F8030020DE
:10DCBC00F7030020E80300207E67002050C3FFFF1D
:10DCCC00F303002059630020D8010020F903002041
:10DCDC00F5030020F4030020EC030020204E00008C
:10DCEC0010270000F1030020F0030020EF030020B8
:10DCFC00EE030020800A0020F2030020ED03002038
:10DD0C00B1650020F801002070670020409CFFFFE7
:10DD1C0010B50100662000F029FF10BD10B5010000
:10DD2C00622000F023FF10BD10B50100632000F04D
:10DD3C001DFF10BD10B50100602000F017FF10BDD5
:10DD4C0010B50100612000F011FF10BD10B50100ED
:10DD5C00C02000F00BFF10BD10B50100672000F0D3
:10DD6C0005FF10BD10B501006B2000F0FFFE10BDCB
:10DD7C0037B50100682000F0F9FE0A4B01AD1868B8
:10DD8C005968FDF727FD011C280005F0F4FF00245D
:10DD9C0020006C30295D80B2013400F0E7FE042CC9
:10DDAC00F6D137BDC003002000233B2909D8181831
:10DDBC00C0B2182801D9182000210002081880B21E
:10DDCC0070473C390133C9B2DBB2EEE710B5FFF74F
:10DDDC00EBFF0400010AC9B2642000F0C7FE652005
:10DDEC00E1B200F0C3FE10BD10B5642000F0A0FE3F
:10DDFC000400652000F09CFE01002000FFF7D4FF1A
:10DE0C0010BD10B5040001000C22C52000F0BCFEB2
:10DE1C0021000C22D12000F0B7FE8A200C22210018
:10DE2C00400000F0B1FE10BD70B50D4E05007479C8
:10DE3C001022122C0ED0112C10D8013C20002030B6
:10DE4C00032180B2013400F091FE122CF6D17279CC
:10DE5C00023AD2B22900202000F0C6FE70BDC046A6
:10DE6C00BC05002070B5050000242000203080B2D5
:10DE7C0000F05EFE032804D128550134102CF4D197
:10DE8C0013E02028F8D02D28F6D02E28F4D02F28F7
:10DE9C0003D93928F0D94028EED8102203212800C4
:10DEAC0009F08CFB2800FFF7BFFF70BD70B50D4E5D
:10DEBC00050074791022122C0ED0112C10D8013CB4
:10DECC0020004030032180B2013400F04FFE122CB0
:10DEDC00F6D17279023AD2B22900402000F084FEC9
:10DEEC0070BDC046BC05002070B5050000242000A4
:10DEFC00403080B200F01CFE032804D128550134B8
:10DF0C00102CF4D113E02028F8D02D28F6D02E2890
:10DF1C00F4D02F2803D93928F0D94028EED8102274
:10DF2C000321280009F04AFB2800FFF77DFF70BD94
:10DF3C0010B50100E02000F019FE10BD0100932087
:10DF4C0010B5400000F012FE10BD932010B540003B
:10DF5C0000F0EEFDFF2803D1AA38FFF7EFFF5520A4
:10DF6C0010BD10B5E02000F0E3FDFF2803D1FD3813
:10DF7C00FFF7DEFF022010BDF7B5F0248527114E08
:10DF8C006400BF0003CEFDF725FC01AD011C280089
:10DF9C0005F0F1FE2000297800F0E8FD601C69789E
:10DFAC0080B200F0E3FDA01CA97880B200F0DEFD89
:10DFBC00E01C0434E97880B2A4B200F0D7FDBC4276
:10DFCC00E0D1F7BD3865002073B5114E114C03CE6E
:10DFDC00FDF700FC01AD011C280005F0CCFE200073
:10DFEC00297800F0C3FD601C697880B200F0BEFD9A
:10DFFC00A01CA97880B200F0B9FDE01CE97880B2D1
:10E00C0000F0B4FD0434044BA4B29C42DFD173BDC8
:10E01C00D0640020A3020000D702000073B5114E9B
:10E02C00114C03CEFDF7D6FB01AD011C280005F009
:10E03C00A2FE2000297800F099FD601C697880B25E
:10E04C0000F094FDA01CA97880B200F08FFDE01CBC
:10E05C00E97880B200F08AFD0434044BA4B29C42EF
:10E06C00DFD173BD68640020D70200000B030000F1
:10E07C0073B5114E114C03CEFDF7ACFB01AD011C79
:10E08C00280005F078FE2000297800F06FFD601C58
:10E09C00697880B200F06AFDA01CA97880B200F00B
:10E0AC0065FDE01CE97880B200F060FD0434044B9F
:10E0BC00A4B29C42DFD173BD006400200B030000AE
:10E0CC003F03000073B5114E114C03CEFDF782FBDC
:10E0DC0001AD011C280005F04EFE2000297800F04F
:10E0EC0045FD601C697880B200F040FDA01CA97849
:10E0FC0080B200F03BFDE01CE97880B200F036FD08
:10E10C000434044BA4B29C42DFD173BD986300204D
:10E11C003F0300007303000010B5002420002C30D6
:10E12C00FF3080B200F004FD024B185501340D2C69
:10E13C00F4D110BDD403002010B500242000064BF0
:10E14C002C30195DFF30C9B280B2013400F00EFDE5
:10E15C000D2CF3D110BDC046D403002010B5002403
:10E16C002000054BC130FF30195D80B2013400F046
:10E17C00FDFC0D2CF4D110BD8563002010B50024DE
:10E18C00054B195D85239B00E01880B2013400F02B
:10E19C00EDFC0D2CF4D110BD7863002070B500247B
:10E1AC0025004135FF35ADB2280000F0C1FC431EFF
:10E1BC00DBB2082B04D92800052100F0D7FC052080
:10E1CC00024B185501340F2CEAD170BDA06500200C
:10E1DC0010B500242000054B4130FF30195D80B292
:10E1EC00013400F0C3FC0F2CF4D110BDA06500204D
:10E1FC000A4B37B518685968FDF7ECFA01AD011CEC
:10E20C00280005F0B8FD00242000E830295D80B21C
:10E21C00013400F0ABFC042CF6D137BD0800002013
:10E22C000A4B37B518685968FDF7D4FA01AD011CD3
:10E23C00280005F0A0FD00242000F630295D80B2F6
:10E24C00013400F093FC042CF6D137BDC803002038
:10E25C000A4B37B518685968FDF7BCFA01AD011CBB
:10E26C00280005F088FD00242000E430295D80B2F0
:10E27C00013400F07BFC042CF6D137BD00000020EB
:10E28C0073B51A4E1A4C03CEFDF7A4FA01AD011C5E
:10E29C00280005F070FD2000297800F067FC601C58
:10E2AC00697880B200F062FCA01CA97880B200F002
:10E2BC005DFCE01CE97880B200F058FC04340D4B96
:10E2CC00A4B29C42DFD10C4BE320197800F04EFC39
:10E2DC000A4BE220197800F049FCFFF7B9FF9220B5
:10E2EC00074B4000197800F041FC73BD78620020A8
:10E2FC003B020000A3020000D3030020D203002045
:10E30C00D10300200A4B37B518685968FDF762FA3B
:10E31C0001AD011C280005F02EFD00242000EC307E
:10E32C00295D80B2013400F021FC042CF6D137BDFC
:10E33C00300200200D4B37B518685968FDF74AFAC2
:10E34C0001AD011C280005F016FD00242000F03062
:10E35C00295D80B2013400F009FC042CF6D1044B89
:10E36C00F4201978C9B200F001FC37BD2802002056
:10E37C00C76500200100262010B5FF3000F0F6FB29
:10E38C0010BD10B50100692000F0F0FB10BD0000BD
:10E39C0010B50100014800F0E9FB10BD3902000086
:10E3AC000100D12010B5400000F0E0FB10BD0100D1
:10E3BC00D42010B5400000F0D9FB10BD0100AA20FC
:10E3CC0010B5FF3000F0D2FB10BD0100D72010B506
:10E3DC00400000F0CBFB10BD0100D52010B5400073
:10E3EC0000F0C4FB10BD0100A42010B5FF3000F0FC
:10E3FC00BDFB10BD0100AC2010B5FF3000F0B6FB2A
:10E40C0010BD0100D22010B5400000F0AFFB10BDD4
:10E41C000100AE2010B5FF3000F0A8FB10BD0100CC
:10E42C00D62010B5400000F0A1FB10BD10B5010CBA
:10E43C000400A820C9B2FF3000F098FBD320210AB9
:10E44C00C9B2400000F092FBA620E1B2FF3000F010
:10E45C008DFB10BD002110B50800FFF7B7FC0120A3
:10E46C00FFF768FC0120FFF76BFC0020FFF7DEFFD5
:10E47C0010BD10B5040000F0D3FBFFF7EBFF21003B
:10E48C000622012000F0B0FB21000622102000F033
:10E49C00ABFB06222100302000F0A6FB10BDF0B52E
:10E4AC00012500272C008FB006AB05900193029339
:10E4BC000395BEB2701C80B200F03AFB029B187040
:10E4CC003000103080B200F033FB082206AB9B18F2
:10E4DC003036D8550490B0B200F02AFB029A049959
:10E4EC0012780AABF854914253D1049A904207D057
:10E4FC000024250004E00024049A03948242F8D1FD
:10E50C00029A013701320292062FD2D106AA127A50
:10E51C001B78134006AA1278FF2A0DD1FF3B5A42F2
:10E52C005341DEB200230CA9002C02D1039A002A1D
:10E53C000AD0019A12780DE00026FF2BF2D106A822
:10E54C00FFF797FF3500EDE7002DF2D0082006AA63
:10E55C001218D25C5A54019A013301320192062BE3
:10E56C00E2D10023CA5C10003038092809D90622F0
:10E57C003021059809F022F80598FFF77AFF0FB0C3
:10E58C00F0BD0598C254002EF1D10133062BE9D110
:10E59C00F5E79042AFD1002215000392B0E70100DD
:10E5AC00282010B5FF3000F0E1FA10BD01002A2040
:10E5BC0010B5FF3000F0DAFA10BD0100952010B54F
:10E5CC00400000F0D3FA10BD10B50100014800F076
:10E5DC00CDFA10BD3602000010B50100014800F064
:10E5EC00C5FA10BD3702000070B5050000242000EC
:10E5FC00803080B200F09CFA28550134102CF6D1F2
:10E60C0070BD10B501001022802000F0EDFA10BD95
:10E61C00D02310B50C000100580000F0A7FAA2207E
:10E62C002100FF3000F0A2FA10BDF7B504001D0068
:10E63C000091019200F07CFA0600200000F078FABC
:10E64C0007003000BE4208D0200000F071FA87426B
:10E65C0003D0200000F06CFA3000019B984202D8E5
:10E66C00009B984204D22000290000F07FFA280079
:10E67C00FEBD022310B51A0001216620FFF7D5FF5D
:10E68C0010BD10B50723082201216220FFF7CDFF32
:10E69C0010BD10B50023F0220A216320FFF7C5FF3F
:10E6AC0010BD012310B5FF2219006020FFF7BDFF3C
:10E6BC0010BD012310B5022219006120FFF7B5FF30
:10E6CC0010BD022310B51A000121C020FFF7ADFFC9
:10E6DC0010BD012310B5022219006720FFF7A5FF1A
:10E6EC0010BD002310B5F02219006B20FFF79DFF21
:10E6FC0010BD000070B50024FF2585239B00E01899
:10E70C002A002B00012180B2FFF78FFF024B185516
:10E71C0001340D2CF1D170BD78630020012310B5AC
:10E72C00022219006920FFF780FF10BD022310B5EB
:10E73C001A0001210148FFF778FF10BD39020000D3
:10E74C000123D12010B5022219009840FFF76DFF6C
:10E75C0010BD0123D42010B5022219009840FFF7F8
:10E76C0064FF10BD0123AA2010B502221900FF304E
:10E77C00FFF75BFF10BD0121D72010B50B23FE2244
:10E78C008840FFF752FF10BD0123D52010B502229F
:10E79C0019009840FFF749FF10BD0023A42010B5C5
:10E7AC00FE221900FF30FFF740FF10BD0023AC2004
:10E7BC0010B5FE221900FF30FFF737FF10BD002304
:10E7CC00D22010B5FE2219004000FFF72EFF10BD1D
:10E7DC000023AE2010B5FE221900FF30FFF725FFF5
:10E7EC0010BD0023D62010B50D2219004000FFF7F4
:10E7FC001CFF10BD0023FF22A82010B519008018A3
:10E80C00FFF713FF00230400D3201900FF22400060
:10E81C00FFF70BFF240400020023FF222418A6207C
:10E82C0019008018FFF701FF001910BD01232620E5
:10E83C0010B502221900FF30FFF7F7FE10BD0F23B1
:10E84C002A2010B51A000E21FF30FFF7EEFE10BD86
:10E85C000023952010B5FF2219004000FFF7E5FEBC
:10E86C0010BD000010B50B230D2201210148FFF74C
:10E87C00DCFE10BD36020000012310B50D2219007C
:10E88C000148FFF7D2FE10BD3702000037B5050076
:10E89C000024281980B200F04BF901AB1855013453
:10E8AC00042CF6D12100180005F054FA0198011C33
:10E8BC00F9F7F6FD002801D10023019301983EBD24
:10E8CC00002370B5062219006820FFF7AEFE040085
:10E8DC006C20FFF7DBFFFCF735FF024D2860696009
:10E8EC00200070BDC003002070B5F0248526074DB4
:10E8FC006400B6002000FFF7C9FFFCF723FF0434C7
:10E90C00A4B203C5B442F5D170BDC0463865002031
:10E91C0070B5074D074C2000FFF7B8FFFCF712FF4E
:10E92C000434054BA4B203C59C42F4D170BDC0465F
:10E93C00D0640020A3020000D702000070B5074D80
:10E94C00074C2000FFF7A2FFFCF7FCFE0434054B3C
:10E95C00A4B203C59C42F4D170BDC04668640020CB
:10E96C00D70200000B03000070B5074D074C2000C8
:10E97C00FFF78CFFFCF7E6FE0434054BA4B203C58D
:10E98C009C42F4D170BDC046006400200B03000013
:10E99C003F03000070B5074D074C2000FFF776FFD2
:10E9AC00FCF7D0FE0434054BA4B203C59C42F4D151
:10E9BC0070BDC046986300203F0300007303000045
:10E9CC0010B5EC20FFF762FFFCF7BCFE10BD000099
:10E9DC0070B5334D334C2000FFF758FFFCF7B2FEF7
:10E9EC000434314BA4B203C59C42F4D1002319006A
:10E9FC001A22E220FFF719FE2C4B0122187000237B
:10EA0C00E3201900FFF711FE421E9041284B1870AD
:10EA1C00E420FFF73BFFFCF795FE264B186059608E
:10EA2C00254B18605960E820FFF730FFFCF78AFE91
:10EA3C00224C20606160F620FFF728FFFCF782FE75
:10EA4C001F4C20606160F020FFF720FFFCF77AFE7E
:10EA5C001C4B0122186059601B4B18605960002335
:10EA6C00F4201900FFF7E1FD431E9841174BC0B28B
:10EA7C001870002301221900F520FFF7D6FD431E64
:10EA8C009841134BC0B21870002392200122190038
:10EA9C004000FFF7CAFD421E90410E4B187070BD2E
:10EAAC00786200203B020000A3020000D203002089
:10EABC00D303002000000020D80A0020080000200A
:10EACC00C803002028020020E00A0020C7650020AF
:10EADC00C5650020D103002037B502236A46134CCC
:10EAEC0040BA53705080117120680022616800F0A8
:10EAFC00AFF9062000F070FC20680122616800F07C
:10EB0C00A7F920680022616800F0A2F901256B4684
:10EB1C00585D013500F060FC052DF8D1206801220C
:10EB2C00616800F095F900F003FD37BD240000206A
:10EB3C0070B505000C4C00222068616800F088F963
:10EB4C00032000F049FC280A00F046FCE8B200F073
:10EB5C0043FC00F095FC050001222068616800F080
:10EB6C0077F9280070BDC0462400002070B5050060
:10EB7C000C002800FFF7DCFFA04204D02100280085
:10EB8C00FFF7AAFFF5E770BDF8B505000F001600FA
:10EB9C00144C00222068616800F05AF9062000F03D
:10EBAC001BFC20680122616800F052F900222068E9
:10EBBC00616800F04DF9022000F00EFC280A00F00C
:10EBCC000BFCE8B200F008FC39003000002200F029
:10EBDC0025FC20680122616800F03AF900F0A8FCDD
:10EBEC00F8BDC04624000020F7B50D00160005271F
:10EBFC000190320029000198FFF7C6FF0024A642BD
:10EC0C0000DCF7BD019B181980B2FFF791FF2B5D5B
:10EC1C00834201D10134F2E7013F002FE9D1F0E743
:10EC2C0030B589B02022FF216846802508F0C6FC4B
:10EC3C000024ED002000203420226946A4B2FFF706
:10EC4C00D3FFAC42F6D109B030BD0000604B10B51B
:10EC5C0018680022596800F0FBF85E4B0022186817
:10EC6C00596800F0F5F85C4B00221868596800F000
:10EC7C00EFF85A4B00221868596800F0E9F8584B25
:10EC8C0000221868596800F0E3F8564B0022186807
:10EC9C00596800F0DDF8544B00221868596800F0F0
:10ECAC00D7F8524B00221868596800F0D1F8504B35
:10ECBC0000221868596800F0CBF84E4B00221868F7
:10ECCC00596800F0C5F84C4B00221868596800F0E0
:10ECDC00BFF84A4B00221868596800F0B9F8484B45
:10ECEC0000221868596800F0B3F8464B00221868E7
:10ECFC00596800F0ADF8444B00221868596800F0D0
:10ED0C00A7F8424B00221868596800F0A1F8404B54
:10ED1C0000221868596800F09BF83E4B00221868D6
:10ED2C00596800F095F83C4B00221868596800F0BF
:10ED3C008FF83A4B00221868596800F089F8384B64
:10ED4C0000221868596800F083F8364B00221868C6
:10ED5C00596800F07DF8344B01221868596800F0AE
:10ED6C0077F8324B01221868596800F071F8304B73
:10ED7C0001221868596800F06BF82E4B01221868B4
:10ED8C00596800F065F82C4B01221868596800F09E
:10ED9C005FF82A4B01221868596800F059F8284B83
:10EDAC0001221868596800F053F8264B01221868A4
:10EDBC00596800F04DF8244B00221868596800F08F
:10EDCC0047F8224B01221868596800F041F810BD31
:10EDDC00840000207C0000206400002074000020CF
:10EDEC005C0000206C000020340100202C0100206D
:10EDFC00240100201C010020140100200C01002023
:10EE0C0004010020FC000020F4000020EC00002095
:10EE1C00E4000020DC000020D4000020CC00002006
:10EE2C00C4000020BC000020340000202C00002076
:10EE3C0024000020B4000020AC0000209C00002026
:10EE4C00A4000020540000204C000020940000205E
:10EE5C0007B589B206F068F907BD07B589B206F0A7
:10EE6C005DF9431E9841C0B20EBD000030B593B0A1
:10EE7C003822002104A808F0A1FB102200216846CA
:10EE8C0008F09CFB8020800006F0FEF906F0F2F9F9
:10EE9C001821194A0124D36D02258B43D365052310
:10EEAC00049380235B02059303230C9300230D939F
:10EEBC0008330E9380239B020F9380239B041093A3
:10EECC00802304A89B0506940B95119306F008FA71
:10EEDC00002801D072B6FEE70723029003902100B0
:10EEEC0068460093019506F063FC002801D072B6C9
:10EEFC00FEE713B030BDC04600100240F0B58FB035
:10EF0C0005F02EFEFFF7B2FF1422002109A808F02D
:10EF1C0055FB04220126C74DC74C6B6B21001343D4
:10EF2C006B636B6BC54813400493049B6B6B1C3277
:10EF3C0013436B636B6BC24F13400593059B6B6B59
:10EF4C001E3A33436B636B6B33400693069B6B6BC0
:10EF5C0013436B636B6B13400793079B6B6B06320E
:10EF6C0013436B636B6B134008930022089B06F0F2
:10EF7C00DBF8A02039000022C00506F0D5F80022ED
:10EF8C00B049B14806F0D0F80022B049B04806F0BC
:10EF9C00CBF809940024A94809A90A960B940C945F
:10EFAC0006F00AF8A020052309A9C00509930A94C4
:10EFBC000B9406F001F8A02009A9C00509970A9640
:10EFCC000B940C9405F0F8FFA0200323102709A93B
:10EFDC00C0050A9309970B9405F0EEFF994B9A48DC
:10EFEC0009A909930A960B940C9405F0E5FF974B2D
:10EFFC00974809A909930A960B940C9405F0DCFF29
:10F00C000822914809A909920A940B9405F0D4FF9F
:10F01C00AB6B21003343AB63AB6B22003340092055
:10F02C000393039B05F0D4FD092005F0FBFD894DEE
:10F03C00894B28002B60894BAC606B60EE602C61B7
:10F04C006C61AC61EC612C6206F074F80100A042BA
:10F05C0001D072B6FEE7280006F0C2F8011E01D0FE
:10F06C0072B6FEE7280006F0E1F8031E01D072B676
:10F07C00FEE7E02507247A487A4AED004360836076
:10F08C00036143618361036243628362036343638D
:10F09C000260C560C46206F009FE031E01D072B6A0
:10F0AC00FEE77148714A836002608222036143610A
:10F0BC000362436283620363082352004260FC32A2
:10F0CC00C5608261C761C462436306F0EFFD011E37
:10F0DC0001D072B6FEE7664C664B020023609623A5
:10F0EC009B0163600C23A060E06020616361A06100
:10F0FC000300E06120626062A062200007F09AFDCC
:10F10C00011E01D072B6FEE7200007F0FBFD011EC8
:10F11C0001D072B6FEE7200007F014FE002801D0E3
:10F12C0072B6FEE7200007F0CFFD031E01D072B6C9
:10F13C00FEE7FF265048514A514F026046608360FB
:10F14C00C7600361836106F08BFF002801D072B6A3
:10F15C00FEE74C484C4B466003600023C76083605D
:10F16C0003614361836106F07BFF031E01D072B61D
:10F17C00FEE74648464A466002608360C76003610A
:10F18C004361836106F06CFF0190002801D072B6D8
:10F19C00FEE70C22019909A808F010FA3D4D3E4BF0
:10F1AC0028002B60019B6E60AB60EF60AB6106F0DA
:10F1BC0057FF002801D072B6FEE709900B9009A901
:10F1CC00280006F077FF0190002801D072B6FEE708
:10F1DC000C22019909A808F0F1F9304D304B2800A8
:10F1EC002B60019B6E60AB60EF60AB6106F038FF8B
:10F1FC00002801D072B6FEE709900B9009A92800EF
:10F20C0006F058FF031E01D072B6FEE72548264AC9
:10F21C00836002607F22C2608022D2050661436156
:10F22C008361C3610262436206F0EAFC00283DD0B0
:10F23C0072B6FEE700100240FF3F000000080050CD
:10F24C002809000034FF0000000400506503000092
:10F25C00000C00508009002000540040BB7C700062
:10F26C00F0080020003001408C08002000380040DD
:10F27C007C06002000380140A80700200020004038
:10F28C00FFFF00005C070020004401401007002035
:10F29C0000480140F4070020001400404008002002
:10F2AC00001000405409002000280040FFF7CEFC5D
:10F2BC0028222000194907F067FD0126184F3B78DA
:10F2CC00002B12D0174D2B78DCB2002B0DD1022065
:10F2DC002E7000F019FB144B3C701C70134B1C70FF
:10F2EC00134B1C70134B1C702C70134F3B78002B62
:10F2FC00E4D00C4D2B78DCB2002BDFD101202E702A
:10F30C0000F002FB084B3C701C70084B1C70084B47
:10F31C001C70084B1C702C70D0E7C046F805002000
:10F32C00936700208E6700208D6700208C6700207B
:10F33C008A670020886700209467002070B50B4D09
:10F34C000B4C0A002100280008F0CDF928002821D8
:10F35C0005F0A8FB21002822064807F015FD042122
:10F36C00054B1A6813688B43136070BDD0050020E1
:10F37C00F80500207C0600202006002007B56B460F
:10F38C00D91D087064230122014807F037FB07BD23
:10F39C007C06002010B5044C0A00010064232000F8
:10F3AC0007F02CFB10BDC0467C060020034B1A68EE
:10F3BC00402311680B4313607047C046F0080020CF
:10F3CC00022303498A681A42FCD0024B187070471A
:10F3DC00003001400C300140402210B501240C4B90
:10F3EC001B681968914319601968A1431960196861
:10F3FC00196019680A431A600222064B9968114277
:10F40C00FCD0054A1070802299681142FCD110BDC5
:10F41C008C080020003800400C380040F0B5402427
:10F42C000126144B1B681D68A5431D601D68B54360
:10F43C001D601D68104E15431D601A68802514430D
:10F44C001C60002202240D4B904208DC02229968B9
:10F45C001142FCD0802299681142FCD1F0BD9F680A
:10F46C002742FCD09F682F42FCD18F5C0132377051
:10F47C00EAE7C0468C0800200C38004000380040F9
:10F48C00402210B501240F48036819689143196094
:10F49C001968A14319601968196019680A431A6040
:10F4AC0006F07CFC0222084B99681142FCD000212A
:10F4BC00064A1170012299681142FCD0D868C0B27A
:10F4CC0010BDC0468C080020003800400C380040AD
:10F4DC00F8B5144F0400380016000D0006F05EFC61
:10F4EC0040223B68196891431960012118688843D0
:10F4FC00186018683043186018680B4E02431A6085
:10F50C0002200023094A9C4200DCF8BD97680742A0
:10F51C00FCD00027377097680F42FCD0D768EF54A7
:10F52C000133F0E78C0800200C3800400038004014
:10F53C0070B50C4C002220686168FFF789FC05202F
:10F54C00FFF74AFF0125FFF79BFFFFF799FF2842C2
:10F55C0005D1206801226168FFF77AFC70BDFFF7C6
:10F56C008FFFF4E72400002010B5062807D10C48C3
:10F57C000222036852421A6106F024FC10BD0728CF
:10F58C0001D10848F4E70E2801D10748F0E710280C
:10F59C0001D10648ECE71128F0D10548E8E7C04650
:10F5AC0040080020F4070020A80700205C0700207A
:10F5BC001007002010B5062803D10A4806F036FCC7
:10F5CC0010BD072801D10848F8E70E2801D10748DB
:10F5DC00F4E7102801D10648F0E71128F0D10548CE
:10F5EC00ECE7C04640080020F4070020A8070020E4
:10F5FC005C07002010070020084B06280BD0084B96
:10F60C00072808D0074B0E2805D0074B102802D02E
:10F61C00112802D1054B1B68D962704740080020A5
:10F62C00F4070020A80700205C070020100700202A
:10F63C00084B06280BD0084B072808D0074B0E2880
:10F64C0005D0074B102802D0112802D1054B1B689E
:10F65C005962704740080020F4070020A8070020DA
:10F66C005C0700201007002062B6704772B6704726
:10F67C000E4B10B50400984207D103F0D1FB0C4B94
:10F68C009C4207D103F0B6FA0FE00A4B984207D11F
:10F69C0003F08CFE084B9C4207D103F0D7FA04E030
:10F6AC00064B9842EBD103F08FFE10BD40080020B2
:10F6BC005C070020F407002010070020A80700209A
:10F6CC0072B6FEE7F7B51B4C1B4A23001068516855
:10F6DC00803318605960194B00251A685B68002646
:10F6EC000027226163610022154B01A82662676224
:10F6FC00A662E76226636763226463642580A56360
:10F70C0004F082F86B4622009B8848325BBA138067
:10F71C0023006A331D8023007A331D802300883335
:10F72C001E605F6023007E3490331E605F60258016
:10F73C00F7BDC046D80900200000002008000020BA
:10F74C00E0FFEF40F8B50022334BFAF75BF80022EC
:10F75C00324BFAF71DFC04000D00314A314BFBF71C
:10F76C0051F822002B00FBF74DF822002B00FBF781
:10F77C0049F82D4A06000F00200029002B4BFBF7FF
:10F78C0041F822002B00FBF73DF802000B00300083
:10F79C003900FAF737F8244A06000F002000290038
:10F7AC00234BFBF72FF802000B0030003900FAF75F
:10F7BC0029F8204A204BFBF70BFB08F09DFD00229B
:10F7CC001E4B04000D00F8F74BFE002812D01C4B0A
:10F7DC001B78002B04D001221A4B1B4C1B4D1A70AA
:10F7EC001B4B1B78002B02D00122164B1A702900E0
:10F7FC002000F8BD002220002900164BF8F71CFE53
:10F80C000028F4D0124B1B78002BF0D001220D4BAA
:10F81C000D4C0E4D1A70EAE70000894000E095404F
:10F82C00D7A3703D0AD581406666666666D29EC0D7
:10F83C006672A140295C8FC2F5D8894000001E4039
:10F84C00D8010020646700208FC2F5285CFF584067
:10F85C00596300200000F03FF8B50D0004000D4A7C
:10F86C000D4BFAF7CFFF2B002200FAF7CBFF0B4A18
:10F87C0006000F0020002900094BFAF7C3FF020015
:10F88C000B0030003900F9F7BDFF064A064BF9F7BB
:10F89C00B9FFF8BD865AD3BCE3149DBF454772F936
:10F8AC000FE9FE3F4A0C022B8716A93FF8B50F0053
:10F8BC0019000E4B06001B781000002B12D00C4CBC
:10F8CC000C4D00220C4BFBF783FA2B002200FAF7AD
:10F8DC0099FF0022094BF9F795FF32003B00FAF72C
:10F8EC0091FFF8BD064C074DEBE7C046596300206D
:10F8FC009A9999999999993F000039400000F03FE5
:10F90C007B14AE47E17A943F0023F0B5B1B0CB4DF8
:10F91C00CB4C09902F93012824D128702370FFF72A
:10F92C004FF806000F00C74B1E605F60C64B1B787C
:10F93C00002B23D000220023F8F792FD00281DD0C5
:10F94C00C24B002230003900F8F776FD0123002865
:10F95C000ED02B70002323700020BD4BBD491860C6
:10F96C00596011E0099A022AD9D12B700123D5E7ED
:10F97C00287023700020B64BB749F0E72B78002B8A
:10F98C00EAD12378002BF5D1FEF7D0FE022802D164
:10F99C000022B24B1A70FEF7C9FE012801D1AF4B01
:10F9AC001870FEF7A7FEFEF78BFFFEF708FF189006
:10F9BC00FEF76FFEAA4B05931870FEF71BFF322162
:10F9CC00F8F71EFD002901D101F0C4FE002301222D
:10F9DC001900F420FEF729FE431E98410023A14F85
:10F9EC00C0B2190038700122F520FEF71EFE431E2E
:10F9FC0098419D4EC0B23070FEF7ABFE012802D08C
:10FA0C0000229A4B1A70FEF7D1FE1090022802DDEC
:10FA1C000122974B1A70974B1A78002A00D1C4E038
:10FA2C00059A12783B2A00D8BFE0934B01221A703A
:10FA3C00924B1A70924B1A78904B002A03D18E4A33
:10FA4C001278002A01D001221A701B78002B05D0E5
:10FA5C002B78002B02D00122804B1A70FEF794FEFB
:10FA6C00884923780860002B05D00122864B022898
:10FA7C0000D0A5E01A707D4C7F4D2378002B09D067
:10FA8C002B78002B06D00020FEF7B4FC0022784B1C
:10FA9C0010921A702A787D4B002A00D196E07C4A8D
:10FAAC007C491180724A1278002A01D001221A7006
:10FABC000124794B1C60FCF739F93378D8B2002B50
:10FACC0003D1764B1C70FEF7A3FCFEF781FE744B42
:10FADC0018603378002B06D0FA216D4A8900138800
:10FAEC005B189BB213803B78002B04D0684A1388B8
:10FAFC000A339BB21380654B1B78002B04D0644AED
:10FB0C00138864339BB213805C4B664C1B78DAB25F
:10FB1C000C92002B00D1F6E0FEF7A4FE2278130025
:10FB2C00083B591E8B41DBB20C93574B05921B784B
:10FB3C00002B06D003211000F8F7F2FA0330C3B201
:10FB4C0005930022584B1A700823139301200023AD
:10FB5C00227856499A4200DDDCE002F07DFF544CDD
:10FB6C0009991CA801F090FA48221CA9200007F062
:10FB7C00BAFDFEF77EFD1990FEF72AFFFEF7B4FEE4
:10FB8C00FEF7C6FEFEF7DAFEFEF7EEFEFEF702FF0C
:10FB9C00484B1B78002B01D0FCF7B6F9414B0124E4
:10FBAC001A78454900234548BCE01B78002B00D14E
:10FBBC0040E7059B1B78092B00D83BE7304B35E71A
:10FBCC0002201A700860FEF707FC54E73C4A1278D2
:10FBDC00002A19D02A4A1278002A15D02C4A394901
:10FBEC0011803278D4B2002A00D06EE701251D7046
:10FBFC00294B02321A603C70FEF79CFBFCF796F81E
:10FC0C00264B1D7020005EE71A4A117800295DD042
:10FC1C00217800295AD03278002A08D11C4A2A4966
:10FC2C00118001221A701C4B1A601C4B1A70002494
:10FC3C003C70FEF77FFBFCF779F8E3E75963002093
:10FC4C00D8010020E80A002058630020007087408B
:10FC5C00C80A002000D0864000208C404D63002054
:10FC6C00F10A0020C7650020C565002088670020C8
:10FC7C00F00A00208D6700208B6700208C67002025
:10FC8C008A670020DC0100205C6300209167002063
:10FC9C0080670020102700003C020020C665002071
:10FCAC00D00A0020410200204C630020E10100201A
:10FCBC00800A0020AF650020D40300206B63002075
:10FCCC0089670020204E0000307500001278002A51
:10FCDC0000D1FAE62278002A00D0F6E63278D5B2C6
:10FCEC00002A00D0F1E601246B4A6C4911801C708B
:10FCFC006B4B1C603D70FEF71DFBFCF717F8694B56
:10FD0C0028001C70DFE6FEF736FD03234343059302
:10FD1C000C9B1AE7C85401331CE7CD5C022D00D9AB
:10FD2C00C45401339A42F8DC00F07AFE03F08AFBEB
:10FD3C00FA20C00004F03AFF0023119312930B93A6
:10FD4C00FFF7C0FC584C236B012B3DD1574B1B7854
:10FD5C00002B39D003F006FC022835D1FEF7B9FC94
:10FD6C00012831D103F0FEFB01282DD003F0FAFB62
:10FD7C00012829D04E48236804220370030039332C
:10FD8C001A704C4B00241A68030078331A80030055
:10FD9C00FF227E331A70312503F0D6FF03F0C2FF29
:10FDAC0004F036F90022E30FA5425341DBB2934233
:10FDBC0001D0904203D1FBF7B9FF31B0F0BD0A205E
:10FDCC0004F0F4FE0134EBE7A269E369A06AE16A8E
:10FDDC00FAF7DEF8FBF728FCAF22374B0021069030
:10FDEC0012011800089307F0E9FBAF22334D0021F4
:10FDFC002800120107F0E2FBAF22314E0021520124
:10FE0C00300007F0DBFBAF22002152012D4807F038
:10FE1C00D5FBAF222C4F00215201380007F0CEFB4E
:10FE2C006B461B8B320029000D93009308983B0006
:10FE3C0003F0ECFA254B264D1A782B781340220050
:10FE4C003C3212781A420DD035342378002B09D06D
:10FE5C00204B1868596803F03DFB002301222B70DE
:10FE6C001D4B1A7000221D4B1A8002F0FDFF0E4B29
:10FE7C009868D96802F056FF03F050F802F0EEFFD4
:10FE8C0008900028FAD1164B1B78DAB20A92002B94
:10FE9C0028D103F003FF90E780670020409CFFFF10
:10FEAC003C020020C6650020800A0020D9010020F9
:10FEBC00D80900208467002084570020944C00202F
:10FECC00B4360020D4200020F40A00208F670020D4
:10FEDC0091670020C80A0020130A00207E670020CA
:10FEEC0040020020C94B089AC9491A80C94ACA4B1A
:10FEFC00966B176809785E70FBB2002905D0126CFE
:10FF0C00002A02D01B019B18DBB2C34CC34A2370DE
:10FF1C00C34BC04D22626362286A696AC14AC24BF4
:10FF2C0022636363A262E362230088331860596022
:10FF3C00AA6AEB6AFAF74CFFFBF776FBC317C018FB
:10FF4C005840FBF7ADFBB94B90341B7820606160D7
:10FF5C00002B37D05A2318AA9B1800223E351A8042
:10FF6C002B780124934201D1B14B1C78B14B1B78F7
:10FF7C00002B12D0B04B1B78002B09D0A549AF4BEE
:10FF8C00002208694969F8F751FA0023984206D013
:10FF9C00AB4B1B78002B00D029E1012323405A24C2
:10FFAC0018AAA41831003A0006980094FBF74AFDF1
:10FFBC00A44B22881A80A44B1B78002B00D022E182
:10FFCC0001F030F894490D98FDF798FB994B1B788C
:10FFDC00002B09D08F4B1A6B012A00DD6CE15A6B98
:10FFEC009A4B1A4200D067E10E9B0F9C0693079424
:04FFFC00904B1A7894
:020000040801F1
:100000008E4B1B78002B00D17DE19449944B0978ED
:100010001B78002900D174E1924C8249086C496C2C
:1000200020606160591E0B1C090600D500238C4915
:100030005BB20B708C490B708C4B1B78002B03D080
:100040008B498C4B0968196000218B4B1B788B42C4
:1000500008D18A48724B0078884203D036331B7827
:100060005B42D9B2864B6F4C1970002A59D0794B3C
:100070006B4E1B78002B54D1824D099B2868696810
:100080000093069A079BFFF763FB20626162FFF70C
:10009000E9FB22696369099F206361630097FFF7A9
:1000A0000BFC226963690E920F932A686B68A06249
:1000B000E162206C616C009201930E9A0F9BFCF739
:1000C000ADF80B0002003100A260E3603F31097817
:1000D000002908D031003D3109783068FCF746FA34
:1000E00080342060616000214E4D4D4CAA68EB6861
:1000F0000091216C2068FBF7D7FD059B624A013B0C
:1001000005931378383501331370604B28701B78D2
:10011000002B06D03D3423785A425341119AD3180C
:10012000119301F071FB454B1B78002B09D0584B04
:100130001B78002B05D04B4B564A1068516818604D
:100140005960374C2068FBF73DFE534B1870002078
:1001500002F078FA0C9B002B04D0119B139A934267
:1001600000D1F2E0059B002B04DC36342378002B11
:1001700000D0EAE0494B1C78002C00D0E5E0434B6E
:100180002FAA1978354B187801F0F2FEFF22444B64
:100190000A941A70199B012B0BD10A9C414B0294B3
:1001A0000D9C414A0194414C41494248009403F05E
:1001B00089FB414B1B78002B02D10A9B002B17D0E7
:1001C000184803F0C7FD312403F0B2FD03F026FF09
:1001D0000022089B0899DB0F8C425341DBB293420B
:1001E00002D0904200D0B6E10A9B002B00D0B9E1CA
:1001F000069B079C0E930F94A8E509492F4B0022FC
:100200008868C968F8F718F90023984200D0CAE650
:10021000CBE62B4B1870DBE67C6700205C6300208C
:10022000800A0020D80900208FC2F5285CFF5840C2
:100230000E2DB29DEFFF58408F670020D90100209E
:100240005A6300205963002000004440D801002078
:100250004A0A0020BC0A0020FF00FF00F203002031
:10026000A4660020C80A0020100A0020B50A002059
:1002700084670020686700208C670020BE0A002089
:10028000560A002030020020F20A0020010400205B
:10029000B60A002028020020110A00204C6300202A
:1002A000570A0020D4200020B4360020F40A002091
:1002B000944C0020845700203D01002000003E4067
:1002C000E0010020A94D287802F03EFAA84C2B78D6
:1002D000A061022B12D102F047FB06900791069A0B
:1002E000079B226163610699079AA24B19605A60C5
:1002F000A14B1B78002B00D17CE67FE602F078FA58
:10030000EBE7013393E6002A00D19DE69B4B9C4C22
:100310001D78002D00D097E69A4B1B78002B10D04B
:10032000994B93492F95086C496C18605960974B0D
:100330001B78002B00D187E623680B93A36B1293E5
:1003400082E62F9B01332F937EE60122904B1A7099
:10035000FDF79CFFFDF752FFFDF768FF8D4B1B7803
:10036000002B00D1F0E08C4B1B78002B68D08B4B1E
:100370001C685D688A4B20001A685B680E920F93B8
:10038000884B29001E685F680E9A0F9BF9F740FAA8
:10039000854B1A901B911A685B6830003900F9F799
:1003A00037FA02000B001A981B99FAF717FD4B0059
:1003B0005B08159314900022149815997B4BF8F75D
:1003C00041F8002811D132003B0020002900FAF743
:1003D00005FD4B005B08179316900022169817999D
:1003E000724BF8F743F800282AD00E9A0F9B704EF4
:1003F00030687168FAF7F2FC6E4A6F4BFAF708FA48
:100400006E4F3A687B68F9F703FA0E9A0F9B040067
:100410000D00326073603C607D6000220023F8F7BD
:1004200011F8002807D1002220002900644BF8F7BA
:100430001DF8002804D00020604B62491860596004
:100440000122614B1A70614B1B78002B01D0FDF724
:100450005FFF5F4B1B78002B0CD02C226B469B1848
:100460001878FDF7E2FF0B9B002B03DD594B0B9A2D
:100470001299D154424B1868C0B2FEF7B3F8564BEC
:100480001B78002B03D0FDF75DFEFDF7A7FE534B55
:100490001B78062B03D03F4B1B78002B57D1FEF760
:1004A00082F90130C0B2FDF7A4FFFBF745FCFDF770
:1004B00047FF189B581CC0B2FDF7A9FF0021FA2086
:1004C000FEF75AFB464B1B78002B04D1109B581C9F
:1004D000C0B2FDF795FF189B092B05D9012002F04A
:1004E000B1F80020FDF793FFFDF774FDFDF79CFDCB
:1004F0002A4B1868596801F049F92D4B186859685A
:1005000001F056F9374B18680130FE2800DDFE2057
:100510001860C0B2FDF782FFFEF772F90130FDF7F7
:100520008BFFFF22304B1A70304B1B78002B00D111
:1005300030E62F4B1B78002B00D12BE6104B2D4AB9
:100540005B6C9BB2138025E61F4A13707BE700208B
:10055000FDF74FFFABE70A2004F02EFB089B0133A9
:10056000089333E600F068FAFFF72DFCDA0100206B
:10057000D809002008000020B40A0020BC0A00208E
:10058000800A002001040020C80A00200004002086
:10059000D1030020D3650020A0660020280200209F
:1005A00018020020E00A0020E80A00200000244091
:1005B000300200203BDF4F8D976E923F580A00209B
:1005C00000002C4000002E40C7650020A2660020DD
:1005D0008B6700209F6500208F670020110A002094
:1005E000F00A0020D00A0020560A00205A6300209A
:1005F000D80100207C67002001210A4B82B01A6CD0
:100600000A431A641A6C0A4080210092009ADA6B3D
:1006100049050A43DA63DB6B0B400193019B02B08F
:100620007047C0460010024010B5040094B0142278
:10063000002102A806F0C8FF3422002107A806F016
:10064000C3FF174B22689A4227D1202307A807939C
:1006500005F072F9002801D0FFF738F80222114C9A
:100660001148636B02A913436363636B13400093E8
:10067000009BC0230293AE3B039300230493059396
:100680000633069304F09EFC8022E36B920313432F
:10069000E363E36B13400193019B14B010BDC046AC
:1006A00000540040001002400004005010B5040047
:1006B0008EB03422002101A806F086FF104B22687C
:1006C0009A421BD180239B020193802301A85B00E7
:1006D0000D9305F031F9002801D0FEF7F7FF8022D5
:1006E000084B1202D96D0A438021DA65DA6BC90022
:1006F0000A43DA63DB6B0B400093009B0EB010BD26
:10070000002800400010024010B504008AB01422F6
:10071000002105A806F058FF23681F4A93421CD108
:1007200080211E4B49011A6CA0200A431A641A6CDE
:10073000C0050A4001210192019A5A6B0A435A638B
:100740005B6B0B400293029B154B05A9059302239B
:10075000069304F037FC0AB010BD124A9342FAD156
:1007600080210E4BC901DA6B0F480A43DA63DA6B5A
:100770000A4008210392039A5A6B0A435A635B6B3F
:100780000B400493049B1A230593183B0693013BEB
:10079000099305A9DDE7C046003001400010024082
:1007A000C280000000380040000C00507FB5036894
:1007B000324A934212D11021314B1120DA6B0A4395
:1007C000DA63DB6B00220B4001930F39019B04F0CD
:1007D00005FA112004F02CFA07B000BD294A934213
:1007E0000FD12021264B1220DA6B0A43DA63DB6B30
:1007F00000220B4002931F39029B04F0EFF91220F4
:10080000E8E7214A934210D180211D4B09021A6C5E
:1008100013200A431A641B6C00220B40039301212E
:10082000039B04F0DBF91320D4E7184A934210D15C
:100830008021134B89021A6C15200A431A641B6C21
:1008400000220B4004930121049B04F0C7F91520FA
:10085000C0E70F4A9342BFD18021094BC9021A6CED
:1008600016200A431A641B6C00220B4005930121D9
:10087000059B04F0B3F91620ACE7C0460010004019
:1008800000100240001400400020004000440140DD
:100890000048014070B5060094B01422002102A85F
:1008A00006F092FE3422002107A806F08DFE274BA9
:1008B00032689A4247D1012307A8079305F03CF814
:1008C000002801D0FEF702FF8021214BC9011A6CDC
:1008D000A0200A431A641A6C00250A400092009A6C
:1008E0000122596BC005114359635B6B02A9134088
:1008F0000193019BB0235B010293022304950393B0
:100900000595069204F05EFB124C134B2000236009
:10091000322363604E33A560E56023616561A561A4
:10092000E561256204F0E4F9A84201D0FEF7CEFEAD
:100930000022331D1B201100DC67A66204F04EF973
:100940001B2004F075F914B070BDC046003801409A
:10095000001002402006002008000240FEE7FEE7EB
:100960007047704710B504F015F910BD10B5024876
:1009700004F0D4FA10BDC0462006002010B502488D
:1009800005F078FA10BDC0464008002010B50248B6
:1009900005F070FA10BDC046F407002010B50248FB
:1009A00005F068FA10BDC046A807002010B502483F
:1009B00005F060FA10BDC0465C07002010B5024883
:1009C00005F058FA10BDC0461007002010B50248C7
:1009D00005F03EFC10BDC0467C06002010B5034B60
:1009E000012218685968FEF739FA10BD840000200A
:1009F00010B5034B002218685968FEF72FFA10BD96
:100A00008400002010B5034B012218685968FEF7D6
:100A100025FA10BD7C00002010B5034B0022186899
:100A20005968FEF71BFA10BD7C00002010B5FFF7D7
:100A3000D5FFFFF7E7FF10BD10B5FFF7D9FFFFF7B0
:100A4000EBFF10BD10B5034B012218685968FEF783
:100A500005FA10BD6400002010B5034B0022186891
:100A60005968FEF7FBF910BDB400002010B5034B28
:100A7000012218685968FEF7F1F910BDB400002092
:100A800010B5034B002218685968FEF7E7F910BD4E
:100A9000AC00002010B5034B012218685968FEF71E
:100AA000DDF910BDAC00002010B5034B0022186822
:100AB0005968FEF7D3F910BDA400002010B5034B10
:100AC000012218685968FEF7C9F910BDA40000207A
:100AD00010B5034B002218685968FEF7BFF910BD26
:100AE0009C00002010B5034B012218685968FEF7DE
:100AF000B5F910BD9C00002010B5FFF7ADFFFFF762
:100B0000BFFFFFF7D1FFFFF7E3FF10BD10B5FFF701
:100B1000ADFFFFF7BFFFFFF7D1FFFFF7E3FF10BD0A
:100B2000304B10B5186800225968FEF797F92E4B24
:100B3000002218685968FEF791F92C4B00221868BA
:100B40005968FEF78BF92A4B002218685968FEF79E
:100B500085F9284B002218685968FEF77FF9264B63
:100B6000002218685968FEF779F9244B00221868AA
:100B70005968FEF773F9224B002218685968FEF78E
:100B80006DF9204B002218685968FEF767F91E4B73
:100B9000002218685968FEF761F91C4B002218689A
:100BA0005968FEF75BF91A4B002218685968FEF77E
:100BB00055F9184B002218685968FEF74FF9164B83
:100BC000002218685968FEF749F9144B002218688A
:100BD0005968FEF743F9124B002218685968FEF76E
:100BE0003DF910BD34010020BC000020D4000020DD
:100BF0002C010020240100201C01002014010020F1
:100C0000FC000020E4000020F4000020EC000020A4
:100C1000DC00002004010020CC000020C4000020E3
:100C20000C01002010B5FFF77BFF074B012218686D
:100C30005968FEF713F9054B012218685968FEF749
:100C40000DF9FFF7FFFE10BD4C00002054000020FE
:100C500010B5FFF765FF034B002218685968FEF7CF
:100C6000FDF810BD4C000020304B10B51868002274
:100C70005968FEF7F3F82E4B012218685968FEF701
:100C8000EDF82C4B012218685968FEF7E7F82A4B5B
:100C9000012218685968FEF7E1F8284B012218680C
:100CA0005968FEF7DBF8264B012218685968FEF7F1
:100CB000D5F8244B012218685968FEF7CFF8224B6B
:100CC000012218685968FEF7C9F8204B01221868FC
:100CD0005968FEF7C3F81E4B012218685968FEF7E1
:100CE000BDF81C4B012218685968FEF7B7F81A4B7B
:100CF000012218685968FEF7B1F8184B01221868EC
:100D00005968FEF7ABF8164B012218685968FEF7D0
:100D1000A5F8144B002218685968FEF79FF8124B8B
:100D2000002218685968FEF799F810BD34010020B8
:100D3000BC000020D40000202C0100202401002051
:100D40001C01002014010020FC000020E400002011
:100D5000F4000020EC000020DC0000200401002052
:100D6000CC000020C40000200C01002010B50400BD
:100D7000002901D0FFF7D4FE601E0E280FD8F7F728
:100D8000C1F9080F11131517191B1D1F2123252742
:100D90002900114B186801225968FEF75FF810BD51
:100DA0000E4BF7E70E4BF5E70E4BF3E70E4BF1E773
:100DB0000E4BEFE70E4BEDE70E4BEBE70E4BE9E783
:100DC0000E4BE7E70E4BE5E70E4BE3E70E4BE1E793
:100DD0000E4BDFE70E4BDDE7BC000020D400002007
:100DE000140100202C010020E40000202401002038
:100DF000F4000020EC0000201C010020DC0000209A
:100E0000FC00002004010020CC000020C4000020D1
:100E10000C010020F7B50190FFF782FE284B294A0C
:100E20001B780B270092002B04D1274B1B78002B3B
:100E300000D0177800242600244D009B1B78A34285
:100E400000DCF7BDB742FCDD2A780134002A1CD053
:100E50002000A34200DAE01A019B002B01D00023FE
:100E60002B7002381A4B0C2809D8F7F74BF90710EA
:100E7000121416181A1C1E2022242600154B18685E
:100E800001225968FDF7EAFF01360135D5E7124B1B
:100E9000F5E7124BF3E7124BF1E7124BEFE7124B7A
:100EA000EDE7124BEBE7124BE9E7124BE7E7124B8A
:100EB000E5E7124BE3E7124BE1E7124BDFE7C046F1
:100EC0005963002041020020D8010020E1010020E8
:100ED000BC000020D4000020140100202C010020C0
:100EE000E400002024010020F4000020EC00002099
:100EF0001C010020DC000020FC0000200401002078
:100F0000CC000020C400002010B5FFF709FE034B01
:100F1000012218685968FDF7A1FF10BD34010020B7
:100F20000120704710B506F0B7FB162303600120BF
:100F3000404210BD10B506F0AFFB16230360FEE77C
:100F400070B50E0014000025A54201DB200070BD25
:100F500000E000BF70550135F6E770B50E001400D3
:100F60000025A54201DB200070BD705D00E000BFE0
:100F70000135F6E701204042704780239B010020A5
:100F80004B60704701207047002070470B490C4AA6
:100F90000300521A0B4910B50868002801D10A480D
:100FA00008600868C318934206D906F075FB0C2345
:100FB00003600120404210BD0B60FCE7000400000C
:100FC000009000204863002058690020704700000E
:100FD00070B5FDF73AFC0E4C0E4D20602B780F28B3
:100FE0000DD1002B01D10F2070BD0E20FDF7E4FACA
:100FF0000E2323602B78002BF5D02068F4E70E2811
:10100000F8D1002BEFD00130FDF7D6FA0F23F0E72F
:101010000C020020C16500200F2802DD024B187869
:101020007047024BC05CFBE7E00100209F65002099
:10103000144A30B514680F2C23DC134B1D78002D97
:1010400002D0092800DD0920104B1B78002B02D0AC
:101050000923082802DC031E00DC012311003431BF
:101060000978906B29400125082800DC00252942D9
:1010700004D0984202DD5168013151609363044A03
:10108000A35430BD800A00205A630020D9010020FB
:101090009F65002070B50400FDF786F8FDF742F863
:1010A000FDF7CAFB174B18491870184B1B78002B1B
:1010B00004D1174B1B78002B04D01649482220007E
:1010C00006F017FB144B1B78002B09D001221349A3
:1010D0000A70032B04D918001040134200D1087085
:1010E000FFF776FF0500FFF797FF01220C4B256005
:1010F0001A7000230B4AA0631370200023646364FA
:1011000070BDC046DA010020900100205963002024
:10111000D801002048010020B0650020C1650020F2
:10112000D90100205A630020F0B58E4B87B01F789C
:101130000193FDF765FB0B21F7F768F901238A4D51
:1011400005916B540B0006330393019B1A78039BA4
:101150009A4201DA9B1A03930121039B0291EB1837
:10116000013B1970002381499A4230DCFAF746FCB2
:1011700005F008FF00237E4E336473647D4B1B78BB
:101180000093002B31D0019B1A7833003C331B783D
:10119000002B27D133680133934200DD9B1A0122D3
:1011A0003360EB18013B1A70734A13680133136004
:1011B0006C4B714C1A7823689A4206D10D2200219B
:1011C000280006F001FA0023236007B0F0BDE85CB8
:1011D0000133002802D1C85C002801D0013FC3E7D9
:1011E0000293C1E7654B1B68D9E7654B1A78002A63
:1011F000DED0019B604C1B7862480099049301701B
:101200002368002F3BDD012F0FD1029A013332609A
:10121000AA18013A1770236000200122544B5A4942
:1012200018615961574B1A70C2E7022F28D101206B
:10123000029A564F3260AA18013A10701A182260AA
:101240004948009A04998A4204DB494B1B6C002BE5
:101250000DD1E1E7815C561C00290ED1B95C002953
:101260000BD1434902330E640121236081540020D5
:101270003F4B4749186159619AE73200E2E7009213
:10128000049A0499023A481E9A4205D1059B384AAD
:10129000013313602060BFE798420CD1344B039AAE
:1012A0001A60049B23603B4B1B78002BB4D00122B7
:1012B000394B1A70B0E705F095FE019B1F78390095
:1012C000F7F7A4F8284B5B5C002BF4D12F4B5B5C49
:1012D000002B02D0009B002BEDD04B1C3360012370
:1012E0006B54236801332360FB1A022B04DC244B6C
:1012F0001B78002BBBD0A8E705F074FE019B1F787C
:101300003900F7F783F8184B5B5C002BF4D11F4BC7
:101310005B5C002B02D0009B002BEDD04B1C336498
:1013200001236B54236801332360FB1A022BDEDD9B
:1013300005F058FE019B1978F7F768F80A4B5B5CDB
:10134000002BF5D1114B5B5C002B02D0009B002BD6
:10135000EED04B1C736401236B542368013323606C
:10136000C5E7C046410200205E6300206A6300209A
:10137000800A00205963002054630020506300203D
:10138000D80100205D630020000069406B630020ED
:10139000000054408C6700204C630020F7B5AA4C35
:1013A000002123003E331970012323630223FF33FE
:1013B000A38623000D223633A4481970A187216427
:1013C000616406F001F9A24B1D78002D00D17FE089
:1013D000A04B00221B78002B78D08023DB05A26174
:1013E000E36100229C4BA260E36000229B4B2261E0
:1013F000636100229A4BA262E36203236360994B0C
:1014000000221E685F68984B30003900F7F72EF80D
:10141000002801D00026944F944B1B780093002B9A
:1014200002D0934B1E685F68002230003900914B58
:10143000F9F7D4FC904A914BF9F7EAF902000B0056
:1014400000208F49F9F7CAFC00228E4B06000F00DE
:10145000F7F70CF8002801D000268A4F8A4B266245
:1014600067621B78002B51D0009B002B47D1874B24
:101470001A685B6800920193854A138801339BB216
:101480001380002D3ED0834B00221E685F68824B84
:1014900030003900F8F7BCF9804BA062E1621A68AD
:1014A0005B6830003900F8F7B3F9734A06000F00A3
:1014B00000980199714BF9F7ABF902000B0030006D
:1014C0003900F9F78BFC206261621FE0744B86E7FC
:1014D000744B1B78002B92D080230022DB05A26185
:1014E000E3610022704BA260E36000226F4B226137
:1014F000636100226E4BA262E36202237EE7002258
:101500000023B7E7674B1B78002BBCD1694B1B78D6
:10151000002B00D186E0002D00D17BE0FDF767F9BC
:10152000002803D0644B1B78002B06D0634B0722A6
:101530001D78002362499D4263DC0122424B186002
:10154000604BC254604A13680133136001215F4A43
:101550003D4B117003225A6000223F331A705C4BDE
:10156000394C1B78002B06D023003E331B78002B10
:1015700001D0012363602068FFF74EFD226B636892
:10158000A0639A4203D12300012236331A7023004C
:101590003C331B78002B14D14E4B1B78002B10D002
:1015A0004D490022086849684C4BF6F74BFF00286C
:1015B00007D0206A616A0022494BF8F729F92062B6
:1015C000616223003D331B78002B07D0206A616ADB
:1015D0000022434BF8F71CF920626162206A616ABD
:1015E0000022284BF6F742FF002803D00022254BAB
:1015F0002262636200223B4B1A703B4B01321A702D
:10160000F7BDCE5C5C1C964202DC2000CA5CD2B204
:10161000230090E7234B1B78002B00D196E7FFF7C0
:1016200083FD93E70223084CFF33E387FDF72AF994
:10163000224B01301B782060984201DDC01A2060E7
:10164000FFF772FD8BE7C046800A00205E63002032
:10165000596300204D6300200000594000004440C1
:1016600000908A403002002000488C40A066002094
:10167000E80A0020004085409A9999999999E93F94
:101680000060834000808640C7650020C865002058
:10169000806700201002002000206C4028020020FB
:1016A0000000F03FD801002000003E400000544000
:1016B00000E08540916700208867002041020020FB
:1016C000D40300205D63002054630020BD0A002085
:1016D000080200205B63002000000020000014408E
:1016E00000004940D90100205A63002010B50D22A6
:1016F0002821034805F068FFFCF736FD10BDC04601
:101700008563002010B568220021034805F05CFFC6
:10171000FCF78AFC10BDC0466864002010B5682440
:1017200022000021064805F04FFF22000021054855
:1017300005F04AFFFCF7A2FCFCF7CAFC10BDC0464E
:10174000006400209863002010B56822002103483F
:1017500005F03AFFFCF73EFC10BDC046D064002007
:1017600010B50D22FF21034805F02EFFFCF70CFDFC
:1017700010BDC0467863002010B50220FCF732FE91
:101780000222014B1A6010BDDC010020D0B506001A
:101790000F00054C60220549200005F003FF266676
:1017A0006766FCF76BFCD0BD006400200864002075
:1017B000D0B506000F00054C60220549200005F059
:1017C000F1FE26666766FCF783FCD0BD98630020B7
:1017D000A0630020F8B50C684D68066847682B00C8
:1017E000220030003900F6F72DFE03000120002B07
:1017F00008D12B00220030003900F6F737FE431ED7
:1018000098414042F8BD0000F0B5BF4B8FB01B7847
:10181000002B00D1CBE0BD4ABD4B116B18780139CC
:10182000BC4BC9005B18002800D12CE1BA490868FC
:10183000496818605960130035331B78002B02D1BA
:101840000121B64B1970130036331B78002B00D1E1
:10185000ADE0536800240293B14B00261B780027AB
:101860005A425341029A9B18043B1D000093A94B16
:101870000893029B9D4200DA0AE1AA4B002C00DC8F
:10188000C9E1002220001A70F9F710FF04900591B9
:1018900002000B0030003900F8F780FB002400251F
:1018A0000A900B91009E9B4F029B9E4200DA09E139
:1018B000049A059B20002900F8F770FB06F090FDC4
:1018C000002300260027049308900991914B0D9363
:1018D000009B029A934200DA66E10498F9F7E6FE6B
:1018E00002000B0030003900F8F758FB009001911E
:1018F000009A019B8C4C226063608C4B1D788C4B52
:101900001B785BB2022B00DDBCE10127894B1F7005
:10191000002D11D0884E894D3378002B00D198E1ED
:10192000009801990022864BF6F78CFD002800D123
:101930008FE100232F703370824B1B78002B36D041
:1019400020686168804B814D1A685B68F9F746FA38
:101950007F4B286069601B6800210C2B01DC0D3176
:10196000C91A00230D227B48FAF7F6FA6E4C266856
:10197000676832003B00F9F731FA00900191019B52
:10198000009A5B00100059080022734BF6F76EFDB9
:1019900000280CD00122714B1A70714B1E605F60E1
:1019A000694B186859686F4B206061601A706E4B04
:1019B0001B78002B00D12BE26C4B544C1B78002B76
:1019C0004FD16B4B1B78002B4BD06A4B1B78002BF5
:1019D00047D12268684B013AD2009B181E685F68A5
:1019E0000022002330003900F6F740FD002838D0EF
:1019F000624B1B8818000093F9F758FE00220290F2
:101A000003915F4B30003900F8F702FF02000B0032
:101A100002980399F6F716FD5A4D002807D00022C8
:101A200030003900584BF6F72BFD00280CD1009BF5
:101A3000042B00D94CE1002230003900534BF6F75B
:101A40001FFD002800D143E100222B6801332B60E9
:101A5000474B1A704E4B1A704E4A1388C8339BB2CC
:101A60001380484A1368042B00DC33E101214A4B00
:101A700000201970002300211360484B1860596042
:101A8000FFF740FE26E14648464918605960DAE60D
:101A9000089AEB009B181A685B68049205930498F7
:101AA00005993F4A3F4BF6F7CDFC002808D0049A31
:101AB000059B30003900F7F7ABFE06000F0001343C
:101AC0000135D6E6F300DB191A685B6808920993C2
:101AD00008980999324A334BF6F7B4FC002811D024
:101AE0000A9A0B9B08980999F9F778F902000B00FC
:101AF000F8F78EFE02000B0020002900F7F788FEA1
:101B000004000D000136CFE6D9010020800A002034
:101B1000F2030020F8650020C80A0020D2650020EA
:101B2000C1650020380200203002002058630020E8
:101B3000A4660020A2660020D8010020596300207E
:101B400000708740C7650020E80A0020C8650020B3
:101B5000D00A00209863002000002440A0660020E6
:101B600018020020A16600205A630020BC0A002051
:101B7000010400208C67002068640020520A0020C5
:101B80000000D03FB4650020000044400000344015
:101B9000000400207E670020D1650020C8030020DB
:101BA0000000C0FFFFFFDF41009B0D9ADB009B1888
:101BB0001C685D68C04A20002900C04BF6F742FC53
:101BC000002824D00A9A0B9B20002900F9F706F977
:101BD0004B005B0806900793069A079B08980999A3
:101BE000F6F74EFC002807D1069807990022B44B5F
:101BF000F6F728FC00280AD0049B30000133390096
:101C0000049322002B00F7F703FE06000F00009B51
:101C1000013300935CE6AB4A16685768AA4A12780B
:101C2000002A04D000221A700096019760E6012471
:101C30001C70A64B1A685B6800920193009801998A
:101C400000220023F6F712FC0028EDD0A04B1C70F8
:101C50004EE62B78002B00D16EE600980199002209
:101C60009C4BF6F70DFC002800D165E6002302200E
:101C700001222B70984B32701860984B1A70FCF749
:101C8000B1FB59E6964E3778002F00D1F6E0009868
:101C9000019900228F4BF6F7D5FB002810D08B4B13
:101CA0001A685B6800920193009801990022894BA1
:101CB000F6F7E6FB002803D0009A019B22606360E0
:101CC000002D00D0DDE0EEE0002F00D134E6EAE0A8
:101CD00000232B60834B844D1B780093002B60D135
:101CE000824B834F1B78002B04D1824B1B78002B37
:101CF00000D193E0804B1B78002B04D17F4B1B78E5
:101D0000002B00D086E07E4B1B78002B04D17D4B4E
:101D10001B78002B00D17DE07B497C4B086849682B
:101D20001A685B68F9F75AF802900391039B029ACC
:101D30005B0059081000764B0022F6F797FB6B49C1
:101D4000744A00280CD013687348013313600023D1
:101D5000037072480B7003889133FF339BB203808A
:101D60001368032B56DD01230B70002111606C4AB0
:101D70001370654B6B4A18685968236B013BDB0095
:101D8000FB18186059602368674C013BDB00D218D0
:101D900010605160E418654B1888F9F7B5FC2060B5
:101DA00061602B0036331B78002B31D02B003D3384
:101DB0001B78002B03D04A4B1B78002B5AD10024F0
:101DC0006B6804935A4B1B78A34201D1049B9C1E61
:101DD000002500260027464B0693049B9C422FDBE0
:101DE000002D47DD2800F9F761FC02000B003000F0
:101DF0003900F8F7D3F83D4B1B78002B08D0009B37
:101E0000002B05D10122414B18605960444B1A70D8
:101E10000FB0F0BD354B1B78002BAAD1002000215C
:101E2000236B254A013BDB00FF18244B3A607B60A3
:101E300022683D4B013AD2009B1818605960B0E708
:101E4000069AE3009B181A685B6802920393029853
:101E50000399194A194BF6F7F5FA002808D0029AA7
:101E6000039B30003900F7F7D3FC06000F00013563
:101E70000134B2E7244B18685968BCE7002D00D143
:101E80005AE52C4D2B78002B00D11DE720686168A6
:101E90000022104BF6F7F4FA002800D114E70123D2
:101EA000337000232B70244B1B78002B00D043E5AC
:101EB0000122224B1A703FE50000C0FFFFFFDF4107
:101EC00000002440F8010020B1650020E80A00204D
:101ED000A166002000708740DC0100205C630020C8
:101EE000D8010020BC0A0020800A00200104002044
:101EF000D8650020D00300208C670020D10300208B
:101F0000C7650020D3650020C80A002028020020F1
:101F100000004940B8650020000400207E670020D2
:101F2000B2650020D064002068640020520A0020BE
:101F3000080200205963002038020020A266002019
:101F40000020094B10B51C78084B844205D0187846
:101F50000130C0B2FF2800D102381870FCF733FB03
:101F60002000FCF722FB10BD38020020B0650020E5
:101F7000F0B57D4B7D4C1B7885B00E001700256BAE
:101F80000093002B00D123E1A068E1680022784B88
:101F9000F8F73EFCA269E369F7F73AFCF6F71AFB9B
:101FA000744B80B21880744B744A1B78744E032DA6
:101FB0001ED1002B0BD080210020C905A061E1615A
:101FC00000207049A060E16000206F4908703078FF
:101FD0001178002832D000295DD000206B49A06222
:101FE000E16200220220A91E88425241D1B228E0BB
:101FF000002B21D0052D0CD16549097849B205295E
:10200000E5D100206349644F2062616238607960E5
:10201000DDE7042DDBD0062D09D15D49097849B2F1
:102020000629D4D100205D4920616161CFE7032DED
:10203000CDDC002054490870012DC8DC117800293E
:10204000CFD1002B2DD13378002B19D0002917D0F8
:10205000A06AE16A0022524BF8F7DAFB514B1A688A
:102060005B68F7F7D5FB4C4B206261621E685F68C6
:1020700032003B00F6F7FAF9002801D026626762C9
:10208000230036331B78002B12D0FFF759FFFFF7E0
:1020900085F905B0F0BD002BD5D00022424BA262DD
:1020A000E36200220223023DAB425241D1B2CAE7B1
:1020B000FEF78EFF20603D4B1B78002B00D1A7E27E
:1020C0003B4B2A4D1B78002B00D1A1E22B000124B1
:1020D00035331C70002322001900FA202C63FCF712
:1020E000AAFA431E9841334A334B1278C0B2187093
:1020F000002A04D02A003E321178002912D11B7820
:102100000324002B0ED02B003C331B78002B09D06E
:102110002A4B1B78002B05D1294B07341B78002B49
:1021200000D0073C2B6B6C60A34200DA6CE201220A
:102130001F4B1A700D4C2068FEF76EFF1B4BA063FF
:102140001B78002BA5D01F4B1B78002BA1D0092892
:102150009FD11D4B1868A063FEF76AFF1B4A1388C6
:102160000A339BB2138094E7D9010020800A002033
:10217000000024407C670020D80100205963002023
:10218000D265002000003E40B165002000407F4045
:10219000A466002000509440F001002000C072406E
:1021A0000000E03FC80A002000E085405A6300209C
:1021B000B60A002008020020C46500208C670020B9
:1021C000F10A0020C3650020000200207E67002085
:1021D000C44B1B780393002B00D119E2C24B1B7830
:1021E000002B00D102E1A269E369A068E168F7F77A
:1021F0000FFBF6F7EFF9BD4B80B2188023000022E9
:1022000034331A7023003C331B78934200D100967C
:102210002368B74A013BD35CDBB2019323003D3313
:102220001B78002B0BD0009B002B00D0E3E0230099
:1022300036331B78002B00D0DDE0FEF775FFAD4B89
:102240001B78002B00D0F3E0009B002B14D0019BE7
:10225000032B00D9F4E0A44B1B78002B00D1E1E064
:10226000A549002208684968A44BF7F7D1FAA06293
:10227000E16201229F4B1A70A14CA24D2368042BEE
:1022800009DC2B780293002B05D1009B002B1DD07D
:10229000019B032B1AD8944B1B78002B00D1D4E060
:1022A0009949954B086849681A685B68F7F7B0FA6E
:1022B000964E306271620023954A2B702360954BD5
:1022C000106C516C18605960039B0293924B1B7801
:1022D000002B00D1EAE03B68052B03DC8F4B1B7819
:1022E000002B49D08E4B00221C685D688D4B20006E
:1022F0002900F6F7BBF8002801D00024894D002200
:1023000020002900884BF8F769FD884A884BF8F7C8
:102310007FFA02000B0000208649F8F75FFD0022DB
:10232000854B04000D00F6F7A1F8002801D0002429
:10233000814D6D4A754B12781C625D62002A00D196
:1023400089E000207D499862D9620023734A3B608E
:1023500013707B4B674D1B78002B02D02B78002B22
:102360000AD1784C2678F9F7E7FC0023764A2B70DF
:1023700013702670FBF7E4FF744B644C1B78002B42
:1023800071D0734B1B78002B6DD082232360002308
:102390000022236463640133A3876E4BA261E3616F
:1023A00000226D4B226163616C4B584C1B78002BF3
:1023B0000ED06B4B1B78002B0AD1029B002B07D051
:1023C000206A616A0022674BF7F722FA2062616295
:1023D000206A616A0022584BF6F748F8002800D1BD
:1023E00069E60022544B2262636264E6636C3F4AF2
:1023F0009BB2138002E72300012236331A70454B4B
:10240000414A1068516818605960FCF73BFA564A17
:10241000564B127801301860904200DC0FE7801AAA
:1024200018600CE7524B1B78002B00D018E720E710
:10243000009B002B00D11FE7019B032B00D81BE75B
:102440002F4A13680133136016E7494B1B78002BA2
:1024500000D025E72FE7464A1278002A00D174E71A
:10246000002044496FE7270026003C373D783E3680
:10247000002D00D18CE0FEF757FE00233B700133A6
:102480003370194B1B78002B1CD03B4B00221B7860
:10249000002B15D08023DB05A261E3610022374BBE
:1024A000A260E36000222C4B22616361274A344B17
:1024B00012781B78002A71D0002B00D074E77EE0E0
:1024C000304BE9E72A4B1B78002BEFD0802300220A
:1024D000DB05A261E36100222B4BA260E3600022D6
:1024E0002A4BE1E75A630020596300207C670020F3
:1024F000D4030020D36500201002002000206C408F
:10250000BC650020FA030020C80A0020800A0020D1
:10251000D809002028020020B60A0020D16500203A
:102520003002002000488C40004085409A999999DB
:102530009999E93F006083400080864000908A407E
:102540008C670020D1030020C7650020BD0A002051
:102550009167002000000840000044408B67002085
:10256000F00A002000004940410200205063002092
:10257000D801002000E085404D6300200000594054
:10258000BC0A00200000F03F00003E400000544024
:10259000FEF7CAFD01233D3433702570224A234BD8
:1025A0001278002A00D0FFE61A0036321278002A8C
:1025B00002D1196B022925D101223F331A701C4B1D
:1025C0001A4C1B78266A676A002B00D1ECE6194981
:1025D000002208684968184BF5F734FF002800D13D
:1025E000E2E6009B002B00D1DEE6019B032B00D925
:1025F000DAE6002230003900104BF7F709F92062C3
:102600006162D1E63F33D9E7002236352A7091E581
:102610000021064B0A4A11701A6B01321A635B687B
:102620009A4200DB83E585E5BC0A0020800A002091
:102630005B630020000000200000144000004940BF
:10264000B50A0020F0B5002604003500394F9FB0D0
:10265000F31904AA18685968B31818605960002261
:102660000023F5F7E9FE4342584108362D18682E3D
:10267000EED1002D42DD08222F4B0D2104A804F0DD
:1026800027FD6B10DA00ED073AD5130004AA9B185A
:102690001A685B68009201930099019A274B1960B0
:1026A0005A60002C2AD00025224B254C0393039B13
:1026B0000022EB181E685F68002330003900F5F730
:1026C000BBFE002814D10098019932003B00F8F7B6
:1026D00085FB22686368F7F79BF806000F00F8F7A0
:1026E000A9FFC317C018584014281EDC2660676075
:1026F00008350834682DDAD1FBF744FC1FB0F0BD73
:10270000013B04A9DB005B18190013000868496845
:1027100004AA9B181A685B68F7F77AF80022094B3D
:10272000F8F776F800900191B6E7002200232260C6
:102730006360DDE7D0640020D51701082002002087
:10274000386500200000E03FF0B585B00400FEF7DA
:10275000DDF9FEF7D9FB0A2002F02EFA022C1CD17B
:10276000FEF7CAF9FA20800002F026FAF9F750F9CC
:10277000002704001B4EFA2120008900F5F760FDB8
:10278000BB1BD917184D194A5B184B402880138082
:10279000FEF7C6F9200005B0F0BDFA23002400259D
:1027A00000279B000F4E0193F9F728F9C3170290F9
:1027B0000393029A039BA4185D41864200DD060044
:1027C000874200DA0700019B013B0193002BEBD10C
:1027D000FA222000002329009200F5F795FE04005C
:1027E000C9E7C046FFFFFF005A6600205866002078
:1027F000F0B5012700253E0097B003900C22574901
:1028000007A804F076FF0AAB01930097ACB2200052
:10281000C53080B2FCF792F9019B18702000D130CE
:1028200080B2FCF78BF9242204AB15349B18FF34DB
:1028300058550290A0B2FCF781F9019A02991278DA
:1028400010ABE854914200D081E0029A904207D048
:102850000026370004E00026029A00968242F8D152
:10286000019A0135013201920C2DCFD1242104AA05
:10287000521812781B780AAD13402A7813ACFF2A3D
:1028800006D0FF2B06D12800FBF7C1FA002701E094
:10289000FF2B55D0009B002B56D1002E54D1002F7A
:1028A00052D00DAB23CB23C40398F8F7FFFE0022D0
:1028B0002B4BF8F793FA00222A4BF7F76FFB040033
:1028C0000D00139B04A80493149B04210593159BEE
:1028D000069301F045FA05A8042101F041FA06A883
:1028E000042101F03DFA22002B0020002900F7F717
:1028F0008FFF060004980F00F8F72AFF02000B0074
:1029000030003900F7F784FF060005980F00F8F74C
:102910001FFF22002B00F7F77BFF02000B003000A7
:102920003900F6F775FF040006980D00F8F710FF60
:1029300002000B0020002900F6F76AFF17B0F0BD77
:1029400007AD2800FBF763FA07CD07C4ACE7904258
:1029500000D080E700221700009281E7008D010877
:1029600030C0594180F1FAC0F8B505235B425843A5
:10297000F8F79CFE0022264BF7F74AFF0022254C71
:10298000254B20606160A260E36000228025234B1C
:102990002D0622616361A668E76822696369791977
:1029A0003000F7F7FBFAA061E16120686168A26975
:1029B000E369F7F7F3FA20626162194A206A616AF3
:1029C000184BF8F70BFA184A184BF7F7E7FAA0621A
:1029D000E1620022A06AE16A154BF7F7DFFA05F021
:1029E000C9FC144A144BF6F713FF02000B00002039
:1029F0001249F7F7D3FA20636163114A206B616BC8
:102A0000104BF8F7EBF9A063E163A06BE16BF8BD45
:102A10000000703E6066002000230E4160301F41C0
:102A2000FCA9F1D24D62E03F1AB5F2C8C588DF3E7D
:102A3000006AF840F86F702FADFA2B40004BB040A1
:102A4000666666666612714001220021044B1A70A8
:102A50005A709A709971D97019715A717047C0463D
:102A6000C066002070B5FFF7EFFF494B494C1B785B
:102A7000002B00D189E0484B1B78002B00D184E06B
:102A80000323002500222381444BA381444B65810D
:102A9000E58125826582A582E58225836583A583FC
:102AA00022626362A262E36200223E4B226363639E
:102AB00000223D4BA263E36300223C4B226463642B
:102AC00000223B4BA264E36400223A4B226563651B
:102AD00000220023A265E36522666366A266E366C0
:102AE00022676367230078331D8023007A331D80BB
:102AF00023007C331D80230022007E331D800123B0
:102B000080321370220081321370220082321570DD
:102B1000220083321370284A1570284A1570284AFB
:102B20001370284B1D70284B1D70284B1D60FBF740
:102B300095FE274B1870274B1D70274B1D70274B98
:102B40001D70274B1D70274B1D70274B1D70274B89
:102B50001D70274B1D70274B1D70230088331D608F
:102B600023008C331D6023009A3498331D80258008
:102B7000FDF7CCFF204B214819685A68FAF7BEF8D8
:102B8000F8F720FFFDF7CCFF70BD052379E7C046BD
:102B90004D630020C06600205963002024F4FFFF2D
:102BA00000F8914000E0854000207C400000544047
:102BB000000044400000F03FA4660020A36600200F
:102BC0004002002090670020F20A00205463002099
:102BD000B0650020D0650020B1650020D3650020DD
:102BE000D2650020C2650020C3650020A1660020D8
:102BF000A2660020A066002034000020A866002005
:102C000010B5144C6378002B14D0FCF735FD102060
:102C1000FCF7D6FCE18A102089B2FCF7F3FC102007
:102C20000021FCF70BFDFCF725FD0023102063704D
:102C3000FCF7A0FCF8F7FCFE22002300001280B293
:102C40008432108088339A341968238812885B0094
:102C5000CA5210BDC066002070B5204CA378002B6E
:102C600014D0FCF709FD1120FCF7AAFC218B1120E0
:102C700089B2FCF7C7FC11200021FCF7DFFCFCF750
:102C8000F9FC00231120A370FCF774FCF8F7D0FEC8
:102C90002300220025000012843380B218809A3568
:102CA0008C3211682A8818885200885218882300AC
:102CB00088331A682B8890345B009B5A2668C01AA8
:102CC000C317C0185840F6F70DFD2C88A4003051EA
:102CD0002B8801339BB22B8070BDC046C06600209C
:102CE00010B5FCF7C9FC0620FCF744FCFCF7C2FC5D
:102CF0000122024B9A7100225A8110BDC066002049
:102D000010B5FCF7B9FC0720FCF734FC0E20FCF7EB
:102D100031FC1020FCF72EFC1120FCF72BFCFCF7FB
:102D2000A9FC0122014BDA7010BDC046C06600202C
:102D3000F8B502000B0000201F49F7F72FF9F8F74C
:102D400079FC0500F8F7B2FC02000B0006000F004A
:102D5000F6F75EFDF5F73EFC184C80B2E081E389A2
:102D6000A8B29BB22382E3899BB26382ABB2A382F7
:102D7000E3899BB2E382E3899BB22383F8F796FC55
:102D80000F4A104BF7F744FDF5F724FC0C4A0D4BA6
:102D900085B239003000F7F73BFDF5F71BFC80B238
:102DA000F8F784FC32003B00F6F732FDF5F712FC31
:102DB00080B26583A083F8BD8084EE40C0660020A9
:102DC0005C8FC2F5285CEF3F10B5174CE378002B01
:102DD00001D1FFF795FFFCF74FFC218A072089B24C
:102DE000FCF710FCA18A0E2089B2FCF70BFC618B6A
:102DF000102089B2FCF706FCA18B112089B2FCF7E8
:102E000001FC00210720FCF719FC00210E20FCF733
:102E100015FC00211020FCF711FC00211120FCF70B
:102E20000DFCFCF727FC10BDC066002010B50C4C53
:102E3000638901339BB26381628923899A4203D2F9
:102E4000084B1B78002B0AD1FCF716FC0620FCF778
:102E5000B7FBFCF70FFC0023A371FFF7B5FF10BD14
:102E6000C066002040020020014B1879C0B27047B4
:102E7000C066002010B5154B154C186A596A2062BF
:102E80006162986AD96A20636163186959699A69AD
:102E9000DB692064616422656365206A616A226B74
:102EA000636BF7F79BFFA063E163206A616A226DA1
:102EB000636DF6F7ADFCA062E1620022206C616CEC
:102EC000044BF7F7A5FCA064E16410BD800A002064
:102ED000C06600200000E03F10B5104C10492300F0
:102EE000783308881A88904207D01A880D4892B221
:102EF0000A80198889B2F9F72FFF22007A347E32CE
:102F000011882388994207D0238806489BB21380F2
:102F1000218889B2F9F730FF10BDC046C066002095
:102F20003C670020A86600200022F8B5644B654C81
:102F30001A8023007A331A80FFF7CEFFFDF782FD57
:102F4000614B624D1F78624E002F2BD02B00363321
:102F50001878FDF75FFF3378002B4DD0A26AE36A43
:102F6000A265E3650022A06DE16D5A4BF7F750FCB6
:102F7000F5F730FB230080B278331880002200235D
:102F800022666366230000227A331A80FFF7A4FFCB
:102F9000A86B09284ED8F5F7B5F84B62676C7176C7
:102FA0007B8289904C4B1B78002B13D02868012121
:102FB000C0B2FDF7DBFE286C002803D03900C0B298
:102FC000FDF7D4FE686C0028C5D00021C0B2FDF723
:102FD000CDFEC0E73378002BD8D0404B1F78002FB0
:102FE00006D101210F20FDF7C1FE39000E20EEE7CA
:102FF00028680121C0B2EAE7374A1278002AC5D012
:10300000002000212200A065E16578321380A26AC9
:10301000E36A226663662F4B0022206E616EF7F72B
:10302000F7FBF5F7D7FA230080B27A331880ADE7C3
:10303000FDF76CFDA379002B01D1FFF751FEFCF7E2
:103040001BFBA189062089B2FCF7DCFA00210620CF
:10305000FCF7F4FAFCF70EFB01232371F8BDFDF732
:1030600055FDFDF7F9FCE5E7FDF750FDFDF708FD1F
:10307000E0E7FDF74BFDFDF7EFFCF7E7FDF746FD59
:10308000FDF712FDD6E7FDF741FDFDF7F9FCF7E787
:10309000FDF73CFDFDF7E0FCFDF71AFDCAE7FDF783
:1030A00035FDFDF7D9FCFDF7EBFCF5E7FDF72EFD4F
:1030B000FDF7D2FCFDF7F8FCEEE7FDF71DFDB9E7E3
:1030C00038670020C0660020BC0A0020800A00206B
:1030D000D901002000403A405A630020C165002019
:1030E00010B5FCF7C9FA00210620FCF7A7FA002169
:1030F0000720FCF7A3FA00210E20FCF79FFA00211D
:103100001020FCF79BFA00211120FCF797FA06200B
:10311000FCF756FA0720FCF753FA0E20FCF750FA9A
:103120001020FCF74DFA1120FCF74AFAFCF7A2FA3E
:10313000FFF78AFCFDF7EAFC0022034B1A80034BE1
:103140001A80FFF7C9FE10BD386700203A670020DB
:10315000F8B5914C6379DFB2002B00D1D8E000279D
:103160006771A06AE16A226D636DF7F737FE23008D
:10317000A062E1629433A06AE16A1E6823009A3378
:103180001D88F8F72DFBAD007051A06AE16AA26BB3
:10319000E36B2500F5F760F901268335B84200D1CD
:1031A0008EE0230082331E70A06AE16AA26BE36B9B
:1031B000F5F748F9B84200D182E0FFF791FF774B6D
:1031C0002F701B78BB421AD0754B1B78BB4216D0B0
:1031D00000220023A265E365230078331F80FFF7F8
:1031E0007BFE704B1B78BB4200D167E06E4B1B78B7
:1031F000BB4200D162E0FA20400001F0DDFC052076
:1032000001F0DAFCFDF78CFC230083331B78002BE4
:1032100027D0664B1B78002B23D0A06AE16A226A74
:10322000636A2500F5F708F97A3500284AD0A06AC4
:10323000E16AA26CE36CF6F7EBFAA065E1650022A7
:10324000A06DE16D5A4BF7F7E3FAF5F7C3F92300E8
:1032500080B2783318800022002322666366002340
:103260002B80230083331B78002B26D04B4B1B78FD
:10327000002B22D0A06AE16A226A636A2500F5F772
:10328000DBF87835002830D000220023A265E36502
:1032900000232B80A06AE16AA26CE36CF6F7B8FA0F
:1032A000206661660022206E616E414BF7F7B0FA2E
:1032B000F5F790F97A3480B22080F8BD3D489CE75C
:1032C0002E70A1E7206E616E226D636DF6F7A0FA95
:1032D000206661660022206E616E354BF7F798FA22
:1032E000F5F778F980B22880BBE7A06DE16D226D1B
:1032F000636DF6F78DFAA065E165A06DE16D0022C2
:103300002B4BF7F785FAF5F765F980B22880D4E7FB
:1033100001236371254B1E78002E1CD0A06AE16A40
:10332000226A636A2500F5F787F87A35002809D004
:10333000230080331F70226C636C22676367206FE9
:10334000616FDCE7206F616F226D636DF6F760FAE5
:1033500020676167F3E7114B1B78002BADD0A06AA3
:10336000E16A226A636A2500F5F766F87835002875
:1033700009D0230080331E70226C636CA266E36662
:10338000A06EE16EBBE7A06EE16E226D636DF6F795
:103390003FFAA066E166F3E7C06600205A630020AA
:1033A000B60A00204D63002059630020D901002097
:1033B00000403A40C4090000054B10B51B78002BB3
:1033C00001D1FFF78DFEFFF7C3FEFFF785FD10BDAE
:1033D0004002002010B50F4C2378002B14D0FCF7CE
:1033E0004BF90E20FCF7ECF8618A0E2089B2FCF74D
:1033F00009F90E200021FCF721F9FCF73BF9002325
:103400000E202370FCF7B6F8FFF7A2FEFFF764FD6D
:1034100010BDC046C066002070B5040004A8058831
:10342000094E0A48346004008C3421600100903158
:103430000A60020094321360030098331D80002359
:103440009A30038070BDC04648670020C0660020E7
:10345000F8B51D4B1C78002C2AD01C4B64241B781B
:10346000002B00D1503C1A4F012238687968FBF7D5
:10347000F5FC184E012230687168FBF7EFFC164D21
:10348000002228686968FBF7E9FC200001F094FB42
:10349000386801227968FBF7E1FC30680022716826
:1034A000FBF7DCFC286800226968FBF7D7FCF8BD55
:1034B0000A4B1B78002BD6D0044B64241B78002BBE
:1034C000D1D0FA24A400CEE75963002091670020F0
:1034D00064000020740000205C000020D80100205F
:1034E0001C4BD0B51A6806000F00012A00D01B68DB
:1034F000FDF7BAFB184C00212000F9F72DFC002243
:10350000164B30003900F6F783F9154B0022F7F718
:103510007FF9F5F75FF881B22000F9F72DFC11482B
:1035200001F04AFB00212000F9F716FC00212000E1
:10353000F9F722FCFDF7F4FA0B4B1B78002B07D0B0
:1035400001220A4BF5201A701978C9B2FBF714FB57
:10355000D0BDC0463C020020A866002000206C4080
:1035600000403A40B80B0000C6650020C565002049
:10357000F0B5444B87B01E78002E00D078E0424A68
:103580001278002A00D077E016000192FDF74EFA7B
:10359000F8F718FA3D4A3E4B0092196800985A68AD
:1035A000F9F7ACFBFDF73EFB00210098F9F7D4FBDF
:1035B000FA2700210098F9F7DFFB002400257F009F
:1035C000F8F71CFAC31702900393013F029A039B7A
:1035D000A4185D41002FF3D1FA22002352002000ED
:1035E0002900F4F791FF310005000098F9F7B4FBCA
:1035F000FA2401990098F9F7BFFB00260027640020
:10360000F8F7FCF9C31704900593013C049A059B55
:10361000B6185F41002CF3D121000098F9F79CFB0C
:1036200021000098F9F7A8FBFDF712FBFA204000F3
:1036300001F0C2FAFA220023520030003900F4F7F8
:1036400063FF451BEB17ED185D402800F8F72EF8D7
:103650000022104BF6F7A2FCF4F7BCFF0E4E0F4A07
:103660000F4B3060954209DD0120187007B0F0BDA6
:1036700000230C4E019389E70A4BFBE702201C70E4
:10368000F4E7C046D90100205A630020A866002054
:103690003400002000408F40846700201027000085
:1036A0008F67002045330000282210B5002105480F
:1036B00003F08AFF0022044BDA725A715A729A722E
:1036C00010BDC04695670020BC050020F8B5050078
:1036D0000024FBF771FE80260227285DFBF776FEAB
:1036E000002C05D10E4B220018685968FBF7B6FB79
:1036F0000C4B9A683242FCD09A683A42FCD09A68E5
:103700003242FCD1002C07D1054B012218685968C0
:10371000FBF7A4FB0134E0E701340C2CDDD1F8BD4C
:103720009400002000300140F0B589B0029203936C
:10373000029B01901800039B00225B0059082F4B4D
:10374000F7F766F8002300220692079306AA040002
:103750000D0003F0D7FF2A4A2A4BF4F787FE002812
:1037600007D0069807990022274BF6F751F8040076
:103770000D0029002000F7F75DFF0A210600F4F78D
:103780005FFD6421C4B23000F4F75AFD0A27FA2124
:10379000C3B204937B43E31A7C431B01341B1C1903
:1037A000E3B2890030000593F4F74AFD1749C5B22A
:1037B0003000F4F745FD3B00C4B26343EB1A7D4390
:1037C000049A1B01551B124930005D19F4F738FDAE
:1037D000474302980399E41B00220023EDB2E4B2B0
:1037E000F4F730FE002801D0103CE4B2019B059AAA
:1037F0005D709A701C7009B0F0BDC0460000244096
:10380000CDCCCCCCCCCCEC3F0000F03F102700005E
:10381000A0860100F0B51C0085B063000190590836
:103820001000234B0022F6F7F3FF00230022029240
:10383000039302AA04000D0003F064FF1D4A1E4B0F
:10384000F4F714FE002807D00298039900221B4BBE
:10385000F5F7DEFF04000D0029002000F7F7EAFE6F
:103860000A210500F4F7ECFC0A27C4B26421280001
:10387000F4F7E6FC3B00FA21C6B27343E31A7C433B
:103880001B012C1B1C19019B28005C708900F4F79C
:10389000D7FC0B49C4B22800F4F7D2FC7843674345
:1038A000201A019BF61B00018019187005B0F0BDAD
:1038B00000002440CDCCCCCCCCCCEC3F0000F03F81
:1038C00010270000F0B58BB0039310AB029204CB2D
:1038D00007AC1F8812AB1B78009001910492002165
:1038E0000C222000059303F06FFE7BBA200063805A
:1038F0000025FFF7EBFE07ACAF4218DC0C220021DD
:10390000200003F061FE059A2B23002A00D0043327
:103910002000E37023716371FFF7D8FE174B18681E
:103920005968FBF7A0FA0028F8D10BB0F0BDF023DE
:103930002370049BAE009859F7F70AFF0B0006A905
:103940000200481DFFF7F0FE009B6A009B5A0135FC
:103950005BBAA380019B9B5A5BBAE380029B985998
:10396000F4F720FE039B40BA20819859F4F71AFE21
:1039700040BA60812000FFF7A9FEBCE78C00002060
:1039800070B50024044D2E78285DFBF7FDFC230064
:1039900001349E42F8DA70BD9567002070B50E4C78
:1039A0000E4DE37928000233DBB22372E3792B70EA
:1039B000E179E679C9B2F9F77DF9F6B2A855E67969
:1039C000F9F780F9F6B2AE197070217A2800C9B201
:1039D000FBF7E6FC70BDC046BC050020BD670020BB
:1039E00010B50B4A0B4B5178597091789970D27879
:1039F000DA7053221A7101325A71073A9A714C3AAD
:103A0000DA71054B0732DA71FFF7C8FF10BDC04607
:103A100095670020BD670020BC0500200C22064BE6
:103A200010B506485A70FAF740FD0822044BDA71C7
:103A3000FFF7B4FF10BDC046BD670020BF67002080
:103A4000BC0500200722064B10B506485A70FAF74D
:103A50000FFA1222044BDA71FFF7A0FF10BDC04627
:103A6000BD670020BF670020BC0500200822064B70
:103A700010B506485A70FAF73DFA1222044BDA7173
:103A8000FFF78CFF10BDC046BD670020BF67002058
:103A9000BC05002013226F210D4B10B55A702E3239
:103AA0009A700D32DA700C3A1A7111325A71123260
:103AB0009A710932DA715972053203311A72DA7267
:103AC0009972044B673ADA71FFF768FF10BDC04680
:103AD000BD670020BC050020052310B5054C6370B0
:103AE000FAF7D5FD0322044BA070DA71FFF756FFF9
:103AF00010BDC046BD670020BC0500202E2310B5B8
:103B0000054C6370FAF7B4FE0322044BA070DA711F
:103B1000FFF744FF10BDC046BD670020BC05002074
:103B20000B2310B5054C6370FAF7C9FD0322044B53
:103B3000A070DA71FFF732FF10BDC046BD670020EC
:103B4000BC050020062310B5054C6370FAF7AFFDE5
:103B50000322044BA070DA71FFF720FF10BDC046AE
:103B6000BD670020BC0500200A2310B5064C637019
:103B7000FAF740F90422030AA370044BE070DA71EB
:103B8000FFF70CFF10BDC046BD670020BC0500203C
:103B9000092310B5054C6370FAF781FD0322044B2D
:103BA000A070DA71FFF7FAFE10BDC046BD670020B5
:103BB000BC0500201FB514230F4C0F2268460F4987
:103BC000637003F096FD002202236946895C0800B9
:103BD00020385E2801D8E154013301320F2AF4D194
:103BE000102B02DC023AE2540133054ADBB2D371F6
:103BF000FFF7D4FE1FBDC046BD670020288E010818
:103C0000BC050020152310B5054C6370FAF7A3F925
:103C10000322044BA070DA71FFF7C0FE10BDC0464E
:103C2000BD670020BC05002010B5024B9878FAF75C
:103C30008BF910BD956700200D2310B5064C6370FD
:103C4000FAF74DFDA070FAF752FD0422034BE07025
:103C5000DA71FFF7A3FE10BDBD670020BC05002090
:103C60001B2310B5054C6370FAF731FD0322044B9A
:103C7000A070DA71FFF792FE10BDC046BD6700204C
:103C8000BC050020172310B5054C6370FAF71EFE23
:103C90000322044BA070DA71FFF780FE10BDC0460E
:103CA000BD670020BC0500200222054B10B55A70EC
:103CB00000229A70034B0332DA71FFF76FFE10BDDA
:103CC000BD670020BC050020122310B5094C6370AD
:103CD000FAF7D5FC084BA070012805D1187403220F
:103CE000DA71FFF75BFE10BD0228F8D100221A74CA
:103CF000F5E7C046BD670020BC0500201D2310B5B8
:103D0000094C6370FAF733F9084BA070012805D10C
:103D100058740322DA71FFF741FE10BD0228F8D172
:103D200000225A74F5E7C046BD670020BC0500209C
:103D300070B518220125054B054C9D705A70032360
:103D4000E371FFF72BFE257170BDC046BD670020F3
:103D5000BC050020014B18607047C0460068002079
:103D6000002370B5CA0F521852100139934200DB7C
:103D700070BDCC1A065DC55CC65401330555DBB277
:103D8000F4E710B50B0A017043700B0C090EC170FB
:103D900083700421FFF7E4FF10BD00003E23F0B55F
:103DA0008E4F85B0FB71FB798D4C237016236370A9
:103DB0008C4B1D682B782E00A3702B0038331B789A
:103DC0006A781B019B18E3702B0080331A685B68CC
:103DD00000920193009801990022834BF4F72CFB89
:103DE0003936002803D13378022B00D8D4E042239F
:103DF0002371853363713833A371823BE371286982
:103E00006969F7F7EDFC794B011C1800FFF7B9FF62
:103E1000286A696A764B1B780093002B00D1C5E0B5
:103E200042232373853363733833A373823BE37375
:103E3000009B286B696B002B00D1BFE042232374E9
:103E4000853363743833A374823BE374337803AEF1
:103E500023752B003A331B7863752B003B331B789B
:103E6000A3752B00883318685968F4F7B3FB80B248
:103E7000030AE37520762A6C6B6C3000FFF7CAFCEE
:103E80002800338848305BBA72780380594B317808
:103E90001888A276617680B2F7F736FC02000B0034
:103EA0003000FFF7B7FC2800338858305BBA7278CF
:103EB0000380514B3178300022771A685B68E176D5
:103EC000FFF7A8FC2800338868305BBA7278317835
:103ED00003804A4B6177A27718685968286669663B
:103EE000F4F778FB2A0080B2030AE377631CD877E3
:103EF000434B70321B889BB21380190AA21CD177E6
:103F0000E21CD3772B002A0072331B887432190A03
:103F10001380221DD177621DD3773A4B1868F4F7CE
:103F200041FB2B0080B278331880020AA31DDA7798
:103F3000E31DD8772B002A007A331B887C3213804C
:103F40002200190A0832D1772200283213702B0080
:103F500022007E331B7829321370009BA86AE96A1D
:103F6000002B33D0230042222A331A7023008532DB
:103F70002B331A70230038322C331A707D232D34E2
:103F800023707F35FA79204B2978D154FFF706FD4D
:103F900000233B7105B0F0BD00980199F7F720FCB4
:103FA0001A4B011C1800FFF7ECFE28E7F7F718FC86
:103FB000174B011C1800FFF7E4FE39E7F7F710FC78
:103FC000144B011C1800FFF7DCFE3FE7F7F708FC75
:103FD000114B011C1800FFF7D4FED2E7BC050020EE
:103FE000BD6700200068002000002E40C56700204B
:103FF000646700207C670020300200201802002047
:104000007E67002070670020BC670020C167002029
:10401000C9670020CD670020E7670020014B1879B1
:10402000C0B27047BC05002010B5054B9878012838
:1040300002D1F9F773FE01E00228FAD010BDC046A4
:104040009567002010B5044B9878431E072B01D8C4
:10405000F9F76AFE10BDC0469567002010B5054B04
:104060009878092803D80020F9F764FE01E0F028C9
:10407000FAD910BD9567002010B5034BD978987810
:10408000F9F7AAFE10BDC0469567002010B502489A
:10409000FAF7F5F910BDC0469767002010B5054B3B
:1040A0009878012802D1F9F757FE01E00228FAD0EA
:1040B00010BDC0469567002010B5044BDC78987899
:1040C000F9F750FE2000F9F753FE10BD9567002068
:1040D00010B5024B9878FAF761F910BD956700208A
:1040E00010B5024B9878FAF761F910BD956700207A
:1040F00010B5024B9878FAF760F910BD956700206B
:1041000010B5024B9878FAF75FF910BD956700205B
:1041100010B5024B9878FAF75EF910BD956700204C
:1041200010B50248F9F773FE10BDC046976700202E
:1041300010B50248F9F77EFE10BDC0469767002013
:1041400010B50248F9F7B8FE10BDC04697670020C9
:1041500010B5F9F70CFF044B012801D1587410BDBC
:1041600000225A74FBE7C046BC05002010B5064B80
:104170009878012802D1F9F7E1FE01E00228FAD08F
:10418000FFF7E6FF10BDC0469567002010B5084B4D
:104190009C782000FAF7F4F8012C03D10B22054B90
:1041A0001A7010BD022CFCD10D22024BF8E7C0465C
:1041B000956700204102002010B5024B9878FAF76D
:1041C000E6F810BD956700201E2310B5054C6370FE
:1041D000FAF732FB0322044BA070DA71FFF7DEFB23
:1041E00010BDC046BD670020BC0500202F2310B5C0
:1041F000054C6370FAF798FA0322044BA070DA7149
:10420000FFF7CCFB10BDC046BD670020BC050020F9
:10421000094B10B518695969F7F7E2FA074B011C09
:104220001800FFF7AEFD1022054B5A70054B0A3AF5
:10423000DA71FFF7B3FB10BDD8090020BF6700207B
:10424000BD670020BC050020262010B5FF30FAF71E
:1042500075FC0400FEF778FA022C07D1FEF784FB08
:10426000044B18615961F7F7BBFA10BDFEF7C0FAAD
:10427000F6E7C046D8090020112310B5064C63703C
:10428000FFF776F90322054BA070DA71FFF786FB82
:104290000122034B1A7010BDBD670020BC05002031
:1042A0009067002030B585B06846FAF7A3F900237F
:1042B00001211A0015486C46E55CC45CA54200D09B
:1042C0000A0001330E2BF6D100239A4202D0FAF7EE
:1042D0009EF9FF230E4C3322A370D020FF2362707F
:1042E00000211A004000FAF7A6F9FF23E070A2208F
:1042F0001A000021FF30FAF79EF90522054B2071C4
:10430000DA71FFF74BFB05B030BDC046288E0108BF
:10431000BD670020BC050020342310B5054C637038
:10432000FAF70AFA0322044BA070DA71FFF736FBA2
:1043300010BDC046BD670020BC050020362310B567
:10434000054C6370FAF702FA0322044BA070DA718D
:10435000FFF724FB10BDC046BD670020BC05002050
:10436000372310B5054C6370FAF7F9F90322044BB3
:10437000A070DA71FFF712FB10BDC046BD670020C8
:10438000BC050020382310B5054C6370FAF7F0F92E
:104390000322044BA070DA71FFF700FB10BDC0468A
:1043A000BD670020BC050020392310B5054C6370A3
:1043B000FAF7E7F90322044BA070DA71FFF7EEFA7F
:1043C00010BDC046BD670020BC050020F8B5AE4D4D
:1043D000AE4C2B78280063716B786372637902337B
:1043E000DBB2A37163796179EE5CC9B2F8F762FC64
:1043F000864206D16379EB185E78F8F763FC864253
:1044000002D0FFF751F9F8BD6379052B13D1637A18
:10441000412B10D16B78412B0DD1AB784E2B0AD1AB
:10442000EB78422B07D12B790D2B04D10122984B2D
:104430001A70FFF7D5FA627AD3B2012A00D08CE065
:10444000AA78A272A17ACAB2012914D1914B1A702A
:10445000914B1A70914B1A70A37A052B2AD1904A6E
:10446000043B13708F4A13708F4A13708B4A13707A
:10447000FFF786FAC5E7A27A032A03D1854A1370AB
:104480008A4A05E0A27A022A05D1824A1370854A37
:104490001370854A05E0A27A042A06D1804A137077
:1044A0007D4A13707D4A1370D6E7A27A062AD3D1CB
:1044B0007B4AE4E7A37A812B05D1764B01221A705F
:1044C000754B1A70D4E7A37A832B06D1714A823BCD
:1044D0001370764A1370744AC9E7A37A822B04D109
:1044E0006C4A813B13706F4AF4E7A37A842B01D1A5
:1044F0006B4BE3E7A37A862B02D1694A853BE7E75A
:10450000A37A852B02D1664A843BEBE7A37A072B7B
:1045100002D0A37A082B0ED10124654B1C70FAF748
:1045200027F95F4BA04200D05A4B1C705A4B1C70AD
:104530005A4B1C709CE7A37A872B02D0A37A882B56
:1045400096D101245A4B1C70FAF712F9544BA04231
:1045500000D0504B1C70504BEBE7637A022B03D119
:10456000544B00221A704CE7637A2E2B08D1A37AA1
:10457000002B02D0A878FAF72DF8FFF7BFFA40E732
:10458000637A052B0AD1AB78A372A37A002B02D1F0
:10459000FFF7A2FA35E7FFF755FDF9E7637A062B37
:1045A0000BD1AB78A372A37A002B03D0A07AC0B250
:1045B000F9F7C6FBFFF7C6FA23E7637A072B12D198
:1045C000AB78A3726379032B06D1A37A002B00D0BA
:1045D00017E7FFF737FA14E76379122B00D910E7D2
:1045E000FFF7A6FDF5E7637A082B12D1AB78A3722B
:1045F0006379032B06D1A37A002B00D001E7FFF7E4
:1046000035FAFEE66379122B00D9FAE6FFF798FD3A
:10461000F5E7637A092B0AD1AB78A372A37A002B52
:1046200002D1FFF7B5FAECE6FFF718FDF9E7637A78
:104630000A2B12D1AB78A3726379032B06D1A37A2C
:10464000002B00D0DDE6FFF78FFADAE66379042B62
:1046500000D0D6E6FFF710FDF5E7637A0B2B2BD1E0
:10466000AB78A372A37A002B0AD0A37AD8B2012B1D
:1046700002D1F9F76BFB03E0A37AD8B2022BF8D092
:10468000FFF74EFABDE6C04695670020BC05002046
:104690003D010020946700208D670020886700207E
:1046A000936700208B670020896700208A670020BD
:1046B0009267002040020020637A0C2B12D1AB7865
:1046C000A3726379032B06D1A37A002B00D098E65E
:1046D000FFF7A4F995E66379082B00D091E6FFF780
:1046E000D5FCF5E7637A0D2B10D1AB78A372A37AD2
:1046F000002B04D0A37A012B04D1FFF7DDFCFFF7D8
:104700009BFA7EE6A37A022BF9D1F6E7637A0E2BA9
:1047100003D1AB78A372A37A73E6637A0F2BF8D038
:10472000637A102B0FD1AB78A372A37A002B00D041
:1047300067E6FFF789FDF7F70BF8BB4C2061616175
:10474000FFF766FD5DE6637A112B08D1AB78A372A3
:10475000A37A002B00D054E6FFF78EFD51E6637A72
:10476000122B10D1AB78A372A37A002B04D0A37ABA
:10477000012B04D1FFF758FCFFF7A6FA41E6A37A14
:10478000022BF9D1F6E7637A1D2B10D1AB78A37217
:10479000A37A002B04D0A37A012B04D1FFF7E6FC07
:1047A000FFF7ACFA2DE6A37A022BF9D1F6E7637A8C
:1047B000132B08D1AB78A372A37A002B00D020E68C
:1047C000FFF768F91DE6637A142B08D1AB78A37262
:1047D000A37A002B00D014E6FFF7ECF911E6637A18
:1047E000152B0CD1AB78A372A37A002B04D0637A7B
:1047F000002B01D0FFF718FAFFF704FA01E6637AFD
:10480000162B08D1AB78A372A37A002B00D0F8E561
:10481000FFF7C4FAF5E5637A172B08D1AB78A372DA
:10482000A37A002B00D0ECE5FFF72CFAE9E5637AD8
:104830001B2B10D1AB78A372A37A002B04D0A37AE0
:10484000012B04D1FFF72AFCFFF70AFAD9E5A37A76
:10485000022BF9D1F6E7637A1C2B06D163790E2B74
:1048600000D0CEE5FFF75CFCCBE5637A1E2B10D1C0
:10487000AB78A372A37A002B04D0A37A012B04D1C6
:10488000FFF784FCFFF7A0FCBBE5A37A022BF9D16C
:10489000F6E7637A2F2B10D1AB78A372A37A002BA3
:1048A00004D0A37A012B04D1FFF786FCFFF79EFC0E
:1048B000A7E5A37A022BF9D1F6E7637A1F2B09D17A
:1048C0005A4B9B78A372A37A002B00D199E5F7F796
:1048D00033FACDE5637A242B07D1544B9B78A3722E
:1048E000A37A002B00D18CE5C2E5637A504C252BCE
:1048F000F3D0637A282B1AD14C4B01229B78F420F9
:10490000A37200231900F9F796FE431E9841494B04
:10491000C0B21870002301221900F520F9F78BFEB0
:10492000431E9841444BC0B21870A37AA0E5637A45
:10493000312B02D1F9F794FD9AE5637A322B01D13C
:104940003E4B0EE6637A332B0FD1384B9A78A27226
:10495000A27A002A06D0A27A012A03D11979D8783E
:10496000F9F75CFEFFF79EFC4BE5637A342B0AD126
:104970002E4B9B78A372A37A002B01D0FFF7A8FBE4
:10498000FFF7CAFC3DE5637A352B3FD101250024B2
:1049900000260027F7F708FA294B1D70F7F7CCF926
:1049A000F7F7F6F90020F9F732FD224BF4201C70DE
:1049B0001978C9B2FAF7E0F81F4BF5201C70197886
:1049C000C9B2FAF7D9F8FCF791FEFCF79BFEFCF7A9
:1049D000A5FEFCF7B9FEFCF7CFFE2000F9F710FDAD
:1049E000184B1C70FCF7BCFE174B1E605F60F9F79C
:1049F0001DFC164B1E605F60F9F78AFC144BFA2011
:104A00001D701978C9B2FAF7B7F831E5637A362B19
:104A100020D1064B9B78A372A37A002B01D0FFF71D
:104A20005FFBFFF78BFCECE4D809002095670020C2
:104A3000BC050020C7650020C56500203C010020A2
:104A4000AF650020F00A0020C803002030020020DB
:104A5000C4650020637A372B0AD1144B9B78A3726C
:104A6000A37A002B01D0FFF743FBFFF779FCC8E4E2
:104A7000637A382B0AD10D4B9B78A372A37A002B53
:104A800001D0FFF73DFBFFF77DFCBAE4637A392BD9
:104A900000D0B6E4054B9B78A372A37A002B01D01B
:104AA000FFF736FBFFF780FCABE4C04695670020BC
:104AB00010B5044B0A000100180002F01AFEFFF7BF
:104AC00085FC10BD956700200D488546FCF77EFAF1
:104AD0000C480D490D4A002302E0D458C450043359
:104AE000C4188C42F9D30A4A0A4C002301E013602F
:104AF0000432A242FBD302F0D5FDFAF705FAFEE735
:104B00000090002000000020A4020020908F0108E7
:104B1000A802002054690020FEE7000070B5104B89
:104B200005001978002901D1012070BDFA2080000C
:104B3000F3F7FCFA0B4C01002068F3F7F7FA00F0EA
:104B400083F8041EF0D1032DEED8020001202900C5
:104B5000404200F043F8044B20001D60E5E7C046EA
:104B60004202002040010020440200208023084A25
:104B70005B00116810B50B4300201360FFF7CEFFF8
:104B8000041E03D1FBF738FD200010BD0124FBE714
:104B900000200240034A044B11681B785B18136025
:104BA0007047C0460468002042020020014B18688C
:104BB0007047C0460468002070B50400FFF7F6FF98
:104BC0000500631C02D0044B1B78E418FFF7EEFFCE
:104BD000401BA042FAD370BD4202002010B5FF2452
:104BE00003220B0021000240D20091409B01234090
:104BF000C943934000280ADBC0240B4A8008800088
:104C00008018A40002590A401343035110BD0F221B
:104C100010400838054A800880008018C269114099
:104C20001943C161F2E7C04600E100E000ED00E099
:104C3000002805DB1F2318401E3B8340014A1360F8
:104C40007047C04600E100E08022431E520401206C
:104C500093420DD2C021074A07485360036A0906F0
:104C60001B021B0A0B4303620020072390601360A2
:104C70007047C04610E000E000ED00E0F0B5846C45
:104C8000C56C6560046D002C02D0446D856D656057
:104C90001C24056C084E25401B3CAC4077683C4307
:104CA0007460046863608368102B02D1A260E160C5
:104CB000F0BDA160E260FBE70000024010B5040017
:104CC000036C094A9B089B189B00436400681421ED
:104CD000C0B20838F3F72AFA044BA3641F23184024
:104CE0001E3B8340E36410BD008200108008024038
:104CF000F8B504000120002C46D02568254B14216E
:104D0000E818F3F713FA02238000A61D2064F37756
:104D10002B68214AA76813402B60E36821693B4355
:104D20000B4361692A680B43A16920000B43E169C9
:104D30000B43216A0B4313432B60FFF7BFFF802314
:104D4000DB019F4201D1002363603F236268616CF5
:104D500013400B60E06CA16C013A4860032A14D840
:104D60000E4A0F4899180122013B9A40A265130090
:104D700000228900216560650A60436000200123EC
:104D8000E0630534F377E077F8BD002323656365BE
:104D9000A365F3E7F8FFFDBF0F80FFFF3F82001020
:104DA00040090240F7B5451D0193EE7F0400022043
:104DB000012E33D00138E877A71DFE7FB446634645
:104DC000F6B200960026834230D10130F87725688C
:104DD000E6632868009B98432860019B2000FFF74A
:104DE0004DFF236BB3421AD00E232A6813432B6066
:104DF000636C1A68D20304D58022196852000A43F2
:104E00001A60236D002B04D08022196852000A43D7
:104E10001A60012300202A6813432B60FEBD042280
:104E20002B6893432B602A680A23DFE78023E36320
:104E3000EE77F3E7F0B5002808D0841DE37F411D2D
:104E4000022B05D00423C3630023CB770120F0BDE0
:104E50000E250268466C1368AB4313603368104D2F
:104E60002B403360012316689E431660026C1B338F
:104E70001A401B3B93400B4E77683B437360C26CF8
:104E8000836C5A60036D002B05D01A682A401A60A3
:104E9000436D826D5A6001230020E377C877D6E71F
:104EA000FFFEFFFF00000240F8B5811DCB7F022B03
:104EB00003D00423C3630120F8BD0E2402681C271D
:104EC0001368456CA3431360012314689C4314606A
:104ED0002A68104C22402A60026C0F4D3A409340E1
:104EE0006E6833436B60C26C836C5A60036D002B39
:104EF00005D01A6822401A60436D826D5A60012302
:104F00000022CB77431DDA77836B934200D098471A
:104F10000020D1E7FFFEFFFF00000240F8B51C248F
:104F20000427016C264A21403C008C401668036827
:104F30001D6826420FD03D420DD01968890602D463
:104F40001968B943196053681C43036B5460002B04
:104F50001BD0984719E002273C008C40264215D010
:104F60003D4213D01968890606D40A251968A94359
:104F700019600121831DD97753681C4354600022B6
:104F8000431DDA77C36A9342E3D1F8BD08242700B2
:104F90008F403E42F9D02542F7D00E251C68AC4325
:104FA0001C6001231D008D4029005468214351607D
:104FB000821DC363D3770022431DDA77436BE2E798
:104FC000000002400023F0B585B00A681400DC4000
:104FD00001D105B0F0BD012514009D402C40009486
:104FE0002A4200D191E04A685F0094460322644659
:104FF00022400324BC40E4430194541E012C2ED8CB
:105000008668019C2640CC68BC4034438460446878
:105010000126AC4325006446240934409C402C43BF
:105020004460C568019C25408C68BC402C43C4602A
:10503000022A16D107250F261D40AD00AE40DC0820
:10504000A40004190294246A03962600039CA64334
:1050500034000E69AE402643029C266201E0032A1A
:10506000DFD1BA400468019D25402A43C024026074
:105070006246A402224248D0254A03259C08A40087
:10508000A4180F221D40ED00AA40A027266EFF05A0
:1050900096430022B8420CD01E4F0132B84208D0CD
:1050A0001D4F0132B84204D01C4F0332B84200D128
:1050B000023AAA40674632432266154C009A266897
:1050C000009DD2433543FF0201D4350015406746A9
:1050D00025606668009D3543BF0201D43500154048
:1050E000674665600E4C009DE66F3543BF0301D4F3
:1050F000350015406746E5670A4C009EE56F2E4374
:10510000FF0301D415402E00E66701335DE7C0467A
:10511000001802400004005000080050000C00502D
:10512000081802400418024000690840431E9841D4
:10513000C0B27047002A01D0816170478162FCE7EC
:1051400070B504000120002C3FD0250041352B789C
:10515000DAB2002B05D12300403320001A70FBF790
:1051600063FA242301212B702368E0681A68A6687B
:105170008A431A601A4962680A401A619A68194992
:105180000A409A60012821D18022120232439A609B
:105190005868154A02435A60DA6800200A40DA600B
:1051A000616922690A43A16909020A43DA60216A36
:1051B000E2690A431A60012219680A431A6020232F
:1051C00060642B7020634234207070BD8422120210
:1051D00032439A600228DBD1802212015A60D7E75D
:1051E000FFFFFFF0FF7FFFFF00800002F0B504002B
:1051F0004134227803000F000220D6B2202A18D1B1
:105200001D0040352A78012A13D0242222701B6801
:10521000233A196807489143196019680140002032
:10522000196019683943196019680A431A602670B1
:105230002870F0BDFFEFFFFF0200F0B54132147897
:105240000300E5B20220202C17D11C004034267840
:10525000012E12D0223010701B6823381E68074FB1
:1052600086431E601E6809023E403143196019687A
:1052700008431860002015702070F0BDFFF0FFFF9C
:105280008023034A5B0011680B4313607047C046DC
:105290000070004010B5114C1149236802000B400A
:1052A00003432360802300209B009A420ED10D4BC4
:1052B0000D49186806235843F2F738FF8022431C33
:1052C000D200616908001040114200D110BD002BCE
:1052D00001D0013BF5E70320F8E7C046007000402D
:1052E000FFF9FFFF4001002040420F00F0B504002D
:1052F00085B0002802D1012005B0F0BD0368DB07AE
:1053000010D423689B075CD423681B0700D5C1E039
:1053100023685B0700D5F2E0E369002B00D079E158
:105320000020E9E73822AF4DAB681340EA68102B44
:1053300009D1D3439B0708D12B689B03E1D5636850
:10534000002BDED1D7E7082BF6D08022636852020B
:10535000934211D12A6813432B60FFF727FC802763
:105360000600BF022B683B42CBD1FFF71FFC801B1E
:105370006428F7D90320BFE7A021C9028B4208D1D6
:1053800080232968DB020B432B602B681A432A60B9
:10539000E3E72A6894490A402A602A6893490A4048
:1053A0002A60002BD9D1FFF701FC80270600BF023D
:1053B0002B683B42A5D0FFF7F9FB801B6428F7D987
:1053C000D8E73822874DAB681340EA68102B28D104
:1053D00003210A40022A26D12A68520503D5E26831
:1053E000002A00D187E7696862698148120201409A
:1053F0000A436A60002B0CD12B687E4A7E49134019
:10540000226913432B602B687C4A9B045B0FDA40B4
:105410000A607B4B1868FFF781FB002800D173E717
:1054200069E7002BD8D0E368002B20D02B68714AA5
:10543000802713402269FF0013432B6080232A68D2
:105440005B0013432B60FFF7B1FB06002B683B4268
:1054500007D06A68636966491B020A4013436B60A0
:1054600052E7FFF7A3FB801B0228EFD982E72B68E6
:10547000644A802713402B60FFF798FB0600FF006B
:105480002B683B4200D13FE7FFF790FB801B0228CF
:10549000F6D96FE73822534DAB681340182B08D16B
:1054A0002B6E9B0700D433E7A369002B00D02FE7B6
:1054B00021E7A2690123002A10D02A6E0227134394
:1054C0002B66FFF773FB06002B6E3B4200D01FE7F5
:1054D000FFF76CFB801B0228F6D94BE72A6E0227E8
:1054E0009A432A66FFF762FB06002B6E3B4200D10F
:1054F0000EE7FFF75BFB801B0228F6D93AE738225C
:10550000384DAB681340202B08D1EB6D9B0700D4BE
:1055100002E7A368002B00D0FEE6ECE68022002123
:10552000EB6B52050091134208D1EB6B1343EB6315
:10553000EB6B13400393039B012300938027324EB0
:105540007F0033683B4215D0A368012B22D1EA6D5E
:105550001343EB65FFF72AFB02270600EB6D3B4286
:1055600038D0009B012B00D0D6E6EB6B274A1340C6
:10557000EB63D1E633683B433360FFF717FB0190E1
:1055800033683B42E0D1FFF711FB019BC01A0228B0
:10559000F6D9EFE6EA6D052B05D1013B1343EB6528
:1055A000EA6D0123D4E701218A43EA65EA6D0331FC
:1055B0008A43EA65002BCDD1FFF7F8FA02270600EF
:1055C000EB6D3B42CDD0FFF7F1FA114B801B9842B7
:1055D000F6D9CFE6FFF7EAFA0D4B801B9842BDD90A
:1055E000C8E6C04600100240FFFFFEFFFFFFFBFFC2
:1055F000FF80FFFFFFC7FFFF400100200024F400F1
:1056000044020020FFFEFFFF00700040FFFFFFEF9D
:10561000881300003821434DAA680A40102A53D04D
:10562000414A022B3AD12B68802713402B60FFF7A9
:10563000BDFA0600BF042B683B4229D1616A236A88
:10564000EA680B43394980260A401343E26AB604EC
:105650001343226B1343626B1343A26A1202134378
:10566000EB6080232A685B0413432B608023EA6885
:105670005B051343EB60FFF799FA04002B68334294
:1056800000D04DE6FFF792FA001B0228F6D971E62A
:10569000FFF78CFA801B0228CDD96BE62B68802699
:1056A00013402B60FFF782FA0400B6042B683342E4
:1056B00004D1EB681E4A1340EB6031E6FFF776FA3F
:1056C000001B0228F2D955E6012B00D113E6032274
:1056D000E868216A02408A4200D00CE67022616AC2
:1056E00002408A4200D006E6FE21A26AC9010140BA
:1056F0001202914200D0FEE5F822E16A92030240D4
:105700008A4200D0F7E5E022216B120502408A426E
:1057100000D0F0E5636B400F4007C01A431E98416C
:10572000C0B2E9E500100240FFFFFFFE8C80C1110E
:10573000FCFFFEEE382370B51D4CA2681A4205D15D
:1057400023681C489B045B0FD84070BDA2681A40B8
:10575000082A27D0A2681A40102A17D1E368E16806
:10576000DB43E5684906490F6F322D0A01311540C8
:105770009B0709D11048F2F7D9FCE1686843490F4B
:105780000131F2F7D3FCE0E70A48F4E7A2681A40D7
:10579000202A09D0A26800201340182BD5D1FA2066
:1057A000C001D2E70448D0E780200002CDE7C04620
:1057B000001002400024F40000127A00F7B5040043
:1057C0000D00002801D10120FEBD0727484E336897
:1057D0003B408B422AD3226893073BD4D20748D45C
:1057E000072733683B40AB420AD93368BB432B439E
:1057F0003360FFF7DBF9019033683B40AB4268D17F
:1058000023683C4D5B076CD4FFF794FFAB683A49C3
:105810001B051B0F9B005B581F210B40D840374ACC
:10582000374B10601868FFF779F9CDE73368BB4351
:105830000B433360FFF7BAF9019033683B40AB424A
:10584000C9D0FFF7B3F9019BC01A2E4B9842F4D987
:105850000320B9E72749530704D5E0238868DB0113
:1058600003438B608B6828480340A06803438B6028
:10587000B4E760681F4F032829D8F2F743FC2002E1
:105880001C243B689B039ED50722BB6893430343BC
:10589000BB60FFF78BF901903823BA681A40636840
:1058A000DB009A429CD0FFF781F9019BC01A154B8F
:1058B0009842F1D9CCE73B689B01E5D483E73B688C
:1058C0005B05E1D47FE73B6E9B07DDD47BE7FB6D97
:1058D000FAE7FFF76BF9019BC01A0A4B98428BD984
:1058E000B6E7AB68094A1340E2681343AB608BE745
:1058F0000020024000100240E88D01084001002015
:105900004402002088130000FFF0FFFFFF8FFFFF1D
:10591000064B07499B68074A5B045B0F9B005B587B
:105920001F2110680B40D8407047C046001002404D
:10593000C88D010840010020F0B50368040085B05F
:1059400000209B0352D58022704D5205EB6B0090D6
:10595000134208D1EB6B1343EB63EB6B13400393E0
:10596000039B012300938027694E7F0033683B43EC
:105970003360FFF71BF9019033683B4228D0EA6D92
:10598000C02310009B00216B624E18401A4218D0B1
:10599000814216D08022EB6DE86D1900520202435D
:1059A000EA65EA6D5C4831400240EA65E965DB077B
:1059B00007D5FFF7FBF807000222EB6D134200D179
:1059C0009CE0EB6D226B334013430020EB6506E057
:1059D000FFF7ECF8019BC01A0228CDD90320009BE9
:1059E000012B03D1EB6B4D4A1340EB632368DA07BD
:1059F00006D5032545494A6DAA4365682A434A6589
:105A00009A0706D50C2541494A6DAA43A5682A4341
:105A10004A65DA0606D53D49414D4A6D2A40E5689A
:105A20002A434A659A0506D538493E4D4A6D2A40B3
:105A3000A5692A434A655A0506D534493A4D4A6D47
:105A40002A40E5692A434A659A0606D52F49374D0B
:105A50004A6D2A4025692A434A655A040FD52B49C5
:105A6000256A4A6D920092082A434A658022D2052F
:105A7000954204D18022CD6852022A43CA601A039B
:105A800006D5402521494A6DAA43656A2A434A65DD
:105A90009A020FD51D49264E4A6DA56A32402A4307
:105AA0004A658022D203954204D18022CD685204F7
:105AB0002A43CA605A020DD5144D1E4E696DE26A22
:105AC000314011436965802149048A4202D1E96865
:105AD0000A43EA601B050FD50C4A6169536D164CE9
:105AE00023400B4353658023DB01994204D180237B
:105AF000D1685B020B43D36005B0F0BDFFF756F8E9
:105B00000E4BC01B984200D856E767E700100240D2
:105B100000700040FFFCFFFFFFFFFEFFFFFFFFEFF5
:105B2000FFF3FFFFFFFFF3FFFFFFCFFFFFCFFFFFFD
:105B3000FFFFBFFFFFFFFFFEFF3FFFFF88130000D7
:105B4000A0210268F8B5D36804008B43D360FFF747
:105B50002DF8FA2705002026BF002368DB683342B2
:105B600001D00020F8BDFFF721F8401BB842F4D95E
:105B70000320F7E7F7B5402603680500DA6800243C
:105B8000324211D18022D968FA270A43DA60FFF73E
:105B90000DF8BF0000902B68DB681A0032400192BC
:105BA000334201D1032C01D12000FEBDFEF7FEFFE0
:105BB000009B019CC01AB842EDD92B000324293365
:105BC0001C70E8E7802270B50F4C0500E368934332
:105BD000E360A369603A134207D1FFF7B1FF0028E1
:105BE00002D003202935287070BDA3699343A361B7
:105BF000FFF7A6FF002802D00320293528702023B4
:105C0000A2691343A361EFE70028004070B50400C8
:105C10000120002C17D0250029352B78DAB2002B73
:105C200008D1230028331A7088231B0220006360E8
:105C3000FAF73CFD02232B702368DA68D20603D5FD
:105C4000012300202B7070BDCA225A62773A2000CF
:105C50005A62FFF78FFF002825D1236815499A69FA
:105C600060690A409A61A26899690243E069024347
:105C70000A439A61226920001A61E26819691204D4
:105C80000A431A61FFF79EFF00280CD12268266A9A
:105C90009369DB00DB089361636A91693343A6690A
:105CA00033430B439361FF2223685A620028C7D015
:105CB000C9E7C046BFFF8FFBF8B504000120002CE8
:105CC00067D0636A002B65D18222616852009142DD
:105CD00000D0E36100232500A3625D352B78DAB2A2
:105CE000002B05D123005C3320001A70FAF70CFD5D
:105CF000022340222B702168E6680B689343E02260
:105D00000B60D2000023964248D9F02218001201FD
:105D1000964200D0A3628222842763685200134017
:105D2000A2683F023A40022713432269A5693A401C
:105D300013430122676917403B438027BF002F4070
:105D40003B43E769373217403B43276A48321740E5
:105D500080223B43A76A920117403B431027082249
:105D60000B60636A2D0C3B40676B17403B43F02789
:105D70003F013E403343042635402B4303434B60F1
:105D8000CB69084803400020CB61012320665D34C5
:105D90002370F8BD0023236163619BE780204001ED
:105DA000B6E7C046FFF7FFFFC022042313B504681F
:105DB000D200A16808001040114200D116BDE16870
:105DC000013B0191DBB20199002BF2D10320F5E7F1
:105DD00001000300012010B53D310C78E2B284428D
:105DE0001FD1001808701B68D9681143D9600E498B
:105DF0008B4209D08021C9058B4205D00B498B42CB
:105E000002D00B498B420DD19A680A490A40062AF2
:105E100006D007398A4203D0012219680A431A6062
:105E2000002010BD1968F9E7002C01400004004073
:105E300000400140070001000121036810B5DA6845
:105E40008A43DA601C6A074A144206D11C6A064A71
:105E5000144202D11A688A431A6001233D3003704C
:105E6000002010BD1111000044040000704770476D
:105E7000704770470222036810B519690400114287
:105E80000ED0D96811420BD0053A1A61043202775C
:105E90009B699B0700D186E0FFF7E9FF002323778A
:105EA000042223681969114211D0D96811420ED019
:105EB000093A1A61073222779A69C0239B002000B1
:105EC0001A4200D175E0FFF7D2FF002323770822A2
:105ED0002368196911420ED0D96811420BD0113ACA
:105EE0001A610D322277DB6920009B0767D0FFF72C
:105EF000BEFF00232377102223681969114210D0B6
:105F0000D96811420DD0213A1A6119322277DA6923
:105F1000C0239B0020001A4257D0FFF7A8FF0023A0
:105F20002377012223681969114207D0D9681142E9
:105F300004D0033A20001A61F9F7A0FB80222368FD
:105F40001969114208D0D968114205D0023AFF3AC6
:105F500020001A6100F0EFF823681A69D20507D50E
:105F6000DA68120604D51C4A20001A6100F0E4F831
:105F7000402223681969114207D0D968114204D020
:105F8000813A20001A61FFF774FF20222368196903
:105F9000114207D0D968114204D0413A20001A6159
:105FA00000F0C8F810BDFFF761FF2000FFF760FFA9
:105FB00074E7FFF75BFF2000FFF75AFF85E7FFF765
:105FC00055FF2000FFF754FF93E7FFF74FFF200036
:105FD000FFF74EFFA3E7C046FFFEFFFF10B51C4CC6
:105FE0000368A04206D08022D205904202D0194A0E
:105FF000904208D1702293434A681343164A1A40CC
:10600000CB6813430BE0154A9042F7D0144A9042F4
:10601000F4D0144A9042F1D0134A9042EED080223C
:1060200093434A69134303608B68C3620B688362BE
:10603000A04208D00A4B984205D00A4B984202D0A1
:10604000094B984201D10B6903630123436110BDE1
:10605000002C014000040040FFFCFFFF0020004036
:1060600000400140004401400048014070B5040078
:106070000120002C23D025003D352B78DAB2002BEF
:1060800005D123003C3320001A70FAF78FFB02235E
:106090002B702068211DFFF7A1FF220001230020A3
:1060A0004832137047340A3A137053709370D370A8
:1060B000137153719371D371137223702B7070BD70
:1060C000F0B5040002223C34257803001000012DB5
:1060D00026D01D003D352A701B68124E5A689868FC
:1060E000B34203D1104F3A404F683A437027BA4346
:1060F0000F683A435A60B34209D08022D2059342D6
:1061000005D00A4A934202D0094A934204D1802220
:1061100090438A6810439860012300202B70207000
:10612000F0BDC046002C0140FFFF0FFF00040040FF
:1061300000400140704770477047000030B5EFF3F2
:106140001084012282F31088C02501680B68AB43DC
:106150000B6084F31088EFF3108182F310880268DB
:10616000044C93682340936081F310882023883087
:10617000036030BDFFFF7FFF30B5EFF310840122D5
:1061800082F310880168134D0B682B400B6084F379
:106190001088EFF3108182F3108802680E4C936828
:1061A0002340936081F31088C36E012B0AD1EFF373
:1061B000108183F31088102402681368A3431360CE
:1061C00081F31088030020228C331A600023C366F9
:1061D000436730BDDFFEFFFFFEFFFFEF70477047F4
:1061E0007047704770B5846A230088331A685D6809
:1061F00023689B681B0608D5212A06D123000022AC
:10620000563320001A80FFF799FF23689B685B06CE
:1062100008D5222D06D1230000225E3320001A80EB
:10622000FFF7AAFF220010239032116820000B43D1
:106230001360FFF7D6FF70BD806A0023020010B51F
:106240005E321380083A1380FFF7CBFF10BD0000C9
:10625000F7B50168C14DCB6904000A6888682B4214
:1062600010D120252B4200D19BE0802676051540D9
:106270000640354300D194E0636F2000002B00D02E
:1062800085E085E0B64D05400095B64D009E154071
:10629000354300D185E0250001269035334205D0F5
:1062A000D70503D50E622F683E432E600226334287
:1062B0000CD0C7070AD527000E6290373E680197B9
:1062C000B446042667463E43019F3E60042633429F
:1062D0000CD0C7070AD527000E6290373E68019799
:1062E000B446022667463E43019F3E600826B446F8
:1062F000334209D02027009E1740374304D066461A
:106300000E622F683E432E6080263601334206D04F
:10631000570104D50E6220212E6831432960296877
:10632000002935D020210B420AD080235B05114083
:106330000340194304D0636F002B01D0200098471D
:1063400022682B684027966828223E401340200090
:106350001E4322D0FFF710FF23689B683B4218D0F2
:10636000EFF31081012383F31088250004CD936897
:10637000BB43936081F31088E86F002809D07A4B03
:106380008363FEF791FD002802D0E86F836B984786
:10639000F7BD2000FFF725FFFAE7FFF722FF2E6089
:1063A000F6E7E56E012D00D09FE01026334200D1C4
:1063B0009BE0324200D198E00E62896840230A00D7
:1063C0001A40194257D0211DCA6F1068426892B214
:1063D000002ADDD027005C373F889742D8D92700B4
:1063E0005E373A8002682020844610400090604664
:1063F000024232D1EFF3108785F3108820685B4E9C
:1064000002683240026087F31088EFF3108785F34B
:10641000108820688268AA43826087F31088EFF3AF
:10642000108785F31088206882689A43826087F31A
:106430001088230062468C331A60009BE366EFF3FA
:10644000108085F3108822680F351368AB43136002
:1064500080F31088C86FFEF7EDFC0223220023674B
:1064600023005C325E331B881188C91A89B2200070
:10647000F8F76AFF8CE7230020005C335E30198850
:10648000038800889BB2002800D181E7C91A89B22D
:10649000002900D17CE7EFF3108785F3108820688E
:1064A000334E03683340036087F31088EFF310879F
:1064B00085F3108820682F4E83683340836087F30C
:1064C0001088230020208C331860E2666267EFF3A7
:1064D000108085F31088102522681368AB43136081
:1064E00080F3108802232367C1E780256D032B42C8
:1064F00006D0460204D520000D6200F0E7FB47E716
:1065000080210B4207D080252D04114028400143F3
:1065100001D0A36FB1E640210B4216D00A4214D03D
:10652000EFF31080012383F31088226813688B43F4
:10653000136080F310882300202288331A60002320
:106540002000A367FFF74AFE22E7190214D5510085
:1065500012D5200000F0BCFB1AE7C0460F0800006F
:10656000010000102001000439620108FFFEFFFF56
:10657000DFFEFFFFFEFFFFEFDB0100D408E7002A8C
:1065800000DB05E7200000F0A2FB01E70123806AA1
:1065900010B50367C36E012B06D103005C33198865
:1065A0004908F8F7D1FE10BDFFF71AFEFBE700001F
:1065B00003001B6820221B6870B51900806A114017
:1065C000134234D103005E331980EFF310850123A9
:1065D00083F3108804681D4E21683140216085F3E3
:1065E0001088EFF3108583F310880468A16899433D
:1065F000A16085F31088EFF3108483F310884025A1
:1066000001688B68AB438B6084F3108803008C3384
:106610001A60C36E012B0AD1EFF3108183F3108847
:10662000102402681368A343136081F310880023C9
:106630000367C36E012B05D103005C331988F8F79B
:1066400083FE70BDFFF7CBFDFBE7C046FFFEFFFFFB
:10665000F8B504002569A26823682A4365691968AA
:10666000C0692A43734D024329400A431A605A689D
:106670007149A5690A40E1680A4370495A608B4232
:1066800001D0226A15439A686D4E32402A430F2585
:106690009A60DA6AAA43656A2A43DA62694A9342CF
:1066A00025D1694B5A6D03231A4080231B02022A0D
:1066B00000D1BBE0032A00D1B2E0012A00D1A8E05A
:1066C000984200D17DE0FFF723F9002845D0626AA7
:1066D0005E4B5200D15AF1F729FD65686B08C0186E
:1066E0002900F1F723FD0200594B103A64E0594AA2
:1066F000934212D10C22544B5B6D1340082B00D1F6
:1067000092E005D8002B00D081E080231B02D7E760
:106710000C2B00D182E0012020E04F4A9342F4D0BC
:106720004E4A9342F1D08B42F5D1C0228021464B94
:1067300012015B6D090113408B4215D004D8002B68
:1067400007D1FFF7E5F806E09342E4D18026360250
:106750000BE0FEF7EFFF061E07D10020404BA366BB
:1067600000236367A367F8BD3E4E626A374B520051
:10677000D75A30003900F1F7D9FC032365686B4321
:106780008342C8D82B038342C5D300233A0030008C
:106790001900F1F7B9FE0027060E0B02334302027F
:1067A0006E0892197B41100019002A003B00F1F796
:1067B000ABFE2D4BC2182D4B9A42ACD82368D86043
:1067C000CBE7FFF7A5F80028C7D0626A1F4B52003D
:1067D000D15AF1F7ABFC656840006B08C01829007E
:1067E000F1F7A4FC02001A4B103A9A4200D992E742
:1067F0000F23020000079A4393B2400F226803431D
:10680000D360AAE71748E0E7FEF794FF5DE780232F
:106810001B029842F8D1FEF78DFFD4E780231B02BC
:106820009842D2D0180052E780231B029842E9D048
:106830000C484CE7F369FFCFFFCFFFFF008000401B
:10684000FFF4FF110038014000100240168F0108CC
:10685000EFFF00000044004000480040004C0040B2
:10686000010001000024F40000FDFFFFFFFC0F0009
:10687000836A30B5DA0706D50168284C4A68224099
:10688000C46A22434A609A0706D50168244C4A68C4
:106890002240046B22434A605A0706D50168214C06
:1068A0004A682240446B22434A601A0706D50168B1
:1068B0001D4C4A682240846B22434A60DA0606D5A2
:1068C00001681A4C8A682240C46B22438A609A0687
:1068D00006D50168164C8A682240046C22438A60FF
:1068E0005A0610D50168134D4A68446C2A40224369
:1068F0004A6080225203944205D14A680E4C2240DD
:10690000846C22434A601B0606D502680B49536813
:106910000B40C16C0B43536030BDC046FFFFFDFF11
:10692000FFFFFEFFFFFFFBFFFF7FFFFFFFEFFFFF0C
:10693000FFDFFFFFFFFFEFFFFFFF9FFFFFFFF7FFFF
:10694000F8B504000D0017001E002268D3692B4023
:106950005B1B59424B41BB4201D0002029E0069B02
:106960000133F3D0FEF722F9069B801B984201D831
:10697000002B1FD1EFF31080012282F310882168D1
:10698000204D0B682B400B6080F31088EFF31080D4
:1069900082F3108821688B6893438B6080F31088A2
:1069A00023001F3288331A605A6000230320843486
:1069B0002370F8BD23681A685207C6D58022D969AA
:1069C00012011142C1D01A62EFF31080012282F34A
:1069D000108821680B4D0B682B400B6080F31088EA
:1069E000EFF3108082F3108821688B6893438B60EB
:1069F00080F3108822002023883213605360936054
:106A0000D3E7C0465FFEFFFFF0B51700020087B076
:106A100088320593136804000D000220202B45D115
:106A20000138002942D0002F40D08023A1685B01AB
:106A3000994204D12369002B01D1054236D12300AC
:106A4000002690331E6021231360FEF7AFF8230069
:106A500054331F80023303931F808023A268049065
:106A60005B019A4204D12369B34201D12E001D007B
:106A7000230056331B889AB2002B0CD1059B402172
:106A800000932000049BFFF75BFF00280DD120231B
:106A9000883423600AE0059B0022009380212000B7
:106AA000049BFFF74DFF002802D0032007B0F0BD84
:106AB0002268002D0BD133880236DB05DB0D936293
:106AC000039B039A1B88013B9BB21380D0E72B7872
:106AD00001359362F4E70000030073B5002604005B
:106AE00090331E60FEF762F8236805001B681B07E1
:106AF00019D423681B685B070AD58021104B00223C
:106B0000009320002B00C903FFF71AFF002815D1BE
:106B1000220000202023883213605360E066206743
:106B2000843420700BE08021054B320000938903F0
:106B300003002000FFF704FF0028DAD0032076BD11
:106B4000FFFFFF01F8B513000200060005005C32EC
:106B500081650F0013802221002290368C3532602F
:106B60002960011D0400C86F904213D01D49826343
:106B7000C1621D493A0001631C4941632168243107
:106B8000FEF710F9002805D0102301203360DB1830
:106B90002B60F8BD2369002B0BD0EFF3108101238C
:106BA00083F310882268FF3310680343136081F376
:106BB0001088EFF31080012383F3108821688A681E
:106BC0001A438A6080F31088EFF3108183F31088F2
:106BD00022683F3390680343936081F3108800205C
:106BE000D7E7C046B16501088D650108E561010878
:106BF000F7B50700436E04006A37002B04D101206B
:106C0000388068342080F7BD03680B4E9A689B6813
:106C10000A4D5B0FF05CE95CC0000192F1F710FBDC
:106C2000019B38801B015B0FF05CE95CC000F1F751
:106C300007FB80B2E5E7C046368F01082E8F0108BA
:106C4000F7B504000E001D000192002801D10120BB
:106C5000FEBD070088373B68002B04D10200843258
:106C60001370F9F717FE2423012122683B60136893
:106C700020008B431360FFF7EBFC0128E7D0A36AE9
:106C8000002B02D02000FFF7F3FD80222368D20101
:106C900099682D040A439A609A680A4920000A40BC
:106CA00032439A60019A51050D431A6806490A4019
:106CB000154301221D6019680A431A60FFF70CFF93
:106CC000C6E7C046FF7FFFFFFFFF00FC704770472D
:106CD0007047000070B5040084342278030002205D
:106CE000012A11D01D002422012688352A601A6845
:106CF00011681068B04310600448014000205866D5
:106D0000202311602B60207070BDC046FFFFFFDFA5
:106D1000F8B5050084350B0029780222012915D029
:106D20000600012104688836223232602768226812
:106D30008A432260A168C900C9081943A160FFF70E
:106D400057FF20230022276033602A701000F8BD0F
:106D5000F8B5050084350A0029780223012915D0E9
:106D600006000121046888362233336027682368CF
:106D70008B432360A168064B19401143A160FFF7C4
:106D800037FF20232760336000232B701800F8BDE5
:106D9000FFFFFFF103008C331B6870B50400022075
:106DA000202B02D1002901D1012070BD002AFBD087
:106DB0008020A56801234001854204D12069002874
:106DC00001D11942F0D1E366002320002367FFF7C9
:106DD000B9FE0028E9D1E26E012AE5D1102321682D
:106DE0000B62EFF3108182F310882268146823434A
:106DF000136081F31088D8E710B5034B01001868C1
:106E000000F030F810BDC0465402002010B5034B0E
:106E10000100186800F0EEFC10BDC04654020020CE
:106E200070B50F4E0D0031680400002902D100F04A
:106E30000DFC30602900200000F008FC431C03D149
:106E400001256D42280070BD0323C51C9D43A84247
:106E5000F8D0291A200000F0F9FB0130F2D1EFE759
:106E600008680020F7B50322CB1C934308330500C4
:106E70001F000C2B34D20C27B94233D8280000F065
:106E800071F8374E33681C00002C2FD139002800D0
:106E9000FFF7C6FF0400431C5FD134680094009BD9
:106EA000002B4AD1002C52D023682800E318009907
:106EB000019300F0CBFB019B834248D1236828005B
:106EC000FF1A3900FFF7ACFF013040D02368DB190F
:106ED000236033685A68002A33D1009B336019E07D
:106EE000002BC9DA0C232B600020FEBD2168C91BD2
:106EF00020D40B290AD9E2192760A34204D13260B9
:106F000063681160536005E05A60F9E76268A34264
:106F10000ED13260280000F02DF8200007220B303F
:106F2000231D9043C21A9842DFD01B1AA350DCE7FE
:106F30005A60EFE723006468A6E7009C636800934B
:106F4000ADE71A005B68A342FBD10023DAE70C230C
:106F500028002B6000F00EF8C6E70760DAE7C046AD
:106F60000C68002010B5024800F0C1FB10BDC046FF
:106F70005069002010B5024800F0BAFB10BDC046B1
:106F800050690020114B70B51D6804002B6B002B5D
:106F900016D11820FFF730FF021E286304D14621C6
:106FA0000B4B0C4800F008FC0B4B002103600B4B13
:106FB00043600B4B83600B2383810120106151617F
:106FC00000222B6B1C615A6170BDC0465402002028
:106FD000378E01084E8E01080E33CDAB34126DE6AC
:106FE000ECDE0500164B10B51C68236B002B16D188
:106FF0001820FFF701FF021E206304D15221114B1C
:10700000114800F0D9FB114B00210360104B436085
:10701000104B83600B238381012010615161246B2D
:107020000D4A206961690D4BF1F78EFA01220023A8
:1070300080185941206161614800400810BDC04678
:1070400054020020378E01084E8E01080E33CDAB5E
:1070500034126DE6ECDE05002D7F954C2DF4515871
:1070600030B50024022B09D0920803590D59013A7A
:1070700005510B510434002AF7DC30BD035D0D5D72
:1070800005550B550134131B002BF7DCF5E7F8B55C
:107090000F00160004001D009847310000280DDA8B
:1070A0003800A847002802DA3C002000F8BD310073
:1070B0002000A8470028F8DA3400F6E73800A8478F
:1070C0000028F1DC31002000A8470028F4DAECE7C2
:1070D000F0B599B000900393009B17001343022270
:1070E000080001929B0704D13B1F1A00531E9A41CE
:1070F0000192002304933C00009B4443DB1902935C
:10710000009B1B190693062828D8029B069A9342D7
:107110000CD3049B002B00D020E119B0F0BD3A0045
:1071200029002000019BFFF79BFF0FE0029C0EE06F
:10713000E51B21002800039B984700280ADD019BDE
:10714000002BECD123682A6822602B602C00009B66
:10715000A342EDD3029BDB190293D6E746087E4398
:10716000009BE41B9E191C19072821D022000593BF
:10717000282817D9C5087D4359194A19039B009837
:10718000FFF785FF31007219039B0590701BFFF715
:107190007EFF06006800201A2200039B4119FFF7BA
:1071A00076FF02003100039B0598FFF770FF060091
:1071B000019B002B23D1009B32681B6800990A6059
:1071C000336000232600029D07930595A54233D81E
:1071D00028000099039B984700282BDC0DD1019BC8
:1071E000002B13D1059B2A681B6805990A602B6048
:1071F000059BDB19059301230793ED19E6E73A0098
:107200003100019B0098FFF72BFFDAE73A002900D5
:10721000019B0598FFF724FFEAE7002809D1019BAD
:10722000002B13D123683268226033600123F61BE0
:107230000793E41BAC4210D2079B002B40D1029B6A
:10724000069A934200D364E7029C32E03A00310090
:107250002000019BFFF704FFE8E720000099039B53
:1072600098470028D9DA019B002B05D12B682268AA
:107270002A602360E41BBEE73A0021002800019B3E
:10728000FFF7EEFEF6E73A0029002000019BFFF72A
:10729000E7FE0DE0E51B21002800039B984700282E
:1072A0000ADD019B002BEED123682A6822602B6047
:1072B0002C00009BA342EDD3029BDB190293BEE797
:1072C000059B009AEB1A0293059B9A1A029B9A421D
:1072D00000DD1A00002A04D0019B0098A91AFFF7CC
:1072E000BFFE069B341B9A1BD21BA24200D9220070
:1072F000002A05D0069B2800991A019BFFF7B0FED3
:10730000069B029E1D1BB44205D8230034001E00BC
:107310002B00009D0093BE422BD9049B072B11D854
:1073200008AADB009D5039009B1820001D00F0F7D3
:10733000FDFE049B68600133390030000493F0F7D0
:10734000F5FED8E639003000F0F7F0FE3A00010013
:10735000039B0098FFF7BCFEBC420DD8049B08AA13
:10736000013B0493DB009A58009208AA9B185868C6
:10737000C1E6BC4200D8CCE639002000F0F7D6FECA
:107380000095B8E6002310B50400036043608360F5
:1073900081814366C28103614361836119000822D0
:1073A0005C3000F011F90B4B246263620A4BA3625C
:1073B0000A4BE3620A4B23630A4B9C4205D00A4BFB
:1073C0009C4202D0094B9C4203D12000583000F06F
:1073D0008DF910BD0D750108357501086D75010831
:1073E000997501081068002078680020E068002086
:1073F00010B5034A0349044800F06CF810BDC046BC
:1074000048020020957901085802002041680B4B82
:1074100010B50400994201D000F0BCFAA168084BF5
:10742000994202D0200000F0B5FAE168054B99427C
:1074300002D0200000F0AEFA10BDC0461068002057
:1074400078680020E068002010B5094B094A042143
:107450001A6009480022FFF795FF01220921074819
:10746000FFF790FF022212210548FFF78BFF10BDA6
:1074700048690020F1730108106800207868002036
:10748000E068002010B5024800F031F910BDC04698
:107490005169002010B5024800F02AF910BDC0461D
:1074A0005169002010B50400FFF7ECFF236A002BA0
:1074B00002D0FFF7EFFF10BD044B2362044B1B68A3
:1074C000002BF6D1FFF7C0FFF3E7C0460D740108AB
:1074D00048690020F7B51400002600900191A568C6
:1074E0006768013F04D52468002CF8D13000FEBD48
:1074F000AB89012B08D90E22AB5E013304D02900E1
:107500000098019B984706436835EAE770B50C0080
:107510000E25495F00F086F8002803DB636D1B1819
:10752000636570BDA389024A1340A381F9E7C04691
:10753000FFEFFFFFF8B51F008B8905000C00160058
:10754000DB0505D50E23C95E0022022300F056F8A4
:10755000A389054A28001340A38132000E23E15E6F
:107560003B0000F085F8F8BDFFEFFFFF70B50C00A1
:107570000E25495F00F042F8A389421C03D1054A59
:107580001340A38170BD802252011343A381606523
:10759000F8E7C046FFEFFFFF10B50E23C95E00F00D
:1075A0001BF810BD10B5884202D98B18984208D339
:1075B00000239A4207D0CC5CC4540133F9E78B5CBA
:1075C0008354013AFBD210BD03008218934200D1CC
:1075D000704719700133F9E7002370B5064D0400B8
:1075E00008002B60F9F7C6FC431C03D12B68002B65
:1075F00000D0236070BDC0464C69002070B5040007
:10760000080011001A000023054D2B60F9F7BCFC9F
:10761000431C03D12B68002B00D0236070BDC046F3
:107620004C69002070B50400080011001A00002306
:10763000054D2B60F9F784FC431C03D12B68002B0C
:1076400000D0236070BDC0464C690020002370B597
:10765000064D040008002B60F9F798FC431C03D189
:107660002B68002B00D0236070BDC0464C69002001
:1076700070B50400080011001A000023054D2B60AE
:10768000F9F76BFC431C03D12B68002B00D023605F
:1076900070BDC0464C690020014B18687047C04659
:1076A0005402002070B500260C4C0D4D641BA41034
:1076B000A64209D1002601F0F3FA0A4C0A4D641BD8
:1076C000A410A64205D170BDB300EB58984701360F
:1076D000EEE7B300EB5898470136F2E7888F0108D0
:1076E000888F01088C8F0108888F010870477047C8
:1076F0007047002310B59A4200D110BDCC5CC45431
:107700000133F8E7F8B50D0017006B00274A5B0D51
:107710009A180E0004000100132A21DC002A07DA5F
:107720000022EE0FF3073A607B6029002000F8BDCD
:107730001F48104103002B40234305D1F60F3C6046
:107740007D601C00F507F0E786430022330020002F
:1077500029003A607B60F3F741FB04000D00E4E789
:10776000332A15DD29003C607D6000F04FF90028C8
:107770000AD122002B0020002900F2F749F804006A
:107780000D003C607D60D0E7EE0F0024F507CCE7EC
:107790000120084A40429B18D84003002340204261
:1077A000CCD081432B000A00D1E7C04601FCFFFF8B
:1077B000FFFF0F00EDFBFFFF7FB514001A00094B20
:1077C00005001B680E00D868074B002C01D1074B41
:1077D0001C000749019302942B00009600F006F963
:1077E00000F044F954020020A68E0108E18E010841
:1077F000B38E010870B505000C1E10D0043C236840
:10780000002B00DAE4182800FFF7ACFB1D4A1368D0
:10781000002B05D1636014602800FFF7ABFB70BD3F
:10782000A34208D9206821188B42F3D119685B68FC
:1078300009182160EEE71A005B68002B01D0A34213
:10784000F9D911685018A0420BD1206809185018B6
:1078500011608342E0D118685B6841181160536081
:10786000DAE7A04202D90C232B60D5E72068211863
:107870008B4203D119685B6809182160636054600A
:10788000CAE7C0460C680020F7B50C228B5E0500E5
:107890000C001A0756D44A68002A02DC0A6C002A37
:1078A0004EDDE76A002F4BD0002280202E682A6030
:1078B0001A004001216A0240034233D0626DA3895D
:1078C0005B0706D56368D21A636B002B01D0236C6B
:1078D000D21A00232800E76A216AB847A289431C0C
:1078E00006D129681D2946D8294BCB40DB0742D554
:1078F0000023636023692360D20405D5431C02D1B1
:107900002B68002B00D16065616B2E60002917D0B9
:1079100023004433994202D02800FFF76BFF002375
:1079200063630DE001232800B8470200431CC6D161
:107930002B68002BC3D01D2B01D0162B1AD12E6023
:1079400000201EE00E69002EFAD00F680E60BA1BF0
:10795000019200229B0700D14A69A260019B002B83
:10796000EEDDA36A32001F002800019B216AB847A0
:10797000002807DCA2894023012013431BB2A38106
:107980004042FEBD019B36181B1A0193E6E7C04634
:10799000010040200B6970B505000C00002B02D1DE
:1079A0000025280070BD002804D0036A002B01D1F7
:1079B000FFF778FD0C22A35E002BF1D0626ED20798
:1079C00004D49B0502D4A06DFFF791FE280021008E
:1079D000FFF75AFF636E0500DB07E2D4A3899B051E
:1079E000DFD4A06DFFF784FEDBE700000EB417B50F
:1079F000054C05AB04CB01002068019300F064F84E
:107A00001EBC08BC03B01847540200200B0070B520
:107A10000400020001001C430220002C06D080203C
:107A20000006834203D14B1E9941881C70BD0C484F
:107A3000590049080B4C0E180420A642F6D98024A0
:107A400001386403A342F1D380252D065D19A542B8
:107A5000ECD3054C0020A142E8D150425041E5E76B
:107A60000000F0FFFFFFDF7F0000F07F062010B571
:107A700000F08CFB0120F9F75DFA936810B5013B2B
:107A80009360002B04DA9469A34207DB0A2905D02E
:107A90001368581C10601970080010BD00F0ACFA93
:107AA0000100F9E7F8B506000F001400D518AC4244
:107AB00001D1002007E021783A003000FFF7DDFF18
:107AC0000134431CF3D1F8BDF0B5A1B00F0015008F
:107AD0001E000390002804D0036A002B01D1FFF799
:107AE000E1FC7B6EDB0705D4BB899B0502D4B86D36
:107AF000FFF7FDFDBB891B0702D53B69002B13D1A6
:107B00003900039800F0BAFA00280DD07B6EDB072D
:107B100003D50120404221B0F0BDBB899B05F8D4BC
:107B2000B86DFFF7E5FDF4E7002308AC636120338F
:107B300063761033A37607962E003378002B01D09E
:107B4000252B48D1731B0593AE420BD02A00390078
:107B50000398FFF7A7FF013000D1AEE06369059AF3
:107B60009B1863613378002B00D1A6E0012200232B
:107B70005242626004A954325218751C2360E360BB
:107B8000A3601370A365594B05221800297805934B
:107B900000F01CFB6E1C00281FD12268D30604D500
:107BA000532304A95B1820211970130704D553230C
:107BB00004A95B182B2119702B782A2B16D02E00C4
:107BC00000210A20E3683278751C303A092A50D91E
:107BD000002911D117E00136AFE7059B2268C01AD2
:107BE00001238340134335002360CCE7079B191D15
:107BF0001B680791002B01DB0B9304E05B42E36001
:107C000002231343236033782E2B0CD173782A2B55
:107C100034D1079B02361A1D1B680792002B01DA2C
:107C200001235B420993324D03222800317800F092
:107C3000CDFA002806D04023401B8340226801363D
:107C400013432360317806222A48751C217600F000
:107C5000BDFA002840D0284B002B22D10722079BD9
:107C600007339343083307936369049A9B1863614E
:107C700062E743432E0001219B18A4E700230A205A
:107C80001900013663603278751C303A092A03D92D
:107C9000002BC8D00991C6E741432E000123891863
:107CA000F1E707AA009221003A00144B039800E084
:107CB00000BF0490049B0133D6D17B6EDB0705D453
:107CC000BB899B0502D4B86DFFF712FDBB895B062B
:107CD00000D51EE70D981EE707AA009221003A0082
:107CE000064B039800F07CF8E3E7C046E28E0108FB
:107CF000E88E0108EC8E010800000000A57A01085A
:107D0000F7B5160001938A680B690C000090934246
:107D100000DA13002200336043321278002A01D0C7
:107D20000133336023689B0602D533680233336026
:107D30002268062315001D401A4227D02300433332
:107D40001B785A1E93412268920630D42200019972
:107D50000098089D4332A847013025D006222368A9
:107D600000251340042B05D13368E568ED1AEB4379
:107D7000DB171D40A3682269934201DD9B1AED18B1
:107D80000026B54220D1002010E00135E3683268BA
:107D90009B1AAB42D2DD2200012301990098089F73
:107DA0001932B8470130F0D101204042FEBD3020E9
:107DB000E1184331087021005A1C45310978A21896
:107DC000433202331170C1E7220001230199009868
:107DD000089F1A32B8470130E6D00136D1E70000DB
:107DE000F0B58BB006920A004332079305900392D8
:107DF0000A7E0C00109B782A09D8622A0BD8002A28
:107E000000D1BAE07A490491582A00D18EE02500C9
:107E100042352A7022E0100063381528F7D8F0F7B1
:107E20007BF916001F00F6FFF6FFF6FFF6FF1F00B6
:107E3000F6FFF6FFF6FFF6FF9F0036007E00F6FF26
:107E4000F6FFB000F6FF3600F6FFF6FF82002500D1
:107E50001A684235111D196013682B7001239EE0CA
:107E600018680968021D0D060BD506681A60002EF9
:107E700003DA2D23039A764213705D4B0A2704938D
:107E800018E006681A604906F1D536B2EFE70868CF
:107E9000196840C9050602D4400600D5B6B219607B
:107EA000534B0A2704936F2A00D1023F230000227C
:107EB00043331A706368A360002B06DB0421226839
:107EC000039D8A43226033430CD0039D3000390068
:107ED000F0F7B2F9049B013D5B5C2B7033000600A8
:107EE0009F42F3D9082F09D12368DB0706D56268C2
:107EF00023699A4202DC3023013D2B70039B5B1BFC
:107F00002361079B210000930598069B09AAFFF7B0
:107F1000F7FE013048D1012040420BB0F0BD2022D5
:107F200009680A43226078223249049121004531D0
:107F30000A701968226840C9100602D4500600D59C
:107F4000B6B21960D30702D5202313432360002E55
:107F500001D01027AAE72022236893432360F8E783
:107F60001A680D68101D4969186013682E0601D53E
:107F7000196002E06D06FBD519800023039D236183
:107F8000BFE71A68111D1960156800212800626892
:107F900000F01CF9002801D0401B60606368236179
:107FA0000023039A1370ACE72A0023690699059809
:107FB000079DA8470130AED023689B0715D4099BC5
:107FC000E0689842A9DA1800A7E722000123069981
:107FD0000598079E1932B04701309CD00135E368FF
:107FE000099A9B1AAB42F0DCE9E70025F7E7C046A7
:107FF000F38E0108048F0108F8B506000D00140087
:10800000002804D0036A002B01D1FFF74BFAA369C3
:10801000A360A3891B0702D52369002B09D1210086
:10802000300000F02BF8002803D001256D42280015
:10803000F8BD23692068EFB2C01A6369EDB28342CC
:1080400005DC21003000FFF7A5FC0028EDD1A36876
:108050000130013BA36023685A1C22601F706369D2
:10806000834204D0A389DB07E1D50A2DDFD12100AB
:108070003000FFF78FFC0028D9D0D6E72D4B70B524
:10808000050018680C00002804D0036A002B01D1F9
:10809000FFF708FA0C22A35E1A0723D4DA0607D4E6
:1080A00009222A60402201201343A38140423AE082
:1080B0005B0713D5616B002908D023004433994234
:1080C00002D02800FFF796FB002363632422A389D4
:1080D0009343A38100236360236923600823A2895B
:1080E0001343A3812369002B0BD1A0218022A389F4
:1080F000890092000B40934203D02100280000F039
:108100009BF80C22A35E01211A000A400B420BD0FF
:108110000022A26062695242A2610020226982426A
:1081200001D11A06BED470BD990700D46269A2605D
:10813000F3E7C0465402002070B504000D001F296B
:1081400004D9162303600120404270BDC36B002B8D
:1081500004D08A009B181A68002A08D1200000F079
:1081600031F82A000100200000F01AF8EDE7012A9A
:1081700009D0511C03D1162303600120E5E700213B
:108180002800196090470020DFE7000010B5034B7E
:1081900001001868FFF7D0FF10BDC0465402002050
:1081A000002370B5064D0400080011002B60F8F79D
:1081B000B9FE431C03D12B68002B00D0236070BD97
:1081C0004C69002010B5F8F7ABFE10BDC9B282189B
:1081D000904201D10020704703788B42FBD00130E0
:1081E000F6E7000070B50E001D000E23C95E1400F6
:1081F00096B000290CDAB2898023110019401A4286
:1082000014D18023DB0000202960236016B070BDEC
:108210006A4600F053F80028EDDBF02301991B02B9
:108220001940044BC9184B425941EAE70021402349
:10823000E9E7C04600E0FFFFF0B502268B890500A4
:108240000C0085B0334207D02300473323602361FD
:108250000123636105B0F0BD03AB02AAFFF7C2FFC3
:10826000029F019039002800FEF7FCFD002808D18C
:108270000C22A35E9A05EDD4032293431E43A681EC
:10828000E2E78023A28920601343A381039B20613E
:108290006761002B0CD028000E23E15E00F020F86F
:1082A000002805D00323A2899A43023B1343A381EC
:1082B000A389019A1343A381CCE70000002370B582
:1082C000064D0400080011002B60F8F756FE431C11
:1082D00003D12B68002B00D0236070BD4C690020B7
:1082E000002370B5064D040008002B60F8F74AFE25
:1082F000431C03D12B68002B00D0236070BDC04607
:108300004C690020F8B504000D0000F081F906006A
:108310000F002000290000F089F800280DD020006F
:1083200029000F4A0F4BF0F7A1F8002808D0FFF7FB
:10833000B3F9222300260C4F036030003900F8BD4A
:1083400020002900094A0A4BF0F77CF80028F4D0F5
:10835000FFF7A2F92223002600270360EDE7C046BD
:10836000EF39FAFE422E86400000F07F51302DD5C5
:10837000104987C0F8B504000D0000F0B1FA2200E2
:1083800006000F002B0020002900F3F731F9002828
:1083900015D10022002320002900F0F767F80028FB
:1083A0000DD10022002320002900F0F745F8002815
:1083B00008D0FFF771F922230026074F0360300031
:1083C0003900F8BDFFF768F921230360034800F086
:1083D00035F806000F00F2E70000F0FFE18E01081B
:1083E000F8B504000D0000F02FF8220006000F0081
:1083F0002B0020002900F3F7FBF8002813D10022FE
:10840000002320002900F0F71DF800280BD0FFF70B
:1084100043F9212300220360002310001900F1F723
:10842000BDFD06000F0030003900F8BD024B4800CA
:108430004008C018C00F704700001080002001499C
:108440007047C0460000F87FF0B50A000D006B4988
:1084500004000300080087B02840884211D12200A0
:108460002B0020002900F2F7D3F902000B002000B6
:108470002900F1F7CDF904000D002000290007B014
:10848000F0BD002D11DC690049082143F5D0002022
:10849000854210D022002B0020002900F2F79EFC1C
:1084A00002000B00F1F77AFDE5E7281515D18024CD
:1084B0000021640307E0DA0A15385B05002AFAD0C8
:1084C000F5E7520001312242FBD04C1E001B202454
:1084D0001D00641AE5408B402A43494912034418A1
:1084E0008021120B49031143C00703D4DA0F49005E
:1084F00051185B0000256210490080240592DA0FB4
:108500005218162029005B00A4030E19964202DCC3
:108510003119921B2D19DE0F5200013892195B00A0
:1085200064080028F1D120268027040004963F0625
:108530003E18B4468A4202DC14D19E4212D86046EC
:108540006646C0190091002E03DAC643F60F8E1955
:108550000096521A634589414942521A61465B1A94
:108560000099E419DE0F52009219049E5B00013E4F
:108570007F080496002EDBD11A431FD0214E224FD4
:10858000306871683A687B6800920193326873685A
:1085900002920393009A019BF2F720FC02000B0069
:1085A00002980399EFF758FF002807D030687168E8
:1085B0003A687B68671C0CD1049C0135134A6B1028
:1085C0009B18059AED076408120525432800D11869
:1085D00051E7F1F71DF97768366802000B003000AB
:1085E0003900EFF72FFF002804D0023463426341C3
:1085F000ED18E3E7012301349C43DFE70000F07F3F
:1086000001FCFFFF488F0108408F01080000E03F98
:10861000F0B54B000F00CC0F9149060089B05B0804
:108620008B422ED98F498B4211D93B031B0B03433D
:1086300006D002003B0030003900F1F7E9F810E005
:10864000002C00D009E13000390009B0F0BD39003C
:10865000854A864BEFF70AFF051E05D0002000F083
:1086600017FB06000F00EEE730003900804A814B0F
:10867000EFF7E8FE002800D17DE0280000F001FBC4
:10868000EFE77D4A934200D89EE07C4A934272D83D
:108690007B4BE5005B191A685B683900F2F79EFBBB
:1086A000784B029003915B191A685B6804920593FA
:1086B000012363401B1B0193049A059B02980399B5
:1086C000F2F78CFB06000F0032003B00300039004F
:1086D000F2F79EF804000D006B4A6C4BF2F798F825
:1086E0006B4A6C4BF2F77AFB22002B00F2F790F802
:1086F000694A6A4BF1F78CF822002B00F2F788F8F0
:10870000674A684BF2F76AFB22002B00F2F780F809
:10871000654A664BF1F77CF822002B00F2F778F8F7
:1087200002000B0030003900F2F758FB0B0002008A
:1087300004000D0030003900F2F76AF8019B069042
:108740000791002B56D18023002220002900DB0551
:10875000F2F744FB02000B0006980799F1F71EFCA4
:1087600032003B00F2F73AFB02000B0000205049B8
:10877000F2F734FB75E74F4BE4001C194E4A4F4BA0
:1087800030003900F2F744F822686368F1F740F8E6
:10879000F2F750FF0190F2F789FF494A494B040074
:1087A0000D00F2F735F802000B0030003900F2F747
:1087B00015FB454A02900391444B20002900F2F733
:1087C00027F80490059177E7414A93420DD8414A32
:1087D000414B3900F1F71CF80022354BEFF746FE0C
:1087E000002805D00022324B25E7002301936BE7D8
:1087F000019069E780212B0022000020C905F2F7D3
:10880000EDFA02000B0006980799F1F7C7FB02008A
:108810000B0004980599F2F7E1FA029A039BF2F72C
:10882000DDFA02000B0000202149F2F7D7FA2B4BAA
:10883000019A0D009A4203DB110506004F1902E769
:10884000FA2292009446019B002263441B055918AA
:10885000B8235B04F1F7DCFF03E700260027F2E60C
:10886000412E8640FFFFEF7FEF39FAFE422E864011
:1088700051302DD5104987C0422ED63FB1A2F03FCE
:10888000608F0108508F0108D0A4BE726937663E20
:10889000F16BD2C541BDBB3E2CDE25AF6A56113F00
:1088A00093BDBE166CC1663F3E5555555555C53FE7
:1088B0000000F03F708F0108FE822B654715F73FDF
:1088C0000000E0FE422EE63F763C7935EF39EA3D86
:1088D000FFFFEF3D9C7500883CE4377E03FCFFFF03
:1088E0008023F0B55B030E008DB0994223DA4B0074
:1088F0005B08034307D1002200230020B449F1F7AD
:108900004DFB0DB0F0BD002906DA02000B00F2F7B6
:1089100065FA00220023F2E7AE4B0022F1F778FF60
:1089200036230E005B42AC4A964206DD02000B0085
:10893000F0F76EFFE5E70023F5E7A84C32151219B2
:108940003603A74CD218330B02931B1980246403FF
:108950002340A44C029D5C401B159B18254300221C
:10896000009329009F4BF2F739FA029B060002336D
:108970001B030F0000221B0B022B64DC0023EFF70C
:108980005BFD002819D0009B002B00D11CE11800D2
:10899000F2F78CFE944A954B04000D00F1F738FF76
:1089A000934A06000F00934B20002900F1F730FF97
:1089B00002000B0030003900BAE78F4A8F4B3000BD
:1089C0003900F1F725FF02000B0000208C49F2F777
:1089D00005FA320004000D003B0030003900F1F7C9
:1089E00017FF0B00020029002000F1F711FF009B88
:1089F00002900391002B06D102000B0030003900D9
:108A0000F2F7ECF97DE70098F2F750FE764A774BE3
:108A100004000D00F1F7FCFE754A00900191754BC2
:108A200020002900F1F7F4FE02000B0002980399E0
:108A3000F2F7D4F932003B00F2F7D0F902000B0054
:108A400000980199DCE78023DB05F0F7E1FE0200E6
:108A50000B0030003900F1F7A1FA0490059100985D
:108A6000F2F724FE049A059B069007911000190066
:108A7000F1F7CEFE634A029B9446634402000B93D7
:108A80000B0008900991F1F7C3FE04000D005E4A47
:108A90005E4BF1F7BDFE5E4A5E4BF0F7B9FE220079
:108AA0002B00F1F7B5FE5C4A5C4BF0F7B1FE2200FB
:108AB0002B00F1F7ADFE5A4A5A4BF0F7A9FE089A7F
:108AC000099BF1F7A5FE584A08900991574B2000E1
:108AD0002900F1F79DFE564A564BF0F799FE220009
:108AE0002B00F1F795FE544A544BF0F791FE22000B
:108AF0002B00F1F78DFE02000B0008980999F0F7A2
:108B000087FE029A4E4B04009B1A0B9A0D001343EA
:108B1000002B34DD00223A4B30003900F1F778FEAB
:108B200032003B00F1F774FE02000B00029003914B
:108B300020002900F0F76CFE049A059BF1F768FE0F
:108B4000009B04000D00002B06D102000B000298D0
:108B50000399F2F743F94FE7234A244B0698079904
:108B6000F1F756FE224A0090019106980799214B91
:108B7000F1F74EFE22002B00F0F74AFE54E7020008
:108B80000B0030003900F2F729F9049A059BF1F740
:108B90003FFE009B04000D00002B02D102000B00E1
:108BA0002CE7114A114B06980799F1F731FE104A4C
:108BB00000900191069807990E4BF1F729FE0200EB
:108BC0000B002000290033E70020002199E6C04671
:108BD000000050C300005043FFFFEF7F01FCFFFF88
:108BE000645F09000000F03F0000E0FE422EE63F17
:108BF000763C7935EF39EA3D555555555555D53FB4
:108C00000000E03F86EBF9FF44523EDF12F1C23F25
:108C1000DE03CB966446C73F599322942449D23F42
:108C2000935555555555E53F9FC678D0099AC33F92
:108C3000AF788E1DC571CC3F04FA97999999D93FA9
:108C400051B8060070B50D0016000400FEF724FDB3
:108C500029000660200070BD37B514001D000028F3
:108C600002D0802109065B1800920193009A019BB3
:108C700020002900F1F7CCFD2222FFF7E3FF03B02B
:108C800030BD802310B500225B05FFF7E5FF10BD66
:108C9000E02310B50022DB05FFF7DEFF10BD00006A
:108CA000F8B5C046F8BC08BC9E467047F8B5C0464B
:088CB000F8BC08BC9E467047A9
:108CB800A089B0E1E995B23FECC039234A7BC33FB4
:108CC8000A68226C787ACD3FB81E85EB51B8DE3F32
:108CD800000000000000F03F0F9C33A2B437F93FBA
:108CE8008A1F63EE5A420140A54E40136143064075
:108CF800EF38454772790940000000003F800000C6
:108D080000000000228D00084E8C0008388C0008F6
:108D1800B48C0008388C0008E88C0008388C0008EF
:108D2800B48C00084E8C00084E8C0008E88C0008B3
:108D3800B48C0008248C0008248C0008248C0008BB
:108D4800F28C00084E8C00084E8C0008388C000805
:108D58008E8D0008388C0008E88C0008388C0008D4
:108D68008E8D00084E8C00084E8C0008E88C000898
:108D78008E8D0008248C0008248C0008248C0008A0
:108D8800D0A100088EA000086CA0000858A0000818
:108D98006CA0000872A100086CA0000858A0000888
:108DA8008EA000088EA0000872A1000858A0000834
:108DB80050A0000850A0000850A0000894A1000886
:108DC800000000000000000000000000000000009B
:108DD8000100000002000000030000000400000081
:108DE800000000000000000000000000000000007B
:108DF800000000000000000000000000000000006B
:108E08000100000002000000030000000400000050
:108E1800060000000700000008000000090000002C
:108E280053544D5F31302E31302E3335435200527A
:108E380045454E54206D616C6C6F63207375636398
:108E48006565646564002F6275696C642F676E756B
:108E58002D746F6F6C732D666F722D73746D333252
:108E68005F31332E332E72656C312E32303234300E
:108E78003932362D313731352F7372632F6E65775E
:108E88006C69622F6E65776C69622F6C6962632FFB
:108E98007374646C69622F72616E642E63002C2097
:108EA80066756E6374696F6E3A20006173736572DC
:108EB80074696F6E2022257322206661696C65646F
:108EC8003A2066696C6520222573222C206C696E15
:108ED80065202564257325730A00232D302B200077
:108EE800686C4C006566674546470030313233345C
:108EF80035363738394142434445460030313233FC
:108F080034353637383961626364656600000100BC
:108F180002000400060008000A000C0010002000EF
:108F28004000800000010804020408010101010159
:108F3800010307010000000059F3F8C21F6EA501E4
:108F4800000000000000F03F763C7935EF39EA3D3B
:108F5800763C7935EF39EABD0000E0FE422EE63F67
:108F68000000E0FE422EE6BF000000000000E03FE7
:088F7800000000000000E0BF52
:088F800090F6FE7F01000000E5
:048F8800E580000878
:048F8C00BD8000089C
:108F90000000000000002E400E2DB29DEFFF584053
:108FA0000000000000002E40210000000900000029
:108FB00001000000000400502000000000040050E8
:108FC00010000000000800500010000000000050D9
:108FD000000800000004005008000000000C0050D1
:108FE00004000000000800500020000000080050AD
:108FF00000080000000800500002000000080050B7
:1090000000040000000800500001000000040050AF
:1090100004000000000C005001000000000000509F
:10902000040000000000005008000000000C005088
:1090300000010000000C005000020000000C005075
:1090400040000000000C0050200000000004005010
:1090500000800000000400500040000000040050A8
:109060000020000000040050001000000004005028
:10907000000800000004005000040000000400503C
:109080000002000000040050000100000008005031
:109090008000000000080050400000000008005060
:1090A00020000000000800501000000000080050E0
:1090B00008000000000800500400000000080050F4
:1090C0000200000000080050010000000101000043
:1090D0000024F400000000000F0000000800000061
:1090E0000000000000003E400000000000406F4013
:1090F00000000000000000400000000000C092409E
:109100000000000000008940010000000001000094
:10911000010000000000000000000000000000004E
:109120000F000000070000000000000000004E409B
:109130000000000000005440000000000000F03F6C
:109140000000000000F891400000000000E08540B1
:10915000010000000001000001000000000000000C
:1091600000000000000000000101010002000000FA
:1091700001010000000000000000000000000000ED
:109180000000000000C092400000000000488C4039
:109190000900000009000000010000000F000000AD
:1091A00000000000003071400000000000D0864048
:1091B000000000000000594000000000000059407D
:1091C0000000000000D08640010000000100000007
:1091D000010B01000400000000000000030000007B
:1091E00010680020580200200000000010680020D5
:1091F00078680020E0680020000000000000000007
:10920000000000000000000000000000000000005E
:10921000000000000000000000000000000000004E
:10922000000000000000000000000000000000003E
:04923000000000003A
:0400000508014AC9DB
:00000001FF
