:020000040800F2
:10800000009000206D4901080108010803080108DB
:108010000000000000000000000000000000000060
:10802000000000000000000000000000050801083A
:10803000000000000000000007080108090801080E
:10804000BD490108BD490108BD490108BD490108F4
:10805000BD490108BD490108BD490108BD490108E4
:10806000BD49010811080108BD490108BD490108C1
:10807000BD490108BD490108BD490108BD490108C4
:10808000BD4901082108010831080108410801081B
:10809000BD4901085108010861080108BD490108EE
:1080A000BD490108BD490108BD4901087108010821
:0C80B000BD490108BD490108BD49010897
:1080BC0010B5064C2378002B07D1054B002B02D0B2
:1080CC00044800E000BF0123237010BDB80200205B
:1080DC0000000000448B0108044B10B5002B03D0AA
:1080EC000349044800E000BF10BDC046000000007A
:1080FC00BC020020448B010802B4714649084900B7
:10810C00095C49008E4402BC7047C04603B47146FA
:10811C00490840004900095E49008E4403BC704781
:10812C00002243088B4274D303098B425FD3030AAA
:10813C008B4244D3030B8B4228D3030C8B420DD3BD
:10814C00FF22090212BA030C8B4202D3121209024B
:10815C0065D0030B8B4219D300E0090AC30B8B4289
:10816C0001D3CB03C01A5241830B8B4201D38B0337
:10817C00C01A5241430B8B4201D34B03C01A5241DC
:10818C00030B8B4201D30B03C01A5241C30A8B421F
:10819C0001D3CB02C01A5241830A8B4201D38B020A
:1081AC00C01A5241430A8B4201D34B02C01A5241AE
:1081BC00030A8B4201D30B02C01A5241CDD2C30920
:1081CC008B4201D3CB01C01A524183098B4201D39C
:1081DC008B01C01A524143098B4201D34B01C01A87
:1081EC00524103098B4201D30B01C01A5241C308FF
:1081FC008B4201D3CB00C01A524183088B4201D36E
:10820C008B00C01A524143088B4201D34B00C01A59
:10821C005241411A00D20146524110467047FFE7C5
:10822C0001B5002000F0F0F802BDC0460029F7D0DF
:10823C0076E7704703460B437FD4002243088B42FA
:10824C0074D303098B425FD3030A8B4244D3030BD1
:10825C008B4228D3030C8B420DD3FF22090212BA96
:10826C00030C8B4202D31212090265D0030B8B4212
:10827C0019D300E0090AC30B8B4201D3CB03C01AFC
:10828C005241830B8B4201D38B03C01A5241430BD7
:10829C008B4201D34B03C01A5241030B8B4201D3C7
:1082AC000B03C01A5241C30A8B4201D3CB02C01A32
:1082BC005241830A8B4201D38B02C01A5241430AAA
:1082CC008B4201D34B02C01A5241030A8B4201D399
:1082DC000B02C01A5241CDD2C3098B4201D3CB0140
:1082EC00C01A524183098B4201D38B01C01A5241EF
:1082FC0043098B4201D34B01C01A524103098B42F3
:10830C0001D30B01C01A5241C3088B4201D3CB00DD
:10831C00C01A524183088B4201D38B00C01A5241C0
:10832C0043088B4201D34B00C01A5241411A00D270
:10833C0001465241104670475DE0CA0F00D04942D9
:10834C00031000D34042534000229C4603098B4249
:10835C002DD3030A8B4212D3FC22890112BA030AD1
:10836C008B420CD3890192118B4208D38901921153
:10837C008B4204D389013AD0921100E08909C309D8
:10838C008B4201D3CB01C01A524183098B4201D3DA
:10839C008B01C01A524143098B4201D34B01C01AC5
:1083AC00524103098B4201D30B01C01A5241C3083D
:1083BC008B4201D3CB00C01A524183088B4201D3AC
:1083CC008B00C01A5241D9D243088B4201D34B00C7
:1083DC00C01A5241411A00D20146634652415B1009
:1083EC00104601D34042002B00D5494270476346EA
:1083FC005B1000D3404201B5002000F005F802BD2F
:10840C000029F8D016E770477047C0468446100024
:10841C0062468C461900634600E0C0461FB502F068
:10842C0083F9002801D40021C8421FBD10B502F009
:10843C00C7F84042013010BD10B502F075F90028A4
:10844C0001DB002010BD012010BDC04610B502F0AC
:10845C006BF9002801DD002010BD012010BDC046C5
:10846C0010B502F0F1F8002801DC002010BD01204D
:10847C0010BDC04610B502F0E7F8002801DA002064
:10848C0010BD012010BDC046844608006146FFE7C0
:10849C001FB500F0FBFC002801D40021C8421FBD11
:1084AC0010B500F083FC4042013010BD10B500F057
:1084BC00EDFC002801DB002010BD012010BDC046E2
:1084CC0010B500F0E3FC002801DD002010BD0120F8
:1084DC0010BDC04610B500F091FC002801DC002056
:1084EC0010BD012010BDC04610B500F087FC00285F
:1084FC0001DA002010BD012010BDC046002B11D1A7
:10850C00002A0FD1002900D1002802D00021C94334
:10851C00080007B4024802A14018029003BDC046EF
:10852C00E9FEFFFF03B4684601B5029800F06AF853
:10853C00019B9E4602B00CBC7047C046F0B5CE46BF
:10854C009946030C9C46130447461B0C1D000E0059
:10855C0061460404240C80B50700100C4B436543A2
:10856C00414360432C0CC01824188C46A34203D9F9
:10857C0080235B029846C444494679435643230CF6
:10858C002D042D0C8919634424046019C918C0BC2E
:10859C00B946B046F0BDC0469E2110B5C905041CB5
:1085AC00FFF7A2FF002803D1201C01F075F810BDC5
:1085BC009E21201CC90500F00BFE01F06DF88023F4
:1085CC001B069C466044F2E770B500220C4B04007D
:1085DC000D00FFF74FFF002804D12000290003F005
:1085EC0023F870BD064B00222000290002F0F0FB9E
:1085FC0003F01AF880231B069C466044F1E7C04642
:10860C000000E041F0B557464E464546DE46E0B523
:10861C0004000D009246994683B08B4230D82DD081
:10862C004946504603F076F929000600200003F075
:10863C0071F9331A9846203B34D49B4653465A461C
:10864C00934042461F00534693401E00AF423BD816
:10865C00AF4200D179E05B46A41BBD41002B00DA90
:10866C0076E0002200230092019301235A469340A6
:10867C000193012342469340009329E08242CFD9D3
:10868C0000220023009201930C9B002B01D01C6054
:10869C005D600098019903B0F0BCBB46B246A94698
:1086AC00A046F0BD42469B4620239B1A5246DA4018
:1086BC00414613004A468A40170042461F43534620
:1086CC0093401E00AF42C3D90022002300920193B5
:1086DC004346002BD8D0FB0772081A4346467B084A
:1086EC000EE0AB4201D1A2420CD8A41A9D4101204C
:1086FC0024196D410021013E24184D41002E06D055
:10870C00AB42EED9013E24196D41002EF8D10098F0
:10871C0001995B4600196941002B24DB2B005A465A
:10872C004446D3402A00E2401C005B461500002B57
:10873C002ADB26009E40330026004746BE4032000E
:10874C00801A9941009001919EE7A342BCD882E720
:10875C004246202300219B1A002200910192012203
:10876C00DA40019285E7424620239B1A2A004646AE
:10877C009A402300F340444613432A00E2401C0075
:10878C005B461500002BD4DA42462F00202326002E
:10879C0097409B1ADE403B003343CDE7F8B54B02C4
:1087AC005A0A94464A00C90FCE46474689464500A8
:1087BC0046022D0E120E80B59909770AC40FB60920
:1087CC00AB1A4C4520D0002B0CDD002A34D10029EB
:1087DC002AD05A1E012B00D18FE0FF2B00D1CDE007
:1087EC0013002FE0002B60D0531B002D00D0EEE0C7
:1087FC00002E00D13EE15C1E012B00D16BE1FF2B62
:10880C0000D1B9E02300E7E0002B00DCA4E0002A53
:10881C0069D0FF2D00D1B1E08022D20411431B2B73
:10882C0000DCE9E02B000536F708FF2B00D1A5E0B2
:10883C007A02520AD8B230E0FF2D00D19EE080229D
:10884C00D204114301201B2B08DC08002022D84045
:10885C00D31A99400B005A1E93411843361A7301D0
:10886C0000D471E0B601B709380003F035F83B00CD
:10887C000538834085424DDDB44E2D1A1E405A07F3
:10888C0068D00F221340042B64D00436730161D5D9
:10889C00681CFE2D54D1FF200022C0051043E407B4
:1088AC002043C0BCB946B046F8BDFE229046681CB9
:1088BC000200404610426BD1002D00D0DDE0002EAE
:1088CC0000D102E10029B3D08022771AD2041742DA
:1088DC0000D136E14C468E1B61D00120164230D1BE
:1088EC000023F708A4E700299ED05A1E012B00D1C3
:1088FC00CAE0FF2B42D0130091E7711A4B0100D450
:10890C00D1E08F01BF09380002F0E6FF3B000538CB
:10891C00834001252022401B0130121A1E00934077
:10892C00C6405A1E93411E4339D0730700D11BE138
:10893C000F2300253340042BA7D1012072017CD5D5
:10894C00C0B2B201520AA8E7730703D00F23334019
:10895C00042B9AD12B0067E7002B23D0531B002D3F
:10896C007BD1002E00D186E05D1E012B00D18BE067
:10897C00FF2B02D02B0075E04C466746002F00D130
:10898C0089E78022D2033A435202FF20520A84E73D
:10899C00771A7B016BD4002F00D065E700240020F0
:1089AC0000227AE7FE226B1C1A4249D1002D00D01E
:1089BC009FE0002E00D1BAE0002900D1CFE0721860
:1089CC00530100D4CDE092010120520A65E7FF2A41
:1089DC00D2D08020C004064301201B2B08DC3000C1
:1089EC002024D840E31A9E4033005C1EA341184358
:1089FC004C4615000E1A32E708002022D840D31A34
:108A0C0099400B005A1E93410343F61873019BD5F2
:108A1C000135FF2D00D13EE701234D49720833404B
:108A2C000A401A431600530704D00F231340042B9B
:108A3C0000D02AE7730100D52AE72B00F708F7E6E8
:108A4C00FF2B00D127E7711849084A072FD00F22B6
:108A5C000A40042A2BD00E1DE6E6FF2A8DD080207A
:108A6C00C00406431B2B24DD13004E1DDCE64C46D4
:108A7C008F1BF9E64C460E00D6E6002E49D1002994
:108A8C0068D067464C467CE77018430174D5304972
:108A9C0040080140430709D00F230340042B05D0A5
:108AAC0002230E1DC0E60123CF08C1E60223CF0826
:108ABC00BEE620253000D840EB1A9E4033005D1EE8
:108ACC00AB41034315005E18A0E7002900D165E710
:108ADC004C466746ACE68F1B7B012ED5BF01BF0908
:108AEC00380002F0F9FE3B00053883404C46013556
:108AFC0010E7002E00D140E7002900D141E7802388
:108B0C00DB039F4200D23CE79C4500D339E7674624
:108B1C0037E7002900D134E78023DB039F4200D2E2
:108B2C002FE79C4500D32CE74C46674629E70029E4
:108B3C0000D134E70023CF087AE64C460123FF0826
:108B4C0076E6002F00D129E7FF0871E6FFFFFFFB57
:108B5C00FFFFFF7D80220024FF20D2039DE600232F
:108B6C0066E60023D70863E60120720100D5E7E62C
:108B7C0031000023CF085BE60123C70858E6C04646
:108B8C00F0B546464F46D6464502C0B5C30F470022
:108B9C0098460E1C6D0A3F0E5BD0FF2F21D0802310
:108BAC00ED00DB041D43002399469A467F3F740277
:108BBC007300640A1B0EF60F002B20D0FF2B43D042
:108BCC0080220020E400D20414437F3B4246FF1A6B
:108BDC004B4672400F2B00D99DE071499B00CB583E
:108BEC009F46002D5AD108239946063B74029A469B
:108BFC007300FF27640A1B0EF60F002BDED1002C2E
:108C0C003BD1012342464946724019430E2918D8DC
:108C1C006448890041588F465346022B00D1B8E076
:108C2C00032B6ED042462C00012B40D10020002497
:108C3C00C0052043D2071043E0BCBA46B146A84653
:108C4C00F0BDFF200024F3E7002C20D10223FF3FCE
:108C5C00D8E7002D05D104239946033B00279A46FB
:108C6C00A5E7280002F038FE7627431F9D4000231D
:108C7C007F4299469A463F1A99E7200002F02CFE53
:108C8C00431F9C4076235B421B1A00209EE7032364
:108C9C004A461A4391460320FC3397E70C23994626
:108CAC00093BFF279A4682E703282CD03200380074
:108CBC007F30002847DD630704D00F232340042BAB
:108CCC0000D00434230103D53800374B80301C40CE
:108CDC00FE28B6DCA401640AC0B2A9E780240022F5
:108CEC00FF20E403A4E78023DB031D4201D01C42D8
:108CFC000BD08024E4032C4364024246FF20640A18
:108D0C0096E746462C008023DB031C4364023200AA
:108D1C00FF20640A8CE76D01600185422DD21B2374
:108D2C000024013F0126290064006D00002901DBAD
:108D3C00854201D32D1A3443013B002BF3D16B1E1A
:108D4C009D412C43B3E701231B1A1B2B00DD6DE760
:108D5C0021009E37D940BC400B00611E8C4123433F
:108D6C00590704D00F211940042900D004335901AC
:108D7C0013D49B0100205C0A5AE71A2301242D1AF4
:108D8C00D0E7981E43425841404232000024C0B202
:108D9C004EE74246FF2000244AE70120002447E723
:108DAC00B48B0108F48B0108FFFFFFF770B542008C
:108DBC004E024C0045026D0A120EC30F760A240EA9
:108DCC00C90FFF2A10D0FF2C0CD00120A2420AD1CF
:108DDC00B54208D18B420FD0002A04D12800431E83
:108DEC00984100E0012070BD0120FF2CFBD13543E0
:108DFC00F9D14B401800F6E70020F4E730B54200FB
:108E0C0044024D02C30F4800640A120E6D0A000E94
:108E1C00C90FFF2A18D0FF280AD0002A1ED100281B
:108E2C000AD1002D29D0002C2DD14800013830BD9D
:108E3C00002D25D1002A01D1002CF6D08B4219D05F
:108E4C0001205B421843F2E7002C19D1FF28F7D11F
:108E5C00002D15D100208B42F2D1E8E70028EFD08D
:108E6C008B42EDD18242EBDC04DBAC42E8D8002033
:108E7C00AC42DCD258000138D9E7002CD7D0DFE760
:108E8C0002204042D3E78B42DAD1EEE730B5420004
:108E9C0044024D02C30F4800640A120E6D0A000E04
:108EAC00C90FFF2A17D0FF280AD0002A1BD100288F
:108EBC000AD1002D1DD0002C2DD14800013811E015
:108ECC00002D0ED1002A01D1002CF6D08B420CD1F2
:108EDC005800013806E0002C03D1FF2805D1002DE5
:108EEC0015D0022030BD002806D101205B4218436A
:108EFC00F8E7002CF6D0F8E78B42F6D18242F4DC8E
:108F0C00E6DBAC42F1D80020AC42EBD2E0E700202B
:108F1C008B42EAD1E6E78B42E7D1F2E7F0B54F4658
:108F2C004646D6464400C0B546020F1C760A240EAF
:108F3C00C50F002C00D1DAE0FF2C74D08023F60092
:108F4C00DB041E43002399469A467F3C7B025B0A56
:108F5C0098467B001B0EFF0F002B74D0FF2B00D10B
:108F6C008EE042468021D200C90411437F3B2A0087
:108F7C00E4184B467A408846D2B20A2B75DC4B4635
:108F8C000020022B0FDD494601238B40A621C9008E
:108F9C000B4269D1902189000B4200D000E188215D
:108FAC00194200D0F5E041460904090C434608007B
:108FBC00350C36041B0C360C704369435E435D4321
:108FCC007618030C9B19994203D9802149028C46CF
:108FDC00654400041904000C09188E01701E8641AA
:108FEC001B0C890E5B190E439B011E431B016CD499
:108FFC0023007F33002B00DCB1E0150071070BD090
:10900C000F2021003040042806D00436320103D54D
:10901C006E4B1E400B008033FE2B00DDBDE0B20119
:10902C00520ADBB248E0002E00D092E008239946A9
:10903C00063B9A467B025B0A98467B00FF241B0E7C
:10904C00FF0F002B8AD14246002A64D149460132D7
:10905C00114389460A2908DC7D400120EAB2022925
:10906C0091DC1500002227E015005346022B00D19D
:10907C0093E0032B1AD0012B2CD1002300221BE0F0
:10908C004346FF34002B55D003214B460B431900AC
:10909C000A2B00DC92E00F2B00D08CE08022D20354
:1090AC00164203D04346134200D17DE08022D20306
:1090BC0032435202520AFF23D805ED0710432843CE
:1090CC00E0BCBA46B146A846F0BD012315007108B4
:1090DC001E400E4323008033611C002B41DD7207C0
:1090EC0094D00F223240042A00D08EE78EE7002E57
:1090FC0005D104239946033B00249A4626E7300009
:10910C0002F0EAFB7624431F9E40002364429946FA
:10911C009A46241A1AE7404602F0DEFB4B46241A04
:10912C00763C0A2BA1DC4346053883407D409846AB
:10913C00EAB224E74A46023313432A007A40D2B2F9
:10914C000A2B92DC49461500002926D099460220AC
:10915C0019E70C239946093BFF249A46F6E61500BD
:10916C0021000122D31A1B2B00DD86E79E31320031
:10917C008E40DA40731E9E413243530704D00F23B6
:10918C001340042B00D00432530110D501230022CC
:10919C0092E73D004646824667E7FF2300228BE7B5
:1091AC0080220025D20386E73D001A4383E7920113
:1091BC000023520A80E73D00464677E72A00012348
:1091CC007A408B400320D2B2E9E6C046FFFFFFF79E
:1091DC00F8B54746CE46430280B55F0A9B09450069
:1091EC004A009C464B02C40FCE0F2D0E580A120E8D
:1091FC009909FF2A6BD001235E40AB1AB4424BD0C5
:10920C00002B00DCFFE0002A00D188E0FF2D00D10C
:10921C00EFE08022D204114301201B2B08DC080054
:10922C002022D840D31A99400B005A1E9341184360
:10923C0063461B1A9C4663465B0100D4CDE0634633
:10924C009F01BF09380002F047FB3B000538834003
:10925C00854200DCA2E0B74A2D1A1A4094465A0700
:10926C0000D1C3E00F221340042B00D1BEE0042335
:10927C009846C44463465B0100D4B7E0681CFE2DDD
:10928C0000D0A5E0FF200022C0051043E4072043D6
:10929C00C0BCB946B046F8BD002B00DCEBE1002A9F
:1092AC0046D0FF2D00D1A4E08022D20411431B2B09
:1092BC0000DCFBE0052398462B00C4446246D7082B
:1092CC00FF2B00D195E07A02520AD8B2DCE72B00D2
:1092DC00FF3B9946002918D101235E40B44200D1CE
:1092EC00CAE04B46002B2DD0002D00D03CE1FF23D3
:1092FC006446002C00D15FE15D1E012B00D174E1AE
:10930C003400FF2B74D02B0003E1B44200D19CE05D
:10931C00002B17D0002DEAD0070034006CE0002998
:10932C00CCD05A1E012B2BD0FF2B62D0130073E72D
:10933C000029C3D05A1E012B00D11EE1FF2B58D09F
:10934C001300B4E7FE226B1C1A420DD1002D60D025
:10935C006346002B00D020E1002900D028E18022B8
:10936C000024FF20D2038FE763465F1A7B0100D5F0
:10937C00FEE0002F00D065E700240020002283E7E8
:10938C006346591A4B0100D419E18F01BF0938000B
:10939C0002F0A2FA3B000538834001252022401B35
:1093AC000130121A19009340C1405A1E93411943BF
:1093BC008C460B1EE1D05B0700D152E10F23002538
:1093CC000B40042B00D052E701204A0100D492E05C
:1093DC00C0B263469A01520A56E763465B0705D052
:1093EC000F2362461340042B00D040E72B0065E7A7
:1093FC000700002F00D145E78022D2033A435202E6
:10940C00FF20520A40E7002B79D1FE226B1C1A4236
:10941C00AAD16346002B00D1F5E0002900D1D1E0A0
:10942C005F1A8023DB041F4200D10EE16246012447
:10943C008A1A944600203440002A00D124E70120E7
:10944C001A42C6D10023D7083DE7002B17D0002DB8
:10945C0000D0AFE0FF236546002D00D1ADE05E1ECD
:10946C00012B00D189E0FF2BC2D01B2E00DCABE01E
:10947C004B1D9C46130021E74B46002B70D1FE225E
:10948C006B1C1A425ED1002D00D0C3E06346002B4A
:10949C0000D1D0E0002900D194E00A0062445301CD
:1094AC0000D4D8E092010120520AEDE608002022F7
:1094BC00D840D31A99400B005A1E934103439C4445
:1094CC0063465B0189D50135FF2D00D1DAE6624692
:1094DC0001231949134052080A401A4313009446B9
:1094EC005B0704D00F231340042B00D0BFE6634668
:1094FC005B0100D5C2E66346DF082B00E3E6531B95
:10950C00002D00D1F4E680206446C0040443A44638
:10951C00340001201B2B09DC20256046D840EB1AB7
:10952C0065469D402B005D1EAB4118430B1A9C46B3
:10953C00150080E6FFFFFFFBFFFFFF7DFE226B1C8B
:10954C001342A3D0FF2B00D19CE6614449084A0783
:10955C0049D00F220A40042A45D00A1D9446ADE694
:10956C00002D00D176E78DE63400FF2000228BE63B
:10957C0063460124CF1A344064E661444B016DD537
:10958C0048084449014043072CD00F230340042BC7
:10959C0028D00B1D9C46022390E6002900D12BE716
:1095AC008023DB039F4200D226E7984200D323E7B7
:1095BC000124344007001FE734008C467EE601236B
:1095CC00CF0880E600237EE620206546801B854080
:1095DC0063462800F340451EA84103439C461500F2
:1095EC008C446DE70223CF086DE60F1B7B0128D559
:1095FC00BF01BF09380002F06FF93B00053883400A
:10960C0034000125CAE6002900D1B5E60124070083
:10961C00344058E66346002B00D1E9E6002900D11E
:10962C00EAE68023DB039F4200D2E5E6984200D3B2
:10963C00E2E60700E0E6002900D19EE60023CF0811
:10964C0041E634000123FF083DE6002F00D193E6EC
:10965C000023FF0837E60023D70834E60123CF08A0
:10966C0031E680220B00D20401201340114200D0BD
:10967C00AEE6CF0827E6002B00D15FE7561B002D86
:10968C0001D13300E7E680236046DB0418438446AF
:10969C00EBE6C046FFFFFF7D41024200C30F490AC3
:1096AC000020120E7E2A03DD9D2A02DD094A98183D
:1096BC007047802000040143952A07DC9620821A0B
:1096CC00D1404842002BF3D10800F1E7963A914083
:1096DC00F7E7C046FFFFFF7F70B5002812D0C31715
:1096EC00C5185D40C40F280002F0F6F89E231B1A23
:1096FC00962B0FDC082838D0083885406D026D0A8F
:10970C00D8B202E0002400200025C0052843E4075D
:10971C00204370BD992B14DC421F95402A0015493B
:10972C00114055071CD00F252A40042A18D00431AB
:10973C00CA08490115D59F235202181A550AC0B2FE
:10974C00E3E705222900121AD14002001B32954092
:10975C002A00551EAA410A43064911405507E2D179
:10976C00CA085202550AD8B2CFE76D026D0A8E3084
:10977C00CBE7C046FFFFFFFB10B5041E0DD002F077
:10978C00ABF89E231B1A962B0CDC082834D0083817
:10979C0084406402640AD8B201E000200024C005B1
:1097AC00204310BD992B13DC421F9440144A2240D5
:1097BC0061071CD00F212140042918D00432D40891
:1097CC00520115D59F236402181A640AC0B2E6E749
:1097DC00020021001B3291400A00511E8A410521D2
:1097EC00091ACC401443064A22406107E2D1D4083E
:1097FC006402640AD8B2D2E76402640A8E30CEE7FF
:10980C00FFFFFFFBF0B54F464646D646C0B582B0CB
:10981C00009001910E034C00CD0F710A009E5F0069
:10982C00760F0E43009900920193C90089461903E3
:10983C007B0D9846019B490ADB0F9C46009B009AC6
:10984C005B0F0B434146640DD200611A654500D194
:10985C00A6E0002972DD4746002F00D1DDE0CC4F99
:10986C00BC4200D19AE10127382917DC80273F043C
:10987C003B431F2900DDDDE12027781A1F008740BC
:10988C00BA461700CF408446380057460743604617
:10989C008240CB40501E8241F61A17434B46DF1BC9
:1098AC00B94580414042361A330200D4FFE07602BB
:1098BC00760A002E00D13CE1300002F00DF80300D6
:1098CC00083B20213800CA1AD0409E4002009F401D
:1098DC0032439C4200DDA6E1181B0130091A3E0000
:1098EC008F40C6407B1E9F4113008B4037431F4364
:1098FC00C2403B0016000024134300D1DFE17B077C
:10990C0000D132E30F233A003B40042B04D03A1D24
:10991C00BA42BF417F42F619330200D423E39C4B79
:10992C0001349C4200D1B4E09A4B64051E40640D96
:10993C007707D20876021743360BACE0002900D12A
:10994C007EE04146091B002C00D060E13400484603
:10995C00044300D1C9E14C1E012900D12EE28C4DEB
:10996C00A94200D124E20127382C11DC21001F2947
:10997C0000DD0BE2202437004846641AA740C8409B
:10998C0007434846A040CE40441EA0419B1B0743C2
:10999C00D71BBA4292415242654644469E1A83E70F
:1099AC00002900DC9CE04746002F67D11F001743BD
:1099BC0000D1E4E0481E012900D19BE1744FB9426B
:1099CC0000D1EBE001270100382811DC1F2900DD54
:1099DC00C7E12027781A1F00844687401000C84032
:1099EC00074360468240CB40501E8241F618174315
:1099FC004F444F45804140423618330257D5644B93
:109A0C0001349C4245D00121624B7A081E403940FA
:109A1C000A43F7071743760871E71F00174300D175
:109A2C00ADE04F1EBC46012900D182E1584FB9422E
:109A3C0000D190E161460127382900DD2EE718E7B7
:109A4C00554F611C394200D0D0E0310048461F0010
:109A5C0001431743002C00D03DE1002900D1BCE1AB
:109A6C00002F00D0BFE14B460021D80877070743F1
:109A7C00F00806034C05360B640D0CE0444FBC4259
:109A8C0000D18BE001273829B2DC80273F043B430F
:109A9C009CE70026002724053443ED072C433800AF
:109AAC00210002B0E0BCBA46B146A846F0BD7B0727
:109ABC0004D00F233B40042B00D028E7F808344B8C
:109ACC0077070743F0089C4200D04AE23B0003436F
:109ADC0059D080263603064336032D4C360BDAE775
:109AEC00002961D04146091B002C00D1B9E0284C5B
:109AFC00A04500D1A5E10127382913DC80242404DA
:109B0C0026431F2900DDC8E1202437004846641A8B
:109B1C00A740C84007434846A040CE40441EA04141
:109B2C009B190743BF189742924152424446D6189C
:109B3C0063E7380001F0D0FE030018331F2B00DC64
:109B4C00BFE63A00083882409C4200DD83E01B1BD4
:109B5C00581C1F2800DCB4E117001F3BDF402028F5
:109B6C0005D040231B1A9A40531E9A4117430024D8
:109B7C00002F0AD07B0700D0C4E626009EE74B4698
:109B8C000C00D8089BE70027014C002683E7C04651
:109B9C00FF070000FFFF7FFFFE0700004B46770723
:109BAC00D8080743F00891E7CD4F611C39426BD1BF
:109BBC00310048460143002C00D04BE11F001743F5
:109BCC00002900D181E1002F00D14CE74A444A45DD
:109BDC008041F61840423618330200D5B0E1170028
:109BEC009146374300D03EE7002654E74946891A90
:109BFC008846C145BF41F11A7F42C91B0F0261D48F
:109C0C0047460F4300D1BDE00E00474651E6B54C28
:109C1C00A04500D100E10127382900DDB8E68024F9
:109C2C0024042643A3E6B04EE41A16407B0700D06A
:109C3C003FE743E70F001800203FF84084462029F7
:109C4C0003D04027791A8B401A43531E9A4163461E
:109C5C0017001F4322E6A448E11A10404707C0082A
:109C6C0007E734004846044300D1FAE04C1E0129B2
:109C7C0000D1D7E09B4FB94200D1E2E00127382C4C
:109C8C0000DD4FE721003CE7964CA14200D1DDE01E
:109C9C004A444A458041F31840421818C7075208F5
:109CAC0017434608520705D00F220C003A40042AED
:109CBC0000D02CE67607FF0837430009D9E60027C9
:109CCC000026E8E64946571ABA4292419E1B524278
:109CDC006546B61AEDE5002900D0C6E0002F67D125
:109CEC00802600257F4C3603D5E665460C001E0009
:109CFC00D008E4E64A444A458041F318404218181B
:109D0C001100030200D496E0774B49081840C307B2
:109D1C000B434408490700D129E10F221A40042AB9
:109D2C0000D1EAE01F1D9F42B6417642361902244B
:109D3C00C4E649468F1AB9458041F61A4042361A94
:109D4C00330206D47307FF0801211F43F00890E685
:109D5C0065460124ABE54B467707D8080743F00866
:109D6C00B4E60F001800203FF8408446202903D0A9
:109D7C004027791A8B401A43531E9A4163461700A9
:109D8C001F4335E600250024002684E60C00350030
:109D9C00203CE540202905D04024611A8E404946DC
:109DAC00314389464846411E884107002F43EFE561
:109DBC00D2085F0765461743D80887E6171ABA42D8
:109DCC0092419E1B5242B61A3302C1D47307FF084C
:109DDC00654601211F43F0084BE6002F7BD06546FA
:109DEC001E0091463FE6811A8846C145A441F11AEE
:109DFC006442091B80242404214277D0101A824229
:109E0C00924107009E1B5242B61A374300D0A0E085
:109E1C006546002400263EE65F07D20865461743D8
:109E2C00D80853E6811891429241F018524280189A
:109E3C00030200D568E74707C9080F43C008012192
:109E4C0017E6D2085F071743D8083FE60C00002638
:109E5C00002720E6002956D15F07D2081743D808FF
:109E6C0034E60C001E00D00829E6C1087007014337
:109E7C00F008002F62D080242403204207D0DE0893
:109E8C00264204D165463000D1085B0719434F0FB9
:109E9C00C900C9087F070F4318E60C003000203CAE
:109EAC00E0408446202905D04024611A8E40494662
:109EBC00314389464846411E8841614607000F439D
:109ECC0030E620210027091A0EE51E00002F00D0D5
:109EDC0022E5002458E7002500240026DBE5C046D7
:109EEC00FE070000FF070000FFFF7FFF47460F4300
:109EFC0000D147E70E00C146B5E5DF086407022133
:109F0C0027430009B5E51900C0087707074311433B
:109F1C00F008002900D1D9E580210903084207D0B7
:109F2C00DC080C4204D1D2085B071A43170020004E
:109F3C007B0FFF00FF085B071F43C7E50F00C5E55C
:109F4C00124BD20833405F075B02012417431E0BF0
:109F5C00A1E5264212D00D4B6546020001241E409D
:109F6C00E6E4210085E51700A8E53A00D4E4DB0817
:109F7C0064071C432700022100097AE5C008770713
:109F8C00074365460021F00873E5C046FFFF7FFFDD
:109F9C00F0B5DE46454657464E46E0B587B00092D2
:109FAC0001930B031B0B9B46CA0F4B00040080460E
:109FBC005B0D029200D198E07C4A934237D059460F
:109FCC00420FC9000A43802109041143C200904684
:109FDC00774A894692469A44002300240393009EB4
:109FEC00019F3B031B0B9B467B0030005B0DFD0F61
:109FFC00002B59D06D4A934248D05946720FC90074
:10A00C000A438021090411438B466949F2008C46AE
:10A01C0051466344CB1A9A460021029E6E40F6B21A
:10A02C000F2C00D9CEE0634BA4001B599F465A4617
:10A03C000243914600D090E09A46022390460824B1
:10A04C000393CCE7CB464246029D0399022900D1EB
:10A05C00DEE1032900D18DE0012900D079E12E0049
:10A06C0000220023002490461B052343F6073343AC
:10A07C004046190007B0F0BCBB46B246A946A04604
:10A08C00F0BD002200249046484BEDE75A46009B59
:10A09C001A43494B9C46E244002A59D102231C43E3
:10A0AC00002302219B46B8E75A46009B1A4349D02D
:10A0BC005B46002B00D19CE1584601F00DFC0200E0
:10A0CC0003000B3A1D27009EBA1A19005846D640B9
:10A0DC0008398840320002439346009A8A40374937
:10A0EC0053448A4600219A4497E75B4603439946BA
:10A0FC0021D05B46002B00D169E1584601F0ECFB06
:10A10C000B235B429C460200844466461D239B1B2A
:10A11C00260011005846DE400839884033000343BE
:10A12C00994623008B409846254B00249B1A9A464F
:10A13C000023039353E7002398469A4601330424E3
:10A14C0003934CE701231C43002301219B4664E746
:10A15C000323320003211C435FE79A460323D946AD
:10A16C000C2403933BE700238024984600260F4BD6
:10A17C00240379E780245B4624031C4324032E002C
:10A18C0090460A4B240B6FE780244B462403234252
:10A19C0002D05B462342F0D080244B4624031C4360
:10A1AC002403029E014B240B5EE7C046FF07000010
:10A1BC0001FCFFFF308C010801F8FFFFF3030000E6
:10A1CC000DFCFFFFCB4500D2F8E000D1F3E00123FA
:10A1DC005B429C46444648460025E2445B46170ECB
:10A1EC001B021F43190C3B04120200971F0C9146D3
:10A1FC0002910397FEF71AF802007A430B04210C24
:10A20C00804619438A4209D9009F0123BC465B4210
:10A21C0061449C46E0448F4200D85CE1881A029964
:10A22C00FEF704F8039A240442430904240C0300A7
:10A23C000C43A24206D90099013B8C466444A142CE
:10A24C0000D842E1A01A424612041A4393464B46E8
:10A25C0059461B0C1F0004930B0449460904090CB6
:10A26C000C001B0C5C43120C7B43884651437A4315
:10A27C00270CBC465B186344994203D980214902E0
:10A28C008C466244190C24041B04240C8A181C19D7
:10A29C00904202D316D1A54214D25B46009F013BDB
:10A2AC004D4405934D459B41BC465B426344C018ED
:10A2BC00874200D302E1824200D929E100D124E196
:10A2CC00059B9B462C1BA542AD41009B801A6D4201
:10A2DC00401B834200D10FE10299FDF7A7FF039ABF
:10A2EC000B044243210C050019438A4200D9CBE0F0
:10A2FC00881A0299FDF79AFF039A24044243090431
:10A30C00240C03000C43A24200D9CAE04146A41A13
:10A31C002A041A43049F13041B0C594340467B43E5
:10A32C009C46150C68430B0C844463447D43984253
:10A33C0003D98020400284466544180C09041B0490
:10A34C00090C40195B18844227D323D00123350014
:10A35C001A43944B5344002B60DD510700D086E028
:10A36C002E00D1085A46D20106D55A468E4B1A40B9
:10A37C0080239346DB0053448C4A934200DD80E6F5
:10A38C005A4652070A4390465A465B055402240B20
:10A39C005B0D69E63500002BDBD0009D511EAC46F1
:10A3AC006444AC4200D29EE0844200D2E1E000D191
:10A3BC00EEE00A00CAE7424500D908E74B46DC0745
:10A3CC00580843465B081C434346DD0706E701F08B
:10A3DC0083FA15239C4684440200634620321C2BCE
:10A3EC0000DC92E623000838834099460023984607
:10A3FC009AE601F071FA02000300153220331C2A90
:10A40C0000DC5FE600990838814000228B4666E646
:10A41C0000222E0000249046654B25E62E000121DB
:10A42C00C91A382900DD1BE61F297EDC614814009F
:10A43C0050445B4682408340CC40501E82412343B3
:10A44C001A435B46CB40510709D00F211140042918
:10A45C0005D0111D9142924152429B180A001902DB
:10A46C0000D49BE00022012300249046FCE50F2140
:10A47C001140042900D173E7111D914292415242BF
:10A48C002E00C90893446DE7009B013D9C46614436
:10A49C008B4200D92CE78A4200D829E7851E6144FB
:10A4AC0026E70099013B8C466444A14200D92DE774
:10A4BC00A24200D82AE7831E644427E7874200D0D3
:10A4CC00FEE6A94500D9FBE6F5E6A24200D8B9E6BE
:10A4DC00831E6444B6E68A4200D89FE6BC46831EBF
:10A4EC00984661449AE60A00844200D02EE74B4518
:10A4FC0000D02BE735002CE72A4B2F4A53449245CA
:10A50C0043DB0122002193442CE7AC4200D8D7E670
:10A51C0002235B429C4600994D444D459B41E344CC
:10A52C008C465B426344C018CCE61F204042C31AE1
:10A53C005846D840202904D05946204B53449940C2
:10A54C000A43531E9A410723190002430024114069
:10A55C00134209D008331340042B1DD0131D934212
:10A56C0089411A0049424907D2080A439046002300
:10A57C007AE54946009F4D004D458941BC4649420C
:10A58C006144A946023A6418AEE70122524246E7FA
:10A59C009945EED30A00AAE70021E5E759075B02CB
:10A5AC001C0BE1E7FF030000FFFFFFFEFE070000AE
:10A5BC00FF0700001E04000002FCFFFF3E04000029
:10A5CC00F0B55746DE464E464546E0B50D00040054
:10A5DC00E80F83460903D80F090B824619488C46AD
:10A5EC001F0369005E00490D3F0B760D814218D0A8
:10A5FC0086420FD00120B1420DD1BC450BD1944203
:10A60C0009D1D3451CD0002905D160462043431EF7
:10A61C00984100E00120F0BCBB46B246A946A046DA
:10A62C00F0BD01208E42F6D1614639430F0017432D
:10A63C002743F0D15B465246981A431E9841EAE7ED
:10A64C000020E8E7FF070000F0B557464E464546A8
:10A65C00DE46E0B50D000E034900490D8A46DF0FBA
:10A66C00E90FBC4683B02F4F04008046019158007F
:10A67C0019039146360B090B400DBA451DD0B84253
:10A68C000DD05746002F2AD13443002824D10A4339
:10A69C0036D0002C41D163465800013815E01143E7
:10A6AC0038D15346002B01D12643F4D0019B63458E
:10A6BC0007D1019B5800013807E026432AD15045A9
:10A6CC0021D00120019B5F42384303B0F0BCBB4654
:10A6DC00B246A946A046F0BD002CDCD0E6E7002827
:10A6EC00EFD0019B6345ECD18245EADCE1DB8E4285
:10A6FC00E7D8DED1C845E4D80020C845E5D2D8E774
:10A70C00002CE2D0DDE7114304D1019B6345D8D185
:10A71C000020DAE702204042D7E7019B6345E6D0F0
:10A72C00CFE7C046FF070000F0B557464E464546FA
:10A73C00DE46E0B50D000E034900490D8A46DF0FD9
:10A74C00E90FBC4683B02E4F04008046019158009F
:10A75C0019039146360B090B400DBA451ED0B84271
:10A76C000DD05746002F27D13443002833D10A434C
:10A77C0034D0002C40D163465800013815E0114309
:10A78C0012D15346002B01D12643F4D0019B6345D3
:10A79C001DD00120019B5F42384306E0264303D1C4
:10A7AC005045F6D111431CD0022003B0F0BCBB467F
:10A7BC00B246A946A046F0BD0028EAD0019B6345ED
:10A7CC00E7D18245E5DC02DB8E42E2D80ED0019B5C
:10A7DC0058000138E9E7002CCDD0D7E7002CE4D0A5
:10A7EC00D7E7019B00206345DFD0D2E7C845D0D81E
:10A7FC000020C845D9D2EAE7019B6345E4D0C8E7FD
:10A80C00FF070000F0B557464E46DE464546E0B51C
:10A81C001F000B031B0B16009A46CA0F4B000400BB
:10A82C00914685B05B0D00D1CFE1CD4A934255D016
:10A83C005146420FC9000A43802109041143C2004A
:10A84C009046C84A8A4693469B44002300250293AF
:10A85C003C037B00FA0F0196240B5B0D009200D198
:10A86C0088E1BF4A934200D192E0BE4A94466344C9
:10A87C009B440A2D42DCE400730F23438024494699
:10A88C0024041C43F3000193009B00205940CBB2DD
:10A89C000393022D00DC94E00123AB401D00A623A2
:10A8AC002A00DB001A401D4200D029E290239B00B5
:10A8BC001D4200D14DE20023802499462403A84B6D
:10A8CC0010004A461B052343D2071343190005B059
:10A8DC00F0BCBB46B246A946A046F0BD5246024368
:10A8EC00904600D0ACE19B46022392460825029389
:10A8FC00AEE7009BA2469946019B9846029B022B11
:10A90C0000D1CAE1032B00D192E1012B10D100231D
:10A91C0000240022D4E701227B083A40134352461C
:10A92C00D2071343984653465B089A46039B9946B5
:10A93C005B46581C8023DB005B44002B00DCB1E140
:10A94C00424652070BD00F2241460A40042A06D039
:10A95C004246111D4145924188465242924452460C
:10A96C00D20106D55246804B1A4080239246DB001A
:10A97C00C3187E4A934200DD8FE14246D10852460D
:10A98C0052070A4351465B054C02240B5B0D97E7BB
:10A99C00734B26439C46E344002E00D16FE1032306
:10A9AC0049461D43009B5940CBB203930A2D00DD51
:10A9BC0033E10123AB401D000323029388222A427A
:10A9CC0097D1424643461204120C160001981D0CF6
:10A9DC00030C0004000C4643B4461E006E43009664
:10A9EC00160007005E436146B0466F430E0CB84438
:10A9FC004644B74205D9802149028846009F474406
:10AA0C00009761460904090C370C36048C4631005A
:10AA1C00614401911100260C2404240C61438C46E2
:10AA2C002100694389466146090C884672434A44B1
:10AA3C0042447543914503D98021490288464544D7
:10AA4C00110C884661460904090C8C4612046244B8
:10AA5C00B91802915146090C8C4651460F043F0C13
:10AA6C003900414345448846614641438A46414644
:10AA7C006046090C894658437B4353444B449A45E2
:10AA8C0003D98021490289464844190C894641461C
:10AA9C000904090C8846390061431B044344884669
:10AAAC0061464C4371438C46414677430E0C3F192B
:10AABC00F6194844B44203D9802149028946CC4452
:10AACC000299009F894631044F448946414697427A
:10AADC0092410C04240C4C44FF1852426419A118E6
:10AAEC009F429B41884682465B42994690459241E3
:10AAFC00AC42A441C244D1445242644214439945ED
:10AB0C009B41824592415B42524213434A46360C6A
:10AB1C00A419E31863445B02D20D1A4301999246BF
:10AB2C007A020A43501E8241FF0D17434A465202D5
:10AB3C001743B846DB0100D5EDE60D4B039A5B4499
:10AB4C009146002B00DCACE03A00520700D110E734
:10AB5C000F2258463A40042A00D0F9E609E7C046CD
:10AB6C00FF07000001FCFFFFFFFFFFFEFE070000D8
:10AB7C00FF030000220032436FD0002C00D1C2E052
:10AB8C00200000F0A9FE020003000B3A1D20821ADF
:10AB9C0030001900D04008398C40020022433400A8
:10ABAC008C405946CB1A86498B469B440A2D00DDB6
:10ABBC00A4E64946009B01945940CBB214000020F6
:10ABCC000393022D00DD67E6FBE6534603439846EC
:10ABDC003CD05346002B00D1A3E0504600F07CFE45
:10ABEC000B235B429C4602008444110050460839FA
:10ABFC0088401D23804660461B1A2000D840030065
:10AC0C00404603439A4623008B4098466C4B0025E4
:10AC1C009B1A9B46002302931AE60F2D00D0C9E025
:10AC2C00802352461B031A4202D01C4200D192E0F0
:10AC3C008024534624031C4324034246240B3EE643
:10AC4C009B46032380460C25029301E600239A467B
:10AC5C009B46013304250293FAE501210D430A2D8D
:10AC6C0000DD4BE6494600984140C9B20391022DE4
:10AC7C0000DC96E000230024012001930CE64946F9
:10AC8C000223009A2B435140CAB203920A2B00DDD7
:10AC9C0034E6002D57D1039B994600240022494BE2
:10ACAC000EE658460121C91A382900DD2FE61F2966
:10ACBC0056DD1F2254465242D31ADC40202907D0BD
:10ACCC00414B42469C465346604483401A4390464F
:10ACDC0042460721531E9A410B0022431340002485
:10ACEC00114209D00F231340042B5DD0111D91424A
:10ACFC009B410A005B425B07D2081A430023DFE545
:10AD0C00039B9946FAE5019800F0E6FD020003006A
:10AD1C00153220331C2A00DC38E7019A08388240AF
:10AD2C003FE700F0D9FD15239C468444020063469E
:10AD3C0020321C2B00DC58E70023984623000838EF
:10AD4C0083409A4662E71D000023002402200193F1
:10AD5C00A2E5029032E61C43009B019A9946AEE5AF
:10AD6C001A4B5246C31840469A40C84002434046CC
:10AD7C0098400300581E834154461A43CC40530755
:10AD8C0009D00F231340042B05D0131D934292417D
:10AD9C005242A4181A00230208D5012300240022D1
:10ADAC008EE5894600248BE50023A5E76307640242
:10ADBC00240BA1E7009BA2469946019B984637E7D6
:10ADCC000DFCFFFFFF0700003E0400001E04000006
:10ADDC00F0B557464E464546DE46E0B583B000908A
:10ADEC0001910C034D00CE0F610A009C5F00640FB3
:10ADFC000C43009900920193C80019037B0D9946EE
:10AE0C00019BCC4FDB0F9C464B0A00998046490FA7
:10AE1C001943009B8B46DA0092466D0DB94500D163
:10AE2C00BFE00123614659404B468C46EB1A8E42DB
:10AE3C0075D0002B00DCA3E24946002900D1CEE0FE
:10AE4C00BD4200D100E20127382B19DC802759467E
:10AE5C003F0439438B461F2B00DDFAE12027F91AFA
:10AE6C008C4659466746B9400F001100D9400F4334
:10AE7C0061468A40511E8A415946D9401743641A8B
:10AE8C00C71BB84280414042241A230200D440E13F
:10AE9C006402640A002C00D154E1200000F01CFD77
:10AEAC000300083B20213800CA1AD0409C40020005
:10AEBC009F4022439D4200DDA6E1581B0130091A38
:10AECC003C008F40C4407B1E9F4113008B402743A6
:10AEDC001F43C2403B0014000025134300D1F7E18F
:10AEEC007B0700D177E30F2338003B40042B04D0C1
:10AEFC00381DB842BF417F42E419230200D468E3F5
:10AF0C008C4B01359D4200D1F4E08B4B6D051C4000
:10AF1C006D0D6707C00864020743240BECE0002B9F
:10AF2C0000DC29E34946002900D0D6E059461143FC
:10AF3C0000D12EE1591E012B00D1E6E1BB4200D11C
:10AF4C0082E101270B00382914DC1F2B00DD3CE2C9
:10AF5C002027F91A8C4659466746B9400F00110054
:10AF6C00D9400F4361468A40511E8A415946D94007
:10AF7C00174364183F18874280414042241823022B
:10AF8C0000D4C6E06B4B01359D4200D1B2E00121EB
:10AF9C00694B7A081C4039400A43E7071743640899
:10AFAC009EE7664B11438A46EB18002928D066456C
:10AFBC002CD0002B5BD0002D00D12CE15B466646DB
:10AFCC005F07D2081743DD083B002B4300D1E2E0BA
:10AFDC00802424032C432403564D240B8CE0594627
:10AFEC00114300D1D5E0591E012B00D1B9E1BB4270
:10AFFC0000D1B1E101270B00382900DD40E72AE739
:10B00C006146012779408C466645D2D1002B00D190
:10B01C00C5E0002D00D055E14B462500054300D17D
:10B02C0012E2591E8C46012B00D149E2414DAB4234
:10B03C0000D18FE20127382911DC63461F2B00DD7C
:10B04C005BE26146202327005B1A050098409F4075
:10B05C00CD40431E9841CC402F430743A344BF1817
:10B06C009742924152425A4414004D4687E7344F5E
:10B07C006B1C3B4200D0B6E05946230011430F0035
:10B08C000343002D00D026E1002B00D1C0E10029A4
:10B09C0000D1A1E0831A98465B464045AD41E31AC6
:10B0AC006D425B1B80252D042B4200D14BE15B468E
:10B0BC00101A824292411C1B070001266346524221
:10B0CC00A41A27431E40002F00D142E12C4200D18C
:10B0DC006DE2194B01251C401BE7BD4200D13BE141
:10B0EC000127382B00DD45E7802759463F043943BB
:10B0FC008B462AE7002400272D052543F607354308
:10B10C003800290003B0F0BCBB46B246A946A046A5
:10B11C00F0BD7B0704D00F233B40042B00D0E7E6A7
:10B12C002B00F808034A67070743E508934200D150
:10B13C004AE7A5E0FF070000FFFF7FFF01F8FFFFD4
:10B14C00FE070000380000F0C7FB030018331F2B6C
:10B15C0000DCA7E63A00083882409D4200DD8AE018
:10B16C005B1B581C1F2800DCD8E117001F3BDF407D
:10B17C00202805D040231B1A9A40531E9A4117438E
:10B18C000025002F00D1E5E07B0700D0ABE62C00BA
:10B19C00C6E7C008C6E700270024D14DACE7D14F65
:10B1AC006B1C3B4271D123000343002D00D04EE1B8
:10B1BC005746002B00D1B5E1002F0DD083188342E8
:10B1CC0080415C4440422418220200D5C8E11F0093
:10B1DC009846274300D1BCE043466707DB081F4372
:10B1EC00E50800234CE0831A98465B464045BF4176
:10B1FC00E31A7F42DB1B1F027CD447461F4300D15E
:10B20C00A6E01C00474645E6B74CED1A14407B07F8
:10B21C0000D080E784E74B462500054366D05F1ECF
:10B22C00012B00D1FCE0AE4DAB4200D15EE1664695
:10B23C00382F00DCB4E00120171ABA4292415B4669
:10B24C0052424D469C1A20E66707C0080743E508A2
:10B25C00BAE61F005946203FF9400F00202B05D0BD
:10B26C004021CB1A594699400A43924653465A1EDE
:10B27C0093411F4304E6EB1A9B4D15406F07ED08F5
:10B28C002C035D05240B6D0D36E7954DAB4200D1BB
:10B29C00D6E082182100824280415944404208186D
:10B2AC00C707520817434408520700D485E10F2200
:10B2BC001D003A40042A00D01AE6FF086407274311
:10B2CC000509DDE75B46D2085F071743DD087BE61F
:10B2DC000027002410E7002B00D0D6E0002900D076
:10B2EC002FE1802400267E4D240305E766465C464C
:10B2FC00D00817E75B46171ABA4292411C1B01266D
:10B30C0063465242A41A1E40C4E58318834280410E
:10B31C005C44404225182A0200D4DAE0724A5B08E9
:10B32C001540EA071A4369085B0700D44AE10F236A
:10B33C001340042B00D1FCE0171D9742A44164423A
:10B34C0002256418ECE647461C001F4300D043E777
:10B35C00002600250024CFE6C00867070743E50850
:10B36C0032E6871A5B46B8428041E41A4042241AFE
:10B37C00230228D46307FF081F43E50801237FE756
:10B38C00002B00D173E64B465F1B3B00002D00D118
:10B39C0042E7382F00DDECE080230E001B041C4339
:10B3AC001F2F25DC20252300ED1B0100A840AB40FE
:10B3BC00F940451EA8410B43FC4018435B461B1B40
:10B3CC009B4639E76646012562E51F005946203F3A
:10B3DC00F9408C46202B05D040275946FB1A994042
:10B3EC000A43924657467B1E9F4163461F43C1E565
:10B3FC003B002500203BDD40202F04D04023DB1BED
:10B40C009C40204380464046431E9841284313E706
:10B41C0000299DD0012663465C4690461E40DBE623
:10B42C00171A5B46BA4292411C1B5242A41A2302C1
:10B43C00C8D46307FF081F4366460123E5081FE7CE
:10B44C001D000024002757E65C46D0086AE6002B56
:10B45C0000D137E75346C00867070743E508002BC0
:10B46C0000D1B1E580231B031D4208D05946C80802
:10B47C00184204D1D20849070A43170005007B0F74
:10B48C00FF00FF085B071F439EE5C00863071843D6
:10B49C00E508002953D080231B031D420AD05946CE
:10B4AC00CC081C4206D1012663462500D00849076A
:10B4BC0008431E40470FC000C0087F07074383E5C1
:10B4CC008318934292415C445242A5182A0200D53B
:10B4DC0024E76F07DB081F43ED080123D0E6C046C5
:10B4EC00FF070000FE070000FFFF7FFF5B46D2084E
:10B4FC005F0766461743DD0866E52500203BDD4007
:10B50C006346202B05D0402361465B1A9C402043A8
:10B51C00804647467B1E9F412F43A0E520210027F4
:10B52C00091AD2E4002F00D113E75C46170000255E
:10B53C00F6E5D708490702230F432D09A0E60700BB
:10B54C0042E55B4601265F07DD086346D2081743D8
:10B55C001E4039E55B46D2085F071743DD0833E52B
:10B56C001E4ADB0822405707520201251F43140BC9
:10B57C00C2E50E0001205FE6002B0DD04B465B1B95
:10B58C009C46002D00D148E50127382B00DD66E5EF
:10B59C0080231B041C4350E56B1C114D2B4200D027
:10B5AC0073E65946230011438A46034300E66707B6
:10B5BC00C00800230743E50862E66407FF08274339
:10B5CC0005095DE6D208490711430F0002232D0936
:10B5DC0056E60700A4E538008FE4C046FFFF7FFF66
:10B5EC00FE070000F0B5C6461E03360BB0460D4EE6
:10B5FC000C034D005F0000B5240B6D0D7F0DB542A3
:10B60C000BD0084900208F4204D146461643300027
:10B61C00431E984180BCB846F0BD04430120002C69
:10B62C00F8D1EEE7FF0700000B00020070B5164DD5
:10B63C000C0382B04900002000920193240B490DA9
:10B64C00DE0FA94204DD1148814203DD104BF018D6
:10B65C0002B070BD8020400320430E4C641A1F2C96
:10B66C0008DD0D4B5B1AD84003005842002EEFD179
:10B67C001800EDE7094B009A9C46030061448B408F
:10B68C00E2401343F1E7C046FE0300001D04000036
:10B69C00FFFFFF7F3304000013040000EDFBFFFFEE
:10B6AC0070B5002816D0C317C5185D40C40F28000C
:10B6BC0000F012F9104B1B1A5B055B0D0A2814DC09
:10B6CC0002002E00153296400B22121AD5402D0383
:10B6DC002D0B03E000240023002500261B052B4323
:10B6EC00E40723433000190070BD0B3885402D034F
:10B6FC0000262D0BF2E7C0461E04000010B5041EF8
:10B70C0010D000F0E9F80E4B1B1A5B055B0D0A28F4
:10B71C000FDC0B222100121AD14015300A03844091
:10B72C00120B01E0002300221B051343200019001B
:10B73C0010BD22000B38824012030024120BF3E7D9
:10B74C001E04000070B542024300C40FFE201B0E05
:10B75C00591C550A08420CD0E02189008C466D0713
:10B76C00120B63441B051343E40723432800190001
:10B77C0070BD002B14D1002D1BD0280000F0ACF8AC
:10B78C000A281CDC0B232A001B1ADA400300153391
:10B79C009D400E4B12031B1A5B05120B5B0DE1E770
:10B7AC00002D09D0130B802212031A436D07084B8E
:10B7BC00D8E700230022D5E70022054BD2E703008F
:10B7CC002A000B3B9A400025E3E7C04689030000A2
:10B7DC00FF070000F0B54B000F035B0D3A4C450F13
:10B7EC0083B07F0A5E1C2F4300900191CA0FC500E5
:10B7FC0026420BD035495C18FE2C13DDFF200023AC
:10B80C00C0051843D207104303B0F0BD3D43002BD5
:10B81C0001D10020F4E7002DF0D08023DB03FF20C2
:10B82C003B43EDE7002C0CDD009BFF009B01581EF9
:10B83C008341690F3B430B43590727D1DB08E0B227
:10B84C00DEE72100173131DB80211E20090439434A
:10B85C00001B1F282DDD02267642341B0E00E6400D
:10B86C003400202804D01A488446634499400D4380
:10B87C002B00591E8B412343590703D00F2119402C
:10B88C0004290BD19B0100205B0AB9E70F21194059
:10B89C00042904D19B015B0AE0B2B1E70024043314
:10B8AC005901F7D501340023E0B2A9E700200023A9
:10B8BC00A6E7084C1C192B00A540C340A140681EEC
:10B8CC00854129430B43D7E7FE07000080FCFFFFAF
:10B8DC00A2FCFFFF82FCFFFF1C2101231B049842EA
:10B8EC0001D3000C10391B0A984201D3000A083905
:10B8FC001B09984201D30009043902A2105C4018BC
:10B90C007047C0460403020201010101000000005F
:10B91C000000000010B5002903D1FFF7DDFF203037
:10B92C0002E00800FFF7D8FF10BDC04682B073B527
:10B93C006C460091079321000300626060C960C3EC
:10B94C0007AA60CA60C313001500103006CB06C0EE
:10B95C0001220098616803F0B1F969680122099825
:10B96C0003F0ACF973BC08BC02B0184737B504003F
:10B97C0003F0B2FDA068A38902691342FCD00169EF
:10B98C000A001A401942FAD101AD2068616803F02F
:10B99C0095F929000122032003F0D0FC03CC0122ED
:10B9AC0003F08CF903F096FD28786B7800041B02E9
:10B9BC001843AB7818433EBDF0B5094985B0094B27
:10B9CC0001ACC0CBC0C40B004968074A00911B688E
:10B9DC00064811685268FFF7A9FF05B0F0BDC046D4
:10B9EC00540000204C0000203C000020D402002019
:10B9FC0010B50348FFF7BAFF80231B04584010BD55
:10BA0C00D402002010B50548FFF7B0FF80231B04BB
:10BA1C005840984201DA024B181A10BDD40200208B
:10BA2C00FFFF7F0070B504250024FFF7E1FF013D07
:10BA3C002418002DF9D10723E01718400019C01065
:10BA4C0070BD0000F0B504000525002699B00392E6
:10BA5C000F0048227C4906A804930BF096FD631F47
:10BA6C0001937A4B02937A4B0593019BAB4257DCC3
:10BA7C0000221E9B1E80774B1A70774A1278029216
:10BA8C00764A964200D874E001251D70714B744AB9
:10BA9C001B782C000192002B1ED0029B714E002BA8
:10BAAC0000D1A0E0704B1B78002B00D19BE06F4BBA
:10BABC001B78002B00D196E06D4B7C1E1C60012284
:10BACC00694B1A70974201D16A4B1F70FA22338866
:10BADC0092009B189BB233805F4B1B78002B0CD0D1
:10BAEC00614B1B78002B08D0604B1B78002B04D0CB
:10BAFC005F4B1B68AB4200DA1C00019B1B78002BD0
:10BB0C0009D05D4B1B78002B05D15C4B039AD35CA1
:10BB1C00A34200DC5C1E201E00DC012019B0F0BD2D
:10BB2C00029B6A00985AFFF7BBFD0022544BFFF7AB
:10BB3C004FF9FFF779FDC317C4185C40059B6A00E9
:10BB4C00985AFFF7ADFD00224D4BFFF741F9FFF777
:10BB5C006BFDC317C018584082B2231CA4B2944288
:10BB6C0000D2031C9AB2B24200D2331C9EB20135F1
:10BB7C007BE7029B002B04D001223C4B1A703C4B00
:10BB8C001F60092301937B1E06ACDB00E3180593B1
:10BB9C00019D30006B1E0193FFF782FD226C636CDC
:10BBAC00FEF730FE059B083C1A685B68FEF7F0F95F
:10BBBC00344A354BFCF740FC002803D1019B002B89
:10BBCC00E6D10125264B1B78002B00D15EE7052F13
:10BBDC0000DC5BE7BD4200DC58E72C4B9E4200D8F2
:10BBEC0054E77D1C52E70624A74207DC023C062FD3
:10BBFC0004D03C00032F00DD0324013C019B029A7E
:10BC0C001B78002A00D05AE7002B00D15EE7049B7A
:10BC1C00002B0ED0039B1E4A013BD35C032B08D890
:10BC2C0001221C4B1A701C4B1C6033881B199BB2D5
:10BC3C003380114B1B78002B00D047E70F4B039A36
:10BC4C00D75402F0CBF941E7608B010884570020F0
:10BC5C00944C00200E040020E90100205B3F000002
:10BC6C005A6300206E670020C2650020C06500206A
:10BC7C0014020020C1650020C40A00207663002055
:10BC8C0080FFCF409A99999959CCCC4070170000FD
:10BC9C00E4030020C365002010020020F8B5160054
:10BCAC001F000C001C4B00223900451E3000FCF715
:10BCBC00BDFB1A4B002803D1194A1278002A1AD15D
:10BCCC005A5D0132D2B25A55002C04D0611E5A5C16
:10BCDC000132D2B25A545A5D072A01D907225A5559
:10BCEC00002C05D0013C1A5D072A01D907221A55F0
:10BCFC00585DC0B2F8BD5A5D002A03D05A5D013AB6
:10BD0C00D2B25A55002CE6D0611E5A5C002AE2D001
:10BD1C005A5C013ADDE7C04600002E40E4030020E7
:10BD2C000D04002010B5D02200210D480BF098FB1B
:10BD3C00002300200B4A0C4913700C4A13700C4A58
:10BD4C00106051600B4A106051600B4A0B480C4953
:10BD5C00106051600B4A137002F0C2F910BDC0465E
:10BD6C0078620020E203002000002E40E303002054
:10BD7C002000002000000020100000200E2DB29D9D
:10BD8C00EFFF5840E103002010B568220021034862
:10BD9C000BF066FB02F020F810BDC04638650020A1
:10BDAC000023190010B5044AD15401330D2BFBD1DB
:10BDBC0002F0F2F810BDC046E4030020F7B502F023
:10BDCC001CFC424B05001B780C27002B00D1083FB4
:10BDDC003F4B404A1B78019300231E000199994266
:10BDEC004CDC3D4B04241B78002B10D03B4B013C0E
:10BDFC001B78A3420BD83A4B1B78002B04D0394B41
:10BE0C0002341B78002B02D0AF423ED80224200013
:10BE1C0001F0DEFEAF4207D1334F3B78002B03D14C
:10BE2C00FFF780FF01233B70304B1B78002B23D096
:10BE3C003000FFF763FC00222D4BFEF7E3FC0600FD
:10BE4C0001980F00FFF72CFC02000B0030003900AA
:10BE5C00FEF79EF80022274BFCF70CFB00280BD0BA
:10BE6C00254A1368012B07D102201060234A137056
:10BE7C0002F0E2F9FFF794FF2000FEBDD15C05292A
:10BE8C0001D90136F6B20133A8E71D490022086832
:10BE9C0049681C4BFCF7CAFA002805D002F0C8FB15
:10BEAC00022801D80624B2E7174B18685968FCF72A
:10BEBC008BFB1349C4B2002208684968114BFCF78C
:10BECC00B5FA0028A3D0022CECD19FE77C670020A8
:10BEDC0051020020E40300207F670020B0650020A1
:10BEEC0048020020A1660020C8030020E8010020C1
:10BEFC000000594000004940EC0100205C63002028
:10BF0C00600A002000002E40D00300200C4B70B5BE
:10BF1C0018780C4B03221C780525002306260A49A9
:10BF2C00002800D02A00002C00D03200CA54013363
:10BF3C000D2BF5D10022054B1A7002F079F870BD6B
:10BF4C0059630020E8010020A0650020AF650020A7
:10BF5C00F0B58DB00B930E001300069001928A423F
:10BF6C0008D1854A94466344DB00C31818685968A5
:10BF7C000DB0F0BD00240F00019B251C5B1A04932F
:10BF8C000294019B9F4200DA87E00498FDF7A4FB22
:10BF9C00071C011C0298FCF7F3FD391C0790281CA8
:10BFAC00FCF7EEFD391C0890201CFCF7E9FD002481
:10BFBC0009900494271C03940294019B9E4200DA7E
:10BFCC008EE004990298FCF7A9FF391C051C381C5B
:10BFDC00FCF7A4FF011C281CFDF7FAF80499061CB9
:10BFEC000398FCF79BFF211C051C381CFCF796FFE3
:10BFFC00011C281CFDF7ECF8311CFCF7C1FD211CC1
:10C00C00051C0298FCF78AFF391C041C0398FCF7EA
:10C01C0085FF011C201CFDF7DBF8311CFCF7B0FD83
:10C02C00291C041C0798FCF779FF011C0898FDF7E4
:10C03C00CFF8211C061C0998FCF770FF011C301C62
:10C04C00FDF7C6F80B9B061C5A1E9341019AD31A96
:10C05C0018000193FDF740FB291C071CFCF75EFF41
:10C06C00311CFCF79BFB211C051C381CFCF756FFF4
:10C07C00391CFCF753FF011C281CFCF78FFB00211B
:10C08C00041CFCF713FA002800D000243B49201CA8
:10C09C00FCF744FFFFF756FB6AE73800FDF71CFB83
:10C0AC00069AFB00D318039018685968FFF792FBA7
:10C0BC003249FCF765FD011C281CFCF76FFB03994A
:10C0CC00051C0298FCF76AFB03990290081CFCF70C
:10C0DC0025FF011C201CFCF761FB0137041C50E7F9
:10C0EC003000FDF7F9FA0799051CFDF771F8011CF2
:10C0FC000590FCF713FF011C0298FCF74FFB069A06
:10C10C00F300D318029018685968FFF763FB1B49BA
:10C11C00FCF736FD0899FDF75BF8011C0A900598B1
:10C12C00FCF7FCFE011C0398FCF738FB291C039060
:10C13C00281CFCF7F3FE0999FDF74AF8051C011CB5
:10C14C000598FCF7EBFE011C381CFCF727FB291C9F
:10C15C00071C281CFCF7E2FE011C0498FCF71EFBD4
:10C16C00291C04900A98FCF7D9FE011C201CFCF732
:10C17C0015FB0136041C20E7FFFFFF1F00FEFF46E6
:10C18C00F8B506000F0014001D00FCF773F9002829
:10C19C000CD0069A079B30003900FCF757F90028A1
:10C1AC002FD034003D0029002000F8BD22002B00C8
:10C1BC0030003900FCF74AF900280FD0069A079B8B
:10C1CC0030003900FCF756F90028EAD1069A079B93
:10C1DC0020002900FCF73AF90028E4D122002B00BA
:10C1EC0030003900FCF746F9002807D0069A079B67
:10C1FC0020002900FCF73EF90028D4D1069C079DAD
:10C20C00D1E722002B0030003900FCF70FF9002891
:10C21C00ECD0D3E7F0B589B0069007911900814BAB
:10C22C0010001B78002B05D100247F4D2000290025
:10C23C0009B0F0BD00227D4BFDF7E4FA02000B00C3
:10C24C0000207B49FDF7A4FE02000B000290039135
:10C25C0000207849FDF79CFE0022774BFEF7B8FDD5
:10C26C00029A039B04000D0000207449FDF790FE18
:10C27C000022714BFEF7ACFD0E9A0F9B00900191C2
:10C28C0020002900FFF77CFF00246D4D02000B00FD
:10C29C000020009401956B49FFF772FF00226A4B56
:10C2AC0004900591FEF794FD684B694AFEF7AAFAD3
:10C2BC000BF074FF674B1B78002B54D10022664B9C
:10C2CC00FDF7A0FA02000B0064486549FDF760FE1B
:10C2DC00644A654BFDF796FA06000F000498059921
:10C2EC000022624BFEF774FD32003B00FEF78AFA27
:10C2FC00002204000D00069807995D4BFEF768FDBF
:10C30C0002000B0020002900FDF77CFA554A0400BE
:10C31C000D00554B30003900FEF75AFD0022554BED
:10C32C00FEF770FA02000B0020002900FDF76AFAF4
:10C33C00514A524BFEF766FA029A039BFEF762FAD9
:10C34C000022002304000D00FCF776F8002800D032
:10C35C006AE7002220002900494BFCF781F80028ED
:10C36C0000D061E762E7009401950E9A0F9B0020C4
:10C37C004449FFF705FF069A079B04000D000020B7
:10C38C004149FEF725FD220006000F002B0000207E
:10C39C003E49FEF71DFD02000B0030003900FDF791
:10C3AC0031FA3B4A04000D0002980399394BFEF711
:10C3BC0029FA02000B0020002900FEF723FA0400E2
:10C3CC000D00354A354BFEF71DFA22002B00FEF707
:10C3DC0019FA22002B00FEF715FA314A06000F005D
:10C3EC00200029002F4BFEF70DFA22002B00FEF740
:10C3FC0009FA02000B0030003900FDF703FA2A4A53
:10C40C0006000F0020002900284BFEF7FBF9020064
:10C41C000B0030003900FDF7F5F9254A254BFEF7E6
:10C42C00D7FC8DE70D04002000002E400010714059
:10C43C0000A07240004C98400000894000A89B402E
:10C44C0000C08C400080864000E08A409999C9BFAA
:10C45C009A999999596300200000F03FC01E85EB12
:10C46C0051B89E3FA4703D0AD7A3E83F00488C40CA
:10C47C0000407F4000408F403BDF4F8D976E92BF56
:10C48C0000002C4000088640009080400028894025
:10C49C009E12E429419E923F1B0DE02D90A0A83FD7
:10C4AC00BA490C022B87F0BF8351499D804620402E
:10C4BC000E2DB29DEF272F401F4B70B51B781F4ED2
:10C4CC0034687568002B18D122002B0000201C4901
:10C4DC00FEF77EFC1B4A1C4BFEF794F922002B0046
:10C4EC00FDF790F9194A1A4B04000D00FBF7B8FF41
:10C4FC0000281CD13460756070BD164B1B88002B56
:10C50C0008D022002B0000201349FEF761FC0D4AD5
:10C51C00124BE1E7200029000A4A114BFEF772F991
:10C52C0002000B0020002900FEF752FCDAE7074B53
:10C53C00074C33607460DFE70D040020D00300204B
:10C54C00000008409A9999999999A93FCBA145B6B1
:10C55C00F3FD07406E6700200000F83F9999B93F42
:10C56C009999C93FFFB516001F002D4B0C000022F6
:10C57C00300039001B78FFB02A4BFBF75DFF2A4DCA
:10C58C0000281BD00022002330003900FBF768FF85
:10C59C00002813D0002C11D10022AA56234C244B76
:10C5AC00D10001325B1820002A702249C822C834FD
:10C5BC001E605F600AF042FF2660676000241E4B1D
:10C5CC002C571D78002C3FDC002D00D077E2002387
:10C5DC001A4C009301940023134AD356192B04DDF3
:10C5EC001A3B13700122144B1A70FFF765FF009968
:10C5FC00019A134B19605A60124B00221C685D683B
:10C60C000E4B20002900FBF711FF002801D10094EC
:10C61C0001950098019983239B009D44F0BDC04671
:10C62C008367002000002C40E2030020F002002071
:10C63C0078620020F8020020E303002000002E4066
:10C64C0008000020000000201A230A93002D00D1BE
:10C65C000A94D02200211AA80AF002FF210000231C
:10C66C001231D04A04911A390293009206919C42DD
:10C67C0002DD0699994204DD002D10D004999942EF
:10C68C000DDCD9008C461AAA9444009A891862468B
:10C69C0008684968106051600299013102910A9A48
:10C6AC0001339A42E3DC0822BF4B1A211AA80AF084
:10C6BC005BFC029B029ADB0F9B185B10D20700D429
:10C6CC0000E2DB001AAA9B185C681B6800930194BB
:10C6DC00029B052B00DCE3E0002230003900B34B59
:10C6EC00FBF7A4FE002800D0DAE0B14C0022206851
:10C6FC006168AE4BFBF79AFE002801D0266067609C
:10C70C00236864681C981D990493059432003B00BF
:10C71C00FBF792FE00280BD1049A059B30003900E0
:10C72C00FEF756FB0022A34BFBF79AFE00280AD01B
:10C73C00A14B1A78A14B002A00D1D8E101221A6032
:10C74C0000229D4B1A70029B1AAA023BDB009B181D
:10C75C0019003200086849683B00FBF781FE00288D
:10C76C000BD1049A059B30003900FEF731FB0022F7
:10C77C00934BFBF761FE00280AD0924B1A788F4B33
:10C78C00002A00D1BAE101221A6000228D4B1A70E6
:10C79C008A4B00251A68022A01DD1D6001350298BA
:10C7AC00FEF77EFF0022884BFDF7F2FBFEF73CFF05
:10C7BC001AAAC3009B181900049A059B0400086868
:10C7CC004968FBF739FE002800D09EE1029B1AAAAB
:10C7DC00013B1B1BDB009B181900049A059B086886
:10C7EC004968FBF73DFE002800D08EE1002D57D0A4
:10C7FC00764B774CD02200214EA8069307940AF072
:10C80C002FFE0023734D4EAC0B932A686B680C9271
:10C81C000D930C980D99009A019BFEF7D9FA4B00D9
:10C82C005B080F930E9006000F000E980F990022D4
:10C83C00694BFBF715FE002800D169E1009A019BBA
:10C84C00226063600B9B083D01330B930B9A029B98
:10C85C0008349342D9D10123029A00214EA8FFF744
:10C86C0077FB534B06000F000B930020069A079B97
:10C87C005949FEF7ADFA049A059BFDF7C3FF320048
:10C88C0004000D00069807993B00FDF7BBFF0B0059
:10C89C00020029002000FCF7B5FF0B9B18605960C3
:10C8AC000024002600274D4B3E4D1B785BB20493B1
:10C8BC00083B06934A4B1B780B93049B12330C9347
:10C8CC00049BA34202DD069BA34205DD0B9B002BC0
:10C8DC0016D00C9BA34213DC009A019BE100491972
:10C8EC0008684968FEF774FA02000B00FDF78AFF2E
:10C8FC0002000B0030003900FCF784FF06000F002B
:10C90C000A9B0134A342DBDC0298FEF7C9FE02004D
:10C91C000B0030003900FDF73BFB0BF0ADFC0A00BF
:10C92C001490159101002F4B19605A6000222E4B68
:10C93C001A702E4B1B78934204D12D4B1B789342CB
:10C94C0000D007E12B4B2C4C204E10931194204F10
:10C95C00049B032B03D10B9B002B00D1FFE0802405
:10C96C000023E4050E930F940022002300240C9264
:10C97C000D930C4B06941693049B013B1793049B4D
:10C98C0012331893049B083B1993049BA34202DDBA
:10C99C00199BA34232DD0B9B002B6FD0189B9C4242
:10C9AC006CDB2BE0786200203D16010800002E4065
:10C9BC00000000200000E03FC0030020C403002062
:10C9CC000000E0BFC1030020000018409A9999991B
:10C9DC009999C93F800300200000F03FE20300203A
:10C9EC00E303002018000020E0030020596300201E
:10C9FC00E8010020333333333333C33F169AE3005B
:10CA0C009B181A685B681292139312981399009AE8
:10CA1C00019BFEF7DDF9029003910E980F99029B92
:10CA2C000893039B5B005B080993149A159BFDF715
:10CA3C00E9FE02000B0008980999FBF7FDFC0028A1
:10CA4C0008D1109A119B08980999FBF7F5FC00285E
:10CA5C0000D187E00898099932003B00FBF7ECFC09
:10CA6C00002800D17EE00C980D99069B01330693AB
:10CA7C00129A139BFCF7C6FE0C900D910A9B013485
:10CA8C00A34200DD81E7594B1B78002B02D000221A
:10CA9C00574B1A60069B002B00DC9CE51800FEF738
:10CAAC00FFFD02000B000C980D99FDF771FA0A00BE
:10CABC000090019101004F4B19605A608BE51A23CD
:10CACC000A93C6E55A1E1AA9D20052181100DB00AF
:10CADC001AAA9B181A685B6808684968FCF792FEEA
:10CAEC000022454BFDF78EFE00900191F0E51A688F
:10CAFC0001321A600122414B1A7021E61A68013288
:10CB0C001A6001223E4B1A703FE600233A4C71E644
:10CB1C003C4A300039003C4BFBF7A2FC394A002858
:10CB2C0007D000980199384BFCF76CFE20606160CF
:10CB3C0088E630003900354BFBF77EFC002802D12B
:10CB4C000C9A0D9B7CE62F4A2F4B00980199FEF70F
:10CB5C003FF9EBE72E4E2F4F10961197F8E6002376
:10CB6C002D4CFFE6179B9C4288D1204A1578002D4E
:10CB7C0000D183E729490B8864339BB20B800023D7
:10CB8C001370274A13700122264B1A70264B002271
:10CB9C001B78002B13D1029803990023FBF74CFC54
:10CBAC00002819D0124A136801331360104B1B680C
:10CBBC00012B00DC62E701221C4B1A705EE700239C
:10CBCC0002980399FBF74CFC051EEBD10122084B94
:10CBDC001A60154B1D7051E700220298039900232F
:10CBEC00FBF73EFC0028F1D1E0E7C0460D04002025
:10CBFC0008040020200000200000E03FC1030020BA
:10CC0C00C00300209A9999999999B93F9999B9BFFC
:10CC1C00333333333333D33F0000F03F6E670020A0
:10CC2C000C040020E003002030000020050400204C
:10CC3C00F0B5002201260400094F0A488A4200DBA5
:10CC4C00F0BD0825A35C5840030033405B423B40D9
:10CC5C0040085840013D80B2002DF5D10132EDE77E
:10CC6C0001A0FFFFFFFF00000122024B1A800022EF
:10CC7C005A807047F203002070B5084C05002378E9
:10CC8C000E00002B01D1FFF7EFFF31002800FFF75A
:10CC9C00CFFF01236080A080637070BDF203002081
:10CCAC0010B5FFF7E9FF014B187910BDF203002016
:10CCBC000020034B5A78824200D058797047C04606
:10CCCC00F203002070B504000D00002261680068BA
:10CCDC0001F0F4FF29000122032002F0D5FA03CC65
:10CCEC00012201F0EBFF70BD7FB56B4600915A60DD
:10CCFC0019000200050011C911C2012200985968DF
:10CD0C0001F0DCFF0126282303AC2800210023803E
:10CD1C00A670FFF7D7FF3823280021002380A670C8
:10CD2C00FFF7D0FF02232800F61821002380A670FD
:10CD3C00FFF7C8FF302328002100A6702380FFF7DF
:10CD4C00C1FF7FBD07B590220B001202914200D9A2
:10CD5C001300182201A90A701A0A4A708B70FFF787
:10CD6C00B1FF07BD07B590220B001202914200D90A
:10CD7C001300192201A90A701A0A4A708B70FFF766
:10CD8C00A1FF07BD00880B88C01A7047F0B51F00C3
:10CD9C0000250C0085B08B00060018580A9B0392E6
:10CDAC0018603D60039B9C4201DB00251BE0A30047
:10CDBC000293F3580193002D08D1191CFBF776FB55
:10CDCC00431E9841050001980134EBE70199FBF7EC
:10CDDC0081FB0028F7D0029B0A9AF318043B1B68CE
:10CDEC00013C3C601360280005B0F0BDF0B50C00B0
:10CDFC000600002785B003938B001958930001920D
:10CE0C001B580A9A019D1360013C019B9C4207DD53
:10CE1C00002F0DD0631BDA179B185340052B07DD31
:10CE2C00039B0A9A1D60AD00AB59136005B0F0BDB1
:10CE3C00A300F358181C0293FBF74CFB002806D0F8
:10CE4C00002F01D1651C01370299013CDDE7070079
:10CE5C00FAE7F0B50C000600002785B003938B00B1
:10CE6C001958930001921B580A9A019D13600134C2
:10CE7C00019B9C4207DA002F0DD0631BDA179B181D
:10CE8C005340052B07DD039B0A9A1D60AD00AB597F
:10CE9C00136005B0F0BDA300F358181C0293FBF708
:10CEAC0019FB002806D0002F01D1651E013702990D
:10CEBC000134DDE70700FAE770B50D00040002222B
:10CECC00044B0AF051F8E90F491949108900085927
:10CEDC0080B270BD91CD0008F0B50D0000241F4B41
:10CEEC0085B002931E4B21310190203D009103939C
:10CEFC00009B9D420BD11B49201CFBF741FEFEF70A
:10CF0C0021FC0BF0B9F9FEF765FC05B0F0BD029AF7
:10CF1C006B00D05A039AD35AC01AC317C018584082
:10CF2C00FCF7DAFB019AAB00D158FCF751F9FEF78C
:10CF3C0009FC02000B00FDF765FC0600201C0F002D
:10CF4C00FEF700FC02000B0030003900FCF75AFC25
:10CF5C00FEF740FC0135041CCAE7C046845700208C
:10CF6C00944C002000008242F0B5002689B000AF3E
:10CF7C003A61013A3B60D30F9B185B10B860796043
:10CF8C00BB613B689E4202DBBD4609B0F0BD6B46FF
:10CF9C00BC69FB603B69FB61A64203DA3400730099
:10CFAC000133FB616A460025FB69341B9B00073388
:10CFBC00DB08DB00D31A9D467B61BB68A4001C19FF
:10CFCC00FB69AB420CDC19007869FFF775FFFCF7C5
:10CFDC00D3FB7B68B4001851FB6801369D46D0E743
:10CFEC0001CCFCF759FB7B69AA0098500135E7E7A7
:10CFFC00F0B5002489B00492013A0593D30F9B1825
:10D00C005B100393059B069007915E1E059B9C424B
:10D01C0001DB09B0F0BD039B9C421ADA23006500CA
:10D02C000135069AE31A9B00D718002302930023BC
:10D03C000193029B9D4216DC2800FCF74DFB011C62
:10D04C000198FBF79DFD079BA700D8510134013EC9
:10D05C00DCE7039A3300964202DA75000135E0E70B
:10D06C00039B049DDDE7019802CFFBF797FB029B26
:10D07C00019001330293DCE7F8B504000D000020A9
:10D08C00012917DD00268F00231FFF182168606817
:10D09C00FCF79EF841004908301CFBF77FFB043479
:10D0AC00061CA742F2D1681EFCF716FB011C301CB3
:10D0BC00FBF766FDF8BD0000F0B5A1B01492159316
:10D0CC00002319931A931B9300231D931E931F93F4
:10D0DC00764B04901B780B91002B00D1ACE03223E3
:10D0EC001B93734D734EAB8830002B806B80724B4F
:10D0FC0004995A8800241A80FFF7BEFF21226F4B37
:10D10C0018606F4B1A60049BA34200DD9BE0002467
:10D11C006C4F300021223900FFF76AFF644E049BEC
:10D12C00A34200DD98E00024624F634E049BA342AF
:10D13C0000DD9AE00024634E380021223100FFF715
:10D14C0057FF5D4F049BA34200DD97E000255A4B2F
:10D15C00584C574F0393049BAB4200DD97E0544D62
:10D16C00554E2B8830880027C01AC317C01858405A
:10D17C00FCF7B2FA20606B887088C01AC317C0180D
:10D18C005840FCF7A9FA4F4D4F4A2900049B1268EE
:10D19C0060602000FFF7E8FE412221002800049B7C
:10D1AC00FFF726FF2122464B29001A602000049B22
:10D1BC00FFF71EFFDC220021444852000AF050F910
:10D1CC00002303930C9300230A930F930793049A61
:10D1DC001CAB00933B4818AB1B99323AFFF7D6FDBA
:10D1EC00039B0890002B00D0A0E1002872D0384B94
:10D1FC00189F1B78002B00D09DE1324C1EAB0122F6
:10D20C003900200000931AABFFF7F0FD049B3900A6
:10D21C005A1E1FAB200000931BABFFF71AFE1C9B82
:10D22C001E99181C0793FBF7D3FF1F990F900798B3
:10D23C00FBF7CEFF0A9072E0254B1B78002B00D138
:10D24C004FE714234CE76300E85AFCF795FAA70064
:10D25C00F7193860013456E7A300F858FBF79CF92E
:10D26C006500AD192880013459E76300F05AFCF7CA
:10D27C0083FAA5007D192860013457E7A300F05804
:10D28C00FBF78AF96500ED19288001345AE7039AF7
:10D29C006B00D05AFB5AAE00C01AC317C0185840C6
:10D2AC00FCF71AFAA6193060013554E75A630020CE
:10D2BC0084570020B4360020944C00206067002076
:10D2CC0028000020D42000202C0000201004002076
:10D2DC00E9010020CB4B1B78002B00D1F2E0CA4BAC
:10D2EC001B78002B00D1F7E00024C84B1D685E684A
:10D2FC00C74B0693049BA34211DD069AA300D0589A
:10D30C00FEF720FA2A003300FBF796F8002800D12C
:10D31C000AE123001894323B32341A931B941B9B62
:10D32C001A9E0693189B340009939B1B642B01DDFA
:10D33C00099C643C099A069B9B1A069A0D92642BD5
:10D34C0002DD099B64330D930D9B25001B1B581CA0
:10D35C0080000E9309F09CFCAE4B10901193119A27
:10D36C00A3009B58139012930D9B9B009B581693F4
:10D37C000D9BAB4200DBEEE01DAB009300210E9A3F
:10D38C00109819ABFFF702FD051E13D01D9B1299C7
:10D39C00181C0793FBF71CFF199F0021E719041CAD
:10D3AC00FBF7A2F8002801D00A940F94089B002BDD
:10D3BC0000D10C95109809F075FC974B1B78002B3D
:10D3CC000BD0964B1B78002B07D0914BBA0094498D
:10D3DC00D058FBF789F8002817D0BB1BDA179B181D
:10D3EC0000205340052B10DD069BFB1ADA179B1807
:10D3FC005340052B09DD069B9B1BDA179B185340EA
:10D40C000122142B00DC02001000089B002B01D120
:10D41C00002D61D0002800D186E3824B28240D9387
:10D42C00039B38005D1CFCF757F965430D9B585165
:10D43C00039B30005C430D9B1C19FCF74DF9E0621B
:10D44C000698FCF749F9079B206363630F9B39002F
:10D45C00A3630A9B6F48E363FFF73EFDBB1BDA1720
:10D46C009B18206453400020052B10DD069BFB1AF3
:10D47C00DA179B185340052B09DD069B9B1BDA170B
:10D48C009B1853400122142B00DC020010002823AF
:10D49C00039A644C5343E418FCF71EF96064099832
:10D4AC00FCF71AF95A4BBA00D358A064E364039BF7
:10D4BC0001330393089B002B0ED0039B0A2B00D047
:10D4CC0085E609E0584B1B78002B00D007E701F0EC
:10D4DC0094F8002800D002E74F4B1B780893002BE0
:10D4EC0000D1D8E0514B4F4C1F78002F51D13E004A
:10D4FC003D004F4B06970A970993039B9D4251DAC7
:10D50C00276C0998391CFAF7E5FF002809D000218F
:10D51C00606CFAF7DFFF002800D0B6E0002E00D1D7
:10D52C00B7E001352834E8E70134E3E6089B002B2B
:10D53C0000D05CE6D0E73F4B1B78002B00D15CE6BB
:10D54C00334BBA00D058FCF7A7F8C3173A4CC018A5
:10D55C005840206051E6281BFCF7BEF8169917902E
:10D56C001298FBF735FE011C1798FBF7D7FC1790A8
:10D57C000E98FCF7B1F8011C1798FBF701FB119AF8
:10D58C00AB00D158FBF70AF9139B013501C3139378
:10D59C00EEE600252E00264B06950A950993039B73
:10D5AC009D424BDB184B1B780793002B00D19CE062
:10D5BC001D4B00251F781B4C002F00D092E0039BC5
:10D5CC00022B00D137E13D000027039B9D4200DB7D
:10D5DC008BE0E16BA06BFBF7A1FC0990011C381CE4
:10D5EC00FAF764FF002809D00021606CFAF772FF8B
:10D5FC00002800D031E1002E00D132E10135283471
:10D60C00E3E7C046C76500205A63002038020020BB
:10D61C00F40A0020D4200020E9010020E8010020B9
:10D62C000080184410040020D3650020D26500202F
:10D63C0000FEFF465963002068670020E06CFEF78F
:10D64C0081F8149A159BFDF7C3FBFDF7EDFFC3178B
:10D65C00C0185840FCF740F80790011C0998FAF7DD
:10D66C0039FF002807D00021606CFAF733FF00283F
:10D67C0004D1002E07D00135283490E7079B3E00DB
:10D68C000A950993F7E70695F5E7089E0A95099719
:10D69C0047E7069545E7089EC54B06960A960993FB
:10D6AC0080E7E06CFEF74EF8149A159BFDF790FBA3
:10D6BC00FDF7BAFFC317C0185840FCF70DF80D90D2
:10D6CC00011C0998FAF706FF002809D00021606CAC
:10D6DC00FAF700FF002800D0A6E0002E00D1A8E049
:10D6EC0001352834039B9D42DBDB002E01D00A9BC5
:10D6FC000693039B002B00D0B6E0AE4C049D236038
:10D70C00A360013DAC4BE560AD001A68AB4EEB5825
:10D71C0022616261A3613068FAF73EFF80B2A08398
:10D72C00E083A859FAF738FF20840398A44CA14D44
:10D73C00079B2E692060002B1BD0301CFAF72CFFA6
:10D74C00A04B20601B78002B13D19F4A9F4B127863
:10D75C00002A0ED11B689E4C013BDB00E418301CE8
:10D76C00FDF7F0FF22686368FCF74CF8FEF732F81F
:10D77C002861904E3069FDF7E5FF0A000490059191
:10D78C0001000B9B706919645A64FDF7DBFF0B9B5E
:10D79C0018655965B069FDF7D5FF0B9B186659667E
:10D7AC00B18B6A3319800B9BF28B6E331A800B9BF7
:10D7BC00728C76331A800B98B38C7A30038007986E
:10D7CC00002800D126E1C820400081428041814CD4
:10D7DC004042207080480478002C0BD00020092691
:10D7EC000700964247417D4D2F707D4D092B00D887
:10D7FC00013028707B480078002800D18EE1002091
:10D80C0009260700964247419E424041734D2F70B6
:10D81C00734D2870002C00D1A4E073484F2A01D915
:10D82C004F2B5FD801235EE00D9B3E000A950993B8
:10D83C0056E7069554E70021606CFAF74BFE00287A
:10D84C0011D10021E06EFAF745FE0123002802D128
:10D85C000A9B002E08D0069306E0079E099F0A95A6
:10D86C00CCE60695CAE606972825069B514C5D43E7
:10D87C006519686BFAF790FEA083E86AFBF70CFF5A
:10D88C004E4E830098590493FAF786FEE083286B7A
:10D89C00FBF702FF8700B859FAF77EFE2822069B99
:10D8AC002084013353431859FBF7F6FE424E800097
:10D8BC008359A86B2361049B9B596361BB59A3617A
:10D8CC00FAF76AFE6084E86BFAF766FEA084A86C2F
:10D8DC00FBF7E2FE80008059FBF7DEFEC317C01891
:10D8EC00584023E700230370404B41481A7801232A
:10D8FC005340404A03701370C8235B00994207D30E
:10D90C00364B1B78002B03D1354B1B78002B42D0A8
:10D91C0000230370039B384C002B2CD123883749F0
:10D92C005B189BB22380039B13700022344B1A703C
:10D93C00294A1278002A10D12A4A1278002A0CD0CF
:10D94C00244A1278002A08D12E4A1278002A04D0D0
:10D95C00039A002A01D001221A7000222A4B1A7055
:10D96C0021B0F0BD2748182A00D85BE7182B00D847
:10D97C0058E70470B8E70C9B002B07D000F0D0FEE2
:10D98C002388224A9B189BB22380CEE700F0C8FE66
:10D99C0023881F4AF6E70C9A002AC6D0037000F0C1
:10D9AC00BFFE154A194913885B189BB21380BCE75C
:10D9BC0000FEFF4610040020F40A0020D4200020B2
:10D9CC00686700205C630020C40A0020880A0020DD
:10D9DC003865002004040020596300200304002053
:10D9EC0002040020E8010020010400200E040020A5
:10D9FC000C0400200D0400206E67002050C3FFFFB4
:10DA0C00FE03002000040020FF030020204E000035
:10DA1C001027000008980028A2D0FA26B600B142C0
:10DA2C00B64144487642067009270798424E0400D6
:10DA3C009742404125009F42644130703F4804703A
:10DA4C00C72A05D9C72228009A426841C2B2089257
:10DA5C003B4A089810703B4A1278002A05D03A4A83
:10DA6C00126B022A01DC002232700120FA27374A9D
:10DA7C00374E12788446424032703648BF00B94265
:10DA8C0005D32D4F3F78002F01D1092B30D80C9B9B
:10DA9C00002B1FD13370039B2F4A002B05D1138809
:10DAAC002E4C1B199BB213800CE013882C4C1B19A9
:10DABC009BB213800122049C059D2A4B1A702A4BA1
:10DACC001C605D6000230370FA239B00994200D216
:10DADC0046E718E00122049C059D224B1A70224B4C
:10DAEC001D4A1C605D600023204C33701388D8E7FE
:10DAFC00002A17D062461B4B07701A701A4B0499F8
:10DB0C00059A19605A60089B002B00D128E7039BEB
:10DB1C00002B00D124E70123037021E7002C00D057
:10DB2C007BE6E1E60270EEE7089B002B01D0FFF7E5
:10DB3C004EFBD1E4FC030020FB030020FA03002081
:10DB4C00F9030020E8010020880A00200E040020C0
:10DB5C00FD030020F80300206E67002050C3FFFF78
:10DB6C0010270000B165002008020020409CFFFF38
:10DB7C0010B50100662000F02FFF10BD10B501009C
:10DB8C00622000F029FF10BD10B50100632000F0E9
:10DB9C0023FF10BD10B50100602000F01DFF10BD6B
:10DBAC0010B50100612000F017FF10BD10B5010089
:10DBBC00C02000F011FF10BD10B50100672000F06F
:10DBCC000BFF10BD10B501006B2000F005FF10BD60
:10DBDC0037B50100682000F0FFFE0A4B01AD186854
:10DBEC005968FDF7F7FD011C280006F016F8002413
:10DBFC0020006C30295D80B2013400F0EDFE042C65
:10DC0C00F6D137BDD003002000233B2909D81818C2
:10DC1C00C0B2182801D9182000210002081880B2BF
:10DC2C0070473C390133C9B2DBB2EEE710B5FFF7F0
:10DC3C00EBFF0400010AC9B2642000F0CDFE6520A0
:10DC4C00E1B200F0C9FE10BD10B5642000F0A6FED4
:10DC5C000400652000F0A2FE01002000FFF7D4FFB5
:10DC6C0010BD10B5040001000C22C52000F0C2FE4E
:10DC7C0021000C22D12000F0BDFE8A200C222100B4
:10DC8C00400000F0B7FE10BD70B50D4E0500747964
:10DC9C001022122C0ED0112C10D8013C2000203058
:10DCAC00032180B2013400F097FE122CF6D1727968
:10DCBC00023AD2B22900202000F0CCFE70BDC04642
:10DCCC00C805002070B5050000242000203080B26B
:10DCDC0000F064FE032804D128550134102CF4D133
:10DCEC0013E02028F8D02D28F6D02E28F4D02F2899
:10DCFC0003D93928F0D94028EED810220321280066
:10DD0C0009F0AEFB2800FFF7BFFF70BD70B50D4EDC
:10DD1C00050074791022122C0ED0112C10D8013C55
:10DD2C0020004030032180B2013400F055FE122C4B
:10DD3C00F6D17279023AD2B22900402000F08AFE64
:10DD4C0070BDC046C805002070B505000024200039
:10DD5C00403080B200F022FE032804D12855013453
:10DD6C00102CF4D113E02028F8D02D28F6D02E2832
:10DD7C00F4D02F2803D93928F0D94028EED8102216
:10DD8C000321280009F06CFB2800FFF77DFF70BD14
:10DD9C0010B50100E02000F01FFE10BD0100932023
:10DDAC0010B5400000F018FE10BD932010B54000D7
:10DDBC0000F0F4FDFF2803D1AA38FFF7EFFF552040
:10DDCC0010BD10B5E02000F0E9FDFF2803D1FD38AF
:10DDDC00FFF7DEFF022010BDF7B5F0248527114EAA
:10DDEC006400BF0003CEFDF7F5FC01AD011C28005B
:10DDFC0005F013FF2000297800F0EEFD601C697817
:10DE0C0080B200F0E9FDA01CA97880B200F0E4FD1E
:10DE1C00E01C0434E97880B2A4B200F0DDFDBC4211
:10DE2C00E0D1F7BD3865002073B5114E114C03CE0F
:10DE3C00FDF7D0FC01AD011C280005F0EEFE200022
:10DE4C00297800F0C9FD601C697880B200F0C4FD2F
:10DE5C00A01CA97880B200F0BFFDE01CE97880B26C
:10DE6C0000F0BAFD0434044BA4B29C42DFD173BD64
:10DE7C00D0640020A3020000D702000073B5114E3D
:10DE8C00114C03CEFDF7A6FC01AD011C280005F0DA
:10DE9C00C4FE2000297800F09FFD601C697880B2D8
:10DEAC0000F09AFDA01CA97880B200F095FDE01C52
:10DEBC00E97880B200F090FD0434044BA4B29C428B
:10DECC00DFD173BD68640020D70200000B03000093
:10DEDC0073B5114E114C03CEFDF77CFC01AD011C4A
:10DEEC00280005F09AFE2000297800F075FD601CD2
:10DEFC00697880B200F070FDA01CA97880B200F0A7
:10DF0C006BFDE01CE97880B200F066FD0434044B34
:10DF1C00A4B29C42DFD173BD006400200B0300004F
:10DF2C003F03000073B5114E114C03CEFDF752FCAC
:10DF3C0001AD011C280005F070FE2000297800F0CE
:10DF4C004BFD601C697880B200F046FDA01CA978DE
:10DF5C0080B200F041FDE01CE97880B200F03CFD9D
:10DF6C000434044BA4B29C42DFD173BD98630020EF
:10DF7C003F0300007303000010B5002420002C3078
:10DF8C00FF3080B200F00AFD024B185501340D2C05
:10DF9C00F4D110BDE403002010B500242000064B82
:10DFAC002C30195DFF30C9B280B2013400F014FD81
:10DFBC000D2CF3D110BDC046E403002010B5002495
:10DFCC002000054BC130FF30195D80B2013400F0E8
:10DFDC0003FD0D2CF4D110BD8463002010B500247A
:10DFEC00054B195D85239B00E01880B2013400F0CD
:10DFFC00F3FC0D2CF4D110BD7763002070B5002418
:10E00C0025004135FF35ADB2280000F0C7FC431E9A
:10E01C00DBB2082B04D92800052100F0DDFC05201B
:10E02C00024B185501340F2CEAD170BDA0650020AD
:10E03C0010B500242000054B4130FF30195D80B233
:10E04C00013400F0C9FC0F2CF4D110BDA0650020E8
:10E05C000A4B37B518685968FDF7BCFB01AD011CBC
:10E06C00280005F0DAFD00242000E830295D80B29C
:10E07C00013400F0B1FC042CF6D137BD10000020A7
:10E08C000A4B37B518685968FDF7A4FB01AD011CA4
:10E09C00280005F0C2FD00242000F630295D80B276
:10E0AC00013400F099FC042CF6D137BDD8030020C4
:10E0BC000A4B37B518685968FDF78CFB01AD011C8C
:10E0CC00280005F0AAFD00242000E430295D80B270
:10E0DC00013400F081FC042CF6D137BD2000002067
:10E0EC0073B51A4E1A4C03CEFDF774FB01AD011C2F
:10E0FC00280005F092FD2000297800F06DFC601CD2
:10E10C00697880B200F068FCA01CA97880B200F09D
:10E11C0063FCE01CE97880B200F05EFC04340D4B2B
:10E12C00A4B29C42DFD10C4BE320197800F054FCD4
:10E13C000A4BE220197800F04FFCFFF7B9FF922050
:10E14C00074B4000197800F047FC73BD7862002043
:10E15C003B020000A3020000E3030020E2030020C6
:10E16C00E10300200A4B37B518685968FDF732FBFC
:10E17C0001AD011C280005F050FD00242000EC30FE
:10E18C00295D80B2013400F027FC042CF6D137BD98
:10E19C00400200200D4B37B518685968FDF71AFB83
:10E1AC0001AD011C280005F038FD00242000F030E2
:10E1BC00295D80B2013400F00FFC042CF6D1044B25
:10E1CC00F4201978C9B200F007FC37BD38020020E2
:10E1DC00C76500200100262010B5FF3000F0FCFBC5
:10E1EC0010BD10B50100692000F0F6FB10BD000059
:10E1FC0010B50100014800F0EFFB10BD3902000022
:10E20C000100D12010B5400000F0E6FB10BD01006C
:10E21C00D42010B5400000F0DFFB10BD0100AA2097
:10E22C0010B5FF3000F0D8FB10BD0100D72010B5A1
:10E23C00400000F0D1FB10BD0100D52010B540000E
:10E24C0000F0CAFB10BD0100A42010B5FF3000F097
:10E25C00C3FB10BD0100AC2010B5FF3000F0BCFBBF
:10E26C0010BD0100D22010B5400000F0B5FB10BD70
:10E27C000100AE2010B5FF3000F0AEFB10BD010068
:10E28C00D62010B5400000F0A7FB10BD10B5010C56
:10E29C000400A820C9B2FF3000F09EFBD320210A55
:10E2AC00C9B2400000F098FBA620E1B2FF3000F0AC
:10E2BC0093FB10BD002110B50800FFF7B7FC01203F
:10E2CC00FFF768FC0120FFF76BFC0020FFF7DEFF77
:10E2DC0010BD10B5040000F0D9FBFFF7EBFF2100D7
:10E2EC000622012000F0B6FB21000622102000F0CF
:10E2FC00B1FB06222100302000F0ACFB10BDF0B5C4
:10E30C00012500272C008FB006AB059001930293DA
:10E31C000395BEB2701C80B200F040FB029B1870DB
:10E32C003000103080B200F039FB082206AB9B188D
:10E33C003036D8550490B0B200F030FB029A0499F4
:10E34C0012780AABF854914253D1049A904207D0F8
:10E35C000024250004E00024049A03948242F8D19E
:10E36C00029A013701320292062FD2D106AA127AF2
:10E37C001B78134006AA1278FF2A0DD1FF3B5A4294
:10E38C005341DEB200230CA9002C02D1039A002ABF
:10E39C000AD0019A12780DE00026FF2BF2D106A8C4
:10E3AC00FFF797FF3500EDE7002DF2D0082006AA05
:10E3BC001218D25C5A54019A013301320192062B85
:10E3CC00E2D10023CA5C10003038092809D9062292
:10E3DC003021059809F044F80598FFF77AFF0FB043
:10E3EC00F0BD0598C254002EF1D10133062BE9D1B2
:10E3FC00F5E79042AFD1002215000392B0E701007F
:10E40C00282010B5FF3000F0E7FA10BD01002A20DB
:10E41C0010B5FF3000F0E0FA10BD0100952010B5EA
:10E42C00400000F0D9FA10BD10B50100014800F011
:10E43C00D3FA10BD3602000010B50100014800F0FF
:10E44C00CBFA10BD3702000070B505000024200087
:10E45C00803080B200F0A2FA28550134102CF6D18D
:10E46C0070BD10B501001022802000F0F3FA10BD31
:10E47C00D02310B50C000100580000F0ADFAA2201A
:10E48C002100FF3000F0A8FA10BDF7B504001D0004
:10E49C000091019200F082FA0600200000F07EFA52
:10E4AC0007003000BE4208D0200000F077FA874207
:10E4BC0003D0200000F072FA3000019B984202D881
:10E4CC00009B984204D22000290000F085FA280015
:10E4DC00FEBD022310B51A0001216620FFF7D5FFFF
:10E4EC0010BD10B50723082201216220FFF7CDFFD4
:10E4FC0010BD10B50023F0220A216320FFF7C5FFE1
:10E50C0010BD012310B5FF2219006020FFF7BDFFDD
:10E51C0010BD012310B5022219006120FFF7B5FFD1
:10E52C0010BD022310B51A000121C020FFF7ADFF6A
:10E53C0010BD012310B5022219006720FFF7A5FFBB
:10E54C0010BD002310B5F02219006B20FFF79DFFC2
:10E55C0010BD000070B50024FF2585239B00E0183A
:10E56C002A002B00012180B2FFF78FFF024B1855B8
:10E57C0001340D2CF1D170BD77630020012310B54F
:10E58C00022219006920FFF780FF10BD022310B58D
:10E59C001A0001210148FFF778FF10BD3902000075
:10E5AC000123D12010B5022219009840FFF76DFF0E
:10E5BC0010BD0123D42010B5022219009840FFF79A
:10E5CC0064FF10BD0123AA2010B502221900FF30F0
:10E5DC00FFF75BFF10BD0121D72010B50B23FE22E6
:10E5EC008840FFF752FF10BD0123D52010B5022241
:10E5FC0019009840FFF749FF10BD0023A42010B567
:10E60C00FE221900FF30FFF740FF10BD0023AC20A5
:10E61C0010B5FE221900FF30FFF737FF10BD0023A5
:10E62C00D22010B5FE2219004000FFF72EFF10BDBE
:10E63C000023AE2010B5FE221900FF30FFF725FF96
:10E64C0010BD0023D62010B50D2219004000FFF795
:10E65C001CFF10BD0023FF22A82010B51900801844
:10E66C00FFF713FF00230400D3201900FF22400002
:10E67C00FFF70BFF240400020023FF222418A6201E
:10E68C0019008018FFF701FF001910BD0123262087
:10E69C0010B502221900FF30FFF7F7FE10BD0F2353
:10E6AC002A2010B51A000E21FF30FFF7EEFE10BD28
:10E6BC000023952010B5FF2219004000FFF7E5FE5E
:10E6CC0010BD000010B50B230D2201210148FFF7EE
:10E6DC00DCFE10BD36020000012310B50D2219001E
:10E6EC000148FFF7D2FE10BD3702000037B5050018
:10E6FC000024281980B200F051F901AB18550134EF
:10E70C00042CF6D12100180005F076FA0198011CB2
:10E71C00F9F7C6FE002801D10023019301983EBDF4
:10E72C00002370B5062219006820FFF7AEFE040026
:10E73C006C20FFF7DBFFFDF705F8024D28606960E0
:10E74C00200070BDD003002070B5F0248526074D45
:10E75C006400B6002000FFF7C9FFFCF7F3FF043498
:10E76C00A4B203C5B442F5D170BDC04638650020D3
:10E77C0070B5074D074C2000FFF7B8FFFCF7E2FF20
:10E78C000434054BA4B203C59C42F4D170BDC04601
:10E79C00D0640020A3020000D702000070B5074D22
:10E7AC00074C2000FFF7A2FFFCF7CCFF0434054B0D
:10E7BC00A4B203C59C42F4D170BDC046686400206D
:10E7CC00D70200000B03000070B5074D074C20006A
:10E7DC00FFF78CFFFCF7B6FF0434054BA4B203C55E
:10E7EC009C42F4D170BDC046006400200B030000B5
:10E7FC003F03000070B5074D074C2000FFF776FF74
:10E80C00FCF7A0FF0434054BA4B203C59C42F4D121
:10E81C0070BDC046986300203F03000073030000E6
:10E82C0010B5EC20FFF762FFFCF78CFF10BD000069
:10E83C0070B5354D354C2000FFF758FFFCF782FFC3
:10E84C000434334BA4B203C59C42F4D10023190009
:10E85C001A22E220FFF719FE2E4B0122187000231A
:10E86C00E3201900FFF711FE421E90412A4B18704D
:10E87C00E420FFF73BFFFCF765FF284B186059605D
:10E88C00274B18605960274B18605960E820FFF738
:10E89C002DFFFCF757FF244C20606160F620FFF73A
:10E8AC0025FFFCF74FFF214C20606160F020FFF743
:10E8BC001DFFFCF747FF1E4B0122186059601D4BD2
:10E8CC00186059600023F4201900FFF7DEFD431E89
:10E8DC009841194BC0B21870002301221900F52081
:10E8EC00FFF7D3FD431E9841144BC0B218700023A0
:10E8FC009220012219004000FFF7C7FD421E9041F3
:10E90C000F4B187070BDC046786200203B020000AF
:10E91C00A3020000E2030020E303002020000020FB
:10E92C00D80A00200000002010000020D80300208E
:10E93C0038020020E00A0020C7650020C5650020D1
:10E94C00E103002037B502236A46134C40BA5370DA
:10E95C005080117120680022616800F0AFF9062028
:10E96C0000F070FC20680122616800F0A7F92068B3
:10E97C000022616800F0A2F901256B46585D013553
:10E98C0000F060FC052DF8D120680122616800F0D0
:10E99C0095F900F003FD37BD3400002070B505007B
:10E9AC000C4C00222068616800F088F9032000F00C
:10E9BC0049FC280A00F046FCE8B200F043FC00F0E9
:10E9CC0095FC050001222068616800F077F92800A9
:10E9DC0070BDC0463400002070B505000C00280046
:10E9EC00FFF7DCFFA04204D021002800FFF7AAFFAC
:10E9FC00F5E770BDF8B505000F001600144C0022A9
:10EA0C002068616800F05AF9062000F01BFC2068B1
:10EA1C000122616800F052F900222068616800F060
:10EA2C004DF9022000F00EFC280A00F00BFCE8B2B5
:10EA3C0000F008FC39003000002200F025FC2068B2
:10EA4C000122616800F03AF900F0A8FCF8BDC0465C
:10EA5C0034000020F7B50D00160005270190320098
:10EA6C0029000198FFF7C6FF0024A64200DCF7BD81
:10EA7C00019B181980B2FFF791FF2B5D834201D1E6
:10EA8C000134F2E7013F002FE9D1F0E730B589B04E
:10EA9C002022FF216846802508F0E2FC0024ED00CE
:10EAAC002000203420226946A4B2FFF7D3FFAC42E9
:10EABC00F6D109B030BD0000604B10B518680022CB
:10EACC00596800F0FBF85E4B00221868596800F09A
:10EADC00F5F85C4B00221868596800F0EFF85A4BB7
:10EAEC0000221868596800F0E9F8584B00221868A1
:10EAFC00596800F0E3F8564B00221868596800F08A
:10EB0C00DDF8544B00221868596800F0D7F8524BC6
:10EB1C0000221868596800F0D1F8504B0022186890
:10EB2C00596800F0CBF84E4B00221868596800F079
:10EB3C00C5F84C4B00221868596800F0BFF84A4BD6
:10EB4C0000221868596800F0B9F8484B0022186880
:10EB5C00596800F0B3F8464B00221868596800F069
:10EB6C00ADF8444B00221868596800F0A7F8424BE6
:10EB7C0000221868596800F0A1F8404B0022186870
:10EB8C00596800F09BF83E4B00221868596800F059
:10EB9C0095F83C4B00221868596800F08FF83A4BF6
:10EBAC0000221868596800F089F8384B0022186860
:10EBBC00596800F083F8364B00221868596800F049
:10EBCC007DF8344B01221868596800F077F8324B05
:10EBDC0001221868596800F071F8304B012218684E
:10EBEC00596800F06BF82E4B01221868596800F038
:10EBFC0065F82C4B01221868596800F05FF82A4B15
:10EC0C0001221868596800F059F8284B012218683D
:10EC1C00596800F053F8264B01221868596800F027
:10EC2C004DF8244B00221868596800F047F8224B25
:10EC3C0001221868596800F041F810BD94000020BA
:10EC4C008C00002074000020840000206C00002048
:10EC5C007C000020440100203C01002034010020F5
:10EC6C002C010020240100201C0100201401002094
:10EC7C000C01002004010020FC000020F400002006
:10EC8C00EC000020E4000020DC000020D400002078
:10EC9C00CC000020440000203C0000203400002068
:10ECAC00C4000020BC000020AC000020B4000020F8
:10ECBC00640000205C000020A400002007B589B28D
:10ECCC0006F084F907BD07B589B206F079F9431E41
:10ECDC009841C0B20EBD000030B593B0382200216F
:10ECEC0004A808F0BDFB10220021684608F0B8FB10
:10ECFC008020800006F01AFA06F00EFA1821194A44
:10ED0C000124D36D02258B43D36505230493802303
:10ED1C005B02059303230C9300230D9308330E938E
:10ED2C0080239B020F9380239B041093802304A8C1
:10ED3C009B0506940B95119306F024FA002801D03C
:10ED4C0072B6FEE7072302900390210068460093F9
:10ED5C00019506F07FFC002801D072B6FEE713B0D7
:10ED6C0030BDC04600100240F0B58FB005F04AFE31
:10ED7C00FFF7B2FF1422002109A808F071FB04224E
:10ED8C000126C74DC74C6B6B210013436B636B6B38
:10ED9C00C54813400493049B6B6B1C3213436B6389
:10EDAC006B6BC24F13400593059B6B6B1E3A334341
:10EDBC006B636B6B33400693069B6B6B13436B63FC
:10EDCC006B6B13400793079B6B6B063213436B63A0
:10EDDC006B6B134008930022089B06F0F7F8A020F9
:10EDEC0039000022C00506F0F1F80022B049B14804
:10EDFC0006F0ECF80022B049B04806F0E7F80994A8
:10EE0C000024A94809A90A960B940C9406F026F83C
:10EE1C00A020052309A9C00509930A940B9406F0B8
:10EE2C001DF8A02009A9C00509970A960B940C940B
:10EE3C0006F014F8A0200323102709A9C0050A9393
:10EE4C0009970B9406F00AF8994B9A4809A909936B
:10EE5C000A960B940C9406F001F8974B974809A965
:10EE6C0009930A960B940C9405F0F8FF082291482C
:10EE7C0009A909920A940B9405F0F0FFAB6B2100E1
:10EE8C003343AB63AB6B2200334009200393039BEA
:10EE9C0005F0F0FD092005F017FE894D894B28007F
:10EEAC002B60894BAC606B60EE602C616C61AC616B
:10EEBC00EC612C6206F090F80100A04201D072B611
:10EECC00FEE7280006F0DEF8011E01D072B6FEE760
:10EEDC00280006F0FDF8031E01D072B6FEE7E0250F
:10EEEC0007247A487A4AED004360836003614361EA
:10EEFC008361036243628362036343630260C560A0
:10EF0C00C46206F025FE031E01D072B6FEE77148FE
:10EF1C00714A83600260822203614361036243622F
:10EF2C0083620363082352004260FC32C560826135
:10EF3C00C761C462436306F00BFE011E01D072B6BA
:10EF4C00FEE7664C664B0200236096239B016360D0
:10EF5C000C23A060E06020616361A0610300E061AC
:10EF6C0020626062A062200007F0B6FD011E01D095
:10EF7C0072B6FEE7200007F017FE011E01D072B634
:10EF8C00FEE7200007F030FE002801D072B6FEE745
:10EF9C00200007F0EBFD031E01D072B6FEE7FF2642
:10EFAC005048514A514F026046608360C76003610C
:10EFBC00836106F0A7FF002801D072B6FEE74C482B
:10EFCC004C4B466003600023C76083600361436160
:10EFDC00836106F097FF031E01D072B6FEE7464828
:10EFEC00464A466002608360C76003614361836187
:10EFFC0006F088FF0190002801D072B6FEE70C22C3
:10F00C00019909A808F02CFA3D4D3E4B28002B60C5
:10F01C00019B6E60AB60EF60AB6106F073FF002884
:10F02C0001D072B6FEE709900B9009A9280006F0F2
:10F03C0093FF0190002801D072B6FEE70C220199D3
:10F04C0009A808F00DFA304D304B28002B60019BBD
:10F05C006E60AB60EF60AB6106F054FF002801D02E
:10F06C0072B6FEE709900B9009A9280006F074FF10
:10F07C00031E01D072B6FEE72548264A8360026063
:10F08C007F22C2608022D205066143618361C36125
:10F09C000262436206F006FD00283DD072B6FEE720
:10F0AC0000100240FF3F000000080050280900003B
:10F0BC0034FF00000004005065030000000C0050F9
:10F0CC008C09002000540040BB7C7000FC08002020
:10F0DC0000300140980800200038004088060020CD
:10F0EC0000380140B407002000200040FFFF000062
:10F0FC0068070020004401401C0700200048014024
:10F10C0000080020001400404C08002000100040B3
:10F11C006009002000280040FFF7CEFC28222000C8
:10F12C00194907F083FD0126184F3B78002B12D0AC
:10F13C00174D2B78DCB2002B0DD102202E7000F075
:10F14C003BFB144B3C701C70134B1C70134B1C7012
:10F15C00134B1C702C70134F3B78002BE4D00C4DD0
:10F16C002B78DCB2002BDFD101202E7000F024FBB9
:10F17C00084B3C701C70084B1C70084B1C70084BE7
:10F18C001C702C70D0E7C04604060020836700205A
:10F19C007E6700207D6700207C6700207A67002056
:10F1AC00786700208467002070B50B4D0B4C0A006B
:10F1BC002100280008F0E9F92800282105F0C4FBFB
:10F1CC0021002822064807F031FD0421054B1A685E
:10F1DC0013688B43136070BDDC050020040600200F
:10F1EC00880600202C06002007B56B46D91D087038
:10F1FC0064230122014807F053FB07BD8806002059
:10F20C0010B5044C0A0001006423200007F048FBF1
:10F21C0010BDC04688060020034B1A6840231168B5
:10F22C000B4313607047C046FC08002002230349BF
:10F23C008A681A42FCD0024B1870704700300140AB
:10F24C000C300140402210B501240C4B1B6819688E
:10F25C00914319601968A1431960196819601968FC
:10F26C000A431A600222064B99681142FCD0054AE7
:10F27C001070802299681142FCD110BD98080020B2
:10F28C00003800400C380040F0B540240126144BE7
:10F29C001B681D68A5431D601D68B5431D601D6876
:10F2AC00104E15431D601A68802514431C60002203
:10F2BC0002240D4B904208DC022299681142FCD0CA
:10F2CC00802299681142FCD1F0BD9F682742FCD086
:10F2DC009F682F42FCD18F5C01323770EAE7C04641
:10F2EC00980800200C38004000380040402210B52F
:10F2FC0001240F4803681968914319601968A143E8
:10F30C0019601968196019680A431A6006F098FCAC
:10F31C000222084B99681142FCD00021064A117058
:10F32C00012299681142FCD0D868C0B210BDC04609
:10F33C0098080020003800400C380040F8B5144FF5
:10F34C000400380016000D0006F07AFC40223B68E1
:10F35C00196891431960012118688843186018686E
:10F36C003043186018680B4E02431A6002200023C9
:10F37C00094A9C4200DCF8BD97680742FCD0002784
:10F38C00377097680F42FCD0D768EF540133F0E721
:10F39C00980800200C3800400038004070B50C4C28
:10F3AC00002220686168FFF789FC0520FFF74AFFFF
:10F3BC000125FFF79BFFFFF799FF284205D1206835
:10F3CC0001226168FFF77AFC70BDFFF78FFFF4E74D
:10F3DC003400002010B5062807D10C48022203681F
:10F3EC0052421A6106F040FC10BD072801D10848B2
:10F3FC00F4E70E2801D10748F0E7102801D10648A0
:10F40C00ECE71128F0D10548E8E7C0464C0800208D
:10F41C0000080020B4070020680700201C0700200B
:10F42C0010B5062803D10A4806F052FC10BD072877
:10F43C0001D10848F8E70E2801D10748F4E7102855
:10F44C0001D10648F0E71128F0D10548ECE7C04699
:10F45C004C08002000080020B4070020680700209A
:10F46C001C070020084B06280BD0084B072808D097
:10F47C00074B0E2805D0074B102802D0112802D1BB
:10F48C00054B1B68D96270474C080020000800200F
:10F49C00B4070020680700201C070020084B062832
:10F4AC000BD0084B072808D0074B0E2805D0074B6C
:10F4BC00102802D0112802D1054B1B6859627047E5
:10F4CC004C08002000080020B4070020680700202A
:10F4DC001C07002062B6704772B670470E4B10B511
:10F4EC000400984207D103F0EDFB0C4B9C4207D172
:10F4FC0003F0D2FA0FE00A4B984207D103F0A8FEB2
:10F50C00084B9C4207D103F0F3FA04E0064B9842F7
:10F51C00EBD103F0ABFE10BD4C08002068070020B7
:10F52C00000800201C070020B407002072B6FEE77C
:10F53C00F7B52C4C2C4A23001068516880331860A6
:10F54C0059602A4B00261A685B6800270025226147
:10F55C0063610022264B01A826626762A662E762FD
:10F56C0026636763226463642580A56304F09EF8B8
:10F57C006B4622009B8848325BBA138001A832008C
:10F58C003B002665676504F091F86B4622009B886A
:10F59C0058325BBA138001A832003B0026666766BE
:10F5AC0004F084F86B4622009B8868325BBA1380A7
:10F5BC0023006A331D8023006E331D8023007233B9
:10F5CC001D80230076331D8023007A331D80230099
:10F5DC0088331E605F6023007E3490331E605F6052
:10F5EC002580F7BDE009002020000020100000203D
:10F5FC00E0FFEF40F8B50022334BFAF703F9002295
:10F60C00324BFAF7C5FC04000D00314A314BFBF7C5
:10F61C00F9F822002B00FBF7F5F822002B00FBF782
:10F62C00F1F82D4A06000F00200029002B4BFBF7A8
:10F63C00E9F822002B00FBF7E5F802000B00300084
:10F64C003900FAF7DFF8244A06000F0020002900E1
:10F65C00234BFBF7D7F802000B0030003900FAF708
:10F66C00D1F8204A204BFBF7B3FB08F097FD0022A2
:10F67C001E4B04000D00F8F7F3FE002812D01C4BB3
:10F68C001B78002B04D001221A4B1B4C1B4D1A70FB
:10F69C001B4B1B78002B02D00122164B1A70290031
:10F6AC002000F8BD002220002900164BF8F7C4FEFC
:10F6BC000028F4D0124B1B78002BF0D001220D4BFC
:10F6CC000D4C0E4D1A70EAE70000894000E09540A1
:10F6DC00D7A3703D0AD581406666666666D29EC029
:10F6EC006672A140295C8FC2F5D8894000001E408B
:10F6FC00E8010020646700208FC2F5285CFF5840A9
:10F70C00596300200000F03FF8B50D0004000D4ACD
:10F71C000D4BFBF777F82B002200FBF773F80B4A25
:10F72C0006000F0020002900094BFBF76BF80200C4
:10F73C000B0030003900FAF765F8064A064BFAF769
:10F74C0061F8F8BD865AD3BCE3149DBF454772F9E6
:10F75C000FE9FE3F4A0C022B8716A93FF8B50F00A4
:10F76C0019000E4B06001B781000002B12D00C4C0D
:10F77C000C4D00220C4BFBF72BFB2B002200FBF754
:10F78C0041F80022094BFAF73DF832003B00FBF739
:10F79C0039F8F8BD064C074DEBE7C046596300201D
:10F7AC009A9999999999993F000039400000F03F36
:10F7BC007B14AE47E17A943F0023F0B5B3B0CB4C49
:10F7CC00CB4D0A903193012823D120702B70FFF779
:10F7DC0027F806000F00C74B1E605F60C64B1B78F6
:10F7EC00002B21D000220023F8F73AFE00281BD072
:10F7FC00C24B002230003900F8F71EFE012300280E
:10F80C000DD0237000232B700022BD4B0492059366
:10F81C0010E00A9A022ADAD123700123D6E720706D
:10F82C002B700022B74BF1E72378002BECD12B780F
:10F83C00002BF6D1FEF7AAFE022802D10022B24B11
:10F84C001A70FEF7A3FE012801D1AF4B1870FEF71A
:10F85C0081FEFEF765FFFEF7E2FE1A90FEF749FE09
:10F86C00AA4B1870FEF7F6FE3221F8F7C9FD0029F5
:10F87C0001D101F0A3FE002301221900F420FEF7B0
:10F88C0004FE431E98410023A14DC0B219002870FC
:10F89C000122F520FEF7F9FD431E98419D4BC0B2A5
:10F8AC001870FEF786FE012802D000229A4B1A70BF
:10F8BC00FEF7ACFE1290022802DD0122974B1A7063
:10F8CC00974B1A78002A00D1C4E0904A12783B2A50
:10F8DC0000D8BFE0934B01221A70934B1A70934BD4
:10F8EC001A78914B002A03D18E4A1278002A01D043
:10F8FC0001221A701B78002B05D02378002B02D024
:10F90C000122814B1A70FEF76FFE794B88491B78E8
:10F91C000860002B05D00122864B022800D0A4E001
:10F92C001A707D4E7F4C3378002B09D02378002B36
:10F93C0006D00020FEF78EFC0022784B12921A7033
:10F94C002378744C002B00D195E07B4B7B4A1A80BA
:10F95C00724B1B78002B02D00122794B1A700125B7
:10F96C00784B1D60FCF7DEF92378D8B2002B03D15D
:10F97C00754B1D70FEF77CFCFEF75AFE734B18603E
:10F98C00644B1B78002B06D0FA216B4A8900138834
:10F99C005B189BB213805E4B1B78002B04D0664A1D
:10F9AC0013880A339BB21380654B1B78002B04D051
:10F9BC00614A138864339BB213805B4B644C1B7895
:10F9CC00DAB21192002B00D1F3E0FEF77BFE207827
:10F9DC000300083B5A1E93410822DBB21193554B8E
:10F9EC000B901B781492002B05D00321F8F798FB91
:10F9FC000130C3B20B9300230120227855499A425F
:10FA0C0000DDDEE002F07AFF534C0A991EA801F0EB
:10FA1C008DFA48221EA9200007F0B7FDFEF759FD0C
:10FA2C001B90FEF705FFFEF78FFEFEF7A1FEFEF71B
:10FA3C00B5FEFEF7C9FEFEF7DDFE484B1B78002B2A
:10FA4C0001D0FCF763FA424B01241A784449002395
:10FA5C004448BEE01B78002B00D140E72B4B1B78B1
:10FA6C00092B00D83BE7314B35E702201A700860B0
:10FA7C00FEF7E2FB55E73C4B1B78002B1BD02B4BC6
:10FA8C001B78002B17D02C4B384A1A802378DCB209
:10FA9C00002B00D070E701250222294B1D70294B49
:10FAAC001A601B4B1C70FEF775FBFCF73BF9264BE1
:10FABC001D7020005EE71A4B1B78002B5AD0337850
:10FACC00002B57D02378002B09D11B4B284A1A80C6
:10FADC0001231B4A13701B4A13601B4A137000242A
:10FAEC002C70FEF757FBFCF71DF9E2E75963002079
:10FAFC00E8010020E80A00205863002000708740CD
:10FB0C0000D0864000208C404C630020F10A00207D
:10FB1C00C7650020C565002078670020F00A00202A
:10FB2C007D6700207B6700207C6700207A670020BF
:10FB3C00EC0100205C63002070670020102700009F
:10FB4C00816700204C020020C6650020D00A0020EE
:10FB5C0051020020F1010020880A0020AF6500202E
:10FB6C00E40300206A63002079670020204E000027
:10FB7C0030750000734B1B78002B00D1FCE63378FA
:10FB8C00002B00D0F8E62378DEB2002B00D0F3E691
:10FB9C0001246D4B6D4A1A806D4B1C706D4B1C60B3
:10FBAC002E70FEF7F7FAFCF7BDF86B4B30001C70AB
:10FBBC00E0E6FEF710FD032343430B93119B1493D4
:10FBCC0019E7C85401331AE7CD5C052D00D9C4548C
:10FBDC0001339A42F8DC00F075FE03F085FBFA2045
:10FBEC00C00004F035FF0023139315930D93FFF71A
:10FBFC009FFC5A4C236B012B3DD1594B1B78002B8E
:10FC0C0039D003F001FC022835D1FEF792FC012813
:10FC1C0031D103F0F9FB01282DD003F0F5FB0128BD
:10FC2C0029D05048236804220370030039331A701A
:10FC3C004D4B00241A68030078331A800300FF220E
:10FC4C007E331A70312503F0D1FF03F0BDFF04F0B1
:10FC5C0031F90022E30FA5425341DBB2934201D0AC
:10FC6C00904203D1FCF75EF833B0F0BD0A2004F0EB
:10FC7C00EFFE0134EBE7A269E369A06AE16AFAF7E7
:10FC8C0087F9FBF7D1FCAF22384B00210890120109
:10FC9C001800079307F0E4FBAF22354D0021280034
:10FCAC00120107F0DDFBAF22324E00215201300071
:10FCBC0007F0D6FBAF22002152012F4807F0D0FBF2
:10FCCC00AF222E4F00215201380007F0C9FB6B46C2
:10FCDC001B8C320029001093009307983B0003F013
:10FCEC00E7FA274B1A4D1A782B78134022003C3236
:10FCFC0012781A420CD035342378002B08D0049893
:10FD0C00059903F039FB002301222B701D4B1A704F
:10FD1C0000221D4B1A8002F0F9FF104B9868D9682D
:10FD2C0002F052FF03F04CF802F0EAFF07900028B3
:10FD3C00FAD1164B1B78DAB20C92002B28D103F0B7
:10FD4C00FFFE91E77D67002070670020409CFFFF5D
:10FD5C00816700204C020020C6650020880A002024
:10FD6C00E9010020E009002074670020845700207E
:10FD7C00944C0020B4360020D4200020F40A00203B
:10FD8C007F6700201B0A00206E67002050020020B5
:10FD9C00D44B079AD4491A80D44AD54B966B176822
:10FDAC0009785E70FBB2002905D0126C002A02D0D3
:10FDBC001B019B18DBB2CE4CCE4A2370CE4BCB4DE5
:10FDCC0022626362286A696ACC4ACD4B2263636300
:10FDDC00A262E3622300883318605960AA6AEB6A56
:10FDEC00FAF7F6FFFBF720FCC317C0185840FBF7D7
:10FDFC0057FCC44B90341B7820606160002B37D0CB
:10FE0C005A231AAA9B1800223E351A802B780124FB
:10FE1C00934201D1BC4B1C78BC4B1B78002B12D0ED
:10FE2C00BB4B1B78002B09D0B049BA4B0022086998
:10FE3C004969F8F7FBFA0023984206D0B64B1B78B9
:10FE4C00002B00D069E2012323405A241AAAA418DB
:10FE5C0031003A0008980094FBF7F4FDAF4B228870
:10FE6C001A80AF4B1B78002B00D062E201F02CF80B
:10FE7C00049A059B9E491098FDF71EF9A34B1B781D
:10FE8C00002B09D0994B1A6B012A00DD54E25A6BF6
:10FE9C00A44B1A4200D04FE20E9B0F9C089309947E
:10FEAC009A4B1A78984B1B78002B00D166E29E482F
:10FEBC009E4900780B78002800D15CE28C48013B0D
:10FECC00046C456C181C049405951B0600D5002089
:10FEDC0008709649964B09781970964B1B78002B35
:10FEEC0003D09549954B096819600021944B1B78F8
:10FEFC008B4208D193487D4B0078884203D036332F
:10FF0C001B785B42D9B2904B794C1970002A59D0AE
:10FF1C00834B764E1B78002B54D18C4D0A9B286852
:10FF2C0069680093089A099BFFF764FB2062616281
:10FF3C00FFF7EAFB226963690A9F206361630097FC
:10FF4C00FFF70CFC226963690E920F932A686B68A9
:10FF5C00A062E162206C616C009201930E9A0F9B7F
:10FF6C00FCF758F90B0002003100A260E3603F314E
:10FF7C000978002908D031003D3109783068FCF748
:10FF8C00F1FA8034206061600021594D574CAA6809
:10FF9C00EB680091216C2068FBF780FE0B9B6C4A90
:10FFAC00013B0B931378383501331370694B287070
:10FFBC001B78002B06D03D3423785A425341139AB8
:10FFCC00D31813930498059901F04CFB4E4B1B78F6
:10FFDC00002B08D0604B1B78002B04D05F4B5C6867
:10FFEC001B6804930594414C2068FBF7E7FE5C4BBF
:04FFFC001870002059
:020000040801F1
:1000000002F072FA119B002B03D0139B149A9342B7
:1000100008D00B9B002B00DDDEE136342378002B6B
:1000200000D1D9E10122524B1A70FEF75FF8FEF7BA
:1000300015F8FEF72BF84F4B1B78002B00D1C4E1CD
:100040004D4B1B78002B00D1BEE0474B1C685D6810
:100050004A4B20001A685B680E920F93484B2900A8
:100060001E685F680E9A0F9BF9F7D2FB454B1C90F8
:100070001D911A685B6830003900F9F7C9FB02006E
:100080000B001C981D99FAF7A9FE4B005B0817930B
:1000900016900022169817993B4BF8F7D3F90028D1
:1000A00012D132003B0020002900FAF797FE4B00E6
:1000B0005B0819931890002218981999324BF8F799
:1000C000D5F9002800D17FE00E9A0F9B224E3068B0
:1000D0007168FAF783FE2D4A2D4BFAF799FB2D4FE5
:1000E0003A687B68F9F794FB0E9A0F9B040053E083
:1000F0006C6700205C630020880A0020E009002073
:100100008FC2F5285CFF58400E2DB29DEFFF58407E
:100110007F670020E90100205A6300205963002016
:1001200000004440E8010020520A0020C40A0020D8
:10013000FF00FF00FD030020A4660020180A002035
:10014000BD0A002074670020686700207C670020DB
:10015000C60A00205E0A002040020020F20A0020A9
:100160000D040020BE0A002038020020190A0020D9
:10017000E1030020D3650020A066002028020020B3
:10018000E00A0020E80A0020000024403BDF4F8DF9
:10019000976E923F600A00200D00326073603C60F1
:1001A0007D6000220023F8F74DF9002807D10022D6
:1001B00020002900964BF8F759F9002804D00020B8
:1001C000944B9549186059600122944B1A70944BD6
:1001D0001B78002B01D0FDF7CBFFFDF7E1FF914B22
:1001E0001B78002B0CD034226B469B181878FEF736
:1001F0004CF80D9B002B03DD8B4B0D9A1599D154B8
:100200008A4B1868C0B2FEF71DF9894B1B78002B8A
:1002100003D0FDF7C7FEFDF711FF864B1B78062BB9
:1002200000D0D5E0FEF7EFF90130C0B2FEF711F8CB
:10023000FBF77EFD1A9B581CC0B2FEF718F8002190
:10024000FA20FEF7CFFB7C4B1B78002B04D1129BCE
:10025000581CC0B2FEF704F81A9B092B05D90120DF
:1002600002F042F90020FEF702F8FDF7E3FDFDF78A
:100270000BFE724B1868596801F0BCF9704B186896
:10028000596801F0C9F96F4B18680130FE2800DD8C
:10029000FE201860C0B2FDF7F1FFFEF7E1F9013072
:1002A000FDF7FAFFFF22684B1A70684B1B78002B92
:1002B00008D0674B1B78002B04D05C4B654A5B6C05
:1002C0009BB213801B9B012B0BD10C9C624B0294A5
:1002D000109C624A0194624C62496348009403F0A6
:1002E00043FA624B1B78002B02D10C9B002B15D0DC
:1002F0005F4803F081FC312403F06CFC03F0E0FD67
:100300000022079B0799DB0F8C425341DBB29342DB
:1003100001D0904270D10C9B002B74D1089B099C9A
:100320000E930F9469E44149524B00228868C968D2
:10033000F8F782F80023984200D08AE58BE54E4B0F
:1003400018709BE54D4D287802F050F9484C2B78F9
:10035000A061022B12D102F059FA08900991089A73
:10036000099B226163610899099A454B19605A609B
:10037000444B1B78002B00D194E597E502F08AF9F5
:10038000EBE701330B70AAE5002A00D1B3E53E4943
:10039000264B0978002900D0ADE53C4800780028BC
:1003A0000FD031913A4932480978046C456C049475
:1003B0000595002900D19EE519689B6B0D91159359
:1003C00099E5319B0133319395E5144A1370FEE6AC
:1003D0000020FDF73EFF2DE72C4B2E4A31A91B785C
:1003E000127800910498059901F016FDFF222A4B1E
:1003F0001A7000230C9365E70A2004F02FFB079B7B
:10040000013307937AE700F069FAFFF733FCC0463F
:1004100000002C40600A002000002E40C76500202C
:10042000A26600207B6700209F650020880A0020CC
:100430007F670020190A0020F00A002038020020FF
:1004400040020020D00A00205E0A00205A630020EB
:10045000E80100206C670020D4200020B436002082
:10046000F40A0020944C0020845700204D01002005
:10047000E009002000003E40F0010020EA010020D9
:1004800010000020BC0A0020C40A00200D04002037
:100490000C040020FD0300205F0A002001210A4B0C
:1004A00082B01A6C0A431A641A6C0A4080210092C6
:1004B000009ADA6B49050A43DA63DB6B0B40019360
:1004C000019B02B07047C0460010024010B5040006
:1004D00094B01422002102A806F0C8FF34220021A3
:1004E00007A806F0C3FF174B22689A4227D12023A2
:1004F00007A8079305F072F9002801D0FFF71CF850
:100500000222114C1148636B02A913436363636BAE
:1005100013400093009BC0230293AE3B0393002340
:10052000049305930633069304F09EFC8022E36B4C
:1005300092031343E363E36B13400193019B14B0F5
:1005400010BDC0460054004000100240000400509E
:1005500010B504008EB03422002101A806F086FFF9
:10056000104B22689A421BD180239B020193802367
:1005700001A85B000D9305F031F9002801D0FEF7CA
:10058000DBFF8022084B1202D96D0A438021DA6515
:10059000DA6BC9000A43DA63DB6B0B400093009B04
:1005A0000EB010BD002800400010024010B504003D
:1005B0008AB01422002105A806F058FF23681F4ABC
:1005C00093421CD180211E4B49011A6CA0200A4382
:1005D0001A641A6CC0050A4001210192019A5A6BF3
:1005E0000A435A635B6B0B400293029B154B05A9B0
:1005F00005930223069304F037FC0AB010BD124A9B
:100600009342FAD180210E4BC901DA6B0F480A439D
:10061000DA63DA6B0A4008210392039A5A6B0A43A1
:100620005A635B6B0B400493049B1A230593183B9E
:100630000693013B099305A9DDE7C0460030014060
:1006400000100240C280000000380040000C005042
:100650007FB50368324A934212D11021314B1120E9
:10066000DA6B0A43DA63DB6B00220B4001930F392C
:10067000019B04F005FA112004F02CFA07B000BD2C
:10068000294A93420FD12021264B1220DA6B0A43CC
:10069000DA63DB6B00220B4002931F39029B04F0EC
:1006A000EFF91220E8E7214A934210D180211D4B37
:1006B00009021A6C13200A431A641B6C00220B40B7
:1006C00003930121039B04F0DBF91320D4E7184ABC
:1006D000934210D18021134B89021A6C15200A43D2
:1006E0001A641B6C00220B4004930121049B04F04C
:1006F000C7F91520C0E70F4A9342BFD18021094BAB
:10070000C9021A6C16200A431A641B6C00220B40A3
:1007100005930121059B04F0B3F91620ACE7C04610
:100720000010004000100240001400400020004073
:10073000004401400048014070B5060094B0142206
:10074000002102A806F092FE3422002107A806F03C
:100750008DFE274B32689A4247D1012307A80793A1
:1007600005F03CF8002801D0FEF7E6FE8021214B81
:10077000C9011A6CA0200A431A641A6C00250A40A9
:100780000092009A0122596BC005114359635B6BBB
:1007900002A913400193019BB0235B010293022342
:1007A000049503930595069204F05EFB124C134BDF
:1007B00020002360322363604E33A560E56023612F
:1007C0006561A561E561256204F0E4F9A84201D004
:1007D000FEF7B2FE0022331D1B201100DC67A6626B
:1007E00004F04EF91B2004F075F914B070BDC0463A
:1007F00000380140001002402C0600200800024092
:10080000FEE7FEE77047704710B504F015F910BD1C
:1008100010B5024804F0D4FA10BDC0462C060020E2
:1008200010B5024805F078FA10BDC0464C0800200B
:1008300010B5024805F070FA10BDC046000800204F
:1008400010B5024805F068FA10BDC046B407002094
:1008500010B5024805F060FA10BDC04668070020D8
:1008600010B5024805F058FA10BDC0461C0700201C
:1008700010B5024805F03EFC10BDC04688060020B9
:1008800010B5034B012218685968FEF71DFA10BD18
:100890009400002010B5034B002218685968FEF739
:1008A00013FA10BD9400002010B5034B0122186804
:1008B0005968FEF709FA10BD8C00002010B5034BF3
:1008C000002218685968FEF7FFF910BD8C0000205F
:1008D00010B5FFF7D5FFFFF7E7FF10BD10B5FFF725
:1008E000D9FFFFF7EBFF10BD10B5034B01221868CD
:1008F0005968FEF7E9F910BD7400002010B5034BEC
:10090000002218685968FEF7DFF910BDC400002006
:1009100010B5034B012218685968FEF7D5F910BDD0
:10092000C400002010B5034B002218685968FEF778
:10093000CBF910BDBC00002010B5034B0122186894
:100940005968FEF7C1F910BDBC00002010B5034B7B
:10095000002218685968FEF7B7F910BDB4000020EE
:1009600010B5034B012218685968FEF7ADF910BDA8
:10097000B400002010B5034B002218685968FEF738
:10098000A3F910BDAC00002010B5034B012218687C
:100990005968FEF799F910BDAC00002010B5FFF7BB
:1009A000ADFFFFF7BFFFFFF7D1FFFFF7E3FF10BD7C
:1009B00010B5FFF7ADFFFFF7BFFFFFF7D1FFFFF760
:1009C000E3FF10BD304B10B5186800225968FEF7E0
:1009D0007BF92E4B002218685968FEF775F92C4BED
:1009E000002218685968FEF76FF92A4B0022186830
:1009F0005968FEF769F9284B002218685968FEF714
:100A000063F9264B002218685968FEF75DF9244BFC
:100A1000002218685968FEF757F9224B002218681F
:100A20005968FEF751F9204B002218685968FEF703
:100A30004BF91E4B002218685968FEF745F91C4B0C
:100A4000002218685968FEF73FF91A4B002218680F
:100A50005968FEF739F9184B002218685968FEF7F3
:100A600033F9164B002218685968FEF72DF9144B1C
:100A7000002218685968FEF727F9124B00221868FF
:100A80005968FEF721F910BD44010020CC00002078
:100A9000E40000203C010020340100202C01002053
:100AA000240100200C010020F4000020040100209B
:100AB000FC000020EC00002014010020DC000020DD
:100AC000D40000201C01002010B5FFF77BFF074B6E
:100AD000012218685968FEF7F7F8054B01221868DB
:100AE0005968FEF7F1F8FFF7FFFE10BD5C0000202B
:100AF0006400002010B5FFF765FF034B0022186863
:100B00005968FEF7E1F810BD5C000020304B10B5CD
:100B1000186800225968FEF7D7F82E4B0122186892
:100B20005968FEF7D1F82C4B012218685968FEF776
:100B3000CBF82A4B012218685968FEF7C5F8284BF4
:100B4000012218685968FEF7BFF8264B0122186881
:100B50005968FEF7B9F8244B012218685968FEF766
:100B6000B3F8224B012218685968FEF7ADF8204B04
:100B7000012218685968FEF7A7F81E4B0122186871
:100B80005968FEF7A1F81C4B012218685968FEF756
:100B90009BF81A4B012218685968FEF795F8184B14
:100BA000012218685968FEF78FF8164B0122186861
:100BB0005968FEF789F8144B002218685968FEF747
:100BC00083F8124B002218685968FEF77DF810BDB3
:100BD00044010020CC000020E40000203C01002063
:100BE000340100202C010020240100200C010020F1
:100BF000F400002004010020FC000020EC00002094
:100C000014010020DC000020D40000201C01002082
:100C100010B50400002901D0FFF7D4FE601E0E2895
:100C20000FD8F7F76FFA080F11131517191B1D1FAF
:100C3000212325272900114B186801225968FEF746
:100C400043F810BD0E4BF7E70E4BF5E70E4BF3E7FD
:100C50000E4BF1E70E4BEFE70E4BEDE70E4BEBE7DC
:100C60000E4BE9E70E4BE7E70E4BE5E70E4BE3E7EC
:100C70000E4BE1E70E4BDFE70E4BDDE7CC0000202B
:100C8000E4000020240100203C010020F4000020AA
:100C90003401002004010020FC0000202C01002071
:100CA000EC0000200C01002014010020DC000020DA
:100CB000D40000201C010020F7B50190FFF782FE50
:100CC000284B294A1B780B270092002B04D1274B75
:100CD0001B78002B00D0177800242600244D009BA1
:100CE0001B78A34200DCF7BDB742FCDD2A78013453
:100CF000002A1CD02000A34200DAE01A019B002B3E
:100D000001D000232B7002381A4B0C2809D8F7F7B2
:100D1000F9F90710121416181A1C1E202224260096
:100D2000154B186801225968FDF7CEFF01360135D1
:100D3000D5E7124BF5E7124BF3E7124BF1E7124BF5
:100D4000EFE7124BEDE7124BEBE7124BE9E7124BE3
:100D5000E7E7124BE5E7124BE3E7124BE1E7124BF3
:100D6000DFE7C0465963002051020020E80100205F
:100D7000F1010020CC000020E4000020240100202C
:100D80003C010020F4000020340100200401002078
:100D9000FC0000202C010020EC0000200C010020B1
:100DA00014010020DC000020D400002010B5FFF763
:100DB00009FE034B012218685968FDF785FF10BD35
:100DC000440100200120704710B506F0B7FB162340
:100DD00003600120404210BD10B506F0AFFB1623A2
:100DE0000360FEE770B50E0014000025A54201DB8C
:100DF000200070BD00E000BF70550135F6E770B50A
:100E00000E0014000025A54201DB200070BD705DBE
:100E100000E000BF0135F6E7012040427047802323
:100E20009B0100204B6070470120704700207047F5
:100E30000B490C4A0300521A0B4910B508680028E8
:100E400001D10A4808600868C318934206D906F021
:100E500075FB0C2303600120404210BD0B60FCE7D2
:100E60000004000000900020486300204869002032
:100E70007047000070B5FDF718FC0E4C0E4D206059
:100E80002B780F280DD1002B01D10F2070BD0E2023
:100E9000FDF7C2FA0E2323602B78002BF5D02068D3
:100EA000F4E70E28F8D1002BEFD00130FDF7B4FAAB
:100EB0000F23F0E71C020020C16500200F2802DD8F
:100EC000024B18787047024BC05CFBE7F001002032
:100ED0009F650020144A30B514680F2C23DC134B97
:100EE0001D78002D02D0092800DD0920104B1B7849
:100EF000002B02D00923082802DC031E00DC01239A
:100F0000110034310978906B29400125082800DC54
:100F10000025294204D0984202DD51680131516018
:100F20009363044AA35430BD880A00205A6300200A
:100F3000E90100209F65002070B50400FDF764F80A
:100F4000FDF720F8FDF7A8FB174B18491870184B50
:100F50001B78002B04D1174B1B78002B04D01649AB
:100F60004822200006F017FB144B1B78002B09D0F9
:100F7000012213490A70032B04D9180010401342B0
:100F800000D10870FFF776FF0500FFF797FF0122F9
:100F90000C4B25601A7000230B4AA06313702000CD
:100FA0002364636470BDC046EA010020A0010020F4
:100FB00059630020E801002058010020B06500209E
:100FC000C1650020E90100205A630020F0B5674B9D
:100FD00085B01A78029317000023012664496548FA
:100FE00093422EDBFAF70AFD05F01EFF0023624D47
:100FF0002B646B64614B1C78002C30D0029B1A78F8
:101000002B003C331B78002B26D12B6801339342F5
:1010100000DD9B1A01215A4A2B609954594A1368E2
:101020005B181360029B574C1A7823689A4206D1CA
:101030000D2200214E4806F019FA0023236005B066
:10104000F0BDCC5C0133002C02D1C45C002C01D07B
:10105000013FC5E71E00C3E74B4B1B68DAE74B4B6C
:101060001B78002BDED0424A0192002F5CDD012F5D
:1010700007D12E609619434A013E13683770013339
:10108000CFE7022F52D005F0FFFE029B1E78310001
:10109000F7F7BCF9019B5B5C002BF4D13C4F7B5C08
:1010A000002B01D0002CEED04B1C2B600123019AA9
:1010B0005354344A1368013313609E42B2DD05F085
:1010C000E3FE029B1B7819000393F7F79FF9019B3E
:1010D0005B5C002BF3D17B5C002B01D0002CEED0AD
:1010E0004B1C2B640123019A264E53543368039AF8
:1010F000013333609A4295DD05F0C6FE029B1978F4
:10110000F7F784F9019B5B5C002BF5D17B5C002B2E
:1011100001D0002CF0D04B1C6B640123019A535476
:101120003368013333607DE71C00ACE7019B2E6020
:101130009E190123134A013E337013681448591C49
:10114000116002990F78A74200DC6BE701990E5DF0
:10115000611C002E08D1065D002E05D129640121F5
:101160000198023301555CE70C00ECE751020020C6
:101170005D63002069630020880A00205963002015
:101180005C6300205463002050630020E8010020CD
:101190006A630020F7B5C04F00213B003E33197051
:1011A00001233B630223FF33BB863B000D22363312
:1011B000BA481970B9873964796406F057F9B84BA1
:1011C0001E78002E00D1FDE0B64B00221B78002BCC
:1011D00000D1F5E08023DB05BA61FB610022B24B50
:1011E000BA60FB600022B14B3A617B610022B04BD8
:1011F000BA62FB6203237B60AE4B00221C685D6811
:10120000AD4B20002900F7F731F9002801D0002468
:10121000A94DAA4B1B780093002B02D0A84B1C6849
:101220005D68002220002900A64BF9F7D7FDA64AE9
:10123000A64BF9F7EDFA02000B000020A449F9F7DC
:10124000CDFD0022A34B04000D00F7F70FF9002895
:1012500001D000249F4DA04B3C627D621B78002B87
:1012600032D0009B002B00D0C4E09C4B5C681B6814
:101270009B4A00930194138801339BB21380002E84
:1012800000D1BAE00022974B1C685D68964B2000A5
:101290002900F8F7BDFA954BB862F9621A685B68E5
:1012A00020002900F8F7B4FA874A04000D000098DE
:1012B0000199864BF9F7ACFA02000B0020002900D7
:1012C000F9F78CFD38627962894B1B78002B00D1CD
:1012D000AFE0002E00D1A4E0FDF7B9F9002803D05B
:1012E000844B1B78002B07D0834B07221D780023EB
:1012F00082499D4200DD8BE00122674B1860804BE4
:10130000C254804A13680133136001217E4A624B44
:10131000117003225A6000223F331A707B4B5E4CDF
:101320001B78002B06D023003E331B78002B01D006
:10133000012363602068FFF7C1FD226B6368A0632F
:101340009A4203D12300012236331A7023003C3322
:101350001B78002B14D16E4B1B78002B10D06D49DD
:101360000022086849686C4BF7F76CF8002807D032
:10137000206A616A0022694BF8F74AFA20626162CA
:1013800023003D331B78002B07D0206A616A0022BE
:10139000624BF8F73DFA20626162206A616A0022BE
:1013A0004C4BF7F763F8002803D00022494B226228
:1013B000636200225A4B1A705A4B01321A70F7BD01
:1013C000594B09E7594B1B78002B00D114E78023B8
:1013D0000022DB05BA61FB610022554BBA60FB605D
:1013E0000022544B3A617B610022534BBA62FB628C
:1013F000022300E7002300243AE74C4B1B78002B24
:1014000000D161E7374B00221C685D684B4B3EE71B
:10141000CE5C5C1C964202DC2000CA5CD2B2230087
:1014200067E7424B1B78002B00D16EE7FFF7CEFD3C
:101430006BE7434B304C1B78002B1CD100203A004B
:1014400040498233B861F96100203B603C32813B06
:10145000137016493C4A7B60127838617961FDF758
:1014600041F93A4B227802301860904200DC55E78F
:10147000801A186052E70122354B074D1A70FDF7AC
:1014800031F9237801302860984201DDC01A2860C4
:10149000FFF79CFD42E7C046880A00205D630020FC
:1014A000596300204C630020000059400000444074
:1014B00000908A404002002000488C40A066002036
:1014C000E80A0020004085409A9999999999E93F46
:1014D0000060834000808640C7650020C86500200A
:1014E000706700202002002000206C40380200209D
:1014F000816700207867002051020020E40300206B
:101500005C63002054630020C50A002018020020FC
:101510005B630020200000200000144000004940D0
:10152000E90100205A6300200000F03FE80100209C
:1015300000003E400000544000E0854000707740CD
:101540007B670020000008407C670020506300207B
:10155000C60A002010B50D222821034805F086FF99
:10156000FCF732FD10BDC0468463002010B5682230
:101570000021034805F07AFFFCF786FC10BDC04649
:101580006864002010B5682422000021064805F098
:101590006DFF22000021054805F068FFFCF79EFC66
:1015A000FCF7C6FC10BDC046006400209863002014
:1015B00010B568220021034805F058FFFCF73AFCFB
:1015C00010BDC046D064002010B50D22FF21034895
:1015D00005F04CFFFCF708FD10BDC0467763002006
:1015E00010B50220FCF72EFE0222014B1A6010BD3E
:1015F000EC010020D0B506000F00054C6022054923
:10160000200005F021FF26666766FCF767FCD0BD69
:101610000064002008640020D0B506000F00054CCF
:1016200060220549200005F00FFF26666766FCF77B
:101630007FFCD0BD98630020A0630020F8B50C6843
:101640004D68066847682B00220030003900F6F725
:10165000F9FE03000120002B08D12B0022003000EE
:101660003900F6F703FF431E98414042F8BD0000E1
:10167000F0B5D14B93B01B7804900591002B00D1AD
:10168000C9E0CE4ACE4B116B18780139CD4BC90059
:101690005B18002800D1E1E10498059918605960B1
:1016A000130035331B78002B02D10121C64B197072
:1016B000130036331B78002B00D1ACE053680024B4
:1016C0000693C24B00261B7800275A425341069AC4
:1016D0009B18043B1D000293BA4B0C93069B9D4242
:1016E00000DAC0E1BA4B002C00DC2FE2002220001F
:1016F0001A70F9F7DBFF0890099102000B00300027
:101700003900F8F74BFC002600270E900F91029C41
:10171000AC4D069B9C4200DABFE1089A099B300061
:101720003900F8F73BFC06F0ADFD0023002600274A
:1017300008930C900D91A34B1193029B069A934230
:1017400000DACCE10898F9F7B1FF02000B00300095
:101750003900F8F723FC06000F009E4B9E4C1D78C5
:101760009E4B266067601B785BB2022B00DD24E293
:1017700001229B4B1A70002D14D09A4B9A4D029364
:101780001B78002B00D1FEE1002230003900974B7E
:10179000F6F758FE002800D1F5E100230122029956
:1017A0002A700B70924B1B78002B34D02068616834
:1017B000904B914D1A685B68F9F710FB8F4B2860CE
:1017C00069601B6800210C2B01DC0D31C91A002354
:1017D0000D228B48FAF7C2FB7F4C266867683200FF
:1017E0003B00F9F7FBFA02900391039B029A5B001E
:1017F000100059080022834BF6F738FE00280AD063
:101800000122814B1A70814B1E605F60794B1A6810
:101810005B68226063607E4B1B78002B00D1C8E0C0
:101820007C4B664A1B78002B4FD17B4B1B78002BDF
:101830004BD07A4B1B78002B47D11268784B013A7A
:10184000D2009B181C685D6800220023200029003C
:10185000F6F70CFE002838D0724B1B881800029354
:10186000F9F724FF00220F0006006F4B200029002B
:10187000F8F7CEFF02000B0030003900F6F7E2FD6A
:101880006A4F002807D0002220002900684BF6F795
:10189000F7FD00280CD1029B042B00D9B1E10022F6
:1018A00020002900634BF6F7EBFD002800D1A8E1EA
:1018B00000223B6801333B60574B1A705E4B1A7035
:1018C0005E4A1388C8339BB21380584A1368042BAE
:1018D0000BDD01215A4B00201970002300211360F9
:1018E000584B18605960FFF741FE4A4B1B78002B9C
:1018F00000D188E1474B314D1B780293002B1CD15E
:1019000045492B6B2A680878013B4F49013ADB00B7
:10191000434CD200CB18002800D1E5E1049805998A
:1019200018605960494BA4189B18186059603D4BCA
:101930001888F9F7E9FE206061602B0036331B78C8
:10194000002B36D02B003D331B78002B03D0254BCA
:101950001B78002B1ED100246B6808933C4B1B782E
:10196000A34201D1089B9C1E002500260027364B70
:101970000A93089B9C4200DAC0E1002D0ADD280092
:10198000F9F794FE02000B0030003900F8F706FB6F
:1019900004900591204B1B78002B0AD0029B002B52
:1019A00007D10499059A2B4B19605A6001222A4BE2
:1019B0001A7013B0F0BDC046E9010020880A00206B
:1019C000FD030020F8650020D2650020C1650020DD
:1019D000480200205863002040020020A466002036
:1019E000A2660020E80100205963002000708740B3
:1019F000C7650020E80A0020C8650020D00A002042
:101A00009863002000002440A066002028020020E7
:101A10005A630020C40A00200D0400207C670020C7
:101A200068640020560A00200000D03FB465002002
:101A300000004440000034400C0400206E67002089
:101A4000D1650020D8030020D8650020D064002094
:101A50001802002038020020B2650020C448C549A1
:101A60001860596024E60C9AEB009B181A685B68B2
:101A70000892099308980999BD4ABE4BF6F7E2FC13
:101A8000002808D0089A099B30003900F7F7C0FEFB
:101A900006000F000134013520E6E3005B191A68E7
:101AA0005B680C920D930C980D99B14AB14BF6F707
:101AB000C9FC002811D00E9A0F9B0C980D99F9F7CC
:101AC0008DF902000B00F8F7A3FE02000B003000B6
:101AD0003900F7F79DFE06000F00013419E6029B5E
:101AE000119ADB009B181C685D68A14A2000290040
:101AF000A04BF6F7A7FC002824D00E9A0F9B2000DD
:101B00002900F9F76BF94B005B080A900B930A9ACE
:101B10000B9B0C980D99F6F7B3FC002807D10A9897
:101B20000B990022944BF6F78DFC00280AD0089BF5
:101B3000300001333900089322002B00F7F768FECC
:101B400006000F00029B01330293F6E58B4A1468EE
:101B500055688B4A1278002A04D000221A70260099
:101B60002F00FAE501221A70864B00221E685F687A
:101B7000002330003900F6F779FC0028EFD001226D
:101B8000814B1A70E9E52B78002B00D10AE6002280
:101B9000300039007D4BF6F773FC002800D101E6D8
:101BA0000122029B02201A7000232B70784B1860D0
:101BB000784B1A70FCF746FBF4E5774B1B780293E1
:101BC000002B00D1B4E00022300039006F4BF6F753
:101BD00039FC00280CD06B4B00221E685F686B4BF1
:101BE00030003900F6F74CFC002801D02660676011
:101BF000002D00D09FE0B2E0029B002B00D1D1E588
:101C0000ADE000233B60654C2378002B04D1644B8E
:101C10001B78002B00D16DE6624B1B78002B04D1A2
:101C2000614B1B78002B00D064E6604B1B78002BC7
:101C300004D15F4B1B78002B00D15BE6049805991B
:101C40005C4B1A685B68F9F7C9F84B005908002229
:101C5000594BF6F70BFC594B002819D01A68013282
:101C60001A600023564A23701370564A1388913322
:101C7000FF339BB2138051490B68032B00DC39E61C
:101C80000122464B1A7000230B604F4B1A7031E64D
:101C9000434A1278002AEED04B4A1278002AEAD141
:101CA00001211A602170FAF743F8484C484D226927
:101CB0006369206C616C2E686F6800960197FAF773
:101CC000AFFA02000B00A260E36042494248097883
:101CD0000029D0D001003D3109780068FAF748FCAE
:101CE000803420606160C6E721482249A41818604A
:101CF000596000220023226063601EE60A9AE30016
:101D00009B181A685B680692079306980799184A09
:101D1000184BF6F797FB002808D0069A079B30006F
:101D20003900F7F775FD06000F000135013420E694
:101D3000002D00D136E5294D2B78002B00D15BE733
:101D40002349002208684968104BF6F799FB0028E0
:101D500000D151E70122104B1A7000232B70204B49
:101D60001B78002B00D01DE501221E4B1A7019E5CF
:101D70000000C0FFFFFFDF410000244008020020F8
:101D8000B1650020E80A0020A166002000708740AD
:101D9000EC0100205C630020E80100200D0400201D
:101DA000E00300207C670020E1030020C7650020DD
:101DB000D36500203802002000004940B8650020AB
:101DC0000C0400206E670020B2650020E0090020AE
:101DD00040020020C70A0020880A00205963002022
:101DE00048020020A26600200020094B10B51C7894
:101DF000084B844205D018780130C0B2FF2800D1CA
:101E000002381870FCF70FFB2000FCF7FEFA10BD3B
:101E100048020020B0650020F0B51E007C4B7D4CD0
:101E20001F7887B002900391256B002F00D121E12C
:101E3000A068E1680022784BF8F7EAFCA269E36940
:101E4000F7F7E6FCF6F7C6FB744B80B21880744BCC
:101E5000744A1B78032D1FD1002B0BD0802100204A
:101E6000C905A061E16100206F49A060E160002028
:101E70006E4908706E4811780078002832D0002929
:101E80005DD000206B49A062E16200220220A91E01
:101E900088425241D1B228E0002B21D0052D0CD12F
:101EA0006549097849B20529E4D100206349644EA7
:101EB0002062616230607160DCE7042DDAD0062DAB
:101EC00009D15D49097849B20629D3D100205D497D
:101ED00020616161CEE7032DCCDC002053490870FE
:101EE000012DC7DC11780029CFD1002B2DD1504B0B
:101EF0001B78002B18D0002916D0A06AE16A0022B6
:101F0000514BF8F785FC029A039BF7F781FC4C4B89
:101F1000206261621E685F6832003B00F6F7A6FA35
:101F2000002801D026626762230036331B78002B1D
:101F300012D0FFF759FFFFF72DF907B0F0BD002BC6
:101F4000D5D00022414BA262E36200220223023D6F
:101F5000AB425241D1B2CAE7FEF78CFF20603C4B46
:101F60001B78002B00D1A4E23A4B2A4D1B78002BA2
:101F700000D19EE22B00012435331C700023220087
:101F80001900FA202C63FCF786FA431E9841324A66
:101F9000324B1278C0B21870002A04D02A003E32A8
:101FA0001178002912D11B780324002B0ED02B00AE
:101FB0003C331B78002B09D0294B1B78002B05D113
:101FC000284B07341B78002B00D0073C2B6B6C6030
:101FD000A34200DA69E201221E4B1A700D4C206800
:101FE000FEF76CFF1A4BA0631B78002BA5D01E4B8D
:101FF0001B78002BA1D009289FD11C4B1868A06327
:10200000FEF768FF1A4A13880A339BB2138094E7DD
:10201000E9010020880A0020000024406C670020AD
:10202000E80100205963002000003E40B165002017
:10203000D265002000407F40A466002000509440FC
:102040000002002000C072400000E03F00E0854038
:102050005A630020BE0A002018020020C465002038
:102060007C670020F10A0020C365002010020020D8
:102070006E670020C44B1B780593002B00D118E23B
:10208000C24B1B78002B00D102E1A269E369A06872
:10209000E168F7F7BDFBF6F79DFABD4B80B21880FB
:1020A0000021BC4ABC4B11701A003C3212788A42A3
:1020B00000D137001A68B949013A8A5CD2B201925C
:1020C0001A003D321278002A0AD0002F00D0E4E036
:1020D0001A0036321278002A00D0DEE0FEF776FFD2
:1020E000AF4BAD4C1B78002B00D0F4E0002F14D088
:1020F000019B032B00D9F5E0A44B1B78002B00D1EA
:10210000E0E00022A749A84B08684968F7F780FB80
:10211000A062E1620122A24B1A70A44D2B68042B2D
:1021200009DCA34B1B780493002B04D1002F1DD096
:10213000019B032B1AD8954B1B78002B00D1D6E0BE
:10214000029A039B9749944E08684968F7F760FB29
:10215000306271620022964B2A601A70954B964A43
:10216000106C516C18605960059B049336342378C9
:10217000002B00D1ECE00C9B1B68052B03DC8F4B84
:102180001B78002B4AD08E4B00221C685D688D4B5B
:1021900020002900F6F76AF9002801D00024894DB3
:1021A000002220002900884BF8F718FE874A884B48
:1021B000F8F72EFB02000B0000208649F8F70EFE10
:1021C0000022854B04000D00F6F750F9002801D0DD
:1021D0000024814D6D4A704B12781C625D62002AAA
:1021E00000D18AE000207D499862D96200230C9AD0
:1021F0006B4D1360714A1370794B1B78002B02D022
:102200002B78002B0AD1774C2678F9F791FD002323
:10221000754A2B7013702670FBF7C2FF734B5E4C30
:102220001B78002B71D0724B1B78002B6DD0822352
:10223000236000230022236463640133A3876D4B72
:10224000A261E36100226C4B226163616B4B524CD3
:102250001B78002B0ED06A4B1B78002B0AD1049BF5
:10226000002B07D0206A616A0022664BF7F7D0FA8C
:1022700020626162206A616A0022574BF6F7F6F825
:10228000002800D16BE60022534B2262636266E6AF
:10229000636C3F4A9BB2138002E7012236331A7007
:1022A000444B0299039A19605A60FCF71BFA564A8C
:1022B000564B127801301860904200DC10E7801A0B
:1022C00018600DE7524B1B78002B00D122E700224B
:1022D0003449504B18E7002F00D11EE7019B032B18
:1022E00000D81AE7314A13680133136015E7484BE9
:1022F0001B78002B00D023E72CE7454A1278002AF0
:1023000000D173E7002044496EE72600434B3E3678
:102310001D78002D00D18DE0FEF758FE00233F4AC6
:10232000137001333370194B1B78002B1CD03C4BBE
:1023300000221B78002B15D08023DB05A261E3610E
:102340000022384BA260E36000222B4B22616361C4
:10235000264A324B12781B78002A71D0002B00D00D
:1023600074E77EE0304BE9E7294B1B78002BEFD078
:1023700080230022DB05A261E36100222B4BA260D7
:10238000E36000222A4BE1E75A63002059630020F2
:102390006C670020BC0A0020880A0020E4030020AB
:1023A000D36500202002002000206C40BC65002086
:1023B0000504002038020020E0090020D16500203B
:1023C0004002002000488C40004085409A9999992D
:1023D0009999E93F006083400080864000908A40E0
:1023E0007C670020E1030020C7650020C50A0020AB
:1023F0008167002000000840000044407B67002007
:10240000F00A0020000049405102002050630020E3
:10241000E80100200070774000E08540C40A0020F9
:102420004C630020000059400000F03F00003E4097
:1024300000005440FEF7CAFD01233D34337025707F
:10244000224A234B1278002A00D0FFE61A003632C7
:102450001278002A02D1196B022924D101223F33BC
:102460001A701C4B1A4E1B78346A756A002B00D107
:10247000ECE61949002208684968184BF5F7E2FFB5
:10248000002800D1E2E6002F00D1DFE6019B032BFC
:1024900000D9DBE6002220002900114BF7F7B8F93C
:1024A00030627162D2E63F33DAE7002236352A70B5
:1024B00094E50021064B0B4A11701A6B01321A6326
:1024C0005B689A4200DB86E588E5C046C40A0020C6
:1024D000880A00205B6300202000002000001440D8
:1024E00000004940BD0A0020F0B500260400350078
:1024F000394F9FB0F31904AA18685968B3181860C7
:10250000596000220023F5F797FF434258410836EF
:102510002D18682EEED1002D42DD08222F4B0D2103
:1025200004A804F027FD6B10DA00ED073AD513007C
:1025300004AA9B181A685B68009201930099019A9B
:10254000274B19605A60002C2AD00025224B254CBD
:102550000393039B0022EB181E685F680023300082
:102560003900F5F769FF002814D10098019932006D
:102570003B00F8F733FC22686368F7F749F9060077
:102580000F00F9F757F8C317C018584014281EDC7D
:102590002660676008350834682DDAD1FBF722FC25
:1025A0001FB0F0BD013B04A9DB005B18190013004C
:1025B0000868496804AA9B181A685B68F7F728F945
:1025C0000022094BF8F724F900900191B6E70022A8
:1025D000002322606360DDE7D06400203D1601081F
:1025E00030020020386500200000E03FF0B585B0E3
:1025F0000400FEF7DDF9FEF7D9FB0A2002F02EFAFF
:10260000022C1CD1FEF7CAF9FA20800002F026FA4B
:10261000F9F7FEF9002704001B4EFA21200089007B
:10262000F5F70EFEBB1BD917184D194A5B184B4026
:1026300028801380FEF7C6F9200005B0F0BDFA230C
:102640000024002500279B000F4E0193F9F7D6F9CF
:10265000C31702900393029A039BA4185D4186421C
:1026600000DD0600874200DA0700019B013B019371
:10267000002BEBD1FA222000002329009200F5F76D
:1026800043FF0400C9E7C046FFFFFF005A66002071
:1026900058660020F0B5012700253E0097B0039052
:1026A0000C22574907A804F076FF0AAB0193009764
:1026B000ACB22000C53080B2FCF776F9019B1870EF
:1026C0002000D13080B2FCF76FF9242204AB15341E
:1026D0009B18FF3458550290A0B2FCF765F9019A97
:1026E0000299127810ABE854914200D081E0029A2E
:1026F000904207D00026370004E00026029A009698
:102700008242F8D1019A0135013201920C2DCFD1CC
:10271000242104AA521812781B780AAD13402A7893
:1027200013ACFF2A06D0FF2B06D12800FBF79FFA37
:10273000002701E0FF2B55D0009B002B56D1002E27
:1027400054D1002F52D00DAB23CB23C40398F8F7FC
:10275000ADFF00222B4BF8F741FB00222A4BF7F785
:102760001DFC04000D00139B04A80493149B04217A
:102770000593159B069301F045FA05A8042101F085
:1027800041FA06A8042101F03DFA22002B002000A6
:102790002900F8F73DF8060004980F00F8F7D8FF75
:1027A00002000B0030003900F8F732F806000598F7
:1027B0000F00F8F7CDFF22002B00F8F729F80200F0
:1027C0000B0030003900F7F723F8040006980D00DD
:1027D000F8F7BEFF02000B0020002900F7F718F8F9
:1027E00017B0F0BD07AD2800FBF741FA07CD07C4CD
:1027F000ACE7904200D080E700221700009281E70A
:10280000A88B010830C0594180F1FAC0F8B5052302
:102810005B425843F8F74AFF0022264BF7F7F8FFD0
:102820000022254C254B20606160A260E3600022FD
:102830008025234B2D0622616361A668E768226923
:10284000636979193000F7F7A9FBA061E16120689D
:102850006168A269E369F7F7A1FB20626162194A26
:10286000206A616A184BF8F7B9FA184A184BF7F75B
:1028700095FBA062E1620022A06AE16A154BF7F7BE
:102880008DFB05F0C9FC144A144BF6F7C1FF02009A
:102890000B0000201249F7F781FB20636163114AA6
:1028A000206B616B104BF8F799FAA063E163A06BA2
:1028B000E16BF8BD0000703E6066002000230E4111
:1028C00060301F41FCA9F1D24D62E03F1AB5F2C859
:1028D000C588DF3E006AF840F86F702FADFA2B40D4
:1028E000004BB040666666666612714001220021A8
:1028F000044B1A705A709A709971D97019715A7183
:102900007047C046C066002070B5FFF7EFFF494B27
:10291000494C1B78002B00D189E0484B1B78002BD9
:1029200000D184E00323002500222381444BA381AE
:10293000444B6581E58125826582A582E5822583F8
:102940006583A58322626362A262E36200223E4B3A
:102950002263636300223D4BA263E36300223C4B8E
:102960002264636400223B4BA264E36400223A4B7E
:102970002265636500220023A265E3652266636623
:10298000A266E36622676367230078331D80230015
:102990007A331D8023007C331D80230022007E3388
:1029A0001D800123803213702200813213702200B7
:1029B00082321570220083321370284A1570284A1B
:1029C0001570284A1370284B1D70284B1D70284B1A
:1029D0001D60FBF773FE274B1870274B1D70274BAC
:1029E0001D70274B1D70274B1D70274B1D70274BEB
:1029F0001D70274B1D70274B1D70274B1D7023002A
:102A000088331D6023008C331D6023009A34983373
:102A10001D802580FDF7CCFF204B214819685A689E
:102A2000FAF768F9F8F7CEFFFDF7CCFF70BD052384
:102A300079E7C0464C630020C0660020596300203F
:102A400024F4FFFF00F8914000E0854000207C4026
:102A500000005440000044400000F03FA466002005
:102A6000A36600205002002080670020F20A0020A8
:102A700054630020B0650020D0650020B1650020BF
:102A8000D3650020D2650020C2650020C365002008
:102A9000A1660020A2660020A0660020440000205D
:102AA000A866002010B5144C6378002B14D0FCF7F6
:102AB00019FD1020FCF7BAFCE18A102089B2FCF75E
:102AC000D7FC10200021FCF7EFFCFCF709FD0023E8
:102AD00010206370FCF784FCF8F7AAFF22002300A3
:102AE000001280B28432108088339A3419682388A7
:102AF00012885B00CA5210BDC066002070B5204C21
:102B0000A378002B14D0FCF7EDFC1120FCF78EFC11
:102B1000218B112089B2FCF7ABFC11200021FCF7BE
:102B2000C3FCFCF7DDFC00231120A370FCF758FC6C
:102B3000F8F77EFF2300220025000012843380B2C4
:102B400018809A358C3211682A8818885200885269
:102B50001888230088331A682B8890345B009B5AAE
:102B60002668C01AC317C0185840F6F7BBFD2C885A
:102B7000A40030512B8801339BB22B8070BDC0461E
:102B8000C066002010B5FCF7ADFC0620FCF728FC61
:102B9000FCF7A6FC0122024B9A7100225A8110BD5B
:102BA000C066002010B5FCF79DFC0720FCF718FC60
:102BB0000E20FCF715FC1020FCF712FC1120FCF78E
:102BC0000FFCFCF78DFC0122014BDA7010BDC046F2
:102BD000C0660020F8B502000B0000201F49F7F77F
:102BE000DDF9F8F727FD0500F8F760FD02000B009E
:102BF00006000F00F6F70CFEF5F7ECFC184C80B25F
:102C0000E081E389A8B29BB22382E3899BB263820D
:102C1000ABB2A382E3899BB2E382E3899BB22383B5
:102C2000F8F744FD0F4A104BF7F7F2FDF5F7D2FC29
:102C30000C4A0D4B85B239003000F7F7E9FDF5F786
:102C4000C9FC80B2F8F732FD32003B00F6F7E0FD38
:102C5000F5F7C0FC80B26583A083F8BD8084EE40A8
:102C6000C06600205C8FC2F5285CEF3F10B5174CA2
:102C7000E378002B01D1FFF795FFFCF733FC218AA5
:102C8000072089B2FCF7F4FBA18A0E2089B2FCF779
:102C9000EFFB618B102089B2FCF7EAFBA18B1120BE
:102CA00089B2FCF7E5FB00210720FCF7FDFB0021C2
:102CB0000E20FCF7F9FB00211020FCF7F5FB0021AA
:102CC0001120FCF7F1FBFCF70BFC10BDC0660020E7
:102CD00010B50C4C638901339BB2638162892389EF
:102CE0009A4203D2084B1B78002B0AD1FCF7FAFB5F
:102CF0000620FCF79BFBFCF7F3FB0023A371FFF717
:102D0000B5FF10BDC066002050020020014B1879AD
:102D1000C0B27047C066002010B5154B154C186A3C
:102D2000596A20626162986AD96A2063616318698E
:102D300059699A69DB692064616422656365206A68
:102D4000616A226B636BF8F749F8A063E163206A5C
:102D5000616A226D636DF6F75BFDA062E16200229D
:102D6000206C616C044BF7F753FDA064E16410BD67
:102D7000880A0020C06600200000E03F10B5104C1B
:102D800010492300783308881A88904207D01A889F
:102D90000D4892B20A80198889B2F9F7D9FF22004A
:102DA0007A347E3211882388994207D023880648D6
:102DB0009BB21380218889B2F9F7DAFF10BDC046B3
:102DC000C06600203C670020A86600200022F8B5FD
:102DD000644B654C1A8023007A331A80FFF7CEFFCC
:102DE000FDF782FD614B624D1F78624E002F2BD0A4
:102DF0002B0036331878FDF75FFF3378002B4DD06A
:102E0000A26AE36AA265E3650022A06DE16D5A4BF8
:102E1000F7F7FEFCF5F7DEFB230080B2783318806D
:102E20000022002322666366230000227A331A8080
:102E3000FFF7A4FFA86B09284ED8F5F763F94B629A
:102E4000676C71767B8289904C4B1B78002B13D07A
:102E500028680121C0B2FDF7DBFE286C002803D0F2
:102E60003900C0B2FDF7D4FE686C0028C5D000213F
:102E7000C0B2FDF7CDFEC0E73378002BD8D0404B71
:102E80001F78002F06D101210F20FDF7C1FE390068
:102E90000E20EEE728680121C0B2EAE7374A12782F
:102EA000002AC5D0002000212200A065E16578320B
:102EB0001380A26AE36A226663662F4B0022206EAB
:102EC000616EF7F7A5FCF5F785FB230080B27A3336
:102ED0001880ADE7FDF76CFDA379002B01D1FFF75A
:102EE00051FEFCF7FFFAA189062089B2FCF7C0FA6F
:102EF00000210620FCF7D8FAFCF7F2FA012323712F
:102F0000F8BDFDF755FDFDF7F9FCE5E7FDF750FDD0
:102F1000FDF708FDE0E7FDF74BFDFDF7EFFCF7E7F8
:102F2000FDF746FDFDF712FDD6E7FDF741FDFDF784
:102F3000F9FCF7E7FDF73CFDFDF7E0FCFDF71AFDB6
:102F4000CAE7FDF735FDFDF7D9FCFDF7EBFCF5E72A
:102F5000FDF72EFDFDF7D2FCFDF7F8FCEEE7FDF7DF
:102F60001DFDB9E738670020C0660020C40A0020B4
:102F7000880A0020E901002000403A405A630020FE
:102F8000C165002010B5FCF7ADFA00210620FCF762
:102F90008BFA00210720FCF787FA00210E20FCF7AE
:102FA00083FA00211020FCF77FFA00211120FCF7A2
:102FB0007BFA0620FCF73AFA0720FCF737FA0E20D6
:102FC000FCF734FA1020FCF731FA1120FCF72EFA46
:102FD000FCF786FAFFF78AFCFDF7EAFC0022034BB8
:102FE0001A80034B1A80FFF7C9FE10BD3867002016
:102FF0003A670020F8B5914C6379DFB2002B00D11D
:10300000D8E000276771A06AE16A226D636DF7F767
:10301000E5FE2300A062E1629433A06AE16A1E68C3
:1030200023009A331D88F8F7DBFBAD007051A06ACE
:10303000E16AA26BE36B2500F5F70EFA01268335F2
:10304000B84200D18EE0230082331E70A06AE16A8C
:10305000A26BE36BF5F7F6F9B84200D182E0FFF717
:1030600091FF774B2F701B78BB421AD0754B1B78A2
:10307000BB4216D000220023A265E365230078330B
:103080001F80FFF77BFE704B1B78BB4200D167E0CF
:103090006E4B1B78BB4200D162E0FA20400001F089
:1030A000DDFC052001F0DAFCFDF78CFC2300833306
:1030B0001B78002B27D0664B1B78002B23D0A06AEF
:1030C000E16A226A636A2500F5F7B6F97A350028C5
:1030D0004AD0A06AE16AA26CE36CF6F799FBA0659E
:1030E000E1650022A06DE16D5A4BF7F791FBF5F712
:1030F00071FA230080B27833188000220023226600
:10310000636600232B80230083331B78002B26D09B
:103110004B4B1B78002B22D0A06AE16A226A636ABB
:103120002500F5F789F97835002830D000220023F2
:10313000A265E36500232B80A06AE16AA26CE36CC0
:10314000F6F766FB206661660022206E616E414BD9
:10315000F7F75EFBF5F73EFA7A3480B22080F8BDCF
:103160003D489CE72E70A1E7206E616E226D636D75
:10317000F6F74EFB206661660022206E616E354BCD
:10318000F7F746FBF5F726FA80B22880BBE7A06D7B
:10319000E16D226D636DF6F73BFBA065E165A06D07
:1031A000E16D00222B4BF7F733FBF5F713FA80B2F2
:1031B0002880D4E701236371254B1E78002E1CD094
:1031C000A06AE16A226A636A2500F5F735F97A3563
:1031D000002809D0230080331F70226C636C2267A3
:1031E0006367206F616FDCE7206F616F226D636D35
:1031F000F6F70EFB20676167F3E7114B1B78002B96
:10320000ADD0A06AE16A226A636A2500F5F714F975
:103210007835002809D0230080331E70226C636C3F
:10322000A266E366A06EE16EBBE7A06EE16E226D62
:10323000636DF6F7EDFAA066E166F3E7C06600207D
:103240005A630020BE0A00204C630020596300200E
:10325000E901002000403A40C4090000054B10B5C8
:103260001B78002B01D1FFF78DFEFFF7C3FEFFF7A0
:1032700085FD10BD5002002010B50F4C2378002BA7
:1032800014D0FCF72FF90E20FCF7D0F8618A0E203D
:1032900089B2FCF7EDF80E200021FCF705F9FCF7E8
:1032A0001FF900230E202370FCF79AF8FFF7A2FE07
:1032B000FFF764FD10BDC046C066002070B5040075
:1032C00004A80588094E0A48346004008C34216043
:1032D000010090310A6002009432136003009833B9
:1032E0001D8000239A30038070BDC04648670020CF
:1032F000C0660020F8B51D4B1C78002C2AD01C4B52
:1033000064241B78002B00D1503C1A4F01223868EE
:103310007968FBF7D9FC184E012230687168FBF719
:10332000D3FC164D002228686968FBF7CDFC20000D
:1033300001F094FB386801227968FBF7C5FC30681E
:1033400000227168FBF7C0FC286800226968FBF75F
:10335000BBFCF8BD0A4B1B78002BD6D0044B642471
:103360001B78002BD1D0FA24A400CEE759630020AB
:103370008167002074000020840000206C00002081
:10338000E80100201C4BD0B51A6806000F00012A86
:1033900000D01B68FDF7BAFB184C00212000F9F79C
:1033A000D7FC0022164B30003900F6F731FA154BE6
:1033B0000022F7F72DFAF5F70DF981B22000F9F7A1
:1033C000D7FC114801F04AFB00212000F9F7C0FCAE
:1033D00000212000F9F7CCFCFDF7F4FA0B4B1B7829
:1033E000002B07D001220A4BF5201A701978C9B2B8
:1033F000FBF7F8FAD0BDC0464C020020A8660020BA
:1034000000206C4000403A40B80B0000C665002028
:10341000C5650020F0B5444B87B01E78002E00D063
:1034200078E0424A1278002A00D077E01600019234
:10343000FDF74EFAF8F7C6FA3D4A3E4B009219687E
:1034400000985A68F9F756FCFDF73EFB00210098FA
:10345000F9F77EFCFA2700210098F9F789FC00248F
:1034600000257F00F8F7CAFAC31702900393013FC3
:10347000029A039BA4185D41002FF3D1FA22002386
:10348000520020002900F5F73FF8310005000098B0
:10349000F9F75EFCFA2401990098F9F769FC002617
:1034A00000276400F8F7AAFAC31704900593013CBB
:1034B000049A059BB6185F41002CF3D121000098B7
:1034C000F9F746FC21000098F9F752FCFDF712FBD2
:1034D000FA20400001F0C2FAFA2200235200300024
:1034E0003900F5F711F8451BEB17ED185D40280082
:1034F000F8F7DCF80022104BF6F750FDF5F76AF804
:103500000E4E0F4A0F4B3060954209DD01201870B6
:1035100007B0F0BD00230C4E019389E70A4BFBE78F
:1035200002201C70F4E7C046E90100205A63002025
:10353000A86600204400002000408F4074670020EF
:10354000102700007F67002045330000282210B5B7
:103550000021054803F08AFF0022044BDA725A71F9
:103560005A729A7210BDC04685670020C8050020B7
:10357000F8B505000024FBF755FE80260227285DDC
:10358000FBF75AFE002C05D10E4B22001868596833
:10359000FBF79AFB0C4B9A683242FCD09A683A428D
:1035A000FCD09A683242FCD1002C07D1054B012295
:1035B00018685968FBF788FB0134E0E701340C2CEC
:1035C000DDD1F8BDA400002000300140F0B589B085
:1035D00002920393029B01901800039B00225B0060
:1035E00059082F4BF7F714F900230022069207938E
:1035F00006AA04000D0003F0D7FF2A4A2A4BF4F76D
:1036000035FF002807D0069807990022274BF6F7C8
:10361000FFF804000D0029002000F8F70BF80A213C
:103620000600F4F70DFE6421C4B23000F4F708FE82
:103630000A27FA21C3B204937B43E31A7C431B019C
:10364000341B1C19E3B2890030000593F4F7F8FD30
:103650001749C5B23000F4F7F3FD3B00C4B2634331
:10366000EB1A7D43049A1B01551B124930005D196A
:10367000F4F7E6FD474302980399E41B0022002378
:10368000EDB2E4B2F4F7DEFE002801D0103CE4B263
:10369000019B059A5D709A701C7009B0F0BDC04620
:1036A00000002440CDCCCCCCCCCCEC3F0000F03F93
:1036B00010270000A0860100F0B51C0085B0630053
:1036C000019059081000234B0022F7F7A1F80023BE
:1036D00000220292039302AA04000D0003F064FF8B
:1036E0001D4A1E4BF4F7C2FE002807D0029803992A
:1036F00000221B4BF6F78CF804000D002900200077
:10370000F7F798FF0A210500F4F79AFD0A27C4B2DB
:1037100064212800F4F794FD3B00FA21C6B27343FC
:10372000E31A7C431B012C1B1C19019B28005C70B5
:103730008900F4F785FD0B49C4B22800F4F780FD39
:1037400078436743201A019BF61B0001801918700B
:1037500005B0F0BD00002440CDCCCCCCCCCCEC3FAF
:103760000000F03F10270000F0B58BB0039310ABC2
:10377000029204CB07AC1F8812AB1B78009001911A
:10378000049200210C222000059303F06FFE7BBA07
:10379000200063800025FFF7EBFE07ACAF4218DC8A
:1037A0000C220021200003F061FE059A2B23002A41
:1037B00000D004332000E37023716371FFF7D8FE5B
:1037C000174B18685968FBF784FA0028F8D10BB03A
:1037D000F0BDF0232370049BAE009859F7F7B8FFB3
:1037E0000B0006A90200481DFFF7F0FE009B6A00CF
:1037F0009B5A01355BBAA380019B9B5A5BBAE3805D
:10380000029B9859F4F7CEFE039B40BA2081985949
:10381000F4F7C8FE40BA60812000FFF7A9FEBCE7BC
:103820009C00002070B50024044D2E78285DFBF725
:10383000E1FC230001349E42F8DA70BD8567002068
:1038400070B50E4C0E4DE37928000233DBB22372C3
:10385000E3792B70E179E679C9B2F9F727FAF6B284
:10386000A855E679F9F72AFAF6B2AE197070217AFE
:103870002800C9B2FBF7CAFC70BDC046C8050020CD
:10388000AD67002010B50B4A0B4B517859709178F9
:103890009970D278DA7053221A7101325A71073A4C
:1038A0009A714C3ADA71054B0732DA71FFF7C8FFAB
:1038B00010BDC04685670020AD670020C805002008
:1038C0000C22064B10B506485A70FAF71EFD082266
:1038D000044BDA71FFF7B4FF10BDC046AD6700209E
:1038E000AF670020C80500200722064B10B5064828
:1038F0005A70FAF7EDF91222044BDA71FFF7A0FFC4
:1039000010BDC046AD670020AF670020C80500208D
:103910000822064B10B506485A70FAF71BFA122215
:10392000044BDA71FFF78CFF10BDC046AD67002075
:10393000AF670020C805002013226F210D4B10B582
:103940005A702E329A700D32DA700C3A1A711132A6
:103950005A7112329A710932DA7159720532033191
:103960001A72DA729972044B673ADA71FFF768FFDC
:1039700010BDC046AD670020C8050020052310B566
:10398000054C6370FAF7B3FD0322044BA070DA71A3
:10399000FFF756FF10BDC046AD670020C8050020E8
:1039A0002E2310B5054C6370FAF792FE0322044BE8
:1039B000A070DA71FFF744FF10BDC046AD6700206C
:1039C000C80500200B2310B5054C6370FAF7A7FD5E
:1039D0000322044BA070DA71FFF732FF10BDC0461E
:1039E000AD670020C8050020062310B5054C6370A4
:1039F000FAF78DFD0322044BA070DA71FFF720FF68
:103A000010BDC046AD670020C80500200A2310B5D0
:103A1000064C6370FAF71EF90422030AA370044BE4
:103A2000E070DA71FFF70CFF10BDC046AD670020F3
:103A3000C8050020092310B5054C6370FAF75FFD37
:103A40000322044BA070DA71FFF7FAFE10BDC046E6
:103A5000AD670020C80500201FB514230F4C0F22AE
:103A600068460F49637003F096FD00220223694601
:103A7000895C080020385E2801D8E1540133013206
:103A80000F2AF4D1102B02DC023AE2540133054A2A
:103A9000DBB2D371FFF7D4FE1FBDC046AD67002077
:103AA000D08C0108C8050020152310B5054C6370A3
:103AB000FAF781F90322044BA070DA71FFF7C0FE18
:103AC00010BDC046AD670020C805002010B5024BF0
:103AD0009878FAF769F910BD856700200D2310B5B5
:103AE000064C6370FAF72BFDA070FAF730FD042244
:103AF000034BE070DA71FFF7A3FE10BDAD67002045
:103B0000C80500201B2310B5054C6370FAF70FFDA4
:103B10000322044BA070DA71FFF792FE10BDC0467D
:103B2000AD670020C8050020172310B5054C637051
:103B3000FAF7FCFD0322044BA070DA71FFF780FE58
:103B400010BDC046AD670020C80500200222054B0D
:103B500010B55A7000229A70034B0332DA71FFF7E6
:103B60006FFE10BDAD670020C8050020122310B500
:103B7000094C6370FAF7B3FC084BA070012805D11B
:103B800018740322DA71FFF75BFE10BD0228F8D12A
:103B900000221A74F5E7C046AD670020C805002072
:103BA0001D2310B5094C6370FAF711F9084BA0708A
:103BB000012805D158740322DA71FFF741FE10BDC8
:103BC0000228F8D100225A74F5E7C046AD670020FC
:103BD000C805002070B518220125054B054C9D70C5
:103BE0005A700323E371FFF72BFE257170BDC046A9
:103BF000AD670020C8050020014B18607047C04623
:103C0000F0670020002370B5CA0F52185210013916
:103C1000934200DB70BDCC1A065DC55CC65401330F
:103C20000555DBB2F4E710B50B0A017043700B0CBD
:103C3000090EC17083700421FFF7E4FF10BD00007E
:103C40003E22F0B58F4B85B0DA71DB798E4C237054
:103C5000162363708D4B1D682B78A3702B003833AF
:103C60001B786A781B019B18E3702B0080331E6859
:103C70005F680022864B30003900F4F7DDFB2B0033
:103C800039330093002803D11B78022B00D8D6E0EB
:103C900042232371853363713833A371823BE3710F
:103CA00028696969F7F79CFD7A4B011C1800FFF73A
:103CB000BAFF286A696A784B1E78002E00D1C8E0E6
:103CC00042232373853363733833A373823BE373D7
:103CD000286B696B002E00D1C3E042232374853327
:103CE00063743833A374823BE374009B03AF1B7887
:103CF00023752B003A331B7863752B003B331B78FD
:103D0000A3752B00883318685968F4F763FC80B2F8
:103D1000030AE37520762A6C6B6C3800FFF7CCFC45
:103D200028003B8848305BBA7A7803805B4B39784F
:103D30001888A276617680B2F7F7E6FC02000B00E5
:103D40003800FFF7B9FC28003B8858305BBA7A7816
:103D50000380534B3978380022771A685B68E17624
:103D600000920193FFF7A8FC28003B8868305BBAFB
:103D70007A7803802B00397890336177A2770099A5
:103D8000019A19605A6008001100F4F723FC2A0018
:103D900080B2030AE377631CD877424B70321B88EA
:103DA0009BB21380190AA21CD177E21CD3772B0097
:103DB0002A0072331B8874321380190A221DD177AE
:103DC0002900621DD377384B78311A6893B20B8083
:103DD0001B0AA11DCB77E31DDA772B002A007A336B
:103DE0001B887C3213802200190A0832D177220006
:103DF000283213702B0022007E331B782932137077
:103E0000A86AE96A002E34D0230042222A331A70AD
:103E1000230085322B331A70230038322C331A706A
:103E20007D232D342370174C7F35E2791F4B297881
:103E3000D154FFF705FD0023237105B0F0BD390013
:103E40003000F7F7CDFC1A4B011C1800FFF7EBFE12
:103E500026E7F7F7C5FC174B011C1800FFF7E3FE38
:103E600036E7F7F7BDFC144B011C1800FFF7DBFE2B
:103E70003BE7F7F7B5FC114B011C1800FFF7D3FE29
:103E8000D1E7C046C8050020AD670020F0670020DC
:103E900000002E40B5670020646700206C6700209A
:103EA000400200206E67002068670020AC67002099
:103EB000B1670020B9670020BD670020D7670020E8
:103EC000014B1879C0B27047C805002010B5054BEA
:103ED0009878012802D1F9F751FE01E00228FAD0C2
:103EE00010BDC0468567002010B5044B9878431E6E
:103EF000072B01D8F9F748FE10BDC04685670020A2
:103F000010B5054B9878092803D80020F9F742FE30
:103F100001E0F028FAD910BD8567002010B5034BE9
:103F2000D9789878F9F788FE10BDC04685670020DB
:103F300010B50248FAF7D3F910BDC04687670020D4
:103F400010B5054B9878012802D1F9F735FE01E04C
:103F50000228FAD010BDC0468567002010B5044B7A
:103F6000DC789878F9F72EFE2000F9F731FE10BDC5
:103F70008567002010B5024B9878FAF73FF910BD1D
:103F80008567002010B5024B9878FAF73FF910BD0D
:103F90008567002010B5024B9878FAF73EF910BDFE
:103FA0008567002010B5024B9878FAF73DF910BDEF
:103FB0008567002010B5024B9878FAF73CF910BDE0
:103FC0008567002010B50248F9F751FE10BDC046C4
:103FD0008767002010B50248F9F75CFE10BDC046A7
:103FE0008767002010B50248F9F796FE10BDC0465D
:103FF0008767002010B5F9F7EAFE044B012801D1CC
:10400000587410BD00225A74FBE7C046C805002052
:1040100010B5064B9878012802D1F9F7BFFE01E0F0
:104020000228FAD0FFF7E6FF10BDC04685670020E2
:1040300010B5084B9C782000FAF7D2F8012C03D178
:104040000B22054B1A7010BD022CFCD10D22024B25
:10405000F8E7C046856700205102002010B5024BEA
:104060009878FAF7C4F810BD856700201E2310B5B4
:10407000054C6370FAF710FB0322044BA070DA7151
:10408000FFF7DEFB10BDC046AD670020C80500206D
:104090002F2310B5054C6370FAF776FA0322044B10
:1040A000A070DA71FFF7CCFB10BDC046AD670020F1
:1040B000C8050020094B10B518695969F7F790FB3E
:1040C000074B011C1800FFF7AEFD1022054B5A707C
:1040D000054B0A3ADA71FFF7B3FB10BDE009002087
:1040E000AF670020AD670020C8050020262010B56E
:1040F000FF30FAF759FC0400FEF778FA022C07D1DA
:10410000FEF784FB044B18615961F7F769FB10BD9A
:10411000FEF7C0FAF6E7C046E0090020112310B50B
:10412000064C6370FFF776F90322054BA070DA7135
:10413000FFF786FB0122034B1A7010BDAD6700200C
:10414000C80500208067002030B585B06846FAF7C2
:1041500081F9002301211A0015486C46E55CC45C16
:10416000A54200D00A0001330E2BF6D100239A425B
:1041700002D0FAF77CF9FF230E4C3322A370D02033
:10418000FF23627000211A004000FAF784F9FF2330
:10419000E070A2201A000021FF30FAF77CF9052216
:1041A000054B2071DA71FFF74BFB05B030BDC046FF
:1041B000D08C0108AD670020C8050020342310B55D
:1041C000054C6370FAF7E8F90322044BA070DA712A
:1041D000FFF736FB10BDC046AD670020C8050020C4
:1041E000362310B5054C6370FAF7E0F90322044B4F
:1041F000A070DA71FFF724FB10BDC046AD67002048
:10420000C8050020372310B5054C6370FAF7D7F9BD
:104210000322044BA070DA71FFF712FB10BDC046F9
:10422000AD670020C8050020382310B5054C637029
:10423000FAF7CEF90322044BA070DA71FFF700FB06
:1042400010BDC046AD670020C8050020392310B559
:10425000054C6370FAF7C5F90322044BA070DA71BC
:10426000FFF7EEFA10BDC046AD670020C80500207C
:10427000F8B5AE4DAE4C2B78280063716B78637245
:1042800063790233DBB2A37163796179EE5CC9B201
:10429000F8F70CFD864206D16379EB185E78F8F7E3
:1042A0000DFD864202D0FFF751F9F8BD6379052B69
:1042B00013D1637A412B10D16B78412B0DD1AB78A0
:1042C0004E2B0AD1EB78422B07D12B790D2B04D141
:1042D0000122984B1A70FFF7D5FA627AD3B2012AFD
:1042E00000D08CE0AA78A272A17ACAB2012914D1B6
:1042F000914B1A70914B1A70914B1A70A37A052B3F
:104300002AD1904A043B13708F4A13708F4A13705E
:104310008B4A1370FFF786FAC5E7A27A032A03D106
:10432000854A13708A4A05E0A27A022A05D1824A98
:104330001370854A1370854A05E0A27A042A06D1D3
:10434000804A13707D4A13707D4A1370D6E7A27AB3
:10435000062AD3D17B4AE4E7A37A812B05D1764B99
:1043600001221A70754B1A70D4E7A37A832B06D1F9
:10437000714A823B1370764A1370744AC9E7A37A74
:10438000822B04D16C4A813B13706F4AF4E7A37A05
:10439000842B01D16B4BE3E7A37A862B02D1694AC8
:1043A000853BE7E7A37A852B02D1664A843BEBE79E
:1043B000A37A072B02D0A37A082B0ED10124654BD8
:1043C0001C70FAF705F95F4BA04200D05A4B1C70E5
:1043D0005A4B1C705A4B1C709CE7A37A872B02D057
:1043E000A37A882B96D101245A4B1C70FAF7F0F867
:1043F000544BA04200D0504B1C70504BEBE7637AFB
:10440000022B03D1544B00221A704CE7637A2E2BF7
:1044100008D1A37A002B02D0A878FAF70BF8FFF79F
:10442000BFFA40E7637A052B0AD1AB78A372A37A6F
:10443000002B02D1FFF7A2FA35E7FFF755FDF9E7A8
:10444000637A062B0BD1AB78A372A37A002B03D02F
:10445000A07AC0B2F9F7A4FBFFF7C6FA23E7637AA4
:10446000072B12D1AB78A3726379032B06D1A37A01
:10447000002B00D017E7FFF737FA14E76379122B08
:1044800000D910E7FFF7A6FDF5E7637A082B12D1F4
:10449000AB78A3726379032B06D1A37A002B00D0EB
:1044A00001E7FFF735FAFEE66379122B00D9FAE649
:1044B000FFF798FDF5E7637A092B0AD1AB78A37271
:1044C000A37A002B02D1FFF7B5FAECE6FFF718FD4F
:1044D000F9E7637A0A2B12D1AB78A3726379032BC5
:1044E00006D1A37A002B00D0DDE6FFF78FFADAE6DB
:1044F0006379042B00D0D6E6FFF710FDF5E7637A69
:104500000B2B2BD1AB78A372A37A002B0AD0A37A02
:10451000D8B2012B02D1F9F749FB03E0A37AD8B254
:10452000022BF8D0FFF74EFABDE6C04685670020A3
:10453000C80500204D010020846700207D67002011
:1045400078670020836700207B6700207967002060
:104550007A6700208267002050020020637A0C2BCB
:1045600012D1AB78A3726379032B06D1A37A002B07
:1045700000D098E6FFF7A4F995E66379082B00D000
:1045800091E6FFF7D5FCF5E7637A0D2B10D1AB78F8
:10459000A372A37A002B04D0A37A012B04D1FFF7D6
:1045A000DDFCFFF79BFA7EE6A37A022BF9D1F6E752
:1045B000637A0E2B03D1AB78A372A37A73E6637A86
:1045C0000F2BF8D0637A102B0FD1AB78A372A37A9C
:1045D000002B00D067E6FFF789FDF7F7B9F8BB4C71
:1045E00020616161FFF766FD5DE6637A112B08D1FA
:1045F000AB78A372A37A002B00D054E6FFF78EFDB0
:1046000051E6637A122B10D1AB78A372A37A002BF8
:1046100004D0A37A012B04D1FFF758FCFFF7A6FAC8
:1046200041E6A37A022BF9D1F6E7637A1D2B10D16C
:10463000AB78A372A37A002B04D0A37A012B04D108
:10464000FFF7E6FCFFF7ACFA2DE6A37A022BF9D1CF
:10465000F6E7637A132B08D1AB78A372A37A002B09
:1046600000D020E6FFF768F91DE6637A142B08D125
:10467000AB78A372A37A002B00D014E6FFF7ECF915
:1046800011E6637A152B0CD1AB78A372A37A002BB9
:1046900004D0637A002B01D0FFF718FAFFF704FA71
:1046A00001E6637A162B08D1AB78A372A37A002BAC
:1046B00000D0F8E5FFF7C4FAF5E5637A172B08D1C7
:1046C000AB78A372A37A002B00D0ECE5FFF72CFAAD
:1046D000E9E5637A1B2B10D1AB78A372A37A002B88
:1046E00004D0A37A012B04D1FFF72AFCFFF70AFAC2
:1046F000D9E5A37A022BF9D1F6E7637A1C2B06D110
:1047000063790E2B00D0CEE5FFF75CFCCBE5637A36
:104710001E2B10D1AB78A372A37A002B04D0A37AFE
:10472000012B04D1FFF784FCFFF7A0FCBBE5A37AC3
:10473000022BF9D1F6E7637A2F2B10D1AB78A37255
:10474000A37A002B04D0A37A012B04D1FFF786FCB7
:10475000FFF79EFCA7E5A37A022BF9D1F6E7637A6F
:104760001F2B09D15A4B9B78A372A37A002B00D13F
:1047700099E5F7F7DDFACDE5637A242B07D1544BA1
:104780009B78A372A37A002B00D18CE5C2E5637AF3
:10479000504C252BF3D0637A282B1AD14C4B012295
:1047A0009B78F420A37200231900F9F774FE431ECE
:1047B0009841494BC0B21870002301221900F5201E
:1047C000F9F769FE431E9841444BC0B21870A37AB2
:1047D000A0E5637A312B02D1F9F772FD9AE5637A8D
:1047E000322B01D13E4B0EE6637A332B0FD1384B7F
:1047F0009A78A272A27A002A06D0A27A012A03D15C
:104800001979D878F9F73AFEFFF79EFC4BE5637A01
:10481000342B0AD12E4B9B78A372A37A002B01D0A4
:10482000FFF7A8FBFFF7CAFC3DE5637A352B3FD1C4
:104830000125002400260027F7F7B8FA294B1D7040
:10484000F7F776FAF7F7A6FA0020F9F710FD224BF2
:10485000F4201C701978C9B2FAF7C4F81F4BF52080
:104860001C701978C9B2FAF7BDF8FCF773FEFCF7B3
:104870007DFEFCF787FEFCF79BFEFCF7B1FE2000F7
:10488000F9F7EEFC184B1C70FCF79EFE174B1E60F0
:104890005F60F9F7FBFB164B1E605F60F9F768FC81
:1048A000144BFA201D701978C9B2FAF79BF831E55C
:1048B000637A362B20D1064B9B78A372A37A002B08
:1048C00001D0FFF75FFBFFF78BFCECE4E009002071
:1048D00085670020C8050020C7650020C565002049
:1048E0004C010020AF650020F00A0020D803002012
:1048F00040020020C4650020637A372B0AD1144B94
:104900009B78A372A37A002B01D0FFF743FBFFF73C
:1049100079FCC8E4637A382B0AD10D4B9B78A372DB
:10492000A37A002B01D0FFF73DFBFFF77DFCBAE433
:10493000637A392B00D0B6E4054B9B78A372A37A37
:10494000002B01D0FFF736FBFFF780FCABE4C0463D
:104950008567002010B5044B0A000100180002F022
:104960001AFEFFF785FC10BD856700200D488546BF
:10497000FCF77EFA0C480D490D4A002302E0D4589A
:10498000C4500433C4188C42F9D30A4A0A4C002399
:1049900001E013600432A242FBD302F0D5FDFAF726
:1049A000E9F9FEE70090002000000020B40200209A
:1049B000388E0108B802002044690020FEE700009C
:1049C00070B5104B05001978002901D1012070BD88
:1049D000FA208000F3F7AAFB0B4C01002068F3F7E4
:1049E000A5FB00F083F8041EF0D1032DEED80200E1
:1049F00001202900404200F043F8044B20001D60D4
:104A0000E5E7C04652020020500100205402002079
:104A10008023084A5B00116810B50B430020136027
:104A2000FFF7CEFF041E03D1FBF738FD200010BDB9
:104A30000124FBE700200240034A044B11681B7865
:104A40005B1813607047C046F467002052020020D4
:104A5000014B18687047C046F467002070B5040029
:104A6000FFF7F6FF0500631C02D0044B1B78E41827
:104A7000FFF7EEFF401BA042FAD370BD52020020A8
:104A800010B5FF2403220B0021000240D200914008
:104A90009B012340C943934000280ADBC0240B4AF2
:104AA000800880008018A40002590A401343035173
:104AB00010BD0F2210400838054A80088000801879
:104AC000C26911401943C161F2E7C04600E100E04C
:104AD00000ED00E0002805DB1F2318401E3B83404B
:104AE000014A13607047C04600E100E08022431E87
:104AF0005204012093420DD2C021074A0748536057
:104B0000036A09061B021B0A0B43036200200723EA
:104B1000906013607047C04610E000E000ED00E0D8
:104B2000F0B5846CC56C6560046D002C02D0446DDA
:104B3000856D65601C24056C084E25401B3CAC400F
:104B400077683C437460046863608368102B02D10B
:104B5000A260E160F0BDA160E260FBE700000240FE
:104B600010B50400036C094A9B089B189B00436422
:104B700000681421C0B20838F3F7D8FA044BA364D4
:104B80001F2318401E3B8340E36410BD00820010C9
:104B900080080240F8B504000120002C46D02568AA
:104BA000254B1421E818F3F7C1FA02238000A61D53
:104BB0002064F3772B68214AA76813402B60E368D1
:104BC00021693B430B4361692A680B43A1692000BB
:104BD0000B43E1690B43216A0B4313432B60FFF73F
:104BE000BFFF8023DB019F4201D1002363603F238D
:104BF0006268616C13400B60E06CA16C013A486024
:104C0000032A14D80E4A0F4899180122013B9A40F2
:104C1000A265130000228900216560650A60436077
:104C200000200123E0630534F377E077F8BD00232B
:104C300023656365A365F3E7F8FFFDBF0F80FFFF02
:104C40003F82001040090240F7B5451D0193EE7FF9
:104C500004000220012E33D00138E877A71DFE7F23
:104C6000B4466346F6B200960026834230D1013046
:104C7000F8772568E6632868009B98432860019BC5
:104C80002000FFF74DFF236BB3421AD00E232A6892
:104C900013432B60636C1A68D20304D58022196811
:104CA00052000A431A60236D002B04D08022196839
:104CB00052000A431A60012300202A6813432B6024
:104CC000FEBD04222B6893432B602A680A23DFE78A
:104CD0008023E363EE77F3E7F0B5002808D0841D66
:104CE000E37F411D022B05D00423C3630023CB7750
:104CF0000120F0BD0E250268466C1368AB431360BB
:104D00003368104D2B403360012316689E431660B4
:104D1000026C1B331A401B3B93400B4E77683B439E
:104D20007360C26C836C5A60036D002B05D01A68E7
:104D30002A401A60436D826D5A6001230020E37798
:104D4000C877D6E7FFFEFFFF00000240F8B5811DDF
:104D5000CB7F022B03D00423C3630120F8BD0E24B4
:104D600002681C271368456CA34313600123146871
:104D70009C4314602A68104C22402A60026C0F4D3C
:104D80003A4093406E6833436B60C26C836C5A60E8
:104D9000036D002B05D01A6822401A60436D826DA6
:104DA0005A6001230022CB77431DDA77836B93424D
:104DB00000D098470020D1E7FFFEFFFF000002402F
:104DC000F8B51C240427016C264A21403C008C4085
:104DD000166803681D6826420FD03D420DD0196841
:104DE000890602D41968B943196053681C43036BE0
:104DF0005460002B1BD0984719E002273C008C40E0
:104E0000264215D03D4213D01968890606D40A25DA
:104E10001968A94319600121831DD97753681C4380
:104E200054600022431DDA77C36A9342E3D1F8BD90
:104E3000082427008F403E42F9D02542F7D00E25A6
:104E40001C68AC431C6001231D008D402900546880
:104E500021435160821DC363D3770022431DDA775B
:104E6000436BE2E7000002400023F0B585B00A681A
:104E70001400DC4001D105B0F0BD012514009D40B7
:104E80002C4000942A4200D191E04A685F00944689
:104E90000322644622400324BC40E4430194541E90
:104EA000012C2ED88668019C2640CC68BC40344337
:104EB000846044680126AC432500644624093440DC
:104EC0009C402C434460C568019C25408C68BC40D4
:104ED0002C43C460022A16D107250F261D40AD00C1
:104EE000AE40DC08A40004190294246A039626004C
:104EF000039CA64334000E69AE402643029C266202
:104F000001E0032ADFD1BA400468019D25402A430D
:104F1000C02402606246A402224248D0254A0325EA
:104F20009C08A400A4180F221D40ED00AA40A02751
:104F3000266EFF0596430022B8420CD01E4F013268
:104F4000B84208D01D4F0132B84204D01C4F033282
:104F5000B84200D1023AAA40674632432266154C55
:104F6000009A2668009DD2433543FF0201D43500E4
:104F70001540674625606668009D3543BF0201D431
:104F800035001540674665600E4C009DE66F354361
:104F9000BF0301D4350015406746E5670A4C009E03
:104FA000E56F2E43FF0301D415402E00E667013361
:104FB0005DE7C046001802400004005000080050A1
:104FC000000C005008180240041802400069084014
:104FD000431E9841C0B27047002A01D081617047DA
:104FE0008162FCE770B504000120002C3FD0250051
:104FF00041352B78DAB2002B05D123004033200055
:105000001A70FBF763FA242301212B702368E068F0
:105010001A68A6688A431A601A4962680A401A61C7
:105020009A6819490A409A60012821D18022120207
:1050300032439A605868154A02435A60DA68002081
:105040000A40DA60616922690A43A16909020A43D8
:10505000DA60216AE2690A431A60012219680A4388
:105060001A60202360642B7020634234207070BD6E
:105070008422120232439A600228DBD1802212017C
:105080005A60D7E7FFFFFFF0FF7FFFFF00800002BD
:10509000F0B504004134227803000F000220D6B29C
:1050A000202A18D11D0040352A78012A13D0242245
:1050B00022701B68233A19680748914319601968E0
:1050C00001400020196019683943196019680A43C2
:1050D0001A6026702870F0BDFFEFFFFF0200F0B5E8
:1050E000413214780300E5B20220202C17D11C00B5
:1050F00040342678012E12D0223010701B682338DD
:105100001E68074F86431E601E6809023E403143F9
:105110001960196808431860002015702070F0BDF0
:10512000FFF0FFFF8023034A5B0011680B4313600D
:105130007047C0460070004010B5114C11492368FB
:1051400002000B4003432360802300209B009A420F
:105150000ED10D4B0D49186806235843F2F7E6FFB0
:105160008022431CD200616908001040114200D126
:1051700010BD002B01D0013BF5E70320F8E7C04646
:1051800000700040FFF9FFFF5001002040420F0077
:10519000F0B5040085B0002802D1012005B0F0BDB3
:1051A0000368DB0710D423689B075CD423681B07C4
:1051B00000D5C1E023685B0700D5F2E0E369002B6E
:1051C00000D079E10020E9E73822AF4DAB68134009
:1051D000EA68102B09D1D3439B0708D12B689B03A6
:1051E000E1D56368002BDED1D7E7082BF6D080220B
:1051F00063685202934211D12A6813432B60FFF770
:1052000027FC80270600BF022B683B42CBD1FFF76B
:105210001FFC801B6428F7D90320BFE7A021C90227
:105220008B4208D180232968DB020B432B602B685B
:105230001A432A60E3E72A6894490A402A602A68E8
:1052400093490A402A60002BD9D1FFF701FC80273F
:105250000600BF022B683B42A5D0FFF7F9FB801B7D
:105260006428F7D9D8E73822874DAB681340EA683D
:10527000102B28D103210A40022A26D12A68520580
:1052800003D5E268002A00D187E76968626981482E
:10529000120201400A436A60002B0CD12B687E4A3F
:1052A0007E491340226913432B602B687C4A9B0480
:1052B0005B0FDA400A607B4B1868FFF781FB002820
:1052C00000D173E769E7002BD8D0E368002B20D02A
:1052D0002B68714A802713402269FF0013432B601B
:1052E00080232A685B0013432B60FFF7B1FB0600A5
:1052F0002B683B4207D06A68636966491B020A4013
:1053000013436B6052E7FFF7A3FB801B0228EFD922
:1053100082E72B68644A802713402B60FFF798FBD5
:105320000600FF002B683B4200D13FE7FFF790FBF0
:10533000801B0228F6D96FE73822534DAB68134023
:10534000182B08D12B6E9B0700D433E7A369002BE1
:1053500000D02FE721E7A2690123002A10D02A6E8E
:10536000022713432B66FFF773FB06002B6E3B42AD
:1053700000D01FE7FFF76CFB801B0228F6D94BE734
:105380002A6E02279A432A66FFF762FB06002B6EFD
:105390003B4200D10EE7FFF75BFB801B0228F6D9EA
:1053A0003AE73822384DAB681340202B08D1EB6D1B
:1053B0009B0700D402E7A368002B00D0FEE6ECE6D2
:1053C00080220021EB6B52050091134208D1EB6B58
:1053D0001343EB63EB6B13400393039B0123009395
:1053E0008027324E7F0033683B4215D0A368012BE3
:1053F00022D1EA6D1343EB65FFF72AFB0227060073
:10540000EB6D3B4238D0009B012B00D0D6E6EB6B16
:10541000274A1340EB63D1E633683B433360FFF721
:1054200017FB019033683B42E0D1FFF711FB019B72
:10543000C01A0228F6D9EFE6EA6D052B05D1013B2B
:105440001343EB65EA6D0123D4E701218A43EA6542
:10545000EA6D03318A43EA65002BCDD1FFF7F8FAF4
:1054600002270600EB6D3B42CDD0FFF7F1FA114B5E
:10547000801B9842F6D9CFE6FFF7EAFA0D4B801B66
:105480009842BDD9C8E6C04600100240FFFFFEFFAB
:10549000FFFFFBFFFF80FFFFFFC7FFFF5001002062
:1054A0000024F40054020020FFFEFFFF00700040C3
:1054B000FFFFFFEF881300003821434DAA680A4020
:1054C000102A53D0414A022B3AD12B68802713402F
:1054D0002B60FFF7BDFA0600BF042B683B4229D1C1
:1054E000616A236AEA680B43394980260A401343FC
:1054F000E26AB6041343226B1343626B1343A26A3E
:1055000012021343EB6080232A685B0413432B6071
:105510008023EA685B051343EB60FFF799FA040008
:105520002B68334200D04DE6FFF792FA001B0228A9
:10553000F6D971E6FFF78CFA801B0228CDD96BE60D
:105540002B68802613402B60FFF782FA0400B60414
:105550002B68334204D1EB681E4A1340EB6031E6FE
:10556000FFF776FA001B0228F2D955E6012B00D18D
:1055700013E60322E868216A02408A4200D00CE662
:105580007022616A02408A4200D006E6FE21A26AC9
:10559000C90101401202914200D0FEE5F822E16A01
:1055A000920302408A4200D0F7E5E022216B120507
:1055B00002408A4200D0F0E5636B400F4007C01AFA
:1055C000431E9841C0B2E9E500100240FFFFFFFE14
:1055D0008C80C111FCFFFEEE382370B51D4CA26813
:1055E0001A4205D123681C489B045B0FD84070BD4C
:1055F000A2681A40082A27D0A2681A40102A17D198
:10560000E368E168DB43E5684906490F6F322D0A1C
:10561000013115409B0709D11048F2F787FDE16879
:105620006843490F0131F2F781FDE0E70A48F4E7EA
:10563000A2681A40202A09D0A26800201340182B23
:10564000D5D1FA20C001D2E70448D0E7802000027B
:10565000CDE7C046001002400024F40000127A009A
:10566000F7B504000D00002801D10120FEBD072779
:10567000484E33683B408B422AD3226893073BD481
:10568000D20748D4072733683B40AB420AD9336876
:10569000BB432B433360FFF7DBF9019033683B409A
:1056A000AB4268D123683C4D5B076CD4FFF794FF95
:1056B000AB683A491B051B0F9B005B581F210B4031
:1056C000D840374A374B10601868FFF779F9CDE7B3
:1056D0003368BB430B433360FFF7BAF9019033687B
:1056E0003B40AB42C9D0FFF7B3F9019BC01A2E4B28
:1056F0009842F4D90320B9E72749530704D5E0239A
:105700008868DB0103438B608B6828480340A068EE
:1057100003438B60B4E760681F4F032829D8F2F772
:10572000F1FC20021C243B689B039ED50722BB682A
:1057300093430343BB60FFF78BF901903823BA68AA
:105740001A406368DB009A429CD0FFF781F9019B05
:10575000C01A154B9842F1D9CCE73B689B01E5D4C0
:1057600083E73B685B05E1D47FE73B6E9B07DDD4B5
:105770007BE7FB6DFAE7FFF76BF9019BC01A0A4B59
:1057800098428BD9B6E7AB68094A1340E2681343E5
:10579000AB608BE70020024000100240908C0108B3
:1057A000500100205402002088130000FFF0FFFF8A
:1057B000FF8FFFFF064B07499B68074A5B045B0F9F
:1057C0009B005B581F2110680B40D8407047C046B3
:1057D00000100240708C010850010020F0B50368F1
:1057E000040085B000209B0352D58022704D5205E5
:1057F000EB6B0090134208D1EB6B1343EB63EB6B45
:1058000013400393039B012300938027694E7F007D
:1058100033683B433360FFF71BF9019033683B4229
:1058200028D0EA6DC02310009B00216B624E184007
:105830001A4218D0814216D08022EB6DE86D190013
:1058400052020243EA65EA6D5C4831400240EA6573
:10585000E965DB0707D5FFF7FBF807000222EB6DD0
:10586000134200D19CE0EB6D226B334013430020C8
:10587000EB6506E0FFF7ECF8019BC01A0228CDD9D2
:105880000320009B012B03D1EB6B4D4A1340EB63CC
:105890002368DA0706D5032545494A6DAA4365689A
:1058A0002A434A659A0706D50C2541494A6DAA4301
:1058B000A5682A434A65DA0606D53D49414D4A6D39
:1058C0002A40E5682A434A659A0506D538493E4D7F
:1058D0004A6D2A40A5692A434A655A0506D53449C6
:1058E0003A4D4A6D2A40E5692A434A659A0606D52B
:1058F0002F49374D4A6D2A4025692A434A655A0483
:105900000FD52B49256A4A6D920092082A434A65B1
:105910008022D205954204D18022CD6852022A43CA
:10592000CA601A0306D5402521494A6DAA43656A13
:105930002A434A659A020FD51D49264E4A6DA56A2B
:1059400032402A434A658022D203954204D1802204
:10595000CD6852042A43CA605A020DD5144D1E4E1A
:10596000696DE26A314011436965802149048A42C8
:1059700002D1E9680A43EA601B050FD50C4A616948
:10598000536D164C23400B4353658023DB01994232
:1059900004D18023D1685B020B43D36005B0F0BD16
:1059A000FFF756F80E4BC01B984200D856E767E742
:1059B0000010024000700040FFFCFFFFFFFFFEFFF1
:1059C000FFFFFFEFFFF3FFFFFFFFF3FFFFFFCFFF3F
:1059D000FFCFFFFFFFFFBFFFFFFFFFFEFF3FFFFF08
:1059E00088130000A0210268F8B5D36804008B4337
:1059F000D360FFF72DF8FA2705002026BF002368A3
:105A0000DB68334201D00020F8BDFFF721F8401BCE
:105A1000B842F4D90320F7E7F7B54026036805003C
:105A2000DA680024324211D18022D968FA270A4369
:105A3000DA60FFF70DF8BF0000902B68DB681A00F2
:105A400032400192334201D1032C01D12000FEBD2E
:105A5000FEF7FEFF009B019CC01AB842EDD92B0057
:105A6000032429331C70E8E7802270B50F4C050031
:105A7000E3689343E360A369603A134207D1FFF7F9
:105A8000B1FF002802D003202935287070BDA3691A
:105A90009343A361FFF7A6FF002802D00320293516
:105AA00028702023A2691343A361EFE70028004078
:105AB00070B504000120002C17D0250029352B7863
:105AC000DAB2002B08D1230028331A7088231B0276
:105AD00020006360FAF73CFD02232B702368DA682C
:105AE000D20603D5012300202B7070BDCA225A6252
:105AF000773A20005A62FFF78FFF002825D12368EC
:105B000015499A6960690A409A61A26899690243D5
:105B1000E06902430A439A61226920001A61E2683F
:105B2000196912040A431A61FFF79EFF00280CD17D
:105B30002268266A9369DB00DB089361636A9169D6
:105B40003343A66933430B439361FF2223685A62B0
:105B50000028C7D0C9E7C046BFFF8FFBF8B50400D7
:105B60000120002C67D0636A002B65D18222616816
:105B70005200914200D0E36100232500A3625D350D
:105B80002B78DAB2002B05D123005C3320001A7089
:105B9000FAF70CFD022340222B702168E6680B689F
:105BA0009343E0220B60D2000023964248D9F022B2
:105BB00018001201964200D0A362822284276368F3
:105BC00052001340A2683F023A4002271343226961
:105BD000A5693A4013430122676917403B43802778
:105BE000BF002F403B43E769373217403B43276AEA
:105BF0004832174080223B43A76A920117403B433B
:105C0000102708220B60636A2D0C3B40676B17401E
:105C10003B43F0273F013E403343042635402B43AE
:105C200003434B60CB69084803400020CB6101234C
:105C300020665D342370F8BD0023236163619BE718
:105C400080204001B6E7C046FFF7FFFFC0220423D3
:105C500013B50468D200A16808001040114200D1B9
:105C600016BDE168013B0191DBB20199002BF2D135
:105C70000320F5E701000300012010B53D310C7849
:105C8000E2B284421FD1001808701B68D968114322
:105C9000D9600E498B4209D08021C9058B4205D0BD
:105CA0000B498B4202D00B498B420DD19A680A49AD
:105CB0000A40062A06D007398A4203D00122196811
:105CC0000A431A60002010BD1968F9E7002C014052
:105CD000000400400040014007000100012103686A
:105CE00010B5DA688A43DA601C6A074A144206D1A2
:105CF0001C6A064A144202D11A688A431A600123B8
:105D00003D300370002010BD11110000440400005C
:105D100070477047704770470222036810B51969D1
:105D2000040011420ED0D96811420BD0053A1A6115
:105D3000043202779B699B0700D186E0FFF7E9FFF9
:105D400000232377042223681969114211D0D968EE
:105D500011420ED0093A1A61073222779A69C0239C
:105D60009B0020001A4200D175E0FFF7D2FF00230C
:105D7000237708222368196911420ED0D96811428D
:105D80000BD0113A1A610D322277DB6920009B0794
:105D900067D0FFF7BEFF002323771022236819691D
:105DA000114210D0D96811420DD0213A1A6119322E
:105DB0002277DA69C0239B0020001A4257D0FFF7F0
:105DC000A8FF00232377012223681969114207D015
:105DD000D968114204D0033A20001A61F9F784FB14
:105DE000802223681969114208D0D968114205D070
:105DF000023AFF3A20001A6100F0EFF823681A69AE
:105E0000D20507D5DA68120604D51C4A20001A61AB
:105E100000F0E4F8402223681969114207D0D968DC
:105E2000114204D0813A20001A61FFF774FF20224A
:105E300023681969114207D0D968114204D0413A48
:105E400020001A6100F0C8F810BDFFF761FF2000C4
:105E5000FFF760FF74E7FFF75BFF2000FFF75AFFD3
:105E600085E7FFF755FF2000FFF754FF93E7FFF7A3
:105E70004FFF2000FFF74EFFA3E7C046FFFEFFFFE6
:105E800010B51C4C0368A04206D08022D205904277
:105E900002D0194A904208D1702293434A681343B2
:105EA000164A1A40CB6813430BE0154A9042F7D0CC
:105EB000144A9042F4D0144A9042F1D0134A9042CE
:105EC000EED0802293434A69134303608B68C36218
:105ED0000B688362A04208D00A4B984205D00A4B57
:105EE000984202D0094B984201D10B690363012308
:105EF000436110BD002C014000040040FFFCFFFF87
:105F000000200040004001400044014000480140A2
:105F100070B504000120002C23D025003D352B78DE
:105F2000DAB2002B05D123003C3320001A70FAF7B7
:105F30008FFB02232B702068211DFFF7A1FF220099
:105F4000012300204832137047340A3A137053700B
:105F50009370D370137153719371D3711372237053
:105F60002B7070BDF0B5040002223C34257803008C
:105F70001000012D26D01D003D352A701B68124EE1
:105F80005A689868B34203D1104F3A404F683A4379
:105F90007027BA430F683A435A60B34209D080224F
:105FA000D205934205D00A4A934202D0094A93424D
:105FB00004D1802290438A68104398600123002016
:105FC0002B702070F0BDC046002C0140FFFF0FFF7A
:105FD00000040040004001407047704770470000D7
:105FE00030B5EFF31084012282F31088C0250168D8
:105FF0000B68AB430B6084F31088EFF3108182F3DE
:1060000010880268044C93682340936081F31088E1
:1060100020238830036030BDFFFF7FFF30B5EFF3F2
:106020001084012282F310880168134D0B682B4005
:106030000B6084F31088EFF3108182F310880268FC
:106040000E4C93682340936081F31088C36E012B3C
:106050000AD1EFF3108183F31088102402681368CB
:10606000A343136081F31088030020228C331A604D
:106070000023C366436730BDDFFEFFFFFEFFFFEF77
:10608000704770477047704770B5846A2300883343
:106090001A685D6823689B681B0608D5212A06D10B
:1060A00023000022563320001A80FFF799FF23684F
:1060B0009B685B0608D5222D06D1230000225E33A3
:1060C00020001A80FFF7AAFF2200102390321168E7
:1060D00020000B431360FFF7D6FF70BD806A0023DA
:1060E000020010B55E321380083A1380FFF7CBFF31
:1060F00010BD0000F7B50168C14DCB6904000A6806
:1061000088682B4210D120252B4200D19BE08026AD
:10611000760515400640354300D194E0636F2000BA
:10612000002B00D085E085E0B64D05400095B64DCA
:10613000009E1540354300D185E0250001269035AD
:10614000334205D0D70503D50E622F683E432E603B
:10615000022633420CD0C7070AD527000E629037BB
:106160003E680197B446042667463E43019F3E6061
:10617000042633420CD0C7070AD527000E62903799
:106180003E680197B446022667463E43019F3E6043
:106190000826B446334209D02027009E17403743D3
:1061A00004D066460E622F683E432E60802636017C
:1061B000334206D0570104D50E6220212E683143A8
:1061C00029602968002935D020210B420AD080237C
:1061D0005B0511400340194304D0636F002B01D0CD
:1061E0002000984722682B684027966828223E4066
:1061F000134020001E4322D0FFF710FF23689B6846
:106200003B4218D0EFF31081012383F3108825005F
:1062100004CD9368BB43936081F31088E86F002836
:1062200009D07A4B8363FEF791FD002802D0E86F16
:10623000836B9847F7BD2000FFF725FFFAE7FFF7CC
:1062400022FF2E60F6E7E56E012D00D09FE01026BC
:10625000334200D19BE0324200D198E00E6289685F
:1062600040230A001A40194257D0211DCA6F1068F6
:10627000426892B2002ADDD027005C373F889742FF
:10628000D8D927005E373A80026820208446104023
:1062900000906046024232D1EFF3108785F31088F8
:1062A00020685B4E02683240026087F31088EFF38B
:1062B000108785F3108820688268AA43826087F37C
:1062C0001088EFF3108785F31088206882689A435E
:1062D000826087F31088230062468C331A60009B2B
:1062E000E366EFF3108085F3108822680F3513689A
:1062F000AB43136080F31088C86FFEF7EDFC0223F8
:106300002200236723005C325E331B881188C91A80
:1063100089B22000F8F74EFF8CE7230020005C33A1
:106320005E301988038800889BB2002800D181E77D
:10633000C91A89B2002900D17CE7EFF3108785F3F1
:1063400010882068334E03683340036087F3108859
:10635000EFF3108785F3108820682F4E8368334051
:10636000836087F31088230020208C331860E26656
:106370006267EFF3108085F3108810252268136898
:10638000AB43136080F3108802232367C1E78025A5
:106390006D032B4206D0460204D520000D6200F0AA
:1063A000E7FB47E780210B4207D080252D041140F1
:1063B0002840014301D0A36FB1E640210B4216D023
:1063C0000A4214D0EFF31080012383F3108822686F
:1063D00013688B43136080F31088230020228833D6
:1063E0001A6000232000A367FFF74AFE22E7190284
:1063F00014D5510012D5200000F0BCFB1AE7C046AE
:106400000F0800000100001020010004DD600108F9
:10641000FFFEFFFFDFFEFFFFFEFFFFEFDB0100D40B
:1064200008E7002A00DB05E7200000F0A2FB01E7F7
:106430000123806A10B50367C36E012B06D10300E8
:106440005C3319884908F8F7B5FE10BDFFF71AFE4E
:10645000FBE7000003001B6820221B6870B51900D1
:10646000806A1140134234D103005E331980EFF388
:106470001085012383F3108804681D4E2168314084
:10648000216085F31088EFF3108583F3108804688A
:10649000A1689943A16085F31088EFF3108483F31A
:1064A0001088402501688B68AB438B6084F31088AB
:1064B00003008C331A60C36E012B0AD1EFF31081F5
:1064C00083F31088102402681368A343136081F3D8
:1064D000108800230367C36E012B05D103005C33D2
:1064E0001988F8F767FE70BDFFF7CBFDFBE7C046E4
:1064F000FFFEFFFFF8B504002569A26823682A4360
:1065000065691968C0692A43734D024329400A43EB
:106510001A605A687149A5690A40E1680A437049DE
:106520005A608B4201D0226A15439A686D4E324000
:106530002A430F259A60DA6AAA43656A2A43DA6217
:10654000694A934225D1694B5A6D03231A4080232F
:106550001B02022A00D1BBE0032A00D1B2E0012ACB
:1065600000D1A8E0984200D17DE0FFF723F9002890
:1065700045D0626A5E4B5200D15AF1F7D7FD65688B
:106580006B08C0182900F1F7D1FD0200594B103AF1
:1065900064E0594A934212D10C22544B5B6D134074
:1065A000082B00D192E005D8002B00D081E0802399
:1065B0001B02D7E70C2B00D182E0012020E04F4ADC
:1065C0009342F4D04E4A9342F1D08B42F5D1C0228F
:1065D0008021464B12015B6D090113408B4215D09F
:1065E00004D8002B07D1FFF7E5F806E09342E4D189
:1065F000802636020BE0FEF7EFFF061E07D10020D3
:10660000404BA36600236367A367F8BD3E4E626AF2
:10661000374B5200D75A30003900F1F787FD03237A
:1066200065686B438342C8D82B038342C5D30023DC
:106630003A0030001900F1F767FF0027060E0B0241
:10664000334302026E0892197B41100019002A00A0
:106650003B00F1F759FF2D4BC2182D4B9A42ACD895
:106660002368D860CBE7FFF7A5F80028C7D0626A97
:106670001F4B5200D15AF1F759FD656840006B0875
:10668000C0182900F1F752FD02001A4B103A9A4245
:1066900000D992E70F23020000079A4393B2400FFC
:1066A00022680343D360AAE71748E0E7FEF794FFA8
:1066B0005DE780231B029842F8D1FEF78DFFD4E7F7
:1066C00080231B029842D2D0180052E780231B027D
:1066D0009842E9D00C484CE7F369FFCFFFCFFFFFAA
:1066E00000800040FFF4FF1100380140001002401C
:1066F000BE8D0108EFFF000000440040004800404C
:10670000004C0040010001000024F40000FDFFFFE8
:10671000FFFC0F00836A30B5DA0706D50168284C04
:106720004A682240C46A22434A609A0706D5016833
:10673000244C4A682240046B22434A605A0706D51B
:106740000168214C4A682240446B22434A601A0780
:1067500006D501681D4C4A682240846B22434A607A
:10676000DA0606D501681A4C8A682240C46B2243B7
:106770008A609A0606D50168164C8A682240046C25
:1067800022438A605A0610D50168134D4A68446C4A
:106790002A4022434A6080225203944205D14A682B
:1067A0000E4C2240846C22434A601B0606D50268C8
:1067B0000B4953680B40C16C0B43536030BDC0465E
:1067C000FFFFFDFFFFFFFEFFFFFFFBFFFF7FFFFF60
:1067D000FFEFFFFFFFDFFFFFFFFFEFFFFFFF9FFF69
:1067E000FFFFF7FFF8B504000D0017001E00226838
:1067F000D3692B405B1B59424B41BB4201D0002067
:1068000029E0069B0133F3D0FEF722F9069B801B9B
:10681000984201D8002B1FD1EFF31080012282F3A0
:1068200010882168204D0B682B400B6080F3108886
:10683000EFF3108082F3108821688B6893438B609C
:1068400080F3108823001F3288331A605A600023B7
:10685000032084342370F8BD23681A685207C6D514
:106860008022D96912011142C1D01A62EFF310805F
:10687000012282F3108821680B4D0B682B400B60BE
:1068800080F31088EFF3108082F3108821688B6802
:1068900093438B6080F3108822002023883213609A
:1068A00053609360D3E7C0465FFEFFFFF0B517006B
:1068B000020087B088320593136804000D0002209F
:1068C000202B45D10138002942D0002F40D0802311
:1068D000A1685B01994204D12369002B01D10542D3
:1068E00036D12300002690331E6021231360FEF76B
:1068F000AFF8230054331F80023303931F8080239B
:10690000A26804905B019A4204D12369B34201D189
:106910002E001D00230056331B889AB2002B0CD189
:10692000059B402100932000049BFFF75BFF00289C
:106930000DD12023883423600AE0059B00220093B8
:1069400080212000049BFFF74DFF002802D0032088
:1069500007B0F0BD2268002D0BD133880236DB056D
:10696000DB0D9362039B039A1B88013B9BB2138050
:10697000D0E72B7801359362F4E70000030073B58C
:106980000026040090331E60FEF762F823680500BD
:106990001B681B0719D423681B685B070AD5802175
:1069A000104B0022009320002B00C903FFF71AFFB1
:1069B000002815D122000020202388321360536064
:1069C000E0662067843420700BE08021054B3200A4
:1069D0000093890303002000FFF704FF0028DAD0AA
:1069E000032076BDFFFFFF01F8B51300020006008B
:1069F00005005C3281650F00138022210022903651
:106A00008C3532602960011D0400C86F904213D09C
:106A10001D498263C1621D493A0001631C494163FB
:106A200021682431FEF710F9002805D01023012039
:106A30003360DB182B60F8BD2369002B0BD0EFF31C
:106A40001081012383F310882268FF331068034309
:106A5000136081F31088EFF31080012383F3108813
:106A600021688A681A438A6080F31088EFF31081E6
:106A700083F3108822683F3390680343936081F367
:106A800010880020D7E7C04655640108316401082A
:106A900089600108F7B50700436E04006A37002BD0
:106AA00004D10120388068342080F7BD03680B4E84
:106AB0009A689B680A4D5B0FF05CE95CC00001922C
:106AC000F1F7BEFB019B38801B015B0FF05CE95CBA
:106AD000C000F1F7B5FB80B2E5E7C046DE8D0108E6
:106AE000D68D0108F7B504000E001D0001920028A4
:106AF00001D10120FEBD070088373B68002B04D17F
:106B0000020084321370F9F717FE24230121226852
:106B10003B60136820008B431360FFF7EBFC0128F8
:106B2000E7D0A36A002B02D02000FFF7F3FD8022FC
:106B30002368D20199682D040A439A609A680A4929
:106B400020000A4032439A60019A51050D431A68A9
:106B500006490A40154301221D6019680A431A605C
:106B6000FFF70CFFC6E7C046FF7FFFFFFFFF00FCFB
:106B7000704770477047000070B504008434227875
:106B800003000220012A11D01D002422012688358D
:106B90002A601A6811681068B04310600448014008
:106BA00000205866202311602B60207070BDC04605
:106BB000FFFFFFDFF8B5050084350B0029780222BE
:106BC000012915D00600012104688836223232607E
:106BD000276822688A432260A168C900C90819434E
:106BE000A160FFF757FF20230022276033602A703F
:106BF0001000F8BDF8B5050084350A002978022395
:106C0000012915D00600012104688836223333603B
:106C1000276823688B432360A168064B1940114302
:106C2000A160FFF737FF20232760336000232B701C
:106C30001800F8BDFFFFFFF103008C331B6870B52F
:106C400004000220202B02D1002901D1012070BDB7
:106C5000002AFBD08020A56801234001854204D191
:106C60002069002801D11942F0D1E36600232000F9
:106C70002367FFF7B9FE0028E9D1E26E012AE5D1CA
:106C8000102321680B62EFF3108182F310882268D1
:106C900014682343136081F31088D8E710B5034BC1
:106CA0000100186800F030F810BDC04664020020F2
:106CB00010B5034B0100186800F0EEFC10BDC04693
:106CC0006402002070B50F4E0D00316804000029E9
:106CD00002D100F00DFC30602900200000F008FC1B
:106CE000431C03D101256D42280070BD0323C51C40
:106CF0009D43A842F8D0291A200000F0F9FB01308A
:106D0000F2D1EFE7F8670020F7B50322CB1C9343DD
:106D1000083305001F000C2B34D20C27B94233D89E
:106D2000280000F071F8374E33681C00002C2FD17A
:106D300039002800FFF7C6FF0400431C5FD1346808
:106D40000094009B002B4AD1002C52D023682800CD
:106D5000E3180099019300F0CBFB019B834248D1DB
:106D600023682800FF1A3900FFF7ACFF013040D03C
:106D70002368DB19236033685A68002A33D1009BEB
:106D8000336019E0002BC9DA0C232B600020FEBD14
:106D90002168C91B20D40B290AD9E2192760A34214
:106DA00004D1326063681160536005E05A60F9E70E
:106DB0006268A3420ED13260280000F02DF8200056
:106DC00007220B30231D9043C21A9842DFD01B1AB2
:106DD000A350DCE75A60EFE723006468A6E7009C55
:106DE00063680093ADE71A005B68A342FBD1002300
:106DF000DAE70C2328002B6000F00EF8C6E70760E6
:106E0000DAE7C046FC67002010B5024800F0C1FB7D
:106E100010BDC0464069002010B5024800F0BAFB22
:106E200010BDC04640690020114B70B51D680400BC
:106E30002B6B002B16D11820FFF730FF021E2863A2
:106E400004D146210B4B0C4800F008FC0B4B0021F1
:106E500003600B4B43600B4B83600B23838101204A
:106E60001061516100222B6B1C615A6170BDC046DC
:106E700064020020DF8C0108F68C01080E33CDABD4
:106E800034126DE6ECDE0500164B10B51C68236B62
:106E9000002B16D11820FFF701FF021E206304D13A
:106EA0005221114B114800F0D9FB114B0021036016
:106EB000104B4360104B83600B23838101201061D2
:106EC0005161246B0D4A206961690D4BF1F73CFB60
:106ED0000122002380185941206161614800400867
:106EE00010BDC04664020020DF8C0108F68C01084A
:106EF0000E33CDAB34126DE6ECDE05002D7F954CE4
:106F00002DF4515830B50024022B09D092080359B2
:106F10000D59013A05510B510434002AF7DC30BDFC
:106F2000035D0D5D05550B550134131B002BF7DC7C
:106F3000F5E7F8B50F00160004001D009847310072
:106F400000280DDA3800A847002802DA3C002000AB
:106F5000F8BD31002000A8470028F8DA3400F6E731
:106F60003800A8470028F1DC31002000A84700289D
:106F7000F4DAECE7F0B599B000900393009B1700AA
:106F800013430222080001929B0704D13B1F1A0001
:106F9000531E9A410192002304933C00009B4443FA
:106FA000DB190293009B1B190693062828D8029B25
:106FB000069A93420CD3049B002B00D020E119B019
:106FC000F0BD3A0029002000019BFFF79BFF0FE076
:106FD000029C0EE0E51B21002800039B9847002837
:106FE0000ADD019B002BECD123682A6822602B600C
:106FF0002C00009BA342EDD3029BDB190293D6E742
:1070000046087E43009BE41B9E191C19072821D0CB
:1070100022000593282817D9C5087D4359194A1914
:10702000039B0098FFF785FF31007219039B0590C1
:10703000701BFFF77EFF06006800201A2200039BEA
:107040004119FFF776FF02003100039B0598FFF717
:1070500070FF0600019B002B23D1009B32681B6848
:1070600000990A60336000232600029D079305956E
:10707000A54233D828000099039B984700282BDCB1
:107080000DD1019B002B13D1059B2A681B68059924
:107090000A602B60059BDB19059301230793ED190B
:1070A000E6E73A003100019B0098FFF72BFFDAE793
:1070B0003A002900019B0598FFF724FFEAE7002822
:1070C00009D1019B002B13D1236832682260336001
:1070D0000123F61B0793E41BAC4210D2079B002B45
:1070E00040D1029B069A934200D364E7029C32E0AF
:1070F0003A0031002000019BFFF704FFE8E7200081
:107100000099039B98470028D9DA019B002B05D1F1
:107110002B6822682A602360E41BBEE73A00210046
:107120002800019BFFF7EEFEF6E73A002900200059
:10713000019BFFF7E7FE0DE0E51B21002800039B04
:10714000984700280ADD019B002BEED123682A68AE
:1071500022602B602C00009BA342EDD3029BDB1925
:107160000293BEE7059B009AEB1A0293059B9A1ABD
:10717000029B9A4200DD1A00002A04D0019B00986D
:10718000A91AFFF7BFFE069B341B9A1BD21BA24213
:1071900000D92200002A05D0069B2800991A019BDD
:1071A000FFF7B0FE069B029E1D1BB44205D82300CC
:1071B00034001E002B00009D0093BE422BD9049B7F
:1071C000072B11D808AADB009D5039009B1820001E
:1071D0001D00F0F7ABFF049B6860013339003000FD
:1071E0000493F0F7A3FFD8E639003000F0F79EFFD4
:1071F0003A000100039B0098FFF7BCFEBC420DD88B
:10720000049B08AA013B0493DB009A58009208AA49
:107210009B185868C1E6BC4200D8CCE63900200073
:10722000F0F784FF0095B8E6002310B50400036072
:107230004360836081814366C281036143618361EE
:10724000190008225C3000F011F90B4B24626362D4
:107250000A4BA3620A4BE3620A4B23630A4B9C422C
:1072600005D00A4B9C4202D0094B9C4203D120001E
:10727000583000F08DF910BDB1730108D9730108C1
:10728000117401083D74010800680020686800203E
:10729000D068002010B5034A0349044800F06CF898
:1072A00010BDC0465802002039780108680200204D
:1072B00041680B4B10B50400994201D000F0BCFAB4
:1072C000A168084B994202D0200000F0B5FAE168AD
:1072D000054B994202D0200000F0AEFA10BDC04626
:1072E0000068002068680020D068002010B5094BB5
:1072F000094A04211A6009480022FFF795FF01227C
:1073000009210748FFF790FF022212210548FFF7E5
:107310008BFF10BD386900209572010800680020BD
:1073200068680020D068002010B5024800F031F9EC
:1073300010BDC0464169002010B5024800F02AF98E
:1073400010BDC0464169002010B50400FFF7ECFFF6
:10735000236A002B02D0FFF7EFFF10BD044B23621E
:10736000044B1B68002BF6D1FFF7C0FFF3E7C046C4
:10737000B172010838690020F7B5140000260090AA
:107380000191A5686768013F04D52468002CF8D1F5
:107390003000FEBDAB89012B08D90E22AB5E013354
:1073A00004D029000098019B984706436835EAE716
:1073B00070B50C000E25495F00F086F8002803DB4D
:1073C000636D1B18636570BDA389024A1340A381D6
:1073D000F9E7C046FFEFFFFFF8B51F008B890500F6
:1073E0000C001600DB0505D50E23C95E0022022322
:1073F00000F056F8A389054A28001340A381320003
:107400000E23E15E3B0000F085F8F8BDFFEFFFFFC3
:1074100070B50C000E25495F00F042F8A389421CAC
:1074200003D1054A1340A38170BD8022520113434A
:10743000A3816065F8E7C046FFEFFFFF10B50E239C
:10744000C95E00F01BF810BD10B5884202D98B1838
:10745000984208D300239A4207D0CC5CC45401332D
:10746000F9E78B5C8354013AFBD210BD030082180C
:10747000934200D1704719700133F9E7002370B5CA
:10748000064D040008002B60F9F7C6FC431C03D12D
:107490002B68002B00D0236070BDC0463C690020E3
:1074A00070B50400080011001A000023054D2B6080
:1074B000F9F7BCFC431C03D12B68002B00D02360E0
:1074C00070BDC0463C69002070B504000800110082
:1074D0001A000023054D2B60F9F784FC431C03D1EF
:1074E0002B68002B00D0236070BDC0463C69002093
:1074F000002370B5064D040008002B60F9F798FCD6
:10750000431C03D12B68002B00D0236070BDC04604
:107510003C69002070B50400080011001A00002327
:10752000054D2B60F9F76BFC431C03D12B68002B36
:1075300000D0236070BDC0463C690020014B186834
:107540007047C0466402002070B500260C4C0D4DFB
:10755000641BA410A64209D1002601F0F3FA0A4CDC
:107560000A4D641BA410A64205D170BDB300EB58B0
:1075700098470136EEE7B300EB5898470136F2E73B
:10758000308E0108308E0108348E0108308E0108DB
:10759000704770477047002310B59A4200D110BD64
:1075A000CC5CC4540133F8E7F8B50D0017006B004C
:1075B000274A5B0D9A180E0004000100132A21DCF3
:1075C000002A07DA0022EE0FF3073A607B602900F9
:1075D0002000F8BD1F48104103002B40234305D174
:1075E000F60F3C607D601C00F507F0E78643002243
:1075F0003300200029003A607B60F3F7EFFB0400C2
:107600000D00E4E7332A15DD29003C607D6000F0C1
:107610004FF900280AD122002B0020002900F2F7A0
:10762000F7F804000D003C607D60D0E7EE0F002409
:10763000F507CCE70120084A40429B18D8400300D8
:1076400023402042CCD081432B000A00D1E7C04622
:1076500001FCFFFFFFFF0F00EDFBFFFF7FB51400F4
:107660001A00094B05001B680E00D868074B002C58
:1076700001D1074B1C000749019302942B0000968F
:1076800000F006F900F044F9640200204E8D010874
:10769000898D01085B8D010870B505000C1E10D0A6
:1076A000043C2368002B00DAE4182800FFF7ACFB49
:1076B0001D4A1368002B05D1636014602800FFF792
:1076C000ABFB70BDA34208D9206821188B42F3D1CF
:1076D00019685B6809182160EEE71A005B68002BE7
:1076E00001D0A342F9D911685018A0420BD12068EB
:1076F0000918501811608342E0D118685B6841187E
:1077000011605360DAE7A04202D90C232B60D5E761
:10771000206821188B4203D119685B680918216021
:1077200063605460CAE7C046FC670020F7B50C22CE
:107730008B5E05000C001A0756D44A68002A02DC4A
:107740000A6C002A4EDDE76A002F4BD00022802011
:107750002E682A601A004001216A0240034233D099
:10776000626DA3895B0706D56368D21A636B002B31
:1077700001D0236CD21A00232800E76A216AB84797
:10778000A289431C06D129681D2946D8294BCB4024
:10779000DB0742D50023636023692360D20405D54B
:1077A000431C02D12B68002B00D16065616B2E60F9
:1077B000002917D023004433994202D02800FFF754
:1077C0006BFF002363630DE001232800B84702002C
:1077D000431CC6D12B68002BC3D01D2B01D0162B08
:1077E0001AD12E6000201EE00E69002EFAD00F681C
:1077F0000E60BA1B019200229B0700D14A69A26069
:10780000019B002BEEDDA36A32001F002800019BC4
:10781000216AB847002807DCA289402301201343CE
:107820001BB2A3814042FEBD019B36181B1A019377
:10783000E6E7C046010040200B6970B505000C006A
:10784000002B02D10025280070BD002804D0036A57
:10785000002B01D1FFF778FD0C22A35E002BF1D0A5
:10786000626ED20704D49B0502D4A06DFFF791FE8F
:1078700028002100FFF75AFF636E0500DB07E2D402
:10788000A3899B05DFD4A06DFFF784FEDBE7000032
:107890000EB417B5054C05AB04CB0100206801936D
:1078A00000F064F81EBC08BC03B018476402002056
:1078B0000B0070B50400020001001C430220002CE4
:1078C00006D080200006834203D14B1E9941881CBC
:1078D00070BD0C48590049080B4C0E180420A642F4
:1078E000F6D9802401386403A342F1D380252D0604
:1078F0005D19A542ECD3054C0020A142E8D15042CD
:107900005041E5E70000F0FFFFFFDF7F0000F07F60
:10791000062010B500F08CFB0120F9F75DFA9368A2
:1079200010B5013B9360002B04DA9469A34207DB96
:107930000A2905D01368581C10601970080010BD82
:1079400000F0ACFA0100F9E7F8B506000F001400EA
:10795000D518AC4201D1002007E021783A00300070
:10796000FFF7DDFF0134431CF3D1F8BDF0B5A1B042
:107970000F0015001E000390002804D0036A002B9E
:1079800001D1FFF7E1FC7B6EDB0705D4BB899B05CA
:1079900002D4B86DFFF7FDFDBB891B0702D53B691B
:1079A000002B13D13900039800F0BAFA00280DD04B
:1079B0007B6EDB0703D50120404221B0F0BDBB89BF
:1079C0009B05F8D4B86DFFF7E5FDF4E7002308AC9C
:1079D0006361203363761033A37607962E003378E5
:1079E000002B01D0252B48D1731B0593AE420BD041
:1079F0002A0039000398FFF7A7FF013000D1AEE05D
:107A00006369059A9B1863613378002B00D1A6E067
:107A1000012200235242626004A954325218751C9C
:107A20002360E360A3601370A365594B052218001F
:107A30002978059300F01CFB6E1C00281FD12268DA
:107A4000D30604D5532304A95B182021197013070A
:107A500004D5532304A95B182B2119702B782A2BEA
:107A600016D02E0000210A20E3683278751C303AC7
:107A7000092A50D9002911D117E00136AFE7059B3B
:107A80002268C01A01238340134335002360CCE7EA
:107A9000079B191D1B680791002B01DB0B9304E06A
:107AA0005B42E36002231343236033782E2B0CD117
:107AB00073782A2B34D1079B02361A1D1B68079254
:107AC000002B01DA01235B420993324D0322280087
:107AD000317800F0CDFA002806D04023401B8340C7
:107AE0002268013613432360317806222A48751C28
:107AF000217600F0BDFA002840D0284B002B22D17F
:107B00000722079B07339343083307936369049A5B
:107B10009B18636162E743432E0001219B18A4E791
:107B200000230A201900013663603278751C303A50
:107B3000092A03D9002BC8D00991C6E741432E007A
:107B400001238918F1E707AA009221003A00144B9B
:107B5000039800E000BF0490049B0133D6D17B6EF4
:107B6000DB0705D4BB899B0502D4B86DFFF712FD76
:107B7000BB895B0600D51EE70D981EE707AA009299
:107B800021003A00064B039800F07CF8E3E7C0467A
:107B90008A8D0108908D0108948D01080000000075
:107BA00049790108F7B5160001938A680B690C0042
:107BB0000090934200DA13002200336043321278BF
:107BC000002A01D00133336023689B0602D5336855
:107BD000023333602268062315001D401A4227D065
:107BE000230043331B785A1E93412268920630D4F7
:107BF000220001990098089D4332A847013025D002
:107C00000622236800251340042B05D13368E5685C
:107C1000ED1AEB43DB171D40A3682269934201DD97
:107C20009B1AED180026B54220D1002010E0013546
:107C3000E36832689B1AAB42D2DD2200012301992E
:107C40000098089F1932B8470130F0D10120404216
:107C5000FEBD3020E1184331087021005A1C453127
:107C60000978A218433202331170C1E722000123C0
:107C700001990098089F1A32B8470130E6D00136C2
:107C8000D1E70000F0B58BB006920A0043320793AB
:107C9000059003920A7E0C00109B782A09D8622A6C
:107CA0000BD8002A00D1BAE07A490491582A00D1B1
:107CB0008EE0250042352A7022E010006338152836
:107CC000F7D8F0F729FA16001F00F6FFF6FFF6FFC7
:107CD000F6FF1F00F6FFF6FFF6FFF6FF9F003600E7
:107CE0007E00F6FFF6FFB000F6FF3600F6FFF6FF67
:107CF000820025001A684235111D196013682B7027
:107D000001239EE018680968021D0D060BD5066860
:107D10001A60002E03DA2D23039A764213705D4B0E
:107D20000A27049318E006681A604906F1D536B2AE
:107D3000EFE70868196840C9050602D4400600D577
:107D4000B6B21960534B0A2704936F2A00D1023F41
:107D50002300002243331A706368A360002B06DB04
:107D600004212268039D8A43226033430CD0039D83
:107D700030003900F0F760FA049B013D5B5C2B702A
:107D8000330006009F42F3D9082F09D12368DB078F
:107D900006D5626823699A4202DC3023013D2B70CC
:107DA000039B5B1B2361079B210000930598069BA7
:107DB00009AAFFF7F7FE013048D1012040420BB07D
:107DC000F0BD202209680A432260782232490491DA
:107DD000210045310A701968226840C9100602D492
:107DE000500600D5B6B21960D30702D5202313433D
:107DF0002360002E01D01027AAE720222368934396
:107E00002360F8E71A680D68101D49691860136847
:107E10002E0601D5196002E06D06FBD519800023FE
:107E2000039D2361BFE71A68111D196015680021C1
:107E30002800626800F01CF9002801D0401B606037
:107E4000636823610023039A1370ACE72A00236957
:107E500006990598079DA8470130AED023689B0777
:107E600015D4099BE0689842A9DA1800A7E7220018
:107E7000012306990598079E1932B04701309CD01E
:107E80000135E368099A9B1AAB42F0DCE9E700256B
:107E9000F7E7C0469B8D0108AC8D0108F8B50600D8
:107EA0000D001400002804D0036A002B01D1FFF755
:107EB0004BFAA369A360A3891B0702D52369002B92
:107EC00009D12100300000F02BF8002803D0012553
:107ED0006D422800F8BD23692068EFB2C01A6369BB
:107EE000EDB2834205DC21003000FFF7A5FC00283D
:107EF000EDD1A3680130013BA36023685A1C2260C6
:107F00001F706369834204D0A389DB07E1D50A2D82
:107F1000DFD121003000FFF78FFC0028D9D0D6E751
:107F20002D4B70B5050018680C00002804D0036ABA
:107F3000002B01D1FFF708FA0C22A35E1A0723D405
:107F4000DA0607D409222A60402201201343A381C4
:107F500040423AE05B0713D5616B002908D023004B
:107F60004433994202D02800FFF796FB0023636355
:107F70002422A3899343A3810023636023692360A0
:107F80000823A2891343A3812369002B0BD1A021CD
:107F90008022A389890092000B40934203D02100E4
:107FA000280000F09BF80C22A35E01211A000A4071
:107FB0000B420BD00022A26062695242A2610020F3
:107FC0002269824201D11A06BED470BD990700D43D
:107FD0006269A260F3E7C0466402002070B5040045
:107FE0000D001F2904D9162303600120404270BDF3
:107FF000C36B002B04D08A009B181A68002A08D192
:10800000200000F031F82A000100200000F01AF8EA
:10801000EDE7012A09D0511C03D11623036001208A
:10802000E5E700212800196090470020DFE7000005
:1080300010B5034B01001868FFF7D0FF10BDC04614
:1080400064020020002370B5064D040008001100F2
:108050002B60F8F7B9FE431C03D12B68002B00D02E
:10806000236070BD3C69002010B5F8F7ABFE10BD71
:10807000C9B28218904201D10020704703788B4228
:10808000FBD00130F6E7000070B50E001D000E2396
:10809000C95E140096B000290CDAB2898023110061
:1080A00019401A4214D18023DB000020296023608C
:1080B00016B070BD6A4600F053F80028EDDBF023DF
:1080C00001991B021940044BC9184B425941EAE778
:1080D00000214023E9E7C04600E0FFFFF0B502269B
:1080E0008B8905000C0085B0334207D0230047334D
:1080F000236023610123636105B0F0BD03AB02AAD5
:10810000FFF7C2FF029F019039002800FEF7FCFD37
:10811000002808D10C22A35E9A05EDD403229343D4
:108120001E43A681E2E78023A28920601343A38136
:10813000039B20616761002B0CD028000E23E15EB9
:1081400000F020F8002805D00323A2899A43023BBF
:108150001343A381A389019A1343A381CCE70000B1
:10816000002370B5064D0400080011002B60F8F7DD
:1081700056FE431C03D12B68002B00D0236070BD3A
:108180003C690020002370B5064D040008002B60F8
:10819000F8F74AFE431C03D12B68002B00D0236064
:1081A00070BDC0463C690020F8B504000D0000F029
:1081B00081F906000F002000290000F089F800284E
:1081C0000DD0200029000F4A0F4BF0F74FF900287F
:1081D00008D0FFF7B3F9222300260C4F03603000CC
:1081E0003900F8BD20002900094A0A4BF0F72AF9A6
:1081F0000028F4D0FFF7A2F922230026002703600D
:10820000EDE7C046EF39FAFE422E86400000F07FCF
:1082100051302DD5104987C0F8B504000D0000F08D
:10822000B1FA220006000F002B0020002900F3F70E
:10823000DFF9002815D10022002320002900F0F7E3
:1082400015F900280DD10022002320002900F0F7A5
:10825000F3F8002808D0FFF771F922230026074F12
:10826000036030003900F8BDFFF768F9212303608F
:10827000034800F035F806000F00F2E70000F0FFB9
:10828000898D0108F8B504000D0000F02FF82200D8
:1082900006000F002B0020002900F3F7A9F90028A1
:1082A00013D10022002320002900F0F7CBF800288A
:1082B0000BD0FFF743F921230022036000231000B5
:1082C0001900F1F76BFE06000F0030003900F8BD11
:1082D000024B48004008C018C00F704700001080D3
:1082E000002001497047C0460000F87FF0B50A0041
:1082F0000D006B4904000300080087B02840884245
:1083000011D122002B0020002900F2F781FA02008F
:108310000B0020002900F1F77BFA04000D0020007B
:10832000290007B0F0BD002D11DC69004908214388
:10833000F5D00020854210D022002B00200029001B
:10834000F2F74CFD02000B00F1F728FEE5E72815D7
:1083500015D180240021640307E0DA0A15385B0593
:10836000002AFAD0F5E7520001312242FBD04C1E20
:10837000001B20241D00641AE5408B402A43494914
:10838000120344188021120B49031143C00703D480
:10839000DA0F490051185B00002562104900802463
:1083A0000592DA0F5218162029005B00A4030E195B
:1083B000964202DC3119921B2D19DE0F5200013852
:1083C00092195B0064080028F1D120268027040060
:1083D00004963F063E18B4468A4202DC14D19E42FF
:1083E00012D860466646C0190091002E03DAC643D3
:1083F000F60F8E190096521A634589414942521A66
:1084000061465B1A0099E419DE0F52009219049E2E
:108410005B00013E7F080496002EDBD11A431FD07B
:10842000214E224F306871683A687B680092019350
:108430003268736802920393009A019BF2F7CEFCB4
:1084400002000B0002980399F0F706F8002807D005
:10845000306871683A687B68671C0CD1049C0135F0
:10846000134A6B109B18059AED0764081205254303
:108470002800D11851E7F1F7CBF977683668020088
:108480000B0030003900EFF7DDFF002804D0023484
:1084900063426341ED18E3E7012301349C43DFE7C6
:1084A0000000F07F01FCFFFFF08D0108E88D01085E
:1084B0000000E03FF0B54B000F00CC0F91490600E3
:1084C00089B05B088B422ED98F498B4211D93B036F
:1084D0001B0B034306D002003B0030003900F1F7CC
:1084E00097F910E0002C00D009E13000390009B004
:1084F000F0BD3900854A864BEFF7B8FF051E05D061
:10850000002000F017FB06000F00EEE730003900F6
:10851000804A814BEFF796FF002800D17DE02800CC
:1085200000F001FBEFE77D4A934200D89EE07C4AD1
:10853000934272D87B4BE5005B191A685B6839007F
:10854000F2F74CFC784B029003915B191A685B6858
:1085500004920593012363401B1B0193049A059B1E
:1085600002980399F2F73AFC06000F0032003B0034
:1085700030003900F2F74CF904000D006B4A6C4BE7
:10858000F2F746F96B4A6C4BF2F728FC22002B00FD
:10859000F2F73EF9694A6A4BF1F73AF922002B00EB
:1085A000F2F736F9674A684BF2F718FC22002B0005
:1085B000F2F72EF9654A664BF1F72AF922002B00F3
:1085C000F2F726F902000B0030003900F2F706FC42
:1085D0000B00020004000D0030003900F2F718F91A
:1085E000019B06900791002B56D18023002220008A
:1085F0002900DB05F2F7F2FB02000B000698079951
:10860000F1F7CCFC32003B00F2F7E8FB02000B0074
:1086100000205049F2F7E2FB75E74F4BE4001C19CC
:108620004E4A4F4B30003900F2F7F2F82268636887
:10863000F1F7EEF8F2F7FEFF0190F3F737F8494A49
:10864000494B04000D00F2F7E3F802000B00300084
:108650003900F2F7C3FB454A02900391444B2000D6
:108660002900F2F7D5F80490059177E7414A934243
:108670000DD8414A414B3900F1F7CAF80022354B79
:10868000EFF7F4FE002805D00022324B25E7002347
:1086900001936BE7019069E780212B002200002005
:1086A000C905F2F79BFB02000B0006980799F1F74A
:1086B00075FC02000B0004980599F2F78FFB029AF3
:1086C000039BF2F78BFB02000B0000202149F2F71D
:1086D00085FB2B4B019A0D009A4203DB1105060026
:1086E0004F1902E7FA2292009446019B002263444C
:1086F0001B055918B8235B04F2F78AF803E7002634
:108700000027F2E6412E8640FFFFEF7FEF39FAFEA9
:10871000422E864051302DD5104987C0422ED63F7B
:10872000B1A2F03F088E0108F88D0108D0A4BE72F6
:108730006937663EF16BD2C541BDBB3E2CDE25AF2D
:108740006A56113F93BDBE166CC1663F3E555555E6
:108750005555C53F0000F03F188E0108FE822B657D
:108760004715F73F0000E0FE422EE63F763C7935A4
:10877000EF39EA3DFFFFEF3D9C7500883CE4377E12
:1087800003FCFFFF8023F0B55B030E008DB0994220
:1087900023DA4B005B08034307D1002200230020AB
:1087A000B449F1F7FBFB0DB0F0BD002906DA020079
:1087B0000B00F2F713FB00220023F2E7AE4B00227E
:1087C000F2F726F836230E005B42AC4A964206DDED
:1087D00002000B00F1F71CF8E5E70023F5E7A84CD1
:1087E000321512193603A74CD218330B02931B19FA
:1087F000802464032340A44C029D5C401B159B18FD
:1088000025430022009329009F4BF2F7E7FA029BD1
:10881000060002331B030F0000221B0B022B64DC3B
:108820000023EFF709FE002819D0009B002B00D190
:108830001CE11800F2F73AFF944A954B04000D0032
:10884000F1F7E6FF934A06000F00934B2000290042
:10885000F1F7DEFF02000B0030003900BAE78F4A63
:108860008F4B30003900F1F7D3FF02000B000020DE
:108870008C49F2F7B3FA320004000D003B003000DF
:108880003900F1F7C5FF0B00020029002000F1F7C5
:10889000BFFF009B02900391002B06D102000B004A
:1088A00030003900F2F79AFA7DE70098F2F7FEFE01
:1088B000764A774B04000D00F1F7AAFF754A009045
:1088C0000191754B20002900F1F7A2FF02000B0077
:1088D00002980399F2F782FA32003B00F2F77EFA2F
:1088E00002000B0000980199DCE78023DB05F0F71C
:1088F0008FFF02000B0030003900F1F74FFB0490AE
:1089000005910098F2F7D2FE049A059B0690079114
:1089100010001900F1F77CFF634A029B9446634400
:1089200002000B930B0008900991F1F771FF04000E
:108930000D005E4A5E4BF1F76BFF5E4A5E4BF0F74F
:1089400067FF22002B00F1F763FF5C4A5C4BF0F7F6
:108950005FFF22002B00F1F75BFF5A4A5A4BF0F7FA
:1089600057FF089A099BF1F753FF584A089009915D
:10897000574B20002900F1F74BFF564A564BF0F7B2
:1089800047FF22002B00F1F743FF544A544BF0F706
:108990003FFF22002B00F1F73BFF02000B0008987D
:1089A0000999F0F735FF029A4E4B04009B1A0B9A77
:1089B0000D001343002B34DD00223A4B3000390008
:1089C000F1F726FF32003B00F1F722FF02000B0017
:1089D0000290039120002900F0F71AFF049A059BEA
:1089E000F1F716FF009B04000D00002B06D10200DA
:1089F0000B0002980399F2F7F1F94FE7234A244B51
:108A000006980799F1F704FF224A00900191069811
:108A10000799214BF1F7FCFE22002B00F0F7F8FE3E
:108A200054E702000B0030003900F2F7D7F9049A3E
:108A3000059BF1F7EDFE009B04000D00002B02D119
:108A400002000B002CE7114A114B06980799F1F729
:108A5000DFFE104A00900191069807990E4BF1F73E
:108A6000D7FE02000B002000290033E70020002180
:108A700099E6C046000050C300005043FFFFEF7F5F
:108A800001FCFFFF645F09000000F03F0000E0FE12
:108A9000422EE63F763C7935EF39EA3D555555553E
:108AA0005555D53F0000E03F86EBF9FF44523EDFCD
:108AB00012F1C23FDE03CB966446C73F599322941E
:108AC0002449D23F935555555555E53F9FC678D01B
:108AD000099AC33FAF788E1DC571CC3F04FA9799B0
:108AE0009999D93F51B8060070B50D0016000400E1
:108AF000FEF724FD29000660200070BD37B5140084
:108B00001D00002802D0802109065B180092019305
:108B1000009A019B20002900F1F77AFE2222FFF73C
:108B2000E3FF03B030BD802310B500225B05FFF7E3
:108B3000E5FF10BDE02310B50022DB05FFF7DEFFE7
:108B400010BD0000F8B5C046F8BC08BC9E46704792
:0C8B5000F8B5C046F8BC08BC9E46704753
:108B6000A089B0E1E995B23FECC039234A7BC33F0D
:108B70000A68226C787ACD3FB81E85EB51B8DE3F8B
:108B8000000000000000F03F0F9C33A2B437F93F13
:108B90008A1F63EE5A420140A54E401361430640CE
:108BA000EF38454772790940000000003F8000001F
:108BB00000000000228D00084E8C0008388C000850
:108BC000B48C0008388C0008E88C0008388C000849
:108BD000B48C00084E8C00084E8C0008E88C00080D
:108BE000B48C0008248C0008248C0008248C000815
:108BF000F28C00084E8C00084E8C0008388C00085F
:108C00008E8D0008388C0008E88C0008388C00082D
:108C10008E8D00084E8C00084E8C0008E88C0008F1
:108C20008E8D0008248C0008248C0008248C0008F9
:108C3000D0A100088EA000086CA0000858A0000871
:108C40006CA0000872A100086CA0000858A00008E1
:108C50008EA000088EA0000872A1000858A000088D
:108C600050A0000850A0000850A0000894A10008DF
:108C700000000000000000000000000000000000F4
:108C800001000000020000000300000004000000DA
:108C900000000000000000000000000000000000D4
:108CA00000000000000000000000000000000000C4
:108CB00001000000020000000300000004000000AA
:108CC0000600000007000000080000000900000086
:108CD00053544D5F31302E31302E323243520052D8
:108CE00045454E54206D616C6C6F632073756363F2
:108CF0006565646564002F6275696C642F676E75C5
:108D00002D746F6F6C732D666F722D73746D3332AB
:108D10005F31332E332E72656C312E323032343067
:108D20003932362D313731352F7372632F6E6577B7
:108D30006C69622F6E65776C69622F6C6962632F54
:108D40007374646C69622F72616E642E63002C20F0
:108D500066756E6374696F6E3A2000617373657235
:108D600074696F6E2022257322206661696C6564C8
:108D70003A2066696C6520222573222C206C696E6E
:108D800065202564257325730A00232D302B2000D0
:108D9000686C4C00656667454647003031323334B5
:108DA0003536373839414243444546003031323355
:108DB0003435363738396162636465660000010016
:108DC00002000400060008000A000C001000200049
:108DD00040008000000108040204080101010101B3
:108DE000010307010000000059F3F8C21F6EA5013E
:108DF000000000000000F03F763C7935EF39EA3D95
:108E0000763C7935EF39EABD0000E0FE422EE63FC0
:108E10000000E0FE422EE6BF000000000000E03F40
:088E2000000000000000E0BFAB
:088E2800E8F7FE7F01000000E5
:048E3000E5800008D1
:048E3400BD800008F5
:108E38000000000000002E400000000000002E404E
:108E48000E2DB29DEFFF58400000000000002E409C
:108E58000000000000002E40210000000900000072
:108E68000100000000040050200000000004005031
:108E78001000000000080050001000000000005022
:108E8800000800000004005008000000000C00501A
:108E980004000000000800500020000000080050F6
:108EA8000008000000080050000200000008005000
:108EB80000040000000800500001000000040050F9
:108EC80004000000000C00500100000000000050E9
:108ED800040000000000005008000000000C0050D2
:108EE80000010000000C005000020000000C0050BF
:108EF80040000000000C005020000000000400505A
:108F080000800000000400500040000000040050F1
:108F18000020000000040050001000000004005071
:108F28000008000000040050000400000004005085
:108F3800000200000004005000010000000800507A
:108F480080000000000800504000000000080050A9
:108F58002000000000080050100000000008005029
:108F6800080000000008005004000000000800503D
:108F7800020000000008005001000000010100008C
:108F88000024F400000000000F00000008000000AA
:108F98000000000000003E400000000000406F405C
:108FA80000000000000000400000000000C09240E7
:108FB80000000000000089400100000000010000DE
:108FC8000100000000000000000000000000000098
:108FD8000F000000070000000000000000004E40E5
:108FE8000000000000005440000000000000F03FB6
:108FF8000000000000F891400000000000E08540FB
:109008000100000000010000010000000000000055
:109018000000000000000000010101000200000043
:109028000101000000000000000000000000000036
:109038000000000000C092400000000000488C4082
:109048000900000009000000010000000F000000F6
:1090580000000000007077400000000000D086404B
:1090680000000000000059400000000000005940C6
:109078000000000000D08640010000000100000050
:10908800010B0100040000000000000003000000C4
:10909800006800206802002000000000006800202E
:1090A80068680020D0680020000000000000000070
:1090B80000000000000000000000000000000000A8
:1090C8000000000000000000000000000000000098
:1090D8000000000000000000000000000000000088
:0490E8000000000084
:040000050801496D38
:00000001FF
