:020000040800F2
:1080000000900020194501080D0501080F05010821
:108010000000000000000000000000000000000060
:108020000000000000000000000000001105010831
:1080300000000000000000001305010815050108FC
:108040006945010869450108694501086945010854
:108050006945010869450108694501086945010844
:10806000694501081D0501086945010869450108C0
:108070006945010869450108694501086945010824
:10808000694501082D0501083D0501084D05010858
:10809000694501085D0501086D050108694501088C
:1080A0006945010869450108694501087D05010820
:0C80B0006945010869450108694501089F
:1080BC0010B5064C2378002B07D1054B002B02D0B2
:1080CC00044800E000BF0123237010BDB002002063
:1080DC0000000000F0860108044B10B5002B03D003
:1080EC000349044800E000BF10BDC046000000007A
:1080FC00B4020020F086010802B471464908490018
:10810C00095C49008E4402BC7047C04603B47146FA
:10811C00490840004900095E49008E4403BC704781
:10812C00002243088B4274D303098B425FD3030AAA
:10813C008B4244D3030B8B4228D3030C8B420DD3BD
:10814C00FF22090212BA030C8B4202D3121209024B
:10815C0065D0030B8B4219D300E0090AC30B8B4289
:10816C0001D3CB03C01A5241830B8B4201D38B0337
:10817C00C01A5241430B8B4201D34B03C01A5241DC
:10818C00030B8B4201D30B03C01A5241C30A8B421F
:10819C0001D3CB02C01A5241830A8B4201D38B020A
:1081AC00C01A5241430A8B4201D34B02C01A5241AE
:1081BC00030A8B4201D30B02C01A5241CDD2C30920
:1081CC008B4201D3CB01C01A524183098B4201D39C
:1081DC008B01C01A524143098B4201D34B01C01A87
:1081EC00524103098B4201D30B01C01A5241C308FF
:1081FC008B4201D3CB00C01A524183088B4201D36E
:10820C008B00C01A524143088B4201D34B00C01A59
:10821C005241411A00D20146524110467047FFE7C5
:10822C0001B5002000F0F0F802BDC0460029F7D0DF
:10823C0076E7704703460B437FD4002243088B42FA
:10824C0074D303098B425FD3030A8B4244D3030BD1
:10825C008B4228D3030C8B420DD3FF22090212BA96
:10826C00030C8B4202D31212090265D0030B8B4212
:10827C0019D300E0090AC30B8B4201D3CB03C01AFC
:10828C005241830B8B4201D38B03C01A5241430BD7
:10829C008B4201D34B03C01A5241030B8B4201D3C7
:1082AC000B03C01A5241C30A8B4201D3CB02C01A32
:1082BC005241830A8B4201D38B02C01A5241430AAA
:1082CC008B4201D34B02C01A5241030A8B4201D399
:1082DC000B02C01A5241CDD2C3098B4201D3CB0140
:1082EC00C01A524183098B4201D38B01C01A5241EF
:1082FC0043098B4201D34B01C01A524103098B42F3
:10830C0001D30B01C01A5241C3088B4201D3CB00DD
:10831C00C01A524183088B4201D38B00C01A5241C0
:10832C0043088B4201D34B00C01A5241411A00D270
:10833C0001465241104670475DE0CA0F00D04942D9
:10834C00031000D34042534000229C4603098B4249
:10835C002DD3030A8B4212D3FC22890112BA030AD1
:10836C008B420CD3890192118B4208D38901921153
:10837C008B4204D389013AD0921100E08909C309D8
:10838C008B4201D3CB01C01A524183098B4201D3DA
:10839C008B01C01A524143098B4201D34B01C01AC5
:1083AC00524103098B4201D30B01C01A5241C3083D
:1083BC008B4201D3CB00C01A524183088B4201D3AC
:1083CC008B00C01A5241D9D243088B4201D34B00C7
:1083DC00C01A5241411A00D20146634652415B1009
:1083EC00104601D34042002B00D5494270476346EA
:1083FC005B1000D3404201B5002000F005F802BD2F
:10840C000029F8D016E770477047C0468446100024
:10841C0062468C461900634600E0C0461FB502F068
:10842C0083F9002801D40021C8421FBD10B502F009
:10843C00C7F84042013010BD10B502F075F90028A4
:10844C0001DB002010BD012010BDC04610B502F0AC
:10845C006BF9002801DD002010BD012010BDC046C5
:10846C0010B502F0F1F8002801DC002010BD01204D
:10847C0010BDC04610B502F0E7F8002801DA002064
:10848C0010BD012010BDC046844608006146FFE7C0
:10849C001FB500F0FBFC002801D40021C8421FBD11
:1084AC0010B500F083FC4042013010BD10B500F057
:1084BC00EDFC002801DB002010BD012010BDC046E2
:1084CC0010B500F0E3FC002801DD002010BD0120F8
:1084DC0010BDC04610B500F091FC002801DC002056
:1084EC0010BD012010BDC04610B500F087FC00285F
:1084FC0001DA002010BD012010BDC046002B11D1A7
:10850C00002A0FD1002900D1002802D00021C94334
:10851C00080007B4024802A14018029003BDC046EF
:10852C00E9FEFFFF03B4684601B5029800F06AF853
:10853C00019B9E4602B00CBC7047C046F0B5CE46BF
:10854C009946030C9C46130447461B0C1D000E0059
:10855C0061460404240C80B50700100C4B436543A2
:10856C00414360432C0CC01824188C46A34203D9F9
:10857C0080235B029846C444494679435643230CF6
:10858C002D042D0C8919634424046019C918C0BC2E
:10859C00B946B046F0BDC0469E2110B5C905041CB5
:1085AC00FFF7A2FF002803D1201C01F075F810BDC5
:1085BC009E21201CC90500F00BFE01F06DF88023F4
:1085CC001B069C466044F2E770B500220C4B04007D
:1085DC000D00FFF74FFF002804D12000290003F005
:1085EC0023F870BD064B00222000290002F0F0FB9E
:1085FC0003F01AF880231B069C466044F1E7C04642
:10860C000000E041F0B557464E464546DE46E0B523
:10861C0004000D009246994683B08B4230D82DD081
:10862C004946504603F076F929000600200003F075
:10863C0071F9331A9846203B34D49B4653465A461C
:10864C00934042461F00534693401E00AF423BD816
:10865C00AF4200D179E05B46A41BBD41002B00DA90
:10866C0076E0002200230092019301235A469340A6
:10867C000193012342469340009329E08242CFD9D3
:10868C0000220023009201930C9B002B01D01C6054
:10869C005D600098019903B0F0BCBB46B246A94698
:1086AC00A046F0BD42469B4620239B1A5246DA4018
:1086BC00414613004A468A40170042461F43534620
:1086CC0093401E00AF42C3D90022002300920193B5
:1086DC004346002BD8D0FB0772081A4346467B084A
:1086EC000EE0AB4201D1A2420CD8A41A9D4101204C
:1086FC0024196D410021013E24184D41002E06D055
:10870C00AB42EED9013E24196D41002EF8D10098F0
:10871C0001995B4600196941002B24DB2B005A465A
:10872C004446D3402A00E2401C005B461500002B57
:10873C002ADB26009E40330026004746BE4032000E
:10874C00801A9941009001919EE7A342BCD882E720
:10875C004246202300219B1A002200910192012203
:10876C00DA40019285E7424620239B1A2A004646AE
:10877C009A402300F340444613432A00E2401C0075
:10878C005B461500002BD4DA42462F00202326002E
:10879C0097409B1ADE403B003343CDE7F8B54B02C4
:1087AC005A0A94464A00C90FCE46474689464500A8
:1087BC0046022D0E120E80B59909770AC40FB60920
:1087CC00AB1A4C4520D0002B0CDD002A34D10029EB
:1087DC002AD05A1E012B00D18FE0FF2B00D1CDE007
:1087EC0013002FE0002B60D0531B002D00D0EEE0C7
:1087FC00002E00D13EE15C1E012B00D16BE1FF2B62
:10880C0000D1B9E02300E7E0002B00DCA4E0002A53
:10881C0069D0FF2D00D1B1E08022D20411431B2B73
:10882C0000DCE9E02B000536F708FF2B00D1A5E0B2
:10883C007A02520AD8B230E0FF2D00D19EE080229D
:10884C00D204114301201B2B08DC08002022D84045
:10885C00D31A99400B005A1E93411843361A7301D0
:10886C0000D471E0B601B709380003F035F83B00CD
:10887C000538834085424DDDB44E2D1A1E405A07F3
:10888C0068D00F221340042B64D00436730161D5D9
:10889C00681CFE2D54D1FF200022C0051043E407B4
:1088AC002043C0BCB946B046F8BDFE229046681CB9
:1088BC000200404610426BD1002D00D0DDE0002EAE
:1088CC0000D102E10029B3D08022771AD2041742DA
:1088DC0000D136E14C468E1B61D00120164230D1BE
:1088EC000023F708A4E700299ED05A1E012B00D1C3
:1088FC00CAE0FF2B42D0130091E7711A4B0100D450
:10890C00D1E08F01BF09380002F0E6FF3B000538CB
:10891C00834001252022401B0130121A1E00934077
:10892C00C6405A1E93411E4339D0730700D11BE138
:10893C000F2300253340042BA7D1012072017CD5D5
:10894C00C0B2B201520AA8E7730703D00F23334019
:10895C00042B9AD12B0067E7002B23D0531B002D3F
:10896C007BD1002E00D186E05D1E012B00D18BE067
:10897C00FF2B02D02B0075E04C466746002F00D130
:10898C0089E78022D2033A435202FF20520A84E73D
:10899C00771A7B016BD4002F00D065E700240020F0
:1089AC0000227AE7FE226B1C1A4249D1002D00D01E
:1089BC009FE0002E00D1BAE0002900D1CFE0721860
:1089CC00530100D4CDE092010120520A65E7FF2A41
:1089DC00D2D08020C004064301201B2B08DC3000C1
:1089EC002024D840E31A9E4033005C1EA341184358
:1089FC004C4615000E1A32E708002022D840D31A34
:108A0C0099400B005A1E93410343F61873019BD5F2
:108A1C000135FF2D00D13EE701234D49720833404B
:108A2C000A401A431600530704D00F231340042B9B
:108A3C0000D02AE7730100D52AE72B00F708F7E6E8
:108A4C00FF2B00D127E7711849084A072FD00F22B6
:108A5C000A40042A2BD00E1DE6E6FF2A8DD080207A
:108A6C00C00406431B2B24DD13004E1DDCE64C46D4
:108A7C008F1BF9E64C460E00D6E6002E49D1002994
:108A8C0068D067464C467CE77018430174D5304972
:108A9C0040080140430709D00F230340042B05D0A5
:108AAC0002230E1DC0E60123CF08C1E60223CF0826
:108ABC00BEE620253000D840EB1A9E4033005D1EE8
:108ACC00AB41034315005E18A0E7002900D165E710
:108ADC004C466746ACE68F1B7B012ED5BF01BF0908
:108AEC00380002F0F9FE3B00053883404C46013556
:108AFC0010E7002E00D140E7002900D141E7802388
:108B0C00DB039F4200D23CE79C4500D339E7674624
:108B1C0037E7002900D134E78023DB039F4200D2E2
:108B2C002FE79C4500D32CE74C46674629E70029E4
:108B3C0000D134E70023CF087AE64C460123FF0826
:108B4C0076E6002F00D129E7FF0871E6FFFFFFFB57
:108B5C00FFFFFF7D80220024FF20D2039DE600232F
:108B6C0066E60023D70863E60120720100D5E7E62C
:108B7C0031000023CF085BE60123C70858E6C04646
:108B8C00F0B546464F46D6464502C0B5C30F470022
:108B9C0098460E1C6D0A3F0E5BD0FF2F21D0802310
:108BAC00ED00DB041D43002399469A467F3F740277
:108BBC007300640A1B0EF60F002B20D0FF2B43D042
:108BCC0080220020E400D20414437F3B4246FF1A6B
:108BDC004B4672400F2B00D99DE071499B00CB583E
:108BEC009F46002D5AD108239946063B74029A469B
:108BFC007300FF27640A1B0EF60F002BDED1002C2E
:108C0C003BD1012342464946724019430E2918D8DC
:108C1C006448890041588F465346022B00D1B8E076
:108C2C00032B6ED042462C00012B40D10020002497
:108C3C00C0052043D2071043E0BCBA46B146A84653
:108C4C00F0BDFF200024F3E7002C20D10223FF3FCE
:108C5C00D8E7002D05D104239946033B00279A46FB
:108C6C00A5E7280002F038FE7627431F9D4000231D
:108C7C007F4299469A463F1A99E7200002F02CFE53
:108C8C00431F9C4076235B421B1A00209EE7032364
:108C9C004A461A4391460320FC3397E70C23994626
:108CAC00093BFF279A4682E703282CD03200380074
:108CBC007F30002847DD630704D00F232340042BAB
:108CCC0000D00434230103D53800374B80301C40CE
:108CDC00FE28B6DCA401640AC0B2A9E780240022F5
:108CEC00FF20E403A4E78023DB031D4201D01C42D8
:108CFC000BD08024E4032C4364024246FF20640A18
:108D0C0096E746462C008023DB031C4364023200AA
:108D1C00FF20640A8CE76D01600185422DD21B2374
:108D2C000024013F0126290064006D00002901DBAD
:108D3C00854201D32D1A3443013B002BF3D16B1E1A
:108D4C009D412C43B3E701231B1A1B2B00DD6DE760
:108D5C0021009E37D940BC400B00611E8C4123433F
:108D6C00590704D00F211940042900D004335901AC
:108D7C0013D49B0100205C0A5AE71A2301242D1AF4
:108D8C00D0E7981E43425841404232000024C0B202
:108D9C004EE74246FF2000244AE70120002447E723
:108DAC005C8701089C870108FFFFFFF770B5420044
:108DBC004E024C0045026D0A120EC30F760A240EA9
:108DCC00C90FFF2A10D0FF2C0CD00120A2420AD1CF
:108DDC00B54208D18B420FD0002A04D12800431E83
:108DEC00984100E0012070BD0120FF2CFBD13543E0
:108DFC00F9D14B401800F6E70020F4E730B54200FB
:108E0C0044024D02C30F4800640A120E6D0A000E94
:108E1C00C90FFF2A18D0FF280AD0002A1ED100281B
:108E2C000AD1002D29D0002C2DD14800013830BD9D
:108E3C00002D25D1002A01D1002CF6D08B4219D05F
:108E4C0001205B421843F2E7002C19D1FF28F7D11F
:108E5C00002D15D100208B42F2D1E8E70028EFD08D
:108E6C008B42EDD18242EBDC04DBAC42E8D8002033
:108E7C00AC42DCD258000138D9E7002CD7D0DFE760
:108E8C0002204042D3E78B42DAD1EEE730B5420004
:108E9C0044024D02C30F4800640A120E6D0A000E04
:108EAC00C90FFF2A17D0FF280AD0002A1BD100288F
:108EBC000AD1002D1DD0002C2DD14800013811E015
:108ECC00002D0ED1002A01D1002CF6D08B420CD1F2
:108EDC005800013806E0002C03D1FF2805D1002DE5
:108EEC0015D0022030BD002806D101205B4218436A
:108EFC00F8E7002CF6D0F8E78B42F6D18242F4DC8E
:108F0C00E6DBAC42F1D80020AC42EBD2E0E700202B
:108F1C008B42EAD1E6E78B42E7D1F2E7F0B54F4658
:108F2C004646D6464400C0B546020F1C760A240EAF
:108F3C00C50F002C00D1DAE0FF2C74D08023F60092
:108F4C00DB041E43002399469A467F3C7B025B0A56
:108F5C0098467B001B0EFF0F002B74D0FF2B00D10B
:108F6C008EE042468021D200C90411437F3B2A0087
:108F7C00E4184B467A408846D2B20A2B75DC4B4635
:108F8C000020022B0FDD494601238B40A621C9008E
:108F9C000B4269D1902189000B4200D000E188215D
:108FAC00194200D0F5E041460904090C434608007B
:108FBC00350C36041B0C360C704369435E435D4321
:108FCC007618030C9B19994203D9802149028C46CF
:108FDC00654400041904000C09188E01701E8641AA
:108FEC001B0C890E5B190E439B011E431B016CD499
:108FFC0023007F33002B00DCB1E0150071070BD090
:10900C000F2021003040042806D00436320103D54D
:10901C006E4B1E400B008033FE2B00DDBDE0B20119
:10902C00520ADBB248E0002E00D092E008239946A9
:10903C00063B9A467B025B0A98467B00FF241B0E7C
:10904C00FF0F002B8AD14246002A64D149460132D7
:10905C00114389460A2908DC7D400120EAB2022925
:10906C0091DC1500002227E015005346022B00D19D
:10907C0093E0032B1AD0012B2CD1002300221BE0F0
:10908C004346FF34002B55D003214B460B431900AC
:10909C000A2B00DC92E00F2B00D08CE08022D20354
:1090AC00164203D04346134200D17DE08022D20306
:1090BC0032435202520AFF23D805ED0710432843CE
:1090CC00E0BCBA46B146A846F0BD012315007108B4
:1090DC001E400E4323008033611C002B41DD7207C0
:1090EC0094D00F223240042A00D08EE78EE7002E57
:1090FC0005D104239946033B00249A4626E7300009
:10910C0002F0EAFB7624431F9E40002364429946FA
:10911C009A46241A1AE7404602F0DEFB4B46241A04
:10912C00763C0A2BA1DC4346053883407D409846AB
:10913C00EAB224E74A46023313432A007A40D2B2F9
:10914C000A2B92DC49461500002926D099460220AC
:10915C0019E70C239946093BFF249A46F6E61500BD
:10916C0021000122D31A1B2B00DD86E79E31320031
:10917C008E40DA40731E9E413243530704D00F23B6
:10918C001340042B00D00432530110D501230022CC
:10919C0092E73D004646824667E7FF2300228BE7B5
:1091AC0080220025D20386E73D001A4383E7920113
:1091BC000023520A80E73D00464677E72A00012348
:1091CC007A408B400320D2B2E9E6C046FFFFFFF79E
:1091DC00F8B54746CE46430280B55F0A9B09450069
:1091EC004A009C464B02C40FCE0F2D0E580A120E8D
:1091FC009909FF2A6BD001235E40AB1AB4424BD0C5
:10920C00002B00DCFFE0002A00D188E0FF2D00D10C
:10921C00EFE08022D204114301201B2B08DC080054
:10922C002022D840D31A99400B005A1E9341184360
:10923C0063461B1A9C4663465B0100D4CDE0634633
:10924C009F01BF09380002F047FB3B000538834003
:10925C00854200DCA2E0B74A2D1A1A4094465A0700
:10926C0000D1C3E00F221340042B00D1BEE0042335
:10927C009846C44463465B0100D4B7E0681CFE2DDD
:10928C0000D0A5E0FF200022C0051043E4072043D6
:10929C00C0BCB946B046F8BD002B00DCEBE1002A9F
:1092AC0046D0FF2D00D1A4E08022D20411431B2B09
:1092BC0000DCFBE0052398462B00C4446246D7082B
:1092CC00FF2B00D195E07A02520AD8B2DCE72B00D2
:1092DC00FF3B9946002918D101235E40B44200D1CE
:1092EC00CAE04B46002B2DD0002D00D03CE1FF23D3
:1092FC006446002C00D15FE15D1E012B00D174E1AE
:10930C003400FF2B74D02B0003E1B44200D19CE05D
:10931C00002B17D0002DEAD0070034006CE0002998
:10932C00CCD05A1E012B2BD0FF2B62D0130073E72D
:10933C000029C3D05A1E012B00D11EE1FF2B58D09F
:10934C001300B4E7FE226B1C1A420DD1002D60D025
:10935C006346002B00D020E1002900D028E18022B8
:10936C000024FF20D2038FE763465F1A7B0100D5F0
:10937C00FEE0002F00D065E700240020002283E7E8
:10938C006346591A4B0100D419E18F01BF0938000B
:10939C0002F0A2FA3B000538834001252022401B35
:1093AC000130121A19009340C1405A1E93411943BF
:1093BC008C460B1EE1D05B0700D152E10F23002538
:1093CC000B40042B00D052E701204A0100D492E05C
:1093DC00C0B263469A01520A56E763465B0705D052
:1093EC000F2362461340042B00D040E72B0065E7A7
:1093FC000700002F00D145E78022D2033A435202E6
:10940C00FF20520A40E7002B79D1FE226B1C1A4236
:10941C00AAD16346002B00D1F5E0002900D1D1E0A0
:10942C005F1A8023DB041F4200D10EE16246012447
:10943C008A1A944600203440002A00D124E70120E7
:10944C001A42C6D10023D7083DE7002B17D0002DB8
:10945C0000D0AFE0FF236546002D00D1ADE05E1ECD
:10946C00012B00D189E0FF2BC2D01B2E00DCABE01E
:10947C004B1D9C46130021E74B46002B70D1FE225E
:10948C006B1C1A425ED1002D00D0C3E06346002B4A
:10949C0000D1D0E0002900D194E00A0062445301CD
:1094AC0000D4D8E092010120520AEDE608002022F7
:1094BC00D840D31A99400B005A1E934103439C4445
:1094CC0063465B0189D50135FF2D00D1DAE6624692
:1094DC0001231949134052080A401A4313009446B9
:1094EC005B0704D00F231340042B00D0BFE6634668
:1094FC005B0100D5C2E66346DF082B00E3E6531B95
:10950C00002D00D1F4E680206446C0040443A44638
:10951C00340001201B2B09DC20256046D840EB1AB7
:10952C0065469D402B005D1EAB4118430B1A9C46B3
:10953C00150080E6FFFFFFFBFFFFFF7DFE226B1C8B
:10954C001342A3D0FF2B00D19CE6614449084A0783
:10955C0049D00F220A40042A45D00A1D9446ADE694
:10956C00002D00D176E78DE63400FF2000228BE63B
:10957C0063460124CF1A344064E661444B016DD537
:10958C0048084449014043072CD00F230340042BC7
:10959C0028D00B1D9C46022390E6002900D12BE716
:1095AC008023DB039F4200D226E7984200D323E7B7
:1095BC000124344007001FE734008C467EE601236B
:1095CC00CF0880E600237EE620206546801B854080
:1095DC0063462800F340451EA84103439C461500F2
:1095EC008C446DE70223CF086DE60F1B7B0128D559
:1095FC00BF01BF09380002F06FF93B00053883400A
:10960C0034000125CAE6002900D1B5E60124070083
:10961C00344058E66346002B00D1E9E6002900D11E
:10962C00EAE68023DB039F4200D2E5E6984200D3B2
:10963C00E2E60700E0E6002900D19EE60023CF0811
:10964C0041E634000123FF083DE6002F00D193E6EC
:10965C000023FF0837E60023D70834E60123CF08A0
:10966C0031E680220B00D20401201340114200D0BD
:10967C00AEE6CF0827E6002B00D15FE7561B002D86
:10968C0001D13300E7E680236046DB0418438446AF
:10969C00EBE6C046FFFFFF7D41024200C30F490AC3
:1096AC000020120E7E2A03DD9D2A02DD094A98183D
:1096BC007047802000040143952A07DC9620821A0B
:1096CC00D1404842002BF3D10800F1E7963A914083
:1096DC00F7E7C046FFFFFF7F70B5002812D0C31715
:1096EC00C5185D40C40F280002F0F6F89E231B1A23
:1096FC00962B0FDC082838D0083885406D026D0A8F
:10970C00D8B202E0002400200025C0052843E4075D
:10971C00204370BD992B14DC421F95402A0015493B
:10972C00114055071CD00F252A40042A18D00431AB
:10973C00CA08490115D59F235202181A550AC0B2FE
:10974C00E3E705222900121AD14002001B32954092
:10975C002A00551EAA410A43064911405507E2D179
:10976C00CA085202550AD8B2CFE76D026D0A8E3084
:10977C00CBE7C046FFFFFFFB10B5041E0DD002F077
:10978C00ABF89E231B1A962B0CDC082834D0083817
:10979C0084406402640AD8B201E000200024C005B1
:1097AC00204310BD992B13DC421F9440144A2240D5
:1097BC0061071CD00F212140042918D00432D40891
:1097CC00520115D59F236402181A640AC0B2E6E749
:1097DC00020021001B3291400A00511E8A410521D2
:1097EC00091ACC401443064A22406107E2D1D4083E
:1097FC006402640AD8B2D2E76402640A8E30CEE7FF
:10980C00FFFFFFFBF0B54F464646D646C0B582B0CB
:10981C00009001910E034C00CD0F710A009E5F0069
:10982C00760F0E43009900920193C90089461903E3
:10983C007B0D9846019B490ADB0F9C46009B009AC6
:10984C005B0F0B434146640DD200611A654500D194
:10985C00A6E0002972DD4746002F00D1DDE0CC4F99
:10986C00BC4200D19AE10127382917DC80273F043C
:10987C003B431F2900DDDDE12027781A1F008740BC
:10988C00BA461700CF408446380057460743604617
:10989C008240CB40501E8241F61A17434B46DF1BC9
:1098AC00B94580414042361A330200D4FFE07602BB
:1098BC00760A002E00D13CE1300002F00DF80300D6
:1098CC00083B20213800CA1AD0409E4002009F401D
:1098DC0032439C4200DDA6E1181B0130091A3E0000
:1098EC008F40C6407B1E9F4113008B4037431F4364
:1098FC00C2403B0016000024134300D1DFE17B077C
:10990C0000D132E30F233A003B40042B04D03A1D24
:10991C00BA42BF417F42F619330200D423E39C4B79
:10992C0001349C4200D1B4E09A4B64051E40640D96
:10993C007707D20876021743360BACE0002900D12A
:10994C007EE04146091B002C00D060E13400484603
:10995C00044300D1C9E14C1E012900D12EE28C4DEB
:10996C00A94200D124E20127382C11DC21001F2947
:10997C0000DD0BE2202437004846641AA740C8409B
:10998C0007434846A040CE40441EA0419B1B0743C2
:10999C00D71BBA4292415242654644469E1A83E70F
:1099AC00002900DC9CE04746002F67D11F001743BD
:1099BC0000D1E4E0481E012900D19BE1744FB9426B
:1099CC0000D1EBE001270100382811DC1F2900DD54
:1099DC00C7E12027781A1F00844687401000C84032
:1099EC00074360468240CB40501E8241F618174315
:1099FC004F444F45804140423618330257D5644B93
:109A0C0001349C4245D00121624B7A081E403940FA
:109A1C000A43F7071743760871E71F00174300D175
:109A2C00ADE04F1EBC46012900D182E1584FB9422E
:109A3C0000D190E161460127382900DD2EE718E7B7
:109A4C00554F611C394200D0D0E0310048461F0010
:109A5C0001431743002C00D03DE1002900D1BCE1AB
:109A6C00002F00D0BFE14B460021D80877070743F1
:109A7C00F00806034C05360B640D0CE0444FBC4259
:109A8C0000D18BE001273829B2DC80273F043B430F
:109A9C009CE70026002724053443ED072C433800AF
:109AAC00210002B0E0BCBA46B146A846F0BD7B0727
:109ABC0004D00F233B40042B00D028E7F808344B8C
:109ACC0077070743F0089C4200D04AE23B0003436F
:109ADC0059D080263603064336032D4C360BDAE775
:109AEC00002961D04146091B002C00D1B9E0284C5B
:109AFC00A04500D1A5E10127382913DC80242404DA
:109B0C0026431F2900DDC8E1202437004846641A8B
:109B1C00A740C84007434846A040CE40441EA04141
:109B2C009B190743BF189742924152424446D6189C
:109B3C0063E7380001F0D0FE030018331F2B00DC64
:109B4C00BFE63A00083882409C4200DD83E01B1BD4
:109B5C00581C1F2800DCB4E117001F3BDF402028F5
:109B6C0005D040231B1A9A40531E9A4117430024D8
:109B7C00002F0AD07B0700D0C4E626009EE74B4698
:109B8C000C00D8089BE70027014C002683E7C04651
:109B9C00FF070000FFFF7FFFFE0700004B46770723
:109BAC00D8080743F00891E7CD4F611C39426BD1BF
:109BBC00310048460143002C00D04BE11F001743F5
:109BCC00002900D181E1002F00D14CE74A444A45DD
:109BDC008041F61840423618330200D5B0E1170028
:109BEC009146374300D03EE7002654E74946891A90
:109BFC008846C145BF41F11A7F42C91B0F0261D48F
:109C0C0047460F4300D1BDE00E00474651E6B54C28
:109C1C00A04500D100E10127382900DDB8E68024F9
:109C2C0024042643A3E6B04EE41A16407B0700D06A
:109C3C003FE743E70F001800203FF84084462029F7
:109C4C0003D04027791A8B401A43531E9A4163461E
:109C5C0017001F4322E6A448E11A10404707C0082A
:109C6C0007E734004846044300D1FAE04C1E0129B2
:109C7C0000D1D7E09B4FB94200D1E2E00127382C4C
:109C8C0000DD4FE721003CE7964CA14200D1DDE01E
:109C9C004A444A458041F31840421818C7075208F5
:109CAC0017434608520705D00F220C003A40042AED
:109CBC0000D02CE67607FF0837430009D9E60027C9
:109CCC000026E8E64946571ABA4292419E1B524278
:109CDC006546B61AEDE5002900D0C6E0002F67D125
:109CEC00802600257F4C3603D5E665460C001E0009
:109CFC00D008E4E64A444A458041F318404218181B
:109D0C001100030200D496E0774B49081840C307B2
:109D1C000B434408490700D129E10F221A40042AB9
:109D2C0000D1EAE01F1D9F42B6417642361902244B
:109D3C00C4E649468F1AB9458041F61A4042361A94
:109D4C00330206D47307FF0801211F43F00890E685
:109D5C0065460124ABE54B467707D8080743F00866
:109D6C00B4E60F001800203FF8408446202903D0A9
:109D7C004027791A8B401A43531E9A4163461700A9
:109D8C001F4335E600250024002684E60C00350030
:109D9C00203CE540202905D04024611A8E404946DC
:109DAC00314389464846411E884107002F43EFE561
:109DBC00D2085F0765461743D80887E6171ABA42D8
:109DCC0092419E1B5242B61A3302C1D47307FF084C
:109DDC00654601211F43F0084BE6002F7BD06546FA
:109DEC001E0091463FE6811A8846C145A441F11AEE
:109DFC006442091B80242404214277D0101A824229
:109E0C00924107009E1B5242B61A374300D0A0E085
:109E1C006546002400263EE65F07D20865461743D8
:109E2C00D80853E6811891429241F018524280189A
:109E3C00030200D568E74707C9080F43C008012192
:109E4C0017E6D2085F071743D8083FE60C00002638
:109E5C00002720E6002956D15F07D2081743D808FF
:109E6C0034E60C001E00D00829E6C1087007014337
:109E7C00F008002F62D080242403204207D0DE0893
:109E8C00264204D165463000D1085B0719434F0FB9
:109E9C00C900C9087F070F4318E60C003000203CAE
:109EAC00E0408446202905D04024611A8E40494662
:109EBC00314389464846411E8841614607000F439D
:109ECC0030E620210027091A0EE51E00002F00D0D5
:109EDC0022E5002458E7002500240026DBE5C046D7
:109EEC00FE070000FF070000FFFF7FFF47460F4300
:109EFC0000D147E70E00C146B5E5DF086407022133
:109F0C0027430009B5E51900C0087707074311433B
:109F1C00F008002900D1D9E580210903084207D0B7
:109F2C00DC080C4204D1D2085B071A43170020004E
:109F3C007B0FFF00FF085B071F43C7E50F00C5E55C
:109F4C00124BD20833405F075B02012417431E0BF0
:109F5C00A1E5264212D00D4B6546020001241E409D
:109F6C00E6E4210085E51700A8E53A00D4E4DB0817
:109F7C0064071C432700022100097AE5C008770713
:109F8C00074365460021F00873E5C046FFFF7FFFDD
:109F9C00F0B5DE46454657464E46E0B587B00092D2
:109FAC0001930B031B0B9B46CA0F4B00040080460E
:109FBC005B0D029200D198E07C4A934237D059460F
:109FCC00420FC9000A43802109041143C200904684
:109FDC00774A894692469A44002300240393009EB4
:109FEC00019F3B031B0B9B467B0030005B0DFD0F61
:109FFC00002B59D06D4A934248D05946720FC90074
:10A00C000A438021090411438B466949F2008C46AE
:10A01C0051466344CB1A9A460021029E6E40F6B21A
:10A02C000F2C00D9CEE0634BA4001B599F465A4617
:10A03C000243914600D090E09A46022390460824B1
:10A04C000393CCE7CB464246029D0399022900D1EB
:10A05C00DEE1032900D18DE0012900D079E12E0049
:10A06C0000220023002490461B052343F6073343AC
:10A07C004046190007B0F0BCBB46B246A946A04604
:10A08C00F0BD002200249046484BEDE75A46009B59
:10A09C001A43494B9C46E244002A59D102231C43E3
:10A0AC00002302219B46B8E75A46009B1A4349D02D
:10A0BC005B46002B00D19CE1584601F00DFC0200E0
:10A0CC0003000B3A1D27009EBA1A19005846D640B9
:10A0DC0008398840320002439346009A8A40374937
:10A0EC0053448A4600219A4497E75B4603439946BA
:10A0FC0021D05B46002B00D169E1584601F0ECFB06
:10A10C000B235B429C460200844466461D239B1B2A
:10A11C00260011005846DE400839884033000343BE
:10A12C00994623008B409846254B00249B1A9A464F
:10A13C000023039353E7002398469A4601330424E3
:10A14C0003934CE701231C43002301219B4664E746
:10A15C000323320003211C435FE79A460323D946AD
:10A16C000C2403933BE700238024984600260F4BD6
:10A17C00240379E780245B4624031C4324032E002C
:10A18C0090460A4B240B6FE780244B462403234252
:10A19C0002D05B462342F0D080244B4624031C4360
:10A1AC002403029E014B240B5EE7C046FF07000010
:10A1BC0001FCFFFFD887010801F8FFFFF303000043
:10A1CC000DFCFFFFCB4500D2F8E000D1F3E00123FA
:10A1DC005B429C46444648460025E2445B46170ECB
:10A1EC001B021F43190C3B04120200971F0C9146D3
:10A1FC0002910397FEF71AF802007A430B04210C24
:10A20C00804619438A4209D9009F0123BC465B4210
:10A21C0061449C46E0448F4200D85CE1881A029964
:10A22C00FEF704F8039A240442430904240C0300A7
:10A23C000C43A24206D90099013B8C466444A142CE
:10A24C0000D842E1A01A424612041A4393464B46E8
:10A25C0059461B0C1F0004930B0449460904090CB6
:10A26C000C001B0C5C43120C7B43884651437A4315
:10A27C00270CBC465B186344994203D980214902E0
:10A28C008C466244190C24041B04240C8A181C19D7
:10A29C00904202D316D1A54214D25B46009F013BDB
:10A2AC004D4405934D459B41BC465B426344C018ED
:10A2BC00874200D302E1824200D929E100D124E196
:10A2CC00059B9B462C1BA542AD41009B801A6D4201
:10A2DC00401B834200D10FE10299FDF7A7FF039ABF
:10A2EC000B044243210C050019438A4200D9CBE0F0
:10A2FC00881A0299FDF79AFF039A24044243090431
:10A30C00240C03000C43A24200D9CAE04146A41A13
:10A31C002A041A43049F13041B0C594340467B43E5
:10A32C009C46150C68430B0C844463447D43984253
:10A33C0003D98020400284466544180C09041B0490
:10A34C00090C40195B18844227D323D00123350014
:10A35C001A43944B5344002B60DD510700D086E028
:10A36C002E00D1085A46D20106D55A468E4B1A40B9
:10A37C0080239346DB0053448C4A934200DD80E6F5
:10A38C005A4652070A4390465A465B055402240B20
:10A39C005B0D69E63500002BDBD0009D511EAC46F1
:10A3AC006444AC4200D29EE0844200D2E1E000D191
:10A3BC00EEE00A00CAE7424500D908E74B46DC0745
:10A3CC00580843465B081C434346DD0706E701F08B
:10A3DC0083FA15239C4684440200634620321C2BCE
:10A3EC0000DC92E623000838834099460023984607
:10A3FC009AE601F071FA02000300153220331C2A90
:10A40C0000DC5FE600990838814000228B4666E646
:10A41C0000222E0000249046654B25E62E000121DB
:10A42C00C91A382900DD1BE61F297EDC614814009F
:10A43C0050445B4682408340CC40501E82412343B3
:10A44C001A435B46CB40510709D00F211140042918
:10A45C0005D0111D9142924152429B180A001902DB
:10A46C0000D49BE00022012300249046FCE50F2140
:10A47C001140042900D173E7111D914292415242BF
:10A48C002E00C90893446DE7009B013D9C46614436
:10A49C008B4200D92CE78A4200D829E7851E6144FB
:10A4AC0026E70099013B8C466444A14200D92DE774
:10A4BC00A24200D82AE7831E644427E7874200D0D3
:10A4CC00FEE6A94500D9FBE6F5E6A24200D8B9E6BE
:10A4DC00831E6444B6E68A4200D89FE6BC46831EBF
:10A4EC00984661449AE60A00844200D02EE74B4518
:10A4FC0000D02BE735002CE72A4B2F4A53449245CA
:10A50C0043DB0122002193442CE7AC4200D8D7E670
:10A51C0002235B429C4600994D444D459B41E344CC
:10A52C008C465B426344C018CCE61F204042C31AE1
:10A53C005846D840202904D05946204B53449940C2
:10A54C000A43531E9A410723190002430024114069
:10A55C00134209D008331340042B1DD0131D934212
:10A56C0089411A0049424907D2080A439046002300
:10A57C007AE54946009F4D004D458941BC4649420C
:10A58C006144A946023A6418AEE70122524246E7FA
:10A59C009945EED30A00AAE70021E5E759075B02CB
:10A5AC001C0BE1E7FF030000FFFFFFFEFE070000AE
:10A5BC00FF0700001E04000002FCFFFF3E04000029
:10A5CC00F0B55746DE464E464546E0B50D00040054
:10A5DC00E80F83460903D80F090B824619488C46AD
:10A5EC001F0369005E00490D3F0B760D814218D0A8
:10A5FC0086420FD00120B1420DD1BC450BD1944203
:10A60C0009D1D3451CD0002905D160462043431EF7
:10A61C00984100E00120F0BCBB46B246A946A046DA
:10A62C00F0BD01208E42F6D1614639430F0017432D
:10A63C002743F0D15B465246981A431E9841EAE7ED
:10A64C000020E8E7FF070000F0B557464E464546A8
:10A65C00DE46E0B50D000E034900490D8A46DF0FBA
:10A66C00E90FBC4683B02F4F04008046019158007F
:10A67C0019039146360B090B400DBA451DD0B84253
:10A68C000DD05746002F2AD13443002824D10A4339
:10A69C0036D0002C41D163465800013815E01143E7
:10A6AC0038D15346002B01D12643F4D0019B63458E
:10A6BC0007D1019B5800013807E026432AD15045A9
:10A6CC0021D00120019B5F42384303B0F0BCBB4654
:10A6DC00B246A946A046F0BD002CDCD0E6E7002827
:10A6EC00EFD0019B6345ECD18245EADCE1DB8E4285
:10A6FC00E7D8DED1C845E4D80020C845E5D2D8E774
:10A70C00002CE2D0DDE7114304D1019B6345D8D185
:10A71C000020DAE702204042D7E7019B6345E6D0F0
:10A72C00CFE7C046FF070000F0B557464E464546FA
:10A73C00DE46E0B50D000E034900490D8A46DF0FD9
:10A74C00E90FBC4683B02E4F04008046019158009F
:10A75C0019039146360B090B400DBA451ED0B84271
:10A76C000DD05746002F27D13443002833D10A434C
:10A77C0034D0002C40D163465800013815E0114309
:10A78C0012D15346002B01D12643F4D0019B6345D3
:10A79C001DD00120019B5F42384306E0264303D1C4
:10A7AC005045F6D111431CD0022003B0F0BCBB467F
:10A7BC00B246A946A046F0BD0028EAD0019B6345ED
:10A7CC00E7D18245E5DC02DB8E42E2D80ED0019B5C
:10A7DC0058000138E9E7002CCDD0D7E7002CE4D0A5
:10A7EC00D7E7019B00206345DFD0D2E7C845D0D81E
:10A7FC000020C845D9D2EAE7019B6345E4D0C8E7FD
:10A80C00FF070000F0B557464E46DE464546E0B51C
:10A81C001F000B031B0B16009A46CA0F4B000400BB
:10A82C00914685B05B0D00D1CFE1CD4A934255D016
:10A83C005146420FC9000A43802109041143C2004A
:10A84C009046C84A8A4693469B44002300250293AF
:10A85C003C037B00FA0F0196240B5B0D009200D198
:10A86C0088E1BF4A934200D192E0BE4A94466344C9
:10A87C009B440A2D42DCE400730F23438024494699
:10A88C0024041C43F3000193009B00205940CBB2DD
:10A89C000393022D00DC94E00123AB401D00A623A2
:10A8AC002A00DB001A401D4200D029E290239B00B5
:10A8BC001D4200D14DE20023802499462403A84B6D
:10A8CC0010004A461B052343D2071343190005B059
:10A8DC00F0BCBB46B246A946A046F0BD5246024368
:10A8EC00904600D0ACE19B46022392460825029389
:10A8FC00AEE7009BA2469946019B9846029B022B11
:10A90C0000D1CAE1032B00D192E1012B10D100231D
:10A91C0000240022D4E701227B083A40134352461C
:10A92C00D2071343984653465B089A46039B9946B5
:10A93C005B46581C8023DB005B44002B00DCB1E140
:10A94C00424652070BD00F2241460A40042A06D039
:10A95C004246111D4145924188465242924452460C
:10A96C00D20106D55246804B1A4080239246DB001A
:10A97C00C3187E4A934200DD8FE14246D10852460D
:10A98C0052070A4351465B054C02240B5B0D97E7BB
:10A99C00734B26439C46E344002E00D16FE1032306
:10A9AC0049461D43009B5940CBB203930A2D00DD51
:10A9BC0033E10123AB401D000323029388222A427A
:10A9CC0097D1424643461204120C160001981D0CF6
:10A9DC00030C0004000C4643B4461E006E43009664
:10A9EC00160007005E436146B0466F430E0CB84438
:10A9FC004644B74205D9802149028846009F474406
:10AA0C00009761460904090C370C36048C4631005A
:10AA1C00614401911100260C2404240C61438C46E2
:10AA2C002100694389466146090C884672434A44B1
:10AA3C0042447543914503D98021490288464544D7
:10AA4C00110C884661460904090C8C4612046244B8
:10AA5C00B91802915146090C8C4651460F043F0C13
:10AA6C003900414345448846614641438A46414644
:10AA7C006046090C894658437B4353444B449A45E2
:10AA8C0003D98021490289464844190C894641461C
:10AA9C000904090C8846390061431B044344884669
:10AAAC0061464C4371438C46414677430E0C3F192B
:10AABC00F6194844B44203D9802149028946CC4452
:10AACC000299009F894631044F448946414697427A
:10AADC0092410C04240C4C44FF1852426419A118E6
:10AAEC009F429B41884682465B42994690459241E3
:10AAFC00AC42A441C244D1445242644214439945ED
:10AB0C009B41824592415B42524213434A46360C6A
:10AB1C00A419E31863445B02D20D1A4301999246BF
:10AB2C007A020A43501E8241FF0D17434A465202D5
:10AB3C001743B846DB0100D5EDE60D4B039A5B4499
:10AB4C009146002B00DCACE03A00520700D110E734
:10AB5C000F2258463A40042A00D0F9E609E7C046CD
:10AB6C00FF07000001FCFFFFFFFFFFFEFE070000D8
:10AB7C00FF030000220032436FD0002C00D1C2E052
:10AB8C00200000F0A9FE020003000B3A1D20821ADF
:10AB9C0030001900D04008398C40020022433400A8
:10ABAC008C405946CB1A86498B469B440A2D00DDB6
:10ABBC00A4E64946009B01945940CBB214000020F6
:10ABCC000393022D00DD67E6FBE6534603439846EC
:10ABDC003CD05346002B00D1A3E0504600F07CFE45
:10ABEC000B235B429C4602008444110050460839FA
:10ABFC0088401D23804660461B1A2000D840030065
:10AC0C00404603439A4623008B4098466C4B0025E4
:10AC1C009B1A9B46002302931AE60F2D00D0C9E025
:10AC2C00802352461B031A4202D01C4200D192E0F0
:10AC3C008024534624031C4324034246240B3EE643
:10AC4C009B46032380460C25029301E600239A467B
:10AC5C009B46013304250293FAE501210D430A2D8D
:10AC6C0000DD4BE6494600984140C9B20391022DE4
:10AC7C0000DC96E000230024012001930CE64946F9
:10AC8C000223009A2B435140CAB203920A2B00DDD7
:10AC9C0034E6002D57D1039B994600240022494BE2
:10ACAC000EE658460121C91A382900DD2FE61F2966
:10ACBC0056DD1F2254465242D31ADC40202907D0BD
:10ACCC00414B42469C465346604483401A4390464F
:10ACDC0042460721531E9A410B0022431340002485
:10ACEC00114209D00F231340042B5DD0111D91424A
:10ACFC009B410A005B425B07D2081A430023DFE545
:10AD0C00039B9946FAE5019800F0E6FD020003006A
:10AD1C00153220331C2A00DC38E7019A08388240AF
:10AD2C003FE700F0D9FD15239C468444020063469E
:10AD3C0020321C2B00DC58E70023984623000838EF
:10AD4C0083409A4662E71D000023002402200193F1
:10AD5C00A2E5029032E61C43009B019A9946AEE5AF
:10AD6C001A4B5246C31840469A40C84002434046CC
:10AD7C0098400300581E834154461A43CC40530755
:10AD8C0009D00F231340042B05D0131D934292417D
:10AD9C005242A4181A00230208D5012300240022D1
:10ADAC008EE5894600248BE50023A5E76307640242
:10ADBC00240BA1E7009BA2469946019B984637E7D6
:10ADCC000DFCFFFFFF0700003E0400001E04000006
:10ADDC00F0B557464E464546DE46E0B583B000908A
:10ADEC0001910C034D00CE0F610A009C5F00640FB3
:10ADFC000C43009900920193C80019037B0D9946EE
:10AE0C00019BCC4FDB0F9C464B0A00998046490FA7
:10AE1C001943009B8B46DA0092466D0DB94500D163
:10AE2C00BFE00123614659404B468C46EB1A8E42DB
:10AE3C0075D0002B00DCA3E24946002900D1CEE0FE
:10AE4C00BD4200D100E20127382B19DC802759467E
:10AE5C003F0439438B461F2B00DDFAE12027F91AFA
:10AE6C008C4659466746B9400F001100D9400F4334
:10AE7C0061468A40511E8A415946D9401743641A8B
:10AE8C00C71BB84280414042241A230200D440E13F
:10AE9C006402640A002C00D154E1200000F01CFD77
:10AEAC000300083B20213800CA1AD0409C40020005
:10AEBC009F4022439D4200DDA6E1581B0130091A38
:10AECC003C008F40C4407B1E9F4113008B402743A6
:10AEDC001F43C2403B0014000025134300D1F7E18F
:10AEEC007B0700D177E30F2338003B40042B04D0C1
:10AEFC00381DB842BF417F42E419230200D468E3F5
:10AF0C008C4B01359D4200D1F4E08B4B6D051C4000
:10AF1C006D0D6707C00864020743240BECE0002B9F
:10AF2C0000DC29E34946002900D0D6E059461143FC
:10AF3C0000D12EE1591E012B00D1E6E1BB4200D11C
:10AF4C0082E101270B00382914DC1F2B00DD3CE2C9
:10AF5C002027F91A8C4659466746B9400F00110054
:10AF6C00D9400F4361468A40511E8A415946D94007
:10AF7C00174364183F18874280414042241823022B
:10AF8C0000D4C6E06B4B01359D4200D1B2E00121EB
:10AF9C00694B7A081C4039400A43E7071743640899
:10AFAC009EE7664B11438A46EB18002928D066456C
:10AFBC002CD0002B5BD0002D00D12CE15B466646DB
:10AFCC005F07D2081743DD083B002B4300D1E2E0BA
:10AFDC00802424032C432403564D240B8CE0594627
:10AFEC00114300D1D5E0591E012B00D1B9E1BB4270
:10AFFC0000D1B1E101270B00382900DD40E72AE739
:10B00C006146012779408C466645D2D1002B00D190
:10B01C00C5E0002D00D055E14B462500054300D17D
:10B02C0012E2591E8C46012B00D149E2414DAB4234
:10B03C0000D18FE20127382911DC63461F2B00DD7C
:10B04C005BE26146202327005B1A050098409F4075
:10B05C00CD40431E9841CC402F430743A344BF1817
:10B06C009742924152425A4414004D4687E7344F5E
:10B07C006B1C3B4200D0B6E05946230011430F0035
:10B08C000343002D00D026E1002B00D1C0E10029A4
:10B09C0000D1A1E0831A98465B464045AD41E31AC6
:10B0AC006D425B1B80252D042B4200D14BE15B468E
:10B0BC00101A824292411C1B070001266346524221
:10B0CC00A41A27431E40002F00D142E12C4200D18C
:10B0DC006DE2194B01251C401BE7BD4200D13BE141
:10B0EC000127382B00DD45E7802759463F043943BB
:10B0FC008B462AE7002400272D052543F607354308
:10B10C003800290003B0F0BCBB46B246A946A046A5
:10B11C00F0BD7B0704D00F233B40042B00D0E7E6A7
:10B12C002B00F808034A67070743E508934200D150
:10B13C004AE7A5E0FF070000FFFF7FFF01F8FFFFD4
:10B14C00FE070000380000F0C7FB030018331F2B6C
:10B15C0000DCA7E63A00083882409D4200DD8AE018
:10B16C005B1B581C1F2800DCD8E117001F3BDF407D
:10B17C00202805D040231B1A9A40531E9A4117438E
:10B18C000025002F00D1E5E07B0700D0ABE62C00BA
:10B19C00C6E7C008C6E700270024D14DACE7D14F65
:10B1AC006B1C3B4271D123000343002D00D04EE1B8
:10B1BC005746002B00D1B5E1002F0DD083188342E8
:10B1CC0080415C4440422418220200D5C8E11F0093
:10B1DC009846274300D1BCE043466707DB081F4372
:10B1EC00E50800234CE0831A98465B464045BF4176
:10B1FC00E31A7F42DB1B1F027CD447461F4300D15E
:10B20C00A6E01C00474645E6B74CED1A14407B07F8
:10B21C0000D080E784E74B462500054366D05F1ECF
:10B22C00012B00D1FCE0AE4DAB4200D15EE1664695
:10B23C00382F00DCB4E00120171ABA4292415B4669
:10B24C0052424D469C1A20E66707C0080743E508A2
:10B25C00BAE61F005946203FF9400F00202B05D0BD
:10B26C004021CB1A594699400A43924653465A1EDE
:10B27C0093411F4304E6EB1A9B4D15406F07ED08F5
:10B28C002C035D05240B6D0D36E7954DAB4200D1BB
:10B29C00D6E082182100824280415944404208186D
:10B2AC00C707520817434408520700D485E10F2200
:10B2BC001D003A40042A00D01AE6FF086407274311
:10B2CC000509DDE75B46D2085F071743DD087BE61F
:10B2DC000027002410E7002B00D0D6E0002900D076
:10B2EC002FE1802400267E4D240305E766465C464C
:10B2FC00D00817E75B46171ABA4292411C1B01266D
:10B30C0063465242A41A1E40C4E58318834280410E
:10B31C005C44404225182A0200D4DAE0724A5B08E9
:10B32C001540EA071A4369085B0700D44AE10F236A
:10B33C001340042B00D1FCE0171D9742A44164423A
:10B34C0002256418ECE647461C001F4300D043E777
:10B35C00002600250024CFE6C00867070743E50850
:10B36C0032E6871A5B46B8428041E41A4042241AFE
:10B37C00230228D46307FF081F43E50801237FE756
:10B38C00002B00D173E64B465F1B3B00002D00D118
:10B39C0042E7382F00DDECE080230E001B041C4339
:10B3AC001F2F25DC20252300ED1B0100A840AB40FE
:10B3BC00F940451EA8410B43FC4018435B461B1B40
:10B3CC009B4639E76646012562E51F005946203F3A
:10B3DC00F9408C46202B05D040275946FB1A994042
:10B3EC000A43924657467B1E9F4163461F43C1E565
:10B3FC003B002500203BDD40202F04D04023DB1BED
:10B40C009C40204380464046431E9841284313E706
:10B41C0000299DD0012663465C4690461E40DBE623
:10B42C00171A5B46BA4292411C1B5242A41A2302C1
:10B43C00C8D46307FF081F4366460123E5081FE7CE
:10B44C001D000024002757E65C46D0086AE6002B56
:10B45C0000D137E75346C00867070743E508002BC0
:10B46C0000D1B1E580231B031D4208D05946C80802
:10B47C00184204D1D20849070A43170005007B0F74
:10B48C00FF00FF085B071F439EE5C00863071843D6
:10B49C00E508002953D080231B031D420AD05946CE
:10B4AC00CC081C4206D1012663462500D00849076A
:10B4BC0008431E40470FC000C0087F07074383E5C1
:10B4CC008318934292415C445242A5182A0200D53B
:10B4DC0024E76F07DB081F43ED080123D0E6C046C5
:10B4EC00FF070000FE070000FFFF7FFF5B46D2084E
:10B4FC005F0766461743DD0866E52500203BDD4007
:10B50C006346202B05D0402361465B1A9C402043A8
:10B51C00804647467B1E9F412F43A0E520210027F4
:10B52C00091AD2E4002F00D113E75C46170000255E
:10B53C00F6E5D708490702230F432D09A0E60700BB
:10B54C0042E55B4601265F07DD086346D2081743D8
:10B55C001E4039E55B46D2085F071743DD0833E52B
:10B56C001E4ADB0822405707520201251F43140BC9
:10B57C00C2E50E0001205FE6002B0DD04B465B1B95
:10B58C009C46002D00D148E50127382B00DD66E5EF
:10B59C0080231B041C4350E56B1C114D2B4200D027
:10B5AC0073E65946230011438A46034300E66707B6
:10B5BC00C00800230743E50862E66407FF08274339
:10B5CC0005095DE6D208490711430F0002232D0936
:10B5DC0056E60700A4E538008FE4C046FFFF7FFF66
:10B5EC00FE070000F0B5C6461E03360BB0460D4EE6
:10B5FC000C034D005F0000B5240B6D0D7F0DB542A3
:10B60C000BD0084900208F4204D146461643300027
:10B61C00431E984180BCB846F0BD04430120002C69
:10B62C00F8D1EEE7FF0700000B00020070B5164DD5
:10B63C000C0382B04900002000920193240B490DA9
:10B64C00DE0FA94204DD1148814203DD104BF018D6
:10B65C0002B070BD8020400320430E4C641A1F2C96
:10B66C0008DD0D4B5B1AD84003005842002EEFD179
:10B67C001800EDE7094B009A9C46030061448B408F
:10B68C00E2401343F1E7C046FE0300001D04000036
:10B69C00FFFFFF7F3304000013040000EDFBFFFFEE
:10B6AC0070B5002816D0C317C5185D40C40F28000C
:10B6BC0000F012F9104B1B1A5B055B0D0A2814DC09
:10B6CC0002002E00153296400B22121AD5402D0383
:10B6DC002D0B03E000240023002500261B052B4323
:10B6EC00E40723433000190070BD0B3885402D034F
:10B6FC0000262D0BF2E7C0461E04000010B5041EF8
:10B70C0010D000F0E9F80E4B1B1A5B055B0D0A28F4
:10B71C000FDC0B222100121AD14015300A03844091
:10B72C00120B01E0002300221B051343200019001B
:10B73C0010BD22000B38824012030024120BF3E7D9
:10B74C001E04000070B542024300C40FFE201B0E05
:10B75C00591C550A08420CD0E02189008C466D0713
:10B76C00120B63441B051343E40723432800190001
:10B77C0070BD002B14D1002D1BD0280000F0ACF8AC
:10B78C000A281CDC0B232A001B1ADA400300153391
:10B79C009D400E4B12031B1A5B05120B5B0DE1E770
:10B7AC00002D09D0130B802212031A436D07084B8E
:10B7BC00D8E700230022D5E70022054BD2E703008F
:10B7CC002A000B3B9A400025E3E7C04689030000A2
:10B7DC00FF070000F0B54B000F035B0D3A4C450F13
:10B7EC0083B07F0A5E1C2F4300900191CA0FC500E5
:10B7FC0026420BD035495C18FE2C13DDFF200023AC
:10B80C00C0051843D207104303B0F0BD3D43002BD5
:10B81C0001D10020F4E7002DF0D08023DB03FF20C2
:10B82C003B43EDE7002C0CDD009BFF009B01581EF9
:10B83C008341690F3B430B43590727D1DB08E0B227
:10B84C00DEE72100173131DB80211E20090439434A
:10B85C00001B1F282DDD02267642341B0E00E6400D
:10B86C003400202804D01A488446634499400D4380
:10B87C002B00591E8B412343590703D00F2119402C
:10B88C0004290BD19B0100205B0AB9E70F21194059
:10B89C00042904D19B015B0AE0B2B1E70024043314
:10B8AC005901F7D501340023E0B2A9E700200023A9
:10B8BC00A6E7084C1C192B00A540C340A140681EEC
:10B8CC00854129430B43D7E7FE07000080FCFFFFAF
:10B8DC00A2FCFFFF82FCFFFF1C2101231B049842EA
:10B8EC0001D3000C10391B0A984201D3000A083905
:10B8FC001B09984201D30009043902A2105C4018BC
:10B90C007047C0460403020201010101000000005F
:10B91C000000000010B5002903D1FFF7DDFF203037
:10B92C0002E00800FFF7D8FF10BDC04682B073B527
:10B93C006C460091079321000300626060C960C3EC
:10B94C0007AA60CA60C313001500103006CB06C0EE
:10B95C0001220098616803F0BFF869680122099818
:10B96C0003F0BAF873BC08BC02B0184737B5040032
:10B97C0003F0AEFCA068A38902691342FCD00169F4
:10B98C000A001A401942FAD101AD2068616803F02F
:10B99C00A3F829000122032003F0CCFB03CC0122E5
:10B9AC0003F09AF803F092FC28786B7800041B02E1
:10B9BC001843AB7818433EBDF0B5094985B0094B27
:10B9CC0001ACC0CBC0C40B004968074A00911B688E
:10B9DC00064811685268FFF7A9FF05B0F0BDC046D4
:10B9EC00540000204C0000203C000020CC02002021
:10B9FC0010B50348FFF7BAFF80231B04584010BD55
:10BA0C00CC02002010B50548FFF7B0FF80231B04C3
:10BA1C005840984201DA024B181A10BDCC02002093
:10BA2C00FFFF7F0070B504250024FFF7E1FF013D07
:10BA3C002418002DF9D10723E01718400019C01065
:10BA4C0070BD0000F0B504000525002699B00392E6
:10BA5C000F0048227C4906A804930BF06CFB631F73
:10BA6C0001937A4B02937A4B0593019BAB4257DCC3
:10BA7C0000221E9B1E80774B1A70774A1278029216
:10BA8C00764A964200D874E001251D70714B744AB9
:10BA9C001B782C000192002B1ED0029B714E002BA8
:10BAAC0000D1A0E0704B1B78002B00D19BE06F4BBA
:10BABC001B78002B00D196E06D4B7C1E1C60012284
:10BACC00694B1A70974201D16A4B1F70FA22338866
:10BADC0092009B189BB233805F4B1B78002B0CD0D1
:10BAEC00614B1B78002B08D0604B1B78002B04D0CB
:10BAFC005F4B1B68AB4200DA1C00019B1B78002BD0
:10BB0C0009D05D4B1B78002B05D15C4B039AD35CA1
:10BB1C00A34200DC5C1E201E00DC012019B0F0BD2D
:10BB2C00029B6A00985AFFF7BBFD0022544BFFF7AB
:10BB3C004FF9FFF779FDC317C4185C40059B6A00E9
:10BB4C00985AFFF7ADFD00224D4BFFF741F9FFF777
:10BB5C006BFDC317C018584082B2231CA4B2944288
:10BB6C0000D2031C9AB2B24200D2331C9EB20135F1
:10BB7C007BE7029B002B04D001223C4B1A703C4B00
:10BB8C001F60092301937B1E06ACDB00E3180593B1
:10BB9C00019D30006B1E0193FFF782FD226C636CDC
:10BBAC00FEF730FE059B083C1A685B68FEF7F0F95F
:10BBBC00344A354BFCF740FC002803D1019B002B89
:10BBCC00E6D10125264B1B78002B00D15EE7052F13
:10BBDC0000DC5BE7BD4200DC58E72C4B9E4200D8F2
:10BBEC0054E77D1C52E70624A74207DC023C062FD3
:10BBFC0004D03C00032F00DD0324013C019B029A7E
:10BC0C001B78002A00D05AE7002B00D15EE7049B7A
:10BC1C00002B0ED0039B1E4A013BD35C032B08D890
:10BC2C0001221C4B1A701C4B1C6033881B199BB2D5
:10BC3C003380114B1B78002B00D047E70F4B039A36
:10BC4C00D75402F011F941E7088701087457002016
:10BC5C00844C0020FE030020E90100205B3F000023
:10BC6C004A63002086660020E2640020E064002025
:10BC7C0014020020E1640020B40A00206663002056
:10BC8C0080FFCF409A99999959CCCC4070170000FD
:10BC9C00D4030020E364002010020020F8B5160045
:10BCAC001F000C001C4B00223900451E3000FCF715
:10BCBC00BDFB1A4B002803D1194A1278002A1AD15D
:10BCCC005A5D0132D2B25A55002C04D0611E5A5C16
:10BCDC000132D2B25A545A5D072A01D907225A5559
:10BCEC00002C05D0013C1A5D072A01D907221A55F0
:10BCFC00585DC0B2F8BD5A5D002A03D05A5D013AB6
:10BD0C00D2B25A55002CE6D0611E5A5C002AE2D001
:10BD1C005A5C013ADDE7C04600002E40D4030020F7
:10BD2C00FD03002010B5D02200210B480BF06EF95A
:10BD3C0000230020094A0A4913700A4A13700A4A60
:10BD4C0010605160094A0A480A49106051600A4A59
:10BD5C00137002F00BF910BD68620020D2030020B2
:10BD6C0000002E40D30300202000002010000020F3
:10BD7C000E2DB29DEFFF5840D103002010B5682264
:10BD8C00002103480BF042F901F0C0FF10BDC04682
:10BD9C00586400200023190010B5044AD154013313
:10BDAC000D2BFBD102F03EF810BDC046D403002091
:10BDBC00F0B585B002F06FFB0C22594B02901B784A
:10BDCC000192002B01D104330193564B564A1D7836
:10BDDC0000231C0018009D4258DCFFF78FFC534BCE
:10BDEC000022FEF70FFD524B06001B780F00002BB4
:10BDFC0056D02800FFF754FC0B000200390030002D
:10BE0C00FEF7C6F84B4B06001B780F000425002BE1
:10BE1C0012D0494B013D1B78AB420DD8474B1B78D8
:10BE2C00002B04D0464B02351B78002B04D0019B11
:10BE3C00029A934238D80225280001F079FE019B22
:10BE4C00029A934207D13F4C2378002B03D1FFF782
:10BE5C0069FF012323703C4B1B78002B13D000226D
:10BE6C0030003900394BFCF705FB00280BD0384A61
:10BE7C001368012B07D1022010602D4A137002F0B9
:10BE8C0021F9FFF787FF280005B0F0BDD15C05292B
:10BE9C0003D90130C0B201339DE70134E4B2FAE7B3
:10BEAC002800FFF72BFCA7E72A4B2B490393002212
:10BEBC0008684968294BFCF7B9FA002815D1284BBA
:10BECC001B78002B17D1002230003900254BFCF7D2
:10BEDC00D1FA0028AFD1244B002230003900FCF7F6
:10BEEC00C9FA431E98410500A6E702F0EFFA0228B2
:10BEFC00E5D80625A0E70025042C03D80235AC4272
:10BF0C0000D9013D039900228031144B086849681F
:10BF1C00FCF78CFA002800D18EE7022DE9D18AE7D4
:10BF2C00946600204D020020D403002000005940EC
:10BF3C004C63002096660020D06400204402002050
:10BF4C00B8650020C0030020E80100200000494033
:10BF5C00EC010020D0090020500A002000002E40E7
:10BF6C00D103002000C0524000004E400C4B70B575
:10BF7C0018780C4B03221C780525002306260A4949
:10BF8C00002800D02A00002C00D03200CA54013303
:10BF9C000D2BF5D10022054B1A7001F08FFF70BDEF
:10BFAC0049630020E8010020C0640020CF64002019
:10BFBC00F0B58BB005900091012900D0AEE041683E
:10BFCC0000680BB0F0BD3800FDF786FB059AFB004E
:10BFDC00D318019018685968FFF7FCFB7C49FCF7F3
:10BFEC00CFFD011C281CFCF7D9FB0199051C301C4A
:10BFFC00FCF7D4FB0199061C081CFCF78FFF011CF5
:10C00C00201CFCF7CBFB0137041C009BBB42DADC89
:10C01C001800FDF761FB071C011C301CFCF7B0FD80
:10C02C00391C0690281CFCF7ABFD391C0790201C12
:10C03C00FCF7A6FD0024002608900394271C02940C
:10C04C000194009BB3426EDC03990198FCF766FFE8
:10C05C00391C051C381CFCF761FF011C281CFDF762
:10C06C00B7F80399051C0298FCF758FF211C061C15
:10C07C00381CFCF753FF011C301CFDF7A9F8291CD8
:10C08C00FCF77EFD211C061C0198FCF747FF391CB0
:10C09C00041C0298FCF742FF011C201CFDF798F8C9
:10C0AC00291CFCF76DFD041C00980138FDF714FBEE
:10C0BC00311C051C0698FCF731FF011C0798FDF795
:10C0CC0087F8211C071C0898FCF728FF011C381C5A
:10C0DC00FDF77EF8291C071C301CFCF71FFF011C08
:10C0EC00381CFCF75BFB291C061C201CFCF716FFFC
:10C0FC00291CFCF713FF011C301CFCF74FFBFE2125
:10C10C008905041CFCF7E6F9002858D10021201CF5
:10C11C00FCF7CCF9002854D0002452E0002400276E
:10C12C00251C261C71E73000FDF7D6FA0699051C74
:10C13C00FDF74EF8011C0490FCF7F0FE011C019871
:10C14C00FCF72CFB059AF300D3180190186859687A
:10C15C00FFF740FB1E49FCF713FD0799FDF738F874
:10C16C00011C09900498FCF7D9FE011C0298FCF7FD
:10C17C0015FB291C0290281CFCF7D0FE0899FDF732
:10C18C0027F8051C011C0498FCF7C8FE011C381C80
:10C19C00FCF704FB291C071C281CFCF7BFFE011C28
:10C1AC000398FCF7FBFA291C03900998FCF7B6FEE0
:10C1BC00011C201CFCF7F2FA0136041C41E7FE249A
:10C1CC00A4050349201CFCF7A9FEFFF7BBFAF8E60F
:10C1DC0000FEFF46FFB516001F002C4B0C00002282
:10C1EC00300039001B78FFB0294BFCF725F9294D9D
:10C1FC0000281BD00022002330003900FCF730F956
:10C20C00002813D0002C11D10022AA56224C234B0B
:10C21C00D10001325B1820002A702149C822C83491
:10C22C001E605F600AF0E0FE2660676000241D4B14
:10C23C002C571D78002C3DDC002D00D079E200231A
:10C24C00194C009301940023124AD356192B04DD88
:10C25C001A3B13700122134B1A70144B0099019A5C
:10C26C0019605A60124B00221C685D680E4B20004E
:10C27C002900FCF7DBF8002801D100940195009807
:10C28C00019983239B009D44F0BDC0469A66002013
:10C29C0000002C40D2030020E8020020686200203D
:10C2AC00F0020020D303002000002E4008000020E4
:10C2BC00000000201A230A93002D00D10A94D022EA
:10C2CC0000211AA80AF0A2FE210000231231D24A42
:10C2DC0004911A390293009206919C4202DD069950
:10C2EC00994204DD002D10D0049999420DDCD9003F
:10C2FC008C461AAA9444009A8918624608684968C0
:10C30C00106051600299013102910A9A01339A42EC
:10C31C00E3DC0822C14B1A211AA80AF0FBFB029B92
:10C32C00029ADB0F9B185B10D20700D404E2DB00EF
:10C33C001AAA9B185C681B6800930194B84C22687D
:10C34C00636804920593029B052B00DCE1E000225C
:10C35C0030003900B34BFCF769F8002800D0D8E066
:10C36C00049805990022AF4BFCF760F8002801D027
:10C37C00266067601C981D99A94B32005C681B688D
:10C38C00049305943B00FCF757F800280BD1049A52
:10C39C00059B30003900FEF71BFD0022A24BFCF779
:10C3AC005FF800280AD0A14B1A78A14B002A00D1C3
:10C3BC00D7E101221A6000229C4B1A70029B1AAA28
:10C3CC00023BDB009B1819003200086849683B00EF
:10C3DC00FCF746F800280BD1049A059B3000390075
:10C3EC00FEF7F6FC0022934BFCF726F800280AD047
:10C3FC00914B1A788E4B002A00D1B9E101221A60B8
:10C40C0000228D4B1A708A4B00251A68022A01DD16
:10C41C001D6001350298FFF743F90022874BFDF7A9
:10C42C00B7FDFFF701F91AAAC3009B181900049A6B
:10C43C00059B040008684968FBF7FEFF002800D044
:10C44C009DE1029B1AAA013B1B1BDB009B181900E8
:10C45C00049A059B08684968FCF702F8002800D08C
:10C46C008DE1002D55D0764B764CD02200214EA874
:10C47C00069307940AF0CAFD0023734D4EAC0B9340
:10C48C002A686B680C920D930C980D99009A019B7D
:10C49C00FEF79EFC4B005B080F930E9006000F00FE
:10C4AC000E980F990022694BFBF7DAFF002800D198
:10C4BC0068E1009A019B226063600B9B083D01338D
:10C4CC000B930B9A029B08349342D9D119004EA8B6
:10C4DC00FFF76EFD524B06000F000B930020069ADF
:10C4EC00079B5A49FEF774FC049A059BFEF78AF9E0
:10C4FC00320004000D00069807993B00FEF782F904
:10C50C000B00020029002000FDF77CF90B9B186042
:10C51C0059600024002600274D4B3F4D1B785BB221
:10C52C000493083B06934B4B1B780B93049B1233E1
:10C53C000C93049BA34202DD069BA34205DD0B9BDF
:10C54C00002B16D00C9BA34213DC009A019BE1003C
:10C55C00491908684968FEF73BFC02000B00FEF71E
:10C56C0051F902000B0030003900FDF74BF90600C1
:10C57C000F000A9B0134A342DBDC0298FFF790F812
:10C58C0002000B0030003900FDF702FD0BF04AFCF5
:10C59C000A001490159101002F4B19605A6000226B
:10C5AC002E4B1A702E4B1B78934204D12D4B1B78BB
:10C5BC00934200D008E12C4B2C4C214E109311943B
:10C5CC00204F049B032B03D10B9B002B00D100E1CC
:10C5DC0080240023E4050E930F94002200230024F2
:10C5EC000C920D930C4B06941693049B013B1793E2
:10C5FC00049B12331893049B083B1993049BA3428E
:10C60C0002DD199B9C4233DA0B9B002B70D0189BDC
:10C61C009C426DDB2CE0C046686200209D12010834
:10C62C000000002000002E400000E03FB803002076
:10C63C00BC0300200000E0BFB9030020000018403C
:10C64C009A9999999999C93F780300200000F03F75
:10C65C00D2030020D303002018000020D0030020B8
:10C66C0049630020E8010020333333333333C33FB5
:10C67C00169AE3009B181A685B681292139312982F
:10C68C001399009A019BFEF7A3FB029003910E985D
:10C69C000F99029B0893039B5B005B080993149A08
:10C6AC00159BFEF7AFF802000B0008980999FBF7F1
:10C6BC00C3FE002808D1109A119B08980999FBF722
:10C6CC00BBFE002800D187E00898099932003B0096
:10C6DC00FBF7B2FE002800D17EE00C980D99069B6A
:10C6EC0001330693129A139BFDF78CF80C900D9165
:10C6FC000A9B0134A34200DD80E7594B1B78002BC9
:10C70C0002D00022574B1A60069B002B00DC9AE5E6
:10C71C001800FEF7C5FF02000B000C980D99FDF7F1
:10C72C0037FC0A000090019101004F4B19605A60D0
:10C73C0089E51A230A93C2E55A1E1AA9D200521887
:10C74C001100DB001AAA9B181A685B680868496814
:10C75C00FDF758F80022454BFEF754F80090019174
:10C76C00ECE51A6801321A600122414B1A7022E67C
:10C77C001A6801321A6001223E4B1A7040E60023FF
:10C78C003A4C72E63C4A300039003C4BFBF768FEF1
:10C79C00394A002807D000980199384BFDF732F838
:10C7AC002060616089E630003900354BFBF744FEB0
:10C7BC00002802D10C9A0D9B7DE62F4A2F4B009836
:10C7CC000199FEF705FBEBE72E4E2F4F10961197B4
:10C7DC00F7E600232D4CFEE6179B9C4288D1204A9D
:10C7EC001578002D00D183E729490B8864339BB25F
:10C7FC000B8000231370274A13700122264B1A70EA
:10C80C00264B00221B78002B13D10298039900238E
:10C81C00FBF712FE002819D0124A1368013313607B
:10C82C00104B1B68032B00DC62E701221C4B1A70B7
:10C83C005EE7002302980399FBF712FE051EEBD16D
:10C84C000122084B1A60154B1D7051E7002202980B
:10C85C0003990023FBF704FE0028F1D1E0E7C04662
:10C86C00FD030020F8030020200000200000E03F22
:10C87C00B9030020B80300209A9999999999B93F66
:10C88C009999B9BF333333333333D33F0000F03F7F
:10C89C0086660020FC030020D0030020300000201E
:10C8AC00F5030020F8B506000F0014001D00FBF77F
:10C8BC00E1FD00280CD0069A079B30003900FBF7ED
:10C8CC00C5FD00282FD034003D0029002000F8BD04
:10C8DC0022002B0030003900FBF7B8FD00280FD0E8
:10C8EC00069A079B30003900FBF7C4FD0028EAD1FB
:10C8FC00069A079B20002900FBF7A8FD0028E4D12D
:10C90C0022002B0030003900FBF7B4FD002807D0C3
:10C91C00069A079B20002900FBF7ACFD0028D4D118
:10C92C00069C079DD1E722002B0030003900FBF755
:10C93C007DFD0028ECD0D3E7F0B589B006900791C7
:10C94C001900814B10001B78002B05D100247F4D62
:10C95C002000290009B0F0BD00227D4BFCF752FFEE
:10C96C0002000B0000207B49FDF712FB02000B00BC
:10C97C000290039100207849FDF70AFB0022774BC7
:10C98C00FEF726FA029A039B04000D00002074495E
:10C99C00FDF7FEFA0022714BFEF71AFA0E9A0F9B66
:10C9AC000090019120002900FFF77CFF00246D4DC1
:10C9BC0002000B000020009401956B49FFF772FFF9
:10C9CC0000226A4B04900591FEF702FA684B694A03
:10C9DC00FDF718FF0BF0B8F9674B1B78002B54D1FF
:10C9EC000022664BFCF70EFF02000B006448654901
:10C9FC00FDF7CEFA644A654BFCF704FF06000F0006
:10CA0C00049805990022624BFEF7E2F932003B00D4
:10CA1C00FDF7F8FE002204000D00069807995D4B07
:10CA2C00FEF7D6F902000B0020002900FCF7EAFE05
:10CA3C00554A04000D00554B30003900FEF7C8F97B
:10CA4C000022554BFDF7DEFE02000B0020002900F2
:10CA5C00FCF7D8FE514A524BFDF7D4FE029A039BC9
:10CA6C00FDF7D0FE0022002304000D00FBF7E4FCD0
:10CA7C00002800D06AE7002220002900494BFBF770
:10CA8C00EFFC002800D061E762E7009401950E9A54
:10CA9C000F9B00204449FFF705FF069A079B0400F3
:10CAAC000D0000204149FEF793F9220006000F000B
:10CABC002B0000203E49FEF78BF902000B003000E2
:10CACC003900FCF79FFE3B4A04000D0002980399C5
:10CADC00394BFDF797FE02000B0020002900FDF7F3
:10CAEC0091FE04000D00354A354BFDF78BFE2200FC
:10CAFC002B00FDF787FE22002B00FDF783FE314A49
:10CB0C0006000F00200029002F4BFDF77BFE2200B2
:10CB1C002B00FDF777FE02000B0030003900FCF70C
:10CB2C0071FE2A4A06000F0020002900284BFDF751
:10CB3C0069FE02000B0030003900FCF763FE254A49
:10CB4C00254BFEF745F98DE7FD03002000002E4034
:10CB5C000010714000A07240004C984000008940C9
:10CB6C0000A89B4000C08C400080864000E08A40BA
:10CB7C009999C9BF9A999999496300200000F03F8F
:10CB8C00C01E85EB51B89E3FA4703D0AD7A3E83F69
:10CB9C0000488C4000407F4000408F403BDF4F8D71
:10CBAC00976E92BF00002C40000886400090804099
:10CBBC00002889409E12E429419E923F1B0DE02DD6
:10CBCC0090A0A83FBA490C022B87F0BF8351499D16
:10CBDC00804620400E2DB29DEF272F40F0B500224D
:10CBEC0001260400094F0A488A4200DBF0BD0825E3
:10CBFC00A35C5840030033405B423B404008584024
:10CC0C00013D80B2002DF5D10132EDE701A0FFFF0F
:10CC1C00FFFF00000122024B1A8000225A8070474D
:10CC2C00E203002070B5084C050023780E00002BA1
:10CC3C0001D1FFF7EFFF31002800FFF7CFFF0123F1
:10CC4C006080A080637070BDE203002010B5FFF718
:10CC5C00E9FF014B187910BDE20300200020034BC3
:10CC6C005A78824200D058797047C046E2030020BF
:10CC7C0070B504000D0000226168006801F02CFF03
:10CC8C0029000122032002F0FBF903CC012201F060
:10CC9C0023FF70BD7FB56B4600915A6019000200EE
:10CCAC00050011C911C201220098596801F014FF46
:10CCBC000126282303AC280021002380A670FFF74F
:10CCCC00D7FF3823280021002380A670FFF7D0FF60
:10CCDC0002232800F61821002380A670FFF7C8FF56
:10CCEC00302328002100A6702380FFF7C1FF7FBDF1
:10CCFC0007B590220B001202914200D913001822A2
:10CD0C0001A90A701A0A4A708B70FFF7B1FF07BDB0
:10CD1C0007B590220B001202914200D91300192280
:10CD2C0001A90A701A0A4A708B70FFF7A1FF07BDA0
:10CD3C0000880B88C01A7047F0B51F0000250C0046
:10CD4C0085B08B00060018580A9B039218603D6052
:10CD5C00039B9C4201DB00251BE0A3000293F358CC
:10CD6C000193002D08D1191CFBF7A0FB431E984121
:10CD7C00050001980134EBE70199FBF7ABFB0028A8
:10CD8C00F7D0029B0A9AF318043B1B68013C3C60E9
:10CD9C001360280005B0F0BDF0B50C0006000027AC
:10CDAC0085B003938B001958930001921B580A9A73
:10CDBC00019D1360013C019B9C4207DD002F0DD0AF
:10CDCC00631BDA179B185340052B07DD039B0A9A4C
:10CDDC001D60AD00AB59136005B0F0BDA300F35856
:10CDEC00181C0293FBF776FB002806D0002F01D10C
:10CDFC00651C01370299013CDDE70700FAE7F0B545
:10CE0C000C000600002785B003938B001958930083
:10CE1C0001921B580A9A019D13600134019B9C429C
:10CE2C0007DA002F0DD0631BDA179B185340052B24
:10CE3C0007DD039B0A9A1D60AD00AB59136005B06A
:10CE4C00F0BDA300F358181C0293FBF743FB00281A
:10CE5C0006D0002F01D1651E013702990134DDE7A0
:10CE6C000700FAE770B50D0004000222044B09F02C
:10CE7C0051FEE90F491949108900085980B270BD5B
:10CE8C003DCD0008F0B50D0000241F4B85B002937A
:10CE9C001E4B21310190203D00910393009B9D423C
:10CEAC000BD11B49201CFBF76BFEFEF74BFC0AF069
:10CEBC00B9FFFEF78FFC05B0F0BD029A6B00D05A9B
:10CECC00039AD35AC01AC317C0185840FCF704FC75
:10CEDC00019AAB00D158FCF77BF9FEF733FC02004A
:10CEEC000B00FDF78FFC0600201C0F00FEF72AFC40
:10CEFC0002000B0030003900FCF784FCFEF76AFCE2
:10CF0C000135041CCAE7C04674570020844C00202D
:10CF1C0000008242F0B5002689B000AF3A61013AB8
:10CF2C003B60D30F9B185B10B8607960BB613B68AA
:10CF3C009E4202DBBD4609B0F0BD6B46BC69FB608E
:10CF4C003B69FB61A64203DA340073000133FB61D9
:10CF5C006A460025FB69341B9B000733DB08DB00AA
:10CF6C00D31A9D467B61BB68A4001C19FB69AB42BC
:10CF7C000CDC19007869FFF775FFFCF7FDFB7B688B
:10CF8C00B4001851FB6801369D46D0E701CCFCF784
:10CF9C0083FB7B69AA0098500135E7E7F0B50024C4
:10CFAC0089B00492013A0593D30F9B185B1003933D
:10CFBC00059B069007915E1E059B9C4201DB09B008
:10CFCC00F0BD039B9C421ADA230065000135069ADA
:10CFDC00E31A9B00D7180023029300230193029BB2
:10CFEC009D4216DC2800FCF777FB011C0198FBF72F
:10CFFC00C7FD079BA700D8510134013EDCE7039A1B
:10D00C003300964202DA75000135E0E7039B049D7C
:10D01C00DDE7019802CFFBF7C1FB029B01900133C6
:10D02C000293DCE7F8B504000D000020012917DDA0
:10D03C0000268F00231FFF1821686068FCF7C8F8D2
:10D04C0041004908301CFBF7A9FB0434061CA7421D
:10D05C00F2D1681EFCF740FB011C301CFBF790FD65
:10D06C00F8BD0000F0B5A1B01492159300231993EC
:10D07C001A931B9300231D931E931F93764B0490BE
:10D08C001B780B91002B00D1ACE032231B93734D1A
:10D09C00734EAB8830002B806B80724B04995A888E
:10D0AC0000241A80FFF7BEFF21226F4B18606F4BD4
:10D0BC001A60049BA34200DD9BE000246C4F3000FF
:10D0CC0021223900FFF76AFF644E049BA34200DD66
:10D0DC0098E00024624F634E049BA34200DD9AE06B
:10D0EC000024634E380021223100FFF757FF5D4FBB
:10D0FC00049BA34200DD97E000255A4B584C574F38
:10D10C000393049BAB4200DD97E0544D554E2B88A6
:10D11C0030880027C01AC317C0185840FCF7DCFA37
:10D12C0020606B887088C01AC317C0185840FCF771
:10D13C00D3FA4F4D4F4A2900049B126860602000BF
:10D14C00FFF7E8FE412221002800049BFFF726FF91
:10D15C002122464B29001A602000049BFFF71EFF7A
:10D16C00DC2200214448520009F050FF00230393B5
:10D17C000C9300230A930F930693049A1CAB009311
:10D18C003B4818AB1B99323AFFF7D6FD039B08902E
:10D19C00002B00D08BE1002872D0384B189F1B78E5
:10D1AC00002B00D088E1324C1EAB0122390020004C
:10D1BC0000931AABFFF7F0FD049B39005A1E1FAB0E
:10D1CC00200000931BABFFF71AFE1C9B1E99181C2A
:10D1DC000693FBF7FDFF1F990F900698FBF7F8FFDE
:10D1EC000A9072E0254B1B78002B00D14FE71423DB
:10D1FC004CE76300E85AFCF7BFFAA700F719386050
:10D20C00013456E7A300F858FBF7C6F96500AD19D1
:10D21C002880013459E76300F05AFCF7ADFAA500F9
:10D22C007D192860013457E7A300F058FBF7B4F9D7
:10D23C006500ED19288001345AE7039A6B00D05A27
:10D24C00FB5AAE00C01AC317C0185840FCF744FA7A
:10D25C00A6193060013554E74A630020745700204A
:10D26C00A4360020844C0020786600202800002082
:10D27C00C42000202C00002000040020E901002024
:10D28C00D64B1B78002B00D1DDE0D54B1B78002B47
:10D29C0000D1E2E00024D34B1D685E68D24B0793AB
:10D2AC00049BA34211DD079AA300D058FEF74AFA5B
:10D2BC002A003300FBF7C0F8002800D1F5E023006A
:10D2CC001894323B32341A931B941A9B1B9E07936F
:10D2DC00079A189B140009939B1A642B01DD099C77
:10D2EC00643C099B0D96F31A642B02DD099B643395
:10D2FC000D930D9B25001B1B581C80000E9309F0F1
:10D30C009DFABA4B10901193119AA3009B5813904D
:10D31C0012930D9B9B009B5816930D9BAB4200DB0D
:10D32C00DAE01DAB009300210E9A109819ABFFF7B1
:10D33C0003FD051E13D01D9B1299181C0693FBF7B9
:10D34C0047FF199F0021E719041CFBF7CDF80028B3
:10D35C0001D00A940F94089B002B00D10C951098C7
:10D36C0009F076FA079BFC1AE317E4185C400023DB
:10D37C00052C0FDDBA1BD11752184A40052A09DDBE
:10D38C00079AB21AD11752184A400121142A00DC0C
:10D39C0019000B00089A002A01D1002D5DD0002B3A
:10D3AC0000D171E3924B38000D93039B5D1C282335
:10D3BC005D43FCF791F90D9B58512825039B079869
:10D3CC005D430D9B5D19FCF787F9E8623000FCF7B3
:10D3DC0083F9069B28636B630F9B3900AB630A9B35
:10D3EC008248EB63FFF74EFD28640020052C0FDD0F
:10D3FC00BB1BDA179B185340052B09DD079BF31A4F
:10D40C00DA179B1853400122142B00DC0200100089
:10D41C002823039A764C5343E418FCF75DF96064B7
:10D42C000998FCF759F9704BBA00D358A064E3641F
:10D43C00039B01330393089B002B0ED0039B0A2BF9
:10D44C0000D09AE609E06B4B1B78002B00D01CE750
:10D45C0001F021F8002800D017E7674B1B780893E0
:10D46C00002B00D1D4E0654B614C1F78002F51D1BB
:10D47C003E003D00624B06970A970993039B9D4221
:10D48C0051DA276C0998391CFBF724F8002809D0CD
:10D49C000021606CFBF71EF8002800D099E0002EEC
:10D4AC0000D1B3E001352834E8E70134F8E6089BF5
:10D4BC00002B00D071E6D0E7524B1B78002B00D12B
:10D4CC0071E6494BBA00D058FCF7E6F8C3174E4C3E
:10D4DC00C0185840206066E6281BFCF7FDF816992A
:10D4EC0017901298FBF774FE011C1798FBF716FDAA
:10D4FC0017900E98FCF7F0F8011C1798FBF740FBFF
:10D50C00119AAB00D158FBF749F9139B013501C3B4
:10D51C00139302E700252E00394B06950A950993C3
:10D52C00039B9D422EDB2E4B1B780793002B00D1C7
:10D53C0098E0304B00251F782D4C002F00D08EE04A
:10D54C00039B022B00D133E13D000027039B9D423E
:10D55C0000DB87E0E16BA06BFBF7E0FC0990011CA2
:10D56C00381CFAF7A3FF002809D00021606CFAF7E9
:10D57C00B1FF002800D02DE1002E00D12EE10135A5
:10D58C002834E3E7E06CFEF7DDF8149A159BFDF701
:10D59C001FFCFEF749F8C317C0185840FCF79CF85D
:10D5AC000790011C0998FAF795FF002807D0002175
:10D5BC00606CFAF78FFF002804D1002E07D00135DC
:10D5CC002834ADE7079B3E000A950993F7E70695CB
:10D5DC00F5E7089E0A95099764E7C046E7640020C2
:10D5EC004A63002030020020E40A0020C4200020FE
:10D5FC0000040020EB640020E9010020EA64002014
:10D60C0000FEFF464963002080660020069549E72E
:10D61C00089EBF4B06960A96099384E7E06CFEF7CA
:10D62C0091F8149A159BFDF7D3FBFDF7FDFFC3177B
:10D63C00C0185840FCF750F80D90011C0998FAF7E7
:10D64C0049FF002809D00021606CFAF743FF00283D
:10D65C0000D0A6E0002E00D1A8E001352834039BB1
:10D66C009D42DBDB002E01D00A9B0693039B002B13
:10D67C0000D0B6E0A74C049D2360A360013DA64BEF
:10D68C00E560AD001A68A54EEB5822616261A3619A
:10D69C003068FAF781FF80B2A083E083A859FAF7CB
:10D6AC007BFF208403989E4C9A4D079B2E6920602B
:10D6BC00002B1BD0301CFAF76FFF9A4B20601B78A5
:10D6CC00002B13D1984A994B1278002A0ED11B6863
:10D6DC00974C013BDB00E418301CFEF733F8226852
:10D6EC006368FCF78FF8FEF775F82861894E30698E
:10D6FC00FEF728F80A000490059101000B9B706955
:10D70C0019645A64FEF71EF80B9B18655965B069CD
:10D71C00FEF718F80B9B18665966B18B6A331980A3
:10D72C000B9BF28B6E331A800B9B728C76331A80A8
:10D73C000B98B38C7A3003800798002800D119E13C
:10D74C00C8204000814280417A4C404220707A4887
:10D75C000478002C0BD00020092607009642474184
:10D76C00764D2F70764D092B00D8013028707548F6
:10D77C000078002800D181E100200926070096429C
:10D78C0047419E4240416D4D2F706D4D2870002CCD
:10D79C0000D1A4E06C484F2A01D94F2B5FD801234C
:10D7AC005EE00D9B3E000A95099356E7069554E7FB
:10D7BC000021606CFAF78EFE002811D10021E06E7A
:10D7CC00FAF788FE0123002802D10A9B002E08D00C
:10D7DC00069306E0079E099F0A95D0E60695CEE6CD
:10D7EC0006972825069B4B4C5D436519686BFAF729
:10D7FC00D3FEA083E86AFBF74FFF484E830098598D
:10D80C000493FAF7C9FEE083286BFBF745FF87000A
:10D81C00B859FAF7C1FE2822069B208401335343E2
:10D82C001859FBF739FF3C4E80008359A86B2361D4
:10D83C00049B9B596361BB59A361FAF7ADFE6084ED
:10D84C00E86BFAF7A9FEA084A86CFBF725FF800013
:10D85C008059FBF721FFC317C018584023E700235A
:10D86C0003703A4B3A481A7801235340394A0370F3
:10D87C001370C8235B00994207D3304B1B78002BE5
:10D88C0003D12F4B1B78002B0CD000230370039B70
:10D89C00314C002B2CD1238830495B189BB2238050
:10D8AC00039B137000222E4B1A70234A1278002A05
:10D8BC0010D1244A1278002A0CD01E4A1278002A61
:10D8CC0008D1284A1278002A04D0039A002A01D0E1
:10D8DC0001221A700022244B1A7021B0F0BD21488D
:10D8EC00182A00D85BE7182B00D858E70470B8E763
:10D8FC000C9B002B07D000F072FD23881B4A9B1851
:10D90C009BB22380CEE700F06AFD2388184AF6E725
:10D91C0000FEFF4600040020E40A0020C420002082
:10D92C00806600204C630020B40A0020780A002096
:10D93C0058640020F403002049630020F303002006
:10D94C00F2030020E8010020F1030020FE03002078
:10D95C00FC030020FD0300208666002050C3FFFF5F
:10D96C00EE030020F0030020EF030020204E000007
:10D97C001027000008980028AFD0FA26B600B14254
:10D98C00B64144487642067009270798424E040077
:10D99C009742404125009F42644130703F480470DB
:10D9AC00C72A05D9C72228009A426841C2B20892F8
:10D9BC003B4A089810703B4A1278002A05D03A4A24
:10D9CC00126B022A01DC002232700120FA27374A3E
:10D9DC00374E12788446424032703648BF00B94206
:10D9EC0005D32D4F3F78002F01D1092B30D80C9B3C
:10D9FC00002B1FD13370039B2F4A002B05D11388AA
:10DA0C002E4C1B199BB213800CE013882C4C1B1949
:10DA1C009BB213800122049C059D2A4B1A702A4B41
:10DA2C001C605D6000230370FA239B00994200D2B6
:10DA3C0053E718E00122049C059D224B1A70224BDF
:10DA4C001D4A1C605D600023204C33701388D8E79E
:10DA5C00002A17D062461B4B07701A701A4B049998
:10DA6C00059A19605A60089B002B00D135E7039B7F
:10DA7C00002B00D131E7012303702EE7002C00D0DE
:10DA8C0088E6EEE60270EEE7089B002B01D0FFF76C
:10DA9C0074FBE2E4EC030020EB030020EA0300201B
:10DAAC00E9030020E8010020780A0020FE03002092
:10DABC00ED030020E80300208666002050C3FFFF22
:10DACC0010270000D164002008020020409CFFFFBA
:10DADC0010B50100662000F08DFE10BD10B50100E0
:10DAEC00622000F087FE10BD10B50100632000F02D
:10DAFC0081FE10BD10B50100602000F07BFE10BD52
:10DB0C0010B50100612000F075FE10BD10B50100CC
:10DB1C00C02000F06FFE10BD10B50100672000F0B2
:10DB2C0069FE10BD10B501006B2000F063FE10BD46
:10DB3C0010B50100682000F05DFE10BD00233B29EC
:10DB4C0009D81818C0B2182801D9182000210002D1
:10DB5C00081880B270473C390133C9B2DBB2EEE72A
:10DB6C0010B5FFF7EBFF0400010AC9B2642000F006
:10DB7C0041FE6520E1B200F03DFE10BD10B5642001
:10DB8C0000F01AFE0400652000F016FE01002000D3
:10DB9C00FFF7D4FF10BD10B5040001000C22C52006
:10DBAC0000F036FE21000C22D12000F031FE8A203C
:10DBBC000C222100400000F02BFE10BD70B50D4E64
:10DBCC00050074791022122C0ED0112C10D8013CA7
:10DBDC0020002030032180B2013400F00BFE122C07
:10DBEC00F6D17279023AD2B22900202000F040FE20
:10DBFC0070BDC046B805002070B50500002420009B
:10DC0C00203080B200F0D8FD032804D1285501340F
:10DC1C00102CF4D113E02028F8D02D28F6D02E2883
:10DC2C00F4D02F2803D93928F0D94028EED8102267
:10DC3C000321280009F0EAF92800FFF7BFFF70BDA7
:10DC4C0070B50D4E050074791022122C0ED0112CCB
:10DC5C0010D8013C20004030032180B2013400F088
:10DC6C00C9FD122CF6D17279023AD2B229004020A9
:10DC7C0000F0FEFD70BDC046B805002070B5050073
:10DC8C0000242000403080B200F096FD032804D11F
:10DC9C0028550134102CF4D113E02028F8D02D286D
:10DCAC00F6D02E28F4D02F2803D93928F0D94028C3
:10DCBC00EED810220321280009F0A8F92800FFF75C
:10DCCC007DFF70BD10B50100E02000F093FD10BD8C
:10DCDC000100932010B5400000F08CFD10BD932086
:10DCEC0010B5400000F068FDFF2803D1AA38FFF7FB
:10DCFC00EFFF552010BD10B5E02000F05DFDFF28B2
:10DD0C0003D1FD38FFF7DEFF022010BDF7B5F0247C
:10DD1C008527114E6400BF0003CEFDF75BFD01ADFE
:10DD2C00011C280005F051FD2000297800F062FD4F
:10DD3C00601C697880B200F05DFDA01CA97880B2EF
:10DD4C0000F058FDE01C0434E97880B2A4B200F075
:10DD5C0051FDBC42E0D1F7BD5864002073B5114EA3
:10DD6C00114C03CEFDF736FD01AD011C280005F06A
:10DD7C002CFD2000297800F03DFD601C697880B2F4
:10DD8C0000F038FDA01CA97880B200F033FDE01C37
:10DD9C00E97880B200F02EFD0434044BA4B29C420E
:10DDAC00DFD173BDF0630020A3020000D702000096
:10DDBC0073B5114E114C03CEFDF70CFD01AD011CDA
:10DDCC00280005F002FD2000297800F013FD601CEE
:10DDDC00697880B200F00EFDA01CA97880B200F02A
:10DDEC0009FDE01CE97880B200F004FD0434044B1A
:10DDFC00A4B29C42DFD173BD88630020D70200001F
:10DE0C000B03000010B5002420002C30FF3080B232
:10DE1C0000F0D2FC024B185501340D2CF4D110BD7E
:10DE2C00D403002010B500242000064B2C30195DC3
:10DE3C00FF30C9B280B2013400F0DCFC0D2CF3D100
:10DE4C0010BDC046D403002010B500242000054BA3
:10DE5C00C130FF30195D80B2013400F0CBFC0D2CC9
:10DE6C00F4D110BD7463002010B50024054B195D6E
:10DE7C0085239B00E01880B2013400F0BBFC0D2C14
:10DE8C00F4D110BD6763002070B500242500413526
:10DE9C00FF35ADB2280000F08FFC431EDBB2082B1F
:10DEAC0004D92800052100F0A5FC0520024B1855CB
:10DEBC0001340F2CEAD170BDC064002010B50024D1
:10DECC002000054B4130FF30195D80B2013400F069
:10DEDC0091FC0F2CF4D110BDC06400200A4B37B557
:10DEEC0018685968FDF776FC01AD011C280005F097
:10DEFC006CFC00242000E830295D80B2013400F075
:10DF0C0079FC042CF6D137BD100000200A4B37B534
:10DF1C0018685968FDF75EFC01AD011C280005F07E
:10DF2C0054FC00242000F630295D80B2013400F04E
:10DF3C0061FC042CF6D137BDC80300200A4B37B561
:10DF4C0018685968FDF746FC01AD011C280005F066
:10DF5C003CFC00242000E430295D80B2013400F048
:10DF6C0049FC042CF6D137BD2000002073B51A4EA5
:10DF7C001A4C03CEFDF72EFC01AD011C280005F058
:10DF8C0024FC2000297800F035FC601C697880B2F4
:10DF9C0000F030FCA01CA97880B200F02BFCE01C37
:10DFAC00E97880B200F026FC04340D4BA4B29C42FC
:10DFBC00DFD10C4BE320197800F01CFC0A4BE2205B
:10DFCC00197800F017FCFFF7B9FF9220074B4000BF
:10DFDC00197800F00FFC73BD686200203B02000052
:10DFEC00A3020000D3030020D2030020D1030020A1
:10DFFC000A4B37B518685968FDF7ECFB01AD011CED
:10E00C00280005F0E2FB00242000EC30295D80B2F2
:10E01C00013400F0EFFB042CF6D137BD38020020A0
:10E02C000D4B37B518685968FDF7D4FB01AD011CD1
:10E03C00280005F0CAFB00242000F030295D80B2D6
:10E04C00013400F0D7FB042CF6D1044BF4201978E2
:10E05C00C9B200F0CFFB37BD30020020E7640020CE
:10E06C000100262010B5FF3000F0C4FB10BD10B528
:10E07C000100692000F0BEFB10BD000010B50100CE
:10E08C00014800F0B7FB10BD390200000100D1209F
:10E09C0010B5400000F0AEFB10BD0100D42010B54F
:10E0AC00400000F0A7FB10BD0100AA2010B5FF3006
:10E0BC0000F0A0FB10BD0100D72010B5400000F00F
:10E0CC0099FB10BD0100D52010B5400000F092FB6B
:10E0DC0010BD0100A42010B5FF3000F08BFB10BD6B
:10E0EC000100AC2010B5FF3000F084FB10BD010026
:10E0FC00D22010B5400000F07DFB10BD0100AE2019
:10E10C0010B5FF3000F076FB10BD0100D62010B525
:10E11C00400000F06FFB10BD10B5010C0400A820EE
:10E12C00C9B2FF3000F066FBD320210AC9B240000F
:10E13C0000F060FBA620E1B2FF3000F05BFB10BDED
:10E14C00002110B50800FFF70BFD0120FFF7D2FCF2
:10E15C000120FFF7D5FC0020FFF7DEFF10BD10B546
:10E16C00040000F0A1FBFFF7EBFF210006220120C9
:10E17C0000F07EFB21000622102000F079FB062225
:10E18C002100302000F074FB10BDF0B501250027F4
:10E19C002C008FB006AB0590019302930395BEB291
:10E1AC00701C80B200F008FB029B1870300010301D
:10E1BC0080B200F001FB082206AB9B183036D85514
:10E1CC000490B0B200F0F8FA029A049912780AABF3
:10E1DC00F854914253D1049A904207D00024250060
:10E1EC0004E00024049A03948242F8D1029A013785
:10E1FC0001320292062FD2D106AA127A1B78134052
:10E20C0006AA1278FF2A0DD1FF3B5A425341DEB2C7
:10E21C0000230CA9002C02D1039A002A0AD0019ADF
:10E22C0012780DE00026FF2BF2D106A8FFF797FF1E
:10E23C003500EDE7002DF2D0082006AA1218D25CAA
:10E24C005A54019A013301320192062BE2D1002378
:10E25C00CA5C10003038092809D9062230210598EB
:10E26C0008F0D4FE0598FFF77AFF0FB0F0BD0598C3
:10E27C00C254002EF1D10133062BE9D1F5E79042BF
:10E28C00AFD1002215000392B0E70100282010B591
:10E29C00FF3000F0AFFA10BD01002A2010B5FF309E
:10E2AC0000F0A8FA10BD0100952010B5400000F058
:10E2BC00A1FA10BD10B50100014800F09BFA10BD89
:10E2CC003602000010B50100014800F093FA10BDB1
:10E2DC003702000070B5050000242000803080B2A9
:10E2EC0000F06AFA28550134102CF6D170BD10B527
:10E2FC0001001022802000F0BBFA10BDD02310B515
:10E30C000C000100580000F075FAA2202100FF302B
:10E31C0000F070FA10BDF7B504001D0000910192D9
:10E32C0000F04AFA0600200000F046FA0700300020
:10E33C00BE4208D0200000F03FFA874203D02000F4
:10E34C0000F03AFA3000019B984202D8009B9842A8
:10E35C0004D22000290000F04DFA2800FEBD022353
:10E36C0010B51A0001216620FFF7D5FF10BD10B5BE
:10E37C000723082201216220FFF7CDFF10BD10B545
:10E38C000023F0220A216320FFF7C5FF10BD0123F3
:10E39C0010B5FF2219006020FFF7BDFF10BD01234F
:10E3AC0010B5022219006120FFF7B5FF10BD022342
:10E3BC0010B51A000121C020FFF7ADFF10BD0123DD
:10E3CC0010B5022219006720FFF7A5FF10BD00232E
:10E3DC0010B5F02219006B20FFF79DFF10BD002334
:10E3EC0010B5062219006820FFF795FF10BD00003C
:10E3FC0070B50024FF2585239B00E0182A002B0014
:10E40C00012180B2FFF787FF024B185501340D2C08
:10E41C00F1D170BD67630020012310B502221900F1
:10E42C006920FFF778FF10BD022310B51A000121F7
:10E43C000148FFF770FF10BD390200000123D12005
:10E44C0010B5022219009840FFF765FF10BD01239B
:10E45C00D42010B5022219009840FFF75CFF10BDC4
:10E46C000123AA2010B502221900FF30FFF753FF39
:10E47C0010BD0121D72010B50B23FE228840FFF7D9
:10E48C004AFF10BD0123D52010B502221900984077
:10E49C00FFF741FF10BD0023A42010B5FE22190088
:10E4AC00FF30FFF738FF10BD0023AC2010B5FE2263
:10E4BC001900FF30FFF72FFF10BD0023D22010B53D
:10E4CC00FE2219004000FFF726FF10BD0023AE20EE
:10E4DC0010B5FE221900FF30FFF71DFF10BD002301
:10E4EC00D62010B50D2219004000FFF714FF10BD07
:10E4FC000023FF22A82010B519008018FFF70BFF8E
:10E50C0000230400D3201900FF224000FFF703FF73
:10E51C00240400020023FF222418A62019008018CE
:10E52C00FFF7F9FE001910BD0123262010B50222B9
:10E53C001900FF30FFF7EFFE10BD0F232A2010B596
:10E54C001A000E21FF30FFF7E6FE10BD00239520C8
:10E55C0010B5FF2219004000FFF7DDFE10BD0000D2
:10E56C0010B50B230D2201210148FFF7D4FE10BD7D
:10E57C0036020000012310B50D2219000148FFF7E7
:10E58C00CAFE10BD3702000037B50500002428195B
:10E59C0080B200F011F901AB18550134042CF6D1FE
:10E5AC002100180005F000F90198011CF9F778FF1B
:10E5BC00002801D10023019301983EBD70B5F024D1
:10E5CC008526074D6400B6002000FFF7DDFFFDF740
:10E5DC00B9F80434A4B203C5B442F5D170BDC04639
:10E5EC005864002070B5074D074C2000FFF7CCFF96
:10E5FC00FDF7A8F80434054BA4B203C59C42F4D132
:10E60C0070BDC046F0630020A3020000D7020000DA
:10E61C0070B5074D074C2000FFF7B6FFFDF792F8D9
:10E62C000434054BA4B203C59C42F4D170BDC04662
:10E63C0088630020D70200000B03000010B5EC200B
:10E64C00FFF7A2FFFDF77EF810BD000070B5354D49
:10E65C00354C2000FFF798FFFDF774F80434334B6A
:10E66C00A4B203C59C42F4D1002319001A22E22063
:10E67C00FFF751FE2E4B012218700023E3201900E6
:10E68C00FFF749FE421E90412A4B1870E420FFF719
:10E69C007BFFFDF757F8284B18605960274B186023
:10E6AC005960274B18605960E820FFF76DFFFDF7A4
:10E6BC0049F8244C20606160F620FFF765FFFDF7F8
:10E6CC0041F8214C20606160F020FFF75DFFFDF701
:10E6DC0039F81E4B0122186059601D4B18605960A7
:10E6EC000023F4201900FFF716FE431E9841194B26
:10E6FC00C0B21870002301221900F520FFF70BFEA1
:10E70C00431E9841144BC0B2187000239220012272
:10E71C0019004000FFF7FFFD421E90410F4B18708F
:10E72C0070BDC046686200203B020000A3020000DE
:10E73C00D2030020D303002020000020C80A0020B0
:10E74C000000002010000020C80300203002002030
:10E75C00D00A0020E7640020E5640020D1030020EB
:10E76C0037B502236A46134C40BA5370508011716E
:10E77C0020680022616800F0AFF9062000F05EFC12
:10E78C0020680122616800F0A7F920680022616806
:10E79C0000F0A2F901256B46585D013500F04EFCE6
:10E7AC00052DF8D120680122616800F095F900F080
:10E7BC00F1FC37BD3400002070B505000C4C002274
:10E7CC002068616800F088F9032000F037FC280A03
:10E7DC0000F034FCE8B200F031FC00F083FC0500E2
:10E7EC0001222068616800F077F9280070BDC046EE
:10E7FC003400002070B505000C002800FFF7DCFF8A
:10E80C00A04204D021002800FFF7AAFFF5E770BD55
:10E81C00F8B505000F001600144C00222068616842
:10E82C0000F05AF9062000F009FC2068012261680A
:10E83C0000F052F900222068616800F04DF90220C6
:10E84C0000F0FCFB280A00F0F9FBE8B200F0F6FB44
:10E85C0039003000002200F013FC206801226168AE
:10E86C0000F03AF900F096FCF8BDC04634000020E8
:10E87C00F7B50D001600052701903200290001980C
:10E88C00FFF7C6FF0024A64200DCF7BD019B181958
:10E89C0080B2FFF791FF2B5D834201D10134F2E787
:10E8AC00013F002FE9D1F0E730B589B02022FF21DC
:10E8BC006846802508F0AAFB0024ED0020002034D7
:10E8CC0020226946A4B2FFF7D3FFAC42F6D109B0BF
:10E8DC0030BD0000604B10B518680022596800F07C
:10E8EC00FBF85E4B00221868596800F0F5F85C4B99
:10E8FC0000221868596800F0EFF85A4B002218688B
:10E90C00596800F0E9F8584B00221868596800F073
:10E91C00E3F8564B00221868596800F0DDF8544BA8
:10E92C0000221868596800F0D7F8524B002218687A
:10E93C00596800F0D1F8504B00221868596800F063
:10E94C00CBF84E4B00221868596800F0C5F84C4BB8
:10E95C0000221868596800F0BFF84A4B002218686A
:10E96C00596800F0B9F8484B00221868596800F053
:10E97C00B3F8464B00221868596800F0ADF8444BC8
:10E98C0000221868596800F0A7F8424B002218685A
:10E99C00596800F0A1F8404B00221868596800F043
:10E9AC009BF83E4B00221868596800F095F83C4BD8
:10E9BC0000221868596800F08FF83A4B002218684A
:10E9CC00596800F089F8384B00221868596800F033
:10E9DC0083F8364B00221868596800F07DF8344BE8
:10E9EC0001221868596800F077F8324B0122186838
:10E9FC00596800F071F8304B01221868596800F022
:10EA0C006BF82E4B01221868596800F065F82C4BF6
:10EA1C0001221868596800F05FF82A4B0122186827
:10EA2C00596800F059F8284B01221868596800F011
:10EA3C0053F8264B01221868596800F04DF8244B06
:10EA4C0000221868596800F047F8224B0122186818
:10EA5C00596800F041F810BD940000208C00002093
:10EA6C0074000020840000206C0000207C0000203A
:10EA7C00440100203C010020340100202C01002026
:10EA8C00240100201C010020140100200C01002096
:10EA9C0004010020FC000020F4000020EC00002009
:10EAAC00E4000020DC000020D4000020CC0000207A
:10EABC00440000203C00002034000020C400002052
:10EACC00BC000020AC000020B4000020640000203A
:10EADC005C000020A400002007B589B206F04CF8B9
:10EAEC0007BD07B589B206F041F8431E9841C0B284
:10EAFC000EBD000030B593B03822002104A808F0F8
:10EB0C0085FA10220021684608F080FA80208000E7
:10EB1C0006F0E2F806F0D6F81821194A0124D36D54
:10EB2C0002258B43D3650523049380235B02059355
:10EB3C0003230C9300230D9308330E9380239B0225
:10EB4C000F9380239B041093802304A89B050694A9
:10EB5C000B95119306F0ECF8002801D072B6FEE785
:10EB6C00072302900390210068460093019506F05C
:10EB7C0047FB002801D072B6FEE713B030BDC0468B
:10EB8C0000100240F0B58FB005F012FDFFF7B2FF98
:10EB9C001422002109A808F039FA04220126C74DD5
:10EBAC00C74C6B6B210013436B636B6BC5481340F5
:10EBBC000493049B6B6B1C3213436B636B6BC24FE4
:10EBCC0013400593059B6B6B1E3A33436B636B6B66
:10EBDC0033400693069B6B6B13436B636B6B134059
:10EBEC000793079B6B6B063213436B636B6B134082
:10EBFC0008930022089B05F0BFFFA02039000022DB
:10EC0C00C00505F0B9FF0022B049B14805F0B4FFCA
:10EC1C000022B049B04805F0AFFF09940024A94880
:10EC2C0009A90A960B940C9405F0EEFEA02005237E
:10EC3C0009A9C00509930A940B9405F0E5FEA020E0
:10EC4C0009A9C00509970A960B940C9405F0DCFEF3
:10EC5C00A0200323102709A9C0050A9309970B9438
:10EC6C0005F0D2FE994B9A4809A909930A960B9480
:10EC7C000C9405F0C9FE974B974809A909930A967D
:10EC8C000B940C9405F0C0FE0822914809A9099236
:10EC9C000A940B9405F0B8FEAB6B21003343AB63C5
:10ECAC00AB6B2200334009200393039B05F0B8FCA7
:10ECBC00092005F0DFFC894D894B28002B60894B1E
:10ECCC00AC606B60EE602C616C61AC61EC612C62D1
:10ECDC0005F058FF0100A04201D072B6FEE72800F3
:10ECEC0005F0A6FF011E01D072B6FEE7280005F064
:10ECFC00C5FF031E01D072B6FEE7E02507247A4853
:10ED0C007A4AED004360836003614361836103626F
:10ED1C0043628362036343630260C560C46206F0AE
:10ED2C00EDFC031E01D072B6FEE77148714A836098
:10ED3C000260822203614361036243628362036364
:10ED4C00082352004260FC32C5608261C761C46214
:10ED5C00436306F0D3FC011E01D072B6FEE7664C8D
:10ED6C00664B0200236096239B0163600C23A0601A
:10ED7C00E06020616361A0610300E0612062606279
:10ED8C00A062200007F07EFC011E01D072B6FEE7E7
:10ED9C00200007F0DFFC011E01D072B6FEE7200058
:10EDAC0007F0F8FC002801D072B6FEE7200007F04F
:10EDBC00B3FC031E01D072B6FEE7FF265048514A41
:10EDCC00514F026046608360C7600361836106F047
:10EDDC006FFE002801D072B6FEE74C484C4B4660E3
:10EDEC0003600023C760836003614361836106F0A5
:10EDFC005FFE031E01D072B6FEE74648464A4660E7
:10EE0C0002608360C76003614361836106F050FE5A
:10EE1C000190002801D072B6FEE70C22019909A8D6
:10EE2C0008F0F4F83D4D3E4B28002B60019B6E60C2
:10EE3C00AB60EF60AB6106F03BFE002801D072B610
:10EE4C00FEE709900B9009A9280006F05BFE0190E3
:10EE5C00002801D072B6FEE70C22019909A808F02F
:10EE6C00D5F8304D304B28002B60019B6E60AB60A9
:10EE7C00EF60AB6106F01CFE002801D072B6FEE715
:10EE8C0009900B9009A9280006F03CFE031E01D046
:10EE9C0072B6FEE72548264A836002607F22C26074
:10EEAC008022D205066143618361C36102624362C1
:10EEBC0006F0CEFB051E3DD072B6FEE700100240F8
:10EECC00FF3F0000000800502809000034FF00003C
:10EEDC000004005065030000000C00507C09002069
:10EEEC0000540040BB7C7000EC0800200030014056
:10EEFC0088080020003800407806002000380140C7
:10EF0C00A407002000200040FFFF0000580700204D
:10EF1C00004401400C07002000480140F00700208D
:10EF2C00001400403C080020001000405009002054
:10EF3C0000280040FFF7CEFC28222000114907F0E2
:10EF4C004BFC114C2378002B0BD0022000F030FB33
:10EF5C000E4B25701D700E4B1D700E4B1D700E4B05
:10EF6C001D700E4C2378002BEBD0012000F020FB01
:10EF7C00064B25701D70064B1D70064B1D70064B05
:10EF8C001D70DEE7F40500209A66002095660020CF
:10EF9C009466002092660020906600209B660020FC
:10EFAC0070B50B4D0B4C0A002100280008F0C3F87B
:10EFBC002800282105F09EFA21002822064807F097
:10EFCC000BFC0421054B1A6813688B43136070BD4E
:10EFDC00CC050020F4050020780600201C0600203B
:10EFEC0007B56B46D91D087064230122014807F050
:10EFFC002DFA07BD7806002010B5044C0A0001005C
:10F00C006423200007F022FA10BDC04678060020C9
:10F01C00034B1A68402311680B4313607047C046BA
:10F02C00EC080020022303498A681A42FCD0024BE8
:10F03C0018707047003001400C300140402210B570
:10F04C0001240C4B1B681968914319601968A14382
:10F05C0019601968196019680A431A600222064B74
:10F06C0099681142FCD0054A1070802299681142AF
:10F07C00FCD110BD88080020003800400C3800403E
:10F08C00F0B540240126144B1B681D68A5431D6078
:10F09C001D68B5431D601D68104E15431D601A6830
:10F0AC00802514431C60002202240D4B904208DC86
:10F0BC00022299681142FCD0802299681142FCD13D
:10F0CC00F0BD9F682742FCD09F682F42FCD18F5C1B
:10F0DC0001323770EAE7C046880800200C3800403F
:10F0EC0000380040402210B501240F48036819680D
:10F0FC00914319601968A14319601968196019685E
:10F10C000A431A6006F072FB0222084B99681142FE
:10F11C00FCD00021064A1170012299681142FCD0E2
:10F12C00D868C0B210BDC046880800200038004026
:10F13C000C380040F8B5144F0400380016000D00D0
:10F14C0006F054FB40223B68196891431960012179
:10F15C0018688843186018683043186018680B4E9C
:10F16C0002431A6002200023094A9C4200DCF8BDCD
:10F17C0097680742FCD00027377097680F42FCD085
:10F18C00D768EF540133F0E7880800200C380040B2
:10F19C000038004070B50C4C002220686168FFF705
:10F1AC009BFC0520FFF74AFF0125FFF79BFFFFF7AC
:10F1BC0099FF284205D1206801226168FFF78CFC79
:10F1CC0070BDFFF78FFFF4E73400002010B5062860
:10F1DC0007D10C480222036852421A6106F01AFB4E
:10F1EC0010BD072801D10848F4E70E2801D10748C3
:10F1FC00F0E7102801D10648ECE71128F0D10548BA
:10F20C00E8E7C0463C080020F0070020A4070020D7
:10F21C00580700200C07002010B5062803D10A4817
:10F22C0006F02CFB10BD072801D10848F8E70E2882
:10F23C0001D10748F4E7102801D10648F0E711285E
:10F24C00F0D10548ECE7C0463C080020F007002050
:10F25C00A4070020580700200C070020084B0628A4
:10F26C000BD0084B072808D0074B0E2805D0074BAE
:10F27C00102802D0112802D1054B1B68D9627047A7
:10F28C003C080020F0070020A407002058070020AD
:10F29C000C070020084B06280BD0084B072808D079
:10F2AC00074B0E2805D0074B102802D0112802D18D
:10F2BC00054B1B68596270473C080020F007002082
:10F2CC00A4070020580700200C07002062B67047E6
:10F2DC0072B670470E4B10B50400984207D103F07C
:10F2EC00CBFA0C4B9C4207D103F0B0F90FE00A4B60
:10F2FC00984207D103F080FD084B9C4207D103F0E4
:10F30C00D1F904E0064B9842EBD103F083FD10BD1C
:10F31C003C08002058070020F00700200C070020B4
:10F32C00A407002072B6FEE7F7B52C4C2C4A23003C
:10F33C00106851688033186059602A4B00261A688F
:10F34C005B6800270025226163610022264B01A81F
:10F35C0026626762A662E76226636763226463645F
:10F36C002580A56303F07CFF6B4622009B88483206
:10F37C005BBA138001A832003B002665676503F079
:10F38C006FFF6B4622009B8858325BBA138001A832
:10F39C0032003B002666676603F062FF6B46220074
:10F3AC009B8868325BBA138023006A331D8023006C
:10F3BC006E331D80230072331D80230076331D8035
:10F3CC0023007A331D80230088331E605F60230086
:10F3DC007E3490331E605F602580F7BDD00900201D
:10F3EC002000002010000020E0FFEF40F8B50022C4
:10F3FC00334BFAF707FA0022324BFAF7C9FD040037
:10F40C000D00314A314BFBF7FDF922002B00FBF7C5
:10F41C00F9F922002B00FBF7F5F92D4A06000F0035
:10F42C00200029002B4BFBF7EDF922002B00FBF7FA
:10F43C00E9F902000B0030003900FAF7E3F9244A2D
:10F44C0006000F0020002900234BFBF7DBF902001C
:10F45C000B0030003900FAF7D5F9204A204BFBF7A6
:10F46C00B7FC08F071FC00221E4B04000D00F8F7ED
:10F47C00F7FF002812D01C4B1B78002B04D0012264
:10F48C001A4B1B4C1B4D1A701B4B1B78002B02D0BC
:10F49C000122164B1A7029002000F8BD0022200012
:10F4AC002900164BF8F7C8FF0028F4D0124B1B7834
:10F4BC00002BF0D001220D4B0D4C0E4D1A70EAE7CB
:10F4CC000000894000E09540D7A3703D0AD58140EB
:10F4DC006666666666D29EC06672A140295C8FC263
:10F4EC00F5D8894000001E40E80100207C66002011
:10F4FC008FC2F5285CFF5840496300200000F03FA4
:10F50C00F8B50D0004000D4A0D4BFBF77BF92B00F1
:10F51C002200FBF777F90B4A06000F0020002900A8
:10F52C00094BFBF76FF902000B0030003900FAF7BA
:10F53C0069F9064A064BFAF765F9F8BD865AD3BC49
:10F54C00E3149DBF454772F90FE9FE3F4A0C022BAD
:10F55C008716A93FF8B50F0019000E4B06001B7853
:10F56C001000002B12D00C4C0C4D00220C4BFBF756
:10F57C002FFC2B002200FBF745F90022094BFAF770
:10F58C0041F932003B00FBF73DF9F8BD064C074D45
:10F59C00EBE7C046496300209A9999999999993F4C
:10F5AC00000039400000F03F7B14AE47E17A943FF5
:10F5BC000023F0B5ABB0C74CC74D07902993012879
:10F5CC0023D120702B70FFF739F806000F00C34BC6
:10F5DC001E605F60C24B1B78002B21D000220023E1
:10F5EC00F8F73EFF00281BD0BE4B0022300039003C
:10F5FC00F8F722FF012300280DD0237000232B7075
:10F60C000022B94B0492059310E0079A022ADAD132
:10F61C0023700123D6E720702B700022B34BF1E747
:10F62C002378002BECD12B78002BF6D1FEF7FCFEC7
:10F63C00022802D10022AE4B1A70FEF7F5FE01280B
:10F64C0001D1AB4B1870FEF7D3FEFEF736FF1490CA
:10F65C00FEF795FEA74B1870FEF74AFF3221F8F71C
:10F66C00CFFE002901D101F0FDFD0023012219007C
:10F67C00F420FEF750FE431E984100239E4DC0B26D
:10F68C00190028700122F520FEF745FE431E984113
:10F69C009A4BC0B21870FEF7DAFE012802D0002295
:10F6AC00974B1A70FEF700FF0D90022802DD012225
:10F6BC00944B1A70944B1A78002A00D1BDE08D4AF5
:10F6CC0012783B2A00D8B8E0904B01221A70904B6C
:10F6DC001A70904B1A788E4B002A03D18B4A1278F1
:10F6EC00002A01D001221A701B78002B05D0237838
:10F6FC00002B02D001227E4B1A70FEF7C3FE764B14
:10F70C0085491B780860002B05D00122834B022809
:10F71C0000D09DE01A707A4E7C4C3378002B09D0C7
:10F72C002378002B06D00020FEF7DAFC0022754B64
:10F73C000D921A702378714C002B00D18EE0784B0F
:10F74C00784A1A806F4B1B78002B02D00122764B23
:10F75C001A700125754B1D60FCF7E4FA2378D8B2BA
:10F76C00002B03D1724B1D70FEF7C8FCFEF7AEFEEA
:10F77C00704B1860614B1B78002B06D0FA21684A3D
:10F78C00890013885B189BB213805B4B1B78002B92
:10F79C0004D0634A13880A339BB21380624B1B78E4
:10F7AC00002B04D05E4A138864339BB21380584BF1
:10F7BC00614C1B78DAB20C92002B00D1EDE0FEF715
:10F7CC00CFFE23781A00083A511E8A410821D2B282
:10F7DC000C92524A089312780F91002A02D05B08BF
:10F7EC000133089300230120227854499A4200DD0A
:10F7FC00DBE002F065FE524C079916A801F01CFAEA
:10F80C00482216A9200007F096FCFEF7A8FD1590DB
:10F81C00FEF71CFFFEF7D2FEFEF7E4FEFEF7F8FE45
:10F82C00484B1B78002B01D0FCF7A0FB424B01246A
:10F83C001A78454900234548BFE01B78002B00D1BE
:10F84C0047E72C4B1B78092B00D842E7314B3CE7A0
:10F85C0002201A700860FEF735FC5CE73C4B1B7805
:10F86C00002B1BD02B4B1B78002B17D02C4B394A61
:10F87C001A802378DCB2002B00D077E70125022216
:10F88C00294B1D70294B1A601B4B1C70FEF7C8FBD3
:10F89C00FCF748FA264B1D70200065E71A4B1B78C5
:10F8AC00002B5BD03378002B58D02378002B09D158
:10F8BC001B4B294A1A8001231B4A13701B4A1360E5
:10F8CC001B4A137000242C70FEF7AAFBFCF72AFAD3
:10F8DC00E2E7C04649630020E8010020D80A002076
:10F8EC00486300200070874000D0864000208C4088
:10F8FC003C630020E10A0020E7640020E56400205E
:10F90C0090660020E00A0020956600209366002097
:10F91C009466002092660020EC0100204C630020CD
:10F92C0088660020102700009866002048020020FE
:10F93C00E6640020C00A00204D020020F1010020E6
:10F94C00780A0020CF640020D40300205A630020E2
:10F95C0091660020204E000030750000744B1B781F
:10F96C00002B00D102E73378002B00D0FEE6237881
:10F97C00DEB2002B00D0F9E601246E4B6E4A1A80E1
:10F98C006E4B1C706E4B1C602E70FEF749FBFCF727
:10F99C00C9F96C4B30001C70E6E6FEF76AFD0323D8
:10F9AC00434308930C9B0F931CE7C85401331DE78A
:10F9BC00CD5C052D00D9C45401339A42F8DC00F01B
:10F9CC0007FE03F065FAFA20C00004F017FE0023CE
:10F9DC000E9311930A93FFF7A7FC5B4C236B012B3F
:10F9EC003DD15A4B1B78002B39D003F0E7FA022893
:10F9FC0035D1FEF7E4FC012831D103F0DFFA012800
:10FA0C002DD003F0DBFA012829D0514823680422B9
:10FA1C000370030039331A704E4B00241A6803002C
:10FA2C0078331A800300FF227E331A70312503F0DD
:10FA3C00B5FE03F0A1FE04F015F80022E30FA54279
:10FA4C005341DBB2934201D0904203D1FCF76AF9E7
:10FA5C002BB0F0BD0A2004F0D1FD0134EBE7A26914
:10FA6C00E369A06AE16AFAF793FAFBF7DDFDAF22CE
:10FA7C00394B0021109012011800069307F0C6FABA
:10FA8C00AF22364D00212800120107F0BFFAAF2239
:10FA9C00334E00215201300007F0B8FAAF2200219A
:10FAAC005201304807F0B2FAAF222F4F0021520119
:10FABC00380007F0ABFA40226B469B181B883200CB
:10FACC0029000B93009306983B0003F0C5F9274BD4
:10FADC001A4D1A782B78134022003C3212781A42B5
:10FAEC000CD035342378002B08D00498059903F0FA
:10FAFC001DFA002301222B701D4B1A7000221D4B86
:10FB0C001A8002F0DDFE104B9868D96802F036FEC0
:10FB1C0002F030FF02F0CEFE06900028FAD1164B10
:10FB2C001B78DAB20992002B28D103F0E1FD8FE7A4
:10FB3C009566002088660020409CFFFF9866002098
:10FB4C0048020020E6640020780A0020E901002029
:10FB5C00D00900208C66002074570020844C0020B3
:10FB6C00A4360020C4200020E40A00209666002061
:10FB7C000B0A0020866600204C020020D54B069A0A
:10FB8C00D5491A80D54AD64B966B176809785E70A2
:10FB9C00FBB2002905D0126C002A02D01B019B1865
:10FBAC00DBB2CF4CCF4A2370CF4BCC4D2262636279
:10FBBC00286A696ACD4ACE4B22636363A262E36210
:10FBCC002300883318605960AA6AEB6AFBF700F9C6
:10FBDC00FBF72AFDC317C0185840FBF761FDC54B56
:10FBEC0090341B7820606160002B37D05A2312AA06
:10FBFC009B1800223E351A802B780124934201D1A8
:10FC0C00BD4B1C78BD4B1B78002B12D0BC4B1B780A
:10FC1C00002B09D0B149BB4B002208694969F8F7A0
:10FC2C0005FC0023984206D0B74B1B78002B00D064
:10FC3C0017E2012323405A2412AAA41831003A00D7
:10FC4C0010980094FBF7FEFEB04B22881A80B04B44
:10FC5C001B78002B00D010E200F0BCFF049A059B2F
:10FC6C009F490B98FDF7FEF9A44B1B78002B09D08C
:10FC7C009A4B1A6B012A00DD02E25A6BA54B1A4211
:10FC8C0000D0FDE1129E139F9C4B1A789A4B1B7867
:10FC9C00002B00D112E2A048A04900780B78002874
:10FCAC0000D108E28E48013B046C456C181C04948E
:10FCBC0005951B0600D5002008709849984B0978CB
:10FCCC001970984B1B78002B03D09749974B0968F8
:10FCDC0019600021964B1B788B4208D195487F4BBD
:10FCEC000078884203D036331B785B42D9B2924BF2
:10FCFC007B4C1970002A5FD0784B1093844B1B7887
:10FD0C00002B59D18D4D079B3200286869680093F0
:10FD1C003B00FFF76BFB20626162FFF7F1FB22698E
:10FD2C00636912921393079B206361630093129A89
:10FD3C00139BFFF70FFC22696369129213932A68D5
:10FD4C006B68A062E162206C616C00920193129A64
:10FD5C00139BFCF7F1FD0B0002001099A260E3600D
:10FD6C003F310978002909D0109910983D31097854
:10FD7C000068FCF72FFA8034206061600021584D38
:10FD8C00564CAA68EB680091216C2068FBF786FF43
:10FD9C00089B6B4A013B0893137838350133137079
:10FDAC00684B28701B78002B06D03D3423785A42C0
:10FDBC0053410E9AD3180E930498059901F082FAC8
:10FDCC004D4B1B78002B08D05F4B1B78002B04D0BD
:10FDDC005E4B5C681B6804930594404C2068FBF7F1
:10FDEC00E7FF5B4B1870002002F05AF90C9B002BBC
:10FDFC0003D00E9B0F9A934208D0089B002B00DD7A
:10FE0C0086E136342378002B00D181E10122514B5D
:10FE1C001A70FEF7ABF8FEF761F8FEF777F84E4B69
:10FE2C001B78002B31D0FEF7E3F8444B00221C6802
:10FE3C005D684A4B20002900F8F712FB002824D0FB
:10FE4C00474B20001093474B29001A685B68FAF760
:10FE5C00BFFF454A454BFAF7D5FC109B04001868C8
:10FE6C000D00FBF71DFC02000B0020002900F9F728
:10FE7C00C9FCFBF7D9FB642800DC40E16420109B33
:10FE8C00C1B21860FB20FEF7B5FC394B1A78394B20
:10FE9C00002A00D001221A70FEF7C2F8364B1B78EC
:10FEAC00002B0CD028226B469B181878FEF72DF9E6
:10FEBC000A9B002B03DD314B0A9A1199D154074B45
:10FECC001868C0B2FEF7FEF90A4B1B78002B5BD00A
:10FEDC0056E0C046846600204C630020780A00205F
:10FEEC00D00900208FC2F5285CFF58400E2DB29D22
:10FEFC00EFFF584096660020E90100204A6300207D
:10FF0C004963002000004440E8010020420A002020
:10FF1C00B40A0020FF00FF00ED030020BB650020A9
:10FF2C00080A0020AD0A00208C66002080660020A4
:10FF3C0094660020B60A00204E0A002038020020E9
:10FF4C00E20A0020FD030020AE0A0020300200204F
:10FF5C00090A0020D1030020B965002000708740F9
:10FF6C0040020020D80A00209A9999999999B93F92
:10FF7C00EB640020E764002093660020BF6400203F
:10FF8C00FDF750FFFDF79AFF6E4B1B78062B00D048
:10FF9C00BAE0FEF780FA0130C0B2FEF79AF8FBF730
:10FFAC00C1FE149B581CC0B2FEF7A1F80021FA2028
:10FFBC00FEF720FC644B1B78002B04D10D9B581CC6
:10FFCC00C0B2FEF78DF8149B092B05D9012002F065
:10FFDC0067F80020FEF78BF8FDF7C0FEFDF7E8FE92
:10FFEC005A4B18680130FE2800DDFE201860C0B2A4
:04FFFC00FEF784F890
:020000040801F1
:10000000FEF77CFA0130FEF78DF8FF22534B1A7091
:10001000159B012B0BD1099C514B02940B9C514A0F
:100020000194514C51495248009403F077F9514BD7
:100030001B78002B02D1099B002B15D04E4803F0F2
:10004000B3FB312403F09EFB03F012FD0022069B5C
:100050000699DB0F8C425341DBB2934201D09042B0
:100060006CD1099B002B70D112961397B9E44349C8
:10007000434B00228868C968F8F7DEF900239842EC
:1000800000D0DCE5DDE53F4B1870EDE53E4D28780E
:1000900002F08EF8384C2B78A061022B0ED102F0C2
:1000A00097F906000F00394B266167611E605F609B
:1000B000374B1B78002B00D1EAE5EBE502F0CCF8DA
:1000C000EFE701330B70FEE5002A00D107E6314966
:1000D0002A4B0978002900D001E62F480078002833
:1000E0000FD029912D4924480978046C456C04945B
:1000F0000595002900D1F2E519689B6B0A911193CF
:10010000EDE5299B01332993E9E5002800DDBCE6F4
:100110000120BAE60020FDF7E2FF48E71E4B204A27
:1001200029A91B78127800910498059901F05AFCCE
:10013000FF221C4B1A700023099369E70A2004F080
:1001400063FA069B013306937EE700F04DFA85E4DF
:10015000090A0020E00A0020C00A00204E0A002000
:10016000C4200020A4360020E40A0020844C002093
:10017000745700204D010020D0090020780A00208B
:1001800000003E40F0010020EA01002010000020A5
:10019000AC0A0020B40A0020FD030020FC0300206C
:1001A000ED0300204F0A002001210A4B82B01A6C97
:1001B0000A431A641A6C0A4080210092009ADA6B92
:1001C00049050A43DA63DB6B0B400193019B02B0E4
:1001D0007047C0460010024010B5040094B01422CD
:1001E000002102A806F018FF3422002107A806F01B
:1001F00013FF174B22689A4227D1202307A80793A1
:1002000005F0C2F8002801D0FFF792F80222114C45
:100210001148636B02A913436363636B134000933C
:10022000009BC0230293AE3B0393002304930593EA
:100230000633069304F0EEFB8022E36B9203134334
:10024000E363E36B13400193019B14B010BDC04600
:1002500000540040001002400004005010B504009B
:100260008EB03422002101A806F0D6FE104B226881
:100270009A421BD180239B020193802301A85B003B
:100280000D9305F081F8002801D0FFF751F8802286
:10029000084B1202D96D0A438021DA65DA6BC90076
:1002A0000A43DA63DB6B0B400093009B0EB010BD7A
:1002B000002800400010024010B504008AB014224B
:1002C000002105A806F0A8FE23681F4A93421CD10E
:1002D00080211E4B49011A6CA0200A431A641A6C33
:1002E000C0050A4001210192019A5A6B0A435A63E0
:1002F0005B6B0B400293029B154B05A905930223F0
:10030000069304F087FB0AB010BD124A9342FAD15B
:1003100080210E4BC901DA6B0F480A43DA63DA6BAE
:100320000A4008210392039A5A6B0A435A635B6B93
:100330000B400493049B1A230593183B0693013B3F
:10034000099305A9DDE7C0460030014000100240D6
:10035000C280000000380040000C00507FB50368E8
:10036000324A934212D11021314B1120DA6B0A43E9
:10037000DA63DB6B00220B4001930F39019B04F021
:1003800055F9112004F07CF907B000BD294A9342C9
:100390000FD12021264B1220DA6B0A43DA63DB6B84
:1003A00000220B4002931F39029B04F03FF91220F8
:1003B000E8E7214A934210D180211D4B09021A6CB3
:1003C00013200A431A641B6C00220B400393012183
:1003D000039B04F02BF91320D4E7184A934210D161
:1003E0008021134B89021A6C15200A431A641B6C76
:1003F00000220B4004930121049B04F017F91520FF
:10040000C0E70F4A9342BFD18021094BC9021A6C41
:1004100016200A431A641B6C00220B40059301212D
:10042000059B04F003F91620ACE7C046001000401D
:100430000010024000140040002000400044014031
:100440000048014070B5060094B01422002102A8B3
:1004500006F0E2FD3422002107A806F0DDFD274B5F
:1004600032689A4247D1012307A8079304F08CFF12
:10047000002801D0FEF75CFF8021214BC9011A6CD6
:10048000A0200A431A641A6C00250A400092009AC0
:100490000122596BC005114359635B6B02A91340DC
:1004A0000193019BB0235B01029302230495039304
:1004B0000595069204F0AEFA124C134B200023600F
:1004C000322363604E33A560E56023616561A561F9
:1004D000E561256204F034F9A84201D0FEF728FF57
:1004E0000022331D1B201100DC67A66204F09EF879
:1004F0001B2004F0C5F814B070BDC04600380140A0
:10050000001002401C06002008000240FEE7FEE743
:100510007047704710B504F065F810BD10B502487B
:1005200004F024FA10BDC0461C06002010B5024895
:1005300005F0C8F910BDC0463C08002010B50248BF
:1005400005F0C0F910BDC046F007002010B5024804
:1005500005F0B8F910BDC046A407002010B5024848
:1005600005F0B0F910BDC0465807002010B502488C
:1005700005F0A8F910BDC0460C07002010B50248D0
:1005800005F08EFB10BDC0467806002010B5034B69
:10059000012218685968FEF7A5FA10BD94000020E2
:1005A00010B5034B002218685968FEF79BFA10BD7E
:1005B0009400002010B5034B012218685968FEF71B
:1005C00091FA10BD8C00002010B5034B0022186872
:1005D0005968FEF787FA10BD8C00002010B5FFF7B0
:1005E000D5FFFFF7E7FF10BD10B5FFF7D9FFFFF705
:1005F000EBFF10BD10B5034B012218685968FEF7D8
:1006000071FA10BD7400002010B5034B0022186869
:100610005968FEF767FA10BDC400002010B5034BFF
:10062000012218685968FEF75DFA10BDC400002069
:1006300010B5034B002218685968FEF753FA10BD35
:10064000BC00002010B5034B012218685968FEF762
:1006500049FA10BDBC00002010B5034B00221868F9
:100660005968FEF73FFA10BDB400002010B5034BE7
:10067000012218685968FEF735FA10BDB400002051
:1006800010B5034B002218685968FEF72BFA10BD0D
:10069000AC00002010B5034B012218685968FEF722
:1006A00021FA10BDAC00002010B5FFF7ADFFFFF739
:1006B000BFFFFFF7D1FFFFF7E3FF10BD10B5FFF756
:1006C000ADFFFFF7BFFFFFF7D1FFFFF7E3FF10BD5F
:1006D000304B10B5186800225968FEF703FA2E4B0C
:1006E000002218685968FEF7FDF92C4B00221868A3
:1006F0005968FEF7F7F92A4B002218685968FEF787
:10070000F1F9284B002218685968FEF7EBF9264BDF
:10071000002218685968FEF7E5F9244B0022186892
:100720005968FEF7DFF9224B002218685968FEF776
:10073000D9F9204B002218685968FEF7D3F91E4BEF
:10074000002218685968FEF7CDF91C4B0022186882
:100750005968FEF7C7F91A4B002218685968FEF766
:10076000C1F9184B002218685968FEF7BBF9164BFF
:10077000002218685968FEF7B5F9144B0022186872
:100780005968FEF7AFF9124B002218685968FEF756
:10079000A9F910BD44010020CC000020E400002095
:1007A0003C010020340100202C0100202401002005
:1007B0000C010020F400002004010020FC000020B7
:1007C000EC00002014010020DC000020D4000020F8
:1007D0001C01002010B5FFF77BFF074B01221868B2
:1007E0005968FEF77FF9054B012218685968FEF732
:1007F00079F9FFF7FFFE10BD5C00002064000020C7
:1008000010B5FFF765FF034B002218685968FEF723
:1008100069F910BD5C000020304B10B5186800224B
:100820005968FEF75FF92E4B012218685968FEF7E8
:1008300059F92C4B012218685968FEF753F92A4BD5
:10084000012218685968FEF74DF9284B01221868F3
:100850005968FEF747F9264B012218685968FEF7D8
:1008600041F9244B012218685968FEF73BF9224BE5
:10087000012218685968FEF735F9204B01221868E3
:100880005968FEF72FF91E4B012218685968FEF7C8
:1008900029F91C4B012218685968FEF723F91A4BF5
:1008A000012218685968FEF71DF9184B01221868D3
:1008B0005968FEF717F9164B012218685968FEF7B8
:1008C00011F9144B002218685968FEF70BF9124B06
:1008D000002218685968FEF705F910BD4401002090
:1008E000CC000020E40000203C0100203401002066
:1008F0002C010020240100200C010020F400002025
:1009000004010020FC000020EC0000201401002065
:10091000DC000020D40000201C01002010B50400E1
:10092000002901D0FFF7D4FE601E0E280FD8F7F77C
:10093000E9FB080F11131517191B1D1F212325276C
:100940002900114B186801225968FEF7CBF810BD39
:100950000E4BF7E70E4BF5E70E4BF3E70E4BF1E7C7
:100960000E4BEFE70E4BEDE70E4BEBE70E4BE9E7D7
:100970000E4BE7E70E4BE5E70E4BE3E70E4BE1E7E7
:100980000E4BDFE70E4BDDE7CC000020E40000203B
:10099000240100203C010020F4000020340100204C
:1009A00004010020FC0000202C010020EC000020AD
:1009B0000C01002014010020DC000020D4000020E5
:1009C0001C010020F7B50190FFF782FE284B294A51
:1009D0001B780B270092002B04D1274B1B78002B90
:1009E00000D0177800242600244D009B1B78A342DA
:1009F00000DCF7BDB742FCDD2A780134002A1CD0A8
:100A00002000A34200DAE01A019B002B01D0002352
:100A10002B7002381A4B0C2809D8F7F773FB071014
:100A2000121416181A1C1E2022242600154B1868B2
:100A300001225968FEF756F801360135D5E7124B09
:100A4000F5E7124BF3E7124BF1E7124BEFE7124BCE
:100A5000EDE7124BEBE7124BE9E7124BE7E7124BDE
:100A6000E5E7124BE3E7124BE1E7124BDFE7C04645
:100A7000496300204D020020E8010020F101002020
:100A8000CC000020E4000020240100203C010020D4
:100A9000F40000203401002004010020FC000020AC
:100AA0002C010020EC0000200C010020140100208B
:100AB000DC000020D400002010B5FFF709FE034B36
:100AC000012218685968FEF70DF810BD4401002096
:100AD0000120704710B506F007FB162303600120C4
:100AE000404210BD10B506F0FFFA16230360FEE782
:100AF00070B50E0014000025A54201DB200070BD7A
:100B000000E000BF70550135F6E770B50E00140027
:100B10000025A54201DB200070BD705D00E000BF34
:100B20000135F6E701204042704780239B010020F9
:100B30004B60704701207047002070470B490C4AFA
:100B40000300521A0B4910B50868002801D10A4861
:100B500008600868C318934206D906F0C5FA0C234A
:100B600003600120404210BD0B60FCE70004000060
:100B70000090002038630020586800207047000073
:100B800070B5FDF7E0FC0E4C0E4D20602B780F2861
:100B90000DD1002B01D10F2070BD0E20FDF782FB7F
:100BA0000E2323602B78002BF5D02068F4E70E2865
:100BB000F8D1002BEFD00130FDF774FB0F23F0E7E5
:100BC0001C020020E16400200F2802DD024B18788F
:100BD0007047024BC05CFBE7F0010020BF640020BF
:100BE000144A30B514680F2C23DC134B1D78002DEC
:100BF00002D0092800DD0920104B1B78002B02D001
:100C00000923082802DC031E00DC01231100343113
:100C10000978906B29400125082800DC002529422D
:100C200004D0984202DD5168013151609363044A57
:100C3000A35430BD780A00204A630020E901002057
:100C4000BF64002070B50400FDF724F9FDF7E0F85B
:100C5000FDF770FC164B17491870174B1B78002BCB
:100C600004D1164B1B78002B04D0154948222000D4
:100C700006F067FA134B1B78002B09D001221249AA
:100C80000A70032B04D918001040134200D10870D9
:100C9000FFF776FF0500FFF797FF01220B4B25605A
:100CA0001A7000220A4BA0631A702000226470BDE3
:100CB000EA010020A001002049630020E801002093
:100CC00058010020D0640020E1640020E9010020E8
:100CD0004A630020F0B5474D01212A780023170010
:100CE00085B002914448454993422CDBFAF786FED1
:100CF00005F070FE0023424C2364424B1B780193A5
:100D0000002B2ED023003C331B782A78002B25D1D2
:100D1000236801339A4200DA9B1A01213A4A236080
:100D200099543A4A13685B181360384C2A78236840
:100D30009A4206D10D220021304806F06DF90023B9
:100D4000236005B0F0BDCC5C0133002C02D1C45C43
:100D5000002C01D0013FC7E70293C5E72C4B1B686D
:100D6000DBE72C4B1B78002BDFD0244E002F35DD2A
:100D7000012F35D005F05EFE2B7819000293F7F7AE
:100D800045FB735C002BF5D1234B03935B5C002B7D
:100D900002D0019B002BEDD04B1C236001231B4F85
:100DA00073543B68029A01333B609A42BDDD05F003
:100DB00041FE2978F7F72AFB735C002BF7D1039BE0
:100DC0005B5C002B02D0019B002BF0D04B1C2364FA
:100DD000012373543B6801333B60A6E70193C9E7E5
:100DE000029B0A4A2360F318013B1F70136801330A
:100DF0009AE7C0464D020020596300204D63002051
:100E0000780A0020496300204C63002044630020DE
:100E100040630020E80100205A630020F0B5CD4C6B
:100E2000002123003E3385B0197001232363022380
:100E3000FF33A38623000D223633C7481970A187DC
:100E4000216406F0E9F8C54B1B780393002B00D111
:100E500008E1C34B00221B78002B00D100E1802366
:100E6000DB05A261E3610022BE4BA260E3600022C9
:100E7000BD4B226163610022BC4BA262E36203238B
:100E80006360BB4B00221C685D68BA4B20002900E0
:100E9000F7F7ECFA002800D0FCE02000290000223F
:100EA000B54BF9F79BFFB54AB54BF9F7B1FC02001A
:100EB0000B000020B349F9F791FF0022B14B060067
:100EC0000F00F7F7D3FA002801D00026AD4FA14B51
:100ED0001E625F62AC4B1B78002B43D0AB4B2000F3
:100EE0001A685B682900F9F779FF00900191009B6F
:100EF00000221800019B5B005908A54BF7F7B6FAD2
:100F0000002803D00023002400930194A14A1388F1
:100F100001339BB21380039B002B00D1BDE09E4B9D
:100F200000221C685D689D4B20002900F8F770FCCA
:100F3000884E9B4BB062F1621A685B682000290002
:100F4000F8F766FC002204000D00964B009801990A
:100F5000F9F75EFC02000B0020002900F9F73EFFC4
:100F600030627162904B1B78002B00D1C3E0039B71
:100F7000002B00D1B7E0FDF7B8FA002803D08B4B67
:100F80001B78002B07D08A4B07221D780023894944
:100F90009D4200DD9EE001226E4B1860864BC254DC
:100FA000864A1368013313600121854A694B117029
:100FB00003225A6000223F331A70824B654C1B7823
:100FC000002B06D023003E331B78002B01D00123D9
:100FD00063602068FFF7F8FD226B6368A0639A42A4
:100FE00003D12300012236331A7023003C331B78CF
:100FF000002B14D1744B1B78002B10D073490022A6
:1010000008684968724BF7F71DFA002807D0206A74
:10101000616A00226F4BF8F7FBFB206261622300DC
:101020003D331B78002B07D0206A616A0022694B90
:10103000F8F7EEFB20626162206A616A0022514B80
:10104000F7F714FA002803D000224E4B22626362A5
:101050000022614B1A70614B01321A7005B0F0BD6D
:101060005F4BFEE65F4B1B78002B00D109E7802326
:101070000022DB05A261E36100225B4BA260E3601A
:1010800000225A4B226163610022594BA262E36243
:101090000223F5E60020374901E7524B1B78002B6D
:1010A00000D15FE73C4B00221C685D683B4B200091
:1010B0002900F8F7ADFB274E394BB062F1621A6890
:1010C0005B6820002900F8F7A3FB2C4A04000D0000
:1010D0002B4B3BE7CE5C5C1C964202DC2000CA5CDA
:1010E000D2B2230054E73F4B1B78002B00D15BE7C3
:1010F000FFF7F0FD58E73F4B164C1B782C4D002BAB
:1011000000D081E0002082332360230001223A498D
:101110003C33A061E161002013491A70374B206114
:10112000616119781300002906D0354B1978022324
:101130000F392C2900D913006360FDF721FA314BD8
:101140002A7802301860904200DC36E7801A186076
:1011500033E7C046780A00204D6300204963002031
:101160003C630020000059400000444000908A4049
:101170003802002000488C40004085409A99999997
:101180009999E93F00608340E7640020D80A002075
:1011900000006940886600202002002000206C408A
:1011A000300200200000E03F98660020906600209A
:1011B0004D020020D40300204C6300204463002033
:1011C000B50A0020180200204B63002020000020F8
:1011D0000000144000004940E90100204A6300205B
:1011E0000000F03FE801002000003E4000005440B5
:1011F00000E08540936600200000084094660020CF
:10120000E10A002040630020230001223E331A70CF
:10121000FDF7B6F92B7801302060984201DDC01A45
:101220002060FFF757FDC8E610B50D2228210348BE
:1012300005F0F2FEFCF70EFE10BDC0467463002000
:1012400010B568220021034805F0E6FEFCF7B6FD64
:1012500010BDC0468863002010B5682200210348F5
:1012600005F0DAFEFCF780FD10BDC046F0630020FB
:1012700010B50D22FF21034805F0CEFEFCF7FAFD64
:1012800010BDC0466763002010B50220FCF720FFA8
:101290000222014B1A6010BDEC010020F8B50C6869
:1012A0004D68066847682B00220030003900F7F7C8
:1012B000C9F803000120002B08D12B0022003000C8
:1012C0003900F7F7D3F8431E98414042F8BD0000BB
:1012D000F0B5C24B91B01B7802900391002B00D166
:1012E0008DE0BF4ABF4B116B18780139BE4BC90066
:1012F0005B18002800D152E10298039918605960E8
:10130000130035331B78002B02D10121B74B197024
:10131000130036331B78002B71D0536800240493DC
:10132000B34B00261B7800275A425341049A9B185E
:10133000043B1D000E93AC4B0A93049B9D4200DAC4
:1013400032E1AC4B002C00DCE7E1002220001A70F7
:10135000FAF7ACF90690079102000B003000390053
:10136000F8F71CFE002600270C900D910E9C9E4D58
:10137000049B9C4200DA77E1069A079B3000390013
:10138000F8F70CFE06F054FD002300260027069314
:101390000A900B91944B0F930E9B049A934200DAA0
:1013A00084E10698FAF782F902000B003000390058
:1013B000F8F7F4FD06000F008F4B904D1C78904B12
:1013C0002E606F601B785BB2022B00DDDBE1012237
:1013D0008C4B1A70002C12D08B4D8C4C2B78002B20
:1013E00000D1B7E1002230003900894BF7F72AF825
:1013F000002800D1AEE1002301222B702270854B22
:101400001B78002B00D1C8E0834B754A1B78002B5A
:101410004FD1824B1B78002B4BD0814B1B78002B7C
:1014200047D112687F4B013AD2009B181C685D6857
:101430000022002320002900F7F718F8002838D0F0
:10144000794B1B8818000E93FAF730F900220F0031
:101450000600764B20002900F9F7DAF902000B00AC
:1014600030003900F6F7EEFF714F002807D0002258
:10147000200029006F4BF7F703F800280CD10E9BD2
:10148000042B00D9A3E10022200029006A4BF6F7C3
:10149000F7FF002800D19AE100223B6801333B604E
:1014A0005E4B1A70654B1A70654A1388C8339BB23D
:1014B00013805F4A1368042B0BDD0121614B002070
:1014C00019700023002113605F4B18605960FFF70B
:1014D000B7FE514B1B78002B00D17AE14E4B404DAB
:1014E0001B780E93002B1CD14C492B6B2A68087873
:1014F000013B5649013ADB004A4CD200CB18002888
:1015000000D1D7E10298039918605960504BA41894
:101510009B1818605960444B1888FAF7F5F820605A
:1015200061602B0036331B78002B36D02B003D3307
:101530001B78002B03D0344B1B78002B1ED10024CA
:101540006B680693434B1B78A34201D1069B9C1EFC
:101550000025002600273D4B0893069B9C4200DA9D
:10156000B2E1002D0ADD2800FAF7A0F802000B0016
:1015700030003900F8F712FD02900391274B1B78D9
:10158000002B0AD00E9B002B07D10299039A324BF5
:1015900019605A600122314B1A7011B0F0BD304809
:1015A000304918605960B3E60A9AEB009B181A6834
:1015B0005B680692079306980799294A294BF6F724
:1015C00041FF002808D0069A079B30003900F8F741
:1015D0001FF906000F0001340135AEE6E9010020D5
:1015E000780A0020ED03002010650020EA64002046
:1015F000E1640020440200204863002038020020FB
:10160000BB650020B9650020E80100204963002087
:10161000007087404A630020B40A0020FD030020C8
:101620009466002088630020460A00200000D03F16
:10163000D46400200000444000003440FC0300203B
:1016400086660020E9640020C8030020F0640020C2
:10165000F06300201802002030020020D264002035
:101660000000C0FFFFFFDF41E3005B191A685B6801
:101670000A920B930A980B99B04AB14BF6F7E2FE27
:10168000002811D00C9A0D9B0A980B99F9F7A6FB2C
:1016900002000B00F9F7BCF802000B003000390023
:1016A000F8F7B6F806000F00013461E60E9B0F9ABA
:1016B000DB009B181C685D68A04A20002900A04B35
:1016C000F6F7C0FE002824D00C9A0D9B20002900BC
:1016D000F9F784FB4B005B0808900993089A099B73
:1016E0000A980B99F6F7CCFE002807D108980999BB
:1016F0000022944BF6F7A6FE00280AD0069B300085
:1017000001333900069322002B00F8F781F8060018
:101710000F000E9B01330E933EE68B4A146855680A
:101720008A4A1278002A04D000221A7026002F005C
:1017300042E601221A70864B00221E685F68002371
:1017400030003900F6F792FE0028EFD00122814BDD
:101750001A7031E62378002B00D150E600223000C9
:1017600039007D4BF6F78CFE002800D147E60023B8
:10177000022001222370794B2A701860784B1A706E
:10178000FCF7A6FC3BE6774B1B780E93002B00D1B1
:10179000B4E00022300039006F4BF6F753FE00280A
:1017A0000CD06B4B00221E685F686B4B3000390019
:1017B000F6F766FE002801D02E606F60002C00D086
:1017C0009FE0B2E00E9B002B00D118E6ADE00023B5
:1017D0003B60654C2378002B04D1644B1B78002BB5
:1017E00000D17BE6624B1B78002B04D1614B1B7848
:1017F000002B00D072E6604B1B78002B04D15F4BAE
:101800001B78002B00D169E6029803995C4B1A689B
:101810005B68F9F7E3FA4B0059080022594BF6F7D9
:1018200025FE594B002819D01A6801321A6000238E
:10183000564A23701370564A13889133FF339BB274
:10184000138051490B68032B00DC47E60122464B0D
:101850001A7000230B604F4B1A703FE6434A127810
:10186000002AEED04B4A1278002AEAD101211A60F0
:101870002170FAF75DFA484C484D22696369206C83
:10188000616C2E686F6800960197FBF75BF80200A9
:101890000B00A260E3604249424809780029D0D099
:1018A00001003D3109780068FAF79AFC8034206025
:1018B0006160C6E721482249A418186059600022D7
:1018C0000023226063602CE6089AE3009B181A68E4
:1018D0005B680492059304980599184A184BF6F72B
:1018E000B1FD002808D0049A059B30003900F7F7B5
:1018F0008FFF06000F00013501342EE6002C00D1C9
:101900007DE5294C2378002B00D15BE72349002299
:1019100008684968104BF6F7B3FD002800D151E77D
:101920000122104B1A7000232370204B1B78002BD0
:1019300000D064E501221E4B1A7060E50000C0FF74
:10194000FFFFDF410000244008020020D164002096
:10195000D80A0020B865002000708740EC01002004
:101960004C630020E8010020FD030020D00300208C
:1019700094660020D1030020E7640020EB6400207F
:101980003002002000004940D8640020FC03002001
:1019900086660020D2640020D00900203802002092
:1019A000B70A0020780A0020496300204402002082
:1019B000B96500200020094B10B51C78084B844203
:1019C00005D018780130C0B2FF2800D10238187055
:1019D000FCF76FFC2000FCF75EFC10BD4402002009
:1019E000D0640020F0B51E007C4B7D4C1F7887B082
:1019F00002900391256B002F00D121E1A068E168DE
:101A00000022784BF8F704FFA269E369F7F700FFBB
:101A1000F6F7E0FD744B80B21880744B744A1B7863
:101A2000032D1FD1002B0BD080210020C905A06100
:101A3000E16100206F49A060E16000206E490870FC
:101A40006E4811780078002832D000295DD000203F
:101A50006B49A062E16200220220A91E8842524125
:101A6000D1B228E0002B21D0052D0CD16549097891
:101A700049B20529E4D100206349644E20626162C5
:101A800030607160DCE7042DDAD0062D09D15D49A4
:101A9000097849B20629D3D100205D4920616161EE
:101AA000CEE7032DCCDC002053490870012DC7DCA4
:101AB00011780029CFD1002B2DD1504B1B78002B52
:101AC00018D0002916D0A06AE16A0022514BF8F71D
:101AD0009FFE029A039BF7F79BFE4C4B20626162CC
:101AE0001E685F6832003B00F6F7C0FC002801D09A
:101AF00026626762230036331B78002B12D0FFF773
:101B000059FFFFF78BF907B0F0BD002BD5D00022AD
:101B1000414BA262E36200220223023DAB425241EA
:101B2000D1B2CAE7FFF72CF820603C4B1B78002BA2
:101B300000D1A0E23A4B2A4D1B78002B00D19AE24B
:101B40002B00012435331C70002322001900FA20D9
:101B50002C63FCF7E6FB431E9841324A324B127865
:101B6000C0B21870002A04D02A003E321178002931
:101B700012D11B780324002B0ED02B003C331B7892
:101B8000002B09D0294B1B78002B05D1284B07349B
:101B90001B78002B00D0073C2B6B6C60A34200DA53
:101BA00065E201221E4B1A700D4C2068FFF70CF8FD
:101BB0001A4BA0631B78002BA5D01E4B1B78002B63
:101BC000A1D009289FD11C4B1868A063FFF708F823
:101BD0001A4A13880A339BB2138094E7E901002064
:101BE000780A00200000244084660020E8010020DC
:101BF0004963002000003E40D1640020EA640020D8
:101C000000407F40BB65002000509440000200204F
:101C100000C072400000E03F00E085404A630020C1
:101C2000AE0A002018020020E46400209466002020
:101C3000E10A0020E36400201002002086660020F4
:101C4000C34B1B780593002B00D114E2A068E16818
:101C5000E569A469BF4B1B78002B00D1FFE022008F
:101C60002B00F7F7D5FDF6F7B5FC0021BA4B80B293
:101C7000BA4A1880BA4B11701A003C3212788A4264
:101C800000D137001A68B749013A8A5CD2B2019292
:101C90001A003D321278002A0AD0002F00D0E3E06B
:101CA0001A0036321278002A00D0DDE0FFF712F871
:101CB000AD4BAB4C1B78002B00D0F0E0002F14D0C4
:101CC000019B032B00D9F1E0A24B1B78002B00D124
:101CD000DFE0A649002208684968A54BF7F798FDA0
:101CE000A062E1620122A04B1A70A24D2B68042B66
:101CF00009DCA14B1B780493002B04D1002F1DD0CD
:101D0000019B032B1AD8934B1B78002B00D1D2E0F8
:101D1000029A039B9549924E08684968F7F778FD47
:101D2000306271620022944B2A601A70934B944A7D
:101D3000106C516C18605960059B049336342378FD
:101D4000002B00D1E8E00C9B1B68052B03DC8D4BBE
:101D50001B78002B4AD08C4B00221C685D688B4B93
:101D600020002900F6F782FB002801D00024874DCF
:101D7000002220002900864BF9F730F8854A864B6F
:101D8000F8F746FD02000B0000208449F9F726F819
:101D90000022824B04000D00F6F768FB002801D0FA
:101DA00000247E4D6B4A6E4B12781C625D62002AE5
:101DB00000D186E000207A499862D96200230C9A0B
:101DC000694D13606F4A1370764B1B78002B02D05D
:101DD0002B78002B0AD1744C2678F9F7A9FF002341
:101DE000724A2B7013702670FCF720F9704B5C4C14
:101DF0001B78002B6DD06F4B1B78002B69D0822392
:101E000023600023002223640133A3876A4BA2616D
:101E1000E3610022694B22616361694B504C1B787E
:101E2000002B0ED0674B1B78002B0AD1049B002B94
:101E300007D0206A616A0022634BF7F7E9FC206251
:101E40006162206A616A0022544BF6F70FFB00289A
:101E500000D16AE60022514B2262636265E60022ED
:101E60005A4BF8F7D5FCFAE6012236331A70434B89
:101E70000299039A19605A60FCF782FB544A554B49
:101E8000127801301860904200DC11E7801A186067
:101E90000EE7514B1B78002B00D01AE722E7002FEA
:101EA00000D122E7019B032B00D81EE7314A1368BB
:101EB0000133136019E7484B1B78002B00D027E74C
:101EC00030E7454A1278002A00D177E700204349DD
:101ED00072E72600424B3E361D78002D00D18BE084
:101EE000FEF7F8FE00233E4A137001333370194B9E
:101EF0001B78002B1CD03B4B00221B78002B15D0ED
:101F00008023DB05A261E3610022374BA260E3601E
:101F100000222A4B22616361254A314B12781B78DB
:101F2000002A6FD0002B00D077E77CE02F4BE9E749
:101F3000294B1B78002BEFD080230022DB05A26108
:101F4000E36100222A4BA260E3600022294BE1E713
:101F50004A6300204963002084660020AC0A002008
:101F6000780A0020D4030020EB6400202002002027
:101F700000206C40DC640020F503002030020020CB
:101F8000D0090020E96400203802002000488C407D
:101F9000004085409A9999999999E93F006083405A
:101FA00000908A4094660020D1030020E76400205E
:101FB000B50A002098660020000008400000444058
:101FC00093660020E00A0020000049400000244001
:101FD0004D02002040630020E801002000E0854021
:101FE000B40A00203C630020000059400000F03F8C
:101FF00000003E4000005440FEF76CFE01233D34DB
:1020000033702570224A234B1278002A00D004E74F
:102010001A0036321278002A02D1196B022924D113
:1020200001223F331A701C4B1A4E1B78346A756AB2
:10203000002B00D1F1E61949002208684968184BC5
:10204000F6F700FA002800D1E7E6002F00D1E4E619
:10205000019B032B00D9E0E6002220002900114B50
:10206000F7F7D6FB30627162D7E63F33DAE700223A
:1020700036352A7098E50021064B0B4A11701A6B11
:1020800001321A635B689A4200DB8AE58CE5C04640
:10209000B40A0020780A00204B63002020000020B2
:1020A0000000144000004940AD0A0020F0B50026B1
:1020B00004003500394F9FB0F31904AA1868596815
:1020C000B3181860596000220023F6F7B5F94342AF
:1020D000584108362D18682EEED1002D42DD082219
:1020E0002F4B0D2104A804F01BFD6B10DA00ED0747
:1020F0003AD5130004AA9B181A685B6800920193F2
:102100000099019A274B19605A60002C2AD00025AB
:10211000224B254C0393039B0022EB181E685F683B
:10212000002330003900F6F787F9002814D1009811
:10213000019932003B00F8F751FE22686368F7F717
:1021400067FB06000F00F9F775FAC317C01858406F
:1021500014281EDC2660676008350834682DDAD143
:10216000FBF7DAFD1FB0F0BD013B04A9DB005B18F3
:10217000190013000868496804AA9B181A685B686C
:10218000F7F746FB0022094BF8F742FB009001915C
:10219000B6E70022002322606360DDE7F0630020E1
:1021A0009D12010828020020586400200000E03F32
:1021B000F0B585B00400FEF781FAFEF77DFC0A2039
:1021C00002F022FA022C1CD1FEF76EFAFA208000EF
:1021D00002F01AFAF9F71CFC002704001B4EFA2142
:1021E00020008900F6F72CF8BB1BD917184D194AA7
:1021F0005B184B4028801380FEF76AFA200005B078
:10220000F0BDFA230024002500279B000F4E019308
:10221000F9F7F4FBC31702900393029A039BA418E7
:102220005D41864200DD0600874200DA0700019B1F
:10223000013B0193002BEBD1FA222000002329005F
:102240009200F6F761F90400C9E7C046FFFFFF00FE
:102250007265002070650020F0B5012700253E0062
:1022600097B003900C22574907A804F06AFF0AAB05
:1022700001930097ACB22000C53080B2FCF7A2FAFF
:10228000019B18702000D13080B2FCF79BFA242209
:1022900004AB15349B18FF3458550290A0B2FCF7DC
:1022A00091FA019A0299127810ABE854914200D049
:1022B00081E0029A904207D00026370004E0002611
:1022C000029A00968242F8D1019A013501320192B8
:1022D0000C2DCFD1242104AA521812781B780AADF4
:1022E00013402A7813ACFF2A06D0FF2B06D1280012
:1022F000FBF757FC002701E0FF2B55D0009B002B7C
:1023000056D1002E54D1002F52D00DAB23CB23C475
:102310000398F9F7CBF900222B4BF8F75FFD002269
:102320002A4BF7F73BFE04000D00139B04A804930F
:10233000149B04210593159B069301F03BFA05A815
:10234000042101F037FA06A8042101F033FA220033
:102350002B0020002900F8F75BFA060004980F0014
:10236000F9F7F6F902000B0030003900F8F750FADF
:10237000060005980F00F9F7EBF922002B00F8F79B
:1023800047FA02000B0030003900F7F741FA040069
:1023900006980D00F9F7DCF902000B002000290077
:1023A000F7F736FA17B0F0BD07AD2800FBF7F9FBD9
:1023B00007CD07C4ACE7904200D080E700221700A9
:1023C000009281E75087010830C0594180F1FAC07E
:1023D000F8B505235B425843F9F768F90022264B0C
:1023E000F8F716FA0022254C254B20606160A260A8
:1023F000E36000228025234B2D0622616361A668DD
:10240000E7682269636979193000F7F7C7FDA061B1
:10241000E16120686168A269E369F7F7BFFD2062A6
:102420006162194A206A616A184BF8F7D7FC184AAA
:10243000184BF7F7B3FDA062E1620022A06AE16ADF
:10244000154BF7F7ABFD05F0BDFC144A144BF7F73D
:10245000DFF902000B0000201249F7F79FFD20630F
:102460006163114A206B616B104BF8F7B7FCA063F6
:10247000E163A06BE16BF8BD0000703E7865002061
:1024800000230E4160301F41FCA9F1D24D62E03FB4
:102490001AB5F2C8C588DF3E006AF840F86F702FA1
:1024A000ADFA2B40004BB04066666666661271401E
:1024B00001220021044B1A705A709A709971D970D8
:1024C00019715A717047C046D865002070B5FFF782
:1024D000EFFF474B474C1B78002B00D185E0464B64
:1024E0001B78002B00D180E00323002500222381EC
:1024F000424BA381424B6581E58125826582A5829D
:10250000E58225836583A58322626362A262E3621A
:1025100000223C4B2263636300223B4BA263E363D4
:1025200000223A4B226463640022394BA264E364C4
:102530000022384B2265636500220023A265E36513
:1025400022666366A266E3662267636723007833C8
:102550001D8023007A331D8023007C331D802300DF
:1025600022007E331D8001238032137022008132CD
:102570001370220082321570220083321370264AB3
:102580001570264A1570264A1370264B1D70264B6F
:102590001D70264B1D60FBF7DFFF254B1870254B88
:1025A0001D70254B1D70254B1D70254B1D70254B37
:1025B0001D70254B1D70254B1D70230088331D6039
:1025C00023008C331D6023009A3498331D802580AE
:1025D000FEF774F81E4B1F4819685A68FAF760FB3B
:1025E000F9F7F0F9FEF774F870BD05237DE7C046F2
:1025F0003C630020D86500204963002024F4FFFFDD
:1026000000F8914000E0854000207C4000005440EC
:10261000000044400000F03FBB650020BA65002088
:102620004C02002097660020E20A0020446300204C
:10263000D0640020E8640020D1640020EB64002016
:10264000EA640020E2640020E3640020B865002012
:1026500044000020BC65002010B5144C6378002BAA
:1026600014D0FCF73BFE1020FCF7DCFDE18A1020C3
:1026700089B2FCF7F9FD10200021FCF711FEFCF7F0
:102680002BFE002310206370FCF7A6FDF9F7D0F9AC
:1026900022002300001280B28432108088339A34E2
:1026A0001968238812885B00CA5210BDD8650020C3
:1026B00070B5204CA378002B14D0FCF70FFE11202E
:1026C000FCF7B0FD218B112089B2FCF7CDFD112064
:1026D0000021FCF7E5FDFCF7FFFD00231120A370AE
:1026E000FCF77AFDF9F7A4F9230022002500001277
:1026F000843380B218809A358C3211682A88188801
:10270000520088521888230088331A682B88903426
:102710005B009B5A2668C01AC317C0185840F6F7CA
:10272000E1FF2C88A40030512B8801339BB22B8011
:1027300070BDC046D865002010B5FCF7CFFD06205F
:10274000FCF74AFDFCF7C8FD0122024B9A710022FA
:102750005A8110BDD865002010B5FCF7BFFD0720D9
:10276000FCF73AFD0E20FCF737FD1020FCF734FD96
:102770001120FCF731FDFCF7AFFD0122014BDA70AF
:1027800010BDC046D8650020F8B502000B0000203F
:102790001F49F7F703FCF8F74DFF0500F8F786FF30
:1027A00002000B0006000F00F7F732F8F5F712FFF2
:1027B000184C80B2E081E389A8B29BB22382E389FE
:1027C0009BB26382ABB2A382E3899BB2E382E389CB
:1027D0009BB22383F8F76AFF0F4A104BF8F718F8FB
:1027E000F5F7F8FE0C4A0D4B85B239003000F8F7CA
:1027F0000FF8F5F7EFFE80B2F8F758FF32003B0014
:10280000F7F706F8F5F7E6FE80B26583A083F8BD1A
:102810008084EE40D86500205C8FC2F5285CEF3FD5
:1028200010B5174CE378002B01D1FFF795FFFCF7AB
:1028300055FD218A072089B2FCF716FDA18A0E20DA
:1028400089B2FCF711FD618B102089B2FCF70CFDF9
:10285000A18B112089B2FCF707FD00210720FCF7AE
:102860001FFD00210E20FCF71BFD00211020FCF7AE
:1028700017FD00211120FCF713FDFCF72DFD10BD05
:10288000D865002010B50C4C638901339BB263817D
:10289000628923899A4203D2084B1B78002B0AD104
:1028A000FCF71CFD0620FCF7BDFCFCF715FD002322
:1028B000A371FFF7B5FF10BDD86500204C020020C2
:1028C000014B1879C0B27047D865002010B5154B80
:1028D000154C186A596A20626162986AD96A206345
:1028E0006163186959699A69DB69206461642265CA
:1028F0006365206A616A226B636BF8F76FFAA06305
:10290000E163206A616A226D636DF6F781FFA06260
:10291000E1620022206C616C044BF7F779FFA06440
:10292000E16410BD780A0020D86500200000E03F77
:1029300010B5104C10492300783308881A8890424B
:1029400007D01A880D4892B20A80198889B2FAF71E
:10295000D5F922007A347E3211882388994207D033
:10296000238806489BB21380218889B2FAF7D6F9EA
:1029700010BDC046D865002054660020BC6500200C
:102980000022F8B5614B624C1A8023007A331A801A
:10299000FFF7CEFFFDF72EFE5E4B5F4D1F785F4EBB
:1029A000002F2BD02B0036331878FEF70BF8337836
:1029B000002B46D0A26AE36AA265E3650022A06DFF
:1029C000E16D574BF7F724FFF5F704FE230080B2C3
:1029D00078331880002200232266636623000022D9
:1029E0007A331A80FFF7A4FFA86B092847D8F5F7B8
:1029F00089FB445B60656A6F747B8289494B1B78F5
:102A0000002B0CD028680121C0B2FDF787FF286C8D
:102A10000028CCD03900C0B2FDF780FFC7E733787B
:102A2000002BDFD0404B1F78002F06D101210F2053
:102A3000FDF774FF39000E20EEE728680121C0B2CF
:102A4000EAE7384A1278002ACCD000200021220080
:102A5000A065E16578321380A26AE36A2266636644
:102A60002F4B0022206E616EF7F7D2FEF5F7B2FD14
:102A7000230080B27A331880B4E7FDF71FFEA379F4
:102A8000002B01D1FFF758FEFCF728FCA189062096
:102A900089B2FCF7E9FB00210620FCF701FCFCF7FA
:102AA0001BFC01232371F8BDFDF708FEFDF7ACFD0B
:102AB000E5E7FDF703FEFDF7BBFDE0E7FDF7FEFDF3
:102AC000FDF7A2FDF7E7FDF7F9FDFDF7C5FDD6E738
:102AD000FDF7F4FDFDF7ACFDF7E7FDF7EFFDFDF7C2
:102AE00093FDFDF7CDFDCAE7FDF7E8FDFDF78CFD91
:102AF000FDF79EFDF5E7FDF7E1FDFDF785FDFDF72F
:102B0000ABFDEEE7FDF7D0FDB9E7C046506600200B
:102B1000D8650020B40A0020780A0020E9010020CE
:102B200000403A404A630020E164002010B5FCF701
:102B3000D5FB00210620FCF7B3FB00210720FCF7A2
:102B4000AFFB00210E20FCF7ABFB00211020FCF7AF
:102B5000A7FB00211120FCF7A3FB0620FCF762FB7A
:102B60000720FCF75FFB0E20FCF75CFB1020FCF756
:102B700059FB1120FCF756FBFCF7AEFBFFF798FC66
:102B8000FDF79CFD0022034B1A80034B1A80FFF7D0
:102B9000CFFE10BD5066002052660020F8B5914C63
:102BA0006379DFB2002B00D1D8E000276771A06AFB
:102BB000E16A226D636DF8F711F92300A062E1620A
:102BC0009433A06AE16A1E6823009A331D88F8F7DF
:102BD00007FEAD007051A06AE16AA26BE36B2500AD
:102BE000F5F73AFC01268335B84200D18EE0230088
:102BF00082331E70A06AE16AA26BE36BF5F722FCD8
:102C0000B84200D182E0FFF791FF774B2F701B781D
:102C1000BB421AD0754B1B78BB4216D00022002352
:102C2000A265E365230078331F80FFF781FE704BB8
:102C30001B78BB4200D167E06E4B1B78BB4200D1D2
:102C400062E0FA20400001F0DFFC052001F0DCFC2E
:102C5000FDF73EFD230083331B78002B27D0664B06
:102C60001B78002B23D0A06AE16A226A636A2500E0
:102C7000F5F7E2FB7A3500284AD0A06AE16AA26C37
:102C8000E36CF6F7C5FDA065E1650022A06DE16D7E
:102C90005A4BF7F7BDFDF5F79DFC230080B2783362
:102CA0001880002200232266636600232B80230005
:102CB00083331B78002B26D04B4B1B78002B22D064
:102CC000A06AE16A226A636A2500F5F7B5FB7835E8
:102CD000002830D000220023A265E36500232B806A
:102CE000A06AE16AA26CE36CF6F792FD2066616669
:102CF0000022206E616E414BF7F78AFDF5F76AFC02
:102D00007A3480B22080F8BD3D489CE72E70A1E760
:102D1000206E616E226D636DF6F77AFD2066616646
:102D20000022206E616E354BF7F772FDF5F752FC0D
:102D300080B22880BBE7A06DE16D226D636DF6F770
:102D400067FDA065E165A06DE16D00222B4BF7F7F3
:102D50005FFDF5F73FFC80B22880D4E70123637163
:102D6000254B1E78002E1CD0A06AE16A226A636A95
:102D70002500F5F761FB7A35002809D02300803360
:102D80001F70226C636C22676367206F616FDCE7E2
:102D9000206F616F226D636DF6F73AFD2067616702
:102DA000F3E7114B1B78002BADD0A06AE16A226AD1
:102DB000636A2500F5F740FB7835002809D0230029
:102DC00080331E70226C636CA266E366A06EE16EB7
:102DD000BBE7A06EE16E226D636DF6F719FDA0668C
:102DE000E166F3E7D86500204A630020AE0A0020C0
:102DF0003C63002049630020E901002000403A4084
:102E0000C4090000054B10B51B78002B01D1FFF75A
:102E10008DFEFFF7C3FEFFF78BFD10BD4C020020B7
:102E200010B50F4C2378002B14D0FCF757FA0E2066
:102E3000FCF7F8F9618A0E2089B2FCF715FA0E202A
:102E40000021FCF72DFAFCF747FA00230E2023702F
:102E5000FCF7C2F9FFF7A2FEFFF76AFD10BDC046FE
:102E6000D865002070B5040004A80588094E0A48FA
:102E7000346004008C342160010090310A6002004B
:102E800094321360030098331D8000239A3003802E
:102E900070BDC04660660020D8650020F8B51F4BA5
:102EA0001C78002C2AD01E4B14241B78002B00D039
:102EB00050341C4F012238687968FBF713FE1A4E14
:102EC000012230687168FBF70DFE184D002228685A
:102ED0006968FBF707FE200001F096FB38680122C5
:102EE0007968FBF7FFFD306800227168FBF7FAFD97
:102EF000286800226968FBF7F5FDF8BD0C4B1B78CC
:102F0000002BD6D0064B1C7863425C41094B6442CF
:102F10001C40FA239B00E418CBE7C046496300201D
:102F20009866002074000020840000206C000020BF
:102F3000E80100204AFCFFFF1C4BD0B51A680600D0
:102F40000F00012A00D01B68FDF766FC184C002119
:102F50002000F9F7D3FE0022164B30003900F6F7B7
:102F600057FC154B0022F7F753FCF5F733FB81B202
:102F70002000F9F7D3FE114801F046FB00212000A4
:102F8000F9F7BCFE00212000F9F7C8FEFDF7A0FB11
:102F90000B4B1B78002B07D001220A4BF5201A702F
:102FA0001978C9B2FBF72CFCD0BDC04648020020FE
:102FB000BC65002000206C4000403A40B80B000087
:102FC000E6640020E5640020F0B5444B87B01E782D
:102FD000002E00D078E0424A1278002A00D077E034
:102FE00016000192FDF7FAFAF8F7ECFC3D4A3E4B69
:102FF0000092196800985A68F9F752FEFDF7EAFB4B
:1030000000210098F9F77AFEFA2700210098F9F7D5
:1030100085FE002400257F00F8F7F0FCC31702901E
:103020000393013F029A039BA4185D41002FF3D143
:10303000FA220023520020002900F5F765FA31003A
:1030400005000098F9F75AFEFA2401990098F9F75B
:1030500065FE002600276400F8F7D0FCC317049033
:103060000593013C049A059BB6185F41002CF3D1EF
:1030700021000098F9F742FE21000098F9F74EFE72
:10308000FDF7BEFBFA20400001F0BEFAFA22002351
:10309000520030003900F5F737FA451BEB17ED18F1
:1030A0005D402800F8F702FB0022104BF6F776FF90
:1030B000F5F790FA0E4E0F4A0F4B3060954209DD3E
:1030C0000120187007B0F0BD00230C4E019389E772
:1030D0000A4BFBE702201C70F4E7C046E901002020
:1030E0004A630020BC6500204400002000408F405F
:1030F0008C660020102700009666002045330000F3
:10310000282210B50021054803F086FF0022044B59
:10311000DA725A715A729A7210BDC0469C660020CB
:10312000B8050020F8B505000024FBF777FF8026DE
:103130000227285DFBF77CFF002C05D10E4B2200F7
:1031400018685968FBF7CEFC0C4B9A683242FCD0E9
:103150009A683A42FCD09A683242FCD1002C07D1DE
:10316000054B012218685968FBF7BCFC0134E0E705
:1031700001340C2CDDD1F8BDA4000020003001404A
:10318000F0B589B002920393029B01901800039B53
:1031900000225B0059082F4BF7F73AFB002300226F
:1031A0000692079306AA04000D0003F0D3FF2A4AF3
:1031B0002A4BF5F75BF9002807D0069807990022FB
:1031C000274BF6F725FB04000D0029002000F8F737
:1031D00031FA0A210600F5F733F86421C4B2300051
:1031E000F5F72EF80A27FA21C3B204937B43E31ABA
:1031F0007C431B01341B1C19E3B28900300005938A
:10320000F5F71EF81749C5B23000F5F719F83B007D
:10321000C4B26343EB1A7D43049A1B01551B124948
:1032200030005D19F5F70CF8474302980399E41B49
:1032300000220023EDB2E4B2F5F704F9002801D032
:10324000103CE4B2019B059A5D709A701C7009B045
:10325000F0BDC04600002440CDCCCCCCCCCCEC3F63
:103260000000F03F10270000A0860100F0B51C0010
:1032700085B06300019059081000234B0022F7F736
:10328000C7FA002300220292039302AA04000D0051
:1032900003F060FF1D4A1E4BF5F7E8F8002807D041
:1032A0000298039900221B4BF6F7B2FA04000D00B6
:1032B00029002000F8F7BEF90A210500F4F7C0FF45
:1032C0000A27C4B264212800F4F7BAFF3B00FA21B0
:1032D000C6B27343E31A7C431B012C1B1C19019BD0
:1032E00028005C708900F4F7ABFF0B49C4B22800DA
:1032F000F4F7A6FF78436743201A019BF61B0001F1
:103300008019187005B0F0BD00002440CDCCCCCCA5
:10331000CCCCEC3F0000F03F10270000F0B58BB0A4
:10332000039310AB029204CB07AC1F8812AB1B783F
:1033300000900191049200210C222000059303F0DB
:103340006BFE7BBA200063800025FFF7EBFE07AC25
:10335000AF4218DC0C220021200003F05DFE059A2C
:103360002B23002A00D004332000E3702371637103
:10337000FFF7D8FE174B18685968FBF7B8FB002811
:10338000F8D10BB0F0BDF0232370049BAE00985928
:10339000F8F7DEF90B0006A90200481DFFF7F0FE62
:1033A000009B6A009B5A01355BBAA380019B9B5A24
:1033B0005BBAE380029B9859F5F7F4F8039B40BA97
:1033C00020819859F5F7EEF840BA60812000FFF7A8
:1033D000A9FEBCE79C00002070B50024044D2E78A7
:1033E000285DFBF703FE230001349E42F8DA70BD2E
:1033F0009C66002070B50E4C0E4DE3792800023318
:10340000DBB22372E3792B70E179E679C9B2F9F77F
:1034100023FCF6B2A855E679F9F726FCF6B2AE1908
:103420007070217A2800C9B2FBF7ECFD70BDC04670
:10343000B8050020C466002010B50B4A0B4B51782C
:10344000597091789970D278DA7053221A710132DA
:103450005A71073A9A714C3ADA71054B0732DA71B0
:10346000FFF7C8FF10BDC0469C660020C466002060
:10347000B80500200C22064B10B506485A70FAF722
:103480008AFE0822044BDA71FFF7B4FF10BDC04674
:10349000C4660020C6660020B80500200722064B3F
:1034A00010B506485A70FAF7ADFB1222044BDA71D8
:1034B000FFF7A0FF10BDC046C4660020C66600200E
:1034C000B80500200822064B10B506485A70FAF7D6
:1034D000DBFB1222044BDA71FFF78CFF10BDC046F4
:1034E000C4660020C6660020B805002013226F21A4
:1034F0000D4B10B55A702E329A700D32DA700C3AAC
:103500001A7111325A7112329A710932DA71597282
:10351000053203311A72DA729972044B673ADA7122
:10352000FFF768FF10BDC046C4660020B805002044
:10353000052310B5054C6370FAF71FFF0322044BF7
:10354000A070DA71FFF756FF10BDC046C4660020B8
:10355000B80500202E2310B5054C6370FBF706F864
:103560000322044BA070DA71FFF744FF10BDC04680
:10357000C4660020B80500200B2310B5054C63700D
:10358000FAF713FF0322044BA070DA71FFF732FF42
:1035900010BDC046C4660020B8050020062310B543
:1035A000054C6370FAF7F9FE0322044BA070DA7140
:1035B000FFF720FF10BDC046C4660020B8050020FC
:1035C0000A2310B5064C6370FAF7DEFA0422030AE8
:1035D000A370044BE070DA71FFF70CFF10BDC0461A
:1035E000C4660020B8050020092310B5054C63709F
:1035F000FAF7CBFE0322044BA070DA71FFF7FAFE54
:1036000010BDC046C4660020B80500201FB51423B5
:103610000E4C0D2268460E49637003F092FD0022A5
:1036200002236946895C080020385E2801D8E154ED
:10363000013301320D2AF4D1102B01DCE2540133A5
:10364000044ADBB2D371FFF7D5FE1FBDC46600206C
:1036500078880108B8050020152310B5054C637063
:10366000FAF743FB0322044BA070DA71FFF7C2FEA6
:1036700010BDC046C4660020B805002010B5024B3E
:103680009878FAF72BFB10BD9C6600200D2310B52F
:10369000064C6370FAF799FEA070FAF79EFE0422BA
:1036A000034BE070DA71FFF7A5FE10BDC466002081
:1036B000B80500201B2310B5054C6370FAF77DFE9A
:1036C0000322044BA070DA71FFF794FE10BDC046D0
:1036D000C4660020B8050020172310B5054C6370A0
:1036E000FAF783FE0322044BA070DA71FFF782FE23
:1036F00010BDC046C4660020B80500200222054B5C
:1037000010B55A7000229A70034B0332DA71FFF73A
:1037100071FE10BDC4660020B8050020122310B54C
:10372000094C6370FAF721FE084BA070012805D1FF
:1037300018740322DA71FFF75DFE10BD0228F8D17C
:1037400000221A74F5E7C046C4660020B8050020C0
:103750001D2310B5094C6370FAF7D3FA084BA0701B
:10376000012805D158740322DA71FFF743FE10BD1A
:103770000228F8D100225A74F5E7C046C46600203A
:10378000B805002070B518220125054B054C9D7029
:103790005A700323E371FFF72DFE257170BDC046FB
:1037A000C4660020B8050020014B18607047C04671
:1037B00004670020002370B5CA0F52185210013957
:1037C000934200DB70BDCC1A065DC55CC654013364
:1037D0000555DBB2F4E710B50B0A017043700B0C12
:1037E000090EC17083700421FFF7E4FF10BD0000D3
:1037F0003E22F0B58F4B85B0DA71DB798E4C2370A9
:10380000162363708D4B1D682B78A3702B00383303
:103810001B786A781B019B18E3702B0080331E68AD
:103820005F680022864B30003900F4F705FE2B005C
:1038300039330093002803D11B78022B00D8D6E03F
:1038400042232371853363713833A371823BE37163
:1038500028696969F7F7C4FF7A4B011C1800FFF764
:10386000BAFF286A696A784B1E78002E00D1C8E03A
:1038700042232373853363733833A373823BE3732B
:10388000286B696B002E00D1C3E04223237485337B
:1038900063743833A374823BE374009B03AF1B78DB
:1038A00023752B003A331B7863752B003B331B7851
:1038B000A3752B00883318685968F4F78BFE80B223
:1038C000030AE37520762A6C6B6C3800FFF7CEFC98
:1038D00028003B8848305BBA7A7803805B4B3978A4
:1038E0001888A276617680B2F7F70EFF02000B000F
:1038F0003800FFF7BBFC28003B8858305BBA7A7869
:103900000380534B3978380022771A685B68E17678
:1039100000920193FFF7AAFC28003B8868305BBA4D
:103920007A7803802B00397890336177A2770099F9
:10393000019A19605A6008001100F4F74BFE2A0042
:1039400080B2030AE377631CD877424B70321B883E
:103950009BB21380190AA21CD177E21CD3772B00EB
:103960002A0072331B8874321380190A221DD17702
:103970002900621DD377384B78311A6893B20B80D7
:103980001B0AA11DCB77E31DDA772B002A007A33BF
:103990001B887C3213802200190A0832D17722005A
:1039A000283213702B0022007E331B7829321370CB
:1039B000A86AE96A002E34D0230042222A331A7002
:1039C000230085322B331A70230038322C331A70BF
:1039D0007D232D342370174C7F35E2791F4B2978D6
:1039E000D154FFF707FD0023237105B0F0BD390066
:1039F0003000F7F7F5FE1A4B011C1800FFF7EBFE3D
:103A000026E7F7F7EDFE174B011C1800FFF7E3FE62
:103A100036E7F7F7E5FE144B011C1800FFF7DBFE55
:103A20003BE7F7F7DDFE114B011C1800FFF7D3FE53
:103A3000D1E7C046B8050020C46600200467002016
:103A400000002E40CC6600207C66002084660020AA
:103A5000380200208666002080660020C3660020B1
:103A6000C8660020D0660020D4660020EE660020E4
:103A7000014B1879C0B27047B805002010B5054B4E
:103A80009878012802D1FAF729F801E00228FAD043
:103A900010BDC0469C66002010B5044B9878431EAC
:103AA000072B01D8FAF720F810BDC0469C6600200D
:103AB00010B5054B9878092803D80020FAF71AF8B2
:103AC00001E0F028FAD910BD9C66002010B5034B28
:103AD000D9789878FAF74AF810BDC0469C6600205D
:103AE00010B50248FAF741FB10BDC0469E660020A3
:103AF00010B5054B9878012802D1FAF70DF801E0CE
:103B00000228FAD010BDC0469C66002010B5044BB8
:103B1000DC789878FAF706F82000FAF709F810BD73
:103B20009C66002010B5024B9878FAF7ADFA10BDEC
:103B30009C66002010B5024B9878FAF7ADFA10BDDC
:103B40009C66002010B5024B9878FAF7ACFA10BDCD
:103B50009C66002010B5024B9878FAF7ABFA10BDBE
:103B60009C66002010B5024B9878FAF7AAFA10BDAF
:103B70009C66002010B50248FAF713F810BDC04645
:103B80009E66002010B50248FAF71EF810BDC04628
:103B90009E66002010B50248FAF758F810BDC046DE
:103BA0009E66002010B5FAF7ACF8044B012801D14D
:103BB000587410BD00225A74FBE7C046B8050020B7
:103BC00010B5064B9878012802D1FAF781F801E088
:103BD0000228FAD0FFF7E6FF10BDC0469C66002021
:103BE00010B5084B9C782000FAF740FA012C03D15D
:103BF0000B22054B1A7010BD022CFCD10D22024B7A
:103C0000F8E7C0469C6600204D02002010B5024B2C
:103C10009878FAF732FA10BD9C6600201E2310B582
:103C2000054C6370FAF786FC0322044BA070DA712E
:103C3000FFF7E0FB10BDC046C4660020B8050020B9
:103C40002F2310B5054C6370FAF7ECFB0322044BED
:103C5000A070DA71FFF7CEFB10BDC046C46600202D
:103C6000B8050020094B10B518695969F7F7B8FD78
:103C7000074B011C1800FFF7AEFD1022054B5A70D0
:103C8000054B0A3ADA71FFF7B5FB10BDD0090020E9
:103C9000C6660020C4660020B8050020262010B5A6
:103CA000FF30FAF78FFD0400FEF782FA022C07D1ED
:103CB000FEF78EFB044B18615961F7F791FD10BDBB
:103CC000FEF7CAFAF6E7C046D0090020112310B566
:103CD000064C6370FFF778F90322054BA070DA7188
:103CE000FFF788FB0122034B1A7010BDC466002049
:103CF000B80500209766002030B585B06846FAF711
:103D0000EFFA002301211A0015486C46E55CC45CFB
:103D1000A54200D00A0001330C2BF6D100239A42B1
:103D200002D0FAF7EAFAFF230E4C3322A370D02018
:103D3000FF23627000211A004000FAF7F2FAFF2315
:103D4000E070A2201A000021FF30FAF7EAFA0522FB
:103D5000054B2071DA71FFF74DFB05B030BDC04651
:103D600078880108C4660020B8050020342310B507
:103D7000054C6370FAF75EFB0322044BA070DA7106
:103D8000FFF738FB10BDC046C4660020B805002010
:103D9000362310B5054C6370FAF756FB0322044B2B
:103DA000A070DA71FFF726FB10BDC046C466002084
:103DB000B8050020372310B5054C6370FAF74DFBAA
:103DC0000322044BA070DA71FFF714FB10BDC0464C
:103DD000C4660020B8050020382310B5054C637078
:103DE000FAF744FB0322044BA070DA71FFF702FBE1
:103DF00010BDC046C4660020B8050020392310B5A8
:103E0000054C6370FAF73BFB0322044BA070DA7198
:103E1000FFF7F0FA10BDC046C4660020B8050020C8
:103E2000F8B5AE4DAE4C2B78280063716B78637299
:103E300063790233DBB2A37163796179EE5CC9B255
:103E4000F8F70AFF864206D16379EB185E78F8F737
:103E50000BFF864202D0FFF753F9F8BD6379052BBB
:103E600013D1637A412B10D16B78412B0DD1AB78F4
:103E70004E2B0AD1EB78422B07D12B790D2B04D195
:103E80000122984B1A70FFF7D7FA627AD3B2012A4F
:103E900000D08CE0AA78A272A17ACAB2012914D10A
:103EA000914B1A70914B1A70914B1A70A37A052B93
:103EB0002AD1904A043B13708F4A13708F4A1370B3
:103EC0008B4A1370FFF788FAC5E7A27A032A03D159
:103ED000854A13708A4A05E0A27A022A05D1824AED
:103EE0001370854A1370854A05E0A27A042A06D128
:103EF000804A13707D4A13707D4A1370D6E7A27A08
:103F0000062AD3D17B4AE4E7A37A812B05D1764BED
:103F100001221A70754B1A70D4E7A37A832B06D14D
:103F2000714A823B1370764A1370744AC9E7A37AC8
:103F3000822B04D16C4A813B13706F4AF4E7A37A59
:103F4000842B01D16B4BE3E7A37A862B02D1694A1C
:103F5000853BE7E7A37A852B02D1664A843BEBE7F2
:103F6000A37A072B02D0A37A082B0ED10124654B2C
:103F70001C70FAF77BFA5F4BA04200D05A4B1C70C2
:103F80005A4B1C705A4B1C709CE7A37A872B02D0AB
:103F9000A37A882B96D101245A4B1C70FAF766FA43
:103FA000544BA04200D0504B1C70504BEBE7637A4F
:103FB000022B03D1544B00221A704CE7637A2E2B4C
:103FC00008D1A37A002B02D0A878FAF779F9FFF785
:103FD000C1FA40E7637A052B0AD1AB78A372A37AC2
:103FE000002B02D1FFF7A4FA35E7FFF755FDF9E7FB
:103FF000637A062B0BD1AB78A372A37A002B03D084
:10400000A07AC0B2F9F77CFDFFF7C8FA23E7637A1C
:10401000072B12D1AB78A3726379032B06D1A37A55
:10402000002B00D017E7FFF739FA14E76379122B5A
:1040300000D910E7FFF7A6FDF5E7637A082B12D148
:10404000AB78A3726379032B06D1A37A002B00D03F
:1040500001E7FFF737FAFEE66379122B00D9FAE69B
:10406000FFF798FDF5E7637A092B0AD1AB78A372C5
:10407000A37A002B02D1FFF7B7FAECE6FFF718FDA1
:10408000F9E7637A0A2B12D1AB78A3726379032B19
:1040900006D1A37A002B00D0DDE6FFF791FADAE62D
:1040A0006379042B00D0D6E6FFF710FDF5E7637ABD
:1040B0000B2B2BD1AB78A372A37A002B0AD0A37A57
:1040C000D8B2012B02D1F9F721FD03E0A37AD8B2CF
:1040D000022BF8D0FFF750FABDE6C0469C660020E0
:1040E000B80500204D0100209B6600209566002049
:1040F000906600209A66002093660020916600205A
:1041000092660020996600204C020020637A0C2BF6
:1041100012D1AB78A3726379032B06D1A37A002B5B
:1041200000D098E6FFF7A6F995E66379082B00D052
:1041300091E6FFF7D5FCF5E7637A0D2B10D1AB784C
:10414000A372A37A002B04D0A37A012B04D1FFF72A
:10415000DDFCFFF79BFA7EE6A37A022BF9D1F6E7A6
:10416000637A0E2B03D1AB78A372A37A73E6637ADA
:104170000F2BF8D0637A102B0FD1AB78A372A37AF0
:10418000002B00D067E6FFF789FDF7F7E1FABA4C9C
:1041900020616161FFF766FD5DE6637A112B08D14E
:1041A000AB78A372A37A002B00D054E6FFF78EFD04
:1041B00051E6637A122B10D1AB78A372A37A002B4D
:1041C00004D0A37A012B04D1FFF758FCFFF7A6FA1D
:1041D00041E6A37A022BF9D1F6E7637A1D2B10D1C1
:1041E000AB78A372A37A002B04D0A37A012B04D15D
:1041F000FFF7E6FCFFF7ACFA2DE6A37A022BF9D124
:10420000F6E7637A132B08D1AB78A372A37A002B5D
:1042100000D020E6FFF76AF91DE6637A142B08D177
:10422000AB78A372A37A002B00D014E6FFF7EEF967
:1042300011E6637A152B0CD1AB78A372A37A002B0D
:1042400004D0637A002B01D0FFF718FAFFF704FAC5
:1042500001E6637A162B08D1AB78A372A37A002B00
:1042600000D0F8E5FFF7C4FAF5E5637A172B08D11B
:10427000AB78A372A37A002B00D0ECE5FFF72CFA01
:10428000E9E5637A1B2B10D1AB78A372A37A002BDC
:1042900004D0A37A012B04D1FFF72AFCFFF70AFA16
:1042A000D9E5A37A022BF9D1F6E7637A1C2B06D164
:1042B00063790E2B00D0CEE5FFF75CFCCBE5637A8B
:1042C0001E2B10D1AB78A372A37A002B04D0A37A53
:1042D000012B04D1FFF784FCFFF7A0FCBBE5A37A18
:1042E000022BF9D1F6E7637A2F2B10D1AB78A372AA
:1042F000A37A002B04D0A37A012B04D1FFF786FC0C
:10430000FFF79EFCA7E5A37A022BF9D1F6E7637AC3
:104310001F2B09D1594B9B78A372A37A002B00D194
:1043200099E5F7F705FDCDE5637A242B07D1534BCB
:104330009B78A372A37A002B00D18CE5C2E5637A47
:104340004F4C252BF3D0637A282B1AD14B4B0122EB
:104350009B78F420A37200231900F9F7E2FF431EB3
:104360009841484BC0B21870002301221900F52073
:10437000F9F7D7FF431E9841434BC0B21870A37A98
:10438000A0E5637A312B02D1F9F7E0FE9AE5637A72
:10439000322B01D13D4B0EE6637A332B0FD1374BD5
:1043A0009A78A272A27A002A06D0A27A012A03D1B0
:1043B0001979D878F9F7A8FFFFF79EFC4BE5637AE7
:1043C000342B0AD12D4B9B78A372A37A002B01D0FA
:1043D000FFF7A8FBFFF7CAFC3DE5637A352B3DD11B
:1043E0000125002400260027F7F7DAFC284B1D7072
:1043F000F7F79EFCF7F7C8FC0020F9F77EFE214B8B
:10440000F4201C701978C9B2FAF7FAF91E4BF5209E
:104410001C701978C9B2FAF7F3F9FCF705FFFCF73D
:104420000FFFFCF719FFFCF72FFF2000F9F75EFEE6
:10443000184B1C70FCF71CFF174B1E605F60F9F7F0
:104440006BFD164B1E605F60F9F7D8FD144BFA2028
:104450001D701978C9B2FAF7D3F933E5637A362BB0
:1044600020D1064B9B78A372A37A002B01D0FFF7D3
:1044700061FBFFF78DFCEEE4D00900209C66002074
:10448000B8050020E7640020E56400204C0100200E
:10449000CF640020E00A0020C8030020380200207A
:1044A000E4640020637A372B0AD1144B9B78A37203
:1044B000A37A002B01D0FFF745FBFFF77BFCCAE492
:1044C000637A382B0AD10D4B9B78A372A37A002B09
:1044D00001D0FFF73FFBFFF77FFCBCE4637A392B89
:1044E00000D0B8E4054B9B78A372A37A002B01D0CF
:1044F000FFF738FBFFF782FCADE4C0469C66002066
:1045000010B5044B0A000100180002F01AFEFFF774
:1045100087FC10BD9C6600200D488546FCF72EFBED
:104520000C480D490D4A002302E0D458C45004330E
:10453000C4188C42F9D30A4A0A4C002301E01360E4
:104540000432A242FBD302F0D5FDFAF721FBFEE7CD
:104550000090002000000020B0020020E089010847
:10456000B002002058680020FEE7000070B5104B34
:1045700005001978002901D1012070BDFA208000C2
:10458000F3F7D4FD0B4C01002068F3F7CFFD00F0EA
:1045900083F8041EF0D1032DEED80200012029007B
:1045A000404200F043F8044B20001D60E5E7C046A0
:1045B0004E02002050010020500200208023084AB3
:1045C0005B00116810B50B4300201360FFF7CEFFAE
:1045D000041E03D1FBF7E8FD200010BD0124FBE71A
:1045E00000200240034A044B11681B785B181360DB
:1045F0007047C046086700204E020020014B186833
:104600007047C0460867002070B50400FFF7F6FF4A
:104610000500631C02D0044B1B78E418FFF7EEFF83
:10462000401BA042FAD370BD4E02002010B5FF24FB
:1046300003220B0021000240D20091409B01234045
:10464000C943934000280ADBC0240B4A800880003D
:104650008018A40002590A401343035110BD0F22D1
:1046600010400838054A800880008018C26911404F
:104670001943C161F2E7C04600E100E000ED00E04F
:10468000002805DB1F2318401E3B8340014A1360AE
:104690007047C04600E100E08022431E5204012022
:1046A00093420DD2C021074A07485360036A0906A6
:1046B0001B021B0A0B430362002007239060136058
:1046C0007047C04610E000E000ED00E0F0B5846CFB
:1046D000C56C6560046D002C02D0446D856D65600D
:1046E0001C24056C084E25401B3CAC4077683C43BD
:1046F0007460046863608368102B02D1A260E1607B
:10470000F0BDA160E260FBE70000024010B50400CC
:10471000036C094A9B089B189B00436400681421A2
:10472000C0B20838F3F702FD044BA3641F231840FE
:104730001E3B8340E36410BD0082001080080240ED
:10474000F8B504000120002C46D02568254B142123
:10475000E818F3F7EBFC02238000A61D2064F37732
:104760002B68214AA76813402B60E36821693B430B
:104770000B4361692A680B43A16920000B43E1697F
:104780000B43216A0B4313432B60FFF7BFFF8023CA
:10479000DB019F4201D1002363603F236268616CAB
:1047A00013400B60E06CA16C013A4860032A14D8F6
:1047B0000E4A0F4899180122013B9A40A265130046
:1047C00000228900216560650A60436000200123A2
:1047D000E0630534F377E077F8BD00232365636574
:1047E000A365F3E7F8FFFDBF0F80FFFF3F820010D6
:1047F00040090240F7B5451D0193EE7F04000220F9
:10480000012E33D00138E877A71DFE7FB4466346FA
:10481000F6B200960026834230D10130F877256841
:10482000E6632868009B98432860019B2000FFF7FF
:104830004DFF236BB3421AD00E232A6813432B601B
:10484000636C1A68D20304D58022196852000A43A7
:104850001A60236D002B04D08022196852000A438D
:104860001A60012300202A6813432B60FEBD042236
:104870002B6893432B602A680A23DFE78023E363D6
:10488000EE77F3E7F0B5002808D0841DE37F411DE3
:10489000022B05D00423C3630023CB770120F0BD96
:1048A0000E250268466C1368AB4313603368104DE5
:1048B0002B403360012316689E431660026C1B3345
:1048C0001A401B3B93400B4E77683B437360C26CAE
:1048D000836C5A60036D002B05D01A682A401A6059
:1048E000436D826D5A6001230020E377C877D6E7D5
:1048F000FFFEFFFF00000240F8B5811DCB7F022BB9
:1049000003D00423C3630120F8BD0E2402681C27D2
:104910001368456CA3431360012314689C4314601F
:104920002A68104C22402A60026C0F4D3A40934096
:104930006E6833436B60C26C836C5A60036D002BEE
:1049400005D01A6822401A60436D826D5A600123B7
:104950000022CB77431DDA77836B934200D09847D0
:104960000020D1E7FFFEFFFF00000240F8B51C2445
:104970000427016C264A21403C008C4016680368DD
:104980001D6826420FD03D420DD01968890602D419
:104990001968B943196053681C43036B5460002BBA
:1049A0001BD0984719E002273C008C40264215D0C6
:1049B0003D4213D01968890606D40A251968A9430F
:1049C00019600121831DD97753681C43546000226C
:1049D000431DDA77C36A9342E3D1F8BD0824270068
:1049E0008F403E42F9D02542F7D00E251C68AC43DB
:1049F0001C6001231D008D40290054682143516033
:104A0000821DC363D3770022431DDA77436BE2E74D
:104A1000000002400023F0B585B00A681400DC40B5
:104A200001D105B0F0BD012514009D402C4000943B
:104A30002A4200D191E04A685F009446032264460E
:104A400022400324BC40E4430194541E012C2ED880
:104A50008668019C2640CC68BC403443846044682E
:104A60000126AC4325006446240934409C402C4375
:104A70004460C568019C25408C68BC402C43C460E0
:104A8000022A16D107250F261D40AD00AE40DC08D6
:104A9000A40004190294246A03962600039CA643EA
:104AA00034000E69AE402643029C266201E0032AD0
:104AB000DFD1BA400468019D25402A43C02402602A
:104AC0006246A402224248D0254A03259C08A4003D
:104AD000A4180F221D40ED00AA40A027266EFF0556
:104AE00096430022B8420CD01E4F0132B84208D083
:104AF0001D4F0132B84204D01C4F0332B84200D1DE
:104B0000023AAA40674632432266154C009A26684C
:104B1000009DD2433543FF0201D43500154067465E
:104B200025606668009D3543BF0201D435001540FD
:104B3000674665600E4C009DE66F3543BF0301D4A8
:104B4000350015406746E5670A4C009EE56F2E4329
:104B5000FF0301D415402E00E66701335DE7C04630
:104B6000001802400004005000080050000C0050E3
:104B7000081802400418024000690840431E98418A
:104B8000C0B27047002A01D0816170478162FCE7A2
:104B900070B504000120002C3FD0250041352B7852
:104BA000DAB2002B05D12300403320001A70FBF746
:104BB00013FB242301212B702368E0681A68A66880
:104BC0008A431A601A4962680A401A619A68194948
:104BD0000A409A60012821D18022120232439A6051
:104BE0005868154A02435A60DA6800200A40DA60C1
:104BF000616922690A43A16909020A43DA60216AEC
:104C0000E2690A431A60012219680A431A602023E4
:104C100060642B7020634234207070BD84221202C5
:104C200032439A600228DBD1802212015A60D7E712
:104C3000FFFFFFF0FF7FFFFF00800002F0B50400E0
:104C40004134227803000F000220D6B2202A18D166
:104C50001D0040352A78012A13D0242222701B68B7
:104C6000233A1968074891431960196801400020E8
:104C7000196019683943196019680A431A60267067
:104C80002870F0BDFFEFFFFF0200F0B5413214784D
:104C90000300E5B20220202C17D11C0040342678F6
:104CA000012E12D0223010701B6823381E68074F67
:104CB00086431E601E6809023E4031431960196830
:104CC00008431860002015702070F0BDFFF0FFFF52
:104CD0008023034A5B0011680B4313607047C04692
:104CE0000070004010B5114C1149236802000B40C0
:104CF00003432360802300209B009A420ED10D4B7A
:104D00000D49186806235843F3F710FA8022431C14
:104D1000D200616908001040114200D110BD002B83
:104D200001D0013BF5E70320F8E7C04600700040E2
:104D3000FFF9FFFF5001002040420F00F0B50400D2
:104D400085B0002802D1012005B0F0BD0368DB0763
:104D500010D423689B075CD423681B0700D5C1E0EF
:104D600023685B0700D5F2E0E369002B00D079E10E
:104D70000020E9E73822AF4DAB681340EA68102BFA
:104D800009D1D3439B0708D12B689B03E1D5636806
:104D9000002BDED1D7E7082BF6D0802263685202C1
:104DA000934211D12A6813432B60FFF727FC802719
:104DB0000600BF022B683B42CBD1FFF71FFC801BD4
:104DC0006428F7D90320BFE7A021C9028B4208D18C
:104DD00080232968DB020B432B602B681A432A606F
:104DE000E3E72A6894490A402A602A6893490A40FE
:104DF0002A60002BD9D1FFF701FC80270600BF02F3
:104E00002B683B42A5D0FFF7F9FB801B6428F7D93C
:104E1000D8E73822874DAB681340EA68102B28D1B9
:104E200003210A40022A26D12A68520503D5E268E6
:104E3000002A00D187E7696862698148120201404F
:104E40000A436A60002B0CD12B687E4A7E491340CE
:104E5000226913432B602B687C4A9B045B0FDA406A
:104E60000A607B4B1868FFF781FB002800D173E7CD
:104E700069E7002BD8D0E368002B20D02B68714A5B
:104E8000802713402269FF0013432B6080232A6888
:104E90005B0013432B60FFF7B1FB06002B683B421E
:104EA00007D06A68636966491B020A4013436B6056
:104EB00052E7FFF7A3FB801B0228EFD982E72B689C
:104EC000644A802713402B60FFF798FB0600FF0021
:104ED0002B683B4200D13FE7FFF790FB801B022885
:104EE000F6D96FE73822534DAB681340182B08D121
:104EF0002B6E9B0700D433E7A369002B00D02FE76C
:104F000021E7A2690123002A10D02A6E0227134349
:104F10002B66FFF773FB06002B6E3B4200D01FE7AA
:104F2000FFF76CFB801B0228F6D94BE72A6E02279D
:104F30009A432A66FFF762FB06002B6E3B4200D1C4
:104F40000EE7FFF75BFB801B0228F6D93AE7382211
:104F5000384DAB681340202B08D1EB6D9B0700D474
:104F600002E7A368002B00D0FEE6ECE680220021D9
:104F7000EB6B52050091134208D1EB6B1343EB63CB
:104F8000EB6B13400393039B012300938027324E66
:104F90007F0033683B4215D0A368012B22D1EA6D14
:104FA0001343EB65FFF72AFB02270600EB6D3B423C
:104FB00038D0009B012B00D0D6E6EB6B274A13407C
:104FC000EB63D1E633683B433360FFF717FB019097
:104FD00033683B42E0D1FFF711FB019BC01A022866
:104FE000F6D9EFE6EA6D052B05D1013B1343EB65DE
:104FF000EA6D0123D4E701218A43EA65EA6D0331B2
:105000008A43EA65002BCDD1FFF7F8FA02270600A4
:10501000EB6D3B42CDD0FFF7F1FA114B801B98426C
:10502000F6D9CFE6FFF7EAFA0D4B801B9842BDD9BF
:10503000C8E6C04600100240FFFFFEFFFFFFFBFF77
:10504000FF80FFFFFFC7FFFF500100200024F40096
:1050500050020020FFFEFFFF00700040FFFFFFEF47
:10506000881300003821434DAA680A40102A53D003
:10507000414A022B3AD12B68802713402B60FFF75F
:10508000BDFA0600BF042B683B4229D1616A236A3E
:10509000EA680B43394980260A401343E26AB604A2
:1050A0001343226B1343626B1343A26A120213432E
:1050B000EB6080232A685B0413432B608023EA683B
:1050C0005B051343EB60FFF799FA04002B6833424A
:1050D00000D04DE6FFF792FA001B0228F6D971E6E0
:1050E000FFF78CFA801B0228CDD96BE62B6880264F
:1050F00013402B60FFF782FA0400B6042B6833429A
:1051000004D1EB681E4A1340EB6031E6FFF776FAF4
:10511000001B0228F2D955E6012B00D113E6032229
:10512000E868216A02408A4200D00CE67022616A77
:1051300002408A4200D006E6FE21A26AC90101406F
:105140001202914200D0FEE5F822E16A9203024089
:105150008A4200D0F7E5E022216B120502408A4224
:1051600000D0F0E5636B400F4007C01A431E984122
:10517000C0B2E9E500100240FFFFFFFE8C80C111C4
:10518000FCFFFEEE382370B51D4CA2681A4205D113
:1051900023681C489B045B0FD84070BDA2681A406E
:1051A000082A27D0A2681A40102A17D1E368E168BC
:1051B000DB43E5684906490F6F322D0A013115407E
:1051C0009B0709D11048F2F7B1FFE1686843490F26
:1051D0000131F2F7ABFFE0E70A48F4E7A2681A40B2
:1051E000202A09D0A26800201340182BD5D1FA201C
:1051F000C001D2E70448D0E780200002CDE7C046D6
:10520000001002400024F40000127A00F7B50400F8
:105210000D00002801D10120FEBD0727484E33684C
:105220003B408B422AD3226893073BD4D20748D411
:10523000072733683B40AB420AD93368BB432B4353
:105240003360FFF7DBF9019033683B40AB4268D134
:1052500023683C4D5B076CD4FFF794FFAB683A4979
:105260001B051B0F9B005B581F210B40D840374A82
:10527000374B10601868FFF779F9CDE73368BB4307
:105280000B433360FFF7BAF9019033683B40AB4200
:10529000C9D0FFF7B3F9019BC01A2E4B9842F4D93D
:1052A0000320B9E72749530704D5E0238868DB01C9
:1052B00003438B608B6828480340A06803438B60DE
:1052C000B4E760681F4F032829D8F2F71BFF2002BC
:1052D0001C243B689B039ED50722BB689343034372
:1052E000BB60FFF78BF901903823BA681A406368F6
:1052F000DB009A429CD0FFF781F9019BC01A154B45
:105300009842F1D9CCE73B689B01E5D483E73B6841
:105310005B05E1D47FE73B6E9B07DDD47BE7FB6D4C
:10532000FAE7FFF76BF9019BC01A0A4B98428BD939
:10533000B6E7AB68094A1340E2681343AB608BE7FA
:10534000002002400010024038880108500100206F
:105350005002002088130000FFF0FFFFFF8FFFFFC7
:10536000064B07499B68074A5B045B0F9B005B5831
:105370001F2110680B40D8407047C0460010024003
:105380001888010850010020F0B50368040085B0BA
:1053900000209B0352D58022704D5205EB6B00908C
:1053A000134208D1EB6B1343EB63EB6B1340039396
:1053B000039B012300938027694E7F0033683B43A2
:1053C0003360FFF71BF9019033683B4228D0EA6D48
:1053D000C02310009B00216B624E18401A4218D067
:1053E000814216D08022EB6DE86D19005202024313
:1053F000EA65EA6D5C4831400240EA65E965DB0731
:1054000007D5FFF7FBF807000222EB6D134200D12E
:105410009CE0EB6D226B334013430020EB6506E00C
:10542000FFF7ECF8019BC01A0228CDD90320009B9E
:10543000012B03D1EB6B4D4A1340EB632368DA0772
:1054400006D5032545494A6DAA4365682A434A653E
:105450009A0706D50C2541494A6DAA43A5682A43F7
:105460004A65DA0606D53D49414D4A6D2A40E56850
:105470002A434A659A0506D538493E4D4A6D2A4069
:10548000A5692A434A655A0506D534493A4D4A6DFD
:105490002A40E5692A434A659A0606D52F49374DC1
:1054A0004A6D2A4025692A434A655A040FD52B497B
:1054B000256A4A6D920092082A434A658022D205E5
:1054C000954204D18022CD6852022A43CA601A0351
:1054D00006D5402521494A6DAA43656A2A434A6593
:1054E0009A020FD51D49264E4A6DA56A32402A43BD
:1054F0004A658022D203954204D18022CD685204AD
:105500002A43CA605A020DD5144D1E4E696DE26AD7
:10551000314011436965802149048A4202D1E9681A
:105520000A43EA601B050FD50C4A6169536D164C9E
:1055300023400B4353658023DB01994204D1802330
:10554000D1685B020B43D36005B0F0BDFFF756F89E
:105550000E4BC01B984200D856E767E70010024088
:1055600000700040FFFCFFFFFFFFFEFFFFFFFFEFAB
:10557000FFF3FFFFFFFFF3FFFFFFCFFFFFCFFFFFB3
:10558000FFFFBFFFFFFFFFFEFF3FFFFF881300008D
:10559000A0210268F8B5D36804008B43D360FFF7FD
:1055A0002DF8FA2705002026BF002368DB68334268
:1055B00001D00020F8BDFFF721F8401BB842F4D914
:1055C0000320F7E7F7B5402603680500DA680024F2
:1055D000324211D18022D968FA270A43DA60FFF7F4
:1055E0000DF8BF0000902B68DB681A003240019272
:1055F000334201D1032C01D12000FEBDFEF7FEFF96
:10560000009B019CC01AB842EDD92B00032429331A
:105610001C70E8E7802270B50F4C0500E3689343E7
:10562000E360A369603A134207D1FFF7B1FF002896
:1056300002D003202935287070BDA3699343A3616C
:10564000FFF7A6FF002802D0032029352870202369
:10565000A2691343A361EFE70028004070B504007E
:105660000120002C17D0250029352B78DAB2002B29
:1056700008D1230028331A7088231B02200063609E
:10568000FAF7ECFD02232B702368DA68D20603D503
:10569000012300202B7070BDCA225A62773A200085
:1056A0005A62FFF78FFF002825D1236815499A69B0
:1056B00060690A409A61A26899690243E0690243FD
:1056C0000A439A61226920001A61E268196912048A
:1056D0000A431A61FFF79EFF00280CD12268266A50
:1056E0009369DB00DB089361636A91693343A669C0
:1056F00033430B439361FF2223685A620028C7D0CB
:10570000C9E7C046BFFF8FFBF8B504000120002C9D
:1057100067D0636A002B65D1822261685200914292
:1057200000D0E36100232500A3625D352B78DAB257
:10573000002B05D123005C3320001A70FAF7BCFD62
:10574000022340222B702168E6680B689343E02215
:105750000B60D2000023964248D9F02218001201B3
:10576000964200D0A36282228427636852001340CD
:10577000A2683F023A40022713432269A5693A40D2
:1057800013430122676917403B438027BF002F4026
:105790003B43E769373217403B43276A483217409B
:1057A00080223B43A76A920117403B4310270822FF
:1057B0000B60636A2D0C3B40676B17403B43F0273F
:1057C0003F013E403343042635402B4303434B60A7
:1057D000CB69084803400020CB61012320665D347B
:1057E0002370F8BD0023236163619BE780204001A3
:1057F000B6E7C046FFF7FFFFC022042313B50468D5
:10580000D200A16808001040114200D116BDE16825
:10581000013B0191DBB20199002BF2D10320F5E7A6
:1058200001000300012010B53D310C78E2B2844242
:105830001FD1001808701B68D9681143D9600E4940
:105840008B4209D08021C9058B4205D00B498B4280
:1058500002D00B498B420DD19A680A490A40062AA8
:1058600006D007398A4203D0012219680A431A6018
:10587000002010BD1968F9E7002C01400004004029
:1058800000400140070001000121036810B5DA68FB
:105890008A43DA601C6A074A144206D11C6A064A27
:1058A000144202D11A688A431A6001233D30037002
:1058B000002010BD11110000440400007047704723
:1058C000704770470222036810B51969040011423D
:1058D0000ED0D96811420BD0053A1A610432027712
:1058E0009B699B0700D186E0FFF7E9FF0023237740
:1058F000042223681969114211D0D96811420ED0CF
:10590000093A1A61073222779A69C0239B00200066
:105910001A4200D175E0FFF7D2FF00232377082257
:105920002368196911420ED0D96811420BD0113A7F
:105930001A610D322277DB6920009B0767D0FFF7E1
:10594000BEFF00232377102223681969114210D06B
:10595000D96811420DD0213A1A6119322277DA69D9
:10596000C0239B0020001A4257D0FFF7A8FF002356
:105970002377012223681969114207D0D96811429F
:1059800004D0033A20001A61F9F7AAFC80222368A8
:105990001969114208D0D968114205D0023AFF3A7C
:1059A00020001A6100F0EFF823681A69D20507D5C4
:1059B000DA68120604D51C4A20001A6100F0E4F8E7
:1059C000402223681969114207D0D968114204D0D6
:1059D000813A20001A61FFF774FF202223681969B9
:1059E000114207D0D968114204D0413A20001A610F
:1059F00000F0C8F810BDFFF761FF2000FFF760FF5F
:105A000074E7FFF75BFF2000FFF75AFF85E7FFF71A
:105A100055FF2000FFF754FF93E7FFF74FFF2000EB
:105A2000FFF74EFFA3E7C046FFFEFFFF10B51C4C7B
:105A30000368A04206D08022D205904202D0194AC3
:105A4000904208D1702293434A681343164A1A4081
:105A5000CB6813430BE0154A9042F7D0144A9042AA
:105A6000F4D0144A9042F1D0134A9042EED08022F2
:105A700093434A69134303608B68C3620B68836274
:105A8000A04208D00A4B984205D00A4B984202D057
:105A9000094B984201D10B6903630123436110BD97
:105AA000002C014000040040FFFCFFFF00200040EC
:105AB00000400140004401400048014070B504002E
:105AC0000120002C23D025003D352B78DAB2002BA5
:105AD00005D123003C3320001A70FAF73FFC022363
:105AE0002B702068211DFFF7A1FF22000123002059
:105AF0004832137047340A3A137053709370D3705E
:105B0000137153719371D371137223702B7070BD25
:105B1000F0B5040002223C34257803001000012D6A
:105B200026D01D003D352A701B68124E5A689868B1
:105B3000B34203D1104F3A404F683A437027BA43FB
:105B40000F683A435A60B34209D08022D20593428B
:105B500005D00A4A934202D0094A934204D18022D6
:105B600090438A6810439860012300202B702070B6
:105B7000F0BDC046002C0140FFFF0FFF00040040B5
:105B800000400140704770477047000030B5EFF3A8
:105B90001084012282F31088C02501680B68AB4392
:105BA0000B6084F31088EFF3108182F31088026891
:105BB000044C93682340936081F31088202388303D
:105BC000036030BDFFFF7FFF30B5EFF3108401228B
:105BD00082F310880168134D0B682B400B6084F32F
:105BE0001088EFF3108182F3108802680E4C9368DE
:105BF0002340936081F31088C36E012B0AD1EFF329
:105C0000108183F31088102402681368A343136083
:105C100081F31088030020228C331A600023C366AE
:105C2000436730BDDFFEFFFFFEFFFFEF70477047A9
:105C30007047704770B5846A230088331A685D68BE
:105C400023689B681B0608D5212A06D12300002261
:105C5000563320001A80FFF799FF23689B685B0684
:105C600008D5222D06D1230000225E3320001A80A1
:105C7000FFF7AAFF220010239032116820000B4387
:105C80001360FFF7D6FF70BD806A0023020010B5D5
:105C90005E321380083A1380FFF7CBFF10BD00007F
:105CA000F7B50168C14DCB6904000A6888682B42CA
:105CB00010D120252B4200D19BE08026760515408F
:105CC0000640354300D194E0636F2000002B00D0E4
:105CD00085E085E0B64D05400095B64D009E154027
:105CE000354300D185E0250001269035334205D0AB
:105CF000D70503D50E622F683E432E60022633423D
:105D00000CD0C7070AD527000E6290373E6801976E
:105D1000B446042667463E43019F3E600426334254
:105D20000CD0C7070AD527000E6290373E6801974E
:105D3000B446022667463E43019F3E600826B446AD
:105D4000334209D02027009E1740374304D06646CF
:105D50000E622F683E432E6080263601334206D005
:105D6000570104D50E6220212E683143296029682D
:105D7000002935D020210B420AD080235B05114039
:105D80000340194304D0636F002B01D020009847D3
:105D900022682B684027966828223E401340200046
:105DA0001E4322D0FFF710FF23689B683B4218D0A8
:105DB000EFF31081012383F31088250004CD93684D
:105DC000BB43936081F31088E86F002809D07A4BB9
:105DD0008363FEF791FD002802D0E86F836B98473C
:105DE000F7BD2000FFF725FFFAE7FFF722FF2E603F
:105DF000F6E7E56E012D00D09FE01026334200D17A
:105E00009BE0324200D198E00E62896840230A008C
:105E10001A40194257D0211DCA6F1068426892B2C9
:105E2000002ADDD027005C373F889742D8D9270069
:105E30005E373A8002682020844610400090604619
:105E4000024232D1EFF3108785F3108820685B4E51
:105E500002683240026087F31088EFF3108785F301
:105E6000108820688268AA43826087F31088EFF365
:105E7000108785F31088206882689A43826087F3D0
:105E80001088230062468C331A60009BE366EFF3B0
:105E9000108085F3108822680F351368AB431360B8
:105EA00080F31088C86FFEF7EDFC02232200236701
:105EB00023005C325E331B881188C91A89B2200026
:105EC000F9F774F88CE7230020005C335E30198802
:105ED000038800889BB2002800D181E7C91A89B2E3
:105EE000002900D17CE7EFF3108785F31088206844
:105EF000334E03683340036087F31088EFF3108755
:105F000085F3108820682F4E83683340836087F3C1
:105F10001088230020208C331860E2666267EFF35C
:105F2000108085F31088102522681368AB43136036
:105F300080F3108802232367C1E780256D032B427D
:105F400006D0460204D520000D6200F0E7FB47E7CB
:105F500080210B4207D080252D04114028400143A9
:105F600001D0A36FB1E640210B4216D00A4214D0F3
:105F7000EFF31080012383F31088226813688B43AA
:105F8000136080F310882300202288331A600023D6
:105F90002000A367FFF74AFE22E7190214D551003B
:105FA00012D5200000F0BCFB1AE7C0460F08000025
:105FB0000100001020010004895C0108FFFEFFFFC2
:105FC000DFFEFFFFFEFFFFEFDB0100D408E7002A42
:105FD00000DB05E7200000F0A2FB01E70123806A57
:105FE00010B50367C36E012B06D103005C3319881B
:105FF0004908F8F7DBFF10BDFFF71AFEFBE70000CA
:1060000003001B6820221B6870B51900806A1140CC
:10601000134234D103005E331980EFF3108501235E
:1060200083F3108804681D4E21683140216085F398
:106030001088EFF3108583F310880468A1689943F2
:10604000A16085F31088EFF3108483F31088402556
:1060500001688B68AB438B6084F3108803008C333A
:106060001A60C36E012B0AD1EFF3108183F31088FD
:10607000102402681368A343136081F3108800237F
:106080000367C36E012B05D103005C331988F8F751
:106090008DFF70BDFFF7CBFDFBE7C046FFFEFFFFA6
:1060A000F8B504002569A26823682A436569196860
:1060B000C0692A43734D024329400A431A605A6853
:1060C0007149A5690A40E1680A4370495A608B42E8
:1060D00001D0226A15439A686D4E32402A430F253B
:1060E0009A60DA6AAA43656A2A43DA62694A934285
:1060F00025D1694B5A6D03231A4080231B02022AC3
:1061000000D1BBE0032A00D1B2E0012A00D1A8E00F
:10611000984200D17DE0FFF723F9002845D0626A5C
:106120005E4B5200D15AF2F701F865686B08C0184F
:106130002900F1F7FBFF0200594B103A64E0594A7D
:10614000934212D10C22544B5B6D1340082B00D1AB
:1061500092E005D8002B00D081E080231B02D7E716
:106160000C2B00D182E0012020E04F4A9342F4D072
:106170004E4A9342F1D08B42F5D1C0228021464B4A
:1061800012015B6D090113408B4215D004D8002B1E
:1061900007D1FFF7E5F806E09342E4D18026360206
:1061A0000BE0FEF7EFFF061E07D10020404BA36671
:1061B00000236367A367F8BD3E4E626A374B520007
:1061C000D75A30003900F1F7B1FF032365686B43FC
:1061D0008342C8D82B038342C5D300233A00300042
:1061E0001900F2F791F90027060E0B023343020261
:1061F0006E0892197B41100019002A003B00F2F74B
:1062000083F92D4BC2182D4B9A42ACD82368D86025
:10621000CBE7FFF7A5F80028C7D0626A1F4B5200F2
:10622000D15AF1F783FF656840006B08C018290058
:10623000F1F77CFF02001A4B103A9A4200D992E71C
:106240000F23020000079A4393B2400F22680343D2
:10625000D360AAE71748E0E7FEF794FF5DE78023E5
:106260001B029842F8D1FEF78DFFD4E780231B0272
:106270009842D2D0180052E780231B029842E9D0FE
:106280000C484CE7F369FFCFFFCFFFFF00800040D1
:10629000FFF4FF110038014000100240648901083A
:1062A000EFFF00000044004000480040004C004068
:1062B000010001000024F40000FDFFFFFFFC0F00BF
:1062C000836A30B5DA0706D50168284C4A6822404F
:1062D000C46A22434A609A0706D50168244C4A687A
:1062E0002240046B22434A605A0706D50168214CBC
:1062F0004A682240446B22434A601A0706D5016867
:106300001D4C4A682240846B22434A60DA0606D557
:1063100001681A4C8A682240C46B22438A609A063C
:1063200006D50168164C8A682240046C22438A60B4
:106330005A0610D50168134D4A68446C2A4022431E
:106340004A6080225203944205D14A680E4C224092
:10635000846C22434A601B0606D502680B495368C9
:106360000B40C16C0B43536030BDC046FFFFFDFFC7
:10637000FFFFFEFFFFFFFBFFFF7FFFFFFFEFFFFFC2
:10638000FFDFFFFFFFFFEFFFFFFF9FFFFFFFF7FFB5
:10639000F8B504000D0017001E002268D3692B40D9
:1063A0005B1B59424B41BB4201D0002029E0069BB8
:1063B0000133F3D0FEF722F9069B801B984201D8E7
:1063C000002B1FD1EFF31080012282F31088216887
:1063D000204D0B682B400B6080F31088EFF310808A
:1063E00082F3108821688B6893438B6080F3108858
:1063F00023001F3288331A605A600023032084343C
:106400002370F8BD23681A685207C6D58022D9695F
:1064100012011142C1D01A62EFF31080012282F3FF
:10642000108821680B4D0B682B400B6080F310889F
:10643000EFF3108082F3108821688B6893438B60A0
:1064400080F3108822002023883213605360936009
:10645000D3E7C0465FFEFFFFF0B51700020087B02C
:1064600088320593136804000D000220202B45D1CB
:106470000138002942D0002F40D08023A1685B0161
:10648000994204D12369002B01D1054236D1230062
:10649000002690331E6021231360FEF7AFF823001F
:1064A00054331F80023303931F808023A26804901B
:1064B0005B019A4204D12369B34201D12E001D0031
:1064C000230056331B889AB2002B0CD1059B402128
:1064D00000932000049BFFF75BFF00280DD12023D1
:1064E000883423600AE0059B00220093802120006D
:1064F000049BFFF74DFF002802D0032007B0F0BD3A
:106500002268002D0BD133880236DB05DB0D936248
:10651000039B039A1B88013B9BB21380D0E72B7827
:1065200001359362F4E70000030073B50026040010
:1065300090331E60FEF762F8236805001B681B0796
:1065400019D423681B685B070AD58021104B0022F1
:10655000009320002B00C903FFF71AFF002815D174
:10656000220000202023883213605360E0662067F9
:10657000843420700BE08021054B320000938903A6
:1065800003002000FFF704FF0028DAD0032076BDC7
:10659000FFFFFF01F8B513000200060005005C32A2
:1065A00081650F0013802221002290368C353260E5
:1065B0002960011D0400C86F904213D01D498263F9
:1065C000C1621D493A0001631C49416321682431BD
:1065D000FEF710F9002805D0102301203360DB18E6
:1065E0002B60F8BD2369002B0BD0EFF31081012342
:1065F00083F310882268FF3310680343136081F32C
:106600001088EFF31080012383F3108821688A68D3
:106610001A438A6080F31088EFF3108183F31088A7
:1066200022683F3390680343936081F31088002011
:10663000D7E7C04601600108DD5F0108355C01084D
:10664000F7B50700436E04006A37002B04D1012020
:10665000388068342080F7BD03680B4E9A689B68C9
:106660000A4D5B0FF05CE95CC0000192F1F7E8FDB8
:10667000019B38801B015B0FF05CE95CC000F1F707
:10668000DFFD80B2E5E7C046848901087C89010806
:10669000F7B504000E001D000192002801D1012071
:1066A000FEBD070088373B68002B04D1020084320E
:1066B0001370F9F7C7FE2423012122683B60136899
:1066C00020008B431360FFF7EBFC0128E7D0A36A9F
:1066D000002B02D02000FFF7F3FD80222368D201B7
:1066E00099682D040A439A609A680A4920000A4072
:1066F00032439A60019A51050D431A6806490A40CF
:10670000154301221D6019680A431A60FFF70CFF48
:10671000C6E7C046FF7FFFFFFFFF00FC70477047E2
:106720007047000070B50400843422780300022012
:10673000012A11D01D002422012688352A601A68FA
:1067400011681068B043106004480140002058668A
:10675000202311602B60207070BDC046FFFFFFDF5B
:10676000F8B5050084350B0029780222012915D0DF
:1067700006000121046888362232326027682268C8
:106780008A432260A168C900C9081943A160FFF7C4
:1067900057FF20230022276033602A701000F8BDC5
:1067A000F8B5050084350A0029780223012915D09F
:1067B0000600012104688836223333602768236885
:1067C0008B432360A168064B19401143A160FFF77A
:1067D00037FF20232760336000232B701800F8BD9B
:1067E000FFFFFFF103008C331B6870B5040002202B
:1067F000202B02D1002901D1012070BD002AFBD03D
:106800008020A56801234001854204D12069002829
:1068100001D11942F0D1E366002320002367FFF77E
:10682000B9FE0028E9D1E26E012AE5D110232168E2
:106830000B62EFF3108182F31088226814682343FF
:10684000136081F31088D8E710B5034B0100186876
:1068500000F030F810BDC0466002002010B5034BB8
:106860000100186800F0EEFC10BDC0466002002078
:1068700070B50F4E0D0031680400002902D100F000
:106880000DFC30602900200000F008FC431C03D1FF
:1068900001256D42280070BD0323C51C9D43A842FD
:1068A000F8D0291A200000F0F9FB0130F2D1EFE70F
:1068B0000C670020F7B50322CB1C93430833050077
:1068C0001F000C2B34D20C27B94233D8280000F01B
:1068D00071F8374E33681C00002C2FD13900280086
:1068E000FFF7C6FF0400431C5FD134680094009B8F
:1068F000002B4AD1002C52D023682800E3180099BD
:10690000019300F0CBFB019B834248D12368280010
:10691000FF1A3900FFF7ACFF013040D02368DB19C4
:10692000236033685A68002A33D1009B336019E032
:10693000002BC9DA0C232B600020FEBD2168C91B87
:1069400020D40B290AD9E2192760A34204D132606E
:1069500063681160536005E05A60F9E76268A3421A
:106960000ED13260280000F02DF8200007220B30F5
:10697000231D9043C21A9842DFD01B1AA350DCE7B4
:106980005A60EFE723006468A6E7009C6368009301
:10699000ADE71A005B68A342FBD10023DAE70C23C2
:1069A00028002B6000F00EF8C6E70760DAE7C04663
:1069B0001067002010B5024800F0C1FB10BDC046B2
:1069C0005468002010B5024800F0BAFB10BDC04664
:1069D00054680020114B70B51D6804002B6B002B10
:1069E00016D11820FFF730FF021E286304D146217C
:1069F0000B4B0C4800F008FC0B4B002103600B4BC9
:106A000043600B4B83600B23838101201061516134
:106A100000222B6B1C615A6170BDC04660020020D1
:106A2000858801089C8801080E33CDAB34126DE6D1
:106A3000ECDE0500164B10B51C68236B002B16D13D
:106A40001820FFF701FF021E206304D15221114BD1
:106A5000114800F0D9FB114B00210360104B43603B
:106A6000104B83600B238381012010615161246BE3
:106A70000D4A206961690D4BF1F766FD0122002383
:106A800080185941206161614800400810BDC0462E
:106A900060020020858801089C8801080E33CDAB78
:106AA00034126DE6ECDE05002D7F954C2DF4515827
:106AB00030B50024022B09D0920803590D59013A30
:106AC00005510B510434002AF7DC30BD035D0D5D28
:106AD00005550B550134131B002BF7DCF5E7F8B512
:106AE0000F00160004001D009847310000280DDA41
:106AF0003800A847002802DA3C002000F8BD310029
:106B00002000A8470028F8DA3400F6E73800A84744
:106B10000028F1DC31002000A8470028F4DAECE777
:106B2000F0B599B000900393009B17001343022225
:106B3000080001929B0704D13B1F1A00531E9A4183
:106B40000192002304933C00009B4443DB19029311
:106B5000009B1B190693062828D8029B069A93428D
:106B60000CD3049B002B00D020E119B0F0BD3A00FB
:106B700029002000019BFFF79BFF0FE0029C0EE025
:106B8000E51B21002800039B984700280ADD019B94
:106B9000002BECD123682A6822602B602C00009B1C
:106BA000A342EDD3029BDB190293D6E746087E434E
:106BB000009BE41B9E191C19072821D02200059375
:106BC000282817D9C5087D4359194A19039B0098ED
:106BD000FFF785FF31007219039B0590701BFFF7CB
:106BE0007EFF06006800201A2200039B4119FFF770
:106BF00076FF02003100039B0598FFF770FF060047
:106C0000019B002B23D1009B32681B6800990A600E
:106C1000336000232600029D07930595A54233D8D3
:106C200028000099039B984700282BDC0DD1019B7D
:106C3000002B13D1059B2A681B6805990A602B60FD
:106C4000059BDB19059301230793ED19E6E73A004D
:106C50003100019B0098FFF72BFFDAE73A0029008B
:106C6000019B0598FFF724FFEAE7002809D1019B63
:106C7000002B13D123683268226033600123F61B96
:106C80000793E41BAC4210D2079B002B40D1029B20
:106C9000069A934200D364E7029C32E03A00310046
:106CA0002000019BFFF704FFE8E720000099039B09
:106CB00098470028D9DA019B002B05D12B68226860
:106CC0002A602360E41BBEE73A0021002800019BF4
:106CD000FFF7EEFEF6E73A0029002000019BFFF7E0
:106CE000E7FE0DE0E51B21002800039B98470028E4
:106CF0000ADD019B002BEED123682A6822602B60FD
:106D00002C00009BA342EDD3029BDB190293BEE74C
:106D1000059B009AEB1A0293059B9A1A029B9A42D2
:106D200000DD1A00002A04D0019B0098A91AFFF781
:106D3000BFFE069B341B9A1BD21BA24200D9220025
:106D4000002A05D0069B2800991A019BFFF7B0FE88
:106D5000069B029E1D1BB44205D8230034001E0072
:106D60002B00009D0093BE422BD9049B072B11D80A
:106D700008AADB009D5039009B1820001D00F1F788
:106D8000D5F9049B68600133390030000493F1F7B2
:106D9000CDF9D8E639003000F1F7C8F93A00010022
:106DA000039B0098FFF7BCFEBC420DD8049B08AAC9
:106DB000013B0493DB009A58009208AA9B1858687C
:106DC000C1E6BC4200D8CCE639002000F1F7AEF9AC
:106DD0000095B8E6002310B50400036043608360AB
:106DE00081814366C2810361436183611900082286
:106DF0005C3000F011F90B4B246263620A4BA36212
:106E00000A4BE3620A4B23630A4B9C4205D00A4BB0
:106E10009C4202D0094B9C4203D12000583000F024
:106E20008DF910BD5D6F0108856F0108BD6F010808
:106E3000E96F0108146700207C670020E4670020E8
:106E400010B5034A0349044800F06CF810BDC04671
:106E500054020020E57301086402002041680B4BD6
:106E600010B50400994201D000F0BCFAA168084BAB
:106E7000994202D0200000F0B5FAE168054B994232
:106E800002D0200000F0AEFA10BDC046146700200A
:106E90007C670020E467002010B5094B094A0421F3
:106EA0001A6009480022FFF795FF012209210748CF
:106EB000FFF790FF022212210548FFF78BFF10BD5C
:106EC0004C680020416E0108146700207C67002098
:106ED000E467002010B5024800F031F910BDC0464B
:106EE0005568002010B5024800F02AF910BDC046D0
:106EF0005568002010B50400FFF7ECFF236A002B53
:106F000002D0FFF7EFFF10BD044B2362044B1B6858
:106F1000002BF6D1FFF7C0FFF3E7C0465D6E010816
:106F20004C680020F7B51400002600900191A56878
:106F30006768013F04D52468002CF8D13000FEBDFD
:106F4000AB89012B08D90E22AB5E013304D0290096
:106F50000098019B984706436835EAE770B50C0036
:106F60000E25495F00F086F8002803DB636D1B18CF
:106F7000636570BDA389024A1340A381F9E7C04647
:106F8000FFEFFFFFF8B51F008B8905000C0016000E
:106F9000DB0505D50E23C95E0022022300F056F85A
:106FA000A389054A28001340A38132000E23E15E25
:106FB0003B0000F085F8F8BDFFEFFFFF70B50C0057
:106FC0000E25495F00F042F8A389421C03D1054A0F
:106FD0001340A38170BD802252011343A3816065D9
:106FE000F8E7C046FFEFFFFF10B50E23C95E00F0C3
:106FF0001BF810BD10B5884202D98B18984208D3EF
:1070000000239A4207D0CC5CC4540133F9E78B5C6F
:107010008354013AFBD210BD03008218934200D181
:10702000704719700133F9E7002370B5064D04006D
:1070300008002B60F9F776FD431C03D12B68002B69
:1070400000D0236070BDC0465068002070B50400B9
:10705000080011001A000023054D2B60F9F76CFDA4
:10706000431C03D12B68002B00D0236070BDC046A9
:107070005068002070B50400080011001A000023B9
:10708000054D2B60F9F734FD431C03D12B68002B11
:1070900000D0236070BDC04650680020002370B54A
:1070A000064D040008002B60F9F748FD431C03D18E
:1070B0002B68002B00D0236070BDC04650680020B4
:1070C00070B50400080011001A000023054D2B6064
:1070D000F9F71BFD431C03D12B68002B00D0236064
:1070E00070BDC04650680020014B18687047C0460C
:1070F0006002002070B500260C4C0D4D641BA410DE
:10710000A64209D1002601F0F3FA0A4C0A4D641B8D
:10711000A410A64205D170BDB300EB5898470136C4
:10712000EEE7B300EB5898470136F2E7D88901083B
:10713000D8890108DC890108D8890108704770479F
:107140007047002310B59A4200D110BDCC5CC454E6
:107150000133F8E7F8B50D0017006B00274A5B0D07
:107160009A180E0004000100132A21DC002A07DA15
:107170000022EE0FF3073A607B6029002000F8BD83
:107180001F48104103002B40234305D1F60F3C60FC
:107190007D601C00F507F0E78643002233002000E5
:1071A00029003A607B60F3F719FE04000D00E4E764
:1071B000332A15DD29003C607D6000F04FF900287E
:1071C0000AD122002B0020002900F2F721FB040045
:1071D0000D003C607D60D0E7EE0F0024F507CCE7A2
:1071E0000120084A40429B18D84003002340204217
:1071F000CCD081432B000A00D1E7C04601FCFFFF41
:10720000FFFF0F00EDFBFFFF7FB514001A00094BD5
:1072100005001B680E00D868074B002C01D1074BF6
:107220001C000749019302942B00009600F006F918
:1072300000F044F960020020F48801082F89010859
:107240000189010870B505000C1E10D0043C2368AC
:10725000002B00DAE4182800FFF7ACFB1D4A136886
:10726000002B05D1636014602800FFF7ABFB70BDF5
:10727000A34208D9206821188B42F3D119685B68B2
:1072800009182160EEE71A005B68002B01D0A342C9
:10729000F9D911685018A0420BD12068091850186C
:1072A00011608342E0D118685B6841181160536037
:1072B000DAE7A04202D90C232B60D5E72068211819
:1072C0008B4203D119685B680918216063605460C0
:1072D000CAE7C04610670020F7B50C228B5E050098
:1072E0000C001A0756D44A68002A02DC0A6C002AED
:1072F0004EDDE76A002F4BD0002280202E682A60E6
:107300001A004001216A0240034233D0626DA38912
:107310005B0706D56368D21A636B002B01D0236C20
:10732000D21A00232800E76A216AB847A289431CC1
:1073300006D129681D2946D8294BCB40DB0742D509
:107340000023636023692360D20405D5431C02D166
:107350002B68002B00D16065616B2E60002917D06F
:1073600023004433994202D02800FFF76BFF00232B
:1073700063630DE001232800B8470200431CC6D117
:107380002B68002BC3D01D2B01D0162B1AD12E60D9
:1073900000201EE00E69002EFAD00F680E60BA1BA6
:1073A000019200229B0700D14A69A260019B002B39
:1073B000EEDDA36A32001F002800019B216AB84756
:1073C000002807DCA2894023012013431BB2A381BC
:1073D0004042FEBD019B36181B1A0193E6E7C046EA
:1073E000010040200B6970B505000C00002B02D194
:1073F0000025280070BD002804D0036A002B01D1AD
:10740000FFF778FD0C22A35E002BF1D0626ED2074D
:1074100004D49B0502D4A06DFFF791FE2800210043
:10742000FFF75AFF636E0500DB07E2D4A3899B05D3
:10743000DFD4A06DFFF784FEDBE700000EB417B5C4
:10744000054C05AB04CB01002068019300F064F803
:107450001EBC08BC03B01847600200200B0070B5CA
:107460000400020001001C430220002C06D08020F2
:107470000006834203D14B1E9941881C70BD0C4805
:10748000590049080B4C0E180420A642F6D9802456
:1074900001386403A342F1D380252D065D19A5426E
:1074A000ECD3054C0020A142E8D150425041E5E721
:1074B0000000F0FFFFFFDF7F0000F07F062010B527
:1074C00000F08CFB0120F9F70DFB936810B5013B30
:1074D0009360002B04DA9469A34207DB0A2905D0E4
:1074E0001368581C10601970080010BD00F0ACFA49
:1074F0000100F9E7F8B506000F001400D518AC42FA
:1075000001D1002007E021783A003000FFF7DDFFCD
:107510000134431CF3D1F8BDF0B5A1B00F00150044
:107520001E000390002804D0036A002B01D1FFF74E
:10753000E1FC7B6EDB0705D4BB899B0502D4B86DEB
:10754000FFF7FDFDBB891B0702D53B69002B13D15B
:107550003900039800F0BAFA00280DD07B6EDB07E3
:1075600003D50120404221B0F0BDBB899B05F8D472
:10757000B86DFFF7E5FDF4E7002308AC6361203345
:1075800063761033A37607962E003378002B01D054
:10759000252B48D1731B0593AE420BD02A0039002E
:1075A0000398FFF7A7FF013000D1AEE06369059AA9
:1075B0009B1863613378002B00D1A6E001220023E1
:1075C0005242626004A954325218751C2360E36071
:1075D000A3601370A365594B052218002978059301
:1075E00000F01CFB6E1C00281FD12268D30604D5B6
:1075F000532304A95B1820211970130704D55323C2
:1076000004A95B182B2119702B782A2B16D02E0079
:1076100000210A20E3683278751C303A092A50D9D3
:10762000002911D117E00136AFE7059B2268C01A87
:1076300001238340134335002360CCE7079B191DCA
:107640001B680791002B01DB0B9304E05B42E360B6
:1076500002231343236033782E2B0CD173782A2B0B
:1076600034D1079B02361A1D1B680792002B01DAE2
:1076700001235B420993324D03222800317800F048
:10768000CDFA002806D04023401B834022680136F3
:1076900013432360317806222A48751C217600F0B6
:1076A000BDFA002840D0284B002B22D10722079B8F
:1076B00007339343083307936369049A9B18636104
:1076C00062E743432E0001219B18A4E700230A2010
:1076D0001900013663603278751C303A092A03D9E3
:1076E000002BC8D00991C6E741432E000123891819
:1076F000F1E707AA009221003A00144B039800E03A
:1077000000BF0490049B0133D6D17B6EDB0705D408
:10771000BB899B0502D4B86DFFF712FDBB895B06E0
:1077200000D51EE70D981EE707AA009221003A0037
:10773000064B039800F07CF8E3E7C0463089010867
:10774000368901083A89010800000000F574010833
:10775000F7B5160001938A680B690C0000909342FC
:1077600000DA13002200336043321278002A01D07D
:107770000133336023689B0602D5336802333360DC
:107780002268062315001D401A4227D023004333E8
:107790001B785A1E93412268920630D42200019928
:1077A0000098089D4332A847013025D0062223685F
:1077B00000251340042B05D13368E568ED1AEB432F
:1077C000DB171D40A3682269934201DD9B1AED1867
:1077D0000026B54220D1002010E00135E368326870
:1077E0009B1AAB42D2DD2200012301990098089F29
:1077F0001932B8470130F0D101204042FEBD30209F
:10780000E1184331087021005A1C45310978A2184B
:10781000433202331170C1E722000123019900981D
:10782000089F1A32B8470130E6D00136D1E7000090
:10783000F0B58BB006920A0043320793059003928D
:107840000A7E0C00109B782A09D8622A0BD8002ADD
:1078500000D1BAE07A490491582A00D18EE025007F
:1078600042352A7022E0100063381528F7D8F0F767
:1078700053FC16001F00F6FFF6FFF6FFF6FF1F0091
:10788000F6FFF6FFF6FFF6FF9F0036007E00F6FFDC
:10789000F6FFB000F6FF3600F6FFF6FF8200250087
:1078A0001A684235111D196013682B7001239EE080
:1078B00018680968021D0D060BD506681A60002EAF
:1078C00003DA2D23039A764213705D4B0A27049343
:1078D00018E006681A604906F1D536B2EFE7086885
:1078E000196840C9050602D4400600D5B6B2196031
:1078F000534B0A2704936F2A00D1023F2300002232
:1079000043331A706368A360002B06DB04212268EE
:10791000039D8A43226033430CD0039D300039001D
:10792000F0F78AFC049B013D5B5C2B703300060082
:107930009F42F3D9082F09D12368DB0706D5626877
:1079400023699A4202DC3023013D2B70039B5B1BB1
:107950002361079B210000930598069B09AAFFF766
:10796000F7FE013048D1012040420BB0F0BD20228B
:1079700009680A4322607822324904912100453186
:107980000A701968226840C9100602D4500600D552
:10799000B6B21960D30702D5202313432360002E0B
:1079A00001D01027AAE72022236893432360F8E739
:1079B0001A680D68101D4969186013682E0601D5F4
:1079C000196002E06D06FBD519800023039D236139
:1079D000BFE71A68111D1960156800212800626848
:1079E00000F01CF9002801D0401B6060636823612F
:1079F0000023039A1370ACE72A00236906990598BF
:107A0000079DA8470130AED023689B0715D4099B7A
:107A1000E0689842A9DA1800A7E722000123069936
:107A20000598079E1932B04701309CD00135E368B4
:107A3000099A9B1AAB42F0DCE9E70025F7E7C0465C
:107A40004189010852890108F8B506000D001400AB
:107A5000002804D0036A002B01D1FFF74BFAA36979
:107A6000A360A3891B0702D52369002B09D121003C
:107A7000300000F02BF8002803D001256D422800CB
:107A8000F8BD23692068EFB2C01A6369EDB2834282
:107A900005DC21003000FFF7A5FC0028EDD1A3682C
:107AA0000130013BA36023685A1C22601F70636988
:107AB000834204D0A389DB07E1D50A2DDFD1210061
:107AC0003000FFF78FFC0028D9D0D6E72D4B70B5DA
:107AD000050018680C00002804D0036A002B01D1AF
:107AE000FFF708FA0C22A35E1A0723D4DA0607D49C
:107AF00009222A60402201201343A38140423AE038
:107B00005B0713D5616B002908D0230044339942E9
:107B100002D02800FFF796FB002363632422A38989
:107B20009343A38100236360236923600823A28910
:107B30001343A3812369002B0BD1A0218022A389A9
:107B4000890092000B40934203D02100280000F0EE
:107B50009BF80C22A35E01211A000A400B420BD0B5
:107B60000022A26062695242A26100202269824220
:107B700001D11A06BED470BD990700D46269A26013
:107B8000F3E7C0466002002070B504000D001F2915
:107B900004D9162303600120404270BDC36B002B43
:107BA00004D08A009B181A68002A08D1200000F02F
:107BB00031F82A000100200000F01AF8EDE7012A50
:107BC00009D0511C03D1162303600120E5E70021F1
:107BD0002800196090470020DFE7000010B5034B34
:107BE00001001868FFF7D0FF10BDC04660020020FA
:107BF000002370B5064D0400080011002B60F8F753
:107C000069FF431C03D12B68002B00D0236070BD9B
:107C10005068002010B5F8F75BFF10BDC9B282189C
:107C2000904201D10020704703788B42FBD0013095
:107C3000F6E7000070B50E001D000E23C95E1400AB
:107C400096B000290CDAB2898023110019401A423B
:107C500014D18023DB0000202960236016B070BDA2
:107C60006A4600F053F80028EDDBF02301991B026F
:107C70001940044BC9184B425941EAE700214023FF
:107C8000E9E7C04600E0FFFFF0B502268B8905005A
:107C90000C0085B0334207D02300473323602361B3
:107CA0000123636105B0F0BD03AB02AAFFF7C2FF79
:107CB000029F019039002800FEF7FCFD002808D142
:107CC0000C22A35E9A05EDD4032293431E43A681A2
:107CD000E2E78023A28920601343A381039B2061F4
:107CE0006761002B0CD028000E23E15E00F020F825
:107CF000002805D00323A2899A43023B1343A381A2
:107D0000A389019A1343A381CCE70000002370B537
:107D1000064D0400080011002B60F8F706FF431C15
:107D200003D12B68002B00D0236070BD5068002069
:107D3000002370B5064D040008002B60F8F7FAFE2A
:107D4000431C03D12B68002B00D0236070BDC046BC
:107D500050680020F8B504000D0000F081F906001D
:107D60000F002000290000F089F800280DD0200025
:107D700029000F4A0F4BF0F779FB002808D0FFF7D6
:107D8000B3F9222300260C4F036030003900F8BD00
:107D900020002900094A0A4BF0F754FB0028F4D0D0
:107DA000FFF7A2F92223002600270360EDE7C04673
:107DB000EF39FAFE422E86400000F07F51302DD57B
:107DC000104987C0F8B504000D0000F0B1FA220098
:107DD00006000F002B0020002900F3F709FC002803
:107DE00015D10022002320002900F0F73FFB0028D6
:107DF0000DD10022002320002900F0F71DFB0028F0
:107E000008D0FFF771F922230026074F03603000E6
:107E10003900F8BDFFF768F921230360034800F03B
:107E200035F806000F00F2E70000F0FF2F89010887
:107E3000F8B504000D0000F02FF8220006000F0036
:107E40002B0020002900F3F7D3FB002813D10022D8
:107E5000002320002900F0F7F5FA00280BD0FFF7E7
:107E600043F9212300220360002310001900F2F7D8
:107E700095F806000F0030003900F8BD024B4800AD
:107E80004008C018C00F7047000010800020014952
:107E90007047C0460000F87FF0B50A000D006B493E
:107EA00004000300080087B02840884211D1220056
:107EB0002B0020002900F2F7ABFC02000B00200091
:107EC0002900F1F7A5FC04000D002000290007B0EF
:107ED000F0BD002D11DC690049082143F5D00020D8
:107EE000854210D022002B0020002900F2F776FFF7
:107EF00002000B00F2F752F8E5E7281515D18024AF
:107F00000021640307E0DA0A15385B05002AFAD07D
:107F1000F5E7520001312242FBD04C1E001B202409
:107F20001D00641AE5408B402A4349491203441856
:107F30008021120B49031143C00703D4DA0F490013
:107F400051185B0000256210490080240592DA0F69
:107F50005218162029005B00A4030E19964202DC79
:107F60003119921B2D19DE0F5200013892195B0056
:107F700064080028F1D120268027040004963F06DB
:107F80003E18B4468A4202DC14D19E4212D86046A2
:107F90006646C0190091002E03DAC643F60F8E190B
:107FA0000096521A634589414942521A61465B1A4A
:107FB0000099E419DE0F52009219049E5B00013E05
:107FC0007F080496002EDBD11A431FD0214E224F8A
:107FD000306871683A687B68009201933268736810
:107FE00002920393009A019BF2F7F8FE02000B0045
:107FF00002980399F0F730FA002807D030687168CA
:108000003A687B68671C0CD1049C0135134A6B10DD
:108010009B18059AED076408120525432800D1181E
:1080200051E7F1F7F5FB7768366802000B00300086
:108030003900F0F707FA002804D0023463426341A4
:10804000ED18E3E7012301349C43DFE70000F07FF4
:1080500001FCFFFF98890108908901080000E03FBA
:10806000F0B54B000F00CC0F9149060089B05B08BA
:108070008B422ED98F498B4211D93B031B0B0343F3
:1080800006D002003B0030003900F1F7C1FB10E0E0
:10809000002C00D009E13000390009B0F0BD3900F2
:1080A000854A864BF0F7E2F9051E05D0002000F066
:1080B00017FB06000F00EEE730003900804A814BC5
:1080C000F0F7C0F9002800D17DE0280000F001FBA6
:1080D000EFE77D4A934200D89EE07C4A934272D8F3
:1080E0007B4BE5005B191A685B683900F2F776FE96
:1080F000784B029003915B191A685B6804920593B0
:10810000012363401B1B0193049A059B029803996A
:10811000F2F764FE06000F0032003B003000390029
:10812000F2F776FB04000D006B4A6C4BF2F770FB24
:108130006B4A6C4BF2F752FE22002B00F2F768FB01
:10814000694A6A4BF1F764FB22002B00F2F760FBEF
:10815000674A684BF2F742FE22002B00F2F758FB09
:10816000654A664BF1F754FB22002B00F2F750FBF7
:1081700002000B0030003900F2F730FE0B00020065
:1081800004000D0030003900F2F742FB019B06901D
:108190000791002B56D18023002220002900DB0507
:1081A000F2F71CFE02000B0006980799F1F7F6FEA5
:1081B00032003B00F2F712FE02000B000020504993
:1081C000F2F70CFE75E74F4BE4001C194E4A4F4B7B
:1081D00030003900F2F71CFB22686368F1F718FBE6
:1081E000F3F728FA0190F3F761FA494A494B040082
:1081F0000D00F2F70DFB02000B0030003900F2F722
:10820000EDFD454A02900391444B20002900F2F70E
:10821000FFFA0490059177E7414A93420DD8414A0D
:10822000414B3900F1F7F4FA0022354BF0F71EF913
:10823000002805D00022324B25E7002301936BE78D
:10824000019069E780212B0022000020C905F2F788
:10825000C5FD02000B0006980799F1F79FFE02008A
:108260000B0004980599F2F7B9FD029A039BF2F707
:10827000B5FD02000B0000202149F2F7AFFD2B4BAA
:10828000019A0D009A4203DB110506004F1902E71F
:10829000FA2292009446019B002263441B05591860
:1082A000B8235B04F2F7B4FA03E700260027F2E6EE
:1082B000412E8640FFFFEF7FEF39FAFE422E8640C7
:1082C00051302DD5104987C0422ED63FB1A2F03F84
:1082D000B0890108A0890108D0A4BE726937663E42
:1082E000F16BD2C541BDBB3E2CDE25AF6A56113FB6
:1082F00093BDBE166CC1663F3E5555555555C53F9D
:108300000000F03FC0890108FE822B654715F73F4A
:108310000000E0FE422EE63F763C7935EF39EA3D3B
:10832000FFFFEF3D9C7500883CE4377E03FCFFFFB8
:108330008023F0B55B030E008DB0994223DA4B0029
:108340005B08034307D1002200230020B449F1F762
:1083500025FE0DB0F0BD002906DA02000B00F2F791
:108360003DFD00220023F2E7AE4B0022F2F750FA67
:1083700036230E005B42AC4A964206DD02000B003B
:10838000F1F746FAE5E70023F5E7A84C3215121994
:108390003603A74CD218330B02931B1980246403B5
:1083A0002340A44C029D5C401B159B1825430022D2
:1083B000009329009F4BF2F711FD029B0600023348
:1083C0001B030F0000221B0B022B64DC0023F0F7C1
:1083D00033F8002819D0009B002B00D11CE11800B5
:1083E000F3F764F9944A954B04000D00F2F710FA84
:1083F000934A06000F00934B20002900F2F708FA79
:1084000002000B0030003900BAE78F4A8F4B300072
:108410003900F2F7FDF902000B0000208C49F2F759
:10842000DDFC320004000D003B0030003900F2F7A3
:10843000EFF90B00020029002000F2F7E9F9009B98
:1084400002900391002B06D102000B00300039008E
:10845000F2F7C4FC7DE70098F3F728F9764A774BEA
:1084600004000D00F2F7D4F9754A00900191754BA4
:1084700020002900F2F7CCF902000B0002980399C2
:10848000F2F7ACFC32003B00F2F7A8FC02000B0054
:1084900000980199DCE78023DB05F1F7B9F90200C8
:1084A0000B0030003900F1F779FD04900591009838
:1084B000F3F7FCF8049A059B069007911000190049
:1084C000F2F7A6F9634A029B9446634402000B93B9
:1084D0000B0008900991F2F79BF904000D005E4A29
:1084E0005E4BF2F795F95E4A5E4BF1F791F9220087
:1084F0002B00F2F78DF95C4A5C4BF1F789F9220009
:108500002B00F2F785F95A4A5A4BF1F781F9089A8C
:10851000099BF2F77DF9584A08900991574B2000C2
:108520002900F2F775F9564A564BF1F771F9220016
:108530002B00F2F76DF9544A544BF1F769F9220018
:108540002B00F2F765F902000B0008980999F1F782
:108550005FF9029A4E4B04009B1A0B9A0D001343CD
:10856000002B34DD00223A4B30003900F2F750F98D
:1085700032003B00F2F74CF902000B00029003912D
:1085800020002900F1F744F9049A059BF2F740F91D
:10859000009B04000D00002B06D102000B00029886
:1085A0000399F2F71BFC4FE7234A244B06980799DF
:1085B000F2F72EF9224A0090019106980799214B73
:1085C000F2F726F922002B00F1F722F954E7020016
:1085D0000B0030003900F2F701FC049A059BF2F71A
:1085E00017F9009B04000D00002B02D102000B00C4
:1085F0002CE7114A114B06980799F2F709F9104A2E
:1086000000900191069807990E4BF2F701F90200CC
:108610000B002000290033E70020002199E6C04626
:10862000000050C300005043FFFFEF7F01FCFFFF3D
:10863000645F09000000F03F0000E0FE422EE63FCC
:10864000763C7935EF39EA3D555555555555D53F69
:108650000000E03F86EBF9FF44523EDF12F1C23FDB
:10866000DE03CB966446C73F599322942449D23FF8
:10867000935555555555E53F9FC678D0099AC33F48
:10868000AF788E1DC571CC3F04FA97999999D93F5F
:1086900051B8060070B50D0016000400FEF724FD69
:1086A00029000660200070BD37B514001D000028A9
:1086B00002D0802109065B1800920193009A019B69
:1086C00020002900F2F7A4F82222FFF7E3FF03B00D
:1086D00030BD802310B500225B05FFF7E5FF10BD1C
:1086E000E02310B50022DB05FFF7DEFF10BD000020
:1086F000F8B5C046F8BC08BC9E467047F8B5C04601
:08870000F8BC08BC9E4670475E
:10870800A089B0E1E995B23FECC039234A7BC33F69
:108718000A68226C787ACD3FB81E85EB51B8DE3FE7
:10872800000000000000F03F0F9C33A2B437F93F6F
:108738008A1F63EE5A420140A54E4013614306402A
:10874800EF38454772790940000000003F8000007B
:1087580000000000228D00084E8C0008388C0008AC
:10876800B48C0008388C0008E88C0008388C0008A5
:10877800B48C00084E8C00084E8C0008E88C000869
:10878800B48C0008248C0008248C0008248C000871
:10879800F28C00084E8C00084E8C0008388C0008BB
:1087A8008E8D0008388C0008E88C0008388C00088A
:1087B8008E8D00084E8C00084E8C0008E88C00084E
:1087C8008E8D0008248C0008248C0008248C000856
:1087D800D0A100088EA000086CA0000858A00008CE
:1087E8006CA0000872A100086CA0000858A000083E
:1087F8008EA000088EA0000872A1000858A00008EA
:1088080050A0000850A0000850A0000894A100083B
:108818000000000000000000000000000000000050
:108828000100000002000000030000000400000036
:108838000000000000000000000000000000000030
:108848000000000000000000000000000000000020
:108858000100000002000000030000000400000006
:1088680006000000070000000800000009000000E2
:1088780053544D5F31302E31302E3036005245453D
:108888004E54206D616C6C6F63207375636365650E
:10889800646564002F6275696C642F676E752D744A
:1088A8006F6F6C732D666F722D73746D33325F3119
:1088B800332E332E72656C312E32303234303932E9
:1088C800362D313731352F7372632F6E65776C69AA
:1088D800622F6E65776C69622F6C6962632F73749F
:1088E800646C69622F72616E642E63002C20667559
:1088F8006E6374696F6E3A20006173736572746990
:108908006F6E2022257322206661696C65643A20A7
:1089180066696C6520222573222C206C696E65209F
:108928002564257325730A00232D302B2000686CDD
:108938004C0065666745464700303132333435367A
:1089480037383941424344454600303132333435B3
:1089580036373839616263646566000001000200D9
:108968000400060008000A000C0010002000400067
:10897800800000010804020408010101010101034B
:10898800070100000000000059F3F8C21F6EA5019E
:10899800000000000000F03F763C7935EF39EA3DF1
:1089A800763C7935EF39EABD0000E0FE422EE63F1D
:1089B8000000E0FE422EE6BF000000000000E03F9D
:0889C800000000000000E0BF08
:0889D00040FCFE7F01000000E5
:0489D800E58000082E
:0489DC00BD80000852
:1089E0000000000000002E400000000000002E40AB
:1089F0000E2DB29DEFFF58400000000000002E40F9
:108A00000000000000002E402100000009000000CE
:108A1000010000000004005020000000000400508D
:108A2000100000000008005000100000000000507E
:108A3000000800000004005008000000000C005076
:108A40000400000000080050002000000008005052
:108A5000000800000008005000020000000800505C
:108A60000004000000080050000100000004005055
:108A700004000000000C0050010000000000005045
:108A8000040000000000005008000000000C00502E
:108A900000010000000C005000020000000C00501B
:108AA00040000000000C00502000000000040050B6
:108AB000008000000004005000400000000400504E
:108AC00000200000000400500010000000040050CE
:108AD00000080000000400500004000000040050E2
:108AE00000020000000400500001000000080050D7
:108AF0008000000000080050400000000008005006
:108B00002000000000080050100000000008005085
:108B10000800000000080050040000000008005099
:108B200002000000000800500100000001010000E8
:108B30000024F400000000000F0000000800000006
:108B40000000000000003E400000000000406F40B8
:108B500000000000000000400000000000C0924043
:108B6000000000000000894001000000000100003A
:108B700001000000000000000000000000000000F4
:108B80000F000000070000000000000000004E4041
:108B90000000000000005440000000000000F03F12
:108BA0000000000000F891400000000000E0854057
:108BB00001000000000100000100000000000000B2
:108BC00000000000000000000101010002000000A0
:108BD0000101000000000000000000000000000093
:108BE0000000000000C092400000000000488C40DF
:108BF0000900000009000000010000000F00000053
:108C000000000000003071400000000000005940EA
:108C100000000000000059400000000000D0864025
:108C20000A0000000100000001000000010B01002B
:108C30000400000000000000030000001467002092
:108C40006402002000000000146700207C67002000
:108C5000E4670020000000000000000000000000A9
:108C60000000000000000000000000000000000004
:108C700000000000000000000000000000000000F4
:108C800000000000000000000000000000000000E4
:040000050801451990
:00000001FF
