:020000040800F2
:1080000000900020194B01085D0901085F09010873
:108010000000000000000000000000000000000060
:1080200000000000000000000000000061090108DD
:108030000000000000000000630901086509010854
:10804000694B0108694B0108694B0108694B01083C
:10805000694B0108694B0108694B0108694B01082C
:10806000694B01086D090108694B0108694B01085A
:10807000694B0108694B0108694B0108694B01080C
:10808000694B01087D0901088D0901089D09010856
:10809000694B0108AD090108BD090108694B0108D8
:1080A000694B0108694B0108694B0108CD090108BA
:0C80B000694B0108694B0108694B01088D
:1080BC0010B5064C2378002B07D1054B002B02D0B2
:1080CC00044800E000BF0123237010BDA80200206B
:1080DC0000000000F08C0108044B10B5002B03D0FD
:1080EC000349044800E000BF10BDC046000000007A
:1080FC00AC020020F08C010802B47146490849001A
:10810C00095C49008E4402BC7047C04603B47146FA
:10811C00490840004900095E49008E4403BC704781
:10812C00002243088B4274D303098B425FD3030AAA
:10813C008B4244D3030B8B4228D3030C8B420DD3BD
:10814C00FF22090212BA030C8B4202D3121209024B
:10815C0065D0030B8B4219D300E0090AC30B8B4289
:10816C0001D3CB03C01A5241830B8B4201D38B0337
:10817C00C01A5241430B8B4201D34B03C01A5241DC
:10818C00030B8B4201D30B03C01A5241C30A8B421F
:10819C0001D3CB02C01A5241830A8B4201D38B020A
:1081AC00C01A5241430A8B4201D34B02C01A5241AE
:1081BC00030A8B4201D30B02C01A5241CDD2C30920
:1081CC008B4201D3CB01C01A524183098B4201D39C
:1081DC008B01C01A524143098B4201D34B01C01A87
:1081EC00524103098B4201D30B01C01A5241C308FF
:1081FC008B4201D3CB00C01A524183088B4201D36E
:10820C008B00C01A524143088B4201D34B00C01A59
:10821C005241411A00D20146524110467047FFE7C5
:10822C0001B5002000F0F0F802BDC0460029F7D0DF
:10823C0076E7704703460B437FD4002243088B42FA
:10824C0074D303098B425FD3030A8B4244D3030BD1
:10825C008B4228D3030C8B420DD3FF22090212BA96
:10826C00030C8B4202D31212090265D0030B8B4212
:10827C0019D300E0090AC30B8B4201D3CB03C01AFC
:10828C005241830B8B4201D38B03C01A5241430BD7
:10829C008B4201D34B03C01A5241030B8B4201D3C7
:1082AC000B03C01A5241C30A8B4201D3CB02C01A32
:1082BC005241830A8B4201D38B02C01A5241430AAA
:1082CC008B4201D34B02C01A5241030A8B4201D399
:1082DC000B02C01A5241CDD2C3098B4201D3CB0140
:1082EC00C01A524183098B4201D38B01C01A5241EF
:1082FC0043098B4201D34B01C01A524103098B42F3
:10830C0001D30B01C01A5241C3088B4201D3CB00DD
:10831C00C01A524183088B4201D38B00C01A5241C0
:10832C0043088B4201D34B00C01A5241411A00D270
:10833C0001465241104670475DE0CA0F00D04942D9
:10834C00031000D34042534000229C4603098B4249
:10835C002DD3030A8B4212D3FC22890112BA030AD1
:10836C008B420CD3890192118B4208D38901921153
:10837C008B4204D389013AD0921100E08909C309D8
:10838C008B4201D3CB01C01A524183098B4201D3DA
:10839C008B01C01A524143098B4201D34B01C01AC5
:1083AC00524103098B4201D30B01C01A5241C3083D
:1083BC008B4201D3CB00C01A524183088B4201D3AC
:1083CC008B00C01A5241D9D243088B4201D34B00C7
:1083DC00C01A5241411A00D20146634652415B1009
:1083EC00104601D34042002B00D5494270476346EA
:1083FC005B1000D3404201B5002000F005F802BD2F
:10840C000029F8D016E770477047C0468446100024
:10841C0062468C461900634600E0C0461FB502F068
:10842C0083F9002801D40021C8421FBD10B502F009
:10843C00C7F84042013010BD10B502F075F90028A4
:10844C0001DB002010BD012010BDC04610B502F0AC
:10845C006BF9002801DD002010BD012010BDC046C5
:10846C0010B502F0F1F8002801DC002010BD01204D
:10847C0010BDC04610B502F0E7F8002801DA002064
:10848C0010BD012010BDC046844608006146FFE7C0
:10849C001FB500F0FBFC002801D40021C8421FBD11
:1084AC0010B500F083FC4042013010BD10B500F057
:1084BC00EDFC002801DB002010BD012010BDC046E2
:1084CC0010B500F0E3FC002801DD002010BD0120F8
:1084DC0010BDC04610B500F091FC002801DC002056
:1084EC0010BD012010BDC04610B500F087FC00285F
:1084FC0001DA002010BD012010BDC046002B11D1A7
:10850C00002A0FD1002900D1002802D00021C94334
:10851C00080007B4024802A14018029003BDC046EF
:10852C00E9FEFFFF03B4684601B5029800F06AF853
:10853C00019B9E4602B00CBC7047C046F0B5CE46BF
:10854C009946030C9C46130447461B0C1D000E0059
:10855C0061460404240C80B50700100C4B436543A2
:10856C00414360432C0CC01824188C46A34203D9F9
:10857C0080235B029846C444494679435643230CF6
:10858C002D042D0C8919634424046019C918C0BC2E
:10859C00B946B046F0BDC0469E2110B5C905041CB5
:1085AC00FFF7A2FF002803D1201C01F075F810BDC5
:1085BC009E21201CC90500F00BFE01F06DF88023F4
:1085CC001B069C466044F2E770B500220C4B04007D
:1085DC000D00FFF74FFF002804D12000290003F005
:1085EC0023F870BD064B00222000290002F0F0FB9E
:1085FC0003F01AF880231B069C466044F1E7C04642
:10860C000000E041F0B557464E464546DE46E0B523
:10861C0004000D009246994683B08B4230D82DD081
:10862C004946504603F076F929000600200003F075
:10863C0071F9331A9846203B34D49B4653465A461C
:10864C00934042461F00534693401E00AF423BD816
:10865C00AF4200D179E05B46A41BBD41002B00DA90
:10866C0076E0002200230092019301235A469340A6
:10867C000193012342469340009329E08242CFD9D3
:10868C0000220023009201930C9B002B01D01C6054
:10869C005D600098019903B0F0BCBB46B246A94698
:1086AC00A046F0BD42469B4620239B1A5246DA4018
:1086BC00414613004A468A40170042461F43534620
:1086CC0093401E00AF42C3D90022002300920193B5
:1086DC004346002BD8D0FB0772081A4346467B084A
:1086EC000EE0AB4201D1A2420CD8A41A9D4101204C
:1086FC0024196D410021013E24184D41002E06D055
:10870C00AB42EED9013E24196D41002EF8D10098F0
:10871C0001995B4600196941002B24DB2B005A465A
:10872C004446D3402A00E2401C005B461500002B57
:10873C002ADB26009E40330026004746BE4032000E
:10874C00801A9941009001919EE7A342BCD882E720
:10875C004246202300219B1A002200910192012203
:10876C00DA40019285E7424620239B1A2A004646AE
:10877C009A402300F340444613432A00E2401C0075
:10878C005B461500002BD4DA42462F00202326002E
:10879C0097409B1ADE403B003343CDE7F8B54B02C4
:1087AC005A0A94464A00C90FCE46474689464500A8
:1087BC0046022D0E120E80B59909770AC40FB60920
:1087CC00AB1A4C4520D0002B0CDD002A34D10029EB
:1087DC002AD05A1E012B00D18FE0FF2B00D1CDE007
:1087EC0013002FE0002B60D0531B002D00D0EEE0C7
:1087FC00002E00D13EE15C1E012B00D16BE1FF2B62
:10880C0000D1B9E02300E7E0002B00DCA4E0002A53
:10881C0069D0FF2D00D1B1E08022D20411431B2B73
:10882C0000DCE9E02B000536F708FF2B00D1A5E0B2
:10883C007A02520AD8B230E0FF2D00D19EE080229D
:10884C00D204114301201B2B08DC08002022D84045
:10885C00D31A99400B005A1E93411843361A7301D0
:10886C0000D471E0B601B709380003F035F83B00CD
:10887C000538834085424DDDB44E2D1A1E405A07F3
:10888C0068D00F221340042B64D00436730161D5D9
:10889C00681CFE2D54D1FF200022C0051043E407B4
:1088AC002043C0BCB946B046F8BDFE229046681CB9
:1088BC000200404610426BD1002D00D0DDE0002EAE
:1088CC0000D102E10029B3D08022771AD2041742DA
:1088DC0000D136E14C468E1B61D00120164230D1BE
:1088EC000023F708A4E700299ED05A1E012B00D1C3
:1088FC00CAE0FF2B42D0130091E7711A4B0100D450
:10890C00D1E08F01BF09380002F0E6FF3B000538CB
:10891C00834001252022401B0130121A1E00934077
:10892C00C6405A1E93411E4339D0730700D11BE138
:10893C000F2300253340042BA7D1012072017CD5D5
:10894C00C0B2B201520AA8E7730703D00F23334019
:10895C00042B9AD12B0067E7002B23D0531B002D3F
:10896C007BD1002E00D186E05D1E012B00D18BE067
:10897C00FF2B02D02B0075E04C466746002F00D130
:10898C0089E78022D2033A435202FF20520A84E73D
:10899C00771A7B016BD4002F00D065E700240020F0
:1089AC0000227AE7FE226B1C1A4249D1002D00D01E
:1089BC009FE0002E00D1BAE0002900D1CFE0721860
:1089CC00530100D4CDE092010120520A65E7FF2A41
:1089DC00D2D08020C004064301201B2B08DC3000C1
:1089EC002024D840E31A9E4033005C1EA341184358
:1089FC004C4615000E1A32E708002022D840D31A34
:108A0C0099400B005A1E93410343F61873019BD5F2
:108A1C000135FF2D00D13EE701234D49720833404B
:108A2C000A401A431600530704D00F231340042B9B
:108A3C0000D02AE7730100D52AE72B00F708F7E6E8
:108A4C00FF2B00D127E7711849084A072FD00F22B6
:108A5C000A40042A2BD00E1DE6E6FF2A8DD080207A
:108A6C00C00406431B2B24DD13004E1DDCE64C46D4
:108A7C008F1BF9E64C460E00D6E6002E49D1002994
:108A8C0068D067464C467CE77018430174D5304972
:108A9C0040080140430709D00F230340042B05D0A5
:108AAC0002230E1DC0E60123CF08C1E60223CF0826
:108ABC00BEE620253000D840EB1A9E4033005D1EE8
:108ACC00AB41034315005E18A0E7002900D165E710
:108ADC004C466746ACE68F1B7B012ED5BF01BF0908
:108AEC00380002F0F9FE3B00053883404C46013556
:108AFC0010E7002E00D140E7002900D141E7802388
:108B0C00DB039F4200D23CE79C4500D339E7674624
:108B1C0037E7002900D134E78023DB039F4200D2E2
:108B2C002FE79C4500D32CE74C46674629E70029E4
:108B3C0000D134E70023CF087AE64C460123FF0826
:108B4C0076E6002F00D129E7FF0871E6FFFFFFFB57
:108B5C00FFFFFF7D80220024FF20D2039DE600232F
:108B6C0066E60023D70863E60120720100D5E7E62C
:108B7C0031000023CF085BE60123C70858E6C04646
:108B8C00F0B546464F46D6464502C0B5C30F470022
:108B9C0098460E1C6D0A3F0E5BD0FF2F21D0802310
:108BAC00ED00DB041D43002399469A467F3F740277
:108BBC007300640A1B0EF60F002B20D0FF2B43D042
:108BCC0080220020E400D20414437F3B4246FF1A6B
:108BDC004B4672400F2B00D99DE071499B00CB583E
:108BEC009F46002D5AD108239946063B74029A469B
:108BFC007300FF27640A1B0EF60F002BDED1002C2E
:108C0C003BD1012342464946724019430E2918D8DC
:108C1C006448890041588F465346022B00D1B8E076
:108C2C00032B6ED042462C00012B40D10020002497
:108C3C00C0052043D2071043E0BCBA46B146A84653
:108C4C00F0BDFF200024F3E7002C20D10223FF3FCE
:108C5C00D8E7002D05D104239946033B00279A46FB
:108C6C00A5E7280002F038FE7627431F9D4000231D
:108C7C007F4299469A463F1A99E7200002F02CFE53
:108C8C00431F9C4076235B421B1A00209EE7032364
:108C9C004A461A4391460320FC3397E70C23994626
:108CAC00093BFF279A4682E703282CD03200380074
:108CBC007F30002847DD630704D00F232340042BAB
:108CCC0000D00434230103D53800374B80301C40CE
:108CDC00FE28B6DCA401640AC0B2A9E780240022F5
:108CEC00FF20E403A4E78023DB031D4201D01C42D8
:108CFC000BD08024E4032C4364024246FF20640A18
:108D0C0096E746462C008023DB031C4364023200AA
:108D1C00FF20640A8CE76D01600185422DD21B2374
:108D2C000024013F0126290064006D00002901DBAD
:108D3C00854201D32D1A3443013B002BF3D16B1E1A
:108D4C009D412C43B3E701231B1A1B2B00DD6DE760
:108D5C0021009E37D940BC400B00611E8C4123433F
:108D6C00590704D00F211940042900D004335901AC
:108D7C0013D49B0100205C0A5AE71A2301242D1AF4
:108D8C00D0E7981E43425841404232000024C0B202
:108D9C004EE74246FF2000244AE70120002447E723
:108DAC005C8D01089C8D0108FFFFFFF770B5420038
:108DBC004E024C0045026D0A120EC30F760A240EA9
:108DCC00C90FFF2A10D0FF2C0CD00120A2420AD1CF
:108DDC00B54208D18B420FD0002A04D12800431E83
:108DEC00984100E0012070BD0120FF2CFBD13543E0
:108DFC00F9D14B401800F6E70020F4E730B54200FB
:108E0C0044024D02C30F4800640A120E6D0A000E94
:108E1C00C90FFF2A18D0FF280AD0002A1ED100281B
:108E2C000AD1002D29D0002C2DD14800013830BD9D
:108E3C00002D25D1002A01D1002CF6D08B4219D05F
:108E4C0001205B421843F2E7002C19D1FF28F7D11F
:108E5C00002D15D100208B42F2D1E8E70028EFD08D
:108E6C008B42EDD18242EBDC04DBAC42E8D8002033
:108E7C00AC42DCD258000138D9E7002CD7D0DFE760
:108E8C0002204042D3E78B42DAD1EEE730B5420004
:108E9C0044024D02C30F4800640A120E6D0A000E04
:108EAC00C90FFF2A17D0FF280AD0002A1BD100288F
:108EBC000AD1002D1DD0002C2DD14800013811E015
:108ECC00002D0ED1002A01D1002CF6D08B420CD1F2
:108EDC005800013806E0002C03D1FF2805D1002DE5
:108EEC0015D0022030BD002806D101205B4218436A
:108EFC00F8E7002CF6D0F8E78B42F6D18242F4DC8E
:108F0C00E6DBAC42F1D80020AC42EBD2E0E700202B
:108F1C008B42EAD1E6E78B42E7D1F2E7F0B54F4658
:108F2C004646D6464400C0B546020F1C760A240EAF
:108F3C00C50F002C00D1DAE0FF2C74D08023F60092
:108F4C00DB041E43002399469A467F3C7B025B0A56
:108F5C0098467B001B0EFF0F002B74D0FF2B00D10B
:108F6C008EE042468021D200C90411437F3B2A0087
:108F7C00E4184B467A408846D2B20A2B75DC4B4635
:108F8C000020022B0FDD494601238B40A621C9008E
:108F9C000B4269D1902189000B4200D000E188215D
:108FAC00194200D0F5E041460904090C434608007B
:108FBC00350C36041B0C360C704369435E435D4321
:108FCC007618030C9B19994203D9802149028C46CF
:108FDC00654400041904000C09188E01701E8641AA
:108FEC001B0C890E5B190E439B011E431B016CD499
:108FFC0023007F33002B00DCB1E0150071070BD090
:10900C000F2021003040042806D00436320103D54D
:10901C006E4B1E400B008033FE2B00DDBDE0B20119
:10902C00520ADBB248E0002E00D092E008239946A9
:10903C00063B9A467B025B0A98467B00FF241B0E7C
:10904C00FF0F002B8AD14246002A64D149460132D7
:10905C00114389460A2908DC7D400120EAB2022925
:10906C0091DC1500002227E015005346022B00D19D
:10907C0093E0032B1AD0012B2CD1002300221BE0F0
:10908C004346FF34002B55D003214B460B431900AC
:10909C000A2B00DC92E00F2B00D08CE08022D20354
:1090AC00164203D04346134200D17DE08022D20306
:1090BC0032435202520AFF23D805ED0710432843CE
:1090CC00E0BCBA46B146A846F0BD012315007108B4
:1090DC001E400E4323008033611C002B41DD7207C0
:1090EC0094D00F223240042A00D08EE78EE7002E57
:1090FC0005D104239946033B00249A4626E7300009
:10910C0002F0EAFB7624431F9E40002364429946FA
:10911C009A46241A1AE7404602F0DEFB4B46241A04
:10912C00763C0A2BA1DC4346053883407D409846AB
:10913C00EAB224E74A46023313432A007A40D2B2F9
:10914C000A2B92DC49461500002926D099460220AC
:10915C0019E70C239946093BFF249A46F6E61500BD
:10916C0021000122D31A1B2B00DD86E79E31320031
:10917C008E40DA40731E9E413243530704D00F23B6
:10918C001340042B00D00432530110D501230022CC
:10919C0092E73D004646824667E7FF2300228BE7B5
:1091AC0080220025D20386E73D001A4383E7920113
:1091BC000023520A80E73D00464677E72A00012348
:1091CC007A408B400320D2B2E9E6C046FFFFFFF79E
:1091DC00F8B54746CE46430280B55F0A9B09450069
:1091EC004A009C464B02C40FCE0F2D0E580A120E8D
:1091FC009909FF2A6BD001235E40AB1AB4424BD0C5
:10920C00002B00DCFFE0002A00D188E0FF2D00D10C
:10921C00EFE08022D204114301201B2B08DC080054
:10922C002022D840D31A99400B005A1E9341184360
:10923C0063461B1A9C4663465B0100D4CDE0634633
:10924C009F01BF09380002F047FB3B000538834003
:10925C00854200DCA2E0B74A2D1A1A4094465A0700
:10926C0000D1C3E00F221340042B00D1BEE0042335
:10927C009846C44463465B0100D4B7E0681CFE2DDD
:10928C0000D0A5E0FF200022C0051043E4072043D6
:10929C00C0BCB946B046F8BD002B00DCEBE1002A9F
:1092AC0046D0FF2D00D1A4E08022D20411431B2B09
:1092BC0000DCFBE0052398462B00C4446246D7082B
:1092CC00FF2B00D195E07A02520AD8B2DCE72B00D2
:1092DC00FF3B9946002918D101235E40B44200D1CE
:1092EC00CAE04B46002B2DD0002D00D03CE1FF23D3
:1092FC006446002C00D15FE15D1E012B00D174E1AE
:10930C003400FF2B74D02B0003E1B44200D19CE05D
:10931C00002B17D0002DEAD0070034006CE0002998
:10932C00CCD05A1E012B2BD0FF2B62D0130073E72D
:10933C000029C3D05A1E012B00D11EE1FF2B58D09F
:10934C001300B4E7FE226B1C1A420DD1002D60D025
:10935C006346002B00D020E1002900D028E18022B8
:10936C000024FF20D2038FE763465F1A7B0100D5F0
:10937C00FEE0002F00D065E700240020002283E7E8
:10938C006346591A4B0100D419E18F01BF0938000B
:10939C0002F0A2FA3B000538834001252022401B35
:1093AC000130121A19009340C1405A1E93411943BF
:1093BC008C460B1EE1D05B0700D152E10F23002538
:1093CC000B40042B00D052E701204A0100D492E05C
:1093DC00C0B263469A01520A56E763465B0705D052
:1093EC000F2362461340042B00D040E72B0065E7A7
:1093FC000700002F00D145E78022D2033A435202E6
:10940C00FF20520A40E7002B79D1FE226B1C1A4236
:10941C00AAD16346002B00D1F5E0002900D1D1E0A0
:10942C005F1A8023DB041F4200D10EE16246012447
:10943C008A1A944600203440002A00D124E70120E7
:10944C001A42C6D10023D7083DE7002B17D0002DB8
:10945C0000D0AFE0FF236546002D00D1ADE05E1ECD
:10946C00012B00D189E0FF2BC2D01B2E00DCABE01E
:10947C004B1D9C46130021E74B46002B70D1FE225E
:10948C006B1C1A425ED1002D00D0C3E06346002B4A
:10949C0000D1D0E0002900D194E00A0062445301CD
:1094AC0000D4D8E092010120520AEDE608002022F7
:1094BC00D840D31A99400B005A1E934103439C4445
:1094CC0063465B0189D50135FF2D00D1DAE6624692
:1094DC0001231949134052080A401A4313009446B9
:1094EC005B0704D00F231340042B00D0BFE6634668
:1094FC005B0100D5C2E66346DF082B00E3E6531B95
:10950C00002D00D1F4E680206446C0040443A44638
:10951C00340001201B2B09DC20256046D840EB1AB7
:10952C0065469D402B005D1EAB4118430B1A9C46B3
:10953C00150080E6FFFFFFFBFFFFFF7DFE226B1C8B
:10954C001342A3D0FF2B00D19CE6614449084A0783
:10955C0049D00F220A40042A45D00A1D9446ADE694
:10956C00002D00D176E78DE63400FF2000228BE63B
:10957C0063460124CF1A344064E661444B016DD537
:10958C0048084449014043072CD00F230340042BC7
:10959C0028D00B1D9C46022390E6002900D12BE716
:1095AC008023DB039F4200D226E7984200D323E7B7
:1095BC000124344007001FE734008C467EE601236B
:1095CC00CF0880E600237EE620206546801B854080
:1095DC0063462800F340451EA84103439C461500F2
:1095EC008C446DE70223CF086DE60F1B7B0128D559
:1095FC00BF01BF09380002F06FF93B00053883400A
:10960C0034000125CAE6002900D1B5E60124070083
:10961C00344058E66346002B00D1E9E6002900D11E
:10962C00EAE68023DB039F4200D2E5E6984200D3B2
:10963C00E2E60700E0E6002900D19EE60023CF0811
:10964C0041E634000123FF083DE6002F00D193E6EC
:10965C000023FF0837E60023D70834E60123CF08A0
:10966C0031E680220B00D20401201340114200D0BD
:10967C00AEE6CF0827E6002B00D15FE7561B002D86
:10968C0001D13300E7E680236046DB0418438446AF
:10969C00EBE6C046FFFFFF7D41024200C30F490AC3
:1096AC000020120E7E2A03DD9D2A02DD094A98183D
:1096BC007047802000040143952A07DC9620821A0B
:1096CC00D1404842002BF3D10800F1E7963A914083
:1096DC00F7E7C046FFFFFF7F70B5002812D0C31715
:1096EC00C5185D40C40F280002F0F6F89E231B1A23
:1096FC00962B0FDC082838D0083885406D026D0A8F
:10970C00D8B202E0002400200025C0052843E4075D
:10971C00204370BD992B14DC421F95402A0015493B
:10972C00114055071CD00F252A40042A18D00431AB
:10973C00CA08490115D59F235202181A550AC0B2FE
:10974C00E3E705222900121AD14002001B32954092
:10975C002A00551EAA410A43064911405507E2D179
:10976C00CA085202550AD8B2CFE76D026D0A8E3084
:10977C00CBE7C046FFFFFFFB10B5041E0DD002F077
:10978C00ABF89E231B1A962B0CDC082834D0083817
:10979C0084406402640AD8B201E000200024C005B1
:1097AC00204310BD992B13DC421F9440144A2240D5
:1097BC0061071CD00F212140042918D00432D40891
:1097CC00520115D59F236402181A640AC0B2E6E749
:1097DC00020021001B3291400A00511E8A410521D2
:1097EC00091ACC401443064A22406107E2D1D4083E
:1097FC006402640AD8B2D2E76402640A8E30CEE7FF
:10980C00FFFFFFFBF0B54F464646D646C0B582B0CB
:10981C00009001910E034C00CD0F710A009E5F0069
:10982C00760F0E43009900920193C90089461903E3
:10983C007B0D9846019B490ADB0F9C46009B009AC6
:10984C005B0F0B434146640DD200611A654500D194
:10985C00A6E0002972DD4746002F00D1DDE0CC4F99
:10986C00BC4200D19AE10127382917DC80273F043C
:10987C003B431F2900DDDDE12027781A1F008740BC
:10988C00BA461700CF408446380057460743604617
:10989C008240CB40501E8241F61A17434B46DF1BC9
:1098AC00B94580414042361A330200D4FFE07602BB
:1098BC00760A002E00D13CE1300002F00DF80300D6
:1098CC00083B20213800CA1AD0409E4002009F401D
:1098DC0032439C4200DDA6E1181B0130091A3E0000
:1098EC008F40C6407B1E9F4113008B4037431F4364
:1098FC00C2403B0016000024134300D1DFE17B077C
:10990C0000D132E30F233A003B40042B04D03A1D24
:10991C00BA42BF417F42F619330200D423E39C4B79
:10992C0001349C4200D1B4E09A4B64051E40640D96
:10993C007707D20876021743360BACE0002900D12A
:10994C007EE04146091B002C00D060E13400484603
:10995C00044300D1C9E14C1E012900D12EE28C4DEB
:10996C00A94200D124E20127382C11DC21001F2947
:10997C0000DD0BE2202437004846641AA740C8409B
:10998C0007434846A040CE40441EA0419B1B0743C2
:10999C00D71BBA4292415242654644469E1A83E70F
:1099AC00002900DC9CE04746002F67D11F001743BD
:1099BC0000D1E4E0481E012900D19BE1744FB9426B
:1099CC0000D1EBE001270100382811DC1F2900DD54
:1099DC00C7E12027781A1F00844687401000C84032
:1099EC00074360468240CB40501E8241F618174315
:1099FC004F444F45804140423618330257D5644B93
:109A0C0001349C4245D00121624B7A081E403940FA
:109A1C000A43F7071743760871E71F00174300D175
:109A2C00ADE04F1EBC46012900D182E1584FB9422E
:109A3C0000D190E161460127382900DD2EE718E7B7
:109A4C00554F611C394200D0D0E0310048461F0010
:109A5C0001431743002C00D03DE1002900D1BCE1AB
:109A6C00002F00D0BFE14B460021D80877070743F1
:109A7C00F00806034C05360B640D0CE0444FBC4259
:109A8C0000D18BE001273829B2DC80273F043B430F
:109A9C009CE70026002724053443ED072C433800AF
:109AAC00210002B0E0BCBA46B146A846F0BD7B0727
:109ABC0004D00F233B40042B00D028E7F808344B8C
:109ACC0077070743F0089C4200D04AE23B0003436F
:109ADC0059D080263603064336032D4C360BDAE775
:109AEC00002961D04146091B002C00D1B9E0284C5B
:109AFC00A04500D1A5E10127382913DC80242404DA
:109B0C0026431F2900DDC8E1202437004846641A8B
:109B1C00A740C84007434846A040CE40441EA04141
:109B2C009B190743BF189742924152424446D6189C
:109B3C0063E7380001F0D0FE030018331F2B00DC64
:109B4C00BFE63A00083882409C4200DD83E01B1BD4
:109B5C00581C1F2800DCB4E117001F3BDF402028F5
:109B6C0005D040231B1A9A40531E9A4117430024D8
:109B7C00002F0AD07B0700D0C4E626009EE74B4698
:109B8C000C00D8089BE70027014C002683E7C04651
:109B9C00FF070000FFFF7FFFFE0700004B46770723
:109BAC00D8080743F00891E7CD4F611C39426BD1BF
:109BBC00310048460143002C00D04BE11F001743F5
:109BCC00002900D181E1002F00D14CE74A444A45DD
:109BDC008041F61840423618330200D5B0E1170028
:109BEC009146374300D03EE7002654E74946891A90
:109BFC008846C145BF41F11A7F42C91B0F0261D48F
:109C0C0047460F4300D1BDE00E00474651E6B54C28
:109C1C00A04500D100E10127382900DDB8E68024F9
:109C2C0024042643A3E6B04EE41A16407B0700D06A
:109C3C003FE743E70F001800203FF84084462029F7
:109C4C0003D04027791A8B401A43531E9A4163461E
:109C5C0017001F4322E6A448E11A10404707C0082A
:109C6C0007E734004846044300D1FAE04C1E0129B2
:109C7C0000D1D7E09B4FB94200D1E2E00127382C4C
:109C8C0000DD4FE721003CE7964CA14200D1DDE01E
:109C9C004A444A458041F31840421818C7075208F5
:109CAC0017434608520705D00F220C003A40042AED
:109CBC0000D02CE67607FF0837430009D9E60027C9
:109CCC000026E8E64946571ABA4292419E1B524278
:109CDC006546B61AEDE5002900D0C6E0002F67D125
:109CEC00802600257F4C3603D5E665460C001E0009
:109CFC00D008E4E64A444A458041F318404218181B
:109D0C001100030200D496E0774B49081840C307B2
:109D1C000B434408490700D129E10F221A40042AB9
:109D2C0000D1EAE01F1D9F42B6417642361902244B
:109D3C00C4E649468F1AB9458041F61A4042361A94
:109D4C00330206D47307FF0801211F43F00890E685
:109D5C0065460124ABE54B467707D8080743F00866
:109D6C00B4E60F001800203FF8408446202903D0A9
:109D7C004027791A8B401A43531E9A4163461700A9
:109D8C001F4335E600250024002684E60C00350030
:109D9C00203CE540202905D04024611A8E404946DC
:109DAC00314389464846411E884107002F43EFE561
:109DBC00D2085F0765461743D80887E6171ABA42D8
:109DCC0092419E1B5242B61A3302C1D47307FF084C
:109DDC00654601211F43F0084BE6002F7BD06546FA
:109DEC001E0091463FE6811A8846C145A441F11AEE
:109DFC006442091B80242404214277D0101A824229
:109E0C00924107009E1B5242B61A374300D0A0E085
:109E1C006546002400263EE65F07D20865461743D8
:109E2C00D80853E6811891429241F018524280189A
:109E3C00030200D568E74707C9080F43C008012192
:109E4C0017E6D2085F071743D8083FE60C00002638
:109E5C00002720E6002956D15F07D2081743D808FF
:109E6C0034E60C001E00D00829E6C1087007014337
:109E7C00F008002F62D080242403204207D0DE0893
:109E8C00264204D165463000D1085B0719434F0FB9
:109E9C00C900C9087F070F4318E60C003000203CAE
:109EAC00E0408446202905D04024611A8E40494662
:109EBC00314389464846411E8841614607000F439D
:109ECC0030E620210027091A0EE51E00002F00D0D5
:109EDC0022E5002458E7002500240026DBE5C046D7
:109EEC00FE070000FF070000FFFF7FFF47460F4300
:109EFC0000D147E70E00C146B5E5DF086407022133
:109F0C0027430009B5E51900C0087707074311433B
:109F1C00F008002900D1D9E580210903084207D0B7
:109F2C00DC080C4204D1D2085B071A43170020004E
:109F3C007B0FFF00FF085B071F43C7E50F00C5E55C
:109F4C00124BD20833405F075B02012417431E0BF0
:109F5C00A1E5264212D00D4B6546020001241E409D
:109F6C00E6E4210085E51700A8E53A00D4E4DB0817
:109F7C0064071C432700022100097AE5C008770713
:109F8C00074365460021F00873E5C046FFFF7FFFDD
:109F9C00F0B5DE46454657464E46E0B587B00092D2
:109FAC0001930B031B0B9B46CA0F4B00040080460E
:109FBC005B0D029200D198E07C4A934237D059460F
:109FCC00420FC9000A43802109041143C200904684
:109FDC00774A894692469A44002300240393009EB4
:109FEC00019F3B031B0B9B467B0030005B0DFD0F61
:109FFC00002B59D06D4A934248D05946720FC90074
:10A00C000A438021090411438B466949F2008C46AE
:10A01C0051466344CB1A9A460021029E6E40F6B21A
:10A02C000F2C00D9CEE0634BA4001B599F465A4617
:10A03C000243914600D090E09A46022390460824B1
:10A04C000393CCE7CB464246029D0399022900D1EB
:10A05C00DEE1032900D18DE0012900D079E12E0049
:10A06C0000220023002490461B052343F6073343AC
:10A07C004046190007B0F0BCBB46B246A946A04604
:10A08C00F0BD002200249046484BEDE75A46009B59
:10A09C001A43494B9C46E244002A59D102231C43E3
:10A0AC00002302219B46B8E75A46009B1A4349D02D
:10A0BC005B46002B00D19CE1584601F00DFC0200E0
:10A0CC0003000B3A1D27009EBA1A19005846D640B9
:10A0DC0008398840320002439346009A8A40374937
:10A0EC0053448A4600219A4497E75B4603439946BA
:10A0FC0021D05B46002B00D169E1584601F0ECFB06
:10A10C000B235B429C460200844466461D239B1B2A
:10A11C00260011005846DE400839884033000343BE
:10A12C00994623008B409846254B00249B1A9A464F
:10A13C000023039353E7002398469A4601330424E3
:10A14C0003934CE701231C43002301219B4664E746
:10A15C000323320003211C435FE79A460323D946AD
:10A16C000C2403933BE700238024984600260F4BD6
:10A17C00240379E780245B4624031C4324032E002C
:10A18C0090460A4B240B6FE780244B462403234252
:10A19C0002D05B462342F0D080244B4624031C4360
:10A1AC002403029E014B240B5EE7C046FF07000010
:10A1BC0001FCFFFFD88D010801F8FFFFF30300003D
:10A1CC000DFCFFFFCB4500D2F8E000D1F3E00123FA
:10A1DC005B429C46444648460025E2445B46170ECB
:10A1EC001B021F43190C3B04120200971F0C9146D3
:10A1FC0002910397FEF71AF802007A430B04210C24
:10A20C00804619438A4209D9009F0123BC465B4210
:10A21C0061449C46E0448F4200D85CE1881A029964
:10A22C00FEF704F8039A240442430904240C0300A7
:10A23C000C43A24206D90099013B8C466444A142CE
:10A24C0000D842E1A01A424612041A4393464B46E8
:10A25C0059461B0C1F0004930B0449460904090CB6
:10A26C000C001B0C5C43120C7B43884651437A4315
:10A27C00270CBC465B186344994203D980214902E0
:10A28C008C466244190C24041B04240C8A181C19D7
:10A29C00904202D316D1A54214D25B46009F013BDB
:10A2AC004D4405934D459B41BC465B426344C018ED
:10A2BC00874200D302E1824200D929E100D124E196
:10A2CC00059B9B462C1BA542AD41009B801A6D4201
:10A2DC00401B834200D10FE10299FDF7A7FF039ABF
:10A2EC000B044243210C050019438A4200D9CBE0F0
:10A2FC00881A0299FDF79AFF039A24044243090431
:10A30C00240C03000C43A24200D9CAE04146A41A13
:10A31C002A041A43049F13041B0C594340467B43E5
:10A32C009C46150C68430B0C844463447D43984253
:10A33C0003D98020400284466544180C09041B0490
:10A34C00090C40195B18844227D323D00123350014
:10A35C001A43944B5344002B60DD510700D086E028
:10A36C002E00D1085A46D20106D55A468E4B1A40B9
:10A37C0080239346DB0053448C4A934200DD80E6F5
:10A38C005A4652070A4390465A465B055402240B20
:10A39C005B0D69E63500002BDBD0009D511EAC46F1
:10A3AC006444AC4200D29EE0844200D2E1E000D191
:10A3BC00EEE00A00CAE7424500D908E74B46DC0745
:10A3CC00580843465B081C434346DD0706E701F08B
:10A3DC0083FA15239C4684440200634620321C2BCE
:10A3EC0000DC92E623000838834099460023984607
:10A3FC009AE601F071FA02000300153220331C2A90
:10A40C0000DC5FE600990838814000228B4666E646
:10A41C0000222E0000249046654B25E62E000121DB
:10A42C00C91A382900DD1BE61F297EDC614814009F
:10A43C0050445B4682408340CC40501E82412343B3
:10A44C001A435B46CB40510709D00F211140042918
:10A45C0005D0111D9142924152429B180A001902DB
:10A46C0000D49BE00022012300249046FCE50F2140
:10A47C001140042900D173E7111D914292415242BF
:10A48C002E00C90893446DE7009B013D9C46614436
:10A49C008B4200D92CE78A4200D829E7851E6144FB
:10A4AC0026E70099013B8C466444A14200D92DE774
:10A4BC00A24200D82AE7831E644427E7874200D0D3
:10A4CC00FEE6A94500D9FBE6F5E6A24200D8B9E6BE
:10A4DC00831E6444B6E68A4200D89FE6BC46831EBF
:10A4EC00984661449AE60A00844200D02EE74B4518
:10A4FC0000D02BE735002CE72A4B2F4A53449245CA
:10A50C0043DB0122002193442CE7AC4200D8D7E670
:10A51C0002235B429C4600994D444D459B41E344CC
:10A52C008C465B426344C018CCE61F204042C31AE1
:10A53C005846D840202904D05946204B53449940C2
:10A54C000A43531E9A410723190002430024114069
:10A55C00134209D008331340042B1DD0131D934212
:10A56C0089411A0049424907D2080A439046002300
:10A57C007AE54946009F4D004D458941BC4649420C
:10A58C006144A946023A6418AEE70122524246E7FA
:10A59C009945EED30A00AAE70021E5E759075B02CB
:10A5AC001C0BE1E7FF030000FFFFFFFEFE070000AE
:10A5BC00FF0700001E04000002FCFFFF3E04000029
:10A5CC00F0B55746DE464E464546E0B50D00040054
:10A5DC00E80F83460903D80F090B824619488C46AD
:10A5EC001F0369005E00490D3F0B760D814218D0A8
:10A5FC0086420FD00120B1420DD1BC450BD1944203
:10A60C0009D1D3451CD0002905D160462043431EF7
:10A61C00984100E00120F0BCBB46B246A946A046DA
:10A62C00F0BD01208E42F6D1614639430F0017432D
:10A63C002743F0D15B465246981A431E9841EAE7ED
:10A64C000020E8E7FF070000F0B557464E464546A8
:10A65C00DE46E0B50D000E034900490D8A46DF0FBA
:10A66C00E90FBC4683B02F4F04008046019158007F
:10A67C0019039146360B090B400DBA451DD0B84253
:10A68C000DD05746002F2AD13443002824D10A4339
:10A69C0036D0002C41D163465800013815E01143E7
:10A6AC0038D15346002B01D12643F4D0019B63458E
:10A6BC0007D1019B5800013807E026432AD15045A9
:10A6CC0021D00120019B5F42384303B0F0BCBB4654
:10A6DC00B246A946A046F0BD002CDCD0E6E7002827
:10A6EC00EFD0019B6345ECD18245EADCE1DB8E4285
:10A6FC00E7D8DED1C845E4D80020C845E5D2D8E774
:10A70C00002CE2D0DDE7114304D1019B6345D8D185
:10A71C000020DAE702204042D7E7019B6345E6D0F0
:10A72C00CFE7C046FF070000F0B557464E464546FA
:10A73C00DE46E0B50D000E034900490D8A46DF0FD9
:10A74C00E90FBC4683B02E4F04008046019158009F
:10A75C0019039146360B090B400DBA451ED0B84271
:10A76C000DD05746002F27D13443002833D10A434C
:10A77C0034D0002C40D163465800013815E0114309
:10A78C0012D15346002B01D12643F4D0019B6345D3
:10A79C001DD00120019B5F42384306E0264303D1C4
:10A7AC005045F6D111431CD0022003B0F0BCBB467F
:10A7BC00B246A946A046F0BD0028EAD0019B6345ED
:10A7CC00E7D18245E5DC02DB8E42E2D80ED0019B5C
:10A7DC0058000138E9E7002CCDD0D7E7002CE4D0A5
:10A7EC00D7E7019B00206345DFD0D2E7C845D0D81E
:10A7FC000020C845D9D2EAE7019B6345E4D0C8E7FD
:10A80C00FF070000F0B557464E46DE464546E0B51C
:10A81C001F000B031B0B16009A46CA0F4B000400BB
:10A82C00914685B05B0D00D1CFE1CD4A934255D016
:10A83C005146420FC9000A43802109041143C2004A
:10A84C009046C84A8A4693469B44002300250293AF
:10A85C003C037B00FA0F0196240B5B0D009200D198
:10A86C0088E1BF4A934200D192E0BE4A94466344C9
:10A87C009B440A2D42DCE400730F23438024494699
:10A88C0024041C43F3000193009B00205940CBB2DD
:10A89C000393022D00DC94E00123AB401D00A623A2
:10A8AC002A00DB001A401D4200D029E290239B00B5
:10A8BC001D4200D14DE20023802499462403A84B6D
:10A8CC0010004A461B052343D2071343190005B059
:10A8DC00F0BCBB46B246A946A046F0BD5246024368
:10A8EC00904600D0ACE19B46022392460825029389
:10A8FC00AEE7009BA2469946019B9846029B022B11
:10A90C0000D1CAE1032B00D192E1012B10D100231D
:10A91C0000240022D4E701227B083A40134352461C
:10A92C00D2071343984653465B089A46039B9946B5
:10A93C005B46581C8023DB005B44002B00DCB1E140
:10A94C00424652070BD00F2241460A40042A06D039
:10A95C004246111D4145924188465242924452460C
:10A96C00D20106D55246804B1A4080239246DB001A
:10A97C00C3187E4A934200DD8FE14246D10852460D
:10A98C0052070A4351465B054C02240B5B0D97E7BB
:10A99C00734B26439C46E344002E00D16FE1032306
:10A9AC0049461D43009B5940CBB203930A2D00DD51
:10A9BC0033E10123AB401D000323029388222A427A
:10A9CC0097D1424643461204120C160001981D0CF6
:10A9DC00030C0004000C4643B4461E006E43009664
:10A9EC00160007005E436146B0466F430E0CB84438
:10A9FC004644B74205D9802149028846009F474406
:10AA0C00009761460904090C370C36048C4631005A
:10AA1C00614401911100260C2404240C61438C46E2
:10AA2C002100694389466146090C884672434A44B1
:10AA3C0042447543914503D98021490288464544D7
:10AA4C00110C884661460904090C8C4612046244B8
:10AA5C00B91802915146090C8C4651460F043F0C13
:10AA6C003900414345448846614641438A46414644
:10AA7C006046090C894658437B4353444B449A45E2
:10AA8C0003D98021490289464844190C894641461C
:10AA9C000904090C8846390061431B044344884669
:10AAAC0061464C4371438C46414677430E0C3F192B
:10AABC00F6194844B44203D9802149028946CC4452
:10AACC000299009F894631044F448946414697427A
:10AADC0092410C04240C4C44FF1852426419A118E6
:10AAEC009F429B41884682465B42994690459241E3
:10AAFC00AC42A441C244D1445242644214439945ED
:10AB0C009B41824592415B42524213434A46360C6A
:10AB1C00A419E31863445B02D20D1A4301999246BF
:10AB2C007A020A43501E8241FF0D17434A465202D5
:10AB3C001743B846DB0100D5EDE60D4B039A5B4499
:10AB4C009146002B00DCACE03A00520700D110E734
:10AB5C000F2258463A40042A00D0F9E609E7C046CD
:10AB6C00FF07000001FCFFFFFFFFFFFEFE070000D8
:10AB7C00FF030000220032436FD0002C00D1C2E052
:10AB8C00200000F0A9FE020003000B3A1D20821ADF
:10AB9C0030001900D04008398C40020022433400A8
:10ABAC008C405946CB1A86498B469B440A2D00DDB6
:10ABBC00A4E64946009B01945940CBB214000020F6
:10ABCC000393022D00DD67E6FBE6534603439846EC
:10ABDC003CD05346002B00D1A3E0504600F07CFE45
:10ABEC000B235B429C4602008444110050460839FA
:10ABFC0088401D23804660461B1A2000D840030065
:10AC0C00404603439A4623008B4098466C4B0025E4
:10AC1C009B1A9B46002302931AE60F2D00D0C9E025
:10AC2C00802352461B031A4202D01C4200D192E0F0
:10AC3C008024534624031C4324034246240B3EE643
:10AC4C009B46032380460C25029301E600239A467B
:10AC5C009B46013304250293FAE501210D430A2D8D
:10AC6C0000DD4BE6494600984140C9B20391022DE4
:10AC7C0000DC96E000230024012001930CE64946F9
:10AC8C000223009A2B435140CAB203920A2B00DDD7
:10AC9C0034E6002D57D1039B994600240022494BE2
:10ACAC000EE658460121C91A382900DD2FE61F2966
:10ACBC0056DD1F2254465242D31ADC40202907D0BD
:10ACCC00414B42469C465346604483401A4390464F
:10ACDC0042460721531E9A410B0022431340002485
:10ACEC00114209D00F231340042B5DD0111D91424A
:10ACFC009B410A005B425B07D2081A430023DFE545
:10AD0C00039B9946FAE5019800F0E6FD020003006A
:10AD1C00153220331C2A00DC38E7019A08388240AF
:10AD2C003FE700F0D9FD15239C468444020063469E
:10AD3C0020321C2B00DC58E70023984623000838EF
:10AD4C0083409A4662E71D000023002402200193F1
:10AD5C00A2E5029032E61C43009B019A9946AEE5AF
:10AD6C001A4B5246C31840469A40C84002434046CC
:10AD7C0098400300581E834154461A43CC40530755
:10AD8C0009D00F231340042B05D0131D934292417D
:10AD9C005242A4181A00230208D5012300240022D1
:10ADAC008EE5894600248BE50023A5E76307640242
:10ADBC00240BA1E7009BA2469946019B984637E7D6
:10ADCC000DFCFFFFFF0700003E0400001E04000006
:10ADDC00F0B557464E464546DE46E0B583B000908A
:10ADEC0001910C034D00CE0F610A009C5F00640FB3
:10ADFC000C43009900920193C80019037B0D9946EE
:10AE0C00019BCC4FDB0F9C464B0A00998046490FA7
:10AE1C001943009B8B46DA0092466D0DB94500D163
:10AE2C00BFE00123614659404B468C46EB1A8E42DB
:10AE3C0075D0002B00DCA3E24946002900D1CEE0FE
:10AE4C00BD4200D100E20127382B19DC802759467E
:10AE5C003F0439438B461F2B00DDFAE12027F91AFA
:10AE6C008C4659466746B9400F001100D9400F4334
:10AE7C0061468A40511E8A415946D9401743641A8B
:10AE8C00C71BB84280414042241A230200D440E13F
:10AE9C006402640A002C00D154E1200000F01CFD77
:10AEAC000300083B20213800CA1AD0409C40020005
:10AEBC009F4022439D4200DDA6E1581B0130091A38
:10AECC003C008F40C4407B1E9F4113008B402743A6
:10AEDC001F43C2403B0014000025134300D1F7E18F
:10AEEC007B0700D177E30F2338003B40042B04D0C1
:10AEFC00381DB842BF417F42E419230200D468E3F5
:10AF0C008C4B01359D4200D1F4E08B4B6D051C4000
:10AF1C006D0D6707C00864020743240BECE0002B9F
:10AF2C0000DC29E34946002900D0D6E059461143FC
:10AF3C0000D12EE1591E012B00D1E6E1BB4200D11C
:10AF4C0082E101270B00382914DC1F2B00DD3CE2C9
:10AF5C002027F91A8C4659466746B9400F00110054
:10AF6C00D9400F4361468A40511E8A415946D94007
:10AF7C00174364183F18874280414042241823022B
:10AF8C0000D4C6E06B4B01359D4200D1B2E00121EB
:10AF9C00694B7A081C4039400A43E7071743640899
:10AFAC009EE7664B11438A46EB18002928D066456C
:10AFBC002CD0002B5BD0002D00D12CE15B466646DB
:10AFCC005F07D2081743DD083B002B4300D1E2E0BA
:10AFDC00802424032C432403564D240B8CE0594627
:10AFEC00114300D1D5E0591E012B00D1B9E1BB4270
:10AFFC0000D1B1E101270B00382900DD40E72AE739
:10B00C006146012779408C466645D2D1002B00D190
:10B01C00C5E0002D00D055E14B462500054300D17D
:10B02C0012E2591E8C46012B00D149E2414DAB4234
:10B03C0000D18FE20127382911DC63461F2B00DD7C
:10B04C005BE26146202327005B1A050098409F4075
:10B05C00CD40431E9841CC402F430743A344BF1817
:10B06C009742924152425A4414004D4687E7344F5E
:10B07C006B1C3B4200D0B6E05946230011430F0035
:10B08C000343002D00D026E1002B00D1C0E10029A4
:10B09C0000D1A1E0831A98465B464045AD41E31AC6
:10B0AC006D425B1B80252D042B4200D14BE15B468E
:10B0BC00101A824292411C1B070001266346524221
:10B0CC00A41A27431E40002F00D142E12C4200D18C
:10B0DC006DE2194B01251C401BE7BD4200D13BE141
:10B0EC000127382B00DD45E7802759463F043943BB
:10B0FC008B462AE7002400272D052543F607354308
:10B10C003800290003B0F0BCBB46B246A946A046A5
:10B11C00F0BD7B0704D00F233B40042B00D0E7E6A7
:10B12C002B00F808034A67070743E508934200D150
:10B13C004AE7A5E0FF070000FFFF7FFF01F8FFFFD4
:10B14C00FE070000380000F0C7FB030018331F2B6C
:10B15C0000DCA7E63A00083882409D4200DD8AE018
:10B16C005B1B581C1F2800DCD8E117001F3BDF407D
:10B17C00202805D040231B1A9A40531E9A4117438E
:10B18C000025002F00D1E5E07B0700D0ABE62C00BA
:10B19C00C6E7C008C6E700270024D14DACE7D14F65
:10B1AC006B1C3B4271D123000343002D00D04EE1B8
:10B1BC005746002B00D1B5E1002F0DD083188342E8
:10B1CC0080415C4440422418220200D5C8E11F0093
:10B1DC009846274300D1BCE043466707DB081F4372
:10B1EC00E50800234CE0831A98465B464045BF4176
:10B1FC00E31A7F42DB1B1F027CD447461F4300D15E
:10B20C00A6E01C00474645E6B74CED1A14407B07F8
:10B21C0000D080E784E74B462500054366D05F1ECF
:10B22C00012B00D1FCE0AE4DAB4200D15EE1664695
:10B23C00382F00DCB4E00120171ABA4292415B4669
:10B24C0052424D469C1A20E66707C0080743E508A2
:10B25C00BAE61F005946203FF9400F00202B05D0BD
:10B26C004021CB1A594699400A43924653465A1EDE
:10B27C0093411F4304E6EB1A9B4D15406F07ED08F5
:10B28C002C035D05240B6D0D36E7954DAB4200D1BB
:10B29C00D6E082182100824280415944404208186D
:10B2AC00C707520817434408520700D485E10F2200
:10B2BC001D003A40042A00D01AE6FF086407274311
:10B2CC000509DDE75B46D2085F071743DD087BE61F
:10B2DC000027002410E7002B00D0D6E0002900D076
:10B2EC002FE1802400267E4D240305E766465C464C
:10B2FC00D00817E75B46171ABA4292411C1B01266D
:10B30C0063465242A41A1E40C4E58318834280410E
:10B31C005C44404225182A0200D4DAE0724A5B08E9
:10B32C001540EA071A4369085B0700D44AE10F236A
:10B33C001340042B00D1FCE0171D9742A44164423A
:10B34C0002256418ECE647461C001F4300D043E777
:10B35C00002600250024CFE6C00867070743E50850
:10B36C0032E6871A5B46B8428041E41A4042241AFE
:10B37C00230228D46307FF081F43E50801237FE756
:10B38C00002B00D173E64B465F1B3B00002D00D118
:10B39C0042E7382F00DDECE080230E001B041C4339
:10B3AC001F2F25DC20252300ED1B0100A840AB40FE
:10B3BC00F940451EA8410B43FC4018435B461B1B40
:10B3CC009B4639E76646012562E51F005946203F3A
:10B3DC00F9408C46202B05D040275946FB1A994042
:10B3EC000A43924657467B1E9F4163461F43C1E565
:10B3FC003B002500203BDD40202F04D04023DB1BED
:10B40C009C40204380464046431E9841284313E706
:10B41C0000299DD0012663465C4690461E40DBE623
:10B42C00171A5B46BA4292411C1B5242A41A2302C1
:10B43C00C8D46307FF081F4366460123E5081FE7CE
:10B44C001D000024002757E65C46D0086AE6002B56
:10B45C0000D137E75346C00867070743E508002BC0
:10B46C0000D1B1E580231B031D4208D05946C80802
:10B47C00184204D1D20849070A43170005007B0F74
:10B48C00FF00FF085B071F439EE5C00863071843D6
:10B49C00E508002953D080231B031D420AD05946CE
:10B4AC00CC081C4206D1012663462500D00849076A
:10B4BC0008431E40470FC000C0087F07074383E5C1
:10B4CC008318934292415C445242A5182A0200D53B
:10B4DC0024E76F07DB081F43ED080123D0E6C046C5
:10B4EC00FF070000FE070000FFFF7FFF5B46D2084E
:10B4FC005F0766461743DD0866E52500203BDD4007
:10B50C006346202B05D0402361465B1A9C402043A8
:10B51C00804647467B1E9F412F43A0E520210027F4
:10B52C00091AD2E4002F00D113E75C46170000255E
:10B53C00F6E5D708490702230F432D09A0E60700BB
:10B54C0042E55B4601265F07DD086346D2081743D8
:10B55C001E4039E55B46D2085F071743DD0833E52B
:10B56C001E4ADB0822405707520201251F43140BC9
:10B57C00C2E50E0001205FE6002B0DD04B465B1B95
:10B58C009C46002D00D148E50127382B00DD66E5EF
:10B59C0080231B041C4350E56B1C114D2B4200D027
:10B5AC0073E65946230011438A46034300E66707B6
:10B5BC00C00800230743E50862E66407FF08274339
:10B5CC0005095DE6D208490711430F0002232D0936
:10B5DC0056E60700A4E538008FE4C046FFFF7FFF66
:10B5EC00FE070000F0B5C6461E03360BB0460D4EE6
:10B5FC000C034D005F0000B5240B6D0D7F0DB542A3
:10B60C000BD0084900208F4204D146461643300027
:10B61C00431E984180BCB846F0BD04430120002C69
:10B62C00F8D1EEE7FF0700000B00020070B5164DD5
:10B63C000C0382B04900002000920193240B490DA9
:10B64C00DE0FA94204DD1148814203DD104BF018D6
:10B65C0002B070BD8020400320430E4C641A1F2C96
:10B66C0008DD0D4B5B1AD84003005842002EEFD179
:10B67C001800EDE7094B009A9C46030061448B408F
:10B68C00E2401343F1E7C046FE0300001D04000036
:10B69C00FFFFFF7F3304000013040000EDFBFFFFEE
:10B6AC0070B5002816D0C317C5185D40C40F28000C
:10B6BC0000F012F9104B1B1A5B055B0D0A2814DC09
:10B6CC0002002E00153296400B22121AD5402D0383
:10B6DC002D0B03E000240023002500261B052B4323
:10B6EC00E40723433000190070BD0B3885402D034F
:10B6FC0000262D0BF2E7C0461E04000010B5041EF8
:10B70C0010D000F0E9F80E4B1B1A5B055B0D0A28F4
:10B71C000FDC0B222100121AD14015300A03844091
:10B72C00120B01E0002300221B051343200019001B
:10B73C0010BD22000B38824012030024120BF3E7D9
:10B74C001E04000070B542024300C40FFE201B0E05
:10B75C00591C550A08420CD0E02189008C466D0713
:10B76C00120B63441B051343E40723432800190001
:10B77C0070BD002B14D1002D1BD0280000F0ACF8AC
:10B78C000A281CDC0B232A001B1ADA400300153391
:10B79C009D400E4B12031B1A5B05120B5B0DE1E770
:10B7AC00002D09D0130B802212031A436D07084B8E
:10B7BC00D8E700230022D5E70022054BD2E703008F
:10B7CC002A000B3B9A400025E3E7C04689030000A2
:10B7DC00FF070000F0B54B000F035B0D3A4C450F13
:10B7EC0083B07F0A5E1C2F4300900191CA0FC500E5
:10B7FC0026420BD035495C18FE2C13DDFF200023AC
:10B80C00C0051843D207104303B0F0BD3D43002BD5
:10B81C0001D10020F4E7002DF0D08023DB03FF20C2
:10B82C003B43EDE7002C0CDD009BFF009B01581EF9
:10B83C008341690F3B430B43590727D1DB08E0B227
:10B84C00DEE72100173131DB80211E20090439434A
:10B85C00001B1F282DDD02267642341B0E00E6400D
:10B86C003400202804D01A488446634499400D4380
:10B87C002B00591E8B412343590703D00F2119402C
:10B88C0004290BD19B0100205B0AB9E70F21194059
:10B89C00042904D19B015B0AE0B2B1E70024043314
:10B8AC005901F7D501340023E0B2A9E700200023A9
:10B8BC00A6E7084C1C192B00A540C340A140681EEC
:10B8CC00854129430B43D7E7FE07000080FCFFFFAF
:10B8DC00A2FCFFFF82FCFFFF1C2101231B049842EA
:10B8EC0001D3000C10391B0A984201D3000A083905
:10B8FC001B09984201D30009043902A2105C4018BC
:10B90C007047C0460403020201010101000000005F
:10B91C000000000010B5002903D1FFF7DDFF203037
:10B92C0002E00800FFF7D8FF10BDC04682B073B527
:10B93C006C460091079321000300626060C960C3EC
:10B94C0007AA60CA60C313001500103006CB06C0EE
:10B95C0001220098616803F075FA69680122099860
:10B96C0003F070FA73BC08BC02B0184737B504007A
:10B97C0003F076FEA068A38902691342FCD001692A
:10B98C000A001A401942FAD101AD2068616803F02F
:10B99C0059FA29000122032003F094FD03CC012263
:10B9AC0003F050FA03F05AFE28786B7800041B025F
:10B9BC001843AB7818433EBDF0B5094985B0094B27
:10B9CC0001ACC0CBC0C40B004968074A00911B688E
:10B9DC00064811685268FFF7A9FF05B0F0BDC046D4
:10B9EC00440000203C0000202C000020C402002059
:10B9FC0010B50348FFF7BAFF80231B04584010BD55
:10BA0C00C402002010B50548FFF7B0FF80231B04CB
:10BA1C005840984201DA024B181A10BDC40200209B
:10BA2C00FFFF7F0070B504250024FFF7E1FF013D07
:10BA3C002418002DF9D10723E01718400019C01065
:10BA4C0070BD0000F0B504000525002699B00392E6
:10BA5C000F0048227C4906A804930BF06CFE631F70
:10BA6C0001937A4B02937A4B0593019BAB4257DCC3
:10BA7C0000221E9B1E80774B1A70774A1278029216
:10BA8C00764A964200D874E001251D70714B744AB9
:10BA9C001B782C000192002B1ED0029B714E002BA8
:10BAAC0000D1A0E0704B1B78002B00D19BE06F4BBA
:10BABC001B78002B00D196E06D4B7C1E1C60012284
:10BACC00694B1A70974201D16A4B1F70FA22338866
:10BADC0092009B189BB233805F4B1B78002B0CD0D1
:10BAEC00614B1B78002B08D0604B1B78002B04D0CB
:10BAFC005F4B1B68AB4200DA1C00019B1B78002BD0
:10BB0C0009D05D4B1B78002B05D15C4B039AD35CA1
:10BB1C00A34200DC5C1E201E00DC012019B0F0BD2D
:10BB2C00029B6A00985AFFF7BBFD0022544BFFF7AB
:10BB3C004FF9FFF779FDC317C4185C40059B6A00E9
:10BB4C00985AFFF7ADFD00224D4BFFF741F9FFF777
:10BB5C006BFDC317C018584082B2231CA4B2944288
:10BB6C0000D2031C9AB2B24200D2331C9EB20135F1
:10BB7C007BE7029B002B04D001223C4B1A703C4B00
:10BB8C001F60092301937B1E06ACDB00E3180593B1
:10BB9C00019D30006B1E0193FFF782FD226C636CDC
:10BBAC00FEF730FE059B083C1A685B68FEF7F0F95F
:10BBBC00344A354BFCF740FC002803D1019B002B89
:10BBCC00E6D10125264B1B78002B00D15EE7052F13
:10BBDC0000DC5BE7BD4200DC58E72C4B9E4200D8F2
:10BBEC0054E77D1C52E70624A74207DC023C062FD3
:10BBFC0004D03C00032F00DD0324013C019B029A7E
:10BC0C001B78002A00D05AE7002B00D15EE7049B7A
:10BC1C00002B0ED0039B1E4A013BD35C032B08D890
:10BC2C0001221C4B1A701C4B1C6033881B199BB2D5
:10BC3C003380114B1B78002B00D047E70F4B039A36
:10BC4C00D75402F095FA41E7088D0108845700207B
:10BC5C00944C002002040020D90100205B3F00001E
:10BC6C005A6300207E670020C2650020C06500205A
:10BC7C0004020020C1650020BC0A0020776300206C
:10BC8C0080FFCF409A99999959CCCC4070170000FD
:10BC9C00D4030020C36500200002002070B506000C
:10BCAC000D0019001D4B10001B781D4C013E002B84
:10BCBC0021D000221B4BFCF7B9FB002803D11A4BF7
:10BCCC001B78002B1AD1A35D0133DBB2A355002DD9
:10BCDC0004D06A1EA35C0133DBB2A354A35D072B13
:10BCEC0001D90723A355002D05D0013D635D072B1A
:10BCFC0001D907236355A05DC0B270BDA35D002BB5
:10BD0C0003D0A35D013BDBB2A355002DE6D06A1E28
:10BD1C00A35C002BE2D0A35C013BDDE75D6300205C
:10BD2C00D403002000002E400104002010B5D022C6
:10BD3C0000210B480BF06AFC00230020094A0A4939
:10BD4C0013700A4A13700A4A10605160094A0A4873
:10BD5C000A49106051600A4A137002F08BFA10BD48
:10BD6C0078620020D203002000002E40D303002074
:10BD7C0000000020080000200E2DB29DEFFF58405F
:10BD8C00D103002010B56822002103480BF03EFCC3
:10BD9C0002F0ECF810BDC0463865002000231900F5
:10BDAC0010B5044AD15401330D2BFBD102F0BEF96E
:10BDBC0010BDC046D4030020F7B502F0E8FC424B9E
:10BDCC0005001B780C27002B00D1083F3F4B404A45
:10BDDC001B78019300231E00019999424CDC3D4BCA
:10BDEC0004241B78002B10D03B4B013C1B78A34246
:10BDFC000BD83A4B1B78002B04D0394B02341B78F0
:10BE0C00002B02D0AF423ED80224200001F0AAFF42
:10BE1C00AF4207D1334F3B78002B03D1FFF786FF9E
:10BE2C0001233B70304B1B78002B23D03000FFF7E5
:10BE3C0065FC00222D4BFEF7E5FC060001980F0077
:10BE4C00FFF72EFC02000B0030003900FEF7A0F8C3
:10BE5C000022274BFCF70EFB00280BD0254A136859
:10BE6C00012B07D102201060234A137002F0AEFAA6
:10BE7C00FFF794FF2000FEBDD15C022901D90136E9
:10BE8C00F6B20133A8E71D490022086849681C4B2B
:10BE9C00FCF7CCFA002805D002F094FC022801D85B
:10BEAC000624B2E7174B18685968FCF78DFB134949
:10BEBC00C4B2002208684968114BFCF7B7FA002895
:10BECC00A3D0022CECD19FE78C670020410200200C
:10BEDC00D40300208F670020B065002038020020BA
:10BEEC00A1660020B8030020D801002000005940B2
:10BEFC0000004940DC0100205C630020580A00204F
:10BF0C0000002E40C00300200C4B70B518780C4B71
:10BF1C0003221C780525002306260A49002800D098
:10BF2C002A00002C00D03200CA5401330D2BF5D15D
:10BF3C000022054B1A7002F045F970BD59630020C0
:10BF4C00D8010020A0650020AF650020F0B58DB0B1
:10BF5C000B930E001300069001928A4208D1854A79
:10BF6C0094466344DB00C318186859680DB0F0BDE3
:10BF7C0000240F00019B251C5B1A04930294019B67
:10BF8C009F4200DA87E00498FDF7A6FB071C011C12
:10BF9C000298FCF7F5FD391C0790281CFCF7F0FD06
:10BFAC00391C0890201CFCF7EBFD0024099004942C
:10BFBC00271C03940294019B9E4200DA8EE00499A4
:10BFCC000298FCF7ABFF391C051C381CFCF7A6FFCC
:10BFDC00011C281CFDF7FCF80499061C0398FCF7BF
:10BFEC009DFF211C051C381CFCF798FF011C281C0C
:10BFFC00FDF7EEF8311CFCF7C3FD211C051C029863
:10C00C00FCF78CFF391C041C0398FCF787FF011C00
:10C01C00201CFDF7DDF8311CFCF7B2FD291C041CBB
:10C02C000798FCF77BFF011C0898FDF7D1F8211C41
:10C03C00061C0998FCF772FF011C301CFDF7C8F8B0
:10C04C000B9B061C5A1E9341019AD31A180001939C
:10C05C00FDF742FB291C071CFCF760FF311CFCF7A9
:10C06C009DFB211C051C381CFCF758FF391CFCF7E8
:10C07C0055FF011C281CFCF791FB0021041CFCF74C
:10C08C0015FA002800D000243B49201CFCF746FF81
:10C09C00FFF758FB6AE73800FDF71EFB069AFB001A
:10C0AC00D318039018685968FFF794FB3249FCF7D2
:10C0BC0067FD011C281CFCF771FB0399051C0298F9
:10C0CC00FCF76CFB03990290081CFCF727FF011C82
:10C0DC00201CFCF763FB0137041C50E73000FDF714
:10C0EC00FBFA0799051CFDF773F8011C0590FCF78A
:10C0FC0015FF011C0298FCF751FB069AF300D318AC
:10C10C00029018685968FFF765FB1B49FCF738FD6E
:10C11C000899FDF75DF8011C0A900598FCF7FEFEE6
:10C12C00011C0398FCF73AFB291C0390281CFCF714
:10C13C00F5FE0999FDF74CF8051C011C0598FCF758
:10C14C00EDFE011C381CFCF729FB291C071C281CC4
:10C15C00FCF7E4FE011C0498FCF720FB291C04905E
:10C16C000A98FCF7DBFE011C201CFCF717FB0136C0
:10C17C00041C20E7FFFFFF1F00FEFF46F8B506007A
:10C18C000F0014001D00FCF775F900280CD0069A5E
:10C19C00079B30003900FCF759F900282FD03400E8
:10C1AC003D0029002000F8BD22002B003000390092
:10C1BC00FCF74CF900280FD0069A079B3000390089
:10C1CC00FCF758F90028EAD1069A079B20002900B1
:10C1DC00FCF73CF90028E4D122002B003000390098
:10C1EC00FCF748F9002807D0069A079B2000290085
:10C1FC00FCF740F90028D4D1069C079DD1E722001A
:10C20C002B0030003900FCF711F90028ECD0D3E7F3
:10C21C00F0B589B0069007911900814B10001B787E
:10C22C00002B05D100247F4D2000290009B0F0BD62
:10C23C0000227D4BFDF7E6FA02000B0000207B4943
:10C24C00FDF7A6FE02000B00029003910020784936
:10C25C00FDF79EFE0022774BFEF7BAFD029A039B78
:10C26C0004000D0000207449FDF792FE0022714B72
:10C27C00FEF7AEFD0E9A0F9B009001912000290055
:10C28C00FFF77CFF00246D4D02000B000020009492
:10C29C0001956B49FFF772FF00226A4B04900591E0
:10C2AC00FEF796FD684B694AFEF7ACFA0CF04CF8B9
:10C2BC00674B1B78002B54D10022664BFDF7A2FA7A
:10C2CC0002000B0064486549FDF762FE644A654B49
:10C2DC00FDF798FA06000F00049805990022624BAE
:10C2EC00FEF776FD32003B00FEF78CFA00220400CC
:10C2FC000D00069807995D4BFEF76AFD02000B00D6
:10C30C0020002900FDF77EFA554A04000D00554B1C
:10C31C0030003900FEF75CFD0022554BFEF772FA37
:10C32C0002000B0020002900FDF76CFA514A524B19
:10C33C00FEF768FA029A039BFEF764FA00220023C8
:10C34C0004000D00FCF778F8002800D06AE7002202
:10C35C0020002900494BFCF783F8002800D061E746
:10C36C0062E7009401950E9A0F9B00204449FFF759
:10C37C0005FF069A079B04000D0000204149FEF7BB
:10C38C0027FD220006000F002B0000203E49FEF77F
:10C39C001FFD02000B0030003900FDF733FA3B4A59
:10C3AC0004000D0002980399394BFEF72BFA02009A
:10C3BC000B0020002900FEF725FA04000D00354A79
:10C3CC00354BFEF71FFA22002B00FEF71BFA22005A
:10C3DC002B00FEF717FA314A06000F002000290047
:10C3EC002F4BFEF70FFA22002B00FEF70BFA020080
:10C3FC000B0030003900FDF705FA2A4A06000F0041
:10C40C0020002900284BFEF7FDF902000B0030003C
:10C41C003900FDF7F7F9254A254BFEF7D9FC8DE7D6
:10C42C000104002000002E400010714000A072405A
:10C43C00004C98400000894000A89B4000C08C40F4
:10C44C000080864000E08A409999C9BF9A999999D1
:10C45C00596300200000F03FC01E85EB51B89E3F91
:10C46C00A4703D0AD7A3E83F00488C4000407F40B1
:10C47C0000408F403BDF4F8D976E92BF00002C40E9
:10C48C000008864000908040002889409E12E429D4
:10C49C00419E923F1B0DE02D90A0A83FBA490C0283
:10C4AC002B87F0BF8351499D804620400E2DB29DB5
:10C4BC00EF272F401F4B70B51B781F4E34687568E3
:10C4CC00002B18D122002B0000201C49FEF780FC09
:10C4DC001B4A1C4BFEF796F922002B00FDF792F934
:10C4EC00194A1A4B04000D00FBF7BAFF00281CD1A7
:10C4FC003460756070BD164B1B88002B08D0220071
:10C50C002B0000201349FEF763FC0D4A124BE1E7A8
:10C51C00200029000A4A114BFEF774F902000B00A7
:10C52C0020002900FEF754FCDAE7074B074C336078
:10C53C007460DFE701040020C00300200000084005
:10C54C009A9999999999A93FCBA145B6F3FD0740C2
:10C55C007E6700200000F83F9999B93F9999C93F2F
:10C56C00F0B516001F00364B0C001B78E1B0002212
:10C57C0030003900334BFBF759FF002804D0324B05
:10C58C001868596861B0F0BD0022300039002F4B9B
:10C59C00FBF752FF002846D0002200233000390060
:10C5AC00FBF75EFF00283ED0002C3CD100241A2162
:10C5BC00274A284D14578C46E300013464B2EB181B
:10C5CC001E605F6023001470234AA4441900192BC9
:10C5DC0000DD1A39C900691801330868496803C2BB
:10C5EC006345F3D11D4B1B780693002C3EDC002BCE
:10C5FC0000D0CEE10023134C009301940023144A85
:10C60C00D356192B04DD1A3B13700122134B1A70ED
:10C61C00FFF750FF069A0C4B002AB1D00099019AF3
:10C62C0019605A60ACE7E1210D4A890013885B1848
:10C63C009BB2138000220B4B1A700B4B1A709EE7A7
:10C64C009367002000002E400000002000002C40CA
:10C65C00D203002078620020E0020020D3030020E7
:10C66C007E67002001040020000400201A23189388
:10C67C00069B002B00D11894D02200212CA80AF084
:10C68C00C5FF25000023D54A029300921A3D9C4217
:10C69C0000DC9EE29D420DDC2CA88446009AD90059
:10C6AC008C44891862460868496810605160029988
:10C6BC0001310291189A01339A42E8DC08221A21BE
:10C6CC00C74B2CA80AF026FD029B029ADB0F9B1885
:10C6DC0002995B10DA00C90700D45DE12CAB9B1802
:10C6EC005C681B680093019401230693029B052B45
:10C6FC0000DC82E0BB4C002220686168BA4BFBF77F
:10C70C0095FE002801D026606760236864682E9827
:10C71C002F990493059432003B00FBF78DFE002803
:10C72C000BD1049A059B30003900FEF751FB002217
:10C73C00AE4BFBF795FE00280AD0AD4B1A78AD4BEB
:10C74C00002A00D13BE101221A600022A84B1A708A
:10C75C00029B2CAA023BDB00D11808684968320006
:10C76C003B00FBF77DFE00280BD1049A059B3000A3
:10C77C003900FEF72DFB00229F4BFBF75DFE0028D6
:10C78C000AD09E4B1A789B4B002A00D11EE1012245
:10C79C001A600022994B1A70964B00251A68022ACF
:10C7AC0001DD1D6001350298FEF77AFF0022944BE3
:10C7BC00FDF7EEFBFEF738FF2CAAC300D1180400DE
:10C7CC00049A059B08684968FBF736FE002800D0E0
:10C7DC0030E1029B2CAA013B1B1BDB00D118086823
:10C7EC004968049A059BFBF73BFE002800D021E129
:10C7FC00002D00D076E100230693002400260027AC
:10C80C00804B764D1B785BB204931A3B0A937E4B9C
:10C81C001B780C93049BA34200DCDFE10A9BA34230
:10C82C0013DC009A019BE100491908684968FEF77E
:10C83C00CFFA02000B00FDF7E5FF02000B00300001
:10C84C003900FCF7DFFF06000F00189B0134A342F0
:10C85C00E0DC0298FEF724FF02000B0030003900E8
:10C86C00FDF796FB0BF0DEFD0A0016901791010008
:10C87C00664B19605A600022654B1A70654B1B7829
:10C88C00934204D1644B1B78934200D04FE1634B2D
:10C89C00634C644E12931394634F049B032B03D18C
:10C8AC000C9B002B00D147E180240023E40510935E
:10C8BC0011940022002300240E920F93474B0A94EC
:10C8CC001993049B013B1A93049B1A3B1B93049BE7
:10C8DC00A34200DC87E11B9BA3423FDC199AE300D7
:10C8EC009B181A685B681492159314981599009A02
:10C8FC00019BFEF76DFA0290039110981199029B1F
:10C90C000893039B5B005B080993169A179BFDF732
:10C91C0079FF02000B0008980999FBF78DFD0028A0
:10C92C0008D1129A139B08980999FBF785FD0028EA
:10C93C0000D104E10898099932003B00FBF77CFD1B
:10C94C00002800D1FBE00E980F990A9B01330A9343
:10C95C00149A159BFCF756FF0E900F91189B0134FF
:10C96C00A342B4DC314B1B78002B02D00022304B9D
:10C97C001A600A9B002B00DC40E61800FEF790FEC4
:10C98C0002000B000E980F99FDF702FB009001912D
:10C99C0034E61A2318936FE6013BDB002CA9C91867
:10C9AC002CAB9B181A685B6808684968FCF72AFF6F
:10C9BC0000220E4BFDF726FF0090019194E61A68B9
:10C9CC0001321A6001220D4B1A70BEE61A68013250
:10C9DC001A600122064B1A70DBE6C0467862002012
:10C9EC00251801080000002000002E400000E03F48
:10C9FC00B0030020B40300200000E0BFB10300200E
:10CA0C0000001840D2030020D303002010000020A7
:10CA1C00D003002059630020D80100203333333376
:10CA2C003333C33F9A9999999999C93F01040020CE
:10CA3C00FC03002000236E4C0025402200211CA882
:10CA4C00069307940AF0E2FD6A4B1CAC0E932B0084
:10CA5C000E9AC8339B181A685B680A920B930A9853
:10CA6C000B99009A019BFEF7B3F94B005B080D93F1
:10CA7C000C9006000F000C980D9900225E4BFBF7F2
:10CA8C00EFFC002831D0009A019B22606360083DC6
:10CA9C002B0008344033DAD10123082200211CA8D2
:10CAAC00FFF754FA554B06000F000A930020069A24
:10CABC00079B5149FEF78CF9049A059BFDF7A2FEE2
:10CACC00320004000D00069807993B00FDF79AFE12
:10CADC000B00020029002000FCF794FE0A9B186052
:10CAEC00596088E6464B474CA6E7454A300039006A
:10CAFC00454BFBF7B5FC424A002807D0009801993A
:10CB0C00414BFCF77FFE20606160C0E730003900CC
:10CB1C003E4BFBF791FC002802D10A9A0B9BB4E721
:10CB2C00374A394B00980199FEF752F9EBE7384E2A
:10CB3C00384F12961397B0E600232F4CB7E61A9B8A
:10CB4C00A34200D00AE7344A1578002D00D105E73E
:10CB5C0032490B8864339BB20B8000231370304A2C
:10CB6C00137001222F4B1A702F4B00221B78002BB5
:10CB7C0019D1029803990023FBF75EFC00281FD003
:10CB8C002A4A136801331360294B1A780323002AAD
:10CB9C0000D1023B254A12689A4200DCDEE60122F3
:10CBAC00244B1A70DAE6002302980399FBF758FC21
:10CBBC00051EE5D101221D4B1A601B4B1D70E3E7CE
:10CBCC000022029803990023FBF74AFC0028F1D1BC
:10CBDC00DAE7069A002A00D16CE55DE50C9B002B88
:10CBEC0000D132E61DE60C9B002B00D1B6E675E6B3
:10CBFC000000E03FE00200200000F03F00000020B9
:10CC0C009A9999999999C93F9999B93F9999B9BFA5
:10CC1C00333333333333D33F010400207E6700209A
:10CC2C0000040020D003002020000020FC03002082
:10CC3C008C670020FA030020F0B5002201260400C6
:10CC4C00094F0A488A4200DBF0BD0825A35C584016
:10CC5C00030033405B423B4040085840013D80B2EA
:10CC6C00002DF5D10132EDE701A0FFFFFFFF000021
:10CC7C000122024B1A8000225A807047E2030020E6
:10CC8C0070B5084C050023780E00002B01D1FFF77E
:10CC9C00EFFF31002800FFF7CFFF01236080A08059
:10CCAC00637070BDE203002010B5FFF7E9FF014B84
:10CCBC00187910BDE20300200020034B5A78824201
:10CCCC0000D058797047C046E203002070B50400CC
:10CCDC000D0000226168006802F0B4F829000122FE
:10CCEC00032002F095FB03CC012202F0ABF870BDDF
:10CCFC007FB56B4600915A6019000200050011C9FE
:10CD0C0011C201220098596802F09CF801262823D0
:10CD1C0003AC280021002380A670FFF7D7FF38232F
:10CD2C00280021002380A670FFF7D0FF02232800E3
:10CD3C00F61821002380A670FFF7C8FF30232800C7
:10CD4C002100A6702380FFF7C1FF7FBD07B590229D
:10CD5C000B001202914200D91300182201A90A708B
:10CD6C001A0A4A708B70FFF7B1FF07BD07B5902206
:10CD7C000B001202914200D91300192201A90A706A
:10CD8C001A0A4A708B70FFF7A1FF07BD00880B8849
:10CD9C00C01A7047F0B51F0000250C0085B08B0041
:10CDAC00060018580A9B039218603D60039B9C4236
:10CDBC0001DB00251BE0A3000293F3580193002D27
:10CDCC0008D1191CFBF772FB431E98410500019812
:10CDDC000134EBE70199FBF77DFB0028F7D0029BB0
:10CDEC000A9AF318043B1B68013C3C601360280052
:10CDFC0005B0F0BDF0B51F0085B08B0006001858CB
:10CE0C000A9B0C0018600023012503923B60039BD6
:10CE1C009C4201DB00201EE0A3000293F358019317
:10CE2C00002D0AD0191CFBF755FB431E984101231A
:10CE3C0005005D4001980134E9E70199FBF736FBE9
:10CE4C000028F7D00120029B0A9AF318043B1B68B8
:10CE5C00013C3C60136005B0F0BDF0B50C00060061
:10CE6C00002785B003938B001958930001921B582F
:10CE7C000A9A019D1360013C019B9C4207DD002F27
:10CE8C000DD0631BDA179B185340052B07DD039B52
:10CE9C000A9A1D60AD00AB59136005B0F0BDA3003C
:10CEAC00F358181C0293FBF715FB002806D0002F33
:10CEBC0001D1651C01370299013CDDE70700FAE757
:10CECC00F0B50C000600002785B003938B001958B1
:10CEDC00930001921B580A9A019D13600134019B27
:10CEEC009C4207DA002F0DD0631BDA179B185340B6
:10CEFC00052B07DD039B0A9A1D60AD00AB5913602F
:10CF0C0005B0F0BDA300F358181C0293FBF7E2FA2E
:10CF1C00002806D0002F01D1651E0137029901347B
:10CF2C00DDE70700FAE7000070B50D0004000222EF
:10CF3C00044B0AF0EFF8E90F491949108900085918
:10CF4C0080B270BD99CD0008F0B50D0000241F4BC8
:10CF5C0085B002931E4B21310190203D009103932B
:10CF6C00009B9D420BD11B49201CFBF709FEFEF7D1
:10CF7C00E9FB0BF057FAFEF72DFC05B0F0BD029A59
:10CF8C006B00D05A039AD35AC01AC317C018584012
:10CF9C00FCF7A2FB019AAB00D158FCF719F9FEF78C
:10CFAC00D1FB02000B00FDF72DFC0600201C0F002E
:10CFBC00FEF7C8FB02000B0030003900FCF722FC26
:10CFCC00FEF708FC0135041CCAE7C0468457002054
:10CFDC00944C002000008242F0B5002689B000AFCE
:10CFEC003A61013A3B60D30F9B185B10B8607960D3
:10CFFC00BB613B689E4202DBBD4609B0F0BD6B468F
:10D00C00BC69FB603B69FB61A64203DA3400730028
:10D01C000133FB616A460025FB69341B9B00073317
:10D02C00DB08DB00D31A9D467B61BB68A4001C198E
:10D03C00FB69AB420CDC19007869FFF775FFFCF754
:10D04C009BFB7B68B4001851FB6801369D46D0E70A
:10D05C0001CCFCF721FB7B69AA0098500135E7E76E
:10D06C00F0B5002489B00492013A0593D30F9B18B4
:10D07C005B100393059B069007915E1E059B9C42DB
:10D08C0001DB09B0F0BD039B9C421ADA230065005A
:10D09C000135069AE31A9B00D7180023029300234C
:10D0AC000193029B9D4216DC2800FCF715FB011C2A
:10D0BC000198FBF765FD079BA700D8510134013E91
:10D0CC00DCE7039A3300964202DA75000135E0E79B
:10D0DC00039B049DDDE7019802CFFBF75FFB029BEE
:10D0EC00019001330293DCE7F8B504000D00002039
:10D0FC00012917DD00268F00231FFF1821686068A7
:10D10C00FCF766F841004908301CFBF747FB043478
:10D11C00061CA742F2D1681EFCF7DEFA011C301C7B
:10D12C00FBF72EFDF8BD0000F7B5104B00251B6872
:10D13C000F4E019301230F4F5B420093019BAB42B7
:10D14C0001DC0098FEBDF16BB06BFBF7E7FE041C35
:10D15C00011C381CFBF7AAF9002804D13C1C013532
:10D16C002836271CEAE70095F9E7C046E8030020BB
:10D17C0004040020000080BFF0B5184B85B01B687C
:10D18C0000250393164B174F5C681B6800930194A2
:10D19C000123154E5B420293039BAB4202DC0298C7
:10D1AC0005B0F0BDF86CFEF7CDFA009A019BFDF7C7
:10D1BC000FFEFEF739FAC317C0185840FCF78CFA6B
:10D1CC00041C011C301CFBF785F9002804D1341C0D
:10D1DC0001352837261CDFE70295F9E7E803002024
:10D1EC00C80A00200404002000FEFF46F7B50E4BD1
:10D1FC0000241B680D4E019301230D4D5B420093DF
:10D20C00019BA34201DC0098FEBD376C281C391C25
:10D21C00FBF760F9002804D12F1C013428363D1C83
:10D22C00EEE70094F9E7C046E80300200404002070
:10D23C0000FEFF46F0B5A1B0139326AB1B8800246B
:10D24C000C9327AB1B78129215930023DC221C93B2
:10D25C001D931E931F93D04B03901091CF48210028
:10D26C0052001C60189419941A941B940AF0CEF96D
:10D27C00CB4B1C70CB4B1B78A3421ED032231B9381
:10D28C0000230793002300260E930B93C24D2C68AA
:10D29C00092C60DC0C9A15981CAB00931B99323A44
:10D2AC0018AB00280FD00398FFF774FD0A90002CE0
:10D2BC0020D00A9B002B20D14DE0BB4B1B78002BC0
:10D2CC00DED01423DBE70398FFF794FD0123189AB3
:10D2DC002B60B64B9200D358109A1C981360002206
:10D2EC00129B1A60FBF758F9139B1880109B186857
:10D2FC0021B0F0BD0A9B002B29D0AB4B189E1B789C
:10D30C00002B00D062E11EAB012231000398009388
:10D31C001AABFFF7A2FD0C9B31005A1E1FAB0398F2
:10D32C0000931BABFFF7CCFD1C98FBF735F983B2D0
:10D33C0018000793FCF7D0F91E99041CFBF748FF63
:10D34C001F990B90201CFBF743FF0E9053E0954B5D
:10D35C001B78002B30D1904B904D1E68002E00DDB9
:10D36C006CE100D0B1E10C9C904B013CEC60A40052
:10D37C001A68E3582A61AB61039B6A6118682E60D6
:10D38C00AE60FBF709F9039B80B2A883E883E058F1
:10D39C00FBF702F92884864B109A1E602B691360E8
:10D3AC00A88CFCF7E9F9129B139A1860AB8B300030
:10D3BC001380FCF7E1F99BE77E4B1B78002B00D127
:10D3CC00DCE07D4B794D1A685B68049205930C9BED
:10D3DC009C4210DAA300E858FEF7B4F9049A059BB6
:10D3EC00FBF72AF8002800D1D3E023001894323B35
:10D3FC0032341A931B941A9B08931B9B089A09931B
:10D40C00189B049206939B1A642B02DD069B643BCB
:10D41C000493099B069A099D9B1A642B01DD150048
:10D42C006435049BEB1A581C80000D9309F006FD23
:10D43C000700049B039A9B009B58049C1193AB0020
:10D44C009B580F9014935D4B1793A54200DBCDE0D6
:10D45C001DAB009300210D9A0F9819ABFFF79AFCA6
:10D46C00071E1CD01D98FBF797F883B21800079382
:10D47C00FCF732F91199FBF7ABFE0021199E051C44
:10D48C00FBF732F8002800D0CDE00B9D0A9B002B57
:10D49C0002D10122424B1A70049B0B95F6180F987F
:10D4AC0009F0D6FC404B1B78002B0CD0444B1B785E
:10D4BC00002B00D1B9E03D4B4249B200D058FBF7EC
:10D4CC0013F8002819D0089B0020F31ADA179B18C0
:10D4DC005340052B11DD099BF31ADA179B185340A7
:10D4EC00052B0ADD089A099B9B1ADA179B185340E7
:10D4FC000122142B00DC02001000274B1B68049344
:10D50C000A9B002B02D1002F00D124E7002830D039
:10D51C002824049B30005F1C23007B430D93FCF7F5
:10D52C00DBF81E4D0D9BE850049B08985C43FCF700
:10D53C00D3F82C19E0620998FCF7CEF82063079811
:10D54C00FCF71AF90B9B3100A3630E9B60630398E5
:10D55C00E363FFF7F9FCFE239B05206463640698E4
:10D56C00FCF7BAF8114BB200D358A064E3640A4B31
:10D57C001F600A9B002B00D088E6ECE6124B1B7850
:10D58C00002B00D01DE701F002F9002800D1E2E6E3
:10D59C0017E701341BE7C046E80300200404002011
:10D5AC00EC0300205A630020D9010020F40A00206B
:10D5BC0068670020C765002028020020D4200020C6
:10D5CC00D801002000801844D3650020404B1B7804
:10D5DC00002B00D197E63F4BB200D058FCF75CF81B
:10D5EC00C3173D4CC018584020608CE6049BE01AD1
:10D5FC00FCF772F8149916901198FBF7E9FD011CD1
:10D60C001698FBF78BFC16900D98FCF765F8011C2F
:10D61C001698FBF7B5FA179AA300D158FBF7BEF88A
:10D62C00013401C711E70E9530E7294B1B78002B0D
:10D63C0000D148E7274B2949B2003FE7284B1B781C
:10D64C00002B3AD0274B1B78002B33D0FFF794FDDF
:10D65C000400254B1B78002B08D0002C06DA234B3A
:10D66C001C78002C2CD0FFF787FD040028273E00E7
:10D67C006643AE19706BFAF78FFF01346743A883CA
:10D68C00E859FCF709F8134C80000359B06B2B6177
:10D69C00FAF782FF6884F06BFAF77EFFA884B06C0F
:10D6AC00FBF7FAFF80000059FBF7F6FFC317C6180B
:10D6BC005E4070E6FFF79AFDCAE701246442C8E7B2
:10D6CC00022ED3D0FFF730FDCFE701246442CDE723
:10D6DC0059630020F40A0020686700200000FA4318
:10D6EC00D9010020D26500205A630020D3650020A8
:10D6FC000023F0B58BB00993D14B049006910593A0
:10D70C009B88059ACF4C13805380CF4D63880100C2
:10D71C0028002380FFF7E8FC21220026CB4B186061
:10D72C00CB4B1A60049BB34200DDBCE0C94B2122F9
:10D73C0007932800049B0799FFF792FC0026049B93
:10D74C00B34200DDB8E00026049BB34200DDBDE02F
:10D75C00C04E280021223100FFF782FC0025049BDB
:10D76C00AB4200DDBCE00026B74D049BB34200DDAC
:10D77C00C0E0059B20881B88C01AC317C0185840EE
:10D78C00FBF7AAFF059B286060885B88C01AC3174B
:10D79C00C0185840FBF7A0FFAE4CAF4A2100049BC9
:10D7AC00126868602800FFF717FC4122290020004E
:10D7BC00049BFFF755FC2122A54F049B2100280058
:10D7CC003A60FFF74DFCA54B1A7800239A4203D020
:10D7DC00A34B1A7801235340012213400293049B5C
:10D7EC0001920093122304AA9B1820009D4909AAB8
:10D7FC00FFF720FD9C4B1860984B1B78002B00D03A
:10D80C00F4E09A4B1E78974B002E00D1984B186879
:10D81C00FDF798FF069B1864596496498B8B04930B
:10D82C00069B049A6A331A80069B8A8C7A331A8078
:10D83C008A4B1B78002B00D19AE1C823049C5B0017
:10D84C009C429B418C485B4203708C4B187800289F
:10D85C000CD0002309271C004E8C894DB7425C412B
:10D86C002C70884DBA4200D801332B70864B1B7834
:10D87C00002B00D107E2002309271C004E8C804DA1
:10D88C00B7425C4197425B412C707E4D2B70002857
:10D89C0000D145E1498C7D4B4F2902D94F2A00D943
:10D8AC00FCE00122FBE07300E05AFBF765FFB700D8
:10D8BC00EF193860013635E7079AB300D058FAF7FC
:10D8CC006BFE7700E7193880013638E7059A73004C
:10D8DC00D05AFBF751FFB700EF193860013633E728
:10D8EC00059B6F00DF19AB00F058FAF755FE0135B8
:10D8FC00388034E7059A7300E05AD35AB700C01A3F
:10D90C00C317C0185840FBF7E7FEEF193860013613
:10D91C002BE7079A6300D05AFBF72EFF5C49FBF705
:10D92C0057FCA6004000AE19400830600134049B3F
:10D93C00A342EEDC474C280021003A68FFF790FB2D
:10D94C0001230193049B00250093122304AA9B1826
:10D95C0020005049029509AAFFF76CFC4E4B3A4C3B
:10D96C001B680793049BAB4245DC3A4B20000593A4
:10D97C003A68049B0599FFF773FB0023029301336C
:10D98C000193049B3A4C0093122304AA21009B1888
:10D99C00059809AAFFF74EFC25683E4C3E4B2068C3
:10D9AC00291C1E68FAF796FD079B002832D0002B25
:10D9BC0000DC26E725600024224B234D0793049BB3
:10D9CC00A3422EDC28003A680599FFF749FB002397
:10D9DC00029301330193049B04AA0093122324495C
:10D9EC009B18059809AAFFF725FC0AE7154B00249C
:10D9FC00154D07939BE7059A6B00D05AFBF7BCFEBD
:10DA0C002349FBF7E5FBAE004000A6194008306047
:10DA1C000135A7E7002B00DCF3E6002E00D0F0E682
:10DA2C00C8E7079A6300D05AFBF7A6FE1849FBF724
:10DA3C00CFFBA6004000AE19400830600134BEE7B1
:10DA4C0084570020944C0020B436002060670020DE
:10DA5C0018000020D42000201C0000205A63002055
:10DA6C00BC0A0020706700206C670020D9010020E0
:10DA7C007867002004040020F9030020596300207B
:10DA8C00F8030020F7030020D8010020F603002043
:10DA9C0000FC7F4674670020E803002000221A7007
:10DAAC007C4B7D491A78012353407C4A0B701370D0
:10DABC00C82304985B00984207D3794B1B78002B42
:10DACC0003D1784B1B78002B44D000231370764B7A
:10DADC00764C1A68002A2CD1238875480A701B18BA
:10DAEC009BB223800022734B1A70734A1278002A5F
:10DAFC0011D1724A1278002A0DD0714A1278002A7C
:10DB0C0009D1704A1278002A05D0674A1268002A97
:10DB1C0001D001221A7000226B4B1A700BB0F0BDB1
:10DB2C00684B182E00D8BCE6182A00D8B9E6187035
:10DB3C00B6E7664B1B78002B07D000F0BBFE2388A2
:10DB4C00634A9B189BB22380CCE700F0B3FE23887A
:10DB5C00604AF6E75D4909780029C3D0137000F0DC
:10DB6C00A9FE524A5A4913885B189BB21380B9E735
:10DB7C00002ED3D0FA20049C800084428041564D64
:10DB8C0040420927287018001C004D8C97425C41BC
:10DB9C00AF4258415149087051480470C72D03D900
:10DBAC00C72090425B41DEB24E4B1E70434B1B783C
:10DBBC00002B05D04C4B1B6B022B01DC00230B7094
:10DBCC000120FA25334B84461B78484C434004987B
:10DBDC00474F2370AD00A84204D30D78002D01D11E
:10DBEC00092A38D8394B314D1B78002B22D12370A0
:10DBFC002D4B1B68002B05D12B882D4A9B189BB2F3
:10DC0C002B800EE02B88334A9B1801229BB22B8071
:10DC1C00384B394D1A70394B1868FDF793FD286055
:10DC2C00696000233B70FA23049A9B009A4200D24D
:10DC3C0074E71DE001222F4B1A702F4B05932F4BCD
:10DC4C001868FDF77FFD059B2D4A1860596000236D
:10DC5C0023702B88D2E7002B19D06246254B264C1B
:10DC6C001A70264B1868FDF76DFD206061603D70E1
:10DC7C00002E00D152E70C4B1B68002B00D14DE756
:10DC8C0001233B704AE7002800D003E608E73B700D
:10DC9C00EEE7C0460204002001040020000400202E
:10DCAC00F8030020F7030020E80300207E67002023
:10DCBC0050C3FFFFF303002059630020D80100205C
:10DCCC00F9030020F5030020F4030020EC030020EE
:10DCDC00204E000010270000F1030020F00300206C
:10DCEC00EF030020EE030020800A0020F203002046
:10DCFC00ED030020B1650020F801002070670020C2
:10DD0C00409CFFFF10B50100662000F029FF10BDFC
:10DD1C0010B50100622000F023FF10BD10B501000A
:10DD2C00632000F01DFF10BD10B50100602000F055
:10DD3C0017FF10BD10B50100612000F011FF10BDE0
:10DD4C0010B50100C02000F00BFF10BD10B5010094
:10DD5C00672000F005FF10BD10B501006B2000F02E
:10DD6C00FFFE10BD37B50100682000F0F9FE0A4B2C
:10DD7C0001AD18685968FDF72DFD011C280006F04F
:10DD8C0022F8002420006C30295D80B2013400F0B0
:10DD9C00E7FE042CF6D137BDC003002000233B293D
:10DDAC0009D81818C0B2182801D91820002100026F
:10DDBC00081880B270473C390133C9B2DBB2EEE7C8
:10DDCC0010B5FFF7EBFF0400010AC9B2642000F0A4
:10DDDC00C7FE6520E1B200F0C3FE10BD10B5642093
:10DDEC0000F0A0FE0400652000F09CFE0100200065
:10DDFC00FFF7D4FF10BD10B5040001000C22C520A4
:10DE0C0000F0BCFE21000C22D12000F0B7FE8A20CD
:10DE1C000C222100400000F0B1FE10BD70B50D4E7B
:10DE2C00050074791022122C0ED0112C10D8013C44
:10DE3C0020002030032180B2013400F091FE122C1E
:10DE4C00F6D17279023AD2B22900202000F0C6FE37
:10DE5C0070BDC046BC05002070B505000024200034
:10DE6C00203080B200F05EFE032804D12855013426
:10DE7C00102CF4D113E02028F8D02D28F6D02E2821
:10DE8C00F4D02F2803D93928F0D94028EED8102205
:10DE9C000321280009F0BAFB2800FFF7BFFF70BD73
:10DEAC0070B50D4E050074791022122C0ED0112C69
:10DEBC0010D8013C20004030032180B2013400F026
:10DECC004FFE122CF6D17279023AD2B229004020C0
:10DEDC0000F084FE70BDC046BC05002070B5050086
:10DEEC0000242000403080B200F01CFE032804D136
:10DEFC0028550134102CF4D113E02028F8D02D280B
:10DF0C00F6D02E28F4D02F2803D93928F0D9402860
:10DF1C00EED810220321280009F078FB2800FFF727
:10DF2C007DFF70BD10B50100E02000F019FE10BDA2
:10DF3C000100932010B5400000F012FE10BD93209C
:10DF4C0010B5400000F0EEFDFF2803D1AA38FFF712
:10DF5C00EFFF552010BD10B5E02000F0E3FDFF28C9
:10DF6C0003D1FD38FFF7DEFF022010BDF7B5F0241A
:10DF7C008527114E6400BF0003CEFDF72BFC01ADCD
:10DF8C00011C280005F01FFF2000297800F0E8FD97
:10DF9C00601C697880B200F0E3FDA01CA97880B207
:10DFAC0000F0DEFDE01C0434E97880B2A4B200F08D
:10DFBC00D7FDBC42E0D1F7BD3865002073B5114EDA
:10DFCC00114C03CEFDF706FC01AD011C280005F039
:10DFDC00FAFE2000297800F0C3FD601C697880B23D
:10DFEC0000F0BEFDA01CA97880B200F0B9FDE01CC9
:10DFFC00E97880B200F0B4FD0434044BA4B29C4226
:10E00C00DFD173BDD0640020A3020000D702000052
:10E01C0073B5114E114C03CEFDF7DCFB01AD011CA9
:10E02C00280005F0D0FE2000297800F099FD601C36
:10E03C00697880B200F094FDA01CA97880B200F041
:10E04C008FFDE01CE97880B200F08AFD0434044BAB
:10E05C00A4B29C42DFD173BD68640020D7020000DB
:10E06C000B03000073B5114E114C03CEFDF7B2FB40
:10E07C0001AD011C280005F0A6FE2000297800F057
:10E08C006FFD601C697880B200F06AFDA01CA97855
:10E09C0080B200F065FDE01CE97880B200F060FD14
:10E0AC000434044BA4B29C42DFD173BD0064002045
:10E0BC000B0300003F03000073B5114E114C03CE4F
:10E0CC00FDF788FB01AD011C280005F07CFE20004B
:10E0DC00297800F045FD601C697880B200F040FDA5
:10E0EC00A01CA97880B200F03BFDE01CE97880B25E
:10E0FC0000F036FD0434044BA4B29C42DFD173BD56
:10E10C00986300203F0300007303000010B5002447
:10E11C0020002C30FF3080B200F004FD024B18556B
:10E12C0001340D2CF4D110BDD403002010B5002403
:10E13C002000064B2C30195DFF30C9B280B201347F
:10E14C0000F00EFD0D2CF3D110BDC046D403002001
:10E15C0010B500242000054BC130FF30195D80B292
:10E16C00013400F0FDFC0D2CF4D110BD85630020B2
:10E17C0010B50024054B195D85239B00E01880B277
:10E18C00013400F0EDFC0D2CF4D110BD78630020AF
:10E19C0070B5002425004135FF35ADB2280000F0E4
:10E1AC00C1FC431EDBB2082B04D92800052100F06A
:10E1BC00D7FC0520024B185501340F2CEAD170BD49
:10E1CC00A065002010B500242000054B4130FF3025
:10E1DC00195D80B2013400F0C3FC0F2CF4D110BDDA
:10E1EC00A06500200A4B37B518685968FDF7F2FA9C
:10E1FC0001AD011C280005F0E6FD00242000E830EC
:10E20C00295D80B2013400F0ABFC042CF6D137BD93
:10E21C00080000200A4B37B518685968FDF7DAFA80
:10E22C0001AD011C280005F0CEFD00242000F630C5
:10E23C00295D80B2013400F093FC042CF6D137BD7B
:10E24C00C80300200A4B37B518685968FDF7C2FAA5
:10E25C0001AD011C280005F0B6FD00242000E430BF
:10E26C00295D80B2013400F07BFC042CF6D137BD63
:10E27C000000002073B51A4E1A4C03CEFDF7AAFA13
:10E28C0001AD011C280005F09EFD2000297800F04E
:10E29C0067FC601C697880B200F062FCA01CA97855
:10E2AC0080B200F05DFCE01CE97880B200F058FC14
:10E2BC0004340D4BA4B29C42DFD10C4BE3201978F3
:10E2CC0000F04EFC0A4BE220197800F049FCFFF7F5
:10E2DC00B9FF9220074B4000197800F041FC73BD48
:10E2EC00786200203B020000A3020000D303002050
:10E2FC00D2030020D10300200A4B37B518685968A7
:10E30C00FDF768FA01AD011C280005F05CFD002446
:10E31C002000EC30295D80B2013400F021FC042C8B
:10E32C00F6D137BD300200200D4B37B5186859684F
:10E33C00FDF750FA01AD011C280005F044FD002446
:10E34C002000F030295D80B2013400F009FC042C6F
:10E35C00F6D1044BF4201978C9B200F001FC37BD9A
:10E36C0028020020C76500200100262010B5FF30D0
:10E37C0000F0F6FB10BD10B50100692000F0F0FBB9
:10E38C0010BD000010B50100014800F0E9FB10BD04
:10E39C00390200000100D12010B5400000F0E0FB74
:10E3AC0010BD0100D42010B5400000F0D9FB10BD09
:10E3BC000100AA2010B5FF3000F0D2FB10BD010007
:10E3CC00D72010B5400000F0CBFB10BD0100D520CC
:10E3DC0010B5400000F0C4FB10BD0100A42010B526
:10E3EC00FF3000F0BDFB10BD0100AC2010B5FF30BC
:10E3FC0000F0B6FB10BD0100D22010B5400000F0BB
:10E40C00AFFB10BD0100AE2010B5FF3000F0A8FB33
:10E41C0010BD0100D62010B5400000F0A1FB10BDCE
:10E42C0010B5010C0400A820C9B2FF3000F098FB15
:10E43C00D320210AC9B2400000F092FBA620E1B221
:10E44C00FF3000F08DFB10BD002110B50800FFF768
:10E45C00B7FC0120FFF768FC0120FFF76BFC0020E4
:10E46C00FFF7DEFF10BD10B5040000F0D3FBFFF783
:10E47C00EBFF21000622012000F0B0FB2100062258
:10E48C00102000F0ABFB06222100302000F0A6FB90
:10E49C0010BDF0B5012500272C008FB006AB059000
:10E4AC00019302930395BEB2701C80B200F03AFB4C
:10E4BC00029B18703000103080B200F033FB082241
:10E4CC0006AB9B183036D8550490B0B200F02AFB3E
:10E4DC00029A049912780AABF854914253D1049AD7
:10E4EC00904207D00024250004E00024049A0394F1
:10E4FC008242F8D1029A013701320292062FD2D110
:10E50C0006AA127A1B78134006AA1278FF2A0DD19C
:10E51C00FF3B5A425341DEB200230CA9002C02D11E
:10E52C00039A002A0AD0019A12780DE00026FF2BDC
:10E53C00F2D106A8FFF797FF3500EDE7002DF2D0DA
:10E54C00082006AA1218D25C5A54019A01330132DF
:10E55C000192062BE2D10023CA5C10003038092846
:10E56C0009D906223021059809F050F80598FFF7D3
:10E57C007AFF0FB0F0BD0598C254002EF1D10133D3
:10E58C00062BE9D1F5E79042AFD10022150003929A
:10E59C00B0E70100282010B5FF3000F0E1FA10BD03
:10E5AC0001002A2010B5FF3000F0DAFA10BD01008E
:10E5BC00952010B5400000F0D3FA10BD10B5010045
:10E5CC00014800F0CDFA10BD3602000010B5010074
:10E5DC00014800F0C5FA10BD3702000070B5050007
:10E5EC0000242000803080B200F09CFA28550134C1
:10E5FC00102CF6D170BD10B501001022802000F057
:10E60C00EDFA10BDD02310B50C000100580000F03D
:10E61C00A7FAA2202100FF3000F0A2FA10BDF7B536
:10E62C0004001D000091019200F07CFA060020000D
:10E63C0000F078FA07003000BE4208D0200000F04D
:10E64C0071FA874203D0200000F06CFA3000019B75
:10E65C00984202D8009B984204D22000290000F076
:10E66C007FFA2800FEBD022310B51A000121662096
:10E67C00FFF7D5FF10BD10B507230822012162203A
:10E68C00FFF7CDFF10BD10B50023F0220A21632047
:10E69C00FFF7C5FF10BD012310B5FF221900602044
:10E6AC00FFF7BDFF10BD012310B502221900612038
:10E6BC00FFF7B5FF10BD022310B51A000121C020D1
:10E6CC00FFF7ADFF10BD012310B502221900672022
:10E6DC00FFF7A5FF10BD002310B5F02219006B2029
:10E6EC00FFF79DFF10BD000070B50024FF258523AA
:10E6FC009B00E0182A002B00012180B2FFF78FFF4E
:10E70C00024B185501340D2CF1D170BD78630020EB
:10E71C00012310B5022219006920FFF780FF10BDFC
:10E72C00022310B51A0001210148FFF778FF10BD34
:10E73C00390200000123D12010B5022219009840A3
:10E74C00FFF76DFF10BD0123D42010B50222190074
:10E75C009840FFF764FF10BD0123AA2010B50222D8
:10E76C001900FF30FFF75BFF10BD0121D72010B55A
:10E77C000B23FE228840FFF752FF10BD0123D5204A
:10E78C0010B5022219009840FFF749FF10BD002375
:10E79C00A42010B5FE221900FF30FFF740FF10BD7A
:10E7AC000023AC2010B5FE221900FF30FFF737FF15
:10E7BC0010BD0023D22010B5FE2219004000FFF737
:10E7CC002EFF10BD0023AE2010B5FE221900FF3025
:10E7DC00FFF725FF10BD0023D62010B50D22190020
:10E7EC004000FFF71CFF10BD0023FF22A82010B52E
:10E7FC0019008018FFF713FF00230400D320190021
:10E80C00FF224000FFF70BFF240400020023FF222D
:10E81C002418A62019008018FFF701FF001910BD5D
:10E82C000123262010B502221900FF30FFF7F7FE56
:10E83C0010BD0F232A2010B51A000E21FF30FFF750
:10E84C00EEFE10BD0023952010B5FF2219004000EC
:10E85C00FFF7E5FE10BD000010B50B230D220121C2
:10E86C000148FFF7DCFE10BD36020000012310B595
:10E87C000D2219000148FFF7D2FE10BD370200002F
:10E88C0037B505000024281980B200F04BF901AB14
:10E89C0018550134042CF6D12100180005F082FA29
:10E8AC000198011CF9F7FCFD002801D1002301930C
:10E8BC0001983EBD002370B5062219006820FFF7B1
:10E8CC00AEFE04006C20FFF7DBFFFCF73BFF024DB4
:10E8DC0028606960200070BDC003002070B5F02472
:10E8EC008526074D6400B6002000FFF7C9FFFCF732
:10E8FC0029FF0434A4B203C5B442F5D170BDC0469F
:10E90C003865002070B5074D074C2000FFF7B8FFA5
:10E91C00FCF718FF0434054BA4B203C59C42F4D198
:10E92C0070BDC046D0640020A3020000D7020000D6
:10E93C0070B5074D074C2000FFF7A2FFFCF702FF54
:10E94C000434054BA4B203C59C42F4D170BDC0463F
:10E95C0068640020D70200000B03000070B5074D5F
:10E96C00074C2000FFF78CFFFCF7ECFE0434054B42
:10E97C00A4B203C59C42F4D170BDC0460064002013
:10E98C000B0300003F03000070B5074D074C20003F
:10E99C00FFF776FFFCF7D6FE0434054BA4B203C593
:10E9AC009C42F4D170BDC046986300203F03000028
:10E9BC007303000010B5EC20FFF762FFFCF7C2FEFA
:10E9CC0010BD000070B5334D334C2000FFF758FFDD
:10E9DC00FCF7B8FE0434314BA4B203C59C42F4D10D
:10E9EC00002319001A22E220FFF719FE2C4B0122FA
:10E9FC0018700023E3201900FFF711FE421E90410E
:10EA0C00284B1870E420FFF73BFFFCF79BFE264BCE
:10EA1C0018605960254B18605960E820FFF730FFEB
:10EA2C00FCF790FE224C20606160F620FFF728FF77
:10EA3C00FCF788FE1F4C20606160F020FFF720FF80
:10EA4C00FCF780FE1C4B0122186059601B4B1860B0
:10EA5C0059600023F4201900FFF7E1FD431E984193
:10EA6C00174BC0B21870002301221900F520FFF7D4
:10EA7C00D6FD431E9841134BC0B218700023922050
:10EA8C00012219004000FFF7CAFD421E90410E4BB7
:10EA9C00187070BD786200203B020000A3020000D9
:10EAAC00D2030020D303002000000020D80A00204D
:10EABC0008000020C803002028020020E00A0020E3
:10EACC00C7650020C5650020D103002037B502239F
:10EADC006A46134C40BA5370508011712068002262
:10EAEC00616800F0AFF9062000F070FC206801228C
:10EAFC00616800F0A7F920680022616800F0A2F9B3
:10EB0C0001256B46585D013500F060FC052DF8D1F0
:10EB1C0020680122616800F095F900F003FD37BD13
:10EB2C002400002070B505000C4C002220686168A0
:10EB3C0000F088F9032000F049FC280A00F046FC9C
:10EB4C00E8B200F043FC00F095FC050001222068BF
:10EB5C00616800F077F9280070BDC04624000020E1
:10EB6C0070B505000C002800FFF7DCFFA04204D0B4
:10EB7C0021002800FFF7AAFFF5E770BDF8B50500E6
:10EB8C000F001600144C00222068616800F05AF93E
:10EB9C00062000F01BFC20680122616800F052F98D
:10EBAC0000222068616800F04DF9022000F00EFC94
:10EBBC00280A00F00BFCE8B200F008FC3900300029
:10EBCC00002200F025FC20680122616800F03AF96F
:10EBDC0000F0A8FCF8BDC04624000020F7B50D00DD
:10EBEC00160005270190320029000198FFF7C6FF97
:10EBFC000024A64200DCF7BD019B181980B2FFF778
:10EC0C0091FF2B5D834201D10134F2E7013F002FCC
:10EC1C00E9D1F0E730B589B02022FF216846802584
:10EC2C0008F0F4FC0024ED0020002034202269467A
:10EC3C00A4B2FFF7D3FFAC42F6D109B030BD00004F
:10EC4C00604B10B518680022596800F0FBF85E4B59
:10EC5C0000221868596800F0F5F85C4B002218681F
:10EC6C00596800F0EFF85A4B00221868596800F008
:10EC7C00E9F8584B00221868596800F0E3F8564B35
:10EC8C0000221868596800F0DDF8544B002218680F
:10EC9C00596800F0D7F8524B00221868596800F0F8
:10ECAC00D1F8504B00221868596800F0CBF84E4B45
:10ECBC0000221868596800F0C5F84C4B00221868FF
:10ECCC00596800F0BFF84A4B00221868596800F0E8
:10ECDC00B9F8484B00221868596800F0B3F8464B55
:10ECEC0000221868596800F0ADF8444B00221868EF
:10ECFC00596800F0A7F8424B00221868596800F0D8
:10ED0C00A1F8404B00221868596800F09BF83E4B64
:10ED1C0000221868596800F095F83C4B00221868DE
:10ED2C00596800F08FF83A4B00221868596800F0C7
:10ED3C0089F8384B00221868596800F083F8364B74
:10ED4C0000221868596800F07DF8344B01221868CD
:10ED5C00596800F077F8324B01221868596800F0B6
:10ED6C0071F8304B01221868596800F06BF82E4B83
:10ED7C0001221868596800F065F82C4B01221868BC
:10ED8C00596800F05FF82A4B01221868596800F0A6
:10ED9C0059F8284B01221868596800F053F8264B93
:10EDAC0001221868596800F04DF8244B00221868AD
:10EDBC00596800F047F8224B01221868596800F096
:10EDCC0041F810BD840000207C000020640000206D
:10EDDC00740000205C0000206C0000203401002036
:10EDEC002C010020240100201C0100201401002013
:10EDFC000C01002004010020FC000020F400002085
:10EE0C00EC000020E4000020DC000020D4000020F6
:10EE1C00CC000020C4000020BC00002034000020E6
:10EE2C002C00002024000020B4000020AC000020A6
:10EE3C009C000020A4000020540000204C00002066
:10EE4C009400002007B589B206F096F907BD07B506
:10EE5C0089B206F08BF9431E9841C0B20EBD00007A
:10EE6C0030B593B03822002104A808F0CFFB102253
:10EE7C000021684608F0CAFB8020800006F02CFABE
:10EE8C0006F020FA1821194A0124D36D02258B4370
:10EE9C00D3650523049380235B02059303230C9312
:10EEAC0000230D9308330E9380239B020F93802332
:10EEBC009B041093802304A89B0506940B95119337
:10EECC0006F036FA002801D072B6FEE7072302904E
:10EEDC000390210068460093019506F091FC0028F0
:10EEEC0001D072B6FEE713B030BDC0460010024030
:10EEFC00F0B58FB005F05CFEFFF7B2FF14220021D5
:10EF0C0009A808F083FB04220126C74DC74C6B6B84
:10EF1C00210013436B636B6BC54813400493049B34
:10EF2C006B6B1C3213436B636B6BC24F13400593BB
:10EF3C00059B6B6B1E3A33436B636B6B33400693D1
:10EF4C00069B6B6B13436B636B6B13400793079BB5
:10EF5C006B6B063213436B636B6B1340089300228D
:10EF6C00089B06F009F9A02039000022C00506F024
:10EF7C0003F90022B049B14806F0FEF80022B0496E
:10EF8C00B04806F0F9F809940024A94809A90A9692
:10EF9C000B940C9406F038F8A020052309A9C005A1
:10EFAC0009930A940B9406F02FF8A02009A9C00528
:10EFBC0009970A960B940C9406F026F8A0200323CC
:10EFCC00102709A9C0050A9309970B9406F01CF8A1
:10EFDC00994B9A4809A909930A960B940C9406F03C
:10EFEC0013F8974B974809A909930A960B940C941C
:10EFFC0006F00AF80822914809A909920A940B9480
:10F00C0006F002F8AB6B21003343AB63AB6B220011
:10F01C00334009200393039B05F002FE092005F001
:10F02C0029FE894D894B28002B60894BAC606B60A5
:10F03C00EE602C616C61AC61EC612C6206F0A2F8A4
:10F04C000100A04201D072B6FEE7280006F0F0F8ED
:10F05C00011E01D072B6FEE7280006F00FF9031E60
:10F06C0001D072B6FEE7E02507247A487A4AED0013
:10F07C004360836003614361836103624362836223
:10F08C00036343630260C560C46206F037FE031E6F
:10F09C0001D072B6FEE77148714A83600260822229
:10F0AC00036143610362436283620363082352007A
:10F0BC004260FC32C5608261C761C462436306F082
:10F0CC001DFE011E01D072B6FEE7664C664B0200B7
:10F0DC00236096239B0163600C23A060E060206199
:10F0EC006361A0610300E06120626062A0622000A5
:10F0FC0007F0C8FD011E01D072B6FEE7200007F034
:10F10C0029FE011E01D072B6FEE7200007F042FE78
:10F11C00002801D072B6FEE7200007F0FDFD031EAB
:10F12C0001D072B6FEE7FF265048514A514F02609B
:10F13C0046608360C7600361836106F0B9FF0028F5
:10F14C0001D072B6FEE74C484C4B4660036000237E
:10F15C00C760836003614361836106F0A9FF031EEE
:10F16C0001D072B6FEE74648464A466002608360AC
:10F17C00C76003614361836106F09AFF0190002828
:10F18C0001D072B6FEE70C22019909A808F03EFAEC
:10F19C003D4D3E4B28002B60019B6E60AB60EF60D9
:10F1AC00AB6106F085FF002801D072B6FEE709902E
:10F1BC000B9009A9280006F0A5FF0190002801D0AA
:10F1CC0072B6FEE70C22019909A808F01FFA304D1F
:10F1DC00304B28002B60019B6E60AB60EF60AB6125
:10F1EC0006F066FF002801D072B6FEE709900B907E
:10F1FC0009A9280006F086FF031E01D072B6FEE7AF
:10F20C002548264A836002607F22C2608022D20594
:10F21C00066143618361C3610262436206F018FDBB
:10F22C0000283DD072B6FEE700100240FF3F000000
:10F23C00000800502809000034FF000000040050B2
:10F24C0065030000000C00508009002000540040B1
:10F25C00BB7C7000F0080020003001408C080020BE
:10F26C00003800407C06002000380140A807002030
:10F27C0000200040FFFF00005C070020004401401C
:10F28C001007002000480140F40700200014004043
:10F29C0040080020001000405409002000280040C5
:10F2AC00FFF7CEFC28222000194907F095FD012616
:10F2BC00184F3B78002B12D0174D2B78DCB2002B5B
:10F2CC000DD102202E7000F019FB144B3C701C70F9
:10F2DC00134B1C70134B1C70134B1C702C70134F66
:10F2EC003B78002BE4D00C4D2B78DCB2002BDFD11B
:10F2FC0001202E7000F002FB084B3C701C70084B78
:10F30C001C70084B1C70084B1C702C70D0E7C0464E
:10F31C00F8050020936700208E6700208D67002081
:10F32C008C6700208A670020886700209467002083
:10F33C0070B50B4D0B4C0A002100280008F0FBF9AE
:10F34C002800282105F0D6FB21002822064807F0CA
:10F35C0043FD0421054B1A6813688B43136070BD81
:10F36C00D0050020F80500207C0600202006002097
:10F37C0007B56B46D91D087064230122014807F0BC
:10F38C0065FB07BD7C06002010B5044C0A0001008B
:10F39C006423200007F05AFB10BDC0467C060020F9
:10F3AC00034B1A68402311680B4313607047C04627
:10F3BC00F0080020022303498A681A42FCD0024B51
:10F3CC0018707047003001400C300140402210B5DD
:10F3DC0001240C4B1B681968914319601968A143EF
:10F3EC0019601968196019680A431A600222064BE1
:10F3FC0099681142FCD0054A10708022996811421C
:10F40C00FCD110BD8C080020003800400C380040A6
:10F41C00F0B540240126144B1B681D68A5431D60E4
:10F42C001D68B5431D601D68104E15431D601A689C
:10F43C00802514431C60002202240D4B904208DCF2
:10F44C00022299681142FCD0802299681142FCD1A9
:10F45C00F0BD9F682742FCD09F682F42FCD18F5C87
:10F46C0001323770EAE7C0468C0800200C380040A7
:10F47C0000380040402210B501240F480368196879
:10F48C00914319601968A1431960196819601968CA
:10F49C000A431A6006F0AAFC0222084B9968114232
:10F4AC00FCD00021064A1170012299681142FCD04F
:10F4BC00D868C0B210BDC0468C080020003800408F
:10F4CC000C380040F8B5144F0400380016000D003D
:10F4DC0006F08CFC40223B681968914319600121AD
:10F4EC0018688843186018683043186018680B4E09
:10F4FC0002431A6002200023094A9C4200DCF8BD3A
:10F50C0097680742FCD00027377097680F42FCD0F1
:10F51C00D768EF540133F0E78C0800200C3800401A
:10F52C000038004070B50C4C002220686168FFF771
:10F53C0089FC0520FFF74AFF0125FFF79BFFFFF72A
:10F54C0099FF284205D1206801226168FFF77AFCF7
:10F55C0070BDFFF78FFFF4E72400002010B50628DC
:10F56C0007D10C480222036852421A6106F052FC81
:10F57C0010BD072801D10848F4E70E2801D107482F
:10F58C00F0E7102801D10648ECE71128F0D1054826
:10F59C00E8E7C04640080020F4070020A807002038
:10F5AC005C0700201007002010B5062803D10A487C
:10F5BC0006F064FC10BD072801D10848F8E70E28B6
:10F5CC0001D10748F4E7102801D10648F0E71128CB
:10F5DC00F0D10548ECE7C04640080020F4070020B5
:10F5EC00A80700205C07002010070020084B062805
:10F5FC000BD0084B072808D0074B0E2805D0074B1B
:10F60C00102802D0112802D1054B1B68D962704713
:10F61C0040080020F4070020A80700205C07002009
:10F62C0010070020084B06280BD0084B072808D0E1
:10F63C00074B0E2805D0074B102802D0112802D1F9
:10F64C00054B1B685962704740080020F4070020E6
:10F65C00A80700205C0700201007002062B6704746
:10F66C0072B670470E4B10B50400984207D103F0E8
:10F67C00FFFB0C4B9C4207D103F0E4FA0FE00A4B62
:10F68C00984207D103F0BAFE084B9C4207D103F015
:10F69C0005FB04E0064B9842EBD103F0BDFE10BD18
:10F6AC00400800205C070020F40700201007002011
:10F6BC00A807002072B6FEE7F7B51B4C1B4A2300C7
:10F6CC0010685168803318605960194B00251A680E
:10F6DC005B6800260027226163610022154B01A89C
:10F6EC0026626762A662E7622663676322646364CC
:10F6FC002580A56304F0B0F86B4622009B88483245
:10F70C005BBA138023006A331D8023007A331D807B
:10F71C00230088331E605F6023007E3490331E60AC
:10F72C005F602580F7BDC046D8090020000000208E
:10F73C0008000020E0FFEF40F8B50022334BFAF749
:10F74C0061F80022324BFAF723FC04000D00314A19
:10F75C00314BFBF757F822002B00FBF753F8220034
:10F76C002B00FBF74FF82D4A06000F002000290054
:10F77C002B4BFBF747F822002B00FBF743F802005A
:10F78C000B0030003900FAF73DF8244A06000F0050
:10F79C0020002900234BFBF735F802000B0030004A
:10F7AC003900FAF72FF8204A204BFBF711FB08F031
:10F7BC00CBFD00221E4B04000D00F8F751FE002873
:10F7CC0012D01C4B1B78002B04D001221A4B1B4C63
:10F7DC001B4D1A701B4B1B78002B02D00122164BB1
:10F7EC001A7029002000F8BD002220002900164BB9
:10F7FC00F8F722FE0028F4D0124B1B78002BF0D027
:10F80C0001220D4B0D4C0E4D1A70EAE70000894099
:10F81C0000E09540D7A3703D0AD5814066666666C8
:10F82C0066D29EC06672A140295C8FC2F5D8894011
:10F83C0000001E40D8010020646700208FC2F5280C
:10F84C005CFF5840596300200000F03FF8B50D00F4
:10F85C0004000D4A0D4BFAF7D5FF2B002200FAF7E6
:10F86C00D1FF0B4A06000F0020002900094BFAF7C4
:10F87C00C9FF02000B0030003900F9F7C3FF064A3C
:10F88C00064BF9F7BFFFF8BD865AD3BCE3149DBFF6
:10F89C00454772F90FE9FE3F4A0C022B8716A93F28
:10F8AC00F8B50F0019000E4B06001B781000002B4A
:10F8BC0012D00C4C0C4D00220C4BFBF789FA2B0090
:10F8CC002200FAF79FFF0022094BF9F79BFF320049
:10F8DC003B00FAF797FFF8BD064C074DEBE7C04627
:10F8EC00596300209A9999999999993F0000394048
:10F8FC000000F03F7B14AE47E17A943F0023F0B553
:10F90C00B1B0CB4DCB4C09902F93012824D128704A
:10F91C002370FFF74FF806000F00C74B1E605F60A7
:10F92C00C64B1B78002B23D000220023F8F798FD40
:10F93C0000281DD0C24B002230003900F8F77CFDA6
:10F94C00012300280ED02B70002323700020BD4B08
:10F95C00BD491860596011E0099A022AD9D12B705F
:10F96C000123D5E7287023700020B64BB749F0E788
:10F97C002B78002BEAD12378002BF5D1FEF7D0FEA3
:10F98C00022802D10022B24B1A70FEF7C9FE0128E0
:10F99C0001D1AF4B1870FEF7A7FEFEF78BFFFEF7F9
:10F9AC0008FF1890FEF76FFEAA4B05931870FEF730
:10F9BC001BFF3221F8F724FD002901D101F0F2FEE2
:10F9CC00002301221900F420FEF729FE431E984162
:10F9DC000023A14FC0B2190038700122F520FEF7A8
:10F9EC001EFE431E98419D4EC0B23070FEF7ABFE1A
:10F9FC00012802D000229A4B1A70FEF7D1FE10900B
:10FA0C00022802DD0122974B1A70974B1A78002AB4
:10FA1C0000D1C4E0059A12783B2A00D8BFE0934B82
:10FA2C0001221A70924B1A70924B1A78904B002A42
:10FA3C0003D18E4A1278002A01D001221A701B7849
:10FA4C00002B05D02B78002B02D00122804B1A7092
:10FA5C00FEF794FE884923780860002B05D001221C
:10FA6C00864B022800D0A5E01A707D4C7F4D237880
:10FA7C00002B09D02B78002B06D00020FEF7B4FC0D
:10FA8C000022784B10921A702A787D4B002A00D1F4
:10FA9C0096E07C4A7C491180724A1278002A01D087
:10FAAC0001221A700124794B1C60FCF73FF9337862
:10FABC00D8B2002B03D1764B1C70FEF7A3FCFEF7DB
:10FACC0081FE744B18603378002B06D0FA216D4AF6
:10FADC00890013885B189BB213803B78002B04D0F1
:10FAEC00684A13880A339BB21380654B1B78002B32
:10FAFC0004D0644A138864339BB213805C4B664C0D
:10FB0C001B78DAB20C92002B00D1F6E0FEF7A4FEC3
:10FB1C0022781300083B591E8B41DBB20C93574BD8
:10FB2C0005921B78002B06D003211000F8F7F8FA89
:10FB3C000330C3B205930022584B1A700823139359
:10FB4C0001200023227856499A4200DDDCE002F0C5
:10FB5C00ABFF544C09991CA801F096FA48221CA939
:10FB6C00200007F0E8FDFEF77EFD1990FEF72AFF56
:10FB7C00FEF7B4FEFEF7C6FEFEF7DAFEFEF7EEFE6B
:10FB8C00FEF702FF484B1B78002B01D0FCF7BCF9A9
:10FB9C00414B01241A78454900234548BCE01B78A9
:10FBAC00002B00D140E7059B1B78092B00D83BE7C5
:10FBBC00304B35E702201A700860FEF707FC54E75B
:10FBCC003C4A1278002A19D02A4A1278002A15D0F9
:10FBDC002C4A394911803278D4B2002A00D06EE711
:10FBEC0001251D70294B02321A603C70FEF79CFBFC
:10FBFC00FCF79CF8264B1D7020005EE71A4A117822
:10FC0C0000295DD0217800295AD03278002A08D1F9
:10FC1C001C4A2A49118001221A701C4B1A601C4B79
:10FC2C001A7000243C70FEF77FFBFCF77FF8E3E7CB
:10FC3C0059630020D8010020E80A002058630020F6
:10FC4C0000708740C80A002000D0864000208C40FD
:10FC5C004D630020F10A0020C7650020C565002017
:10FC6C0088670020F00A00208D6700208B67002039
:10FC7C008C6700208A670020DC0100205C63002078
:10FC8C009167002080670020102700003C020020B4
:10FC9C00C6650020D00A0020410200204C630020E1
:10FCAC00E1010020800A0020AF650020D403002071
:10FCBC006B63002089670020204E00003075000027
:10FCCC001278002A00D1FAE62278002A00D0F6E653
:10FCDC003278D5B2002A00D0F1E601246B4A6C4987
:10FCEC0011801C706B4B1C603D70FEF71DFBFCF70C
:10FCFC001DF8694B28001C70DFE6FEF736FD032368
:10FD0C00434305930C9B1AE7C85401331CE7CD5CA5
:10FD1C00022D00D9C45401339A42F8DC00F080FE65
:10FD2C0003F0B8FBFA20C00004F068FF0023119325
:10FD3C0012930B93FFF7C0FC584C236B012B3DD156
:10FD4C00574B1B78002B39D003F034FC022835D1EB
:10FD5C00FEF7B9FC012831D103F02CFC01282DD081
:10FD6C0003F028FC012829D04E4823680422037094
:10FD7C00030039331A704C4B00241A680300783393
:10FD8C001A800300FF227E331A70312504F004F828
:10FD9C0003F0F0FF04F064F90022E30FA542534195
:10FDAC00DBB2934201D0904203D1FBF7BFFF31B0DD
:10FDBC00F0BD0A2004F022FF0134EBE7A269E369ED
:10FDCC00A06AE16AFAF7E4F8FBF72EFCAF22374B96
:10FDDC000021069012011800089307F017FCAF22BF
:10FDEC00334D00212800120107F010FCAF22314ED8
:10FDFC0000215201300007F009FCAF220021520112
:10FE0C002D4807F003FCAF222C4F00215201380083
:10FE1C0007F0FCFB6B461B8B320029000D93009303
:10FE2C0008983B0003F01AFB254B264D1A782B78CB
:10FE3C00134022003C3212781A420DD0353423780C
:10FE4C00002B09D0204B1868596803F06BFB00237A
:10FE5C0001222B701D4B1A7000221D4B1A8003F0CF
:10FE6C002BF80E4B9868D96802F084FF03F07EF8EB
:10FE7C0003F01CF808900028FAD1164B1B78DAB264
:10FE8C000A92002B28D103F031FF90E78067002005
:10FE9C00409CFFFF3C020020C6650020800A002029
:10FEAC00D9010020D8090020846700208457002045
:10FEBC00944C0020B4360020D4200020F40A0020FA
:10FECC008F67002091670020C80A0020130A0020C9
:10FEDC007E67002040020020CC4B089ACC491A8047
:10FEEC00CC4ACD4B966B176809785E70FBB2002933
:10FEFC0005D0126C002A02D01B019B18DBB2C64C39
:10FF0C00C64A2370C64BC34D22626362286A696A73
:10FF1C00C44AC54B22636363A262E3622300883345
:10FF2C0018605960AA6AEB6AFAF752FFFBF77CFB80
:10FF3C00C317C0185840FBF7B3FBBC4B90341B786D
:10FF4C0020606160002B37D05A2318AA9B1800221E
:10FF5C003E351A802B780124934201D1B44B1C7886
:10FF6C00B44B1B78002B12D0B34B1B78002B09D051
:10FF7C00A849B24B002208694969F8F757FA0023DF
:10FF8C00984206D0AE4B1B78002B00D02EE10123FB
:10FF9C0023405A2418AAA41831003A000698009459
:10FFAC00FBF750FDA74B22881A80A74B1B78002B20
:10FFBC0000D027E101F036F897490D98FDF798FB32
:10FFCC009C4B1B78002B09D0924B1A6B012A00DD3D
:10FFDC0076E15A6B9D4B1A4200D071E10E9B0F9C3F
:10FFEC0006930794934B92491A780978964B894D4E
:04FFFC001B78002945
:020000040801F1
:1000000000D184E195490D7895490978002900D1FE
:100010007BE1944C8349086C496C20606160691EE7
:100020000D1C090600D500258C496DB20D708E4956
:100030000D708E490978002903D08D488D490068DC
:10004000086000208C490978814208D18B4C7449A2
:100050002478844203D0363109784942C8B28849AD
:10006000704C0870002A54D0002B52D1854D099B4A
:10007000286869680093069A079BFFF763FB206274
:100080006162FFF7E9FB22696369099E206361638E
:100090000096FFF70BFC22696369266C676CA0620F
:1000A000E162286869680090019130003900FCF72E
:1000B000B5F802000B00A260E36073495848097864
:1000C000002908D001003D3109780068FCF74EFA9C
:1000D0008034206061600021524D514CAA68EB6869
:1000E0000091216C2068FBF7DFFD059B674A013B0F
:1000F00005931378383501331370654B28701B78DE
:10010000002B06D03D3423785A425341119AD3181C
:100110001193504B1B78002B02D05E4804F074FD05
:1001200001F09AFB454B1B78002B09D05A4B1B78EA
:10013000002B05D04B4B594A106851681860596024
:10014000374C2068FBF73EFE554B1870002002F03C
:10015000A1FA0C9B002B04D0119B139A934200D15F
:10016000F4E0059B002B04DC36342378002B00D010
:10017000ECE04C4B1C78002C00D0E7E0444B2FAA5D
:100180001978374B187801F01BFFFF22464B0A9471
:100190001A70199B012B0BD10A9C444B02940D9CA5
:1001A000434A0194434C44494448009403F0B2FB51
:1001B000434B1B78002B02D10A9B002B17D0194808
:1001C00003F0F0FD312403F0DBFD03F04FFF0022CC
:1001D000089B0899DB0F8C425341DBB2934202D05B
:1001E000904200D0B8E10A9B002B00D0BBE1069BF7
:1001F000079C0E930F94A3E50949324B00228868AF
:10020000C968F8F719F90023984200D0C5E6C6E698
:100210002D4B1870D6E6C0467C6700205C6300203A
:10022000800A0020D80900208FC2F5285CFF5840C2
:100230000E2DB29DEFFF58408F670020D90100209E
:100240005A6300205963002000004440D801002078
:100250004A0A0020BC0A0020FF00FF00A46600201C
:10026000F2030020C80A0020100A0020B50A00206E
:1002700084670020686700208C670020BE0A002089
:10028000560A002030020020BF0A0020F20A002097
:100290000104002088130000B60A00202802002074
:1002A000110A00204C630020570A0020D4200020AF
:1002B000B4360020F40A0020944C0020845700201B
:1002C0003D01002000003E40E0010020A84D2878BC
:1002D00002F062FAA74C2B78A061022B12D102F037
:1002E0006BFB06900791069A079B22616361069952
:1002F000079AA14B19605A60A04B1B78002B00D1C4
:1003000072E675E602F09CFAEBE701358CE6002A0E
:1003100000D196E6002B00D093E699490978002990
:1003200010D0984C93492F93086C496C2060616001
:1003300095490978002900D183E629680B91A96BBA
:1003400012917EE62F9901312F917AE601228F4B8F
:100350001A70FDF795FFFDF74BFFFDF761FF8C4B22
:100360001B78002B00D1F0E08A4B1B78002B68D063
:10037000894B1C685D68894B20001A685B680E9287
:100380000F93874B29001E685F680E9A0F9BF9F741
:100390003FFA844B1A901B911A685B683000390051
:1003A000F9F736FA02000B001A981B99FAF716FDB6
:1003B0004B005B08159314900022149815997A4B02
:1003C000F8F740F8002811D132003B002000290046
:1003D000FAF704FD4B005B0817931690002216985D
:1003E0001799714BF8F742F800282AD00E9A0F9B04
:1003F0006E4E30687168FAF7F1FC6D4A6D4BFAF792
:1004000007FA6D4F3A687B68F9F702FA0E9A0F9B6C
:1004100004000D00326073603C607D6000220023A8
:10042000F8F710F8002807D1002220002900634BBC
:10043000F8F71CF8002804D000205F4B60491860D2
:10044000596001225F4B1A705F4B1B78002B01D063
:10045000FDF758FF5D4B1B78002B0CD02C226B4610
:100460009B181878FDF7DBFF0B9B002B03DD584B27
:100470000B9A1299D154574B1868C0B2FEF7ACF8DA
:10048000554B1B78002B03D0FDF756FEFDF7A0FE61
:10049000524B1B78062B03D03D4B1B78002B57D1BA
:1004A000FEF77BF90130C0B2FDF79DFFFBF744FC7E
:1004B000FDF740FF189B581CC0B2FDF7A2FF0021BA
:1004C000FA20FEF753FB464B1B78002B04D1109B00
:1004D000581CC0B2FDF78EFF189B092B05D90120CF
:1004E00002F0D8F80020FDF78CFFFDF76DFDFDF759
:1004F00095FD294B1868596801F070F92B4B186865
:10050000596801F07DF9374B18680130FE2800DD8D
:10051000FE201860C0B2FDF77BFFFEF76BF90130DB
:10052000FDF784FFFF22304B1A70304B1B78002BF5
:1005300000D12EE62E4B1B78002B00D129E6254B4F
:100540002C4A5B6C9BB2138023E61E4A13707BE738
:100550000020FDF748FFABE70A2004F055FB089B9D
:100560000133089331E600F067FAFFF726FCC04636
:10057000DA010020D809002008000020B40A002079
:1005800001040020C80A002000040020D10300203C
:10059000D3650020A0660020280200201802002059
:1005A000E00A0020E80A0020000024403002002079
:1005B0003BDF4F8D976E923F580A002000002C4081
:1005C00000002E40C7650020A26600208B67002037
:1005D0009F650020800A00208F670020110A0020FC
:1005E000F00A0020D00A0020560A00205A6300209A
:1005F000D80100207C67002001210A4B82B01A6CD0
:100600000A431A641A6C0A4080210092009ADA6B3D
:1006100049050A43DA63DB6B0B400193019B02B08F
:100620007047C0460010024010B5040094B0142278
:10063000002102A806F0F0FF3422002107A806F0EE
:10064000EBFF174B22689A4227D1202307A8079374
:1006500005F09AF9002801D0FFF732F80222114C78
:100660001148636B02A913436363636B13400093E8
:10067000009BC0230293AE3B039300230493059396
:100680000633069304F0C6FC8022E36B9203134307
:10069000E363E36B13400193019B14B010BDC046AC
:1006A00000540040001002400004005010B5040047
:1006B0008EB03422002101A806F0AEFF104B226854
:1006C0009A421BD180239B020193802301A85B00E7
:1006D0000D9305F059F9002801D0FEF7F1FF8022B3
:1006E000084B1202D96D0A438021DA65DA6BC90022
:1006F0000A43DA63DB6B0B400093009B0EB010BD26
:10070000002800400010024010B504008AB01422F6
:10071000002105A806F080FF23681F4A93421CD1E0
:1007200080211E4B49011A6CA0200A431A641A6CDE
:10073000C0050A4001210192019A5A6B0A435A638B
:100740005B6B0B400293029B154B05A9059302239B
:10075000069304F05FFC0AB010BD124A9342FAD12E
:1007600080210E4BC901DA6B0F480A43DA63DA6B5A
:100770000A4008210392039A5A6B0A435A635B6B3F
:100780000B400493049B1A230593183B0693013BEB
:10079000099305A9DDE7C046003001400010024082
:1007A000C280000000380040000C00507FB5036894
:1007B000324A934212D11021314B1120DA6B0A4395
:1007C000DA63DB6B00220B4001930F39019B04F0CD
:1007D0002DFA112004F054FA07B000BD294A9342C3
:1007E0000FD12021264B1220DA6B0A43DA63DB6B30
:1007F00000220B4002931F39029B04F017FA1220CB
:10080000E8E7214A934210D180211D4B09021A6C5E
:1008100013200A431A641B6C00220B40039301212E
:10082000039B04F003FA1320D4E7184A934210D133
:100830008021134B89021A6C15200A431A641B6C21
:1008400000220B4004930121049B04F0EFF91520D2
:10085000C0E70F4A9342BFD18021094BC9021A6CED
:1008600016200A431A641B6C00220B4005930121D9
:10087000059B04F0DBF91620ACE7C04600100040F1
:1008800000100240001400400020004000440140DD
:100890000048014070B5060094B01422002102A85F
:1008A00006F0BAFE3422002107A806F0B5FE274B59
:1008B00032689A4247D1012307A8079305F064F8EC
:1008C000002801D0FEF7FCFE8021214BC9011A6CE3
:1008D000A0200A431A641A6C00250A400092009A6C
:1008E0000122596BC005114359635B6B02A9134088
:1008F0000193019BB0235B010293022304950393B0
:100900000595069204F086FB124C134B20002360E1
:10091000322363604E33A560E56023616561A561A4
:10092000E561256204F00CFAA84201D0FEF7C8FE8A
:100930000022331D1B201100DC67A66204F076F94B
:100940001B2004F09DF914B070BDC0460038014072
:10095000001002402006002008000240FEE7FEE7EB
:100960007047704710B504F03DF910BD10B502484E
:1009700004F0FCFA10BDC0462006002010B5024865
:1009800005F0A0FA10BDC0464008002010B502488E
:1009900005F098FA10BDC046F407002010B50248D3
:1009A00005F090FA10BDC046A807002010B5024817
:1009B00005F088FA10BDC0465C07002010B502485B
:1009C00005F080FA10BDC0461007002010B502489F
:1009D00005F066FC10BDC0467C06002010B5034B38
:1009E000012218685968FEF733FA10BD8400002010
:1009F00010B5034B002218685968FEF729FA10BD9C
:100A00008400002010B5034B012218685968FEF7D6
:100A10001FFA10BD7C00002010B5034B002218689F
:100A20005968FEF715FA10BD7C00002010B5FFF7DD
:100A3000D5FFFFF7E7FF10BD10B5FFF7D9FFFFF7B0
:100A4000EBFF10BD10B5034B012218685968FEF783
:100A5000FFF910BD6400002010B5034B0022186898
:100A60005968FEF7F5F910BDB400002010B5034B2E
:100A7000012218685968FEF7EBF910BDB400002098
:100A800010B5034B002218685968FEF7E1F910BD54
:100A9000AC00002010B5034B012218685968FEF71E
:100AA000D7F910BDAC00002010B5034B0022186828
:100AB0005968FEF7CDF910BDA400002010B5034B16
:100AC000012218685968FEF7C3F910BDA400002080
:100AD00010B5034B002218685968FEF7B9F910BD2C
:100AE0009C00002010B5034B012218685968FEF7DE
:100AF000AFF910BD9C00002010B5FFF7ADFFFFF768
:100B0000BFFFFFF7D1FFFFF7E3FF10BD10B5FFF701
:100B1000ADFFFFF7BFFFFFF7D1FFFFF7E3FF10BD0A
:100B2000304B10B5186800225968FEF791F92E4B2A
:100B3000002218685968FEF78BF92C4B00221868C0
:100B40005968FEF785F92A4B002218685968FEF7A4
:100B50007FF9284B002218685968FEF779F9264B6F
:100B6000002218685968FEF773F9244B00221868B0
:100B70005968FEF76DF9224B002218685968FEF794
:100B800067F9204B002218685968FEF761F91E4B7F
:100B9000002218685968FEF75BF91C4B00221868A0
:100BA0005968FEF755F91A4B002218685968FEF784
:100BB0004FF9184B002218685968FEF749F9164B8F
:100BC000002218685968FEF743F9144B0022186890
:100BD0005968FEF73DF9124B002218685968FEF774
:100BE00037F910BD34010020BC000020D4000020E3
:100BF0002C010020240100201C01002014010020F1
:100C0000FC000020E4000020F4000020EC000020A4
:100C1000DC00002004010020CC000020C4000020E3
:100C20000C01002010B5FFF77BFF074B012218686D
:100C30005968FEF70DF9054B012218685968FEF74F
:100C400007F9FFF7FFFE10BD4C0000205400002004
:100C500010B5FFF765FF034B002218685968FEF7CF
:100C6000F7F810BD4C000020304B10B5186800227A
:100C70005968FEF7EDF82E4B012218685968FEF707
:100C8000E7F82C4B012218685968FEF7E1F82A4B67
:100C9000012218685968FEF7DBF8284B0122186812
:100CA0005968FEF7D5F8264B012218685968FEF7F7
:100CB000CFF8244B012218685968FEF7C9F8224B77
:100CC000012218685968FEF7C3F8204B0122186802
:100CD0005968FEF7BDF81E4B012218685968FEF7E7
:100CE000B7F81C4B012218685968FEF7B1F81A4B87
:100CF000012218685968FEF7ABF8184B01221868F2
:100D00005968FEF7A5F8164B012218685968FEF7D6
:100D10009FF8144B002218685968FEF799F8124B97
:100D2000002218685968FEF793F810BD34010020BE
:100D3000BC000020D40000202C0100202401002051
:100D40001C01002014010020FC000020E400002011
:100D5000F4000020EC000020DC0000200401002052
:100D6000CC000020C40000200C01002010B50400BD
:100D7000002901D0FFF7D4FE601E0E280FD8F7F728
:100D8000C1F9080F11131517191B1D1F2123252742
:100D90002900114B186801225968FEF759F810BD57
:100DA0000E4BF7E70E4BF5E70E4BF3E70E4BF1E773
:100DB0000E4BEFE70E4BEDE70E4BEBE70E4BE9E783
:100DC0000E4BE7E70E4BE5E70E4BE3E70E4BE1E793
:100DD0000E4BDFE70E4BDDE7BC000020D400002007
:100DE000140100202C010020E40000202401002038
:100DF000F4000020EC0000201C010020DC0000209A
:100E0000FC00002004010020CC000020C4000020D1
:100E10000C010020F7B50190FFF782FE284B294A0C
:100E20001B780B270092002B04D1274B1B78002B3B
:100E300000D0177800242600244D009B1B78A34285
:100E400000DCF7BDB742FCDD2A780134002A1CD053
:100E50002000A34200DAE01A019B002B01D00023FE
:100E60002B7002381A4B0C2809D8F7F74BF90710EA
:100E7000121416181A1C1E2022242600154B18685E
:100E800001225968FDF7E4FF01360135D5E7124B21
:100E9000F5E7124BF3E7124BF1E7124BEFE7124B7A
:100EA000EDE7124BEBE7124BE9E7124BE7E7124B8A
:100EB000E5E7124BE3E7124BE1E7124BDFE7C046F1
:100EC0005963002041020020D8010020E1010020E8
:100ED000BC000020D4000020140100202C010020C0
:100EE000E400002024010020F4000020EC00002099
:100EF0001C010020DC000020FC0000200401002078
:100F0000CC000020C400002010B5FFF709FE034B01
:100F1000012218685968FDF79BFF10BD34010020BD
:100F20000120704710B506F0DFFB16230360012097
:100F3000404210BD10B506F0D7FB16230360FEE754
:100F400070B50E0014000025A54201DB200070BD25
:100F500000E000BF70550135F6E770B50E001400D3
:100F60000025A54201DB200070BD705D00E000BFE0
:100F70000135F6E701204042704780239B010020A5
:100F80004B60704701207047002070470B490C4AA6
:100F90000300521A0B4910B50868002801D10A480D
:100FA00008600868C318934206D906F09DFB0C231D
:100FB00003600120404210BD0B60FCE7000400000C
:100FC000009000204863002058690020704700000E
:100FD00070B5FDF734FC0E4C0E4D20602B780F28B9
:100FE0000DD1002B01D10F2070BD0E20FDF7DEFAD0
:100FF0000E2323602B78002BF5D02068F4E70E2811
:10100000F8D1002BEFD00130FDF7D0FA0F23F0E735
:101010000C020020C16500200F2802DD024B187869
:101020007047024BC05CFBE7E00100209F65002099
:10103000144A30B514680F2C23DC134B1D78002D97
:1010400002D0092800DD0920104B1B78002B02D0AC
:101050000923082802DC031E00DC012311003431BF
:101060000978906B29400125082800DC00252942D9
:1010700004D0984202DD5168013151609363044A03
:10108000A35430BD800A00205A630020D9010020FB
:101090009F65002070B50400FDF780F8FDF73CF86F
:1010A000FDF7C4FB174B18491870184B1B78002B21
:1010B00004D1174B1B78002B04D01649482220007E
:1010C00006F03FFB144B1B78002B09D0012213497B
:1010D0000A70032B04D918001040134200D1087085
:1010E000FFF776FF0500FFF797FF01220C4B256005
:1010F0001A7000230B4AA0631370200023646364FA
:1011000070BDC046DA010020900100205963002024
:10111000D801002048010020B0650020C1650020F2
:10112000D90100205A630020F0B58E4B87B01F789C
:101130000193FDF75FFB0B21F7F768F901238A4D57
:1011400005916B540B0006330393019B1A78039BA4
:101150009A4201DA9B1A03930121039B0291EB1837
:10116000013B1970002381499A4230DCFAF746FCB2
:1011700005F030FF00237E4E336473647D4B1B7893
:101180000093002B31D0019B1A7833003C331B783D
:10119000002B27D133680133934200DD9B1A0122D3
:1011A0003360EB18013B1A70734A13680133136004
:1011B0006C4B714C1A7823689A4206D10D2200219B
:1011C000280006F029FA0023236007B0F0BDE85C90
:1011D0000133002802D1C85C002801D0013FC3E7D9
:1011E0000293C1E7654B1B68D9E7654B1A78002A63
:1011F000DED0019B604C1B7862480099049301701B
:101200002368002F3BDD012F0FD1029A013332609A
:10121000AA18013A1770236000200122544B5A4942
:1012200018615961574B1A70C2E7022F28D101206B
:10123000029A564F3260AA18013A10701A182260AA
:101240004948009A04998A4204DB494B1B6C002BE5
:101250000DD1E1E7815C561C00290ED1B95C002953
:101260000BD1434902330E640121236081540020D5
:101270003F4B4749186159619AE73200E2E7009213
:10128000049A0499023A481E9A4205D1059B384AAD
:10129000013313602060BFE798420CD1344B039AAE
:1012A0001A60049B23603B4B1B78002BB4D00122B7
:1012B000394B1A70B0E705F0BDFE019B1F7839006D
:1012C000F7F7A4F8284B5B5C002BF4D12F4B5B5C49
:1012D000002B02D0009B002BEDD04B1C3360012370
:1012E0006B54236801332360FB1A022B04DC244B6C
:1012F0001B78002BBBD0A8E705F09CFE019B1F7854
:101300003900F7F783F8184B5B5C002BF4D11F4BC7
:101310005B5C002B02D0009B002BEDD04B1C336498
:1013200001236B54236801332360FB1A022BDEDD9B
:1013300005F080FE019B1978F7F768F80A4B5B5CB3
:10134000002BF5D1114B5B5C002B02D0009B002BD6
:10135000EED04B1C736401236B542368013323606C
:10136000C5E7C046410200205E6300206A6300209A
:10137000800A00205963002054630020506300203D
:10138000D80100205D630020000069406B630020ED
:10139000000054408C6700204C630020F7B5BA4C25
:1013A000002123003E331970012323630223FF33FE
:1013B000A38623000D223633B4481970A187216417
:1013C000616406F029F9B24B1D78002D00D17FE051
:1013D000B04B00221B78002B78D08023DB05A26164
:1013E000E3610022AC4BA260E3600022AB4B2261C0
:1013F00063610022AA4BA262E36203236360A94BEC
:1014000000221E685F68A84B30003900F7F72EF8FD
:10141000002801D00026A44FA44B1B780093002B7A
:1014200002D0A34B1E685F68002230003900A14B38
:10143000F9F7D4FCA04AA14BF9F7EAF902000B0036
:1014400000209F49F9F7CAFC00229E4B06000F00BE
:10145000F7F70CF8002801D000269A4F9A4B266225
:1014600067621B78002B51D0009B002B47D1974B14
:101470001A685B6800920193954A138801339BB206
:101480001380002D3ED0934B00221E685F68924B64
:1014900030003900F8F7BCF9904BA062E1621A689D
:1014A0005B6830003900F8F7B3F9834A06000F0093
:1014B00000980199814BF9F7ABF902000B0030005D
:1014C0003900F9F78BFC206261621FE0844B86E7EC
:1014D000844B1B78002B92D080230022DB05A26175
:1014E000E3610022804BA260E36000227F4B226117
:1014F000636100227E4BA262E36202237EE7002248
:101500000023B7E7774B1B78002BBCD1794B1B78B6
:10151000002B00D186E0002D00D17BE0FDF761F9C2
:10152000002803D0744B1B78002B06D0734B072286
:101530001D78002372499D4263DC0122524B1860E2
:10154000704BC254704A13680133136001216F4A13
:101550004D4B117003225A6000223F331A706C4BBE
:10156000494C1B78002B06D023003E331B78002B00
:1015700001D0012363602068FFF74EFD226B636892
:10158000A0639A4203D12300012236331A7023004C
:101590003C331B78002B14D15E4B1B78002B10D0F2
:1015A0005D490022086849685C4BF6F74BFF00284C
:1015B00007D0206A616A0022594BF8F729F92062A6
:1015C000616223003D331B78002B07D0206A616ADB
:1015D0000022534BF8F71CF920626162206A616AAD
:1015E0000022384BF6F742FF002803D00022354B8B
:1015F0002262636200224B4B1A704B4B01321A700D
:10160000F7BDCE5C5C1C964202DC2000CA5CD2B204
:10161000230090E7334B1B78002B00D196E7FFF7B0
:1016200083FD93E7414B354D1B78002B1CD10020E7
:1016300022003F498233A061E161002023603C32F7
:10164000813B137015493B4A6360127820616161E8
:10165000FDF712F9384B2A7802301860904200DC0E
:101660007DE7801A18607AE70223074CFF33E3878F
:10167000FDF702F92B7801302060984201DDC01A95
:101680002060FFF751FD6AE7800A00205E630020BA
:10169000596300204D630020000059400000444081
:1016A00000908A403002002000488C40A066002054
:1016B000E80A0020004085409A9999999999E93F54
:1016C0000060834000808640C7650020C865002018
:1016D000806700201002002000206C4028020020BB
:1016E0000000F03FD801002000003E4000005440C0
:1016F00000E08540916700208867002041020020BB
:10170000D40300205D63002054630020BD0A002044
:10171000080200205B63002000000020000014404D
:1017200000004940D90100205A6300208B67002047
:10173000000008408C6700205063002010B50D2287
:101740002821034805F068FFFCF708FD10BDC046DE
:101750008563002010B568220021034805F05CFF76
:10176000FCF75CFC10BDC0466864002010B568241E
:1017700022000021064805F04FFF22000021054805
:1017800005F04AFFFCF774FCFCF79CFC10BDC0465A
:10179000006400209863002010B5682200210348EF
:1017A00005F03AFFFCF710FC10BDC046D0640020E5
:1017B00010B50D22FF21034805F02EFFFCF7DEFCDB
:1017C00010BDC0467863002010B50220FCF704FE6F
:1017D0000222014B1A6010BDDC010020D0B50600CA
:1017E0000F00054C60220549200005F003FF266626
:1017F0006766FCF73DFCD0BD006400200864002053
:10180000D0B506000F00054C60220549200005F008
:10181000F1FE26666766FCF755FCD0BD9863002094
:10182000A0630020F8B50C684D68066847682B0077
:10183000220030003900F6F705FE03000120002BDE
:1018400008D12B00220030003900F6F70FFE431EAE
:1018500098414042F8BD0000F0B5BF4B8FB01B78F7
:10186000002B00D1CBE0BD4ABD4B116B187801397C
:10187000BC4BC9005B18002800D12CE1BA490868AC
:10188000496818605960130035331B78002B02D16A
:101890000121B64B1970130036331B78002B00D191
:1018A000ADE0536800240293B14B00261B7800275B
:1018B0005A425341029A9B18043B1D000093A94BC6
:1018C0000893029B9D4200DA0AE1AA4B002C00DC3F
:1018D000C9E1002220001A70F9F7E8FE0490059192
:1018E00002000B0030003900F8F758FB00240025F7
:1018F0000A900B91009E9B4F029B9E4200DA09E1E9
:10190000049A059B20002900F8F748FB06F090FD9B
:10191000002300260027049308900991914B0D9312
:10192000009B029A934200DA66E10498F9F7BEFE42
:1019300002000B0030003900F8F730FB00900191F5
:10194000009A019B8C4C226063608C4B1D788C4B01
:101950001B785BB2022B00DDBCE10127894B1F70B5
:10196000002D11D0884E894D3378002B00D198E19D
:10197000009801990022864BF6F764FD002800D1FB
:101980008FE100232F703370824B1B78002B36D0F1
:1019900020686168804B814D1A685B68F9F71EFA10
:1019A0007F4B286069601B6800210C2B01DC0D3126
:1019B000C91A00230D227B48FAF7CEFA6E4C26682E
:1019C000676832003B00F9F709FA00900191019B2A
:1019D000009A5B00100059080022734BF6F746FD91
:1019E00000280CD00122714B1A70714B1E605F6091
:1019F000694B186859686F4B206061601A706E4BB4
:101A00001B78002B00D12BE26C4B544C1B78002B25
:101A10004FD16B4B1B78002B4BD06A4B1B78002BA4
:101A200047D12268684B013AD2009B181E685F6854
:101A30000022002330003900F6F718FD002838D0C6
:101A4000624B1B8818000093F9F730FE00220290C9
:101A500003915F4B30003900F8F7DAFE02000B000B
:101A600002980399F6F7EEFC5A4D002807D00022A1
:101A700030003900584BF6F703FD00280CD1009BCD
:101A8000042B00D94CE1002230003900534BF6F70B
:101A9000F7FC002800D143E100222B6801332B60C2
:101AA000474B1A704E4B1A704E4A1388C8339BB27C
:101AB0001380484A1368042B00DC33E101214A4BB0
:101AC00000201970002300211360484B18605960F2
:101AD000FFF740FE26E14648464918605960DAE6BD
:101AE000089AEB009B181A685B68049205930498A7
:101AF00005993F4A3F4BF6F7A5FC002808D0049A09
:101B0000059B30003900F7F783FE06000F00013413
:101B10000135D6E6F300DB191A685B680892099371
:101B200008980999324A334BF6F78CFC002811D0FB
:101B30000A9A0B9B08980999F9F750F902000B00D3
:101B4000F8F766FE02000B0020002900F7F760FEA0
:101B500004000D000136CFE6D9010020800A0020E4
:101B6000F2030020F8650020C80A0020D26500209A
:101B7000C165002038020020300200205863002098
:101B8000A4660020A2660020D8010020596300202E
:101B900000708740C7650020E80A0020C865002063
:101BA000D00A00209863002000002440A066002096
:101BB00018020020A16600205A630020BC0A002001
:101BC000010400208C67002068640020520A002075
:101BD0000000D03FB46500200000444000003440C5
:101BE000000400207E670020D1650020C80300208B
:101BF0000000C0FFFFFFDF41009B0D9ADB009B1838
:101C00001C685D68C04A20002900C04BF6F71AFC2A
:101C1000002824D00A9A0B9B20002900F9F7DEF84F
:101C20004B005B0806900793069A079B0898099952
:101C3000F6F726FC002807D1069807990022B44B36
:101C4000F6F700FC00280AD0049B3000013339006D
:101C5000049322002B00F7F7DBFD06000F00009B2A
:101C6000013300935CE6AB4A16685768AA4A1278BB
:101C7000002A04D000221A700096019760E6012421
:101C80001C70A64B1A685B6800920193009801993A
:101C900000220023F6F7EAFB0028EDD0A04B1C70D1
:101CA0004EE62B78002B00D16EE6009801990022B9
:101CB0009C4BF6F7E5FB002800D165E600230220E7
:101CC00001222B70984B32701860984B1A70FCF7F9
:101CD00083FB59E6964E3778002F00D1F6E0009846
:101CE000019900228F4BF6F7ADFB002810D08B4BEB
:101CF0001A685B6800920193009801990022894B51
:101D0000F6F7BEFB002803D0009A019B22606360B7
:101D1000002D00D0DDE0EEE0002F00D134E6EAE057
:101D200000232B60834B844D1B780093002B60D1E4
:101D3000824B834F1B78002B04D1824B1B78002BE6
:101D400000D193E0804B1B78002B04D17F4B1B7894
:101D5000002B00D086E07E4B1B78002B04D17D4BFE
:101D60001B78002B00D17DE07B497C4B08684968DB
:101D70001A685B68F9F732F802900391039B029AA4
:101D80005B0059081000764B0022F6F76FFB6B4999
:101D9000744A00280CD01368734801331360002381
:101DA000037072480B7003889133FF339BB203803A
:101DB0001368052B56DD01230B70002111606C4A5E
:101DC0001370654B6B4A18685968236B013BDB0045
:101DD000FB18186059602368674C013BDB00D21880
:101DE00010605160E418654B1888F9F78DFC20608D
:101DF00061602B0036331B78002B31D02B003D3334
:101E00001B78002B03D04A4B1B78002B5AD100249F
:101E10006B6804935A4B1B78A34201D1049B9C1E10
:101E2000002500260027464B0693049B9C422FDB8F
:101E3000002D47DD2800F9F739FC02000B003000C7
:101E40003900F8F7ABF83D4B1B78002B08D0009B0E
:101E5000002B05D10122414B18605960444B1A7088
:101E60000FB0F0BD354B1B78002BAAD1002000210C
:101E7000236B254A013BDB00FF18244B3A607B6053
:101E800022683D4B013AD2009B1818605960B0E7B8
:101E9000069AE3009B181A685B6802920393029803
:101EA0000399194A194BF6F7CDFA002808D0029A7F
:101EB000039B30003900F7F7ABFC06000F0001353B
:101EC0000134B2E7244B18685968BCE7002D00D1F3
:101ED0005AE52C4D2B78002B00D11DE72068616856
:101EE0000022104BF6F7CCFA002800D114E70123AA
:101EF000337000232B70244B1B78002B00D043E55C
:101F00000122224B1A703FE50000C0FFFFFFDF41B6
:101F100000002440F8010020B1650020E80A0020FC
:101F2000A166002000708740DC0100205C63002077
:101F3000D8010020BC0A0020800A002001040020F3
:101F4000D8650020D00300208C670020D10300203A
:101F5000C7650020D3650020C80A002028020020A1
:101F600000004940B8650020000400207E67002082
:101F7000B2650020D064002068640020520A00206E
:101F8000080200205963002038020020A2660020C9
:101F90000020094B10B51C78084B844205D01878F6
:101FA0000130C0B2FF2800D102381870FCF705FBE1
:101FB0002000FCF7F4FA10BD38020020B0650020C4
:101FC000F0B57D4B7D4C1B7885B00E001700256B5E
:101FD0000093002B00D123E1A068E1680022784B38
:101FE000F8F716FCA269E369F7F712FCF6F7F2FAC4
:101FF000744B80B21880744B744A1B78744E032D56
:102000001ED1002B0BD080210020C905A061E16109
:1020100000207049A060E16000206F4908703078AE
:102020001178002832D000295DD000206B49A062D1
:10203000E16200220220A91E88425241D1B228E06A
:10204000002B21D0052D0CD16549097849B205290D
:10205000E5D100206349644F206261623860796095
:10206000DDE7042DDBD0062D09D15D49097849B2A1
:102070000629D4D100205D4920616161CFE7032D9D
:10208000CDDC002054490870012DC8DC11780029EE
:10209000CFD1002B2DD13378002B19D0002917D0A8
:1020A000A06AE16A0022524BF8F7B2FB514B1A6862
:1020B0005B68F7F7ADFB4C4B206261621E685F689E
:1020C00032003B00F6F7D2F9002801D026626762A1
:1020D000230036331B78002B12D0FFF759FFFFF790
:1020E0005DF905B0F0BD002BD5D00022424BA262B5
:1020F000E36200220223023DAB425241D1B2CAE761
:10210000FEF766FF20603D4B1B78002B00D1A7E255
:102110003B4B2A4D1B78002B00D1A1E22B00012460
:1021200035331C70002322001900FA202C63FCF7C1
:102130007CFA431E9841334A334B1278C0B2187070
:10214000002A04D02A003E321178002912D11B78CF
:102150000324002B0ED02B003C331B78002B09D01E
:102160002A4B1B78002B05D1294B07341B78002BF9
:1021700000D0073C2B6B6C60A34200DA6CE20122BA
:102180001F4B1A700D4C2068FEF746FF1B4BA063D7
:102190001B78002BA5D01F4B1B78002BA1D0092842
:1021A0009FD11D4B1868A063FEF742FF1B4A13889E
:1021B0000A339BB2138094E7D9010020800A0020E3
:1021C000000024407C670020D801002059630020D3
:1021D000D265002000003E40B165002000407F40F5
:1021E000A466002000509440F001002000C072401E
:1021F0000000E03FC80A002000E085405A6300204C
:10220000B60A002008020020C46500208C67002068
:10221000F10A0020C3650020000200207E67002034
:10222000C44B1B780393002B00D119E2C24B1B78DF
:10223000002B00D102E1A269E369A068E168F7F729
:10224000E7FAF6F7C7F9BD4B80B2188023000022E9
:1022500034331A7023003C331B78934200D100962C
:102260002368B74A013BD35CDBB2019323003D33C3
:102270001B78002B0BD0009B002B00D0E3E0230049
:1022800036331B78002B00D0DDE0FEF74DFFAD4B61
:102290001B78002B00D0F3E0009B002B14D0019B97
:1022A000032B00D9F4E0A44B1B78002B00D1E1E014
:1022B000A549002208684968A44BF7F7A9FAA0626B
:1022C000E16201229F4B1A70A14CA24D2368042B9E
:1022D00009DC2B780293002B05D1009B002B1DD02D
:1022E000019B032B1AD8944B1B78002B00D1D4E010
:1022F0009949954B086849681A685B68F7F788FA46
:10230000964E306271620023954A2B702360954B84
:10231000106C516C18605960039B0293924B1B78B0
:10232000002B00D1EAE03B68052B03DC8F4B1B78C8
:10233000002B49D08E4B00221C685D688D4B20001D
:102340002900F6F793F8002801D00024894D0022D7
:1023500020002900884BF8F741FD884A884BF8F7A0
:1023600057FA02000B0000208649F8F737FD0022DB
:10237000854B04000D00F6F779F8002801D0002401
:10238000814D6D4A754B12781C625D62002A00D146
:1023900089E000207D499862D9620023734A3B603E
:1023A00013707B4B674D1B78002B02D02B78002BD2
:1023B0000AD1784C2678F9F7BFFC0023764A2B70B7
:1023C00013702670FBF7B6FF744B644C1B78002B20
:1023D00071D0734B1B78002B6DD0822323600023B8
:1023E0000022236463640133A3876E4BA261E3611F
:1023F00000226D4B226163616C4B584C1B78002BA3
:102400000ED06B4B1B78002B0AD1029B002B07D000
:10241000206A616A0022674BF7F7FAF9206261626D
:10242000206A616A0022584BF6F720F8002800D194
:1024300069E60022544B2262636264E6636C3F4AA1
:102440009BB2138002E72300012236331A70454BFA
:10245000414A1068516818605960FCF70DFA564AF5
:10246000564B127801301860904200DC0FE7801A5A
:1024700018600CE7524B1B78002B00D018E720E7C0
:10248000009B002B00D11FE7019B032B00D81BE70B
:102490002F4A13680133136016E7494B1B78002B52
:1024A00000D025E72FE7464A1278002A00D174E7CA
:1024B000002044496FE7270026003C373D783E3630
:1024C000002D00D18CE0FEF72FFE00233B7001337E
:1024D0003370194B1B78002B1CD03B4B00221B7810
:1024E000002B15D08023DB05A261E3610022374B6E
:1024F000A260E36000222C4B22616361274A344BC7
:1025000012781B78002A71D0002B00D074E77EE08F
:10251000304BE9E72A4B1B78002BEFD080230022B9
:10252000DB05A261E36100222B4BA260E360002285
:102530002A4BE1E75A630020596300207C670020A2
:10254000D4030020D36500201002002000206C403E
:10255000BC650020FA030020C80A0020800A002081
:10256000D809002028020020B60A0020D1650020EA
:102570003002002000488C40004085409A9999998B
:102580009999E93F006083400080864000908A402E
:102590008C670020D1030020C7650020BD0A002001
:1025A0009167002000000840000044408B67002035
:1025B000F00A002000004940410200205063002042
:1025C000D801002000E085404D6300200000594004
:1025D000BC0A00200000F03F00003E4000005440D4
:1025E000FEF7A2FD01233D3433702570224A234BB0
:1025F0001278002A00D0FFE61A0036321278002A3C
:1026000002D1196B022925D101223F331A701C4BCC
:102610001A4C1B78266A676A002B00D1ECE6194930
:10262000002208684968184BF5F70CFF002800D114
:10263000E2E6009B002B00D1DEE6019B032B00D9D4
:10264000DAE6002230003900104BF7F7E1F820629B
:102650006162D1E63F33D9E7002236352A7091E531
:102660000021064B0A4A11701A6B01321A635B682B
:102670009A4200DB83E585E5BC0A0020800A002041
:102680005B6300200000002000001440000049406F
:10269000B50A0020F0B5002604003500394F9FB080
:1026A000F31904AA18685968B31818605960002211
:1026B0000023F5F7C1FE4342584108362D18682E15
:1026C000EED1002D42DD08222F4B0D2104A804F08D
:1026D00027FD6B10DA00ED073AD5130004AA9B180A
:1026E0001A685B68009201930099019A274B196060
:1026F0005A60002C2AD00025224B254C0393039BC3
:102700000022EB181E685F68002330003900F5F7DF
:1027100093FE002814D10098019932003B00F8F78D
:102720005DFB22686368F7F773F806000F00F8F79F
:1027300081FFC317C018584014281EDC266067604C
:1027400008350834682DDAD1FBF716FC1FB0F0BD50
:10275000013B04A9DB005B181900130008684968F5
:1027600004AA9B181A685B68F7F752F80022094B15
:10277000F8F74EF800900191B6E70022002322609E
:102780006360DDE7D06400202518010820020020E6
:10279000386500200000E03FF0B585B00400FEF78A
:1027A000B5F9FEF7B1FB0A2002F02EFA022C1CD17B
:1027B000FEF7A2F9FA20800002F026FAF9F728F9CC
:1027C000002704001B4EFA2120008900F5F738FD90
:1027D000BB1BD917184D194A5B184B402880138032
:1027E000FEF79EF9200005B0F0BDFA230024002575
:1027F00000279B000F4E0193F9F700F9C3170290D1
:102800000393029A039BA4185D41864200DD0600F3
:10281000874200DA0700019B013B0193002BEBD1BB
:10282000FA222000002329009200F5F76DFE040033
:10283000C9E7C046FFFFFF005A6600205866002027
:10284000F0B5012700253E0097B003900C225749B0
:1028500007A804F076FF0AAB01930097ACB2200002
:10286000C53080B2FCF764F9019B18702000D130AC
:1028700080B2FCF75DF9242204AB15349B18FF34B9
:1028800058550290A0B2FCF753F9019A02991278B8
:1028900010ABE854914200D081E0029A904207D0F8
:1028A0000026370004E00026029A00968242F8D102
:1028B000019A0135013201920C2DCFD1242104AAB5
:1028C000521812781B780AAD13402A7813ACFF2AED
:1028D00006D0FF2B06D12800FBF793FA002701E072
:1028E000FF2B55D0009B002B56D1002E54D1002F2A
:1028F00052D00DAB23CB23C40398F8F7D7FE0022A8
:102900002B4BF8F76BFA00222A4BF7F747FB040032
:102910000D00139B04A80493149B04210593159B9D
:10292000069301F045FA05A8042101F041FA06A832
:10293000042101F03DFA22002B0020002900F7F7C6
:1029400067FF060004980F00F8F702FF02000B0073
:1029500030003900F7F75CFF060005980F00F8F724
:10296000F7FE22002B00F7F753FF02000B003000A8
:102970003900F6F74DFF040006980D00F8F7E8FE61
:1029800002000B0020002900F6F742FF17B0F0BD4F
:1029900007AD2800FBF735FA07CD07C4ACE7904236
:1029A00000D080E700221700009281E7508D0108D7
:1029B00030C0594180F1FAC0F8B505235B42584355
:1029C000F8F774FE0022264BF7F722FF0022254C71
:1029D000254B20606160A260E36000228025234BCC
:1029E0002D0622616361A668E76822696369791927
:1029F0003000F7F7D3FAA061E16120686168A2694D
:102A0000E369F7F7CBFA20626162194A206A616ACA
:102A1000184BF8F7E3F9184A184BF7F7BFFAA0621A
:102A2000E1620022A06AE16A154BF7F7B7FA05F0F8
:102A3000C9FC144A144BF6F7EBFE02000B00002011
:102A40001249F7F7ABFA20636163114A206B616B9F
:102A5000104BF8F7C3F9A063E163A06BE16BF8BD1D
:102A60000000703E6066002000230E4160301F4170
:102A7000FCA9F1D24D62E03F1AB5F2C8C588DF3E2D
:102A8000006AF840F86F702FADFA2B40004BB04051
:102A9000666666666612714001220021044B1A7058
:102AA0005A709A709971D97019715A717047C046ED
:102AB000C066002070B5FFF7EFFF494B494C1B780B
:102AC000002B00D189E0484B1B78002B00D184E01B
:102AD0000323002500222381444BA381444B6581BD
:102AE000E58125826582A582E58225836583A583AC
:102AF00022626362A262E36200223E4B226363634E
:102B000000223D4BA263E36300223C4B22646364DA
:102B100000223B4BA264E36400223A4B22656365CA
:102B200000220023A265E36522666366A266E3666F
:102B300022676367230078331D8023007A331D806A
:102B400023007C331D80230022007E331D8001235F
:102B5000803213702200813213702200823215708D
:102B6000220083321370284A1570284A1570284AAB
:102B70001370284B1D70284B1D70284B1D60FBF7F0
:102B800067FE274B1870274B1D70274B1D70274B76
:102B90001D70274B1D70274B1D70274B1D70274B39
:102BA0001D70274B1D70274B1D70230088331D603F
:102BB00023008C331D6023009A3498331D802580B8
:102BC000FDF7A4FF204B214819685A68FAF796F8D8
:102BD000F8F7F8FEFDF7A4FF70BD052379E7C046BE
:102BE0004D630020C06600205963002024F4FFFFDD
:102BF00000F8914000E0854000207C4000005440F7
:102C0000000044400000F03FA4660020A3660020BE
:102C10004002002090670020F20A00205463002048
:102C2000B0650020D0650020B1650020D36500208C
:102C3000D2650020C2650020C3650020A166002087
:102C4000A2660020A066002034000020A8660020B4
:102C500010B5144C6378002B14D0FCF707FD10203E
:102C6000FCF7A8FCE18A102089B2FCF7C5FC102013
:102C70000021FCF7DDFCFCF7F7FC0023102063705B
:102C8000FCF772FCF8F7D4FE22002300001280B299
:102C90008432108088339A341968238812885B0044
:102CA000CA5210BDC066002070B5204CA378002B1E
:102CB00014D0FCF7DBFC1120FCF77CFC218B1120ED
:102CC00089B2FCF799FC11200021FCF7B1FCFCF75C
:102CD000CBFC00231120A370FCF746FCF8F7A8FEFC
:102CE0002300220025000012843380B218809A3518
:102CF0008C3211682A88188852008852188823005C
:102D000088331A682B8890345B009B5A2668C01A57
:102D1000C317C0185840F6F7E5FC2C88A4003051C2
:102D20002B8801339BB22B8070BDC046C06600204B
:102D300010B5FCF79BFC0620FCF716FCFCF794FC96
:102D40000122024B9A7100225A8110BDC0660020F8
:102D500010B5FCF78BFC0720FCF706FC0E20FCF7F7
:102D600003FC1020FCF700FC1120FCF7FDFBFCF736
:102D70007BFC0122014BDA7010BDC046C06600200A
:102D8000F8B502000B0000201F49F7F707F9F8F724
:102D900051FC0500F8F78AFC02000B0006000F004A
:102DA000F6F736FDF5F716FC184C80B2E081E389A2
:102DB000A8B29BB22382E3899BB26382ABB2A382A7
:102DC000E3899BB2E382E3899BB22383F8F76EFC2D
:102DD0000F4A104BF7F71CFDF5F7FCFB0C4A0D4BA7
:102DE00085B239003000F7F713FDF5F7F3FB80B239
:102DF000F8F75CFC32003B00F6F70AFDF5F7EAFB5A
:102E000080B26583A083F8BD8084EE40C066002058
:102E10005C8FC2F5285CEF3F10B5174CE378002BB0
:102E200001D1FFF795FFFCF721FC218A072089B229
:102E3000FCF7E2FBA18A0E2089B2FCF7DDFB618B77
:102E4000102089B2FCF7D8FBA18B112089B2FCF7C6
:102E5000D3FB00210720FCF7EBFB00210E20FCF741
:102E6000E7FB00211020FCF7E3FB00211120FCF719
:102E7000DFFBFCF7F9FB10BDC066002010B50C4C61
:102E8000638901339BB26381628923899A4203D2A9
:102E9000084B1B78002B0AD1FCF7E8FB0620FCF757
:102EA00089FBFCF7E1FB0023A371FFF7B5FF10BD21
:102EB000C066002040020020014B1879C0B2704764
:102EC000C066002010B5154B154C186A596A20626F
:102ED0006162986AD96A20636163186959699A695D
:102EE000DB692064616422656365206A616A226B24
:102EF000636BF7F773FFA063E163206A616A226D79
:102F0000636DF6F785FCA062E1620022206C616CC3
:102F1000044BF7F77DFCA064E16410BD800A00203B
:102F2000C06600200000E03F10B5104C104923009F
:102F3000783308881A88904207D01A880D4892B2D0
:102F40000A80198889B2F9F707FF22007A347E32A5
:102F500011882388994207D0238806489BB21380A2
:102F6000218889B2F9F708FF10BDC046C06600206D
:102F70003C670020A86600200022F8B5644B654C31
:102F80001A8023007A331A80FFF7CEFFFDF75AFD2F
:102F9000614B624D1F78624E002F2BD02B003633D1
:102FA0001878FDF737FF3378002B4DD0A26AE36A1B
:102FB000A265E3650022A06DE16D5A4BF7F728FC8E
:102FC000F5F708FB230080B2783318800022002335
:102FD00022666366230000227A331A80FFF7A4FF7B
:102FE000A86B09284ED8F5F78DF84B62676C71769F
:102FF0007B8289904C4B1B78002B13D028680121D1
:10300000C0B2FDF7B3FE286C002803D03900C0B26F
:10301000FDF7ACFE686C0028C5D00021C0B2FDF7FA
:10302000A5FEC0E73378002BD8D0404B1F78002F87
:1030300006D101210F20FDF799FE39000E20EEE7A1
:1030400028680121C0B2EAE7374A1278002AC5D0C1
:10305000002000212200A065E16578321380A26A79
:10306000E36A226663662F4B0022206E616EF7F7DB
:10307000CFFBF5F7AFFA230080B27A331880ADE7C3
:10308000FDF744FDA379002B01D1FFF751FEFCF7BA
:10309000EDFAA189062089B2FCF7AEFA00210620DC
:1030A000FCF7C6FAFCF7E0FA01232371F8BDFDF73F
:1030B0002DFDFDF7D1FCE5E7FDF728FDFDF7E0FC70
:1030C000E0E7FDF723FDFDF7C7FCF7E7FDF71EFD81
:1030D000FDF7EAFCD6E7FDF719FDFDF7D1FCF7E7B0
:1030E000FDF714FDFDF7B8FCFDF7F2FCCAE7FDF7AC
:1030F0000DFDFDF7B1FCFDF7C3FCF5E7FDF706FD9F
:10310000FDF7AAFCFDF7D0FCEEE7FDF7F5FCB9E70B
:1031100038670020C0660020BC0A0020800A00201A
:10312000D901002000403A405A630020C1650020C8
:1031300010B5FCF79BFA00210620FCF779FA002174
:103140000720FCF775FA00210E20FCF771FA002128
:103150001020FCF76DFA00211120FCF769FA062017
:10316000FCF728FA0720FCF725FA0E20FCF722FAD4
:103170001020FCF71FFA1120FCF71CFAFCF774FA78
:10318000FFF78AFCFDF7C2FC0022034B1A80034BB9
:103190001A80FFF7C9FE10BD386700203A6700208B
:1031A000F8B5914C6379DFB2002B00D1D8E000274D
:1031B0006771A06AE16A226D636DF7F70FFE230065
:1031C000A062E1629433A06AE16A1E6823009A3328
:1031D0001D88F8F705FBAD007051A06AE16AA26B8B
:1031E000E36B2500F5F738F901268335B84200D1A5
:1031F0008EE0230082331E70A06AE16AA26BE36B4B
:10320000F5F720F9B84200D182E0FFF791FF774B44
:103210002F701B78BB421AD0754B1B78BB4216D05F
:1032200000220023A265E365230078331F80FFF7A7
:103230007BFE704B1B78BB4200D167E06E4B1B7866
:10324000BB4200D162E0FA20400001F0DDFC052025
:1032500001F0DAFCFDF764FC230083331B78002BBC
:1032600027D0664B1B78002B23D0A06AE16A226A24
:10327000636A2500F5F7E0F87A3500284AD0A06A9D
:10328000E16AA26CE36CF6F7C3FAA065E16500227F
:10329000A06DE16D5A4BF7F7BBFAF5F79BF92300E8
:1032A00080B27833188000220023226663660023F0
:1032B0002B80230083331B78002B26D04B4B1B78AD
:1032C000002B22D0A06AE16A226A636A2500F5F722
:1032D000B3F87835002830D000220023A265E365DA
:1032E00000232B80A06AE16AA26CE36CF6F790FAE7
:1032F000206661660022206E616E414BF7F788FA06
:10330000F5F768F97A3480B22080F8BD3D489CE733
:103310002E70A1E7206E616E226D636DF6F778FA6C
:10332000206661660022206E616E354BF7F770FAF9
:10333000F5F750F980B22880BBE7A06DE16D226DF2
:10334000636DF6F765FAA065E165A06DE16D002299
:103350002B4BF7F75DFAF5F73DF980B22880D4E7FB
:1033600001236371254B1E78002E1CD0A06AE16AF0
:10337000226A636A2500F5F75FF87A35002809D0DC
:10338000230080331F70226C636C22676367206F99
:10339000616FDCE7206F616F226D636DF6F738FABD
:1033A00020676167F3E7114B1B78002BADD0A06A53
:1033B000E16A226A636A2500F5F73EF8783500284D
:1033C00009D0230080331E70226C636CA266E36612
:1033D000A06EE16EBBE7A06EE16E226D636DF6F745
:1033E00017FAA066E166F3E7C06600205A63002082
:1033F000B60A00204D63002059630020D901002047
:1034000000403A40C4090000054B10B51B78002B62
:1034100001D1FFF78DFEFFF7C3FEFFF785FD10BD5D
:103420004002002010B50F4C2378002B14D0FCF77D
:103430001DF90E20FCF7BEF8618A0E2089B2FCF758
:10344000DBF80E200021FCF7F3F8FCF70DF9002360
:103450000E202370FCF788F8FFF7A2FEFFF764FD4B
:1034600010BDC046C066002070B5040004A80588E1
:10347000094E0A48346004008C3421600100903108
:103480000A60020094321360030098331D80002309
:103490009A30038070BDC04648670020C066002097
:1034A000F8B51D4B1C78002C2AD01C4B64241B78CB
:1034B000002B00D1503C1A4F012238687968FBF785
:1034C000C7FC184E012230687168FBF7C1FC164D2D
:1034D000002228686968FBF7BBFC200001F094FB20
:1034E000386801227968FBF7B3FC30680022716804
:1034F000FBF7AEFC286800226968FBF7A9FCF8BD61
:103500000A4B1B78002BD6D0044B64241B78002B6D
:10351000D1D0FA24A400CEE759630020916700209F
:1035200064000020740000205C000020D80100200E
:103530001C4BD0B51A6806000F00012A00D01B688A
:10354000FDF792FB184C00212000F9F705FC002242
:10355000164B30003900F6F75BF9154B0022F7F7F0
:1035600057F9F5F737F881B22000F9F705FC114853
:1035700001F04AFB00212000F9F7EEFB00212000BA
:10358000F9F7FAFBFDF7CCFA0B4B1B78002B07D0B1
:1035900001220A4BF5201A701978C9B2FBF7E6FA36
:1035A000D0BDC0463C020020A866002000206C4030
:1035B00000403A40B80B0000C6650020C5650020F9
:1035C000F0B5444B87B01E78002E00D078E0424A18
:1035D0001278002A00D077E016000192FDF726FA53
:1035E000F8F7F0F93D4A3E4B0092196800985A6886
:1035F000F9F784FBFDF716FB00210098F9F7ACFB07
:10360000FA2700210098F9F7B7FB002400257F0076
:10361000F8F7F4F9C31702900393013F029A039B52
:10362000A4185D41002FF3D1FA220023520020009C
:103630002900F4F769FF310005000098F9F78CFBC9
:10364000FA2401990098F9F797FB002600276400F7
:10365000F8F7D4F9C31704900593013C049A059B2D
:10366000B6185F41002CF3D121000098F9F774FBE4
:1036700021000098F9F780FBFDF7EAFAFA204000F4
:1036800001F0C2FAFA220023520030003900F4F7A8
:103690003BFF451BEB17ED185D402800F8F706F8D7
:1036A0000022104BF6F77AFCF4F794FF0E4E0F4A07
:1036B0000F4B3060954209DD0120187007B0F0BD56
:1036C00000230C4E019389E70A4BFBE702201C7094
:1036D000F4E7C046D90100205A630020A866002004
:1036E0003400002000408F40846700201027000035
:1036F0008F67002045330000282210B500210548BF
:1037000003F08AFF0022044BDA725A715A729A72DD
:1037100010BDC04695670020BC050020F8B5050027
:103720000024FBF743FE80260227285DFBF748FEB6
:10373000002C05D10E4B220018685968FBF788FB56
:103740000C4B9A683242FCD09A683A42FCD09A6894
:103750003242FCD1002C07D1054B01221868596870
:10376000FBF776FB0134E0E701340C2CDDD1F8BD2A
:103770009400002000300140F0B589B0029203931C
:10378000029B01901800039B00225B0059082F4BFD
:10379000F7F73EF8002300220692079306AA0400DA
:1037A0000D0003F0D7FF2A4A2A4BF4F75FFE0028EA
:1037B00007D0069807990022274BF6F729F804004E
:1037C0000D0029002000F7F735FF0A210600F4F765
:1037D00037FD6421C4B23000F4F732FD0A27FA2124
:1037E000C3B204937B43E31A7C431B01341B1C19B3
:1037F000E3B2890030000593F4F722FD1749C5B202
:103800003000F4F71DFD3B00C4B26343EB1A7D4367
:10381000049A1B01551B124930005D19F4F710FD85
:10382000474302980399E41B00220023EDB2E4B25F
:10383000F4F708FE002801D0103CE4B2019B059A81
:103840005D709A701C7009B0F0BDC0460000244045
:10385000CDCCCCCCCCCCEC3F0000F03F102700000E
:10386000A0860100F0B51C0085B0630001905908E6
:103870001000234B0022F6F7CBFF00230022029218
:10388000039302AA04000D0003F064FF1D4A1E4BBF
:10389000F4F7ECFD002807D00298039900221B4B97
:1038A000F5F7B6FF04000D0029002000F7F7C2FE6F
:1038B0000A210500F4F7C4FC0A27C4B264212800D9
:1038C000F4F7BEFC3B00FA21C6B27343E31A7C4313
:1038D0001B012C1B1C19019B28005C708900F4F74C
:1038E000AFFC0B49C4B22800F4F7AAFC7843674345
:1038F000201A019BF61B00018019187005B0F0BD5D
:1039000000002440CDCCCCCCCCCCEC3F0000F03F30
:1039100010270000F0B58BB0039310AB029204CBDC
:1039200007AC1F8812AB1B78009001910492002114
:103930000C222000059303F06FFE7BBA2000638009
:103940000025FFF7EBFE07ACAF4218DC0C2200218C
:10395000200003F061FE059A2B23002A00D00433D7
:103960002000E37023716371FFF7D8FE174B1868CE
:103970005968FBF772FA0028F8D10BB0F0BDF023BC
:103980002370049BAE009859F7F7E2FE0B0006A9DE
:103990000200481DFFF7F0FE009B6A009B5A0135AC
:1039A0005BBAA380019B9B5A5BBAE380029B985948
:1039B000F4F7F8FD039B40BA20819859F4F7F2FD23
:1039C00040BA60812000FFF7A9FEBCE78C00002010
:1039D00070B50024044D2E78285DFBF7CFFC230042
:1039E00001349E42F8DA70BD9567002070B50E4C28
:1039F0000E4DE37928000233DBB22372E3792B709A
:103A0000E179E679C9B2F9F755F9F6B2A855E67940
:103A1000F9F758F9F6B2AE197070217A2800C9B2D8
:103A2000FBF7B8FC70BDC046BC050020BD67002098
:103A300010B50B4A0B4B5178597091789970D27828
:103A4000DA7053221A7101325A71073A9A714C3A5C
:103A5000DA71054B0732DA71FFF7C8FF10BDC046B7
:103A600095670020BD670020BC0500200C22064B96
:103A700010B506485A70FAF712FD0822044BDA71A5
:103A8000FFF7B4FF10BDC046BD670020BF67002030
:103A9000BC0500200722064B10B506485A70FAF7FD
:103AA000E1F91222044BDA71FFF7A0FF10BDC04606
:103AB000BD670020BF670020BC0500200822064B20
:103AC00010B506485A70FAF70FFA1222044BDA7151
:103AD000FFF78CFF10BDC046BD670020BF67002008
:103AE000BC05002013226F210D4B10B55A702E32E9
:103AF0009A700D32DA700C3A1A7111325A71123210
:103B00009A710932DA715972053203311A72DA7216
:103B10009972044B673ADA71FFF768FF10BDC0462F
:103B2000BD670020BC050020052310B5054C63705F
:103B3000FAF7A7FD0322044BA070DA71FFF756FFD6
:103B400010BDC046BD670020BC0500202E2310B567
:103B5000054C6370FAF786FE0322044BA070DA71FD
:103B6000FFF744FF10BDC046BD670020BC05002024
:103B70000B2310B5054C6370FAF79BFD0322044B31
:103B8000A070DA71FFF732FF10BDC046BD6700209C
:103B9000BC050020062310B5054C6370FAF781FDC3
:103BA0000322044BA070DA71FFF720FF10BDC0465E
:103BB000BD670020BC0500200A2310B5064C6370C9
:103BC000FAF712F90422030AA370044BE070DA71C9
:103BD000FFF70CFF10BDC046BD670020BC050020EC
:103BE000092310B5054C6370FAF753FD0322044B0B
:103BF000A070DA71FFF7FAFE10BDC046BD67002065
:103C0000BC0500201FB514230F4C0F2268460F4936
:103C1000637003F096FD002202236946895C080068
:103C200020385E2801D8E154013301320F2AF4D143
:103C3000102B02DC023AE2540133054ADBB2D371A5
:103C4000FFF7D4FE1FBDC046BD670020788E010877
:103C5000BC050020152310B5054C6370FAF775F903
:103C60000322044BA070DA71FFF7C0FE10BDC046FE
:103C7000BD670020BC05002010B5024B9878FAF70C
:103C80005DF910BD956700200D2310B5064C6370DB
:103C9000FAF71FFDA070FAF724FD0422034BE07031
:103CA000DA71FFF7A3FE10BDBD670020BC05002040
:103CB0001B2310B5054C6370FAF703FD0322044B78
:103CC000A070DA71FFF792FE10BDC046BD670020FC
:103CD000BC050020172310B5054C6370FAF7F0FD02
:103CE0000322044BA070DA71FFF780FE10BDC046BE
:103CF000BD670020BC0500200222054B10B55A709C
:103D000000229A70034B0332DA71FFF76FFE10BD89
:103D1000BD670020BC050020122310B5094C63705C
:103D2000FAF7A7FC084BA070012805D118740322EC
:103D3000DA71FFF75BFE10BD0228F8D100221A7479
:103D4000F5E7C046BD670020BC0500201D2310B567
:103D5000094C6370FAF705F9084BA070012805D1EA
:103D600058740322DA71FFF741FE10BD0228F8D122
:103D700000225A74F5E7C046BD670020BC0500204C
:103D800070B518220125054B054C9D705A70032310
:103D9000E371FFF72BFE257170BDC046BD670020A3
:103DA000BC050020014B18607047C0460068002029
:103DB000002370B5CA0F521852100139934200DB2C
:103DC00070BDCC1A065DC55CC65401330555DBB227
:103DD000F4E710B50B0A017043700B0C090EC170AB
:103DE00083700421FFF7E4FF10BD00003E23F0B50F
:103DF0008E4F85B0FB71FB798D4C23701623637059
:103E00008C4B1D682B782E00A3702B0038331B7849
:103E10006A781B019B18E3702B0080331A685B687B
:103E200000920193009801990022834BF4F704FB60
:103E30003936002803D13378022B00D8D4E042234E
:103E40002371853363713833A371823BE371286931
:103E50006969F7F7C5FC794B011C1800FFF7B9FF3A
:103E6000286A696A764B1B780093002B00D1C5E065
:103E700042232373853363733833A373823BE37325
:103E8000009B286B696B002B00D1BFE04223237499
:103E9000853363743833A374823BE374337803AEA1
:103EA00023752B003A331B7863752B003B331B784B
:103EB000A3752B00883318685968F4F78BFB80B220
:103EC000030AE37520762A6C6B6C3000FFF7CAFC9E
:103ED0002800338848305BBA72780380594B3178B8
:103EE0001888A276617680B2F7F70EFC02000B000C
:103EF0003000FFF7B7FC2800338858305BBA72787F
:103F00000380514B3178300022771A685B68E17684
:103F1000FFF7A8FC2800338868305BBA72783178E4
:103F200003804A4B6177A2771868596828666966EA
:103F3000F4F750FB2A0080B2030AE377631CD877BA
:103F4000434B70321B889BB21380190AA21CD17795
:103F5000E21CD3772B002A0072331B887432190AB3
:103F60001380221DD177621DD3773A4B1868F4F77E
:103F700019FB2B0080B278331880020AA31DDA7770
:103F8000E31DD8772B002A007A331B887C321380FC
:103F90002200190A0832D1772200283213702B0030
:103FA00022007E331B7829321370009BA86AE96ACD
:103FB000002B33D0230042222A331A70230085328B
:103FC0002B331A70230038322C331A707D232D3492
:103FD00023707F35FA79204B2978D154FFF706FDFD
:103FE00000233B7105B0F0BD00980199F7F7F8FB8D
:103FF0001A4B011C1800FFF7ECFE28E7F7F7F0FB5F
:10400000174B011C1800FFF7E4FE39E7F7F7E8FB50
:10401000144B011C1800FFF7DCFE3FE7F7F7E0FB4D
:10402000114B011C1800FFF7D4FED2E7BC0500209D
:10403000BD6700200068002000002E40C5670020FA
:10404000646700207C6700203002002018020020F6
:104050007E67002070670020BC670020C1670020D9
:10406000C9670020CD670020E7670020014B187961
:10407000C0B27047BC05002010B5054B98780128E8
:1040800002D1F9F745FE01E00228FAD010BDC04682
:104090009567002010B5044B9878431E072B01D874
:1040A000F9F73CFE10BDC0469567002010B5054BE2
:1040B0009878092803D80020F9F736FE01E0F028A7
:1040C000FAD910BD9567002010B5034BD9789878C0
:1040D000F9F77CFE10BDC0469567002010B5024878
:1040E000FAF7C7F910BDC0469767002010B5054B19
:1040F0009878012802D1F9F729FE01E00228FAD0C8
:1041000010BDC0469567002010B5044BDC78987848
:10411000F9F722FE2000F9F725FE10BD9567002073
:1041200010B5024B9878FAF733F910BD9567002067
:1041300010B5024B9878FAF733F910BD9567002057
:1041400010B5024B9878FAF732F910BD9567002048
:1041500010B5024B9878FAF731F910BD9567002039
:1041600010B5024B9878FAF730F910BD956700202A
:1041700010B50248F9F745FE10BDC046976700200C
:1041800010B50248F9F750FE10BDC04697670020F1
:1041900010B50248F9F78AFE10BDC04697670020A7
:1041A00010B5F9F7DEFE044B012801D1587410BD9B
:1041B00000225A74FBE7C046BC05002010B5064B30
:1041C0009878012802D1F9F7B3FE01E00228FAD06D
:1041D000FFF7E6FF10BDC0469567002010B5084BFD
:1041E0009C782000FAF7C6F8012C03D10B22054B6E
:1041F0001A7010BD022CFCD10D22024BF8E7C0460C
:10420000956700204102002010B5024B9878FAF71C
:10421000B8F810BD956700201E2310B5054C6370DB
:10422000FAF704FB0322044BA070DA71FFF7DEFB00
:1042300010BDC046BD670020BC0500202F2310B56F
:10424000054C6370FAF76AFA0322044BA070DA7126
:10425000FFF7CCFB10BDC046BD670020BC050020A9
:10426000094B10B518695969F7F7BAFA074B011CE1
:104270001800FFF7AEFD1022054B5A70054B0A3AA5
:10428000DA71FFF7B3FB10BDD8090020BF6700202B
:10429000BD670020BC050020262010B5FF30FAF7CE
:1042A00047FC0400FEF778FA022C07D1FEF784FBE6
:1042B000044B18615961F7F793FA10BDFEF7C0FA85
:1042C000F6E7C046D8090020112310B5064C6370EC
:1042D000FFF776F90322054BA070DA71FFF786FB32
:1042E0000122034B1A7010BDBD670020BC050020E1
:1042F0009067002030B585B06846FAF775F900235D
:1043000001211A0015486C46E55CC45CA54200D04A
:104310000A0001330E2BF6D100239A4202D0FAF79D
:1043200070F9FF230E4C3322A370D020FF2362705C
:1043300000211A004000FAF778F9FF23E070A2206C
:104340001A000021FF30FAF770F90522054B2071A1
:10435000DA71FFF74BFB05B030BDC046788E01081F
:10436000BD670020BC050020342310B5054C6370E8
:10437000FAF7DCF90322044BA070DA71FFF736FB81
:1043800010BDC046BD670020BC050020362310B517
:10439000054C6370FAF7D4F90322044BA070DA716C
:1043A000FFF724FB10BDC046BD670020BC05002000
:1043B000372310B5054C6370FAF7CBF90322044B91
:1043C000A070DA71FFF712FB10BDC046BD67002078
:1043D000BC050020382310B5054C6370FAF7C2F90C
:1043E0000322044BA070DA71FFF700FB10BDC0463A
:1043F000BD670020BC050020392310B5054C637053
:10440000FAF7B9F90322044BA070DA71FFF7EEFA5C
:1044100010BDC046BD670020BC050020F8B5AE4DFC
:10442000AE4C2B78280063716B786372637902332A
:10443000DBB2A37163796179EE5CC9B2F8F73AFC3B
:10444000864206D16379EB185E78F8F73BFC86422A
:1044500002D0FFF751F9F8BD6379052B13D1637AC8
:10446000412B10D16B78412B0DD1AB784E2B0AD15B
:10447000EB78422B07D12B790D2B04D10122984BDD
:104480001A70FFF7D5FA627AD3B2012A00D08CE015
:10449000AA78A272A17ACAB2012914D1914B1A70DA
:1044A000914B1A70914B1A70A37A052B2AD1904A1E
:1044B000043B13708F4A13708F4A13708B4A13702A
:1044C000FFF786FAC5E7A27A032A03D1854A13705B
:1044D0008A4A05E0A27A022A05D1824A1370854AE7
:1044E0001370854A05E0A27A042A06D1804A137027
:1044F0007D4A13707D4A1370D6E7A27A062AD3D17B
:104500007B4AE4E7A37A812B05D1764B01221A700E
:10451000754B1A70D4E7A37A832B06D1714A823B7C
:104520001370764A1370744AC9E7A37A822B04D1B8
:104530006C4A813B13706F4AF4E7A37A842B01D154
:104540006B4BE3E7A37A862B02D1694A853BE7E709
:10455000A37A852B02D1664A843BEBE7A37A072B2B
:1045600002D0A37A082B0ED10124654B1C70FAF7F8
:10457000F9F85F4BA04200D05A4B1C705A4B1C708C
:104580005A4B1C709CE7A37A872B02D0A37A882B06
:1045900096D101245A4B1C70FAF7E4F8544BA04210
:1045A00000D0504B1C70504BEBE7637A022B03D1C9
:1045B000544B00221A704CE7637A2E2B08D1A37A51
:1045C000002B02D0A878F9F7FFFFFFF7BFFA40E70A
:1045D000637A052B0AD1AB78A372A37A002B02D1A0
:1045E000FFF7A2FA35E7FFF755FDF9E7637A062BE7
:1045F0000BD1AB78A372A37A002B03D0A07AC0B200
:10460000F9F798FBFFF7C6FA23E7637A072B12D175
:10461000AB78A3726379032B06D1A37A002B00D069
:1046200017E7FFF737FA14E76379122B00D910E781
:10463000FFF7A6FDF5E7637A082B12D1AB78A372DA
:104640006379032B06D1A37A002B00D001E7FFF793
:1046500035FAFEE66379122B00D9FAE6FFF798FDEA
:10466000F5E7637A092B0AD1AB78A372A37A002B02
:1046700002D1FFF7B5FAECE6FFF718FDF9E7637A28
:104680000A2B12D1AB78A3726379032B06D1A37ADC
:10469000002B00D0DDE6FFF78FFADAE66379042B12
:1046A00000D0D6E6FFF710FDF5E7637A0B2B2BD190
:1046B000AB78A372A37A002B0AD0A37AD8B2012BCD
:1046C00002D1F9F73DFB03E0A37AD8B2022BF8D070
:1046D000FFF74EFABDE6C04695670020BC050020F6
:1046E0003D010020946700208D670020886700202E
:1046F000936700208B670020896700208A6700206D
:104700009267002040020020637A0C2B12D1AB7814
:10471000A3726379032B06D1A37A002B00D098E60D
:10472000FFF7A4F995E66379082B00D091E6FFF72F
:10473000D5FCF5E7637A0D2B10D1AB78A372A37A81
:10474000002B04D0A37A012B04D1FFF7DDFCFFF787
:104750009BFA7EE6A37A022BF9D1F6E7637A0E2B59
:1047600003D1AB78A372A37A73E6637A0F2BF8D0E8
:10477000637A102B0FD1AB78A372A37A002B00D0F1
:1047800067E6FFF789FDF6F7E3FFBB4C2061616147
:10479000FFF766FD5DE6637A112B08D1AB78A37253
:1047A000A37A002B00D054E6FFF78EFD51E6637A22
:1047B000122B10D1AB78A372A37A002B04D0A37A6A
:1047C000012B04D1FFF758FCFFF7A6FA41E6A37AC4
:1047D000022BF9D1F6E7637A1D2B10D1AB78A372C7
:1047E000A37A002B04D0A37A012B04D1FFF7E6FCB7
:1047F000FFF7ACFA2DE6A37A022BF9D1F6E7637A3C
:10480000132B08D1AB78A372A37A002B00D020E63B
:10481000FFF768F91DE6637A142B08D1AB78A37211
:10482000A37A002B00D014E6FFF7ECF911E6637AC7
:10483000152B0CD1AB78A372A37A002B04D0637A2A
:10484000002B01D0FFF718FAFFF704FA01E6637AAC
:10485000162B08D1AB78A372A37A002B00D0F8E511
:10486000FFF7C4FAF5E5637A172B08D1AB78A3728A
:10487000A37A002B00D0ECE5FFF72CFAE9E5637A88
:104880001B2B10D1AB78A372A37A002B04D0A37A90
:10489000012B04D1FFF72AFCFFF70AFAD9E5A37A26
:1048A000022BF9D1F6E7637A1C2B06D163790E2B24
:1048B00000D0CEE5FFF75CFCCBE5637A1E2B10D170
:1048C000AB78A372A37A002B04D0A37A012B04D176
:1048D000FFF784FCFFF7A0FCBBE5A37A022BF9D11C
:1048E000F6E7637A2F2B10D1AB78A372A37A002B53
:1048F00004D0A37A012B04D1FFF786FCFFF79EFCBE
:10490000A7E5A37A022BF9D1F6E7637A1F2B09D129
:104910005A4B9B78A372A37A002B00D199E5F7F745
:104920000BFACDE5637A242B07D1544B9B78A37205
:10493000A37A002B00D18CE5C2E5637A504C252B7D
:10494000F3D0637A282B1AD14C4B01229B78F420A8
:10495000A37200231900F9F768FE431E9841494BE2
:10496000C0B21870002301221900F520F9F75DFE8E
:10497000431E9841444BC0B21870A37AA0E5637AF5
:10498000312B02D1F9F766FD9AE5637A322B01D11A
:104990003E4B0EE6637A332B0FD1384B9A78A272D6
:1049A000A27A002A06D0A27A012A03D11979D878EE
:1049B000F9F72EFEFFF79EFC4BE5637A342B0AD104
:1049C0002E4B9B78A372A37A002B01D0FFF7A8FB94
:1049D000FFF7CAFC3DE5637A352B3FD10125002462
:1049E00000260027F7F7E0F9294B1D70F7F7A4F927
:1049F000F7F7CEF90020F9F704FD224BF4201C70E4
:104A00001978C9B2FAF7B2F81F4BF5201C70197863
:104A1000C9B2FAF7ABF8FCF791FEFCF79BFEFCF786
:104A2000A5FEFCF7B9FEFCF7CFFE2000F9F7E2FC8B
:104A3000184B1C70FCF7BCFE174B1E605F60F9F74B
:104A4000EFFB164B1E605F60F9F75CFC144BFA201D
:104A50001D701978C9B2FAF789F831E5637A362BF7
:104A600020D1064B9B78A372A37A002B01D0FFF7CD
:104A70005FFBFFF78BFCECE4D80900209567002072
:104A8000BC050020C7650020C56500203C01002052
:104A9000AF650020F00A0020C8030020300200208B
:104AA000C4650020637A372B0AD1144B9B78A3721C
:104AB000A37A002B01D0FFF743FBFFF779FCC8E492
:104AC000637A382B0AD10D4B9B78A372A37A002B03
:104AD00001D0FFF73DFBFFF77DFCBAE4637A392B89
:104AE00000D0B6E4054B9B78A372A37A002B01D0CB
:104AF000FFF736FBFFF780FCABE4C046956700206C
:104B000010B5044B0A000100180002F01AFEFFF76E
:104B100085FC10BD956700200D488546FCF756FAC8
:104B20000C480D490D4A002302E0D458C450043308
:104B3000C4188C42F9D30A4A0A4C002301E01360DE
:104B40000432A242FBD302F0D5FDFAF7D7F9FEE713
:104B50000090002000000020A4020020E08F010847
:104B6000A802002054690020FEE7000070B5104B39
:104B700005001978002901D1012070BDFA208000BC
:104B8000F3F7D4FA0B4C01002068F3F7CFFA00F0EA
:104B900083F8041EF0D1032DEED802000120290075
:104BA000404200F043F8044B20001D60E5E7C0469A
:104BB0004202002040010020440200208023084AD5
:104BC0005B00116810B50B4300201360FFF7CEFFA8
:104BD000041E03D1FBF710FD200010BD0124FBE7EC
:104BE00000200240034A044B11681B785B181360D5
:104BF0007047C0460468002042020020014B18683C
:104C00007047C0460468002070B50400FFF7F6FF47
:104C10000500631C02D0044B1B78E418FFF7EEFF7D
:104C2000401BA042FAD370BD4202002010B5FF2401
:104C300003220B0021000240D20091409B0123403F
:104C4000C943934000280ADBC0240B4A8008800037
:104C50008018A40002590A401343035110BD0F22CB
:104C600010400838054A800880008018C269114049
:104C70001943C161F2E7C04600E100E000ED00E049
:104C8000002805DB1F2318401E3B8340014A1360A8
:104C90007047C04600E100E08022431E520401201C
:104CA00093420DD2C021074A07485360036A0906A0
:104CB0001B021B0A0B430362002007239060136052
:104CC0007047C04610E000E000ED00E0F0B5846CF5
:104CD000C56C6560046D002C02D0446D856D656007
:104CE0001C24056C084E25401B3CAC4077683C43B7
:104CF0007460046863608368102B02D1A260E16075
:104D0000F0BDA160E260FBE70000024010B50400C6
:104D1000036C094A9B089B189B004364006814219C
:104D2000C0B20838F3F702FA044BA3641F231840FB
:104D30001E3B8340E36410BD0082001080080240E7
:104D4000F8B504000120002C46D02568254B14211D
:104D5000E818F3F7EBF902238000A61D2064F3772F
:104D60002B68214AA76813402B60E36821693B4305
:104D70000B4361692A680B43A16920000B43E16979
:104D80000B43216A0B4313432B60FFF7BFFF8023C4
:104D9000DB019F4201D1002363603F236268616CA5
:104DA00013400B60E06CA16C013A4860032A14D8F0
:104DB0000E4A0F4899180122013B9A40A265130040
:104DC00000228900216560650A604360002001239C
:104DD000E0630534F377E077F8BD0023236563656E
:104DE000A365F3E7F8FFFDBF0F80FFFF3F820010D0
:104DF00040090240F7B5451D0193EE7F04000220F3
:104E0000012E33D00138E877A71DFE7FB4466346F4
:104E1000F6B200960026834230D10130F87725683B
:104E2000E6632868009B98432860019B2000FFF7F9
:104E30004DFF236BB3421AD00E232A6813432B6015
:104E4000636C1A68D20304D58022196852000A43A1
:104E50001A60236D002B04D08022196852000A4387
:104E60001A60012300202A6813432B60FEBD042230
:104E70002B6893432B602A680A23DFE78023E363D0
:104E8000EE77F3E7F0B5002808D0841DE37F411DDD
:104E9000022B05D00423C3630023CB770120F0BD90
:104EA0000E250268466C1368AB4313603368104DDF
:104EB0002B403360012316689E431660026C1B333F
:104EC0001A401B3B93400B4E77683B437360C26CA8
:104ED000836C5A60036D002B05D01A682A401A6053
:104EE000436D826D5A6001230020E377C877D6E7CF
:104EF000FFFEFFFF00000240F8B5811DCB7F022BB3
:104F000003D00423C3630120F8BD0E2402681C27CC
:104F10001368456CA3431360012314689C43146019
:104F20002A68104C22402A60026C0F4D3A40934090
:104F30006E6833436B60C26C836C5A60036D002BE8
:104F400005D01A6822401A60436D826D5A600123B1
:104F50000022CB77431DDA77836B934200D09847CA
:104F60000020D1E7FFFEFFFF00000240F8B51C243F
:104F70000427016C264A21403C008C4016680368D7
:104F80001D6826420FD03D420DD01968890602D413
:104F90001968B943196053681C43036B5460002BB4
:104FA0001BD0984719E002273C008C40264215D0C0
:104FB0003D4213D01968890606D40A251968A94309
:104FC00019600121831DD97753681C435460002266
:104FD000431DDA77C36A9342E3D1F8BD0824270062
:104FE0008F403E42F9D02542F7D00E251C68AC43D5
:104FF0001C6001231D008D4029005468214351602D
:10500000821DC363D3770022431DDA77436BE2E747
:10501000000002400023F0B585B00A681400DC40AF
:1050200001D105B0F0BD012514009D402C40009435
:105030002A4200D191E04A685F0094460322644608
:1050400022400324BC40E4430194541E012C2ED87A
:105050008668019C2640CC68BC4034438460446828
:105060000126AC4325006446240934409C402C436F
:105070004460C568019C25408C68BC402C43C460DA
:10508000022A16D107250F261D40AD00AE40DC08D0
:10509000A40004190294246A03962600039CA643E4
:1050A00034000E69AE402643029C266201E0032ACA
:1050B000DFD1BA400468019D25402A43C024026024
:1050C0006246A402224248D0254A03259C08A40037
:1050D000A4180F221D40ED00AA40A027266EFF0550
:1050E00096430022B8420CD01E4F0132B84208D07D
:1050F0001D4F0132B84204D01C4F0332B84200D1D8
:10510000023AAA40674632432266154C009A266846
:10511000009DD2433543FF0201D435001540674658
:1051200025606668009D3543BF0201D435001540F7
:10513000674665600E4C009DE66F3543BF0301D4A2
:10514000350015406746E5670A4C009EE56F2E4323
:10515000FF0301D415402E00E66701335DE7C0462A
:10516000001802400004005000080050000C0050DD
:10517000081802400418024000690840431E984184
:10518000C0B27047002A01D0816170478162FCE79C
:1051900070B504000120002C3FD0250041352B784C
:1051A000DAB2002B05D12300403320001A70FBF740
:1051B0003BFA242301212B702368E0681A68A66853
:1051C0008A431A601A4962680A401A619A68194942
:1051D0000A409A60012821D18022120232439A604B
:1051E0005868154A02435A60DA6800200A40DA60BB
:1051F000616922690A43A16909020A43DA60216AE6
:10520000E2690A431A60012219680A431A602023DE
:1052100060642B7020634234207070BD84221202BF
:1052200032439A600228DBD1802212015A60D7E70C
:10523000FFFFFFF0FF7FFFFF00800002F0B50400DA
:105240004134227803000F000220D6B2202A18D160
:105250001D0040352A78012A13D0242222701B68B1
:10526000233A1968074891431960196801400020E2
:10527000196019683943196019680A431A60267061
:105280002870F0BDFFEFFFFF0200F0B54132147847
:105290000300E5B20220202C17D11C0040342678F0
:1052A000012E12D0223010701B6823381E68074F61
:1052B00086431E601E6809023E403143196019682A
:1052C00008431860002015702070F0BDFFF0FFFF4C
:1052D0008023034A5B0011680B4313607047C0468C
:1052E0000070004010B5114C1149236802000B40BA
:1052F00003432360802300209B009A420ED10D4B74
:105300000D49186806235843F2F710FF8022431C0A
:10531000D200616908001040114200D110BD002B7D
:1053200001D0013BF5E70320F8E7C04600700040DC
:10533000FFF9FFFF4001002040420F00F0B50400DC
:1053400085B0002802D1012005B0F0BD0368DB075D
:1053500010D423689B075CD423681B0700D5C1E0E9
:1053600023685B0700D5F2E0E369002B00D079E108
:105370000020E9E73822AF4DAB681340EA68102BF4
:1053800009D1D3439B0708D12B689B03E1D5636800
:10539000002BDED1D7E7082BF6D0802263685202BB
:1053A000934211D12A6813432B60FFF727FC802713
:1053B0000600BF022B683B42CBD1FFF71FFC801BCE
:1053C0006428F7D90320BFE7A021C9028B4208D186
:1053D00080232968DB020B432B602B681A432A6069
:1053E000E3E72A6894490A402A602A6893490A40F8
:1053F0002A60002BD9D1FFF701FC80270600BF02ED
:105400002B683B42A5D0FFF7F9FB801B6428F7D936
:10541000D8E73822874DAB681340EA68102B28D1B3
:1054200003210A40022A26D12A68520503D5E268E0
:10543000002A00D187E76968626981481202014049
:105440000A436A60002B0CD12B687E4A7E491340C8
:10545000226913432B602B687C4A9B045B0FDA4064
:105460000A607B4B1868FFF781FB002800D173E7C7
:1054700069E7002BD8D0E368002B20D02B68714A55
:10548000802713402269FF0013432B6080232A6882
:105490005B0013432B60FFF7B1FB06002B683B4218
:1054A00007D06A68636966491B020A4013436B6050
:1054B00052E7FFF7A3FB801B0228EFD982E72B6896
:1054C000644A802713402B60FFF798FB0600FF001B
:1054D0002B683B4200D13FE7FFF790FB801B02287F
:1054E000F6D96FE73822534DAB681340182B08D11B
:1054F0002B6E9B0700D433E7A369002B00D02FE766
:1055000021E7A2690123002A10D02A6E0227134343
:105510002B66FFF773FB06002B6E3B4200D01FE7A4
:10552000FFF76CFB801B0228F6D94BE72A6E022797
:105530009A432A66FFF762FB06002B6E3B4200D1BE
:105540000EE7FFF75BFB801B0228F6D93AE738220B
:10555000384DAB681340202B08D1EB6D9B0700D46E
:1055600002E7A368002B00D0FEE6ECE680220021D3
:10557000EB6B52050091134208D1EB6B1343EB63C5
:10558000EB6B13400393039B012300938027324E60
:105590007F0033683B4215D0A368012B22D1EA6D0E
:1055A0001343EB65FFF72AFB02270600EB6D3B4236
:1055B00038D0009B012B00D0D6E6EB6B274A134076
:1055C000EB63D1E633683B433360FFF717FB019091
:1055D00033683B42E0D1FFF711FB019BC01A022860
:1055E000F6D9EFE6EA6D052B05D1013B1343EB65D8
:1055F000EA6D0123D4E701218A43EA65EA6D0331AC
:105600008A43EA65002BCDD1FFF7F8FA022706009E
:10561000EB6D3B42CDD0FFF7F1FA114B801B984266
:10562000F6D9CFE6FFF7EAFA0D4B801B9842BDD9B9
:10563000C8E6C04600100240FFFFFEFFFFFFFBFF71
:10564000FF80FFFFFFC7FFFF400100200024F400A0
:1056500044020020FFFEFFFF00700040FFFFFFEF4D
:10566000881300003821434DAA680A40102A53D0FD
:10567000414A022B3AD12B68802713402B60FFF759
:10568000BDFA0600BF042B683B4229D1616A236A38
:10569000EA680B43394980260A401343E26AB6049C
:1056A0001343226B1343626B1343A26A1202134328
:1056B000EB6080232A685B0413432B608023EA6835
:1056C0005B051343EB60FFF799FA04002B68334244
:1056D00000D04DE6FFF792FA001B0228F6D971E6DA
:1056E000FFF78CFA801B0228CDD96BE62B68802649
:1056F00013402B60FFF782FA0400B6042B68334294
:1057000004D1EB681E4A1340EB6031E6FFF776FAEE
:10571000001B0228F2D955E6012B00D113E6032223
:10572000E868216A02408A4200D00CE67022616A71
:1057300002408A4200D006E6FE21A26AC901014069
:105740001202914200D0FEE5F822E16A9203024083
:105750008A4200D0F7E5E022216B120502408A421E
:1057600000D0F0E5636B400F4007C01A431E98411C
:10577000C0B2E9E500100240FFFFFFFE8C80C111BE
:10578000FCFFFEEE382370B51D4CA2681A4205D10D
:1057900023681C489B045B0FD84070BDA2681A4068
:1057A000082A27D0A2681A40102A17D1E368E168B6
:1057B000DB43E5684906490F6F322D0A0131154078
:1057C0009B0709D11048F2F7B1FCE1686843490F23
:1057D0000131F2F7ABFCE0E70A48F4E7A2681A40AF
:1057E000202A09D0A26800201340182BD5D1FA2016
:1057F000C001D2E70448D0E780200002CDE7C046D0
:10580000001002400024F40000127A00F7B50400F2
:105810000D00002801D10120FEBD0727484E336846
:105820003B408B422AD3226893073BD4D20748D40B
:10583000072733683B40AB420AD93368BB432B434D
:105840003360FFF7DBF9019033683B40AB4268D12E
:1058500023683C4D5B076CD4FFF794FFAB683A4973
:105860001B051B0F9B005B581F210B40D840374A7C
:10587000374B10601868FFF779F9CDE73368BB4301
:105880000B433360FFF7BAF9019033683B40AB42FA
:10589000C9D0FFF7B3F9019BC01A2E4B9842F4D937
:1058A0000320B9E72749530704D5E0238868DB01C3
:1058B00003438B608B6828480340A06803438B60D8
:1058C000B4E760681F4F032829D8F2F71BFC2002B9
:1058D0001C243B689B039ED50722BB68934303436C
:1058E000BB60FFF78BF901903823BA681A406368F0
:1058F000DB009A429CD0FFF781F9019BC01A154B3F
:105900009842F1D9CCE73B689B01E5D483E73B683B
:105910005B05E1D47FE73B6E9B07DDD47BE7FB6D46
:10592000FAE7FFF76BF9019BC01A0A4B98428BD933
:10593000B6E7AB68094A1340E2681343AB608BE7F4
:105940000020024000100240388E01084001002073
:105950004402002088130000FFF0FFFFFF8FFFFFCD
:10596000064B07499B68074A5B045B0F9B005B582B
:105970001F2110680B40D8407047C04600100240FD
:10598000188E010840010020F0B50368040085B0BE
:1059900000209B0352D58022704D5205EB6B009086
:1059A000134208D1EB6B1343EB63EB6B1340039390
:1059B000039B012300938027694E7F0033683B439C
:1059C0003360FFF71BF9019033683B4228D0EA6D42
:1059D000C02310009B00216B624E18401A4218D061
:1059E000814216D08022EB6DE86D1900520202430D
:1059F000EA65EA6D5C4831400240EA65E965DB072B
:105A000007D5FFF7FBF807000222EB6D134200D128
:105A10009CE0EB6D226B334013430020EB6506E006
:105A2000FFF7ECF8019BC01A0228CDD90320009B98
:105A3000012B03D1EB6B4D4A1340EB632368DA076C
:105A400006D5032545494A6DAA4365682A434A6538
:105A50009A0706D50C2541494A6DAA43A5682A43F1
:105A60004A65DA0606D53D49414D4A6D2A40E5684A
:105A70002A434A659A0506D538493E4D4A6D2A4063
:105A8000A5692A434A655A0506D534493A4D4A6DF7
:105A90002A40E5692A434A659A0606D52F49374DBB
:105AA0004A6D2A4025692A434A655A040FD52B4975
:105AB000256A4A6D920092082A434A658022D205DF
:105AC000954204D18022CD6852022A43CA601A034B
:105AD00006D5402521494A6DAA43656A2A434A658D
:105AE0009A020FD51D49264E4A6DA56A32402A43B7
:105AF0004A658022D203954204D18022CD685204A7
:105B00002A43CA605A020DD5144D1E4E696DE26AD1
:105B1000314011436965802149048A4202D1E96814
:105B20000A43EA601B050FD50C4A6169536D164C98
:105B300023400B4353658023DB01994204D180232A
:105B4000D1685B020B43D36005B0F0BDFFF756F898
:105B50000E4BC01B984200D856E767E70010024082
:105B600000700040FFFCFFFFFFFFFEFFFFFFFFEFA5
:105B7000FFF3FFFFFFFFF3FFFFFFCFFFFFCFFFFFAD
:105B8000FFFFBFFFFFFFFFFEFF3FFFFF8813000087
:105B9000A0210268F8B5D36804008B43D360FFF7F7
:105BA0002DF8FA2705002026BF002368DB68334262
:105BB00001D00020F8BDFFF721F8401BB842F4D90E
:105BC0000320F7E7F7B5402603680500DA680024EC
:105BD000324211D18022D968FA270A43DA60FFF7EE
:105BE0000DF8BF0000902B68DB681A00324001926C
:105BF000334201D1032C01D12000FEBDFEF7FEFF90
:105C0000009B019CC01AB842EDD92B000324293314
:105C10001C70E8E7802270B50F4C0500E3689343E1
:105C2000E360A369603A134207D1FFF7B1FF002890
:105C300002D003202935287070BDA3699343A36166
:105C4000FFF7A6FF002802D0032029352870202363
:105C5000A2691343A361EFE70028004070B5040078
:105C60000120002C17D0250029352B78DAB2002B23
:105C700008D1230028331A7088231B022000636098
:105C8000FAF714FD02232B702368DA68D20603D5D5
:105C9000012300202B7070BDCA225A62773A20007F
:105CA0005A62FFF78FFF002825D1236815499A69AA
:105CB00060690A409A61A26899690243E0690243F7
:105CC0000A439A61226920001A61E2681969120484
:105CD0000A431A61FFF79EFF00280CD12268266A4A
:105CE0009369DB00DB089361636A91693343A669BA
:105CF00033430B439361FF2223685A620028C7D0C5
:105D0000C9E7C046BFFF8FFBF8B504000120002C97
:105D100067D0636A002B65D182226168520091428C
:105D200000D0E36100232500A3625D352B78DAB251
:105D3000002B05D123005C3320001A70FAF7E4FC35
:105D4000022340222B702168E6680B689343E0220F
:105D50000B60D2000023964248D9F02218001201AD
:105D6000964200D0A36282228427636852001340C7
:105D7000A2683F023A40022713432269A5693A40CC
:105D800013430122676917403B438027BF002F4020
:105D90003B43E769373217403B43276A4832174095
:105DA00080223B43A76A920117403B4310270822F9
:105DB0000B60636A2D0C3B40676B17403B43F02739
:105DC0003F013E403343042635402B4303434B60A1
:105DD000CB69084803400020CB61012320665D3475
:105DE0002370F8BD0023236163619BE7802040019D
:105DF000B6E7C046FFF7FFFFC022042313B50468CF
:105E0000D200A16808001040114200D116BDE1681F
:105E1000013B0191DBB20199002BF2D10320F5E7A0
:105E200001000300012010B53D310C78E2B284423C
:105E30001FD1001808701B68D9681143D9600E493A
:105E40008B4209D08021C9058B4205D00B498B427A
:105E500002D00B498B420DD19A680A490A40062AA2
:105E600006D007398A4203D0012219680A431A6012
:105E7000002010BD1968F9E7002C01400004004023
:105E800000400140070001000121036810B5DA68F5
:105E90008A43DA601C6A074A144206D11C6A064A21
:105EA000144202D11A688A431A6001233D300370FC
:105EB000002010BD1111000044040000704770471D
:105EC000704770470222036810B519690400114237
:105ED0000ED0D96811420BD0053A1A61043202770C
:105EE0009B699B0700D186E0FFF7E9FF002323773A
:105EF000042223681969114211D0D96811420ED0C9
:105F0000093A1A61073222779A69C0239B00200060
:105F10001A4200D175E0FFF7D2FF00232377082251
:105F20002368196911420ED0D96811420BD0113A79
:105F30001A610D322277DB6920009B0767D0FFF7DB
:105F4000BEFF00232377102223681969114210D065
:105F5000D96811420DD0213A1A6119322277DA69D3
:105F6000C0239B0020001A4257D0FFF7A8FF002350
:105F70002377012223681969114207D0D968114299
:105F800004D0033A20001A61F9F772FB80222368DB
:105F90001969114208D0D968114205D0023AFF3A76
:105FA00020001A6100F0EFF823681A69D20507D5BE
:105FB000DA68120604D51C4A20001A6100F0E4F8E1
:105FC000402223681969114207D0D968114204D0D0
:105FD000813A20001A61FFF774FF202223681969B3
:105FE000114207D0D968114204D0413A20001A6109
:105FF00000F0C8F810BDFFF761FF2000FFF760FF59
:1060000074E7FFF75BFF2000FFF75AFF85E7FFF714
:1060100055FF2000FFF754FF93E7FFF74FFF2000E5
:10602000FFF74EFFA3E7C046FFFEFFFF10B51C4C75
:106030000368A04206D08022D205904202D0194ABD
:10604000904208D1702293434A681343164A1A407B
:10605000CB6813430BE0154A9042F7D0144A9042A4
:10606000F4D0144A9042F1D0134A9042EED08022EC
:1060700093434A69134303608B68C3620B6883626E
:10608000A04208D00A4B984205D00A4B984202D051
:10609000094B984201D10B6903630123436110BD91
:1060A000002C014000040040FFFCFFFF00200040E6
:1060B00000400140004401400048014070B5040028
:1060C0000120002C23D025003D352B78DAB2002B9F
:1060D00005D123003C3320001A70FAF767FB022336
:1060E0002B702068211DFFF7A1FF22000123002053
:1060F0004832137047340A3A137053709370D37058
:10610000137153719371D371137223702B7070BD1F
:10611000F0B5040002223C34257803001000012D64
:1061200026D01D003D352A701B68124E5A689868AB
:10613000B34203D1104F3A404F683A437027BA43F5
:106140000F683A435A60B34209D08022D205934285
:1061500005D00A4A934202D0094A934204D18022D0
:1061600090438A6810439860012300202B702070B0
:10617000F0BDC046002C0140FFFF0FFF00040040AF
:1061800000400140704770477047000030B5EFF3A2
:106190001084012282F31088C02501680B68AB438C
:1061A0000B6084F31088EFF3108182F3108802688B
:1061B000044C93682340936081F310882023883037
:1061C000036030BDFFFF7FFF30B5EFF31084012285
:1061D00082F310880168134D0B682B400B6084F329
:1061E0001088EFF3108182F3108802680E4C9368D8
:1061F0002340936081F31088C36E012B0AD1EFF323
:10620000108183F31088102402681368A34313607D
:1062100081F31088030020228C331A600023C366A8
:10622000436730BDDFFEFFFFFEFFFFEF70477047A3
:106230007047704770B5846A230088331A685D68B8
:1062400023689B681B0608D5212A06D1230000225B
:10625000563320001A80FFF799FF23689B685B067E
:1062600008D5222D06D1230000225E3320001A809B
:10627000FFF7AAFF220010239032116820000B4381
:106280001360FFF7D6FF70BD806A0023020010B5CF
:106290005E321380083A1380FFF7CBFF10BD000079
:1062A000F7B50168C14DCB6904000A6888682B42C4
:1062B00010D120252B4200D19BE080267605154089
:1062C0000640354300D194E0636F2000002B00D0DE
:1062D00085E085E0B64D05400095B64D009E154021
:1062E000354300D185E0250001269035334205D0A5
:1062F000D70503D50E622F683E432E600226334237
:106300000CD0C7070AD527000E6290373E68019768
:10631000B446042667463E43019F3E60042633424E
:106320000CD0C7070AD527000E6290373E68019748
:10633000B446022667463E43019F3E600826B446A7
:10634000334209D02027009E1740374304D06646C9
:106350000E622F683E432E6080263601334206D0FF
:10636000570104D50E6220212E6831432960296827
:10637000002935D020210B420AD080235B05114033
:106380000340194304D0636F002B01D020009847CD
:1063900022682B684027966828223E401340200040
:1063A0001E4322D0FFF710FF23689B683B4218D0A2
:1063B000EFF31081012383F31088250004CD936847
:1063C000BB43936081F31088E86F002809D07A4BB3
:1063D0008363FEF791FD002802D0E86F836B984736
:1063E000F7BD2000FFF725FFFAE7FFF722FF2E6039
:1063F000F6E7E56E012D00D09FE01026334200D174
:106400009BE0324200D198E00E62896840230A0086
:106410001A40194257D0211DCA6F1068426892B2C3
:10642000002ADDD027005C373F889742D8D9270063
:106430005E373A8002682020844610400090604613
:10644000024232D1EFF3108785F3108820685B4E4B
:1064500002683240026087F31088EFF3108785F3FB
:10646000108820688268AA43826087F31088EFF35F
:10647000108785F31088206882689A43826087F3CA
:106480001088230062468C331A60009BE366EFF3AA
:10649000108085F3108822680F351368AB431360B2
:1064A00080F31088C86FFEF7EDFC022322002367FB
:1064B00023005C325E331B881188C91A89B2200020
:1064C000F8F73CFF8CE7230020005C335E3019882E
:1064D000038800889BB2002800D181E7C91A89B2DD
:1064E000002900D17CE7EFF3108785F3108820683E
:1064F000334E03683340036087F31088EFF310874F
:1065000085F3108820682F4E83683340836087F3BB
:106510001088230020208C331860E2666267EFF356
:10652000108085F31088102522681368AB43136030
:1065300080F3108802232367C1E780256D032B4277
:1065400006D0460204D520000D6200F0E7FB47E7C5
:1065500080210B4207D080252D04114028400143A3
:1065600001D0A36FB1E640210B4216D00A4214D0ED
:10657000EFF31080012383F31088226813688B43A4
:10658000136080F310882300202288331A600023D0
:106590002000A367FFF74AFE22E7190214D5510035
:1065A00012D5200000F0BCFB1AE7C0460F0800001F
:1065B000010000102001000489620108FFFEFFFFB6
:1065C000DFFEFFFFFEFFFFEFDB0100D408E7002A3C
:1065D00000DB05E7200000F0A2FB01E70123806A51
:1065E00010B50367C36E012B06D103005C33198815
:1065F0004908F8F7A3FE10BDFFF71AFEFBE70000FD
:1066000003001B6820221B6870B51900806A1140C6
:10661000134234D103005E331980EFF31085012358
:1066200083F3108804681D4E21683140216085F392
:106630001088EFF3108583F310880468A1689943EC
:10664000A16085F31088EFF3108483F31088402550
:1066500001688B68AB438B6084F3108803008C3334
:106660001A60C36E012B0AD1EFF3108183F31088F7
:10667000102402681368A343136081F31088002379
:106680000367C36E012B05D103005C331988F8F74B
:1066900055FE70BDFFF7CBFDFBE7C046FFFEFFFFD9
:1066A000F8B504002569A26823682A43656919685A
:1066B000C0692A43734D024329400A431A605A684D
:1066C0007149A5690A40E1680A4370495A608B42E2
:1066D00001D0226A15439A686D4E32402A430F2535
:1066E0009A60DA6AAA43656A2A43DA62694A93427F
:1066F00025D1694B5A6D03231A4080231B02022ABD
:1067000000D1BBE0032A00D1B2E0012A00D1A8E009
:10671000984200D17DE0FFF723F9002845D0626A56
:106720005E4B5200D15AF1F701FD65686B08C01845
:106730002900F1F7FBFC0200594B103A64E0594A7A
:10674000934212D10C22544B5B6D1340082B00D1A5
:1067500092E005D8002B00D081E080231B02D7E710
:106760000C2B00D182E0012020E04F4A9342F4D06C
:106770004E4A9342F1D08B42F5D1C0228021464B44
:1067800012015B6D090113408B4215D004D8002B18
:1067900007D1FFF7E5F806E09342E4D18026360200
:1067A0000BE0FEF7EFFF061E07D10020404BA3666B
:1067B00000236367A367F8BD3E4E626A374B520001
:1067C000D75A30003900F1F7B1FC032365686B43F9
:1067D0008342C8D82B038342C5D300233A0030003C
:1067E0001900F1F791FE0027060E0B023343020257
:1067F0006E0892197B41100019002A003B00F1F746
:1068000083FE2D4BC2182D4B9A42ACD82368D8601A
:10681000CBE7FFF7A5F80028C7D0626A1F4B5200EC
:10682000D15AF1F783FC656840006B08C018290055
:10683000F1F77CFC02001A4B103A9A4200D992E719
:106840000F23020000079A4393B2400F22680343CC
:10685000D360AAE71748E0E7FEF794FF5DE78023DF
:106860001B029842F8D1FEF78DFFD4E780231B026C
:106870009842D2D0180052E780231B029842E9D0F8
:106880000C484CE7F369FFCFFFCFFFFF00800040CB
:10689000FFF4FF110038014000100240668F01082C
:1068A000EFFF00000044004000480040004C004062
:1068B000010001000024F40000FDFFFFFFFC0F00B9
:1068C000836A30B5DA0706D50168284C4A68224049
:1068D000C46A22434A609A0706D50168244C4A6874
:1068E0002240046B22434A605A0706D50168214CB6
:1068F0004A682240446B22434A601A0706D5016861
:106900001D4C4A682240846B22434A60DA0606D551
:1069100001681A4C8A682240C46B22438A609A0636
:1069200006D50168164C8A682240046C22438A60AE
:106930005A0610D50168134D4A68446C2A40224318
:106940004A6080225203944205D14A680E4C22408C
:10695000846C22434A601B0606D502680B495368C3
:106960000B40C16C0B43536030BDC046FFFFFDFFC1
:10697000FFFFFEFFFFFFFBFFFF7FFFFFFFEFFFFFBC
:10698000FFDFFFFFFFFFEFFFFFFF9FFFFFFFF7FFAF
:10699000F8B504000D0017001E002268D3692B40D3
:1069A0005B1B59424B41BB4201D0002029E0069BB2
:1069B0000133F3D0FEF722F9069B801B984201D8E1
:1069C000002B1FD1EFF31080012282F31088216881
:1069D000204D0B682B400B6080F31088EFF3108084
:1069E00082F3108821688B6893438B6080F3108852
:1069F00023001F3288331A605A6000230320843436
:106A00002370F8BD23681A685207C6D58022D96959
:106A100012011142C1D01A62EFF31080012282F3F9
:106A2000108821680B4D0B682B400B6080F3108899
:106A3000EFF3108082F3108821688B6893438B609A
:106A400080F3108822002023883213605360936003
:106A5000D3E7C0465FFEFFFFF0B51700020087B026
:106A600088320593136804000D000220202B45D1C5
:106A70000138002942D0002F40D08023A1685B015B
:106A8000994204D12369002B01D1054236D123005C
:106A9000002690331E6021231360FEF7AFF8230019
:106AA00054331F80023303931F808023A268049015
:106AB0005B019A4204D12369B34201D12E001D002B
:106AC000230056331B889AB2002B0CD1059B402122
:106AD00000932000049BFFF75BFF00280DD12023CB
:106AE000883423600AE0059B002200938021200067
:106AF000049BFFF74DFF002802D0032007B0F0BD34
:106B00002268002D0BD133880236DB05DB0D936242
:106B1000039B039A1B88013B9BB21380D0E72B7821
:106B200001359362F4E70000030073B5002604000A
:106B300090331E60FEF762F8236805001B681B0790
:106B400019D423681B685B070AD58021104B0022EB
:106B5000009320002B00C903FFF71AFF002815D16E
:106B6000220000202023883213605360E0662067F3
:106B7000843420700BE08021054B320000938903A0
:106B800003002000FFF704FF0028DAD0032076BDC1
:106B9000FFFFFF01F8B513000200060005005C329C
:106BA00081650F0013802221002290368C353260DF
:106BB0002960011D0400C86F904213D01D498263F3
:106BC000C1621D493A0001631C49416321682431B7
:106BD000FEF710F9002805D0102301203360DB18E0
:106BE0002B60F8BD2369002B0BD0EFF3108101233C
:106BF00083F310882268FF3310680343136081F326
:106C00001088EFF31080012383F3108821688A68CD
:106C10001A438A6080F31088EFF3108183F31088A1
:106C200022683F3390680343936081F3108800200B
:106C3000D7E7C04601660108DD6501083562010835
:106C4000F7B50700436E04006A37002B04D101201A
:106C5000388068342080F7BD03680B4E9A689B68C3
:106C60000A4D5B0FF05CE95CC0000192F1F7E8FAB5
:106C7000019B38801B015B0FF05CE95CC000F1F701
:106C8000DFFA80B2E5E7C046868F01087E8F0108F3
:106C9000F7B504000E001D000192002801D101206B
:106CA000FEBD070088373B68002B04D10200843208
:106CB0001370F9F7EFFD2423012122683B6013686C
:106CC00020008B431360FFF7EBFC0128E7D0A36A99
:106CD000002B02D02000FFF7F3FD80222368D201B1
:106CE00099682D040A439A609A680A4920000A406C
:106CF00032439A60019A51050D431A6806490A40C9
:106D0000154301221D6019680A431A60FFF70CFF42
:106D1000C6E7C046FF7FFFFFFFFF00FC70477047DC
:106D20007047000070B5040084342278030002200C
:106D3000012A11D01D002422012688352A601A68F4
:106D400011681068B0431060044801400020586684
:106D5000202311602B60207070BDC046FFFFFFDF55
:106D6000F8B5050084350B0029780222012915D0D9
:106D700006000121046888362232326027682268C2
:106D80008A432260A168C900C9081943A160FFF7BE
:106D900057FF20230022276033602A701000F8BDBF
:106DA000F8B5050084350A0029780223012915D099
:106DB000060001210468883622333360276823687F
:106DC0008B432360A168064B19401143A160FFF774
:106DD00037FF20232760336000232B701800F8BD95
:106DE000FFFFFFF103008C331B6870B50400022025
:106DF000202B02D1002901D1012070BD002AFBD037
:106E00008020A56801234001854204D12069002823
:106E100001D11942F0D1E366002320002367FFF778
:106E2000B9FE0028E9D1E26E012AE5D110232168DC
:106E30000B62EFF3108182F31088226814682343F9
:106E4000136081F31088D8E710B5034B0100186870
:106E500000F030F810BDC0465402002010B5034BBE
:106E60000100186800F0EEFC10BDC046540200207E
:106E700070B50F4E0D0031680400002902D100F0FA
:106E80000DFC30602900200000F008FC431C03D1F9
:106E900001256D42280070BD0323C51C9D43A842F7
:106EA000F8D0291A200000F0F9FB0130F2D1EFE709
:106EB00008680020F7B50322CB1C93430833050074
:106EC0001F000C2B34D20C27B94233D8280000F015
:106ED00071F8374E33681C00002C2FD13900280080
:106EE000FFF7C6FF0400431C5FD134680094009B89
:106EF000002B4AD1002C52D023682800E3180099B7
:106F0000019300F0CBFB019B834248D1236828000A
:106F1000FF1A3900FFF7ACFF013040D02368DB19BE
:106F2000236033685A68002A33D1009B336019E02C
:106F3000002BC9DA0C232B600020FEBD2168C91B81
:106F400020D40B290AD9E2192760A34204D1326068
:106F500063681160536005E05A60F9E76268A34214
:106F60000ED13260280000F02DF8200007220B30EF
:106F7000231D9043C21A9842DFD01B1AA350DCE7AE
:106F80005A60EFE723006468A6E7009C63680093FB
:106F9000ADE71A005B68A342FBD10023DAE70C23BC
:106FA00028002B6000F00EF8C6E70760DAE7C0465D
:106FB0000C68002010B5024800F0C1FB10BDC046AF
:106FC0005069002010B5024800F0BAFB10BDC04661
:106FD00050690020114B70B51D6804002B6B002B0D
:106FE00016D11820FFF730FF021E286304D1462176
:106FF0000B4B0C4800F008FC0B4B002103600B4BC3
:1070000043600B4B83600B2383810120106151612E
:1070100000222B6B1C615A6170BDC04654020020D7
:10702000878E01089E8E01080E33CDAB34126DE6BB
:10703000ECDE0500164B10B51C68236B002B16D137
:107040001820FFF701FF021E206304D15221114BCB
:10705000114800F0D9FB114B00210360104B436035
:10706000104B83600B238381012010615161246BDD
:107070000D4A206961690D4BF1F766FA0122002380
:1070800080185941206161614800400810BDC04628
:1070900054020020878E01089E8E01080E33CDAB6E
:1070A00034126DE6ECDE05002D7F954C2DF4515821
:1070B00030B50024022B09D0920803590D59013A2A
:1070C00005510B510434002AF7DC30BD035D0D5D22
:1070D00005550B550134131B002BF7DCF5E7F8B50C
:1070E0000F00160004001D009847310000280DDA3B
:1070F0003800A847002802DA3C002000F8BD310023
:107100002000A8470028F8DA3400F6E73800A8473E
:107110000028F1DC31002000A8470028F4DAECE771
:10712000F0B599B000900393009B1700134302221F
:10713000080001929B0704D13B1F1A00531E9A417D
:107140000192002304933C00009B4443DB1902930B
:10715000009B1B190693062828D8029B069A934287
:107160000CD3049B002B00D020E119B0F0BD3A00F5
:1071700029002000019BFFF79BFF0FE0029C0EE01F
:10718000E51B21002800039B984700280ADD019B8E
:10719000002BECD123682A6822602B602C00009B16
:1071A000A342EDD3029BDB190293D6E746087E4348
:1071B000009BE41B9E191C19072821D0220005936F
:1071C000282817D9C5087D4359194A19039B0098E7
:1071D000FFF785FF31007219039B0590701BFFF7C5
:1071E0007EFF06006800201A2200039B4119FFF76A
:1071F00076FF02003100039B0598FFF770FF060041
:10720000019B002B23D1009B32681B6800990A6008
:10721000336000232600029D07930595A54233D8CD
:1072200028000099039B984700282BDC0DD1019B77
:10723000002B13D1059B2A681B6805990A602B60F7
:10724000059BDB19059301230793ED19E6E73A0047
:107250003100019B0098FFF72BFFDAE73A00290085
:10726000019B0598FFF724FFEAE7002809D1019B5D
:10727000002B13D123683268226033600123F61B90
:107280000793E41BAC4210D2079B002B40D1029B1A
:10729000069A934200D364E7029C32E03A00310040
:1072A0002000019BFFF704FFE8E720000099039B03
:1072B00098470028D9DA019B002B05D12B6822685A
:1072C0002A602360E41BBEE73A0021002800019BEE
:1072D000FFF7EEFEF6E73A0029002000019BFFF7DA
:1072E000E7FE0DE0E51B21002800039B98470028DE
:1072F0000ADD019B002BEED123682A6822602B60F7
:107300002C00009BA342EDD3029BDB190293BEE746
:10731000059B009AEB1A0293059B9A1A029B9A42CC
:1073200000DD1A00002A04D0019B0098A91AFFF77B
:10733000BFFE069B341B9A1BD21BA24200D922001F
:10734000002A05D0069B2800991A019BFFF7B0FE82
:10735000069B029E1D1BB44205D8230034001E006C
:107360002B00009D0093BE422BD9049B072B11D804
:1073700008AADB009D5039009B1820001D00F0F783
:10738000D5FE049B68600133390030000493F0F7A8
:10739000CDFED8E639003000F0F7C8FE3A00010013
:1073A000039B0098FFF7BCFEBC420DD8049B08AAC3
:1073B000013B0493DB009A58009208AA9B18586876
:1073C000C1E6BC4200D8CCE639002000F0F7AEFEA2
:1073D0000095B8E6002310B50400036043608360A5
:1073E00081814366C2810361436183611900082280
:1073F0005C3000F011F90B4B246263620A4BA3620C
:107400000A4BE3620A4B23630A4B9C4205D00A4BAA
:107410009C4202D0094B9C4203D12000583000F01E
:107420008DF910BD5D75010885750108BD750108F0
:10743000E97501081068002078680020E0680020E5
:1074400010B5034A0349044800F06CF810BDC0466B
:1074500048020020E57901085802002041680B4BE2
:1074600010B50400994201D000F0BCFAA168084BA5
:10747000994202D0200000F0B5FAE168054B99422C
:1074800002D0200000F0AEFA10BDC0461068002007
:1074900078680020E068002010B5094B094A0421F3
:1074A0001A6009480022FFF795FF012209210748C9
:1074B000FFF790FF022212210548FFF78BFF10BD56
:1074C0004869002041740108106800207868002095
:1074D000E068002010B5024800F031F910BDC04648
:1074E0005169002010B5024800F02AF910BDC046CD
:1074F0005169002010B50400FFF7ECFF236A002B50
:1075000002D0FFF7EFFF10BD044B2362044B1B6852
:10751000002BF6D1FFF7C0FFF3E7C0465D7401080A
:1075200048690020F7B51400002600900191A56875
:107530006768013F04D52468002CF8D13000FEBDF7
:10754000AB89012B08D90E22AB5E013304D0290090
:107550000098019B984706436835EAE770B50C0030
:107560000E25495F00F086F8002803DB636D1B18C9
:10757000636570BDA389024A1340A381F9E7C04641
:10758000FFEFFFFFF8B51F008B8905000C00160008
:10759000DB0505D50E23C95E0022022300F056F854
:1075A000A389054A28001340A38132000E23E15E1F
:1075B0003B0000F085F8F8BDFFEFFFFF70B50C0051
:1075C0000E25495F00F042F8A389421C03D1054A09
:1075D0001340A38170BD802252011343A3816065D3
:1075E000F8E7C046FFEFFFFF10B50E23C95E00F0BD
:1075F0001BF810BD10B5884202D98B18984208D3E9
:1076000000239A4207D0CC5CC4540133F9E78B5C69
:107610008354013AFBD210BD03008218934200D17B
:10762000704719700133F9E7002370B5064D040067
:1076300008002B60F9F79EFC431C03D12B68002B3C
:1076400000D0236070BDC0464C69002070B50400B6
:10765000080011001A000023054D2B60F9F794FC77
:10766000431C03D12B68002B00D0236070BDC046A3
:107670004C69002070B50400080011001A000023B6
:10768000054D2B60F9F75CFC431C03D12B68002BE4
:1076900000D0236070BDC0464C690020002370B547
:1076A000064D040008002B60F9F770FC431C03D161
:1076B0002B68002B00D0236070BDC0464C690020B1
:1076C00070B50400080011001A000023054D2B605E
:1076D000F9F743FC431C03D12B68002B00D0236037
:1076E00070BDC0464C690020014B18687047C04609
:1076F0005402002070B500260C4C0D4D641BA410E4
:10770000A64209D1002601F0F3FA0A4C0A4D641B87
:10771000A410A64205D170BDB300EB5898470136BE
:10772000EEE7B300EB5898470136F2E7D88F01082F
:10773000D88F0108DC8F0108D88F01087047704787
:107740007047002310B59A4200D110BDCC5CC454E0
:107750000133F8E7F8B50D0017006B00274A5B0D01
:107760009A180E0004000100132A21DC002A07DA0F
:107770000022EE0FF3073A607B6029002000F8BD7D
:107780001F48104103002B40234305D1F60F3C60F6
:107790007D601C00F507F0E78643002233002000DF
:1077A00029003A607B60F3F719FB04000D00E4E761
:1077B000332A15DD29003C607D6000F04FF9002878
:1077C0000AD122002B0020002900F2F721F8040042
:1077D0000D003C607D60D0E7EE0F0024F507CCE79C
:1077E0000120084A40429B18D84003002340204211
:1077F000CCD081432B000A00D1E7C04601FCFFFF3B
:10780000FFFF0F00EDFBFFFF7FB514001A00094BCF
:1078100005001B680E00D868074B002C01D1074BF0
:107820001C000749019302942B00009600F006F912
:1078300000F044F954020020F68E0108318F01084F
:10784000038F010870B505000C1E10D0043C23689E
:10785000002B00DAE4182800FFF7ACFB1D4A136880
:10786000002B05D1636014602800FFF7ABFB70BDEF
:10787000A34208D9206821188B42F3D119685B68AC
:1078800009182160EEE71A005B68002B01D0A342C3
:10789000F9D911685018A0420BD120680918501866
:1078A00011608342E0D118685B6841181160536031
:1078B000DAE7A04202D90C232B60D5E72068211813
:1078C0008B4203D119685B680918216063605460BA
:1078D000CAE7C0460C680020F7B50C228B5E050095
:1078E0000C001A0756D44A68002A02DC0A6C002AE7
:1078F0004EDDE76A002F4BD0002280202E682A60E0
:107900001A004001216A0240034233D0626DA3890C
:107910005B0706D56368D21A636B002B01D0236C1A
:10792000D21A00232800E76A216AB847A289431CBB
:1079300006D129681D2946D8294BCB40DB0742D503
:107940000023636023692360D20405D5431C02D160
:107950002B68002B00D16065616B2E60002917D069
:1079600023004433994202D02800FFF76BFF002325
:1079700063630DE001232800B8470200431CC6D111
:107980002B68002BC3D01D2B01D0162B1AD12E60D3
:1079900000201EE00E69002EFAD00F680E60BA1BA0
:1079A000019200229B0700D14A69A260019B002B33
:1079B000EEDDA36A32001F002800019B216AB84750
:1079C000002807DCA2894023012013431BB2A381B6
:1079D0004042FEBD019B36181B1A0193E6E7C046E4
:1079E000010040200B6970B505000C00002B02D18E
:1079F0000025280070BD002804D0036A002B01D1A7
:107A0000FFF778FD0C22A35E002BF1D0626ED20747
:107A100004D49B0502D4A06DFFF791FE280021003D
:107A2000FFF75AFF636E0500DB07E2D4A3899B05CD
:107A3000DFD4A06DFFF784FEDBE700000EB417B5BE
:107A4000054C05AB04CB01002068019300F064F8FD
:107A50001EBC08BC03B01847540200200B0070B5D0
:107A60000400020001001C430220002C06D08020EC
:107A70000006834203D14B1E9941881C70BD0C48FF
:107A8000590049080B4C0E180420A642F6D9802450
:107A900001386403A342F1D380252D065D19A54268
:107AA000ECD3054C0020A142E8D150425041E5E71B
:107AB0000000F0FFFFFFDF7F0000F07F062010B521
:107AC00000F08CFB0120F9F735FA936810B5013B03
:107AD0009360002B04DA9469A34207DB0A2905D0DE
:107AE0001368581C10601970080010BD00F0ACFA43
:107AF0000100F9E7F8B506000F001400D518AC42F4
:107B000001D1002007E021783A003000FFF7DDFFC7
:107B10000134431CF3D1F8BDF0B5A1B00F0015003E
:107B20001E000390002804D0036A002B01D1FFF748
:107B3000E1FC7B6EDB0705D4BB899B0502D4B86DE5
:107B4000FFF7FDFDBB891B0702D53B69002B13D155
:107B50003900039800F0BAFA00280DD07B6EDB07DD
:107B600003D50120404221B0F0BDBB899B05F8D46C
:107B7000B86DFFF7E5FDF4E7002308AC636120333F
:107B800063761033A37607962E003378002B01D04E
:107B9000252B48D1731B0593AE420BD02A00390028
:107BA0000398FFF7A7FF013000D1AEE06369059AA3
:107BB0009B1863613378002B00D1A6E001220023DB
:107BC0005242626004A954325218751C2360E3606B
:107BD000A3601370A365594B0522180029780593FB
:107BE00000F01CFB6E1C00281FD12268D30604D5B0
:107BF000532304A95B1820211970130704D55323BC
:107C000004A95B182B2119702B782A2B16D02E0073
:107C100000210A20E3683278751C303A092A50D9CD
:107C2000002911D117E00136AFE7059B2268C01A81
:107C300001238340134335002360CCE7079B191DC4
:107C40001B680791002B01DB0B9304E05B42E360B0
:107C500002231343236033782E2B0CD173782A2B05
:107C600034D1079B02361A1D1B680792002B01DADC
:107C700001235B420993324D03222800317800F042
:107C8000CDFA002806D04023401B834022680136ED
:107C900013432360317806222A48751C217600F0B0
:107CA000BDFA002840D0284B002B22D10722079B89
:107CB00007339343083307936369049A9B186361FE
:107CC00062E743432E0001219B18A4E700230A200A
:107CD0001900013663603278751C303A092A03D9DD
:107CE000002BC8D00991C6E741432E000123891813
:107CF000F1E707AA009221003A00144B039800E034
:107D000000BF0490049B0133D6D17B6EDB0705D402
:107D1000BB899B0502D4B86DFFF712FDBB895B06DA
:107D200000D51EE70D981EE707AA009221003A0031
:107D3000064B039800F07CF8E3E7C046328F010859
:107D4000388F01083C8F010800000000F57A010817
:107D5000F7B5160001938A680B690C0000909342F6
:107D600000DA13002200336043321278002A01D077
:107D70000133336023689B0602D5336802333360D6
:107D80002268062315001D401A4227D023004333E2
:107D90001B785A1E93412268920630D42200019922
:107DA0000098089D4332A847013025D00622236859
:107DB00000251340042B05D13368E568ED1AEB4329
:107DC000DB171D40A3682269934201DD9B1AED1861
:107DD0000026B54220D1002010E00135E36832686A
:107DE0009B1AAB42D2DD2200012301990098089F23
:107DF0001932B8470130F0D101204042FEBD302099
:107E0000E1184331087021005A1C45310978A21845
:107E1000433202331170C1E7220001230199009817
:107E2000089F1A32B8470130E6D00136D1E700008A
:107E3000F0B58BB006920A00433207930590039287
:107E40000A7E0C00109B782A09D8622A0BD8002AD7
:107E500000D1BAE07A490491582A00D18EE0250079
:107E600042352A7022E0100063381528F7D8F0F761
:107E700053F916001F00F6FFF6FFF6FFF6FF1F008E
:107E8000F6FFF6FFF6FFF6FF9F0036007E00F6FFD6
:107E9000F6FFB000F6FF3600F6FFF6FF8200250081
:107EA0001A684235111D196013682B7001239EE07A
:107EB00018680968021D0D060BD506681A60002EA9
:107EC00003DA2D23039A764213705D4B0A2704933D
:107ED00018E006681A604906F1D536B2EFE708687F
:107EE000196840C9050602D4400600D5B6B219602B
:107EF000534B0A2704936F2A00D1023F230000222C
:107F000043331A706368A360002B06DB04212268E8
:107F1000039D8A43226033430CD0039D3000390017
:107F2000F0F78AF9049B013D5B5C2B70330006007F
:107F30009F42F3D9082F09D12368DB0706D5626871
:107F400023699A4202DC3023013D2B70039B5B1BAB
:107F50002361079B210000930598069B09AAFFF760
:107F6000F7FE013048D1012040420BB0F0BD202285
:107F700009680A4322607822324904912100453180
:107F80000A701968226840C9100602D4500600D54C
:107F9000B6B21960D30702D5202313432360002E05
:107FA00001D01027AAE72022236893432360F8E733
:107FB0001A680D68101D4969186013682E0601D5EE
:107FC000196002E06D06FBD519800023039D236133
:107FD000BFE71A68111D1960156800212800626842
:107FE00000F01CF9002801D0401B60606368236129
:107FF0000023039A1370ACE72A00236906990598B9
:10800000079DA8470130AED023689B0715D4099B74
:10801000E0689842A9DA1800A7E722000123069930
:108020000598079E1932B04701309CD00135E368AE
:10803000099A9B1AAB42F0DCE9E70025F7E7C04656
:10804000438F0108548F0108F8B506000D00140095
:10805000002804D0036A002B01D1FFF74BFAA36973
:10806000A360A3891B0702D52369002B09D1210036
:10807000300000F02BF8002803D001256D422800C5
:10808000F8BD23692068EFB2C01A6369EDB283427C
:1080900005DC21003000FFF7A5FC0028EDD1A36826
:1080A0000130013BA36023685A1C22601F70636982
:1080B000834204D0A389DB07E1D50A2DDFD121005B
:1080C0003000FFF78FFC0028D9D0D6E72D4B70B5D4
:1080D000050018680C00002804D0036A002B01D1A9
:1080E000FFF708FA0C22A35E1A0723D4DA0607D496
:1080F00009222A60402201201343A38140423AE032
:108100005B0713D5616B002908D0230044339942E3
:1081100002D02800FFF796FB002363632422A38983
:108120009343A38100236360236923600823A2890A
:108130001343A3812369002B0BD1A0218022A389A3
:10814000890092000B40934203D02100280000F0E8
:108150009BF80C22A35E01211A000A400B420BD0AF
:108160000022A26062695242A2610020226982421A
:1081700001D11A06BED470BD990700D46269A2600D
:10818000F3E7C0465402002070B504000D001F291B
:1081900004D9162303600120404270BDC36B002B3D
:1081A00004D08A009B181A68002A08D1200000F029
:1081B00031F82A000100200000F01AF8EDE7012A4A
:1081C00009D0511C03D1162303600120E5E70021EB
:1081D0002800196090470020DFE7000010B5034B2E
:1081E00001001868FFF7D0FF10BDC0465402002000
:1081F000002370B5064D0400080011002B60F8F74D
:1082000091FE431C03D12B68002B00D0236070BD6E
:108210004C69002010B5F8F783FE10BDC9B2821872
:10822000904201D10020704703788B42FBD001308F
:10823000F6E7000070B50E001D000E23C95E1400A5
:1082400096B000290CDAB2898023110019401A4235
:1082500014D18023DB0000202960236016B070BD9C
:108260006A4600F053F80028EDDBF02301991B0269
:108270001940044BC9184B425941EAE700214023F9
:10828000E9E7C04600E0FFFFF0B502268B89050054
:108290000C0085B0334207D02300473323602361AD
:1082A0000123636105B0F0BD03AB02AAFFF7C2FF73
:1082B000029F019039002800FEF7FCFD002808D13C
:1082C0000C22A35E9A05EDD4032293431E43A6819C
:1082D000E2E78023A28920601343A381039B2061EE
:1082E0006761002B0CD028000E23E15E00F020F81F
:1082F000002805D00323A2899A43023B1343A3819C
:10830000A389019A1343A381CCE70000002370B531
:10831000064D0400080011002B60F8F72EFE431CE8
:1083200003D12B68002B00D0236070BD4C69002066
:10833000002370B5064D040008002B60F8F722FEFC
:10834000431C03D12B68002B00D0236070BDC046B6
:108350004C690020F8B504000D0000F081F906001A
:108360000F002000290000F089F800280DD020001F
:1083700029000F4A0F4BF0F779F8002808D0FFF7D3
:10838000B3F9222300260C4F036030003900F8BDFA
:1083900020002900094A0A4BF0F754F80028F4D0CD
:1083A000FFF7A2F92223002600270360EDE7C0466D
:1083B000EF39FAFE422E86400000F07F51302DD575
:1083C000104987C0F8B504000D0000F0B1FA220092
:1083D00006000F002B0020002900F3F709F9002800
:1083E00015D10022002320002900F0F73FF80028D3
:1083F0000DD10022002320002900F0F71DF80028ED
:1084000008D0FFF771F922230026074F03603000E0
:108410003900F8BDFFF768F921230360034800F035
:1084200035F806000F00F2E70000F0FF318F010879
:10843000F8B504000D0000F02FF8220006000F0030
:108440002B0020002900F3F7D3F8002813D10022D5
:10845000002320002900EFF7F5FF00280BD0FFF7DD
:1084600043F9212300220360002310001900F1F7D3
:1084700095FD06000F0030003900F8BD024B4800A2
:108480004008C018C00F704700001080002001494C
:108490007047C0460000F87FF0B50A000D006B4938
:1084A00004000300080087B02840884211D1220050
:1084B0002B0020002900F2F7ABF902000B0020008E
:1084C0002900F1F7A5F904000D002000290007B0EC
:1084D000F0BD002D11DC690049082143F5D00020D2
:1084E000854210D022002B0020002900F2F776FCF4
:1084F00002000B00F1F752FDE5E7281515D18024A5
:108500000021640307E0DA0A15385B05002AFAD077
:10851000F5E7520001312242FBD04C1E001B202403
:108520001D00641AE5408B402A4349491203441850
:108530008021120B49031143C00703D4DA0F49000D
:1085400051185B0000256210490080240592DA0F63
:108550005218162029005B00A4030E19964202DC73
:108560003119921B2D19DE0F5200013892195B0050
:1085700064080028F1D120268027040004963F06D5
:108580003E18B4468A4202DC14D19E4212D860469C
:108590006646C0190091002E03DAC643F60F8E1905
:1085A0000096521A634589414942521A61465B1A44
:1085B0000099E419DE0F52009219049E5B00013EFF
:1085C0007F080496002EDBD11A431FD0214E224F84
:1085D000306871683A687B6800920193326873680A
:1085E00002920393009A019BF2F7F8FB02000B0042
:1085F00002980399EFF730FF002807D030687168C0
:108600003A687B68671C0CD1049C0135134A6B10D7
:108610009B18059AED076408120525432800D11818
:1086200051E7F1F7F5F87768366802000B00300083
:108630003900EFF707FF002804D00234634263419A
:10864000ED18E3E7012301349C43DFE70000F07FEE
:1086500001FCFFFF988F0108908F01080000E03FA8
:10866000F0B54B000F00CC0F9149060089B05B08B4
:108670008B422ED98F498B4211D93B031B0B0343ED
:1086800006D002003B0030003900F1F7C1F810E0DD
:10869000002C00D009E13000390009B0F0BD3900EC
:1086A000854A864BEFF7E2FE051E05D0002000F05C
:1086B00017FB06000F00EEE730003900804A814BBF
:1086C000EFF7C0FE002800D17DE0280000F001FB9C
:1086D000EFE77D4A934200D89EE07C4A934272D8ED
:1086E0007B4BE5005B191A685B683900F2F776FB93
:1086F000784B029003915B191A685B6804920593AA
:10870000012363401B1B0193049A059B0298039964
:10871000F2F764FB06000F0032003B003000390026
:10872000F2F776F804000D006B4A6C4BF2F770F824
:108730006B4A6C4BF2F752FB22002B00F2F768F801
:10874000694A6A4BF1F764F822002B00F2F760F8EF
:10875000674A684BF2F742FB22002B00F2F758F809
:10876000654A664BF1F754F822002B00F2F750F8F7
:1087700002000B0030003900F2F730FB0B00020062
:1087800004000D0030003900F2F742F8019B06901A
:108790000791002B56D18023002220002900DB0501
:1087A000F2F71CFB02000B0006980799F1F7F6FBA5
:1087B00032003B00F2F712FB02000B000020504990
:1087C000F2F70CFB75E74F4BE4001C194E4A4F4B78
:1087D00030003900F2F71CF822686368F1F718F8E6
:1087E000F2F728FF0190F2F761FF494A494B040074
:1087F0000D00F2F70DF802000B0030003900F2F71F
:10880000EDFA454A02900391444B20002900F1F70C
:10881000FFFF0490059177E7414A93420DD8414A02
:10882000414B3900F0F7F4FF0022354BEFF71EFE05
:10883000002805D00022324B25E7002301936BE787
:10884000019069E780212B0022000020C905F2F782
:10885000C5FA02000B0006980799F1F79FFB02008A
:108860000B0004980599F2F7B9FA029A039BF2F704
:10887000B5FA02000B0000202149F2F7AFFA2B4BAA
:10888000019A0D009A4203DB110506004F1902E719
:10889000FA2292009446019B002263441B0559185A
:1088A000B8235B04F1F7B4FF03E700260027F2E6E4
:1088B000412E8640FFFFEF7FEF39FAFE422E8640C1
:1088C00051302DD5104987C0422ED63FB1A2F03F7E
:1088D000B08F0108A08F0108D0A4BE726937663E30
:1088E000F16BD2C541BDBB3E2CDE25AF6A56113FB0
:1088F00093BDBE166CC1663F3E5555555555C53F97
:108900000000F03FC08F0108FE822B654715F73F3E
:108910000000E0FE422EE63F763C7935EF39EA3D35
:10892000FFFFEF3D9C7500883CE4377E03FCFFFFB2
:108930008023F0B55B030E008DB0994223DA4B0023
:108940005B08034307D1002200230020B449F1F75C
:1089500025FB0DB0F0BD002906DA02000B00F2F78E
:108960003DFA00220023F2E7AE4B0022F1F750FF60
:1089700036230E005B42AC4A964206DD02000B0035
:10898000F0F746FFE5E70023F5E7A84C321512198A
:108990003603A74CD218330B02931B1980246403AF
:1089A0002340A44C029D5C401B159B1825430022CC
:1089B000009329009F4BF2F711FA029B0600023345
:1089C0001B030F0000221B0B022B64DC0023EFF7BC
:1089D00033FD002819D0009B002B00D11CE11800AA
:1089E000F2F764FE944A954B04000D00F1F710FF76
:1089F000934A06000F00934B20002900F1F708FF6F
:108A000002000B0030003900BAE78F4A8F4B30006C
:108A10003900F1F7FDFE02000B0000208C49F2F74F
:108A2000DDF9320004000D003B0030003900F1F7A1
:108A3000EFFE0B00020029002000F1F7E9FE009B89
:108A400002900391002B06D102000B003000390088
:108A5000F2F7C4F97DE70098F2F728FE764A774BE3
:108A600004000D00F1F7D4FE754A00900191754B9A
:108A700020002900F1F7CCFE02000B0002980399B8
:108A8000F2F7ACF932003B00F2F7A8F902000B0054
:108A900000980199DCE78023DB05F0F7B9FE0200BE
:108AA0000B0030003900F1F779FA04900591009835
:108AB000F2F7FCFD049A059B06900791100019003F
:108AC000F1F7A6FE634A029B9446634402000B93AF
:108AD0000B0008900991F1F79BFE04000D005E4A1F
:108AE0005E4BF1F795FE5E4A5E4BF0F791FE220079
:108AF0002B00F1F78DFE5C4A5C4BF0F789FE2200FB
:108B00002B00F1F785FE5A4A5A4BF0F781FE089A7E
:108B1000099BF1F77DFE584A08900991574B2000B8
:108B20002900F1F775FE564A564BF0F771FE220008
:108B30002B00F1F76DFE544A544BF0F769FE22000A
:108B40002B00F1F765FE02000B0008980999F0F779
:108B50005FFE029A4E4B04009B1A0B9A0D001343C2
:108B6000002B34DD00223A4B30003900F1F750FE83
:108B700032003B00F1F74CFE02000B000290039123
:108B800020002900F0F744FE049A059BF1F740FE0F
:108B9000009B04000D00002B06D102000B00029880
:108BA0000399F2F71BF94FE7234A244B06980799DC
:108BB000F1F72EFE224A0090019106980799214B69
:108BC000F1F726FE22002B00F0F722FE54E7020008
:108BD0000B0030003900F2F701F9049A059BF1F718
:108BE00017FE009B04000D00002B02D102000B00B9
:108BF0002CE7114A114B06980799F1F709FE104A24
:108C000000900191069807990E4BF1F701FE0200C2
:108C10000B002000290033E70020002199E6C04620
:108C2000000050C300005043FFFFEF7F01FCFFFF37
:108C3000645F09000000F03F0000E0FE422EE63FC6
:108C4000763C7935EF39EA3D555555555555D53F63
:108C50000000E03F86EBF9FF44523EDF12F1C23FD5
:108C6000DE03CB966446C73F599322942449D23FF2
:108C7000935555555555E53F9FC678D0099AC33F42
:108C8000AF788E1DC571CC3F04FA97999999D93F59
:108C900051B8060070B50D0016000400FEF724FD63
:108CA00029000660200070BD37B514001D000028A3
:108CB00002D0802109065B1800920193009A019B63
:108CC00020002900F1F7A4FD2222FFF7E3FF03B003
:108CD00030BD802310B500225B05FFF7E5FF10BD16
:108CE000E02310B50022DB05FFF7DEFF10BD00001A
:108CF000F8B5C046F8BC08BC9E467047F8B5C046FB
:088D0000F8BC08BC9E46704758
:108D0800A089B0E1E995B23FECC039234A7BC33F63
:108D18000A68226C787ACD3FB81E85EB51B8DE3FE1
:108D2800000000000000F03F0F9C33A2B437F93F69
:108D38008A1F63EE5A420140A54E40136143064024
:108D4800EF38454772790940000000003F80000075
:108D580000000000228D00084E8C0008388C0008A6
:108D6800B48C0008388C0008E88C0008388C00089F
:108D7800B48C00084E8C00084E8C0008E88C000863
:108D8800B48C0008248C0008248C0008248C00086B
:108D9800F28C00084E8C00084E8C0008388C0008B5
:108DA8008E8D0008388C0008E88C0008388C000884
:108DB8008E8D00084E8C00084E8C0008E88C000848
:108DC8008E8D0008248C0008248C0008248C000850
:108DD800D0A100088EA000086CA0000858A00008C8
:108DE8006CA0000872A100086CA0000858A0000838
:108DF8008EA000088EA0000872A1000858A00008E4
:108E080050A0000850A0000850A0000894A1000835
:108E1800000000000000000000000000000000004A
:108E28000100000002000000030000000400000030
:108E3800000000000000000000000000000000002A
:108E4800000000000000000000000000000000001A
:108E58000100000002000000030000000400000000
:108E680006000000070000000800000009000000DC
:108E780053544D5F31302E31302E33374352005228
:108E880045454E54206D616C6C6F63207375636348
:108E98006565646564002F6275696C642F676E751B
:108EA8002D746F6F6C732D666F722D73746D333202
:108EB8005F31332E332E72656C312E3230323430BE
:108EC8003932362D313731352F7372632F6E65770E
:108ED8006C69622F6E65776C69622F6C6962632FAB
:108EE8007374646C69622F72616E642E63002C2047
:108EF80066756E6374696F6E3A200061737365728C
:108F080074696F6E2022257322206661696C65641E
:108F18003A2066696C6520222573222C206C696EC4
:108F280065202564257325730A00232D302B200026
:108F3800686C4C006566674546470030313233340B
:108F480035363738394142434445460030313233AB
:108F5800343536373839616263646566000001006C
:108F680002000400060008000A000C00100020009F
:108F78004000800000010804020408010101010109
:108F8800010307010000000059F3F8C21F6EA50194
:108F9800000000000000F03F763C7935EF39EA3DEB
:108FA800763C7935EF39EABD0000E0FE422EE63F17
:108FB8000000E0FE422EE6BF000000000000E03F97
:088FC800000000000000E0BF02
:088FD00040F6FE7F01000000E5
:048FD800E580000828
:048FDC00BD8000084C
:108FE0000000000000002E400E2DB29DEFFF584003
:108FF0000000000000002E402100000009000000D9
:109000000100000000040050200000000004005097
:109010001000000000080050001000000000005088
:10902000000800000004005008000000000C005080
:10903000040000000008005000200000000800505C
:109040000008000000080050000200000008005066
:10905000000400000008005000010000000400505F
:1090600004000000000C005001000000000000504F
:10907000040000000000005008000000000C005038
:1090800000010000000C005000020000000C005025
:1090900040000000000C00502000000000040050C0
:1090A0000080000000040050004000000004005058
:1090B00000200000000400500010000000040050D8
:1090C00000080000000400500004000000040050EC
:1090D00000020000000400500001000000080050E1
:1090E0008000000000080050400000000008005010
:1090F0002000000000080050100000000008005090
:1091000008000000000800500400000000080050A3
:1091100002000000000800500100000001010000F2
:109120000024F400000000000F0000000800000010
:109130000000000000003E400000000000406F40C2
:1091400000000000000000400000000000C092404D
:109150000000000000008940010000000001000044
:1091600001000000000000000000000000000000FE
:109170000F000000070000000000000000004E404B
:109180000000000000005440000000000000F03F1C
:109190000000000000F891400000000000E0854061
:1091A00001000000000100000100000000000000BC
:1091B00000000000000000000101010002000000AA
:1091C000010100000000000000000000000000009D
:1091D0000000000000C092400000000000488C40E9
:1091E0000900000009000000010000000F0000005D
:1091F00000000000003071400000000000D08640F8
:10920000000000000000594000000000000059402C
:109210000000000000D086400100000001000000B6
:10922000010B01000400000000000000030000002A
:109230001068002058020020000000001068002084
:1092400078680020E06800200000000000000000B6
:10925000000000000000000000000000000000000E
:1092600000000000000000000000000000000000FE
:1092700000000000000000000000000000000000EE
:0492800000000000EA
:0400000508014B198A
:00000001FF
