:020000040800F2
:10800000009000208D4401088104010883040108C8
:108010000000000000000000000000000000000060
:1080200000000000000000000000000085040108BE
:108030000000000000000000870401088904010816
:10804000DD440108DD440108DD440108DD44010888
:10805000DD440108DD440108DD440108DD44010878
:10806000DD44010891040108DD440108DD440108F4
:10807000DD440108DD440108DD440108DD44010858
:10808000DD440108A1040108B1040108C10401088C
:10809000DD440108D1040108E1040108DD440108C0
:1080A000DD440108DD440108DD440108F104010854
:0C80B000DD440108DD440108DD44010846
:1080BC0010B5064C2378002B07D1054B002B02D0B2
:1080CC00044800E000BF0123237010BDB002002063
:1080DC000000000064860108044B10B5002B03D08F
:1080EC000349044800E000BF10BDC046000000007A
:1080FC00B40200206486010802B4714649084900A4
:10810C00095C49008E4402BC7047C04603B47146FA
:10811C00490840004900095E49008E4403BC704781
:10812C00002243088B4274D303098B425FD3030AAA
:10813C008B4244D3030B8B4228D3030C8B420DD3BD
:10814C00FF22090212BA030C8B4202D3121209024B
:10815C0065D0030B8B4219D300E0090AC30B8B4289
:10816C0001D3CB03C01A5241830B8B4201D38B0337
:10817C00C01A5241430B8B4201D34B03C01A5241DC
:10818C00030B8B4201D30B03C01A5241C30A8B421F
:10819C0001D3CB02C01A5241830A8B4201D38B020A
:1081AC00C01A5241430A8B4201D34B02C01A5241AE
:1081BC00030A8B4201D30B02C01A5241CDD2C30920
:1081CC008B4201D3CB01C01A524183098B4201D39C
:1081DC008B01C01A524143098B4201D34B01C01A87
:1081EC00524103098B4201D30B01C01A5241C308FF
:1081FC008B4201D3CB00C01A524183088B4201D36E
:10820C008B00C01A524143088B4201D34B00C01A59
:10821C005241411A00D20146524110467047FFE7C5
:10822C0001B5002000F0F0F802BDC0460029F7D0DF
:10823C0076E7704703460B437FD4002243088B42FA
:10824C0074D303098B425FD3030A8B4244D3030BD1
:10825C008B4228D3030C8B420DD3FF22090212BA96
:10826C00030C8B4202D31212090265D0030B8B4212
:10827C0019D300E0090AC30B8B4201D3CB03C01AFC
:10828C005241830B8B4201D38B03C01A5241430BD7
:10829C008B4201D34B03C01A5241030B8B4201D3C7
:1082AC000B03C01A5241C30A8B4201D3CB02C01A32
:1082BC005241830A8B4201D38B02C01A5241430AAA
:1082CC008B4201D34B02C01A5241030A8B4201D399
:1082DC000B02C01A5241CDD2C3098B4201D3CB0140
:1082EC00C01A524183098B4201D38B01C01A5241EF
:1082FC0043098B4201D34B01C01A524103098B42F3
:10830C0001D30B01C01A5241C3088B4201D3CB00DD
:10831C00C01A524183088B4201D38B00C01A5241C0
:10832C0043088B4201D34B00C01A5241411A00D270
:10833C0001465241104670475DE0CA0F00D04942D9
:10834C00031000D34042534000229C4603098B4249
:10835C002DD3030A8B4212D3FC22890112BA030AD1
:10836C008B420CD3890192118B4208D38901921153
:10837C008B4204D389013AD0921100E08909C309D8
:10838C008B4201D3CB01C01A524183098B4201D3DA
:10839C008B01C01A524143098B4201D34B01C01AC5
:1083AC00524103098B4201D30B01C01A5241C3083D
:1083BC008B4201D3CB00C01A524183088B4201D3AC
:1083CC008B00C01A5241D9D243088B4201D34B00C7
:1083DC00C01A5241411A00D20146634652415B1009
:1083EC00104601D34042002B00D5494270476346EA
:1083FC005B1000D3404201B5002000F005F802BD2F
:10840C000029F8D016E770477047C0468446100024
:10841C0062468C461900634600E0C0461FB502F068
:10842C0083F9002801D40021C8421FBD10B502F009
:10843C00C7F84042013010BD10B502F075F90028A4
:10844C0001DB002010BD012010BDC04610B502F0AC
:10845C006BF9002801DD002010BD012010BDC046C5
:10846C0010B502F0F1F8002801DC002010BD01204D
:10847C0010BDC04610B502F0E7F8002801DA002064
:10848C0010BD012010BDC046844608006146FFE7C0
:10849C001FB500F0FBFC002801D40021C8421FBD11
:1084AC0010B500F083FC4042013010BD10B500F057
:1084BC00EDFC002801DB002010BD012010BDC046E2
:1084CC0010B500F0E3FC002801DD002010BD0120F8
:1084DC0010BDC04610B500F091FC002801DC002056
:1084EC0010BD012010BDC04610B500F087FC00285F
:1084FC0001DA002010BD012010BDC046002B11D1A7
:10850C00002A0FD1002900D1002802D00021C94334
:10851C00080007B4024802A14018029003BDC046EF
:10852C00E9FEFFFF03B4684601B5029800F06AF853
:10853C00019B9E4602B00CBC7047C046F0B5CE46BF
:10854C009946030C9C46130447461B0C1D000E0059
:10855C0061460404240C80B50700100C4B436543A2
:10856C00414360432C0CC01824188C46A34203D9F9
:10857C0080235B029846C444494679435643230CF6
:10858C002D042D0C8919634424046019C918C0BC2E
:10859C00B946B046F0BDC0469E2110B5C905041CB5
:1085AC00FFF7A2FF002803D1201C01F075F810BDC5
:1085BC009E21201CC90500F00BFE01F06DF88023F4
:1085CC001B069C466044F2E770B500220C4B04007D
:1085DC000D00FFF74FFF002804D12000290003F005
:1085EC0023F870BD064B00222000290002F0F0FB9E
:1085FC0003F01AF880231B069C466044F1E7C04642
:10860C000000E041F0B557464E464546DE46E0B523
:10861C0004000D009246994683B08B4230D82DD081
:10862C004946504603F076F929000600200003F075
:10863C0071F9331A9846203B34D49B4653465A461C
:10864C00934042461F00534693401E00AF423BD816
:10865C00AF4200D179E05B46A41BBD41002B00DA90
:10866C0076E0002200230092019301235A469340A6
:10867C000193012342469340009329E08242CFD9D3
:10868C0000220023009201930C9B002B01D01C6054
:10869C005D600098019903B0F0BCBB46B246A94698
:1086AC00A046F0BD42469B4620239B1A5246DA4018
:1086BC00414613004A468A40170042461F43534620
:1086CC0093401E00AF42C3D90022002300920193B5
:1086DC004346002BD8D0FB0772081A4346467B084A
:1086EC000EE0AB4201D1A2420CD8A41A9D4101204C
:1086FC0024196D410021013E24184D41002E06D055
:10870C00AB42EED9013E24196D41002EF8D10098F0
:10871C0001995B4600196941002B24DB2B005A465A
:10872C004446D3402A00E2401C005B461500002B57
:10873C002ADB26009E40330026004746BE4032000E
:10874C00801A9941009001919EE7A342BCD882E720
:10875C004246202300219B1A002200910192012203
:10876C00DA40019285E7424620239B1A2A004646AE
:10877C009A402300F340444613432A00E2401C0075
:10878C005B461500002BD4DA42462F00202326002E
:10879C0097409B1ADE403B003343CDE7F8B54B02C4
:1087AC005A0A94464A00C90FCE46474689464500A8
:1087BC0046022D0E120E80B59909770AC40FB60920
:1087CC00AB1A4C4520D0002B0CDD002A34D10029EB
:1087DC002AD05A1E012B00D18FE0FF2B00D1CDE007
:1087EC0013002FE0002B60D0531B002D00D0EEE0C7
:1087FC00002E00D13EE15C1E012B00D16BE1FF2B62
:10880C0000D1B9E02300E7E0002B00DCA4E0002A53
:10881C0069D0FF2D00D1B1E08022D20411431B2B73
:10882C0000DCE9E02B000536F708FF2B00D1A5E0B2
:10883C007A02520AD8B230E0FF2D00D19EE080229D
:10884C00D204114301201B2B08DC08002022D84045
:10885C00D31A99400B005A1E93411843361A7301D0
:10886C0000D471E0B601B709380003F035F83B00CD
:10887C000538834085424DDDB44E2D1A1E405A07F3
:10888C0068D00F221340042B64D00436730161D5D9
:10889C00681CFE2D54D1FF200022C0051043E407B4
:1088AC002043C0BCB946B046F8BDFE229046681CB9
:1088BC000200404610426BD1002D00D0DDE0002EAE
:1088CC0000D102E10029B3D08022771AD2041742DA
:1088DC0000D136E14C468E1B61D00120164230D1BE
:1088EC000023F708A4E700299ED05A1E012B00D1C3
:1088FC00CAE0FF2B42D0130091E7711A4B0100D450
:10890C00D1E08F01BF09380002F0E6FF3B000538CB
:10891C00834001252022401B0130121A1E00934077
:10892C00C6405A1E93411E4339D0730700D11BE138
:10893C000F2300253340042BA7D1012072017CD5D5
:10894C00C0B2B201520AA8E7730703D00F23334019
:10895C00042B9AD12B0067E7002B23D0531B002D3F
:10896C007BD1002E00D186E05D1E012B00D18BE067
:10897C00FF2B02D02B0075E04C466746002F00D130
:10898C0089E78022D2033A435202FF20520A84E73D
:10899C00771A7B016BD4002F00D065E700240020F0
:1089AC0000227AE7FE226B1C1A4249D1002D00D01E
:1089BC009FE0002E00D1BAE0002900D1CFE0721860
:1089CC00530100D4CDE092010120520A65E7FF2A41
:1089DC00D2D08020C004064301201B2B08DC3000C1
:1089EC002024D840E31A9E4033005C1EA341184358
:1089FC004C4615000E1A32E708002022D840D31A34
:108A0C0099400B005A1E93410343F61873019BD5F2
:108A1C000135FF2D00D13EE701234D49720833404B
:108A2C000A401A431600530704D00F231340042B9B
:108A3C0000D02AE7730100D52AE72B00F708F7E6E8
:108A4C00FF2B00D127E7711849084A072FD00F22B6
:108A5C000A40042A2BD00E1DE6E6FF2A8DD080207A
:108A6C00C00406431B2B24DD13004E1DDCE64C46D4
:108A7C008F1BF9E64C460E00D6E6002E49D1002994
:108A8C0068D067464C467CE77018430174D5304972
:108A9C0040080140430709D00F230340042B05D0A5
:108AAC0002230E1DC0E60123CF08C1E60223CF0826
:108ABC00BEE620253000D840EB1A9E4033005D1EE8
:108ACC00AB41034315005E18A0E7002900D165E710
:108ADC004C466746ACE68F1B7B012ED5BF01BF0908
:108AEC00380002F0F9FE3B00053883404C46013556
:108AFC0010E7002E00D140E7002900D141E7802388
:108B0C00DB039F4200D23CE79C4500D339E7674624
:108B1C0037E7002900D134E78023DB039F4200D2E2
:108B2C002FE79C4500D32CE74C46674629E70029E4
:108B3C0000D134E70023CF087AE64C460123FF0826
:108B4C0076E6002F00D129E7FF0871E6FFFFFFFB57
:108B5C00FFFFFF7D80220024FF20D2039DE600232F
:108B6C0066E60023D70863E60120720100D5E7E62C
:108B7C0031000023CF085BE60123C70858E6C04646
:108B8C00F0B546464F46D6464502C0B5C30F470022
:108B9C0098460E1C6D0A3F0E5BD0FF2F21D0802310
:108BAC00ED00DB041D43002399469A467F3F740277
:108BBC007300640A1B0EF60F002B20D0FF2B43D042
:108BCC0080220020E400D20414437F3B4246FF1A6B
:108BDC004B4672400F2B00D99DE071499B00CB583E
:108BEC009F46002D5AD108239946063B74029A469B
:108BFC007300FF27640A1B0EF60F002BDED1002C2E
:108C0C003BD1012342464946724019430E2918D8DC
:108C1C006448890041588F465346022B00D1B8E076
:108C2C00032B6ED042462C00012B40D10020002497
:108C3C00C0052043D2071043E0BCBA46B146A84653
:108C4C00F0BDFF200024F3E7002C20D10223FF3FCE
:108C5C00D8E7002D05D104239946033B00279A46FB
:108C6C00A5E7280002F038FE7627431F9D4000231D
:108C7C007F4299469A463F1A99E7200002F02CFE53
:108C8C00431F9C4076235B421B1A00209EE7032364
:108C9C004A461A4391460320FC3397E70C23994626
:108CAC00093BFF279A4682E703282CD03200380074
:108CBC007F30002847DD630704D00F232340042BAB
:108CCC0000D00434230103D53800374B80301C40CE
:108CDC00FE28B6DCA401640AC0B2A9E780240022F5
:108CEC00FF20E403A4E78023DB031D4201D01C42D8
:108CFC000BD08024E4032C4364024246FF20640A18
:108D0C0096E746462C008023DB031C4364023200AA
:108D1C00FF20640A8CE76D01600185422DD21B2374
:108D2C000024013F0126290064006D00002901DBAD
:108D3C00854201D32D1A3443013B002BF3D16B1E1A
:108D4C009D412C43B3E701231B1A1B2B00DD6DE760
:108D5C0021009E37D940BC400B00611E8C4123433F
:108D6C00590704D00F211940042900D004335901AC
:108D7C0013D49B0100205C0A5AE71A2301242D1AF4
:108D8C00D0E7981E43425841404232000024C0B202
:108D9C004EE74246FF2000244AE70120002447E723
:108DAC00D486010814870108FFFFFFF770B5420055
:108DBC004E024C0045026D0A120EC30F760A240EA9
:108DCC00C90FFF2A10D0FF2C0CD00120A2420AD1CF
:108DDC00B54208D18B420FD0002A04D12800431E83
:108DEC00984100E0012070BD0120FF2CFBD13543E0
:108DFC00F9D14B401800F6E70020F4E730B54200FB
:108E0C0044024D02C30F4800640A120E6D0A000E94
:108E1C00C90FFF2A18D0FF280AD0002A1ED100281B
:108E2C000AD1002D29D0002C2DD14800013830BD9D
:108E3C00002D25D1002A01D1002CF6D08B4219D05F
:108E4C0001205B421843F2E7002C19D1FF28F7D11F
:108E5C00002D15D100208B42F2D1E8E70028EFD08D
:108E6C008B42EDD18242EBDC04DBAC42E8D8002033
:108E7C00AC42DCD258000138D9E7002CD7D0DFE760
:108E8C0002204042D3E78B42DAD1EEE730B5420004
:108E9C0044024D02C30F4800640A120E6D0A000E04
:108EAC00C90FFF2A17D0FF280AD0002A1BD100288F
:108EBC000AD1002D1DD0002C2DD14800013811E015
:108ECC00002D0ED1002A01D1002CF6D08B420CD1F2
:108EDC005800013806E0002C03D1FF2805D1002DE5
:108EEC0015D0022030BD002806D101205B4218436A
:108EFC00F8E7002CF6D0F8E78B42F6D18242F4DC8E
:108F0C00E6DBAC42F1D80020AC42EBD2E0E700202B
:108F1C008B42EAD1E6E78B42E7D1F2E7F0B54F4658
:108F2C004646D6464400C0B546020F1C760A240EAF
:108F3C00C50F002C00D1DAE0FF2C74D08023F60092
:108F4C00DB041E43002399469A467F3C7B025B0A56
:108F5C0098467B001B0EFF0F002B74D0FF2B00D10B
:108F6C008EE042468021D200C90411437F3B2A0087
:108F7C00E4184B467A408846D2B20A2B75DC4B4635
:108F8C000020022B0FDD494601238B40A621C9008E
:108F9C000B4269D1902189000B4200D000E188215D
:108FAC00194200D0F5E041460904090C434608007B
:108FBC00350C36041B0C360C704369435E435D4321
:108FCC007618030C9B19994203D9802149028C46CF
:108FDC00654400041904000C09188E01701E8641AA
:108FEC001B0C890E5B190E439B011E431B016CD499
:108FFC0023007F33002B00DCB1E0150071070BD090
:10900C000F2021003040042806D00436320103D54D
:10901C006E4B1E400B008033FE2B00DDBDE0B20119
:10902C00520ADBB248E0002E00D092E008239946A9
:10903C00063B9A467B025B0A98467B00FF241B0E7C
:10904C00FF0F002B8AD14246002A64D149460132D7
:10905C00114389460A2908DC7D400120EAB2022925
:10906C0091DC1500002227E015005346022B00D19D
:10907C0093E0032B1AD0012B2CD1002300221BE0F0
:10908C004346FF34002B55D003214B460B431900AC
:10909C000A2B00DC92E00F2B00D08CE08022D20354
:1090AC00164203D04346134200D17DE08022D20306
:1090BC0032435202520AFF23D805ED0710432843CE
:1090CC00E0BCBA46B146A846F0BD012315007108B4
:1090DC001E400E4323008033611C002B41DD7207C0
:1090EC0094D00F223240042A00D08EE78EE7002E57
:1090FC0005D104239946033B00249A4626E7300009
:10910C0002F0EAFB7624431F9E40002364429946FA
:10911C009A46241A1AE7404602F0DEFB4B46241A04
:10912C00763C0A2BA1DC4346053883407D409846AB
:10913C00EAB224E74A46023313432A007A40D2B2F9
:10914C000A2B92DC49461500002926D099460220AC
:10915C0019E70C239946093BFF249A46F6E61500BD
:10916C0021000122D31A1B2B00DD86E79E31320031
:10917C008E40DA40731E9E413243530704D00F23B6
:10918C001340042B00D00432530110D501230022CC
:10919C0092E73D004646824667E7FF2300228BE7B5
:1091AC0080220025D20386E73D001A4383E7920113
:1091BC000023520A80E73D00464677E72A00012348
:1091CC007A408B400320D2B2E9E6C046FFFFFFF79E
:1091DC00F8B54746CE46430280B55F0A9B09450069
:1091EC004A009C464B02C40FCE0F2D0E580A120E8D
:1091FC009909FF2A6BD001235E40AB1AB4424BD0C5
:10920C00002B00DCFFE0002A00D188E0FF2D00D10C
:10921C00EFE08022D204114301201B2B08DC080054
:10922C002022D840D31A99400B005A1E9341184360
:10923C0063461B1A9C4663465B0100D4CDE0634633
:10924C009F01BF09380002F047FB3B000538834003
:10925C00854200DCA2E0B74A2D1A1A4094465A0700
:10926C0000D1C3E00F221340042B00D1BEE0042335
:10927C009846C44463465B0100D4B7E0681CFE2DDD
:10928C0000D0A5E0FF200022C0051043E4072043D6
:10929C00C0BCB946B046F8BD002B00DCEBE1002A9F
:1092AC0046D0FF2D00D1A4E08022D20411431B2B09
:1092BC0000DCFBE0052398462B00C4446246D7082B
:1092CC00FF2B00D195E07A02520AD8B2DCE72B00D2
:1092DC00FF3B9946002918D101235E40B44200D1CE
:1092EC00CAE04B46002B2DD0002D00D03CE1FF23D3
:1092FC006446002C00D15FE15D1E012B00D174E1AE
:10930C003400FF2B74D02B0003E1B44200D19CE05D
:10931C00002B17D0002DEAD0070034006CE0002998
:10932C00CCD05A1E012B2BD0FF2B62D0130073E72D
:10933C000029C3D05A1E012B00D11EE1FF2B58D09F
:10934C001300B4E7FE226B1C1A420DD1002D60D025
:10935C006346002B00D020E1002900D028E18022B8
:10936C000024FF20D2038FE763465F1A7B0100D5F0
:10937C00FEE0002F00D065E700240020002283E7E8
:10938C006346591A4B0100D419E18F01BF0938000B
:10939C0002F0A2FA3B000538834001252022401B35
:1093AC000130121A19009340C1405A1E93411943BF
:1093BC008C460B1EE1D05B0700D152E10F23002538
:1093CC000B40042B00D052E701204A0100D492E05C
:1093DC00C0B263469A01520A56E763465B0705D052
:1093EC000F2362461340042B00D040E72B0065E7A7
:1093FC000700002F00D145E78022D2033A435202E6
:10940C00FF20520A40E7002B79D1FE226B1C1A4236
:10941C00AAD16346002B00D1F5E0002900D1D1E0A0
:10942C005F1A8023DB041F4200D10EE16246012447
:10943C008A1A944600203440002A00D124E70120E7
:10944C001A42C6D10023D7083DE7002B17D0002DB8
:10945C0000D0AFE0FF236546002D00D1ADE05E1ECD
:10946C00012B00D189E0FF2BC2D01B2E00DCABE01E
:10947C004B1D9C46130021E74B46002B70D1FE225E
:10948C006B1C1A425ED1002D00D0C3E06346002B4A
:10949C0000D1D0E0002900D194E00A0062445301CD
:1094AC0000D4D8E092010120520AEDE608002022F7
:1094BC00D840D31A99400B005A1E934103439C4445
:1094CC0063465B0189D50135FF2D00D1DAE6624692
:1094DC0001231949134052080A401A4313009446B9
:1094EC005B0704D00F231340042B00D0BFE6634668
:1094FC005B0100D5C2E66346DF082B00E3E6531B95
:10950C00002D00D1F4E680206446C0040443A44638
:10951C00340001201B2B09DC20256046D840EB1AB7
:10952C0065469D402B005D1EAB4118430B1A9C46B3
:10953C00150080E6FFFFFFFBFFFFFF7DFE226B1C8B
:10954C001342A3D0FF2B00D19CE6614449084A0783
:10955C0049D00F220A40042A45D00A1D9446ADE694
:10956C00002D00D176E78DE63400FF2000228BE63B
:10957C0063460124CF1A344064E661444B016DD537
:10958C0048084449014043072CD00F230340042BC7
:10959C0028D00B1D9C46022390E6002900D12BE716
:1095AC008023DB039F4200D226E7984200D323E7B7
:1095BC000124344007001FE734008C467EE601236B
:1095CC00CF0880E600237EE620206546801B854080
:1095DC0063462800F340451EA84103439C461500F2
:1095EC008C446DE70223CF086DE60F1B7B0128D559
:1095FC00BF01BF09380002F06FF93B00053883400A
:10960C0034000125CAE6002900D1B5E60124070083
:10961C00344058E66346002B00D1E9E6002900D11E
:10962C00EAE68023DB039F4200D2E5E6984200D3B2
:10963C00E2E60700E0E6002900D19EE60023CF0811
:10964C0041E634000123FF083DE6002F00D193E6EC
:10965C000023FF0837E60023D70834E60123CF08A0
:10966C0031E680220B00D20401201340114200D0BD
:10967C00AEE6CF0827E6002B00D15FE7561B002D86
:10968C0001D13300E7E680236046DB0418438446AF
:10969C00EBE6C046FFFFFF7D41024200C30F490AC3
:1096AC000020120E7E2A03DD9D2A02DD094A98183D
:1096BC007047802000040143952A07DC9620821A0B
:1096CC00D1404842002BF3D10800F1E7963A914083
:1096DC00F7E7C046FFFFFF7F70B5002812D0C31715
:1096EC00C5185D40C40F280002F0F6F89E231B1A23
:1096FC00962B0FDC082838D0083885406D026D0A8F
:10970C00D8B202E0002400200025C0052843E4075D
:10971C00204370BD992B14DC421F95402A0015493B
:10972C00114055071CD00F252A40042A18D00431AB
:10973C00CA08490115D59F235202181A550AC0B2FE
:10974C00E3E705222900121AD14002001B32954092
:10975C002A00551EAA410A43064911405507E2D179
:10976C00CA085202550AD8B2CFE76D026D0A8E3084
:10977C00CBE7C046FFFFFFFB10B5041E0DD002F077
:10978C00ABF89E231B1A962B0CDC082834D0083817
:10979C0084406402640AD8B201E000200024C005B1
:1097AC00204310BD992B13DC421F9440144A2240D5
:1097BC0061071CD00F212140042918D00432D40891
:1097CC00520115D59F236402181A640AC0B2E6E749
:1097DC00020021001B3291400A00511E8A410521D2
:1097EC00091ACC401443064A22406107E2D1D4083E
:1097FC006402640AD8B2D2E76402640A8E30CEE7FF
:10980C00FFFFFFFBF0B54F464646D646C0B582B0CB
:10981C00009001910E034C00CD0F710A009E5F0069
:10982C00760F0E43009900920193C90089461903E3
:10983C007B0D9846019B490ADB0F9C46009B009AC6
:10984C005B0F0B434146640DD200611A654500D194
:10985C00A6E0002972DD4746002F00D1DDE0CC4F99
:10986C00BC4200D19AE10127382917DC80273F043C
:10987C003B431F2900DDDDE12027781A1F008740BC
:10988C00BA461700CF408446380057460743604617
:10989C008240CB40501E8241F61A17434B46DF1BC9
:1098AC00B94580414042361A330200D4FFE07602BB
:1098BC00760A002E00D13CE1300002F00DF80300D6
:1098CC00083B20213800CA1AD0409E4002009F401D
:1098DC0032439C4200DDA6E1181B0130091A3E0000
:1098EC008F40C6407B1E9F4113008B4037431F4364
:1098FC00C2403B0016000024134300D1DFE17B077C
:10990C0000D132E30F233A003B40042B04D03A1D24
:10991C00BA42BF417F42F619330200D423E39C4B79
:10992C0001349C4200D1B4E09A4B64051E40640D96
:10993C007707D20876021743360BACE0002900D12A
:10994C007EE04146091B002C00D060E13400484603
:10995C00044300D1C9E14C1E012900D12EE28C4DEB
:10996C00A94200D124E20127382C11DC21001F2947
:10997C0000DD0BE2202437004846641AA740C8409B
:10998C0007434846A040CE40441EA0419B1B0743C2
:10999C00D71BBA4292415242654644469E1A83E70F
:1099AC00002900DC9CE04746002F67D11F001743BD
:1099BC0000D1E4E0481E012900D19BE1744FB9426B
:1099CC0000D1EBE001270100382811DC1F2900DD54
:1099DC00C7E12027781A1F00844687401000C84032
:1099EC00074360468240CB40501E8241F618174315
:1099FC004F444F45804140423618330257D5644B93
:109A0C0001349C4245D00121624B7A081E403940FA
:109A1C000A43F7071743760871E71F00174300D175
:109A2C00ADE04F1EBC46012900D182E1584FB9422E
:109A3C0000D190E161460127382900DD2EE718E7B7
:109A4C00554F611C394200D0D0E0310048461F0010
:109A5C0001431743002C00D03DE1002900D1BCE1AB
:109A6C00002F00D0BFE14B460021D80877070743F1
:109A7C00F00806034C05360B640D0CE0444FBC4259
:109A8C0000D18BE001273829B2DC80273F043B430F
:109A9C009CE70026002724053443ED072C433800AF
:109AAC00210002B0E0BCBA46B146A846F0BD7B0727
:109ABC0004D00F233B40042B00D028E7F808344B8C
:109ACC0077070743F0089C4200D04AE23B0003436F
:109ADC0059D080263603064336032D4C360BDAE775
:109AEC00002961D04146091B002C00D1B9E0284C5B
:109AFC00A04500D1A5E10127382913DC80242404DA
:109B0C0026431F2900DDC8E1202437004846641A8B
:109B1C00A740C84007434846A040CE40441EA04141
:109B2C009B190743BF189742924152424446D6189C
:109B3C0063E7380001F0D0FE030018331F2B00DC64
:109B4C00BFE63A00083882409C4200DD83E01B1BD4
:109B5C00581C1F2800DCB4E117001F3BDF402028F5
:109B6C0005D040231B1A9A40531E9A4117430024D8
:109B7C00002F0AD07B0700D0C4E626009EE74B4698
:109B8C000C00D8089BE70027014C002683E7C04651
:109B9C00FF070000FFFF7FFFFE0700004B46770723
:109BAC00D8080743F00891E7CD4F611C39426BD1BF
:109BBC00310048460143002C00D04BE11F001743F5
:109BCC00002900D181E1002F00D14CE74A444A45DD
:109BDC008041F61840423618330200D5B0E1170028
:109BEC009146374300D03EE7002654E74946891A90
:109BFC008846C145BF41F11A7F42C91B0F0261D48F
:109C0C0047460F4300D1BDE00E00474651E6B54C28
:109C1C00A04500D100E10127382900DDB8E68024F9
:109C2C0024042643A3E6B04EE41A16407B0700D06A
:109C3C003FE743E70F001800203FF84084462029F7
:109C4C0003D04027791A8B401A43531E9A4163461E
:109C5C0017001F4322E6A448E11A10404707C0082A
:109C6C0007E734004846044300D1FAE04C1E0129B2
:109C7C0000D1D7E09B4FB94200D1E2E00127382C4C
:109C8C0000DD4FE721003CE7964CA14200D1DDE01E
:109C9C004A444A458041F31840421818C7075208F5
:109CAC0017434608520705D00F220C003A40042AED
:109CBC0000D02CE67607FF0837430009D9E60027C9
:109CCC000026E8E64946571ABA4292419E1B524278
:109CDC006546B61AEDE5002900D0C6E0002F67D125
:109CEC00802600257F4C3603D5E665460C001E0009
:109CFC00D008E4E64A444A458041F318404218181B
:109D0C001100030200D496E0774B49081840C307B2
:109D1C000B434408490700D129E10F221A40042AB9
:109D2C0000D1EAE01F1D9F42B6417642361902244B
:109D3C00C4E649468F1AB9458041F61A4042361A94
:109D4C00330206D47307FF0801211F43F00890E685
:109D5C0065460124ABE54B467707D8080743F00866
:109D6C00B4E60F001800203FF8408446202903D0A9
:109D7C004027791A8B401A43531E9A4163461700A9
:109D8C001F4335E600250024002684E60C00350030
:109D9C00203CE540202905D04024611A8E404946DC
:109DAC00314389464846411E884107002F43EFE561
:109DBC00D2085F0765461743D80887E6171ABA42D8
:109DCC0092419E1B5242B61A3302C1D47307FF084C
:109DDC00654601211F43F0084BE6002F7BD06546FA
:109DEC001E0091463FE6811A8846C145A441F11AEE
:109DFC006442091B80242404214277D0101A824229
:109E0C00924107009E1B5242B61A374300D0A0E085
:109E1C006546002400263EE65F07D20865461743D8
:109E2C00D80853E6811891429241F018524280189A
:109E3C00030200D568E74707C9080F43C008012192
:109E4C0017E6D2085F071743D8083FE60C00002638
:109E5C00002720E6002956D15F07D2081743D808FF
:109E6C0034E60C001E00D00829E6C1087007014337
:109E7C00F008002F62D080242403204207D0DE0893
:109E8C00264204D165463000D1085B0719434F0FB9
:109E9C00C900C9087F070F4318E60C003000203CAE
:109EAC00E0408446202905D04024611A8E40494662
:109EBC00314389464846411E8841614607000F439D
:109ECC0030E620210027091A0EE51E00002F00D0D5
:109EDC0022E5002458E7002500240026DBE5C046D7
:109EEC00FE070000FF070000FFFF7FFF47460F4300
:109EFC0000D147E70E00C146B5E5DF086407022133
:109F0C0027430009B5E51900C0087707074311433B
:109F1C00F008002900D1D9E580210903084207D0B7
:109F2C00DC080C4204D1D2085B071A43170020004E
:109F3C007B0FFF00FF085B071F43C7E50F00C5E55C
:109F4C00124BD20833405F075B02012417431E0BF0
:109F5C00A1E5264212D00D4B6546020001241E409D
:109F6C00E6E4210085E51700A8E53A00D4E4DB0817
:109F7C0064071C432700022100097AE5C008770713
:109F8C00074365460021F00873E5C046FFFF7FFFDD
:109F9C00F0B5DE46454657464E46E0B587B00092D2
:109FAC0001930B031B0B9B46CA0F4B00040080460E
:109FBC005B0D029200D198E07C4A934237D059460F
:109FCC00420FC9000A43802109041143C200904684
:109FDC00774A894692469A44002300240393009EB4
:109FEC00019F3B031B0B9B467B0030005B0DFD0F61
:109FFC00002B59D06D4A934248D05946720FC90074
:10A00C000A438021090411438B466949F2008C46AE
:10A01C0051466344CB1A9A460021029E6E40F6B21A
:10A02C000F2C00D9CEE0634BA4001B599F465A4617
:10A03C000243914600D090E09A46022390460824B1
:10A04C000393CCE7CB464246029D0399022900D1EB
:10A05C00DEE1032900D18DE0012900D079E12E0049
:10A06C0000220023002490461B052343F6073343AC
:10A07C004046190007B0F0BCBB46B246A946A04604
:10A08C00F0BD002200249046484BEDE75A46009B59
:10A09C001A43494B9C46E244002A59D102231C43E3
:10A0AC00002302219B46B8E75A46009B1A4349D02D
:10A0BC005B46002B00D19CE1584601F00DFC0200E0
:10A0CC0003000B3A1D27009EBA1A19005846D640B9
:10A0DC0008398840320002439346009A8A40374937
:10A0EC0053448A4600219A4497E75B4603439946BA
:10A0FC0021D05B46002B00D169E1584601F0ECFB06
:10A10C000B235B429C460200844466461D239B1B2A
:10A11C00260011005846DE400839884033000343BE
:10A12C00994623008B409846254B00249B1A9A464F
:10A13C000023039353E7002398469A4601330424E3
:10A14C0003934CE701231C43002301219B4664E746
:10A15C000323320003211C435FE79A460323D946AD
:10A16C000C2403933BE700238024984600260F4BD6
:10A17C00240379E780245B4624031C4324032E002C
:10A18C0090460A4B240B6FE780244B462403234252
:10A19C0002D05B462342F0D080244B4624031C4360
:10A1AC002403029E014B240B5EE7C046FF07000010
:10A1BC0001FCFFFF5087010801F8FFFFF3030000CB
:10A1CC000DFCFFFFCB4500D2F8E000D1F3E00123FA
:10A1DC005B429C46444648460025E2445B46170ECB
:10A1EC001B021F43190C3B04120200971F0C9146D3
:10A1FC0002910397FEF71AF802007A430B04210C24
:10A20C00804619438A4209D9009F0123BC465B4210
:10A21C0061449C46E0448F4200D85CE1881A029964
:10A22C00FEF704F8039A240442430904240C0300A7
:10A23C000C43A24206D90099013B8C466444A142CE
:10A24C0000D842E1A01A424612041A4393464B46E8
:10A25C0059461B0C1F0004930B0449460904090CB6
:10A26C000C001B0C5C43120C7B43884651437A4315
:10A27C00270CBC465B186344994203D980214902E0
:10A28C008C466244190C24041B04240C8A181C19D7
:10A29C00904202D316D1A54214D25B46009F013BDB
:10A2AC004D4405934D459B41BC465B426344C018ED
:10A2BC00874200D302E1824200D929E100D124E196
:10A2CC00059B9B462C1BA542AD41009B801A6D4201
:10A2DC00401B834200D10FE10299FDF7A7FF039ABF
:10A2EC000B044243210C050019438A4200D9CBE0F0
:10A2FC00881A0299FDF79AFF039A24044243090431
:10A30C00240C03000C43A24200D9CAE04146A41A13
:10A31C002A041A43049F13041B0C594340467B43E5
:10A32C009C46150C68430B0C844463447D43984253
:10A33C0003D98020400284466544180C09041B0490
:10A34C00090C40195B18844227D323D00123350014
:10A35C001A43944B5344002B60DD510700D086E028
:10A36C002E00D1085A46D20106D55A468E4B1A40B9
:10A37C0080239346DB0053448C4A934200DD80E6F5
:10A38C005A4652070A4390465A465B055402240B20
:10A39C005B0D69E63500002BDBD0009D511EAC46F1
:10A3AC006444AC4200D29EE0844200D2E1E000D191
:10A3BC00EEE00A00CAE7424500D908E74B46DC0745
:10A3CC00580843465B081C434346DD0706E701F08B
:10A3DC0083FA15239C4684440200634620321C2BCE
:10A3EC0000DC92E623000838834099460023984607
:10A3FC009AE601F071FA02000300153220331C2A90
:10A40C0000DC5FE600990838814000228B4666E646
:10A41C0000222E0000249046654B25E62E000121DB
:10A42C00C91A382900DD1BE61F297EDC614814009F
:10A43C0050445B4682408340CC40501E82412343B3
:10A44C001A435B46CB40510709D00F211140042918
:10A45C0005D0111D9142924152429B180A001902DB
:10A46C0000D49BE00022012300249046FCE50F2140
:10A47C001140042900D173E7111D914292415242BF
:10A48C002E00C90893446DE7009B013D9C46614436
:10A49C008B4200D92CE78A4200D829E7851E6144FB
:10A4AC0026E70099013B8C466444A14200D92DE774
:10A4BC00A24200D82AE7831E644427E7874200D0D3
:10A4CC00FEE6A94500D9FBE6F5E6A24200D8B9E6BE
:10A4DC00831E6444B6E68A4200D89FE6BC46831EBF
:10A4EC00984661449AE60A00844200D02EE74B4518
:10A4FC0000D02BE735002CE72A4B2F4A53449245CA
:10A50C0043DB0122002193442CE7AC4200D8D7E670
:10A51C0002235B429C4600994D444D459B41E344CC
:10A52C008C465B426344C018CCE61F204042C31AE1
:10A53C005846D840202904D05946204B53449940C2
:10A54C000A43531E9A410723190002430024114069
:10A55C00134209D008331340042B1DD0131D934212
:10A56C0089411A0049424907D2080A439046002300
:10A57C007AE54946009F4D004D458941BC4649420C
:10A58C006144A946023A6418AEE70122524246E7FA
:10A59C009945EED30A00AAE70021E5E759075B02CB
:10A5AC001C0BE1E7FF030000FFFFFFFEFE070000AE
:10A5BC00FF0700001E04000002FCFFFF3E04000029
:10A5CC00F0B55746DE464E464546E0B50D00040054
:10A5DC00E80F83460903D80F090B824619488C46AD
:10A5EC001F0369005E00490D3F0B760D814218D0A8
:10A5FC0086420FD00120B1420DD1BC450BD1944203
:10A60C0009D1D3451CD0002905D160462043431EF7
:10A61C00984100E00120F0BCBB46B246A946A046DA
:10A62C00F0BD01208E42F6D1614639430F0017432D
:10A63C002743F0D15B465246981A431E9841EAE7ED
:10A64C000020E8E7FF070000F0B557464E464546A8
:10A65C00DE46E0B50D000E034900490D8A46DF0FBA
:10A66C00E90FBC4683B02F4F04008046019158007F
:10A67C0019039146360B090B400DBA451DD0B84253
:10A68C000DD05746002F2AD13443002824D10A4339
:10A69C0036D0002C41D163465800013815E01143E7
:10A6AC0038D15346002B01D12643F4D0019B63458E
:10A6BC0007D1019B5800013807E026432AD15045A9
:10A6CC0021D00120019B5F42384303B0F0BCBB4654
:10A6DC00B246A946A046F0BD002CDCD0E6E7002827
:10A6EC00EFD0019B6345ECD18245EADCE1DB8E4285
:10A6FC00E7D8DED1C845E4D80020C845E5D2D8E774
:10A70C00002CE2D0DDE7114304D1019B6345D8D185
:10A71C000020DAE702204042D7E7019B6345E6D0F0
:10A72C00CFE7C046FF070000F0B557464E464546FA
:10A73C00DE46E0B50D000E034900490D8A46DF0FD9
:10A74C00E90FBC4683B02E4F04008046019158009F
:10A75C0019039146360B090B400DBA451ED0B84271
:10A76C000DD05746002F27D13443002833D10A434C
:10A77C0034D0002C40D163465800013815E0114309
:10A78C0012D15346002B01D12643F4D0019B6345D3
:10A79C001DD00120019B5F42384306E0264303D1C4
:10A7AC005045F6D111431CD0022003B0F0BCBB467F
:10A7BC00B246A946A046F0BD0028EAD0019B6345ED
:10A7CC00E7D18245E5DC02DB8E42E2D80ED0019B5C
:10A7DC0058000138E9E7002CCDD0D7E7002CE4D0A5
:10A7EC00D7E7019B00206345DFD0D2E7C845D0D81E
:10A7FC000020C845D9D2EAE7019B6345E4D0C8E7FD
:10A80C00FF070000F0B557464E46DE464546E0B51C
:10A81C001F000B031B0B16009A46CA0F4B000400BB
:10A82C00914685B05B0D00D1CFE1CD4A934255D016
:10A83C005146420FC9000A43802109041143C2004A
:10A84C009046C84A8A4693469B44002300250293AF
:10A85C003C037B00FA0F0196240B5B0D009200D198
:10A86C0088E1BF4A934200D192E0BE4A94466344C9
:10A87C009B440A2D42DCE400730F23438024494699
:10A88C0024041C43F3000193009B00205940CBB2DD
:10A89C000393022D00DC94E00123AB401D00A623A2
:10A8AC002A00DB001A401D4200D029E290239B00B5
:10A8BC001D4200D14DE20023802499462403A84B6D
:10A8CC0010004A461B052343D2071343190005B059
:10A8DC00F0BCBB46B246A946A046F0BD5246024368
:10A8EC00904600D0ACE19B46022392460825029389
:10A8FC00AEE7009BA2469946019B9846029B022B11
:10A90C0000D1CAE1032B00D192E1012B10D100231D
:10A91C0000240022D4E701227B083A40134352461C
:10A92C00D2071343984653465B089A46039B9946B5
:10A93C005B46581C8023DB005B44002B00DCB1E140
:10A94C00424652070BD00F2241460A40042A06D039
:10A95C004246111D4145924188465242924452460C
:10A96C00D20106D55246804B1A4080239246DB001A
:10A97C00C3187E4A934200DD8FE14246D10852460D
:10A98C0052070A4351465B054C02240B5B0D97E7BB
:10A99C00734B26439C46E344002E00D16FE1032306
:10A9AC0049461D43009B5940CBB203930A2D00DD51
:10A9BC0033E10123AB401D000323029388222A427A
:10A9CC0097D1424643461204120C160001981D0CF6
:10A9DC00030C0004000C4643B4461E006E43009664
:10A9EC00160007005E436146B0466F430E0CB84438
:10A9FC004644B74205D9802149028846009F474406
:10AA0C00009761460904090C370C36048C4631005A
:10AA1C00614401911100260C2404240C61438C46E2
:10AA2C002100694389466146090C884672434A44B1
:10AA3C0042447543914503D98021490288464544D7
:10AA4C00110C884661460904090C8C4612046244B8
:10AA5C00B91802915146090C8C4651460F043F0C13
:10AA6C003900414345448846614641438A46414644
:10AA7C006046090C894658437B4353444B449A45E2
:10AA8C0003D98021490289464844190C894641461C
:10AA9C000904090C8846390061431B044344884669
:10AAAC0061464C4371438C46414677430E0C3F192B
:10AABC00F6194844B44203D9802149028946CC4452
:10AACC000299009F894631044F448946414697427A
:10AADC0092410C04240C4C44FF1852426419A118E6
:10AAEC009F429B41884682465B42994690459241E3
:10AAFC00AC42A441C244D1445242644214439945ED
:10AB0C009B41824592415B42524213434A46360C6A
:10AB1C00A419E31863445B02D20D1A4301999246BF
:10AB2C007A020A43501E8241FF0D17434A465202D5
:10AB3C001743B846DB0100D5EDE60D4B039A5B4499
:10AB4C009146002B00DCACE03A00520700D110E734
:10AB5C000F2258463A40042A00D0F9E609E7C046CD
:10AB6C00FF07000001FCFFFFFFFFFFFEFE070000D8
:10AB7C00FF030000220032436FD0002C00D1C2E052
:10AB8C00200000F0A9FE020003000B3A1D20821ADF
:10AB9C0030001900D04008398C40020022433400A8
:10ABAC008C405946CB1A86498B469B440A2D00DDB6
:10ABBC00A4E64946009B01945940CBB214000020F6
:10ABCC000393022D00DD67E6FBE6534603439846EC
:10ABDC003CD05346002B00D1A3E0504600F07CFE45
:10ABEC000B235B429C4602008444110050460839FA
:10ABFC0088401D23804660461B1A2000D840030065
:10AC0C00404603439A4623008B4098466C4B0025E4
:10AC1C009B1A9B46002302931AE60F2D00D0C9E025
:10AC2C00802352461B031A4202D01C4200D192E0F0
:10AC3C008024534624031C4324034246240B3EE643
:10AC4C009B46032380460C25029301E600239A467B
:10AC5C009B46013304250293FAE501210D430A2D8D
:10AC6C0000DD4BE6494600984140C9B20391022DE4
:10AC7C0000DC96E000230024012001930CE64946F9
:10AC8C000223009A2B435140CAB203920A2B00DDD7
:10AC9C0034E6002D57D1039B994600240022494BE2
:10ACAC000EE658460121C91A382900DD2FE61F2966
:10ACBC0056DD1F2254465242D31ADC40202907D0BD
:10ACCC00414B42469C465346604483401A4390464F
:10ACDC0042460721531E9A410B0022431340002485
:10ACEC00114209D00F231340042B5DD0111D91424A
:10ACFC009B410A005B425B07D2081A430023DFE545
:10AD0C00039B9946FAE5019800F0E6FD020003006A
:10AD1C00153220331C2A00DC38E7019A08388240AF
:10AD2C003FE700F0D9FD15239C468444020063469E
:10AD3C0020321C2B00DC58E70023984623000838EF
:10AD4C0083409A4662E71D000023002402200193F1
:10AD5C00A2E5029032E61C43009B019A9946AEE5AF
:10AD6C001A4B5246C31840469A40C84002434046CC
:10AD7C0098400300581E834154461A43CC40530755
:10AD8C0009D00F231340042B05D0131D934292417D
:10AD9C005242A4181A00230208D5012300240022D1
:10ADAC008EE5894600248BE50023A5E76307640242
:10ADBC00240BA1E7009BA2469946019B984637E7D6
:10ADCC000DFCFFFFFF0700003E0400001E04000006
:10ADDC00F0B557464E464546DE46E0B583B000908A
:10ADEC0001910C034D00CE0F610A009C5F00640FB3
:10ADFC000C43009900920193C80019037B0D9946EE
:10AE0C00019BCC4FDB0F9C464B0A00998046490FA7
:10AE1C001943009B8B46DA0092466D0DB94500D163
:10AE2C00BFE00123614659404B468C46EB1A8E42DB
:10AE3C0075D0002B00DCA3E24946002900D1CEE0FE
:10AE4C00BD4200D100E20127382B19DC802759467E
:10AE5C003F0439438B461F2B00DDFAE12027F91AFA
:10AE6C008C4659466746B9400F001100D9400F4334
:10AE7C0061468A40511E8A415946D9401743641A8B
:10AE8C00C71BB84280414042241A230200D440E13F
:10AE9C006402640A002C00D154E1200000F01CFD77
:10AEAC000300083B20213800CA1AD0409C40020005
:10AEBC009F4022439D4200DDA6E1581B0130091A38
:10AECC003C008F40C4407B1E9F4113008B402743A6
:10AEDC001F43C2403B0014000025134300D1F7E18F
:10AEEC007B0700D177E30F2338003B40042B04D0C1
:10AEFC00381DB842BF417F42E419230200D468E3F5
:10AF0C008C4B01359D4200D1F4E08B4B6D051C4000
:10AF1C006D0D6707C00864020743240BECE0002B9F
:10AF2C0000DC29E34946002900D0D6E059461143FC
:10AF3C0000D12EE1591E012B00D1E6E1BB4200D11C
:10AF4C0082E101270B00382914DC1F2B00DD3CE2C9
:10AF5C002027F91A8C4659466746B9400F00110054
:10AF6C00D9400F4361468A40511E8A415946D94007
:10AF7C00174364183F18874280414042241823022B
:10AF8C0000D4C6E06B4B01359D4200D1B2E00121EB
:10AF9C00694B7A081C4039400A43E7071743640899
:10AFAC009EE7664B11438A46EB18002928D066456C
:10AFBC002CD0002B5BD0002D00D12CE15B466646DB
:10AFCC005F07D2081743DD083B002B4300D1E2E0BA
:10AFDC00802424032C432403564D240B8CE0594627
:10AFEC00114300D1D5E0591E012B00D1B9E1BB4270
:10AFFC0000D1B1E101270B00382900DD40E72AE739
:10B00C006146012779408C466645D2D1002B00D190
:10B01C00C5E0002D00D055E14B462500054300D17D
:10B02C0012E2591E8C46012B00D149E2414DAB4234
:10B03C0000D18FE20127382911DC63461F2B00DD7C
:10B04C005BE26146202327005B1A050098409F4075
:10B05C00CD40431E9841CC402F430743A344BF1817
:10B06C009742924152425A4414004D4687E7344F5E
:10B07C006B1C3B4200D0B6E05946230011430F0035
:10B08C000343002D00D026E1002B00D1C0E10029A4
:10B09C0000D1A1E0831A98465B464045AD41E31AC6
:10B0AC006D425B1B80252D042B4200D14BE15B468E
:10B0BC00101A824292411C1B070001266346524221
:10B0CC00A41A27431E40002F00D142E12C4200D18C
:10B0DC006DE2194B01251C401BE7BD4200D13BE141
:10B0EC000127382B00DD45E7802759463F043943BB
:10B0FC008B462AE7002400272D052543F607354308
:10B10C003800290003B0F0BCBB46B246A946A046A5
:10B11C00F0BD7B0704D00F233B40042B00D0E7E6A7
:10B12C002B00F808034A67070743E508934200D150
:10B13C004AE7A5E0FF070000FFFF7FFF01F8FFFFD4
:10B14C00FE070000380000F0C7FB030018331F2B6C
:10B15C0000DCA7E63A00083882409D4200DD8AE018
:10B16C005B1B581C1F2800DCD8E117001F3BDF407D
:10B17C00202805D040231B1A9A40531E9A4117438E
:10B18C000025002F00D1E5E07B0700D0ABE62C00BA
:10B19C00C6E7C008C6E700270024D14DACE7D14F65
:10B1AC006B1C3B4271D123000343002D00D04EE1B8
:10B1BC005746002B00D1B5E1002F0DD083188342E8
:10B1CC0080415C4440422418220200D5C8E11F0093
:10B1DC009846274300D1BCE043466707DB081F4372
:10B1EC00E50800234CE0831A98465B464045BF4176
:10B1FC00E31A7F42DB1B1F027CD447461F4300D15E
:10B20C00A6E01C00474645E6B74CED1A14407B07F8
:10B21C0000D080E784E74B462500054366D05F1ECF
:10B22C00012B00D1FCE0AE4DAB4200D15EE1664695
:10B23C00382F00DCB4E00120171ABA4292415B4669
:10B24C0052424D469C1A20E66707C0080743E508A2
:10B25C00BAE61F005946203FF9400F00202B05D0BD
:10B26C004021CB1A594699400A43924653465A1EDE
:10B27C0093411F4304E6EB1A9B4D15406F07ED08F5
:10B28C002C035D05240B6D0D36E7954DAB4200D1BB
:10B29C00D6E082182100824280415944404208186D
:10B2AC00C707520817434408520700D485E10F2200
:10B2BC001D003A40042A00D01AE6FF086407274311
:10B2CC000509DDE75B46D2085F071743DD087BE61F
:10B2DC000027002410E7002B00D0D6E0002900D076
:10B2EC002FE1802400267E4D240305E766465C464C
:10B2FC00D00817E75B46171ABA4292411C1B01266D
:10B30C0063465242A41A1E40C4E58318834280410E
:10B31C005C44404225182A0200D4DAE0724A5B08E9
:10B32C001540EA071A4369085B0700D44AE10F236A
:10B33C001340042B00D1FCE0171D9742A44164423A
:10B34C0002256418ECE647461C001F4300D043E777
:10B35C00002600250024CFE6C00867070743E50850
:10B36C0032E6871A5B46B8428041E41A4042241AFE
:10B37C00230228D46307FF081F43E50801237FE756
:10B38C00002B00D173E64B465F1B3B00002D00D118
:10B39C0042E7382F00DDECE080230E001B041C4339
:10B3AC001F2F25DC20252300ED1B0100A840AB40FE
:10B3BC00F940451EA8410B43FC4018435B461B1B40
:10B3CC009B4639E76646012562E51F005946203F3A
:10B3DC00F9408C46202B05D040275946FB1A994042
:10B3EC000A43924657467B1E9F4163461F43C1E565
:10B3FC003B002500203BDD40202F04D04023DB1BED
:10B40C009C40204380464046431E9841284313E706
:10B41C0000299DD0012663465C4690461E40DBE623
:10B42C00171A5B46BA4292411C1B5242A41A2302C1
:10B43C00C8D46307FF081F4366460123E5081FE7CE
:10B44C001D000024002757E65C46D0086AE6002B56
:10B45C0000D137E75346C00867070743E508002BC0
:10B46C0000D1B1E580231B031D4208D05946C80802
:10B47C00184204D1D20849070A43170005007B0F74
:10B48C00FF00FF085B071F439EE5C00863071843D6
:10B49C00E508002953D080231B031D420AD05946CE
:10B4AC00CC081C4206D1012663462500D00849076A
:10B4BC0008431E40470FC000C0087F07074383E5C1
:10B4CC008318934292415C445242A5182A0200D53B
:10B4DC0024E76F07DB081F43ED080123D0E6C046C5
:10B4EC00FF070000FE070000FFFF7FFF5B46D2084E
:10B4FC005F0766461743DD0866E52500203BDD4007
:10B50C006346202B05D0402361465B1A9C402043A8
:10B51C00804647467B1E9F412F43A0E520210027F4
:10B52C00091AD2E4002F00D113E75C46170000255E
:10B53C00F6E5D708490702230F432D09A0E60700BB
:10B54C0042E55B4601265F07DD086346D2081743D8
:10B55C001E4039E55B46D2085F071743DD0833E52B
:10B56C001E4ADB0822405707520201251F43140BC9
:10B57C00C2E50E0001205FE6002B0DD04B465B1B95
:10B58C009C46002D00D148E50127382B00DD66E5EF
:10B59C0080231B041C4350E56B1C114D2B4200D027
:10B5AC0073E65946230011438A46034300E66707B6
:10B5BC00C00800230743E50862E66407FF08274339
:10B5CC0005095DE6D208490711430F0002232D0936
:10B5DC0056E60700A4E538008FE4C046FFFF7FFF66
:10B5EC00FE070000F0B5C6461E03360BB0460D4EE6
:10B5FC000C034D005F0000B5240B6D0D7F0DB542A3
:10B60C000BD0084900208F4204D146461643300027
:10B61C00431E984180BCB846F0BD04430120002C69
:10B62C00F8D1EEE7FF0700000B00020070B5164DD5
:10B63C000C0382B04900002000920193240B490DA9
:10B64C00DE0FA94204DD1148814203DD104BF018D6
:10B65C0002B070BD8020400320430E4C641A1F2C96
:10B66C0008DD0D4B5B1AD84003005842002EEFD179
:10B67C001800EDE7094B009A9C46030061448B408F
:10B68C00E2401343F1E7C046FE0300001D04000036
:10B69C00FFFFFF7F3304000013040000EDFBFFFFEE
:10B6AC0070B5002816D0C317C5185D40C40F28000C
:10B6BC0000F012F9104B1B1A5B055B0D0A2814DC09
:10B6CC0002002E00153296400B22121AD5402D0383
:10B6DC002D0B03E000240023002500261B052B4323
:10B6EC00E40723433000190070BD0B3885402D034F
:10B6FC0000262D0BF2E7C0461E04000010B5041EF8
:10B70C0010D000F0E9F80E4B1B1A5B055B0D0A28F4
:10B71C000FDC0B222100121AD14015300A03844091
:10B72C00120B01E0002300221B051343200019001B
:10B73C0010BD22000B38824012030024120BF3E7D9
:10B74C001E04000070B542024300C40FFE201B0E05
:10B75C00591C550A08420CD0E02189008C466D0713
:10B76C00120B63441B051343E40723432800190001
:10B77C0070BD002B14D1002D1BD0280000F0ACF8AC
:10B78C000A281CDC0B232A001B1ADA400300153391
:10B79C009D400E4B12031B1A5B05120B5B0DE1E770
:10B7AC00002D09D0130B802212031A436D07084B8E
:10B7BC00D8E700230022D5E70022054BD2E703008F
:10B7CC002A000B3B9A400025E3E7C04689030000A2
:10B7DC00FF070000F0B54B000F035B0D3A4C450F13
:10B7EC0083B07F0A5E1C2F4300900191CA0FC500E5
:10B7FC0026420BD035495C18FE2C13DDFF200023AC
:10B80C00C0051843D207104303B0F0BD3D43002BD5
:10B81C0001D10020F4E7002DF0D08023DB03FF20C2
:10B82C003B43EDE7002C0CDD009BFF009B01581EF9
:10B83C008341690F3B430B43590727D1DB08E0B227
:10B84C00DEE72100173131DB80211E20090439434A
:10B85C00001B1F282DDD02267642341B0E00E6400D
:10B86C003400202804D01A488446634499400D4380
:10B87C002B00591E8B412343590703D00F2119402C
:10B88C0004290BD19B0100205B0AB9E70F21194059
:10B89C00042904D19B015B0AE0B2B1E70024043314
:10B8AC005901F7D501340023E0B2A9E700200023A9
:10B8BC00A6E7084C1C192B00A540C340A140681EEC
:10B8CC00854129430B43D7E7FE07000080FCFFFFAF
:10B8DC00A2FCFFFF82FCFFFF1C2101231B049842EA
:10B8EC0001D3000C10391B0A984201D3000A083905
:10B8FC001B09984201D30009043902A2105C4018BC
:10B90C007047C0460403020201010101000000005F
:10B91C000000000010B5002903D1FFF7DDFF203037
:10B92C0002E00800FFF7D8FF10BDC04682B073B527
:10B93C006C460091079321000300626060C960C3EC
:10B94C0007AA60CA60C313001500103006CB06C0EE
:10B95C0001220098616803F081F869680122099856
:10B96C0003F07CF873BC08BC02B0184737B5040070
:10B97C0003F070FCA068A38902691342FCD0016932
:10B98C000A001A401942FAD101AD2068616803F02F
:10B99C0065F829000122032003F08EFB03CC012261
:10B9AC0003F05CF803F054FC28786B7800041B025D
:10B9BC001843AB7818433EBDF0B5094985B0094B27
:10B9CC0001ACC0CBC0C40B004968074A00911B688E
:10B9DC00064811685268FFF7A9FF05B0F0BDC046D4
:10B9EC00540000204C0000203C000020CC02002021
:10B9FC0010B50348FFF7BAFF80231B04584010BD55
:10BA0C00CC02002010B50548FFF7B0FF80231B04C3
:10BA1C005840984201DA024B181A10BDCC02002093
:10BA2C00FFFF7F0070B504250024FFF7E1FF013D07
:10BA3C002418002DF9D10723E01718400019C01065
:10BA4C0070BD0000F0B504000525002699B00392E6
:10BA5C000F0048227C4906A804930BF026FB631FB9
:10BA6C0001937A4B02937A4B0593019BAB4257DCC3
:10BA7C0000221E9B1E80774B1A70774A1278029216
:10BA8C00764A964200D874E001251D70714B744AB9
:10BA9C001B782C000192002B1ED0029B714E002BA8
:10BAAC0000D1A0E0704B1B78002B00D19BE06F4BBA
:10BABC001B78002B00D196E06D4B7C1E1C60012284
:10BACC00694B1A70974201D16A4B1F70FA22338866
:10BADC0092009B189BB233805F4B1B78002B0CD0D1
:10BAEC00614B1B78002B08D0604B1B78002B04D0CB
:10BAFC005F4B1B68AB4200DA1C00019B1B78002BD0
:10BB0C0009D05D4B1B78002B05D15C4B039AD35CA1
:10BB1C00A34200DC5C1E201E00DC012019B0F0BD2D
:10BB2C00029B6A00985AFFF7BBFD0022544BFFF7AB
:10BB3C004FF9FFF779FDC317C4185C40059B6A00E9
:10BB4C00985AFFF7ADFD00224D4BFFF741F9FFF777
:10BB5C006BFDC317C018584082B2231CA4B2944288
:10BB6C0000D2031C9AB2B24200D2331C9EB20135F1
:10BB7C007BE7029B002B04D001223C4B1A703C4B00
:10BB8C001F60092301937B1E06ACDB00E3180593B1
:10BB9C00019D30006B1E0193FFF782FD226C636CDC
:10BBAC00FEF730FE059B083C1A685B68FEF7F0F95F
:10BBBC00344A354BFCF740FC002803D1019B002B89
:10BBCC00E6D10125264B1B78002B00D15EE7052F13
:10BBDC0000DC5BE7BD4200DC58E72C4B9E4200D8F2
:10BBEC0054E77D1C52E70624A74207DC023C062FD3
:10BBFC0004D03C00032F00DD0324013C019B029A7E
:10BC0C001B78002A00D05AE7002B00D15EE7049B7A
:10BC1C00002B0ED0039B1E4A013BD35C032B08D890
:10BC2C0001221C4B1A701C4B1C6033881B199BB2D5
:10BC3C003380114B1B78002B00D047E70F4B039A36
:10BC4C00D75402F0D3F841E7808601086C570020E6
:10BC5C007C4C0020FE030020E90100205B3F00002B
:10BC6C00426300207E660020DA640020D864002045
:10BC7C0014020020D9640020B40A00205E63002066
:10BC8C0080FFCF409A99999959CCCC4070170000FD
:10BC9C00D4030020DB64002010020020F8B516004D
:10BCAC001F000C001C4B00223900451E3000FCF715
:10BCBC00BDFB1A4B002803D1194A1278002A1AD15D
:10BCCC005A5D0132D2B25A55002C04D0611E5A5C16
:10BCDC000132D2B25A545A5D072A01D907225A5559
:10BCEC00002C05D0013C1A5D072A01D907221A55F0
:10BCFC00585DC0B2F8BD5A5D002A03D05A5D013AB6
:10BD0C00D2B25A55002CE6D0611E5A5C002AE2D001
:10BD1C005A5C013ADDE7C04600002E40D4030020F7
:10BD2C00FD03002010B5D02200210B480BF028F9A0
:10BD3C0000230020094A0A4913700A4A13700A4A60
:10BD4C0010605160094A0A480A49106051600A4A59
:10BD5C00137002F0CDF810BD60620020D2030020F9
:10BD6C0000002E40D30300202000002010000020F3
:10BD7C000E2DB29DEFFF5840D103002010B5682264
:10BD8C00002103480BF0FCF801F082FF10BDC04607
:10BD9C00506400200023190010B5044AD15401331B
:10BDAC000D2BFBD102F000F810BDC046D4030020CF
:10BDBC00F0B585B002F031FB0C22594B02901B7888
:10BDCC000192002B01D104330193564B564A1D7836
:10BDDC0000231C0018009D4258DCFFF78FFC534BCE
:10BDEC000022FEF70FFD524B06001B780F00002BB4
:10BDFC0056D02800FFF754FC0B000200390030002D
:10BE0C00FEF7C6F84B4B06001B780F000425002BE1
:10BE1C0012D0494B013D1B78AB420DD8474B1B78D8
:10BE2C00002B04D0464B02351B78002B04D0019B11
:10BE3C00029A934238D80225280001F03BFE019B60
:10BE4C00029A934207D13F4C2378002B03D1FFF782
:10BE5C0069FF012323703C4B1B78002B13D000226D
:10BE6C0030003900394BFCF705FB00280BD0384A61
:10BE7C001368012B07D1022010602D4A137002F0B9
:10BE8C00E3F8FFF787FF280005B0F0BDD15C05296A
:10BE9C0003D90130C0B201339DE70134E4B2FAE7B3
:10BEAC002800FFF72BFCA7E72A4B2B490393002212
:10BEBC0008684968294BFCF7B9FA002815D1284BBA
:10BECC001B78002B17D1002230003900254BFCF7D2
:10BEDC00D1FA0028AFD1244B002230003900FCF7F6
:10BEEC00C9FA431E98410500A6E702F0B1FA0228F0
:10BEFC00E5D80625A0E70025042C03D80235AC4272
:10BF0C0000D9013D039900228031144B086849681F
:10BF1C00FCF78CFA002800D18EE7022DE9D18AE7D4
:10BF2C008C6600204D020020D403002000005940F4
:10BF3C00446300208E660020C86400204402002068
:10BF4C00B0650020C0030020E8010020000049403B
:10BF5C00EC010020D0090020500A002000002E40E7
:10BF6C00D103002000C0524000004E400C4B70B575
:10BF7C0018780C4B03221C780525002306260A4949
:10BF8C00002800D02A00002C00D03200CA54013303
:10BF9C000D2BF5D10022054B1A7001F051FF70BD2D
:10BFAC0041630020E8010020B8640020C764002031
:10BFBC00F0B58BB005900091012900D0AEE041683E
:10BFCC0000680BB0F0BD3800FDF786FB059AFB004E
:10BFDC00D318019018685968FFF7FCFB7C49FCF7F3
:10BFEC00CFFD011C281CFCF7D9FB0199051C301C4A
:10BFFC00FCF7D4FB0199061C081CFCF78FFF011CF5
:10C00C00201CFCF7CBFB0137041C009BBB42DADC89
:10C01C001800FDF761FB071C011C301CFCF7B0FD80
:10C02C00391C0690281CFCF7ABFD391C0790201C12
:10C03C00FCF7A6FD0024002608900394271C02940C
:10C04C000194009BB3426EDC03990198FCF766FFE8
:10C05C00391C051C381CFCF761FF011C281CFDF762
:10C06C00B7F80399051C0298FCF758FF211C061C15
:10C07C00381CFCF753FF011C301CFDF7A9F8291CD8
:10C08C00FCF77EFD211C061C0198FCF747FF391CB0
:10C09C00041C0298FCF742FF011C201CFDF798F8C9
:10C0AC00291CFCF76DFD041C00980138FDF714FBEE
:10C0BC00311C051C0698FCF731FF011C0798FDF795
:10C0CC0087F8211C071C0898FCF728FF011C381C5A
:10C0DC00FDF77EF8291C071C301CFCF71FFF011C08
:10C0EC00381CFCF75BFB291C061C201CFCF716FFFC
:10C0FC00291CFCF713FF011C301CFCF74FFBFE2125
:10C10C008905041CFCF7E6F9002858D10021201CF5
:10C11C00FCF7CCF9002854D0002452E0002400276E
:10C12C00251C261C71E73000FDF7D6FA0699051C74
:10C13C00FDF74EF8011C0490FCF7F0FE011C019871
:10C14C00FCF72CFB059AF300D3180190186859687A
:10C15C00FFF740FB1E49FCF713FD0799FDF738F874
:10C16C00011C09900498FCF7D9FE011C0298FCF7FD
:10C17C0015FB291C0290281CFCF7D0FE0899FDF732
:10C18C0027F8051C011C0498FCF7C8FE011C381C80
:10C19C00FCF704FB291C071C281CFCF7BFFE011C28
:10C1AC000398FCF7FBFA291C03900998FCF7B6FEE0
:10C1BC00011C201CFCF7F2FA0136041C41E7FE249A
:10C1CC00A4050349201CFCF7A9FEFFF7BBFAF8E60F
:10C1DC0000FEFF46FFB516001F002C4B0C00002282
:10C1EC00300039001B78FFB0294BFCF725F9294D9D
:10C1FC0000281BD00022002330003900FCF730F956
:10C20C00002813D0002C11D10022AA56224C234B0B
:10C21C00D10001325B1820002A702149C822C83491
:10C22C001E605F600AF09AFE2660676000241D4B5A
:10C23C002C571D78002C3DDC002D00D071E2002322
:10C24C00194C009301940023124AD356192B04DD88
:10C25C001A3B13700122134B1A70144B0099019A5C
:10C26C0019605A60124B00221C685D680E4B20004E
:10C27C002900FCF7DBF8002801D100940195009807
:10C28C00019983239B009D44F0BDC046926600201B
:10C29C0000002C40D2030020E80200206062002045
:10C2AC00F0020020D303002000002E4008000020E4
:10C2BC00000000201A230A93002D00D10A94D022EA
:10C2CC0000211AA80AF05CFE210000231231D24A88
:10C2DC0004911A390293009206919C4202DD069950
:10C2EC00994204DD002D10D0049999420DDCD9003F
:10C2FC008C461AAA9444009A8918624608684968C0
:10C30C00106051600299013102910A9A01339A42EC
:10C31C00E3DC0822C14B1A211AA80AF0B5FB029BD8
:10C32C00029ADB0F9B185B10D20700D4FCE1DB00F8
:10C33C001AAA9B185C681B6800930194B84C22687D
:10C34C00636804920593029B052B00DCE1E000225C
:10C35C0030003900B34BFCF769F8002800D0D8E066
:10C36C00049805990022AF4BFCF760F8002801D027
:10C37C00266067601C981D99A94B32005C681B688D
:10C38C00049305943B00FCF757F800280BD1049A52
:10C39C00059B30003900FEF71BFD0022A24BFCF779
:10C3AC005FF800280AD0A14B1A78A14B002A00D1C3
:10C3BC00CFE101221A6000229C4B1A70029B1AAA30
:10C3CC00023BDB009B1819003200086849683B00EF
:10C3DC00FCF746F800280BD1049A059B3000390075
:10C3EC00FEF7F6FC0022934BFCF726F800280AD047
:10C3FC00914B1A788E4B002A00D1B1E101221A60C0
:10C40C0000228D4B1A708A4B00251A68022A01DD16
:10C41C001D6001350298FFF743F90022874BFDF7A9
:10C42C00B7FDFFF701F91AAAC3009B181900049A6B
:10C43C00059B040008684968FBF7FEFF002800D044
:10C44C0095E1029B1AAA013B1B1BDB009B181900F0
:10C45C00049A059B08684968FCF702F8002800D08C
:10C46C0085E1002D55D0764B764CD02200214EA87C
:10C47C00069307940AF084FD0023734D4EAC0B9386
:10C48C002A686B680C920D930C980D99009A019B7D
:10C49C00FEF79EFC4B005B080F930E9006000F00FE
:10C4AC000E980F990022694BFBF7DAFF002800D198
:10C4BC0060E1009A019B226063600B9B083D013395
:10C4CC000B930B9A029B08349342D9D119004EA8B6
:10C4DC00FFF76EFD524B06000F000B930020069ADF
:10C4EC00079B5A49FEF774FC049A059BFEF78AF9E0
:10C4FC00320004000D00069807993B00FEF782F904
:10C50C000B00020029002000FDF77CF90B9B186042
:10C51C0059600024002600274D4B3F4D1B785BB221
:10C52C000493083B06934B4B1B780B93049B1233E1
:10C53C000C93049BA34202DD069BA34205DD0B9BDF
:10C54C00002B16D00C9BA34213DC009A019BE1003C
:10C55C00491908684968FEF73BFC02000B00FEF71E
:10C56C0051F902000B0030003900FDF74BF90600C1
:10C57C000F000A9B0134A342DBDC0298FFF790F812
:10C58C0002000B0030003900FDF702FD0BF004FC3B
:10C59C000A001490159101002F4B19605A6000226B
:10C5AC002E4B1A702E4B1B78934204D12D4B1B78BB
:10C5BC00934200D000E12C4B2C4C214E1093119443
:10C5CC00204F049B032B03D10B9B002B00D1F8E0D5
:10C5DC0080240023E4050E930F94002200230024F2
:10C5EC000C920D930C4B06941693049B013B1793E2
:10C5FC00049B12331893049B083B1993049BA3428E
:10C60C0002DD199B9C4233DA0B9B002B6FD0189BDD
:10C61C009C426CDB2CE0C0466062002011120108C9
:10C62C000000002000002E400000E03FB803002076
:10C63C00BC0300200000E0BFB9030020000018403C
:10C64C009A9999999999C93F780300200000F03F75
:10C65C00D2030020D303002018000020D0030020B8
:10C66C0041630020E8010020333333333333C33FBD
:10C67C00169AE3009B181A685B681292139312982F
:10C68C001399009A019BFEF7A3FB029003910E985D
:10C69C000F99029B0893039B5B005B080993149A08
:10C6AC00159BFEF7AFF802000B0008980999FBF7F1
:10C6BC00C3FE002808D1109A119B08980999FBF722
:10C6CC00BBFE002800D17FE00898099932003B009E
:10C6DC00FBF7B2FE002877D00C980D99069B01331E
:10C6EC000693129A139BFDF78DF80C900D910A9BF3
:10C6FC000134A34200DD81E7069B002B00DCA2E5A0
:10C70C001800FEF7CDFF02000B000C980D99FDF7F9
:10C71C003FFC0A000090019101004C4B19605A60DB
:10C72C0091E51A230A93CAE55A1E1AA9D200521887
:10C73C001100DB001AAA9B181A685B680868496824
:10C74C00FDF760F80022424BFEF75CF80090019177
:10C75C00F4E51A6801321A6001223E4B1A702AE67F
:10C76C001A6801321A6001223B4B1A7048E600230A
:10C77C00374C7AE6394A30003900394BFBF770FEFA
:10C78C00364A002807D000980199354BFDF73AF846
:10C79C002060616091E630003900324BFBF74CFEB3
:10C7AC00002802D10C9A0D9B85E62C4A2C4B009844
:10C7BC000199FEF70DFBEBE72B4E2C4F10961197C2
:10C7CC00FFE600232A4C06E7179B9C428FD1294A8F
:10C7DC001578002D8BD028490B8864339BB20B80C5
:10C7EC0000231370254A13700122254B1A70254B18
:10C7FC0000221B78002B13D1029803990023FBF71E
:10C80C001BFE002819D0204A1368013313601E4BFD
:10C81C001B68032B00DC6AE701221C4B1A7066E7CD
:10C82C00002302980399FBF71BFE051EEBD1012296
:10C83C00154B1A60134B1D7059E70022029803998F
:10C84C000023FBF70DFE0028F1D1E0E720000020CB
:10C85C000000E03FB9030020B80300209A99999991
:10C86C009999B93F9999B9BF333333333333D33FA4
:10C87C000000F03FFD0300207E660020FC0300203A
:10C88C00D003002030000020F8030020F503002026
:10C89C00F8B506000F0014001D00FBF7EBFD002897
:10C8AC000CD0069A079B30003900FBF7CFFD00280F
:10C8BC002FD034003D0029002000F8BD22002B00B1
:10C8CC0030003900FBF7C2FD00280FD0069A079BF9
:10C8DC0030003900FBF7CEFD0028EAD1069A079B01
:10C8EC0020002900FBF7B2FD0028E4D122002B0028
:10C8FC0030003900FBF7BEFD002807D0069A079BD5
:10C90C0020002900FBF7B6FD0028D4D1069C079D1A
:10C91C00D1E722002B0030003900FBF787FD0028FF
:10C92C00ECD0D3E7F0B51F00714B8BB01B78160021
:10C93C0008900991002B05D100246E4D2000290090
:10C94C000BB0F0BD00226C4B30003900FCF75AFFE5
:10C95C0002000B0000206949FDF71AFB02000B00D6
:10C96C000290039100206649FDF712FB0022654BF3
:10C97C00FEF72EFA029A039B04000D000020624978
:10C98C00FDF706FB00225F4BFEF722FA109A119B73
:10C99C000090019120002900FFF77AFF020000208F
:10C9AC000B005A490090019100205949FFF770FF84
:10C9BC000022584B04900591FEF70AFA564A574B41
:10C9CC00FDF720FF0BF07AF9554B0690079108986C
:10C9DC0009990022FEF7FCF9524B04001B780D005C
:10C9EC00002B4CD10698079900224F4BFCF70AFFFD
:10C9FC0002000B004D484E49FDF7CAFA4D4A4E4B0A
:10CA0C00FCF700FF06000F000498059900224B4B21
:10CA1C00FEF7DEF932003B00FDF7F4FE22002B009E
:10CA2C00FCF7F0FE434A04000D00434B3000390084
:10CA3C00FEF7CEF90022424BFDF7E4FE02000B009C
:10CA4C0020002900FCF7DEFE3E4A3F4BFDF7DAFEE4
:10CA5C00029A039BFDF7D6FE0022002304000D0072
:10CA6C00FBF7EAFC002800D066E700222000290032
:10CA7C00364BFBF7F5FC002800D05DE75EE7320093
:10CA8C003B0000203249FEF7A3F90022194BFDF7B9
:10CA9C00B9FE00222E4BFDF77BFA109A119BFCF786
:10CAAC00B1FE02000B0010981199FBF7D9FC002283
:10CABC0000281BD010981199154BFBF7D1FC0022C4
:10CACC00002813D010981199114BFEF781F9020030
:10CADC000B0000201F49FEF77BF902000B00200021
:10CAEC002900FEF775F91C4A1C4BAFE7194BF6E70A
:10CAFC00FD03002000002E400010714000A0724089
:10CB0C00004C98400000894000A89B4000C08C401D
:10CB1C000080864000E08A409A9999999999C9BFFA
:10CB2C0000908040416300200000F03FC01E85EB68
:10CB3C0051B89E3FA4703D0AD7A3E83F00488C40F3
:10CB4C0000408F403BDF4F8D976E92BF00002C4012
:10CB5C000000344000405A40C217265305A392BF30
:10CB6C00F0B5002201260400094F0A488A4200DB76
:10CB7C00F0BD0825A35C5840030033405B423B40AA
:10CB8C0040085840013D80B2002DF5D10132EDE74F
:10CB9C0001A0FFFFFFFF00000122024B1A800022C0
:10CBAC005A807047E203002070B5084C05002378CA
:10CBBC000E00002B01D1FFF7EFFF31002800FFF72B
:10CBCC00CFFF01236080A080637070BDE203002062
:10CBDC0010B5FFF7E9FF014B187910BDE2030020F7
:10CBEC000020034B5A78824200D058797047C046D7
:10CBFC00E203002070B504000D000022616800689B
:10CC0C0001F02CFF29000122032002F0FBF903CCD8
:10CC1C00012201F023FF70BD7FB56B4600915A6075
:10CC2C0019000200050011C911C2012200985968AF
:10CC3C0001F014FF0126282303AC280021002380D7
:10CC4C00A670FFF7D7FF3823280021002380A67099
:10CC5C00FFF7D0FF02232800F61821002380A670CE
:10CC6C00FFF7C8FF302328002100A6702380FFF7B0
:10CC7C00C1FF7FBD07B590220B001202914200D973
:10CC8C001300182201A90A701A0A4A708B70FFF758
:10CC9C00B1FF07BD07B590220B001202914200D9DB
:10CCAC001300192201A90A701A0A4A708B70FFF737
:10CCBC00A1FF07BD00880B88C01A7047F0B51F0094
:10CCCC0000250C0085B08B00060018580A9B0392B7
:10CCDC0018603D60039B9C4201DB00251BE0A30018
:10CCEC000293F3580193002D08D1191CFBF7DEFBBE
:10CCFC00431E9841050001980134EBE70199FBF7BD
:10CD0C00E9FB0028F7D0029B0A9AF318043B1B6836
:10CD1C00013C3C601360280005B0F0BDF0B50C0080
:10CD2C000600002785B003938B00195893000192DD
:10CD3C001B580A9A019D1360013C019B9C4207DD24
:10CD4C00002F0DD0631BDA179B185340052B07DD02
:10CD5C00039B0A9A1D60AD00AB59136005B0F0BD82
:10CD6C00A300F358181C0293FBF7B4FB002806D061
:10CD7C00002F01D1651C01370299013CDDE707004A
:10CD8C00FAE7F0B50C000600002785B003938B0082
:10CD9C001958930001921B580A9A019D1360013493
:10CDAC00019B9C4207DA002F0DD0631BDA179B18EE
:10CDBC005340052B07DD039B0A9A1D60AD00AB5950
:10CDCC00136005B0F0BDA300F358181C0293FBF7D9
:10CDDC0081FB002806D0002F01D1651E0137029976
:10CDEC000134DDE70700FAE770B50D0004000222FC
:10CDFC00044B09F049FEE90F4919491089000859FB
:10CE0C0080B270BDC1CC0008F0B50D0000241F4BE2
:10CE1C0085B002931E4B21310190203D009103936C
:10CE2C00009B9D420BD11B49201CFBF7A9FEFEF772
:10CE3C0089FC0AF0B1FFFEF7CDFC05B0F0BD029AFB
:10CE4C006B00D05A039AD35AC01AC317C018584053
:10CE5C00FCF742FC019AAB00D158FCF7B9F9FEF78C
:10CE6C0071FC02000B00FDF7CDFC0600201C0F002E
:10CE7C00FEF768FC02000B0030003900FCF7C2FC26
:10CE8C00FEF7A8FC0135041CCAE7C0466C5700200D
:10CE9C007C4C002000008242F0B5002689B000AF27
:10CEAC003A61013A3B60D30F9B185B10B860796014
:10CEBC00BB613B689E4202DBBD4609B0F0BD6B46D0
:10CECC00BC69FB603B69FB61A64203DA340073006A
:10CEDC000133FB616A460025FB69341B9B00073359
:10CEEC00DB08DB00D31A9D467B61BB68A4001C19D0
:10CEFC00FB69AB420CDC19007869FFF775FFFCF796
:10CF0C003BFC7B68B4001851FB6801369D46D0E7AA
:10CF1C0001CCFCF7C1FB7B69AA0098500135E7E70F
:10CF2C00F0B5002489B00492013A0593D30F9B18F5
:10CF3C005B100393059B069007915E1E059B9C421C
:10CF4C0001DB09B0F0BD039B9C421ADA230065009B
:10CF5C000135069AE31A9B00D7180023029300238D
:10CF6C000193029B9D4216DC2800FCF7B5FB011CCB
:10CF7C000198FBF705FE079BA700D8510134013E31
:10CF8C00DCE7039A3300964202DA75000135E0E7DC
:10CF9C00039B049DDDE7019802CFFBF7FFFB029B8F
:10CFAC00019001330293DCE7F8B504000D0000207A
:10CFBC00012917DD00268F00231FFF1821686068E8
:10CFCC00FCF706F941004908301CFBF7E7FB043479
:10CFDC00061CA742F2D1681EFCF77EFB011C301C1C
:10CFEC00FBF7CEFDF8BD0000F0B5A1B0149215937F
:10CFFC00002319931A931B9300231D931E931F93C5
:10D00C00764B04901B780B91002B00D1ACE03223B3
:10D01C001B93734D734EAB8830002B806B80724B1F
:10D02C0004995A8800241A80FFF7BEFF21226F4B07
:10D03C0018606F4B1A60049BA34200DD9BE0002438
:10D04C006C4F300021223900FFF76AFF644E049BBD
:10D05C00A34200DD98E00024624F634E049BA34280
:10D06C0000DD9AE00024634E380021223100FFF7E6
:10D07C0057FF5D4F049BA34200DD97E000255A4B00
:10D08C00584C574F0393049BAB4200DD97E0544D33
:10D09C00554E2B8830880027C01AC317C01858402B
:10D0AC00FCF71AFB20606B887088C01AC317C01875
:10D0BC005840FCF711FB4F4D4F4A2900049B126856
:10D0CC0060602000FFF7E8FE412221002800049B4D
:10D0DC00FFF726FF2122464B29001A602000049BF3
:10D0EC00FFF71EFFDC2200214448520009F048FFE4
:10D0FC00002303930C9300230A930F930693049A33
:10D10C001CAB00933B4818AB1B99323AFFF7D6FD8A
:10D11C00039B0890002B00D08BE1002872D0384B79
:10D12C00189F1B78002B00D088E1324C1EAB0122DB
:10D13C003900200000931AABFFF7F0FD049B390077
:10D14C005A1E1FAB200000931BABFFF71AFE1C9B53
:10D15C001E99181C0693FCF73BF81F990F90069824
:10D16C00FCF736F80A9072E0254B1B78002B00D1A7
:10D17C004FE714234CE76300E85AFCF7FDFAA700CD
:10D18C00F7193860013456E7A300F858FBF704FA96
:10D19C006500AD192880013459E76300F05AFCF79B
:10D1AC00EBFAA5007D192860013457E7A300F0586D
:10D1BC00FBF7F2F96500ED19288001345AE7039A60
:10D1CC006B00D05AFB5AAE00C01AC317C018584097
:10D1DC00FCF782FAA6193060013554E7426300204F
:10D1EC006C5700209C3600207C4C00207066002080
:10D1FC0028000020BC2000202C000020000400206F
:10D20C00E9010020D64B1B78002B00D1DDE0D54B7B
:10D21C001B78002B00D1E2E00024D34B1D685E6824
:10D22C00D24B0793049BA34211DD079AA300D0585D
:10D23C00FEF788FA2A003300FBF7FEF8002800D12D
:10D24C00F5E023001894323B32341A931B941A9B4A
:10D25C001B9E0793079A189B140009939B1A642B27
:10D26C0001DD099C643C099B0D96F31A642B02DDCD
:10D27C00099B64330D930D9B25001B1B581C8000D0
:10D28C000E9309F095FABA4B10901193119AA300D2
:10D29C009B58139012930D9B9B009B5816930D9BC0
:10D2AC00AB4200DBDAE01DAB009300210E9A109824
:10D2BC0019ABFFF703FD051E13D01D9B1299181C0B
:10D2CC000693FBF785FF199F0021E719041CFBF758
:10D2DC000BF9002801D00A940F94089B002B00D165
:10D2EC000C95109809F06EFA079BFC1AE317E418DA
:10D2FC005C400023052C0FDDBA1BD11752184A4095
:10D30C00052A09DD079AB21AD11752184A40012191
:10D31C00142A00DC19000B00089A002A01D1002DF8
:10D32C005DD0002B00D171E3924B38000D93039B21
:10D33C005D1C28235D43FCF7CFF90D9B5851282524
:10D34C00039B07985D430D9B5D19FCF7C5F9E862DB
:10D35C003000FCF7C1F9069B28636B630F9B390007
:10D36C00AB630A9B8248EB63FFF74EFD28640020F9
:10D37C00052C0FDDBB1BDA179B185340052B09DD61
:10D38C00079BF31ADA179B1853400122142B00DC6D
:10D39C00020010002823039A764C5343E418FCF740
:10D3AC009BF960640998FCF797F9704BBA00D35855
:10D3BC00A064E364039B01330393089B002B0ED002
:10D3CC00039B0A2B00D09AE609E06B4B1B78002BD1
:10D3DC0000D01CE701F021F8002800D017E7674BBC
:10D3EC001B780893002B00D1D4E0654B614C1F785F
:10D3FC00002F51D13E003D00624B06970A970993CE
:10D40C00039B9D4251DA276C0998391CFBF762F893
:10D41C00002809D00021606CFBF75CF8002800D0D4
:10D42C0099E0002E00D1B3E001352834E8E701344F
:10D43C00F8E6089B002B00D071E6D0E7524B1B7826
:10D44C00002B00D171E6494BBA00D058FCF724F9F7
:10D45C00C3174E4CC0185840206066E6281BFCF7DA
:10D46C003BF9169917901298FBF7B2FE011C17980E
:10D47C00FBF754FD17900E98FCF72EF9011C17982A
:10D48C00FBF77EFB119AAB00D158FBF787F9139B86
:10D49C00013501C3139302E700252E00394B069585
:10D4AC000A950993039B9D422EDB2E4B1B78079309
:10D4BC00002B00D198E0304B00251F782D4C002F0D
:10D4CC0000D08EE0039B022B00D133E13D000027FE
:10D4DC00039B9D4200DB87E0E16BA06BFBF71EFD1D
:10D4EC000990011C381CFAF7E1FF002809D0002133
:10D4FC00606CFAF7EFFF002800D02DE1002E00D170
:10D50C002EE101352834E3E7E06CFEF71BF9149AA1
:10D51C00159BFDF75DFCFEF787F8C317C018584044
:10D52C00FCF7DAF80790011C0998FAF7D3FF0028EA
:10D53C0007D00021606CFAF7CDFF002804D1002E33
:10D54C0007D001352834ADE7079B3E000A950993B7
:10D55C00F7E70695F5E7089E0A95099764E7C04634
:10D56C00DF6400204263002030020020DC0A00202F
:10D57C00BC20002000040020E3640020E90100200E
:10D58C00E264002000FEFF46416300207866002024
:10D59C00069549E7089EBF4B06960A96099384E7C1
:10D5AC00E06CFEF7CFF8149A159BFDF711FCFEF713
:10D5BC003BF8C317C0185840FCF78EF80D90011CAF
:10D5CC000998FAF787FF002809D00021606CFAF758
:10D5DC0081FF002800D0A6E0002E00D1A8E0013584
:10D5EC002834039B9D42DBDB002E01D00A9B069363
:10D5FC00039B002B00D0B6E0A74C049D2360A360D6
:10D60C00013DA64BE560AD001A68A54EEB582261B2
:10D61C006261A3613068FAF7BFFF80B2A083E08338
:10D62C00A859FAF7B9FF208403989E4C9A4D079B92
:10D63C002E692060002B1BD0301CFAF7ADFF9A4BE3
:10D64C0020601B78002B13D1984A994B1278002A32
:10D65C000ED11B68974C013BDB00E418301CFEF725
:10D66C0071F822686368FCF7CDF8FEF7B3F828610F
:10D67C00894E3069FEF766F80A00049005910100A6
:10D68C000B9B706919645A64FEF75CF80B9B186568
:10D69C005965B069FEF756F80B9B18665966B18B45
:10D6AC006A3319800B9BF28B6E331A800B9B728C36
:10D6BC0076331A800B98B38C7A3003800798002845
:10D6CC0000D119E1C8204000814280417A4C40428F
:10D6DC0020707A480478002C0BD000200926070013
:10D6EC0096424741764D2F70764D092B00D801306C
:10D6FC00287075480078002800D181E100200926A7
:10D70C000700964247419E4240416D4D2F706D4D32
:10D71C002870002C00D1A4E06C484F2A01D94F2B63
:10D72C005FD801235EE00D9B3E000A95099356E7F6
:10D73C00069554E70021606CFAF7CCFE002811D155
:10D74C000021E06EFAF7C6FE0123002802D10A9BE5
:10D75C00002E08D0069306E0079E099F0A95D0E696
:10D76C000695CEE606972825069B4B4C5D4365191E
:10D77C00686BFAF711FFA083E86AFBF78DFF484E40
:10D78C00830098590493FAF707FFE083286BFBF7A3
:10D79C0083FF8700B859FAF7FFFE2822069B2084E6
:10D7AC00013353431859FBF777FF3C4E80008359E4
:10D7BC00A86B2361049B9B596361BB59A361FAF766
:10D7CC00EBFE6084E86BFAF7E7FEA084A86CFBF72D
:10D7DC0063FF80008059FBF75FFFC317C0185840E8
:10D7EC0023E7002303703A4B3A481A78012353403D
:10D7FC00394A03701370C8235B00994207D3304B2E
:10D80C001B78002B03D12F4B1B78002B0CD0002343
:10D81C000370039B314C002B2CD1238830495B18AF
:10D82C009BB22380039B137000222E4B1A70234A49
:10D83C001278002A10D1244A1278002A0CD01E4AE1
:10D84C001278002A08D1284A1278002A04D0039AA8
:10D85C00002A01D001221A700022244B1A7021B028
:10D86C00F0BD2148182A00D85BE7182B00D858E7E0
:10D87C000470B8E70C9B002B07D000F072FD2388D6
:10D88C001B4A9B189BB22380CEE700F06AFD2388CD
:10D89C00184AF6E700FEFF4600040020DC0A0020D0
:10D8AC00BC2000207866002044630020B40A0020CD
:10D8BC00780A002050640020F4030020416300200B
:10D8CC00F3030020F2030020E8010020F103002004
:10D8DC00FE030020FC030020FD0300207E660020D8
:10D8EC0050C3FFFFEE030020F0030020EF030020E5
:10D8FC00204E00001027000008980028AFD0FA2610
:10D90C00B600B142B64144487642067009270798E2
:10D91C00424E04009742404125009F4264413070C2
:10D92C003F480470C72A05D9C72228009A4268418B
:10D93C00C2B208923B4A089810703B4A1278002AEF
:10D94C0005D03A4A126B022A01DC00223270012007
:10D95C00FA27374A374E127884464240327036489E
:10D96C00BF00B94205D32D4F3F78002F01D1092BB1
:10D97C0030D80C9B002B1FD13370039B2F4A002BEC
:10D98C0005D113882E4C1B199BB213800CE0138805
:10D99C002C4C1B199BB213800122049C059D2A4B15
:10D9AC001A702A4B1C605D6000230370FA239B00E5
:10D9BC00994200D253E718E00122049C059D224BAA
:10D9CC001A70224B1D4A1C605D600023204C337082
:10D9DC001388D8E7002A17D062461B4B07701A70C1
:10D9EC001A4B0499059A19605A60089B002B00D1B8
:10D9FC0035E7039B002B00D131E7012303702EE7A1
:10DA0C00002C00D088E6EEE60270EEE7089B002BB7
:10DA1C0001D0FFF774FBE2E4EC030020EB030020E1
:10DA2C00EA030020E9030020E8010020780A002026
:10DA3C00FE030020ED030020E80300207E6600209A
:10DA4C0050C3FFFF10270000C9640020080200200B
:10DA5C00409CFFFF10B50100662000F08DFE10BD4C
:10DA6C0010B50100622000F087FE10BD10B501005A
:10DA7C00632000F081FE10BD10B50100602000F0A5
:10DA8C007BFE10BD10B50100612000F075FE10BDCD
:10DA9C0010B50100C02000F06FFE10BD10B50100E4
:10DAAC00672000F069FE10BD10B501006B2000F07E
:10DABC0063FE10BD10B50100682000F05DFE10BDC6
:10DACC0000233B2909D81818C0B2182801D91820EE
:10DADC0000210002081880B270473C390133C9B2EA
:10DAEC00DBB2EEE710B5FFF7EBFF0400010AC9B299
:10DAFC00642000F041FE6520E1B200F03DFE10BD57
:10DB0C0010B5642000F01AFE0400652000F016FE2B
:10DB1C0001002000FFF7D4FF10BD10B50400010078
:10DB2C000C22C52000F036FE21000C22D12000F082
:10DB3C0031FE8A200C222100400000F02BFE10BD8B
:10DB4C0070B50D4E050074791022122C0ED0112CCC
:10DB5C0010D8013C20002030032180B2013400F0A9
:10DB6C000BFE122CF6D17279023AD2B22900202087
:10DB7C0000F040FE70BDC046B805002070B5050031
:10DB8C0000242000203080B200F0D8FD032804D1FE
:10DB9C0028550134102CF4D113E02028F8D02D286E
:10DBAC00F6D02E28F4D02F2803D93928F0D94028C4
:10DBBC00EED810220321280009F0E2F92800FFF723
:10DBCC00BFFF70BD70B50D4E050074791022122C7C
:10DBDC000ED0112C10D8013C20004030032180B213
:10DBEC00013400F0C9FD122CF6D17279023AD2B28E
:10DBFC002900402000F0FEFD70BDC046B805002095
:10DC0C0070B5050000242000403080B200F096FD75
:10DC1C00032804D128550134102CF4D113E020280A
:10DC2C00F8D02D28F6D02E28F4D02F2803D9392857
:10DC3C00F0D94028EED810220321280009F0A0F9D1
:10DC4C002800FFF77DFF70BD10B50100E02000F04B
:10DC5C0093FD10BD0100932010B5400000F08CFD29
:10DC6C0010BD932010B5400000F068FDFF2803D1D3
:10DC7C00AA38FFF7EFFF552010BD10B5E02000F0DB
:10DC8C005DFDFF2803D1FD38FFF7DEFF022010BD3C
:10DC9C00F7B5F0248527114E6400BF0003CEFDF7C5
:10DCAC0099FD01AD011C280005F049FD20002978E3
:10DCBC0000F062FD601C697880B200F05DFDA01C74
:10DCCC00A97880B200F058FDE01C0434E97880B2E9
:10DCDC00A4B200F051FDBC42E0D1F7BD506400206D
:10DCEC0073B5114E114C03CEFDF774FD01AD011C43
:10DCFC00280005F024FD2000297800F03DFD601C73
:10DD0C00697880B200F038FDA01CA97880B200F0D0
:10DD1C0033FDE01CE97880B200F02EFD0434044B96
:10DD2C00A4B29C42DFD173BDE8630020A3020000C3
:10DD3C00D702000073B5114E114C03CEFDF74AFD0E
:10DD4C0001AD011C280005F0FAFC2000297800F038
:10DD5C0013FD601C697880B200F00EFDA01CA97840
:10DD6C0080B200F009FDE01CE97880B200F004FDFF
:10DD7C000434044BA4B29C42DFD173BD80630020F9
:10DD8C00D70200000B03000010B5002420002C303B
:10DD9C00FF3080B200F0D2FC024B185501340D2C30
:10DDAC00F4D110BDD403002010B500242000064B84
:10DDBC002C30195DFF30C9B280B2013400F0DCFCAC
:10DDCC000D2CF3D110BDC046D403002010B5002497
:10DDDC002000054BC130FF30195D80B2013400F0DA
:10DDEC00CBFC0D2CF4D110BD6C63002010B50024BD
:10DDFC00054B195D85239B00E01880B2013400F0BF
:10DE0C00BBFC0D2CF4D110BD5F63002070B5002459
:10DE1C0025004135FF35ADB2280000F08FFC431EC4
:10DE2C00DBB2082B04D92800052100F0A5FC052045
:10DE3C00024B185501340F2CEAD170BDB864002088
:10DE4C0010B500242000054B4130FF30195D80B225
:10DE5C00013400F091FC0F2CF4D110BDB8640020FB
:10DE6C000A4B37B518685968FDF7B4FC01AD011CB5
:10DE7C00280005F064FC00242000E830295D80B205
:10DE8C00013400F079FC042CF6D137BD10000020D1
:10DE9C000A4B37B518685968FDF79CFC01AD011C9D
:10DEAC00280005F04CFC00242000F630295D80B2DF
:10DEBC00013400F061FC042CF6D137BDC8030020FE
:10DECC000A4B37B518685968FDF784FC01AD011C85
:10DEDC00280005F034FC00242000E430295D80B2D9
:10DEEC00013400F049FC042CF6D137BD2000002091
:10DEFC0073B51A4E1A4C03CEFDF76CFC01AD011C28
:10DF0C00280005F01CFC2000297800F035FC601C72
:10DF1C00697880B200F030FCA01CA97880B200F0C7
:10DF2C002BFCE01CE97880B200F026FC04340D4B8D
:10DF3C00A4B29C42DFD10C4BE320197800F01CFCFE
:10DF4C000A4BE220197800F017FCFFF7B9FF92207A
:10DF5C00074B4000197800F00FFC73BD6062002085
:10DF6C003B020000A3020000D3030020D2030020D8
:10DF7C00D10300200A4B37B518685968FDF72AFC05
:10DF8C0001AD011C280005F0DAFB00242000EC3068
:10DF9C00295D80B2013400F0EFFB042CF6D137BDC3
:10DFAC00380200200D4B37B518685968FDF712FC84
:10DFBC0001AD011C280005F0C2FB00242000F0304C
:10DFCC00295D80B2013400F0D7FB042CF6D1044B50
:10DFDC00F4201978C9B200F0CFFB37BD3002002015
:10DFEC00DF6400200100262010B5FF3000F0C4FBD8
:10DFFC0010BD10B50100692000F0BEFB10BD000083
:10E00C0010B50100014800F0B7FB10BD390200004B
:10E01C000100D12010B5400000F0AEFB10BD010096
:10E02C00D42010B5400000F0A7FB10BD0100AA20C1
:10E03C0010B5FF3000F0A0FB10BD0100D72010B5CB
:10E04C00400000F099FB10BD0100D52010B5400038
:10E05C0000F092FB10BD0100A42010B5FF3000F0C1
:10E06C008BFB10BD0100AC2010B5FF3000F084FB21
:10E07C0010BD0100D22010B5400000F07DFB10BD9A
:10E08C000100AE2010B5FF3000F076FB10BD010092
:10E09C00D62010B5400000F06FFB10BD10B5010C80
:10E0AC000400A820C9B2FF3000F066FBD320210A7F
:10E0BC00C9B2400000F060FBA620E1B2FF3000F0D6
:10E0CC005BFB10BD002110B50800FFF70BFD012014
:10E0DC00FFF7D2FC0120FFF7D5FC0020FFF7DEFF95
:10E0EC0010BD10B5040000F0A1FBFFF7EBFF210001
:10E0FC000622012000F07EFB21000622102000F0F9
:10E10C0079FB06222100302000F074FB10BDF0B525
:10E11C00012500272C008FB006AB059001930293CC
:10E12C000395BEB2701C80B200F008FB029B187005
:10E13C003000103080B200F001FB082206AB9B18B7
:10E14C003036D8550490B0B200F0F8FA029A04991F
:10E15C0012780AABF854914253D1049A904207D0EA
:10E16C000024250004E00024049A03948242F8D190
:10E17C00029A013701320292062FD2D106AA127AE4
:10E18C001B78134006AA1278FF2A0DD1FF3B5A4286
:10E19C005341DEB200230CA9002C02D1039A002AB1
:10E1AC000AD0019A12780DE00026FF2BF2D106A8B6
:10E1BC00FFF797FF3500EDE7002DF2D0082006AAF7
:10E1CC001218D25C5A54019A013301320192062B77
:10E1DC00E2D10023CA5C10003038092809D9062284
:10E1EC003021059808F0CCFE0598FFF77AFF0FB0A8
:10E1FC00F0BD0598C254002EF1D10133062BE9D1A4
:10E20C00F5E79042AFD1002215000392B0E7010070
:10E21C00282010B5FF3000F0AFFA10BD01002A2005
:10E22C0010B5FF3000F0A8FA10BD0100952010B514
:10E23C00400000F0A1FA10BD10B50100014800F03B
:10E24C009BFA10BD3602000010B50100014800F029
:10E25C0093FA10BD3702000070B5050000242000B1
:10E26C00803080B200F06AFA28550134102CF6D1B7
:10E27C0070BD10B501001022802000F0BBFA10BD5B
:10E28C00D02310B50C000100580000F075FAA22044
:10E29C002100FF3000F070FA10BDF7B504001D002E
:10E2AC000091019200F04AFA0600200000F046FAB4
:10E2BC0007003000BE4208D0200000F03FFA874231
:10E2CC0003D0200000F03AFA3000019B984202D8AB
:10E2DC00009B984204D22000290000F04DFA28003F
:10E2EC00FEBD022310B51A0001216620FFF7D5FFF1
:10E2FC0010BD10B50723082201216220FFF7CDFFC6
:10E30C0010BD10B50023F0220A216320FFF7C5FFD2
:10E31C0010BD012310B5FF2219006020FFF7BDFFCF
:10E32C0010BD012310B5022219006120FFF7B5FFC3
:10E33C0010BD022310B51A000121C020FFF7ADFF5C
:10E34C0010BD012310B5022219006720FFF7A5FFAD
:10E35C0010BD002310B5F02219006B20FFF79DFFB4
:10E36C0010BD002310B5062219006820FFF795FF99
:10E37C0010BD000070B50024FF2585239B00E0181C
:10E38C002A002B00012180B2FFF787FF024B1855A2
:10E39C0001340D2CF1D170BD5F630020012310B549
:10E3AC00022219006920FFF778FF10BD022310B577
:10E3BC001A0001210148FFF770FF10BD390200005F
:10E3CC000123D12010B5022219009840FFF765FFF8
:10E3DC0010BD0123D42010B5022219009840FFF77C
:10E3EC005CFF10BD0123AA2010B502221900FF30DA
:10E3FC00FFF753FF10BD0121D72010B50B23FE22D0
:10E40C008840FFF74AFF10BD0123D52010B502222A
:10E41C0019009840FFF741FF10BD0023A42010B550
:10E42C00FE221900FF30FFF738FF10BD0023AC208F
:10E43C0010B5FE221900FF30FFF72FFF10BD00238F
:10E44C00D22010B5FE2219004000FFF726FF10BDA8
:10E45C000023AE2010B5FE221900FF30FFF71DFF80
:10E46C0010BD0023D62010B50D2219004000FFF777
:10E47C0014FF10BD0023FF22A82010B5190080182E
:10E48C00FFF70BFF00230400D3201900FF224000EC
:10E49C00FFF703FF240400020023FF222418A62008
:10E4AC0019008018FFF7F9FE001910BD0123262072
:10E4BC0010B502221900FF30FFF7EFFE10BD0F233D
:10E4CC002A2010B51A000E21FF30FFF7E6FE10BD12
:10E4DC000023952010B5FF2219004000FFF7DDFE48
:10E4EC0010BD000010B50B230D2201210148FFF7D0
:10E4FC00D4FE10BD36020000012310B50D22190008
:10E50C000148FFF7CAFE10BD3702000037B5050001
:10E51C000024281980B200F011F901AB1855013410
:10E52C00042CF6D12100180005F0F8F80198011C14
:10E53C00F9F7B6FF002801D10023019301983EBDE5
:10E54C0070B5F0248526074D6400B6002000FFF757
:10E55C00DDFFFDF7F7F80434A4B203C5B442F5D1DE
:10E56C0070BDC0465064002070B5074D074C2000AC
:10E57C00FFF7CCFFFDF7E6F80434054BA4B203C556
:10E58C009C42F4D170BDC046E8630020A302000099
:10E59C00D702000070B5074D074C2000FFF7B6FFFF
:10E5AC00FDF7D0F80434054BA4B203C59C42F4D15A
:10E5BC0070BDC04680630020D70200000B03000032
:10E5CC0010B5EC20FFF7A2FFFDF7BCF810BD000062
:10E5DC0070B5354D354C2000FFF798FFFDF7B2F8BC
:10E5EC000434334BA4B203C59C42F4D1002319006C
:10E5FC001A22E220FFF751FE2E4B01221870002345
:10E60C00E3201900FFF749FE421E90412A4B187077
:10E61C00E420FFF77BFFFDF795F8284B1860596055
:10E62C00274B18605960274B18605960E820FFF79A
:10E63C006DFFFDF787F8244C20606160F620FFF732
:10E64C0065FFFDF77FF8214C20606160F020FFF73B
:10E65C005DFFFDF777F81E4B0122186059601D4BCA
:10E66C00186059600023F4201900FFF716FE431EB2
:10E67C009841194BC0B21870002301221900F520E3
:10E68C00FFF70BFE431E9841144BC0B218700023C9
:10E69C009220012219004000FFF7FFFD421E90411D
:10E6AC000F4B187070BDC046606200203B0200002A
:10E6BC00A3020000D2030020D3030020200000207E
:10E6CC00C00A00200000002010000020C803002019
:10E6DC0030020020C80A0020DF640020DD64002026
:10E6EC00D103002037B502236A46134C40BA53704D
:10E6FC005080117120680022616800F0AFF906208B
:10E70C0000F05EFC20680122616800F0A7F9206827
:10E71C000022616800F0A2F901256B46585D0135B5
:10E72C0000F04EFC052DF8D120680122616800F044
:10E73C0095F900F0F1FC37BD3400002070B50500F0
:10E74C000C4C00222068616800F088F9032000F06E
:10E75C0037FC280A00F034FCE8B200F031FC00F081
:10E76C0083FC050001222068616800F077F928001D
:10E77C0070BDC0463400002070B505000C002800A8
:10E78C00FFF7DCFFA04204D021002800FFF7AAFF0E
:10E79C00F5E770BDF8B505000F001600144C00220B
:10E7AC002068616800F05AF9062000F009FC206826
:10E7BC000122616800F052F900222068616800F0C3
:10E7CC004DF9022000F0FCFB280A00F0F9FBE8B23E
:10E7DC0000F0F6FB39003000002200F013FC20683A
:10E7EC000122616800F03AF900F096FCF8BDC046D1
:10E7FC0034000020F7B50D001600052701903200FB
:10E80C0029000198FFF7C6FF0024A64200DCF7BDE3
:10E81C00019B181980B2FFF791FF2B5D834201D148
:10E82C000134F2E7013F002FE9D1F0E730B589B0B0
:10E83C002022FF216846802508F0A2FB0024ED0071
:10E84C002000203420226946A4B2FFF7D3FFAC424B
:10E85C00F6D109B030BD0000604B10B5186800222D
:10E86C00596800F0FBF85E4B00221868596800F0FC
:10E87C00F5F85C4B00221868596800F0EFF85A4B19
:10E88C0000221868596800F0E9F8584B0022186803
:10E89C00596800F0E3F8564B00221868596800F0EC
:10E8AC00DDF8544B00221868596800F0D7F8524B29
:10E8BC0000221868596800F0D1F8504B00221868F3
:10E8CC00596800F0CBF84E4B00221868596800F0DC
:10E8DC00C5F84C4B00221868596800F0BFF84A4B39
:10E8EC0000221868596800F0B9F8484B00221868E3
:10E8FC00596800F0B3F8464B00221868596800F0CC
:10E90C00ADF8444B00221868596800F0A7F8424B48
:10E91C0000221868596800F0A1F8404B00221868D2
:10E92C00596800F09BF83E4B00221868596800F0BB
:10E93C0095F83C4B00221868596800F08FF83A4B58
:10E94C0000221868596800F089F8384B00221868C2
:10E95C00596800F083F8364B00221868596800F0AB
:10E96C007DF8344B01221868596800F077F8324B67
:10E97C0001221868596800F071F8304B01221868B0
:10E98C00596800F06BF82E4B01221868596800F09A
:10E99C0065F82C4B01221868596800F05FF82A4B77
:10E9AC0001221868596800F059F8284B01221868A0
:10E9BC00596800F053F8264B01221868596800F08A
:10E9CC004DF8244B00221868596800F047F8224B88
:10E9DC0001221868596800F041F810BD940000201D
:10E9EC008C00002074000020840000206C000020AB
:10E9FC007C000020440100203C0100203401002058
:10EA0C002C010020240100201C01002014010020F6
:10EA1C000C01002004010020FC000020F400002068
:10EA2C00EC000020E4000020DC000020D4000020DA
:10EA3C00CC000020440000203C00002034000020CA
:10EA4C00C4000020BC000020AC000020B40000205A
:10EA5C00640000205C000020A400002007B589B2EF
:10EA6C0006F044F807BD07B589B206F039F8431E25
:10EA7C009841C0B20EBD000030B593B038220021D1
:10EA8C0004A808F07DFA10220021684608F078FAF4
:10EA9C008020800006F0DAF806F0CEF81821194A2A
:10EAAC000124D36D02258B43D36505230493802366
:10EABC005B02059303230C9300230D9308330E93F1
:10EACC0080239B020F9380239B041093802304A824
:10EADC009B0506940B95119306F0E4F8002801D0E1
:10EAEC0072B6FEE70723029003902100684600935C
:10EAFC00019506F03FFB002801D072B6FEE713B07B
:10EB0C0030BDC04600100240F0B58FB005F00AFDD4
:10EB1C00FFF7B2FF1422002109A808F031FA0422F1
:10EB2C000126C74DC74C6B6B210013436B636B6B9A
:10EB3C00C54813400493049B6B6B1C3213436B63EB
:10EB4C006B6BC24F13400593059B6B6B1E3A3343A3
:10EB5C006B636B6B33400693069B6B6B13436B635E
:10EB6C006B6B13400793079B6B6B063213436B6302
:10EB7C006B6B134008930022089B05F0B7FFA02095
:10EB8C0039000022C00505F0B1FF0022B049B148A0
:10EB9C0005F0ACFF0022B049B04805F0A7FF09947E
:10EBAC000024A94809A90A960B940C9405F0E6FEDA
:10EBBC00A020052309A9C00509930A940B9405F01C
:10EBCC00DDFEA02009A9C00509970A960B940C94A8
:10EBDC0005F0D4FEA0200323102709A9C0050A9331
:10EBEC0009970B9405F0CAFE994B9A4809A9099309
:10EBFC000A960B940C9405F0C1FE974B974809A903
:10EC0C0009930A960B940C9405F0B8FE08229148CF
:10EC1C0009A909920A940B9405F0B0FEAB6B210084
:10EC2C003343AB63AB6B2200334009200393039B4C
:10EC3C0005F0B0FC092005F0D7FC894D894B280064
:10EC4C002B60894BAC606B60EE602C616C61AC61CD
:10EC5C00EC612C6205F050FF0100A04201D072B6AD
:10EC6C00FEE7280005F09EFF011E01D072B6FEE7FC
:10EC7C00280005F0BDFF031E01D072B6FEE7E025AB
:10EC8C0007247A487A4AED0043608360036143614C
:10EC9C008361036243628362036343630260C56002
:10ECAC00C46206F0E5FC031E01D072B6FEE77148A3
:10ECBC00714A836002608222036143610362436292
:10ECCC0083620363082352004260FC32C560826198
:10ECDC00C761C462436306F0CBFC011E01D072B65F
:10ECEC00FEE7664C664B0200236096239B01636033
:10ECFC000C23A060E06020616361A0610300E0610F
:10ED0C0020626062A062200007F076FC011E01D038
:10ED1C0072B6FEE7200007F0D7FC011E01D072B6D8
:10ED2C00FEE7200007F0F0FC002801D072B6FEE7E9
:10ED3C00200007F0ABFC031E01D072B6FEE7FF26E5
:10ED4C005048514A514F026046608360C76003616E
:10ED5C00836106F067FE002801D072B6FEE74C48CE
:10ED6C004C4B466003600023C760836003614361C2
:10ED7C00836106F057FE031E01D072B6FEE74648CB
:10ED8C00464A466002608360C760036143618361E9
:10ED9C0006F048FE0190002801D072B6FEE70C2266
:10EDAC00019909A808F0ECF83D4D3E4B28002B606A
:10EDBC00019B6E60AB60EF60AB6106F033FE002828
:10EDCC0001D072B6FEE709900B9009A9280006F055
:10EDDC0053FE0190002801D072B6FEE70C22019977
:10EDEC0009A808F0CDF8304D304B28002B60019B62
:10EDFC006E60AB60EF60AB6106F014FE002801D0D2
:10EE0C0072B6FEE709900B9009A9280006F034FEB3
:10EE1C00031E01D072B6FEE72548264A83600260C5
:10EE2C007F22C2608022D205066143618361C36187
:10EE3C000262436206F0C6FB051E3DD072B6FEE7C9
:10EE4C0000100240FF3F000000080050280900009D
:10EE5C0034FF00000004005065030000000C00505B
:10EE6C007C09002000540040BB7C7000EC080020A2
:10EE7C00003001408808002000380040780600204F
:10EE8C0000380140A407002000200040FFFF0000D4
:10EE9C0058070020004401400C07002000480140A6
:10EEAC00F0070020001400403C0800200010004037
:10EEBC005009002000280040FFF7CEFC282220003B
:10EECC00114907F043FC114C2378002B0BD0022086
:10EEDC0000F030FB0E4B25701D700E4B1D700E4B51
:10EEEC001D700E4B1D700E4C2378002BEBD00120A7
:10EEFC0000F020FB064B25701D70064B1D70064B59
:10EF0C001D70064B1D70DEE7F40500209266002094
:10EF1C008D6600208C6600208A66002088660020A2
:10EF2C009366002070B50B4D0B4C0A002100280095
:10EF3C0008F0BBF82800282105F096FA21002822B9
:10EF4C00064807F003FC0421054B1A6813688B4331
:10EF5C00136070BDCC050020F4050020780600205D
:10EF6C001C06002007B56B46D91D087064230122CE
:10EF7C00014807F025FA07BD7806002010B5044CAF
:10EF8C000A0001006423200007F01AFA10BDC046E5
:10EF9C0078060020034B1A68402311680B4313605A
:10EFAC007047C046EC080020022303498A681A42C5
:10EFBC00FCD0024B18707047003001400C300140FF
:10EFCC00402210B501240C4B1B6819689143196041
:10EFDC001968A14319601968196019680A431A6005
:10EFEC000222064B99681142FCD0054A107080220F
:10EFFC0099681142FCD110BD8808002000380040EF
:10F00C000C380040F0B540240126144B1B681D68D9
:10F01C00A5431D601D68B5431D601D68104E15434A
:10F02C001D601A68802514431C60002202240D4BBD
:10F03C00904208DC022299681142FCD08022996827
:10F04C001142FCD1F0BD9F682742FCD09F682F4233
:10F05C00FCD18F5C01323770EAE7C046880800208B
:10F06C000C38004000380040402210B501240F48F5
:10F07C0003681968914319601968A14319601968EC
:10F08C00196019680A431A6006F06AFB0222084BE1
:10F09C0099681142FCD00021064A1170012299682E
:10F0AC001142FCD0D868C0B210BDC0468808002000
:10F0BC00003800400C380040F8B5144F04003800FC
:10F0CC0016000D0006F04CFB40223B68196891437A
:10F0DC00196001211868884318601868304318605B
:10F0EC0018680B4E02431A6002200023094A9C4206
:10F0FC0000DCF8BD97680742FCD000273770976892
:10F10C000F42FCD0D768EF540133F0E78808002099
:10F11C000C3800400038004070B50C4C00222068C0
:10F12C006168FFF79BFC0520FFF74AFF0125FFF7FD
:10F13C009BFFFFF799FF284205D1206801226168E7
:10F14C00FFF78CFC70BDFFF78FFFF4E73400002055
:10F15C0010B5062807D10C480222036852421A61E6
:10F16C0006F012FB10BD072801D10848F4E70E2861
:10F17C0001D10748F0E7102801D10648ECE7112827
:10F18C00F0D10548E8E7C0463C080020F007002015
:10F19C00A4070020580700200C07002010B50628F3
:10F1AC0003D10A4806F024FB10BD072801D10848FA
:10F1BC00F8E70E2801D10748F4E7102801D10648DA
:10F1CC00F0E71128F0D10548ECE7C0463C080020D8
:10F1DC00F0070020A4070020580700200C0700208F
:10F1EC00084B06280BD0084B072808D0074B0E28D5
:10F1FC0005D0074B102802D0112802D1054B1B68F3
:10F20C00D96270473C080020F0070020A4070020BA
:10F21C00580700200C070020084B06280BD0084B81
:10F22C00072808D0074B0E2805D0074B102802D012
:10F23C00112802D1054B1B68596270473C0800200D
:10F24C00F0070020A4070020580700200C0700201E
:10F25C0062B6704772B670470E4B10B504009842F8
:10F26C0007D103F0BFFA0C4B9C4207D103F0A4F971
:10F27C000FE00A4B984207D103F074FD084B9C42F7
:10F28C0007D103F0C5F904E0064B9842EBD103F02B
:10F29C0077FD10BD3C08002058070020F007002027
:10F2AC000C070020A407002072B6FEE7F7B52C4C23
:10F2BC002C4A2300106851688033186059602A4B1F
:10F2CC0000261A685B680027002522616361002212
:10F2DC00264B01A826626762A662E7622663676313
:10F2EC00226463642580A56303F070FF6B462200E3
:10F2FC009B8848325BBA138001A832003B0026651C
:10F30C00676503F063FF6B4622009B8858325BBA3B
:10F31C00138001A832003B002666676603F056FF97
:10F32C006B4622009B8868325BBA138023006A33D9
:10F33C001D8023006E331D80230072331D8023003B
:10F34C0076331D8023007A331D80230088331E60A2
:10F35C005F6023007E3490331E605F602580F7BDB4
:10F36C00D00900202000002010000020E0FFEF401A
:10F37C00F8B50022334BFAF745FA0022324BFAF774
:10F38C0007FE04000D00314A314BFBF73BFA22001B
:10F39C002B00FBF737FA22002B00FBF733FA2D4A30
:10F3AC0006000F00200029002B4BFBF72BFA220044
:10F3BC002B00FBF727FA02000B0030003900FAF79C
:10F3CC0021FA244A06000F0020002900234BFBF7EA
:10F3DC0019FA02000B0030003900FAF713FA204A30
:10F3EC00204BFBF7F5FC08F069FC00221E4B0400D7
:10F3FC000D00F9F735F8002812D01C4B1B78002BA8
:10F40C0004D001221A4B1B4C1B4D1A701B4B1B7842
:10F41C00002B02D00122164B1A7029002000F8BDD7
:10F42C00002220002900164BF9F706F80028F4D02A
:10F43C00124B1B78002BF0D001220D4B0D4C0E4DB6
:10F44C001A70EAE70000894000E09540D7A3703DB0
:10F45C000AD581406666666666D29EC06672A14019
:10F46C00295C8FC2F5D8894000001E40E8010020BD
:10F47C00746600208FC2F5285CFF58404163002061
:10F48C000000F03FF8B50D0004000D4A0D4BFBF7E2
:10F49C00B9F92B002200FBF7B5F90B4A06000F0057
:10F4AC0020002900094BFBF7ADF902000B003000DE
:10F4BC003900FAF7A7F9064A064BFAF7A3F9F8BD93
:10F4CC00865AD3BCE3149DBF454772F90FE9FE3F42
:10F4DC004A0C022B8716A93FF8B50F0019000E4BEA
:10F4EC0006001B781000002B12D00C4C0C4D002287
:10F4FC000C4BFBF76DFC2B002200FBF783F9002271
:10F50C00094BFAF77FF932003B00FBF77BF9F8BDAA
:10F51C00064C074DEBE7C046416300209A99999938
:10F52C009999993F000039400000F03F7B14AE4799
:10F53C00E17A943F0023F0B5ABB0C54CC54D0790B4
:10F54C002993012823D120702B70FFF739F806007E
:10F55C000F00C14B1E605F60C04B1B78002B21D08D
:10F56C0000220023F8F77CFF00281BD0BC4B0022A4
:10F57C0030003900F8F760FF012300280DD023700C
:10F58C0000232B700022B74B0492059310E0079ACE
:10F59C00022ADAD123700123D6E720702B700022C7
:10F5AC00B14BF1E72378002BECD12B78002BF6D163
:10F5BC00FEF7FCFE022802D10022AC4B1A70FEF7BB
:10F5CC00F5FE012801D1A94B1870FEF7D3FEFEF70A
:10F5DC0036FF1490FEF795FEA54B1870FEF74AFF08
:10F5EC003221F8F70DFF002901D101F0F5FD0023C0
:10F5FC0001221900F420FEF750FE431E984100230F
:10F60C009C4DC0B2190028700122F520FEF745FE72
:10F61C00431E9841984BC0B21870FEF7DAFE0128D1
:10F62C0002D00022954B1A70FEF700FF0D900228B5
:10F63C0002DD0122924B1A70924B1A78002A00D1EB
:10F64C00B9E08B4A12783B2A00D8B4E08E4B0122E9
:10F65C001A708E4B1A708E4B1A788C4B002A03D171
:10F66C00894A1278002A01D001221A701B78002BCB
:10F67C0005D02378002B02D001227C4B1A70FEF7A8
:10F68C00C3FE744B83491B780860002B05D0012204
:10F69C00814B022800D099E01A70784E7A4C33785E
:10F6AC00002B09D02378002B06D00020FEF7DAFCC3
:10F6BC000022734B0D921A7023786F4C002B00D1E3
:10F6CC008AE0764B764A1A806D4B1B78002B02D061
:10F6DC000122744B1A700125734B1D60FCF722FB41
:10F6EC002378D8B2002B03D1704B1D70FEF7C8FCE9
:10F6FC00614B1B78002B06D0FA21684A89001388CD
:10F70C005B189BB213805B4B1B78002B04D0634AB5
:10F71C0013880A339BB21380624B1B78002B04D0E6
:10F72C005E4A138864339BB21380584B604C1B7831
:10F73C00DAB20C92002B00D1EBE0FEF7D3FE23786B
:10F74C001A00083A511E8A410821D2B20C92524A30
:10F75C00089312780F91002A02D05B0801330893AA
:10F76C0000230120227853499A4200DDD9E002F0AF
:10F77C005DFE514C079916A801F018FA482216A9FB
:10F78C00200007F092FCFEF7ACFD1590FEF720FF71
:10F79C00FEF7D6FEFEF7E8FEFEF7FCFE474B1B78A5
:10F7AC00002B01D0FCF7E2FB414B01241A784449B1
:10F7BC0000234448BDE01B78002B00D14BE72C4BB9
:10F7CC001B78092B00D846E7314B40E702201A7012
:10F7DC000860FEF739FC60E73B4B1B78002B1BD015
:10F7EC002B4B1B78002B17D02C4B384A1A802378C4
:10F7FC00DCB2002B00D07BE701250222294B1D70C7
:10F80C00294B1A601B4B1C70FEF7CCFBFCF78AFAD9
:10F81C00264B1D70200069E71A4B1B78002B59D022
:10F82C003378002B56D02378002B09D11B4B284A58
:10F83C001A8001231B4A13701B4A13601B4A137056
:10F84C0000242C70FEF7AEFBFCF76CFAE2E7C04626
:10F85C0041630020E8010020D00A00204063002012
:10F86C000070874000D0864000208C40346300201C
:10F87C00D90A0020DF640020DD64002088660020A7
:10F88C00D80A00208D6600208B6600208C66002034
:10F89C008A660020EC010020446300208066002072
:10F8AC00102700009066002048020020DE64002033
:10F8BC004D020020F1010020780A0020C7640020CE
:10F8CC00D40300205263002089660020204E0000E3
:10F8DC0030750000744B1B78002B00D108E733788F
:10F8EC00002B00D004E72378DEB2002B00D0FFE61B
:10F8FC0001246E4B6E4A1A806E4B1C706E4B1C6052
:10F90C002E70FEF74FFBFCF70DFA6C4B30001C70A1
:10F91C00ECE6FEF770FD0323434308930C9B0F9317
:10F92C001EE7C85401331FE7CD5C052D00D9C45424
:10F93C0001339A42F8DC00F005FE03F05FFAFA207E
:10F94C00C00004F015FE00230E9311930A93FFF7E9
:10F95C00ADFC5B4C236B012B3DD15A4B1B78002B20
:10F96C0039D003F0E1FA022835D1FEF7EAFC012880
:10F97C0031D103F0D9FA01282DD003F0D5FA0128A2
:10F98C0029D05148236804220370030039331A70BC
:10F99C004E4B00241A68030078331A800300FF22B0
:10F9AC007E331A70312503F0B3FE03F09FFE04F092
:10F9BC0013F80022E30FA5425341DBB2934201D06E
:10F9CC00904203D1FCF7AEF92BB0F0BD0A2004F045
:10F9DC00CFFD0134EBE7A269E369A06AE16AFAF7AB
:10F9EC00D7FAFBF721FEAF22394B00211090120100
:10F9FC001800069307F0C4FAAF22364D00212800F8
:10FA0C00120107F0BDFAAF22334E00215201300033
:10FA1C0007F0B6FAAF2200215201304807F0B0FAD5
:10FA2C00AF222F4F00215201380007F0A9FA4022D3
:10FA3C006B469B181B88320029000B930093069889
:10FA4C003B0003F0BFF9274B1A4D1A782B78134063
:10FA5C0022003C3212781A420CD035342378002B19
:10FA6C0008D00498059903F017FA002301222B7093
:10FA7C001D4B1A7000221D4B1A8002F0D7FE104B42
:10FA8C009868D96802F030FE02F02AFF02F0C8FE36
:10FA9C0006900028FAD1164B1B78DAB20992002B8B
:10FAAC0028D103F0DFFD8FE78D66002080660020F3
:10FABC00409CFFFF9066002048020020DE6400207E
:10FACC00780A0020E9010020D0090020846600207B
:10FADC006C5700207C4C00209C360020BC20002061
:10FAEC00DC0A00208E6600200B0A00207E660020B7
:10FAFC004C020020D54B069AD5491A80D54AD64BD4
:10FB0C00966B176809785E70FBB2002905D0126CF1
:10FB1C00002A02D01B019B18DBB2CF4CCF4A2370BA
:10FB2C00CF4BCC4D22626362286A696ACD4ACE4BB8
:10FB3C0022636363A262E362230088331860596016
:10FB4C00AA6AEB6AFBF744F9FBF76EFDC317C01802
:10FB5C005840FBF7A5FDC54B90341B7820606160C5
:10FB6C00002B37D05A2312AA9B1800223E351A803C
:10FB7C002B780124934201D1BD4B1C78BD4B1B78D3
:10FB8C00002B12D0BC4B1B78002B09D0B149BB4BBE
:10FB9C00002208694969F8F749FC0023984206D00D
:10FBAC00B74B1B78002B00D016E2012323405A24BC
:10FBBC0012AAA41831003A0010980094FBF742FFE7
:10FBCC00B04B22881A80B04B1B78002B00D00FE270
:10FBDC0000F0BAFF049A059B9F490B98FDF704FAB5
:10FBEC00A44B1B78002B09D09A4B1A6B012A00DD11
:10FBFC0001E25A6BA54B1A4200D0FCE1129E139FF6
:10FC0C009C4B1A789A4B1B78002B00D111E2A04820
:10FC1C00A04900780B78002800D107E28E48013B00
:10FC2C00046C456C181C049405951B0600D500202B
:10FC3C0008709849984B09781970984B1B78002BD1
:10FC4C0003D09749974B096819600021964B1B7894
:10FC5C008B4208D195487F4B0078884203D03633CD
:10FC6C001B785B42D9B2924B7B4C1970002A5FD047
:10FC7C00784B1093844B1B78002B59D18D4D079BDF
:10FC8C0032002868696800933B00FFF771FB206223
:10FC9C006162FFF7F7FB2269636912921393079B6A
:10FCAC00206361630093129A139BFFF715FC226982
:10FCBC006369129213932A686B68A062E162206CEC
:10FCCC00616C00920193129A139BFCF72BFE0B00B4
:10FCDC0002001099A260E3603F310978002909D035
:10FCEC00109910983D3109780068FCF773FA80344C
:10FCFC00206061600021584D564CAA68EB68009159
:10FD0C00216C2068FBF7CAFF089B6B4A013B0893E8
:10FD1C001378383501331370684B28701B78002B1F
:10FD2C0006D03D3423785A4253410E9AD3180E9381
:10FD3C000498059901F080FA4D4B1B78002B08D0E4
:10FD4C005F4B1B78002B04D05E4B5C681B680493E4
:10FD5C000594404C2068FCF72BF85B4B1870002086
:10FD6C0002F054F90C9B002B03D00E9B0F9A93427C
:10FD7C0008D0089B002B00DD85E136342378002B5E
:10FD8C0000D180E10122514B1A70FEF7B1F8FEF759
:10FD9C0067F8FEF77DF84E4B1B78002B31D0FEF741
:10FDAC00E9F8444B00221C685D684A4B200029008E
:10FDBC00F8F756FB002824D0474B20001093474BF4
:10FDCC0029001A685B68FBF703F8454A454BFAF7BC
:10FDDC0019FD109B040018680D00FBF761FC020074
:10FDEC000B0020002900F9F70DFDFBF71DFC642822
:10FDFC0000DC3FE16420109BC1B21860FB20FEF7D1
:10FE0C00BBFC394B1A78394B002A00D001221A70EE
:10FE1C00FEF7C8F8364B1B78002B0CD028226B460B
:10FE2C009B181878FEF733F90A9B002B03DD314B36
:10FE3C000A9A1199D154074B1868C0B2FEF704FA0C
:10FE4C000A4B1B78002B5BD056E0C0467C6600202A
:10FE5C0044630020780A0020D00900208FC2F528C6
:10FE6C005CFF58400E2DB29DEFFF58408E6600206F
:10FE7C00E90100204263002041630020000044405F
:10FE8C00E8010020420A0020B40A0020FF00FF0015
:10FE9C00ED030020B3650020080A0020AD0A002005
:10FEAC0084660020786600208C660020B60A00204C
:10FEBC004E0A002038020020DA0A0020FD03002040
:10FECC00AE0A002030020020090A0020D1030020D5
:10FEDC00B16500200070874040020020D00A00204D
:10FEEC009A9999999999B93FE3640020DF640020AD
:10FEFC008B660020B7640020FDF756FFFDF7A0FFCE
:10FF0C006E4B1B78062B00D0B9E0FEF786FA013059
:10FF1C00C0B2FEF7A0F8FBF705FF149B581CC0B24B
:10FF2C00FEF7A7F80021FA20FEF726FC644B1B789D
:10FF3C00002B04D10D9B581CC0B2FEF793F8149BF8
:10FF4C00092B05D9012002F061F80020FEF791F889
:10FF5C00FDF7C6FEFDF7EEFEFEF77AFA0130FE283D
:10FF6C0000DDFE20C0B2FEF78BF8FEF783FA0130FD
:10FF7C00FEF794F8FF22534B1A70159B012B0BD1F3
:10FF8C00099C514B02940B9C504A0194504C514982
:10FF9C005148009403F072F9504B1B78002B02D19E
:10FFAC00099B002B15D04E4803F0B2FB312403F013
:10FFBC009DFB03F011FD0022069B0699DB0F8C4282
:10FFCC005341DBB2934201D090426CD1099B002B80
:10FFDC0070D112961397BAE44249434B00228868B9
:10FFEC00C968F8F723FA0023984200D0DDE5DEE576
:04FFFC003E4B1870F0
:020000040801F1
:10000000EEE53E4D287802F089F8384C2B78A06157
:10001000022B0ED102F092F906000F00384B266138
:1000200067611E605F60374B1B78002B00D1EBE5EA
:10003000ECE502F0C7F8EFE701330B70FFE5002AAB
:1000400000D108E630492A4B0978002900D002E6A1
:100050002E48007800280FD029912D49234809788F
:10006000046C456C04940595002900D1F3E51968EA
:100070009B6B0A911193EEE5299B01332993EAE5E5
:10008000002800DDBDE60120BBE60020FDF7E9FF0A
:1000900049E71E4B1F4A29A91B7812780091049842
:1000A000059901F059FCFF221B4B1A70002309939C
:1000B00069E70A2004F062FA069B013306937EE7A3
:1000C00000F04CFA86E4C046090A0020D80A002055
:1000D0004E0A0020BC2000209C360020DC0A0020B4
:1000E0007C4C00206C5700204D010020D0090020DE
:1000F000780A002000003E40F0010020EA010020C4
:1001000010000020AC0A0020B40A0020FD030020EB
:10011000FC030020ED0300204F0A002001210A4BC0
:1001200082B01A6C0A431A641A6C0A408021009249
:10013000009ADA6B49050A43DA63DB6B0B400193E3
:10014000019B02B07047C0460010024010B5040089
:1001500094B01422002102A806F018FF34220021D6
:1001600007A806F013FF174B22689A4227D12023D5
:1001700007A8079305F0C2F8002801D0FFF79AF806
:100180000222114C1148636B02A913436363636B32
:1001900013400093009BC0230293AE3B03930023C4
:1001A000049305930633069304F0EEFB8022E36B81
:1001B00092031343E363E36B13400193019B14B079
:1001C00010BDC04600540040001002400004005022
:1001D00010B504008EB03422002101A806F0D6FE2E
:1001E000104B22689A421BD180239B0201938023EB
:1001F00001A85B000D9305F081F8002801D0FFF7FE
:1002000059F88022084B1202D96D0A438021DA6521
:10021000DA6BC9000A43DA63DB6B0B400093009B87
:100220000EB010BD002800400010024010B50400C0
:100230008AB01422002105A806F0A8FE23681F4AF0
:1002400093421CD180211E4B49011A6CA0200A4305
:100250001A641A6CC0050A4001210192019A5A6B76
:100260000A435A635B6B0B400293029B154B05A933
:1002700005930223069304F087FB0AB010BD124ACF
:100280009342FAD180210E4BC901DA6B0F480A4321
:10029000DA63DA6B0A4008210392039A5A6B0A4325
:1002A0005A635B6B0B400493049B1A230593183B22
:1002B0000693013B099305A9DDE7C04600300140E4
:1002C00000100240C280000000380040000C0050C6
:1002D0007FB50368324A934212D11021314B11206D
:1002E000DA6B0A43DA63DB6B00220B4001930F39B0
:1002F000019B04F055F9112004F07CF907B000BD12
:10030000294A93420FD12021264B1220DA6B0A434F
:10031000DA63DB6B00220B4002931F39029B04F06F
:100320003FF91220E8E7214A934210D180211D4B6A
:1003300009021A6C13200A431A641B6C00220B403A
:1003400003930121039B04F02BF91320D4E7184AEF
:10035000934210D18021134B89021A6C15200A4355
:100360001A641B6C00220B4004930121049B04F0CF
:1003700017F91520C0E70F4A9342BFD18021094BDE
:10038000C9021A6C16200A431A641B6C00220B4027
:1003900005930121059B04F003F91620ACE7C04644
:1003A00000100040001002400014004000200040F7
:1003B000004401400048014070B5060094B014228A
:1003C000002102A806F0E2FD3422002107A806F071
:1003D000DDFD274B32689A4247D1012307A80793D6
:1003E00004F08CFF002801D0FEF764FF8021214B30
:1003F000C9011A6CA0200A431A641A6C00250A402D
:100400000092009A0122596BC005114359635B6B3E
:1004100002A913400193019BB0235B0102930223C5
:10042000049503930595069204F0AEFA124C134B13
:1004300020002360322363604E33A560E5602361B2
:100440006561A561E561256204F034F9A84201D037
:10045000FEF730FF0022331D1B201100DC67A6626F
:1004600004F09EF81B2004F0C5F814B070BDC0461F
:1004700000380140001002401C0600200800024025
:10048000FEE7FEE77047704710B504F065F810BD51
:1004900010B5024804F024FA10BDC0461C06002026
:1004A00010B5024805F0C8F910BDC0463C08002050
:1004B00010B5024805F0C0F910BDC046F007002095
:1004C00010B5024805F0B8F910BDC046A4070020D9
:1004D00010B5024805F0B0F910BDC046580700201D
:1004E00010B5024805F0A8F910BDC0460C07002061
:1004F00010B5024805F08EFB10BDC04678060020FE
:1005000010B5034B012218685968FEF7ADFA10BD0B
:100510009400002010B5034B002218685968FEF7BC
:10052000A3FA10BD9400002010B5034B01221868F7
:100530005968FEF799FA10BD8C00002010B5034BE6
:10054000002218685968FEF78FFA10BD8C00002051
:1005500010B5FFF7D5FFFFF7E7FF10BD10B5FFF7A8
:10056000D9FFFFF7EBFF10BD10B5034B0122186850
:100570005968FEF779FA10BD7400002010B5034BDE
:10058000002218685968FEF76FFA10BDC4000020F9
:1005900010B5034B012218685968FEF765FA10BDC3
:1005A000C400002010B5034B002218685968FEF7FC
:1005B0005BFA10BDBC00002010B5034B0122186887
:1005C0005968FEF751FA10BDBC00002010B5034B6E
:1005D000002218685968FEF747FA10BDB4000020E1
:1005E00010B5034B012218685968FEF73DFA10BD9B
:1005F000B400002010B5034B002218685968FEF7BC
:1006000033FA10BDAC00002010B5034B012218686E
:100610005968FEF729FA10BDAC00002010B5FFF7AD
:10062000ADFFFFF7BFFFFFF7D1FFFFF7E3FF10BDFF
:1006300010B5FFF7ADFFFFF7BFFFFFF7D1FFFFF7E3
:10064000E3FF10BD304B10B5186800225968FEF763
:100650000BFA2E4B002218685968FEF705FA2C4B4E
:10066000002218685968FEF7FFF92A4B0022186823
:100670005968FEF7F9F9284B002218685968FEF707
:10068000F3F9264B002218685968FEF7EDF9244B60
:10069000002218685968FEF7E7F9224B0022186813
:1006A0005968FEF7E1F9204B002218685968FEF7F7
:1006B000DBF91E4B002218685968FEF7D5F91C4B70
:1006C000002218685968FEF7CFF91A4B0022186803
:1006D0005968FEF7C9F9184B002218685968FEF7E7
:1006E000C3F9164B002218685968FEF7BDF9144B80
:1006F000002218685968FEF7B7F9124B00221868F3
:100700005968FEF7B1F910BD44010020CC0000206B
:10071000E40000203C010020340100202C010020D6
:10072000240100200C010020F4000020040100201E
:10073000FC000020EC00002014010020DC00002060
:10074000D40000201C01002010B5FFF77BFF074BF1
:10075000012218685968FEF787F9054B01221868CD
:100760005968FEF781F9FFF7FFFE10BD5C0000201D
:100770006400002010B5FFF765FF034B00221868E6
:100780005968FEF771F910BD5C000020304B10B5C0
:10079000186800225968FEF767F92E4B0122186885
:1007A0005968FEF761F92C4B012218685968FEF769
:1007B0005BF92A4B012218685968FEF755F9284B56
:1007C000012218685968FEF74FF9264B0122186874
:1007D0005968FEF749F9244B012218685968FEF759
:1007E00043F9224B012218685968FEF73DF9204B66
:1007F000012218685968FEF737F91E4B0122186864
:100800005968FEF731F91C4B012218685968FEF748
:100810002BF91A4B012218685968FEF725F9184B75
:10082000012218685968FEF71FF9164B0122186853
:100830005968FEF719F9144B002218685968FEF739
:1008400013F9124B002218685968FEF70DF910BD14
:1008500044010020CC000020E40000203C010020E6
:10086000340100202C010020240100200C01002074
:10087000F400002004010020FC000020EC00002017
:1008800014010020DC000020D40000201C01002006
:1008900010B50400002901D0FFF7D4FE601E0E2819
:1008A0000FD8F7F72FFC080F11131517191B1D1F71
:1008B000212325272900114B186801225968FEF7CA
:1008C000D3F810BD0E4BF7E70E4BF5E70E4BF3E7F1
:1008D0000E4BF1E70E4BEFE70E4BEDE70E4BEBE760
:1008E0000E4BE9E70E4BE7E70E4BE5E70E4BE3E770
:1008F0000E4BE1E70E4BDFE70E4BDDE7CC000020AF
:10090000E4000020240100203C010020F40000202D
:100910003401002004010020FC0000202C010020F4
:10092000EC0000200C01002014010020DC0000205D
:10093000D40000201C010020F7B50190FFF782FED3
:10094000284B294A1B780B270092002B04D1274BF8
:100950001B78002B00D0177800242600244D009B24
:100960001B78A34200DCF7BDB742FCDD2A780134D6
:10097000002A1CD02000A34200DAE01A019B002BC1
:1009800001D000232B7002381A4B0C2809D8F7F736
:10099000B9FB0710121416181A1C1E202224260058
:1009A000154B186801225968FEF75EF801360135CB
:1009B000D5E7124BF5E7124BF3E7124BF1E7124B79
:1009C000EFE7124BEDE7124BEBE7124BE9E7124B67
:1009D000E7E7124BE5E7124BE3E7124BE1E7124B77
:1009E000DFE7C046416300204D020020E8010020FF
:1009F000F1010020CC000020E400002024010020B0
:100A00003C010020F40000203401002004010020FB
:100A1000FC0000202C010020EC0000200C01002034
:100A200014010020DC000020D400002010B5FFF7E6
:100A300009FE034B012218685968FEF715F810BD2E
:100A4000440100200120704710B506F007FB162373
:100A500003600120404210BD10B506F0FFFA1623D6
:100A60000360FEE770B50E0014000025A54201DB0F
:100A7000200070BD00E000BF70550135F6E770B58D
:100A80000E0014000025A54201DB200070BD705D42
:100A900000E000BF0135F6E70120404270478023A7
:100AA0009B0100204B607047012070470020704779
:100AB0000B490C4A0300521A0B4910B5086800286C
:100AC00001D10A4808600868C318934206D906F0A5
:100AD000C5FA0C2303600120404210BD0B60FCE707
:100AE00000040000009000203063002050680020C7
:100AF0007047000070B5FDF7E8FC0E4C0E4D20600D
:100B00002B780F280DD1002B01D10F2070BD0E20A6
:100B1000FDF78AFB0E2323602B78002BF5D020688D
:100B2000F4E70E28F8D1002BEFD00130FDF77CFB65
:100B30000F23F0E71C020020D96400200F2802DDFB
:100B4000024B18787047024BC05CFBE7F0010020B5
:100B5000B7640020144A30B514680F2C23DC134B03
:100B60001D78002D02D0092800DD0920104B1B78CC
:100B7000002B02D00923082802DC031E00DC01231D
:100B8000110034310978906B29400125082800DCD8
:100B90000025294204D0984202DD5168013151609C
:100BA0009363044AA35430BD780A002042630020B6
:100BB000E9010020B764002070B50400FDF72CF9AE
:100BC000FDF7E8F8FDF778FC164B17491870174B3E
:100BD0001B78002B04D1164B1B78002B04D0154931
:100BE0004822200006F067FA134B1B78002B09D02F
:100BF000012212490A70032B04D918001040134235
:100C000000D10870FFF776FF0500FFF797FF01227C
:100C10000B4B25601A7000220A4BA0631A7020004B
:100C2000226470BDEA010020A00100204163002081
:100C3000E801002058010020C8640020D964002089
:100C4000E901002042630020F0B5474D01212A78D8
:100C50000023170085B002914448454993422CDB9C
:100C6000FAF7CCFE05F070FE0023424C2364424BA1
:100C70001B780193002B2ED023003C331B782A785D
:100C8000002B25D1236801339A4200DA9B1A0121F7
:100C90003A4A236099543A4A13685B181360384CF7
:100CA0002A7823689A4206D10D220021304806F0A6
:100CB0006DF90023236005B0F0BDCC5C0133002C3E
:100CC00002D1C45C002C01D0013FC7E70293C5E705
:100CD0002C4B1B68DBE72C4B1B78002BDFD0244E02
:100CE000002F35DD012F35D005F05EFE2B78190081
:100CF0000293F7F78BFB735C002BF5D1234B039327
:100D00005B5C002B02D0019B002BEDD04B1C2360C1
:100D100001231B4F73543B68029A01333B609A4294
:100D2000BDDD05F041FE2978F7F770FB735C002B01
:100D3000F7D1039B5B5C002B02D0019B002BF0D012
:100D40004B1C2364012373543B6801333B60A6E7CB
:100D50000193C9E7029B0A4A2360F318013B1F7005
:100D6000136801339AE7C0464D020020516300200A
:100D700045630020780A002041630020446300207E
:100D80003C63002038630020E8010020526300200B
:100D9000F0B5CD4C002123003E3385B019700123FE
:100DA00023630223FF33A38623000D223633C74873
:100DB0001970A187216406F0E9F8C54B1B780393ED
:100DC000002B00D108E1C34B00221B78002B00D17F
:100DD00000E18023DB05A261E3610022BE4BA2603B
:100DE000E3600022BD4B226163610022BC4BA26222
:100DF000E36203236360BB4B00221C685D68BA4B4F
:100E000020002900F7F732FB002800D0FCE020008A
:100E100029000022B54BF9F7E1FFB54AB54BF9F7C8
:100E2000F7FC02000B000020B349F9F7D7FF0022BE
:100E3000B14B06000F00F7F719FB002801D0002680
:100E4000AD4FA14B1E625F62AC4B1B78002B43D0B1
:100E5000AB4B20001A685B682900F9F7BFFF0090D0
:100E60000191009B00221800019B5B005908A54BD3
:100E7000F7F7FCFA002803D0002300240093019424
:100E8000A14A138801339BB21380039B002B00D12E
:100E9000BDE09E4B00221C685D689D4B2000290030
:100EA000F8F7B6FC884E9B4BB062F1621A685B683B
:100EB00020002900F8F7ACFC002204000D00964B3E
:100EC00000980199F9F7A4FC02000B00200029000A
:100ED000F9F784FF30627162904B1B78002B00D1D0
:100EE000C3E0039B002B00D1B7E0FDF7C0FA002858
:100EF00003D08B4B1B78002B07D08A4B07221D7821
:100F0000002389499D4200DD9EE001226E4B18605E
:100F1000864BC254864A1368013313600121854A07
:100F2000694B117003225A6000223F331A70824BC2
:100F3000654C1B78002B06D023003E331B78002B1A
:100F400001D0012363602068FFF7F8FD226B63681E
:100F5000A0639A4203D12300012236331A70230082
:100F60003C331B78002B14D1744B1B78002B10D012
:100F70007349002208684968724BF7F763FA002842
:100F800007D0206A616A00226F4BF8F741FC2062AB
:100F9000616223003D331B78002B07D0206A616A11
:100FA0000022694BF8F734FC20626162206A616AB2
:100FB0000022514BF7F75AFA002803D000224E4B7B
:100FC000226263620022614B1A70614B01321A7017
:100FD00005B0F0BD5F4BFEE65F4B1B78002B00D1E8
:100FE00009E780230022DB05A261E36100225B4B5D
:100FF000A260E36000225A4B226163610022594BD8
:10100000A262E3620223F5E60020374901E7524B72
:101010001B78002B00D15FE73C4B00221C685D6809
:101020003B4B20002900F8F7F3FB274E394BB06209
:10103000F1621A685B6820002900F8F7E9FB2C4A86
:1010400004000D002B4B3BE7CE5C5C1C964202DC9F
:101050002000CA5CD2B2230054E73F4B1B78002B20
:1010600000D15BE7FFF7F0FD58E73F4B164C1B78CC
:101070002C4D002B00D081E0002082332360230020
:1010800001223A493C33A061E161002013491A7002
:10109000374B2061616119781300002906D0354B68
:1010A000197802230F392C2900D913006360FDF74A
:1010B00029FA314B2A7802301860904200DC36E77A
:1010C000801A186033E7C046780A00204563002084
:1010D0004163002034630020000059400000444078
:1010E00000908A403802002000488C400040854033
:1010F0009A9999999999E93F00608340DF640020AB
:10110000D00A0020000069408066002020020020F4
:1011100000206C40300200200000E03F906600207C
:10112000886600204D020020D40300204463002084
:101130003C630020B50A0020180200204363002011
:10114000200000200000144000004940E901002078
:10115000426300200000F03FE801002000003E4014
:101160000000544000E085408B66002000000840ED
:101170008C660020D90A0020386300202300012259
:101180003E331A70FDF7BEF92B780130206098428B
:1011900001DDC01A2060FFF757FDC8E610B50D222B
:1011A0002821034805F0F2FEFCF716FE10BDC046EC
:1011B0006C63002010B568220021034805F0E6FEAC
:1011C000FCF7BEFD10BDC0468063002010B568224C
:1011D0000021034805F0DAFEFCF788FD10BDC0468B
:1011E000E863002010B50D22FF21034805F0CEFE74
:1011F000FCF702FE10BDC0465F63002010B5022060
:10120000FCF728FF0222014B1A6010BDEC01002000
:10121000F8B50C684D68066847682B00220030005E
:101220003900F7F70FF903000120002B08D12B003C
:10123000220030003900F7F719F9431E9841404267
:10124000F8BD0000F0B5C24B91B01B78029003913D
:10125000002B00D18DE0BF4ABF4B116B18780139CC
:10126000BE4BC9005B18002800D152E102980399D7
:1012700018605960130035331B78002B02D101210F
:10128000B74B1970130036331B78002B71D053689D
:1012900000240493B34B00261B7800275A42534185
:1012A000049A9B18043B1D000E93AC4B0A93049BBD
:1012B0009D4200DA32E1AC4B002C00DCE7E1002279
:1012C00020001A70FAF7F2F90690079102000B005D
:1012D00030003900F8F762FE002600270C900D91CF
:1012E0000E9C9E4D049B9C4200DA77E1069A079B78
:1012F00030003900F8F752FE06F054FD00230026B6
:10130000002706930A900B91944B0F930E9B049A1F
:10131000934200DA84E10698FAF7C8F902000B005C
:1013200030003900F8F73AFE06000F008F4B904D61
:101330001C78904B2E606F601B785BB2022B00DD37
:10134000DBE101228C4B1A70002C12D08B4D8C4C9F
:101350002B78002B00D1B7E1002230003900894BF7
:10136000F7F770F8002800D1AEE1002301222B70BE
:101370002270854B1B78002B00D1C8E0834B754A47
:101380001B78002B4FD1824B1B78002B4BD0814B0D
:101390001B78002B47D112687F4B013AD2009B1873
:1013A0001C685D680022002320002900F7F75EF822
:1013B000002838D0794B1B8818000E93FAF776F97D
:1013C00000220F000600764B20002900F9F720FAD2
:1013D00002000B0030003900F7F734F8714F002895
:1013E00007D00022200029006F4BF7F749F80028AA
:1013F0000CD10E9B042B00D9A3E100222000290070
:101400006A4BF7F73DF8002800D19AE100223B68CB
:1014100001333B605E4B1A70654B1A70654A138846
:10142000C8339BB213805F4A1368042B0BDD012184
:10143000614B002019700023002113605F4B18607E
:101440005960FFF7B7FE514B1B78002B00D17AE1B2
:101450004E4B404D1B780E93002B1CD14C492B6BEF
:101460002A680878013B5649013ADB004A4CD20011
:10147000CB18002800D1D7E1029803991860596071
:10148000504BA4189B1818605960444B1888FAF701
:101490003BF9206061602B0036331B78002B36D07F
:1014A0002B003D331B78002B03D0344B1B78002BD3
:1014B0001ED100246B680693434B1B78A34201D1D5
:1014C000069B9C1E0025002600273D4B0893069B8B
:1014D0009C4200DAB2E1002D0ADD2800FAF7E6F8B6
:1014E00002000B0030003900F8F758FD029003911C
:1014F000274B1B78002B0AD00E9B002B07D102999B
:10150000039A324B19605A600122314B1A7011B0A4
:10151000F0BD3048304918605960B3E60A9AEB00D4
:101520009B181A685B680692079306980799294AE0
:10153000294BF6F787FF002808D0069A079B300052
:101540003900F8F765F906000F0001340135AEE601
:10155000E9010020780A0020ED0300200865002042
:10156000E2640020D964002044020020406300208F
:1015700038020020B3650020B1650020E80100209A
:10158000416300200070874042630020B40A0020BD
:10159000FD0300208C66002080630020460A0020A6
:1015A0000000D03FCC6400200000444000003440E4
:1015B000FC0300207E660020E1640020C8030020B8
:1015C000E8640020E86300201802002030020020B8
:1015D000CA6400200000C0FFFFFFDF41E3005B1989
:1015E0001A685B680A920B930A980B99B04AB14B40
:1015F000F6F728FF002811D00C9A0D9B0A980B993A
:10160000F9F7ECFB02000B00F9F702F902000B00FE
:1016100030003900F8F7FCF806000F00013461E6ED
:101620000E9B0F9ADB009B181C685D68A04A200087
:101630002900A04BF6F706FF002824D00C9A0D9B3A
:1016400020002900F9F7CAFB4B005B0808900993BA
:10165000089A099B0A980B99F6F712FF002807D100
:10166000089809990022944BF6F7ECFE00280AD05E
:10167000069B300001333900069322002B00F8F757
:10168000C7F806000F000E9B01330E933EE68B4A0F
:10169000146855688A4A1278002A04D000221A7009
:1016A00026002F0042E601221A70864B00221E6897
:1016B0005F68002330003900F6F7D8FE0028EFD02D
:1016C0000122814B1A7031E62378002B00D150E6BD
:1016D0000022300039007D4BF6F7D2FE002800D101
:1016E00047E60023022001222370794B2A701860FC
:1016F000784B1A70FCF7AEFC3BE6774B1B780E93E9
:10170000002B00D1B4E00022300039006F4BF6F717
:1017100099FE00280CD06B4B00221E685F686B4B53
:1017200030003900F6F7ACFE002801D02E606F6063
:10173000002C00D09FE0B2E00E9B002B00D118E6F9
:10174000ADE000233B60654C2378002B04D1644B53
:101750001B78002B00D17BE6624B1B78002B04D159
:10176000614B1B78002B00D072E6604B1B78002B7E
:1017700004D15F4B1B78002B00D169E602980399D6
:101780005C4B1A685B68F9F729FB4B00590800228B
:10179000594BF6F76BFE594B002819D01A680132E5
:1017A0001A600023564A23701370564A13889133E7
:1017B000FF339BB2138051490B68032B00DC47E6D3
:1017C0000122464B1A7000230B604F4B1A703FE604
:1017D000434A1278002AEED04B4A1278002AEAD106
:1017E00001211A602170FAF7A3FA484C484D22698A
:1017F0006369206C616C2E686F6800960197FBF737
:1018000097F802000B00A260E36042494248097861
:101810000029D0D001003D3109780068FAF7E0FCDA
:10182000803420606160C6E721482249A41818600E
:10183000596000220023226063602CE6089AE300CE
:101840009B181A685B680492059304980599184AD6
:10185000184BF6F7F7FD002808D0049A059B3000D6
:101860003900F7F7D5FF06000F00013501342EE6E9
:10187000002C00D17DE5294C2378002B00D15BE7BB
:101880002349002208684968104BF6F7F9FD002843
:1018900000D151E70122104B1A7000232370204B16
:1018A0001B78002B00D064E501221E4B1A7060E506
:1018B0000000C0FFFFFFDF410000244008020020BD
:1018C000C9640020D00A0020B06500200070874065
:1018D000EC01002044630020E8010020FD0300200B
:1018E000D00300208C660020D1030020DF6400209C
:1018F000E36400203002002000004940D064002052
:10190000FC0300207E660020CA640020D00900206D
:1019100038020020B70A0020780A00204163002026
:1019200044020020B16500200020094B10B51C784E
:10193000084B844205D018780130C0B2FF2800D18E
:1019400002381870FCF777FC2000FCF766FC10BD2D
:1019500044020020C8640020F0B51E007C4B7D4C82
:101960001F7887B002900391256B002F00D121E1F1
:10197000A068E1680022784BF8F74AFFA269E369A2
:10198000F7F746FFF6F726FE744B80B21880744BCB
:10199000744A1B78032D1FD1002B0BD0802100200F
:1019A000C905A061E16100206F49A060E1600020ED
:1019B0006E4908706E4811780078002832D00029EE
:1019C0005DD000206B49A062E16200220220A91EC6
:1019D00088425241D1B228E0002B21D0052D0CD1F4
:1019E0006549097849B20529E4D100206349644E6C
:1019F0002062616230607160DCE7042DDAD0062D70
:101A000009D15D49097849B20629D3D100205D4941
:101A100020616161CEE7032DCCDC002053490870C2
:101A2000012DC7DC11780029CFD1002B2DD1504BCF
:101A30001B78002B18D0002916D0A06AE16A00227A
:101A4000514BF8F7E5FE029A039BF7F7E1FE4C4B8A
:101A5000206261621E685F6832003B00F6F706FD97
:101A6000002801D026626762230036331B78002BE2
:101A700012D0FFF759FFFFF78BF907B0F0BD002B2D
:101A8000D5D00022414BA262E36200220223023D34
:101A9000AB425241D1B2CAE7FFF72CF820603C4B71
:101AA0001B78002B00D19CE23A4B2A4D1B78002B6F
:101AB00000D196E22B00012435331C700023220054
:101AC0001900FA202C63FCF7EEFB431E9841324AC2
:101AD000324B1278C0B21870002A04D02A003E326D
:101AE0001178002912D11B780324002B0ED02B0073
:101AF0003C331B78002B09D0294B1B78002B05D1D8
:101B0000284B07341B78002B00D0073C2B6B6C60F4
:101B1000A34200DA61E201221E4B1A700D4C2068CC
:101B2000FFF70CF81A4BA0631B78002BA5D01E4BB7
:101B30001B78002BA1D009289FD11C4B1868A063EB
:101B4000FFF708F81A4A13880A339BB2138094E708
:101B5000E9010020780A0020000024407C66002073
:101B6000E80100204163002000003E40C9640020DD
:101B7000E264002000407F40B365002000509440A4
:101B80000002002000C072400000E03F00E08540FD
:101B900042630020AE0A002018020020DC6400200E
:101BA0008C660020D90A0020DB640020100200208F
:101BB0007E660020C14B1B780593002B00D110E2FC
:101BC000A068E168E569A469BD4B1B78002B00D1D2
:101BD000FBE022002B00F7F71BFEF6F7FBFC0021D1
:101BE000B84B80B2B84A1880B84B11701A003C321A
:101BF00012788A4200D137001A68B549013A8A5CE6
:101C0000D2B201921A003D321278002A0AD0002F77
:101C100000D0DFE01A0036321278002A00D0D9E076
:101C2000FFF712F8AB4BA94C1B78002B00D0ECE06F
:101C3000002F14D0019B032B00D9EDE0A04B1B78A3
:101C4000002B00D1DBE0A449002208684968A34BBF
:101C5000F7F7DEFDA062E16201229E4B1A70A04BF5
:101C6000A04D1B68042B08DC2B780493002B04D1B7
:101C7000002F19D0019B032B16D8914B1B78002BFA
:101C800000D1CEE0029A039B9349904E08684968C0
:101C9000F7F7BEFD306271620023934A2B70136028
:101CA0008F4A1360059B049336342378002B00D1B0
:101CB000E8E00C9B1B68042B03DC8C4B1B78002B8F
:101CC0004AD08B4B00221C685D688A4B200029009B
:101CD000F6F7CCFB002801D00024864D002220001E
:101CE0002900854BF9F77AF8844A854BF8F790FD7F
:101CF00002000B0000208349F9F770F80022814BA5
:101D000004000D00F6F7B2FB002801D000247D4D41
:101D10006B4A6E4B12781C625D62002A00D186E02D
:101D2000002079499862D96200230C9A694D1360AA
:101D30006E4A1370754B1B78002B02D02B78002B4A
:101D40000AD1734C2678F9F7F3FF0023714A2B7000
:101D500013702670FCF72CF96F4B5C4C1B78002B32
:101D60006DD06E4B1B78002B69D08223236000233B
:101D7000002223640133A387694BA261E36100223F
:101D8000684B22616361684B504C1B78002B0ED06E
:101D9000664B1B78002B0AD1049B002B07D0206ACE
:101DA000616A0022624BF7F733FD20626162206AAC
:101DB000616A0022534BF6F759FB002800D16EE60A
:101DC0000022504B2262636269E60022594BF8F709
:101DD0001FFDFEE6012236331A70574B0299039A13
:101DE00019605A60FCF78EFB544A554B127801304B
:101DF0001860904200DC15E7801A186012E7514B1A
:101E00001B78002B00D01EE726E7002F00D126E725
:101E1000019B032B00D822E7314A1368013313607A
:101E20001DE7484B1B78002B00D02BE734E7454AD1
:101E30001278002A00D177E70020434972E7260094
:101E4000424B3E361D78002D00D18BE0FEF7FCFEA4
:101E500000233E4A137001333370194B1B78002B5B
:101E60001CD03B4B00221B78002B15D08023DB05B8
:101E7000A261E3610022374BA260E3600022294B9C
:101E800022616361244A314B12781B78002A6FD09B
:101E9000002B00D077E77CE02F4BE9E7294B1B783C
:101EA000002BEFD080230022DB05A261E36100223A
:101EB0002A4BA260E3600022294BE1E74263002045
:101EC000416300207C660020AC0A0020780A0020D4
:101ED000D4030020E36400202002002000206C4096
:101EE000D4640020F5030020F8030020E164002002
:101EF0003802002000488C40004085409A9999990A
:101F00009999E93F0060834000908A408C660020E8
:101F1000D1030020DF640020B50A00209066002075
:101F200000000840000044408B660020D80A0020D2
:101F30000000494000002440300200204D020020F3
:101F400038630020E801002000E08540B40A00204A
:101F500034630020000059400000F03F00003E4084
:101F600000005440FEF770FE01233D3433702570AD
:101F7000224A234B1278002A00D004E71A00363296
:101F80001278002A02D1196B022924D101223F3391
:101F90001A701C4B1A4E1B78346A756A002B00D1DC
:101FA000F1E61949002208684968184BF6F74AFA21
:101FB000002800D1E7E6002F00D1E4E6019B032BC7
:101FC00000D9E0E6002220002900114BF7F720FCA1
:101FD00030627162D7E63F33DAE7002236352A7085
:101FE0009CE50021064B0B4A11701A6B01321A63F3
:101FF0005B689A4200DB8EE590E5C046B40A00209B
:10200000780A0020436300202000002000001440D4
:1020100000004940AD0A0020F0B50026040035005C
:10202000394F9FB0F31904AA18685968B31818609B
:10203000596000220023F6F7FFF943425841083661
:102040002D18682EEED1002D42DD08222F4B0D21D8
:1020500004A804F01FFD6B10DA00ED073AD5130059
:1020600004AA9B181A685B68009201930099019A70
:10207000274B19605A60002C2AD00025224B254C92
:102080000393039B0022EB181E685F680023300057
:102090003900F6F7D1F9002814D1009801993200DF
:1020A0003B00F8F79BFE22686368F7F7B1FB060078
:1020B0000F00F9F7BFFAC317C018584014281EDCE8
:1020C0002660676008350834682DDAD1FBF7E6FD35
:1020D0001FB0F0BD013B04A9DB005B181900130021
:1020E0000868496804AA9B181A685B68F7F790FBB0
:1020F0000022094BF8F78CFB00900191B6E7002213
:10210000002322606360DDE7E8630020111201080C
:1021100028020020506400200000E03FF0B585B0A8
:102120000400FEF785FAFEF781FC0A2002F026FA89
:10213000022C1CD1FEF772FAFA20800002F01EFA7F
:10214000F9F766FC002704001B4EFA2120008900E5
:10215000F6F776F8BB1BD917184D194A5B184B4098
:1021600028801380FEF76EFA200005B0F0BDFA2338
:102170000024002500279B000F4E0193F9F73EFC39
:10218000C31702900393029A039BA4185D418642F1
:1021900000DD0600874200DA0700019B013B019346
:1021A000002BEBD1FA222000002329009200F6F741
:1021B000ABF90400C9E7C046FFFFFF006A650020D5
:1021C00068650020F0B5012700253E0097B0039018
:1021D0000C22574907A804F06EFF0AAB0193009741
:1021E000ACB22000C53080B2FCF7AEFA019B18708B
:1021F0002000D13080B2FCF7A7FA242204AB1534BA
:102200009B18FF3458550290A0B2FCF79DFA019A32
:102210000299127810ABE854914200D081E0029A02
:10222000904207D00026370004E00026029A00966C
:102230008242F8D1019A0135013201920C2DCFD1A1
:10224000242104AA521812781B780AAD13402A7868
:1022500013ACFF2A06D0FF2B06D12800FBF763FC46
:10226000002701E0FF2B55D0009B002B56D1002EFC
:1022700054D1002F52D00DAB23CB23C40398F9F7D0
:1022800015FA00222B4BF8F7A9FD00222A4BF7F78D
:1022900085FE04000D00139B04A80493149B0421E5
:1022A0000593159B069301F03FFA05A8042101F060
:1022B0003BFA06A8042101F037FA22002B00200087
:1022C0002900F8F7A5FA060004980F00F9F740FA7C
:1022D00002000B0030003900F8F79AFA0600059862
:1022E0000F00F9F735FA22002B00F8F791FA0200F7
:1022F0000B0030003900F7F78BFA040006980D0048
:10230000F9F726FA02000B0020002900F7F780FAFF
:1023100017B0F0BD07AD2800FBF705FC07CD07C4DB
:10232000ACE7904200D080E700221700009281E7DE
:10233000C886010830C0594180F1FAC0F8B50523BC
:102340005B425843F9F7B2F90022264BF8F760FADE
:102350000022254C254B20606160A260E3600022D2
:102360008025234B2D0622616361A668E7682269F8
:10237000636979193000F7F711FEA061E161206807
:102380006168A269E369F7F709FE20626162194A90
:10239000206A616A184BF8F721FD184A184BF7F7C5
:1023A000FDFDA062E1620022A06AE16A154BF7F729
:1023B000F5FD05F0C1FC144A144BF7F729FA0200A9
:1023C0000B0000201249F7F7E9FD20636163114A11
:1023D000206B616B104BF8F701FDA063E163A06B0C
:1023E000E16BF8BD0000703E7065002000230E41D7
:1023F00060301F41FCA9F1D24D62E03F1AB5F2C82E
:10240000C588DF3E006AF840F86F702FADFA2B40A8
:10241000004BB0406666666666127140012200217C
:10242000044B1A705A709A709971D97019715A7157
:102430007047C046D065002070B5FFF7EFFF474BEF
:10244000474C1B78002B00D185E0464B1B78002BB6
:1024500000D180E00323002500222381424BA38189
:10246000424B6581E58125826582A582E5822583CF
:102470006583A58322626362A262E36200223C4B11
:102480002263636300223B4BA263E36300223A4B67
:10249000226463640022394BA264E3640022384B57
:1024A0002265636500220023A265E36522666366F8
:1024B000A266E36622676367230078331D802300EA
:1024C0007A331D8023007C331D80230022007E335D
:1024D0001D8001238032137022008132137022008C
:1024E00082321570220083321370264A1570264AF4
:1024F0001570264A1370264B1D70264B1D70264BF7
:102500001D60FBF7EBFF254B1870254B1D70254B0D
:102510001D70254B1D70254B1D70254B1D70254BC7
:102520001D70254B1D70230088331D6023008C33E4
:102530001D6023009A3498331D802580FEF778F8BB
:102540001E4B1F4819685A68FAF76CFBF9F73AFAFC
:10255000FEF778F870BD05237DE7C04634630020A0
:10256000D06500204163002024F4FFFF00F8914073
:1025700000E0854000207C400000544000004440C2
:102580000000F03FB3650020B26500204C0200203F
:102590008F660020DA0A00203C630020C864002017
:1025A000E0640020C9640020E3640020E2640020AD
:1025B000DA640020DB640020B065002044000020C5
:1025C000B465002010B5144C6378002B14D0FCF7D0
:1025D00047FE1020FCF7E8FDE18A102089B2FCF7E5
:1025E00005FE10200021FCF71DFEFCF737FE00233E
:1025F00010206370FCF7B2FDF9F71AFA22002300ED
:10260000001280B28432108088339A34196823888B
:1026100012885B00CA5210BDD065002070B5204CF6
:10262000A378002B14D0FCF71BFE1120FCF7BCFD97
:10263000218B112089B2FCF7D9FD11200021FCF774
:10264000F1FDFCF70BFE00231120A370FCF786FDC3
:10265000F9F7EEF92300220025000012843380B23E
:1026600018809A358C3211682A881888520088524E
:102670001888230088331A682B8890345B009B5A93
:102680002668C01AC317C0185840F7F72BF82C88D3
:10269000A40030512B8801339BB22B8070BDC04603
:1026A000D065002010B5FCF7DBFD0620FCF756FDD9
:1026B000FCF7D4FD0122024B9A7100225A8110BD11
:1026C000D065002010B5FCF7CBFD0720FCF746FDD8
:1026D0000E20FCF743FD1020FCF740FD1120FCF715
:1026E0003DFDFCF7BBFD0122014BDA7010BDC04679
:1026F000D0650020F8B502000B0000201F49F7F755
:102700004DFCF8F797FF0500F8F7D0FF02000B002B
:1027100006000F00F7F77CF8F5F75CFF184C80B265
:10272000E081E389A8B29BB22382E3899BB26382F2
:10273000ABB2A382E3899BB2E382E3899BB223839A
:10274000F8F7B4FF0F4A104BF8F762F8F5F742FFBD
:102750000C4A0D4B85B239003000F8F759F8F5F7FF
:1027600039FF80B2F8F7A2FF32003B00F7F750F8CC
:10277000F5F730FF80B26583A083F8BD8084EE401A
:10278000D06500205C8FC2F5285CEF3F10B5174C78
:10279000E378002B01D1FFF795FFFCF761FD218A5B
:1027A000072089B2FCF722FDA18A0E2089B2FCF72E
:1027B0001DFD618B102089B2FCF718FDA18B112043
:1027C00089B2FCF713FD00210720FCF72BFD002147
:1027D0000E20FCF727FD00211020FCF723FD00212F
:1027E0001120FCF71FFDFCF739FD10BDD06500205E
:1027F00010B50C4C638901339BB2638162892389D4
:102800009A4203D2084B1B78002B0AD1FCF728FD13
:102810000620FCF7C9FCFCF721FD0023A371FFF79C
:10282000B5FF10BDD06500204C020020014B187987
:10283000C0B27047D065002010B5154B154C186A12
:10284000596A20626162986AD96A20636163186973
:1028500059699A69DB692064616422656365206A4D
:10286000616A226B636BF8F7B9FAA063E163206ACF
:10287000616A226D636DF6F7CBFFA062E162002210
:10288000206C616C044BF7F7C3FFA064E16410BDDA
:10289000780A0020D06500200000E03F10B5104C01
:1028A00010492300783308881A88904207D01A8884
:1028B0000D4892B20A80198889B2FAF7E1F922002C
:1028C0007A347E3211882388994207D023880648BB
:1028D0009BB21380218889B2FAF7E2F910BDC04695
:1028E000D06500204C660020B46500200022F8B5B9
:1028F000614B624C1A8023007A331A80FFF7CEFFB7
:10290000FDF732FE5E4B5F4D1F785F4E002F2BD0E0
:102910002B0036331878FEF70FF83378002B46D0AB
:10292000A26AE36AA265E3650022A06DE16D574BE0
:10293000F7F76EFFF5F74EFE230080B2783318806C
:102940000022002322666366230000227A331A8065
:10295000FFF7A4FFA86B092847D8F5F7D3FB445B22
:1029600060656A6F747B8289494B1B78002B0CD0A1
:1029700028680121C0B2FDF78BFF286C0028CCD05D
:102980003900C0B2FDF784FFC7E73378002BDFD0F2
:10299000404B1F78002F06D101210F20FDF778FF53
:1029A00039000E20EEE728680121C0B2EAE7384A74
:1029B0001278002ACCD0002000212200A065E16519
:1029C00078321380A26AE36A226663662F4B002284
:1029D000206E616EF7F71CFFF5F7FCFD230080B257
:1029E0007A331880B4E7FDF723FEA379002B01D1D9
:1029F000FFF758FEFCF734FCA189062089B2FCF7EA
:102A0000F5FB00210620FCF70DFCFCF727FC012359
:102A10002371F8BDFDF70CFEFDF7B0FDE5E7FDF70E
:102A200007FEFDF7BFFDE0E7FDF702FEFDF7A6FD9F
:102A3000F7E7FDF7FDFDFDF7C9FDD6E7FDF7F8FD6A
:102A4000FDF7B0FDF7E7FDF7F3FDFDF797FDFDF7A7
:102A5000D1FDCAE7FDF7ECFDFDF790FDFDF7A2FD06
:102A6000F5E7FDF7E5FDFDF789FDFDF7AFFDEEE7C5
:102A7000FDF7D4FDB9E7C04648660020D0650020C8
:102A8000B40A0020780A0020E901002000403A4002
:102A900042630020D964002010B5FCF7E1FB00215F
:102AA0000620FCF7BFFB00210720FCF7BBFB002141
:102AB0000E20FCF7B7FB00211020FCF7B3FB002130
:102AC0001120FCF7AFFB0620FCF76EFB0720FCF79C
:102AD0006BFB0E20FCF768FB1020FCF765FB112058
:102AE000FCF762FBFCF7BAFBFFF798FCFDF7A0FDD3
:102AF0000022034B1A80034B1A80FFF7CFFE10BD54
:102B0000486600204A660020F8B5914C6379DFB230
:102B1000002B00D1D8E000276771A06AE16A226D1E
:102B2000636DF8F75BF92300A062E1629433A06A59
:102B3000E16A1E6823009A331D88F8F751FEAD0044
:102B40007051A06AE16AA26BE36B2500F5F784FC83
:102B500001268335B84200D18EE0230082331E70F7
:102B6000A06AE16AA26BE36BF5F76CFCB84200D196
:102B700082E0FFF791FF774B2F701B78BB421AD092
:102B8000754B1B78BB4216D000220023A265E3657B
:102B9000230078331F80FFF781FE704B1B78BB4208
:102BA00000D167E06E4B1B78BB4200D162E0FA2097
:102BB000400001F0E3FC052001F0E0FCFDF742FDE0
:102BC000230083331B78002B27D0664B1B78002B08
:102BD00023D0A06AE16A226A636A2500F5F72CFC1B
:102BE0007A3500284AD0A06AE16AA26CE36CF6F755
:102BF0000FFEA065E1650022A06DE16D5A4BF7F76D
:102C000007FEF5F7E7FC230080B278331880002236
:102C100000232266636600232B80230083331B7806
:102C2000002B26D04B4B1B78002B22D0A06AE16AE8
:102C3000226A636A2500F5F7FFFB7835002830D05B
:102C400000220023A265E36500232B80A06AE16ACD
:102C5000A26CE36CF6F7DCFD206661660022206E54
:102C6000616E414BF7F7D4FDF5F7B4FC7A3480B2CE
:102C70002080F8BD3D489CE72E70A1E7206E616E74
:102C8000226D636DF6F7C4FD206661660022206E3A
:102C9000616E354BF7F7BCFDF5F79CFC80B22880E0
:102CA000BBE7A06DE16D226D636DF6F7B1FDA06528
:102CB000E165A06DE16D00222B4BF7F7A9FDF5F75B
:102CC00089FC80B22880D4E701236371254B1E78EC
:102CD000002E1CD0A06AE16A226A636A2500F5F71B
:102CE000ABFB7A35002809D0230080331F70226C9B
:102CF000636C22676367206F616FDCE7206F616F31
:102D0000226D636DF6F784FD20676167F3E7114B71
:102D10001B78002BADD0A06AE16A226A636A2500A5
:102D2000F5F78AFB7835002809D0230080331E7020
:102D3000226C636CA266E366A06EE16EBBE7A06ED8
:102D4000E16E226D636DF6F763FDA066E166F3E761
:102D5000D065002042630020AE0A002034630020CA
:102D600041630020E901002000403A40C40900000E
:102D7000054B10B51B78002B01D1FFF78DFEFFF737
:102D8000C3FEFFF78BFD10BD4C02002010B50F4CA9
:102D90002378002B14D0FCF763FA0E20FCF704FA1A
:102DA000618A0E2089B2FCF721FA0E200021FCF77F
:102DB00039FAFCF753FA00230E202370FCF7CEF902
:102DC000FFF7A2FEFFF76AFD10BDC046D0650020E8
:102DD00070B5040004A80588094E0A483460040050
:102DE0008C342160010090310A600200943213603B
:102DF000030098331D8000239A30038070BDC046C5
:102E000058660020D0650020F8B51F4B1C78002CB8
:102E10002AD01E4B14241B78002B00D050341C4F9A
:102E2000012238687968FBF71FFE1A4E01223068CC
:102E30007168FBF719FE184D002228686968FBF7D6
:102E400013FE200001F09AFB386801227968FBF735
:102E50000BFE306800227168FBF706FE286800222E
:102E60006968FBF701FEF8BD0C4B1B78002BD6D030
:102E7000064B1C7863425C41094B64421C40FA23B8
:102E80009B00E418CBE7C046416300209066002019
:102E900074000020840000206C000020E801002065
:102EA0004AFCFFFF1C4BD0B51A6806000F00012A30
:102EB00000D01B68FDF76AFC184C00212000F9F7D0
:102EC000DFFE0022164B30003900F6F7A1FC154B4F
:102ED0000022F7F79DFCF5F77DFB81B22000F9F7A2
:102EE000DFFE114801F04AFB00212000F9F7C8FE7F
:102EF00000212000F9F7D4FEFDF7A4FB0B4B1B7853
:102F0000002B07D001220A4BF5201A701978C9B29C
:102F1000FBF738FCD0BDC04648020020B465002055
:102F200000206C4000403A40B80B0000DE640020F6
:102F3000DD640020F0B5444B87B01E78002E00D031
:102F400078E0424A1278002A00D077E01600019219
:102F5000FDF7FEFAF8F736FD3D4A3E4B0092196840
:102F600000985A68F9F75EFEFDF7EEFB0021009825
:102F7000F9F786FEFA2700210098F9F791FE002460
:102F800000257F00F8F73AFDC31702900393013F35
:102F9000029A039BA4185D41002FF3D1FA2200236B
:102FA000520020002900F5F7AFFA31000500009823
:102FB000F9F766FEFA2401990098F9F771FE0026E8
:102FC00000276400F8F71AFDC31704900593013C2D
:102FD000049A059BB6185F41002CF3D1210000989C
:102FE000F9F74EFE21000098F9F75AFEFDF7C2FBF3
:102FF000FA20400001F0C2FAFA2200235200300009
:103000003900F5F781FA451BEB17ED185D402800F4
:10301000F8F74CFB0022104BF6F7C0FFF5F7DAFA91
:103020000E4E0F4A0F4B3060954209DD012018709B
:1030300007B0F0BD00230C4E019389E70A4BFBE774
:1030400002201C70F4E7C046E90100204263002022
:10305000B46500204400002000408F4084660020BA
:10306000102700008E66002045330000282210B58E
:103070000021054803F08AFF0022044BDA725A71DE
:103080005A729A7210BDC04694660020B80500209E
:10309000F8B505000024FBF783FF80260227285D92
:1030A000FBF788FF002C05D10E4B220018685968E9
:1030B000FBF7DAFC0C4B9A683242FCD09A683A4231
:1030C000FCD09A683242FCD1002C07D1054B01227A
:1030D00018685968FBF7C8FC0134E0E701340C2C90
:1030E000DDD1F8BDA400002000300140F0B589B06A
:1030F00002920393029B01901800039B00225B0045
:1031000059082F4BF7F784FB002300220692079300
:1031100006AA04000D0003F0D7FF2A4A2A4BF5F750
:10312000A5F9002807D0069807990022274BF6F743
:103130006FFB04000D0029002000F8F77BFA0A213C
:103140000600F5F77DF86421C4B23000F5F778F891
:103150000A27FA21C3B204937B43E31A7C431B0181
:10316000341B1C19E3B2890030000593F5F768F8A9
:103170001749C5B23000F5F763F83B00C4B26343AA
:10318000EB1A7D43049A1B01551B124930005D194F
:10319000F5F756F8474302980399E41B00220023F1
:1031A000EDB2E4B2F5F74EF9002801D0103CE4B2DC
:1031B000019B059A5D709A701C7009B0F0BDC04605
:1031C00000002440CDCCCCCCCCCCEC3F0000F03F78
:1031D00010270000A0860100F0B51C0085B0630038
:1031E000019059081000234B0022F7F711FB002330
:1031F00000220292039302AA04000D0003F064FF70
:103200001D4A1E4BF5F732F9002807D002980399A2
:1032100000221B4BF6F7FCFA04000D0029002000E9
:10322000F8F708FA0A210500F5F70AF80A27C4B2E8
:1032300064212800F5F704F83B00FA21C6B2734375
:10324000E31A7C431B012C1B1C19019B28005C709A
:103250008900F4F7F5FF0B49C4B22800F4F7F0FF3A
:1032600078436743201A019BF61B000180191870F0
:1032700005B0F0BD00002440CDCCCCCCCCCCEC3F94
:103280000000F03F10270000F0B58BB0039310ABA7
:10329000029204CB07AC1F8812AB1B7800900191FF
:1032A000049200210C222000059303F06FFE7BBAEC
:1032B000200063800025FFF7EBFE07ACAF4218DC6F
:1032C0000C220021200003F061FE059A2B23002A26
:1032D00000D004332000E37023716371FFF7D8FE40
:1032E000174B18685968FBF7C4FB0028F8D10BB0DE
:1032F000F0BDF0232370049BAE009859F8F728FA2C
:103300000B0006A90200481DFFF7F0FE009B6A00B3
:103310009B5A01355BBAA380019B9B5A5BBAE38041
:10332000029B9859F5F73EF9039B40BA20819859C2
:10333000F5F738F940BA60812000FFF7A9FEBCE735
:103340009C00002070B50024044D2E78285DFBF70A
:103350000FFE230001349E42F8DA70BD946600200F
:1033600070B50E4C0E4DE37928000233DBB22372A8
:10337000E3792B70E179E679C9B2F9F72FFCF6B25F
:10338000A855E679F9F732FCF6B2AE197070217AD9
:103390002800C9B2FBF7F8FD70BDC046B805002093
:1033A000BC66002010B50B4A0B4B517859709178D0
:1033B0009970D278DA7053221A7101325A71073A31
:1033C0009A714C3ADA71054B0732DA71FFF7C8FF90
:1033D00010BDC04694660020BC660020B8050020E1
:1033E0000C22064B10B506485A70FAF796FE0822D2
:1033F000044BDA71FFF7B4FF10BDC046BC66002075
:10340000BE660020B80500200722064B10B506480E
:103410005A70FAF7B9FB1222044BDA71FFF7A0FFDA
:1034200010BDC046BC660020BE660020B805002066
:103430000822064B10B506485A70FAF7E7FB12222D
:10344000044BDA71FFF78CFF10BDC046BC6600204C
:10345000BE660020B805002013226F210D4B10B569
:103460005A702E329A700D32DA700C3A1A7111328B
:103470005A7112329A710932DA7159720532033176
:103480001A72DA729972044B673ADA71FFF768FFC1
:1034900010BDC046BC660020B8050020052310B54D
:1034A000054C6370FAF72BFF0322044BA070DA710E
:1034B000FFF756FF10BDC046BC660020B8050020CF
:1034C0002E2310B5054C6370FBF712F80322044B52
:1034D000A070DA71FFF744FF10BDC046BC66002043
:1034E000B80500200B2310B5054C6370FAF71FFFD9
:1034F0000322044BA070DA71FFF732FF10BDC04603
:10350000BC660020B8050020062310B5054C63708A
:10351000FAF705FF0322044BA070DA71FFF720FFD2
:1035200010BDC046BC660020B80500200A2310B5B7
:10353000064C6370FAF7EAFA0422030AA370044BFC
:10354000E070DA71FFF70CFF10BDC046BC660020CA
:10355000B8050020092310B5054C6370FAF7D7FEB3
:103560000322044BA070DA71FFF7FAFE10BDC046CB
:10357000BC660020B8050020142330B585B0104C7F
:1035800001AD0C2228000F49637003F094FD002266
:103590000223A95C080020385E2801D8E1540133D9
:1035A00001320C2AF5D1102B02DC0132E254013336
:1035B000054ADBB2D371FFF7D3FE05B030BDC0467C
:1035C000BC660020F0870108B8050020152310B55F
:1035D000054C6370FAF74BFB0322044BA070DA71C1
:1035E000FFF7BEFE10BDC046BC660020B805002037
:1035F00010B5024B9878FAF733FB10BD94660020A3
:103600000D2310B5064C6370FAF7A1FEA070FAF70F
:10361000A6FE0422034BE070DA71FFF7A1FE10BD95
:10362000BC660020B80500201B2310B5054C637054
:10363000FAF785FE0322044BA070DA71FFF790FEC3
:1036400010BDC046BC660020B8050020172310B589
:10365000054C6370FAF78BFE0322044BA070DA71FD
:10366000FFF77EFE10BDC046BC660020B8050020F6
:103670000222054B10B55A7000229A70034B033298
:10368000DA71FFF76DFE10BDBC660020B8050020A2
:10369000122310B5094C6370FAF729FE084BA0708D
:1036A000012805D118740322DA71FFF759FE10BD05
:1036B0000228F8D100221A74F5E7C046BC66002043
:1036C000B80500201D2310B5094C6370FAF7DBFA2A
:1036D000084BA070012805D158740322DA71FFF756
:1036E0003FFE10BD0228F8D100225A74F5E7C0460B
:1036F000BC660020B805002070B518220125054BD6
:10370000054C9D705A700323E371FFF729FE257164
:1037100070BDC046BC660020B8050020014B186093
:103720007047C046FC660020002370B5CA0F5218CF
:1037300052100139934200DB70BDCC1A065DC55CA6
:10374000C65401330555DBB2F4E710B50B0A01701E
:1037500043700B0C090EC17083700421FFF7E4FF66
:1037600010BD00003E22F0B58F4B85B0DA71DB79D9
:103770008E4C2370162363708D4B1D682B78A370BD
:103780002B0038331B786A781B019B18E3702B00E1
:1037900080331E685F680022864B30003900F4F7E2
:1037A0004BFE2B0039330093002803D11B78022BEA
:1037B00000D8D6E042232371853363713833A37177
:1037C000823BE37128696969F8F70AF87A4B011CB2
:1037D0001800FFF7BAFF286A696A784B1E78002E36
:1037E00000D1C8E042232373853363733833A37356
:1037F000823BE373286B696B002E00D1C3E0422348
:103800002374853363743833A374823BE374009B61
:1038100003AF1B7823752B003A331B7863752B009D
:103820003B331B78A3752B00883318685968F4F76D
:10383000D1FE80B2030AE37520762A6C6B6C3800E7
:10384000FFF7CAFC28003B8848305BBA7A780380CF
:103850005B4B39781888A276617680B2F7F754FF0F
:1038600002000B003800FFF7B7FC28003B885830F7
:103870005BBA7A780380534B3978380022771A681C
:103880005B68E17600920193FFF7A6FC28003B8875
:1038900068305BBA7A7803802B003978903361778F
:1038A000A2770099019A19605A6008001100F4F794
:1038B00091FE2A0080B2030AE377631CD877424B5B
:1038C00070321B889BB21380190AA21CD177E21CAC
:1038D000D3772B002A0072331B8874321380190AA5
:1038E000221DD1772900621DD377384B78311A68B1
:1038F00093B20B801B0AA11DCB77E31DDA772B0057
:103900002A007A331B887C3213802200190A08327D
:10391000D1772200283213702B0022007E331B78CF
:1039200029321370A86AE96A002E34D0230042229B
:103930002A331A70230085322B331A702300383251
:103940002C331A707D232D342370174C7F35E27988
:103950001F4B2978D154FFF703FD0023237105B0D5
:10396000F0BD39003000F7F73BFF1A4B011C18007F
:10397000FFF7EBFE26E7F7F733FF174B011C1800A4
:10398000FFF7E3FE36E7F7F72BFF144B011C180097
:10399000FFF7DBFE3BE7F7F723FF114B011C180095
:1039A000FFF7D3FED1E7C046B8050020BC66002073
:1039B000FC66002000002E40C466002074660020D3
:1039C0007C660020380200207E6600207866002099
:1039D000BB660020C0660020C8660020CC660020C0
:1039E000E6660020014B1879C0B27047B805002088
:1039F00010B5054B9878012802D1FAF731F801E0AB
:103A00000228FAD010BDC0469466002010B5044BC1
:103A10009878431E072B01D8FAF728F810BDC04646
:103A20009466002010B5054B9878092803D800202B
:103A3000FAF722F801E0F028FAD910BD94660020C8
:103A400010B5034BD9789878FAF752F810BDC046F4
:103A50009466002010B50248FAF749FB10BDC04635
:103A60009666002010B5054B9878012802D1FAF728
:103A700015F801E00228FAD010BDC0469466002077
:103A800010B5044BDC789878FAF70EF82000FAF7B6
:103A900011F810BD9466002010B5024B9878FAF723
:103AA000B5FA10BD9466002010B5024B9878FAF76D
:103AB000B5FA10BD9466002010B5024B9878FAF75D
:103AC000B4FA10BD9466002010B5024B9878FAF74E
:103AD000B3FA10BD9466002010B5024B9878FAF73F
:103AE000B2FA10BD9466002010B50248FAF71BF830
:103AF00010BDC0469666002010B50248FAF726F8B9
:103B000010BDC0469666002010B50248FAF760F86E
:103B100010BDC0469666002010B5FAF7B4F8044B05
:103B2000012801D1587410BD00225A74FBE7C04629
:103B3000B805002010B5064B9878012802D1FAF795
:103B400089F801E00228FAD0FFF7E6FF10BDC04671
:103B50009466002010B5084B9C782000FAF748FACC
:103B6000012C03D10B22054B1A7010BD022CFCD185
:103B70000D22024BF8E7C046946600204D0200205B
:103B800010B5024B9878FAF73AFA10BD9466002007
:103B90001E2310B5054C6370FAF78EFC0322044B0C
:103BA000A070DA71FFF7DCFB10BDC046BC660020D8
:103BB000B80500202F2310B5054C6370FAF7F4FB0D
:103BC0000322044BA070DA71FFF7CAFB10BDC04698
:103BD000BC660020B8050020094B10B5186959696A
:103BE000F7F7FEFD074B011C1800FFF7AEFD102292
:103BF000054B5A70054B0A3ADA71FFF7B1FB10BD5D
:103C0000D0090020BE660020BC660020B805002058
:103C1000262010B5FF30FAF797FD0400FEF77EFA74
:103C2000022C07D1FEF78AFB044B18615961F7F7A4
:103C3000D7FD10BDFEF7C6FAF6E7C046D009002052
:103C4000112310B5064C6370FFF774F90322054B7E
:103C5000A070DA71FFF784FB0122034B1A7010BDCC
:103C6000BC660020B80500208F66002030B585B006
:103C70006846FAF7F7FA002301211A0015486C4646
:103C8000E55CC45CA54200D00A0001330B2BF6D1E1
:103C900000239A4202D0FAF7F2FAFF230E4C3322A5
:103CA000A370D020FF23627000211A004000FAF7B1
:103CB000FAFAFF23E070A2201A000021FF30FAF781
:103CC000F2FA0522054B2071DA71FFF749FB05B0C6
:103CD00030BDC046F0870108BC660020B805002052
:103CE000342310B5054C6370FAF766FB0322044BCE
:103CF000A070DA71FFF734FB10BDC046BC6600202F
:103D0000B8050020362310B5054C6370FAF75EFB4A
:103D10000322044BA070DA71FFF722FB10BDC046EE
:103D2000BC660020B8050020372310B5054C637031
:103D3000FAF755FB0322044BA070DA71FFF710FB72
:103D400010BDC046BC660020B8050020382310B561
:103D5000054C6370FAF74CFB0322044BA070DA7138
:103D6000FFF7FEFA10BDC046BC660020B805002073
:103D7000392310B5054C6370FAF743FB0322044B5B
:103D8000A070DA71FFF7ECFA10BDC046BC660020E7
:103D9000B8050020F8B5AE4DAE4C2B782800637105
:103DA0006B78637263790233DBB2A37163796179F3
:103DB000EE5CC9B2F8F712FF864206D16379EB18C0
:103DC0005E78F8F713FF864202D0FFF74FF9F8BD8F
:103DD0006379052B13D1637A412B10D16B78412B7A
:103DE0000DD1AB784E2B0AD1EB78422B07D12B7932
:103DF0000D2B04D10122984B1A70FFF7D3FA627A87
:103E0000D3B2012A00D08CE0AA78A272A17ACAB2F9
:103E1000012914D1914B1A70914B1A70914B1A7061
:103E2000A37A052B2AD1904A043B13708F4A137052
:103E30008F4A13708B4A1370FFF784FAC5E7A27A92
:103E4000032A03D1854A13708A4A05E0A27A022A1E
:103E500005D1824A1370854A1370854A05E0A27A1B
:103E6000042A06D1804A13707D4A13707D4A13706C
:103E7000D6E7A27A062AD3D17B4AE4E7A37A812B3C
:103E800005D1764B01221A70754B1A70D4E7A37ACC
:103E9000832B06D1714A823B1370764A1370744AA1
:103EA000C9E7A37A822B04D16C4A813B13706F4A15
:103EB000F4E7A37A842B01D16B4BE3E7A37A862B3B
:103EC00002D1694A853BE7E7A37A852B02D1664A8E
:103ED000843BEBE7A37A072B02D0A37A082B0ED101
:103EE0000124654B1C70FAF783FA5F4BA04200D0A7
:103EF0005A4B1C705A4B1C705A4B1C709CE7A37A8F
:103F0000872B02D0A37A882B96D101245A4B1C70A0
:103F1000FAF76EFA544BA04200D0504B1C70504B35
:103F2000EBE7637A022B03D1544B00221A704CE763
:103F3000637A2E2B08D1A37A002B02D0A878FAF747
:103F400081F9FFF7BDFA40E7637A052B0AD1AB7818
:103F5000A372A37A002B02D1FFF7A0FA35E7FFF78F
:103F600055FDF9E7637A062B0BD1AB78A372A37AE0
:103F7000002B03D0A07AC0B2F9F784FDFFF7C4FA92
:103F800023E7637A072B12D1AB78A3726379032BF3
:103F900006D1A37A002B00D017E7FFF735FA14E714
:103FA0006379122B00D910E7FFF7A6FDF5E7637AD6
:103FB000082B12D1AB78A3726379032B06D1A37AB5
:103FC000002B00D001E7FFF733FAFEE66379122BEE
:103FD00000D9FAE6FFF798FDF5E7637A092B0AD1D5
:103FE000AB78A372A37A002B02D1FFF7B3FAECE609
:103FF000FFF718FDF9E7637A0A2B12D1AB78A372A9
:104000006379032B06D1A37A002B00D0DDE6FFF7FE
:104010008DFADAE66379042B00D0D6E6FFF710FDBF
:10402000F5E7637A0B2B2BD1AB78A372A37A002B25
:104030000AD0A37AD8B2012B02D1F9F729FD03E007
:10404000A37AD8B2022BF8D0FFF74CFABDE6C046EF
:1040500094660020B80500204D01002093660020E2
:104060008D66002088660020926600208B66002006
:10407000896600208A660020916600204C0200209C
:10408000637A0C2B12D1AB78A3726379032B06D120
:10409000A37A002B00D098E6FFF7A2F995E66379A2
:1040A000082B00D091E6FFF7D5FCF5E7637A0D2BDE
:1040B00010D1AB78A372A37A002B04D0A37A012B82
:1040C00004D1FFF7DDFCFFF79BFA7EE6A37A022B13
:1040D000F9D1F6E7637A0E2B03D1AB78A372A37AFA
:1040E00073E6637A0F2BF8D0637A102B0FD1AB787D
:1040F000A372A37A002B00D067E6FFF789FDF7F7DC
:1041000027FBBA4C20616161FFF766FD5DE6637ACB
:10411000112B08D1AB78A372A37A002B00D054E600
:10412000FFF78EFD51E6637A122B10D1AB78A372A4
:10413000A37A002B04D0A37A012B04D1FFF758FCFB
:10414000FFF7A6FA41E6A37A022BF9D1F6E7637AE4
:104150001D2B10D1AB78A372A37A002B04D0A37AC5
:10416000012B04D1FFF7E6FCFFF7ACFA2DE6A37AAA
:10417000022BF9D1F6E7637A132B08D1AB78A3723F
:10418000A37A002B00D020E6FFF766F91DE6637ADC
:10419000142B08D1AB78A372A37A002B00D014E6BD
:1041A000FFF7EAF911E6637A152B0CD1AB78A3720D
:1041B000A37A002B04D0637A002B01D0FFF718FA02
:1041C000FFF704FA01E6637A162B08D1AB78A372E5
:1041D000A37A002B00D0F8E5FFF7C4FAF5E5637A7F
:1041E000172B08D1AB78A372A37A002B00D0ECE593
:1041F000FFF72CFAE9E5637A1B2B10D1AB78A37299
:10420000A37A002B04D0A37A012B04D1FFF72AFC58
:10421000FFF70AFAD9E5A37A022BF9D1F6E7637A18
:104220001C2B06D163790E2B00D0CEE5FFF75CFC8A
:10423000CBE5637A1E2B10D1AB78A372A37A002B47
:1042400004D0A37A012B04D1FFF784FCFFF7A0FC74
:10425000BBE5A37A022BF9D1F6E7637A2F2B10D1B5
:10426000AB78A372A37A002B04D0A37A012B04D1DC
:10427000FFF786FCFFF79EFCA7E5A37A022BF9D196
:10428000F6E7637A1F2B09D1594B9B78A372A37A67
:10429000002B00D199E5F7F74BFDCDE5637A242B90
:1042A00007D1534B9B78A372A37A002B00D18CE5E6
:1042B000C2E5637A4F4C252BF3D0637A282B1AD1B1
:1042C0004B4B01229B78F420A37200231900F9F7CD
:1042D000EAFF431E9841484BC0B2187000230122E8
:1042E0001900F520F9F7DFFF431E9841434BC0B298
:1042F0001870A37AA0E5637A312B02D1F9F7E8FEB2
:104300009AE5637A322B01D13D4B0EE6637A332B6B
:104310000FD1374B9A78A272A27A002A06D0A27ADD
:10432000012A03D11979D878F9F7B0FFFFF79EFC7D
:104330004BE5637A342B0AD12D4B9B78A372A37A79
:10434000002B01D0FFF7A8FBFFF7CAFC3DE5637A1D
:10435000352B3DD10125002400260027F7F720FD4D
:10436000284B1D70F7F7E4FCF7F70EFD0020F9F776
:1043700086FE214BF4201C701978C9B2FAF702FAB4
:104380001E4BF5201C701978C9B2FAF7FBF9FCF73F
:1043900005FFFCF70FFFFCF719FFFCF72FFF2000CC
:1043A000F9F766FE184B1C70FCF71CFF174B1E60DC
:1043B0005F60F9F773FD164B1E605F60F9F7E0FD73
:1043C000144BFA201D701978C9B2FAF7DBF933E5FE
:1043D000637A362B20D1064B9B78A372A37A002BED
:1043E00001D0FFF761FBFFF78DFCEEE4D009002060
:1043F00094660020B8050020DF640020DD64002002
:104400004C010020C7640020D80A0020C803002007
:1044100038020020DC640020637A372B0AD1144B69
:104420009B78A372A37A002B01D0FFF745FBFFF71F
:104430007BFCCAE4637A382B0AD10D4B9B78A372BC
:10444000A37A002B01D0FFF73FFBFFF77FFCBCE412
:10445000637A392B00D0B8E4054B9B78A372A37A1A
:10446000002B01D0FFF738FBFFF782FCADE4C0461C
:104470009466002010B5044B0A000100180002F0F9
:104480001AFEFFF787FC10BD946600200D48854694
:10449000FCF72EFB0C480D490D4A002302E0D458CE
:1044A000C4500433C4188C42F9D30A4A0A4C00237E
:1044B00001E013600432A242FBD302F0D5FDFAF70B
:1044C00029FBFEE70090002000000020B002002041
:1044D00058890108B002002050680020FEE7000063
:1044E00070B5104B05001978002901D1012070BD6D
:1044F000FA208000F3F71AFE0B4C01002068F3F756
:1045000015FE00F083F8041EF0D1032DEED8020052
:1045100001202900404200F043F8044B20001D60B8
:10452000E5E7C0464E020020500100205002002066
:104530008023084A5B00116810B50B43002013600C
:10454000FFF7CEFF041E03D1FBF7E8FD200010BDEE
:104550000124FBE700200240034A044B11681B784A
:104560005B1813607047C046006700204E020020B1
:10457000014B18687047C0460067002070B5040002
:10458000FFF7F6FF0500631C02D0044B1B78E4180C
:10459000FFF7EEFF401BA042FAD370BD4E02002091
:1045A00010B5FF2403220B0021000240D2009140ED
:1045B0009B012340C943934000280ADBC0240B4AD7
:1045C000800880008018A40002590A401343035158
:1045D00010BD0F2210400838054A8008800080185E
:1045E000C26911401943C161F2E7C04600E100E031
:1045F00000ED00E0002805DB1F2318401E3B834030
:10460000014A13607047C04600E100E08022431E6B
:104610005204012093420DD2C021074A074853603B
:10462000036A09061B021B0A0B43036200200723CF
:10463000906013607047C04610E000E000ED00E0BD
:10464000F0B5846CC56C6560046D002C02D0446DBF
:10465000856D65601C24056C084E25401B3CAC40F4
:1046600077683C437460046863608368102B02D1F0
:10467000A260E160F0BDA160E260FBE700000240E3
:1046800010B50400036C094A9B089B189B00436407
:1046900000681421C0B20838F3F748FD044BA36446
:1046A0001F2318401E3B8340E36410BD00820010AE
:1046B00080080240F8B504000120002C46D025688F
:1046C000254B1421E818F3F731FD02238000A61DC5
:1046D0002064F3772B68214AA76813402B60E368B6
:1046E00021693B430B4361692A680B43A1692000A0
:1046F0000B43E1690B43216A0B4313432B60FFF724
:10470000BFFF8023DB019F4201D1002363603F2371
:104710006268616C13400B60E06CA16C013A486008
:10472000032A14D80E4A0F4899180122013B9A40D7
:10473000A265130000228900216560650A6043605C
:1047400000200123E0630534F377E077F8BD002310
:1047500023656365A365F3E7F8FFFDBF0F80FFFFE7
:104760003F82001040090240F7B5451D0193EE7FDE
:1047700004000220012E33D00138E877A71DFE7F08
:10478000B4466346F6B200960026834230D101302B
:10479000F8772568E6632868009B98432860019BAA
:1047A0002000FFF74DFF236BB3421AD00E232A6877
:1047B00013432B60636C1A68D20304D580221968F6
:1047C00052000A431A60236D002B04D0802219681E
:1047D00052000A431A60012300202A6813432B6009
:1047E000FEBD04222B6893432B602A680A23DFE76F
:1047F0008023E363EE77F3E7F0B5002808D0841D4B
:10480000E37F411D022B05D00423C3630023CB7734
:104810000120F0BD0E250268466C1368AB4313609F
:104820003368104D2B403360012316689E43166099
:10483000026C1B331A401B3B93400B4E77683B4383
:104840007360C26C836C5A60036D002B05D01A68CC
:104850002A401A60436D826D5A6001230020E3777D
:10486000C877D6E7FFFEFFFF00000240F8B5811DC4
:10487000CB7F022B03D00423C3630120F8BD0E2499
:1048800002681C271368456CA34313600123146856
:104890009C4314602A68104C22402A60026C0F4D21
:1048A0003A4093406E6833436B60C26C836C5A60CD
:1048B000036D002B05D01A6822401A60436D826D8B
:1048C0005A6001230022CB77431DDA77836B934232
:1048D00000D098470020D1E7FFFEFFFF0000024014
:1048E000F8B51C240427016C264A21403C008C406A
:1048F000166803681D6826420FD03D420DD0196826
:10490000890602D41968B943196053681C43036BC4
:104910005460002B1BD0984719E002273C008C40C4
:10492000264215D03D4213D01968890606D40A25BF
:104930001968A94319600121831DD97753681C4365
:1049400054600022431DDA77C36A9342E3D1F8BD75
:10495000082427008F403E42F9D02542F7D00E258B
:104960001C68AC431C6001231D008D402900546865
:1049700021435160821DC363D3770022431DDA7740
:10498000436BE2E7000002400023F0B585B00A68FF
:104990001400DC4001D105B0F0BD012514009D409C
:1049A0002C4000942A4200D191E04A685F0094466E
:1049B0000322644622400324BC40E4430194541E75
:1049C000012C2ED88668019C2640CC68BC4034431C
:1049D000846044680126AC432500644624093440C1
:1049E0009C402C434460C568019C25408C68BC40B9
:1049F0002C43C460022A16D107250F261D40AD00A6
:104A0000AE40DC08A40004190294246A0396260030
:104A1000039CA64334000E69AE402643029C2662E6
:104A200001E0032ADFD1BA400468019D25402A43F2
:104A3000C02402606246A402224248D0254A0325CF
:104A40009C08A400A4180F221D40ED00AA40A02736
:104A5000266EFF0596430022B8420CD01E4F01324D
:104A6000B84208D01D4F0132B84204D01C4F033267
:104A7000B84200D1023AAA40674632432266154C3A
:104A8000009A2668009DD2433543FF0201D43500C9
:104A90001540674625606668009D3543BF0201D416
:104AA00035001540674665600E4C009DE66F354346
:104AB000BF0301D4350015406746E5670A4C009EE8
:104AC000E56F2E43FF0301D415402E00E667013346
:104AD0005DE7C04600180240000400500008005086
:104AE000000C0050081802400418024000690840F9
:104AF000431E9841C0B27047002A01D081617047BF
:104B00008162FCE770B504000120002C3FD0250035
:104B100041352B78DAB2002B05D123004033200039
:104B20001A70FBF713FB242301212B702368E06824
:104B30001A68A6688A431A601A4962680A401A61AC
:104B40009A6819490A409A60012821D180221202EC
:104B500032439A605868154A02435A60DA68002066
:104B60000A40DA60616922690A43A16909020A43BD
:104B7000DA60216AE2690A431A60012219680A436D
:104B80001A60202360642B7020634234207070BD53
:104B90008422120232439A600228DBD18022120161
:104BA0005A60D7E7FFFFFFF0FF7FFFFF00800002A2
:104BB000F0B504004134227803000F000220D6B281
:104BC000202A18D11D0040352A78012A13D024222A
:104BD00022701B68233A19680748914319601968C5
:104BE00001400020196019683943196019680A43A7
:104BF0001A6026702870F0BDFFEFFFFF0200F0B5CD
:104C0000413214780300E5B20220202C17D11C0099
:104C100040342678012E12D0223010701B682338C1
:104C20001E68074F86431E601E6809023E403143DE
:104C30001960196808431860002015702070F0BDD5
:104C4000FFF0FFFF8023034A5B0011680B431360F2
:104C50007047C0460070004010B5114C11492368E0
:104C600002000B4003432360802300209B009A42F4
:104C70000ED10D4B0D49186806235843F3F756FA29
:104C80008022431CD200616908001040114200D10B
:104C900010BD002B01D0013BF5E70320F8E7C0462B
:104CA00000700040FFF9FFFF5001002040420F005C
:104CB000F0B5040085B0002802D1012005B0F0BD98
:104CC0000368DB0710D423689B075CD423681B07A9
:104CD00000D5C1E023685B0700D5F2E0E369002B53
:104CE00000D079E10020E9E73822AF4DAB681340EE
:104CF000EA68102B09D1D3439B0708D12B689B038B
:104D0000E1D56368002BDED1D7E7082BF6D08022EF
:104D100063685202934211D12A6813432B60FFF754
:104D200027FC80270600BF022B683B42CBD1FFF750
:104D30001FFC801B6428F7D90320BFE7A021C9020C
:104D40008B4208D180232968DB020B432B602B6840
:104D50001A432A60E3E72A6894490A402A602A68CD
:104D600093490A402A60002BD9D1FFF701FC802724
:104D70000600BF022B683B42A5D0FFF7F9FB801B62
:104D80006428F7D9D8E73822874DAB681340EA6822
:104D9000102B28D103210A40022A26D12A68520565
:104DA00003D5E268002A00D187E769686269814813
:104DB000120201400A436A60002B0CD12B687E4A24
:104DC0007E491340226913432B602B687C4A9B0465
:104DD0005B0FDA400A607B4B1868FFF781FB002805
:104DE00000D173E769E7002BD8D0E368002B20D00F
:104DF0002B68714A802713402269FF0013432B6000
:104E000080232A685B0013432B60FFF7B1FB060089
:104E10002B683B4207D06A68636966491B020A40F7
:104E200013436B6052E7FFF7A3FB801B0228EFD907
:104E300082E72B68644A802713402B60FFF798FBBA
:104E40000600FF002B683B4200D13FE7FFF790FBD5
:104E5000801B0228F6D96FE73822534DAB68134008
:104E6000182B08D12B6E9B0700D433E7A369002BC6
:104E700000D02FE721E7A2690123002A10D02A6E73
:104E8000022713432B66FFF773FB06002B6E3B4292
:104E900000D01FE7FFF76CFB801B0228F6D94BE719
:104EA0002A6E02279A432A66FFF762FB06002B6EE2
:104EB0003B4200D10EE7FFF75BFB801B0228F6D9CF
:104EC0003AE73822384DAB681340202B08D1EB6D00
:104ED0009B0700D402E7A368002B00D0FEE6ECE6B7
:104EE00080220021EB6B52050091134208D1EB6B3D
:104EF0001343EB63EB6B13400393039B012300937A
:104F00008027324E7F0033683B4215D0A368012BC7
:104F100022D1EA6D1343EB65FFF72AFB0227060057
:104F2000EB6D3B4238D0009B012B00D0D6E6EB6BFB
:104F3000274A1340EB63D1E633683B433360FFF706
:104F400017FB019033683B42E0D1FFF711FB019B57
:104F5000C01A0228F6D9EFE6EA6D052B05D1013B10
:104F60001343EB65EA6D0123D4E701218A43EA6527
:104F7000EA6D03318A43EA65002BCDD1FFF7F8FAD9
:104F800002270600EB6D3B42CDD0FFF7F1FA114B43
:104F9000801B9842F6D9CFE6FFF7EAFA0D4B801B4B
:104FA0009842BDD9C8E6C04600100240FFFFFEFF90
:104FB000FFFFFBFFFF80FFFFFFC7FFFF5001002047
:104FC0000024F40050020020FFFEFFFF00700040AC
:104FD000FFFFFFEF881300003821434DAA680A4005
:104FE000102A53D0414A022B3AD12B688027134014
:104FF0002B60FFF7BDFA0600BF042B683B4229D1A6
:10500000616A236AEA680B43394980260A401343E0
:10501000E26AB6041343226B1343626B1343A26A22
:1050200012021343EB6080232A685B0413432B6056
:105030008023EA685B051343EB60FFF799FA0400ED
:105040002B68334200D04DE6FFF792FA001B02288E
:10505000F6D971E6FFF78CFA801B0228CDD96BE6F2
:105060002B68802613402B60FFF782FA0400B604F9
:105070002B68334204D1EB681E4A1340EB6031E6E3
:10508000FFF776FA001B0228F2D955E6012B00D172
:1050900013E60322E868216A02408A4200D00CE647
:1050A0007022616A02408A4200D006E6FE21A26AAE
:1050B000C90101401202914200D0FEE5F822E16AE6
:1050C000920302408A4200D0F7E5E022216B1205EC
:1050D00002408A4200D0F0E5636B400F4007C01ADF
:1050E000431E9841C0B2E9E500100240FFFFFFFEF9
:1050F0008C80C111FCFFFEEE382370B51D4CA268F8
:105100001A4205D123681C489B045B0FD84070BD30
:10511000A2681A40082A27D0A2681A40102A17D17C
:10512000E368E168DB43E5684906490F6F322D0A01
:10513000013115409B0709D11048F2F7F7FFE168EC
:105140006843490F0131F2F7F1FFE0E70A48F4E75D
:10515000A2681A40202A09D0A26800201340182B08
:10516000D5D1FA20C001D2E70448D0E78020000260
:10517000CDE7C046001002400024F40000127A007F
:10518000F7B504000D00002801D10120FEBD07275E
:10519000484E33683B408B422AD3226893073BD466
:1051A000D20748D4072733683B40AB420AD933685B
:1051B000BB432B433360FFF7DBF9019033683B407F
:1051C000AB4268D123683C4D5B076CD4FFF794FF7A
:1051D000AB683A491B051B0F9B005B581F210B4016
:1051E000D840374A374B10601868FFF779F9CDE798
:1051F0003368BB430B433360FFF7BAF90190336860
:105200003B40AB42C9D0FFF7B3F9019BC01A2E4B0C
:105210009842F4D90320B9E72749530704D5E0237E
:105220008868DB0103438B608B6828480340A068D3
:1052300003438B60B4E760681F4F032829D8F2F757
:1052400061FF20021C243B689B039ED50722BB689C
:1052500093430343BB60FFF78BF901903823BA688F
:105260001A406368DB009A429CD0FFF781F9019BEA
:10527000C01A154B9842F1D9CCE73B689B01E5D4A5
:1052800083E73B685B05E1D47FE73B6E9B07DDD49A
:105290007BE7FB6DFAE7FFF76BF9019BC01A0A4B3E
:1052A00098428BD9B6E7AB68094A1340E2681343CA
:1052B000AB608BE70020024000100240B08701087D
:1052C000500100205002002088130000FFF0FFFF73
:1052D000FF8FFFFF064B07499B68074A5B045B0F84
:1052E0009B005B581F2110680B40D8407047C04698
:1052F000001002409087010850010020F0B50368BB
:10530000040085B000209B0352D58022704D5205C9
:10531000EB6B0090134208D1EB6B1343EB63EB6B29
:1053200013400393039B012300938027694E7F0062
:1053300033683B433360FFF71BF9019033683B420E
:1053400028D0EA6DC02310009B00216B624E1840EC
:105350001A4218D0814216D08022EB6DE86D1900F8
:1053600052020243EA65EA6D5C4831400240EA6558
:10537000E965DB0707D5FFF7FBF807000222EB6DB5
:10538000134200D19CE0EB6D226B334013430020AD
:10539000EB6506E0FFF7ECF8019BC01A0228CDD9B7
:1053A0000320009B012B03D1EB6B4D4A1340EB63B1
:1053B0002368DA0706D5032545494A6DAA4365687F
:1053C0002A434A659A0706D50C2541494A6DAA43E6
:1053D000A5682A434A65DA0606D53D49414D4A6D1E
:1053E0002A40E5682A434A659A0506D538493E4D64
:1053F0004A6D2A40A5692A434A655A0506D53449AB
:105400003A4D4A6D2A40E5692A434A659A0606D50F
:105410002F49374D4A6D2A4025692A434A655A0467
:105420000FD52B49256A4A6D920092082A434A6596
:105430008022D205954204D18022CD6852022A43AF
:10544000CA601A0306D5402521494A6DAA43656AF8
:105450002A434A659A020FD51D49264E4A6DA56A10
:1054600032402A434A658022D203954204D18022E9
:10547000CD6852042A43CA605A020DD5144D1E4EFF
:10548000696DE26A314011436965802149048A42AD
:1054900002D1E9680A43EA601B050FD50C4A61692D
:1054A000536D164C23400B4353658023DB01994217
:1054B00004D18023D1685B020B43D36005B0F0BDFB
:1054C000FFF756F80E4BC01B984200D856E767E727
:1054D0000010024000700040FFFCFFFFFFFFFEFFD6
:1054E000FFFFFFEFFFF3FFFFFFFFF3FFFFFFCFFF24
:1054F000FFCFFFFFFFFFBFFFFFFFFFFEFF3FFFFFED
:1055000088130000A0210268F8B5D36804008B431B
:10551000D360FFF72DF8FA2705002026BF00236887
:10552000DB68334201D00020F8BDFFF721F8401BB3
:10553000B842F4D90320F7E7F7B540260368050021
:10554000DA680024324211D18022D968FA270A434E
:10555000DA60FFF70DF8BF0000902B68DB681A00D7
:1055600032400192334201D1032C01D12000FEBD13
:10557000FEF7FEFF009B019CC01AB842EDD92B003C
:10558000032429331C70E8E7802270B50F4C050016
:10559000E3689343E360A369603A134207D1FFF7DE
:1055A000B1FF002802D003202935287070BDA369FF
:1055B0009343A361FFF7A6FF002802D003202935FB
:1055C00028702023A2691343A361EFE7002800405D
:1055D00070B504000120002C17D0250029352B7848
:1055E000DAB2002B08D1230028331A7088231B025B
:1055F00020006360FAF7ECFD02232B702368DA6861
:10560000D20603D5012300202B7070BDCA225A6236
:10561000773A20005A62FFF78FFF002825D12368D0
:1056200015499A6960690A409A61A26899690243BA
:10563000E06902430A439A61226920001A61E26824
:10564000196912040A431A61FFF79EFF00280CD162
:105650002268266A9369DB00DB089361636A9169BB
:105660003343A66933430B439361FF2223685A6295
:105670000028C7D0C9E7C046BFFF8FFBF8B50400BC
:105680000120002C67D0636A002B65D182226168FB
:105690005200914200D0E36100232500A3625D35F2
:1056A0002B78DAB2002B05D123005C3320001A706E
:1056B000FAF7BCFD022340222B702168E6680B68D4
:1056C0009343E0220B60D2000023964248D9F02297
:1056D00018001201964200D0A362822284276368D8
:1056E00052001340A2683F023A4002271343226946
:1056F000A5693A4013430122676917403B4380275D
:10570000BF002F403B43E769373217403B43276ACE
:105710004832174080223B43A76A920117403B431F
:10572000102708220B60636A2D0C3B40676B174003
:105730003B43F0273F013E403343042635402B4393
:1057400003434B60CB69084803400020CB61012331
:1057500020665D342370F8BD0023236163619BE7FD
:1057600080204001B6E7C046FFF7FFFFC0220423B8
:1057700013B50468D200A16808001040114200D19E
:1057800016BDE168013B0191DBB20199002BF2D11A
:105790000320F5E701000300012010B53D310C782E
:1057A000E2B284421FD1001808701B68D968114307
:1057B000D9600E498B4209D08021C9058B4205D0A2
:1057C0000B498B4202D00B498B420DD19A680A4992
:1057D0000A40062A06D007398A4203D001221968F6
:1057E0000A431A60002010BD1968F9E7002C014037
:1057F000000400400040014007000100012103684F
:1058000010B5DA688A43DA601C6A074A144206D186
:105810001C6A064A144202D11A688A431A6001239C
:105820003D300370002010BD111100004404000041
:1058300070477047704770470222036810B51969B6
:10584000040011420ED0D96811420BD0053A1A61FA
:10585000043202779B699B0700D186E0FFF7E9FFDE
:1058600000232377042223681969114211D0D968D3
:1058700011420ED0093A1A61073222779A69C02381
:105880009B0020001A4200D175E0FFF7D2FF0023F1
:10589000237708222368196911420ED0D968114272
:1058A0000BD0113A1A610D322277DB6920009B0779
:1058B00067D0FFF7BEFF0023237710222368196902
:1058C000114210D0D96811420DD0213A1A61193213
:1058D0002277DA69C0239B0020001A4257D0FFF7D5
:1058E000A8FF00232377012223681969114207D0FA
:1058F000D968114204D0033A20001A61F9F7B2FCCA
:10590000802223681969114208D0D968114205D054
:10591000023AFF3A20001A6100F0EFF823681A6992
:10592000D20507D5DA68120604D51C4A20001A6190
:1059300000F0E4F8402223681969114207D0D968C1
:10594000114204D0813A20001A61FFF774FF20222F
:1059500023681969114207D0D968114204D0413A2D
:1059600020001A6100F0C8F810BDFFF761FF2000A9
:10597000FFF760FF74E7FFF75BFF2000FFF75AFFB8
:1059800085E7FFF755FF2000FFF754FF93E7FFF788
:105990004FFF2000FFF74EFFA3E7C046FFFEFFFFCB
:1059A00010B51C4C0368A04206D08022D20590425C
:1059B00002D0194A904208D1702293434A68134397
:1059C000164A1A40CB6813430BE0154A9042F7D0B1
:1059D000144A9042F4D0144A9042F1D0134A9042B3
:1059E000EED0802293434A69134303608B68C362FD
:1059F0000B688362A04208D00A4B984205D00A4B3C
:105A0000984202D0094B984201D10B6903630123EC
:105A1000436110BD002C014000040040FFFCFFFF6B
:105A20000020004000400140004401400048014087
:105A300070B504000120002C23D025003D352B78C3
:105A4000DAB2002B05D123003C3320001A70FAF79C
:105A50003FFC02232B702068211DFFF7A1FF2200CD
:105A6000012300204832137047340A3A13705370F0
:105A70009370D370137153719371D3711372237038
:105A80002B7070BDF0B5040002223C342578030071
:105A90001000012D26D01D003D352A701B68124EC6
:105AA0005A689868B34203D1104F3A404F683A435E
:105AB0007027BA430F683A435A60B34209D0802234
:105AC000D205934205D00A4A934202D0094A934232
:105AD00004D1802290438A681043986001230020FB
:105AE0002B702070F0BDC046002C0140FFFF0FFF5F
:105AF00000040040004001407047704770470000BC
:105B000030B5EFF31084012282F31088C0250168BC
:105B10000B68AB430B6084F31088EFF3108182F3C2
:105B200010880268044C93682340936081F31088C6
:105B300020238830036030BDFFFF7FFF30B5EFF3D7
:105B40001084012282F310880168134D0B682B40EA
:105B50000B6084F31088EFF3108182F310880268E1
:105B60000E4C93682340936081F31088C36E012B21
:105B70000AD1EFF3108183F31088102402681368B0
:105B8000A343136081F31088030020228C331A6032
:105B90000023C366436730BDDFFEFFFFFEFFFFEF5C
:105BA000704770477047704770B5846A2300883328
:105BB0001A685D6823689B681B0608D5212A06D1F0
:105BC00023000022563320001A80FFF799FF236834
:105BD0009B685B0608D5222D06D1230000225E3388
:105BE00020001A80FFF7AAFF2200102390321168CC
:105BF00020000B431360FFF7D6FF70BD806A0023BF
:105C0000020010B55E321380083A1380FFF7CBFF15
:105C100010BD0000F7B50168C14DCB6904000A68EA
:105C200088682B4210D120252B4200D19BE0802692
:105C3000760515400640354300D194E0636F20009F
:105C4000002B00D085E085E0B64D05400095B64DAF
:105C5000009E1540354300D185E025000126903592
:105C6000334205D0D70503D50E622F683E432E6020
:105C7000022633420CD0C7070AD527000E629037A0
:105C80003E680197B446042667463E43019F3E6046
:105C9000042633420CD0C7070AD527000E6290377E
:105CA0003E680197B446022667463E43019F3E6028
:105CB0000826B446334209D02027009E17403743B8
:105CC00004D066460E622F683E432E608026360161
:105CD000334206D0570104D50E6220212E6831438D
:105CE00029602968002935D020210B420AD0802361
:105CF0005B0511400340194304D0636F002B01D0B2
:105D00002000984722682B684027966828223E404A
:105D1000134020001E4322D0FFF710FF23689B682A
:105D20003B4218D0EFF31081012383F31088250044
:105D300004CD9368BB43936081F31088E86F00281B
:105D400009D07A4B8363FEF791FD002802D0E86FFB
:105D5000836B9847F7BD2000FFF725FFFAE7FFF7B1
:105D600022FF2E60F6E7E56E012D00D09FE01026A1
:105D7000334200D19BE0324200D198E00E62896844
:105D800040230A001A40194257D0211DCA6F1068DB
:105D9000426892B2002ADDD027005C373F889742E4
:105DA000D8D927005E373A80026820208446104008
:105DB00000906046024232D1EFF3108785F31088DD
:105DC00020685B4E02683240026087F31088EFF370
:105DD000108785F3108820688268AA43826087F361
:105DE0001088EFF3108785F31088206882689A4343
:105DF000826087F31088230062468C331A60009B10
:105E0000E366EFF3108085F3108822680F3513687E
:105E1000AB43136080F31088C86FFEF7EDFC0223DC
:105E20002200236723005C325E331B881188C91A65
:105E300089B22000F9F77CF88CE7230020005C335E
:105E40005E301988038800889BB2002800D181E762
:105E5000C91A89B2002900D17CE7EFF3108785F3D6
:105E600010882068334E03683340036087F310883E
:105E7000EFF3108785F3108820682F4E8368334036
:105E8000836087F31088230020208C331860E2663B
:105E90006267EFF3108085F310881025226813687D
:105EA000AB43136080F3108802232367C1E780258A
:105EB0006D032B4206D0460204D520000D6200F08F
:105EC000E7FB47E780210B4207D080252D041140D6
:105ED0002840014301D0A36FB1E640210B4216D008
:105EE0000A4214D0EFF31080012383F31088226854
:105EF00013688B43136080F31088230020228833BB
:105F00001A6000232000A367FFF74AFE22E7190268
:105F100014D5510012D5200000F0BCFB1AE7C04692
:105F20000F0800000100001020010004FD5B0108C3
:105F3000FFFEFFFFDFFEFFFFFEFFFFEFDB0100D4F0
:105F400008E7002A00DB05E7200000F0A2FB01E7DC
:105F50000123806A10B50367C36E012B06D10300CD
:105F60005C3319884908F8F7E3FF10BDFFF71AFE04
:105F7000FBE7000003001B6820221B6870B51900B6
:105F8000806A1140134234D103005E331980EFF36D
:105F90001085012383F3108804681D4E2168314069
:105FA000216085F31088EFF3108583F3108804686F
:105FB000A1689943A16085F31088EFF3108483F3FF
:105FC0001088402501688B68AB438B6084F3108890
:105FD00003008C331A60C36E012B0AD1EFF31081DA
:105FE00083F31088102402681368A343136081F3BD
:105FF000108800230367C36E012B05D103005C33B7
:106000001988F8F795FF70BDFFF7CBFDFBE7C04699
:10601000FFFEFFFFF8B504002569A26823682A4344
:1060200065691968C0692A43734D024329400A43D0
:106030001A605A687149A5690A40E1680A437049C3
:106040005A608B4201D0226A15439A686D4E3240E5
:106050002A430F259A60DA6AAA43656A2A43DA62FC
:10606000694A934225D1694B5A6D03231A40802314
:106070001B02022A00D1BBE0032A00D1B2E0012AB0
:1060800000D1A8E0984200D17DE0FFF723F9002875
:1060900045D0626A5E4B5200D15AF2F747F8656804
:1060A0006B08C0182900F2F741F80200594B103A6A
:1060B00064E0594A934212D10C22544B5B6D134059
:1060C000082B00D192E005D8002B00D081E080237E
:1060D0001B02D7E70C2B00D182E0012020E04F4AC1
:1060E0009342F4D04E4A9342F1D08B42F5D1C02274
:1060F0008021464B12015B6D090113408B4215D084
:1061000004D8002B07D1FFF7E5F806E09342E4D16D
:10611000802636020BE0FEF7EFFF061E07D10020B7
:10612000404BA36600236367A367F8BD3E4E626AD7
:10613000374B5200D75A30003900F1F7F7FF0323ED
:1061400065686B438342C8D82B038342C5D30023C1
:106150003A0030001900F2F7D7F90027060E0B02BB
:10616000334302026E0892197B41100019002A0085
:106170003B00F2F7C9F92D4BC2182D4B9A42ACD80F
:106180002368D860CBE7FFF7A5F80028C7D0626A7C
:106190001F4B5200D15AF1F7C9FF656840006B08E8
:1061A000C0182900F1F7C2FF02001A4B103A9A42B8
:1061B00000D992E70F23020000079A4393B2400FE1
:1061C00022680343D360AAE71748E0E7FEF794FF8D
:1061D0005DE780231B029842F8D1FEF78DFFD4E7DC
:1061E00080231B029842D2D0180052E780231B0262
:1061F0009842E9D00C484CE7F369FFCFFFCFFFFF8F
:1062000000800040FFF4FF11003801400010024000
:10621000DA880108EFFF0000004400400048004019
:10622000004C0040010001000024F40000FDFFFFCD
:10623000FFFC0F00836A30B5DA0706D50168284CE9
:106240004A682240C46A22434A609A0706D5016818
:10625000244C4A682240046B22434A605A0706D500
:106260000168214C4A682240446B22434A601A0765
:1062700006D501681D4C4A682240846B22434A605F
:10628000DA0606D501681A4C8A682240C46B22439C
:106290008A609A0606D50168164C8A682240046C0A
:1062A00022438A605A0610D50168134D4A68446C2F
:1062B0002A4022434A6080225203944205D14A6810
:1062C0000E4C2240846C22434A601B0606D50268AD
:1062D0000B4953680B40C16C0B43536030BDC04643
:1062E000FFFFFDFFFFFFFEFFFFFFFBFFFF7FFFFF45
:1062F000FFEFFFFFFFDFFFFFFFFFEFFFFFFF9FFF4E
:10630000FFFFF7FFF8B504000D0017001E0022681C
:10631000D3692B405B1B59424B41BB4201D000204B
:1063200029E0069B0133F3D0FEF722F9069B801B80
:10633000984201D8002B1FD1EFF31080012282F385
:1063400010882168204D0B682B400B6080F310886B
:10635000EFF3108082F3108821688B6893438B6081
:1063600080F3108823001F3288331A605A6000239C
:10637000032084342370F8BD23681A685207C6D5F9
:106380008022D96912011142C1D01A62EFF3108044
:10639000012282F3108821680B4D0B682B400B60A3
:1063A00080F31088EFF3108082F3108821688B68E7
:1063B00093438B6080F3108822002023883213607F
:1063C00053609360D3E7C0465FFEFFFFF0B5170050
:1063D000020087B088320593136804000D00022084
:1063E000202B45D10138002942D0002F40D08023F6
:1063F000A1685B01994204D12369002B01D10542B8
:1064000036D12300002690331E6021231360FEF74F
:10641000AFF8230054331F80023303931F8080237F
:10642000A26804905B019A4204D12369B34201D16E
:106430002E001D00230056331B889AB2002B0CD16E
:10644000059B402100932000049BFFF75BFF002881
:106450000DD12023883423600AE0059B002200939D
:1064600080212000049BFFF74DFF002802D003206D
:1064700007B0F0BD2268002D0BD133880236DB0552
:10648000DB0D9362039B039A1B88013B9BB2138035
:10649000D0E72B7801359362F4E70000030073B571
:1064A0000026040090331E60FEF762F823680500A2
:1064B0001B681B0719D423681B685B070AD580215A
:1064C000104B0022009320002B00C903FFF71AFF96
:1064D000002815D122000020202388321360536049
:1064E000E0662067843420700BE08021054B320089
:1064F0000093890303002000FFF704FF0028DAD08F
:10650000032076BDFFFFFF01F8B51300020006006F
:1065100005005C3281650F00138022210022903635
:106520008C3532602960011D0400C86F904213D081
:106530001D498263C1621D493A0001631C494163E0
:1065400021682431FEF710F9002805D0102301201E
:106550003360DB182B60F8BD2369002B0BD0EFF301
:106560001081012383F310882268FF3310680343EE
:10657000136081F31088EFF31080012383F31088F8
:1065800021688A681A438A6080F31088EFF31081CB
:1065900083F3108822683F3390680343936081F34C
:1065A00010880020D7E7C046755F0108515F0108D9
:1065B000A95B0108F7B50700436E04006A37002B9A
:1065C00004D10120388068342080F7BD03680B4E69
:1065D0009A689B680A4D5B0FF05CE95CC000019211
:1065E000F1F72EFE019B38801B015B0FF05CE95C2C
:1065F000C000F1F725FE80B2E5E7C046FA88010841
:10660000F2880108F7B504000E001D000192002871
:1066100001D10120FEBD070088373B68002B04D163
:10662000020084321370F9F7C7FE24230121226887
:106630003B60136820008B431360FFF7EBFC0128DD
:10664000E7D0A36A002B02D02000FFF7F3FD8022E1
:106650002368D20199682D040A439A609A680A490E
:1066600020000A4032439A60019A51050D431A688E
:1066700006490A40154301221D6019680A431A6041
:10668000FFF70CFFC6E7C046FF7FFFFFFFFF00FCE0
:10669000704770477047000070B50400843422785A
:1066A00003000220012A11D01D0024220126883572
:1066B0002A601A6811681068B043106004480140ED
:1066C00000205866202311602B60207070BDC046EA
:1066D000FFFFFFDFF8B5050084350B0029780222A3
:1066E000012915D006000121046888362232326063
:1066F000276822688A432260A168C900C908194333
:10670000A160FFF757FF20230022276033602A7023
:106710001000F8BDF8B5050084350A002978022379
:10672000012915D006000121046888362233336020
:10673000276823688B432360A168064B19401143E7
:10674000A160FFF737FF20232760336000232B7001
:106750001800F8BDFFFFFFF103008C331B6870B514
:1067600004000220202B02D1002901D1012070BD9C
:10677000002AFBD08020A56801234001854204D176
:106780002069002801D11942F0D1E36600232000DE
:106790002367FFF7B9FE0028E9D1E26E012AE5D1AF
:1067A000102321680B62EFF3108182F310882268B6
:1067B00014682343136081F31088D8E710B5034BA6
:1067C0000100186800F030F810BDC04660020020DB
:1067D00010B5034B0100186800F0EEFC10BDC04678
:1067E0006002002070B50F4E0D00316804000029D2
:1067F00002D100F00DFC30602900200000F008FC00
:10680000431C03D101256D42280070BD0323C51C24
:106810009D43A842F8D0291A200000F0F9FB01306E
:10682000F2D1EFE704670020F7B50322CB1C9343B6
:10683000083305001F000C2B34D20C27B94233D883
:10684000280000F071F8374E33681C00002C2FD15F
:1068500039002800FFF7C6FF0400431C5FD13468ED
:106860000094009B002B4AD1002C52D023682800B2
:10687000E3180099019300F0CBFB019B834248D1C0
:1068800023682800FF1A3900FFF7ACFF013040D021
:106890002368DB19236033685A68002A33D1009BD0
:1068A000336019E0002BC9DA0C232B600020FEBDF9
:1068B0002168C91B20D40B290AD9E2192760A342F9
:1068C00004D1326063681160536005E05A60F9E7F3
:1068D0006268A3420ED13260280000F02DF820003B
:1068E00007220B30231D9043C21A9842DFD01B1A97
:1068F000A350DCE75A60EFE723006468A6E7009C3A
:1069000063680093ADE71A005B68A342FBD10023E4
:10691000DAE70C2328002B6000F00EF8C6E70760CA
:10692000DAE7C0460867002010B5024800F0C1FB56
:1069300010BDC0464C68002010B5024800F0BAFBFC
:1069400010BDC0464C680020114B70B51D68040096
:106950002B6B002B16D11820FFF730FF021E286387
:1069600004D146210B4B0C4800F008FC0B4B0021D6
:1069700003600B4B43600B4B83600B23838101202F
:106980001061516100222B6B1C615A6170BDC046C1
:1069900060020020FC870108138801080E33CDAB8C
:1069A00034126DE6ECDE0500164B10B51C68236B47
:1069B000002B16D11820FFF701FF021E206304D11F
:1069C0005221114B114800F0D9FB114B00210360FB
:1069D000104B4360104B83600B23838101201061B7
:1069E0005161246B0D4A206961690D4BF1F7ACFDD3
:1069F000012200238018594120616161480040084C
:106A000010BDC04660020020FC8701081388010801
:106A10000E33CDAB34126DE6ECDE05002D7F954CC8
:106A20002DF4515830B50024022B09D09208035997
:106A30000D59013A05510B510434002AF7DC30BDE1
:106A4000035D0D5D05550B550134131B002BF7DC61
:106A5000F5E7F8B50F00160004001D009847310057
:106A600000280DDA3800A847002802DA3C00200090
:106A7000F8BD31002000A8470028F8DA3400F6E716
:106A80003800A8470028F1DC31002000A847002882
:106A9000F4DAECE7F0B599B000900393009B17008F
:106AA00013430222080001929B0704D13B1F1A00E6
:106AB000531E9A410192002304933C00009B4443DF
:106AC000DB190293009B1B190693062828D8029B0A
:106AD000069A93420CD3049B002B00D020E119B0FE
:106AE000F0BD3A0029002000019BFFF79BFF0FE05B
:106AF000029C0EE0E51B21002800039B984700281C
:106B00000ADD019B002BECD123682A6822602B60F0
:106B10002C00009BA342EDD3029BDB190293D6E726
:106B200046087E43009BE41B9E191C19072821D0B0
:106B300022000593282817D9C5087D4359194A19F9
:106B4000039B0098FFF785FF31007219039B0590A6
:106B5000701BFFF77EFF06006800201A2200039BCF
:106B60004119FFF776FF02003100039B0598FFF7FC
:106B700070FF0600019B002B23D1009B32681B682D
:106B800000990A60336000232600029D0793059553
:106B9000A54233D828000099039B984700282BDC96
:106BA0000DD1019B002B13D1059B2A681B68059909
:106BB0000A602B60059BDB19059301230793ED19F0
:106BC000E6E73A003100019B0098FFF72BFFDAE778
:106BD0003A002900019B0598FFF724FFEAE7002807
:106BE00009D1019B002B13D12368326822603360E6
:106BF0000123F61B0793E41BAC4210D2079B002B2A
:106C000040D1029B069A934200D364E7029C32E093
:106C10003A0031002000019BFFF704FFE8E7200065
:106C20000099039B98470028D9DA019B002B05D1D6
:106C30002B6822682A602360E41BBEE73A0021002B
:106C40002800019BFFF7EEFEF6E73A00290020003E
:106C5000019BFFF7E7FE0DE0E51B21002800039BE9
:106C6000984700280ADD019B002BEED123682A6893
:106C700022602B602C00009BA342EDD3029BDB190A
:106C80000293BEE7059B009AEB1A0293059B9A1AA2
:106C9000029B9A4200DD1A00002A04D0019B009852
:106CA000A91AFFF7BFFE069B341B9A1BD21BA242F8
:106CB00000D92200002A05D0069B2800991A019BC2
:106CC000FFF7B0FE069B029E1D1BB44205D82300B1
:106CD00034001E002B00009D0093BE422BD9049B64
:106CE000072B11D808AADB009D5039009B18200003
:106CF0001D00F1F71BFA049B686001333900300076
:106D00000493F1F713FAD8E639003000F1F70EFAE0
:106D10003A000100039B0098FFF7BCFEBC420DD86F
:106D2000049B08AA013B0493DB009A58009208AA2E
:106D30009B185868C1E6BC4200D8CCE63900200058
:106D4000F1F7F4F90095B8E6002310B504000360EC
:106D50004360836081814366C281036143618361D3
:106D6000190008225C3000F011F90B4B24626362B9
:106D70000A4BA3620A4BE3620A4B23630A4B9C4211
:106D800005D00A4B9C4202D0094B9C4203D1200003
:106D9000583000F08DF910BDD16E0108F96E010870
:106DA000316F01085D6F01080C67002074670020D7
:106DB000DC67002010B5034A0349044800F06CF872
:106DC00010BDC0465402002059730108640200201F
:106DD00041680B4B10B50400994201D000F0BCFA99
:106DE000A168084B994202D0200000F0B5FAE16892
:106DF000054B994202D0200000F0AEFA10BDC0460B
:106E00000C67002074670020DC67002010B5094B78
:106E1000094A04211A6009480022FFF795FF012260
:106E200009210748FFF790FF022212210548FFF7CA
:106E30008BFF10BD44680020B56D01080C67002071
:106E400074670020DC67002010B5024800F031F9BB
:106E500010BDC0464D68002010B5024800F02AF968
:106E600010BDC0464D68002010B50400FFF7ECFFD0
:106E7000236A002B02D0FFF7EFFF10BD044B236203
:106E8000044B1B68002BF6D1FFF7C0FFF3E7C046A9
:106E9000D16D010844680020F7B514000026009069
:106EA0000191A5686768013F04D52468002CF8D1DA
:106EB0003000FEBDAB89012B08D90E22AB5E013339
:106EC00004D029000098019B984706436835EAE7FB
:106ED00070B50C000E25495F00F086F8002803DB32
:106EE000636D1B18636570BDA389024A1340A381BB
:106EF000F9E7C046FFEFFFFFF8B51F008B890500DB
:106F00000C001600DB0505D50E23C95E0022022306
:106F100000F056F8A389054A28001340A3813200E7
:106F20000E23E15E3B0000F085F8F8BDFFEFFFFFA8
:106F300070B50C000E25495F00F042F8A389421C91
:106F400003D1054A1340A38170BD8022520113432F
:106F5000A3816065F8E7C046FFEFFFFF10B50E2381
:106F6000C95E00F01BF810BD10B5884202D98B181D
:106F7000984208D300239A4207D0CC5CC454013312
:106F8000F9E78B5C8354013AFBD210BD03008218F1
:106F9000934200D1704719700133F9E7002370B5AF
:106FA000064D040008002B60F9F776FD431C03D161
:106FB0002B68002B00D0236070BDC04648680020BD
:106FC00070B50400080011001A000023054D2B6065
:106FD000F9F76CFD431C03D12B68002B00D0236014
:106FE00070BDC0464868002070B50400080011005C
:106FF0001A000023054D2B60F9F734FD431C03D123
:107000002B68002B00D0236070BDC046486800206C
:10701000002370B5064D040008002B60F9F748FD09
:10702000431C03D12B68002B00D0236070BDC046E9
:107030004868002070B50400080011001A00002301
:10704000054D2B60F9F71BFD431C03D12B68002B6A
:1070500000D0236070BDC04648680020014B18680E
:107060007047C0466002002070B500260C4C0D4DE4
:10707000641BA410A64209D1002601F0F3FA0A4CC1
:107080000A4D641BA410A64205D170BDB300EB5895
:1070900098470136EEE7B300EB5898470136F2E720
:1070A0005089010850890108548901085089010854
:1070B000704770477047002310B59A4200D110BD49
:1070C000CC5CC4540133F8E7F8B50D0017006B0031
:1070D000274A5B0D9A180E0004000100132A21DCD8
:1070E000002A07DA0022EE0FF3073A607B602900DE
:1070F0002000F8BD1F48104103002B40234305D159
:10710000F60F3C607D601C00F507F0E78643002227
:107110003300200029003A607B60F3F75FFE040033
:107120000D00E4E7332A15DD29003C607D6000F0A6
:107130004FF900280AD122002B0020002900F2F785
:1071400067FB04000D003C607D60D0E7EE0F00247B
:10715000F507CCE70120084A40429B18D8400300BD
:1071600023402042CCD081432B000A00D1E7C04607
:1071700001FCFFFFFFFF0F00EDFBFFFF7FB51400D9
:107180001A00094B05001B680E00D868074B002C3D
:1071900001D1074B1C000749019302942B00009674
:1071A00000F006F900F044F9600200206B88010845
:1071B000A68801087888010870B505000C1E10D05B
:1071C000043C2368002B00DAE4182800FFF7ACFB2E
:1071D0001D4A1368002B05D1636014602800FFF777
:1071E000ABFB70BDA34208D9206821188B42F3D1B4
:1071F00019685B6809182160EEE71A005B68002BCC
:1072000001D0A342F9D911685018A0420BD12068CF
:107210000918501811608342E0D118685B68411862
:1072200011605360DAE7A04202D90C232B60D5E746
:10723000206821188B4203D119685B680918216006
:1072400063605460CAE7C04608670020F7B50C22A7
:107250008B5E05000C001A0756D44A68002A02DC2F
:107260000A6C002A4EDDE76A002F4BD000228020F6
:107270002E682A601A004001216A0240034233D07E
:10728000626DA3895B0706D56368D21A636B002B16
:1072900001D0236CD21A00232800E76A216AB8477C
:1072A000A289431C06D129681D2946D8294BCB4009
:1072B000DB0742D50023636023692360D20405D530
:1072C000431C02D12B68002B00D16065616B2E60DE
:1072D000002917D023004433994202D02800FFF739
:1072E0006BFF002363630DE001232800B847020011
:1072F000431CC6D12B68002BC3D01D2B01D0162BED
:107300001AD12E6000201EE00E69002EFAD00F6800
:107310000E60BA1B019200229B0700D14A69A2604D
:10732000019B002BEEDDA36A32001F002800019BA9
:10733000216AB847002807DCA289402301201343B3
:107340001BB2A3814042FEBD019B36181B1A01935C
:10735000E6E7C046010040200B6970B505000C004F
:10736000002B02D10025280070BD002804D0036A3C
:10737000002B01D1FFF778FD0C22A35E002BF1D08A
:10738000626ED20704D49B0502D4A06DFFF791FE74
:1073900028002100FFF75AFF636E0500DB07E2D4E7
:1073A000A3899B05DFD4A06DFFF784FEDBE7000017
:1073B0000EB417B5054C05AB04CB01002068019352
:1073C00000F064F81EBC08BC03B01847600200203F
:1073D0000B0070B50400020001001C430220002CC9
:1073E00006D080200006834203D14B1E9941881CA1
:1073F00070BD0C48590049080B4C0E180420A642D9
:10740000F6D9802401386403A342F1D380252D06E8
:107410005D19A542ECD3054C0020A142E8D15042B1
:107420005041E5E70000F0FFFFFFDF7F0000F07F45
:10743000062010B500F08CFB0120F9F70DFB9368D6
:1074400010B5013B9360002B04DA9469A34207DB7B
:107450000A2905D01368581C10601970080010BD67
:1074600000F0ACFA0100F9E7F8B506000F001400CF
:10747000D518AC4201D1002007E021783A00300055
:10748000FFF7DDFF0134431CF3D1F8BDF0B5A1B027
:107490000F0015001E000390002804D0036A002B83
:1074A00001D1FFF7E1FC7B6EDB0705D4BB899B05AF
:1074B00002D4B86DFFF7FDFDBB891B0702D53B6900
:1074C000002B13D13900039800F0BAFA00280DD030
:1074D0007B6EDB0703D50120404221B0F0BDBB89A4
:1074E0009B05F8D4B86DFFF7E5FDF4E7002308AC81
:1074F0006361203363761033A37607962E003378CA
:10750000002B01D0252B48D1731B0593AE420BD025
:107510002A0039000398FFF7A7FF013000D1AEE041
:107520006369059A9B1863613378002B00D1A6E04C
:10753000012200235242626004A954325218751C81
:107540002360E360A3601370A365594B0522180004
:107550002978059300F01CFB6E1C00281FD12268BF
:10756000D30604D5532304A95B18202119701307EF
:1075700004D5532304A95B182B2119702B782A2BCF
:1075800016D02E0000210A20E3683278751C303AAC
:10759000092A50D9002911D117E00136AFE7059B20
:1075A0002268C01A01238340134335002360CCE7CF
:1075B000079B191D1B680791002B01DB0B9304E04F
:1075C0005B42E36002231343236033782E2B0CD1FC
:1075D00073782A2B34D1079B02361A1D1B68079239
:1075E000002B01DA01235B420993324D032228006C
:1075F000317800F0CDFA002806D04023401B8340AC
:107600002268013613432360317806222A48751C0C
:10761000217600F0BDFA002840D0284B002B22D163
:107620000722079B07339343083307936369049A40
:107630009B18636162E743432E0001219B18A4E776
:1076400000230A201900013663603278751C303A35
:10765000092A03D9002BC8D00991C6E741432E005F
:1076600001238918F1E707AA009221003A00144B80
:10767000039800E000BF0490049B0133D6D17B6ED9
:10768000DB0705D4BB899B0502D4B86DFFF712FD5B
:10769000BB895B0600D51EE70D981EE707AA00927E
:1076A00021003A00064B039800F07CF8E3E7C0465F
:1076B000A7880108AD880108B18801080000000012
:1076C00069740108F7B5160001938A680B690C000C
:1076D0000090934200DA13002200336043321278A4
:1076E000002A01D00133336023689B0602D533683A
:1076F000023333602268062315001D401A4227D04A
:10770000230043331B785A1E93412268920630D4DB
:10771000220001990098089D4332A847013025D0E6
:107720000622236800251340042B05D13368E56841
:10773000ED1AEB43DB171D40A3682269934201DD7C
:107740009B1AED180026B54220D1002010E001352B
:10775000E36832689B1AAB42D2DD22000123019913
:107760000098089F1932B8470130F0D101204042FB
:10777000FEBD3020E1184331087021005A1C45310C
:107780000978A218433202331170C1E722000123A5
:1077900001990098089F1A32B8470130E6D00136A7
:1077A000D1E70000F0B58BB006920A004332079390
:1077B000059003920A7E0C00109B782A09D8622A51
:1077C0000BD8002A00D1BAE07A490491582A00D196
:1077D0008EE0250042352A7022E01000633815281B
:1077E000F7D8F0F799FC16001F00F6FFF6FFF6FF3A
:1077F000F6FF1F00F6FFF6FFF6FFF6FF9F003600CC
:107800007E00F6FFF6FFB000F6FF3600F6FFF6FF4B
:10781000820025001A684235111D196013682B700B
:1078200001239EE018680968021D0D060BD5066845
:107830001A60002E03DA2D23039A764213705D4BF3
:107840000A27049318E006681A604906F1D536B293
:10785000EFE70868196840C9050602D4400600D55C
:10786000B6B21960534B0A2704936F2A00D1023F26
:107870002300002243331A706368A360002B06DBE9
:1078800004212268039D8A43226033430CD0039D68
:1078900030003900F0F7D0FC049B013D5B5C2B709D
:1078A000330006009F42F3D9082F09D12368DB0774
:1078B00006D5626823699A4202DC3023013D2B70B1
:1078C000039B5B1B2361079B210000930598069B8C
:1078D00009AAFFF7F7FE013048D1012040420BB062
:1078E000F0BD202209680A432260782232490491BF
:1078F000210045310A701968226840C9100602D477
:10790000500600D5B6B21960D30702D52023134321
:107910002360002E01D01027AAE72022236893437A
:107920002360F8E71A680D68101D4969186013682C
:107930002E0601D5196002E06D06FBD519800023E3
:10794000039D2361BFE71A68111D196015680021A6
:107950002800626800F01CF9002801D0401B60601C
:10796000636823610023039A1370ACE72A0023693C
:1079700006990598079DA8470130AED023689B075C
:1079800015D4099BE0689842A9DA1800A7E72200FD
:10799000012306990598079E1932B04701309CD003
:1079A0000135E368099A9B1AAB42F0DCE9E7002550
:1079B000F7E7C046B8880108C9880108F8B506008D
:1079C0000D001400002804D0036A002B01D1FFF73A
:1079D0004BFAA369A360A3891B0702D52369002B77
:1079E00009D12100300000F02BF8002803D0012538
:1079F0006D422800F8BD23692068EFB2C01A6369A0
:107A0000EDB2834205DC21003000FFF7A5FC002821
:107A1000EDD1A3680130013BA36023685A1C2260AA
:107A20001F706369834204D0A389DB07E1D50A2D67
:107A3000DFD121003000FFF78FFC0028D9D0D6E736
:107A40002D4B70B5050018680C00002804D0036A9F
:107A5000002B01D1FFF708FA0C22A35E1A0723D4EA
:107A6000DA0607D409222A60402201201343A381A9
:107A700040423AE05B0713D5616B002908D0230030
:107A80004433994202D02800FFF796FB002363633A
:107A90002422A3899343A381002363602369236085
:107AA0000823A2891343A3812369002B0BD1A021B2
:107AB0008022A389890092000B40934203D02100C9
:107AC000280000F09BF80C22A35E01211A000A4056
:107AD0000B420BD00022A26062695242A2610020D8
:107AE0002269824201D11A06BED470BD990700D422
:107AF0006269A260F3E7C0466002002070B504002E
:107B00000D001F2904D9162303600120404270BDD7
:107B1000C36B002B04D08A009B181A68002A08D176
:107B2000200000F031F82A000100200000F01AF8CF
:107B3000EDE7012A09D0511C03D11623036001206F
:107B4000E5E700212800196090470020DFE70000EA
:107B500010B5034B01001868FFF7D0FF10BDC046F9
:107B600060020020002370B5064D040008001100DB
:107B70002B60F8F769FF431C03D12B68002B00D062
:107B8000236070BD4868002010B5F8F75BFF10BD9A
:107B9000C9B28218904201D10020704703788B420D
:107BA000FBD00130F6E7000070B50E001D000E237B
:107BB000C95E140096B000290CDAB2898023110046
:107BC00019401A4214D18023DB0000202960236071
:107BD00016B070BD6A4600F053F80028EDDBF023C4
:107BE00001991B021940044BC9184B425941EAE75D
:107BF00000214023E9E7C04600E0FFFFF0B5022680
:107C00008B8905000C0085B0334207D02300473331
:107C1000236023610123636105B0F0BD03AB02AAB9
:107C2000FFF7C2FF029F019039002800FEF7FCFD1C
:107C3000002808D10C22A35E9A05EDD403229343B9
:107C40001E43A681E2E78023A28920601343A3811B
:107C5000039B20616761002B0CD028000E23E15E9E
:107C600000F020F8002805D00323A2899A43023BA4
:107C70001343A381A389019A1343A381CCE7000096
:107C8000002370B5064D0400080011002B60F8F7C2
:107C900006FF431C03D12B68002B00D0236070BD6E
:107CA00048680020002370B5064D040008002B60D2
:107CB000F8F7FAFE431C03D12B68002B00D0236099
:107CC00070BDC04648680020F8B504000D0000F003
:107CD00081F906000F002000290000F089F8002833
:107CE0000DD0200029000F4A0F4BF0F7BFFB0028F2
:107CF00008D0FFF7B3F9222300260C4F03603000B1
:107D00003900F8BD20002900094A0A4BF0F79AFB18
:107D10000028F4D0FFF7A2F92223002600270360F1
:107D2000EDE7C046EF39FAFE422E86400000F07FB4
:107D300051302DD5104987C0F8B504000D0000F072
:107D4000B1FA220006000F002B0020002900F3F7F3
:107D50004FFC002815D10022002320002900F0F755
:107D600085FB00280DD10022002320002900F0F718
:107D700063FB002808D0FFF771F922230026074F84
:107D8000036030003900F8BDFFF768F92123036074
:107D9000034800F035F806000F00F2E70000F0FF9E
:107DA000A6880108F8B504000D0000F02FF82200A5
:107DB00006000F002B0020002900F3F719FC002813
:107DC00013D10022002320002900F0F73BFB0028FC
:107DD0000BD0FFF743F9212300220360002310009A
:107DE0001900F2F7DBF806000F0030003900F8BD8B
:107DF000024B48004008C018C00F704700001080B8
:107E0000002001497047C0460000F87FF0B50A0025
:107E10000D006B4904000300080087B02840884229
:107E200011D122002B0020002900F2F7F1FC020002
:107E30000B0020002900F1F7EBFC04000D002000EE
:107E4000290007B0F0BD002D11DC6900490821436D
:107E5000F5D00020854210D022002B002000290000
:107E6000F2F7BCFF02000B00F2F798F8E5E72815DF
:107E700015D180240021640307E0DA0A15385B0578
:107E8000002AFAD0F5E7520001312242FBD04C1E05
:107E9000001B20241D00641AE5408B402A434949F9
:107EA000120344188021120B49031143C00703D465
:107EB000DA0F490051185B00002562104900802448
:107EC0000592DA0F5218162029005B00A4030E1940
:107ED000964202DC3119921B2D19DE0F5200013837
:107EE00092195B0064080028F1D120268027040045
:107EF00004963F063E18B4468A4202DC14D19E42E4
:107F000012D860466646C0190091002E03DAC643B7
:107F1000F60F8E190096521A634589414942521A4A
:107F200061465B1A0099E419DE0F52009219049E13
:107F30005B00013E7F080496002EDBD11A431FD060
:107F4000214E224F306871683A687B680092019335
:107F50003268736802920393009A019BF2F73EFF26
:107F600002000B0002980399F0F776FA002807D078
:107F7000306871683A687B68671C0CD1049C0135D5
:107F8000134A6B109B18059AED07640812052543E8
:107F90002800D11851E7F1F73BFC776836680200FA
:107FA0000B0030003900F0F74DFA002804D00234FD
:107FB00063426341ED18E3E7012301349C43DFE7AB
:107FC0000000F07F01FCFFFF10890108088901080B
:107FD0000000E03FF0B54B000F00CC0F91490600C8
:107FE00089B05B088B422ED98F498B4211D93B0354
:107FF0001B0B034306D002003B0030003900F1F7B1
:1080000007FC10E0002C00D009E13000390009B075
:10801000F0BD3900854A864BF0F728FA051E05D0D9
:10802000002000F017FB06000F00EEE730003900DB
:10803000804A814BF0F706FA002800D17DE0280045
:1080400000F001FBEFE77D4A934200D89EE07C4AB6
:10805000934272D87B4BE5005B191A685B68390064
:10806000F2F7BCFE784B029003915B191A685B68CB
:1080700004920593012363401B1B0193049A059B03
:1080800002980399F2F7AAFE06000F0032003B00A7
:1080900030003900F2F7BCFB04000D006B4A6C4B5A
:1080A000F2F7B6FB6B4A6C4BF2F798FE22002B00FE
:1080B000F2F7AEFB694A6A4BF1F7AAFB22002B00EC
:1080C000F2F7A6FB674A684BF2F788FE22002B0006
:1080D000F2F79EFB654A664BF1F79AFB22002B00F4
:1080E000F2F796FB02000B0030003900F2F776FE43
:1080F0000B00020004000D0030003900F2F788FB8D
:10810000019B06900791002B56D18023002220006E
:108110002900DB05F2F762FE02000B0006980799C2
:10812000F1F73CFF32003B00F2F758FE02000B0073
:1081300000205049F2F752FE75E74F4BE4001C193E
:108140004E4A4F4B30003900F2F762FB22686368F9
:10815000F1F75EFBF3F76EFA0190F3F7A7FA494ADD
:10816000494B04000D00F2F753FB02000B003000F6
:108170003900F2F733FE454A02900391444B200048
:108180002900F2F745FB0490059177E7414A9342B5
:108190000DD8414A414B3900F1F73AFB0022354BEB
:1081A000F0F764F9002805D00022324B25E70023C0
:1081B00001936BE7019069E780212B0022000020EA
:1081C000C905F2F70BFE02000B0006980799F1F7BC
:1081D000E5FE02000B0004980599F2F7FFFD029AF4
:1081E000039BF2F7FBFD02000B0000202149F2F790
:1081F000F5FD2B4B019A0D009A4203DB1105060099
:108200004F1902E7FA2292009446019B0022634430
:108210001B055918B8235B04F2F7FAFA03E70026A6
:108220000027F2E6412E8640FFFFEF7FEF39FAFE8E
:10823000422E864051302DD5104987C0422ED63F60
:10824000B1A2F03F2889010818890108D0A4BE72A4
:108250006937663EF16BD2C541BDBB3E2CDE25AF12
:108260006A56113F93BDBE166CC1663F3E555555CB
:108270005555C53F0000F03F38890108FE822B6547
:108280004715F73F0000E0FE422EE63F763C793589
:10829000EF39EA3DFFFFEF3D9C7500883CE4377EF7
:1082A00003FCFFFF8023F0B55B030E008DB0994205
:1082B00023DA4B005B08034307D100220023002090
:1082C000B449F1F76BFE0DB0F0BD002906DA0200EB
:1082D0000B00F2F783FD00220023F2E7AE4B0022F1
:1082E000F2F796FA36230E005B42AC4A964206DD60
:1082F00002000B00F1F78CFAE5E70023F5E7A84C44
:10830000321512193603A74CD218330B02931B19DE
:10831000802464032340A44C029D5C401B159B18E1
:1083200025430022009329009F4BF2F757FD029B43
:10833000060002331B030F0000221B0B022B64DC20
:108340000023F0F779F8002819D0009B002B00D10A
:108350001CE11800F3F7AAF9944A954B04000D00AC
:10836000F2F756FA934A06000F00934B20002900BB
:10837000F2F74EFA02000B0030003900BAE78F4ADC
:108380008F4B30003900F2F743FA02000B00002057
:108390008C49F2F723FD320004000D003B00300051
:1083A0003900F2F735FA0B00020029002000F2F73D
:1083B0002FFA009B02900391002B06D102000B00C4
:1083C00030003900F2F70AFD7DE70098F3F76EF907
:1083D000764A774B04000D00F2F71AFA754A0090BE
:1083E0000191754B20002900F2F712FA02000B00F0
:1083F00002980399F2F7F2FC32003B00F2F7EEFC30
:1084000002000B0000980199DCE78023DB05F1F7FF
:10841000FFF902000B0030003900F1F7BFFD0490B6
:1084200005910098F3F742F9049A059B069007918D
:1084300010001900F2F7ECF9634A029B944663447A
:1084400002000B930B0008900991F2F7E1F9040088
:108450000D005E4A5E4BF2F7DBF95E4A5E4BF1F7C8
:10846000D7F922002B00F2F7D3F95C4A5C4BF1F705
:10847000CFF922002B00F2F7CBF95A4A5A4BF1F709
:10848000C7F9089A099BF2F7C3F9584A089009916D
:10849000574B20002900F2F7BBF9564A564BF1F72B
:1084A000B7F922002B00F2F7B3F9544A544BF1F715
:1084B000AFF922002B00F2F7ABF902000B0008988D
:1084C0000999F1F7A5F9029A4E4B04009B1A0B9AF1
:1084D0000D001343002B34DD00223A4B30003900ED
:1084E000F2F796F932003B00F2F792F902000B0026
:1084F0000290039120002900F1F78AF9049A059B64
:10850000F2F786F9009B04000D00002B06D1020053
:108510000B0002980399F2F761FC4FE7234A244BC2
:1085200006980799F2F774F9224A0090019106988B
:108530000799214BF2F76CF922002B00F1F768F94B
:1085400054E702000B0030003900F2F747FC049AB0
:10855000059BF2F75DF9009B04000D00002B02D192
:1085600002000B002CE7114A114B06980799F2F70D
:108570004FF9104A00900191069807990E4BF2F7B7
:1085800047F902000B002000290033E700200021FA
:1085900099E6C046000050C300005043FFFFEF7F44
:1085A00001FCFFFF645F09000000F03F0000E0FEF7
:1085B000422EE63F763C7935EF39EA3D5555555523
:1085C0005555D53F0000E03F86EBF9FF44523EDFB2
:1085D00012F1C23FDE03CB966446C73F5993229403
:1085E0002449D23F935555555555E53F9FC678D000
:1085F000099AC33FAF788E1DC571CC3F04FA979995
:108600009999D93F51B8060070B50D0016000400C5
:10861000FEF724FD29000660200070BD37B5140068
:108620001D00002802D0802109065B1800920193EA
:10863000009A019B20002900F2F7EAF82222FFF7B6
:10864000E3FF03B030BD802310B500225B05FFF7C8
:10865000E5FF10BDE02310B50022DB05FFF7DEFFCC
:1086600010BD0000F8B5C046F8BC08BC9E46704777
:0C867000F8B5C046F8BC08BC9E46704738
:10868000A089B0E1E995B23FECC039234A7BC33FF2
:108690000A68226C787ACD3FB81E85EB51B8DE3F70
:1086A000000000000000F03F0F9C33A2B437F93FF8
:1086B0008A1F63EE5A420140A54E401361430640B3
:1086C000EF38454772790940000000003F80000004
:1086D00000000000228D00084E8C0008388C000835
:1086E000B48C0008388C0008E88C0008388C00082E
:1086F000B48C00084E8C00084E8C0008E88C0008F2
:10870000B48C0008248C0008248C0008248C0008F9
:10871000F28C00084E8C00084E8C0008388C000843
:108720008E8D0008388C0008E88C0008388C000812
:108730008E8D00084E8C00084E8C0008E88C0008D6
:108740008E8D0008248C0008248C0008248C0008DE
:10875000D0A100088EA000086CA0000858A0000856
:108760006CA0000872A100086CA0000858A00008C6
:108770008EA000088EA0000872A1000858A0000872
:1087800050A0000850A0000850A0000894A10008C4
:1087900000000000000000000000000000000000D9
:1087A00001000000020000000300000004000000BF
:1087B00000000000000000000000000000000000B9
:1087C00000000000000000000000000000000000A9
:1087D000010000000200000003000000040000008F
:1087E000060000000700000008000000090000006B
:1087F00053544D5F31302E392E3035005245454EA1
:1088000054206D616C6C6F63207375636365656480
:108810006564002F6275696C642F676E752D746FC7
:108820006F6C732D666F722D73746D33325F3133DD
:108830002E332E72656C312E32303234303932366E
:108840002D313731352F7372632F6E65776C696206
:108850002F6E65776C69622F6C6962632F73746425
:108860006C69622F72616E642E63002C2066756ED7
:108870006374696F6E3A2000617373657274696F17
:108880006E2022257322206661696C65643A206639
:10889000696C6520222573222C206C696E65202569
:1088A00064257325730A00232D302B2000686C4C3F
:1088B0000065666745464700303132333435363718
:1088C000383941424344454600303132333435363D
:1088D0003738396162636465660001000200040094
:1088E000060008000A000C00100020004000800074
:1088F000000108040204080101010101010307014C
:10890000000000000000000059F3F8C21F6EA5012E
:10891000000000000000F03F763C7935EF39EA3D79
:10892000763C7935EF39EABD0000E0FE422EE63FA5
:108930000000E0FE422EE6BF000000000000E03F25
:08894000000000000000E0BF90
:08894800C8FCFE7F01000000E5
:04895000E5800008B6
:04895400BD800008DA
:108958000000000000002E400000000000002E4033
:108968000E2DB29DEFFF58400000000000002E4081
:108978000000000000002E40210000000900000057
:108988000100000000040050200000000004005016
:108998001000000000080050001000000000005007
:1089A800000800000004005008000000000C0050FF
:1089B80004000000000800500020000000080050DB
:1089C80000080000000800500002000000080050E5
:1089D80000040000000800500001000000040050DE
:1089E80004000000000C00500100000000000050CE
:1089F800040000000000005008000000000C0050B7
:108A080000010000000C005000020000000C0050A3
:108A180040000000000C005020000000000400503E
:108A280000800000000400500040000000040050D6
:108A38000020000000040050001000000004005056
:108A4800000800000004005000040000000400506A
:108A5800000200000004005000010000000800505F
:108A6800800000000008005040000000000800508E
:108A7800200000000008005010000000000800500E
:108A88000800000000080050040000000008005022
:108A98000200000000080050010000000101000071
:108AA8000024F400000000000F000000080000008F
:108AB8000000000000003E400000000000406F4041
:108AC80000000000000000400000000000C09240CC
:108AD80000000000000089400100000000010000C3
:108AE800010000000000000000000000000000007D
:108AF8000F000000070000000000000000004E40CA
:108B08000000000000005440000000000000F03F9A
:108B18000000000000F891400000000000E08540DF
:108B2800010000000001000001000000000000003A
:108B38000000000000000000010101000200000028
:108B4800010100000000000000000000000000001B
:108B58000000000000C092400000000000488C4067
:108B68000900000009000000010000000F000000DB
:108B78000000000000307140000000000000594073
:108B880000000000000059400000000000D08640AE
:108B98000A0000000100000001000000010B0100B4
:108BA8000400000000000000030000000C67002023
:108BB80064020020000000000C6700207467002099
:108BC800DC6700200000000000000000000000003A
:108BD800000000000000000000000000000000008D
:108BE800000000000000000000000000000000007D
:108BF800000000000000000000000000000000006D
:040000050801448D1D
:00000001FF
