:020000040800F2
:1080000000900020114A0108BD080108BF080108BE
:108010000000000000000000000000000000000060
:10802000000000000000000000000000C10801087E
:108030000000000000000000C3080108C508010896
:10804000614A0108614A0108614A0108614A010860
:10805000614A0108614A0108614A0108614A010850
:10806000614A0108CD080108614A0108614A010816
:10807000614A0108614A0108614A0108614A010830
:10808000614A0108DD080108ED080108FD08010842
:10809000614A01080D0901081D090108614A01082A
:1080A000614A0108614A0108614A01082D09010875
:0C80B000614A0108614A0108614A0108A8
:1080BC0010B5064C2378002B07D1054B002B02D0B2
:1080CC00044800E000BF0123237010BDA80200206B
:1080DC0000000000E88B0108044B10B5002B03D006
:1080EC000349044800E000BF10BDC046000000007A
:1080FC00AC020020E88B010802B471464908490023
:10810C00095C49008E4402BC7047C04603B47146FA
:10811C00490840004900095E49008E4403BC704781
:10812C00002243088B4274D303098B425FD3030AAA
:10813C008B4244D3030B8B4228D3030C8B420DD3BD
:10814C00FF22090212BA030C8B4202D3121209024B
:10815C0065D0030B8B4219D300E0090AC30B8B4289
:10816C0001D3CB03C01A5241830B8B4201D38B0337
:10817C00C01A5241430B8B4201D34B03C01A5241DC
:10818C00030B8B4201D30B03C01A5241C30A8B421F
:10819C0001D3CB02C01A5241830A8B4201D38B020A
:1081AC00C01A5241430A8B4201D34B02C01A5241AE
:1081BC00030A8B4201D30B02C01A5241CDD2C30920
:1081CC008B4201D3CB01C01A524183098B4201D39C
:1081DC008B01C01A524143098B4201D34B01C01A87
:1081EC00524103098B4201D30B01C01A5241C308FF
:1081FC008B4201D3CB00C01A524183088B4201D36E
:10820C008B00C01A524143088B4201D34B00C01A59
:10821C005241411A00D20146524110467047FFE7C5
:10822C0001B5002000F0F0F802BDC0460029F7D0DF
:10823C0076E7704703460B437FD4002243088B42FA
:10824C0074D303098B425FD3030A8B4244D3030BD1
:10825C008B4228D3030C8B420DD3FF22090212BA96
:10826C00030C8B4202D31212090265D0030B8B4212
:10827C0019D300E0090AC30B8B4201D3CB03C01AFC
:10828C005241830B8B4201D38B03C01A5241430BD7
:10829C008B4201D34B03C01A5241030B8B4201D3C7
:1082AC000B03C01A5241C30A8B4201D3CB02C01A32
:1082BC005241830A8B4201D38B02C01A5241430AAA
:1082CC008B4201D34B02C01A5241030A8B4201D399
:1082DC000B02C01A5241CDD2C3098B4201D3CB0140
:1082EC00C01A524183098B4201D38B01C01A5241EF
:1082FC0043098B4201D34B01C01A524103098B42F3
:10830C0001D30B01C01A5241C3088B4201D3CB00DD
:10831C00C01A524183088B4201D38B00C01A5241C0
:10832C0043088B4201D34B00C01A5241411A00D270
:10833C0001465241104670475DE0CA0F00D04942D9
:10834C00031000D34042534000229C4603098B4249
:10835C002DD3030A8B4212D3FC22890112BA030AD1
:10836C008B420CD3890192118B4208D38901921153
:10837C008B4204D389013AD0921100E08909C309D8
:10838C008B4201D3CB01C01A524183098B4201D3DA
:10839C008B01C01A524143098B4201D34B01C01AC5
:1083AC00524103098B4201D30B01C01A5241C3083D
:1083BC008B4201D3CB00C01A524183088B4201D3AC
:1083CC008B00C01A5241D9D243088B4201D34B00C7
:1083DC00C01A5241411A00D20146634652415B1009
:1083EC00104601D34042002B00D5494270476346EA
:1083FC005B1000D3404201B5002000F005F802BD2F
:10840C000029F8D016E770477047C0468446100024
:10841C0062468C461900634600E0C0461FB502F068
:10842C0083F9002801D40021C8421FBD10B502F009
:10843C00C7F84042013010BD10B502F075F90028A4
:10844C0001DB002010BD012010BDC04610B502F0AC
:10845C006BF9002801DD002010BD012010BDC046C5
:10846C0010B502F0F1F8002801DC002010BD01204D
:10847C0010BDC04610B502F0E7F8002801DA002064
:10848C0010BD012010BDC046844608006146FFE7C0
:10849C001FB500F0FBFC002801D40021C8421FBD11
:1084AC0010B500F083FC4042013010BD10B500F057
:1084BC00EDFC002801DB002010BD012010BDC046E2
:1084CC0010B500F0E3FC002801DD002010BD0120F8
:1084DC0010BDC04610B500F091FC002801DC002056
:1084EC0010BD012010BDC04610B500F087FC00285F
:1084FC0001DA002010BD012010BDC046002B11D1A7
:10850C00002A0FD1002900D1002802D00021C94334
:10851C00080007B4024802A14018029003BDC046EF
:10852C00E9FEFFFF03B4684601B5029800F06AF853
:10853C00019B9E4602B00CBC7047C046F0B5CE46BF
:10854C009946030C9C46130447461B0C1D000E0059
:10855C0061460404240C80B50700100C4B436543A2
:10856C00414360432C0CC01824188C46A34203D9F9
:10857C0080235B029846C444494679435643230CF6
:10858C002D042D0C8919634424046019C918C0BC2E
:10859C00B946B046F0BDC0469E2110B5C905041CB5
:1085AC00FFF7A2FF002803D1201C01F075F810BDC5
:1085BC009E21201CC90500F00BFE01F06DF88023F4
:1085CC001B069C466044F2E770B500220C4B04007D
:1085DC000D00FFF74FFF002804D12000290003F005
:1085EC0023F870BD064B00222000290002F0F0FB9E
:1085FC0003F01AF880231B069C466044F1E7C04642
:10860C000000E041F0B557464E464546DE46E0B523
:10861C0004000D009246994683B08B4230D82DD081
:10862C004946504603F076F929000600200003F075
:10863C0071F9331A9846203B34D49B4653465A461C
:10864C00934042461F00534693401E00AF423BD816
:10865C00AF4200D179E05B46A41BBD41002B00DA90
:10866C0076E0002200230092019301235A469340A6
:10867C000193012342469340009329E08242CFD9D3
:10868C0000220023009201930C9B002B01D01C6054
:10869C005D600098019903B0F0BCBB46B246A94698
:1086AC00A046F0BD42469B4620239B1A5246DA4018
:1086BC00414613004A468A40170042461F43534620
:1086CC0093401E00AF42C3D90022002300920193B5
:1086DC004346002BD8D0FB0772081A4346467B084A
:1086EC000EE0AB4201D1A2420CD8A41A9D4101204C
:1086FC0024196D410021013E24184D41002E06D055
:10870C00AB42EED9013E24196D41002EF8D10098F0
:10871C0001995B4600196941002B24DB2B005A465A
:10872C004446D3402A00E2401C005B461500002B57
:10873C002ADB26009E40330026004746BE4032000E
:10874C00801A9941009001919EE7A342BCD882E720
:10875C004246202300219B1A002200910192012203
:10876C00DA40019285E7424620239B1A2A004646AE
:10877C009A402300F340444613432A00E2401C0075
:10878C005B461500002BD4DA42462F00202326002E
:10879C0097409B1ADE403B003343CDE7F8B54B02C4
:1087AC005A0A94464A00C90FCE46474689464500A8
:1087BC0046022D0E120E80B59909770AC40FB60920
:1087CC00AB1A4C4520D0002B0CDD002A34D10029EB
:1087DC002AD05A1E012B00D18FE0FF2B00D1CDE007
:1087EC0013002FE0002B60D0531B002D00D0EEE0C7
:1087FC00002E00D13EE15C1E012B00D16BE1FF2B62
:10880C0000D1B9E02300E7E0002B00DCA4E0002A53
:10881C0069D0FF2D00D1B1E08022D20411431B2B73
:10882C0000DCE9E02B000536F708FF2B00D1A5E0B2
:10883C007A02520AD8B230E0FF2D00D19EE080229D
:10884C00D204114301201B2B08DC08002022D84045
:10885C00D31A99400B005A1E93411843361A7301D0
:10886C0000D471E0B601B709380003F035F83B00CD
:10887C000538834085424DDDB44E2D1A1E405A07F3
:10888C0068D00F221340042B64D00436730161D5D9
:10889C00681CFE2D54D1FF200022C0051043E407B4
:1088AC002043C0BCB946B046F8BDFE229046681CB9
:1088BC000200404610426BD1002D00D0DDE0002EAE
:1088CC0000D102E10029B3D08022771AD2041742DA
:1088DC0000D136E14C468E1B61D00120164230D1BE
:1088EC000023F708A4E700299ED05A1E012B00D1C3
:1088FC00CAE0FF2B42D0130091E7711A4B0100D450
:10890C00D1E08F01BF09380002F0E6FF3B000538CB
:10891C00834001252022401B0130121A1E00934077
:10892C00C6405A1E93411E4339D0730700D11BE138
:10893C000F2300253340042BA7D1012072017CD5D5
:10894C00C0B2B201520AA8E7730703D00F23334019
:10895C00042B9AD12B0067E7002B23D0531B002D3F
:10896C007BD1002E00D186E05D1E012B00D18BE067
:10897C00FF2B02D02B0075E04C466746002F00D130
:10898C0089E78022D2033A435202FF20520A84E73D
:10899C00771A7B016BD4002F00D065E700240020F0
:1089AC0000227AE7FE226B1C1A4249D1002D00D01E
:1089BC009FE0002E00D1BAE0002900D1CFE0721860
:1089CC00530100D4CDE092010120520A65E7FF2A41
:1089DC00D2D08020C004064301201B2B08DC3000C1
:1089EC002024D840E31A9E4033005C1EA341184358
:1089FC004C4615000E1A32E708002022D840D31A34
:108A0C0099400B005A1E93410343F61873019BD5F2
:108A1C000135FF2D00D13EE701234D49720833404B
:108A2C000A401A431600530704D00F231340042B9B
:108A3C0000D02AE7730100D52AE72B00F708F7E6E8
:108A4C00FF2B00D127E7711849084A072FD00F22B6
:108A5C000A40042A2BD00E1DE6E6FF2A8DD080207A
:108A6C00C00406431B2B24DD13004E1DDCE64C46D4
:108A7C008F1BF9E64C460E00D6E6002E49D1002994
:108A8C0068D067464C467CE77018430174D5304972
:108A9C0040080140430709D00F230340042B05D0A5
:108AAC0002230E1DC0E60123CF08C1E60223CF0826
:108ABC00BEE620253000D840EB1A9E4033005D1EE8
:108ACC00AB41034315005E18A0E7002900D165E710
:108ADC004C466746ACE68F1B7B012ED5BF01BF0908
:108AEC00380002F0F9FE3B00053883404C46013556
:108AFC0010E7002E00D140E7002900D141E7802388
:108B0C00DB039F4200D23CE79C4500D339E7674624
:108B1C0037E7002900D134E78023DB039F4200D2E2
:108B2C002FE79C4500D32CE74C46674629E70029E4
:108B3C0000D134E70023CF087AE64C460123FF0826
:108B4C0076E6002F00D129E7FF0871E6FFFFFFFB57
:108B5C00FFFFFF7D80220024FF20D2039DE600232F
:108B6C0066E60023D70863E60120720100D5E7E62C
:108B7C0031000023CF085BE60123C70858E6C04646
:108B8C00F0B546464F46D6464502C0B5C30F470022
:108B9C0098460E1C6D0A3F0E5BD0FF2F21D0802310
:108BAC00ED00DB041D43002399469A467F3F740277
:108BBC007300640A1B0EF60F002B20D0FF2B43D042
:108BCC0080220020E400D20414437F3B4246FF1A6B
:108BDC004B4672400F2B00D99DE071499B00CB583E
:108BEC009F46002D5AD108239946063B74029A469B
:108BFC007300FF27640A1B0EF60F002BDED1002C2E
:108C0C003BD1012342464946724019430E2918D8DC
:108C1C006448890041588F465346022B00D1B8E076
:108C2C00032B6ED042462C00012B40D10020002497
:108C3C00C0052043D2071043E0BCBA46B146A84653
:108C4C00F0BDFF200024F3E7002C20D10223FF3FCE
:108C5C00D8E7002D05D104239946033B00279A46FB
:108C6C00A5E7280002F038FE7627431F9D4000231D
:108C7C007F4299469A463F1A99E7200002F02CFE53
:108C8C00431F9C4076235B421B1A00209EE7032364
:108C9C004A461A4391460320FC3397E70C23994626
:108CAC00093BFF279A4682E703282CD03200380074
:108CBC007F30002847DD630704D00F232340042BAB
:108CCC0000D00434230103D53800374B80301C40CE
:108CDC00FE28B6DCA401640AC0B2A9E780240022F5
:108CEC00FF20E403A4E78023DB031D4201D01C42D8
:108CFC000BD08024E4032C4364024246FF20640A18
:108D0C0096E746462C008023DB031C4364023200AA
:108D1C00FF20640A8CE76D01600185422DD21B2374
:108D2C000024013F0126290064006D00002901DBAD
:108D3C00854201D32D1A3443013B002BF3D16B1E1A
:108D4C009D412C43B3E701231B1A1B2B00DD6DE760
:108D5C0021009E37D940BC400B00611E8C4123433F
:108D6C00590704D00F211940042900D004335901AC
:108D7C0013D49B0100205C0A5AE71A2301242D1AF4
:108D8C00D0E7981E43425841404232000024C0B202
:108D9C004EE74246FF2000244AE70120002447E723
:108DAC00548C0108948C0108FFFFFFF770B542004A
:108DBC004E024C0045026D0A120EC30F760A240EA9
:108DCC00C90FFF2A10D0FF2C0CD00120A2420AD1CF
:108DDC00B54208D18B420FD0002A04D12800431E83
:108DEC00984100E0012070BD0120FF2CFBD13543E0
:108DFC00F9D14B401800F6E70020F4E730B54200FB
:108E0C0044024D02C30F4800640A120E6D0A000E94
:108E1C00C90FFF2A18D0FF280AD0002A1ED100281B
:108E2C000AD1002D29D0002C2DD14800013830BD9D
:108E3C00002D25D1002A01D1002CF6D08B4219D05F
:108E4C0001205B421843F2E7002C19D1FF28F7D11F
:108E5C00002D15D100208B42F2D1E8E70028EFD08D
:108E6C008B42EDD18242EBDC04DBAC42E8D8002033
:108E7C00AC42DCD258000138D9E7002CD7D0DFE760
:108E8C0002204042D3E78B42DAD1EEE730B5420004
:108E9C0044024D02C30F4800640A120E6D0A000E04
:108EAC00C90FFF2A17D0FF280AD0002A1BD100288F
:108EBC000AD1002D1DD0002C2DD14800013811E015
:108ECC00002D0ED1002A01D1002CF6D08B420CD1F2
:108EDC005800013806E0002C03D1FF2805D1002DE5
:108EEC0015D0022030BD002806D101205B4218436A
:108EFC00F8E7002CF6D0F8E78B42F6D18242F4DC8E
:108F0C00E6DBAC42F1D80020AC42EBD2E0E700202B
:108F1C008B42EAD1E6E78B42E7D1F2E7F0B54F4658
:108F2C004646D6464400C0B546020F1C760A240EAF
:108F3C00C50F002C00D1DAE0FF2C74D08023F60092
:108F4C00DB041E43002399469A467F3C7B025B0A56
:108F5C0098467B001B0EFF0F002B74D0FF2B00D10B
:108F6C008EE042468021D200C90411437F3B2A0087
:108F7C00E4184B467A408846D2B20A2B75DC4B4635
:108F8C000020022B0FDD494601238B40A621C9008E
:108F9C000B4269D1902189000B4200D000E188215D
:108FAC00194200D0F5E041460904090C434608007B
:108FBC00350C36041B0C360C704369435E435D4321
:108FCC007618030C9B19994203D9802149028C46CF
:108FDC00654400041904000C09188E01701E8641AA
:108FEC001B0C890E5B190E439B011E431B016CD499
:108FFC0023007F33002B00DCB1E0150071070BD090
:10900C000F2021003040042806D00436320103D54D
:10901C006E4B1E400B008033FE2B00DDBDE0B20119
:10902C00520ADBB248E0002E00D092E008239946A9
:10903C00063B9A467B025B0A98467B00FF241B0E7C
:10904C00FF0F002B8AD14246002A64D149460132D7
:10905C00114389460A2908DC7D400120EAB2022925
:10906C0091DC1500002227E015005346022B00D19D
:10907C0093E0032B1AD0012B2CD1002300221BE0F0
:10908C004346FF34002B55D003214B460B431900AC
:10909C000A2B00DC92E00F2B00D08CE08022D20354
:1090AC00164203D04346134200D17DE08022D20306
:1090BC0032435202520AFF23D805ED0710432843CE
:1090CC00E0BCBA46B146A846F0BD012315007108B4
:1090DC001E400E4323008033611C002B41DD7207C0
:1090EC0094D00F223240042A00D08EE78EE7002E57
:1090FC0005D104239946033B00249A4626E7300009
:10910C0002F0EAFB7624431F9E40002364429946FA
:10911C009A46241A1AE7404602F0DEFB4B46241A04
:10912C00763C0A2BA1DC4346053883407D409846AB
:10913C00EAB224E74A46023313432A007A40D2B2F9
:10914C000A2B92DC49461500002926D099460220AC
:10915C0019E70C239946093BFF249A46F6E61500BD
:10916C0021000122D31A1B2B00DD86E79E31320031
:10917C008E40DA40731E9E413243530704D00F23B6
:10918C001340042B00D00432530110D501230022CC
:10919C0092E73D004646824667E7FF2300228BE7B5
:1091AC0080220025D20386E73D001A4383E7920113
:1091BC000023520A80E73D00464677E72A00012348
:1091CC007A408B400320D2B2E9E6C046FFFFFFF79E
:1091DC00F8B54746CE46430280B55F0A9B09450069
:1091EC004A009C464B02C40FCE0F2D0E580A120E8D
:1091FC009909FF2A6BD001235E40AB1AB4424BD0C5
:10920C00002B00DCFFE0002A00D188E0FF2D00D10C
:10921C00EFE08022D204114301201B2B08DC080054
:10922C002022D840D31A99400B005A1E9341184360
:10923C0063461B1A9C4663465B0100D4CDE0634633
:10924C009F01BF09380002F047FB3B000538834003
:10925C00854200DCA2E0B74A2D1A1A4094465A0700
:10926C0000D1C3E00F221340042B00D1BEE0042335
:10927C009846C44463465B0100D4B7E0681CFE2DDD
:10928C0000D0A5E0FF200022C0051043E4072043D6
:10929C00C0BCB946B046F8BD002B00DCEBE1002A9F
:1092AC0046D0FF2D00D1A4E08022D20411431B2B09
:1092BC0000DCFBE0052398462B00C4446246D7082B
:1092CC00FF2B00D195E07A02520AD8B2DCE72B00D2
:1092DC00FF3B9946002918D101235E40B44200D1CE
:1092EC00CAE04B46002B2DD0002D00D03CE1FF23D3
:1092FC006446002C00D15FE15D1E012B00D174E1AE
:10930C003400FF2B74D02B0003E1B44200D19CE05D
:10931C00002B17D0002DEAD0070034006CE0002998
:10932C00CCD05A1E012B2BD0FF2B62D0130073E72D
:10933C000029C3D05A1E012B00D11EE1FF2B58D09F
:10934C001300B4E7FE226B1C1A420DD1002D60D025
:10935C006346002B00D020E1002900D028E18022B8
:10936C000024FF20D2038FE763465F1A7B0100D5F0
:10937C00FEE0002F00D065E700240020002283E7E8
:10938C006346591A4B0100D419E18F01BF0938000B
:10939C0002F0A2FA3B000538834001252022401B35
:1093AC000130121A19009340C1405A1E93411943BF
:1093BC008C460B1EE1D05B0700D152E10F23002538
:1093CC000B40042B00D052E701204A0100D492E05C
:1093DC00C0B263469A01520A56E763465B0705D052
:1093EC000F2362461340042B00D040E72B0065E7A7
:1093FC000700002F00D145E78022D2033A435202E6
:10940C00FF20520A40E7002B79D1FE226B1C1A4236
:10941C00AAD16346002B00D1F5E0002900D1D1E0A0
:10942C005F1A8023DB041F4200D10EE16246012447
:10943C008A1A944600203440002A00D124E70120E7
:10944C001A42C6D10023D7083DE7002B17D0002DB8
:10945C0000D0AFE0FF236546002D00D1ADE05E1ECD
:10946C00012B00D189E0FF2BC2D01B2E00DCABE01E
:10947C004B1D9C46130021E74B46002B70D1FE225E
:10948C006B1C1A425ED1002D00D0C3E06346002B4A
:10949C0000D1D0E0002900D194E00A0062445301CD
:1094AC0000D4D8E092010120520AEDE608002022F7
:1094BC00D840D31A99400B005A1E934103439C4445
:1094CC0063465B0189D50135FF2D00D1DAE6624692
:1094DC0001231949134052080A401A4313009446B9
:1094EC005B0704D00F231340042B00D0BFE6634668
:1094FC005B0100D5C2E66346DF082B00E3E6531B95
:10950C00002D00D1F4E680206446C0040443A44638
:10951C00340001201B2B09DC20256046D840EB1AB7
:10952C0065469D402B005D1EAB4118430B1A9C46B3
:10953C00150080E6FFFFFFFBFFFFFF7DFE226B1C8B
:10954C001342A3D0FF2B00D19CE6614449084A0783
:10955C0049D00F220A40042A45D00A1D9446ADE694
:10956C00002D00D176E78DE63400FF2000228BE63B
:10957C0063460124CF1A344064E661444B016DD537
:10958C0048084449014043072CD00F230340042BC7
:10959C0028D00B1D9C46022390E6002900D12BE716
:1095AC008023DB039F4200D226E7984200D323E7B7
:1095BC000124344007001FE734008C467EE601236B
:1095CC00CF0880E600237EE620206546801B854080
:1095DC0063462800F340451EA84103439C461500F2
:1095EC008C446DE70223CF086DE60F1B7B0128D559
:1095FC00BF01BF09380002F06FF93B00053883400A
:10960C0034000125CAE6002900D1B5E60124070083
:10961C00344058E66346002B00D1E9E6002900D11E
:10962C00EAE68023DB039F4200D2E5E6984200D3B2
:10963C00E2E60700E0E6002900D19EE60023CF0811
:10964C0041E634000123FF083DE6002F00D193E6EC
:10965C000023FF0837E60023D70834E60123CF08A0
:10966C0031E680220B00D20401201340114200D0BD
:10967C00AEE6CF0827E6002B00D15FE7561B002D86
:10968C0001D13300E7E680236046DB0418438446AF
:10969C00EBE6C046FFFFFF7D41024200C30F490AC3
:1096AC000020120E7E2A03DD9D2A02DD094A98183D
:1096BC007047802000040143952A07DC9620821A0B
:1096CC00D1404842002BF3D10800F1E7963A914083
:1096DC00F7E7C046FFFFFF7F70B5002812D0C31715
:1096EC00C5185D40C40F280002F0F6F89E231B1A23
:1096FC00962B0FDC082838D0083885406D026D0A8F
:10970C00D8B202E0002400200025C0052843E4075D
:10971C00204370BD992B14DC421F95402A0015493B
:10972C00114055071CD00F252A40042A18D00431AB
:10973C00CA08490115D59F235202181A550AC0B2FE
:10974C00E3E705222900121AD14002001B32954092
:10975C002A00551EAA410A43064911405507E2D179
:10976C00CA085202550AD8B2CFE76D026D0A8E3084
:10977C00CBE7C046FFFFFFFB10B5041E0DD002F077
:10978C00ABF89E231B1A962B0CDC082834D0083817
:10979C0084406402640AD8B201E000200024C005B1
:1097AC00204310BD992B13DC421F9440144A2240D5
:1097BC0061071CD00F212140042918D00432D40891
:1097CC00520115D59F236402181A640AC0B2E6E749
:1097DC00020021001B3291400A00511E8A410521D2
:1097EC00091ACC401443064A22406107E2D1D4083E
:1097FC006402640AD8B2D2E76402640A8E30CEE7FF
:10980C00FFFFFFFBF0B54F464646D646C0B582B0CB
:10981C00009001910E034C00CD0F710A009E5F0069
:10982C00760F0E43009900920193C90089461903E3
:10983C007B0D9846019B490ADB0F9C46009B009AC6
:10984C005B0F0B434146640DD200611A654500D194
:10985C00A6E0002972DD4746002F00D1DDE0CC4F99
:10986C00BC4200D19AE10127382917DC80273F043C
:10987C003B431F2900DDDDE12027781A1F008740BC
:10988C00BA461700CF408446380057460743604617
:10989C008240CB40501E8241F61A17434B46DF1BC9
:1098AC00B94580414042361A330200D4FFE07602BB
:1098BC00760A002E00D13CE1300002F00DF80300D6
:1098CC00083B20213800CA1AD0409E4002009F401D
:1098DC0032439C4200DDA6E1181B0130091A3E0000
:1098EC008F40C6407B1E9F4113008B4037431F4364
:1098FC00C2403B0016000024134300D1DFE17B077C
:10990C0000D132E30F233A003B40042B04D03A1D24
:10991C00BA42BF417F42F619330200D423E39C4B79
:10992C0001349C4200D1B4E09A4B64051E40640D96
:10993C007707D20876021743360BACE0002900D12A
:10994C007EE04146091B002C00D060E13400484603
:10995C00044300D1C9E14C1E012900D12EE28C4DEB
:10996C00A94200D124E20127382C11DC21001F2947
:10997C0000DD0BE2202437004846641AA740C8409B
:10998C0007434846A040CE40441EA0419B1B0743C2
:10999C00D71BBA4292415242654644469E1A83E70F
:1099AC00002900DC9CE04746002F67D11F001743BD
:1099BC0000D1E4E0481E012900D19BE1744FB9426B
:1099CC0000D1EBE001270100382811DC1F2900DD54
:1099DC00C7E12027781A1F00844687401000C84032
:1099EC00074360468240CB40501E8241F618174315
:1099FC004F444F45804140423618330257D5644B93
:109A0C0001349C4245D00121624B7A081E403940FA
:109A1C000A43F7071743760871E71F00174300D175
:109A2C00ADE04F1EBC46012900D182E1584FB9422E
:109A3C0000D190E161460127382900DD2EE718E7B7
:109A4C00554F611C394200D0D0E0310048461F0010
:109A5C0001431743002C00D03DE1002900D1BCE1AB
:109A6C00002F00D0BFE14B460021D80877070743F1
:109A7C00F00806034C05360B640D0CE0444FBC4259
:109A8C0000D18BE001273829B2DC80273F043B430F
:109A9C009CE70026002724053443ED072C433800AF
:109AAC00210002B0E0BCBA46B146A846F0BD7B0727
:109ABC0004D00F233B40042B00D028E7F808344B8C
:109ACC0077070743F0089C4200D04AE23B0003436F
:109ADC0059D080263603064336032D4C360BDAE775
:109AEC00002961D04146091B002C00D1B9E0284C5B
:109AFC00A04500D1A5E10127382913DC80242404DA
:109B0C0026431F2900DDC8E1202437004846641A8B
:109B1C00A740C84007434846A040CE40441EA04141
:109B2C009B190743BF189742924152424446D6189C
:109B3C0063E7380001F0D0FE030018331F2B00DC64
:109B4C00BFE63A00083882409C4200DD83E01B1BD4
:109B5C00581C1F2800DCB4E117001F3BDF402028F5
:109B6C0005D040231B1A9A40531E9A4117430024D8
:109B7C00002F0AD07B0700D0C4E626009EE74B4698
:109B8C000C00D8089BE70027014C002683E7C04651
:109B9C00FF070000FFFF7FFFFE0700004B46770723
:109BAC00D8080743F00891E7CD4F611C39426BD1BF
:109BBC00310048460143002C00D04BE11F001743F5
:109BCC00002900D181E1002F00D14CE74A444A45DD
:109BDC008041F61840423618330200D5B0E1170028
:109BEC009146374300D03EE7002654E74946891A90
:109BFC008846C145BF41F11A7F42C91B0F0261D48F
:109C0C0047460F4300D1BDE00E00474651E6B54C28
:109C1C00A04500D100E10127382900DDB8E68024F9
:109C2C0024042643A3E6B04EE41A16407B0700D06A
:109C3C003FE743E70F001800203FF84084462029F7
:109C4C0003D04027791A8B401A43531E9A4163461E
:109C5C0017001F4322E6A448E11A10404707C0082A
:109C6C0007E734004846044300D1FAE04C1E0129B2
:109C7C0000D1D7E09B4FB94200D1E2E00127382C4C
:109C8C0000DD4FE721003CE7964CA14200D1DDE01E
:109C9C004A444A458041F31840421818C7075208F5
:109CAC0017434608520705D00F220C003A40042AED
:109CBC0000D02CE67607FF0837430009D9E60027C9
:109CCC000026E8E64946571ABA4292419E1B524278
:109CDC006546B61AEDE5002900D0C6E0002F67D125
:109CEC00802600257F4C3603D5E665460C001E0009
:109CFC00D008E4E64A444A458041F318404218181B
:109D0C001100030200D496E0774B49081840C307B2
:109D1C000B434408490700D129E10F221A40042AB9
:109D2C0000D1EAE01F1D9F42B6417642361902244B
:109D3C00C4E649468F1AB9458041F61A4042361A94
:109D4C00330206D47307FF0801211F43F00890E685
:109D5C0065460124ABE54B467707D8080743F00866
:109D6C00B4E60F001800203FF8408446202903D0A9
:109D7C004027791A8B401A43531E9A4163461700A9
:109D8C001F4335E600250024002684E60C00350030
:109D9C00203CE540202905D04024611A8E404946DC
:109DAC00314389464846411E884107002F43EFE561
:109DBC00D2085F0765461743D80887E6171ABA42D8
:109DCC0092419E1B5242B61A3302C1D47307FF084C
:109DDC00654601211F43F0084BE6002F7BD06546FA
:109DEC001E0091463FE6811A8846C145A441F11AEE
:109DFC006442091B80242404214277D0101A824229
:109E0C00924107009E1B5242B61A374300D0A0E085
:109E1C006546002400263EE65F07D20865461743D8
:109E2C00D80853E6811891429241F018524280189A
:109E3C00030200D568E74707C9080F43C008012192
:109E4C0017E6D2085F071743D8083FE60C00002638
:109E5C00002720E6002956D15F07D2081743D808FF
:109E6C0034E60C001E00D00829E6C1087007014337
:109E7C00F008002F62D080242403204207D0DE0893
:109E8C00264204D165463000D1085B0719434F0FB9
:109E9C00C900C9087F070F4318E60C003000203CAE
:109EAC00E0408446202905D04024611A8E40494662
:109EBC00314389464846411E8841614607000F439D
:109ECC0030E620210027091A0EE51E00002F00D0D5
:109EDC0022E5002458E7002500240026DBE5C046D7
:109EEC00FE070000FF070000FFFF7FFF47460F4300
:109EFC0000D147E70E00C146B5E5DF086407022133
:109F0C0027430009B5E51900C0087707074311433B
:109F1C00F008002900D1D9E580210903084207D0B7
:109F2C00DC080C4204D1D2085B071A43170020004E
:109F3C007B0FFF00FF085B071F43C7E50F00C5E55C
:109F4C00124BD20833405F075B02012417431E0BF0
:109F5C00A1E5264212D00D4B6546020001241E409D
:109F6C00E6E4210085E51700A8E53A00D4E4DB0817
:109F7C0064071C432700022100097AE5C008770713
:109F8C00074365460021F00873E5C046FFFF7FFFDD
:109F9C00F0B5DE46454657464E46E0B587B00092D2
:109FAC0001930B031B0B9B46CA0F4B00040080460E
:109FBC005B0D029200D198E07C4A934237D059460F
:109FCC00420FC9000A43802109041143C200904684
:109FDC00774A894692469A44002300240393009EB4
:109FEC00019F3B031B0B9B467B0030005B0DFD0F61
:109FFC00002B59D06D4A934248D05946720FC90074
:10A00C000A438021090411438B466949F2008C46AE
:10A01C0051466344CB1A9A460021029E6E40F6B21A
:10A02C000F2C00D9CEE0634BA4001B599F465A4617
:10A03C000243914600D090E09A46022390460824B1
:10A04C000393CCE7CB464246029D0399022900D1EB
:10A05C00DEE1032900D18DE0012900D079E12E0049
:10A06C0000220023002490461B052343F6073343AC
:10A07C004046190007B0F0BCBB46B246A946A04604
:10A08C00F0BD002200249046484BEDE75A46009B59
:10A09C001A43494B9C46E244002A59D102231C43E3
:10A0AC00002302219B46B8E75A46009B1A4349D02D
:10A0BC005B46002B00D19CE1584601F00DFC0200E0
:10A0CC0003000B3A1D27009EBA1A19005846D640B9
:10A0DC0008398840320002439346009A8A40374937
:10A0EC0053448A4600219A4497E75B4603439946BA
:10A0FC0021D05B46002B00D169E1584601F0ECFB06
:10A10C000B235B429C460200844466461D239B1B2A
:10A11C00260011005846DE400839884033000343BE
:10A12C00994623008B409846254B00249B1A9A464F
:10A13C000023039353E7002398469A4601330424E3
:10A14C0003934CE701231C43002301219B4664E746
:10A15C000323320003211C435FE79A460323D946AD
:10A16C000C2403933BE700238024984600260F4BD6
:10A17C00240379E780245B4624031C4324032E002C
:10A18C0090460A4B240B6FE780244B462403234252
:10A19C0002D05B462342F0D080244B4624031C4360
:10A1AC002403029E014B240B5EE7C046FF07000010
:10A1BC0001FCFFFFD08C010801F8FFFFF303000046
:10A1CC000DFCFFFFCB4500D2F8E000D1F3E00123FA
:10A1DC005B429C46444648460025E2445B46170ECB
:10A1EC001B021F43190C3B04120200971F0C9146D3
:10A1FC0002910397FEF71AF802007A430B04210C24
:10A20C00804619438A4209D9009F0123BC465B4210
:10A21C0061449C46E0448F4200D85CE1881A029964
:10A22C00FEF704F8039A240442430904240C0300A7
:10A23C000C43A24206D90099013B8C466444A142CE
:10A24C0000D842E1A01A424612041A4393464B46E8
:10A25C0059461B0C1F0004930B0449460904090CB6
:10A26C000C001B0C5C43120C7B43884651437A4315
:10A27C00270CBC465B186344994203D980214902E0
:10A28C008C466244190C24041B04240C8A181C19D7
:10A29C00904202D316D1A54214D25B46009F013BDB
:10A2AC004D4405934D459B41BC465B426344C018ED
:10A2BC00874200D302E1824200D929E100D124E196
:10A2CC00059B9B462C1BA542AD41009B801A6D4201
:10A2DC00401B834200D10FE10299FDF7A7FF039ABF
:10A2EC000B044243210C050019438A4200D9CBE0F0
:10A2FC00881A0299FDF79AFF039A24044243090431
:10A30C00240C03000C43A24200D9CAE04146A41A13
:10A31C002A041A43049F13041B0C594340467B43E5
:10A32C009C46150C68430B0C844463447D43984253
:10A33C0003D98020400284466544180C09041B0490
:10A34C00090C40195B18844227D323D00123350014
:10A35C001A43944B5344002B60DD510700D086E028
:10A36C002E00D1085A46D20106D55A468E4B1A40B9
:10A37C0080239346DB0053448C4A934200DD80E6F5
:10A38C005A4652070A4390465A465B055402240B20
:10A39C005B0D69E63500002BDBD0009D511EAC46F1
:10A3AC006444AC4200D29EE0844200D2E1E000D191
:10A3BC00EEE00A00CAE7424500D908E74B46DC0745
:10A3CC00580843465B081C434346DD0706E701F08B
:10A3DC0083FA15239C4684440200634620321C2BCE
:10A3EC0000DC92E623000838834099460023984607
:10A3FC009AE601F071FA02000300153220331C2A90
:10A40C0000DC5FE600990838814000228B4666E646
:10A41C0000222E0000249046654B25E62E000121DB
:10A42C00C91A382900DD1BE61F297EDC614814009F
:10A43C0050445B4682408340CC40501E82412343B3
:10A44C001A435B46CB40510709D00F211140042918
:10A45C0005D0111D9142924152429B180A001902DB
:10A46C0000D49BE00022012300249046FCE50F2140
:10A47C001140042900D173E7111D914292415242BF
:10A48C002E00C90893446DE7009B013D9C46614436
:10A49C008B4200D92CE78A4200D829E7851E6144FB
:10A4AC0026E70099013B8C466444A14200D92DE774
:10A4BC00A24200D82AE7831E644427E7874200D0D3
:10A4CC00FEE6A94500D9FBE6F5E6A24200D8B9E6BE
:10A4DC00831E6444B6E68A4200D89FE6BC46831EBF
:10A4EC00984661449AE60A00844200D02EE74B4518
:10A4FC0000D02BE735002CE72A4B2F4A53449245CA
:10A50C0043DB0122002193442CE7AC4200D8D7E670
:10A51C0002235B429C4600994D444D459B41E344CC
:10A52C008C465B426344C018CCE61F204042C31AE1
:10A53C005846D840202904D05946204B53449940C2
:10A54C000A43531E9A410723190002430024114069
:10A55C00134209D008331340042B1DD0131D934212
:10A56C0089411A0049424907D2080A439046002300
:10A57C007AE54946009F4D004D458941BC4649420C
:10A58C006144A946023A6418AEE70122524246E7FA
:10A59C009945EED30A00AAE70021E5E759075B02CB
:10A5AC001C0BE1E7FF030000FFFFFFFEFE070000AE
:10A5BC00FF0700001E04000002FCFFFF3E04000029
:10A5CC00F0B55746DE464E464546E0B50D00040054
:10A5DC00E80F83460903D80F090B824619488C46AD
:10A5EC001F0369005E00490D3F0B760D814218D0A8
:10A5FC0086420FD00120B1420DD1BC450BD1944203
:10A60C0009D1D3451CD0002905D160462043431EF7
:10A61C00984100E00120F0BCBB46B246A946A046DA
:10A62C00F0BD01208E42F6D1614639430F0017432D
:10A63C002743F0D15B465246981A431E9841EAE7ED
:10A64C000020E8E7FF070000F0B557464E464546A8
:10A65C00DE46E0B50D000E034900490D8A46DF0FBA
:10A66C00E90FBC4683B02F4F04008046019158007F
:10A67C0019039146360B090B400DBA451DD0B84253
:10A68C000DD05746002F2AD13443002824D10A4339
:10A69C0036D0002C41D163465800013815E01143E7
:10A6AC0038D15346002B01D12643F4D0019B63458E
:10A6BC0007D1019B5800013807E026432AD15045A9
:10A6CC0021D00120019B5F42384303B0F0BCBB4654
:10A6DC00B246A946A046F0BD002CDCD0E6E7002827
:10A6EC00EFD0019B6345ECD18245EADCE1DB8E4285
:10A6FC00E7D8DED1C845E4D80020C845E5D2D8E774
:10A70C00002CE2D0DDE7114304D1019B6345D8D185
:10A71C000020DAE702204042D7E7019B6345E6D0F0
:10A72C00CFE7C046FF070000F0B557464E464546FA
:10A73C00DE46E0B50D000E034900490D8A46DF0FD9
:10A74C00E90FBC4683B02E4F04008046019158009F
:10A75C0019039146360B090B400DBA451ED0B84271
:10A76C000DD05746002F27D13443002833D10A434C
:10A77C0034D0002C40D163465800013815E0114309
:10A78C0012D15346002B01D12643F4D0019B6345D3
:10A79C001DD00120019B5F42384306E0264303D1C4
:10A7AC005045F6D111431CD0022003B0F0BCBB467F
:10A7BC00B246A946A046F0BD0028EAD0019B6345ED
:10A7CC00E7D18245E5DC02DB8E42E2D80ED0019B5C
:10A7DC0058000138E9E7002CCDD0D7E7002CE4D0A5
:10A7EC00D7E7019B00206345DFD0D2E7C845D0D81E
:10A7FC000020C845D9D2EAE7019B6345E4D0C8E7FD
:10A80C00FF070000F0B557464E46DE464546E0B51C
:10A81C001F000B031B0B16009A46CA0F4B000400BB
:10A82C00914685B05B0D00D1CFE1CD4A934255D016
:10A83C005146420FC9000A43802109041143C2004A
:10A84C009046C84A8A4693469B44002300250293AF
:10A85C003C037B00FA0F0196240B5B0D009200D198
:10A86C0088E1BF4A934200D192E0BE4A94466344C9
:10A87C009B440A2D42DCE400730F23438024494699
:10A88C0024041C43F3000193009B00205940CBB2DD
:10A89C000393022D00DC94E00123AB401D00A623A2
:10A8AC002A00DB001A401D4200D029E290239B00B5
:10A8BC001D4200D14DE20023802499462403A84B6D
:10A8CC0010004A461B052343D2071343190005B059
:10A8DC00F0BCBB46B246A946A046F0BD5246024368
:10A8EC00904600D0ACE19B46022392460825029389
:10A8FC00AEE7009BA2469946019B9846029B022B11
:10A90C0000D1CAE1032B00D192E1012B10D100231D
:10A91C0000240022D4E701227B083A40134352461C
:10A92C00D2071343984653465B089A46039B9946B5
:10A93C005B46581C8023DB005B44002B00DCB1E140
:10A94C00424652070BD00F2241460A40042A06D039
:10A95C004246111D4145924188465242924452460C
:10A96C00D20106D55246804B1A4080239246DB001A
:10A97C00C3187E4A934200DD8FE14246D10852460D
:10A98C0052070A4351465B054C02240B5B0D97E7BB
:10A99C00734B26439C46E344002E00D16FE1032306
:10A9AC0049461D43009B5940CBB203930A2D00DD51
:10A9BC0033E10123AB401D000323029388222A427A
:10A9CC0097D1424643461204120C160001981D0CF6
:10A9DC00030C0004000C4643B4461E006E43009664
:10A9EC00160007005E436146B0466F430E0CB84438
:10A9FC004644B74205D9802149028846009F474406
:10AA0C00009761460904090C370C36048C4631005A
:10AA1C00614401911100260C2404240C61438C46E2
:10AA2C002100694389466146090C884672434A44B1
:10AA3C0042447543914503D98021490288464544D7
:10AA4C00110C884661460904090C8C4612046244B8
:10AA5C00B91802915146090C8C4651460F043F0C13
:10AA6C003900414345448846614641438A46414644
:10AA7C006046090C894658437B4353444B449A45E2
:10AA8C0003D98021490289464844190C894641461C
:10AA9C000904090C8846390061431B044344884669
:10AAAC0061464C4371438C46414677430E0C3F192B
:10AABC00F6194844B44203D9802149028946CC4452
:10AACC000299009F894631044F448946414697427A
:10AADC0092410C04240C4C44FF1852426419A118E6
:10AAEC009F429B41884682465B42994690459241E3
:10AAFC00AC42A441C244D1445242644214439945ED
:10AB0C009B41824592415B42524213434A46360C6A
:10AB1C00A419E31863445B02D20D1A4301999246BF
:10AB2C007A020A43501E8241FF0D17434A465202D5
:10AB3C001743B846DB0100D5EDE60D4B039A5B4499
:10AB4C009146002B00DCACE03A00520700D110E734
:10AB5C000F2258463A40042A00D0F9E609E7C046CD
:10AB6C00FF07000001FCFFFFFFFFFFFEFE070000D8
:10AB7C00FF030000220032436FD0002C00D1C2E052
:10AB8C00200000F0A9FE020003000B3A1D20821ADF
:10AB9C0030001900D04008398C40020022433400A8
:10ABAC008C405946CB1A86498B469B440A2D00DDB6
:10ABBC00A4E64946009B01945940CBB214000020F6
:10ABCC000393022D00DD67E6FBE6534603439846EC
:10ABDC003CD05346002B00D1A3E0504600F07CFE45
:10ABEC000B235B429C4602008444110050460839FA
:10ABFC0088401D23804660461B1A2000D840030065
:10AC0C00404603439A4623008B4098466C4B0025E4
:10AC1C009B1A9B46002302931AE60F2D00D0C9E025
:10AC2C00802352461B031A4202D01C4200D192E0F0
:10AC3C008024534624031C4324034246240B3EE643
:10AC4C009B46032380460C25029301E600239A467B
:10AC5C009B46013304250293FAE501210D430A2D8D
:10AC6C0000DD4BE6494600984140C9B20391022DE4
:10AC7C0000DC96E000230024012001930CE64946F9
:10AC8C000223009A2B435140CAB203920A2B00DDD7
:10AC9C0034E6002D57D1039B994600240022494BE2
:10ACAC000EE658460121C91A382900DD2FE61F2966
:10ACBC0056DD1F2254465242D31ADC40202907D0BD
:10ACCC00414B42469C465346604483401A4390464F
:10ACDC0042460721531E9A410B0022431340002485
:10ACEC00114209D00F231340042B5DD0111D91424A
:10ACFC009B410A005B425B07D2081A430023DFE545
:10AD0C00039B9946FAE5019800F0E6FD020003006A
:10AD1C00153220331C2A00DC38E7019A08388240AF
:10AD2C003FE700F0D9FD15239C468444020063469E
:10AD3C0020321C2B00DC58E70023984623000838EF
:10AD4C0083409A4662E71D000023002402200193F1
:10AD5C00A2E5029032E61C43009B019A9946AEE5AF
:10AD6C001A4B5246C31840469A40C84002434046CC
:10AD7C0098400300581E834154461A43CC40530755
:10AD8C0009D00F231340042B05D0131D934292417D
:10AD9C005242A4181A00230208D5012300240022D1
:10ADAC008EE5894600248BE50023A5E76307640242
:10ADBC00240BA1E7009BA2469946019B984637E7D6
:10ADCC000DFCFFFFFF0700003E0400001E04000006
:10ADDC00F0B557464E464546DE46E0B583B000908A
:10ADEC0001910C034D00CE0F610A009C5F00640FB3
:10ADFC000C43009900920193C80019037B0D9946EE
:10AE0C00019BCC4FDB0F9C464B0A00998046490FA7
:10AE1C001943009B8B46DA0092466D0DB94500D163
:10AE2C00BFE00123614659404B468C46EB1A8E42DB
:10AE3C0075D0002B00DCA3E24946002900D1CEE0FE
:10AE4C00BD4200D100E20127382B19DC802759467E
:10AE5C003F0439438B461F2B00DDFAE12027F91AFA
:10AE6C008C4659466746B9400F001100D9400F4334
:10AE7C0061468A40511E8A415946D9401743641A8B
:10AE8C00C71BB84280414042241A230200D440E13F
:10AE9C006402640A002C00D154E1200000F01CFD77
:10AEAC000300083B20213800CA1AD0409C40020005
:10AEBC009F4022439D4200DDA6E1581B0130091A38
:10AECC003C008F40C4407B1E9F4113008B402743A6
:10AEDC001F43C2403B0014000025134300D1F7E18F
:10AEEC007B0700D177E30F2338003B40042B04D0C1
:10AEFC00381DB842BF417F42E419230200D468E3F5
:10AF0C008C4B01359D4200D1F4E08B4B6D051C4000
:10AF1C006D0D6707C00864020743240BECE0002B9F
:10AF2C0000DC29E34946002900D0D6E059461143FC
:10AF3C0000D12EE1591E012B00D1E6E1BB4200D11C
:10AF4C0082E101270B00382914DC1F2B00DD3CE2C9
:10AF5C002027F91A8C4659466746B9400F00110054
:10AF6C00D9400F4361468A40511E8A415946D94007
:10AF7C00174364183F18874280414042241823022B
:10AF8C0000D4C6E06B4B01359D4200D1B2E00121EB
:10AF9C00694B7A081C4039400A43E7071743640899
:10AFAC009EE7664B11438A46EB18002928D066456C
:10AFBC002CD0002B5BD0002D00D12CE15B466646DB
:10AFCC005F07D2081743DD083B002B4300D1E2E0BA
:10AFDC00802424032C432403564D240B8CE0594627
:10AFEC00114300D1D5E0591E012B00D1B9E1BB4270
:10AFFC0000D1B1E101270B00382900DD40E72AE739
:10B00C006146012779408C466645D2D1002B00D190
:10B01C00C5E0002D00D055E14B462500054300D17D
:10B02C0012E2591E8C46012B00D149E2414DAB4234
:10B03C0000D18FE20127382911DC63461F2B00DD7C
:10B04C005BE26146202327005B1A050098409F4075
:10B05C00CD40431E9841CC402F430743A344BF1817
:10B06C009742924152425A4414004D4687E7344F5E
:10B07C006B1C3B4200D0B6E05946230011430F0035
:10B08C000343002D00D026E1002B00D1C0E10029A4
:10B09C0000D1A1E0831A98465B464045AD41E31AC6
:10B0AC006D425B1B80252D042B4200D14BE15B468E
:10B0BC00101A824292411C1B070001266346524221
:10B0CC00A41A27431E40002F00D142E12C4200D18C
:10B0DC006DE2194B01251C401BE7BD4200D13BE141
:10B0EC000127382B00DD45E7802759463F043943BB
:10B0FC008B462AE7002400272D052543F607354308
:10B10C003800290003B0F0BCBB46B246A946A046A5
:10B11C00F0BD7B0704D00F233B40042B00D0E7E6A7
:10B12C002B00F808034A67070743E508934200D150
:10B13C004AE7A5E0FF070000FFFF7FFF01F8FFFFD4
:10B14C00FE070000380000F0C7FB030018331F2B6C
:10B15C0000DCA7E63A00083882409D4200DD8AE018
:10B16C005B1B581C1F2800DCD8E117001F3BDF407D
:10B17C00202805D040231B1A9A40531E9A4117438E
:10B18C000025002F00D1E5E07B0700D0ABE62C00BA
:10B19C00C6E7C008C6E700270024D14DACE7D14F65
:10B1AC006B1C3B4271D123000343002D00D04EE1B8
:10B1BC005746002B00D1B5E1002F0DD083188342E8
:10B1CC0080415C4440422418220200D5C8E11F0093
:10B1DC009846274300D1BCE043466707DB081F4372
:10B1EC00E50800234CE0831A98465B464045BF4176
:10B1FC00E31A7F42DB1B1F027CD447461F4300D15E
:10B20C00A6E01C00474645E6B74CED1A14407B07F8
:10B21C0000D080E784E74B462500054366D05F1ECF
:10B22C00012B00D1FCE0AE4DAB4200D15EE1664695
:10B23C00382F00DCB4E00120171ABA4292415B4669
:10B24C0052424D469C1A20E66707C0080743E508A2
:10B25C00BAE61F005946203FF9400F00202B05D0BD
:10B26C004021CB1A594699400A43924653465A1EDE
:10B27C0093411F4304E6EB1A9B4D15406F07ED08F5
:10B28C002C035D05240B6D0D36E7954DAB4200D1BB
:10B29C00D6E082182100824280415944404208186D
:10B2AC00C707520817434408520700D485E10F2200
:10B2BC001D003A40042A00D01AE6FF086407274311
:10B2CC000509DDE75B46D2085F071743DD087BE61F
:10B2DC000027002410E7002B00D0D6E0002900D076
:10B2EC002FE1802400267E4D240305E766465C464C
:10B2FC00D00817E75B46171ABA4292411C1B01266D
:10B30C0063465242A41A1E40C4E58318834280410E
:10B31C005C44404225182A0200D4DAE0724A5B08E9
:10B32C001540EA071A4369085B0700D44AE10F236A
:10B33C001340042B00D1FCE0171D9742A44164423A
:10B34C0002256418ECE647461C001F4300D043E777
:10B35C00002600250024CFE6C00867070743E50850
:10B36C0032E6871A5B46B8428041E41A4042241AFE
:10B37C00230228D46307FF081F43E50801237FE756
:10B38C00002B00D173E64B465F1B3B00002D00D118
:10B39C0042E7382F00DDECE080230E001B041C4339
:10B3AC001F2F25DC20252300ED1B0100A840AB40FE
:10B3BC00F940451EA8410B43FC4018435B461B1B40
:10B3CC009B4639E76646012562E51F005946203F3A
:10B3DC00F9408C46202B05D040275946FB1A994042
:10B3EC000A43924657467B1E9F4163461F43C1E565
:10B3FC003B002500203BDD40202F04D04023DB1BED
:10B40C009C40204380464046431E9841284313E706
:10B41C0000299DD0012663465C4690461E40DBE623
:10B42C00171A5B46BA4292411C1B5242A41A2302C1
:10B43C00C8D46307FF081F4366460123E5081FE7CE
:10B44C001D000024002757E65C46D0086AE6002B56
:10B45C0000D137E75346C00867070743E508002BC0
:10B46C0000D1B1E580231B031D4208D05946C80802
:10B47C00184204D1D20849070A43170005007B0F74
:10B48C00FF00FF085B071F439EE5C00863071843D6
:10B49C00E508002953D080231B031D420AD05946CE
:10B4AC00CC081C4206D1012663462500D00849076A
:10B4BC0008431E40470FC000C0087F07074383E5C1
:10B4CC008318934292415C445242A5182A0200D53B
:10B4DC0024E76F07DB081F43ED080123D0E6C046C5
:10B4EC00FF070000FE070000FFFF7FFF5B46D2084E
:10B4FC005F0766461743DD0866E52500203BDD4007
:10B50C006346202B05D0402361465B1A9C402043A8
:10B51C00804647467B1E9F412F43A0E520210027F4
:10B52C00091AD2E4002F00D113E75C46170000255E
:10B53C00F6E5D708490702230F432D09A0E60700BB
:10B54C0042E55B4601265F07DD086346D2081743D8
:10B55C001E4039E55B46D2085F071743DD0833E52B
:10B56C001E4ADB0822405707520201251F43140BC9
:10B57C00C2E50E0001205FE6002B0DD04B465B1B95
:10B58C009C46002D00D148E50127382B00DD66E5EF
:10B59C0080231B041C4350E56B1C114D2B4200D027
:10B5AC0073E65946230011438A46034300E66707B6
:10B5BC00C00800230743E50862E66407FF08274339
:10B5CC0005095DE6D208490711430F0002232D0936
:10B5DC0056E60700A4E538008FE4C046FFFF7FFF66
:10B5EC00FE070000F0B5C6461E03360BB0460D4EE6
:10B5FC000C034D005F0000B5240B6D0D7F0DB542A3
:10B60C000BD0084900208F4204D146461643300027
:10B61C00431E984180BCB846F0BD04430120002C69
:10B62C00F8D1EEE7FF0700000B00020070B5164DD5
:10B63C000C0382B04900002000920193240B490DA9
:10B64C00DE0FA94204DD1148814203DD104BF018D6
:10B65C0002B070BD8020400320430E4C641A1F2C96
:10B66C0008DD0D4B5B1AD84003005842002EEFD179
:10B67C001800EDE7094B009A9C46030061448B408F
:10B68C00E2401343F1E7C046FE0300001D04000036
:10B69C00FFFFFF7F3304000013040000EDFBFFFFEE
:10B6AC0070B5002816D0C317C5185D40C40F28000C
:10B6BC0000F012F9104B1B1A5B055B0D0A2814DC09
:10B6CC0002002E00153296400B22121AD5402D0383
:10B6DC002D0B03E000240023002500261B052B4323
:10B6EC00E40723433000190070BD0B3885402D034F
:10B6FC0000262D0BF2E7C0461E04000010B5041EF8
:10B70C0010D000F0E9F80E4B1B1A5B055B0D0A28F4
:10B71C000FDC0B222100121AD14015300A03844091
:10B72C00120B01E0002300221B051343200019001B
:10B73C0010BD22000B38824012030024120BF3E7D9
:10B74C001E04000070B542024300C40FFE201B0E05
:10B75C00591C550A08420CD0E02189008C466D0713
:10B76C00120B63441B051343E40723432800190001
:10B77C0070BD002B14D1002D1BD0280000F0ACF8AC
:10B78C000A281CDC0B232A001B1ADA400300153391
:10B79C009D400E4B12031B1A5B05120B5B0DE1E770
:10B7AC00002D09D0130B802212031A436D07084B8E
:10B7BC00D8E700230022D5E70022054BD2E703008F
:10B7CC002A000B3B9A400025E3E7C04689030000A2
:10B7DC00FF070000F0B54B000F035B0D3A4C450F13
:10B7EC0083B07F0A5E1C2F4300900191CA0FC500E5
:10B7FC0026420BD035495C18FE2C13DDFF200023AC
:10B80C00C0051843D207104303B0F0BD3D43002BD5
:10B81C0001D10020F4E7002DF0D08023DB03FF20C2
:10B82C003B43EDE7002C0CDD009BFF009B01581EF9
:10B83C008341690F3B430B43590727D1DB08E0B227
:10B84C00DEE72100173131DB80211E20090439434A
:10B85C00001B1F282DDD02267642341B0E00E6400D
:10B86C003400202804D01A488446634499400D4380
:10B87C002B00591E8B412343590703D00F2119402C
:10B88C0004290BD19B0100205B0AB9E70F21194059
:10B89C00042904D19B015B0AE0B2B1E70024043314
:10B8AC005901F7D501340023E0B2A9E700200023A9
:10B8BC00A6E7084C1C192B00A540C340A140681EEC
:10B8CC00854129430B43D7E7FE07000080FCFFFFAF
:10B8DC00A2FCFFFF82FCFFFF1C2101231B049842EA
:10B8EC0001D3000C10391B0A984201D3000A083905
:10B8FC001B09984201D30009043902A2105C4018BC
:10B90C007047C0460403020201010101000000005F
:10B91C000000000010B5002903D1FFF7DDFF203037
:10B92C0002E00800FFF7D8FF10BDC04682B073B527
:10B93C006C460091079321000300626060C960C3EC
:10B94C0007AA60CA60C313001500103006CB06C0EE
:10B95C0001220098616803F033FA696801220998A2
:10B96C0003F02EFA73BC08BC02B0184737B50400BC
:10B97C0003F034FEA068A38902691342FCD001696C
:10B98C000A001A401942FAD101AD2068616803F02F
:10B99C0017FA29000122032003F052FD03CC0122E7
:10B9AC0003F00EFA03F018FE28786B7800041B02E3
:10B9BC001843AB7818433EBDF0B5094985B0094B27
:10B9CC0001ACC0CBC0C40B004968074A00911B688E
:10B9DC00064811685268FFF7A9FF05B0F0BDC046D4
:10B9EC00440000203C0000202C000020C402002059
:10B9FC0010B50348FFF7BAFF80231B04584010BD55
:10BA0C00C402002010B50548FFF7B0FF80231B04CB
:10BA1C005840984201DA024B181A10BDC40200209B
:10BA2C00FFFF7F0070B504250024FFF7E1FF013D07
:10BA3C002418002DF9D10723E01718400019C01065
:10BA4C0070BD0000F0B504000525002699B00392E6
:10BA5C000F0048227C4906A804930BF0E8FD631FF5
:10BA6C0001937A4B02937A4B0593019BAB4257DCC3
:10BA7C0000221E9B1E80774B1A70774A1278029216
:10BA8C00764A964200D874E001251D70714B744AB9
:10BA9C001B782C000192002B1ED0029B714E002BA8
:10BAAC0000D1A0E0704B1B78002B00D19BE06F4BBA
:10BABC001B78002B00D196E06D4B7C1E1C60012284
:10BACC00694B1A70974201D16A4B1F70FA22338866
:10BADC0092009B189BB233805F4B1B78002B0CD0D1
:10BAEC00614B1B78002B08D0604B1B78002B04D0CB
:10BAFC005F4B1B68AB4200DA1C00019B1B78002BD0
:10BB0C0009D05D4B1B78002B05D15C4B039AD35CA1
:10BB1C00A34200DC5C1E201E00DC012019B0F0BD2D
:10BB2C00029B6A00985AFFF7BBFD0022544BFFF7AB
:10BB3C004FF9FFF779FDC317C4185C40059B6A00E9
:10BB4C00985AFFF7ADFD00224D4BFFF741F9FFF777
:10BB5C006BFDC317C018584082B2231CA4B2944288
:10BB6C0000D2031C9AB2B24200D2331C9EB20135F1
:10BB7C007BE7029B002B04D001223C4B1A703C4B00
:10BB8C001F60092301937B1E06ACDB00E3180593B1
:10BB9C00019D30006B1E0193FFF782FD226C636CDC
:10BBAC00FEF730FE059B083C1A685B68FEF7F0F95F
:10BBBC00344A354BFCF740FC002803D1019B002B89
:10BBCC00E6D10125264B1B78002B00D15EE7052F13
:10BBDC0000DC5BE7BD4200DC58E72C4B9E4200D8F2
:10BBEC0054E77D1C52E70624A74207DC023C062FD3
:10BBFC0004D03C00032F00DD0324013C019B029A7E
:10BC0C001B78002A00D05AE7002B00D15EE7049B7A
:10BC1C00002B0ED0039B1E4A013BD35C032B08D890
:10BC2C0001221C4B1A701C4B1C6033881B199BB2D5
:10BC3C003380114B1B78002B00D047E70F4B039A36
:10BC4C00D75402F053FA41E7008C010884570020C6
:10BC5C00944C002002040020D90100205B3F00001E
:10BC6C005A6300207E670020C2650020C06500205A
:10BC7C0004020020C1650020BC0A0020776300206C
:10BC8C0080FFCF409A99999959CCCC4070170000FD
:10BC9C00D4030020C36500200002002070B506000C
:10BCAC000D0019001D4B10001B781D4C013E002B84
:10BCBC0021D000221B4BFCF7B9FB002803D11A4BF7
:10BCCC001B78002B1AD1A35D0133DBB2A355002DD9
:10BCDC0004D06A1EA35C0133DBB2A354A35D072B13
:10BCEC0001D90723A355002D05D0013D635D072B1A
:10BCFC0001D907236355A05DC0B270BDA35D002BB5
:10BD0C0003D0A35D013BDBB2A355002DE6D06A1E28
:10BD1C00A35C002BE2D0A35C013BDDE75D6300205C
:10BD2C00D403002000002E400104002010B5D022C6
:10BD3C0000210B480BF0E6FB00230020094A0A49BE
:10BD4C0013700A4A13700A4A10605160094A0A4873
:10BD5C000A49106051600A4A137002F049FA10BD8A
:10BD6C0078620020D203002000002E40D303002074
:10BD7C0000000020080000200E2DB29DEFFF58405F
:10BD8C00D103002010B56822002103480BF0BAFB48
:10BD9C0002F0AAF810BDC046386500200023190037
:10BDAC0010B5044AD15401330D2BFBD102F07CF9B0
:10BDBC0010BDC046D4030020F7B502F0A6FC424BE0
:10BDCC0005001B780C27002B00D1083F3F4B404A45
:10BDDC001B78019300231E00019999424CDC3D4BCA
:10BDEC0004241B78002B10D03B4B013C1B78A34246
:10BDFC000BD83A4B1B78002B04D0394B02341B78F0
:10BE0C00002B02D0AF423ED80224200001F068FF84
:10BE1C00AF4207D1334F3B78002B03D1FFF786FF9E
:10BE2C0001233B70304B1B78002B23D03000FFF7E5
:10BE3C0065FC00222D4BFEF7E5FC060001980F0077
:10BE4C00FFF72EFC02000B0030003900FEF7A0F8C3
:10BE5C000022274BFCF70EFB00280BD0254A136859
:10BE6C00012B07D102201060234A137002F06CFAE8
:10BE7C00FFF794FF2000FEBDD15C022901D90136E9
:10BE8C00F6B20133A8E71D490022086849681C4B2B
:10BE9C00FCF7CCFA002805D002F052FC022801D89D
:10BEAC000624B2E7174B18685968FCF78DFB134949
:10BEBC00C4B2002208684968114BFCF7B7FA002895
:10BECC00A3D0022CECD19FE78C670020410200200C
:10BEDC00D40300208F670020B065002038020020BA
:10BEEC00A1660020B8030020D801002000005940B2
:10BEFC0000004940DC0100205C630020580A00204F
:10BF0C0000002E40C00300200C4B70B518780C4B71
:10BF1C0003221C780525002306260A49002800D098
:10BF2C002A00002C00D03200CA5401330D2BF5D15D
:10BF3C000022054B1A7002F003F970BD5963002002
:10BF4C00D8010020A0650020AF650020F0B58DB0B1
:10BF5C000B930E001300069001928A4208D1854A79
:10BF6C0094466344DB00C318186859680DB0F0BDE3
:10BF7C0000240F00019B251C5B1A04930294019B67
:10BF8C009F4200DA87E00498FDF7A6FB071C011C12
:10BF9C000298FCF7F5FD391C0790281CFCF7F0FD06
:10BFAC00391C0890201CFCF7EBFD0024099004942C
:10BFBC00271C03940294019B9E4200DA8EE00499A4
:10BFCC000298FCF7ABFF391C051C381CFCF7A6FFCC
:10BFDC00011C281CFDF7FCF80499061C0398FCF7BF
:10BFEC009DFF211C051C381CFCF798FF011C281C0C
:10BFFC00FDF7EEF8311CFCF7C3FD211C051C029863
:10C00C00FCF78CFF391C041C0398FCF787FF011C00
:10C01C00201CFDF7DDF8311CFCF7B2FD291C041CBB
:10C02C000798FCF77BFF011C0898FDF7D1F8211C41
:10C03C00061C0998FCF772FF011C301CFDF7C8F8B0
:10C04C000B9B061C5A1E9341019AD31A180001939C
:10C05C00FDF742FB291C071CFCF760FF311CFCF7A9
:10C06C009DFB211C051C381CFCF758FF391CFCF7E8
:10C07C0055FF011C281CFCF791FB0021041CFCF74C
:10C08C0015FA002800D000243B49201CFCF746FF81
:10C09C00FFF758FB6AE73800FDF71EFB069AFB001A
:10C0AC00D318039018685968FFF794FB3249FCF7D2
:10C0BC0067FD011C281CFCF771FB0399051C0298F9
:10C0CC00FCF76CFB03990290081CFCF727FF011C82
:10C0DC00201CFCF763FB0137041C50E73000FDF714
:10C0EC00FBFA0799051CFDF773F8011C0590FCF78A
:10C0FC0015FF011C0298FCF751FB069AF300D318AC
:10C10C00029018685968FFF765FB1B49FCF738FD6E
:10C11C000899FDF75DF8011C0A900598FCF7FEFEE6
:10C12C00011C0398FCF73AFB291C0390281CFCF714
:10C13C00F5FE0999FDF74CF8051C011C0598FCF758
:10C14C00EDFE011C381CFCF729FB291C071C281CC4
:10C15C00FCF7E4FE011C0498FCF720FB291C04905E
:10C16C000A98FCF7DBFE011C201CFCF717FB0136C0
:10C17C00041C20E7FFFFFF1F00FEFF46F8B506007A
:10C18C000F0014001D00FCF775F900280CD0069A5E
:10C19C00079B30003900FCF759F900282FD03400E8
:10C1AC003D0029002000F8BD22002B003000390092
:10C1BC00FCF74CF900280FD0069A079B3000390089
:10C1CC00FCF758F90028EAD1069A079B20002900B1
:10C1DC00FCF73CF90028E4D122002B003000390098
:10C1EC00FCF748F9002807D0069A079B2000290085
:10C1FC00FCF740F90028D4D1069C079DD1E722001A
:10C20C002B0030003900FCF711F90028ECD0D3E7F3
:10C21C00F0B589B0069007911900814B10001B787E
:10C22C00002B05D100247F4D2000290009B0F0BD62
:10C23C0000227D4BFDF7E6FA02000B0000207B4943
:10C24C00FDF7A6FE02000B00029003910020784936
:10C25C00FDF79EFE0022774BFEF7BAFD029A039B78
:10C26C0004000D0000207449FDF792FE0022714B72
:10C27C00FEF7AEFD0E9A0F9B009001912000290055
:10C28C00FFF77CFF00246D4D02000B000020009492
:10C29C0001956B49FFF772FF00226A4B04900591E0
:10C2AC00FEF796FD684B694AFEF7ACFA0BF0C8FF37
:10C2BC00674B1B78002B54D10022664BFDF7A2FA7A
:10C2CC0002000B0064486549FDF762FE644A654B49
:10C2DC00FDF798FA06000F00049805990022624BAE
:10C2EC00FEF776FD32003B00FEF78CFA00220400CC
:10C2FC000D00069807995D4BFEF76AFD02000B00D6
:10C30C0020002900FDF77EFA554A04000D00554B1C
:10C31C0030003900FEF75CFD0022554BFEF772FA37
:10C32C0002000B0020002900FDF76CFA514A524B19
:10C33C00FEF768FA029A039BFEF764FA00220023C8
:10C34C0004000D00FCF778F8002800D06AE7002202
:10C35C0020002900494BFCF783F8002800D061E746
:10C36C0062E7009401950E9A0F9B00204449FFF759
:10C37C0005FF069A079B04000D0000204149FEF7BB
:10C38C0027FD220006000F002B0000203E49FEF77F
:10C39C001FFD02000B0030003900FDF733FA3B4A59
:10C3AC0004000D0002980399394BFEF72BFA02009A
:10C3BC000B0020002900FEF725FA04000D00354A79
:10C3CC00354BFEF71FFA22002B00FEF71BFA22005A
:10C3DC002B00FEF717FA314A06000F002000290047
:10C3EC002F4BFEF70FFA22002B00FEF70BFA020080
:10C3FC000B0030003900FDF705FA2A4A06000F0041
:10C40C0020002900284BFEF7FDF902000B0030003C
:10C41C003900FDF7F7F9254A254BFEF7D9FC8DE7D6
:10C42C000104002000002E400010714000A072405A
:10C43C00004C98400000894000A89B4000C08C40F4
:10C44C000080864000E08A409999C9BF9A999999D1
:10C45C00596300200000F03FC01E85EB51B89E3F91
:10C46C00A4703D0AD7A3E83F00488C4000407F40B1
:10C47C0000408F403BDF4F8D976E92BF00002C40E9
:10C48C000008864000908040002889409E12E429D4
:10C49C00419E923F1B0DE02D90A0A83FBA490C0283
:10C4AC002B87F0BF8351499D804620400E2DB29DB5
:10C4BC00EF272F401F4B70B51B781F4E34687568E3
:10C4CC00002B18D122002B0000201C49FEF780FC09
:10C4DC001B4A1C4BFEF796F922002B00FDF792F934
:10C4EC00194A1A4B04000D00FBF7BAFF00281CD1A7
:10C4FC003460756070BD164B1B88002B08D0220071
:10C50C002B0000201349FEF763FC0D4A124BE1E7A8
:10C51C00200029000A4A114BFEF774F902000B00A7
:10C52C0020002900FEF754FCDAE7074B074C336078
:10C53C007460DFE701040020C00300200000084005
:10C54C009A9999999999A93FCBA145B6F3FD0740C2
:10C55C007E6700200000F83F9999B93F9999C93F2F
:10C56C00F0B516001F00304B0C001B78E1B0002218
:10C57C00300039002D4BFBF759FF002804D02C4B11
:10C58C001868596861B0F0BD002230003900294BA1
:10C59C00FBF752FF0028F2D00022002330003900B4
:10C5AC00FBF75EFF0028EAD0002CE8D100241A210A
:10C5BC00214A224D14578C46E300013464B2EB1827
:10C5CC001E605F60230014701D4AA4441900192BCF
:10C5DC0000DD1A39C900691801330868496803C2BB
:10C5EC006345F3D1174B1B780693002C2CDC002BE6
:10C5FC0000D0BCE100230D4C0093019400230E4AA3
:10C60C00D356192B04DD1A3B137001220D4B1A70F3
:10C61C00FFF750FF069A064B002AB1D00099019AF9
:10C62C0019605A60ACE7C0469367002000002E40AA
:10C63C000000002000002C40D20300207862002073
:10C64C00E0020020D30300201A231893069B002B32
:10C65C0000D11894D02200212CA80AF053FF2500F9
:10C66C000023D54A029300921A3D9C4200DC98E2CA
:10C67C009D420DDC2CA88446009AD9008C44891864
:10C68C006246086849681060516002990131029154
:10C69C00189A01339A42E8DC08221A21C74B2CA8BD
:10C6AC000AF0B4FC029B029ADB0F9B1802995B10F8
:10C6BC00DA00C90700D45DE12CAB9B185C681B68E1
:10C6CC000093019401230693029B052B00DC82E06E
:10C6DC00BB4C002220686168BA4BFBF7A7FE002810
:10C6EC0001D026606760236864682E982F990493A4
:10C6FC00059432003B00FBF79FFE00280BD1049AF7
:10C70C00059B30003900FEF763FB0022AE4BFBF7B4
:10C71C00A7FE00280AD0AD4B1A78AD4B002A00D1E9
:10C72C003BE101221A600022A84B1A70029B2CAA32
:10C73C00023BDB00D1180868496832003B00FBF76C
:10C74C008FFE00280BD1049A059B30003900FEF7B0
:10C75C003FFB00229F4BFBF76FFE00280AD09E4B3D
:10C76C001A789B4B002A00D11EE101221A6000228C
:10C77C00994B1A70964B00251A68022A01DD1D6030
:10C78C0001350298FEF78CFF0022944BFDF700FC5C
:10C79C00FEF74AFF2CAAC300D1180400049A059B8B
:10C7AC0008684968FBF748FE002800D030E1029B7E
:10C7BC002CAA013B1B1BDB00D11808684968049AA2
:10C7CC00059BFBF74DFE002800D021E1002D00D089
:10C7DC0076E100230693002400260027804B764D3B
:10C7EC001B785BB204931A3B0A937E4B1B780C9319
:10C7FC00049BA34200DCD9E10A9BA34213DC009A00
:10C80C00019BE100491908684968FEF7E1FA02004A
:10C81C000B00FDF7F7FF02000B0030003900FCF7AE
:10C82C00F1FF06000F00189B0134A342E0DC0298D4
:10C83C00FEF736FF02000B0030003900FDF7A8FBB5
:10C84C000BF06CFD0A00169017910100664B1960F5
:10C85C005A600022654B1A70654B1B78934204D1C9
:10C86C00644B1B78934200D04FE1634B634C644E96
:10C87C0012931394634F049B032B03D10C9B002B3B
:10C88C0000D147E180240023E40510931194002289
:10C89C00002300240E920F93474B0A941993049B88
:10C8AC00013B1A93049B1A3B1B93049BA34200DC91
:10C8BC0081E11B9BA3423FDC199AE3009B181A6889
:10C8CC005B681492159314981599009A019BFEF7C6
:10C8DC007FFA0290039110981199029B0893039B85
:10C8EC005B005B080993169A179BFDF78BFF020000
:10C8FC000B0008980999FBF79FFD002808D1129AA4
:10C90C00139B08980999FBF797FD002800D104E1C7
:10C91C000898099932003B00FBF78EFD002800D1E6
:10C92C00FBE00E980F990A9B01330A93149A159BFE
:10C93C00FCF768FF0E900F91189B0134A342B4DCF6
:10C94C00314B1B78002B02D00022304B1A600A9B13
:10C95C00002B00DC52E61800FEF7A2FE02000B00D2
:10C96C000E980F99FDF714FB0090019146E61A23DF
:10C97C0018936FE6013BDB002CA9C9182CAB9B1854
:10C98C001A685B6808684968FCF73CFF00220E4B8C
:10C99C00FDF738FF0090019194E61A6801321A6095
:10C9AC0001220D4B1A70BEE61A6801321A60012280
:10C9BC00064B1A70DBE6C046786200201D17010892
:10C9CC000000002000002E400000E03FB0030020DB
:10C9DC00B40300200000E0BFB103002000001840A9
:10C9EC00D2030020D303002010000020D00300202D
:10C9FC0059630020D8010020333333333333C33F22
:10CA0C009A9999999999C93F01040020FC03002037
:10CA1C0000236B4C0025402200211CA80693079490
:10CA2C000AF070FD674B1CAC0E932B000E9AC833AA
:10CA3C009B181A685B680A920B930A980B99009AD8
:10CA4C00019BFEF7C5F94B005B080D930C9006009B
:10CA5C000F000C980D9900225B4BFBF701FD002891
:10CA6C0031D0009A019B22606360083D2B00083492
:10CA7C004033DAD10123082200211CA8FFF766FA03
:10CA8C00524B06000F000A930020069A079B4E4952
:10CA9C00FEF79EF9049A059BFDF7B4FE32000400E4
:10CAAC000D00069807993B00FDF7ACFE0B00020049
:10CABC0029002000FCF7A6FE0A9B1860596088E646
:10CACC00434B444CA6E7424A30003900424BFBF73B
:10CADC00C7FC3F4A002807D0009801993E4BFCF751
:10CAEC0091FE20606160C0E7300039003B4BFBF7E2
:10CAFC00A3FC002802D10A9A0B9BB4E7344A364BAC
:10CB0C0000980199FEF764F9EBE7354E354F129614
:10CB1C001397B0E600232C4CB7E61A9BA34200D027
:10CB2C000AE7314A1578002D00D105E72F490B880B
:10CB3C0064339BB20B80002313702D4A13700122B7
:10CB4C002C4B1A702C4B00221B78002B13D1029803
:10CB5C0003990023FBF770FC002819D0274A1368AF
:10CB6C0001331360254B1B68012B00DCE4E601222A
:10CB7C00234B1A70E0E6002302980399FBF770FC34
:10CB8C00051EEBD101221D4B1A601B4B1D70D3E609
:10CB9C000022029803990023FBF762FC0028F1D1D4
:10CBAC00E0E7069A002A00D172E563E50C9B002BA6
:10CBBC0000D138E623E60C9B002B00D1BCE67BE6CB
:10CBCC000000E03FE00200200000F03F00000020E9
:10CBDC009A9999999999C93F9999B93F9999B9BFD6
:10CBEC00333333333333D33F010400207E670020CB
:10CBFC0000040020D003002020000020FC030020B3
:10CC0C00FA030020F0B5002201260400094F0A485F
:10CC1C008A4200DBF0BD0825A35C5840030033407A
:10CC2C005B423B4040085840013D80B2002DF5D19D
:10CC3C000132EDE701A0FFFFFFFF00000122024BD4
:10CC4C001A8000225A807047E203002070B5084C0D
:10CC5C00050023780E00002B01D1FFF7EFFF310008
:10CC6C002800FFF7CFFF01236080A080637070BDA8
:10CC7C00E203002010B5FFF7E9FF014B187910BD56
:10CC8C00E20300200020034B5A78824200D05879EE
:10CC9C007047C046E203002070B504000D0000226E
:10CCAC006168006802F08CF829000122032002F070
:10CCBC006DFB03CC012202F083F870BD7FB56B468F
:10CCCC0000915A6019000200050011C911C201221D
:10CCDC000098596802F074F80126282303AC280048
:10CCEC0021002380A670FFF7D7FF382328002100EE
:10CCFC002380A670FFF7D0FF02232800F61821002E
:10CD0C002380A670FFF7C8FF302328002100A670EF
:10CD1C002380FFF7C1FF7FBD07B590220B001202E5
:10CD2C00914200D91300182201A90A701A0A4A70FC
:10CD3C008B70FFF7B1FF07BD07B590220B001202F5
:10CD4C00914200D91300192201A90A701A0A4A70DB
:10CD5C008B70FFF7A1FF07BD00880B88C01A7047C6
:10CD6C00F0B51F0000250C0085B08B00060018588C
:10CD7C000A9B039218603D60039B9C4201DB0025DB
:10CD8C001BE0A3000293F3580193002D08D1191C4A
:10CD9C00FBF78CFB431E9841050001980134EBE72F
:10CDAC000199FBF797FB0028F7D0029B0A9AF3181E
:10CDBC00043B1B68013C3C601360280005B0F0BDCF
:10CDCC00F0B51F0085B08B00060018580A9B0C00AC
:10CDDC0018600023012503923B60039B9C4201DBFE
:10CDEC0000201EE0A3000293F3580193002D0AD0FB
:10CDFC00191CFBF76FFB431E9841012305005D4096
:10CE0C0001980134E9E70199FBF750FB0028F7D0B2
:10CE1C000120029B0A9AF318043B1B68013C3C60FE
:10CE2C00136005B0F0BDF0B50C000600002785B00E
:10CE3C0003938B001958930001921B580A9A019D79
:10CE4C001360013C019B9C4207DD002F0DD0631B3E
:10CE5C00DA179B185340052B07DD039B0A9A1D60BC
:10CE6C00AD00AB59136005B0F0BDA300F358181C0E
:10CE7C000293FBF72FFB002806D0002F01D1651C75
:10CE8C0001370299013CDDE70700FAE7F0B50C0029
:10CE9C000600002785B003938B001958930001926C
:10CEAC001B580A9A019D13600134019B9C4207DABE
:10CEBC00002F0DD0631BDA179B185340052B07DD91
:10CECC00039B0A9A1D60AD00AB59136005B0F0BD11
:10CEDC00A300F358181C0293FBF7FCFA002806D0A9
:10CEEC00002F01D1651E013702990134DDE70700DF
:10CEFC00FAE7000070B50D0004000222044B0AF0A2
:10CF0C0085F8E90F491949108900085980B270BD9C
:10CF1C0065CD0008F0B50D0000241F4B85B00293C1
:10CF2C001E4B21310190203D00910393009B9D42AB
:10CF3C000BD11B49201CFBF723FEFEF703FC0BF067
:10CF4C00EDF9FEF747FC05B0F0BD029A6B00D05A24
:10CF5C00039AD35AC01AC317C0185840FCF7BCFB2D
:10CF6C00019AAB00D158FCF733F9FEF7EBFB02004A
:10CF7C000B00FDF747FC0600201C0F00FEF7E2FB40
:10CF8C0002000B0030003900FCF73CFCFEF722FCE1
:10CF9C000135041CCAE7C04684570020944C00207D
:10CFAC0000008242F0B5002689B000AF3A61013A28
:10CFBC003B60D30F9B185B10B8607960BB613B681A
:10CFCC009E4202DBBD4609B0F0BD6B46BC69FB60FE
:10CFDC003B69FB61A64203DA340073000133FB6149
:10CFEC006A460025FB69341B9B000733DB08DB001A
:10CFFC00D31A9D467B61BB68A4001C19FB69AB422C
:10D00C000CDC19007869FFF775FFFCF7B5FB7B6842
:10D01C00B4001851FB6801369D46D0E701CCFCF7F3
:10D02C003BFB7B69AA0098500135E7E7F0B500247B
:10D03C0089B00492013A0593D30F9B185B100393AC
:10D04C00059B069007915E1E059B9C4201DB09B077
:10D05C00F0BD039B9C421ADA230065000135069A49
:10D06C00E31A9B00D7180023029300230193029B21
:10D07C009D4216DC2800FCF72FFB011C0198FBF7E6
:10D08C007FFD079BA700D8510134013EDCE7039AD2
:10D09C003300964202DA75000135E0E7039B049DEC
:10D0AC00DDE7019802CFFBF779FB029B019001337E
:10D0BC000293DCE7F8B504000D000020012917DD10
:10D0CC0000268F00231FFF1821686068FCF780F88A
:10D0DC0041004908301CFBF761FB0434061CA742D5
:10D0EC00F2D1681EFCF7F8FA011C301CFBF748FD66
:10D0FC00F8BD0000F7B5104B00251B680F4E0193CF
:10D10C0001230F4F5B420093019BAB4201DC009863
:10D11C00FEBDF16BB06BFBF701FF041C011C381C4E
:10D12C00FBF7C4F9002804D13C1C01352836271C18
:10D13C00EAE70095F9E7C046E80300200404002064
:10D14C00000080BFF0B5184B85B01B680025039319
:10D15C00164B174F5C681B68009301940123154E06
:10D16C005B420293039BAB4202DC029805B0F0BD1C
:10D17C00F86CFEF7E7FA009A019BFDF729FEFEF723
:10D18C0053FAC317C0185840FCF7A6FA041C011C2C
:10D19C00301CFBF79FF9002804D1341C01352837CB
:10D1AC00261CDFE70295F9E7E8030020C80A0020F7
:10D1BC000404002000FEFF46F7B50E4B00241B684C
:10D1CC000D4E019301230D4D5B420093019BA34235
:10D1DC0001DC0098FEBD376C281C391CFBF77AF972
:10D1EC00002804D12F1C013428363D1CEEE7009496
:10D1FC00F9E7C046E80300200404002000FEFF46C7
:10D20C00F0B59FB0119324AB1B880024099325AB78
:10D21C001B78109213930023DC221A931B931C93FC
:10D22C001D93D14B03900D91D048210052001C60EE
:10D23C0016941794189419940AF064F9CC4B1C703A
:10D24C00CC4B1B78A34220D0322319930023069396
:10D25C0000230B930893012300260F93C24D2C68D7
:10D26C00092C60DC099A13981AAB00931999323A7D
:10D27C0016AB00280FD00398FFF772FD0790002C17
:10D28C0020D0079B002B22D14DE0BB4B1B78002BF1
:10D29C00DCD01423D9E70398FFF792FD0123169AEB
:10D2AC002B60B64B9200D3580D9A1A98136000223B
:10D2BC00109B1A60FBF770F9119B18800D9B186876
:10D2CC001FB0F0BDAB4B079A1B78002A29D0AA4B94
:10D2DC00169E1B78002B00D060E11CAB01223100A4
:10D2EC000398009318ABFFF79EFD099B31005A1E63
:10D2FC001DAB0398009319ABFFF7C8FD1A98FBF709
:10D30C004BF983B218000693FCF7E6F91C99041C40
:10D31C00FBF75EFF1D990890201CFBF759FF0B9043
:10D32C0051E0002B30D1904B904D1E68002E00DD4B
:10D33C0070E100D0B5E1099C904B013CEC60A4007D
:10D34C001A68E3582A61AB61039B6A6118682E6006
:10D35C00AE60FBF721F9039B80B2A883E883E05809
:10D36C00FBF71AF92884864B0D9A1E602B69136003
:10D37C00A88CFCF701FA109B119A1860AB8B30004B
:10D38C001380FCF7F9F99BE77E4B1B78002B00D13F
:10D39C00DCE07D4B794D1A685B6804920593099B20
:10D3AC009C4210DAA300E858FEF7CCF9049A059BCE
:10D3BC00FBF742F8002800D1D3E023001694323B4F
:10D3CC003234189319946B4B1F78002F00D014E152
:10D3DC000F9B002B50D0189B199D0493049A169BFD
:10D3EC009A1A642A02DD1A00643A0492EA1A642A30
:10D3FC0001DD64331D00049BEB1A581C80000A935A
:10D40C0009F098FC0700049B039A9B009B58049C12
:10D41C000E93AB009B580C9012935C4B1593A5424A
:10D42C0000DBCBE01BAB009300210A9A0C9817ABE6
:10D43C00FFF796FC071E1CD01B98FBF7ADF883B2C8
:10D44C0018000693FCF748F90E99FBF7C1FE002172
:10D45C00179E051CFBF748F8002800D0CBE0089D70
:10D46C00079B002B02D10122414B1A70049B08959B
:10D47C00F6180C9809F068FC3F4B1B78002B0CD06D
:10D48C00434B1B78002B00D1BBE03C4B4149B20015
:10D49C00D058FBF729F8002817D018990020731AD8
:10D4AC00DA179B185340052B0FDD199BF21AD41772
:10D4BC0012196240052A08DD5B1ADA179B185340D3
:10D4CC000122142B00DC02001000274B1B68049374
:10D4DC00002F03D1079B002B00D124E7002830D06C
:10D4EC002824049B30005F1C23007B430A93FCF729
:10D4FC00F3F81E4D0A9BE850049B18985C43FCF70C
:10D50C00EBF82C19E0621998FCF7E6F82063069802
:10D51C00FCF732F9089B3100A3630B9B6063039803
:10D52C00E363FFF7F7FCFE239B0520646364169806
:10D53C00FCF7D2F8114BB200D358A064E3640A4B49
:10D54C001F60079B002B00D088E6ECE6124B1B7883
:10D55C00002B00D01DE701F0D8F8002800D1E2E63E
:10D56C0017E701341BE7C046E80300200404002041
:10D57C00EC0300205A630020D9010020F40A00209B
:10D58C0068670020C765002028020020D4200020F6
:10D59C00D801002000801844D3650020424B1B7832
:10D5AC00002B00D199E6414BB200D058FCF774F82F
:10D5BC00C3173F4CC018584020608EE6049BE01AFD
:10D5CC00FCF78AF8129914900E98FBF701FE011CD7
:10D5DC001498FBF7A3FC14900A98FCF77DF8011C37
:10D5EC001498FBF7CDFA159AA300D158FBF7D6F88F
:10D5FC00013401C713E70B9532E700231F000F938B
:10D60C003AE7294B1B78002B00D146E7274B2949D9
:10D61C00B2003DE7284B1B78002B3AD0274B1B78E8
:10D62C00002B33D0FFF78EFD0400254B1B78002B0D
:10D63C0008D0002C06DA234B1C78002C2CD0FFF7DA
:10D64C0081FD040028273E006643AE19706BFAF783
:10D65C00A3FF01346743A883E859FCF71DF8134C6A
:10D66C0080000359B06B2B61FAF796FF6884F06B5E
:10D67C00FAF792FFA884B06CFCF70EF88000005902
:10D68C00FCF70AF8C317C6185E406CE6FFF794FD6A
:10D69C00CAE701246442C8E7022ED3D0FFF72AFD63
:10D6AC00CFE701246442CDE759630020F40A00203F
:10D6BC00686700200000FA43D9010020D2650020E1
:10D6CC005A630020D36500200023F0B58BB009937A
:10D6DC00BB4B0490069105939B88059AB94C13801B
:10D6EC005380B94D6388010028002380FFF7E2FCCA
:10D6FC0021220026B54B1860B54B1A60049BB3422F
:10D70C0000DDBAE0B34F212239002800FFF78EFC70
:10D71C000026049BB34200DDB8E00026049BB34214
:10D72C0000DDBEE0AB4E280021223100FFF77EFC6D
:10D73C000025049BAB4200DDBDE00026A24D049BFE
:10D74C00B34200DDC1E0059B20881B88C01AC317BB
:10D75C00C0185840FBF7C0FF059B286060885B88A9
:10D76C00C01AC317C0185840FBF7B6FF994E9A4A17
:10D77C003100049B126868602800FFF713FC4122FB
:10D78C0029003000049BFFF751FC2122904C049B94
:10D79C00310028002260FFF749FC904B1A780023D7
:10D7AC009A4203D08E4B1A78012353400122134026
:10D7BC000293049B01920093122304AA9B1830003D
:10D7CC00884909AAFFF71CFD874B1860834B1B780F
:10D7DC00002B00D0E0E0854B1E78824B002E00D150
:10D7EC00834B1868FDF7AEFF069B1864596481499A
:10D7FC008B8B0493069B049A6A331A80069B8A8C43
:10D80C007A331A80754B1B78002B00D16EE1C8233C
:10D81C00049C5B009C429B4177485B420370774BB6
:10D82C00187800280CD0002309271C004E8C744D4E
:10D83C00B7425C412C70734DBA4200D801332B7047
:10D84C00714B1B78002B00D1DBE1002309271C0056
:10D85C004E8C6B4DB7425C4197425B412C70694DCD
:10D86C002B70002800D119E1498C684B4F2902D943
:10D87C004F2A00D9D0E00122CFE07300E05AFBF729
:10D88C007BFFB700EF193860013637E77300E318F8
:10D89C000793B300F858FAF77FFE079B0136188000
:10D8AC0037E7059A7300D05AFBF766FFB700EF19FC
:10D8BC003860013632E7059B6F00DF19AB00F0587A
:10D8CC00FAF76AFE0135388033E7059A7300E05A9F
:10D8DC00D35AB700C01AC317C0185840FBF7FCFE48
:10D8EC00EF19386001362AE7079A6B00D05AFBF71C
:10D8FC0043FF4749FBF76CFCAF004000F7194008A9
:10D90C0038600135049BAB42EEDC324D22682900B5
:10D91C003000FFF78BFB01230193049B0024009341
:10D92C00122304AA9B1830003A49029409AAFFF763
:10D93C0067FC254F049BA34233DC254A29003800A1
:10D94C001268FFF773FB00230293049B01260093DC
:10D95C001223274C04AA9B1821002800019609AA1F
:10D96C00FFF74EFC23682B4D191C28680593FAF71A
:10D97C00B1FD002800D12EE7059B04AA2B600023E3
:10D98C000293049B21000093122338009B180196EC
:10D99C0009AAFFF735FC1EE70A4B00250A4E079330
:10D9AC00B0E7059A6300D05AFBF7E6FE1849FBF77F
:10D9BC000FFCA6004000BE19400830600134B9E7E6
:10D9CC0084570020944C0020B4360020606700205F
:10D9DC0018000020D42000201C0000205A630020D6
:10D9EC00BC0A0020706700206C670020D901002061
:10D9FC007867002004040020F903002059630020FC
:10DA0C00F8030020F7030020D8010020F6030020C3
:10DA1C0000FC7F467467002000221A707C4B7D4905
:10DA2C001A78012353407C4A0B701370C823049856
:10DA3C005B00984207D3794B1B78002B03D1784BB2
:10DA4C001B78002B44D000231370764B764C1A684D
:10DA5C00002A2CD1238875480A701B189BB223808E
:10DA6C000022734B1A70734A1278002A11D1724A31
:10DA7C001278002A0DD0714A1278002A09D1704A06
:10DA8C001278002A05D0674A1268002A01D00122B8
:10DA9C001A7000226B4B1A700BB0F0BD684B182E2D
:10DAAC0000D8E8E6182A00D8E5E61870B6E7664B09
:10DABC001B78002B07D000F0BBFE2388634A9B1811
:10DACC009BB22380CCE700F0B3FE2388604AF6E7D4
:10DADC005D4909780029C3D0137000F0A9FE524AA1
:10DAEC005A4913885B189BB21380B9E7002ED3D028
:10DAFC00FA20049C800084428041564D4042092704
:10DB0C00287018001C004D8C97425C41AF42584164
:10DB1C005149087051480470C72D03D9C720904251
:10DB2C005B41DEB24E4B1E70434B1B78002B05D075
:10DB3C004C4B1B6B022B01DC00230B700120FA25D4
:10DB4C00334B84461B78484C43400498474F237012
:10DB5C00AD00A84204D30D78002D01D1092A38D884
:10DB6C00394B314D1B78002B22D123702D4B1B6868
:10DB7C00002B05D12B882D4A9B189BB22B800EE0D5
:10DB8C002B88334A9B1801229BB22B80384B394D82
:10DB9C001A70394B1868FDF7D5FD286069600023B1
:10DBAC003B70FA23049A9B009A4200D274E71DE062
:10DBBC0001222F4B1A702F4B05932F4B1868FDF732
:10DBCC00C1FD059B2D4A18605960002323702B88DA
:10DBDC00D2E7002B19D06246254B264C1A70264BE7
:10DBEC001868FDF7AFFD206061603D70002E00D11C
:10DBFC0052E70C4B1B68002B00D14DE701233B7007
:10DC0C004AE7002800D02FE608E73B70EEE7C04655
:10DC1C00020400200104002000040020F80300206E
:10DC2C00F7030020E80300207E67002050C3FFFFAD
:10DC3C00F303002059630020D8010020F9030020D1
:10DC4C00F5030020F4030020EC030020204E00001C
:10DC5C0010270000F1030020F0030020EF03002048
:10DC6C00EE030020800A0020F2030020ED030020C8
:10DC7C00B1650020F801002070670020409CFFFF78
:10DC8C0010B50100662000F029FF10BD10B5010091
:10DC9C00622000F023FF10BD10B50100632000F0DE
:10DCAC001DFF10BD10B50100602000F017FF10BD66
:10DCBC0010B50100612000F011FF10BD10B501007E
:10DCCC00C02000F00BFF10BD10B50100672000F064
:10DCDC0005FF10BD10B501006B2000F0FFFE10BD5C
:10DCEC0037B50100682000F0F9FE0A4B01AD186849
:10DCFC005968FDF76FFD011C280005F0E0FF0024BA
:10DD0C0020006C30295D80B2013400F0E7FE042C59
:10DD1C00F6D137BDC003002000233B2909D81818C1
:10DD2C00C0B2182801D9182000210002081880B2AE
:10DD3C0070473C390133C9B2DBB2EEE710B5FFF7DF
:10DD4C00EBFF0400010AC9B2642000F0C7FE652095
:10DD5C00E1B200F0C3FE10BD10B5642000F0A0FECF
:10DD6C000400652000F09CFE01002000FFF7D4FFAA
:10DD7C0010BD10B5040001000C22C52000F0BCFE43
:10DD8C0021000C22D12000F0B7FE8A200C222100A9
:10DD9C00400000F0B1FE10BD70B50D4E0500747959
:10DDAC001022122C0ED0112C10D8013C2000203047
:10DDBC00032180B2013400F091FE122CF6D172795D
:10DDCC00023AD2B22900202000F0C6FE70BDC04637
:10DDDC00BC05002070B5050000242000203080B266
:10DDEC0000F05EFE032804D128550134102CF4D128
:10DDFC0013E02028F8D02D28F6D02E28F4D02F2888
:10DE0C0003D93928F0D94028EED810220321280054
:10DE1C0009F078FB2800FFF7BFFF70BD70B50D4E01
:10DE2C00050074791022122C0ED0112C10D8013C44
:10DE3C0020004030032180B2013400F04FFE122C40
:10DE4C00F6D17279023AD2B22900402000F084FE59
:10DE5C0070BDC046BC05002070B505000024200034
:10DE6C00403080B200F01CFE032804D12855013448
:10DE7C00102CF4D113E02028F8D02D28F6D02E2821
:10DE8C00F4D02F2803D93928F0D94028EED8102205
:10DE9C000321280009F036FB2800FFF77DFF70BD39
:10DEAC0010B50100E02000F019FE10BD0100932018
:10DEBC0010B5400000F012FE10BD932010B54000CC
:10DECC0000F0EEFDFF2803D1AA38FFF7EFFF552035
:10DEDC0010BD10B5E02000F0E3FDFF2803D1FD38A4
:10DEEC00FFF7DEFF022010BDF7B5F0248527114E99
:10DEFC006400BF0003CEFDF76DFC01AD011C2800D2
:10DF0C0005F0DDFE2000297800F0E8FD601C697842
:10DF1C0080B200F0E3FDA01CA97880B200F0DEFD19
:10DF2C00E01C0434E97880B2A4B200F0D7FDBC4206
:10DF3C00E0D1F7BD3865002073B5114E114C03CEFE
:10DF4C00FDF748FC01AD011C280005F0B8FE2000CF
:10DF5C00297800F0C3FD601C697880B200F0BEFD2A
:10DF6C00A01CA97880B200F0B9FDE01CE97880B261
:10DF7C0000F0B4FD0434044BA4B29C42DFD173BD59
:10DF8C00D0640020A3020000D702000073B5114E2C
:10DF9C00114C03CEFDF71EFC01AD011C280005F051
:10DFAC008EFE2000297800F099FD601C697880B203
:10DFBC0000F094FDA01CA97880B200F08FFDE01C4D
:10DFCC00E97880B200F08AFD0434044BA4B29C4280
:10DFDC00DFD173BD68640020D70200000B03000082
:10DFEC0073B5114E114C03CEFDF7F4FB01AD011CC2
:10DFFC00280005F064FE2000297800F06FFD601CFD
:10E00C00697880B200F06AFDA01CA97880B200F09B
:10E01C0065FDE01CE97880B200F060FD0434044B2F
:10E02C00A4B29C42DFD173BD006400200B0300003E
:10E03C003F03000073B5114E114C03CEFDF7CAFB24
:10E04C0001AD011C280005F03AFE2000297800F0F3
:10E05C0045FD601C697880B200F040FDA01CA978D9
:10E06C0080B200F03BFDE01CE97880B200F036FD98
:10E07C000434044BA4B29C42DFD173BD98630020DE
:10E08C003F0300007303000010B5002420002C3067
:10E09C00FF3080B200F004FD024B185501340D2CFA
:10E0AC00F4D110BDD403002010B500242000064B81
:10E0BC002C30195DFF30C9B280B2013400F00EFD76
:10E0CC000D2CF3D110BDC046D403002010B5002494
:10E0DC002000054BC130FF30195D80B2013400F0D7
:10E0EC00FDFC0D2CF4D110BD8563002010B500246F
:10E0FC00054B195D85239B00E01880B2013400F0BC
:10E10C00EDFC0D2CF4D110BD7863002070B500240B
:10E11C0025004135FF35ADB2280000F0C1FC431E8F
:10E12C00DBB2082B04D92800052100F0D7FC052010
:10E13C00024B185501340F2CEAD170BDA06500209C
:10E14C0010B500242000054B4130FF30195D80B222
:10E15C00013400F0C3FC0F2CF4D110BDA0650020DD
:10E16C000A4B37B518685968FDF734FB01AD011C33
:10E17C00280005F0A4FD00242000E830295D80B2C1
:10E18C00013400F0ABFC042CF6D137BD08000020A4
:10E19C000A4B37B518685968FDF71CFB01AD011C1B
:10E1AC00280005F08CFD00242000F630295D80B29B
:10E1BC00013400F093FC042CF6D137BDC8030020C9
:10E1CC000A4B37B518685968FDF704FB01AD011C03
:10E1DC00280005F074FD00242000E430295D80B295
:10E1EC00013400F07BFC042CF6D137BD000000207C
:10E1FC0073B51A4E1A4C03CEFDF7ECFA01AD011CA7
:10E20C00280005F05CFD2000297800F067FC601CFC
:10E21C00697880B200F062FCA01CA97880B200F092
:10E22C005DFCE01CE97880B200F058FC04340D4B26
:10E23C00A4B29C42DFD10C4BE320197800F04EFCC9
:10E24C000A4BE220197800F049FCFFF7B9FF922045
:10E25C00074B4000197800F041FC73BD7862002038
:10E26C003B020000A3020000D3030020D2030020D5
:10E27C00D10300200A4B37B518685968FDF7AAFA84
:10E28C0001AD011C280005F01AFD00242000EC3023
:10E29C00295D80B2013400F021FC042CF6D137BD8D
:10E2AC00300200200D4B37B518685968FDF792FA0B
:10E2BC0001AD011C280005F002FD00242000F03007
:10E2CC00295D80B2013400F009FC042CF6D1044B1A
:10E2DC00F4201978C9B200F001FC37BD28020020E7
:10E2EC00C76500200100262010B5FF3000F0F6FBBA
:10E2FC0010BD10B50100692000F0F0FB10BD00004E
:10E30C0010B50100014800F0E9FB10BD3902000016
:10E31C000100D12010B5400000F0E0FB10BD010061
:10E32C00D42010B5400000F0D9FB10BD0100AA208C
:10E33C0010B5FF3000F0D2FB10BD0100D72010B596
:10E34C00400000F0CBFB10BD0100D52010B5400003
:10E35C0000F0C4FB10BD0100A42010B5FF3000F08C
:10E36C00BDFB10BD0100AC2010B5FF3000F0B6FBBA
:10E37C0010BD0100D22010B5400000F0AFFB10BD65
:10E38C000100AE2010B5FF3000F0A8FB10BD01005D
:10E39C00D62010B5400000F0A1FB10BD10B5010C4B
:10E3AC000400A820C9B2FF3000F098FBD320210A4A
:10E3BC00C9B2400000F092FBA620E1B2FF3000F0A1
:10E3CC008DFB10BD002110B50800FFF7B7FC012034
:10E3DC00FFF768FC0120FFF76BFC0020FFF7DEFF66
:10E3EC0010BD10B5040000F0D3FBFFF7EBFF2100CC
:10E3FC000622012000F0B0FB21000622102000F0C4
:10E40C00ABFB06222100302000F0A6FB10BDF0B5BE
:10E41C00012500272C008FB006AB059001930293C9
:10E42C000395BEB2701C80B200F03AFB029B1870D0
:10E43C003000103080B200F033FB082206AB9B1882
:10E44C003036D8550490B0B200F02AFB029A0499E9
:10E45C0012780AABF854914253D1049A904207D0E7
:10E46C000024250004E00024049A03948242F8D18D
:10E47C00029A013701320292062FD2D106AA127AE1
:10E48C001B78134006AA1278FF2A0DD1FF3B5A4283
:10E49C005341DEB200230CA9002C02D1039A002AAE
:10E4AC000AD0019A12780DE00026FF2BF2D106A8B3
:10E4BC00FFF797FF3500EDE7002DF2D0082006AAF4
:10E4CC001218D25C5A54019A013301320192062B74
:10E4DC00E2D10023CA5C10003038092809D9062281
:10E4EC003021059809F00EF80598FFF77AFF0FB068
:10E4FC00F0BD0598C254002EF1D10133062BE9D1A1
:10E50C00F5E79042AFD1002215000392B0E701006D
:10E51C00282010B5FF3000F0E1FA10BD01002A20D0
:10E52C0010B5FF3000F0DAFA10BD0100952010B5DF
:10E53C00400000F0D3FA10BD10B50100014800F006
:10E54C00CDFA10BD3602000010B50100014800F0F4
:10E55C00C5FA10BD3702000070B50500002420007C
:10E56C00803080B200F09CFA28550134102CF6D182
:10E57C0070BD10B501001022802000F0EDFA10BD26
:10E58C00D02310B50C000100580000F0A7FAA2200F
:10E59C002100FF3000F0A2FA10BDF7B504001D00F9
:10E5AC000091019200F07CFA0600200000F078FA4D
:10E5BC0007003000BE4208D0200000F071FA8742FC
:10E5CC0003D0200000F06CFA3000019B984202D876
:10E5DC00009B984204D22000290000F07FFA28000A
:10E5EC00FEBD022310B51A0001216620FFF7D5FFEE
:10E5FC0010BD10B50723082201216220FFF7CDFFC3
:10E60C0010BD10B50023F0220A216320FFF7C5FFCF
:10E61C0010BD012310B5FF2219006020FFF7BDFFCC
:10E62C0010BD012310B5022219006120FFF7B5FFC0
:10E63C0010BD022310B51A000121C020FFF7ADFF59
:10E64C0010BD012310B5022219006720FFF7A5FFAA
:10E65C0010BD002310B5F02219006B20FFF79DFFB1
:10E66C0010BD000070B50024FF2585239B00E01829
:10E67C002A002B00012180B2FFF78FFF024B1855A7
:10E68C0001340D2CF1D170BD78630020012310B53D
:10E69C00022219006920FFF780FF10BD022310B57C
:10E6AC001A0001210148FFF778FF10BD3902000064
:10E6BC000123D12010B5022219009840FFF76DFFFD
:10E6CC0010BD0123D42010B5022219009840FFF789
:10E6DC0064FF10BD0123AA2010B502221900FF30DF
:10E6EC00FFF75BFF10BD0121D72010B50B23FE22D5
:10E6FC008840FFF752FF10BD0123D52010B5022230
:10E70C0019009840FFF749FF10BD0023A42010B555
:10E71C00FE221900FF30FFF740FF10BD0023AC2094
:10E72C0010B5FE221900FF30FFF737FF10BD002394
:10E73C00D22010B5FE2219004000FFF72EFF10BDAD
:10E74C000023AE2010B5FE221900FF30FFF725FF85
:10E75C0010BD0023D62010B50D2219004000FFF784
:10E76C001CFF10BD0023FF22A82010B51900801833
:10E77C00FFF713FF00230400D3201900FF224000F1
:10E78C00FFF70BFF240400020023FF222418A6200D
:10E79C0019008018FFF701FF001910BD0123262076
:10E7AC0010B502221900FF30FFF7F7FE10BD0F2342
:10E7BC002A2010B51A000E21FF30FFF7EEFE10BD17
:10E7CC000023952010B5FF2219004000FFF7E5FE4D
:10E7DC0010BD000010B50B230D2201210148FFF7DD
:10E7EC00DCFE10BD36020000012310B50D2219000D
:10E7FC000148FFF7D2FE10BD3702000037B5050007
:10E80C000024281980B200F04BF901AB18550134E3
:10E81C00042CF6D12100180005F040FA0198011CD7
:10E82C00F9F73EFE002801D10023019301983EBD6B
:10E83C00002370B5062219006820FFF7AEFE040015
:10E84C006C20FFF7DBFFFCF77DFF024D2860696051
:10E85C00200070BDC003002070B5F0248526074D44
:10E86C006400B6002000FFF7C9FFFCF76BFF04340F
:10E87C00A4B203C5B442F5D170BDC04638650020C2
:10E88C0070B5074D074C2000FFF7B8FFFCF75AFF97
:10E89C000434054BA4B203C59C42F4D170BDC046F0
:10E8AC00D0640020A3020000D702000070B5074D11
:10E8BC00074C2000FFF7A2FFFCF744FF0434054B84
:10E8CC00A4B203C59C42F4D170BDC046686400205C
:10E8DC00D70200000B03000070B5074D074C200059
:10E8EC00FFF78CFFFCF72EFF0434054BA4B203C5D5
:10E8FC009C42F4D170BDC046006400200B030000A4
:10E90C003F03000070B5074D074C2000FFF776FF62
:10E91C00FCF718FF0434054BA4B203C59C42F4D198
:10E92C0070BDC046986300203F03000073030000D5
:10E93C0010B5EC20FFF762FFFCF704FF10BD0000E0
:10E94C0070B5334D334C2000FFF758FFFCF7FAFE3F
:10E95C000434314BA4B203C59C42F4D100231900FA
:10E96C001A22E220FFF719FE2C4B0122187000230B
:10E97C00E3201900FFF711FE421E9041284B18703E
:10E98C00E420FFF73BFFFCF7DDFE264B18605960D7
:10E99C00254B18605960E820FFF730FFFCF7D2FEDA
:10E9AC00224C20606160F620FFF728FFFCF7CAFEBE
:10E9BC001F4C20606160F020FFF720FFFCF7C2FEC7
:10E9CC001C4B0122186059601B4B186059600023C6
:10E9DC00F4201900FFF7E1FD431E9841174BC0B21C
:10E9EC001870002301221900F520FFF7D6FD431EF5
:10E9FC009841134BC0B218700023922001221900C9
:10EA0C004000FFF7CAFD421E90410E4B187070BDBE
:10EA1C00786200203B020000A3020000D203002019
:10EA2C00D303002000000020D80A0020080000209A
:10EA3C00C803002028020020E00A0020C76500203F
:10EA4C00C5650020D103002037B502236A46134C5C
:10EA5C0040BA53705080117120680022616800F038
:10EA6C00AFF9062000F070FC20680122616800F00C
:10EA7C00A7F920680022616800F0A2F901256B4615
:10EA8C00585D013500F060FC052DF8D1206801229D
:10EA9C00616800F095F900F003FD37BD24000020FB
:10EAAC0070B505000C4C00222068616800F088F9F4
:10EABC00032000F049FC280A00F046FCE8B200F004
:10EACC0043FC00F095FC050001222068616800F011
:10EADC0077F9280070BDC0462400002070B50500F1
:10EAEC000C002800FFF7DCFFA04204D02100280016
:10EAFC00FFF7AAFFF5E770BDF8B505000F0016008B
:10EB0C00144C00222068616800F05AF9062000F0CD
:10EB1C001BFC20680122616800F052F90022206879
:10EB2C00616800F04DF9022000F00EFC280A00F09C
:10EB3C000BFCE8B200F008FC39003000002200F0B9
:10EB4C0025FC20680122616800F03AF900F0A8FC6D
:10EB5C00F8BDC04624000020F7B50D0016000527AF
:10EB6C000190320029000198FFF7C6FF0024A6424D
:10EB7C0000DCF7BD019B181980B2FFF791FF2B5DEC
:10EB8C00834201D10134F2E7013F002FE9D1F0E7D4
:10EB9C0030B589B02022FF216846802508F0B2FCF0
:10EBAC000024ED002000203420226946A4B2FFF797
:10EBBC00D3FFAC42F6D109B030BD0000604B10B5AC
:10EBCC0018680022596800F0FBF85E4B00221868A8
:10EBDC00596800F0F5F85C4B00221868596800F091
:10EBEC00EFF85A4B00221868596800F0E9F8584BB6
:10EBFC0000221868596800F0E3F8564B0022186898
:10EC0C00596800F0DDF8544B00221868596800F080
:10EC1C00D7F8524B00221868596800F0D1F8504BC5
:10EC2C0000221868596800F0CBF84E4B0022186887
:10EC3C00596800F0C5F84C4B00221868596800F070
:10EC4C00BFF84A4B00221868596800F0B9F8484BD5
:10EC5C0000221868596800F0B3F8464B0022186877
:10EC6C00596800F0ADF8444B00221868596800F060
:10EC7C00A7F8424B00221868596800F0A1F8404BE5
:10EC8C0000221868596800F09BF83E4B0022186867
:10EC9C00596800F095F83C4B00221868596800F050
:10ECAC008FF83A4B00221868596800F089F8384BF5
:10ECBC0000221868596800F083F8364B0022186857
:10ECCC00596800F07DF8344B01221868596800F03F
:10ECDC0077F8324B01221868596800F071F8304B04
:10ECEC0001221868596800F06BF82E4B0122186845
:10ECFC00596800F065F82C4B01221868596800F02F
:10ED0C005FF82A4B01221868596800F059F8284B13
:10ED1C0001221868596800F053F8264B0122186834
:10ED2C00596800F04DF8244B00221868596800F01F
:10ED3C0047F8224B01221868596800F041F810BDC1
:10ED4C00840000207C00002064000020740000205F
:10ED5C005C0000206C000020340100202C010020FD
:10ED6C00240100201C010020140100200C010020B3
:10ED7C0004010020FC000020F4000020EC00002026
:10ED8C00E4000020DC000020D4000020CC00002097
:10ED9C00C4000020BC000020340000202C00002007
:10EDAC0024000020B4000020AC0000209C000020B7
:10EDBC00A4000020540000204C00002094000020EF
:10EDCC0007B589B206F054F907BD07B589B206F04C
:10EDDC0049F9431E9841C0B20EBD000030B593B046
:10EDEC003822002104A808F08DFB1022002168466F
:10EDFC0008F088FB8020800006F0EAF906F0DEF9C6
:10EE0C001821194A0124D36D02258B43D3650523A0
:10EE1C00049380235B02059303230C9300230D932F
:10EE2C0008330E9380239B020F9380239B04109333
:10EE3C00802304A89B0506940B95119306F0F4F916
:10EE4C00002801D072B6FEE7072302900390210040
:10EE5C0068460093019506F04FFC002801D072B66D
:10EE6C00FEE713B030BDC04600100240F0B58FB0C5
:10EE7C0005F01AFEFFF7B2FF1422002109A808F0D2
:10EE8C0041FB04220126C74DC74C6B6B2100134379
:10EE9C006B636B6BC54813400493049B6B6B1C3208
:10EEAC0013436B636B6BC24F13400593059B6B6BEA
:10EEBC001E3A33436B636B6B33400693069B6B6B51
:10EECC0013436B636B6B13400793079B6B6B06329F
:10EEDC0013436B636B6B134008930022089B06F083
:10EEEC00C7F8A02039000022C00506F0C1F80022A6
:10EEFC00B049B14806F0BCF80022B049B04806F061
:10EF0C00B7F809940024A94809A90A960B940C9403
:10EF1C0005F0F6FFA020052309A9C00509930A9462
:10EF2C000B9405F0EDFFA02009A9C00509970A96DE
:10EF3C000B940C9405F0E4FFA0200323102709A9DF
:10EF4C00C0050A9309970B9405F0DAFF994B9A4880
:10EF5C0009A909930A960B940C9405F0D1FF974BD1
:10EF6C00974809A909930A960B940C9405F0C8FFCD
:10EF7C000822914809A909920A940B9405F0C0FF44
:10EF8C00AB6B21003343AB63AB6B220033400920E6
:10EF9C000393039B05F0C0FD092005F0E7FD894DA7
:10EFAC00894B28002B60894BAC606B60EE602C6148
:10EFBC006C61AC61EC612C6206F060F80100A0425F
:10EFCC0001D072B6FEE7280006F0AEF8011E01D0A3
:10EFDC0072B6FEE7280006F0CDF8031E01D072B61B
:10EFEC00FEE7E02507247A487A4AED004360836007
:10EFFC00036143618361036243628362036343631E
:10F00C000260C560C46206F0F5FD031E01D072B645
:10F01C00FEE77148714A836002608222036143619A
:10F02C000362436283620363082352004260FC3232
:10F03C00C5608261C761C462436306F0DBFD011EDB
:10F04C0001D072B6FEE7664C664B02002360962335
:10F05C009B0163600C23A060E06020616361A06190
:10F06C000300E06120626062A062200007F086FD70
:10F07C00011E01D072B6FEE7200007F0E7FD011E6D
:10F08C0001D072B6FEE7200007F000FE002801D088
:10F09C0072B6FEE7200007F0BBFD031E01D072B66E
:10F0AC00FEE7FF265048514A514F0260466083608C
:10F0BC00C7600361836106F077FF002801D072B648
:10F0CC00FEE74C484C4B466003600023C7608360EE
:10F0DC0003614361836106F067FF031E01D072B6C2
:10F0EC00FEE74648464A466002608360C76003619B
:10F0FC004361836106F058FF0190002801D072B67D
:10F10C00FEE70C22019909A808F0FCF93D4D3E4B95
:10F11C0028002B60019B6E60AB60EF60AB6106F06A
:10F12C0043FF002801D072B6FEE709900B9009A9A5
:10F13C00280006F063FF0190002801D072B6FEE7AC
:10F14C000C22019909A808F0DDF9304D304B28004C
:10F15C002B60019B6E60AB60EF60AB6106F024FF2F
:10F16C00002801D072B6FEE709900B9009A928007F
:10F17C0006F044FF031E01D072B6FEE72548264A6E
:10F18C00836002607F22C2608022D20506614361E7
:10F19C008361C3610262436206F0D6FC00283DD055
:10F1AC0072B6FEE700100240FF3F0000000800505E
:10F1BC002809000034FF0000000400506503000023
:10F1CC00000C00508009002000540040BB7C7000F3
:10F1DC00F0080020003001408C080020003800406E
:10F1EC007C06002000380140A807002000200040C9
:10F1FC00FFFF00005C0700200044014010070020C6
:10F20C0000480140F4070020001400404008002092
:10F21C00001000405409002000280040FFF7CEFCED
:10F22C0028222000194907F053FD0126184F3B787E
:10F23C00002B12D0174D2B78DCB2002B0DD10220F5
:10F24C002E7000F019FB144B3C701C70134B1C708F
:10F25C00134B1C70134B1C702C70134F3B78002BF2
:10F26C00E4D00C4D2B78DCB2002BDFD101202E70BA
:10F27C0000F002FB084B3C701C70084B1C70084BD8
:10F28C001C70084B1C702C70D0E7C046F805002091
:10F29C00936700208E6700208D6700208C6700200C
:10F2AC008A670020886700209467002070B50B4D9A
:10F2BC000B4C0A002100280008F0B9F9280028217D
:10F2CC0005F094FB21002822064807F001FD0421DB
:10F2DC00054B1A6813688B43136070BDD005002072
:10F2EC00F80500207C0600202006002007B56B46A0
:10F2FC00D91D087064230122014807F023FB07BDC8
:10F30C007C06002010B5044C0A0001006423200088
:10F31C0007F018FB10BDC0467C060020034B1A6892
:10F32C00402311680B4313607047C046F00800205F
:10F33C00022303498A681A42FCD0024B18707047AA
:10F34C00003001400C300140402210B501240C4B20
:10F35C001B681968914319601968A14319601968F1
:10F36C00196019680A431A600222064B9968114207
:10F37C00FCD0054A1070802299681142FCD110BD56
:10F38C008C080020003800400C380040F0B54024B8
:10F39C000126144B1B681D68A5431D601D68B543F1
:10F3AC001D601D68104E15431D601A68802514439E
:10F3BC001C60002202240D4B904208DC022299684A
:10F3CC001142FCD0802299681142FCD1F0BD9F689B
:10F3DC002742FCD09F682F42FCD18F5C01323770E2
:10F3EC00EAE7C0468C0800200C380040003800408A
:10F3FC00402210B501240F48036819689143196025
:10F40C001968A14319601968196019680A431A60D0
:10F41C0006F068FC0222084B99681142FCD00021CE
:10F42C00064A1170012299681142FCD0D868C0B20A
:10F43C0010BDC0468C080020003800400C3800403D
:10F44C00F8B5144F0400380016000D0006F04AFC05
:10F45C0040223B6819689143196001211868884360
:10F46C00186018683043186018680B4E02431A6015
:10F47C0002200023094A9C4200DCF8BD9768074231
:10F48C00FCD00027377097680F42FCD0D768EF5438
:10F49C000133F0E78C0800200C38004000380040A5
:10F4AC0070B50C4C002220686168FFF789FC0520C0
:10F4BC00FFF74AFF0125FFF79BFFFFF799FF284253
:10F4CC0005D1206801226168FFF77AFC70BDFFF757
:10F4DC008FFFF4E72400002010B5062807D10C4854
:10F4EC000222036852421A6106F010FC10BD072874
:10F4FC0001D10848F4E70E2801D10748F0E710289D
:10F50C0001D10648ECE71128F0D10548E8E7C046E0
:10F51C0040080020F4070020A80700205C0700200A
:10F52C001007002010B5062803D10A4806F022FC6B
:10F53C0010BD072801D10848F8E70E2801D107486B
:10F54C00F4E7102801D10648F0E71128F0D105485E
:10F55C00ECE7C04640080020F4070020A807002074
:10F56C005C07002010070020084B06280BD0084B26
:10F57C00072808D0074B0E2805D0074B102802D0BF
:10F58C00112802D1054B1B68D96270474008002036
:10F59C00F4070020A80700205C07002010070020BB
:10F5AC00084B06280BD0084B072808D0074B0E2811
:10F5BC0005D0074B102802D0112802D1054B1B682F
:10F5CC005962704740080020F4070020A80700206B
:10F5DC005C0700201007002062B6704772B67047B7
:10F5EC000E4B10B50400984207D103F0BDFB0C4B39
:10F5FC009C4207D103F0A2FA0FE00A4B984207D1C4
:10F60C0003F078FE084B9C4207D103F0C3FA04E0E8
:10F61C00064B9842EBD103F07BFE10BD4008002056
:10F62C005C070020F407002010070020A80700202A
:10F63C0072B6FEE7F7B51B4C1B4A230010685168E5
:10F64C00803318605960194B00251A685B680026D6
:10F65C000027226163610022154B01A826626762B4
:10F66C00A662E76226636763226463642580A563F0
:10F67C0004F06EF86B4622009B8848325BBA13800C
:10F68C0023006A331D8023007A331D8023008833C6
:10F69C001E605F6023007E3490331E605F602580A7
:10F6AC00F7BDC046D809002000000020080000204B
:10F6BC00E0FFEF40F8B50022334BFAF7A3F8002235
:10F6CC00324BFAF765FC04000D00314A314BFBF765
:10F6DC0099F822002B00FBF795F822002B00FBF782
:10F6EC0091F82D4A06000F00200029002B4BFBF748
:10F6FC0089F822002B00FBF785F802000B00300084
:10F70C003900FAF77FF8244A06000F002000290080
:10F71C00234BFBF777F802000B0030003900FAF7A7
:10F72C0071F8204A204BFBF753FB08F089FD0022AF
:10F73C001E4B04000D00F8F793FE002812D01C4B52
:10F74C001B78002B04D001221A4B1B4C1B4D1A703A
:10F75C001B4B1B78002B02D00122164B1A70290070
:10F76C002000F8BD002220002900164BF8F764FE9B
:10F77C000028F4D0124B1B78002BF0D001220D4B3B
:10F78C000D4C0E4D1A70EAE70000894000E09540E0
:10F79C00D7A3703D0AD581406666666666D29EC068
:10F7AC006672A140295C8FC2F5D8894000001E40CA
:10F7BC00D8010020646700208FC2F5285CFF5840F8
:10F7CC00596300200000F03FF8B50D0004000D4A0D
:10F7DC000D4BFBF717F82B002200FBF713F80B4A25
:10F7EC0006000F0020002900094BFBF70BF8020064
:10F7FC000B0030003900FAF705F8064A064BFAF709
:10F80C0001F8F8BD865AD3BCE3149DBF454772F985
:10F81C000FE9FE3F4A0C022B8716A93FF8B50F00E3
:10F82C0019000E4B06001B781000002B12D00C4C4C
:10F83C000C4D00220C4BFBF7CBFA2B002200FAF7F5
:10F84C00E1FF0022094BF9F7DDFF32003B00FAF72C
:10F85C00D9FFF8BD064C074DEBE7C04659630020B5
:10F86C009A9999999999993F000039400000F03F75
:10F87C007B14AE47E17A943F0023F0B5B1B0C94D8B
:10F88C00C94C08902F93012824D128702370FFF7BE
:10F89C004FF806000F00C54B1E605F60C44B1B7811
:10F8AC00002B23D000220023F8F7DAFD00281DD00E
:10F8BC00C04B002230003900F8F7BEFD01230028B0
:10F8CC000ED02B70002323700020BB4BBB4918605B
:10F8DC00596011E0089A022AD9D12B700123D5E77F
:10F8EC00287023700020B44BB549F0E72B78002B1F
:10F8FC00EAD12378002BF5D1FEF7D0FE022802D1F5
:10F90C000022B04B1A70FEF7C9FE012801D1AD4B95
:10F91C001870FEF7A7FEFEF78BFFFEF708FF189096
:10F92C00FEF76FFEA84B05931870FEF71BFF3221F4
:10F93C00F8F766FD002901D101F0B0FE0023012289
:10F94C001900F420FEF729FE431E984100239F4F17
:10F95C00C0B2190038700122F520FEF71EFE431EBE
:10F96C0098419B4EC0B23070FEF7ABFE012802D01E
:10F97C000022984B1A70FEF7D1FE1090022802DD7F
:10F98C000122954B1A70954B1A78002A00D1C0E0D1
:10F99C00059A12783B2A00D8BBE0914B01221A70D1
:10F9AC00904B1A70904B1A788E4B002A03D18C4ACC
:10F9BC001278002A01D001221A701B78002B05D076
:10F9CC002B78002B02D001227E4B1A70FEF794FE8E
:10F9DC00864923780860002B05D00122844B02282D
:10F9EC0000D0A1E01A707B4C7D4D2378002B09D000
:10F9FC002B78002B06D00020FEF7B4FC0022764BAF
:10FA0C0010921A702A787B4B002A00D192E07A4A25
:10FA1C007A491180704A1278002A01D001221A709A
:10FA2C000124774B1C60FCF781F93378D8B2002B9A
:10FA3C0003D1744B1C70FEF7A3FCFEF781FE724BD6
:10FA4C0018603378002B06D0FA216B4A8900138892
:10FA5C005B189BB213803B78002B04D0664A13884A
:10FA6C000A339BB21380634B1B78002B04D0624A81
:10FA7C00138864339BB213805A4B644C1B78DAB2F4
:10FA8C000C92002B00D1F0E0FEF7A4FE20780300CE
:10FA9C00083B5A1E93410822DBB20C93544B09903D
:10FAAC001B781292002B05D00321F8F739FB033099
:10FABC00C3B2099300230120227855499A4200DDF4
:10FACC00DBE002F06DFF534C08991CA801F08CFA96
:10FADC0048221CA9200007F0AAFDFEF782FD199010
:10FAEC00FEF72EFFFEF7B8FEFEF7CAFEFEF7DEFEAF
:10FAFC00FEF7F2FEFEF706FF474B1B78002B01D0FA
:10FB0C00FCF702FA414B01241A784449002344487B
:10FB1C00BBE01B78002B00D144E7059B1B78092B1D
:10FB2C0000D83FE7304B39E702201A700860FEF727
:10FB3C000BFC58E73B4A1278002A19D02A4A127853
:10FB4C00002A15D02C4A384911803278D4B2002AB8
:10FB5C0000D072E701251D70294B02321A603C70EF
:10FB6C00FEF7A0FBFCF7E2F8264B1D70200062E7C5
:10FB7C001A4A117800295BD02178002958D03278A4
:10FB8C00002A08D11C4A2949118001221A701C4BE9
:10FB9C001A601C4B1A7000243C70FEF783FBFCF7B8
:10FBAC00C5F8E3E759630020D8010020E80A0020DB
:10FBBC005863002000708740C80A002000D086409F
:10FBCC0000208C404C630020F10A0020C765002007
:10FBDC00C565002088670020F00A00208D67002092
:10FBEC008B6700208C6700208A670020DC010020D6
:10FBFC005C630020916700208067002010270000C4
:10FC0C003C020020C6650020D00A002041020020E2
:10FC1C00E1010020800A0020AF650020D403002001
:10FC2C006B63002089670020204E000030750000B7
:10FC3C001278002A00D100E72278002A00D0FCE6D6
:10FC4C003278D5B2002A00D0F7E601246C4A6D490F
:10FC5C0011801C706C4B1C603D70FEF723FBFCF795
:10FC6C0065F86A4B28001C70E5E6FEF73CFD0323A3
:10FC7C00434309930C9B12931CE7C85401331DE7B3
:10FC8C00CD5C022D00D9C45401339A42F8DC00F04B
:10FC9C0077FE03F07BFBFA20C00004F02BFF00235F
:10FCAC00119313930B93FFF7C5FC594C236B012B4A
:10FCBC003DD1584B1B78002B39D003F0F7FB0228B1
:10FCCC0035D1FEF7BEFC012831D103F0EFFB012842
:10FCDC002DD003F0EBFB012829D04F4823680422D8
:10FCEC000370030039331A704C4B00241A6803005C
:10FCFC0078331A800300FF227E331A70312503F00B
:10FD0C00C7FF03F0B3FF04F027F90022E30FA5426D
:10FD1C005341DBB2934201D0904203D1FCF706F879
:10FD2C0031B0F0BD0A2004F0E5FE0134EBE7A26926
:10FD3C00E369A06AE16AFAF72BF9FBF775FCAF22CD
:10FD4C00374B0021069012011800059307F0DAFBDF
:10FD5C00AF22344D00212800120107F0D3FBAF2253
:10FD6C00314E00215201300007F0CCFBAF220021B4
:10FD7C0052012E4807F0C6FBAF222D4F0021520135
:10FD8C00380007F0BFFB6B461B8B320029000D932C
:10FD9C00009305983B0003F0DDFA264B264D1A78AC
:10FDAC002B78134022003C3212781A420DD0353495
:10FDBC002378002B09D0214B1868596803F02EFBCF
:10FDCC00002301222B701E4B1A7000221D4B1A802F
:10FDDC0002F0EEFF0E4B9868D96802F047FF03F073
:10FDEC0041F802F0DFFF05900028FAD1164B1B7882
:10FDFC00DAB20A92002B29D103F0F4FE90E7C04648
:10FE0C0080670020409CFFFF3C020020C66500205C
:10FE1C00800A0020D9010020D80900208467002026
:10FE2C0084570020944C0020B4360020D4200020AD
:10FE3C00F40A00208F67002091670020C80A002078
:10FE4C00130A00207E67002040020020D54B059A43
:10FE5C00D5491A80D54AD64B966B176809785E70CF
:10FE6C00FBB2002905D0126C002A02D01B019B1892
:10FE7C00DBB2CF4CCF4A2370CF4BCC4D22626362A6
:10FE8C00286A696ACD4ACE4B22636363A262E3623D
:10FE9C002300883318605960AA6AEB6AFAF798FF56
:10FEAC00FBF7C2FBC317C0185840FBF7F9FBC54B57
:10FEBC0090341B7820606160002B37D05A2318AA2D
:10FECC009B1800223E351A802B780124934201D1D5
:10FEDC00BD4B1C78BD4B1B78002B12D0BC4B1B7838
:10FEEC00002B09D0B149BB4B002208694969F8F7CE
:10FEFC009DFA0023984206D0B74B1B78002B00D0FC
:10FF0C006AE2012323405A2418AAA41831003A00AB
:10FF1C0006980094FBF796FDB04B22881A80B04BE4
:10FF2C001B78002B00D063E201F02CF8A0490D984F
:10FF3C00FDF7CAFBA54B1B78002B09D09B4B1A6B0A
:10FF4C00012A00DD57E25A6BA64B1A4200D052E24E
:10FF5C000E9B0F9C069307949C4B1A789A4B1B781C
:10FF6C00002B00D168E2A049A04B09781B7800292E
:10FF7C0000D15FE29E4C8E49086C496C2060616038
:10FF8C00591E0B1C090600D5002398495BB20B7057
:10FF9C0098490B70984B1B78002B03D09749984BC2
:10FFAC00096819600021974B1B788B4208D1964841
:10FFBC007E4B0078884203D036331B785B42D9B233
:10FFCC00924B7B4C1970002A59D0854B774E1B787D
:10FFDC00002B54D18E4D089B286869680093069AB3
:10FFEC00079BFFF767FB20626162FFF7EDFB22695D
:04FFFC006369089F8E
:020000040801F1
:10000000206361630097FFF70FFC226963690E921A
:100010000F932A686B68A062E162206C616C0092A9
:1000200001930E9A0F9BFCF7F9F80B0002003100C8
:10003000A260E3603F310978002908D031003D31EA
:1000400009783068FCF792FA803420606160002102
:100050005A4D594CAA68EB680091216C2068FBF757
:1000600023FE099B6E4A013B09931378383501330F
:1000700013706C4B28701B78002B06D03D3423780E
:100080005A425341119AD318119301F061FB514B1D
:100090001B78002B09D0644B1B78002B05D0574BE5
:1000A000624A1068516818605960434C2068FBF739
:1000B00089FE5F4B1870002002F068FA0C9B002B41
:1000C00003D0119B129A934208D0099B002B00DDAC
:1000D000E1E136342378002B00D1DCE10122554BDD
:1000E0001A70FEF78BF8FEF741F8FEF757F8524BFF
:1000F0001B78002B00D1C7E1504B1B78002B00D19F
:10010000C1E04A4B1C685D684D4B20001A685B6873
:100110000E920F934B4B29001E685F680E9A0F9B3F
:10012000F9F776FB484B1A901B911A685B68300010
:100130003900F9F76DFB02000B001A981B99FAF7CA
:100140004DFE4B005B0815931490002214981599EE
:100150003E4BF8F777F9002812D132003B0020001F
:100160002900FAF73BFE4B005B081793169000221C
:1001700016981799354BF8F779F9002800D182E0E5
:100180000E9A0F9B254E30687168FAF727FE304AA9
:10019000304BFAF73DFB304F3A687B68F9F738FB94
:1001A0000E9A0F9B04000D003260736056E0C0464B
:1001B0007C6700205C630020800A0020D8090020B2
:1001C0008FC2F5285CFF58400E2DB29DEFFF5840BE
:1001D0008F670020D90100205A6300205963002056
:1001E00000004440D80100204A0A0020BC0A002038
:1001F000FF00FF00F2030020A4660020C80A0020D0
:10020000100A0020B50A00208467002068670020DB
:100210008C670020BE0A0020560A00203002002011
:10022000F20A002001040020B60A00202802002063
:10023000110A0020D1030020D3650020A066002011
:1002400018020020E00A0020E80A002000002440F4
:100250003BDF4F8D976E923F580A00203C607D60D7
:1002600000220023F8F7EEF8002807D10022200032
:100270002900954BF8F7FAF8002804D00020934B9A
:100280009349186059600122924B1A70924B1B7867
:10029000002B01D0FDF7F4FFFEF70AF88F4B1B7817
:1002A000002B0CD02C226B469B181878FEF775F8A3
:1002B0000B9B002B03DD8A4B0B9A1399D154894B6E
:1002C0001868C0B2FEF746F9874B1B78002B03D0A5
:1002D000FDF7F0FEFDF73AFF844B1B78062B00D0AC
:1002E000D5E0FEF718FA0130C0B2FEF73AF8FBF796
:1002F00023FD189B581CC0B2FEF741F80021FA20DC
:10030000FEF7F2FB7A4B1B78002B04D1109B581C94
:10031000C0B2FEF72DF8189B092B05D9012002F079
:1003200035F90020FEF72BF8FDF70CFEFDF734FE43
:10033000704B1868596801F0CDF96F4B186859680F
:1003400001F0DAF96D4B18680130FE2800DDFE205F
:100350001860C0B2FEF71AF8FEF70AFA0130FEF78D
:1003600023F8FF22664B1A70664B1B78002B08D0CF
:10037000654B1B78002B04D05A4B644A5B6C9BB2D4
:100380001380199B012B0BD10A9C614B02940D9C8D
:10039000604A0194604C61496148009403F036FA68
:1003A000604B1B78002B02D10A9B002B15D05E48B6
:1003B00003F074FC312403F05FFC03F0D3FD002252
:1003C000059B0599DB0F8C425341DBB2934201D070
:1003D00090426DD10A9B002B71D1069B079C0E9316
:1003E0000F9466E43F49514B00228868C968F8F7CA
:1003F00023F80023984200D089E58AE54C4B187019
:100400009AE54C4D287802F043F9474C2B78A061CF
:10041000022B12D102F04CFA06900791069A079B24
:10042000226163610699079A434B19605A60434BF6
:100430001B78002B00D191E594E502F07DF9EBE704
:100440000133A8E5002A00D1B2E53D4B254C1D78CB
:10045000002D00D0ACE53B4B1B78002B10D03A4B65
:1004600031492F95086C496C18605960374B1B78DF
:10047000002B00D19CE523680B93A36B139397E5A6
:100480002F9B01332F9393E5124A1370FEE6002051
:10049000FDF767FF2DE72B4B2FAA19782C4B187807
:1004A00001F00AFDFF222B4B1A7000230A9368E724
:1004B0000A2004F025FB059B013305937DE700F03E
:1004C0006BFAFFF733FCC04600002C40580A0020AE
:1004D00000002E40C7650020A26600208B67002028
:1004E0009F650020800A00208F670020110A0020ED
:1004F000F00A00202802002030020020D00A00204C
:10050000560A00205A630020D80100207C67002092
:10051000D4200020B4360020F40A0020944C00209F
:10052000845700203D010020D809002000003E40F3
:10053000E0010020DA01002008000020B40A0020B9
:10054000BC0A002001040020C80A0020000400208A
:10055000F2030020570A002001210A4B82B01A6CD6
:100560000A431A641A6C0A4080210092009ADA6BDE
:1005700049050A43DA63DB6B0B400193019B02B030
:100580007047C0460010024010B5040094B0142219
:10059000002102A806F0BCFF3422002107A806F0C3
:1005A000B7FF174B22689A4227D1202307A8079349
:1005B00005F066F9002801D0FFF740F80222114C3F
:1005C0001148636B02A913436363636B1340009389
:1005D000009BC0230293AE3B039300230493059337
:1005E0000633069304F092FC8022E36B92031343DC
:1005F000E363E36B13400193019B14B010BDC0464D
:1006000000540040001002400004005010B50400E7
:100610008EB03422002101A806F07AFF104B226828
:100620009A421BD180239B020193802301A85B0087
:100630000D9305F025F9002801D0FEF7FFFF802279
:10064000084B1202D96D0A438021DA65DA6BC900C2
:100650000A43DA63DB6B0B400093009B0EB010BDC6
:10066000002800400010024010B504008AB0142297
:10067000002105A806F04CFF23681F4A93421CD1B5
:1006800080211E4B49011A6CA0200A431A641A6C7F
:10069000C0050A4001210192019A5A6B0A435A632C
:1006A0005B6B0B400293029B154B05A9059302233C
:1006B000069304F02BFC0AB010BD124A9342FAD103
:1006C00080210E4BC901DA6B0F480A43DA63DA6BFB
:1006D0000A4008210392039A5A6B0A435A635B6BE0
:1006E0000B400493049B1A230593183B0693013B8C
:1006F000099305A9DDE7C046003001400010024023
:10070000C280000000380040000C00507FB5036834
:10071000324A934212D11021314B1120DA6B0A4335
:10072000DA63DB6B00220B4001930F39019B04F06D
:10073000F9F9112004F020FA07B000BD294A9342CC
:100740000FD12021264B1220DA6B0A43DA63DB6BD0
:1007500000220B4002931F39029B04F0E3F91220A0
:10076000E8E7214A934210D180211D4B09021A6CFF
:1007700013200A431A641B6C00220B4003930121CF
:10078000039B04F0CFF91320D4E7184A934210D109
:100790008021134B89021A6C15200A431A641B6CC2
:1007A00000220B4004930121049B04F0BBF91520A7
:1007B000C0E70F4A9342BFD18021094BC9021A6C8E
:1007C00016200A431A641B6C00220B40059301217A
:1007D000059B04F0A7F91620ACE7C04600100040C6
:1007E000001002400014004000200040004401407E
:1007F0000048014070B5060094B01422002102A800
:1008000006F086FE3422002107A806F081FE274B61
:1008100032689A4247D1012307A8079305F030F8C0
:10082000002801D0FEF70AFF8021214BC9011A6C74
:10083000A0200A431A641A6C00250A400092009A0C
:100840000122596BC005114359635B6B02A9134028
:100850000193019BB0235B01029302230495039350
:100860000595069204F052FB124C134B20002360B6
:10087000322363604E33A560E56023616561A56145
:10088000E561256204F0D8F9A84201D0FEF7D6FE52
:100890000022331D1B201100DC67A66204F042F920
:1008A0001B2004F069F914B070BDC0460038014047
:1008B000001002402006002008000240FEE7FEE78C
:1008C0007047704710B504F009F910BD10B5024823
:1008D00004F0C8FA10BDC0462006002010B502483A
:1008E00005F06CFA10BDC0464008002010B5024863
:1008F00005F064FA10BDC046F407002010B50248A8
:1009000005F05CFA10BDC046A807002010B50248EB
:1009100005F054FA10BDC0465C07002010B502482F
:1009200005F04CFA10BDC0461007002010B5024873
:1009300005F032FC10BDC0467C06002010B5034B0C
:10094000012218685968FEF741FA10BD84000020A2
:1009500010B5034B002218685968FEF737FA10BD2E
:100960008400002010B5034B012218685968FEF777
:100970002DFA10BD7C00002010B5034B0022186832
:100980005968FEF723FA10BD7C00002010B5FFF770
:10099000D5FFFFF7E7FF10BD10B5FFF7D9FFFFF751
:1009A000EBFF10BD10B5034B012218685968FEF724
:1009B0000DFA10BD6400002010B5034B002218682A
:1009C0005968FEF703FA10BDB400002010B5034BC0
:1009D000012218685968FEF7F9F910BDB40000202B
:1009E00010B5034B002218685968FEF7EFF910BDE7
:1009F000AC00002010B5034B012218685968FEF7BF
:100A0000E5F910BDAC00002010B5034B00221868BA
:100A10005968FEF7DBF910BDA400002010B5034BA8
:100A2000012218685968FEF7D1F910BDA400002012
:100A300010B5034B002218685968FEF7C7F910BDBE
:100A40009C00002010B5034B012218685968FEF77E
:100A5000BDF910BD9C00002010B5FFF7ADFFFFF7FA
:100A6000BFFFFFF7D1FFFFF7E3FF10BD10B5FFF7A2
:100A7000ADFFFFF7BFFFFFF7D1FFFFF7E3FF10BDAB
:100A8000304B10B5186800225968FEF79FF92E4BBD
:100A9000002218685968FEF799F92C4B0022186853
:100AA0005968FEF793F92A4B002218685968FEF737
:100AB0008DF9284B002218685968FEF787F9264BF4
:100AC000002218685968FEF781F9244B0022186843
:100AD0005968FEF77BF9224B002218685968FEF727
:100AE00075F9204B002218685968FEF76FF91E4B04
:100AF000002218685968FEF769F91C4B0022186833
:100B00005968FEF763F91A4B002218685968FEF716
:100B10005DF9184B002218685968FEF757F9164B13
:100B2000002218685968FEF751F9144B0022186822
:100B30005968FEF74BF9124B002218685968FEF706
:100B400045F910BD34010020BC000020D400002075
:100B50002C010020240100201C0100201401002091
:100B6000FC000020E4000020F4000020EC00002045
:100B7000DC00002004010020CC000020C400002084
:100B80000C01002010B5FFF77BFF074B012218680E
:100B90005968FEF71BF9054B012218685968FEF7E2
:100BA00015F9FFF7FFFE10BD4C0000205400002097
:100BB00010B5FFF765FF034B002218685968FEF770
:100BC00005F910BD4C000020304B10B5186800220C
:100BD0005968FEF7FBF82E4B012218685968FEF79A
:100BE000F5F82C4B012218685968FEF7EFF82A4BEC
:100BF000012218685968FEF7E9F8284B01221868A5
:100C00005968FEF7E3F8264B012218685968FEF789
:100C1000DDF8244B012218685968FEF7D7F8224BFB
:100C2000012218685968FEF7D1F8204B0122186894
:100C30005968FEF7CBF81E4B012218685968FEF779
:100C4000C5F81C4B012218685968FEF7BFF81A4B0B
:100C5000012218685968FEF7B9F8184B0122186884
:100C60005968FEF7B3F8164B012218685968FEF769
:100C7000ADF8144B002218685968FEF7A7F8124B1C
:100C8000002218685968FEF7A1F810BD3401002051
:100C9000BC000020D40000202C01002024010020F2
:100CA0001C01002014010020FC000020E4000020B2
:100CB000F4000020EC000020DC00002004010020F3
:100CC000CC000020C40000200C01002010B504005E
:100CD000002901D0FFF7D4FE601E0E280FD8F7F7C9
:100CE00011FA080F11131517191B1D1F2123252792
:100CF0002900114B186801225968FEF767F810BDEA
:100D00000E4BF7E70E4BF5E70E4BF3E70E4BF1E713
:100D10000E4BEFE70E4BEDE70E4BEBE70E4BE9E723
:100D20000E4BE7E70E4BE5E70E4BE3E70E4BE1E733
:100D30000E4BDFE70E4BDDE7BC000020D4000020A7
:100D4000140100202C010020E400002024010020D8
:100D5000F4000020EC0000201C010020DC0000203A
:100D6000FC00002004010020CC000020C400002072
:100D70000C010020F7B50190FFF782FE284B294AAD
:100D80001B780B270092002B04D1274B1B78002BDC
:100D900000D0177800242600244D009B1B78A34226
:100DA00000DCF7BDB742FCDD2A780134002A1CD0F4
:100DB0002000A34200DAE01A019B002B01D000239F
:100DC0002B7002381A4B0C2809D8F7F79BF907103B
:100DD000121416181A1C1E2022242600154B1868FF
:100DE00001225968FDF7F2FF01360135D5E7124BB4
:100DF000F5E7124BF3E7124BF1E7124BEFE7124B1B
:100E0000EDE7124BEBE7124BE9E7124BE7E7124B2A
:100E1000E5E7124BE3E7124BE1E7124BDFE7C04691
:100E20005963002041020020D8010020E101002088
:100E3000BC000020D4000020140100202C01002060
:100E4000E400002024010020F4000020EC00002039
:100E50001C010020DC000020FC0000200401002018
:100E6000CC000020C400002010B5FFF709FE034BA2
:100E7000012218685968FDF7A9FF10BD3401002050
:100E80000120704710B506F0ABFB1623036001206C
:100E9000404210BD10B506F0A3FB16230360FEE729
:100EA00070B50E0014000025A54201DB200070BDC6
:100EB00000E000BF70550135F6E770B50E00140074
:100EC0000025A54201DB200070BD705D00E000BF81
:100ED0000135F6E701204042704780239B01002046
:100EE0004B60704701207047002070470B490C4A47
:100EF0000300521A0B4910B50868002801D10A48AE
:100F000008600868C318934206D906F069FB0C23F1
:100F100003600120404210BD0B60FCE700040000AC
:100F200000900020486300205869002070470000AE
:100F300070B5FDF742FC0E4C0E4D20602B780F284B
:100F40000DD1002B01D10F2070BD0E20FDF7ECFA62
:100F50000E2323602B78002BF5D02068F4E70E28B1
:100F6000F8D1002BEFD00130FDF7DEFA0F23F0E7C8
:100F70000C020020C16500200F2802DD024B18780A
:100F80007047024BC05CFBE7E00100209F6500203A
:100F9000144A30B514680F2C23DC134B1D78002D38
:100FA00002D0092800DD0920104B1B78002B02D04D
:100FB0000923082802DC031E00DC01231100343160
:100FC0000978906B29400125082800DC002529427A
:100FD00004D0984202DD5168013151609363044AA4
:100FE000A35430BD800A00205A630020D90100209C
:100FF0009F65002070B50400FDF78EF8FDF74AF8F4
:10100000FDF7D2FB174B18491870184B1B78002BB3
:1010100004D1174B1B78002B04D01649482220001E
:1010200006F00BFB144B1B78002B09D0012213494F
:101030000A70032B04D918001040134200D1087025
:10104000FFF776FF0500FFF797FF01220C4B2560A5
:101050001A7000230B4AA06313702000236463649A
:1010600070BDC046DA0100209001002059630020C5
:10107000D801002048010020B0650020C165002093
:10108000D90100205A630020F0B58A4B87B01F7841
:101090000193FDF76DFB0B21F7F7B8F90123864D9E
:1010A00005916B540B0006330393019B1A78039B45
:1010B0009A4201DA9B1A03930121039B0291EB18D8
:1010C000013B197000237D499A4230DCFAF796FC07
:1010D00005F0FCFE00237A4E33647364794B1B7871
:1010E0000093002B31D0019B1A7833003C331B78DE
:1010F000002B27D133680133934200DD9B1A012274
:101100003360EB18013B1A706F4A136801331360A8
:10111000684B6D4C1A7823689A4206D10D22002143
:10112000280006F0F5F90023236007B0F0BDE85C65
:101130000133002802D1C85C002801D0013FC3E779
:101140000293C1E7614B1B68D9E7614B1B78002B09
:10115000DED0019A5C4C12785E480492009A2168B5
:101160000270002F3BDD012F07D1029B4A1C336028
:10117000EB18013B1F70226013E0022F30D10120D9
:10118000029B554F3360EB18013B18700B1823601E
:101190004948009B049A93420CDB494B1B6C002B83
:1011A00015D100200122464B4C4918615961494B29
:1011B0001A70ADE7C25C5E1C002A0ED1FA5C002AF0
:1011C0000BD13F4A0231166401222160C254002033
:1011D0003B4B4349186159619AE73300DAE70093C2
:1011E000049B049A023B501E8B4205D1059B344A56
:1011F000013313600200BEE7884204D1039A304BEA
:101200001A60049AB7E705F091FE019B1F78390038
:10121000F7F7FCF8284B5B5C002BF4D12E4B5B5CA2
:10122000002B02D0009B002BEDD04B1C3360012320
:101230006B54236801332360FB1A022B04DC244B1C
:101240001B78002BC3D0A8E705F070FE019B1F7828
:101250003900F7F7DBF8184B5B5C002BF4D11E4B21
:101260005B5C002B02D0009B002BEDD04B1C336449
:1012700001236B54236801332360FB1A022BDEDD4C
:1012800005F054FE019B1978F7F7C0F80A4B5B5C38
:10129000002BF5D1104B5B5C002B02D0009B002B88
:1012A000EED04B1C736401236B542368013323601D
:1012B000C5E7C046410200205E6300206A6300204B
:1012C000800A0020596300205463002050630020EE
:1012D000D80100205D6300206B630020000069409E
:1012E00000005440F7B5AA4C002123003E3319708A
:1012F000012323630223FF33A38623000D22363309
:10130000A4481970A1872164616406F001F9A24B19
:101310001D78002D00D17FE0A04B00221B78002B10
:1013200078D08023DB05A261E36100229C4BA260A0
:10133000E36000229B4B2261636100229A4BA26210
:10134000E36203236360994B00221E685F68984B39
:1013500030003900F7F78AF8002801D00026944FB2
:10136000944B1B780093002B02D0934B1E685F6850
:10137000002230003900914BF9F730FD904A914B33
:10138000F9F746FA02000B0000208F49F9F726FD15
:1013900000228E4B06000F00F7F768F8002801D0F6
:1013A00000268A4F8A4B266267621B78002B51D039
:1013B000009B002B47D1874B1A685B680092019312
:1013C000854A138801339BB21380002D3ED0834B96
:1013D00000221E685F68824B30003900F8F718FA67
:1013E000804BA062E1621A685B6830003900F8F750
:1013F0000FFA734A06000F0000980199714BF9F734
:1014000007FA02000B0030003900F9F7E7FC206210
:1014100061621FE0744B86E7744B1B78002B92D0FF
:1014200080230022DB05A261E3610022704BA260F1
:10143000E36000226F4B2261636100226E4BA26267
:10144000E36202237EE700220023B7E7674B1B78A5
:10145000002BBCD1694B1B78002B00D186E0002DFE
:1014600000D17BE0FDF77BF9002803D0644B1B78AB
:10147000002B06D0634B07221D78002362499D4252
:1014800063DC0122424B1860604BC254604A13680F
:101490000133136001215F4A3D4B117003225A60F2
:1014A00000223F331A705C4B394C1B78002B06D05E
:1014B00023003E331B78002B01D00123636020689A
:1014C000FFF75AFD226B6368A0639A4203D12300A1
:1014D000012236331A7023003C331B78002B14D1C1
:1014E0004E4B1B78002B10D04D49002208684968EC
:1014F0004C4BF6F7A7FF002807D0206A616A00224C
:10150000494BF8F785F92062616223003D331B786F
:10151000002B07D0206A616A0022434BF8F778F964
:1015200020626162206A616A0022284BF6F79EFF02
:10153000002803D00022254B2262636200223B4B2D
:101540001A703B4B01321A70F7BDCE5C5C1C9642A0
:1015500002DC2000CA5CD2B2230090E7234B1B7848
:10156000002B00D196E7FFF78FFD93E70223084C8D
:10157000FF33E387FDF73EF9224B01301B782060F3
:10158000984201DDC01A2060FFF77EFD8BE7C04660
:10159000800A00205E630020596300204C63002015
:1015A000000059400000444000908A403002002072
:1015B00000488C40A0660020E80A002000408540DA
:1015C0009A9999999999E93F0060834000808640F3
:1015D000C7650020C8650020806700201002002039
:1015E00000206C40280200200000F03FD8010020BD
:1015F00000003E400000544000E08540916700201C
:101600008867002041020020D40300205D63002091
:1016100054630020BD0A0020080200205B63002004
:10162000000000200000144000004940D9010020C3
:101630005A63002010B50D222821034805F068FFE9
:10164000FCF74AFD10BDC0468563002010B5682236
:101650000021034805F05CFFFCF79EFC10BDC0466E
:101660006864002010B5682422000021064805F0B7
:101670004FFF22000021054805F04AFFFCF7B6FCA9
:10168000FCF7DEFC10BDC04600640020986300201B
:1016900010B568220021034805F03AFFFCF752FC20
:1016A00010BDC046D064002010B50D22FF210348B4
:1016B00005F02EFFFCF720FD10BDC046786300202A
:1016C00010B50220FCF746FE0222014B1A6010BD45
:1016D000DC010020D0B506000F00054C6022054952
:1016E000200005F003FF26666766FCF77FFCD0BD8F
:1016F0000064002008640020D0B506000F00054CEF
:1017000060220549200005F0F1FE26666766FCF7B9
:1017100097FCD0BD98630020A0630020F8B50C684A
:101720004D68066847682B00220030003900F6F744
:1017300089FE03000120002B08D12B00220030007D
:101740003900F6F793FE431E98414042F8BD000071
:10175000F0B5BF4B8FB01B78002B00D1CBE0BD4A5A
:10176000BD4B116B18780139BC4BC9005B180028C0
:1017700000D12CE1BA490868496818605960130023
:1017800035331B78002B02D10121B64B19701300A1
:1017900036331B78002B00D1ADE053680024029350
:1017A000B14B00261B7800275A425341029A9B18DE
:1017B000043B1D000093A94B0893029B9D4200DA55
:1017C0000AE1AA4B002C00DCC9E1002220001A70BB
:1017D000F9F76CFF0490059102000B00300039000E
:1017E000F8F7DCFB002400250A900B91009E9B4F2C
:1017F000029B9E4200DA09E1049A059B2000290021
:10180000F8F7CCFB06F090FD002300260027049398
:1018100008900991914B0D93009B029A934200DA34
:1018200066E10498F9F742FF02000B00300039002E
:10183000F8F7B4FB00900191009A019B8C4C226058
:1018400063608C4B1D788C4B1B785BB2022B00DDE8
:10185000BCE10127894B1F70002D11D0884E894DA6
:101860003378002B00D198E1009801990022864B33
:10187000F6F7E8FD002800D18FE100232F703370C8
:10188000824B1B78002B36D020686168804B814DDD
:101890001A685B68F9F7A2FA7F4B286069601B68D9
:1018A00000210C2B01DC0D31C91A00230D227B48CD
:1018B000FAF752FB6E4C2668676832003B00F9F776
:1018C0008DFA00900191019B009A5B00100059086D
:1018D0000022734BF6F7CAFD00280CD00122714B91
:1018E0001A70714B1E605F60694B186859686F4BC6
:1018F000206061601A706E4B1B78002B00D12BE2C8
:101900006C4B544C1B78002B4FD16B4B1B78002B2E
:101910004BD06A4B1B78002B47D12268684B013AA9
:10192000D2009B181E685F68002200233000390037
:10193000F6F79CFD002838D0624B1B8818000093F6
:10194000F9F7B4FE0022029003915F4B300039009A
:10195000F8F75EFF02000B0002980399F6F772FD9C
:101960005A4D002807D0002230003900584BF6F7B6
:1019700087FD00280CD1009B042B00D94CE10022EC
:1019800030003900534BF6F77BFD002800D143E1CE
:1019900000222B6801332B60474B1A704E4B1A7094
:1019A0004E4A1388C8339BB21380484A1368042BED
:1019B00000DC33E101214A4B002019700023002193
:1019C0001360484B18605960FFF740FE26E1464817
:1019D000464918605960DAE6089AEB009B181A68C5
:1019E0005B6804920593049805993F4A3F4BF6F7CC
:1019F00029FD002808D0049A059B30003900F7F72C
:101A000007FF06000F0001340135D6E6F300DB19AD
:101A10001A685B680892099308980999324A334B0F
:101A2000F6F710FD002811D00A9A0B9B0898099927
:101A3000F9F7D4F902000B00F8F7EAFE02000B00F8
:101A400020002900F7F7E4FE04000D000136CFE680
:101A5000D9010020800A0020F2030020F865002050
:101A6000C80A0020D2650020C1650020380200208D
:101A70003002002058630020A4660020A2660020E7
:101A8000D80100205963002000708740C7650020FE
:101A9000E80A0020C8650020D00A002098630020D2
:101AA00000002440A066002018020020A16600204B
:101AB0005A630020BC0A0020010400208C6700202B
:101AC00068640020520A00200000D03FB465002066
:101AD0000000444000003440000400207E670020E5
:101AE000D1650020C80300200000C0FFFFFFDF41D8
:101AF000009B0D9ADB009B181C685D68C04A2000A3
:101B00002900C04BF6F79EFC002824D00A9A0B9BB4
:101B100020002900F9F762F94B005B080690079353
:101B2000069A079B08980999F6F7AAFC002807D19E
:101B3000069807990022B44BF6F784FC00280AD0D7
:101B4000049B300001333900049322002B00F7F787
:101B50005FFE06000F00009B013300935CE6AB4A7A
:101B600016685768AA4A1278002A04D000221A7010
:101B70000096019760E601241C70A64B1A685B680A
:101B8000009201930098019900220023F6F76EFC61
:101B90000028EDD0A04B1C704EE62B78002B00D116
:101BA0006EE60098019900229C4BF6F769FC00282C
:101BB00000D165E60023022001222B70984B327081
:101BC0001860984B1A70FCF7C5FB59E6964E3778AB
:101BD000002F00D1F6E00098019900228F4BF6F714
:101BE00031FC002810D08B4B1A685B68009201937F
:101BF000009801990022894BF6F742FC002803D097
:101C0000009A019B22606360002D00D0DDE0EEE0D1
:101C1000002F00D134E6EAE000232B60834B844D93
:101C20001B780093002B60D1824B834F1B78002BD5
:101C300004D1824B1B78002B00D193E0804B1B78A2
:101C4000002B04D17F4B1B78002B00D086E07E4B0D
:101C50001B78002B04D17D4B1B78002B00D17DE03D
:101C60007B497C4B086849681A685B68F9F7B6F8E5
:101C700002900391039B029A5B0059081000764B77
:101C80000022F6F7F3FB6B49744A00280CD0136866
:101C90007348013313600023037072480B7003888C
:101CA0009133FF339BB203801368032B56DD01236E
:101CB0000B70002111606C4A1370654B6B4A1868F9
:101CC0005968236B013BDB00FB18186059602368DF
:101CD000674C013BDB00D21810605160E418654B83
:101CE0001888F9F711FD206061602B0036331B78EE
:101CF000002B31D02B003D331B78002B03D04A4BF7
:101D00001B78002B5AD100246B6804935A4B1B7824
:101D1000A34201D1049B9C1E002500260027464BB0
:101D20000693049B9C422FDB002D47DD2800F9F72A
:101D3000BDFC02000B0030003900F8F72FF93D4BD5
:101D40001B78002B08D0009B002B05D10122414BB2
:101D500018605960444B1A700FB0F0BD354B1B78BA
:101D6000002BAAD100200021236B254A013BDB0078
:101D7000FF18244B3A607B6022683D4B013AD20049
:101D80009B1818605960B0E7069AE3009B181A6820
:101D90005B680292039302980399194A194BF6F76C
:101DA00051FB002808D0029A039B30003900F7F756
:101DB0002FFD06000F0001350134B2E7244B1868EF
:101DC0005968BCE7002D00D15AE52C4D2B78002B2B
:101DD00000D11DE7206861680022104BF6F750FB28
:101DE000002800D114E70123337000232B70244B0B
:101DF0001B78002B00D043E50122224B1A703FE5EF
:101E00000000C0FFFFFFDF4100002440F801002078
:101E1000B1650020E80A0020A1660020007087401C
:101E2000DC0100205C630020D8010020BC0A0020F7
:101E3000800A002001040020D8650020D003002083
:101E40008C670020D1030020C7650020D3650020E7
:101E5000C80A00202802002000004940B865002080
:101E6000000400207E670020B2650020D0640020BE
:101E700068640020520A00200802002059630020F4
:101E800038020020A26600200020094B10B51C7803
:101E9000084B844205D018780130C0B2FF2800D129
:101EA00002381870FCF747FB2000FCF736FB10BD2A
:101EB00038020020B0650020F0B57D4B7D4C1B78CA
:101EC00085B00E001700256B0093002B00D123E195
:101ED000A068E1680022784BF8F79AFCA269E369F0
:101EE000F7F796FCF6F776FB744B80B21880744BCC
:101EF000744A1B78744E032D1ED1002B0BD0802109
:101F00000020C905A061E16100207049A060E16086
:101F100000206F49087030781178002832D00029ED
:101F20005DD000206B49A062E16200220220A91E60
:101F300088425241D1B228E0002B21D0052D0CD18E
:101F40006549097849B20529E5D100206349644F04
:101F50002062616238607960DDE7042DDBD0062DF8
:101F600009D15D49097849B20629D4D100205D49DB
:101F700020616161CFE7032DCDDC0020544908705A
:101F8000012DC8DC11780029CFD1002B2DD1337859
:101F9000002B19D0002917D0A06AE16A0022524B09
:101FA000F8F736FC514B1A685B68F7F731FC4C4B7D
:101FB000206261621E685F6832003B00F6F756FAE5
:101FC000002801D026626762230036331B78002B7D
:101FD00012D0FFF759FFFFF785F905B0F0BD002BD0
:101FE000D5D00022424BA262E36200220223023DCE
:101FF000AB425241D1B2CAE7FEF79AFF20603D4B97
:102000001B78002B00D1A7E23B4B2A4D1B78002BFD
:1020100000D1A1E22B00012435331C7000232200E3
:102020001900FA202C63FCF7BEFA431E9841334A8C
:10203000334B1278C0B21870002A04D02A003E3206
:102040001178002912D11B780324002B0ED02B000D
:102050003C331B78002B09D02A4B1B78002B05D171
:10206000294B07341B78002B00D0073C2B6B6C608E
:10207000A34200DA6CE201221F4B1A700D4C20685B
:10208000FEF77AFF1B4BA0631B78002BA5D01F4BDC
:102090001B78002BA1D009289FD11D4B1868A06385
:1020A000FEF776FF1B4A13880A339BB2138094E72E
:1020B000D9010020800A0020000024407C67002015
:1020C000D801002059630020D265002000003E4066
:1020D000B165002000407F40A4660020005094407D
:1020E000F001002000C072400000E03FC80A00205C
:1020F00000E085405A630020B60A00200802002054
:10210000C46500208C670020F10A0020C365002010
:10211000000200207E670020C44B1B780393002B35
:1021200000D119E2C24B1B78002B00D102E1A26959
:10213000E369A068E168F7F76BFBF6F74BFABD4B74
:1021400080B218802300002234331A7023003C33FD
:102150001B78934200D100962368B74A013BD35CB9
:10216000DBB2019323003D331B78002B0BD0009B87
:10217000002B00D0E3E0230036331B78002B00D087
:10218000DDE0FEF781FFAD4B1B78002B00D0F3E0C4
:10219000009B002B14D0019B032B00D9F4E0A44B2F
:1021A0001B78002B00D1E1E0A549002208684968AE
:1021B000A44BF7F72DFBA062E16201229F4B1A703E
:1021C000A14CA24D2368042B09DC2B780293002B31
:1021D00005D1009B002B1DD0019B032B1AD8944BDB
:1021E0001B78002B00D1D4E09949954B08684968C9
:1021F0001A685B68F7F70CFB964E30627162002339
:10220000954A2B702360954B106C516C1860596087
:10221000039B0293924B1B78002B00D1EAE03B68B2
:10222000052B03DC8F4B1B78002B49D08E4B0022F3
:102230001C685D688D4B20002900F6F717F900280F
:1022400001D00024894D002220002900884BF8F796
:10225000C5FD884A884BF8F7DBFA02000B00002026
:102260008649F8F7BBFD0022854B04000D00F6F708
:10227000FDF8002801D00024814D6D4A754B12787D
:102280001C625D62002A00D189E000207D499862CD
:10229000D9620023734A3B6013707B4B674D1B78F8
:1022A000002B02D02B78002B0AD1784C2678F9F736
:1022B00043FD0023764A2B7013702670FBF7F8FF5E
:1022C000744B644C1B78002B71D0734B1B78002B24
:1022D0006DD08223236000230022236463640133D2
:1022E000A3876E4BA261E36100226D4B22616361A3
:1022F0006C4B584C1B78002B0ED06B4B1B78002B73
:102300000AD1029B002B07D0206A616A0022674B2A
:10231000F7F77EFA20626162206A616A0022584BF8
:10232000F6F7A4F8002800D169E60022544B226297
:10233000636264E6636C3F4A9BB2138002E723004A
:10234000012236331A70454B414A106851681860B3
:102350005960FCF74FFA564A564B12780130186014
:10236000904200DC0FE7801A18600CE7524B1B7894
:10237000002B00D018E720E7009B002B00D11FE7BF
:10238000019B032B00D81BE72F4A1368013313600E
:1023900016E7494B1B78002B00D025E72FE7464A6C
:1023A0001278002A00D174E7002044496FE7270023
:1023B00026003C373D783E36002D00D18CE0FEF7FC
:1023C00063FE00233B7001333370194B1B78002BE5
:1023D0001CD03B4B00221B78002B15D08023DB0543
:1023E000A261E3610022374BA260E36000222C4B24
:1023F00022616361274A344B12781B78002A71D01E
:10240000002B00D074E77EE0304BE9E72A4B1B78C5
:10241000002BEFD080230022DB05A261E3610022C4
:102420002B4BA260E36000222A4BE1E75A630020B5
:10243000596300207C670020D4030020D36500206E
:102440001002002000206C40BC650020FA03002030
:10245000C80A0020800A0020D80900202802002095
:10246000B60A0020D16500203002002000488C40D0
:10247000004085409A9999999999E93F0060834075
:102480000080864000908A408C670020D1030020A5
:10249000C7650020BD0A00209167002000000840A9
:1024A000000044408B670020F00A002000004940F3
:1024B0004102002050630020D801002000E0854048
:1024C0004C63002000005940BC0A00200000F03F8F
:1024D00000003E4000005440FEF7D6FD01233D348D
:1024E00033702570224A234B1278002A00D0FFE671
:1024F0001A0036321278002A02D1196B022925D12E
:1025000001223F331A701C4B1A4C1B78266A676AEB
:10251000002B00D1ECE61949002208684968184BE5
:10252000F5F790FF002800D1E2E6009B002B00D1D8
:10253000DEE6019B032B00D9DAE6002230003900E9
:10254000104BF7F765F920626162D1E63F33D9E7B6
:10255000002236352A7091E50021064B0A4A117097
:102560001A6B01321A635B689A4200DB83E585E5EA
:10257000BC0A0020800A00205B63002000000020CD
:102580000000144000004940B50A0020F0B50026C4
:1025900004003500394F9FB0F31904AA1868596830
:1025A000B3181860596000220023F5F745FF434235
:1025B000584108362D18682EEED1002D42DD082234
:1025C0002F4B0D2104A804F027FD6B10DA00ED0756
:1025D0003AD5130004AA9B181A685B68009201930D
:1025E0000099019A274B19605A60002C2AD00025C7
:1025F000224B254C0393039B0022EB181E685F6857
:10260000002330003900F5F717FF002814D1009897
:10261000019932003B00F8F7E1FB22686368F7F7A5
:10262000F7F806000F00F9F705F8C317C01858406F
:1026300014281EDC2660676008350834682DDAD15E
:10264000FBF758FC1FB0F0BD013B04A9DB005B1891
:10265000190013000868496804AA9B181A685B6887
:10266000F7F7D6F80022094BF8F7D2F8009001915D
:10267000B6E70022002322606360DDE7D06400201B
:102680001D17010820020020386500200000E03FEF
:10269000F0B585B00400FEF7E9F9FEF7E5FB0A2086
:1026A00002F02EFA022C1CD1FEF7D6F9FA20800097
:1026B00002F026FAF9F7ACF9002704001B4EFA21C4
:1026C00020008900F5F7BCFDBB1BD917184D194A2E
:1026D0005B184B4028801380FEF7D2F9200005B02C
:1026E000F0BDFA230024002500279B000F4E019324
:1026F000F9F784F9C31702900393029A039BA41875
:102700005D41864200DD0600874200DA0700019B3A
:10271000013B0193002BEBD1FA222000002329007A
:102720009200F5F7F1FE0400C9E7C046FFFFFF0085
:102730005A66002058660020F0B5012700253E00AB
:1027400097B003900C22574907A804F076FF0AAB14
:1027500001930097ACB22000C53080B2FCF7A6F917
:10276000019B18702000D13080B2FCF79FF9242221
:1027700004AB15349B18FF3458550290A0B2FCF7F7
:1027800095F9019A0299127810ABE854914200D061
:1027900081E0029A904207D00026370004E000262C
:1027A000029A00968242F8D1019A013501320192D3
:1027B0000C2DCFD1242104AA521812781B780AAD0F
:1027C00013402A7813ACFF2A06D0FF2B06D128002D
:1027D000FBF7D5FA002701E0FF2B55D0009B002B1B
:1027E00056D1002E54D1002F52D00DAB23CB23C491
:1027F0000398F8F75BFF00222B4BF8F7EFFA002263
:102800002A4BF7F7CBFB04000D00139B04A804939D
:10281000149B04210593159B069301F045FA05A826
:10282000042101F041FA06A8042101F03DFA22003A
:102830002B0020002900F7F7EBFF060004980F009B
:10284000F8F786FF02000B0030003900F7F7E0FFD1
:10285000060005980F00F8F77BFF22002B00F7F722
:10286000D7FF02000B0030003900F6F7D1FF04005B
:1028700006980D00F8F76CFF02000B0020002900FD
:10288000F6F7C6FF17B0F0BD07AD2800FBF777FAE3
:1028900007CD07C4ACE7904200D080E700221700C4
:1028A000009281E7488C010830C0594180F1FAC09C
:1028B000F8B505235B425843F8F7F8FE0022264B93
:1028C000F7F7A6FF0022254C254B20606160A2602F
:1028D000E36000228025234B2D0622616361A668F8
:1028E000E7682269636979193000F7F757FBA0613F
:1028F000E16120686168A269E369F7F74FFB206234
:102900006162194A206A616A184BF8F767FA184A37
:10291000184BF7F743FBA062E1620022A06AE16A6C
:10292000154BF7F73BFB05F0C9FC144A144BF6F7BF
:102930006FFF02000B0000201249F7F72FFB206306
:102940006163114A206B616B104BF8F747FAA06383
:10295000E163A06BE16BF8BD0000703E6066002093
:1029600000230E4160301F41FCA9F1D24D62E03FCF
:102970001AB5F2C8C588DF3E006AF840F86F702FBC
:10298000ADFA2B40004BB040666666666612714039
:1029900001220021044B1A705A709A709971D970F3
:1029A00019715A717047C046C066002070B5FFF7B4
:1029B000EFFF494B494C1B78002B00D189E0484B75
:1029C0001B78002B00D184E0032300250022238103
:1029D000444BA381444B6581E58125826582A582B4
:1029E000E58225836583A58322626362A262E36236
:1029F00000223E4B2263636300223D4BA263E363EC
:102A000000223C4B2264636400223B4BA264E364DB
:102A100000223A4B2265636500220023A265E3652C
:102A200022666366A266E3662267636723007833E3
:102A30001D8023007A331D8023007C331D802300FA
:102A400022007E331D8001238032137022008132E8
:102A50001370220082321570220083321370284ACC
:102A60001570284A1570284A1370284B1D70284B82
:102A70001D70284B1D60FBF7A9FE274B1870274BD4
:102A80001D70274B1D70274B1D70274B1D70274B4A
:102A90001D70274B1D70274B1D70274B1D70274B3A
:102AA0001D70230088331D6023008C331D602300BC
:102AB0009A3498331D802580FDF7D8FF204B21489C
:102AC00019685A68FAF700F9F8F77CFFFDF7D8FFA4
:102AD00070BD052379E7C0464C630020C066002026
:102AE0005963002024F4FFFF00F8914000E0854086
:102AF00000207C4000005440000044400000F03FB3
:102B0000A4660020A36600204002002090670020F9
:102B1000F20A002054630020B0650020D065002038
:102B2000B1650020D3650020D2650020C265002079
:102B3000C3650020A1660020A2660020A0660020D8
:102B400034000020A866002010B5144C6378002BD8
:102B500014D0FCF749FD1020FCF7EAFCE18A1020B4
:102B600089B2FCF707FD10200021FCF71FFDFCF7E0
:102B700039FD002310206370FCF7B4FCF8F758FF10
:102B800022002300001280B28432108088339A34ED
:102B90001968238812885B00CA5210BDC0660020E5
:102BA00070B5204CA378002B14D0FCF71DFD11202C
:102BB000FCF7BEFC218B112089B2FCF7DBFC112055
:102BC0000021FCF7F3FCFCF70DFD00231120A3709E
:102BD000FCF788FCF8F72CFF2300220025000012E8
:102BE000843380B218809A358C3211682A8818880C
:102BF000520088521888230088331A682B88903432
:102C00005B009B5A2668C01AC317C0185840F6F7D5
:102C100069FD2C88A40030512B8801339BB22B8096
:102C200070BDC046C066002010B5FCF7DDFC062074
:102C3000FCF758FCFCF7D6FC0122024B9A710022EB
:102C40005A8110BDC066002010B5FCF7CDFC0720EE
:102C5000FCF748FC0E20FCF745FC1020FCF742FC7A
:102C60001120FCF73FFCFCF7BDFC0122014BDA70A0
:102C700010BDC046C0660020F8B502000B00002061
:102C80001F49F7F78BF9F8F7D5FC0500F8F70EFDAB
:102C900002000B0006000F00F6F7BAFDF5F79AFCEC
:102CA000184C80B2E081E389A8B29BB22382E38909
:102CB0009BB26382ABB2A382E3899BB2E382E389D6
:102CC0009BB22383F8F7F2FC0F4A104BF7F7A0FDF5
:102CD000F5F780FC0C4A0D4B85B239003000F7F750
:102CE00097FDF5F777FC80B2F8F7E0FC32003B0087
:102CF000F6F78EFDF5F76EFC80B26583A083F8BD14
:102D00008084EE40C06600205C8FC2F5285CEF3FF7
:102D100010B5174CE378002B01D1FFF795FFFCF7B6
:102D200063FC218A072089B2FCF724FCA18A0E20CB
:102D300089B2FCF71FFC618B102089B2FCF71AFCEA
:102D4000A18B112089B2FCF715FC00210720FCF7AC
:102D50002DFC00210E20FCF729FC00211020FCF79F
:102D600025FC00211120FCF721FCFCF73BFC10BDE9
:102D7000C066002010B50C4C638901339BB263819F
:102D8000628923899A4203D2084B1B78002B0AD10F
:102D9000FCF72AFC0620FCF7CBFBFCF723FC002306
:102DA000A371FFF7B5FF10BDC066002040020020F0
:102DB000014B1879C0B27047C066002010B5154BA2
:102DC000154C186A596A20626162986AD96A206350
:102DD0006163186959699A69DB69206461642265D5
:102DE0006365206A616A226B636BF7F7F7FFA06384
:102DF000E163206A616A226D636DF6F709FDA062E6
:102E0000E1620022206C616C044BF7F701FDA064C5
:102E1000E16410BD800A0020C06600200000E03F91
:102E200010B5104C10492300783308881A88904256
:102E300007D01A880D4892B20A80198889B2F9F72A
:102E400071FF22007A347E3211882388994207D09C
:102E5000238806489BB21380218889B2F9F772FF54
:102E600010BDC046C06600203C670020A866002058
:102E70000022F8B5644B654C1A8023007A331A801F
:102E8000FFF7CEFFFDF78EFD614B624D1F78624E5E
:102E9000002F2BD02B0036331878FDF76BFF3378DB
:102EA000002B4DD0A26AE36AA265E3650022A06D03
:102EB000E16D5A4BF7F7ACFCF5F78CFB230080B2C1
:102EC00078331880002200232266636623000022E4
:102ED0007A331A80FFF7A4FFA86B09284ED8F5F7BC
:102EE00011F94B62676C71767B8289904C4B1B7831
:102EF000002B13D028680121C0B2FDF7E7FE286C33
:102F0000002803D03900C0B2FDF7E0FE686C00284D
:102F1000C5D00021C0B2FDF7D9FEC0E73378002B41
:102F2000D8D0404B1F78002F06D101210F20FDF78C
:102F3000CDFE39000E20EEE728680121C0B2EAE795
:102F4000374A1278002AC5D0002000212200A0654F
:102F5000E16578321380A26AE36A226663662F4BCA
:102F60000022206E616EF7F753FCF5F733FB230068
:102F700080B27A331880ADE7FDF778FDA379002B96
:102F800001D1FFF751FEFCF72FFBA189062089B282
:102F9000FCF7F0FA00210620FCF708FBFCF722FB07
:102FA00001232371F8BDFDF761FDFDF705FDE5E7A0
:102FB000FDF75CFDFDF714FDE0E7FDF757FDFDF7BC
:102FC000FBFCF7E7FDF752FDFDF71EFDD6E7FDF729
:102FD0004DFDFDF705FDF7E7FDF748FDFDF7ECFCBE
:102FE000FDF726FDCAE7FDF741FDFDF7E5FCFDF71E
:102FF000F7FCF5E7FDF73AFDFDF7DEFCFDF704FD14
:10300000EEE7FDF729FDB9E738670020C06600202C
:10301000BC0A0020800A0020D901002000403A406C
:103020005A630020C165002010B5FCF7DDFA0021CD
:103030000620FCF7BBFA00210720FCF7B7FA0021B5
:103040000E20FCF7B3FA00211020FCF7AFFA0021A4
:103050001120FCF7ABFA0620FCF76AFA0720FCF710
:1030600067FA0E20FCF764FA1020FCF761FA1120D1
:10307000FCF75EFAFCF7B6FAFFF78AFCFDF7F6FC00
:103080000022034B1A80034B1A80FFF7C9FE10BDC4
:10309000386700203A670020F8B5914C6379DFB2B9
:1030A000002B00D1D8E000276771A06AE16A226D89
:1030B000636DF7F793FE2300A062E1629433A06A88
:1030C000E16A1E6823009A331D88F8F789FBAD007A
:1030D0007051A06AE16AA26BE36B2500F5F7BCF9B9
:1030E00001268335B84200D18EE0230082331E7062
:1030F000A06AE16AA26BE36BF5F7A4F9B84200D1CC
:1031000082E0FFF791FF774B2F701B78BB421AD0FC
:10311000754B1B78BB4216D000220023A265E365E5
:10312000230078331F80FFF77BFE704B1B78BB4278
:1031300000D167E06E4B1B78BB4200D162E0FA2001
:10314000400001F0DDFC052001F0DAFCFDF798FC01
:10315000230083331B78002B27D0664B1B78002B72
:1031600023D0A06AE16A226A636A2500F5F764F950
:103170007A3500284AD0A06AE16AA26CE36CF6F7BF
:1031800047FBA065E1650022A06DE16D5A4BF7F7A2
:103190003FFBF5F71FFA230080B278331880002236
:1031A00000232266636600232B80230083331B7871
:1031B000002B26D04B4B1B78002B22D0A06AE16A53
:1031C000226A636A2500F5F737F97835002830D090
:1031D00000220023A265E36500232B80A06AE16A38
:1031E000A26CE36CF6F714FB206661660022206E89
:1031F000616E414BF7F70CFBF5F7ECF97A3480B2CE
:103200002080F8BD3D489CE72E70A1E7206E616EDE
:10321000226D636DF6F7FCFA206661660022206E6F
:10322000616E354BF7F7F4FAF5F7D4F980B22880E0
:10323000BBE7A06DE16D226D636DF6F7E9FAA0655D
:10324000E165A06DE16D00222B4BF7F7E1FAF5F790
:10325000C1F980B22880D4E701236371254B1E7821
:10326000002E1CD0A06AE16A226A636A2500F5F785
:10327000E3F87A35002809D0230080331F70226CD0
:10328000636C22676367206F616FDCE7206F616F9B
:10329000226D636DF6F7BCFA20676167F3E7114BA7
:1032A0001B78002BADD0A06AE16A226A636A250010
:1032B000F5F7C2F87835002809D0230080331E7056
:1032C000226C636CA266E366A06EE16EBBE7A06E43
:1032D000E16E226D636DF6F79BFAA066E166F3E797
:1032E000C06600205A630020B60A00204C6300200C
:1032F00059630020D901002000403A40C409000071
:10330000054B10B51B78002B01D1FFF78DFEFFF7A1
:10331000C3FEFFF785FD10BD4002002010B50F4C25
:103320002378002B14D0FCF75FF90E20FCF700F98E
:10333000618A0E2089B2FCF71DF90E200021FCF7EE
:1033400035F9FCF74FF900230E202370FCF7CAF87B
:10335000FFF7A2FEFFF764FD10BDC046C066002067
:1033600070B5040004A80588094E0A4834600400BA
:103370008C342160010090310A60020094321360A5
:10338000030098331D8000239A30038070BDC0462F
:1033900048670020C0660020F8B51D4B1C78002C43
:1033A0002AD01C4B64241B78002B00D1503C1A4FB0
:1033B000012238687968FBF709FD184E0122306850
:1033C0007168FBF703FD164D002228686968FBF75A
:1033D000FDFC200001F094FB386801227968FBF7BE
:1033E000F5FC306800227168FBF7F0FC28680022C9
:1033F0006968FBF7EBFCF8BD0A4B1B78002BD6D0B5
:10340000044B64241B78002BD1D0FA24A400CEE70F
:1034100059630020916700206400002074000020A0
:103420005C000020D80100201C4BD0B51A680600B3
:103430000F00012A00D01B68FDF7C6FB184C0021C5
:103440002000F9F76FFC0022164B30003900F6F728
:10345000DFF9154B0022F7F7DBF9F5F7BBF881B27E
:103460002000F9F76FFC114801F04AFB0021200011
:10347000F9F758FC00212000F9F764FCFDF700FB88
:103480000B4B1B78002B07D001220A4BF5201A703A
:103490001978C9B2FBF728FBD0BDC0463C0200201A
:1034A000A866002000206C4000403A40B80B0000A5
:1034B000C6650020C5650020F0B5444B87B01E7876
:1034C000002E00D078E0424A1278002A00D077E03F
:1034D00016000192FDF75AFAF8F774FA3D4A3E4B8E
:1034E0000092196800985A68F9F7EEFBFDF74AFB5D
:1034F00000210098F9F716FCFA2700210098F9F747
:1035000021FC002400257F00F8F778FAC317029009
:103510000393013F029A039BA4185D41002FF3D14E
:10352000FA220023520020002900F4F7EDFF3100B9
:1035300005000098F9F7F6FBFA2401990098F9F7CD
:1035400001FC002600276400F8F758FAC31704901E
:103550000593013C049A059BB6185F41002CF3D1FA
:1035600021000098F9F7DEFB21000098F9F7EAFB4B
:10357000FDF71EFBFA20400001F0C2FAFA220023F8
:10358000520030003900F4F7BFFF451BEB17ED1870
:103590005D402800F8F78AF80022104BF6F7FEFC91
:1035A000F5F718F80E4E0F4A0F4B3060954209DDC3
:1035B0000120187007B0F0BD00230C4E019389E77D
:1035C0000A4BFBE702201C70F4E7C046D90100203B
:1035D0005A630020A86600203400002000408F407D
:1035E00084670020102700008F670020453300000B
:1035F000282210B50021054803F08AFF0022044B61
:10360000DA725A715A729A7210BDC04695670020DC
:10361000BC050020F8B505000024FBF785FE8026D8
:103620000227285DFBF78AFE002C05D10E4B2200F5
:1036300018685968FBF7CAFB0C4B9A683242FCD0F9
:103640009A683A42FCD09A683242FCD1002C07D1E9
:10365000054B012218685968FBF7B8FB0134E0E715
:1036600001340C2CDDD1F8BD940000200030014065
:10367000F0B589B002920393029B01901800039B5E
:1036800000225B0059082F4BF7F7C2F800230022F5
:103690000692079306AA04000D0003F0D7FF2A4AFA
:1036A0002A4BF4F7E3FE002807D00698079900227A
:1036B000274BF6F7ADF804000D0029002000F7F7BE
:1036C000B9FF0A210600F4F7BBFD6421C4B2300043
:1036D000F4F7B6FD0A27FA21C3B204937B43E31A39
:1036E0007C431B01341B1C19E3B289003000059395
:1036F000F4F7A6FD1749C5B23000F4F7A1FD3B0071
:10370000C4B26343EB1A7D43049A1B01551B124953
:1037100030005D19F4F794FD474302980399E41BC8
:1037200000220023EDB2E4B2F4F78CFE002801D0B1
:10373000103CE4B2019B059A5D709A701C7009B050
:10374000F0BDC04600002440CDCCCCCCCCCCEC3F6E
:103750000000F03F10270000A0860100F0B51C001B
:1037600085B06300019059081000234B0022F7F741
:103770004FF8002300220292039302AA04000D00D6
:1037800003F064FF1D4A1E4BF4F770FE002807D0BB
:103790000298039900221B4BF6F73AF804000D003B
:1037A00029002000F7F746FF0A210500F4F748FD3D
:1037B0000A27C4B264212800F4F742FD3B00FA2135
:1037C000C6B27343E31A7C431B012C1B1C19019BDB
:1037D00028005C708900F4F733FD0B49C4B228005F
:1037E000F4F72EFD78436743201A019BF61B000176
:1037F0008019187005B0F0BD00002440CDCCCCCCB1
:10380000CCCCEC3F0000F03F10270000F0B58BB0AF
:10381000039310AB029204CB07AC1F8812AB1B784A
:1038200000900191049200210C222000059303F0E6
:103830006FFE7BBA200063800025FFF7EBFE07AC2C
:10384000AF4218DC0C220021200003F061FE059A33
:103850002B23002A00D004332000E370237163710E
:10386000FFF7D8FE174B18685968FBF7B4FA002821
:10387000F8D10BB0F0BDF0232370049BAE00985933
:10388000F7F766FF0B0006A90200481DFFF7F0FEE0
:10389000009B6A009B5A01355BBAA380019B9B5A2F
:1038A0005BBAE380029B9859F4F77CFE039B40BA15
:1038B00020819859F4F776FE40BA60812000FFF726
:1038C000A9FEBCE78C00002070B50024044D2E78C2
:1038D000285DFBF711FD230001349E42F8DA70BD2C
:1038E0009567002070B50E4C0E4DE3792800023329
:1038F000DBB22372E3792B70E179E679C9B2F9F78B
:10390000BFF9F6B2A855E679F9F7C2F9F6B2AE19E1
:103910007070217A2800C9B2FBF7FAFC70BDC0466E
:10392000BC050020BD67002010B50B4A0B4B517839
:10393000597091789970D278DA7053221A710132E5
:103940005A71073A9A714C3ADA71054B0732DA71BB
:10395000FFF7C8FF10BDC04695670020BD67002077
:10396000BC0500200C22064B10B506485A70FAF729
:1039700054FD0822044BDA71FFF7B4FF10BDC046B6
:10398000BD670020BF670020BC0500200722064B52
:1039900010B506485A70FAF723FA1222044BDA716E
:1039A000FFF7A0FF10BDC046BD670020BF67002025
:1039B000BC0500200822064B10B506485A70FAF7DD
:1039C00051FA1222044BDA71FFF78CFF10BDC0468A
:1039D000BD670020BF670020BC05002013226F21B7
:1039E0000D4B10B55A702E329A700D32DA700C3AB7
:1039F0001A7111325A7112329A710932DA7159728E
:103A0000053203311A72DA729972044B673ADA712D
:103A1000FFF768FF10BDC046BD670020BC05002051
:103A2000052310B5054C6370FAF7E9FD0322044B3A
:103A3000A070DA71FFF756FF10BDC046BD670020C9
:103A4000BC0500202E2310B5054C6370FAF7C8FEA4
:103A50000322044BA070DA71FFF744FF10BDC0468B
:103A6000BD670020BC0500200B2310B5054C63701A
:103A7000FAF7DDFD0322044BA070DA71FFF732FF85
:103A800010BDC046BD670020BC050020062310B550
:103A9000054C6370FAF7C3FD0322044BA070DA7182
:103AA000FFF720FF10BDC046BD670020BC05002009
:103AB0000A2310B5064C6370FAF754F90422030A7E
:103AC000A370044BE070DA71FFF70CFF10BDC04625
:103AD000BD670020BC050020092310B5054C6370AC
:103AE000FAF795FD0322044BA070DA71FFF7FAFE96
:103AF00010BDC046BD670020BC0500201FB51423C3
:103B00000F4C0F2268460F49637003F096FD0022A8
:103B100002236946895C080020385E2801D8E154F8
:103B2000013301320F2AF4D1102B02DC023AE254A5
:103B30000133054ADBB2D371FFF7D4FE1FBDC04687
:103B4000BD670020708D0108BC050020152310B54D
:103B5000054C6370FAF7B7F90322044BA070DA71D1
:103B6000FFF7C0FE10BDC046BD670020BC050020A9
:103B700010B5024B9878FAF79FF910BD95670020B1
:103B80000D2310B5064C6370FAF761FDA070FAF7CB
:103B900066FD0422034BE070DA71FFF7A3FE10BD4F
:103BA000BD670020BC0500201B2310B5054C6370C9
:103BB000FAF745FD0322044BA070DA71FFF792FE7D
:103BC00010BDC046BD670020BC050020172310B5FE
:103BD000054C6370FAF732FE0322044BA070DA71D1
:103BE000FFF780FE10BDC046BD670020BC05002069
:103BF0000222054B10B55A7000229A70034B033213
:103C0000DA71FFF76FFE10BDBD670020BC05002014
:103C1000122310B5094C6370FAF7E9FC084BA07049
:103C2000012805D118740322DA71FFF75BFE10BD7D
:103C30000228F8D100221A74F5E7C046BD670020BB
:103C4000BC0500201D2310B5094C6370FAF747F935
:103C5000084BA070012805D158740322DA71FFF7D0
:103C600041FE10BD0228F8D100225A74F5E7C04683
:103C7000BD670020BC05002070B518220125054B4A
:103C8000054C9D705A700323E371FFF72BFE2571DD
:103C900070BDC046BD670020BC050020014B186008
:103CA0007047C04600680020002370B5CA0F521844
:103CB00052100139934200DB70BDCC1A065DC55C21
:103CC000C65401330555DBB2F4E710B50B0A017099
:103CD00043700B0C090EC17083700421FFF7E4FFE1
:103CE00010BD00003E23F0B58E4F85B0FB71FB790F
:103CF0008D4C2370162363708C4B1D682B782E001F
:103D0000A3702B0038331B786A781B019B18E37073
:103D10002B0080331A685B68009201930098019928
:103D20000022834BF4F788FB3936002803D133781F
:103D3000022B00D8D4E042232371853363713833DA
:103D4000A371823BE37128696969F7F749FD794BF3
:103D5000011C1800FFF7B9FF286A696A764B1B78C7
:103D60000093002B00D1C5E0422323738533637396
:103D70003833A373823BE373009B286B696B002B82
:103D800000D1BFE042232374853363743833A374B6
:103D9000823BE374337803AE23752B003A331B78F0
:103DA00063752B003B331B78A3752B008833186891
:103DB0005968F4F70FFC80B2030AE37520762A6C89
:103DC0006B6C3000FFF7CAFC2800338848305BBAC0
:103DD00072780380594B31781888A276617680B268
:103DE000F7F792FC02000B003000FFF7B7FC280049
:103DF000338858305BBA72780380514B3178300089
:103E000022771A685B68E176FFF7A8FC2800338800
:103E100068305BBA7278317803804A4B6177A27759
:103E20001868596828666966F4F7D4FB2A0080B2DE
:103E3000030AE377631CD877434B70321B889BB22D
:103E40001380190AA21CD177E21CD3772B002A0019
:103E500072331B887432190A1380221DD177621DB8
:103E6000D3773A4B1868F4F79DFB2B0080B2783378
:103E70001880020AA31DDA77E31DD8772B002A00E9
:103E80007A331B887C3213802200190A0832D177DA
:103E90002200283213702B0022007E331B78293237
:103EA0001370009BA86AE96A002B33D023004222DA
:103EB0002A331A70230085322B331A7023003832CC
:103EC0002C331A707D232D3423707F35FA79204BE3
:103ED0002978D154FFF706FD00233B7105B0F0BDF2
:103EE00000980199F7F77CFC1A4B011C1800FFF7AA
:103EF000ECFE28E7F7F774FC174B011C1800FFF7DE
:103F0000E4FE39E7F7F76CFC144B011C1800FFF7CF
:103F1000DCFE3FE7F7F764FC114B011C1800FFF7CC
:103F2000D4FED2E7BC050020BD6700200068002059
:103F300000002E40C5670020646700207C670020D9
:103F400030020020180200207E67002070670020E9
:103F5000BC670020C1670020C9670020CD67002032
:103F6000E7670020014B1879C0B27047BC050020FC
:103F700010B5054B9878012802D1F9F787FE01E0CA
:103F80000228FAD010BDC0469567002010B5044B3A
:103F90009878431E072B01D8F9F77EFE10BDC04666
:103FA0009567002010B5054B9878092803D80020A4
:103FB000F9F778FE01E0F028FAD910BD95670020E6
:103FC00010B5034BD9789878F9F7BEFE10BDC046FE
:103FD0009567002010B50248FAF709FA10BDC046EF
:103FE0009767002010B5054B9878012802D1F9F7A2
:103FF0006BFE01E00228FAD010BDC0469567002094
:1040000010B5044BDC789878F9F764FE2000F9F7D6
:1040100067FE10BD9567002010B5024B9878FAF73F
:1040200075F910BD9567002010B5024B9878FAF726
:1040300075F910BD9567002010B5024B9878FAF716
:1040400074F910BD9567002010B5024B9878FAF707
:1040500073F910BD9567002010B5024B9878FAF7F8
:1040600072F910BD9567002010B50248F9F787FE78
:1040700010BDC0469767002010B50248F9F792FEC0
:1040800010BDC0469767002010B50248F9F7CCFE76
:1040900010BDC0469767002010B5F9F720FF044B0C
:1040A000012801D1587410BD00225A74FBE7C046A4
:1040B000BC05002010B5064B9878012802D1F9F70D
:1040C000F5FE01E00228FAD0FFF7E6FF10BDC0467A
:1040D0009567002010B5084B9C782000FAF708F986
:1040E000012C03D10B22054B1A7010BD022CFCD100
:1040F0000D22024BF8E7C0469567002041020020E0
:1041000010B5024B9878FAF7FAF810BD95670020C1
:104110001E2310B5054C6370FAF746FB0322044BCF
:10412000A070DA71FFF7DEFB10BDC046BD6700204E
:10413000BC0500202F2310B5054C6370FAF7ACFACC
:104140000322044BA070DA71FFF7CCFB10BDC04610
:10415000BD670020BC050020094B10B518695969DE
:10416000F7F73EFB074B011C1800FFF7AEFD1022CE
:10417000054B5A70054B0A3ADA71FFF7B3FB10BDD5
:10418000D8090020BF670020BD670020BC050020C3
:10419000262010B5FF30FAF789FC0400FEF778FA04
:1041A000022C07D1FEF784FB044B18615961F7F725
:1041B00017FB10BDFEF7C0FAF6E7C046D80900208D
:1041C000112310B5064C6370FFF776F90322054BF7
:1041D000A070DA71FFF786FB0122034B1A7010BD45
:1041E000BD670020BC0500209067002030B585B079
:1041F0006846FAF7B7F9002301211A0015486C4602
:10420000E55CC45CA54200D00A0001330E2BF6D158
:1042100000239A4202D0FAF7B2F9FF230E4C332260
:10422000A370D020FF23627000211A004000FAF72B
:10423000BAF9FF23E070A2201A000021FF30FAF73C
:10424000B2F90522054B2071DA71FFF74BFB05B07F
:1042500030BDC046708D0108BD670020BC05002040
:10426000342310B5054C6370FAF71EFA0322044B91
:10427000A070DA71FFF736FB10BDC046BD670020A5
:10428000BC050020362310B5054C6370FAF716FA0A
:104290000322044BA070DA71FFF724FB10BDC04667
:1042A000BD670020BC050020372310B5054C6370A6
:1042B000FAF70DFA0322044BA070DA71FFF712FB34
:1042C00010BDC046BD670020BC050020382310B5D6
:1042D000054C6370FAF704FA0322044BA070DA71FC
:1042E000FFF700FB10BDC046BD670020BC050020E5
:1042F000392310B5054C6370FAF7FBF90322044B20
:10430000A070DA71FFF7EEFA10BDC046BD6700205D
:10431000BC050020F8B5AE4DAE4C2B78280063717B
:104320006B78637263790233DBB2A371637961796D
:10433000EE5CC9B2F8F7A4FC864206D16379EB18AB
:104340005E78F8F7A5FC864202D0FFF751F9F8BD78
:104350006379052B13D1637A412B10D16B78412BF4
:104360000DD1AB784E2B0AD1EB78422B07D12B79AC
:104370000D2B04D10122984B1A70FFF7D5FA627AFF
:10438000D3B2012A00D08CE0AA78A272A17ACAB274
:10439000012914D1914B1A70914B1A70914B1A70DC
:1043A000A37A052B2AD1904A043B13708F4A1370CD
:1043B0008F4A13708B4A1370FFF786FAC5E7A27A0B
:1043C000032A03D1854A13708A4A05E0A27A022A99
:1043D00005D1824A1370854A1370854A05E0A27A96
:1043E000042A06D1804A13707D4A13707D4A1370E7
:1043F000D6E7A27A062AD3D17B4AE4E7A37A812BB7
:1044000005D1764B01221A70754B1A70D4E7A37A46
:10441000832B06D1714A823B1370764A1370744A1B
:10442000C9E7A37A822B04D16C4A813B13706F4A8F
:10443000F4E7A37A842B01D16B4BE3E7A37A862BB5
:1044400002D1694A853BE7E7A37A852B02D1664A08
:10445000843BEBE7A37A072B02D0A37A082B0ED17B
:104460000124654B1C70FAF73BF95F4BA04200D06A
:104470005A4B1C705A4B1C705A4B1C709CE7A37A09
:10448000872B02D0A37A882B96D101245A4B1C701B
:10449000FAF726F9544BA04200D0504B1C70504BF9
:1044A000EBE7637A022B03D1544B00221A704CE7DE
:1044B000637A2E2B08D1A37A002B02D0A878FAF7C2
:1044C00041F8FFF7BFFA40E7637A052B0AD1AB78D2
:1044D000A372A37A002B02D1FFF7A2FA35E7FFF708
:1044E00055FDF9E7637A062B0BD1AB78A372A37A5B
:1044F000002B03D0A07AC0B2F9F7DAFBFFF7C6FAB7
:1045000023E7637A072B12D1AB78A3726379032B6D
:1045100006D1A37A002B00D017E7FFF737FA14E78C
:104520006379122B00D910E7FFF7A6FDF5E7637A50
:10453000082B12D1AB78A3726379032B06D1A37A2F
:10454000002B00D001E7FFF735FAFEE66379122B66
:1045500000D9FAE6FFF798FDF5E7637A092B0AD14F
:10456000AB78A372A37A002B02D1FFF7B5FAECE681
:10457000FFF718FDF9E7637A0A2B12D1AB78A37223
:104580006379032B06D1A37A002B00D0DDE6FFF779
:104590008FFADAE66379042B00D0D6E6FFF710FD38
:1045A000F5E7637A0B2B2BD1AB78A372A37A002BA0
:1045B0000AD0A37AD8B2012B02D1F9F77FFB03E02E
:1045C000A37AD8B2022BF8D0FFF74EFABDE6C04668
:1045D00095670020BC0500203D0100209467002065
:1045E0008D67002088670020936700208B6700207C
:1045F000896700208A67002092670020400200201F
:10460000637A0C2B12D1AB78A3726379032B06D19A
:10461000A37A002B00D098E6FFF7A4F995E663791A
:10462000082B00D091E6FFF7D5FCF5E7637A0D2B58
:1046300010D1AB78A372A37A002B04D0A37A012BFC
:1046400004D1FFF7DDFCFFF79BFA7EE6A37A022B8D
:10465000F9D1F6E7637A0E2B03D1AB78A372A37A74
:1046600073E6637A0F2BF8D0637A102B0FD1AB78F7
:10467000A372A37A002B00D067E6FFF789FDF7F756
:1046800067F8BB4C20616161FFF766FD5DE6637A08
:10469000112B08D1AB78A372A37A002B00D054E67B
:1046A000FFF78EFD51E6637A122B10D1AB78A3721F
:1046B000A37A002B04D0A37A012B04D1FFF758FC76
:1046C000FFF7A6FA41E6A37A022BF9D1F6E7637A5F
:1046D0001D2B10D1AB78A372A37A002B04D0A37A40
:1046E000012B04D1FFF7E6FCFFF7ACFA2DE6A37A25
:1046F000022BF9D1F6E7637A132B08D1AB78A372BA
:10470000A37A002B00D020E6FFF768F91DE6637A54
:10471000142B08D1AB78A372A37A002B00D014E637
:10472000FFF7ECF911E6637A152B0CD1AB78A37285
:10473000A37A002B04D0637A002B01D0FFF718FA7C
:10474000FFF704FA01E6637A162B08D1AB78A3725F
:10475000A37A002B00D0F8E5FFF7C4FAF5E5637AF9
:10476000172B08D1AB78A372A37A002B00D0ECE50D
:10477000FFF72CFAE9E5637A1B2B10D1AB78A37213
:10478000A37A002B04D0A37A012B04D1FFF72AFCD3
:10479000FFF70AFAD9E5A37A022BF9D1F6E7637A93
:1047A0001C2B06D163790E2B00D0CEE5FFF75CFC05
:1047B000CBE5637A1E2B10D1AB78A372A37A002BC2
:1047C00004D0A37A012B04D1FFF784FCFFF7A0FCEF
:1047D000BBE5A37A022BF9D1F6E7637A2F2B10D130
:1047E000AB78A372A37A002B04D0A37A012B04D157
:1047F000FFF786FCFFF79EFCA7E5A37A022BF9D111
:10480000F6E7637A1F2B09D15A4B9B78A372A37AE0
:10481000002B00D199E5F7F78FFACDE5637A242BC9
:1048200007D1544B9B78A372A37A002B00D18CE55F
:10483000C2E5637A504C252BF3D0637A282B1AD12A
:104840004C4B01229B78F420A37200231900F9F746
:10485000AAFE431E9841494BC0B2187000230122A2
:104860001900F520F9F79FFE431E9841444BC0B252
:104870001870A37AA0E5637A312B02D1F9F7A8FD6D
:104880009AE5637A322B01D13E4B0EE6637A332BE5
:104890000FD1384B9A78A272A27A002A06D0A27A57
:1048A000012A03D11979D878F9F770FEFFF79EFC39
:1048B0004BE5637A342B0AD12E4B9B78A372A37AF3
:1048C000002B01D0FFF7A8FBFFF7CAFC3DE5637A98
:1048D000352B3FD10125002400260027F7F764FA85
:1048E000294B1D70F7F728FAF7F752FA0020F9F76D
:1048F00046FD224BF4201C701978C9B2FAF7F4F87F
:104900001F4BF5201C701978C9B2FAF7EDF8FCF7C7
:1049100091FEFCF79BFEFCF7A5FEFCF7B9FEFCF749
:10492000CFFE2000F9F724FD184B1C70FCF7BCFEED
:10493000174B1E605F60F9F731FC164B1E605F601D
:10494000F9F79EFC144BFA201D701978C9B2FAF7DA
:10495000CBF831E5637A362B20D1064B9B78A372D6
:10496000A37A002B01D0FFF75FFBFFF78BFCECE491
:10497000D809002095670020BC050020C7650020ED
:10498000C56500203C010020AF650020F00A002032
:10499000C803002030020020C4650020637A372B52
:1049A0000AD1144B9B78A372A37A002B01D0FFF796
:1049B00043FBFFF779FCC8E4637A382B0AD10D4B2F
:1049C0009B78A372A37A002B01D0FFF73DFBFFF782
:1049D0007DFCBAE4637A392B00D0B6E4054B9B78B2
:1049E000A372A37A002B01D0FFF736FBFFF780FC00
:1049F000ABE4C0469567002010B5044B0A000100E7
:104A0000180002F01AFEFFF785FC10BD9567002024
:104A10000D488546FCF78AFA0C480D490D4A0023DB
:104A200002E0D458C4500433C4188C42F9D30A4A63
:104A30000A4C002301E013600432A242FBD302F0CF
:104A4000D5FDFAF719FAFEE70090002000000020DB
:104A5000A4020020D88E0108A8020020546900207A
:104A6000FEE7000070B5104B05001978002901D150
:104A7000012070BDFA208000F3F758FB0B4C0100B9
:104A80002068F3F753FB00F083F8041EF0D1032DE8
:104A9000EED8020001202900404200F043F8044B08
:104AA00020001D60E5E7C0464202002040010020D2
:104AB000440200208023084A5B00116810B50B43B4
:104AC00000201360FFF7CEFF041E03D1FBF744FD67
:104AD000200010BD0124FBE700200240034A044BE4
:104AE00011681B785B1813607047C046046800208B
:104AF00042020020014B18687047C046046800203D
:104B000070B50400FFF7F6FF0500631C02D0044BEC
:104B10001B78E418FFF7EEFF401BA042FAD370BDEC
:104B20004202002010B5FF2403220B0021000240A6
:104B3000D20091409B012340C943934000280ADBE7
:104B4000C0240B4A800880008018A40002590A4043
:104B50001343035110BD0F2210400838054A800846
:104B600080008018C26911401943C161F2E7C04654
:104B700000E100E000ED00E0002805DB1F23184005
:104B80001E3B8340014A13607047C04600E100E0CD
:104B90008022431E5204012093420DD2C021074AB5
:104BA00007485360036A09061B021B0A0B43036292
:104BB00000200723906013607047C04610E000E0BB
:104BC00000ED00E0F0B5846CC56C6560046D002CF0
:104BD00002D0446D856D65601C24056C084E25402F
:104BE0001B3CAC4077683C43746004686360836836
:104BF000102B02D1A260E160F0BDA160E260FBE792
:104C00000000024010B50400036C094A9B089B1881
:104C10009B00436400681421C0B20838F3F786FA99
:104C2000044BA3641F2318401E3B8340E36410BD64
:104C30000082001080080240F8B504000120002C1A
:104C400046D02568254B1421E818F3F76FFA0223A4
:104C50008000A61D2064F3772B68214AA7681340C3
:104C60002B60E36821693B430B4361692A680B436E
:104C7000A16920000B43E1690B43216A0B431343F5
:104C80002B60FFF7BFFF8023DB019F4201D1002390
:104C900063603F236268616C13400B60E06CA16C41
:104CA000013A4860032A14D80E4A0F489918012285
:104CB000013B9A40A26513000022890021656065CE
:104CC0000A60436000200123E0630534F377E07756
:104CD000F8BD002323656365A365F3E7F8FFFDBF17
:104CE0000F80FFFF3F82001040090240F7B5451DCD
:104CF0000193EE7F04000220012E33D00138E877C3
:104D0000A71DFE7FB4466346F6B200960026834296
:104D100030D10130F8772568E6632868009B984316
:104D20002860019B2000FFF74DFF236BB3421AD090
:104D30000E232A6813432B60636C1A68D20304D5D0
:104D40008022196852000A431A60236D002B04D098
:104D50008022196852000A431A60012300202A6841
:104D600013432B60FEBD04222B6893432B602A68FB
:104D70000A23DFE78023E363EE77F3E7F0B500284B
:104D800008D0841DE37F411D022B05D00423C3639B
:104D90000023CB770120F0BD0E250268466C136816
:104DA000AB4313603368104D2B403360012316680A
:104DB0009E431660026C1B331A401B3B93400B4E04
:104DC00077683B437360C26C836C5A60036D002B41
:104DD00005D01A682A401A60436D826D5A6001231B
:104DE0000020E377C877D6E7FFFEFFFF0000024010
:104DF000F8B5811DCB7F022B03D00423C3630120B0
:104E0000F8BD0E2402681C271368456CA343136089
:104E1000012314689C4314602A68104C22402A60C5
:104E2000026C0F4D3A4093406E6833436B60C26C26
:104E3000836C5A60036D002B05D01A6822401A60FB
:104E4000436D826D5A6001230022CB77431DDA77D0
:104E5000836B934200D098470020D1E7FFFEFFFF0D
:104E600000000240F8B51C240427016C264A2140AA
:104E70003C008C40166803681D6826420FD03D42F6
:104E80000DD01968890602D41968B94319605368AE
:104E90001C43036B5460002B1BD0984719E002277A
:104EA0003C008C40264215D03D4213D0196889063B
:104EB00006D40A251968A94319600121831DD977F1
:104EC00053681C4354600022431DDA77C36A93423F
:104ED000E3D1F8BD082427008F403E42F9D0254297
:104EE000F7D00E251C68AC431C6001231D008D40CB
:104EF0002900546821435160821DC363D377002287
:104F0000431DDA77436BE2E7000002400023F0B56F
:104F100085B00A681400DC4001D105B0F0BD012560
:104F200014009D402C4000942A4200D191E04A6830
:104F30005F0094460322644622400324BC40E443BD
:104F40000194541E012C2ED88668019C2640CC6802
:104F5000BC403443846044680126AC432500644669
:104F6000240934409C402C434460C568019C254082
:104F70008C68BC402C43C460022A16D107250F263A
:104F80001D40AD00AE40DC08A40004190294246A60
:104F900003962600039CA64334000E69AE402643C8
:104FA000029C266201E0032ADFD1BA400468019D19
:104FB00025402A43C02402606246A402224248D00F
:104FC000254A03259C08A400A4180F221D40ED00CB
:104FD000AA40A027266EFF0596430022B8420CD0B7
:104FE0001E4F0132B84208D01D4F0132B84204D0E2
:104FF0001C4F0332B84200D1023AAA4067463243FE
:105000002266154C009A2668009DD2433543FF0264
:1050100001D435001540674625606668009D35431C
:10502000BF0201D435001540674665600E4C009DF7
:10503000E66F3543BF0301D4350015406746E56789
:105040000A4C009EE56F2E43FF0301D415402E004D
:10505000E66701335DE7C0460018024000040050D7
:1050600000080050000C00500818024004180240CC
:1050700000690840431E9841C0B27047002A01D021
:10508000816170478162FCE770B504000120002C4B
:105090003FD0250041352B78DAB2002B05D1230013
:1050A000403320001A70FBF76FFA242301212B7084
:1050B0002368E0681A68A6688A431A601A49626819
:1050C0000A401A619A6819490A409A60012821D158
:1050D0008022120232439A605868154A02435A608D
:1050E000DA6800200A40DA60616922690A43A1692E
:1050F00009020A43DA60216AE2690A431A6001225E
:1051000019680A431A60202360642B7020634234BC
:10511000207070BD8422120232439A600228DBD1D3
:10512000802212015A60D7E7FFFFFFF0FF7FFFFFE9
:1051300000800002F0B504004134227803000F0023
:105140000220D6B2202A18D11D0040352A78012A23
:1051500013D0242222701B68233A19680748914310
:1051600019601968014000201960196839431960F5
:1051700019680A431A6026702870F0BDFFEFFFFF20
:105180000200F0B5413214780300E5B20220202C71
:1051900017D11C0040342678012E12D02230107016
:1051A0001B6823381E68074F86431E601E6809026D
:1051B0003E4031431960196808431860002015709B
:1051C0002070F0BDFFF0FFFF8023034A5B001168F1
:1051D0000B4313607047C0460070004010B5114C7F
:1051E0001149236802000B40034323608023002001
:1051F0009B009A420ED10D4B0D4918680623584367
:10520000F2F794FF8022431CD2006169080010402D
:10521000114200D110BD002B01D0013BF5E7032066
:10522000F8E7C04600700040FFF9FFFF4001002092
:1052300040420F00F0B5040085B0002802D10120E3
:1052400005B0F0BD0368DB0710D423689B075CD46E
:1052500023681B0700D5C1E023685B0700D5F2E097
:10526000E369002B00D079E10020E9E73822AF4D57
:10527000AB681340EA68102B09D1D3439B0708D1D0
:105280002B689B03E1D56368002BDED1D7E7082BA1
:10529000F6D0802263685202934211D12A681343E8
:1052A0002B60FFF727FC80270600BF022B683B42DC
:1052B000CBD1FFF71FFC801B6428F7D90320BFE781
:1052C000A021C9028B4208D180232968DB020B434D
:1052D0002B602B681A432A60E3E72A6894490A4046
:1052E0002A602A6893490A402A60002BD9D1FFF727
:1052F00001FC80270600BF022B683B42A5D0FFF7C8
:10530000F9FB801B6428F7D9D8E73822874DAB68B2
:105310001340EA68102B28D103210A40022A26D123
:105320002A68520503D5E268002A00D187E7696838
:1053300062698148120201400A436A60002B0CD165
:105340002B687E4A7E491340226913432B602B68E9
:105350007C4A9B045B0FDA400A607B4B1868FFF7BE
:1053600081FB002800D173E769E7002BD8D0E36800
:10537000002B20D02B68714A802713402269FF0040
:1053800013432B6080232A685B0013432B60FFF7D5
:10539000B1FB06002B683B4207D06A686369664927
:1053A0001B020A4013436B6052E7FFF7A3FB801B0D
:1053B0000228EFD982E72B68644A802713402B60CC
:1053C000FFF798FB0600FF002B683B4200D13FE748
:1053D000FFF790FB801B0228F6D96FE73822534D68
:1053E000AB681340182B08D12B6E9B0700D433E712
:1053F000A369002B00D02FE721E7A2690123002A2F
:1054000010D02A6E022713432B66FFF773FB0600AA
:105410002B6E3B4200D01FE7FFF76CFB801B02287E
:10542000F6D94BE72A6E02279A432A66FFF762FBFA
:1054300006002B6E3B4200D10EE7FFF75BFB801BA3
:105440000228F6D93AE73822384DAB681340202BB2
:1054500008D1EB6D9B0700D402E7A368002B00D0B6
:10546000FEE6ECE680220021EB6B52050091134230
:1054700008D1EB6B1343EB63EB6B13400393039B7C
:10548000012300938027324E7F0033683B4215D0C2
:10549000A368012B22D1EA6D1343EB65FFF72AFBCA
:1054A00002270600EB6D3B4238D0009B012B00D059
:1054B000D6E6EB6B274A1340EB63D1E633683B43F8
:1054C0003360FFF717FB019033683B42E0D1FFF7F1
:1054D00011FB019BC01A0228F6D9EFE6EA6D052BF5
:1054E00005D1013B1343EB65EA6D0123D4E70121AC
:1054F0008A43EA65EA6D03318A43EA65002BCDD120
:10550000FFF7F8FA02270600EB6D3B42CDD0FFF71C
:10551000F1FA114B801B9842F6D9CFE6FFF7EAFA71
:105520000D4B801B9842BDD9C8E6C0460010024012
:10553000FFFFFEFFFFFFFBFFFF80FFFFFFC7FFFF37
:10554000400100200024F40044020020FFFEFFFF81
:1055500000700040FFFFFFEF881300003821434D2B
:10556000AA680A40102A53D0414A022B3AD12B682C
:10557000802713402B60FFF7BDFA0600BF042B689D
:105580003B4229D1616A236AEA680B433949802684
:105590000A401343E26AB6041343226B1343626B5F
:1055A0001343A26A12021343EB6080232A685B0450
:1055B00013432B608023EA685B051343EB60FFF71E
:1055C00099FA04002B68334200D04DE6FFF792FAB7
:1055D000001B0228F6D971E6FFF78CFA801B02281F
:1055E000CDD96BE62B68802613402B60FFF782FA3B
:1055F0000400B6042B68334204D1EB681E4A134002
:10560000EB6031E6FFF776FA001B0228F2D955E687
:10561000012B00D113E60322E868216A02408A4286
:1056200000D00CE67022616A02408A4200D006E691
:10563000FE21A26AC90101401202914200D0FEE59A
:10564000F822E16A920302408A4200D0F7E5E022A4
:10565000216B120502408A4200D0F0E5636B400FD7
:105660004007C01A431E9841C0B2E9E5001002404D
:10567000FFFFFFFE8C80C111FCFFFEEE382370B5EA
:105680001D4CA2681A4205D123681C489B045B0F7D
:10569000D84070BDA2681A40082A27D0A2681A40D4
:1056A000102A17D1E368E168DB43E5684906490F32
:1056B0006F322D0A013115409B0709D11048F2F7CE
:1056C00035FDE1686843490F0131F2F72FFDE0E74E
:1056D0000A48F4E7A2681A40202A09D0A2680020EC
:1056E0001340182BD5D1FA20C001D2E70448D0E7E7
:1056F00080200002CDE7C046001002400024F400E4
:1057000000127A00F7B504000D00002801D1012035
:10571000FEBD0727484E33683B408B422AD32268A0
:1057200093073BD4D20748D4072733683B40AB42AA
:105730000AD93368BB432B433360FFF7DBF9019091
:1057400033683B40AB4268D123683C4D5B076CD467
:10575000FFF794FFAB683A491B051B0F9B005B5892
:105760001F210B40D840374A374B10601868FFF7AD
:1057700079F9CDE73368BB430B433360FFF7BAF9E0
:10578000019033683B40AB42C9D0FFF7B3F9019BAE
:10579000C01A2E4B9842F4D90320B9E72749530782
:1057A00004D5E0238868DB0103438B608B682848BD
:1057B0000340A06803438B60B4E760681F4F032871
:1057C00029D8F2F79FFC20021C243B689B039ED53E
:1057D0000722BB6893430343BB60FFF78BF901903B
:1057E0003823BA681A406368DB009A429CD0FFF7FE
:1057F00081F9019BC01A154B9842F1D9CCE73B685F
:105800009B01E5D483E73B685B05E1D47FE73B6E12
:105810009B07DDD47BE7FB6DFAE7FFF76BF9019B94
:10582000C01A0A4B98428BD9B6E7AB68094A1340B5
:10583000E2681343AB608BE7002002400010024097
:10584000308D010840010020440200208813000030
:10585000FFF0FFFFFF8FFFFF064B07499B68074ADA
:105860005B045B0F9B005B581F2110680B40D84006
:105870007047C04600100240108D01084001002012
:10588000F0B50368040085B000209B0352D5802248
:10589000704D5205EB6B0090134208D1EB6B134334
:1058A000EB63EB6B13400393039B0123009380276F
:1058B000694E7F0033683B433360FFF71BF901906B
:1058C00033683B4228D0EA6DC02310009B00216B57
:1058D000624E18401A4218D0814216D08022EB6DD9
:1058E000E86D190052020243EA65EA6D5C483140F6
:1058F0000240EA65E965DB0707D5FFF7FBF807001B
:105900000222EB6D134200D19CE0EB6D226B334021
:1059100013430020EB6506E0FFF7ECF8019BC01A8B
:105920000228CDD90320009B012B03D1EB6B4D4AFC
:105930001340EB632368DA0706D5032545494A6D12
:10594000AA4365682A434A659A0706D50C2541494A
:105950004A6DAA43A5682A434A65DA0606D53D4939
:10596000414D4A6D2A40E5682A434A659A0506D5A5
:1059700038493E4D4A6D2A40A5692A434A655A0571
:1059800006D534493A4D4A6D2A40E5692A434A65AD
:105990009A0606D52F49374D4A6D2A4025692A4374
:1059A0004A655A040FD52B49256A4A6D9200920820
:1059B0002A434A658022D205954204D18022CD68CF
:1059C00052022A43CA601A0306D5402521494A6D6E
:1059D000AA43656A2A434A659A020FD51D49264E95
:1059E0004A6DA56A32402A434A658022D203954215
:1059F00004D18022CD6852042A43CA605A020DD5D0
:105A0000144D1E4E696DE26A314011436965802173
:105A100049048A4202D1E9680A43EA601B050FD5AE
:105A20000C4A6169536D164C23400B435365802328
:105A3000DB01994204D18023D1685B020B43D36020
:105A400005B0F0BDFFF756F80E4BC01B984200D8CA
:105A500056E767E70010024000700040FFFCFFFFC0
:105A6000FFFFFEFFFFFFFFEFFFF3FFFFFFFFF3FF6F
:105A7000FFFFCFFFFFCFFFFFFFFFBFFFFFFFFFFED7
:105A8000FF3FFFFF88130000A0210268F8B5D3682C
:105A900004008B43D360FFF72DF8FA27050020267A
:105AA000BF002368DB68334201D00020F8BDFFF758
:105AB00021F8401BB842F4D90320F7E7F7B5402698
:105AC00003680500DA680024324211D18022D968C7
:105AD000FA270A43DA60FFF70DF8BF0000902B6841
:105AE000DB681A0032400192334201D1032C01D10C
:105AF0002000FEBDFEF7FEFF009B019CC01AB842CD
:105B0000EDD92B00032429331C70E8E7802270B5FF
:105B10000F4C0500E3689343E360A369603A1342C6
:105B200007D1FFF7B1FF002802D0032029352870E4
:105B300070BDA3699343A361FFF7A6FF002802D0BD
:105B40000320293528702023A2691343A361EFE7BE
:105B50000028004070B504000120002C17D025005B
:105B600029352B78DAB2002B08D1230028331A709C
:105B700088231B0220006360FAF748FD02232B7084
:105B80002368DA68D20603D5012300202B7070BD8C
:105B9000CA225A62773A20005A62FFF78FFF002824
:105BA00025D1236815499A6960690A409A61A268FB
:105BB00099690243E06902430A439A61226920001D
:105BC0001A61E268196912040A431A61FFF79EFF1D
:105BD00000280CD12268266A9369DB00DB089361F8
:105BE000636A91693343A66933430B439361FF2290
:105BF00023685A620028C7D0C9E7C046BFFF8FFBA1
:105C0000F8B504000120002C67D0636A002B65D131
:105C1000822261685200914200D0E3610023250096
:105C2000A3625D352B78DAB2002B05D123005C33FB
:105C300020001A70FAF718FD022340222B70216809
:105C4000E6680B689343E0220B60D2000023964283
:105C500048D9F02218001201964200D0A362822295
:105C60008427636852001340A2683F023A4002272B
:105C700013432269A5693A4013430122676917401B
:105C80003B438027BF002F403B43E7693732174033
:105C90003B43276A4832174080223B43A76A920160
:105CA00017403B43102708220B60636A2D0C3B40D2
:105CB000676B17403B43F0273F013E4033430426C8
:105CC00035402B4303434B60CB6908480340002019
:105CD000CB61012320665D342370F8BD002323616E
:105CE00063619BE780204001B6E7C046FFF7FFFFF6
:105CF000C022042313B50468D200A1680800104034
:105D0000114200D116BDE168013B0191DBB201995E
:105D1000002BF2D10320F5E701000300012010B5AC
:105D20003D310C78E2B284421FD1001808701B6824
:105D3000D9681143D9600E498B4209D08021C90529
:105D40008B4205D00B498B4202D00B498B420DD1BF
:105D50009A680A490A40062A06D007398A4203D0BF
:105D6000012219680A431A60002010BD1968F9E77A
:105D7000002C0140000400400040014007000100E9
:105D80000121036810B5DA688A43DA601C6A074AA1
:105D9000144206D11C6A064A144202D11A688A4388
:105DA0001A6001233D300370002010BD1111000066
:105DB0004404000070477047704770470222036830
:105DC00010B51969040011420ED0D96811420BD0E8
:105DD000053A1A61043202779B699B0700D186E07D
:105DE000FFF7E9FF00232377042223681969114292
:105DF00011D0D96811420ED0093A1A6107322277C0
:105E00009A69C0239B0020001A4200D175E0FFF779
:105E1000D2FF0023237708222368196911420ED08C
:105E2000D96811420BD0113A1A610D322277DB6921
:105E300020009B0767D0FFF7BEFF002323771022C7
:105E400023681969114210D0D96811420DD0213A46
:105E50001A6119322277DA69C0239B0020001A42A6
:105E600057D0FFF7A8FF0023237701222368196981
:105E7000114207D0D968114204D0033A20001A61B8
:105E8000F9F7B4FB802223681969114208D0D96858
:105E9000114205D0023AFF3A20001A6100F0EFF8F3
:105EA00023681A69D20507D5DA68120604D51C4A98
:105EB00020001A6100F0E4F84022236819691142B9
:105EC00007D0D968114204D0813A20001A61FFF747
:105ED00074FF202223681969114207D0D968114242
:105EE00004D0413A20001A6100F0C8F810BDFFF755
:105EF00061FF2000FFF760FF74E7FFF75BFF200002
:105F0000FFF75AFF85E7FFF755FF2000FFF754FF23
:105F100093E7FFF74FFF2000FFF74EFFA3E7C046D0
:105F2000FFFEFFFF10B51C4C0368A04206D0802284
:105F3000D205904202D0194A904208D17022934370
:105F40004A681343164A1A40CB6813430BE0154ABC
:105F50009042F7D0144A9042F4D0144A9042F1D0C3
:105F6000134A9042EED0802293434A691343036060
:105F70008B68C3620B688362A04208D00A4B9842C8
:105F800005D00A4B984202D0094B984201D10B69C7
:105F900003630123436110BD002C01400004004055
:105FA000FFFCFFFF00200040004001400044014092
:105FB0000048014070B504000120002C23D02500CA
:105FC0003D352B78DAB2002B05D123003C3320007D
:105FD0001A70FAF79BFB02232B702068211DFFF734
:105FE000A1FF2200012300204832137047340A3AEF
:105FF000137053709370D370137153719371D37185
:10600000137223702B7070BDF0B5040002223C3473
:10601000257803001000012D26D01D003D352A7083
:106020001B68124E5A689868B34203D1104F3A4029
:106030004F683A437027BA430F683A435A60B342F5
:1060400009D08022D205934205D00A4A934202D059
:10605000094A934204D1802290438A681043986091
:10606000012300202B702070F0BDC046002C0140A1
:10607000FFFF0FFF000400400040014070477047E1
:106080007047000030B5EFF31084012282F31088CE
:10609000C02501680B68AB430B6084F31088EFF3F5
:1060A000108182F310880268044C93682340936047
:1060B00081F3108820238830036030BDFFFF7FFF0D
:1060C00030B5EFF31084012282F310880168134D7C
:1060D0000B682B400B6084F31088EFF3108182F380
:1060E000108802680E4C93682340936081F31088F7
:1060F000C36E012B0AD1EFF3108183F310881024B3
:1061000002681368A343136081F310880300202200
:106110008C331A600023C366436730BDDFFEFFFF88
:10612000FEFFFFEF704770477047704770B5846A95
:10613000230088331A685D6823689B681B0608D5AE
:10614000212A06D123000022563320001A80FFF7AF
:1061500099FF23689B685B0608D5222D06D1230092
:1061600000225E3320001A80FFF7AAFF22001023CE
:106170009032116820000B431360FFF7D6FF70BD0B
:10618000806A0023020010B55E321380083A138043
:10619000FFF7CBFF10BD0000F7B50168C14DCB691B
:1061A00004000A6888682B4210D120252B4200D1B8
:1061B0009BE08026760515400640354300D194E0EB
:1061C000636F2000002B00D085E085E0B64D0540D0
:1061D0000095B64D009E1540354300D185E0250061
:1061E00001269035334205D0D70503D50E622F68BE
:1061F0003E432E60022633420CD0C7070AD5270043
:106200000E6290373E680197B446042667463E43C7
:10621000019F3E60042633420CD0C7070AD52700F1
:106220000E6290373E680197B446022667463E43A9
:10623000019F3E600826B446334209D02027009EC5
:106240001740374304D066460E622F683E432E60E7
:1062500080263601334206D0570104D50E62202134
:106260002E68314329602968002935D020210B424E
:106270000AD080235B0511400340194304D0636FAB
:10628000002B01D02000984722682B684027966891
:1062900028223E40134020001E4322D0FFF710FF6B
:1062A00023689B683B4218D0EFF31081012383F3EE
:1062B0001088250004CD9368BB43936081F3108858
:1062C000E86F002809D07A4B8363FEF791FD002820
:1062D00002D0E86F836B9847F7BD2000FFF725FFDA
:1062E000FAE7FFF722FF2E60F6E7E56E012D00D0FA
:1062F0009FE01026334200D19BE0324200D198E06B
:106300000E62896840230A001A40194257D0211DA5
:10631000CA6F1068426892B2002ADDD027005C374D
:106320003F889742D8D927005E373A8002682020FC
:106330008446104000906046024232D1EFF310874D
:1063400085F3108820685B4E02683240026087F354
:106350001088EFF3108785F3108820688268AA43BD
:10636000826087F31088EFF3108785F31088206828
:1063700082689A43826087F31088230062468C33D8
:106380001A60009BE366EFF3108085F310882268A3
:106390000F351368AB43136080F31088C86FFEF7A6
:1063A000EDFC02232200236723005C325E331B884E
:1063B0001188C91A89B22000F8F77EFF8CE7230004
:1063C00020005C335E301988038800889BB2002867
:1063D00000D181E7C91A89B2002900D17CE7EFF327
:1063E000108785F310882068334E036833400360BC
:1063F00087F31088EFF3108785F3108820682F4EFD
:1064000083683340836087F31088230020208C3317
:106410001860E2666267EFF3108085F3108810253C
:1064200022681368AB43136080F31088022323674C
:10643000C1E780256D032B4206D0460204D520001B
:106440000D6200F0E7FB47E780210B4207D0802573
:106450002D0411402840014301D0A36FB1E6402133
:106460000B4216D00A4214D0EFF31080012383F3BD
:106470001088226813688B43136080F31088230010
:10648000202288331A6000232000A367FFF74AFE0A
:1064900022E7190214D5510012D5200000F0BCFBF0
:1064A0001AE7C0460F080000010000102001000498
:1064B00081610108FFFEFFFFDFFEFFFFFEFFFFEF30
:1064C000DB0100D408E7002A00DB05E7200000F02C
:1064D000A2FB01E70123806A10B50367C36E012B9D
:1064E00006D103005C3319884908F8F7E5FE10BDB2
:1064F000FFF71AFEFBE7000003001B6820221B6861
:1065000070B51900806A1140134234D103005E3324
:106510001980EFF31085012383F3108804681D4E62
:1065200021683140216085F31088EFF3108583F3F3
:1065300010880468A1689943A16085F31088EFF37F
:10654000108483F31088402501688B68AB438B600F
:1065500084F3108803008C331A60C36E012B0AD1B8
:10656000EFF3108183F31088102402681368A343AB
:10657000136081F3108800230367C36E012B05D1DC
:1065800003005C331988F8F797FE70BDFFF7CBFD69
:10659000FBE7C046FFFEFFFFF8B504002569A268CF
:1065A00023682A4365691968C0692A43734D024309
:1065B00029400A431A605A687149A5690A40E1688E
:1065C0000A4370495A608B4201D0226A15439A6887
:1065D0006D4E32402A430F259A60DA6AAA43656AF3
:1065E0002A43DA62694A934225D1694B5A6D0323E3
:1065F0001A4080231B02022A00D1BBE0032A00D1EB
:10660000B2E0012A00D1A8E0984200D17DE0FFF776
:1066100023F9002845D0626A5E4B5200D15AF1F747
:1066200085FD65686B08C0182900F1F77FFD020041
:10663000594B103A64E0594A934212D10C22544B00
:106640005B6D1340082B00D192E005D8002B00D0E1
:1066500081E080231B02D7E70C2B00D182E00120D0
:1066600020E04F4A9342F4D04E4A9342F1D08B42FD
:10667000F5D1C0228021464B12015B6D0901134008
:106680008B4215D004D8002B07D1FFF7E5F806E0C0
:106690009342E4D1802636020BE0FEF7EFFF061EA0
:1066A00007D10020404BA36600236367A367F8BDB2
:1066B0003E4E626A374B5200D75A30003900F1F72C
:1066C00035FD032365686B438342C8D82B0383429F
:1066D000C5D300233A0030001900F1F715FF002759
:1066E000060E0B02334302026E0892197B41100022
:1066F00019002A003B00F1F707FF2D4BC2182D4B64
:106700009A42ACD82368D860CBE7FFF7A5F80028F9
:10671000C7D0626A1F4B5200D15AF1F707FD656876
:1067200040006B08C0182900F1F700FD02001A4B69
:10673000103A9A4200D992E70F23020000079A43C9
:1067400093B2400F22680343D360AAE71748E0E7FB
:10675000FEF794FF5DE780231B029842F8D1FEF715
:106760008DFFD4E780231B029842D2D0180052E755
:1067700080231B029842E9D00C484CE7F369FFCF15
:10678000FFCFFFFF00800040FFF4FF110038014001
:10679000001002405E8E0108EFFF00000044004040
:1067A00000480040004C0040010001000024F400BB
:1067B00000FDFFFFFFFC0F00836A30B5DA0706D546
:1067C0000168284C4A682240C46A22434A609A07FA
:1067D00006D50168244C4A682240046B22434A6073
:1067E0005A0706D50168214C4A682240446B22436F
:1067F0004A601A0706D501681D4C4A682240846B1E
:1068000022434A60DA0606D501681A4C8A6822409B
:10681000C46B22438A609A0606D50168164C8A68C2
:106820002240046C22438A605A0610D50168134D39
:106830004A68446C2A4022434A60802252039442B0
:1068400005D14A680E4C2240846C22434A601B06E4
:1068500006D502680B4953680B40C16C0B4353606B
:1068600030BDC046FFFFFDFFFFFFFEFFFFFFFBFF48
:10687000FF7FFFFFFFEFFFFFFFDFFFFFFFFFEFFFE8
:10688000FFFF9FFFFFFFF7FFF8B504000D001700A3
:106890001E002268D3692B405B1B59424B41BB420F
:1068A00001D0002029E0069B0133F3D0FEF722F946
:1068B000069B801B984201D8002B1FD1EFF310805C
:1068C000012282F310882168204D0B682B400B6059
:1068D00080F31088EFF3108082F3108821688B68B2
:1068E00093438B6080F3108823001F3288331A6033
:1068F0005A600023032084342370F8BD23681A688B
:106900005207C6D58022D96912011142C1D01A623C
:10691000EFF31080012282F3108821680B4D0B6881
:106920002B400B6080F31088EFF3108082F3108807
:1069300021688B6893438B6080F3108822002023AA
:106940008832136053609360D3E7C0465FFEFFFF59
:10695000F0B51700020087B0883205931368040071
:106960000D000220202B45D10138002942D0002FF4
:1069700040D08023A1685B01994204D12369002B98
:1069800001D1054236D12300002690331E60212319
:106990001360FEF7AFF8230054331F8002330393D4
:1069A0001F808023A26804905B019A4204D123696E
:1069B000B34201D12E001D00230056331B889AB22A
:1069C000002B0CD1059B402100932000049BFFF776
:1069D0005BFF00280DD12023883423600AE0059B4B
:1069E0000022009380212000049BFFF74DFF002828
:1069F00002D0032007B0F0BD2268002D0BD13388F0
:106A00000236DB05DB0D9362039B039A1B88013B77
:106A10009BB21380D0E72B7801359362F4E7000036
:106A2000030073B50026040090331E60FEF762F881
:106A3000236805001B681B0719D423681B685B07C4
:106A40000AD58021104B0022009320002B00C9039F
:106A5000FFF71AFF002815D12200002020238832DA
:106A600013605360E0662067843420700BE080215F
:106A7000054B32000093890303002000FFF704FF59
:106A80000028DAD0032076BDFFFFFF01F8B5130020
:106A90000200060005005C3281650F001380222190
:106AA000002290368C3532602960011D0400C86FC9
:106AB000904213D01D498263C1621D493A000163AF
:106AC0001C49416321682431FEF710F9002805D0E4
:106AD000102301203360DB182B60F8BD2369002BE5
:106AE0000BD0EFF31081012383F310882268FF336A
:106AF00010680343136081F31088EFF310800123C3
:106B000083F3108821688A681A438A6080F31088AA
:106B1000EFF3108183F3108822683F3390680343BA
:106B2000936081F310880020D7E7C046F96401081C
:106B3000D56401082D610108F7B50700436E040014
:106B40006A37002B04D10120388068342080F7BDDB
:106B500003680B4E9A689B680A4D5B0FF05CE95C1A
:106B6000C0000192F1F76CFB019B38801B015B0FA9
:106B7000F05CE95CC000F1F763FB80B2E5E7C0467A
:106B80007E8E0108768E0108F7B504000E001D0008
:106B90000192002801D10120FEBD070088373B6823
:106BA000002B04D1020084321370F9F723FE242352
:106BB000012122683B60136820008B431360FFF7BC
:106BC000EBFC0128E7D0A36A002B02D02000FFF7DE
:106BD000F3FD80222368D20199682D040A439A604C
:106BE0009A680A4920000A4032439A60019A510586
:106BF0000D431A6806490A40154301221D601968B1
:106C00000A431A60FFF70CFFC6E7C046FF7FFFFF8D
:106C1000FFFF00FC704770477047000070B504002C
:106C20008434227803000220012A11D01D0024227E
:106C3000012688352A601A6811681068B043106010
:106C40000448014000205866202311602B6020700A
:106C500070BDC046FFFFFFDFF8B5050084350B00AF
:106C600029780222012915D00600012104688836FE
:106C700022323260276822688A432260A168C900F4
:106C8000C9081943A160FFF757FF2023002227609E
:106C900033602A701000F8BDF8B5050084350A008D
:106CA00029780223012915D00600012104688836BD
:106CB00022333360276823688B432360A168064B27
:106CC00019401143A160FFF737FF2023276033608D
:106CD00000232B701800F8BDFFFFFFF103008C3379
:106CE0001B6870B504000220202B02D1002901D1BD
:106CF000012070BD002AFBD08020A568012340013F
:106D0000854204D12069002801D11942F0D1E366FF
:106D1000002320002367FFF7B9FE0028E9D1E26EC7
:106D2000012AE5D1102321680B62EFF3108182F371
:106D30001088226814682343136081F31088D8E711
:106D400010B5034B0100186800F030F810BDC046C4
:106D50005402002010B5034B0100186800F0EEFC4F
:106D600010BDC0465402002070B50F4E0D003168B2
:106D70000400002902D100F00DFC30602900200041
:106D800000F008FC431C03D101256D42280070BDB2
:106D90000323C51C9D43A842F8D0291A200000F007
:106DA000F9FB0130F2D1EFE708680020F7B50322C4
:106DB000CB1C9343083305001F000C2B34D20C2747
:106DC000B94233D8280000F071F8374E33681C0000
:106DD000002C2FD139002800FFF7C6FF0400431C08
:106DE0005FD134680094009B002B4AD1002C52D014
:106DF00023682800E3180099019300F0CBFB019B66
:106E0000834248D123682800FF1A3900FFF7ACFFFE
:106E1000013040D02368DB19236033685A68002AA8
:106E200033D1009B336019E0002BC9DA0C232B60AF
:106E30000020FEBD2168C91B20D40B290AD9E21904
:106E40002760A34204D1326063681160536005E09B
:106E50005A60F9E76268A3420ED13260280000F060
:106E60002DF8200007220B30231D9043C21A9842B0
:106E7000DFD01B1AA350DCE75A60EFE723006468F9
:106E8000A6E7009C63680093ADE71A005B68A34225
:106E9000FBD10023DAE70C2328002B6000F00EF86A
:106EA000C6E70760DAE7C0460C68002010B5024864
:106EB00000F0C1FB10BDC0465069002010B502486B
:106EC00000F0BAFB10BDC04650690020114B70B5F0
:106ED0001D6804002B6B002B16D11820FFF730FF24
:106EE000021E286304D146210B4B0C4800F008FC1D
:106EF0000B4B002103600B4B43600B4B83600B2358
:106F0000838101201061516100222B6B1C615A6149
:106F100070BDC046540200207F8D0108968D010887
:106F20000E33CDAB34126DE6ECDE0500164B10B51A
:106F30001C68236B002B16D11820FFF701FF021EDF
:106F4000206304D15221114B114800F0D9FB114BA1
:106F500000210360104B4360104B83600B2383813F
:106F6000012010615161246B0D4A206961690D4B4C
:106F7000F1F7EAFA0122002380185941206161618A
:106F80004800400810BDC046540200207F8D010813
:106F9000968D01080E33CDAB34126DE6ECDE0500A4
:106FA0002D7F954C2DF4515830B50024022B09D07B
:106FB000920803590D59013A05510B510434002A26
:106FC000F7DC30BD035D0D5D05550B550134131B1A
:106FD000002BF7DCF5E7F8B50F00160004001D00E4
:106FE0009847310000280DDA3800A847002802DA57
:106FF0003C002000F8BD31002000A8470028F8DA46
:107000003400F6E73800A8470028F1DC3100200002
:10701000A8470028F4DAECE7F0B599B000900393A4
:10702000009B170013430222080001929B0704D122
:107030003B1F1A00531E9A410192002304933C0007
:10704000009B4443DB190293009B1B1906930628FF
:1070500028D8029B069A93420CD3049B002B00D0A5
:1070600020E119B0F0BD3A0029002000019BFFF794
:107070009BFF0FE0029C0EE0E51B21002800039B14
:10708000984700280ADD019B002BECD123682A6871
:1070900022602B602C00009BA342EDD3029BDB19E6
:1070A0000293D6E746087E43009BE41B9E191C19F9
:1070B000072821D022000593282817D9C5087D4329
:1070C00059194A19039B0098FFF785FF310072197F
:1070D000039B0590701BFFF77EFF06006800201AD7
:1070E0002200039B4119FFF776FF02003100039B4A
:1070F0000598FFF770FF0600019B002B23D1009B32
:1071000032681B6800990A60336000232600029DE4
:1071100007930595A54233D828000099039B98470B
:1071200000282BDC0DD1019B002B13D1059B2A6875
:107130001B6805990A602B60059BDB1905930123E9
:107140000793ED19E6E73A003100019B0098FFF73D
:107150002BFFDAE73A002900019B0598FFF724FF8F
:10716000EAE7002809D1019B002B13D1236832687C
:10717000226033600123F61B0793E41BAC4210D25C
:10718000079B002B40D1029B069A934200D364E7F1
:10719000029C32E03A0031002000019BFFF704FF1F
:1071A000E8E720000099039B98470028D9DA019B63
:1071B000002B05D12B6822682A602360E41BBEE700
:1071C0003A0021002800019BFFF7EEFEF6E73A00A7
:1071D00029002000019BFFF7E7FE0DE0E51B2100E1
:1071E0002800039B984700280ADD019B002BEED165
:1071F00023682A6822602B602C00009BA342EDD3F9
:10720000029BDB190293BEE7059B009AEB1A0293DF
:10721000059B9A1A029B9A4200DD1A00002A04D0AC
:10722000019B0098A91AFFF7BFFE069B341B9A1B0F
:10723000D21BA24200D92200002A05D0069B2800BA
:10724000991A019BFFF7B0FE069B029E1D1BB442DC
:1072500005D8230034001E002B00009D0093BE4281
:107260002BD9049B072B11D808AADB009D503900AD
:107270009B1820001D00F0F759FF049B6860013344
:10728000390030000493F0F751FFD8E639003000A0
:10729000F0F74CFF3A000100039B0098FFF7BCFE9B
:1072A000BC420DD8049B08AA013B0493DB009A580A
:1072B000009208AA9B185868C1E6BC4200D8CCE6E8
:1072C00039002000F0F732FF0095B8E6002310B532
:1072D000040003604360836081814366C28103616F
:1072E00043618361190008225C3000F011F90B4BF7
:1072F000246263620A4BA3620A4BE3620A4B236374
:107300000A4B9C4205D00A4B9C4202D0094B9C423E
:1073100003D12000583000F08DF910BD55740108DC
:107320007D740108B5740108E1740108106800203B
:1073300078680020E068002010B5034A034904483B
:1073400000F06CF810BDC04648020020DD7801084E
:107350005802002041680B4B10B50400994201D03F
:1073600000F0BCFAA168084B994202D0200000F05E
:10737000B5FAE168054B994202D0200000F0AEFA60
:1073800010BDC0461068002078680020E06800202A
:1073900010B5094B094A04211A6009480022FFF779
:1073A00095FF012209210748FFF790FF02221221D1
:1073B0000548FFF78BFF10BD4869002039730108AD
:1073C0001068002078680020E068002010B50248AE
:1073D00000F031F910BDC0465169002010B50248D7
:1073E00000F02AF910BDC0465169002010B5040014
:1073F000FFF7ECFF236A002B02D0FFF7EFFF10BD71
:10740000044B2362044B1B68002BF6D1FFF7C0FF2F
:10741000F3E7C0465573010848690020F7B514002A
:10742000002600900191A5686768013F04D5246893
:10743000002CF8D13000FEBDAB89012B08D90E22FB
:10744000AB5E013304D029000098019B98470643A6
:107450006835EAE770B50C000E25495F00F086F844
:10746000002803DB636D1B18636570BDA389024AA6
:107470001340A381F9E7C046FFEFFFFFF8B51F00F7
:107480008B8905000C001600DB0505D50E23C95EAF
:107490000022022300F056F8A389054A2800134071
:1074A000A38132000E23E15E3B0000F085F8F8BDB9
:1074B000FFEFFFFF70B50C000E25495F00F042F8AA
:1074C000A389421C03D1054A1340A38170BD8022C9
:1074D00052011343A3816065F8E7C046FFEFFFFF49
:1074E00010B50E23C95E00F01BF810BD10B5884220
:1074F00002D98B18984208D300239A4207D0CC5C5B
:10750000C4540133F9E78B5C8354013AFBD210BDBC
:1075100003008218934200D1704719700133F9E7D4
:10752000002370B5064D040008002B60F9F7D2FC6B
:10753000431C03D12B68002B00D0236070BDC046D4
:107540004C69002070B50400080011001A000023E7
:10755000054D2B60F9F7C8FC431C03D12B68002BA9
:1075600000D0236070BDC0464C69002070B5040097
:10757000080011001A000023054D2B60F9F790FC5C
:10758000431C03D12B68002B00D0236070BDC04684
:107590004C690020002370B5064D040008002B60E4
:1075A000F9F7A4FC431C03D12B68002B00D0236007
:1075B00070BDC0464C69002070B504000800110081
:1075C0001A000023054D2B60F9F777FC431C03D10B
:1075D0002B68002B00D0236070BDC0464C69002092
:1075E000014B18687047C0465402002070B5002651
:1075F0000C4C0D4D641BA410A64209D1002601F0CD
:10760000F3FA0A4C0A4D641BA410A64205D170BDC2
:10761000B300EB5898470136EEE7B300EB589847B4
:107620000136F2E7D08E0108D08E0108D48E010811
:10763000D08E0108704770477047002310B59A42FA
:1076400000D110BDCC5CC4540133F8E7F8B50D008F
:1076500017006B00274A5B0D9A180E00040001000A
:10766000132A21DC002A07DA0022EE0FF3073A6022
:107670007B6029002000F8BD1F48104103002B400B
:10768000234305D1F60F3C607D601C00F507F0E751
:10769000864300223300200029003A607B60F3F724
:1076A0009DFB04000D00E4E7332A15DD29003C6052
:1076B0007D6000F04FF900280AD122002B00200045
:1076C0002900F2F7A5F804000D003C607D60D0E7CA
:1076D000EE0F0024F507CCE70120084A40429B1832
:1076E000D840030023402042CCD081432B000A0025
:1076F000D1E7C04601FCFFFFFFFF0F00EDFBFFFFDE
:107700007FB514001A00094B05001B680E00D868ED
:10771000074B002C01D1074B1C0007490193029431
:107720002B00009600F006F900F044F95402002006
:10773000EE8D0108298E0108FB8D010870B505004A
:107740000C1E10D0043C2368002B00DAE41828003B
:10775000FFF7ACFB1D4A1368002B05D16360146072
:107760002800FFF7ABFB70BDA34208D920682118A1
:107770008B42F3D119685B6809182160EEE71A00A3
:107780005B68002B01D0A342F9D911685018A042C0
:107790000BD120680918501811608342E0D1186895
:1077A0005B68411811605360DAE7A04202D90C23EC
:1077B0002B60D5E7206821188B4203D119685B68DC
:1077C0000918216063605460CAE7C0460C68002055
:1077D000F7B50C228B5E05000C001A0756D44A68D8
:1077E000002A02DC0A6C002A4EDDE76A002F4BD02B
:1077F000002280202E682A601A004001216A02407F
:10780000034233D0626DA3895B0706D56368D21A41
:10781000636B002B01D0236CD21A00232800E76A87
:10782000216AB847A289431C06D129681D2946D878
:10783000294BCB40DB0742D50023636023692360DB
:10784000D20405D5431C02D12B68002B00D1606502
:10785000616B2E60002917D023004433994202D077
:107860002800FFF76BFF002363630DE0012328006E
:10787000B8470200431CC6D12B68002BC3D01D2B78
:1078800001D0162B1AD12E6000201EE00E69002EAA
:10789000FAD00F680E60BA1B019200229B0700D13C
:1078A0004A69A260019B002BEEDDA36A32001F0033
:1078B0002800019B216AB847002807DCA2894023E1
:1078C000012013431BB2A3814042FEBD019B361829
:1078D0001B1A0193E6E7C046010040200B6970B512
:1078E00005000C00002B02D10025280070BD0028E7
:1078F00004D0036A002B01D1FFF778FD0C22A35EB0
:10790000002BF1D0626ED20704D49B0502D4A06D87
:10791000FFF791FE28002100FFF75AFF636E050074
:10792000DB07E2D4A3899B05DFD4A06DFFF784FEBB
:10793000DBE700000EB417B5054C05AB04CB010026
:107940002068019300F064F81EBC08BC03B018471F
:10795000540200200B0070B50400020001001C431B
:107960000220002C06D080200006834203D14B1E4B
:107970009941881C70BD0C48590049080B4C0E18E1
:107980000420A642F6D9802401386403A342F1D32F
:1079900080252D065D19A542ECD3054C0020A1429F
:1079A000E8D150425041E5E70000F0FFFFFFDF7FE4
:1079B0000000F07F062010B500F08CFB0120F9F7E5
:1079C00069FA936810B5013B9360002B04DA94695F
:1079D000A34207DB0A2905D01368581C10601970F0
:1079E000080010BD00F0ACFA0100F9E7F8B5060098
:1079F0000F001400D518AC4201D1002007E0217817
:107A00003A003000FFF7DDFF0134431CF3D1F8BD2D
:107A1000F0B5A1B00F0015001E000390002804D09F
:107A2000036A002B01D1FFF7E1FC7B6EDB0705D475
:107A3000BB899B0502D4B86DFFF7FDFDBB891B0711
:107A400002D53B69002B13D13900039800F0BAFA34
:107A500000280DD07B6EDB0703D50120404221B00A
:107A6000F0BDBB899B05F8D4B86DFFF7E5FDF4E7E1
:107A7000002308AC6361203363761033A376079646
:107A80002E003378002B01D0252B48D1731B059392
:107A9000AE420BD02A0039000398FFF7A7FF013050
:107AA00000D1AEE06369059A9B1863613378002BBF
:107AB00000D1A6E0012200235242626004A95432A0
:107AC0005218751C2360E360A3601370A365594BC3
:107AD000052218002978059300F01CFB6E1C002875
:107AE0001FD12268D30604D5532304A95B18202193
:107AF0001970130704D5532304A95B182B2119709F
:107B00002B782A2B16D02E0000210A20E368327829
:107B1000751C303A092A50D9002911D117E00136D5
:107B2000AFE7059B2268C01A012383401343350049
:107B30002360CCE7079B191D1B680791002B01DB15
:107B40000B9304E05B42E36002231343236033782A
:107B50002E2B0CD173782A2B34D1079B02361A1D99
:107B60001B680792002B01DA01235B420993324D17
:107B700003222800317800F0CDFA002806D04023F7
:107B8000401B83402268013613432360317806226C
:107B90002A48751C217600F0BDFA002840D0284BF9
:107BA000002B22D10722079B073393430833079307
:107BB0006369049A9B18636162E743432E000121C5
:107BC0009B18A4E700230A2019000136636032786D
:107BD000751C303A092A03D9002BC8D00991C6E791
:107BE00041432E0001238918F1E707AA00922100E2
:107BF0003A00144B039800E000BF0490049B01334B
:107C0000D6D17B6EDB0705D4BB899B0502D4B86D4A
:107C1000FFF712FDBB895B0600D51EE70D981EE736
:107C200007AA009221003A00064B039800F07CF866
:107C3000E3E7C0462A8E0108308E0108348E010821
:107C400000000000ED790108F7B5160001938A687D
:107C50000B690C000090934200DA1300220033609D
:107C600043321278002A01D00133336023689B0627
:107C700002D53368023333602268062315001D40A5
:107C80001A4227D0230043331B785A1E934122689F
:107C9000920630D4220001990098089D4332A847EB
:107CA000013025D00622236800251340042B05D17E
:107CB0003368E568ED1AEB43DB171D40A3682269C2
:107CC000934201DD9B1AED180026B54220D1002019
:107CD00010E00135E36832689B1AAB42D2DD220026
:107CE000012301990098089F1932B8470130F0D15B
:107CF00001204042FEBD3020E118433108702100D0
:107D00005A1C45310978A218433202331170C1E779
:107D10002200012301990098089F1A32B8470130C8
:107D2000E6D00136D1E70000F0B58BB006920A002C
:107D300043320793059003920A7E0C00109B782A29
:107D400009D8622A0BD8002A00D1BAE07A490491F6
:107D5000582A00D18EE0250042352A7022E010001A
:107D600063381528F7D8F0F7D7F916001F00F6FF8B
:107D7000F6FFF6FFF6FF1F00F6FFF6FFF6FFF6FF31
:107D80009F0036007E00F6FFF6FFB000F6FF3600DB
:107D9000F6FFF6FF820025001A684235111D1960B2
:107DA00013682B7001239EE018680968021D0D06F8
:107DB0000BD506681A60002E03DA2D23039A76424B
:107DC00013705D4B0A27049318E006681A60490691
:107DD000F1D536B2EFE70868196840C9050602D444
:107DE000400600D5B6B21960534B0A2704936F2A98
:107DF00000D1023F2300002243331A706368A3605E
:107E0000002B06DB04212268039D8A432260334352
:107E10000CD0039D30003900F0F70EFA049B013DB1
:107E20005B5C2B70330006009F42F3D9082F09D109
:107E30002368DB0706D5626823699A4202DC302397
:107E4000013D2B70039B5B1B2361079B210000936B
:107E50000598069B09AAFFF7F7FE013048D10120DB
:107E600040420BB0F0BD202209680A43226078220C
:107E700032490491210045310A701968226840C9CD
:107E8000100602D4500600D5B6B21960D30702D549
:107E9000202313432360002E01D01027AAE72022BD
:107EA000236893432360F8E71A680D68101D496939
:107EB000186013682E0601D5196002E06D06FBD527
:107EC00019800023039D2361BFE71A68111D196003
:107ED000156800212800626800F01CF9002801D014
:107EE000401B6060636823610023039A1370ACE752
:107EF0002A00236906990598079DA8470130AED04E
:107F000023689B0715D4099BE0689842A9DA1800FA
:107F1000A7E72200012306990598079E1932B0476A
:107F200001309CD00135E368099A9B1AAB42F0DC22
:107F3000E9E70025F7E7C0463B8E01084C8E0108B3
:107F4000F8B506000D001400002804D0036A002BC9
:107F500001D1FFF74BFAA369A360A3891B0702D5E0
:107F60002369002B09D12100300000F02BF80028F4
:107F700003D001256D422800F8BD23692068EFB2C7
:107F8000C01A6369EDB2834205DC21003000FFF7BF
:107F9000A5FC0028EDD1A3680130013BA360236854
:107FA0005A1C22601F706369834204D0A389DB07D7
:107FB000E1D50A2DDFD121003000FFF78FFC00282A
:107FC000D9D0D6E72D4B70B5050018680C000028F5
:107FD00004D0036A002B01D1FFF708FA0C22A35E3C
:107FE0001A0723D4DA0607D409222A604022012086
:107FF0001343A38140423AE05B0713D5616B00292C
:1080000008D023004433994202D02800FFF796FBA2
:10801000002363632422A3899343A3810023636025
:10802000236923600823A2891343A3812369002BBA
:108030000BD1A0218022A389890092000B4093429A
:1080400003D02100280000F09BF80C22A35E012140
:108050001A000A400B420BD00022A2606269524211
:10806000A26100202269824201D11A06BED470BDED
:10807000990700D46269A260F3E7C0465402002069
:1080800070B504000D001F2904D9162303600120D8
:10809000404270BDC36B002B04D08A009B181A6845
:1080A000002A08D1200000F031F82A000100200049
:1080B00000F01AF8EDE7012A09D0511C03D116236C
:1080C00003600120E5E700212800196090470020A7
:1080D000DFE7000010B5034B01001868FFF7D0FF81
:1080E00010BDC04654020020002370B5064D0400A8
:1080F000080011002B60F8F7C5FE431C03D12B6864
:10810000002B00D0236070BD4C69002010B5F8F73B
:10811000B7FE10BDC9B28218904201D1002070474D
:1081200003788B42FBD00130F6E7000070B50E00FB
:108130001D000E23C95E140096B000290CDAB28926
:108140008023110019401A4214D18023DB00002043
:108150002960236016B070BD6A4600F053F800280D
:10816000EDDBF02301991B021940044BC9184B4267
:108170005941EAE700214023E9E7C04600E0FFFF5C
:10818000F0B502268B8905000C0085B0334207D07C
:1081900023004733236023610123636105B0F0BDF1
:1081A00003AB02AAFFF7C2FF029F0190390028002B
:1081B000FEF7FCFD002808D10C22A35E9A05EDD441
:1081C000032293431E43A681E2E78023A289206015
:1081D0001343A381039B20616761002B0CD028000F
:1081E0000E23E15E00F020F8002805D00323A289C9
:1081F0009A43023B1343A381A389019A1343A381AA
:10820000CCE70000002370B5064D04000800110003
:108210002B60F8F762FE431C03D12B68002B00D0C3
:10822000236070BD4C690020002370B5064D04002A
:1082300008002B60F8F756FE431C03D12B68002B77
:1082400000D0236070BDC0464C690020F8B5040022
:108250000D0000F081F906000F002000290000F059
:1082600089F800280DD0200029000F4A0F4BF0F7A5
:10827000FDF8002808D0FFF7B3F9222300260C4FA1
:10828000036030003900F8BD20002900094A0A4B7C
:10829000F0F7D8F80028F4D0FFF7A2F9222300263F
:1082A00000270360EDE7C046EF39FAFE422E864014
:1082B0000000F07F51302DD5104987C0F8B504007B
:1082C0000D0000F0B1FA220006000F002B00200084
:1082D0002900F3F78DF9002815D100220023200092
:1082E0002900F0F7C3F800280DD100220023200058
:1082F0002900F0F7A1F8002808D0FFF771F9222330
:108300000026074F036030003900F8BDFFF768F919
:1083100021230360034800F035F806000F00F2E760
:108320000000F0FF298E0108F8B504000D0000F0F0
:108330002FF8220006000F002B0020002900F3F781
:1083400057F9002813D10022002320002900F0F75C
:1083500079F800280BD0FFF743F9212300220360AE
:10836000002310001900F1F719FE06000F0030007D
:108370003900F8BD024B48004008C018C00F7047D4
:1083800000001080002001497047C0460000F87FBF
:10839000F0B50A000D006B4904000300080087B027
:1083A0002840884211D122002B0020002900F2F73A
:1083B0002FFA02000B0020002900F1F729FA04002F
:1083C0000D002000290007B0F0BD002D11DC690070
:1083D00049082143F5D00020854210D022002B000F
:1083E00020002900F2F7FAFC02000B00F1F7D6FD9D
:1083F000E5E7281515D180240021640307E0DA0A97
:1084000015385B05002AFAD0F5E752000131224207
:10841000FBD04C1E001B20241D00641AE5408B403D
:108420002A434949120344188021120B490311437E
:10843000C00703D4DA0F490051185B000025621011
:10844000490080240592DA0F5218162029005B009B
:10845000A4030E19964202DC3119921B2D19DE0F6E
:108460005200013892195B0064080028F1D12026DF
:108470008027040004963F063E18B4468A4202DC78
:1084800014D19E4212D860466646C0190091002E53
:1084900003DAC643F60F8E190096521A63458941D6
:1084A0004942521A61465B1A0099E419DE0F5200E4
:1084B0009219049E5B00013E7F080496002EDBD1DA
:1084C0001A431FD0214E224F306871683A687B688A
:1084D000009201933268736802920393009A019BA1
:1084E000F2F77CFC02000B0002980399EFF7B4FF4F
:1084F000002807D0306871683A687B68671C0CD127
:10850000049C0135134A6B109B18059AED0764080B
:10851000120525432800D11851E7F1F779F977685A
:10852000366802000B0030003900EFF78BFF00289F
:1085300004D0023463426341ED18E3E701230134C0
:108540009C43DFE70000F07F01FCFFFF908E0108F5
:10855000888E01080000E03FF0B54B000F00CC0F03
:108560009149060089B05B088B422ED98F498B4216
:1085700011D93B031B0B034306D002003B00300024
:108580003900F1F745F910E0002C00D009E1300086
:10859000390009B0F0BD3900854A864BEFF766FF18
:1085A000051E05D0002000F017FB06000F00EEE7C7
:1085B00030003900804A814BEFF744FF002800D19A
:1085C0007DE0280000F001FBEFE77D4A934200D8F0
:1085D0009EE07C4A934272D87B4BE5005B191A6897
:1085E0005B683900F2F7FAFB784B029003915B1954
:1085F0001A685B6804920593012363401B1B019377
:10860000049A059B02980399F2F7E8FB06000F0015
:1086100032003B0030003900F2F7FAF804000D0098
:108620006B4A6C4BF2F7F4F86B4A6C4BF2F7D6FBE3
:1086300022002B00F2F7ECF8694A6A4BF1F7E8F8F0
:1086400022002B00F2F7E4F8674A684BF2F7C6FB0A
:1086500022002B00F2F7DCF8654A664BF1F7D8F8F8
:1086600022002B00F2F7D4F802000B003000390092
:10867000F2F7B4FB0B00020004000D0030003900DB
:10868000F2F7C6F8019B06900791002B56D1802384
:10869000002220002900DB05F2F7A0FB02000B00FE
:1086A00006980799F1F77AFC32003B00F2F796FB47
:1086B00002000B0000205049F2F790FB75E74F4B8A
:1086C000E4001C194E4A4F4B30003900F2F7A0F875
:1086D00022686368F1F79CF8F2F7ACFF0190F2F7BB
:1086E000E5FF494A494B04000D00F2F791F80200FA
:1086F0000B0030003900F2F771FB454A02900391FC
:10870000444B20002900F2F783F80490059177E7A5
:10871000414A93420DD8414A414B3900F1F778F86C
:108720000022354BEFF7A2FE002805D00022324B85
:1087300025E7002301936BE7019069E780212B0077
:1087400022000020C905F2F749FB02000B00069841
:108750000799F1F723FC02000B0004980599F2F742
:108760003DFB029A039BF2F739FB02000B0000204D
:108770002149F2F733FB2B4B019A0D009A4203DBA0
:10878000110506004F1902E7FA2292009446019B58
:10879000002263441B055918B8235B04F2F738F82C
:1087A00003E700260027F2E6412E8640FFFFEF7F19
:1087B000EF39FAFE422E864051302DD5104987C040
:1087C000422ED63FB1A2F03FA88E0108988E010834
:1087D000D0A4BE726937663EF16BD2C541BDBB3EC7
:1087E0002CDE25AF6A56113F93BDBE166CC1663FA5
:1087F0003E5555555555C53F0000F03FB88E010810
:10880000FE822B654715F73F0000E0FE422EE63F53
:10881000763C7935EF39EA3DFFFFEF3D9C750088E6
:108820003CE4377E03FCFFFF8023F0B55B030E00C2
:108830008DB0994223DA4B005B08034307D1002235
:1088400000230020B449F1F7A9FB0DB0F0BD0029C9
:1088500006DA02000B00F2F7C1FA00220023F2E769
:10886000AE4B0022F1F7D4FF36230E005B42AC4A38
:10887000964206DD02000B00F0F7CAFFE5E7002391
:10888000F5E7A84C321512193603A74CD218330B52
:1088900002931B19802464032340A44C029D5C4076
:1088A0001B159B1825430022009329009F4BF2F7CC
:1088B00095FA029B060002331B030F0000221B0BDC
:1088C000022B64DC0023EFF7B7FD002819D0009BD2
:1088D000002B00D11CE11800F2F7E8FE944A954BFA
:1088E00004000D00F1F794FF934A06000F00934B2C
:1088F00020002900F1F78CFF02000B003000390046
:10890000BAE78F4A8F4B30003900F1F781FF020040
:108910000B0000208C49F2F761FA320004000D00D0
:108920003B0030003900F1F773FF0B000200290013
:108930002000F1F76DFF009B02900391002B06D100
:1089400002000B0030003900F2F748FA7DE700988A
:10895000F2F7ACFE764A774B04000D00F1F758FFB2
:10896000754A00900191754B20002900F1F750FFE6
:1089700002000B0002980399F2F730FA32003B0034
:10898000F2F72CFA02000B0000980199DCE7802333
:10899000DB05F0F73DFF02000B0030003900F1F776
:1089A000FDFA049005910098F2F780FE049A059B69
:1089B0000690079110001900F1F72AFF634A029B05
:1089C0009446634402000B930B0008900991F1F761
:1089D0001FFF04000D005E4A5E4BF1F719FF5E4A6F
:1089E0005E4BF0F715FF22002B00F1F711FF5C4AF8
:1089F0005C4BF0F70DFF22002B00F1F709FF5A4AFC
:108A00005A4BF0F705FF089A099BF1F701FF584A06
:108A100008900991574B20002900F1F7F9FE564ABA
:108A2000564BF0F7F5FE22002B00F1F7F1FE544A09
:108A3000544BF0F7EDFE22002B00F1F7E9FE0200A7
:108A40000B0008980999F0F7E3FE029A4E4B0400D8
:108A50009B1A0B9A0D001343002B34DD00223A4B76
:108A600030003900F1F7D4FE32003B00F1F7D0FEC0
:108A700002000B000290039120002900F0F7C8FECD
:108A8000049A059BF1F7C4FE009B04000D00002B27
:108A900006D102000B0002980399F2F79FF94FE705
:108AA000234A244B06980799F1F7B2FE224A009018
:108AB000019106980799214BF1F7AAFE22002B009D
:108AC000F0F7A6FE54E702000B0030003900F2F781
:108AD00085F9049A059BF1F79BFE009B04000D00AD
:108AE000002B02D102000B002CE7114A114B069813
:108AF0000799F1F78DFE104A0090019106980799A9
:108B00000E4BF1F785FE02000B002000290033E731
:108B10000020002199E6C046000050C300005043E9
:108B2000FFFFEF7F01FCFFFF645F09000000F03FE3
:108B30000000E0FE422EE63F763C7935EF39EA3D13
:108B4000555555555555D53F0000E03F86EBF9FF8B
:108B500044523EDF12F1C23FDE03CB966446C73F6C
:108B6000599322942449D23F935555555555E53F85
:108B70009FC678D0099AC33FAF788E1DC571CC3F90
:108B800004FA97999999D93F51B8060070B50D002C
:108B900016000400FEF724FD29000660200070BDC9
:108BA00037B514001D00002802D0802109065B188B
:108BB00000920193009A019B20002900F1F728FE02
:108BC0002222FFF7E3FF03B030BD802310B500225F
:108BD0005B05FFF7E5FF10BDE02310B50022DB05C4
:108BE000FFF7DEFF10BD0000F8B5C046F8BC08BCBA
:108BF0009E467047F8B5C046F8BC08BC9E46704714
:108C0000A089B0E1E995B23FECC039234A7BC33F6C
:108C10000A68226C787ACD3FB81E85EB51B8DE3FEA
:108C2000000000000000F03F0F9C33A2B437F93F72
:108C30008A1F63EE5A420140A54E4013614306402D
:108C4000EF38454772790940000000003F8000007E
:108C500000000000228D00084E8C0008388C0008AF
:108C6000B48C0008388C0008E88C0008388C0008A8
:108C7000B48C00084E8C00084E8C0008E88C00086C
:108C8000B48C0008248C0008248C0008248C000874
:108C9000F28C00084E8C00084E8C0008388C0008BE
:108CA0008E8D0008388C0008E88C0008388C00088D
:108CB0008E8D00084E8C00084E8C0008E88C000851
:108CC0008E8D0008248C0008248C0008248C000859
:108CD000D0A100088EA000086CA0000858A00008D1
:108CE0006CA0000872A100086CA0000858A0000841
:108CF0008EA000088EA0000872A1000858A00008ED
:108D000050A0000850A0000850A0000894A100083E
:108D10000000000000000000000000000000000053
:108D20000100000002000000030000000400000039
:108D30000000000000000000000000000000000033
:108D40000000000000000000000000000000000023
:108D50000100000002000000030000000400000009
:108D600006000000070000000800000009000000E5
:108D700053544D5F31302E31302E33304352005238
:108D800045454E54206D616C6C6F63207375636351
:108D90006565646564002F6275696C642F676E7524
:108DA0002D746F6F6C732D666F722D73746D33320B
:108DB0005F31332E332E72656C312E3230323430C7
:108DC0003932362D313731352F7372632F6E657717
:108DD0006C69622F6E65776C69622F6C6962632FB4
:108DE0007374646C69622F72616E642E63002C2050
:108DF00066756E6374696F6E3A2000617373657295
:108E000074696F6E2022257322206661696C656427
:108E10003A2066696C6520222573222C206C696ECD
:108E200065202564257325730A00232D302B20002F
:108E3000686C4C0065666745464700303132333414
:108E400035363738394142434445460030313233B4
:108E50003435363738396162636465660000010075
:108E600002000400060008000A000C0010002000A8
:108E70004000800000010804020408010101010112
:108E8000010307010000000059F3F8C21F6EA5019D
:108E9000000000000000F03F763C7935EF39EA3DF4
:108EA000763C7935EF39EABD0000E0FE422EE63F20
:108EB0000000E0FE422EE6BF000000000000E03FA0
:088EC000000000000000E0BF0B
:088EC80048F7FE7F01000000E5
:048ED000E580000831
:048ED400BD80000855
:108ED8000000000000002E400E2DB29DEFFF58400C
:108EE8000000000000002E402100000009000000E2
:108EF80001000000000400502000000000040050A1
:108F08001000000000080050001000000000005091
:108F1800000800000004005008000000000C005089
:108F28000400000000080050002000000008005065
:108F3800000800000008005000020000000800506F
:108F48000004000000080050000100000004005068
:108F580004000000000C0050010000000000005058
:108F6800040000000000005008000000000C005041
:108F780000010000000C005000020000000C00502E
:108F880040000000000C00502000000000040050C9
:108F98000080000000040050004000000004005061
:108FA80000200000000400500010000000040050E1
:108FB80000080000000400500004000000040050F5
:108FC80000020000000400500001000000080050EA
:108FD8008000000000080050400000000008005019
:108FE8002000000000080050100000000008005099
:108FF80008000000000800500400000000080050AD
:1090080002000000000800500100000001010000FB
:109018000024F400000000000F0000000800000019
:109028000000000000003E400000000000406F40CB
:1090380000000000000000400000000000C0924056
:10904800000000000000894001000000000100004D
:109058000100000000000000000000000000000007
:109068000F000000070000000000000000004E4054
:109078000000000000005440000000000000F03F25
:109088000000000000F891400000000000E085406A
:1090980001000000000100000100000000000000C5
:1090A80000000000000000000101010002000000B3
:1090B80001010000000000000000000000000000A6
:1090C8000000000000C092400000000000488C40F2
:1090D8000900000009000000010000000F00000066
:1090E80000000000000069400000000000D0864039
:1090F8000000000000005940000000000000594036
:109108000000000000D086400100000001000000BF
:10911800010B010004000000000000000300000033
:10912800106800205802002000000000106800208D
:1091380078680020E06800200000000000000000BF
:109148000000000000000000000000000000000017
:109158000000000000000000000000000000000007
:1091680000000000000000000000000000000000F7
:0491780000000000F3
:0400000508014A1193
:00000001FF
