:020000040800F2
:10800000009000202D490108ED070108EF07010845
:108010000000000000000000000000000000000060
:10802000000000000000000000000000F10701084F
:108030000000000000000000F3070108F507010838
:108040007D4901087D4901087D4901087D490108F4
:108050007D4901087D4901087D4901087D490108E4
:108060007D490108FD0701087D4901087D49010896
:108070007D4901087D4901087D4901087D490108C4
:108080007D4901080D0801081D0801082D08010897
:108090007D4901083D0801084D0801087D49010896
:1080A0007D4901087D4901087D4901085D080108F5
:0C80B0007D4901087D4901087D49010857
:1080BC0010B5064C2378002B07D1054B002B02D0B2
:1080CC00044800E000BF0123237010BDB80200205B
:1080DC0000000000048B0108044B10B5002B03D0EA
:1080EC000349044800E000BF10BDC046000000007A
:1080FC00BC020020048B010802B4714649084900F7
:10810C00095C49008E4402BC7047C04603B47146FA
:10811C00490840004900095E49008E4403BC704781
:10812C00002243088B4274D303098B425FD3030AAA
:10813C008B4244D3030B8B4228D3030C8B420DD3BD
:10814C00FF22090212BA030C8B4202D3121209024B
:10815C0065D0030B8B4219D300E0090AC30B8B4289
:10816C0001D3CB03C01A5241830B8B4201D38B0337
:10817C00C01A5241430B8B4201D34B03C01A5241DC
:10818C00030B8B4201D30B03C01A5241C30A8B421F
:10819C0001D3CB02C01A5241830A8B4201D38B020A
:1081AC00C01A5241430A8B4201D34B02C01A5241AE
:1081BC00030A8B4201D30B02C01A5241CDD2C30920
:1081CC008B4201D3CB01C01A524183098B4201D39C
:1081DC008B01C01A524143098B4201D34B01C01A87
:1081EC00524103098B4201D30B01C01A5241C308FF
:1081FC008B4201D3CB00C01A524183088B4201D36E
:10820C008B00C01A524143088B4201D34B00C01A59
:10821C005241411A00D20146524110467047FFE7C5
:10822C0001B5002000F0F0F802BDC0460029F7D0DF
:10823C0076E7704703460B437FD4002243088B42FA
:10824C0074D303098B425FD3030A8B4244D3030BD1
:10825C008B4228D3030C8B420DD3FF22090212BA96
:10826C00030C8B4202D31212090265D0030B8B4212
:10827C0019D300E0090AC30B8B4201D3CB03C01AFC
:10828C005241830B8B4201D38B03C01A5241430BD7
:10829C008B4201D34B03C01A5241030B8B4201D3C7
:1082AC000B03C01A5241C30A8B4201D3CB02C01A32
:1082BC005241830A8B4201D38B02C01A5241430AAA
:1082CC008B4201D34B02C01A5241030A8B4201D399
:1082DC000B02C01A5241CDD2C3098B4201D3CB0140
:1082EC00C01A524183098B4201D38B01C01A5241EF
:1082FC0043098B4201D34B01C01A524103098B42F3
:10830C0001D30B01C01A5241C3088B4201D3CB00DD
:10831C00C01A524183088B4201D38B00C01A5241C0
:10832C0043088B4201D34B00C01A5241411A00D270
:10833C0001465241104670475DE0CA0F00D04942D9
:10834C00031000D34042534000229C4603098B4249
:10835C002DD3030A8B4212D3FC22890112BA030AD1
:10836C008B420CD3890192118B4208D38901921153
:10837C008B4204D389013AD0921100E08909C309D8
:10838C008B4201D3CB01C01A524183098B4201D3DA
:10839C008B01C01A524143098B4201D34B01C01AC5
:1083AC00524103098B4201D30B01C01A5241C3083D
:1083BC008B4201D3CB00C01A524183088B4201D3AC
:1083CC008B00C01A5241D9D243088B4201D34B00C7
:1083DC00C01A5241411A00D20146634652415B1009
:1083EC00104601D34042002B00D5494270476346EA
:1083FC005B1000D3404201B5002000F005F802BD2F
:10840C000029F8D016E770477047C0468446100024
:10841C0062468C461900634600E0C0461FB502F068
:10842C0083F9002801D40021C8421FBD10B502F009
:10843C00C7F84042013010BD10B502F075F90028A4
:10844C0001DB002010BD012010BDC04610B502F0AC
:10845C006BF9002801DD002010BD012010BDC046C5
:10846C0010B502F0F1F8002801DC002010BD01204D
:10847C0010BDC04610B502F0E7F8002801DA002064
:10848C0010BD012010BDC046844608006146FFE7C0
:10849C001FB500F0FBFC002801D40021C8421FBD11
:1084AC0010B500F083FC4042013010BD10B500F057
:1084BC00EDFC002801DB002010BD012010BDC046E2
:1084CC0010B500F0E3FC002801DD002010BD0120F8
:1084DC0010BDC04610B500F091FC002801DC002056
:1084EC0010BD012010BDC04610B500F087FC00285F
:1084FC0001DA002010BD012010BDC046002B11D1A7
:10850C00002A0FD1002900D1002802D00021C94334
:10851C00080007B4024802A14018029003BDC046EF
:10852C00E9FEFFFF03B4684601B5029800F06AF853
:10853C00019B9E4602B00CBC7047C046F0B5CE46BF
:10854C009946030C9C46130447461B0C1D000E0059
:10855C0061460404240C80B50700100C4B436543A2
:10856C00414360432C0CC01824188C46A34203D9F9
:10857C0080235B029846C444494679435643230CF6
:10858C002D042D0C8919634424046019C918C0BC2E
:10859C00B946B046F0BDC0469E2110B5C905041CB5
:1085AC00FFF7A2FF002803D1201C01F075F810BDC5
:1085BC009E21201CC90500F00BFE01F06DF88023F4
:1085CC001B069C466044F2E770B500220C4B04007D
:1085DC000D00FFF74FFF002804D12000290003F005
:1085EC0023F870BD064B00222000290002F0F0FB9E
:1085FC0003F01AF880231B069C466044F1E7C04642
:10860C000000E041F0B557464E464546DE46E0B523
:10861C0004000D009246994683B08B4230D82DD081
:10862C004946504603F076F929000600200003F075
:10863C0071F9331A9846203B34D49B4653465A461C
:10864C00934042461F00534693401E00AF423BD816
:10865C00AF4200D179E05B46A41BBD41002B00DA90
:10866C0076E0002200230092019301235A469340A6
:10867C000193012342469340009329E08242CFD9D3
:10868C0000220023009201930C9B002B01D01C6054
:10869C005D600098019903B0F0BCBB46B246A94698
:1086AC00A046F0BD42469B4620239B1A5246DA4018
:1086BC00414613004A468A40170042461F43534620
:1086CC0093401E00AF42C3D90022002300920193B5
:1086DC004346002BD8D0FB0772081A4346467B084A
:1086EC000EE0AB4201D1A2420CD8A41A9D4101204C
:1086FC0024196D410021013E24184D41002E06D055
:10870C00AB42EED9013E24196D41002EF8D10098F0
:10871C0001995B4600196941002B24DB2B005A465A
:10872C004446D3402A00E2401C005B461500002B57
:10873C002ADB26009E40330026004746BE4032000E
:10874C00801A9941009001919EE7A342BCD882E720
:10875C004246202300219B1A002200910192012203
:10876C00DA40019285E7424620239B1A2A004646AE
:10877C009A402300F340444613432A00E2401C0075
:10878C005B461500002BD4DA42462F00202326002E
:10879C0097409B1ADE403B003343CDE7F8B54B02C4
:1087AC005A0A94464A00C90FCE46474689464500A8
:1087BC0046022D0E120E80B59909770AC40FB60920
:1087CC00AB1A4C4520D0002B0CDD002A34D10029EB
:1087DC002AD05A1E012B00D18FE0FF2B00D1CDE007
:1087EC0013002FE0002B60D0531B002D00D0EEE0C7
:1087FC00002E00D13EE15C1E012B00D16BE1FF2B62
:10880C0000D1B9E02300E7E0002B00DCA4E0002A53
:10881C0069D0FF2D00D1B1E08022D20411431B2B73
:10882C0000DCE9E02B000536F708FF2B00D1A5E0B2
:10883C007A02520AD8B230E0FF2D00D19EE080229D
:10884C00D204114301201B2B08DC08002022D84045
:10885C00D31A99400B005A1E93411843361A7301D0
:10886C0000D471E0B601B709380003F035F83B00CD
:10887C000538834085424DDDB44E2D1A1E405A07F3
:10888C0068D00F221340042B64D00436730161D5D9
:10889C00681CFE2D54D1FF200022C0051043E407B4
:1088AC002043C0BCB946B046F8BDFE229046681CB9
:1088BC000200404610426BD1002D00D0DDE0002EAE
:1088CC0000D102E10029B3D08022771AD2041742DA
:1088DC0000D136E14C468E1B61D00120164230D1BE
:1088EC000023F708A4E700299ED05A1E012B00D1C3
:1088FC00CAE0FF2B42D0130091E7711A4B0100D450
:10890C00D1E08F01BF09380002F0E6FF3B000538CB
:10891C00834001252022401B0130121A1E00934077
:10892C00C6405A1E93411E4339D0730700D11BE138
:10893C000F2300253340042BA7D1012072017CD5D5
:10894C00C0B2B201520AA8E7730703D00F23334019
:10895C00042B9AD12B0067E7002B23D0531B002D3F
:10896C007BD1002E00D186E05D1E012B00D18BE067
:10897C00FF2B02D02B0075E04C466746002F00D130
:10898C0089E78022D2033A435202FF20520A84E73D
:10899C00771A7B016BD4002F00D065E700240020F0
:1089AC0000227AE7FE226B1C1A4249D1002D00D01E
:1089BC009FE0002E00D1BAE0002900D1CFE0721860
:1089CC00530100D4CDE092010120520A65E7FF2A41
:1089DC00D2D08020C004064301201B2B08DC3000C1
:1089EC002024D840E31A9E4033005C1EA341184358
:1089FC004C4615000E1A32E708002022D840D31A34
:108A0C0099400B005A1E93410343F61873019BD5F2
:108A1C000135FF2D00D13EE701234D49720833404B
:108A2C000A401A431600530704D00F231340042B9B
:108A3C0000D02AE7730100D52AE72B00F708F7E6E8
:108A4C00FF2B00D127E7711849084A072FD00F22B6
:108A5C000A40042A2BD00E1DE6E6FF2A8DD080207A
:108A6C00C00406431B2B24DD13004E1DDCE64C46D4
:108A7C008F1BF9E64C460E00D6E6002E49D1002994
:108A8C0068D067464C467CE77018430174D5304972
:108A9C0040080140430709D00F230340042B05D0A5
:108AAC0002230E1DC0E60123CF08C1E60223CF0826
:108ABC00BEE620253000D840EB1A9E4033005D1EE8
:108ACC00AB41034315005E18A0E7002900D165E710
:108ADC004C466746ACE68F1B7B012ED5BF01BF0908
:108AEC00380002F0F9FE3B00053883404C46013556
:108AFC0010E7002E00D140E7002900D141E7802388
:108B0C00DB039F4200D23CE79C4500D339E7674624
:108B1C0037E7002900D134E78023DB039F4200D2E2
:108B2C002FE79C4500D32CE74C46674629E70029E4
:108B3C0000D134E70023CF087AE64C460123FF0826
:108B4C0076E6002F00D129E7FF0871E6FFFFFFFB57
:108B5C00FFFFFF7D80220024FF20D2039DE600232F
:108B6C0066E60023D70863E60120720100D5E7E62C
:108B7C0031000023CF085BE60123C70858E6C04646
:108B8C00F0B546464F46D6464502C0B5C30F470022
:108B9C0098460E1C6D0A3F0E5BD0FF2F21D0802310
:108BAC00ED00DB041D43002399469A467F3F740277
:108BBC007300640A1B0EF60F002B20D0FF2B43D042
:108BCC0080220020E400D20414437F3B4246FF1A6B
:108BDC004B4672400F2B00D99DE071499B00CB583E
:108BEC009F46002D5AD108239946063B74029A469B
:108BFC007300FF27640A1B0EF60F002BDED1002C2E
:108C0C003BD1012342464946724019430E2918D8DC
:108C1C006448890041588F465346022B00D1B8E076
:108C2C00032B6ED042462C00012B40D10020002497
:108C3C00C0052043D2071043E0BCBA46B146A84653
:108C4C00F0BDFF200024F3E7002C20D10223FF3FCE
:108C5C00D8E7002D05D104239946033B00279A46FB
:108C6C00A5E7280002F038FE7627431F9D4000231D
:108C7C007F4299469A463F1A99E7200002F02CFE53
:108C8C00431F9C4076235B421B1A00209EE7032364
:108C9C004A461A4391460320FC3397E70C23994626
:108CAC00093BFF279A4682E703282CD03200380074
:108CBC007F30002847DD630704D00F232340042BAB
:108CCC0000D00434230103D53800374B80301C40CE
:108CDC00FE28B6DCA401640AC0B2A9E780240022F5
:108CEC00FF20E403A4E78023DB031D4201D01C42D8
:108CFC000BD08024E4032C4364024246FF20640A18
:108D0C0096E746462C008023DB031C4364023200AA
:108D1C00FF20640A8CE76D01600185422DD21B2374
:108D2C000024013F0126290064006D00002901DBAD
:108D3C00854201D32D1A3443013B002BF3D16B1E1A
:108D4C009D412C43B3E701231B1A1B2B00DD6DE760
:108D5C0021009E37D940BC400B00611E8C4123433F
:108D6C00590704D00F211940042900D004335901AC
:108D7C0013D49B0100205C0A5AE71A2301242D1AF4
:108D8C00D0E7981E43425841404232000024C0B202
:108D9C004EE74246FF2000244AE70120002447E723
:108DAC00748B0108B48B0108FFFFFFF770B542000C
:108DBC004E024C0045026D0A120EC30F760A240EA9
:108DCC00C90FFF2A10D0FF2C0CD00120A2420AD1CF
:108DDC00B54208D18B420FD0002A04D12800431E83
:108DEC00984100E0012070BD0120FF2CFBD13543E0
:108DFC00F9D14B401800F6E70020F4E730B54200FB
:108E0C0044024D02C30F4800640A120E6D0A000E94
:108E1C00C90FFF2A18D0FF280AD0002A1ED100281B
:108E2C000AD1002D29D0002C2DD14800013830BD9D
:108E3C00002D25D1002A01D1002CF6D08B4219D05F
:108E4C0001205B421843F2E7002C19D1FF28F7D11F
:108E5C00002D15D100208B42F2D1E8E70028EFD08D
:108E6C008B42EDD18242EBDC04DBAC42E8D8002033
:108E7C00AC42DCD258000138D9E7002CD7D0DFE760
:108E8C0002204042D3E78B42DAD1EEE730B5420004
:108E9C0044024D02C30F4800640A120E6D0A000E04
:108EAC00C90FFF2A17D0FF280AD0002A1BD100288F
:108EBC000AD1002D1DD0002C2DD14800013811E015
:108ECC00002D0ED1002A01D1002CF6D08B420CD1F2
:108EDC005800013806E0002C03D1FF2805D1002DE5
:108EEC0015D0022030BD002806D101205B4218436A
:108EFC00F8E7002CF6D0F8E78B42F6D18242F4DC8E
:108F0C00E6DBAC42F1D80020AC42EBD2E0E700202B
:108F1C008B42EAD1E6E78B42E7D1F2E7F0B54F4658
:108F2C004646D6464400C0B546020F1C760A240EAF
:108F3C00C50F002C00D1DAE0FF2C74D08023F60092
:108F4C00DB041E43002399469A467F3C7B025B0A56
:108F5C0098467B001B0EFF0F002B74D0FF2B00D10B
:108F6C008EE042468021D200C90411437F3B2A0087
:108F7C00E4184B467A408846D2B20A2B75DC4B4635
:108F8C000020022B0FDD494601238B40A621C9008E
:108F9C000B4269D1902189000B4200D000E188215D
:108FAC00194200D0F5E041460904090C434608007B
:108FBC00350C36041B0C360C704369435E435D4321
:108FCC007618030C9B19994203D9802149028C46CF
:108FDC00654400041904000C09188E01701E8641AA
:108FEC001B0C890E5B190E439B011E431B016CD499
:108FFC0023007F33002B00DCB1E0150071070BD090
:10900C000F2021003040042806D00436320103D54D
:10901C006E4B1E400B008033FE2B00DDBDE0B20119
:10902C00520ADBB248E0002E00D092E008239946A9
:10903C00063B9A467B025B0A98467B00FF241B0E7C
:10904C00FF0F002B8AD14246002A64D149460132D7
:10905C00114389460A2908DC7D400120EAB2022925
:10906C0091DC1500002227E015005346022B00D19D
:10907C0093E0032B1AD0012B2CD1002300221BE0F0
:10908C004346FF34002B55D003214B460B431900AC
:10909C000A2B00DC92E00F2B00D08CE08022D20354
:1090AC00164203D04346134200D17DE08022D20306
:1090BC0032435202520AFF23D805ED0710432843CE
:1090CC00E0BCBA46B146A846F0BD012315007108B4
:1090DC001E400E4323008033611C002B41DD7207C0
:1090EC0094D00F223240042A00D08EE78EE7002E57
:1090FC0005D104239946033B00249A4626E7300009
:10910C0002F0EAFB7624431F9E40002364429946FA
:10911C009A46241A1AE7404602F0DEFB4B46241A04
:10912C00763C0A2BA1DC4346053883407D409846AB
:10913C00EAB224E74A46023313432A007A40D2B2F9
:10914C000A2B92DC49461500002926D099460220AC
:10915C0019E70C239946093BFF249A46F6E61500BD
:10916C0021000122D31A1B2B00DD86E79E31320031
:10917C008E40DA40731E9E413243530704D00F23B6
:10918C001340042B00D00432530110D501230022CC
:10919C0092E73D004646824667E7FF2300228BE7B5
:1091AC0080220025D20386E73D001A4383E7920113
:1091BC000023520A80E73D00464677E72A00012348
:1091CC007A408B400320D2B2E9E6C046FFFFFFF79E
:1091DC00F8B54746CE46430280B55F0A9B09450069
:1091EC004A009C464B02C40FCE0F2D0E580A120E8D
:1091FC009909FF2A6BD001235E40AB1AB4424BD0C5
:10920C00002B00DCFFE0002A00D188E0FF2D00D10C
:10921C00EFE08022D204114301201B2B08DC080054
:10922C002022D840D31A99400B005A1E9341184360
:10923C0063461B1A9C4663465B0100D4CDE0634633
:10924C009F01BF09380002F047FB3B000538834003
:10925C00854200DCA2E0B74A2D1A1A4094465A0700
:10926C0000D1C3E00F221340042B00D1BEE0042335
:10927C009846C44463465B0100D4B7E0681CFE2DDD
:10928C0000D0A5E0FF200022C0051043E4072043D6
:10929C00C0BCB946B046F8BD002B00DCEBE1002A9F
:1092AC0046D0FF2D00D1A4E08022D20411431B2B09
:1092BC0000DCFBE0052398462B00C4446246D7082B
:1092CC00FF2B00D195E07A02520AD8B2DCE72B00D2
:1092DC00FF3B9946002918D101235E40B44200D1CE
:1092EC00CAE04B46002B2DD0002D00D03CE1FF23D3
:1092FC006446002C00D15FE15D1E012B00D174E1AE
:10930C003400FF2B74D02B0003E1B44200D19CE05D
:10931C00002B17D0002DEAD0070034006CE0002998
:10932C00CCD05A1E012B2BD0FF2B62D0130073E72D
:10933C000029C3D05A1E012B00D11EE1FF2B58D09F
:10934C001300B4E7FE226B1C1A420DD1002D60D025
:10935C006346002B00D020E1002900D028E18022B8
:10936C000024FF20D2038FE763465F1A7B0100D5F0
:10937C00FEE0002F00D065E700240020002283E7E8
:10938C006346591A4B0100D419E18F01BF0938000B
:10939C0002F0A2FA3B000538834001252022401B35
:1093AC000130121A19009340C1405A1E93411943BF
:1093BC008C460B1EE1D05B0700D152E10F23002538
:1093CC000B40042B00D052E701204A0100D492E05C
:1093DC00C0B263469A01520A56E763465B0705D052
:1093EC000F2362461340042B00D040E72B0065E7A7
:1093FC000700002F00D145E78022D2033A435202E6
:10940C00FF20520A40E7002B79D1FE226B1C1A4236
:10941C00AAD16346002B00D1F5E0002900D1D1E0A0
:10942C005F1A8023DB041F4200D10EE16246012447
:10943C008A1A944600203440002A00D124E70120E7
:10944C001A42C6D10023D7083DE7002B17D0002DB8
:10945C0000D0AFE0FF236546002D00D1ADE05E1ECD
:10946C00012B00D189E0FF2BC2D01B2E00DCABE01E
:10947C004B1D9C46130021E74B46002B70D1FE225E
:10948C006B1C1A425ED1002D00D0C3E06346002B4A
:10949C0000D1D0E0002900D194E00A0062445301CD
:1094AC0000D4D8E092010120520AEDE608002022F7
:1094BC00D840D31A99400B005A1E934103439C4445
:1094CC0063465B0189D50135FF2D00D1DAE6624692
:1094DC0001231949134052080A401A4313009446B9
:1094EC005B0704D00F231340042B00D0BFE6634668
:1094FC005B0100D5C2E66346DF082B00E3E6531B95
:10950C00002D00D1F4E680206446C0040443A44638
:10951C00340001201B2B09DC20256046D840EB1AB7
:10952C0065469D402B005D1EAB4118430B1A9C46B3
:10953C00150080E6FFFFFFFBFFFFFF7DFE226B1C8B
:10954C001342A3D0FF2B00D19CE6614449084A0783
:10955C0049D00F220A40042A45D00A1D9446ADE694
:10956C00002D00D176E78DE63400FF2000228BE63B
:10957C0063460124CF1A344064E661444B016DD537
:10958C0048084449014043072CD00F230340042BC7
:10959C0028D00B1D9C46022390E6002900D12BE716
:1095AC008023DB039F4200D226E7984200D323E7B7
:1095BC000124344007001FE734008C467EE601236B
:1095CC00CF0880E600237EE620206546801B854080
:1095DC0063462800F340451EA84103439C461500F2
:1095EC008C446DE70223CF086DE60F1B7B0128D559
:1095FC00BF01BF09380002F06FF93B00053883400A
:10960C0034000125CAE6002900D1B5E60124070083
:10961C00344058E66346002B00D1E9E6002900D11E
:10962C00EAE68023DB039F4200D2E5E6984200D3B2
:10963C00E2E60700E0E6002900D19EE60023CF0811
:10964C0041E634000123FF083DE6002F00D193E6EC
:10965C000023FF0837E60023D70834E60123CF08A0
:10966C0031E680220B00D20401201340114200D0BD
:10967C00AEE6CF0827E6002B00D15FE7561B002D86
:10968C0001D13300E7E680236046DB0418438446AF
:10969C00EBE6C046FFFFFF7D41024200C30F490AC3
:1096AC000020120E7E2A03DD9D2A02DD094A98183D
:1096BC007047802000040143952A07DC9620821A0B
:1096CC00D1404842002BF3D10800F1E7963A914083
:1096DC00F7E7C046FFFFFF7F70B5002812D0C31715
:1096EC00C5185D40C40F280002F0F6F89E231B1A23
:1096FC00962B0FDC082838D0083885406D026D0A8F
:10970C00D8B202E0002400200025C0052843E4075D
:10971C00204370BD992B14DC421F95402A0015493B
:10972C00114055071CD00F252A40042A18D00431AB
:10973C00CA08490115D59F235202181A550AC0B2FE
:10974C00E3E705222900121AD14002001B32954092
:10975C002A00551EAA410A43064911405507E2D179
:10976C00CA085202550AD8B2CFE76D026D0A8E3084
:10977C00CBE7C046FFFFFFFB10B5041E0DD002F077
:10978C00ABF89E231B1A962B0CDC082834D0083817
:10979C0084406402640AD8B201E000200024C005B1
:1097AC00204310BD992B13DC421F9440144A2240D5
:1097BC0061071CD00F212140042918D00432D40891
:1097CC00520115D59F236402181A640AC0B2E6E749
:1097DC00020021001B3291400A00511E8A410521D2
:1097EC00091ACC401443064A22406107E2D1D4083E
:1097FC006402640AD8B2D2E76402640A8E30CEE7FF
:10980C00FFFFFFFBF0B54F464646D646C0B582B0CB
:10981C00009001910E034C00CD0F710A009E5F0069
:10982C00760F0E43009900920193C90089461903E3
:10983C007B0D9846019B490ADB0F9C46009B009AC6
:10984C005B0F0B434146640DD200611A654500D194
:10985C00A6E0002972DD4746002F00D1DDE0CC4F99
:10986C00BC4200D19AE10127382917DC80273F043C
:10987C003B431F2900DDDDE12027781A1F008740BC
:10988C00BA461700CF408446380057460743604617
:10989C008240CB40501E8241F61A17434B46DF1BC9
:1098AC00B94580414042361A330200D4FFE07602BB
:1098BC00760A002E00D13CE1300002F00DF80300D6
:1098CC00083B20213800CA1AD0409E4002009F401D
:1098DC0032439C4200DDA6E1181B0130091A3E0000
:1098EC008F40C6407B1E9F4113008B4037431F4364
:1098FC00C2403B0016000024134300D1DFE17B077C
:10990C0000D132E30F233A003B40042B04D03A1D24
:10991C00BA42BF417F42F619330200D423E39C4B79
:10992C0001349C4200D1B4E09A4B64051E40640D96
:10993C007707D20876021743360BACE0002900D12A
:10994C007EE04146091B002C00D060E13400484603
:10995C00044300D1C9E14C1E012900D12EE28C4DEB
:10996C00A94200D124E20127382C11DC21001F2947
:10997C0000DD0BE2202437004846641AA740C8409B
:10998C0007434846A040CE40441EA0419B1B0743C2
:10999C00D71BBA4292415242654644469E1A83E70F
:1099AC00002900DC9CE04746002F67D11F001743BD
:1099BC0000D1E4E0481E012900D19BE1744FB9426B
:1099CC0000D1EBE001270100382811DC1F2900DD54
:1099DC00C7E12027781A1F00844687401000C84032
:1099EC00074360468240CB40501E8241F618174315
:1099FC004F444F45804140423618330257D5644B93
:109A0C0001349C4245D00121624B7A081E403940FA
:109A1C000A43F7071743760871E71F00174300D175
:109A2C00ADE04F1EBC46012900D182E1584FB9422E
:109A3C0000D190E161460127382900DD2EE718E7B7
:109A4C00554F611C394200D0D0E0310048461F0010
:109A5C0001431743002C00D03DE1002900D1BCE1AB
:109A6C00002F00D0BFE14B460021D80877070743F1
:109A7C00F00806034C05360B640D0CE0444FBC4259
:109A8C0000D18BE001273829B2DC80273F043B430F
:109A9C009CE70026002724053443ED072C433800AF
:109AAC00210002B0E0BCBA46B146A846F0BD7B0727
:109ABC0004D00F233B40042B00D028E7F808344B8C
:109ACC0077070743F0089C4200D04AE23B0003436F
:109ADC0059D080263603064336032D4C360BDAE775
:109AEC00002961D04146091B002C00D1B9E0284C5B
:109AFC00A04500D1A5E10127382913DC80242404DA
:109B0C0026431F2900DDC8E1202437004846641A8B
:109B1C00A740C84007434846A040CE40441EA04141
:109B2C009B190743BF189742924152424446D6189C
:109B3C0063E7380001F0D0FE030018331F2B00DC64
:109B4C00BFE63A00083882409C4200DD83E01B1BD4
:109B5C00581C1F2800DCB4E117001F3BDF402028F5
:109B6C0005D040231B1A9A40531E9A4117430024D8
:109B7C00002F0AD07B0700D0C4E626009EE74B4698
:109B8C000C00D8089BE70027014C002683E7C04651
:109B9C00FF070000FFFF7FFFFE0700004B46770723
:109BAC00D8080743F00891E7CD4F611C39426BD1BF
:109BBC00310048460143002C00D04BE11F001743F5
:109BCC00002900D181E1002F00D14CE74A444A45DD
:109BDC008041F61840423618330200D5B0E1170028
:109BEC009146374300D03EE7002654E74946891A90
:109BFC008846C145BF41F11A7F42C91B0F0261D48F
:109C0C0047460F4300D1BDE00E00474651E6B54C28
:109C1C00A04500D100E10127382900DDB8E68024F9
:109C2C0024042643A3E6B04EE41A16407B0700D06A
:109C3C003FE743E70F001800203FF84084462029F7
:109C4C0003D04027791A8B401A43531E9A4163461E
:109C5C0017001F4322E6A448E11A10404707C0082A
:109C6C0007E734004846044300D1FAE04C1E0129B2
:109C7C0000D1D7E09B4FB94200D1E2E00127382C4C
:109C8C0000DD4FE721003CE7964CA14200D1DDE01E
:109C9C004A444A458041F31840421818C7075208F5
:109CAC0017434608520705D00F220C003A40042AED
:109CBC0000D02CE67607FF0837430009D9E60027C9
:109CCC000026E8E64946571ABA4292419E1B524278
:109CDC006546B61AEDE5002900D0C6E0002F67D125
:109CEC00802600257F4C3603D5E665460C001E0009
:109CFC00D008E4E64A444A458041F318404218181B
:109D0C001100030200D496E0774B49081840C307B2
:109D1C000B434408490700D129E10F221A40042AB9
:109D2C0000D1EAE01F1D9F42B6417642361902244B
:109D3C00C4E649468F1AB9458041F61A4042361A94
:109D4C00330206D47307FF0801211F43F00890E685
:109D5C0065460124ABE54B467707D8080743F00866
:109D6C00B4E60F001800203FF8408446202903D0A9
:109D7C004027791A8B401A43531E9A4163461700A9
:109D8C001F4335E600250024002684E60C00350030
:109D9C00203CE540202905D04024611A8E404946DC
:109DAC00314389464846411E884107002F43EFE561
:109DBC00D2085F0765461743D80887E6171ABA42D8
:109DCC0092419E1B5242B61A3302C1D47307FF084C
:109DDC00654601211F43F0084BE6002F7BD06546FA
:109DEC001E0091463FE6811A8846C145A441F11AEE
:109DFC006442091B80242404214277D0101A824229
:109E0C00924107009E1B5242B61A374300D0A0E085
:109E1C006546002400263EE65F07D20865461743D8
:109E2C00D80853E6811891429241F018524280189A
:109E3C00030200D568E74707C9080F43C008012192
:109E4C0017E6D2085F071743D8083FE60C00002638
:109E5C00002720E6002956D15F07D2081743D808FF
:109E6C0034E60C001E00D00829E6C1087007014337
:109E7C00F008002F62D080242403204207D0DE0893
:109E8C00264204D165463000D1085B0719434F0FB9
:109E9C00C900C9087F070F4318E60C003000203CAE
:109EAC00E0408446202905D04024611A8E40494662
:109EBC00314389464846411E8841614607000F439D
:109ECC0030E620210027091A0EE51E00002F00D0D5
:109EDC0022E5002458E7002500240026DBE5C046D7
:109EEC00FE070000FF070000FFFF7FFF47460F4300
:109EFC0000D147E70E00C146B5E5DF086407022133
:109F0C0027430009B5E51900C0087707074311433B
:109F1C00F008002900D1D9E580210903084207D0B7
:109F2C00DC080C4204D1D2085B071A43170020004E
:109F3C007B0FFF00FF085B071F43C7E50F00C5E55C
:109F4C00124BD20833405F075B02012417431E0BF0
:109F5C00A1E5264212D00D4B6546020001241E409D
:109F6C00E6E4210085E51700A8E53A00D4E4DB0817
:109F7C0064071C432700022100097AE5C008770713
:109F8C00074365460021F00873E5C046FFFF7FFFDD
:109F9C00F0B5DE46454657464E46E0B587B00092D2
:109FAC0001930B031B0B9B46CA0F4B00040080460E
:109FBC005B0D029200D198E07C4A934237D059460F
:109FCC00420FC9000A43802109041143C200904684
:109FDC00774A894692469A44002300240393009EB4
:109FEC00019F3B031B0B9B467B0030005B0DFD0F61
:109FFC00002B59D06D4A934248D05946720FC90074
:10A00C000A438021090411438B466949F2008C46AE
:10A01C0051466344CB1A9A460021029E6E40F6B21A
:10A02C000F2C00D9CEE0634BA4001B599F465A4617
:10A03C000243914600D090E09A46022390460824B1
:10A04C000393CCE7CB464246029D0399022900D1EB
:10A05C00DEE1032900D18DE0012900D079E12E0049
:10A06C0000220023002490461B052343F6073343AC
:10A07C004046190007B0F0BCBB46B246A946A04604
:10A08C00F0BD002200249046484BEDE75A46009B59
:10A09C001A43494B9C46E244002A59D102231C43E3
:10A0AC00002302219B46B8E75A46009B1A4349D02D
:10A0BC005B46002B00D19CE1584601F00DFC0200E0
:10A0CC0003000B3A1D27009EBA1A19005846D640B9
:10A0DC0008398840320002439346009A8A40374937
:10A0EC0053448A4600219A4497E75B4603439946BA
:10A0FC0021D05B46002B00D169E1584601F0ECFB06
:10A10C000B235B429C460200844466461D239B1B2A
:10A11C00260011005846DE400839884033000343BE
:10A12C00994623008B409846254B00249B1A9A464F
:10A13C000023039353E7002398469A4601330424E3
:10A14C0003934CE701231C43002301219B4664E746
:10A15C000323320003211C435FE79A460323D946AD
:10A16C000C2403933BE700238024984600260F4BD6
:10A17C00240379E780245B4624031C4324032E002C
:10A18C0090460A4B240B6FE780244B462403234252
:10A19C0002D05B462342F0D080244B4624031C4360
:10A1AC002403029E014B240B5EE7C046FF07000010
:10A1BC0001FCFFFFF08B010801F8FFFFF303000027
:10A1CC000DFCFFFFCB4500D2F8E000D1F3E00123FA
:10A1DC005B429C46444648460025E2445B46170ECB
:10A1EC001B021F43190C3B04120200971F0C9146D3
:10A1FC0002910397FEF71AF802007A430B04210C24
:10A20C00804619438A4209D9009F0123BC465B4210
:10A21C0061449C46E0448F4200D85CE1881A029964
:10A22C00FEF704F8039A240442430904240C0300A7
:10A23C000C43A24206D90099013B8C466444A142CE
:10A24C0000D842E1A01A424612041A4393464B46E8
:10A25C0059461B0C1F0004930B0449460904090CB6
:10A26C000C001B0C5C43120C7B43884651437A4315
:10A27C00270CBC465B186344994203D980214902E0
:10A28C008C466244190C24041B04240C8A181C19D7
:10A29C00904202D316D1A54214D25B46009F013BDB
:10A2AC004D4405934D459B41BC465B426344C018ED
:10A2BC00874200D302E1824200D929E100D124E196
:10A2CC00059B9B462C1BA542AD41009B801A6D4201
:10A2DC00401B834200D10FE10299FDF7A7FF039ABF
:10A2EC000B044243210C050019438A4200D9CBE0F0
:10A2FC00881A0299FDF79AFF039A24044243090431
:10A30C00240C03000C43A24200D9CAE04146A41A13
:10A31C002A041A43049F13041B0C594340467B43E5
:10A32C009C46150C68430B0C844463447D43984253
:10A33C0003D98020400284466544180C09041B0490
:10A34C00090C40195B18844227D323D00123350014
:10A35C001A43944B5344002B60DD510700D086E028
:10A36C002E00D1085A46D20106D55A468E4B1A40B9
:10A37C0080239346DB0053448C4A934200DD80E6F5
:10A38C005A4652070A4390465A465B055402240B20
:10A39C005B0D69E63500002BDBD0009D511EAC46F1
:10A3AC006444AC4200D29EE0844200D2E1E000D191
:10A3BC00EEE00A00CAE7424500D908E74B46DC0745
:10A3CC00580843465B081C434346DD0706E701F08B
:10A3DC0083FA15239C4684440200634620321C2BCE
:10A3EC0000DC92E623000838834099460023984607
:10A3FC009AE601F071FA02000300153220331C2A90
:10A40C0000DC5FE600990838814000228B4666E646
:10A41C0000222E0000249046654B25E62E000121DB
:10A42C00C91A382900DD1BE61F297EDC614814009F
:10A43C0050445B4682408340CC40501E82412343B3
:10A44C001A435B46CB40510709D00F211140042918
:10A45C0005D0111D9142924152429B180A001902DB
:10A46C0000D49BE00022012300249046FCE50F2140
:10A47C001140042900D173E7111D914292415242BF
:10A48C002E00C90893446DE7009B013D9C46614436
:10A49C008B4200D92CE78A4200D829E7851E6144FB
:10A4AC0026E70099013B8C466444A14200D92DE774
:10A4BC00A24200D82AE7831E644427E7874200D0D3
:10A4CC00FEE6A94500D9FBE6F5E6A24200D8B9E6BE
:10A4DC00831E6444B6E68A4200D89FE6BC46831EBF
:10A4EC00984661449AE60A00844200D02EE74B4518
:10A4FC0000D02BE735002CE72A4B2F4A53449245CA
:10A50C0043DB0122002193442CE7AC4200D8D7E670
:10A51C0002235B429C4600994D444D459B41E344CC
:10A52C008C465B426344C018CCE61F204042C31AE1
:10A53C005846D840202904D05946204B53449940C2
:10A54C000A43531E9A410723190002430024114069
:10A55C00134209D008331340042B1DD0131D934212
:10A56C0089411A0049424907D2080A439046002300
:10A57C007AE54946009F4D004D458941BC4649420C
:10A58C006144A946023A6418AEE70122524246E7FA
:10A59C009945EED30A00AAE70021E5E759075B02CB
:10A5AC001C0BE1E7FF030000FFFFFFFEFE070000AE
:10A5BC00FF0700001E04000002FCFFFF3E04000029
:10A5CC00F0B55746DE464E464546E0B50D00040054
:10A5DC00E80F83460903D80F090B824619488C46AD
:10A5EC001F0369005E00490D3F0B760D814218D0A8
:10A5FC0086420FD00120B1420DD1BC450BD1944203
:10A60C0009D1D3451CD0002905D160462043431EF7
:10A61C00984100E00120F0BCBB46B246A946A046DA
:10A62C00F0BD01208E42F6D1614639430F0017432D
:10A63C002743F0D15B465246981A431E9841EAE7ED
:10A64C000020E8E7FF070000F0B557464E464546A8
:10A65C00DE46E0B50D000E034900490D8A46DF0FBA
:10A66C00E90FBC4683B02F4F04008046019158007F
:10A67C0019039146360B090B400DBA451DD0B84253
:10A68C000DD05746002F2AD13443002824D10A4339
:10A69C0036D0002C41D163465800013815E01143E7
:10A6AC0038D15346002B01D12643F4D0019B63458E
:10A6BC0007D1019B5800013807E026432AD15045A9
:10A6CC0021D00120019B5F42384303B0F0BCBB4654
:10A6DC00B246A946A046F0BD002CDCD0E6E7002827
:10A6EC00EFD0019B6345ECD18245EADCE1DB8E4285
:10A6FC00E7D8DED1C845E4D80020C845E5D2D8E774
:10A70C00002CE2D0DDE7114304D1019B6345D8D185
:10A71C000020DAE702204042D7E7019B6345E6D0F0
:10A72C00CFE7C046FF070000F0B557464E464546FA
:10A73C00DE46E0B50D000E034900490D8A46DF0FD9
:10A74C00E90FBC4683B02E4F04008046019158009F
:10A75C0019039146360B090B400DBA451ED0B84271
:10A76C000DD05746002F27D13443002833D10A434C
:10A77C0034D0002C40D163465800013815E0114309
:10A78C0012D15346002B01D12643F4D0019B6345D3
:10A79C001DD00120019B5F42384306E0264303D1C4
:10A7AC005045F6D111431CD0022003B0F0BCBB467F
:10A7BC00B246A946A046F0BD0028EAD0019B6345ED
:10A7CC00E7D18245E5DC02DB8E42E2D80ED0019B5C
:10A7DC0058000138E9E7002CCDD0D7E7002CE4D0A5
:10A7EC00D7E7019B00206345DFD0D2E7C845D0D81E
:10A7FC000020C845D9D2EAE7019B6345E4D0C8E7FD
:10A80C00FF070000F0B557464E46DE464546E0B51C
:10A81C001F000B031B0B16009A46CA0F4B000400BB
:10A82C00914685B05B0D00D1CFE1CD4A934255D016
:10A83C005146420FC9000A43802109041143C2004A
:10A84C009046C84A8A4693469B44002300250293AF
:10A85C003C037B00FA0F0196240B5B0D009200D198
:10A86C0088E1BF4A934200D192E0BE4A94466344C9
:10A87C009B440A2D42DCE400730F23438024494699
:10A88C0024041C43F3000193009B00205940CBB2DD
:10A89C000393022D00DC94E00123AB401D00A623A2
:10A8AC002A00DB001A401D4200D029E290239B00B5
:10A8BC001D4200D14DE20023802499462403A84B6D
:10A8CC0010004A461B052343D2071343190005B059
:10A8DC00F0BCBB46B246A946A046F0BD5246024368
:10A8EC00904600D0ACE19B46022392460825029389
:10A8FC00AEE7009BA2469946019B9846029B022B11
:10A90C0000D1CAE1032B00D192E1012B10D100231D
:10A91C0000240022D4E701227B083A40134352461C
:10A92C00D2071343984653465B089A46039B9946B5
:10A93C005B46581C8023DB005B44002B00DCB1E140
:10A94C00424652070BD00F2241460A40042A06D039
:10A95C004246111D4145924188465242924452460C
:10A96C00D20106D55246804B1A4080239246DB001A
:10A97C00C3187E4A934200DD8FE14246D10852460D
:10A98C0052070A4351465B054C02240B5B0D97E7BB
:10A99C00734B26439C46E344002E00D16FE1032306
:10A9AC0049461D43009B5940CBB203930A2D00DD51
:10A9BC0033E10123AB401D000323029388222A427A
:10A9CC0097D1424643461204120C160001981D0CF6
:10A9DC00030C0004000C4643B4461E006E43009664
:10A9EC00160007005E436146B0466F430E0CB84438
:10A9FC004644B74205D9802149028846009F474406
:10AA0C00009761460904090C370C36048C4631005A
:10AA1C00614401911100260C2404240C61438C46E2
:10AA2C002100694389466146090C884672434A44B1
:10AA3C0042447543914503D98021490288464544D7
:10AA4C00110C884661460904090C8C4612046244B8
:10AA5C00B91802915146090C8C4651460F043F0C13
:10AA6C003900414345448846614641438A46414644
:10AA7C006046090C894658437B4353444B449A45E2
:10AA8C0003D98021490289464844190C894641461C
:10AA9C000904090C8846390061431B044344884669
:10AAAC0061464C4371438C46414677430E0C3F192B
:10AABC00F6194844B44203D9802149028946CC4452
:10AACC000299009F894631044F448946414697427A
:10AADC0092410C04240C4C44FF1852426419A118E6
:10AAEC009F429B41884682465B42994690459241E3
:10AAFC00AC42A441C244D1445242644214439945ED
:10AB0C009B41824592415B42524213434A46360C6A
:10AB1C00A419E31863445B02D20D1A4301999246BF
:10AB2C007A020A43501E8241FF0D17434A465202D5
:10AB3C001743B846DB0100D5EDE60D4B039A5B4499
:10AB4C009146002B00DCACE03A00520700D110E734
:10AB5C000F2258463A40042A00D0F9E609E7C046CD
:10AB6C00FF07000001FCFFFFFFFFFFFEFE070000D8
:10AB7C00FF030000220032436FD0002C00D1C2E052
:10AB8C00200000F0A9FE020003000B3A1D20821ADF
:10AB9C0030001900D04008398C40020022433400A8
:10ABAC008C405946CB1A86498B469B440A2D00DDB6
:10ABBC00A4E64946009B01945940CBB214000020F6
:10ABCC000393022D00DD67E6FBE6534603439846EC
:10ABDC003CD05346002B00D1A3E0504600F07CFE45
:10ABEC000B235B429C4602008444110050460839FA
:10ABFC0088401D23804660461B1A2000D840030065
:10AC0C00404603439A4623008B4098466C4B0025E4
:10AC1C009B1A9B46002302931AE60F2D00D0C9E025
:10AC2C00802352461B031A4202D01C4200D192E0F0
:10AC3C008024534624031C4324034246240B3EE643
:10AC4C009B46032380460C25029301E600239A467B
:10AC5C009B46013304250293FAE501210D430A2D8D
:10AC6C0000DD4BE6494600984140C9B20391022DE4
:10AC7C0000DC96E000230024012001930CE64946F9
:10AC8C000223009A2B435140CAB203920A2B00DDD7
:10AC9C0034E6002D57D1039B994600240022494BE2
:10ACAC000EE658460121C91A382900DD2FE61F2966
:10ACBC0056DD1F2254465242D31ADC40202907D0BD
:10ACCC00414B42469C465346604483401A4390464F
:10ACDC0042460721531E9A410B0022431340002485
:10ACEC00114209D00F231340042B5DD0111D91424A
:10ACFC009B410A005B425B07D2081A430023DFE545
:10AD0C00039B9946FAE5019800F0E6FD020003006A
:10AD1C00153220331C2A00DC38E7019A08388240AF
:10AD2C003FE700F0D9FD15239C468444020063469E
:10AD3C0020321C2B00DC58E70023984623000838EF
:10AD4C0083409A4662E71D000023002402200193F1
:10AD5C00A2E5029032E61C43009B019A9946AEE5AF
:10AD6C001A4B5246C31840469A40C84002434046CC
:10AD7C0098400300581E834154461A43CC40530755
:10AD8C0009D00F231340042B05D0131D934292417D
:10AD9C005242A4181A00230208D5012300240022D1
:10ADAC008EE5894600248BE50023A5E76307640242
:10ADBC00240BA1E7009BA2469946019B984637E7D6
:10ADCC000DFCFFFFFF0700003E0400001E04000006
:10ADDC00F0B557464E464546DE46E0B583B000908A
:10ADEC0001910C034D00CE0F610A009C5F00640FB3
:10ADFC000C43009900920193C80019037B0D9946EE
:10AE0C00019BCC4FDB0F9C464B0A00998046490FA7
:10AE1C001943009B8B46DA0092466D0DB94500D163
:10AE2C00BFE00123614659404B468C46EB1A8E42DB
:10AE3C0075D0002B00DCA3E24946002900D1CEE0FE
:10AE4C00BD4200D100E20127382B19DC802759467E
:10AE5C003F0439438B461F2B00DDFAE12027F91AFA
:10AE6C008C4659466746B9400F001100D9400F4334
:10AE7C0061468A40511E8A415946D9401743641A8B
:10AE8C00C71BB84280414042241A230200D440E13F
:10AE9C006402640A002C00D154E1200000F01CFD77
:10AEAC000300083B20213800CA1AD0409C40020005
:10AEBC009F4022439D4200DDA6E1581B0130091A38
:10AECC003C008F40C4407B1E9F4113008B402743A6
:10AEDC001F43C2403B0014000025134300D1F7E18F
:10AEEC007B0700D177E30F2338003B40042B04D0C1
:10AEFC00381DB842BF417F42E419230200D468E3F5
:10AF0C008C4B01359D4200D1F4E08B4B6D051C4000
:10AF1C006D0D6707C00864020743240BECE0002B9F
:10AF2C0000DC29E34946002900D0D6E059461143FC
:10AF3C0000D12EE1591E012B00D1E6E1BB4200D11C
:10AF4C0082E101270B00382914DC1F2B00DD3CE2C9
:10AF5C002027F91A8C4659466746B9400F00110054
:10AF6C00D9400F4361468A40511E8A415946D94007
:10AF7C00174364183F18874280414042241823022B
:10AF8C0000D4C6E06B4B01359D4200D1B2E00121EB
:10AF9C00694B7A081C4039400A43E7071743640899
:10AFAC009EE7664B11438A46EB18002928D066456C
:10AFBC002CD0002B5BD0002D00D12CE15B466646DB
:10AFCC005F07D2081743DD083B002B4300D1E2E0BA
:10AFDC00802424032C432403564D240B8CE0594627
:10AFEC00114300D1D5E0591E012B00D1B9E1BB4270
:10AFFC0000D1B1E101270B00382900DD40E72AE739
:10B00C006146012779408C466645D2D1002B00D190
:10B01C00C5E0002D00D055E14B462500054300D17D
:10B02C0012E2591E8C46012B00D149E2414DAB4234
:10B03C0000D18FE20127382911DC63461F2B00DD7C
:10B04C005BE26146202327005B1A050098409F4075
:10B05C00CD40431E9841CC402F430743A344BF1817
:10B06C009742924152425A4414004D4687E7344F5E
:10B07C006B1C3B4200D0B6E05946230011430F0035
:10B08C000343002D00D026E1002B00D1C0E10029A4
:10B09C0000D1A1E0831A98465B464045AD41E31AC6
:10B0AC006D425B1B80252D042B4200D14BE15B468E
:10B0BC00101A824292411C1B070001266346524221
:10B0CC00A41A27431E40002F00D142E12C4200D18C
:10B0DC006DE2194B01251C401BE7BD4200D13BE141
:10B0EC000127382B00DD45E7802759463F043943BB
:10B0FC008B462AE7002400272D052543F607354308
:10B10C003800290003B0F0BCBB46B246A946A046A5
:10B11C00F0BD7B0704D00F233B40042B00D0E7E6A7
:10B12C002B00F808034A67070743E508934200D150
:10B13C004AE7A5E0FF070000FFFF7FFF01F8FFFFD4
:10B14C00FE070000380000F0C7FB030018331F2B6C
:10B15C0000DCA7E63A00083882409D4200DD8AE018
:10B16C005B1B581C1F2800DCD8E117001F3BDF407D
:10B17C00202805D040231B1A9A40531E9A4117438E
:10B18C000025002F00D1E5E07B0700D0ABE62C00BA
:10B19C00C6E7C008C6E700270024D14DACE7D14F65
:10B1AC006B1C3B4271D123000343002D00D04EE1B8
:10B1BC005746002B00D1B5E1002F0DD083188342E8
:10B1CC0080415C4440422418220200D5C8E11F0093
:10B1DC009846274300D1BCE043466707DB081F4372
:10B1EC00E50800234CE0831A98465B464045BF4176
:10B1FC00E31A7F42DB1B1F027CD447461F4300D15E
:10B20C00A6E01C00474645E6B74CED1A14407B07F8
:10B21C0000D080E784E74B462500054366D05F1ECF
:10B22C00012B00D1FCE0AE4DAB4200D15EE1664695
:10B23C00382F00DCB4E00120171ABA4292415B4669
:10B24C0052424D469C1A20E66707C0080743E508A2
:10B25C00BAE61F005946203FF9400F00202B05D0BD
:10B26C004021CB1A594699400A43924653465A1EDE
:10B27C0093411F4304E6EB1A9B4D15406F07ED08F5
:10B28C002C035D05240B6D0D36E7954DAB4200D1BB
:10B29C00D6E082182100824280415944404208186D
:10B2AC00C707520817434408520700D485E10F2200
:10B2BC001D003A40042A00D01AE6FF086407274311
:10B2CC000509DDE75B46D2085F071743DD087BE61F
:10B2DC000027002410E7002B00D0D6E0002900D076
:10B2EC002FE1802400267E4D240305E766465C464C
:10B2FC00D00817E75B46171ABA4292411C1B01266D
:10B30C0063465242A41A1E40C4E58318834280410E
:10B31C005C44404225182A0200D4DAE0724A5B08E9
:10B32C001540EA071A4369085B0700D44AE10F236A
:10B33C001340042B00D1FCE0171D9742A44164423A
:10B34C0002256418ECE647461C001F4300D043E777
:10B35C00002600250024CFE6C00867070743E50850
:10B36C0032E6871A5B46B8428041E41A4042241AFE
:10B37C00230228D46307FF081F43E50801237FE756
:10B38C00002B00D173E64B465F1B3B00002D00D118
:10B39C0042E7382F00DDECE080230E001B041C4339
:10B3AC001F2F25DC20252300ED1B0100A840AB40FE
:10B3BC00F940451EA8410B43FC4018435B461B1B40
:10B3CC009B4639E76646012562E51F005946203F3A
:10B3DC00F9408C46202B05D040275946FB1A994042
:10B3EC000A43924657467B1E9F4163461F43C1E565
:10B3FC003B002500203BDD40202F04D04023DB1BED
:10B40C009C40204380464046431E9841284313E706
:10B41C0000299DD0012663465C4690461E40DBE623
:10B42C00171A5B46BA4292411C1B5242A41A2302C1
:10B43C00C8D46307FF081F4366460123E5081FE7CE
:10B44C001D000024002757E65C46D0086AE6002B56
:10B45C0000D137E75346C00867070743E508002BC0
:10B46C0000D1B1E580231B031D4208D05946C80802
:10B47C00184204D1D20849070A43170005007B0F74
:10B48C00FF00FF085B071F439EE5C00863071843D6
:10B49C00E508002953D080231B031D420AD05946CE
:10B4AC00CC081C4206D1012663462500D00849076A
:10B4BC0008431E40470FC000C0087F07074383E5C1
:10B4CC008318934292415C445242A5182A0200D53B
:10B4DC0024E76F07DB081F43ED080123D0E6C046C5
:10B4EC00FF070000FE070000FFFF7FFF5B46D2084E
:10B4FC005F0766461743DD0866E52500203BDD4007
:10B50C006346202B05D0402361465B1A9C402043A8
:10B51C00804647467B1E9F412F43A0E520210027F4
:10B52C00091AD2E4002F00D113E75C46170000255E
:10B53C00F6E5D708490702230F432D09A0E60700BB
:10B54C0042E55B4601265F07DD086346D2081743D8
:10B55C001E4039E55B46D2085F071743DD0833E52B
:10B56C001E4ADB0822405707520201251F43140BC9
:10B57C00C2E50E0001205FE6002B0DD04B465B1B95
:10B58C009C46002D00D148E50127382B00DD66E5EF
:10B59C0080231B041C4350E56B1C114D2B4200D027
:10B5AC0073E65946230011438A46034300E66707B6
:10B5BC00C00800230743E50862E66407FF08274339
:10B5CC0005095DE6D208490711430F0002232D0936
:10B5DC0056E60700A4E538008FE4C046FFFF7FFF66
:10B5EC00FE070000F0B5C6461E03360BB0460D4EE6
:10B5FC000C034D005F0000B5240B6D0D7F0DB542A3
:10B60C000BD0084900208F4204D146461643300027
:10B61C00431E984180BCB846F0BD04430120002C69
:10B62C00F8D1EEE7FF0700000B00020070B5164DD5
:10B63C000C0382B04900002000920193240B490DA9
:10B64C00DE0FA94204DD1148814203DD104BF018D6
:10B65C0002B070BD8020400320430E4C641A1F2C96
:10B66C0008DD0D4B5B1AD84003005842002EEFD179
:10B67C001800EDE7094B009A9C46030061448B408F
:10B68C00E2401343F1E7C046FE0300001D04000036
:10B69C00FFFFFF7F3304000013040000EDFBFFFFEE
:10B6AC0070B5002816D0C317C5185D40C40F28000C
:10B6BC0000F012F9104B1B1A5B055B0D0A2814DC09
:10B6CC0002002E00153296400B22121AD5402D0383
:10B6DC002D0B03E000240023002500261B052B4323
:10B6EC00E40723433000190070BD0B3885402D034F
:10B6FC0000262D0BF2E7C0461E04000010B5041EF8
:10B70C0010D000F0E9F80E4B1B1A5B055B0D0A28F4
:10B71C000FDC0B222100121AD14015300A03844091
:10B72C00120B01E0002300221B051343200019001B
:10B73C0010BD22000B38824012030024120BF3E7D9
:10B74C001E04000070B542024300C40FFE201B0E05
:10B75C00591C550A08420CD0E02189008C466D0713
:10B76C00120B63441B051343E40723432800190001
:10B77C0070BD002B14D1002D1BD0280000F0ACF8AC
:10B78C000A281CDC0B232A001B1ADA400300153391
:10B79C009D400E4B12031B1A5B05120B5B0DE1E770
:10B7AC00002D09D0130B802212031A436D07084B8E
:10B7BC00D8E700230022D5E70022054BD2E703008F
:10B7CC002A000B3B9A400025E3E7C04689030000A2
:10B7DC00FF070000F0B54B000F035B0D3A4C450F13
:10B7EC0083B07F0A5E1C2F4300900191CA0FC500E5
:10B7FC0026420BD035495C18FE2C13DDFF200023AC
:10B80C00C0051843D207104303B0F0BD3D43002BD5
:10B81C0001D10020F4E7002DF0D08023DB03FF20C2
:10B82C003B43EDE7002C0CDD009BFF009B01581EF9
:10B83C008341690F3B430B43590727D1DB08E0B227
:10B84C00DEE72100173131DB80211E20090439434A
:10B85C00001B1F282DDD02267642341B0E00E6400D
:10B86C003400202804D01A488446634499400D4380
:10B87C002B00591E8B412343590703D00F2119402C
:10B88C0004290BD19B0100205B0AB9E70F21194059
:10B89C00042904D19B015B0AE0B2B1E70024043314
:10B8AC005901F7D501340023E0B2A9E700200023A9
:10B8BC00A6E7084C1C192B00A540C340A140681EEC
:10B8CC00854129430B43D7E7FE07000080FCFFFFAF
:10B8DC00A2FCFFFF82FCFFFF1C2101231B049842EA
:10B8EC0001D3000C10391B0A984201D3000A083905
:10B8FC001B09984201D30009043902A2105C4018BC
:10B90C007047C0460403020201010101000000005F
:10B91C000000000010B5002903D1FFF7DDFF203037
:10B92C0002E00800FFF7D8FF10BDC04682B073B527
:10B93C006C460091079321000300626060C960C3EC
:10B94C0007AA60CA60C313001500103006CB06C0EE
:10B95C0001220098616803F095F969680122099841
:10B96C0003F090F973BC08BC02B0184737B504005B
:10B97C0003F096FDA068A38902691342FCD001690B
:10B98C000A001A401942FAD101AD2068616803F02F
:10B99C0079F929000122032003F0B4FC03CC012225
:10B9AC0003F070F903F07AFD28786B7800041B0221
:10B9BC001843AB7818433EBDF0B5094985B0094B27
:10B9CC0001ACC0CBC0C40B004968074A00911B688E
:10B9DC00064811685268FFF7A9FF05B0F0BDC046D4
:10B9EC00540000204C0000203C000020D402002019
:10B9FC0010B50348FFF7BAFF80231B04584010BD55
:10BA0C00D402002010B50548FFF7B0FF80231B04BB
:10BA1C005840984201DA024B181A10BDD40200208B
:10BA2C00FFFF7F0070B504250024FFF7E1FF013D07
:10BA3C002418002DF9D10723E01718400019C01065
:10BA4C0070BD0000F0B504000525002699B00392E6
:10BA5C000F0048227C4906A804930BF076FD631F67
:10BA6C0001937A4B02937A4B0593019BAB4257DCC3
:10BA7C0000221E9B1E80774B1A70774A1278029216
:10BA8C00764A964200D874E001251D70714B744AB9
:10BA9C001B782C000192002B1ED0029B714E002BA8
:10BAAC0000D1A0E0704B1B78002B00D19BE06F4BBA
:10BABC001B78002B00D196E06D4B7C1E1C60012284
:10BACC00694B1A70974201D16A4B1F70FA22338866
:10BADC0092009B189BB233805F4B1B78002B0CD0D1
:10BAEC00614B1B78002B08D0604B1B78002B04D0CB
:10BAFC005F4B1B68AB4200DA1C00019B1B78002BD0
:10BB0C0009D05D4B1B78002B05D15C4B039AD35CA1
:10BB1C00A34200DC5C1E201E00DC012019B0F0BD2D
:10BB2C00029B6A00985AFFF7BBFD0022544BFFF7AB
:10BB3C004FF9FFF779FDC317C4185C40059B6A00E9
:10BB4C00985AFFF7ADFD00224D4BFFF741F9FFF777
:10BB5C006BFDC317C018584082B2231CA4B2944288
:10BB6C0000D2031C9AB2B24200D2331C9EB20135F1
:10BB7C007BE7029B002B04D001223C4B1A703C4B00
:10BB8C001F60092301937B1E06ACDB00E3180593B1
:10BB9C00019D30006B1E0193FFF782FD226C636CDC
:10BBAC00FEF730FE059B083C1A685B68FEF7F0F95F
:10BBBC00344A354BFCF740FC002803D1019B002B89
:10BBCC00E6D10125264B1B78002B00D15EE7052F13
:10BBDC0000DC5BE7BD4200DC58E72C4B9E4200D8F2
:10BBEC0054E77D1C52E70624A74207DC023C062FD3
:10BBFC0004D03C00032F00DD0324013C019B029A7E
:10BC0C001B78002A00D05AE7002B00D15EE7049B7A
:10BC1C00002B0ED0039B1E4A013BD35C032B08D890
:10BC2C0001221C4B1A701C4B1C6033881B199BB2D5
:10BC3C003380114B1B78002B00D047E70F4B039A36
:10BC4C00D75402F0BBF941E7208B01088457002040
:10BC5C00944C00200E040020E90100205B3F000002
:10BC6C005A6300206E670020C2650020C06500206A
:10BC7C0014020020C1650020C40A00207663002055
:10BC8C0080FFCF409A99999959CCCC4070170000FD
:10BC9C00E4030020C365002010020020F8B5160054
:10BCAC001F000C001C4B00223900451E3000FCF715
:10BCBC00BDFB1A4B002803D1194A1278002A1AD15D
:10BCCC005A5D0132D2B25A55002C04D0611E5A5C16
:10BCDC000132D2B25A545A5D072A01D907225A5559
:10BCEC00002C05D0013C1A5D072A01D907221A55F0
:10BCFC00585DC0B2F8BD5A5D002A03D05A5D013AB6
:10BD0C00D2B25A55002CE6D0611E5A5C002AE2D001
:10BD1C005A5C013ADDE7C04600002E40E4030020E7
:10BD2C000D04002010B5D02200210B480BF078FB3D
:10BD3C0000230020094A0A4913700A4A13700A4A60
:10BD4C0010605160094A0A480A49106051600A4A59
:10BD5C00137002F0B5F910BD78620020E2030020E8
:10BD6C0000002E40E30300202000002010000020E3
:10BD7C000E2DB29DEFFF5840E103002010B5682254
:10BD8C00002103480BF04CFB02F016F810BDC04626
:10BD9C00386500200023190010B5044AD154013332
:10BDAC000D2BFBD102F0E8F810BDC046E4030020D7
:10BDBC00F7B502F01AFC484B0C251B780190002BB0
:10BDCC0000D1083D454B464A1C78002318009C4284
:10BDDC0000DD6CE0FFF792FC424B0022FEF712FDF7
:10BDEC00414B06001B780F00002B67D02000FFF79B
:10BDFC0057FC0B00020039003000FEF7C9F83B4B32
:10BE0C0006001B780F000424002B28D0384B013C73
:10BE1C001B78A34223D8374B1B78002B04D0364B0E
:10BE2C0002341B78002B1AD0019B9D4252D9334906
:10BE3C00002208684968324BFCF7F8FA002841D117
:10BE4C00304B18685968FCF7BFFB2C49C4B2002270
:10BE5C00086849682A4BFCF7E9FA002838D1200019
:10BE6C0001F0BCFE019B9D4207D1274D2B78002B86
:10BE7C0003D1FFF757FF01232B70244B1B78002BAA
:10BE8C0013D0002230003900214BFCF7F3FA0028C4
:10BE9C000BD0204A1368012B07D102201060124AE4
:10BEAC00137002F0B9F9FFF775FF2000FEBDD15CED
:10BEBC00052901D90130C0B2013388E72000FFF712
:10BECC001DFC96E702F0ACFB0228B9D80624C6E7A5
:10BEDC00022CFBD10224C2E77C6700205102002017
:10BEEC00E4030020000059405C6300207F670020C1
:10BEFC00B065002048020020A1660020600A0020E6
:10BF0C0000002E40D0030020C8030020E8010020D0
:10BF1C0000004940EC0100200C4B70B518780C4B1C
:10BF2C0003221C780525002306260A49002800D088
:10BF3C002A00002C00D03200CA5401330D2BF5D14D
:10BF4C000022054B1A7002F063F870BD5963002093
:10BF5C00E8010020A0650020AF650020F0B58DB091
:10BF6C000B930E001300069001928A4208D1854A69
:10BF7C0094466344DB00C318186859680DB0F0BDD3
:10BF8C0000240F00019B251C5B1A04930294019B57
:10BF9C009F4200DA87E00498FDF79EFB071C011C0A
:10BFAC000298FCF7EDFD391C0790281CFCF7E8FD06
:10BFBC00391C0890201CFCF7E3FD00240990049424
:10BFCC00271C03940294019B9E4200DA8EE0049994
:10BFDC000298FCF7A3FF391C051C381CFCF79EFFCC
:10BFEC00011C281CFDF7F4F80499061C0398FCF7B7
:10BFFC0095FF211C051C381CFCF790FF011C281C0C
:10C00C00FDF7E6F8311CFCF7BBFD211C051C029862
:10C01C00FCF784FF391C041C0398FCF77FFF011C00
:10C02C00201CFDF7D5F8311CFCF7AAFD291C041CBB
:10C03C000798FCF773FF011C0898FDF7C9F8211C41
:10C04C00061C0998FCF76AFF011C301CFDF7C0F8B0
:10C05C000B9B061C5A1E9341019AD31A180001938C
:10C06C00FDF73AFB291C071CFCF758FF311CFCF7A9
:10C07C0095FB211C051C381CFCF750FF391CFCF7E8
:10C08C004DFF011C281CFCF789FB0021041CFCF74C
:10C09C000DFA002800D000243B49201CFCF73EFF81
:10C0AC00FFF750FB6AE73800FDF716FB069AFB001A
:10C0BC00D318039018685968FFF78CFB3249FCF7CA
:10C0CC005FFD011C281CFCF769FB0399051C0298F9
:10C0DC00FCF764FB03990290081CFCF71FFF011C82
:10C0EC00201CFCF75BFB0137041C50E73000FDF70C
:10C0FC00F3FA0799051CFDF76BF8011C0590FCF78A
:10C10C000DFF011C0298FCF749FB069AF300D318AB
:10C11C00029018685968FFF75DFB1B49FCF730FD6E
:10C12C000899FDF755F8011C0A900598FCF7F6FEE6
:10C13C00011C0398FCF732FB291C0390281CFCF70C
:10C14C00EDFE0999FDF744F8051C011C0598FCF758
:10C15C00E5FE011C381CFCF721FB291C071C281CC4
:10C16C00FCF7DCFE011C0498FCF718FB291C04905E
:10C17C000A98FCF7D3FE011C201CFCF70FFB0136C0
:10C18C00041C20E7FFFFFF1F00FEFF46F8B506006A
:10C19C000F0014001D00FCF76DF900280CD0069A56
:10C1AC00079B30003900FCF751F900282FD03400E0
:10C1BC003D0029002000F8BD22002B003000390082
:10C1CC00FCF744F900280FD0069A079B3000390081
:10C1DC00FCF750F90028EAD1069A079B20002900A9
:10C1EC00FCF734F90028E4D122002B003000390090
:10C1FC00FCF740F9002807D0069A079B200029007D
:10C20C00FCF738F90028D4D1069C079DD1E7220011
:10C21C002B0030003900FCF709F90028ECD0D3E7EB
:10C22C00F0B589B0069007911900814B10001B786E
:10C23C00002B05D100247F4D2000290009B0F0BD52
:10C24C0000227D4BFDF7DEFA02000B0000207B493B
:10C25C00FDF79EFE02000B0002900391002078492E
:10C26C00FDF796FE0022774BFEF7B2FD029A039B78
:10C27C0004000D0000207449FDF78AFE0022714B6A
:10C28C00FEF7A6FD0E9A0F9B00900191200029004D
:10C29C00FFF77CFF00246D4D02000B000020009482
:10C2AC0001956B49FFF772FF00226A4B04900591D0
:10C2BC00FEF78EFD684B694AFEF7A4FA0BF04EFFB1
:10C2CC00674B1B78002B54D10022664BFDF79AFA72
:10C2DC0002000B0064486549FDF75AFE644A654B41
:10C2EC00FDF790FA06000F00049805990022624BA6
:10C2FC00FEF76EFD32003B00FEF784FA00220400CC
:10C30C000D00069807995D4BFEF762FD02000B00CD
:10C31C0020002900FDF776FA554A04000D00554B14
:10C32C0030003900FEF754FD0022554BFEF76AFA37
:10C33C0002000B0020002900FDF764FA514A524B11
:10C34C00FEF760FA029A039BFEF75CFA00220023C8
:10C35C0004000D00FCF770F8002800D06AE70022FA
:10C36C0020002900494BFCF77BF8002800D061E73E
:10C37C0062E7009401950E9A0F9B00204449FFF749
:10C38C0005FF069A079B04000D0000204149FEF7AB
:10C39C001FFD220006000F002B0000203E49FEF777
:10C3AC0017FD02000B0030003900FDF72BFA3B4A59
:10C3BC0004000D0002980399394BFEF723FA020092
:10C3CC000B0020002900FEF71DFA04000D00354A71
:10C3DC00354BFEF717FA22002B00FEF713FA22005A
:10C3EC002B00FEF70FFA314A06000F00200029003F
:10C3FC002F4BFEF707FA22002B00FEF703FA020080
:10C40C000B0030003900FDF7FDF92A4A06000F0039
:10C41C0020002900284BFEF7F5F902000B00300034
:10C42C003900FDF7EFF9254A254BFEF7D1FC8DE7D6
:10C43C000D04002000002E400010714000A072403E
:10C44C00004C98400000894000A89B4000C08C40E4
:10C45C000080864000E08A409999C9BF9A999999C1
:10C46C00596300200000F03FC01E85EB51B89E3F81
:10C47C00A4703D0AD7A3E83F00488C4000407F40A1
:10C48C0000408F403BDF4F8D976E92BF00002C40D9
:10C49C000008864000908040002889409E12E429C4
:10C4AC00419E923F1B0DE02D90A0A83FBA490C0273
:10C4BC002B87F0BF8351499D804620400E2DB29DA5
:10C4CC00EF272F401F4B70B51B781F4E34687568D3
:10C4DC00002B18D122002B0000201C49FEF778FC01
:10C4EC001B4A1C4BFEF78EF922002B00FDF78AF934
:10C4FC00194A1A4B04000D00FBF7B2FF00281CD19F
:10C50C003460756070BD164B1B88002B08D0220060
:10C51C002B0000201349FEF75BFC0D4A124BE1E7A0
:10C52C00200029000A4A114BFEF76CF902000B009F
:10C53C0020002900FEF74CFCDAE7074B074C336070
:10C54C007460DFE70D040020D003002000000840D9
:10C55C009A9999999999A93FCBA145B6F3FD0740B2
:10C56C006E6700200000F83F9999B93F9999C93F2F
:10C57C00FFB516001F002D4B0C00002230003900B7
:10C58C001B78FFB02A4BFBF757FF2A4D00281BD016
:10C59C000022002330003900FBF762FF002813D083
:10C5AC00002C11D10022AA56234C244BD10001326D
:10C5BC005B1820002A702249C822C8341E605F60B4
:10C5CC000AF01CFF2660676000241E4B2C571D7858
:10C5DC00002C3FDC002D00D077E200231A4C009396
:10C5EC0001940023134AD356192B04DD1A3B137004
:10C5FC000122144B1A70FFF765FF0099019A134B37
:10C60C0019605A60124B00221C685D680E4B2000AA
:10C61C002900FBF70BFF002801D10094019500982D
:10C62C00019983239B009D44F0BDC0468367002085
:10C63C0000002C40E2030020F00200207862002071
:10C64C00F8020020E303002000002E400800002028
:10C65C00000000201A230A93002D00D10A94D02246
:10C66C0000211AA80AF0DCFE210000231231D04A66
:10C67C0004911A390293009206919C4202DD0699AC
:10C68C00994204DD002D10D0049999420DDCD9009B
:10C69C008C461AAA9444009A89186246086849681C
:10C6AC00106051600299013102910A9A01339A4249
:10C6BC00E3DC0822BF4B1A211AA80AF035FC029BB6
:10C6CC00029ADB0F9B185B10D20700D400E2DB0050
:10C6DC001AAA9B185C681B6800930194029B052B9B
:10C6EC0000DCE3E0002230003900B34BFBF79EFE88
:10C6FC00002800D0DAE0B14C002220686168AE4B13
:10C70C00FBF794FE002801D02660676023686468FC
:10C71C001C981D990493059432003B00FBF78CFE8A
:10C72C0000280BD1049A059B30003900FEF750FB12
:10C73C000022A34BFBF794FE00280AD0A14B1A78D9
:10C74C00A14B002A00D1D8E101221A6000229D4B96
:10C75C001A70029B1AAA023BDB009B1819003200CC
:10C76C00086849683B00FBF77BFE00280BD1049A54
:10C77C00059B30003900FEF72BFB0022934BFBF797
:10C78C005BFE00280AD0924B1A788F4B002A00D1FE
:10C79C00BAE101221A6000228D4B1A708A4B0025D7
:10C7AC001A68022A01DD1D6001350298FEF778FF38
:10C7BC000022884BFDF7ECFBFEF736FF1AAAC300EC
:10C7CC009B181900049A059B040008684968FBF73C
:10C7DC0033FE002800D09EE1029B1AAA013B1B1BD2
:10C7EC00DB009B181900049A059B08684968FBF745
:10C7FC0037FE002800D08EE1002D57D0764B774CB9
:10C80C00D02200214EA8069307940AF009FE0023BB
:10C81C00734D4EAC0B932A686B680C920D930C986D
:10C82C000D99009A019BFEF7D3FA4B005B080F930E
:10C83C000E9006000F000E980F990022694BFBF723
:10C84C000FFE002800D169E1009A019B2260636011
:10C85C000B9B083D01330B930B9A029B08349342BC
:10C86C00D9D10123029A00214EA8FFF777FB534B35
:10C87C0006000F000B930020069A079B5949FEF700
:10C88C00A7FA049A059BFDF7BDFF320004000D00CA
:10C89C00069807993B00FDF7B5FF0B000200290035
:10C8AC002000FCF7AFFF0B9B18605960002400269A
:10C8BC0000274D4B3E4D1B785BB20493083B06930F
:10C8CC004A4B1B780B93049B12330C93049BA3428F
:10C8DC0002DD069BA34205DD0B9B002B16D00C9BA7
:10C8EC00A34213DC009A019BE100491908684968CE
:10C8FC00FEF76EFA02000B00FDF784FF02000B003E
:10C90C0030003900FCF77EFF06000F000A9B013453
:10C91C00A342DBDC0298FEF7C3FE02000B003000E2
:10C92C003900FDF735FB0BF087FC0A0014901591CC
:10C93C0001002F4B19605A6000222E4B1A702E4B9F
:10C94C001B78934204D12D4B1B78934200D007E106
:10C95C002B4B2C4C204E10931194204F049B032BEB
:10C96C0003D10B9B002B00D1FFE080240023E405B6
:10C97C000E930F940022002300240C920D930C4B69
:10C98C0006941693049B013B1793049B1233189344
:10C99C00049B083B1993049BA34202DD199BA34201
:10C9AC0032DD0B9B002B6FD0189B9C426CDB2BE079
:10C9BC00786200200916010800002E4000000020BB
:10C9CC000000E03FC0030020C40300200000E0BFD3
:10C9DC00C1030020000018409A9999999999C93F70
:10C9EC00800300200000F03FE2030020E30300205E
:10C9FC0018000020E003002059630020E80100200B
:10CA0C00333333333333C33F169AE3009B181A681E
:10CA1C005B681292139312981399009A019BFEF77C
:10CA2C00D7F9029003910E980F99029B0893039BE0
:10CA3C005B005B080993149A159BFDF7E3FE02005B
:10CA4C000B0008980999FBF7F7FC002808D1109AFD
:10CA5C00119B08980999FBF7EFFC002800D187E09F
:10CA6C000898099932003B00FBF7E6FC002800D13E
:10CA7C007EE00C980D99069B01330693129A139B3A
:10CA8C00FCF7C0FE0C900D910A9B0134A34200DD13
:10CA9C0081E7594B1B78002B02D00022574B1A60B0
:10CAAC00069B002B00DC9CE51800FEF7F9FD02004C
:10CABC000B000C980D99FDF76BFA0A000090019190
:10CACC0001004F4B19605A608BE51A230A93C6E597
:10CADC005A1E1AA9D20052181100DB001AAA9B1870
:10CAEC001A685B6808684968FCF78CFE0022454BA5
:10CAFC00FDF788FE00900191F0E51A6801321A608A
:10CB0C000122414B1A7021E61A6801321A60012287
:10CB1C003E4B1A703FE600233A4C71E63C4A30001B
:10CB2C0039003C4BFBF79CFC394A002807D0009895
:10CB3C000199384BFCF766FE2060616088E6300096
:10CB4C003900354BFBF778FC002802D10C9A0D9B71
:10CB5C007CE62F4A2F4B00980199FEF739F9EBE749
:10CB6C002E4E2F4F10961197F8E600232D4CFFE612
:10CB7C00179B9C4288D1204A1578002D00D183E761
:10CB8C0029490B8864339BB20B8000231370274A0E
:10CB9C0013700122264B1A70264B00221B78002B97
:10CBAC0013D1029803990023FBF746FC002819D0F7
:10CBBC00124A136801331360104B1B68012B00DC05
:10CBCC0062E701221C4B1A705EE70023029803995E
:10CBDC00FBF746FC051EEBD10122084B1A60154BE6
:10CBEC001D7051E70022029803990023FBF738FCD3
:10CBFC000028F1D1E0E7C0460D0400200804002015
:10CC0C00200000200000E03FC1030020C0030020F2
:10CC1C009A9999999999B93F9999B9BF3333333303
:10CC2C003333D33F0000F03F6E6700200C0400202C
:10CC3C00E00300203000002005040020F0B50022A5
:10CC4C0001260400094F0A488A4200DBF0BD082582
:10CC5C00A35C5840030033405B423B4040085840C3
:10CC6C00013D80B2002DF5D10132EDE701A0FFFFAF
:10CC7C00FFFF00000122024B1A8000225A807047ED
:10CC8C00F203002070B5084C050023780E00002B31
:10CC9C0001D1FFF7EFFF31002800FFF7CFFF012391
:10CCAC006080A080637070BDF203002010B5FFF7A8
:10CCBC00E9FF014B187910BDF20300200020034B53
:10CCCC005A78824200D058797047C046F20300204F
:10CCDC0070B504000D0000226168006801F0D2FFFD
:10CCEC0029000122032002F0B3FA03CC012201F047
:10CCFC00C9FF70BD7FB56B4600915A6019000200E8
:10CD0C00050011C911C201220098596801F0BAFF3F
:10CD1C000126282303AC280021002380A670FFF7EE
:10CD2C00D7FF3823280021002380A670FFF7D0FFFF
:10CD3C0002232800F61821002380A670FFF7C8FFF5
:10CD4C00302328002100A6702380FFF7C1FF7FBD90
:10CD5C0007B590220B001202914200D91300182241
:10CD6C0001A90A701A0A4A708B70FFF7B1FF07BD50
:10CD7C0007B590220B001202914200D91300192220
:10CD8C0001A90A701A0A4A708B70FFF7A1FF07BD40
:10CD9C0000880B88C01A7047F0B51F0000250C00E6
:10CDAC0085B08B00060018580A9B039218603D60F2
:10CDBC00039B9C4201DB00251BE0A3000293F3586C
:10CDCC000193002D08D1191CFBF770FB431E9841F1
:10CDDC00050001980134EBE70199FBF77BFB002878
:10CDEC00F7D0029B0A9AF318043B1B68013C3C6089
:10CDFC001360280005B0F0BDF0B50C00060000274C
:10CE0C0085B003938B001958930001921B580A9A12
:10CE1C00019D1360013C019B9C4207DD002F0DD04E
:10CE2C00631BDA179B185340052B07DD039B0A9AEB
:10CE3C001D60AD00AB59136005B0F0BDA300F358F5
:10CE4C00181C0293FBF746FB002806D0002F01D1DB
:10CE5C00651C01370299013CDDE70700FAE7F0B5E4
:10CE6C000C000600002785B003938B001958930023
:10CE7C0001921B580A9A019D13600134019B9C423C
:10CE8C0007DA002F0DD0631BDA179B185340052BC4
:10CE9C0007DD039B0A9A1D60AD00AB59136005B00A
:10CEAC00F0BDA300F358181C0293FBF713FB0028EA
:10CEBC0006D0002F01D1651E013702990134DDE740
:10CECC000700FAE770B50D0004000222044B0AF0CB
:10CEDC002BF8E90F491949108900085980B270BD27
:10CEEC009DCD0008F0B50D0000241F4B85B00293BA
:10CEFC001E4B21310190203D00910393009B9D42DC
:10CF0C000BD11B49201CFBF73BFEFEF71BFC0BF067
:10CF1C0093F9FEF75FFC05B0F0BD029A6B00D05A96
:10CF2C00039AD35AC01AC317C0185840FCF7D4FB45
:10CF3C00019AAB00D158FCF74BF9FEF703FC020049
:10CF4C000B00FDF75FFC0600201C0F00FEF7FAFB40
:10CF5C0002000B0030003900FCF754FCFEF73AFCE1
:10CF6C000135041CCAE7C04684570020944C0020AD
:10CF7C0000008242F0B5002689B000AF3A61013A58
:10CF8C003B60D30F9B185B10B8607960BB613B684A
:10CF9C009E4202DBBD4609B0F0BD6B46BC69FB602E
:10CFAC003B69FB61A64203DA340073000133FB6179
:10CFBC006A460025FB69341B9B000733DB08DB004A
:10CFCC00D31A9D467B61BB68A4001C19FB69AB425C
:10CFDC000CDC19007869FFF775FFFCF7CDFB7B685B
:10CFEC00B4001851FB6801369D46D0E701CCFCF724
:10CFFC0053FB7B69AA0098500135E7E7F0B5002494
:10D00C0089B00492013A0593D30F9B185B100393DC
:10D01C00059B069007915E1E059B9C4201DB09B0A7
:10D02C00F0BD039B9C421ADA230065000135069A79
:10D03C00E31A9B00D7180023029300230193029B51
:10D04C009D4216DC2800FCF747FB011C0198FBF7FE
:10D05C0097FD079BA700D8510134013EDCE7039AEA
:10D06C003300964202DA75000135E0E7039B049D1C
:10D07C00DDE7019802CFFBF791FB029B0190013396
:10D08C000293DCE7F8B504000D000020012917DD40
:10D09C0000268F00231FFF1821686068FCF798F8A2
:10D0AC0041004908301CFBF779FB0434061CA742ED
:10D0BC00F2D1681EFCF710FB011C301CFBF760FD65
:10D0CC00F8BD0000F0B5A1B014921593002319938C
:10D0DC001A931B9300231D931E931F93764B04905E
:10D0EC001B780B91002B00D1ACE032231B93734DBA
:10D0FC00734EAB8830002B806B80724B04995A882E
:10D10C0000241A80FFF7BEFF21226F4B18606F4B73
:10D11C001A60049BA34200DD9BE000246C4F30009E
:10D12C0021223900FFF76AFF644E049BA34200DD05
:10D13C0098E00024624F634E049BA34200DD9AE00A
:10D14C000024634E380021223100FFF757FF5D4F5A
:10D15C00049BA34200DD97E000255A4B584C574FD7
:10D16C000393049BAB4200DD97E0544D554E2B8846
:10D17C0030880027C01AC317C0185840FCF7ACFA07
:10D18C0020606B887088C01AC317C0185840FCF711
:10D19C00A3FA4F4D4F4A2900049B1268606020008F
:10D1AC00FFF7E8FE412221002800049BFFF726FF31
:10D1BC002122464B29001A602000049BFFF71EFF1A
:10D1CC00DC220021444852000AF02AF90023039380
:10D1DC000C9300230A930F930793049A1CAB0093B0
:10D1EC003B4818AB1B99323AFFF7D6FD039B0890CE
:10D1FC00002B00D0A0E1002872D0384B189F1B7870
:10D20C00002B00D09DE1324C1EAB012239002000D6
:10D21C0000931AABFFF7F0FD049B39005A1E1FABAD
:10D22C00200000931BABFFF71AFE1C9B1E99181CC9
:10D23C000793FBF7CDFF1F990F900798FBF7C8FFDB
:10D24C000A9072E0254B1B78002B00D14FE714237A
:10D25C004CE76300E85AFCF78FFAA700F71938601F
:10D26C00013456E7A300F858FBF796F96500AD19A1
:10D27C002880013459E76300F05AFCF77DFAA500C9
:10D28C007D192860013457E7A300F058FBF784F9A7
:10D29C006500ED19288001345AE7039A6B00D05AC7
:10D2AC00FB5AAE00C01AC317C0185840FCF714FA4A
:10D2BC00A6193060013554E75A63002084570020CA
:10D2CC00B4360020944C0020606700202800002019
:10D2DC00D42000202C00002010040020E9010020A4
:10D2EC00CB4B1B78002B00D1F2E0CA4B1B78002BE8
:10D2FC0000D1F7E00024C84B1D685E68C74B06934D
:10D30C00049BA34211DD069AA300D058FEF71AFA2B
:10D31C002A003300FBF790F8002800D10AE1230023
:10D32C001894323B32341A931B941B9B1A9E06930F
:10D33C00189B340009939B1B642B01DD099C643CF6
:10D34C00099A069B9B1A069A0D92642B02DD099B87
:10D35C0064330D930D9B25001B1B581C80000E93F2
:10D36C0009F076FCAE4B10901193119AA3009B58C8
:10D37C00139012930D9B9B009B5816930D9BAB42E5
:10D38C0000DBEEE01DAB009300210E9A109819AB58
:10D39C00FFF702FD051E13D01D9B1299181C079355
:10D3AC00FBF716FF199F0021E719041CFBF79CF8EB
:10D3BC00002801D00A940F94089B002B00D10C95E7
:10D3CC00109809F04FFC974B1B78002B0BD0964B09
:10D3DC001B78002B07D0914BBA009449D058FBF71F
:10D3EC0083F8002817D0BB1BDA179B18002053407A
:10D3FC00052B10DD069BFB1ADA179B185340052BE7
:10D40C0009DD069B9B1BDA179B1853400122142B3A
:10D41C0000DC02001000089B002B01D1002D61D014
:10D42C00002800D186E3824B28240D93039B3800FF
:10D43C005D1CFCF751F965430D9B5851039B300063
:10D44C005C430D9B1C19FCF747F9E0620698FCF74E
:10D45C0043F9079B206363630F9B3900A3630A9B0B
:10D46C006F48E363FFF73EFDBB1BDA179B18206484
:10D47C0053400020052B10DD069BFB1ADA179B1876
:10D48C005340052B09DD069B9B1BDA179B18534059
:10D49C000122142B00DC020010002823039A644C98
:10D4AC005343E418FCF718F960640998FCF714F975
:10D4BC005A4BBA00D358A064E364039B0133039323
:10D4CC00089B002B0ED0039B0A2B00D085E609E0AD
:10D4DC00584B1B78002B00D007E701F086F800288A
:10D4EC0000D002E74F4B1B780893002B00D1D8E0FB
:10D4FC00514B4F4C1F78002F51D13E003D004F4BEC
:10D50C0006970A970993039B9D4251DA276C099859
:10D51C00391CFAF7DFFF002809D00021606CFAF7FC
:10D52C00D9FF002800D0B6E0002E00D1B7E00135BD
:10D53C002834E8E70134E3E6089B002B00D05CE6D6
:10D54C00D0E73F4B1B78002B00D15CE6334BBA0085
:10D55C00D058FCF7A1F8C3173A4CC01858402060BB
:10D56C0051E6281BFCF7B8F8169917901298FBF7A0
:10D57C002FFE011C1798FBF7D1FC17900E98FCF7A7
:10D58C00ABF8011C1798FBF7FBFA119AAB00D158BA
:10D59C00FBF704F9139B013501C31393EEE6002549
:10D5AC002E00264B06950A950993039B9D424BDB57
:10D5BC00184B1B780793002B00D19CE01D4B0025CA
:10D5CC001F781B4C002F00D092E0039B022B00D144
:10D5DC0037E13D000027039B9D4200DB8BE0E16BB4
:10D5EC00A06BFBF79BFC0990011C381CFAF75EFF43
:10D5FC00002809D00021606CFAF76CFF002800D0DD
:10D60C0031E1002E00D132E101352834E3E7C04688
:10D61C00C76500205A63002038020020F40A00205D
:10D62C00D4200020E9010020E801002000801844EB
:10D63C0010040020D3650020D265002000FEFF46B8
:10D64C005963002068670020E06CFEF77BF8149AA1
:10D65C00159BFDF7BDFBFDF7E7FFC317C01858403E
:10D66C00FCF73AF80790011C0998FAF733FF0028E9
:10D67C0007D00021606CFAF72DFF002804D1002E92
:10D68C0007D00135283490E7079B3E000A95099393
:10D69C00F7E70695F5E7089E0A95099747E706957B
:10D6AC0045E7089EC54B06960A96099380E7E06C01
:10D6BC00FEF748F8149A159BFDF78AFBFDF7B4FFAB
:10D6CC00C317C0185840FCF707F80D90011C0998B7
:10D6DC00FAF700FF002809D00021606CFAF7FAFE77
:10D6EC00002800D0A6E0002E00D1A8E00135283497
:10D6FC00039B9D42DBDB002E01D00A9B0693039B10
:10D70C00002B00D0B6E0AE4C049D2360A360013D1D
:10D71C00AC4BE560AD001A68AB4EEB582261626110
:10D72C00A3613068FAF738FF80B2A083E083A85970
:10D73C00FAF732FF20840398A44CA14D079B2E6965
:10D74C002060002B1BD0301CFAF726FFA04B20606A
:10D75C001B78002B13D19F4A9F4B1278002A0ED1B5
:10D76C001B689E4C013BDB00E418301CFDF7EAFF04
:10D77C0022686368FCF746F8FEF72CF82861904E97
:10D78C003069FDF7DFFF0A000490059101000B9B47
:10D79C00706919645A64FDF7D5FF0B9B18655965C0
:10D7AC00B069FDF7CFFF0B9B18665966B18B6A33D6
:10D7BC0019800B9BF28B6E331A800B9B728C763319
:10D7CC001A800B98B38C7A3003800798002800D10C
:10D7DC0026E1C820400081428041814C40422070AB
:10D7EC0080480478002C0BD00020092607009642B4
:10D7FC0047417D4D2F707D4D092B00D8013028708D
:10D80C007B480078002800D18EE100200926070013
:10D81C00964247419E424041734D2F70734D287084
:10D82C00002C00D1A4E073484F2A01D94F2B5FD8AC
:10D83C0001235EE00D9B3E000A95099356E7069581
:10D84C0054E70021606CFAF745FE002811D1002145
:10D85C00E06EFAF73FFE0123002802D10A9B002E4E
:10D86C0008D0069306E0079E099F0A95CCE606951C
:10D87C00CAE606972825069B514C5D436519686BD3
:10D88C00FAF78AFEA083E86AFBF706FF4E4E830088
:10D89C0098590493FAF780FEE083286BFBF7FCFEA3
:10D8AC008700B859FAF778FE2822069B20840133AA
:10D8BC0053431859FBF7F0FE424E80008359A86B76
:10D8CC002361049B9B596361BB59A361FAF764FE06
:10D8DC006084E86BFAF760FEA084A86CFBF7DCFEB2
:10D8EC0080008059FBF7D8FEC317C018584023E7B7
:10D8FC0000230370404B41481A7801235340404A9F
:10D90C0003701370C8235B00994207D3364B1B7806
:10D91C00002B03D1354B1B78002B42D00023037016
:10D92C00039B384C002B2CD1238837495B189BB2B6
:10D93C002380039B13700022344B1A70294A1278EF
:10D94C00002A10D12A4A1278002A0CD0244A1278C4
:10D95C00002A08D12E4A1278002A04D0039A002AF1
:10D96C0001D001221A7000222A4B1A7021B0F0BD8E
:10D97C002748182A00D85BE7182B00D858E7047002
:10D98C00B8E70C9B002B07D000F0D3FD2388224A6C
:10D99C009B189BB22380CEE700F0CBFD23881F4A57
:10D9AC00F6E70C9A002AC6D0037000F0C2FD154AA7
:10D9BC00194913885B189BB21380BCE700FEFF4625
:10D9CC0010040020F40A0020D420002068670020F6
:10D9DC005C630020C40A0020880A002038650020FF
:10D9EC0004040020596300200304002002040020DA
:10D9FC00E8010020010400200E0400200C0400208B
:10DA0C000D0400206E67002050C3FFFFFE030020B2
:10DA1C0000040020FF030020204E0000102700000F
:10DA2C0008980028A2D0FA26B600B142B641444864
:10DA3C007642067009270798424E040097424041EF
:10DA4C0025009F42644130703F480470C72A05D9B5
:10DA5C00C72228009A426841C2B208923B4A0898F1
:10DA6C0010703B4A1278002A05D03A4A126B022AEF
:10DA7C0001DC002232700120FA27374A374E127827
:10DA8C008446424032703648BF00B94205D32D4F10
:10DA9C003F78002F01D1092B30D80C9B002B1FD1C4
:10DAAC003370039B2F4A002B05D113882E4C1B1966
:10DABC009BB213800CE013882C4C1B199BB2138067
:10DACC000122049C059D2A4B1A702A4B1C605D6038
:10DADC0000230370FA239B00994200D246E718E01A
:10DAEC000122049C059D224B1A70224B1D4A1C607E
:10DAFC005D600023204C33701388D8E7002A17D0C0
:10DB0C0062461B4B07701A701A4B0499059A1960E0
:10DB1C005A60089B002B00D128E7039B002B00D1F7
:10DB2C0024E70123037021E7002C00D07BE6E1E61B
:10DB3C000270EEE7089B002B01D0FFF74EFBD1E4FF
:10DB4C00FC030020FB030020FA030020F903002053
:10DB5C00E8010020880A00200E040020FD030020AC
:10DB6C00F80300206E67002050C3FFFF1027000051
:10DB7C00B165002008020020409CFFFF10B5010099
:10DB8C00662000F00DFF10BD10B50100622000F002
:10DB9C0007FF10BD10B50100632000F001FF10BDA0
:10DBAC0010B50100602000F0FBFE10BD10B50100A7
:10DBBC00612000F0F5FE10BD10B50100C02000F092
:10DBCC00EFFE10BD10B50100672000F0E9FE10BD9E
:10DBDC0010B501006B2000F0E3FE10BD10B5010084
:10DBEC00682000F0DDFE10BD00233B2909D8181871
:10DBFC00C0B2182801D9182000210002081880B2E0
:10DC0C0070473C390133C9B2DBB2EEE710B5FFF710
:10DC1C00EBFF0400010AC9B2642000F0C1FE6520CC
:10DC2C00E1B200F0BDFE10BD10B5642000F09AFE0C
:10DC3C000400652000F096FE01002000FFF7D4FFE1
:10DC4C0010BD10B5040001000C22C52000F0B6FE7A
:10DC5C0021000C22D12000F0B1FE8A200C222100E0
:10DC6C00400000F0ABFE10BD70B50D4E0500747990
:10DC7C001022122C0ED0112C10D8013C2000203078
:10DC8C00032180B2013400F08BFE122CF6D1727994
:10DC9C00023AD2B22900202000F0C0FE70BDC0466E
:10DCAC00C805002070B5050000242000203080B28B
:10DCBC0000F058FE032804D128550134102CF4D15F
:10DCCC0013E02028F8D02D28F6D02E28F4D02F28B9
:10DCDC0003D93928F0D94028EED810220321280086
:10DCEC0009F09EFB2800FFF7BFFF70BD70B50D4E0D
:10DCFC00050074791022122C0ED0112C10D8013C76
:10DD0C0020004030032180B2013400F049FE122C77
:10DD1C00F6D17279023AD2B22900402000F07EFE90
:10DD2C0070BDC046C805002070B505000024200059
:10DD3C00403080B200F016FE032804D1285501347F
:10DD4C00102CF4D113E02028F8D02D28F6D02E2852
:10DD5C00F4D02F2803D93928F0D94028EED8102236
:10DD6C000321280009F05CFB2800FFF77DFF70BD44
:10DD7C0010B50100E02000F013FE10BD010093204F
:10DD8C0010B5400000F00CFE10BD932010B5400003
:10DD9C0000F0E8FDFF2803D1AA38FFF7EFFF55206C
:10DDAC0010BD10B5E02000F0DDFDFF2803D1FD38DB
:10DDBC00FFF7DEFF022010BDF7B5F0248527114ECA
:10DDCC006400BF0003CEFDF705FD01AD011C28006A
:10DDDC0005F003FF2000297800F0E2FD601C697853
:10DDEC0080B200F0DDFDA01CA97880B200F0D8FD57
:10DDFC00E01C0434E97880B2A4B200F0D1FDBC423E
:10DE0C00E0D1F7BD3865002073B5114E114C03CE2F
:10DE1C00FDF7E0FC01AD011C280005F0DEFE200042
:10DE2C00297800F0BDFD601C697880B200F0B8FD67
:10DE3C00A01CA97880B200F0B3FDE01CE97880B298
:10DE4C0000F0AEFD0434044BA4B29C42DFD173BD90
:10DE5C00D0640020A3020000D702000073B5114E5D
:10DE6C00114C03CEFDF7B6FC01AD011C280005F0EA
:10DE7C00B4FE2000297800F093FD601C697880B214
:10DE8C0000F08EFDA01CA97880B200F089FDE01C8A
:10DE9C00E97880B200F084FD0434044BA4B29C42B7
:10DEAC00DFD173BD68640020D70200000B030000B3
:10DEBC0073B5114E114C03CEFDF78CFC01AD011C5A
:10DECC00280005F08AFE2000297800F069FD601C0E
:10DEDC00697880B200F064FDA01CA97880B200F0D3
:10DEEC005FFDE01CE97880B200F05AFD0434044B6D
:10DEFC00A4B29C42DFD173BD006400200B03000070
:10DF0C003F03000073B5114E114C03CEFDF762FCBC
:10DF1C0001AD011C280005F060FE2000297800F0FE
:10DF2C003FFD601C697880B200F03AFDA01CA97816
:10DF3C0080B200F035FDE01CE97880B200F030FDD5
:10DF4C000434044BA4B29C42DFD173BD986300200F
:10DF5C003F0300007303000010B5002420002C3098
:10DF6C00FF3080B200F0FEFC024B185501340D2C32
:10DF7C00F4D110BDE403002010B500242000064BA2
:10DF8C002C30195DFF30C9B280B2013400F008FDAD
:10DF9C000D2CF3D110BDC046E403002010B50024B5
:10DFAC002000054BC130FF30195D80B2013400F008
:10DFBC00F7FC0D2CF4D110BD8463002010B50024A7
:10DFCC00054B195D85239B00E01880B2013400F0ED
:10DFDC00E7FC0D2CF4D110BD7763002070B5002444
:10DFEC0025004135FF35ADB2280000F0BBFC431EC7
:10DFFC00DBB2082B04D92800052100F0D1FC052048
:10E00C00024B185501340F2CEAD170BDA0650020CD
:10E01C0010B500242000054B4130FF30195D80B253
:10E02C00013400F0BDFC0F2CF4D110BDA065002014
:10E03C000A4B37B518685968FDF7CCFB01AD011CCC
:10E04C00280005F0CAFD00242000E830295D80B2CC
:10E05C00013400F0A5FC042CF6D137BD10000020D3
:10E06C000A4B37B518685968FDF7B4FB01AD011CB4
:10E07C00280005F0B2FD00242000F630295D80B2A6
:10E08C00013400F08DFC042CF6D137BDD8030020F0
:10E09C000A4B37B518685968FDF79CFB01AD011C9C
:10E0AC00280005F09AFD00242000E430295D80B2A0
:10E0BC00013400F075FC042CF6D137BD2000002093
:10E0CC0073B51A4E1A4C03CEFDF784FB01AD011C3F
:10E0DC00280005F082FD2000297800F061FC601C0E
:10E0EC00697880B200F05CFCA01CA97880B200F0CA
:10E0FC0057FCE01CE97880B200F052FC04340D4B64
:10E10C00A4B29C42DFD10C4BE320197800F048FC00
:10E11C000A4BE220197800F043FCFFF7B9FF92207C
:10E12C00074B4000197800F03BFC73BD786200206F
:10E13C003B020000A3020000E3030020E2030020E6
:10E14C00E10300200A4B37B518685968FDF742FB0C
:10E15C0001AD011C280005F040FD00242000EC302E
:10E16C00295D80B2013400F01BFC042CF6D137BDC4
:10E17C00400200200D4B37B518685968FDF72AFB93
:10E18C0001AD011C280005F028FD00242000F03012
:10E19C00295D80B2013400F003FC042CF6D1044B51
:10E1AC00F4201978C9B200F0FBFB37BD380200200F
:10E1BC00C76500200100262010B5FF3000F0F0FBF1
:10E1CC0010BD10B50100692000F0EAFB10BD000085
:10E1DC0010B50100014800F0E3FB10BD390200004E
:10E1EC000100D12010B5400000F0DAFB10BD010099
:10E1FC00D42010B5400000F0D3FB10BD0100AA20C4
:10E20C0010B5FF3000F0CCFB10BD0100D72010B5CD
:10E21C00400000F0C5FB10BD0100D52010B540003A
:10E22C0000F0BEFB10BD0100A42010B5FF3000F0C3
:10E23C00B7FB10BD0100AC2010B5FF3000F0B0FBF7
:10E24C0010BD0100D22010B5400000F0A9FB10BD9C
:10E25C000100AE2010B5FF3000F0A2FB10BD010094
:10E26C00D62010B5400000F09BFB10BD10B5010C82
:10E27C000400A820C9B2FF3000F092FBD320210A81
:10E28C00C9B2400000F08CFBA620E1B2FF3000F0D8
:10E29C0087FB10BD002110B50800FFF7B7FC01206B
:10E2AC00FFF77EFC0120FFF781FC0020FFF7DEFF6B
:10E2BC0010BD10B5040000F0CDFBFFF7EBFF210003
:10E2CC000622012000F0AAFB21000622102000F0FB
:10E2DC00A5FB06222100302000F0A0FB10BDF0B5FC
:10E2EC00012500272C008FB006AB059001930293FB
:10E2FC000395BEB2701C80B200F034FB029B187008
:10E30C003000103080B200F02DFB082206AB9B18B9
:10E31C003036D8550490B0B200F024FB029A049920
:10E32C0012780AABF854914253D1049A904207D018
:10E33C000024250004E00024049A03948242F8D1BE
:10E34C00029A013701320292062FD2D106AA127A12
:10E35C001B78134006AA1278FF2A0DD1FF3B5A42B4
:10E36C005341DEB200230CA9002C02D1039A002ADF
:10E37C000AD0019A12780DE00026FF2BF2D106A8E4
:10E38C00FFF797FF3500EDE7002DF2D0082006AA25
:10E39C001218D25C5A54019A013301320192062BA5
:10E3AC00E2D10023CA5C10003038092809D90622B2
:10E3BC003021059809F034F80598FFF77AFF0FB073
:10E3CC00F0BD0598C254002EF1D10133062BE9D1D2
:10E3DC00F5E79042AFD1002215000392B0E701009F
:10E3EC00282010B5FF3000F0DBFA10BD01002A2008
:10E3FC0010B5FF3000F0D4FA10BD0100952010B517
:10E40C00400000F0CDFA10BD10B50100014800F03D
:10E41C00C7FA10BD3602000010B50100014800F02B
:10E42C00BFFA10BD3702000070B5050000242000B3
:10E43C00803080B200F096FA28550134102CF6D1B9
:10E44C0070BD10B501001022802000F0E7FA10BD5D
:10E45C00D02310B50C000100580000F0A1FAA22046
:10E46C002100FF3000F09CFA10BDF7B504001D0030
:10E47C000091019200F076FA0600200000F072FA8A
:10E48C0007003000BE4208D0200000F06BFA874233
:10E49C0003D0200000F066FA3000019B984202D8AD
:10E4AC00009B984204D22000290000F079FA280041
:10E4BC00FEBD022310B51A0001216620FFF7D5FF1F
:10E4CC0010BD10B50723082201216220FFF7CDFFF4
:10E4DC0010BD10B50023F0220A216320FFF7C5FF01
:10E4EC0010BD012310B5FF2219006020FFF7BDFFFE
:10E4FC0010BD012310B5022219006120FFF7B5FFF2
:10E50C0010BD022310B51A000121C020FFF7ADFF8A
:10E51C0010BD012310B5022219006720FFF7A5FFDB
:10E52C0010BD002310B5F02219006B20FFF79DFFE2
:10E53C0010BD002310B5062219006820FFF795FFC7
:10E54C0010BD000070B50024FF2585239B00E0184A
:10E55C002A002B00012180B2FFF787FF024B1855D0
:10E56C0001340D2CF1D170BD77630020012310B55F
:10E57C00022219006920FFF778FF10BD022310B5A5
:10E58C001A0001210148FFF770FF10BD390200008D
:10E59C000123D12010B5022219009840FFF765FF26
:10E5AC0010BD0123D42010B5022219009840FFF7AA
:10E5BC005CFF10BD0123AA2010B502221900FF3008
:10E5CC00FFF753FF10BD0121D72010B50B23FE22FE
:10E5DC008840FFF74AFF10BD0123D52010B5022259
:10E5EC0019009840FFF741FF10BD0023A42010B57F
:10E5FC00FE221900FF30FFF738FF10BD0023AC20BE
:10E60C0010B5FE221900FF30FFF72FFF10BD0023BD
:10E61C00D22010B5FE2219004000FFF726FF10BDD6
:10E62C000023AE2010B5FE221900FF30FFF71DFFAE
:10E63C0010BD0023D62010B50D2219004000FFF7A5
:10E64C0014FF10BD0023FF22A82010B5190080185C
:10E65C00FFF70BFF00230400D3201900FF2240001A
:10E66C00FFF703FF240400020023FF222418A62036
:10E67C0019008018FFF7F9FE001910BD01232620A0
:10E68C0010B502221900FF30FFF7EFFE10BD0F236B
:10E69C002A2010B51A000E21FF30FFF7E6FE10BD40
:10E6AC000023952010B5FF2219004000FFF7DDFE76
:10E6BC0010BD000010B50B230D2201210148FFF7FE
:10E6CC00D4FE10BD36020000012310B50D22190036
:10E6DC000148FFF7CAFE10BD3702000037B5050030
:10E6EC000024281980B200F03DF901AB1855013413
:10E6FC00042CF6D12100180005F05EFA0198011CDB
:10E70C00F9F7CEFE002801D10023019301983EBDFC
:10E71C0070B5F0248526074D6400B6002000FFF785
:10E72C00DDFFFDF70FF80434A4B203C5B442F5D1F4
:10E73C0070BDC0463865002070B5074D074C2000F1
:10E74C00FFF7CCFFFCF7FEFF0434054BA4B203C566
:10E75C009C42F4D170BDC046D0640020A3020000DE
:10E76C00D702000070B5074D074C2000FFF7B6FF2D
:10E77C00FCF7E8FF0434054BA4B203C59C42F4D16A
:10E78C0070BDC04668640020D70200000B03000077
:10E79C0070B5074D074C2000FFF7A0FFFCF7D2FF28
:10E7AC000434054BA4B203C59C42F4D170BDC046E1
:10E7BC00006400200B0300003F03000070B5074D00
:10E7CC00074C2000FFF78AFFFCF7BCFF0434054B15
:10E7DC00A4B203C59C42F4D170BDC046986300201E
:10E7EC003F0300007303000010B5EC20FFF776FF29
:10E7FC00FCF7A8FF10BD000070B5354D354C20005E
:10E80C00FFF76CFFFCF79EFF0434334BA4B203C537
:10E81C009C42F4D1002319001A22E220FFF725FEB6
:10E82C002E4B012218700023E3201900FFF71DFE68
:10E83C00421E90412A4B1870E420FFF74FFFFCF763
:10E84C0081FF284B18605960274B18605960274B83
:10E85C0018605960E820FFF741FFFCF773FF244C68
:10E86C0020606160F620FFF739FFFCF76BFF214C4D
:10E87C0020606160F020FFF731FFFCF763FF1E4B57
:10E88C000122186059601D4B186059600023F42058
:10E89C001900FFF7EAFD431E9841194BC0B21870DE
:10E8AC00002301221900F520FFF7DFFD431E9841DC
:10E8BC00144BC0B2187000239220012219004000A2
:10E8CC00FFF7D3FD421E90410F4B187070BDC04630
:10E8DC00786200203B020000A3020000E20300204B
:10E8EC00E303002020000020D80A002000000020B4
:10E8FC0010000020D803002038020020E00A00207D
:10E90C00C7650020C5650020E103002037B5022350
:10E91C006A46134C40BA5370508011712068002223
:10E92C00616800F0AFF9062000F070FC206801224D
:10E93C00616800F0A7F920680022616800F0A2F974
:10E94C0001256B46585D013500F060FC052DF8D1B2
:10E95C0020680122616800F095F900F003FD37BDD5
:10E96C003400002070B505000C4C00222068616852
:10E97C0000F088F9032000F049FC280A00F046FC5E
:10E98C00E8B200F043FC00F095FC05000122206881
:10E99C00616800F077F9280070BDC0463400002093
:10E9AC0070B505000C002800FFF7DCFFA04204D076
:10E9BC0021002800FFF7AAFFF5E770BDF8B50500A8
:10E9CC000F001600144C00222068616800F05AF900
:10E9DC00062000F01BFC20680122616800F052F94F
:10E9EC0000222068616800F04DF9022000F00EFC56
:10E9FC00280A00F00BFCE8B200F008FC39003000EB
:10EA0C00002200F025FC20680122616800F03AF930
:10EA1C0000F0A8FCF8BDC04634000020F7B50D008E
:10EA2C00160005270190320029000198FFF7C6FF58
:10EA3C000024A64200DCF7BD019B181980B2FFF739
:10EA4C0091FF2B5D834201D10134F2E7013F002F8E
:10EA5C00E9D1F0E730B589B02022FF216846802546
:10EA6C0008F0DEFC0024ED00200020342022694652
:10EA7C00A4B2FFF7D3FFAC42F6D109B030BD000011
:10EA8C00604B10B518680022596800F0FBF85E4B1B
:10EA9C0000221868596800F0F5F85C4B00221868E1
:10EAAC00596800F0EFF85A4B00221868596800F0CA
:10EABC00E9F8584B00221868596800F0E3F8564BF7
:10EACC0000221868596800F0DDF8544B00221868D1
:10EADC00596800F0D7F8524B00221868596800F0BA
:10EAEC00D1F8504B00221868596800F0CBF84E4B07
:10EAFC0000221868596800F0C5F84C4B00221868C1
:10EB0C00596800F0BFF84A4B00221868596800F0A9
:10EB1C00B9F8484B00221868596800F0B3F8464B16
:10EB2C0000221868596800F0ADF8444B00221868B0
:10EB3C00596800F0A7F8424B00221868596800F099
:10EB4C00A1F8404B00221868596800F09BF83E4B26
:10EB5C0000221868596800F095F83C4B00221868A0
:10EB6C00596800F08FF83A4B00221868596800F089
:10EB7C0089F8384B00221868596800F083F8364B36
:10EB8C0000221868596800F07DF8344B012218688F
:10EB9C00596800F077F8324B01221868596800F078
:10EBAC0071F8304B01221868596800F06BF82E4B45
:10EBBC0001221868596800F065F82C4B012218687E
:10EBCC00596800F05FF82A4B01221868596800F068
:10EBDC0059F8284B01221868596800F053F8264B55
:10EBEC0001221868596800F04DF8244B002218686F
:10EBFC00596800F047F8224B01221868596800F058
:10EC0C0041F810BD940000208C00002074000020FE
:10EC1C00840000206C0000207C00002044010020B7
:10EC2C003C010020340100202C0100202401002094
:10EC3C001C010020140100200C0100200401002004
:10EC4C00FC000020F4000020EC000020E400002078
:10EC5C00DC000020D4000020CC0000204400002068
:10EC6C003C00002034000020C4000020BC00002028
:10EC7C00AC000020B4000020640000205C000020E8
:10EC8C00A400002007B589B206F080F907BD07B5CE
:10EC9C0089B206F075F9431E9841C0B20EBD000052
:10ECAC0030B593B03822002104A808F0B9FB10222B
:10ECBC000021684608F0B4FB8020800006F016FAAC
:10ECCC0006F00AFA1821194A0124D36D02258B4348
:10ECDC00D3650523049380235B02059303230C93D4
:10ECEC0000230D9308330E9380239B020F938023F4
:10ECFC009B041093802304A89B0506940B951193F9
:10ED0C0006F020FA002801D072B6FEE70723029025
:10ED1C000390210068460093019506F07BFC0028C7
:10ED2C0001D072B6FEE713B030BDC04600100240F1
:10ED3C00F0B58FB005F046FEFFF7B2FF14220021AC
:10ED4C0009A808F06DFB04220126C74DC74C6B6B5C
:10ED5C00210013436B636B6BC54813400493049BF6
:10ED6C006B6B1C3213436B636B6BC24F134005937D
:10ED7C00059B6B6B1E3A33436B636B6B3340069393
:10ED8C00069B6B6B13436B636B6B13400793079B77
:10ED9C006B6B063213436B636B6B1340089300224F
:10EDAC00089B06F0F3F8A02039000022C00506F0FD
:10EDBC00EDF80022B049B14806F0E8F80022B0495D
:10EDCC00B04806F0E3F809940024A94809A90A966A
:10EDDC000B940C9406F022F8A020052309A9C00579
:10EDEC0009930A940B9406F019F8A02009A9C00500
:10EDFC0009970A960B940C9406F010F8A0200323A4
:10EE0C00102709A9C0050A9309970B9406F006F878
:10EE1C00994B9A4809A909930A960B940C9405F0FE
:10EE2C00FDFF974B974809A909930A960B940C94EC
:10EE3C0005F0F4FF0822914809A909920A940B9451
:10EE4C0005F0ECFFAB6B21003343AB63AB6B2200E3
:10EE5C00334009200393039B05F0ECFD092005F0DA
:10EE6C0013FE894D894B28002B60894BAC606B607D
:10EE7C00EE602C616C61AC61EC612C6206F08CF87C
:10EE8C000100A04201D072B6FEE7280006F0DAF8C5
:10EE9C00011E01D072B6FEE7280006F0F9F8031E39
:10EEAC0001D072B6FEE7E02507247A487A4AED00D5
:10EEBC0043608360036143618361036243628362E5
:10EECC00036343630260C560C46206F021FE031E47
:10EEDC0001D072B6FEE77148714A836002608222EB
:10EEEC00036143610362436283620363082352003C
:10EEFC004260FC32C5608261C761C462436306F044
:10EF0C0007FE011E01D072B6FEE7664C664B02008E
:10EF1C00236096239B0163600C23A060E06020615A
:10EF2C006361A0610300E06120626062A062200066
:10EF3C0007F0B2FD011E01D072B6FEE7200007F00B
:10EF4C0013FE011E01D072B6FEE7200007F02CFE66
:10EF5C00002801D072B6FEE7200007F0E7FD031E83
:10EF6C0001D072B6FEE7FF265048514A514F02605D
:10EF7C0046608360C7600361836106F0A3FF0028CD
:10EF8C0001D072B6FEE74C484C4B46600360002340
:10EF9C00C760836003614361836106F093FF031EC6
:10EFAC0001D072B6FEE74648464A4660026083606E
:10EFBC00C76003614361836106F084FF0190002800
:10EFCC0001D072B6FEE70C22019909A808F028FAC4
:10EFDC003D4D3E4B28002B60019B6E60AB60EF609B
:10EFEC00AB6106F06FFF002801D072B6FEE7099006
:10EFFC000B9009A9280006F08FFF0190002801D082
:10F00C0072B6FEE70C22019909A808F009FA304DF6
:10F01C00304B28002B60019B6E60AB60EF60AB61E6
:10F02C0006F050FF002801D072B6FEE709900B9055
:10F03C0009A9280006F070FF031E01D072B6FEE786
:10F04C002548264A836002607F22C2608022D20556
:10F05C00066143618361C3610262436206F002FD93
:10F06C0000283DD072B6FEE700100240FF3F0000C2
:10F07C00000800502809000034FF00000004005074
:10F08C0065030000000C00508C0900200054004067
:10F09C00BB7C7000FC080020003001409808002068
:10F0AC00003800408806002000380140B4070020DA
:10F0BC0000200040FFFF00006807002000440140D2
:10F0CC001C070020004801400008002000140040EC
:10F0DC004C0800200010004060090020002800406F
:10F0EC00FFF7CEFC28222000194907F07FFD0126EE
:10F0FC00184F3B78002B12D0174D2B78DCB2002B1D
:10F10C000DD102202E7000F03BFB144B3C701C7098
:10F11C00134B1C70134B1C70134B1C702C70134F27
:10F12C003B78002BE4D00C4D2B78DCB2002BDFD1DC
:10F13C0001202E7000F024FB084B3C701C70084B17
:10F14C001C70084B1C70084B1C702C70D0E7C04610
:10F15C0004060020836700207E6700207D67002066
:10F16C007C6700207A670020786700208467002085
:10F17C0070B50B4D0B4C0A002100280008F0E5F986
:10F18C002800282105F0C0FB21002822064807F0A2
:10F19C002DFD0421054B1A6813688B43136070BD59
:10F1AC00DC05002004060020880600202C06002028
:10F1BC0007B56B46D91D087064230122014807F07E
:10F1CC004FFB07BD8806002010B5044C0A00010057
:10F1DC006423200007F044FB10BDC04688060020C5
:10F1EC00034B1A68402311680B4313607047C046E9
:10F1FC00FC080020022303498A681A42FCD0024B07
:10F20C0018707047003001400C300140402210B59E
:10F21C0001240C4B1B681968914319601968A143B0
:10F22C0019601968196019680A431A600222064BA2
:10F23C0099681142FCD0054A1070802299681142DD
:10F24C00FCD110BD98080020003800400C3800405C
:10F25C00F0B540240126144B1B681D68A5431D60A6
:10F26C001D68B5431D601D68104E15431D601A685E
:10F27C00802514431C60002202240D4B904208DCB4
:10F28C00022299681142FCD0802299681142FCD16B
:10F29C00F0BD9F682742FCD09F682F42FCD18F5C49
:10F2AC0001323770EAE7C046980800200C3800405D
:10F2BC0000380040402210B501240F48036819683B
:10F2CC00914319601968A14319601968196019688C
:10F2DC000A431A6006F094FC0222084B996811420A
:10F2EC00FCD00021064A1170012299681142FCD011
:10F2FC00D868C0B210BDC046980800200038004045
:10F30C000C380040F8B5144F0400380016000D00FE
:10F31C0006F076FC40223B68196891431960012184
:10F32C0018688843186018683043186018680B4ECA
:10F33C0002431A6002200023094A9C4200DCF8BDFB
:10F34C0097680742FCD00027377097680F42FCD0B3
:10F35C00D768EF540133F0E7980800200C380040D0
:10F36C000038004070B50C4C002220686168FFF733
:10F37C0089FC0520FFF74AFF0125FFF79BFFFFF7EC
:10F38C0099FF284205D1206801226168FFF77AFCB9
:10F39C0070BDFFF78FFFF4E73400002010B506288E
:10F3AC0007D10C480222036852421A6106F03CFC59
:10F3BC0010BD072801D10848F4E70E2801D10748F1
:10F3CC00F0E7102801D10648ECE71128F0D10548E8
:10F3DC00E8E7C0464C08002000080020B4070020D5
:10F3EC00680700201C07002010B5062803D10A4826
:10F3FC0006F04EFC10BD072801D10848F8E70E288E
:10F40C0001D10748F4E7102801D10648F0E711288C
:10F41C00F0D10548ECE7C0464C080020000800205D
:10F42C00B4070020680700201C070020084B0628A2
:10F43C000BD0084B072808D0074B0E2805D0074BDC
:10F44C00102802D0112802D1054B1B68D9627047D5
:10F45C004C08002000080020B4070020680700209A
:10F46C001C070020084B06280BD0084B072808D097
:10F47C00074B0E2805D0074B102802D0112802D1BB
:10F48C00054B1B68596270474C080020000800208F
:10F49C00B4070020680700201C07002062B67047E4
:10F4AC0072B670470E4B10B50400984207D103F0AA
:10F4BC00E9FB0C4B9C4207D103F0CEFA0FE00A4B50
:10F4CC00984207D103F0A4FE084B9C4207D103F0ED
:10F4DC00EFFA04E0064B9842EBD103F0A7FE10BD07
:10F4EC004C08002068070020000800201C070020A2
:10F4FC00B407002072B6FEE7F7B52C4C2C4A23005B
:10F50C00106851688033186059602A4B00261A68BD
:10F51C005B6800270025226163610022264B01A84D
:10F52C0026626762A662E76226636763226463648D
:10F53C002580A56304F09AF86B4622009B8848321C
:10F54C005BBA138001A832003B002665676504F0A6
:10F55C008DF86B4622009B8858325BBA138001A849
:10F56C0032003B002666676604F080F86B4622008A
:10F57C009B8868325BBA138023006A331D8023009A
:10F58C006E331D80230072331D80230076331D8063
:10F59C0023007A331D80230088331E605F602300B4
:10F5AC007E3490331E605F602580F7BDE00900203B
:10F5BC002000002010000020E0FFEF40F8B50022F2
:10F5CC00334BFAF71FF90022324BFAF7E1FC040037
:10F5DC000D00314A314BFBF715F922002B00FBF7DC
:10F5EC0011F922002B00FBF70DF92D4A06000F0034
:10F5FC00200029002B4BFBF705F922002B00FBF711
:10F60C0001F902000B0030003900FAF7FBF8244A2C
:10F61C0006000F0020002900234BFBF7F3F8020033
:10F62C000B0030003900FAF7EDF8204A204BFBF7BD
:10F63C00CFFB08F093FD00221E4B04000D00F8F7E1
:10F64C000FFF002812D01C4B1B78002B04D001227A
:10F65C001A4B1B4C1B4D1A701B4B1B78002B02D0EA
:10F66C000122164B1A7029002000F8BD0022200040
:10F67C002900164BF8F7E0FE0028F4D0124B1B784B
:10F68C00002BF0D001220D4B0D4C0E4D1A70EAE7F9
:10F69C000000894000E09540D7A3703D0AD5814019
:10F6AC006666666666D29EC06672A140295C8FC291
:10F6BC00F5D8894000001E40E80100206467002056
:10F6CC008FC2F5285CFF5840596300200000F03FC2
:10F6DC00F8B50D0004000D4A0D4BFBF793F82B0009
:10F6EC002200FBF78FF80B4A06000F0020002900C0
:10F6FC00094BFBF787F802000B0030003900FAF7D2
:10F70C0081F8064A064BFAF77DF8F8BD865AD3BC49
:10F71C00E3149DBF454772F90FE9FE3F4A0C022BDB
:10F72C008716A93FF8B50F0019000E4B06001B7881
:10F73C001000002B12D00C4C0C4D00220C4BFBF784
:10F74C0047FB2B002200FBF75DF80022094BFAF770
:10F75C0059F832003B00FBF755F8F8BD064C074D45
:10F76C00EBE7C046596300209A9999999999993F6A
:10F77C00000039400000F03F7B14AE47E17A943F23
:10F78C000023F0B5B3B0D24CD24D0A90319301287E
:10F79C0023D120702B70FFF727F806000F00CE4BFB
:10F7AC001E605F60CD4B1B78002B21D00022002304
:10F7BC00F8F756FE00281BD0C94B00223000390048
:10F7CC00F8F73AFE012300280DD0237000232B708C
:10F7DC000022C44B0492059310E00A9A022ADAD153
:10F7EC0023700123D6E720702B700022BE4BF1E76B
:10F7FC002378002BECD12B78002BF6D1FEF7BEFE34
:10F80C00022802D10022B94B1A70FEF7B7FE01286C
:10F81C0001D1B64B1870FEF795FEFEF78AFE022852
:10F82C000AD8FEF786FEFBF73BFF0022B04BF9F738
:10F83C00E9FFB04D28606960FEF7E9FE1A90FEF70B
:10F84C0048FEAD4B1870FEF7FDFE3221F8F7D8FDDF
:10F85C00002901D101F098FE002301221900F420A7
:10F86C00FEF703FE431E98410023A44DC0B21900BD
:10F87C0028700122F520FEF7F8FD431E9841A04B9D
:10F88C00C0B21870FEF78DFE012802D000229D4BED
:10F89C001A70FEF7B3FE1290022802DD01229A4B79
:10F8AC001A709A4B1A78002A00D1C4E0924A127846
:10F8BC003B2A00D8BFE0964B01221A70954B1A7068
:10F8CC00954B1A78934B002A03D1914A1278002A4F
:10F8DC0001D001221A701B78002B05D02378002B45
:10F8EC0002D00122814B1A70FEF776FE794B8B49C0
:10F8FC001B780860002B05D00122894B022800D010
:10F90C00A4E01A707F4E824C3378002B09D02378F8
:10F91C00002B06D00020FEF78DFC00227A4B1292B1
:10F92C001A702378764C002B00D195E07D4B7E4AE3
:10F93C001A80754B1B78002B02D001227B4B1A705E
:10F94C0001257B4B1D60FCF7EDF92378D8B2002B19
:10F95C0003D1784B1D70FEF77BFCFEF761FE764BF6
:10F96C001860674B1B78002B06D0FA216D4A890072
:10F97C0013885B189BB21380604B1B78002B04D050
:10F98C00684A13880A339BB21380684B1B78002B90
:10F99C0004D0644A138864339BB213805D4B674C6C
:10F9AC001B78DAB21192002B00D1F8E0FEF782FE40
:10F9BC0020780300083B5A1E93410822DBB21193B6
:10F9CC00574B0B901B781492002B05D00321F8F7A2
:10F9DC00A7FB0130C3B20B930023012022785849B6
:10F9EC009A4200DDE3E002F069FF564C0A991EA82A
:10F9FC0001F092FA48221EA9200007F0A6FDFEF79E
:10FA0C0058FD1B90FEF7F8FEFEF782FEFEF794FE03
:10FA1C00FEF7A8FEFEF7BCFEFEF7D0FE4A4B1B78A5
:10FA2C00002B01D0FCF778FA444B01241A78474993
:10FA3C0000234748C3E01B78002B00D140E72E4B36
:10FA4C001B78092B00D83BE7334B35E702201A70A3
:10FA5C000860FEF7E1FB55E73E4B1B78002B1BD0F3
:10FA6C002D4B1B78002B17D02E4B3B4A1A8023783A
:10FA7C00DCB2002B00D070E7012502222B4B1D704D
:10FA8C002B4B1A601D4B1C70FEF774FBFCF74AF9EC
:10FA9C00284B1D7020005EE71C4B1B78002B5FD0A1
:10FAAC003378002B5CD02378002B09D11D4B2B4ACB
:10FABC001A8001231D4A13701D4A13601D4A1370CE
:10FACC0000242C70FEF756FBFCF72CF9E2E7C0463D
:10FADC0059630020E8010020E80A00205863002048
:10FAEC000070874000D0864000208C404C63002082
:10FAFC000000E03FD0030020F10A0020C765002081
:10FB0C00C565002078670020F00A00207D67002082
:10FB1C007B6700207C6700207A670020EC010020C6
:10FB2C005C630020706700201027000081670020B4
:10FB3C004C020020C6650020D00A00205102002093
:10FB4C00F1010020880A0020AF650020E4030020AA
:10FB5C006A63002079670020204E00003075000099
:10FB6C00734B1B78002B00D1F7E63378002B00D0B9
:10FB7C00F3E62378DEB2002B00D0EEE601246D4BC9
:10FB8C006D4A1A806D4B1C706D4B1C602E70FEF70D
:10FB9C00F1FAFCF7C7F86B4B30001C70DBE6FEF794
:10FBAC0012FD032343430B93119B149314E7C85486
:10FBBC00013315E7CD5C052D00D9C45401339A42AD
:10FBCC00F8DC00F075FE03F06FFBFA20C00004F0C7
:10FBDC001FFF0023139315930D93FFF78DFC5A4CC5
:10FBEC00236B012B3DD1594B1B78002B39D003F0E3
:10FBFC00EBFB022835D1FEF78CFC012831D103F048
:10FC0C00E3FB01282DD003F0DFFB012829D050485D
:10FC1C00236804220370030039331A704D4B0024FF
:10FC2C001A68030078331A800300FF227E331A709F
:10FC3C00312503F0BBFF03F0A7FF04F01BF90022F2
:10FC4C00E30FA5425341DBB2934201D0904203D162
:10FC5C00FCF768F833B0F0BD0A2004F0D9FE01348B
:10FC6C00EBE7A269E369A06AE16AFAF791F9FBF79D
:10FC7C00DBFCAF22384B00210890120118000793CF
:10FC8C0007F0CEFBAF22354D00212800120107F002
:10FC9C00C7FBAF22324E00215201300007F0C0FBEF
:10FCAC00AF22002152012F4807F0BAFBAF222E4F92
:10FCBC0000215201380007F0B3FB6B461B8C32005D
:10FCCC0029001093009307983B0003F0D1FA274BBF
:10FCDC001A4D1A782B78134022003C3212781A42B3
:10FCEC000CD035342378002B08D00498059903F0F8
:10FCFC0023FB002301222B701D4B1A7000221D4B7D
:10FD0C001A8002F0E3FF104B9868D96802F03CFFB0
:10FD1C0003F036F802F0D4FF07900028FAD1164B06
:10FD2C001B78DAB20C92002B28D103F0E9FE91E794
:10FD3C007D67002070670020409CFFFF81670020DA
:10FD4C004C020020C6650020880A0020E901002032
:10FD5C00E00900207467002084570020944C002098
:10FD6C00B4360020D4200020F40A00207F67002045
:10FD7C001B0A00206E67002050020020D44B079A0B
:10FD8C00D4491A80D44AD54B966B176809785E70A3
:10FD9C00FBB2002905D0126C002A02D01B019B1863
:10FDAC00DBB2CE4CCE4A2370CE4BCB4D226263627B
:10FDBC00286A696ACC4ACD4B22636363A262E36210
:10FDCC002300883318605960AA6AEB6AFBF700F8C5
:10FDDC00FBF72AFCC317C0185840FBF761FCC44B57
:10FDEC0090341B7820606160002B37D05A231AAAFC
:10FDFC009B1800223E351A802B780124934201D1A6
:10FE0C00BC4B1C78BC4B1B78002B12D0BB4B1B780B
:10FE1C00002B09D0B049BA4B002208694969F8F7A0
:10FE2C0005FB0023984206D0B64B1B78002B00D064
:10FE3C0069E2012323405A241AAAA41831003A007B
:10FE4C0008980094FBF7FEFDAF4B22881A80AF4B4D
:10FE5C001B78002B00D062E201F02CF8049A059B71
:10FE6C009E491098FDF72EF9A34B1B78002B09D057
:10FE7C00994B1A6B012A00DD54E25A6BA44B1A42BF
:10FE8C0000D04FE20E9B0F9C089309949A4B1A7862
:10FE9C00984B1B78002B00D166E29E489E49007857
:10FEAC000B78002800D15CE28C48013B046C456C5B
:10FEBC00181C049405951B0600D500200870964963
:10FECC00964B09781970964B1B78002B03D09549EB
:10FEDC00954B096819600021944B1B788B4208D113
:10FEEC0093487D4B0078884203D036331B785B42B5
:10FEFC00D9B2904B794C1970002A59D0834B764E5D
:10FF0C001B78002B54D18C4D0A9B28686968009390
:10FF1C00089A099BFFF752FB20626162FFF7D8FB3E
:10FF2C00226963690A9F206361630097FFF7FAFBFC
:10FF3C00226963690E920F932A686B68A062E16272
:10FF4C00206C616C009201930E9A0F9BFCF768F980
:10FF5C000B0002003100A260E3603F3109780029F8
:10FF6C0008D031003D3109783068FCF701FB803452
:10FF7C00206061600021594D574CAA68EB680091D4
:10FF8C00216C2068FBF78AFE0B9B6C4A013B0B93A0
:10FF9C001378383501331370694B28701B78002B9C
:10FFAC0006D03D3423785A425341139AD3181393F5
:10FFBC000498059901F03CFB4E4B1B78002B08D0A4
:10FFCC00604B1B78002B04D05F4B5C681B68049360
:10FFDC000594414C2068FBF7EBFE5C4B187000203D
:10FFEC0002F05CFA119B002B03D0139B149A9342E2
:04FFFC0008D00B9B83
:020000040801F1
:10000000002B00DDDEE136342378002B00D1D9E16E
:100010000122524B1A70FEF759F8FEF70FF8FEF75F
:1000200025F84F4B1B78002B00D1C4E14D4B1B78BA
:10003000002B00D1BEE0474B1C685D684A4B200096
:100040001A685B680E920F93484B29001E685F6820
:100050000E9A0F9BF9F7DCFB454B1C901D911A681B
:100060005B6830003900F9F7D3FB02000B001C98E5
:100070001D99FAF7B3FE4B005B0817931690002208
:10008000169817993B4BF8F7DDF9002812D132008A
:100090003B0020002900FAF7A1FE4B005B081993F2
:1000A0001890002218981999324BF8F7DFF90028B8
:1000B00000D17FE00E9A0F9B224E30687168FAF7EC
:1000C0008DFE2D4A2D4BFAF7A3FB2D4F3A687B6826
:1000D000F9F79EFB0E9A0F9B040053E06C6700201B
:1000E0005C630020880A0020E00900208FC2F52808
:1000F0005CFF58400E2DB29DEFFF58407F670020F7
:10010000E90100205A6300205963002000004440A8
:10011000E8010020520A0020C40A0020FF00FF006E
:10012000FD030020A4660020180A0020BD0A00205C
:1001300074670020686700207C670020C60A0020E2
:100140005E0A002040020020F20A00200D04002078
:10015000BE0A002038020020190A0020E103002016
:10016000D3650020A066002028020020E00A0020BD
:10017000E80A0020000024403BDF4F8D976E923F3D
:10018000600A00200D00326073603C607D600022D8
:100190000023F8F757F9002807D100222000290092
:1001A000964BF8F763F9002804D00020944B95494A
:1001B000186059600122944B1A70944B1B78002BE5
:1001C00001D0FDF7C5FFFDF7DBFF914B1B78002B3E
:1001D0000CD034226B469B181878FEF746F80D9B1E
:1001E000002B03DD8B4B0D9A1599D1548A4B18685F
:1001F000C0B2FEF717F9894B1B78002B03D0FDF72F
:10020000C1FEFDF70BFF864B1B78062B00D0D5E017
:10021000FEF7F1F90130C0B2FEF70BF8FBF788FDED
:100220001A9B581CC0B2FEF712F80021FA20FEF704
:10023000BDFB7C4B1B78002B04D1129B581CC0B219
:10024000FDF7FEFF1A9B092B05D9012002F02CF9BE
:100250000020FDF7FCFFFDF7DDFDFDF705FE724B0D
:100260001868596801F0ACF9704B1868596801F0CA
:10027000B9F96F4B18680130FE2800DDFE201860C8
:10028000C0B2FDF7EBFFFEF7E3F90130FDF7F4FF35
:10029000FF22684B1A70684B1B78002B08D0674B05
:1002A0001B78002B04D05C4B654A5B6C9BB21380BF
:1002B0001B9B012B0BD10C9C624B0294109C624A3D
:1002C0000194624C62496348009403F02DFA624B3A
:1002D0001B78002B02D10C9B002B15D05F4803F03C
:1002E0006BFC312403F056FC03F0CAFD0022079B8F
:1002F0000799DB0F8C425341DBB2934201D090420D
:1003000070D10C9B002B74D1089B099C0E930F9409
:1003100069E44149524B00228868C968F8F78CF8B3
:100320000023984200D08AE58BE54E4B18709BE580
:100330004D4D287802F03AF9484C2B78A061022BF9
:1003400012D102F043FA08900991089A099B2261A0
:1003500063610899099A454B19605A60444B1B78B0
:10036000002B00D194E597E502F074F9EBE7013337
:100370000B70AAE5002A00D1B3E53E49264B097867
:10038000002900D0ADE53C48007800280FD031911D
:100390003A4932480978046C456C04940595002963
:1003A00000D19EE519689B6B0D91159399E5319BE2
:1003B0000133319395E5144A1370FEE60020FDF7F2
:1003C00038FF2DE72C4B2E4A31A91B78127800916B
:1003D0000498059901F006FDFF222A4B1A700023AC
:1003E0000C9365E70A2004F019FB079B0133079380
:1003F0007AE700F069FAFFF733FCC04600002C40B2
:10040000600A002000002E40C7650020A266002080
:100410007B6700209F650020880A00207F670020FE
:10042000190A0020F00A00203802002040020020B3
:10043000D00A00205E0A00205A630020E801002054
:100440006C670020D4200020B4360020F40A00207D
:10045000944C0020845700204D010020E00900202A
:1004600000003E40F0010020EA01002010000020C2
:10047000BC0A0020C40A00200D0400200C04002047
:10048000FD0300205F0A002001210A4B82B01A6C94
:100490000A431A641A6C0A4080210092009ADA6BAF
:1004A00049050A43DA63DB6B0B400193019B02B001
:1004B0007047C0460010024010B5040094B01422EA
:1004C000002102A806F0B2FF3422002107A806F09E
:1004D000ADFF174B22689A4227D1202307A8079324
:1004E00005F05CF9002801D0FFF70AF80222114C50
:1004F0001148636B02A913436363636B134000935A
:10050000009BC0230293AE3B039300230493059307
:100510000633069304F088FC8022E36B92031343B6
:10052000E363E36B13400193019B14B010BDC0461D
:1005300000540040001002400004005010B50400B8
:100540008EB03422002101A806F070FF104B226803
:100550009A421BD180239B020193802301A85B0058
:100560000D9305F01BF9002801D0FEF7C9FF80228A
:10057000084B1202D96D0A438021DA65DA6BC90093
:100580000A43DA63DB6B0B400093009B0EB010BD97
:10059000002800400010024010B504008AB0142268
:1005A000002105A806F042FF23681F4A93421CD190
:1005B00080211E4B49011A6CA0200A431A641A6C50
:1005C000C0050A4001210192019A5A6B0A435A63FD
:1005D0005B6B0B400293029B154B05A9059302230D
:1005E000069304F021FC0AB010BD124A9342FAD1DE
:1005F00080210E4BC901DA6B0F480A43DA63DA6BCC
:100600000A4008210392039A5A6B0A435A635B6BB0
:100610000B400493049B1A230593183B0693013B5C
:10062000099305A9DDE7C0460030014000100240F3
:10063000C280000000380040000C00507FB5036805
:10064000324A934212D11021314B1120DA6B0A4306
:10065000DA63DB6B00220B4001930F39019B04F03E
:10066000EFF9112004F016FA07B000BD294A9342B1
:100670000FD12021264B1220DA6B0A43DA63DB6BA1
:1006800000220B4002931F39029B04F0D9F912207B
:10069000E8E7214A934210D180211D4B09021A6CD0
:1006A00013200A431A641B6C00220B4003930121A0
:1006B000039B04F0C5F91320D4E7184A934210D1E4
:1006C0008021134B89021A6C15200A431A641B6C93
:1006D00000220B4004930121049B04F0B1F9152082
:1006E000C0E70F4A9342BFD18021094BC9021A6C5F
:1006F00016200A431A641B6C00220B40059301214B
:10070000059B04F09DF91620ACE7C04600100040A0
:10071000001002400014004000200040004401404E
:100720000048014070B5060094B01422002102A8D0
:1007300006F07CFE3422002107A806F077FE274B46
:1007400032689A4247D1012307A8079305F026F89B
:10075000002801D0FEF7D4FE8021214BC9011A6C7C
:10076000A0200A431A641A6C00250A400092009ADD
:100770000122596BC005114359635B6B02A91340F9
:100780000193019BB0235B01029302230495039321
:100790000595069204F048FB124C134B2000236091
:1007A000322363604E33A560E56023616561A56116
:1007B000E561256204F0CEF9A84201D0FEF7A0FE63
:1007C0000022331D1B201100DC67A66204F038F9FB
:1007D0001B2004F05FF914B070BDC0460038014022
:1007E000001002402C06002008000240FEE7FEE751
:1007F0007047704710B504F0FFF810BD10B50248FF
:1008000004F0BEFA10BDC0462C06002010B5024808
:1008100005F062FA10BDC0464C08002010B5024831
:1008200005F05AFA10BDC0460008002010B5024875
:1008300005F052FA10BDC046B407002010B50248BA
:1008400005F04AFA10BDC0466807002010B50248FE
:1008500005F042FA10BDC0461C07002010B5024842
:1008600005F028FC10BDC0468806002010B5034BDB
:10087000012218685968FEF70BFA10BD9400002099
:1008800010B5034B002218685968FEF701FA10BD35
:100890009400002010B5034B012218685968FEF738
:1008A000F7F910BD8C00002010B5034B002218682A
:1008B0005968FEF7EDF910BD8C00002010B5FFF768
:1008C000D5FFFFF7E7FF10BD10B5FFF7D9FFFFF722
:1008D000EBFF10BD10B5034B012218685968FEF7F5
:1008E000D7F910BD7400002010B5034B0022186822
:1008F0005968FEF7CDF910BDC400002010B5034BB8
:10090000012218685968FEF7C3F910BDC400002021
:1009100010B5034B002218685968FEF7B9F910BDED
:10092000BC00002010B5034B012218685968FEF77F
:10093000AFF910BDBC00002010B5034B00221868B1
:100940005968FEF7A5F910BDB400002010B5034B9F
:10095000012218685968FEF79BF910BDB400002009
:1009600010B5034B002218685968FEF791F910BDC5
:10097000AC00002010B5034B012218685968FEF73F
:1009800087F910BDAC00002010B5FFF7ADFFFFF7F1
:10099000BFFFFFF7D1FFFFF7E3FF10BD10B5FFF773
:1009A000ADFFFFF7BFFFFFF7D1FFFFF7E3FF10BD7C
:1009B000304B10B5186800225968FEF769F92E4BC4
:1009C000002218685968FEF763F92C4B002218685A
:1009D0005968FEF75DF92A4B002218685968FEF73E
:1009E00057F9284B002218685968FEF751F9264B31
:1009F000002218685968FEF74BF9244B002218684A
:100A00005968FEF745F9224B002218685968FEF72D
:100A10003FF9204B002218685968FEF739F91E4B40
:100A2000002218685968FEF733F91C4B0022186839
:100A30005968FEF72DF91A4B002218685968FEF71D
:100A400027F9184B002218685968FEF721F9164B50
:100A5000002218685968FEF71BF9144B0022186829
:100A60005968FEF715F9124B002218685968FEF70D
:100A70000FF910BD44010020CC000020E40000204C
:100A80003C010020340100202C0100202401002022
:100A90000C010020F400002004010020FC000020D4
:100AA000EC00002014010020DC000020D400002015
:100AB0001C01002010B5FFF77BFF074B01221868CF
:100AC0005968FEF7E5F8054B012218685968FEF7EA
:100AD000DFF8FFF7FFFE10BD5C000020640000207F
:100AE00010B5FFF765FF034B002218685968FEF741
:100AF000CFF810BD5C000020304B10B51868002204
:100B00005968FEF7C5F82E4B012218685968FEF7A0
:100B1000BFF82C4B012218685968FEF7B9F82A4B28
:100B2000012218685968FEF7B3F8284B01221868AB
:100B30005968FEF7ADF8264B012218685968FEF790
:100B4000A7F8244B012218685968FEF7A1F8224B38
:100B5000012218685968FEF79BF8204B012218689B
:100B60005968FEF795F81E4B012218685968FEF780
:100B70008FF81C4B012218685968FEF789F81A4B48
:100B8000012218685968FEF783F8184B012218688B
:100B90005968FEF77DF8164B012218685968FEF770
:100BA00077F8144B002218685968FEF771F8124B59
:100BB000002218685968FEF76BF810BD4401002048
:100BC000CC000020E40000203C0100203401002083
:100BD0002C010020240100200C010020F400002042
:100BE00004010020FC000020EC0000201401002083
:100BF000DC000020D40000201C01002010B50400FF
:100C0000002901D0FFF7D4FE601E0E280FD8F7F799
:100C100079FA080F11131517191B1D1F21232527FA
:100C20002900114B186801225968FEF731F810BDF0
:100C30000E4BF7E70E4BF5E70E4BF3E70E4BF1E7E4
:100C40000E4BEFE70E4BEDE70E4BEBE70E4BE9E7F4
:100C50000E4BE7E70E4BE5E70E4BE3E70E4BE1E704
:100C60000E4BDFE70E4BDDE7CC000020E400002058
:100C7000240100203C010020F40000203401002069
:100C800004010020FC0000202C010020EC000020CA
:100C90000C01002014010020DC000020D400002002
:100CA0001C010020F7B50190FFF782FE284B294A6E
:100CB0001B780B270092002B04D1274B1B78002BAD
:100CC00000D0177800242600244D009B1B78A342F7
:100CD00000DCF7BDB742FCDD2A780134002A1CD0C5
:100CE0002000A34200DAE01A019B002B01D0002370
:100CF0002B7002381A4B0C2809D8F7F703FA0710A3
:100D0000121416181A1C1E2022242600154B1868CF
:100D100001225968FDF7BCFF01360135D5E7124BBA
:100D2000F5E7124BF3E7124BF1E7124BEFE7124BEB
:100D3000EDE7124BEBE7124BE9E7124BE7E7124BFB
:100D4000E5E7124BE3E7124BE1E7124BDFE7C04662
:100D50005963002051020020E8010020F101002029
:100D6000CC000020E4000020240100203C010020F1
:100D7000F40000203401002004010020FC000020C9
:100D80002C010020EC0000200C01002014010020A8
:100D9000DC000020D400002010B5FFF709FE034B53
:100DA000012218685968FDF773FF10BD4401002047
:100DB0000120704710B506F0A1FB16230360012047
:100DC000404210BD10B506F099FB16230360FEE704
:100DD00070B50E0014000025A54201DB200070BD97
:100DE00000E000BF70550135F6E770B50E00140045
:100DF0000025A54201DB200070BD705D00E000BF52
:100E00000135F6E701204042704780239B01002016
:100E10004B60704701207047002070470B490C4A17
:100E20000300521A0B4910B50868002801D10A487E
:100E300008600868C318934206D906F05FFB0C23CC
:100E400003600120404210BD0B60FCE7000400007D
:100E5000009000204863002048690020704700008F
:100E600070B5FDF71AFC0E4C0E4D20602B780F2844
:100E70000DD1002B01D10F2070BD0E20FDF7BCFA63
:100E80000E2323602B78002BF5D02068F4E70E2882
:100E9000F8D1002BEFD00130FDF7AEFA0F23F0E7C9
:100EA0001C020020C16500200F2802DD024B1878CB
:100EB0007047024BC05CFBE7F00100209F650020FB
:100EC000144A30B514680F2C23DC134B1D78002D09
:100ED00002D0092800DD0920104B1B78002B02D01E
:100EE0000923082802DC031E00DC01231100343131
:100EF0000978906B29400125082800DC002529424B
:100F000004D0984202DD5168013151609363044A74
:100F1000A35430BD880A00205A630020E901002054
:100F20009F65002070B50400FDF75EF8FDF71AF824
:100F3000FDF7AAFB174B18491870184B1B78002BAC
:100F400004D1174B1B78002B04D0164948222000EF
:100F500006F001FB144B1B78002B09D0012213492A
:100F60000A70032B04D918001040134200D10870F6
:100F7000FFF776FF0500FFF797FF01220C4B256076
:100F80001A7000230B4AA06313702000236463646B
:100F900070BDC046EA010020A00100205963002076
:100FA000E801002058010020B0650020C165002044
:100FB000E90100205A630020F0B5674B85B01A782C
:100FC00002931700002301266449654893422EDBF3
:100FD000FAF714FD05F008FF0023624D2B646B64E3
:100FE000614B1C78002C30D0029B1A782B003C33CC
:100FF0001B78002B26D12B680133934200DD9B1A0E
:1010000001215A4A2B609954594A13685B1813609E
:10101000029B574C1A7823689A4206D10D22002170
:101020004E4806F003FA0023236005B0F0BDCC5C07
:101030000133002C02D1C45C002C01D0013FC5E774
:101040001E00C3E74B4B1B68DAE74B4B1B78002BAA
:10105000DED0424A0192002F5CDD012F07D12E60C5
:101060009619434A013E136837700133CFE7022FC8
:1010700052D005F0E9FE029B1E783100F7F7C6F961
:10108000019B5B5C002BF4D13C4F7B5C002B01D0BF
:10109000002CEED04B1C2B600123019A5354344A90
:1010A0001368013313609E42B2DD05F0CDFE029B52
:1010B0001B7819000393F7F7A9F9019B5B5C002BE0
:1010C000F3D17B5C002B01D0002CEED04B1C2B64A9
:1010D0000123019A264E53543368039A0133336037
:1010E0009A4295DD05F0B0FE029B1978F7F78EF96C
:1010F000019B5B5C002BF5D17B5C002B01D0002CAD
:10110000F0D04B1C6B640123019A535433680133B4
:1011100033607DE71C00ACE7019B2E609E19012324
:10112000134A013E337013681448591C1160029928
:101130000F78A74200DC6BE701990E5D611C002E61
:1011400008D1065D002E05D12964012101980233E2
:1011500001555CE70C00ECE7510200205D630020C4
:1011600069630020880A0020596300205C63002026
:101170005463002050630020E80100206A630020CF
:10118000F7B5BA4F00213B003E33197001233B6392
:101190000223FF33BB863B000D223633B44819705F
:1011A000B9873964796406F041F9B24B1E78002E94
:1011B00000D17FE0B04B00221B78002B78D0802339
:1011C000DB05BA61FB610022AC4BBA60FB60002218
:1011D000AB4B3A617B610022AA4BBA62FB620323EC
:1011E0007B60A94B00221C685D68A84B2000290089
:1011F000F7F73CF9002801D00024A44DA44B1B783C
:101200000093002B02D0A34B1C685D6800222000D5
:101210002900A14BF9F7E2FDA04AA14BF9F7F8FA32
:1012200002000B0000209F49F9F7D8FD00229D4BDA
:1012300004000D00F7F71AF9002801D00024994D99
:10124000994B3C627D621B78002B51D0009B002B98
:1012500047D1964B5C681B68954A009301941388AC
:1012600001339BB21380002E3ED0924B00221C68AB
:101270005D68914B20002900F8F7CAFA8F4BB862DD
:10128000F9621A685B6820002900F8F7C1FA834AFE
:1012900004000D0000980199814BF9F7B9FA02009A
:1012A0000B0020002900F9F799FD386279621FE0F0
:1012B000834B86E7834B1B78002B92D08023002240
:1012C000DB05BA61FB6100227F4BBA60FB60002244
:1012D0007E4B3A617B6100227D4BBA62FB62022346
:1012E0007EE700230024B7E7764B1B78002BBCD1A8
:1012F000784B1B78002B00D186E0002E00D17BE0DC
:10130000FDF79DF9002803D0734B1B78002B06D006
:10131000724B07221D78002371499D4263DC012234
:10132000524B18606F4BC2546F4A136801331360FD
:1013300001216E4A4D4B117003225A6000223F3347
:101340001A706B4B494C1B78002B06D023003E33A0
:101350001B78002B01D0012363602068FFF7A4FDF8
:10136000226B6368A0639A4203D1230001223633C3
:101370001A7023003C331B78002B14D15D4B1B7873
:10138000002B10D05C490022086849685B4BF7F7D6
:1013900059F8002807D0206A616A0022584BF8F7F4
:1013A00037FA2062616223003D331B78002B07D09F
:1013B000206A616A0022524BF8F72AFA20626162C1
:1013C000206A616A0022374BF7F750F8002803D0F3
:1013D0000022344B2262636200224A4B1A704A4B4D
:1013E00001321A70F7BDCE5C5C1C964202DC200014
:1013F000CA5CD2B2230090E7324B1B78002B00D19D
:1014000096E7FFF7D9FD93E7404B344C1B78002B50
:101410001CD100203A003E498233B861F9610020B6
:101420003B603C32813B137015493A4A7B6012782D
:1014300038617961FDF74EF9374B22780230186038
:10144000904200DC7DE7801A18607AE70122334B76
:10145000064D1A70FDF73EF9237801302860984256
:1014600001DDC01A2860FFF7A7FD6AE7880A00209F
:101470005D630020596300204C6300200000594048
:101480000000444000908A404002002000488C4008
:10149000A0660020E80A0020004085409A999999AA
:1014A0009999E93F00608340C7650020C865002026
:1014B000706700202002002000206C4038020020CD
:1014C0000000F03FE801002000003E4000005440D2
:1014D00000E08540816700207867002051020020ED
:1014E000E40300205C63002054630020C50A002050
:1014F000180200205B630020200000200000144040
:1015000000004940E90100205A6300207B67002069
:10151000000008407C67002050630020C60A0020BD
:1015200010B50D222821034805F080FFFCF73CFD93
:1015300010BDC0468463002010B568220021034816
:1015400005F074FFFCF790FC10BDC04668640020F5
:1015500010B5682422000021064805F067FF22002C
:101560000021054805F062FFFCF7A8FCFCF7D0FC61
:1015700010BDC046006400209863002010B56822AA
:101580000021034805F052FFFCF744FC10BDC046A3
:10159000D064002010B50D22FF21034805F046FF5E
:1015A000FCF712FD10BDC0467763002010B5022085
:1015B000FCF738FE0222014B1A6010BDEC0100203E
:1015C000D0B506000F00054C60220549200005F04B
:1015D0001BFF26666766FCF771FCD0BD0064002027
:1015E00008640020D0B506000F00054C60220549B4
:1015F000200005F009FF26666766FCF789FCD0BD70
:1016000098630020A0630020F8B50C684D68066858
:1016100047682B00220030003900F6F713FF030063
:101620000120002B08D12B00220030003900F6F7F2
:101630001DFF431E98414042F8BD0000F0B5D14B5C
:1016400093B01B7804900591002B00D1C9E0CE4ADD
:10165000CE4B116B18780139CD4BC9005B180028AF
:1016600000D1E1E104980599186059601300353301
:101670001B78002B02D10121C64B197013003633A1
:101680001B78002B00D1ACE0536800240693C24BBA
:1016900000261B7800275A425341069A9B18043BA8
:1016A0001D000293BA4B0C93069B9D4200DAC0E1E9
:1016B000BA4B002C00DC2FE2002220001A70F9F750
:1016C000F5FF0890099102000B0030003900F8F78F
:1016D00065FC002600270E900F91029CAC4D069BE6
:1016E0009C4200DABFE1089A099B30003900F8F704
:1016F00055FC06F0A7FD00230026002708930C9058
:101700000D91A34B1193029B069A934200DACCE110
:101710000898F9F7CBFF02000B0030003900F8F70A
:101720003DFC06000F009E4B9E4C1D789E4B266094
:1017300067601B785BB2022B00DD24E201229B4B29
:101740001A70002D14D09A4B9A4D02931B78002BDF
:1017500000D1FEE1002230003900974BF6F772FE0F
:10176000002800D1F5E10023012202992A700B70B4
:10177000924B1B78002B34D020686168904B914DC0
:101780001A685B68F9F72AFB8F4B286069601B6851
:1017900000210C2B01DC0D31C91A00230D228B48CE
:1017A000FAF7E2FB7F4C2668676832003B00F9F7E6
:1017B00015FB02900391039B029A5B0010005908ED
:1017C0000022834BF6F752FE00280AD00122814BFB
:1017D0001A70814B1E605F60794B1A685B682260EB
:1017E00063607E4B1B78002B00D1C8E07C4B664ABF
:1017F0001B78002B4FD17B4B1B78002B4BD07A4BA7
:101800001B78002B47D11268784B013AD2009B1805
:101810001C685D680022002320002900F6F726FEE0
:10182000002838D0724B1B8818000293F9F73EFF4E
:1018300000220F0006006F4B20002900F8F7E8FF98
:1018400002000B0030003900F6F7FCFD6A4F00285B
:1018500007D0002220002900684BF6F711FE00286F
:101860000CD1029B042B00D9B1E1002220002900F9
:10187000634BF6F705FE002800D1A8E100223B6883
:1018800001333B60574B1A705E4B1A705E4A1388E7
:10189000C8339BB21380584A1368042B0BDD012117
:1018A0005A4B00201970002300211360584B186018
:1018B0005960FFF741FE4A4B1B78002B00D188E1AD
:1018C000474B314D1B780293002B1CD145492B6BA4
:1018D0002A680878013B4F49013ADB00434CD200AB
:1018E000CB18002800D1E5E10498059918605960EB
:1018F000494BA4189B18186059603D4B1888F9F79C
:1019000003FF206061602B0036331B78002B36D03C
:101910002B003D331B78002B03D0254B1B78002B6D
:101920001ED100246B6808933C4B1B78A34201D165
:10193000089B9C1E002500260027364B0A93089B17
:101940009C4200DAC0E1002D0ADD2800F9F7AEFE66
:1019500002000B0030003900F8F720FB04900591DD
:10196000204B1B78002B0AD0029B002B07D1049937
:10197000059A2B4B19605A6001222A4B1A7013B03A
:10198000F0BDC046E9010020880A0020FD030020C8
:10199000F8650020D2650020C165002048020020C3
:1019A0005863002040020020A4660020A2660020A8
:1019B000E80100205963002000708740C7650020BF
:1019C000E80A0020C8650020D00A002098630020A3
:1019D00000002440A0660020280200205A63002056
:1019E000C40A00200D0400207C67002068640020E9
:1019F000560A00200000D03FB4650020000044409B
:101A0000000034400C0400206E670020D1650020E7
:101A1000D8030020D8650020D064002018020020E0
:101A200038020020B2650020C448C54918605960DA
:101A300024E60C9AEB009B181A685B6808920993DD
:101A400008980999BD4ABE4BF6F7FCFC002808D05F
:101A5000089A099B30003900F7F7DAFE06000F00FC
:101A60000134013520E6E3005B191A685B680C92CB
:101A70000D930C980D99B14AB14BF6F7E3FC002891
:101A800011D00E9A0F9B0C980D99F9F7A7F9020047
:101A90000B00F8F7BDFE02000B0030003900F7F72D
:101AA000B7FE06000F00013419E6029B119ADB0015
:101AB0009B181C685D68A14A20002900A04BF6F71E
:101AC000C1FC002824D00E9A0F9B20002900F9F7B2
:101AD00085F94B005B080A900B930A9A0B9B0C98B4
:101AE0000D99F6F7CDFC002807D10A980B99002232
:101AF000944BF6F7A7FC00280AD0089B300001336E
:101B00003900089322002B00F7F782FE06000F0031
:101B1000029B01330293F6E58B4A146855688B4AA1
:101B20001278002A04D000221A7026002F00FAE54D
:101B300001221A70864B00221E685F680023300065
:101B40003900F6F793FC0028EFD00122814B1A7080
:101B5000E9E52B78002B00D10AE60022300039009D
:101B60007D4BF6F78DFC002800D101E60122029B97
:101B700002201A7000232B70784B1860784B1A7073
:101B8000FCF750FBF4E5774B1B780293002B00D158
:101B9000B4E00022300039006F4BF6F753FC002808
:101BA0000CD06B4B00221E685F686B4B3000390015
:101BB000F6F766FC002801D026606760002D00D093
:101BC0009FE0B2E0029B002B00D1D1E5ADE0002305
:101BD0003B60654C2378002B04D1644B1B78002BB1
:101BE00000D16DE6624B1B78002B04D1614B1B7852
:101BF000002B00D064E6604B1B78002B04D15F4BB8
:101C00001B78002B00D15BE6049805995C4B1A68A1
:101C10005B68F9F7E3F84B0059080022594BF6F7D7
:101C200025FC594B002819D01A6801321A6000238C
:101C3000564A23701370564A13889133FF339BB270
:101C4000138051490B68032B00DC39E60122464B17
:101C50001A7000230B604F4B1A7031E6434A12781A
:101C6000002AEED04B4A1278002AEAD101211A60EC
:101C70002170FAF75DF8484C484D22696369206C81
:101C8000616C2E686F6800960197FAF7CFFA020030
:101C90000B00A260E3604249424809780029D0D095
:101CA00001003D3109780068FAF768FC8034206053
:101CB0006160C6E721482249A418186059600022D3
:101CC0000023226063601EE60A9AE3009B181A68EC
:101CD0005B680692079306980799184A184BF6F71F
:101CE000B1FB002808D0069A079B30003900F7F7AF
:101CF0008FFD06000F000135013420E6002D00D1D4
:101D000036E5294D2B78002B00D15BE723490022D3
:101D100008684968104BF6F7B3FB002800D151E77B
:101D20000122104B1A7000232B70204B1B78002BC4
:101D300000D01DE501221E4B1A7019E50000C0FFFE
:101D4000FFFFDF410000244008020020B1650020B1
:101D5000E80A0020A166002000708740EC01002006
:101D60005C630020E80100200D040020E003002057
:101D70007C670020E1030020C7650020D3650020B8
:101D80003802002000004940B86500200C04002003
:101D90006E670020B2650020E009002040020020AC
:101DA000C70A0020880A002059630020480200204A
:101DB000A26600200020094B10B51C78084B844215
:101DC00005D018780130C0B2FF2800D10238187051
:101DD000FCF719FB2000FCF708FB10BD48020020AF
:101DE000B0650020F0B51E007C4B7D4C1F7887B09D
:101DF00002900391256B002F00D121E1A068E168DA
:101E00000022784BF8F704FDA269E369F7F700FDBB
:101E1000F6F7E0FB744B80B21880744B744A1B7861
:101E2000032D1FD1002B0BD080210020C905A061FC
:101E3000E16100206F49A060E16000206E490870F8
:101E40006E4811780078002832D000295DD000203B
:101E50006B49A062E16200220220A91E8842524121
:101E6000D1B228E0002B21D0052D0CD1654909788D
:101E700049B20529E4D100206349644E20626162C1
:101E800030607160DCE7042DDAD0062D09D15D49A0
:101E9000097849B20629D3D100205D4920616161EA
:101EA000CEE7032DCCDC002053490870012DC7DCA0
:101EB00011780029CFD1002B2DD1504B1B78002B4E
:101EC00018D0002916D0A06AE16A0022514BF8F719
:101ED0009FFC029A039BF7F79BFC4C4B20626162CC
:101EE0001E685F6832003B00F6F7C0FA002801D098
:101EF00026626762230036331B78002B12D0FFF76F
:101F000059FFFFF73DF907B0F0BD002BD5D00022F7
:101F1000414BA262E36200220223023DAB425241E6
:101F2000D1B2CAE7FEF79CFF20603C4B1B78002B28
:101F300000D19EE23A4B2A4D1B78002B00D198E24B
:101F40002B00012435331C70002322001900FA20D5
:101F50002C63FCF790FA431E9841324A324B1278B8
:101F6000C0B21870002A04D02A003E32117800292D
:101F700012D11B780324002B0ED02B003C331B788E
:101F8000002B09D0294B1B78002B05D1284B073497
:101F90001B78002B00D0073C2B6B6C60A34200DA4F
:101FA00063E201221E4B1A700D4C2068FEF77CFF85
:101FB0001A4BA0631B78002BA5D01E4B1B78002B5F
:101FC000A1D009289FD11C4B1868A063FEF778FFA9
:101FD0001A4A13880A339BB2138094E7E901002060
:101FE000880A0020000024406C670020E8010020DF
:101FF0005963002000003E40B1650020D2650020FA
:1020000000407F40A4660020005094400002002061
:1020100000C072400000E03F00E085405A630020AD
:10202000BE0A002018020020C46500207C67002042
:10203000F10A0020C3650020100200206E67002016
:10204000C34B1B780593002B00D112E2C14B1B78C8
:10205000002B00D102E1A269E369A068E168F7F70B
:10206000D7FBF6F7B7FABC4B80B218800021BB4A09
:10207000BB4B11701A003C3212788A4200D13700F3
:102080001A68B849013A8A5CD2B201921A003D320C
:102090001278002A0AD0002F00D0E4E01A0036326D
:1020A0001278002A00D0DEE0FEF786FFAE4BAC4C83
:1020B0001B78002B00D0F1E0002F14D0019B032BE4
:1020C00000D9F2E0A34B1B78002B00D1E0E0A74938
:1020D000002208684968A64BF7F79AFBA062E16204
:1020E0000122A14B1A70A34D2B68042B09DCA24BD3
:1020F0001B780493002B04D1002F1DD0019B032BD0
:102100001AD8944B1B78002B00D1D3E0029A039B82
:102110009649934E08684968F7F77AFB3062716216
:102120000022954B2A601A70944B954A106C516CA2
:1021300018605960059B049336342378002B00D136
:10214000E9E00C9B1B68052B03DC8E4B1B78002BF6
:102150004AD08D4B00221C685D688C4B2000290002
:10216000F6F784F9002801D00024884D00222000D1
:102170002900874BF8F732FE864A874BF8F748FB71
:1021800002000B0000208549F8F728FE0022834B4F
:1021900004000D00F6F76AF9002801D000247F4DF5
:1021A0006C4A6F4B12781C625D62002A00D187E096
:1021B00000207B499862D96200230C9A6A4D136013
:1021C000704A1370774B1B78002B02D02B78002BB2
:1021D0000AD1754C2678F9F7ABFD0023734A2B70B2
:1021E00013702670FBF7CCFF714B5D4C1B78002BF6
:1021F0006ED0704B1B78002B6AD0822323600023A3
:102200000022236463640133A3876B4BA261E36103
:1022100000226A4B22616361694B514C1B78002B91
:102220000ED0684B1B78002B0AD1049B002B07D0E3
:10223000206A616A0022644BF7F7EAFA2062616261
:10224000206A616A0022554BF6F710F9002800D188
:102250006BE60022514B2262636266E6636C3E4A83
:102260009BB2138002E7012236331A70434B029966
:10227000039A19605A60FCF72DFA544A544B1278AD
:1022800001301860904200DC10E7801A18600DE7FA
:10229000504B1B78002B00D019E721E7002F00D10D
:1022A00021E7019B032B00D81DE7324A1368013355
:1022B000136018E7474B1B78002B00D026E72FE769
:1022C000444A1278002A00D176E70020424971E79B
:1022D0002600424B3E361D78002D00D18AE0FEF7E5
:1022E0006BFE00233D4A137001333370194B1B788A
:1022F000002B1CD03A4B00221B78002B15D08023DA
:10230000DB05A261E3610022364BA260E36000229C
:102310002A4B22616361264A304B12781B78002ACF
:102320006ED0002B00D077E77BE02F4BE9E7294BFD
:102330001B78002BEFD080230022DB05A261E36134
:1023400000222A4BA260E3600022294BE1E7C0464D
:102350005A630020596300206C670020BC0A0020EB
:10236000880A0020E4030020D3650020200200201A
:1023700000206C40BC6500200504002038020020CD
:10238000E0090020D16500204002002000488C4078
:10239000004085409A9999999999E93F0060834056
:1023A00000908A407C670020E1030020C765002080
:1023B000C50A00208167002000000840000044405A
:1023C0007B670020F00A00200000494051020020F5
:1023D00050630020E801002000E08540C40A00208E
:1023E0004C630020000059400000F03F00003E40D8
:1023F00000005440FEF7E0FD01233D3433702570AA
:10240000224A234B1278002A00D005E71A00363200
:102410001278002A02D1196B022924D101223F33FC
:102420001A701C4B1A4E1B78346A756A002B00D147
:10243000F2E61949002208684968184BF6F702F8D5
:10244000002800D1E8E6002F00D1E5E6019B032B30
:1024500000D9E1E6002220002900114BF7F7D8F956
:1024600030627162D8E63F33DAE7002236352A70EF
:102470009AE50021064B0B4A11701A6B01321A6360
:102480005B689A4200DB8CE58EE5C046C40A0020FA
:10249000880A00205B630020200000200000144018
:1024A00000004940BD0A0020F0B5002604003500B8
:1024B000394F9FB0F31904AA18685968B318186007
:1024C000596000220023F5F7B7FF43425841083610
:1024D0002D18682EEED1002D42DD08222F4B0D2144
:1024E00004A804F027FD6B10DA00ED073AD51300BD
:1024F00004AA9B181A685B68009201930099019ADC
:10250000274B19605A60002C2AD00025224B254CFD
:102510000393039B0022EB181E685F6800233000C2
:102520003900F5F789FF002814D10098019932008D
:102530003B00F8F753FC22686368F7F769F9060077
:102540000F00F9F777F8C317C018584014281EDC9D
:102550002660676008350834682DDAD1FBF732FC55
:102560001FB0F0BD013B04A9DB005B18190013008C
:102570000868496804AA9B181A685B68F7F748F965
:102580000022094BF8F744F900900191B6E70022C8
:10259000002322606360DDE7D06400200916010893
:1025A00030020020386500200000E03FF0B585B023
:1025B0000400FEF7F3F9FEF7EFFB0A2002F02EFA13
:1025C000022C1CD1FEF7E0F9FA20800002F026FA76
:1025D000F9F71EFA002704001B4EFA21200089009B
:1025E000F5F72EFEBB1BD917184D194A5B184B4047
:1025F00028801380FEF7DCF9200005B0F0BDFA2337
:102600000024002500279B000F4E0193F9F7F6F9EF
:10261000C31702900393029A039BA4185D4186425C
:1026200000DD0600874200DA0700019B013B0193B1
:10263000002BEBD1FA222000002329009200F5F7AD
:1026400063FF0400C9E7C046FFFFFF005A66002091
:1026500058660020F0B5012700253E0097B0039092
:102660000C22574907A804F076FF0AAB01930097A4
:10267000ACB22000C53080B2FCF77AF9019B18702B
:102680002000D13080B2FCF773F9242204AB15345A
:102690009B18FF3458550290A0B2FCF769F9019AD3
:1026A0000299127810ABE854914200D081E0029A6E
:1026B000904207D00026370004E00026029A0096D8
:1026C0008242F8D1019A0135013201920C2DCFD10D
:1026D000242104AA521812781B780AAD13402A78D4
:1026E00013ACFF2A06D0FF2B06D12800FBF7AFFA68
:1026F000002701E0FF2B55D0009B002B56D1002E68
:1027000054D1002F52D00DAB23CB23C40398F8F73C
:10271000CDFF00222B4BF8F761FB00222A4BF7F785
:102720003DFC04000D00139B04A80493149B04219A
:102730000593159B069301F045FA05A8042101F0C5
:1027400041FA06A8042101F03DFA22002B002000E6
:102750002900F8F75DF8060004980F00F8F7F8FF75
:1027600002000B0030003900F8F752F80600059817
:102770000F00F8F7EDFF22002B00F8F749F80200F0
:102780000B0030003900F7F743F8040006980D00FD
:10279000F8F7DEFF02000B0020002900F7F738F8F9
:1027A00017B0F0BD07AD2800FBF751FA07CD07C4FD
:1027B000ACE7904200D080E700221700009281E74A
:1027C000688B010830C0594180F1FAC0F8B5052383
:1027D0005B425843F8F76AFF0022264BF8F718F8D7
:1027E0000022254C254B20606160A260E36000223E
:1027F0008025234B2D0622616361A668E768226964
:10280000636979193000F7F7C9FBA061E1612068BD
:102810006168A269E369F7F7C1FB20626162194A46
:10282000206A616A184BF8F7D9FA184A184BF7F77B
:10283000B5FBA062E1620022A06AE16A154BF7F7DE
:10284000ADFB05F0C9FC144A144BF6F7E1FF02009A
:102850000B0000201249F7F7A1FB20636163114AC6
:10286000206B616B104BF8F7B9FAA063E163A06BC2
:10287000E16BF8BD0000703E6066002000230E4151
:1028800060301F41FCA9F1D24D62E03F1AB5F2C899
:10289000C588DF3E006AF840F86F702FADFA2B4014
:1028A000004BB040666666666612714001220021E8
:1028B000044B1A705A709A709971D97019715A71C3
:1028C0007047C046C066002070B5FFF7EFFF494B68
:1028D000494C1B78002B00D189E0484B1B78002B1A
:1028E00000D184E00323002500222381444BA381EF
:1028F000444B6581E58125826582A582E582258339
:102900006583A58322626362A262E36200223E4B7A
:102910002263636300223D4BA263E36300223C4BCE
:102920002264636400223B4BA264E36400223A4BBE
:102930002265636500220023A265E3652266636663
:10294000A266E36622676367230078331D80230055
:102950007A331D8023007C331D80230022007E33C8
:102960001D800123803213702200813213702200F7
:1029700082321570220083321370284A1570284A5B
:102980001570284A1370284B1D70284B1D70284B5A
:102990001D60FBF78BFE274B1870274B1D70274BD4
:1029A0001D70274B1D70274B1D70274B1D70274B2B
:1029B0001D70274B1D70274B1D70274B1D7023006A
:1029C00088331D6023008C331D6023009A349833B4
:1029D0001D802580FDF7E2FF204B214819685A68C9
:1029E000FAF78EF9F8F7EEFFFDF7E2FF70BD052369
:1029F00079E7C0464C630020C06600205963002080
:102A000024F4FFFF00F8914000E0854000207C4066
:102A100000005440000044400000F03FA466002045
:102A2000A36600205002002080670020F20A0020E8
:102A300054630020B0650020D0650020B1650020FF
:102A4000D3650020D2650020C2650020C365002048
:102A5000A1660020A2660020A0660020440000209D
:102A6000A866002010B5144C6378002B14D0FCF736
:102A70001DFD1020FCF7BEFCE18A102089B2FCF796
:102A8000DBFC10200021FCF7F3FCFCF70DFD00231C
:102A900010206370FCF788FCF8F7CAFF22002300BF
:102AA000001280B28432108088339A3419682388E7
:102AB00012885B00CA5210BDC066002070B5204C61
:102AC000A378002B14D0FCF7F1FC1120FCF792FC4A
:102AD000218B112089B2FCF7AFFC11200021FCF7FB
:102AE000C7FCFCF7E1FC00231120A370FCF75CFCA1
:102AF000F8F79EFF2300220025000012843380B2E5
:102B000018809A358C3211682A88188852008852A9
:102B10001888230088331A682B8890345B009B5AEE
:102B20002668C01AC317C0185840F6F7DBFD2C887A
:102B3000A40030512B8801339BB22B8070BDC0465E
:102B4000C066002010B5FCF7B1FC0620FCF72CFC99
:102B5000FCF7AAFC0122024B9A7100225A8110BD97
:102B6000C066002010B5FCF7A1FC0720FCF71CFC98
:102B70000E20FCF719FC1020FCF716FC1120FCF7C6
:102B800013FCFCF791FC0122014BDA7010BDC0462A
:102B9000C0660020F8B502000B0000201F49F7F7BF
:102BA000FDF9F8F747FD0500F8F780FD02000B007E
:102BB00006000F00F6F72CFEF5F70CFD184C80B25E
:102BC000E081E389A8B29BB22382E3899BB263824E
:102BD000ABB2A382E3899BB2E382E3899BB22383F6
:102BE000F8F764FD0F4A104BF7F712FEF5F7F2FC09
:102BF0000C4A0D4B85B239003000F7F709FEF5F7A6
:102C0000E9FC80B2F8F752FD32003B00F6F700FE17
:102C1000F5F7E0FC80B26583A083F8BD8084EE40C8
:102C2000C06600205C8FC2F5285CEF3F10B5174CE2
:102C3000E378002B01D1FFF795FFFCF737FC218AE1
:102C4000072089B2FCF7F8FBA18A0E2089B2FCF7B5
:102C5000F3FB618B102089B2FCF7EEFBA18B1120F6
:102C600089B2FCF7E9FB00210720FCF701FC0021F9
:102C70000E20FCF7FDFB00211020FCF7F9FB0021E2
:102C80001120FCF7F5FBFCF70FFC10BDC06600201F
:102C900010B50C4C638901339BB26381628923892F
:102CA0009A4203D2084B1B78002B0AD1FCF7FEFB9B
:102CB0000620FCF79FFBFCF7F7FB0023A371FFF74F
:102CC000B5FF10BDC066002050020020014B1879EE
:102CD000C0B27047C066002010B5154B154C186A7D
:102CE000596A20626162986AD96A206361631869CF
:102CF00059699A69DB692064616422656365206AA9
:102D0000616A226B636BF8F769F8A063E163206A7C
:102D1000616A226D636DF6F77BFDA062E1620022BD
:102D2000206C616C044BF7F773FDA064E16410BD87
:102D3000880A0020C06600200000E03F10B5104C5B
:102D400010492300783308881A88904207D01A88DF
:102D50000D4892B20A80198889B2F9F7FFFF220064
:102D60007A347E3211882388994207D02388064816
:102D70009BB21380218889B2FAF700F810BDC046D3
:102D8000C06600203C670020A86600200022F8B53D
:102D9000644B654C1A8023007A331A80FFF7CEFF0C
:102DA000FDF798FD614B624D1F78624E002F2BD0CE
:102DB0002B0036331878FDF775FF3378002B4DD094
:102DC000A26AE36AA265E3650022A06DE16D5A4B39
:102DD000F7F71EFDF5F7FEFB230080B2783318806D
:102DE0000022002322666366230000227A331A80C1
:102DF000FFF7A4FFA86B09284ED8F5F783F94B62BB
:102E0000676C71767B8289904C4B1B78002B13D0BA
:102E100028680121C0B2FDF7F1FE286C002803D01C
:102E20003900C0B2FDF7EAFE686C0028C5D0002169
:102E3000C0B2FDF7E3FEC0E73378002BD8D0404B9B
:102E40001F78002F06D101210F20FDF7D7FE390092
:102E50000E20EEE728680121C0B2EAE7374A12786F
:102E6000002AC5D0002000212200A065E16578324B
:102E70001380A26AE36A226663662F4B0022206EEB
:102E8000616EF7F7C5FCF5F7A5FB230080B27A3336
:102E90001880ADE7FDF782FDA379002B01D1FFF784
:102EA00051FEFCF703FBA189062089B2FCF7C4FAA6
:102EB00000210620FCF7DCFAFCF7F6FA0123237167
:102EC000F8BDFDF76BFDFDF70FFDE5E7FDF766FDCE
:102ED000FDF71EFDE0E7FDF761FDFDF705FDF7E7F6
:102EE000FDF75CFDFDF728FDD6E7FDF757FDFDF783
:102EF0000FFDF7E7FDF752FDFDF7F6FCFDF730FD9E
:102F0000CAE7FDF74BFDFDF7EFFCFDF701FDF5E727
:102F1000FDF744FDFDF7E8FCFDF70EFDEEE7FDF7DC
:102F200033FDB9E738670020C0660020C40A0020DE
:102F3000880A0020E901002000403A405A6300203E
:102F4000C165002010B5FCF7B1FA00210620FCF79E
:102F50008FFA00210720FCF78BFA00210E20FCF7E6
:102F600087FA00211020FCF783FA00211120FCF7DA
:102F70007FFA0620FCF73EFA0720FCF73BFA0E200A
:102F8000FCF738FA1020FCF735FA1120FCF732FA7A
:102F9000FCF78AFAFFF78AFCFDF700FD0022034BDD
:102FA0001A80034B1A80FFF7C9FE10BD3867002056
:102FB0003A670020F8B5914C6379DFB2002B00D15D
:102FC000D8E000276771A06AE16A226D636DF7F7A8
:102FD00005FF2300A062E1629433A06AE16A1E68E3
:102FE00023009A331D88F8F7FBFBAD007051A06AEF
:102FF000E16AA26BE36B2500F5F72EFA0126833513
:10300000B84200D18EE0230082331E70A06AE16ACC
:10301000A26BE36BF5F716FAB84200D182E0FFF736
:1030200091FF774B2F701B78BB421AD0754B1B78E2
:10303000BB4216D000220023A265E365230078334B
:103040001F80FFF77BFE704B1B78BB4200D167E00F
:103050006E4B1B78BB4200D162E0FA20400001F0C9
:10306000DDFC052001F0DAFCFDF7A2FC2300833330
:103070001B78002B27D0664B1B78002B23D0A06A2F
:10308000E16A226A636A2500F5F7D6F97A350028E5
:103090004AD0A06AE16AA26CE36CF6F7B9FBA065BE
:1030A000E1650022A06DE16D5A4BF7F7B1FBF5F732
:1030B00091FA230080B27833188000220023226620
:1030C000636600232B80230083331B78002B26D0DC
:1030D0004B4B1B78002B22D0A06AE16A226A636AFC
:1030E0002500F5F7A9F97835002830D00022002313
:1030F000A265E36500232B80A06AE16AA26CE36C01
:10310000F6F786FB206661660022206E616E414BF9
:10311000F7F77EFBF5F75EFA7A3480B22080F8BDCF
:103120003D489CE72E70A1E7206E616E226D636DB5
:10313000F6F76EFB206661660022206E616E354BED
:10314000F7F766FBF5F746FA80B22880BBE7A06D7B
:10315000E16D226D636DF6F75BFBA065E165A06D27
:10316000E16D00222B4BF7F753FBF5F733FA80B2F2
:103170002880D4E701236371254B1E78002E1CD0D4
:10318000A06AE16A226A636A2500F5F755F97A3583
:10319000002809D0230080331F70226C636C2267E3
:1031A0006367206F616FDCE7206F616F226D636D75
:1031B000F6F72EFB20676167F3E7114B1B78002BB6
:1031C000ADD0A06AE16A226A636A2500F5F734F996
:1031D0007835002809D0230080331E70226C636C80
:1031E000A266E366A06EE16EBBE7A06EE16E226DA3
:1031F000636DF6F70DFBA066E166F3E7C06600209D
:103200005A630020BE0A00204C630020596300204E
:10321000E901002000403A40C4090000054B10B508
:103220001B78002B01D1FFF78DFEFFF7C3FEFFF7E0
:1032300085FD10BD5002002010B50F4C2378002BE7
:1032400014D0FCF733F90E20FCF7D4F8618A0E2075
:1032500089B2FCF7F1F80E200021FCF709F9FCF720
:1032600023F900230E202370FCF79EF8FFF7A2FE3F
:10327000FFF764FD10BDC046C066002070B50400B5
:1032800004A80588094E0A48346004008C34216083
:10329000010090310A6002009432136003009833F9
:1032A0001D8000239A30038070BDC046486700200F
:1032B000C0660020F8B51D4B1C78002C2AD01C4B92
:1032C00064241B78002B00D1503C1A4F012238682F
:1032D0007968FBF7DDFC184E012230687168FBF756
:1032E000D7FC164D002228686968FBF7D1FC200046
:1032F00001F094FB386801227968FBF7C9FC30685B
:1033000000227168FBF7C4FC286800226968FBF79B
:10331000BFFCF8BD0A4B1B78002BD6D0044B6424AD
:103320001B78002BD1D0FA24A400CEE759630020EB
:103330008167002074000020840000206C000020C1
:10334000E80100201C4BD0B51A6806000F00012AC6
:1033500000D01B68FDF7D0FB184C00212000F9F7C6
:10336000FDFC0022164B30003900F6F751FA154BE0
:103370000022F7F74DFAF5F72DF981B22000F9F7A1
:10338000FDFC114801F04AFB00212000F9F7E6FCA2
:1033900000212000F9F7F2FCFDF70AFB0B4B1B782C
:1033A000002B07D001220A4BF5201A701978C9B2F8
:1033B000FBF7FCFAD0BDC0464C020020A8660020F6
:1033C00000206C4000403A40B80B0000C665002069
:1033D000C5650020F0B5444B87B01E78002E00D0A4
:1033E00078E0424A1278002A00D077E01600019275
:1033F000FDF764FAF8F7E6FA3D4A3E4B0092196889
:1034000000985A68F9F77CFCFDF754FB00210098FE
:10341000F9F7A4FCFA2700210098F9F7AFFC002483
:1034200000257F00F8F7EAFAC31702900393013FE3
:10343000029A039BA4185D41002FF3D1FA220023C6
:10344000520020002900F5F75FF8310005000098D0
:10345000F9F784FCFA2401990098F9F78FFC00260B
:1034600000276400F8F7CAFAC31704900593013CDB
:10347000049A059BB6185F41002CF3D121000098F7
:10348000F9F76CFC21000098F9F778FCFDF728FBB0
:10349000FA20400001F0C2FAFA2200235200300064
:1034A0003900F5F731F8451BEB17ED185D402800A2
:1034B000F8F7FCF80022104BF6F770FDF5F78AF8E4
:1034C0000E4E0F4A0F4B3060954209DD01201870F7
:1034D00007B0F0BD00230C4E019389E70A4BFBE7D0
:1034E00002201C70F4E7C046E90100205A63002066
:1034F000A86600204400002000408F407467002030
:10350000102700007F67002045330000282210B5F7
:103510000021054803F08AFF0022044BDA725A7139
:103520005A729A7210BDC04685670020C8050020F7
:10353000F8B505000024FBF759FE80260227285D18
:10354000FBF75EFE002C05D10E4B2200186859686F
:10355000FBF79EFB0C4B9A683242FCD09A683A42C9
:10356000FCD09A683242FCD1002C07D1054B0122D5
:1035700018685968FBF78CFB0134E0E701340C2C28
:10358000DDD1F8BDA400002000300140F0B589B0C5
:1035900002920393029B01901800039B00225B00A0
:1035A00059082F4BF7F734F90023002206920793AE
:1035B00006AA04000D0003F0D7FF2A4A2A4BF4F7AD
:1035C00055FF002807D0069807990022274BF6F7E9
:1035D0001FF904000D0029002000F8F72BF80A213C
:1035E0000600F4F72DFE6421C4B23000F4F728FE83
:1035F0000A27FA21C3B204937B43E31A7C431B01DD
:10360000341B1C19E3B2890030000593F4F718FE4F
:103610001749C5B23000F4F713FE3B00C4B2634350
:10362000EB1A7D43049A1B01551B124930005D19AA
:10363000F4F706FE474302980399E41B0022002397
:10364000EDB2E4B2F4F7FEFE002801D0103CE4B283
:10365000019B059A5D709A701C7009B0F0BDC04660
:1036600000002440CDCCCCCCCCCCEC3F0000F03FD3
:1036700010270000A0860100F0B51C0085B0630093
:10368000019059081000234B0022F7F7C1F80023DE
:1036900000220292039302AA04000D0003F064FFCB
:1036A0001D4A1E4BF4F7E2FE002807D0029803994A
:1036B00000221B4BF6F7ACF804000D002900200097
:1036C000F7F7B8FF0A210500F4F7BAFD0A27C4B2DC
:1036D00064212800F4F7B4FD3B00FA21C6B273431D
:1036E000E31A7C431B012C1B1C19019B28005C70F6
:1036F0008900F4F7A5FD0B49C4B22800F4F7A0FD3A
:1037000078436743201A019BF61B0001801918704B
:1037100005B0F0BD00002440CDCCCCCCCCCCEC3FEF
:103720000000F03F10270000F0B58BB0039310AB02
:10373000029204CB07AC1F8812AB1B78009001915A
:10374000049200210C222000059303F06FFE7BBA47
:10375000200063800025FFF7EBFE07ACAF4218DCCA
:103760000C220021200003F061FE059A2B23002A81
:1037700000D004332000E37023716371FFF7D8FE9B
:10378000174B18685968FBF788FA0028F8D10BB076
:10379000F0BDF0232370049BAE009859F7F7D8FFD3
:1037A0000B0006A90200481DFFF7F0FE009B6A000F
:1037B0009B5A01355BBAA380019B9B5A5BBAE3809D
:1037C000029B9859F4F7EEFE039B40BA208198596A
:1037D000F4F7E8FE40BA60812000FFF7A9FEBCE7DD
:1037E0009C00002070B50024044D2E78285DFBF766
:1037F000E5FC230001349E42F8DA70BD85670020A5
:1038000070B50E4C0E4DE37928000233DBB2237203
:10381000E3792B70E179E679C9B2F9F74DFAF6B29E
:10382000A855E679F9F750FAF6B2AE197070217A18
:103830002800C9B2FBF7CEFC70BDC046C805002009
:10384000AD67002010B50B4A0B4B51785970917839
:103850009970D278DA7053221A7101325A71073A8C
:103860009A714C3ADA71054B0732DA71FFF7C8FFEB
:1038700010BDC04685670020AD670020C805002048
:103880000C22064B10B506485A70FAF72EFD082296
:10389000044BDA71FFF7B4FF10BDC046AD670020DE
:1038A000AF670020C80500200722064B10B5064868
:1038B0005A70FAF7FDF91222044BDA71FFF7A0FFF4
:1038C00010BDC046AD670020AF670020C8050020CE
:1038D0000822064B10B506485A70FAF72BFA122246
:1038E000044BDA71FFF78CFF10BDC046AD670020B6
:1038F000AF670020C805002013226F210D4B10B5C3
:103900005A702E329A700D32DA700C3A1A711132E6
:103910005A7112329A710932DA71597205320331D1
:103920001A72DA729972044B673ADA71FFF768FF1C
:1039300010BDC046AD670020C8050020052310B5A6
:10394000054C6370FAF7C3FD0322044BA070DA71D3
:10395000FFF756FF10BDC046AD670020C805002028
:103960002E2310B5054C6370FAF7AAFE0322044B10
:10397000A070DA71FFF744FF10BDC046AD670020AC
:10398000C80500200B2310B5054C6370FAF7B7FD8E
:103990000322044BA070DA71FFF732FF10BDC0465E
:1039A000AD670020C8050020062310B5054C6370E4
:1039B000FAF79DFD0322044BA070DA71FFF720FF98
:1039C00010BDC046AD670020C80500200A2310B511
:1039D000064C6370FAF72EF90422030AA370044B15
:1039E000E070DA71FFF70CFF10BDC046AD67002034
:1039F000C8050020092310B5054C6370FAF76FFD68
:103A00000322044BA070DA71FFF7FAFE10BDC04626
:103A1000AD670020C80500201FB514230F4C0F22EE
:103A200068460F49637003F096FD00220223694641
:103A3000895C080020385E2801D8E1540133013246
:103A40000F2AF4D1102B02DC023AE2540133054A6A
:103A5000DBB2D371FFF7D4FE1FBDC046AD670020B7
:103A6000908C0108C8050020152310B5054C637023
:103A7000FAF791F90322044BA070DA71FFF7C0FE48
:103A800010BDC046AD670020C805002010B5024B30
:103A90009878FAF779F910BD856700200D2310B5E5
:103AA000064C6370FAF73BFDA070FAF740FD042264
:103AB000034BE070DA71FFF7A3FE10BDAD67002085
:103AC000C80500201B2310B5054C6370FAF71FFDD5
:103AD0000322044BA070DA71FFF792FE10BDC046BE
:103AE000AD670020C8050020172310B5054C637092
:103AF000FAF725FD0322044BA070DA71FFF780FE70
:103B000010BDC046AD670020C80500200222054B4D
:103B100010B55A7000229A70034B0332DA71FFF726
:103B20006FFE10BDAD670020C8050020122310B540
:103B3000094C6370FAF7C3FC084BA070012805D14B
:103B400018740322DA71FFF75BFE10BD0228F8D16A
:103B500000221A74F5E7C046AD670020C8050020B2
:103B60001D2310B5094C6370FAF721F9084BA070BA
:103B7000012805D158740322DA71FFF741FE10BD08
:103B80000228F8D100225A74F5E7C046AD6700203C
:103B9000C805002070B518220125054B054C9D7005
:103BA0005A700323E371FFF72BFE257170BDC046E9
:103BB000AD670020C8050020014B18607047C04663
:103BC000F0670020002370B5CA0F52185210013957
:103BD000934200DB70BDCC1A065DC55CC654013350
:103BE0000555DBB2F4E710B50B0A017043700B0CFE
:103BF000090EC17083700421FFF7E4FF10BD0000BF
:103C00003E22F0B58F4B85B0DA71DB798E4C237094
:103C1000162363708D4B1D682B78A3702B003833EF
:103C20001B786A781B019B18E3702B0080331E6899
:103C30005F680022864B30003900F4F7FDFB2B0053
:103C400039330093002803D11B78022B00D8D6E02B
:103C500042232371853363713833A371823BE3714F
:103C600028696969F7F7BCFD7A4B011C1800FFF75A
:103C7000BAFF286A696A784B1E78002E00D1C8E026
:103C800042232373853363733833A373823BE37317
:103C9000286B696B002E00D1C3E042232374853367
:103CA00063743833A374823BE374009B03AF1B78C7
:103CB00023752B003A331B7863752B003B331B783D
:103CC000A3752B00883318685968F4F783FC80B219
:103CD000030AE37520762A6C6B6C3800FFF7CCFC86
:103CE00028003B8848305BBA7A7803805B4B397890
:103CF0001888A276617680B2F7F706FD02000B0005
:103D00003800FFF7B9FC28003B8858305BBA7A7856
:103D10000380534B3978380022771A685B68E17664
:103D200000920193FFF7A8FC28003B8868305BBA3B
:103D30007A7803802B00397890336177A2770099E5
:103D4000019A19605A6008001100F4F743FC2A0038
:103D500080B2030AE377631CD877424B70321B882A
:103D60009BB21380190AA21CD177E21CD3772B00D7
:103D70002A0072331B8874321380190A221DD177EE
:103D80002900621DD377384B78311A6893B20B80C3
:103D90001B0AA11DCB77E31DDA772B002A007A33AB
:103DA0001B887C3213802200190A0832D177220046
:103DB000283213702B0022007E331B7829321370B7
:103DC000A86AE96A002E34D0230042222A331A70EE
:103DD000230085322B331A70230038322C331A70AB
:103DE0007D232D342370174C7F35E2791F4B2978C2
:103DF000D154FFF705FD0023237105B0F0BD390054
:103E00003000F7F7EDFC1A4B011C1800FFF7EBFE32
:103E100026E7F7F7E5FC174B011C1800FFF7E3FE58
:103E200036E7F7F7DDFC144B011C1800FFF7DBFE4B
:103E30003BE7F7F7D5FC114B011C1800FFF7D3FE49
:103E4000D1E7C046C8050020AD670020F06700201C
:103E500000002E40B5670020646700206C670020DA
:103E6000400200206E67002068670020AC670020D9
:103E7000B1670020B9670020BD670020D767002028
:103E8000014B1879C0B27047C805002010B5054B2A
:103E90009878012802D1F9F777FE01E00228FAD0DC
:103EA00010BDC0468567002010B5044B9878431EAE
:103EB000072B01D8F9F76EFE10BDC04685670020BC
:103EC00010B5054B9878092803D80020F9F768FE4B
:103ED00001E0F028FAD910BD8567002010B5034B2A
:103EE000D9789878F9F798FE10BDC046856700200C
:103EF00010B50248FAF7E3F910BDC0468767002005
:103F000010B5054B9878012802D1F9F75BFE01E066
:103F10000228FAD010BDC0468567002010B5044BBA
:103F2000DC789878F9F754FE2000F9F757FE10BDB9
:103F30008567002010B5024B9878FAF74FF910BD4D
:103F40008567002010B5024B9878FAF74FF910BD3D
:103F50008567002010B5024B9878FAF74EF910BD2E
:103F60008567002010B5024B9878FAF74DF910BD1F
:103F70008567002010B5024B9878FAF74CF910BD10
:103F80008567002010B50248F9F761FE10BDC046F4
:103F90008767002010B50248F9F76CFE10BDC046D7
:103FA0008767002010B50248F9F7A6FE10BDC0468D
:103FB0008767002010B5F9F7FAFE044B012801D1FC
:103FC000587410BD00225A74FBE7C046C805002093
:103FD00010B5064B9878012802D1F9F7CFFE01E021
:103FE0000228FAD0FFF7E6FF10BDC0468567002023
:103FF00010B5084B9C782000FAF7E2F8012C03D1A9
:104000000B22054B1A7010BD022CFCD10D22024B65
:10401000F8E7C046856700205102002010B5024B2A
:104020009878FAF7D4F810BD856700201E2310B5E4
:10403000054C6370FAF728FB0322044BA070DA7179
:10404000FFF7DEFB10BDC046AD670020C8050020AD
:104050002F2310B5054C6370FAF78EFA0322044B38
:10406000A070DA71FFF7CCFB10BDC046AD67002031
:10407000C8050020094B10B518695969F7F7B0FB5E
:10408000074B011C1800FFF7AEFD1022054B5A70BC
:10409000054B0A3ADA71FFF7B3FB10BDE0090020C7
:1040A000AF670020AD670020C8050020262010B5AE
:1040B000FF30FAF75DFC0400FEF778FA022C07D116
:1040C000FEF784FB044B18615961F7F789FB10BDBB
:1040D000FEF7C0FAF6E7C046E0090020112310B54C
:1040E000064C6370FFF776F90322054BA070DA7176
:1040F000FFF786FB0122034B1A7010BDAD6700204D
:10410000C80500208067002030B585B06846FAF702
:1041100091F9002301211A0015486C46E55CC45C46
:10412000A54200D00A0001330E2BF6D100239A429B
:1041300002D0FAF78CF9FF230E4C3322A370D02063
:10414000FF23627000211A004000FAF794F9FF2360
:10415000E070A2201A000021FF30FAF78CF9052246
:10416000054B2071DA71FFF74BFB05B030BDC0463F
:10417000908C0108AD670020C8050020342310B5DD
:10418000054C6370FAF700FA0322044BA070DA7151
:10419000FFF736FB10BDC046AD670020C805002004
:1041A000362310B5054C6370FAF7F8F90322044B77
:1041B000A070DA71FFF724FB10BDC046AD67002088
:1041C000C8050020372310B5054C6370FAF7EFF9E6
:1041D0000322044BA070DA71FFF712FB10BDC0463A
:1041E000AD670020C8050020382310B5054C63706A
:1041F000FAF7E6F90322044BA070DA71FFF700FB2F
:1042000010BDC046AD670020C8050020392310B599
:10421000054C6370FAF7DDF90322044BA070DA71E4
:10422000FFF7EEFA10BDC046AD670020C8050020BC
:10423000F8B5AE4DAE4C2B78280063716B78637285
:1042400063790233DBB2A37163796179EE5CC9B241
:10425000F8F732FD864206D16379EB185E78F8F7FD
:1042600033FD864202D0FFF751F9F8BD6379052B83
:1042700013D1637A412B10D16B78412B0DD1AB78E0
:104280004E2B0AD1EB78422B07D12B790D2B04D181
:104290000122984B1A70FFF7D5FA627AD3B2012A3D
:1042A00000D08CE0AA78A272A17ACAB2012914D1F6
:1042B000914B1A70914B1A70914B1A70A37A052B7F
:1042C0002AD1904A043B13708F4A13708F4A13709F
:1042D0008B4A1370FFF786FAC5E7A27A032A03D147
:1042E000854A13708A4A05E0A27A022A05D1824AD9
:1042F0001370854A1370854A05E0A27A042A06D114
:10430000804A13707D4A13707D4A1370D6E7A27AF3
:10431000062AD3D17B4AE4E7A37A812B05D1764BD9
:1043200001221A70754B1A70D4E7A37A832B06D139
:10433000714A823B1370764A1370744AC9E7A37AB4
:10434000822B04D16C4A813B13706F4AF4E7A37A45
:10435000842B01D16B4BE3E7A37A862B02D1694A08
:10436000853BE7E7A37A852B02D1664A843BEBE7DE
:10437000A37A072B02D0A37A082B0ED10124654B18
:104380001C70FAF71DF95F4BA04200D05A4B1C700D
:104390005A4B1C705A4B1C709CE7A37A872B02D097
:1043A000A37A882B96D101245A4B1C70FAF708F98E
:1043B000544BA04200D0504B1C70504BEBE7637A3B
:1043C000022B03D1544B00221A704CE7637A2E2B38
:1043D00008D1A37A002B02D0A878FAF71BF8FFF7D0
:1043E000BFFA40E7637A052B0AD1AB78A372A37AB0
:1043F000002B02D1FFF7A2FA35E7FFF755FDF9E7E9
:10440000637A062B0BD1AB78A372A37A002B03D06F
:10441000A07AC0B2F9F7CAFBFFF7C6FA23E7637ABE
:10442000072B12D1AB78A3726379032B06D1A37A41
:10443000002B00D017E7FFF737FA14E76379122B48
:1044400000D910E7FFF7A6FDF5E7637A082B12D134
:10445000AB78A3726379032B06D1A37A002B00D02B
:1044600001E7FFF735FAFEE66379122B00D9FAE689
:10447000FFF798FDF5E7637A092B0AD1AB78A372B1
:10448000A37A002B02D1FFF7B5FAECE6FFF718FD8F
:10449000F9E7637A0A2B12D1AB78A3726379032B05
:1044A00006D1A37A002B00D0DDE6FFF78FFADAE61B
:1044B0006379042B00D0D6E6FFF710FDF5E7637AA9
:1044C0000B2B2BD1AB78A372A37A002B0AD0A37A43
:1044D000D8B2012B02D1F9F76FFB03E0A37AD8B26F
:1044E000022BF8D0FFF74EFABDE6C04685670020E4
:1044F000C80500204D010020846700207D67002052
:1045000078670020836700207B67002079670020A0
:104510007A6700208267002050020020637A0C2B0B
:1045200012D1AB78A3726379032B06D1A37A002B47
:1045300000D098E6FFF7A4F995E66379082B00D040
:1045400091E6FFF7D5FCF5E7637A0D2B10D1AB7838
:10455000A372A37A002B04D0A37A012B04D1FFF716
:10456000DDFCFFF79BFA7EE6A37A022BF9D1F6E792
:10457000637A0E2B03D1AB78A372A37A73E6637AC6
:104580000F2BF8D0637A102B0FD1AB78A372A37ADC
:10459000002B00D067E6FFF789FDF7F7D9F8BB4C91
:1045A00020616161FFF766FD5DE6637A112B08D13A
:1045B000AB78A372A37A002B00D054E6FFF78EFDF0
:1045C00051E6637A122B10D1AB78A372A37A002B39
:1045D00004D0A37A012B04D1FFF758FCFFF7A6FA09
:1045E00041E6A37A022BF9D1F6E7637A1D2B10D1AD
:1045F000AB78A372A37A002B04D0A37A012B04D149
:10460000FFF7E6FCFFF7ACFA2DE6A37A022BF9D10F
:10461000F6E7637A132B08D1AB78A372A37A002B49
:1046200000D020E6FFF768F91DE6637A142B08D165
:10463000AB78A372A37A002B00D014E6FFF7ECF955
:1046400011E6637A152B0CD1AB78A372A37A002BF9
:1046500004D0637A002B01D0FFF718FAFFF704FAB1
:1046600001E6637A162B08D1AB78A372A37A002BEC
:1046700000D0F8E5FFF7C4FAF5E5637A172B08D107
:10468000AB78A372A37A002B00D0ECE5FFF72CFAED
:10469000E9E5637A1B2B10D1AB78A372A37A002BC8
:1046A00004D0A37A012B04D1FFF72AFCFFF70AFA02
:1046B000D9E5A37A022BF9D1F6E7637A1C2B06D150
:1046C00063790E2B00D0CEE5FFF75CFCCBE5637A77
:1046D0001E2B10D1AB78A372A37A002B04D0A37A3F
:1046E000012B04D1FFF784FCFFF7A0FCBBE5A37A04
:1046F000022BF9D1F6E7637A2F2B10D1AB78A37296
:10470000A37A002B04D0A37A012B04D1FFF786FCF7
:10471000FFF79EFCA7E5A37A022BF9D1F6E7637AAF
:104720001F2B09D15A4B9B78A372A37A002B00D17F
:1047300099E5F7F7FDFACDE5637A242B07D1544BC1
:104740009B78A372A37A002B00D18CE5C2E5637A33
:10475000504C252BF3D0637A282B1AD14C4B0122D5
:104760009B78F420A37200231900F9F784FE431EFE
:104770009841494BC0B21870002301221900F5205E
:10478000F9F779FE431E9841444BC0B21870A37AE2
:10479000A0E5637A312B02D1F9F782FD9AE5637ABD
:1047A000322B01D13E4B0EE6637A332B0FD1384BBF
:1047B0009A78A272A27A002A06D0A27A012A03D19C
:1047C0001979D878F9F74AFEFFF79EFC4BE5637A32
:1047D000342B0AD12E4B9B78A372A37A002B01D0E5
:1047E000FFF7A8FBFFF7CAFC3DE5637A352B3FD105
:1047F0000125002400260027F7F7D2FA294B1D7067
:10480000F7F796FAF7F7C0FA0020F9F720FD224BE8
:10481000F4201C701978C9B2FAF7C8F81F4BF520BC
:104820001C701978C9B2FAF7C1F8FCF779FEFCF7E9
:1048300083FEFCF78DFEFCF7A1FEFCF7B7FE20001F
:10484000F9F7FEFC184B1C70FCF7A4FE174B1E601A
:104850005F60F9F70BFC164B1E605F60F9F778FCA0
:10486000144BFA201D701978C9B2FAF79FF831E598
:10487000637A362B20D1064B9B78A372A37A002B48
:1048800001D0FFF75FFBFFF78BFCECE4E0090020B1
:1048900085670020C8050020C7650020C565002089
:1048A0004C010020AF650020F00A0020D803002052
:1048B00040020020C4650020637A372B0AD1144BD4
:1048C0009B78A372A37A002B01D0FFF743FBFFF77D
:1048D00079FCC8E4637A382B0AD10D4B9B78A3721C
:1048E000A37A002B01D0FFF73DFBFFF77DFCBAE474
:1048F000637A392B00D0B6E4054B9B78A372A37A78
:10490000002B01D0FFF736FBFFF780FCABE4C0467D
:104910008567002010B5044B0A000100180002F062
:104920001AFEFFF785FC10BD856700200D488546FF
:10493000FCF794FA0C480D490D4A002302E0D458C4
:10494000C4500433C4188C42F9D30A4A0A4C0023D9
:1049500001E013600432A242FBD302F0D5FDFAF766
:10496000EDF9FEE70090002000000020B4020020D6
:10497000F88D0108B802002044690020FEE700001D
:1049800070B5104B05001978002901D1012070BDC8
:10499000FA208000F3F7CAFB0B4C01002068F3F704
:1049A000C5FB00F083F8041EF0D1032DEED8020001
:1049B00001202900404200F043F8044B20001D6014
:1049C000E5E7C046520200205001002054020020BA
:1049D0008023084A5B00116810B50B430020136068
:1049E000FFF7CEFF041E03D1FBF74EFD200010BDE4
:1049F0000124FBE700200240034A044B11681B78A6
:104A00005B1813607047C046F46700205202002014
:104A1000014B18687047C046F467002070B5040069
:104A2000FFF7F6FF0500631C02D0044B1B78E41867
:104A3000FFF7EEFF401BA042FAD370BD52020020E8
:104A400010B5FF2403220B0021000240D200914048
:104A50009B012340C943934000280ADBC0240B4A32
:104A6000800880008018A40002590A4013430351B3
:104A700010BD0F2210400838054A800880008018B9
:104A8000C26911401943C161F2E7C04600E100E08C
:104A900000ED00E0002805DB1F2318401E3B83408B
:104AA000014A13607047C04600E100E08022431EC7
:104AB0005204012093420DD2C021074A0748536097
:104AC000036A09061B021B0A0B430362002007232B
:104AD000906013607047C04610E000E000ED00E019
:104AE000F0B5846CC56C6560046D002C02D0446D1B
:104AF000856D65601C24056C084E25401B3CAC4050
:104B000077683C437460046863608368102B02D14B
:104B1000A260E160F0BDA160E260FBE7000002403E
:104B200010B50400036C094A9B089B189B00436462
:104B300000681421C0B20838F3F7F8FA044BA364F4
:104B40001F2318401E3B8340E36410BD0082001009
:104B500080080240F8B504000120002C46D02568EA
:104B6000254B1421E818F3F7E1FA02238000A61D73
:104B70002064F3772B68214AA76813402B60E36811
:104B800021693B430B4361692A680B43A1692000FB
:104B90000B43E1690B43216A0B4313432B60FFF77F
:104BA000BFFF8023DB019F4201D1002363603F23CD
:104BB0006268616C13400B60E06CA16C013A486064
:104BC000032A14D80E4A0F4899180122013B9A4033
:104BD000A265130000228900216560650A604360B8
:104BE00000200123E0630534F377E077F8BD00236C
:104BF00023656365A365F3E7F8FFFDBF0F80FFFF43
:104C00003F82001040090240F7B5451D0193EE7F39
:104C100004000220012E33D00138E877A71DFE7F63
:104C2000B4466346F6B200960026834230D1013086
:104C3000F8772568E6632868009B98432860019B05
:104C40002000FFF74DFF236BB3421AD00E232A68D2
:104C500013432B60636C1A68D20304D58022196851
:104C600052000A431A60236D002B04D08022196879
:104C700052000A431A60012300202A6813432B6064
:104C8000FEBD04222B6893432B602A680A23DFE7CA
:104C90008023E363EE77F3E7F0B5002808D0841DA6
:104CA000E37F411D022B05D00423C3630023CB7790
:104CB0000120F0BD0E250268466C1368AB431360FB
:104CC0003368104D2B403360012316689E431660F5
:104CD000026C1B331A401B3B93400B4E77683B43DF
:104CE0007360C26C836C5A60036D002B05D01A6828
:104CF0002A401A60436D826D5A6001230020E377D9
:104D0000C877D6E7FFFEFFFF00000240F8B5811D1F
:104D1000CB7F022B03D00423C3630120F8BD0E24F4
:104D200002681C271368456CA343136001231468B1
:104D30009C4314602A68104C22402A60026C0F4D7C
:104D40003A4093406E6833436B60C26C836C5A6028
:104D5000036D002B05D01A6822401A60436D826DE6
:104D60005A6001230022CB77431DDA77836B93428D
:104D700000D098470020D1E7FFFEFFFF000002406F
:104D8000F8B51C240427016C264A21403C008C40C5
:104D9000166803681D6826420FD03D420DD0196881
:104DA000890602D41968B943196053681C43036B20
:104DB0005460002B1BD0984719E002273C008C4020
:104DC000264215D03D4213D01968890606D40A251B
:104DD0001968A94319600121831DD97753681C43C1
:104DE00054600022431DDA77C36A9342E3D1F8BDD1
:104DF000082427008F403E42F9D02542F7D00E25E7
:104E00001C68AC431C6001231D008D4029005468C0
:104E100021435160821DC363D3770022431DDA779B
:104E2000436BE2E7000002400023F0B585B00A685A
:104E30001400DC4001D105B0F0BD012514009D40F7
:104E40002C4000942A4200D191E04A685F009446C9
:104E50000322644622400324BC40E4430194541ED0
:104E6000012C2ED88668019C2640CC68BC40344377
:104E7000846044680126AC4325006446240934401C
:104E80009C402C434460C568019C25408C68BC4014
:104E90002C43C460022A16D107250F261D40AD0001
:104EA000AE40DC08A40004190294246A039626008C
:104EB000039CA64334000E69AE402643029C266242
:104EC00001E0032ADFD1BA400468019D25402A434E
:104ED000C02402606246A402224248D0254A03252B
:104EE0009C08A400A4180F221D40ED00AA40A02792
:104EF000266EFF0596430022B8420CD01E4F0132A9
:104F0000B84208D01D4F0132B84204D01C4F0332C2
:104F1000B84200D1023AAA40674632432266154C95
:104F2000009A2668009DD2433543FF0201D4350024
:104F30001540674625606668009D3543BF0201D471
:104F400035001540674665600E4C009DE66F3543A1
:104F5000BF0301D4350015406746E5670A4C009E43
:104F6000E56F2E43FF0301D415402E00E6670133A1
:104F70005DE7C046001802400004005000080050E1
:104F8000000C005008180240041802400069084054
:104F9000431E9841C0B27047002A01D0816170471A
:104FA0008162FCE770B504000120002C3FD0250091
:104FB00041352B78DAB2002B05D123004033200095
:104FC0001A70FBF779FA242301212B702368E0681B
:104FD0001A68A6688A431A601A4962680A401A6108
:104FE0009A6819490A409A60012821D18022120248
:104FF00032439A605868154A02435A60DA680020C2
:105000000A40DA60616922690A43A16909020A4318
:10501000DA60216AE2690A431A60012219680A43C8
:105020001A60202360642B7020634234207070BDAE
:105030008422120232439A600228DBD180221201BC
:105040005A60D7E7FFFFFFF0FF7FFFFF00800002FD
:10505000F0B504004134227803000F000220D6B2DC
:10506000202A18D11D0040352A78012A13D0242285
:1050700022701B68233A1968074891431960196820
:1050800001400020196019683943196019680A4302
:105090001A6026702870F0BDFFEFFFFF0200F0B528
:1050A000413214780300E5B20220202C17D11C00F5
:1050B00040342678012E12D0223010701B6823381D
:1050C0001E68074F86431E601E6809023E4031433A
:1050D0001960196808431860002015702070F0BD31
:1050E000FFF0FFFF8023034A5B0011680B4313604E
:1050F0007047C0460070004010B5114C114923683C
:1051000002000B4003432360802300209B009A424F
:105110000ED10D4B0D49186806235843F3F706F8D6
:105120008022431CD200616908001040114200D166
:1051300010BD002B01D0013BF5E70320F8E7C04686
:1051400000700040FFF9FFFF5001002040420F00B7
:10515000F0B5040085B0002802D1012005B0F0BDF3
:105160000368DB0710D423689B075CD423681B0704
:1051700000D5C1E023685B0700D5F2E0E369002BAE
:1051800000D079E10020E9E73822AF4DAB68134049
:10519000EA68102B09D1D3439B0708D12B689B03E6
:1051A000E1D56368002BDED1D7E7082BF6D080224B
:1051B00063685202934211D12A6813432B60FFF7B0
:1051C00027FC80270600BF022B683B42CBD1FFF7AC
:1051D0001FFC801B6428F7D90320BFE7A021C90268
:1051E0008B4208D180232968DB020B432B602B689C
:1051F0001A432A60E3E72A6894490A402A602A6829
:1052000093490A402A60002BD9D1FFF701FC80277F
:105210000600BF022B683B42A5D0FFF7F9FB801BBD
:105220006428F7D9D8E73822874DAB681340EA687D
:10523000102B28D103210A40022A26D12A685205C0
:1052400003D5E268002A00D187E76968626981486E
:10525000120201400A436A60002B0CD12B687E4A7F
:105260007E491340226913432B602B687C4A9B04C0
:105270005B0FDA400A607B4B1868FFF781FB002860
:1052800000D173E769E7002BD8D0E368002B20D06A
:105290002B68714A802713402269FF0013432B605B
:1052A00080232A685B0013432B60FFF7B1FB0600E5
:1052B0002B683B4207D06A68636966491B020A4053
:1052C00013436B6052E7FFF7A3FB801B0228EFD963
:1052D00082E72B68644A802713402B60FFF798FB16
:1052E0000600FF002B683B4200D13FE7FFF790FB31
:1052F000801B0228F6D96FE73822534DAB68134064
:10530000182B08D12B6E9B0700D433E7A369002B21
:1053100000D02FE721E7A2690123002A10D02A6ECE
:10532000022713432B66FFF773FB06002B6E3B42ED
:1053300000D01FE7FFF76CFB801B0228F6D94BE774
:105340002A6E02279A432A66FFF762FB06002B6E3D
:105350003B4200D10EE7FFF75BFB801B0228F6D92A
:105360003AE73822384DAB681340202B08D1EB6D5B
:105370009B0700D402E7A368002B00D0FEE6ECE612
:1053800080220021EB6B52050091134208D1EB6B98
:105390001343EB63EB6B13400393039B01230093D5
:1053A0008027324E7F0033683B4215D0A368012B23
:1053B00022D1EA6D1343EB65FFF72AFB02270600B3
:1053C000EB6D3B4238D0009B012B00D0D6E6EB6B57
:1053D000274A1340EB63D1E633683B433360FFF762
:1053E00017FB019033683B42E0D1FFF711FB019BB3
:1053F000C01A0228F6D9EFE6EA6D052B05D1013B6C
:105400001343EB65EA6D0123D4E701218A43EA6582
:10541000EA6D03318A43EA65002BCDD1FFF7F8FA34
:1054200002270600EB6D3B42CDD0FFF7F1FA114B9E
:10543000801B9842F6D9CFE6FFF7EAFA0D4B801BA6
:105440009842BDD9C8E6C04600100240FFFFFEFFEB
:10545000FFFFFBFFFF80FFFFFFC7FFFF50010020A2
:105460000024F40054020020FFFEFFFF0070004003
:10547000FFFFFFEF881300003821434DAA680A4060
:10548000102A53D0414A022B3AD12B68802713406F
:105490002B60FFF7BDFA0600BF042B683B4229D101
:1054A000616A236AEA680B43394980260A4013433C
:1054B000E26AB6041343226B1343626B1343A26A7E
:1054C00012021343EB6080232A685B0413432B60B2
:1054D0008023EA685B051343EB60FFF799FA040049
:1054E0002B68334200D04DE6FFF792FA001B0228EA
:1054F000F6D971E6FFF78CFA801B0228CDD96BE64E
:105500002B68802613402B60FFF782FA0400B60454
:105510002B68334204D1EB681E4A1340EB6031E63E
:10552000FFF776FA001B0228F2D955E6012B00D1CD
:1055300013E60322E868216A02408A4200D00CE6A2
:105540007022616A02408A4200D006E6FE21A26A09
:10555000C90101401202914200D0FEE5F822E16A41
:10556000920302408A4200D0F7E5E022216B120547
:1055700002408A4200D0F0E5636B400F4007C01A3A
:10558000431E9841C0B2E9E500100240FFFFFFFE54
:105590008C80C111FCFFFEEE382370B51D4CA26853
:1055A0001A4205D123681C489B045B0FD84070BD8C
:1055B000A2681A40082A27D0A2681A40102A17D1D8
:1055C000E368E168DB43E5684906490F6F322D0A5D
:1055D000013115409B0709D11048F2F7A7FDE1689A
:1055E0006843490F0131F2F7A1FDE0E70A48F4E70B
:1055F000A2681A40202A09D0A26800201340182B64
:10560000D5D1FA20C001D2E70448D0E780200002BB
:10561000CDE7C046001002400024F40000127A00DA
:10562000F7B504000D00002801D10120FEBD0727B9
:10563000484E33683B408B422AD3226893073BD4C1
:10564000D20748D4072733683B40AB420AD93368B6
:10565000BB432B433360FFF7DBF9019033683B40DA
:10566000AB4268D123683C4D5B076CD4FFF794FFD5
:10567000AB683A491B051B0F9B005B581F210B4071
:10568000D840374A374B10601868FFF779F9CDE7F3
:105690003368BB430B433360FFF7BAF901903368BB
:1056A0003B40AB42C9D0FFF7B3F9019BC01A2E4B68
:1056B0009842F4D90320B9E72749530704D5E023DA
:1056C0008868DB0103438B608B6828480340A0682F
:1056D00003438B60B4E760681F4F032829D8F2F7B3
:1056E00011FD20021C243B689B039ED50722BB684A
:1056F00093430343BB60FFF78BF901903823BA68EB
:105700001A406368DB009A429CD0FFF781F9019B45
:10571000C01A154B9842F1D9CCE73B689B01E5D400
:1057200083E73B685B05E1D47FE73B6E9B07DDD4F5
:105730007BE7FB6DFAE7FFF76BF9019BC01A0A4B99
:1057400098428BD9B6E7AB68094A1340E268134325
:10575000AB608BE70020024000100240508C010833
:10576000500100205402002088130000FFF0FFFFCA
:10577000FF8FFFFF064B07499B68074A5B045B0FDF
:105780009B005B581F2110680B40D8407047C046F3
:1057900000100240308C010850010020F0B5036871
:1057A000040085B000209B0352D58022704D520525
:1057B000EB6B0090134208D1EB6B1343EB63EB6B85
:1057C00013400393039B012300938027694E7F00BE
:1057D00033683B433360FFF71BF9019033683B426A
:1057E00028D0EA6DC02310009B00216B624E184048
:1057F0001A4218D0814216D08022EB6DE86D190054
:1058000052020243EA65EA6D5C4831400240EA65B3
:10581000E965DB0707D5FFF7FBF807000222EB6D10
:10582000134200D19CE0EB6D226B33401343002008
:10583000EB6506E0FFF7ECF8019BC01A0228CDD912
:105840000320009B012B03D1EB6B4D4A1340EB630C
:105850002368DA0706D5032545494A6DAA436568DA
:105860002A434A659A0706D50C2541494A6DAA4341
:10587000A5682A434A65DA0606D53D49414D4A6D79
:105880002A40E5682A434A659A0506D538493E4DBF
:105890004A6D2A40A5692A434A655A0506D5344906
:1058A0003A4D4A6D2A40E5692A434A659A0606D56B
:1058B0002F49374D4A6D2A4025692A434A655A04C3
:1058C0000FD52B49256A4A6D920092082A434A65F2
:1058D0008022D205954204D18022CD6852022A430B
:1058E000CA601A0306D5402521494A6DAA43656A54
:1058F0002A434A659A020FD51D49264E4A6DA56A6C
:1059000032402A434A658022D203954204D1802244
:10591000CD6852042A43CA605A020DD5144D1E4E5A
:10592000696DE26A314011436965802149048A4208
:1059300002D1E9680A43EA601B050FD50C4A616988
:10594000536D164C23400B4353658023DB01994272
:1059500004D18023D1685B020B43D36005B0F0BD56
:10596000FFF756F80E4BC01B984200D856E767E782
:105970000010024000700040FFFCFFFFFFFFFEFF31
:10598000FFFFFFEFFFF3FFFFFFFFF3FFFFFFCFFF7F
:10599000FFCFFFFFFFFFBFFFFFFFFFFEFF3FFFFF48
:1059A00088130000A0210268F8B5D36804008B4377
:1059B000D360FFF72DF8FA2705002026BF002368E3
:1059C000DB68334201D00020F8BDFFF721F8401B0F
:1059D000B842F4D90320F7E7F7B54026036805007D
:1059E000DA680024324211D18022D968FA270A43AA
:1059F000DA60FFF70DF8BF0000902B68DB681A0033
:105A000032400192334201D1032C01D12000FEBD6E
:105A1000FEF7FEFF009B019CC01AB842EDD92B0097
:105A2000032429331C70E8E7802270B50F4C050071
:105A3000E3689343E360A369603A134207D1FFF739
:105A4000B1FF002802D003202935287070BDA3695A
:105A50009343A361FFF7A6FF002802D00320293556
:105A600028702023A2691343A361EFE700280040B8
:105A700070B504000120002C17D0250029352B78A3
:105A8000DAB2002B08D1230028331A7088231B02B6
:105A900020006360FAF752FD02232B702368DA6856
:105AA000D20603D5012300202B7070BDCA225A6292
:105AB000773A20005A62FFF78FFF002825D123682C
:105AC00015499A6960690A409A61A2689969024316
:105AD000E06902430A439A61226920001A61E26880
:105AE000196912040A431A61FFF79EFF00280CD1BE
:105AF0002268266A9369DB00DB089361636A916917
:105B00003343A66933430B439361FF2223685A62F0
:105B10000028C7D0C9E7C046BFFF8FFBF8B5040017
:105B20000120002C67D0636A002B65D18222616856
:105B30005200914200D0E36100232500A3625D354D
:105B40002B78DAB2002B05D123005C3320001A70C9
:105B5000FAF722FD022340222B702168E6680B68C9
:105B60009343E0220B60D2000023964248D9F022F2
:105B700018001201964200D0A36282228427636833
:105B800052001340A2683F023A40022713432269A1
:105B9000A5693A4013430122676917403B438027B8
:105BA000BF002F403B43E769373217403B43276A2A
:105BB0004832174080223B43A76A920117403B437B
:105BC000102708220B60636A2D0C3B40676B17405F
:105BD0003B43F0273F013E403343042635402B43EF
:105BE00003434B60CB69084803400020CB6101238D
:105BF00020665D342370F8BD0023236163619BE759
:105C000080204001B6E7C046FFF7FFFFC022042313
:105C100013B50468D200A16808001040114200D1F9
:105C200016BDE168013B0191DBB20199002BF2D175
:105C30000320F5E701000300012010B53D310C7889
:105C4000E2B284421FD1001808701B68D968114362
:105C5000D9600E498B4209D08021C9058B4205D0FD
:105C60000B498B4202D00B498B420DD19A680A49ED
:105C70000A40062A06D007398A4203D00122196851
:105C80000A431A60002010BD1968F9E7002C014092
:105C900000040040004001400700010001210368AA
:105CA00010B5DA688A43DA601C6A074A144206D1E2
:105CB0001C6A064A144202D11A688A431A600123F8
:105CC0003D300370002010BD11110000440400009D
:105CD00070477047704770470222036810B5196912
:105CE000040011420ED0D96811420BD0053A1A6156
:105CF000043202779B699B0700D186E0FFF7E9FF3A
:105D000000232377042223681969114211D0D9682E
:105D100011420ED0093A1A61073222779A69C023DC
:105D20009B0020001A4200D175E0FFF7D2FF00234C
:105D3000237708222368196911420ED0D9681142CD
:105D40000BD0113A1A610D322277DB6920009B07D4
:105D500067D0FFF7BEFF002323771022236819695D
:105D6000114210D0D96811420DD0213A1A6119326E
:105D70002277DA69C0239B0020001A4257D0FFF730
:105D8000A8FF00232377012223681969114207D055
:105D9000D968114204D0033A20001A61F9F788FB50
:105DA000802223681969114208D0D968114205D0B0
:105DB000023AFF3A20001A6100F0EFF823681A69EE
:105DC000D20507D5DA68120604D51C4A20001A61EC
:105DD00000F0E4F8402223681969114207D0D9681D
:105DE000114204D0813A20001A61FFF774FF20228B
:105DF00023681969114207D0D968114204D0413A89
:105E000020001A6100F0C8F810BDFFF761FF200004
:105E1000FFF760FF74E7FFF75BFF2000FFF75AFF13
:105E200085E7FFF755FF2000FFF754FF93E7FFF7E3
:105E30004FFF2000FFF74EFFA3E7C046FFFEFFFF26
:105E400010B51C4C0368A04206D08022D2059042B7
:105E500002D0194A904208D1702293434A681343F2
:105E6000164A1A40CB6813430BE0154A9042F7D00C
:105E7000144A9042F4D0144A9042F1D0134A90420E
:105E8000EED0802293434A69134303608B68C36258
:105E90000B688362A04208D00A4B984205D00A4B97
:105EA000984202D0094B984201D10B690363012348
:105EB000436110BD002C014000040040FFFCFFFFC7
:105EC00000200040004001400044014000480140E3
:105ED00070B504000120002C23D025003D352B781F
:105EE000DAB2002B05D123003C3320001A70FAF7F8
:105EF000A5FB02232B702068211DFFF7A1FF2200C4
:105F0000012300204832137047340A3A137053704B
:105F10009370D370137153719371D3711372237093
:105F20002B7070BDF0B5040002223C3425780300CC
:105F30001000012D26D01D003D352A701B68124E21
:105F40005A689868B34203D1104F3A404F683A43B9
:105F50007027BA430F683A435A60B34209D080228F
:105F6000D205934205D00A4A934202D0094A93428D
:105F700004D1802290438A68104398600123002056
:105F80002B702070F0BDC046002C0140FFFF0FFFBA
:105F90000004004000400140704770477047000017
:105FA00030B5EFF31084012282F31088C025016818
:105FB0000B68AB430B6084F31088EFF3108182F31E
:105FC00010880268044C93682340936081F3108822
:105FD00020238830036030BDFFFF7FFF30B5EFF333
:105FE0001084012282F310880168134D0B682B4046
:105FF0000B6084F31088EFF3108182F3108802683D
:106000000E4C93682340936081F31088C36E012B7C
:106010000AD1EFF3108183F310881024026813680B
:10602000A343136081F31088030020228C331A608D
:106030000023C366436730BDDFFEFFFFFEFFFFEFB7
:10604000704770477047704770B5846A2300883383
:106050001A685D6823689B681B0608D5212A06D14B
:1060600023000022563320001A80FFF799FF23688F
:106070009B685B0608D5222D06D1230000225E33E3
:1060800020001A80FFF7AAFF220010239032116827
:1060900020000B431360FFF7D6FF70BD806A00231A
:1060A000020010B55E321380083A1380FFF7CBFF71
:1060B00010BD0000F7B50168C14DCB6904000A6846
:1060C00088682B4210D120252B4200D19BE08026EE
:1060D000760515400640354300D194E0636F2000FB
:1060E000002B00D085E085E0B64D05400095B64D0B
:1060F000009E1540354300D185E0250001269035EE
:10610000334205D0D70503D50E622F683E432E607B
:10611000022633420CD0C7070AD527000E629037FB
:106120003E680197B446042667463E43019F3E60A1
:10613000042633420CD0C7070AD527000E629037D9
:106140003E680197B446022667463E43019F3E6083
:106150000826B446334209D02027009E1740374313
:1061600004D066460E622F683E432E6080263601BC
:10617000334206D0570104D50E6220212E683143E8
:1061800029602968002935D020210B420AD08023BC
:106190005B0511400340194304D0636F002B01D00D
:1061A0002000984722682B684027966828223E40A6
:1061B000134020001E4322D0FFF710FF23689B6886
:1061C0003B4218D0EFF31081012383F310882500A0
:1061D00004CD9368BB43936081F31088E86F002877
:1061E00009D07A4B8363FEF791FD002802D0E86F57
:1061F000836B9847F7BD2000FFF725FFFAE7FFF70D
:1062000022FF2E60F6E7E56E012D00D09FE01026FC
:10621000334200D19BE0324200D198E00E6289689F
:1062200040230A001A40194257D0211DCA6F106836
:10623000426892B2002ADDD027005C373F8897423F
:10624000D8D927005E373A80026820208446104063
:1062500000906046024232D1EFF3108785F3108838
:1062600020685B4E02683240026087F31088EFF3CB
:10627000108785F3108820688268AA43826087F3BC
:106280001088EFF3108785F31088206882689A439E
:10629000826087F31088230062468C331A60009B6B
:1062A000E366EFF3108085F3108822680F351368DA
:1062B000AB43136080F31088C86FFEF7EDFC022338
:1062C0002200236723005C325E331B881188C91AC1
:1062D00089B22000F8F752FF8CE7230020005C33DE
:1062E0005E301988038800889BB2002800D181E7BE
:1062F000C91A89B2002900D17CE7EFF3108785F332
:1063000010882068334E03683340036087F3108899
:10631000EFF3108785F3108820682F4E8368334091
:10632000836087F31088230020208C331860E26696
:106330006267EFF3108085F31088102522681368D8
:10634000AB43136080F3108802232367C1E78025E5
:106350006D032B4206D0460204D520000D6200F0EA
:10636000E7FB47E780210B4207D080252D04114031
:106370002840014301D0A36FB1E640210B4216D063
:106380000A4214D0EFF31080012383F310882268AF
:1063900013688B43136080F3108823002022883316
:1063A0001A6000232000A367FFF74AFE22E71902C4
:1063B00014D5510012D5200000F0BCFB1AE7C046EE
:1063C0000F08000001000010200100049D6001087A
:1063D000FFFEFFFFDFFEFFFFFEFFFFEFDB0100D44C
:1063E00008E7002A00DB05E7200000F0A2FB01E738
:1063F0000123806A10B50367C36E012B06D1030029
:106400005C3319884908F8F7B9FE10BDFFF71AFE8A
:10641000FBE7000003001B6820221B6870B5190011
:10642000806A1140134234D103005E331980EFF3C8
:106430001085012383F3108804681D4E21683140C4
:10644000216085F31088EFF3108583F310880468CA
:10645000A1689943A16085F31088EFF3108483F35A
:106460001088402501688B68AB438B6084F31088EB
:1064700003008C331A60C36E012B0AD1EFF3108135
:1064800083F31088102402681368A343136081F318
:10649000108800230367C36E012B05D103005C3312
:1064A0001988F8F76BFE70BDFFF7CBFDFBE7C04620
:1064B000FFFEFFFFF8B504002569A26823682A43A0
:1064C00065691968C0692A43734D024329400A432C
:1064D0001A605A687149A5690A40E1680A4370491F
:1064E0005A608B4201D0226A15439A686D4E324041
:1064F0002A430F259A60DA6AAA43656A2A43DA6258
:10650000694A934225D1694B5A6D03231A4080236F
:106510001B02022A00D1BBE0032A00D1B2E0012A0B
:1065200000D1A8E0984200D17DE0FFF723F90028D0
:1065300045D0626A5E4B5200D15AF1F7F7FD6568AB
:106540006B08C0182900F1F7F1FD0200594B103A11
:1065500064E0594A934212D10C22544B5B6D1340B4
:10656000082B00D192E005D8002B00D081E08023D9
:106570001B02D7E70C2B00D182E0012020E04F4A1C
:106580009342F4D04E4A9342F1D08B42F5D1C022CF
:106590008021464B12015B6D090113408B4215D0DF
:1065A00004D8002B07D1FFF7E5F806E09342E4D1C9
:1065B000802636020BE0FEF7EFFF061E07D1002013
:1065C000404BA36600236367A367F8BD3E4E626A33
:1065D000374B5200D75A30003900F1F7A7FD03239B
:1065E00065686B438342C8D82B038342C5D300231D
:1065F0003A0030001900F1F787FF0027060E0B0262
:10660000334302026E0892197B41100019002A00E0
:106610003B00F1F779FF2D4BC2182D4B9A42ACD8B5
:106620002368D860CBE7FFF7A5F80028C7D0626AD7
:106630001F4B5200D15AF1F779FD656840006B0895
:10664000C0182900F1F772FD02001A4B103A9A4265
:1066500000D992E70F23020000079A4393B2400F3C
:1066600022680343D360AAE71748E0E7FEF794FFE8
:106670005DE780231B029842F8D1FEF78DFFD4E737
:1066800080231B029842D2D0180052E780231B02BD
:106690009842E9D00C484CE7F369FFCFFFCFFFFFEA
:1066A00000800040FFF4FF1100380140001002405C
:1066B0007E8D0108EFFF00000044004000480040CC
:1066C000004C0040010001000024F40000FDFFFF29
:1066D000FFFC0F00836A30B5DA0706D50168284C45
:1066E0004A682240C46A22434A609A0706D5016874
:1066F000244C4A682240046B22434A605A0706D55C
:106700000168214C4A682240446B22434A601A07C0
:1067100006D501681D4C4A682240846B22434A60BA
:10672000DA0606D501681A4C8A682240C46B2243F7
:106730008A609A0606D50168164C8A682240046C65
:1067400022438A605A0610D50168134D4A68446C8A
:106750002A4022434A6080225203944205D14A686B
:106760000E4C2240846C22434A601B0606D5026808
:106770000B4953680B40C16C0B43536030BDC0469E
:10678000FFFFFDFFFFFFFEFFFFFFFBFFFF7FFFFFA0
:10679000FFEFFFFFFFDFFFFFFFFFEFFFFFFF9FFFA9
:1067A000FFFFF7FFF8B504000D0017001E00226878
:1067B000D3692B405B1B59424B41BB4201D00020A7
:1067C00029E0069B0133F3D0FEF722F9069B801BDC
:1067D000984201D8002B1FD1EFF31080012282F3E1
:1067E00010882168204D0B682B400B6080F31088C7
:1067F000EFF3108082F3108821688B6893438B60DD
:1068000080F3108823001F3288331A605A600023F7
:10681000032084342370F8BD23681A685207C6D554
:106820008022D96912011142C1D01A62EFF310809F
:10683000012282F3108821680B4D0B682B400B60FE
:1068400080F31088EFF3108082F3108821688B6842
:1068500093438B6080F310882200202388321360DA
:1068600053609360D3E7C0465FFEFFFFF0B51700AB
:10687000020087B088320593136804000D000220DF
:10688000202B45D10138002942D0002F40D0802351
:10689000A1685B01994204D12369002B01D1054213
:1068A00036D12300002690331E6021231360FEF7AB
:1068B000AFF8230054331F80023303931F808023DB
:1068C000A26804905B019A4204D12369B34201D1CA
:1068D0002E001D00230056331B889AB2002B0CD1CA
:1068E000059B402100932000049BFFF75BFF0028DD
:1068F0000DD12023883423600AE0059B00220093F9
:1069000080212000049BFFF74DFF002802D00320C8
:1069100007B0F0BD2268002D0BD133880236DB05AD
:10692000DB0D9362039B039A1B88013B9BB2138090
:10693000D0E72B7801359362F4E70000030073B5CC
:106940000026040090331E60FEF762F823680500FD
:106950001B681B0719D423681B685B070AD58021B5
:10696000104B0022009320002B00C903FFF71AFFF1
:10697000002815D1220000202023883213605360A4
:10698000E0662067843420700BE08021054B3200E4
:106990000093890303002000FFF704FF0028DAD0EA
:1069A000032076BDFFFFFF01F8B5130002000600CB
:1069B00005005C3281650F00138022210022903691
:1069C0008C3532602960011D0400C86F904213D0DD
:1069D0001D498263C1621D493A0001631C4941633C
:1069E00021682431FEF710F9002805D0102301207A
:1069F0003360DB182B60F8BD2369002B0BD0EFF35D
:106A00001081012383F310882268FF331068034349
:106A1000136081F31088EFF31080012383F3108853
:106A200021688A681A438A6080F31088EFF3108126
:106A300083F3108822683F3390680343936081F3A7
:106A400010880020D7E7C04615640108F1630108EB
:106A500049600108F7B50700436E04006A37002B50
:106A600004D10120388068342080F7BD03680B4EC4
:106A70009A689B680A4D5B0FF05CE95CC00001926C
:106A8000F1F7DEFB019B38801B015B0FF05CE95CDA
:106A9000C000F1F7D5FB80B2E5E7C0469E8D010846
:106AA000968D0108F7B504000E001D000192002824
:106AB00001D10120FEBD070088373B68002B04D1BF
:106AC000020084321370F9F72DFE2423012122687D
:106AD0003B60136820008B431360FFF7EBFC012839
:106AE000E7D0A36A002B02D02000FFF7F3FD80223D
:106AF0002368D20199682D040A439A609A680A496A
:106B000020000A4032439A60019A51050D431A68E9
:106B100006490A40154301221D6019680A431A609C
:106B2000FFF70CFFC6E7C046FF7FFFFFFFFF00FC3B
:106B3000704770477047000070B5040084342278B5
:106B400003000220012A11D01D00242201268835CD
:106B50002A601A6811681068B04310600448014048
:106B600000205866202311602B60207070BDC04645
:106B7000FFFFFFDFF8B5050084350B0029780222FE
:106B8000012915D0060001210468883622323260BE
:106B9000276822688A432260A168C900C90819438E
:106BA000A160FFF757FF20230022276033602A707F
:106BB0001000F8BDF8B5050084350A0029780223D5
:106BC000012915D00600012104688836223333607C
:106BD000276823688B432360A168064B1940114343
:106BE000A160FFF737FF20232760336000232B705D
:106BF0001800F8BDFFFFFFF103008C331B6870B570
:106C000004000220202B02D1002901D1012070BDF7
:106C1000002AFBD08020A56801234001854204D1D1
:106C20002069002801D11942F0D1E3660023200039
:106C30002367FFF7B9FE0028E9D1E26E012AE5D10A
:106C4000102321680B62EFF3108182F31088226811
:106C500014682343136081F31088D8E710B5034B01
:106C60000100186800F030F810BDC0466402002032
:106C700010B5034B0100186800F0EEFC10BDC046D3
:106C80006402002070B50F4E0D0031680400002929
:106C900002D100F00DFC30602900200000F008FC5B
:106CA000431C03D101256D42280070BD0323C51C80
:106CB0009D43A842F8D0291A200000F0F9FB0130CA
:106CC000F2D1EFE7F8670020F7B50322CB1C93431E
:106CD000083305001F000C2B34D20C27B94233D8DF
:106CE000280000F071F8374E33681C00002C2FD1BB
:106CF00039002800FFF7C6FF0400431C5FD1346849
:106D00000094009B002B4AD1002C52D0236828000D
:106D1000E3180099019300F0CBFB019B834248D11B
:106D200023682800FF1A3900FFF7ACFF013040D07C
:106D30002368DB19236033685A68002A33D1009B2B
:106D4000336019E0002BC9DA0C232B600020FEBD54
:106D50002168C91B20D40B290AD9E2192760A34254
:106D600004D1326063681160536005E05A60F9E74E
:106D70006268A3420ED13260280000F02DF8200096
:106D800007220B30231D9043C21A9842DFD01B1AF2
:106D9000A350DCE75A60EFE723006468A6E7009C95
:106DA00063680093ADE71A005B68A342FBD1002340
:106DB000DAE70C2328002B6000F00EF8C6E7076026
:106DC000DAE7C046FC67002010B5024800F0C1FBBE
:106DD00010BDC0464069002010B5024800F0BAFB63
:106DE00010BDC04640690020114B70B51D680400FD
:106DF0002B6B002B16D11820FFF730FF021E2863E3
:106E000004D146210B4B0C4800F008FC0B4B002131
:106E100003600B4B43600B4B83600B23838101208A
:106E20001061516100222B6B1C615A6170BDC0461C
:106E3000640200209F8C0108B68C01080E33CDAB94
:106E400034126DE6ECDE0500164B10B51C68236BA2
:106E5000002B16D11820FFF701FF021E206304D17A
:106E60005221114B114800F0D9FB114B0021036056
:106E7000104B4360104B83600B2383810120106112
:106E80005161246B0D4A206961690D4BF1F75CFB80
:106E900001220023801859412061616148004008A7
:106EA00010BDC046640200209F8C0108B68C01080A
:106EB0000E33CDAB34126DE6ECDE05002D7F954C24
:106EC0002DF4515830B50024022B09D092080359F3
:106ED0000D59013A05510B510434002AF7DC30BD3D
:106EE000035D0D5D05550B550134131B002BF7DCBD
:106EF000F5E7F8B50F00160004001D0098473100B3
:106F000000280DDA3800A847002802DA3C002000EB
:106F1000F8BD31002000A8470028F8DA3400F6E771
:106F20003800A8470028F1DC31002000A8470028DD
:106F3000F4DAECE7F0B599B000900393009B1700EA
:106F400013430222080001929B0704D13B1F1A0041
:106F5000531E9A410192002304933C00009B44433A
:106F6000DB190293009B1B190693062828D8029B65
:106F7000069A93420CD3049B002B00D020E119B059
:106F8000F0BD3A0029002000019BFFF79BFF0FE0B6
:106F9000029C0EE0E51B21002800039B9847002877
:106FA0000ADD019B002BECD123682A6822602B604C
:106FB0002C00009BA342EDD3029BDB190293D6E782
:106FC00046087E43009BE41B9E191C19072821D00C
:106FD00022000593282817D9C5087D4359194A1955
:106FE000039B0098FFF785FF31007219039B059002
:106FF000701BFFF77EFF06006800201A2200039B2B
:107000004119FFF776FF02003100039B0598FFF757
:1070100070FF0600019B002B23D1009B32681B6888
:1070200000990A60336000232600029D07930595AE
:10703000A54233D828000099039B984700282BDCF1
:107040000DD1019B002B13D1059B2A681B68059964
:107050000A602B60059BDB19059301230793ED194B
:10706000E6E73A003100019B0098FFF72BFFDAE7D3
:107070003A002900019B0598FFF724FFEAE7002862
:1070800009D1019B002B13D1236832682260336041
:107090000123F61B0793E41BAC4210D2079B002B85
:1070A00040D1029B069A934200D364E7029C32E0EF
:1070B0003A0031002000019BFFF704FFE8E72000C1
:1070C0000099039B98470028D9DA019B002B05D132
:1070D0002B6822682A602360E41BBEE73A00210087
:1070E0002800019BFFF7EEFEF6E73A00290020009A
:1070F000019BFFF7E7FE0DE0E51B21002800039B45
:10710000984700280ADD019B002BEED123682A68EE
:1071100022602B602C00009BA342EDD3029BDB1965
:107120000293BEE7059B009AEB1A0293059B9A1AFD
:10713000029B9A4200DD1A00002A04D0019B0098AD
:10714000A91AFFF7BFFE069B341B9A1BD21BA24253
:1071500000D92200002A05D0069B2800991A019B1D
:10716000FFF7B0FE069B029E1D1BB44205D823000C
:1071700034001E002B00009D0093BE422BD9049BBF
:10718000072B11D808AADB009D5039009B1820005E
:107190001D00F0F7CBFF049B68600133390030001D
:1071A0000493F0F7C3FFD8E639003000F0F7BEFFD4
:1071B0003A000100039B0098FFF7BCFEBC420DD8CB
:1071C000049B08AA013B0493DB009A58009208AA8A
:1071D0009B185868C1E6BC4200D8CCE639002000B4
:1071E000F0F7A4FF0095B8E6002310B50400036093
:1071F0004360836081814366C2810361436183612F
:10720000190008225C3000F011F90B4B2462636214
:107210000A4BA3620A4BE3620A4B23630A4B9C426C
:1072200005D00A4B9C4202D0094B9C4203D120005E
:10723000583000F08DF910BD717301089973010881
:10724000D1730108FD730108006800206868002000
:10725000D068002010B5034A0349044800F06CF8D8
:1072600010BDC04658020020F977010868020020CE
:1072700041680B4B10B50400994201D000F0BCFAF4
:10728000A168084B994202D0200000F0B5FAE168ED
:10729000054B994202D0200000F0AEFA10BDC04666
:1072A0000068002068680020D068002010B5094BF5
:1072B000094A04211A6009480022FFF795FF0122BC
:1072C00009210748FFF790FF022212210548FFF726
:1072D0008BFF10BD3869002055720108006800203E
:1072E00068680020D068002010B5024800F031F92D
:1072F00010BDC0464169002010B5024800F02AF9CF
:1073000010BDC0464169002010B50400FFF7ECFF36
:10731000236A002B02D0FFF7EFFF10BD044B23625E
:10732000044B1B68002BF6D1FFF7C0FFF3E7C04604
:107330007172010838690020F7B51400002600902A
:107340000191A5686768013F04D52468002CF8D135
:107350003000FEBDAB89012B08D90E22AB5E013394
:1073600004D029000098019B984706436835EAE756
:1073700070B50C000E25495F00F086F8002803DB8D
:10738000636D1B18636570BDA389024A1340A38116
:10739000F9E7C046FFEFFFFFF8B51F008B89050036
:1073A0000C001600DB0505D50E23C95E0022022362
:1073B00000F056F8A389054A28001340A381320043
:1073C0000E23E15E3B0000F085F8F8BDFFEFFFFF04
:1073D00070B50C000E25495F00F042F8A389421CED
:1073E00003D1054A1340A38170BD8022520113438B
:1073F000A3816065F8E7C046FFEFFFFF10B50E23DD
:10740000C95E00F01BF810BD10B5884202D98B1878
:10741000984208D300239A4207D0CC5CC45401336D
:10742000F9E78B5C8354013AFBD210BD030082184C
:10743000934200D1704719700133F9E7002370B50A
:10744000064D040008002B60F9F7DCFC431C03D157
:107450002B68002B00D0236070BDC0463C69002023
:1074600070B50400080011001A000023054D2B60C0
:10747000F9F7D2FC431C03D12B68002B00D023600A
:1074800070BDC0463C69002070B5040008001100C2
:107490001A000023054D2B60F9F79AFC431C03D119
:1074A0002B68002B00D0236070BDC0463C690020D3
:1074B000002370B5064D040008002B60F9F7AEFC00
:1074C000431C03D12B68002B00D0236070BDC04645
:1074D0003C69002070B50400080011001A00002368
:1074E000054D2B60F9F781FC431C03D12B68002B61
:1074F00000D0236070BDC0463C690020014B186875
:107500007047C0466402002070B500260C4C0D4D3B
:10751000641BA410A64209D1002601F0F3FA0A4C1C
:107520000A4D641BA410A64205D170BDB300EB58F0
:1075300098470136EEE7B300EB5898470136F2E77B
:10754000F08D0108F08D0108F48D0108F08D01081F
:10755000704770477047002310B59A4200D110BDA4
:10756000CC5CC4540133F8E7F8B50D0017006B008C
:10757000274A5B0D9A180E0004000100132A21DC33
:10758000002A07DA0022EE0FF3073A607B60290039
:107590002000F8BD1F48104103002B40234305D1B4
:1075A000F60F3C607D601C00F507F0E78643002283
:1075B0003300200029003A607B60F3F70FFC0400E1
:1075C0000D00E4E7332A15DD29003C607D6000F002
:1075D0004FF900280AD122002B0020002900F2F7E1
:1075E00017F904000D003C607D60D0E7EE0F002429
:1075F000F507CCE70120084A40429B18D840030019
:1076000023402042CCD081432B000A00D1E7C04662
:1076100001FCFFFFFFFF0F00EDFBFFFF7FB5140034
:107620001A00094B05001B680E00D868074B002C98
:1076300001D1074B1C000749019302942B000096CF
:1076400000F006F900F044F9640200200E8D0108F4
:10765000498D01081B8D010870B505000C1E10D066
:10766000043C2368002B00DAE4182800FFF7ACFB89
:107670001D4A1368002B05D1636014602800FFF7D2
:10768000ABFB70BDA34208D9206821188B42F3D10F
:1076900019685B6809182160EEE71A005B68002B27
:1076A00001D0A342F9D911685018A0420BD120682B
:1076B0000918501811608342E0D118685B684118BE
:1076C00011605360DAE7A04202D90C232B60D5E7A2
:1076D000206821188B4203D119685B680918216062
:1076E00063605460CAE7C046FC670020F7B50C220F
:1076F0008B5E05000C001A0756D44A68002A02DC8B
:107700000A6C002A4EDDE76A002F4BD00022802051
:107710002E682A601A004001216A0240034233D0D9
:10772000626DA3895B0706D56368D21A636B002B71
:1077300001D0236CD21A00232800E76A216AB847D7
:10774000A289431C06D129681D2946D8294BCB4064
:10775000DB0742D50023636023692360D20405D58B
:10776000431C02D12B68002B00D16065616B2E6039
:10777000002917D023004433994202D02800FFF794
:107780006BFF002363630DE001232800B84702006C
:10779000431CC6D12B68002BC3D01D2B01D0162B48
:1077A0001AD12E6000201EE00E69002EFAD00F685C
:1077B0000E60BA1B019200229B0700D14A69A260A9
:1077C000019B002BEEDDA36A32001F002800019B05
:1077D000216AB847002807DCA2894023012013430F
:1077E0001BB2A3814042FEBD019B36181B1A0193B8
:1077F000E6E7C046010040200B6970B505000C00AB
:10780000002B02D10025280070BD002804D0036A97
:10781000002B01D1FFF778FD0C22A35E002BF1D0E5
:10782000626ED20704D49B0502D4A06DFFF791FECF
:1078300028002100FFF75AFF636E0500DB07E2D442
:10784000A3899B05DFD4A06DFFF784FEDBE7000072
:107850000EB417B5054C05AB04CB010020680193AD
:1078600000F064F81EBC08BC03B018476402002096
:107870000B0070B50400020001001C430220002C24
:1078800006D080200006834203D14B1E9941881CFC
:1078900070BD0C48590049080B4C0E180420A64234
:1078A000F6D9802401386403A342F1D380252D0644
:1078B0005D19A542ECD3054C0020A142E8D150420D
:1078C0005041E5E70000F0FFFFFFDF7F0000F07FA1
:1078D000062010B500F08CFB0120F9F773FA9368CD
:1078E00010B5013B9360002B04DA9469A34207DBD7
:1078F0000A2905D01368581C10601970080010BDC3
:1079000000F0ACFA0100F9E7F8B506000F0014002A
:10791000D518AC4201D1002007E021783A003000B0
:10792000FFF7DDFF0134431CF3D1F8BDF0B5A1B082
:107930000F0015001E000390002804D0036A002BDE
:1079400001D1FFF7E1FC7B6EDB0705D4BB899B050A
:1079500002D4B86DFFF7FDFDBB891B0702D53B695B
:10796000002B13D13900039800F0BAFA00280DD08B
:107970007B6EDB0703D50120404221B0F0BDBB89FF
:107980009B05F8D4B86DFFF7E5FDF4E7002308ACDC
:107990006361203363761033A37607962E00337825
:1079A000002B01D0252B48D1731B0593AE420BD081
:1079B0002A0039000398FFF7A7FF013000D1AEE09D
:1079C0006369059A9B1863613378002B00D1A6E0A8
:1079D000012200235242626004A954325218751CDD
:1079E0002360E360A3601370A365594B0522180060
:1079F0002978059300F01CFB6E1C00281FD122681B
:107A0000D30604D5532304A95B182021197013074A
:107A100004D5532304A95B182B2119702B782A2B2A
:107A200016D02E0000210A20E3683278751C303A07
:107A3000092A50D9002911D117E00136AFE7059B7B
:107A40002268C01A01238340134335002360CCE72A
:107A5000079B191D1B680791002B01DB0B9304E0AA
:107A60005B42E36002231343236033782E2B0CD157
:107A700073782A2B34D1079B02361A1D1B68079294
:107A8000002B01DA01235B420993324D03222800C7
:107A9000317800F0CDFA002806D04023401B834007
:107AA0002268013613432360317806222A48751C68
:107AB000217600F0BDFA002840D0284B002B22D1BF
:107AC0000722079B07339343083307936369049A9C
:107AD0009B18636162E743432E0001219B18A4E7D2
:107AE00000230A201900013663603278751C303A91
:107AF000092A03D9002BC8D00991C6E741432E00BB
:107B000001238918F1E707AA009221003A00144BDB
:107B1000039800E000BF0490049B0133D6D17B6E34
:107B2000DB0705D4BB899B0502D4B86DFFF712FDB6
:107B3000BB895B0600D51EE70D981EE707AA0092D9
:107B400021003A00064B039800F07CF8E3E7C046BA
:107B50004A8D0108508D0108548D01080000000075
:107B600009790108F7B5160001938A680B690C00C2
:107B70000090934200DA13002200336043321278FF
:107B8000002A01D00133336023689B0602D5336895
:107B9000023333602268062315001D401A4227D0A5
:107BA000230043331B785A1E93412268920630D437
:107BB000220001990098089D4332A847013025D042
:107BC0000622236800251340042B05D13368E5689D
:107BD000ED1AEB43DB171D40A3682269934201DDD8
:107BE0009B1AED180026B54220D1002010E0013587
:107BF000E36832689B1AAB42D2DD2200012301996F
:107C00000098089F1932B8470130F0D10120404256
:107C1000FEBD3020E1184331087021005A1C453167
:107C20000978A218433202331170C1E72200012300
:107C300001990098089F1A32B8470130E6D0013602
:107C4000D1E70000F0B58BB006920A0043320793EB
:107C5000059003920A7E0C00109B782A09D8622AAC
:107C60000BD8002A00D1BAE07A490491582A00D1F1
:107C70008EE0250042352A7022E010006338152876
:107C8000F7D8F0F749FA16001F00F6FFF6FFF6FFE7
:107C9000F6FF1F00F6FFF6FFF6FFF6FF9F00360027
:107CA0007E00F6FFF6FFB000F6FF3600F6FFF6FFA7
:107CB000820025001A684235111D196013682B7067
:107CC00001239EE018680968021D0D060BD50668A1
:107CD0001A60002E03DA2D23039A764213705D4B4F
:107CE0000A27049318E006681A604906F1D536B2EF
:107CF000EFE70868196840C9050602D4400600D5B8
:107D0000B6B21960534B0A2704936F2A00D1023F81
:107D10002300002243331A706368A360002B06DB44
:107D200004212268039D8A43226033430CD0039DC3
:107D300030003900F0F780FA049B013D5B5C2B704A
:107D4000330006009F42F3D9082F09D12368DB07CF
:107D500006D5626823699A4202DC3023013D2B700C
:107D6000039B5B1B2361079B210000930598069BE7
:107D700009AAFFF7F7FE013048D1012040420BB0BD
:107D8000F0BD202209680A4322607822324904911A
:107D9000210045310A701968226840C9100602D4D2
:107DA000500600D5B6B21960D30702D5202313437D
:107DB0002360002E01D01027AAE7202223689343D6
:107DC0002360F8E71A680D68101D49691860136888
:107DD0002E0601D5196002E06D06FBD5198000233F
:107DE000039D2361BFE71A68111D19601568002102
:107DF0002800626800F01CF9002801D0401B606078
:107E0000636823610023039A1370ACE72A00236997
:107E100006990598079DA8470130AED023689B07B7
:107E200015D4099BE0689842A9DA1800A7E7220058
:107E3000012306990598079E1932B04701309CD05E
:107E40000135E368099A9B1AAB42F0DCE9E70025AB
:107E5000F7E7C0465B8D01086C8D0108F8B5060098
:107E60000D001400002804D0036A002B01D1FFF795
:107E70004BFAA369A360A3891B0702D52369002BD2
:107E800009D12100300000F02BF8002803D0012593
:107E90006D422800F8BD23692068EFB2C01A6369FB
:107EA000EDB2834205DC21003000FFF7A5FC00287D
:107EB000EDD1A3680130013BA36023685A1C226006
:107EC0001F706369834204D0A389DB07E1D50A2DC3
:107ED000DFD121003000FFF78FFC0028D9D0D6E792
:107EE0002D4B70B5050018680C00002804D0036AFB
:107EF000002B01D1FFF708FA0C22A35E1A0723D446
:107F0000DA0607D409222A60402201201343A38104
:107F100040423AE05B0713D5616B002908D023008B
:107F20004433994202D02800FFF796FB0023636395
:107F30002422A3899343A3810023636023692360E0
:107F40000823A2891343A3812369002B0BD1A0210D
:107F50008022A389890092000B40934203D0210024
:107F6000280000F09BF80C22A35E01211A000A40B1
:107F70000B420BD00022A26062695242A261002033
:107F80002269824201D11A06BED470BD990700D47D
:107F90006269A260F3E7C0466402002070B5040085
:107FA0000D001F2904D9162303600120404270BD33
:107FB000C36B002B04D08A009B181A68002A08D1D2
:107FC000200000F031F82A000100200000F01AF82B
:107FD000EDE7012A09D0511C03D1162303600120CB
:107FE000E5E700212800196090470020DFE7000046
:107FF00010B5034B01001868FFF7D0FF10BDC04655
:1080000064020020002370B5064D04000800110032
:108010002B60F8F7CFFE431C03D12B68002B00D058
:10802000236070BD3C69002010B5F8F7C1FE10BD9B
:10803000C9B28218904201D10020704703788B4268
:10804000FBD00130F6E7000070B50E001D000E23D6
:10805000C95E140096B000290CDAB28980231100A1
:1080600019401A4214D18023DB00002029602360CC
:1080700016B070BD6A4600F053F80028EDDBF0231F
:1080800001991B021940044BC9184B425941EAE7B8
:1080900000214023E9E7C04600E0FFFFF0B50226DB
:1080A0008B8905000C0085B0334207D0230047338D
:1080B000236023610123636105B0F0BD03AB02AA15
:1080C000FFF7C2FF029F019039002800FEF7FCFD78
:1080D000002808D10C22A35E9A05EDD40322934315
:1080E0001E43A681E2E78023A28920601343A38177
:1080F000039B20616761002B0CD028000E23E15EFA
:1081000000F020F8002805D00323A2899A43023BFF
:108110001343A381A389019A1343A381CCE70000F1
:10812000002370B5064D0400080011002B60F8F71D
:108130006CFE431C03D12B68002B00D0236070BD64
:108140003C690020002370B5064D040008002B6038
:10815000F8F760FE431C03D12B68002B00D023608E
:1081600070BDC0463C690020F8B504000D0000F069
:1081700081F906000F002000290000F089F800288E
:108180000DD0200029000F4A0F4BF0F76FF900289F
:1081900008D0FFF7B3F9222300260C4F036030000C
:1081A0003900F8BD20002900094A0A4BF0F74AF9C6
:1081B0000028F4D0FFF7A2F922230026002703604D
:1081C000EDE7C046EF39FAFE422E86400000F07F10
:1081D00051302DD5104987C0F8B504000D0000F0CE
:1081E000B1FA220006000F002B0020002900F3F74F
:1081F000FFF9002815D10022002320002900F0F704
:1082000035F900280DD10022002320002900F0F7C5
:1082100013F9002808D0FFF771F922230026074F31
:10822000036030003900F8BDFFF768F921230360CF
:10823000034800F035F806000F00F2E70000F0FFF9
:10824000498D0108F8B504000D0000F02FF8220058
:1082500006000F002B0020002900F3F7C9F90028C1
:1082600013D10022002320002900F0F7EBF80028AA
:108270000BD0FFF743F921230022036000231000F5
:108280001900F1F78BFE06000F0030003900F8BD31
:10829000024B48004008C018C00F70470000108013
:1082A000002001497047C0460000F87FF0B50A0081
:1082B0000D006B4904000300080087B02840884285
:1082C00011D122002B0020002900F2F7A1FA0200B0
:1082D0000B0020002900F1F79BFA04000D0020009C
:1082E000290007B0F0BD002D11DC690049082143C9
:1082F000F5D00020854210D022002B00200029005C
:10830000F2F76CFD02000B00F1F748FEE5E72815D7
:1083100015D180240021640307E0DA0A15385B05D3
:10832000002AFAD0F5E7520001312242FBD04C1E60
:10833000001B20241D00641AE5408B402A43494954
:10834000120344188021120B49031143C00703D4C0
:10835000DA0F490051185B000025621049008024A3
:108360000592DA0F5218162029005B00A4030E199B
:10837000964202DC3119921B2D19DE0F5200013892
:1083800092195B0064080028F1D1202680270400A0
:1083900004963F063E18B4468A4202DC14D19E423F
:1083A00012D860466646C0190091002E03DAC64313
:1083B000F60F8E190096521A634589414942521AA6
:1083C00061465B1A0099E419DE0F52009219049E6F
:1083D0005B00013E7F080496002EDBD11A431FD0BC
:1083E000214E224F306871683A687B680092019391
:1083F0003268736802920393009A019BF2F7EEFCD5
:1084000002000B0002980399F0F726F8002807D025
:10841000306871683A687B68671C0CD1049C013530
:10842000134A6B109B18059AED0764081205254343
:108430002800D11851E7F1F7EBF9776836680200A8
:108440000B0030003900EFF7FDFF002804D00234A4
:1084500063426341ED18E3E7012301349C43DFE706
:108460000000F07F01FCFFFFB08D0108A88D01081E
:108470000000E03FF0B54B000F00CC0F9149060023
:1084800089B05B088B422ED98F498B4211D93B03AF
:108490001B0B034306D002003B0030003900F1F70C
:1084A000B7F910E0002C00D009E13000390009B024
:1084B000F0BD3900854A864BEFF7D8FF051E05D081
:1084C000002000F017FB06000F00EEE73000390037
:1084D000804A814BEFF7B6FF002800D17DE02800ED
:1084E00000F001FBEFE77D4A934200D89EE07C4A12
:1084F000934272D87B4BE5005B191A685B683900C0
:10850000F2F76CFC784B029003915B191A685B6878
:1085100004920593012363401B1B0193049A059B5E
:1085200002980399F2F75AFC06000F0032003B0054
:1085300030003900F2F76CF904000D006B4A6C4B07
:10854000F2F766F96B4A6C4BF2F748FC22002B00FD
:10855000F2F75EF9694A6A4BF1F75AF922002B00EB
:10856000F2F756F9674A684BF2F738FC22002B0005
:10857000F2F74EF9654A664BF1F74AF922002B00F3
:10858000F2F746F902000B0030003900F2F726FC42
:108590000B00020004000D0030003900F2F738F93A
:1085A000019B06900791002B56D1802300222000CA
:1085B0002900DB05F2F712FC02000B000698079970
:1085C000F1F7ECFC32003B00F2F708FC02000B0074
:1085D00000205049F2F702FC75E74F4BE4001C19EC
:1085E0004E4A4F4B30003900F2F712F922686368A7
:1085F000F1F70EF9F3F71EF80190F3F757F8494A2F
:10860000494B04000D00F2F703F902000B003000A3
:108610003900F2F7E3FB454A02900391444B2000F6
:108620002900F2F7F5F80490059177E7414A934263
:108630000DD8414A414B3900F1F7EAF80022354B99
:10864000EFF714FF002805D00022324B25E7002366
:1086500001936BE7019069E780212B002200002045
:10866000C905F2F7BBFB02000B0006980799F1F76A
:1086700095FC02000B0004980599F2F7AFFB029AF3
:10868000039BF2F7ABFB02000B0000202149F2F73D
:10869000A5FB2B4B019A0D009A4203DB1105060046
:1086A0004F1902E7FA2292009446019B002263448C
:1086B0001B055918B8235B04F2F7AAF803E7002654
:1086C0000027F2E6412E8640FFFFEF7FEF39FAFEEA
:1086D000422E864051302DD5104987C0422ED63FBC
:1086E000B1A2F03FC88D0108B88D0108D0A4BE72B8
:1086F0006937663EF16BD2C541BDBB3E2CDE25AF6E
:108700006A56113F93BDBE166CC1663F3E55555526
:108710005555C53F0000F03FD88D0108FE822B65FE
:108720004715F73F0000E0FE422EE63F763C7935E4
:10873000EF39EA3DFFFFEF3D9C7500883CE4377E52
:1087400003FCFFFF8023F0B55B030E008DB0994260
:1087500023DA4B005B08034307D1002200230020EB
:10876000B449F1F71BFC0DB0F0BD002906DA020098
:108770000B00F2F733FB00220023F2E7AE4B00229E
:10878000F2F746F836230E005B42AC4A964206DD0D
:1087900002000B00F1F73CF8E5E70023F5E7A84CF1
:1087A000321512193603A74CD218330B02931B193A
:1087B000802464032340A44C029D5C401B159B183D
:1087C00025430022009329009F4BF2F707FB029BF1
:1087D000060002331B030F0000221B0B022B64DC7C
:1087E0000023EFF729FE002819D0009B002B00D1B1
:1087F0001CE11800F2F75AFF944A954B04000D0053
:10880000F2F706F8934A06000F00934B2000290068
:10881000F1F7FEFF02000B0030003900BAE78F4A83
:108820008F4B30003900F1F7F3FF02000B000020FE
:108830008C49F2F7D3FA320004000D003B003000FF
:108840003900F1F7E5FF0B00020029002000F1F7E5
:10885000DFFF009B02900391002B06D102000B006A
:1088600030003900F2F7BAFA7DE70098F2F71EFF00
:10887000764A774B04000D00F1F7CAFF754A009065
:108880000191754B20002900F1F7C2FF02000B0097
:1088900002980399F2F7A2FA32003B00F2F79EFA2F
:1088A00002000B0000980199DCE78023DB05F0F75C
:1088B000AFFF02000B0030003900F1F76FFB0490AE
:1088C00005910098F2F7F2FE049A059B0690079135
:1088D00010001900F1F79CFF634A029B9446634421
:1088E00002000B930B0008900991F1F791FF04002F
:1088F0000D005E4A5E4BF1F78BFF5E4A5E4BF0F770
:1089000087FF22002B00F1F783FF5C4A5C4BF0F7F6
:108910007FFF22002B00F1F77BFF5A4A5A4BF0F7FA
:1089200077FF089A099BF1F773FF584A089009915D
:10893000574B20002900F1F76BFF564A564BF0F7D2
:1089400067FF22002B00F1F763FF544A544BF0F706
:108950005FFF22002B00F1F75BFF02000B0008987D
:108960000999F0F755FF029A4E4B04009B1A0B9A97
:108970000D001343002B34DD00223A4B3000390048
:10898000F1F746FF32003B00F1F742FF02000B0017
:108990000290039120002900F0F73AFF049A059B0A
:1089A000F1F736FF009B04000D00002B06D10200FA
:1089B0000B0002980399F2F711FA4FE7234A244B70
:1089C00006980799F1F724FF224A00900191069832
:1089D0000799214BF1F71CFF22002B00F0F718FF3D
:1089E00054E702000B0030003900F2F7F7F9049A5F
:1089F000059BF1F70DFF009B04000D00002B02D139
:108A000002000B002CE7114A114B06980799F1F769
:108A1000FFFE104A00900191069807990E4BF1F75E
:108A2000F7FE02000B002000290033E700200021A0
:108A300099E6C046000050C300005043FFFFEF7F9F
:108A400001FCFFFF645F09000000F03F0000E0FE52
:108A5000422EE63F763C7935EF39EA3D555555557E
:108A60005555D53F0000E03F86EBF9FF44523EDF0D
:108A700012F1C23FDE03CB966446C73F599322945E
:108A80002449D23F935555555555E53F9FC678D05B
:108A9000099AC33FAF788E1DC571CC3F04FA9799F0
:108AA0009999D93F51B8060070B50D001600040021
:108AB000FEF724FD29000660200070BD37B51400C4
:108AC0001D00002802D0802109065B180092019346
:108AD000009A019B20002900F1F79AFE2222FFF75D
:108AE000E3FF03B030BD802310B500225B05FFF724
:108AF000E5FF10BDE02310B50022DB05FFF7DEFF28
:108B000010BD0000F8B5C046F8BC08BC9E467047D2
:0C8B1000F8B5C046F8BC08BC9E46704793
:108B2000A089B0E1E995B23FECC039234A7BC33F4D
:108B30000A68226C787ACD3FB81E85EB51B8DE3FCB
:108B4000000000000000F03F0F9C33A2B437F93F53
:108B50008A1F63EE5A420140A54E4013614306400E
:108B6000EF38454772790940000000003F8000005F
:108B700000000000228D00084E8C0008388C000890
:108B8000B48C0008388C0008E88C0008388C000889
:108B9000B48C00084E8C00084E8C0008E88C00084D
:108BA000B48C0008248C0008248C0008248C000855
:108BB000F28C00084E8C00084E8C0008388C00089F
:108BC0008E8D0008388C0008E88C0008388C00086E
:108BD0008E8D00084E8C00084E8C0008E88C000832
:108BE0008E8D0008248C0008248C0008248C00083A
:108BF000D0A100088EA000086CA0000858A00008B2
:108C00006CA0000872A100086CA0000858A0000821
:108C10008EA000088EA0000872A1000858A00008CD
:108C200050A0000850A0000850A0000894A100081F
:108C30000000000000000000000000000000000034
:108C4000010000000200000003000000040000001A
:108C50000000000000000000000000000000000014
:108C60000000000000000000000000000000000004
:108C700001000000020000000300000004000000EA
:108C800006000000070000000800000009000000C6
:108C900053544D5F31302E31302E31384352005213
:108CA00045454E54206D616C6C6F63207375636332
:108CB0006565646564002F6275696C642F676E7505
:108CC0002D746F6F6C732D666F722D73746D3332EC
:108CD0005F31332E332E72656C312E3230323430A8
:108CE0003932362D313731352F7372632F6E6577F8
:108CF0006C69622F6E65776C69622F6C6962632F95
:108D00007374646C69622F72616E642E63002C2030
:108D100066756E6374696F6E3A2000617373657275
:108D200074696F6E2022257322206661696C656408
:108D30003A2066696C6520222573222C206C696EAE
:108D400065202564257325730A00232D302B200010
:108D5000686C4C00656667454647003031323334F5
:108D60003536373839414243444546003031323395
:108D70003435363738396162636465660000010056
:108D800002000400060008000A000C001000200089
:108D900040008000000108040204080101010101F3
:108DA000010307010000000059F3F8C21F6EA5017E
:108DB000000000000000F03F763C7935EF39EA3DD5
:108DC000763C7935EF39EABD0000E0FE422EE63F01
:108DD0000000E0FE422EE6BF000000000000E03F81
:088DE000000000000000E0BFEC
:088DE80028F8FE7F01000000E5
:048DF000E580000812
:048DF400BD80000836
:108DF8000000000000002E400000000000002E408F
:108E08000E2DB29DEFFF58400000000000002E40DC
:108E18000000000000002E402100000009000000B2
:108E28000100000000040050200000000004005071
:108E38001000000000080050001000000000005062
:108E4800000800000004005008000000000C00505A
:108E58000400000000080050002000000008005036
:108E68000008000000080050000200000008005040
:108E78000004000000080050000100000004005039
:108E880004000000000C0050010000000000005029
:108E9800040000000000005008000000000C005012
:108EA80000010000000C005000020000000C0050FF
:108EB80040000000000C005020000000000400509A
:108EC8000080000000040050004000000004005032
:108ED80000200000000400500010000000040050B2
:108EE80000080000000400500004000000040050C6
:108EF80000020000000400500001000000080050BB
:108F080080000000000800504000000000080050E9
:108F18002000000000080050100000000008005069
:108F2800080000000008005004000000000800507D
:108F380002000000000800500100000001010000CC
:108F48000024F400000000000F00000008000000EA
:108F58000000000000003E400000000000406F409C
:108F680000000000000000400000000000C0924027
:108F7800000000000000894001000000000100001E
:108F880001000000000000000000000000000000D8
:108F98000F000000070000000000000000004E4025
:108FA8000000000000005440000000000000F03FF6
:108FB8000000000000F891400000000000E085403B
:108FC8000100000000010000010000000000000096
:108FD8000000000000000000010101000200000084
:108FE8000101000000000000000000000000000077
:108FF8000000000000C092400000000000488C40C3
:109008000900000009000000010000000F00000036
:1090180000000000003071400000000000D08640D1
:109028000000000000005940000000000000594006
:109038000000000000D08640010000000100000090
:10904800010B010004000000000000000300000004
:10905800006800206802002000000000006800206E
:1090680068680020D06800200000000000000000B0
:1090780000000000000000000000000000000000E8
:1090880000000000000000000000000000000000D8
:1090980000000000000000000000000000000000C8
:0490A80000000000C4
:040000050801492D78
:00000001FF
